query,category,intent,city,region_code,top_n,pages_to_scan,target_topic,query_focus,positive_page_pattern,negative_page_traps
ветеринарная клиника Москва,veterinary_clinic,commercial,Москва,213,10,1,ветеринарные услуги для домашних животных,ветеринарная клиника в городе Москва,"страница именно про ветеринарные услуги для домашних животных с понятным ответом на запрос, условиями, доказательствами, контактами или подробным информационным раскрытием",зоомагазин без врачей; новости про животных; человеческая клиника; страница с коммерческими словами без совпадения ядра запроса; качественный сайт из другой тематики
ветеринарная клиника цена,veterinary_clinic,commercial,,,10,1,ветеринарные услуги для домашних животных,стоимость: ветеринарная клиника,"страница именно про ветеринарные услуги для домашних животных с понятным ответом на запрос, условиями, доказательствами, контактами или подробным информационным раскрытием",зоомагазин без врачей; новости про животных; человеческая клиника; страница с коммерческими словами без совпадения ядра запроса; качественный сайт из другой тематики
ветеринарная клиника отзывы,veterinary_clinic,comparison,,,10,1,ветеринарные услуги для домашних животных,отзывы и выбор: ветеринарная клиника,"страница именно про ветеринарные услуги для домашних животных с понятным ответом на запрос, условиями, доказательствами, контактами или подробным информационным раскрытием",зоомагазин без врачей; новости про животных; человеческая клиника; страница с коммерческими словами без совпадения ядра запроса; качественный сайт из другой тематики
как выбрать ветеринарная клиника,veterinary_clinic,informational,,,10,1,ветеринарные услуги для домашних животных,выбор по критериям: ветеринарная клиника,"страница именно про ветеринарные услуги для домашних животных с понятным ответом на запрос, условиями, доказательствами, контактами или подробным информационным раскрытием",зоомагазин без врачей; новости про животных; человеческая клиника; страница с коммерческими словами без совпадения ядра запроса; качественный сайт из другой тематики
ветеринарная клиника с гарантией,veterinary_clinic,commercial,,,10,1,ветеринарные услуги для домашних животных,гарантия и условия: ветеринарная клиника,"страница именно про ветеринарные услуги для домашних животных с понятным ответом на запрос, условиями, доказательствами, контактами или подробным информационным раскрытием",зоомагазин без врачей; новости про животных; человеческая клиника; страница с коммерческими словами без совпадения ядра запроса; качественный сайт из другой тематики
ветеринарная клиника для бизнеса,veterinary_clinic,commercial,,,10,1,ветеринарные услуги для домашних животных,решение для бизнеса: ветеринарная клиника,"страница именно про ветеринарные услуги для домашних животных с понятным ответом на запрос, условиями, доказательствами, контактами или подробным информационным раскрытием",зоомагазин без врачей; новости про животных; человеческая клиника; страница с коммерческими словами без совпадения ядра запроса; качественный сайт из другой тематики
ветеринарная клиника под ключ,veterinary_clinic,commercial,,,10,1,ветеринарные услуги для домашних животных,комплексная услуга: ветеринарная клиника,"страница именно про ветеринарные услуги для домашних животных с понятным ответом на запрос, условиями, доказательствами, контактами или подробным информационным раскрытием",зоомагазин без врачей; новости про животных; человеческая клиника; страница с коммерческими словами без совпадения ядра запроса; качественный сайт из другой тематики
ветеринарная клиника рядом,veterinary_clinic,commercial,Москва,213,10,1,ветеринарные услуги для домашних животных,локальный поиск: ветеринарная клиника,"страница именно про ветеринарные услуги для домашних животных с понятным ответом на запрос, условиями, доказательствами, контактами или подробным информационным раскрытием",зоомагазин без врачей; новости про животных; человеческая клиника; страница с коммерческими словами без совпадения ядра запроса; качественный сайт из другой тематики
ветеринарная клиника консультация,veterinary_clinic,commercial,,,10,1,ветеринарные услуги для домашних животных,консультация по теме: ветеринарная клиника,"страница именно про ветеринарные услуги для домашних животных с понятным ответом на запрос, условиями, доказательствами, контактами или подробным информационным раскрытием",зоомагазин без врачей; новости про животных; человеческая клиника; страница с коммерческими словами без совпадения ядра запроса; качественный сайт из другой тематики
лучшие ветеринарная клиника,veterinary_clinic,comparison,,,10,1,ветеринарные услуги для домашних животных,сравнение вариантов: ветеринарная клиника,"страница именно про ветеринарные услуги для домашних животных с понятным ответом на запрос, условиями, доказательствами, контактами или подробным информационным раскрытием",зоомагазин без врачей; новости про животных; человеческая клиника; страница с коммерческими словами без совпадения ядра запроса; качественный сайт из другой тематики
груминг собак Санкт-Петербург,pet_grooming,commercial,Санкт-Петербург,2,10,1,груминг и уход за животными,груминг собак в городе Санкт-Петербург,"страница именно про груминг и уход за животными с понятным ответом на запрос, условиями, доказательствами, контактами или подробным информационным раскрытием",ветаптека; продажа кормов; статьи без записи к мастеру; страница с коммерческими словами без совпадения ядра запроса; качественный сайт из другой тематики
груминг собак цена,pet_grooming,commercial,,,10,1,груминг и уход за животными,стоимость: груминг собак,"страница именно про груминг и уход за животными с понятным ответом на запрос, условиями, доказательствами, контактами или подробным информационным раскрытием",ветаптека; продажа кормов; статьи без записи к мастеру; страница с коммерческими словами без совпадения ядра запроса; качественный сайт из другой тематики
груминг собак отзывы,pet_grooming,comparison,,,10,1,груминг и уход за животными,отзывы и выбор: груминг собак,"страница именно про груминг и уход за животными с понятным ответом на запрос, условиями, доказательствами, контактами или подробным информационным раскрытием",ветаптека; продажа кормов; статьи без записи к мастеру; страница с коммерческими словами без совпадения ядра запроса; качественный сайт из другой тематики
как выбрать груминг собак,pet_grooming,informational,,,10,1,груминг и уход за животными,выбор по критериям: груминг собак,"страница именно про груминг и уход за животными с понятным ответом на запрос, условиями, доказательствами, контактами или подробным информационным раскрытием",ветаптека; продажа кормов; статьи без записи к мастеру; страница с коммерческими словами без совпадения ядра запроса; качественный сайт из другой тематики
груминг собак с гарантией,pet_grooming,commercial,,,10,1,груминг и уход за животными,гарантия и условия: груминг собак,"страница именно про груминг и уход за животными с понятным ответом на запрос, условиями, доказательствами, контактами или подробным информационным раскрытием",ветаптека; продажа кормов; статьи без записи к мастеру; страница с коммерческими словами без совпадения ядра запроса; качественный сайт из другой тематики
груминг собак для бизнеса,pet_grooming,commercial,,,10,1,груминг и уход за животными,решение для бизнеса: груминг собак,"страница именно про груминг и уход за животными с понятным ответом на запрос, условиями, доказательствами, контактами или подробным информационным раскрытием",ветаптека; продажа кормов; статьи без записи к мастеру; страница с коммерческими словами без совпадения ядра запроса; качественный сайт из другой тематики
груминг собак под ключ,pet_grooming,commercial,,,10,1,груминг и уход за животными,комплексная услуга: груминг собак,"страница именно про груминг и уход за животными с понятным ответом на запрос, условиями, доказательствами, контактами или подробным информационным раскрытием",ветаптека; продажа кормов; статьи без записи к мастеру; страница с коммерческими словами без совпадения ядра запроса; качественный сайт из другой тематики
груминг собак рядом,pet_grooming,commercial,Санкт-Петербург,2,10,1,груминг и уход за животными,локальный поиск: груминг собак,"страница именно про груминг и уход за животными с понятным ответом на запрос, условиями, доказательствами, контактами или подробным информационным раскрытием",ветаптека; продажа кормов; статьи без записи к мастеру; страница с коммерческими словами без совпадения ядра запроса; качественный сайт из другой тематики
груминг собак консультация,pet_grooming,commercial,,,10,1,груминг и уход за животными,консультация по теме: груминг собак,"страница именно про груминг и уход за животными с понятным ответом на запрос, условиями, доказательствами, контактами или подробным информационным раскрытием",ветаптека; продажа кормов; статьи без записи к мастеру; страница с коммерческими словами без совпадения ядра запроса; качественный сайт из другой тематики
лучшие груминг собак,pet_grooming,comparison,,,10,1,груминг и уход за животными,сравнение вариантов: груминг собак,"страница именно про груминг и уход за животными с понятным ответом на запрос, условиями, доказательствами, контактами или подробным информационным раскрытием",ветаптека; продажа кормов; статьи без записи к мастеру; страница с коммерческими словами без совпадения ядра запроса; качественный сайт из другой тематики
частная школа Екатеринбург,private_school,commercial,Екатеринбург,54,10,1,частное школьное образование,частная школа в городе Екатеринбург,"страница именно про частное школьное образование с понятным ответом на запрос, условиями, доказательствами, контактами или подробным информационным раскрытием",курсы для взрослых; государственный портал; новости образования; страница с коммерческими словами без совпадения ядра запроса; качественный сайт из другой тематики
частная школа цена,private_school,commercial,,,10,1,частное школьное образование,стоимость: частная школа,"страница именно про частное школьное образование с понятным ответом на запрос, условиями, доказательствами, контактами или подробным информационным раскрытием",курсы для взрослых; государственный портал; новости образования; страница с коммерческими словами без совпадения ядра запроса; качественный сайт из другой тематики
частная школа отзывы,private_school,comparison,,,10,1,частное школьное образование,отзывы и выбор: частная школа,"страница именно про частное школьное образование с понятным ответом на запрос, условиями, доказательствами, контактами или подробным информационным раскрытием",курсы для взрослых; государственный портал; новости образования; страница с коммерческими словами без совпадения ядра запроса; качественный сайт из другой тематики
как выбрать частная школа,private_school,informational,,,10,1,частное школьное образование,выбор по критериям: частная школа,"страница именно про частное школьное образование с понятным ответом на запрос, условиями, доказательствами, контактами или подробным информационным раскрытием",курсы для взрослых; государственный портал; новости образования; страница с коммерческими словами без совпадения ядра запроса; качественный сайт из другой тематики
частная школа с гарантией,private_school,commercial,,,10,1,частное школьное образование,гарантия и условия: частная школа,"страница именно про частное школьное образование с понятным ответом на запрос, условиями, доказательствами, контактами или подробным информационным раскрытием",курсы для взрослых; государственный портал; новости образования; страница с коммерческими словами без совпадения ядра запроса; качественный сайт из другой тематики
частная школа для бизнеса,private_school,commercial,,,10,1,частное школьное образование,решение для бизнеса: частная школа,"страница именно про частное школьное образование с понятным ответом на запрос, условиями, доказательствами, контактами или подробным информационным раскрытием",курсы для взрослых; государственный портал; новости образования; страница с коммерческими словами без совпадения ядра запроса; качественный сайт из другой тематики
частная школа под ключ,private_school,commercial,,,10,1,частное школьное образование,комплексная услуга: частная школа,"страница именно про частное школьное образование с понятным ответом на запрос, условиями, доказательствами, контактами или подробным информационным раскрытием",курсы для взрослых; государственный портал; новости образования; страница с коммерческими словами без совпадения ядра запроса; качественный сайт из другой тематики
частная школа рядом,private_school,commercial,Екатеринбург,54,10,1,частное школьное образование,локальный поиск: частная школа,"страница именно про частное школьное образование с понятным ответом на запрос, условиями, доказательствами, контактами или подробным информационным раскрытием",курсы для взрослых; государственный портал; новости образования; страница с коммерческими словами без совпадения ядра запроса; качественный сайт из другой тематики
частная школа консультация,private_school,commercial,,,10,1,частное школьное образование,консультация по теме: частная школа,"страница именно про частное школьное образование с понятным ответом на запрос, условиями, доказательствами, контактами или подробным информационным раскрытием",курсы для взрослых; государственный портал; новости образования; страница с коммерческими словами без совпадения ядра запроса; качественный сайт из другой тематики
лучшие частная школа,private_school,comparison,,,10,1,частное школьное образование,сравнение вариантов: частная школа,"страница именно про частное школьное образование с понятным ответом на запрос, условиями, доказательствами, контактами или подробным информационным раскрытием",курсы для взрослых; государственный портал; новости образования; страница с коммерческими словами без совпадения ядра запроса; качественный сайт из другой тематики
частный детский сад Казань,kindergarten,commercial,Казань,43,10,1,частные детские сады и дошкольное развитие,частный детский сад в городе Казань,"страница именно про частные детские сады и дошкольное развитие с понятным ответом на запрос, условиями, доказательствами, контактами или подробным информационным раскрытием",игрушки; вакансии воспитателя; статья без сада; страница с коммерческими словами без совпадения ядра запроса; качественный сайт из другой тематики
частный детский сад цена,kindergarten,commercial,,,10,1,частные детские сады и дошкольное развитие,стоимость: частный детский сад,"страница именно про частные детские сады и дошкольное развитие с понятным ответом на запрос, условиями, доказательствами, контактами или подробным информационным раскрытием",игрушки; вакансии воспитателя; статья без сада; страница с коммерческими словами без совпадения ядра запроса; качественный сайт из другой тематики
частный детский сад отзывы,kindergarten,comparison,,,10,1,частные детские сады и дошкольное развитие,отзывы и выбор: частный детский сад,"страница именно про частные детские сады и дошкольное развитие с понятным ответом на запрос, условиями, доказательствами, контактами или подробным информационным раскрытием",игрушки; вакансии воспитателя; статья без сада; страница с коммерческими словами без совпадения ядра запроса; качественный сайт из другой тематики
как выбрать частный детский сад,kindergarten,informational,,,10,1,частные детские сады и дошкольное развитие,выбор по критериям: частный детский сад,"страница именно про частные детские сады и дошкольное развитие с понятным ответом на запрос, условиями, доказательствами, контактами или подробным информационным раскрытием",игрушки; вакансии воспитателя; статья без сада; страница с коммерческими словами без совпадения ядра запроса; качественный сайт из другой тематики
частный детский сад с гарантией,kindergarten,commercial,,,10,1,частные детские сады и дошкольное развитие,гарантия и условия: частный детский сад,"страница именно про частные детские сады и дошкольное развитие с понятным ответом на запрос, условиями, доказательствами, контактами или подробным информационным раскрытием",игрушки; вакансии воспитателя; статья без сада; страница с коммерческими словами без совпадения ядра запроса; качественный сайт из другой тематики
частный детский сад для бизнеса,kindergarten,commercial,,,10,1,частные детские сады и дошкольное развитие,решение для бизнеса: частный детский сад,"страница именно про частные детские сады и дошкольное развитие с понятным ответом на запрос, условиями, доказательствами, контактами или подробным информационным раскрытием",игрушки; вакансии воспитателя; статья без сада; страница с коммерческими словами без совпадения ядра запроса; качественный сайт из другой тематики
частный детский сад под ключ,kindergarten,commercial,,,10,1,частные детские сады и дошкольное развитие,комплексная услуга: частный детский сад,"страница именно про частные детские сады и дошкольное развитие с понятным ответом на запрос, условиями, доказательствами, контактами или подробным информационным раскрытием",игрушки; вакансии воспитателя; статья без сада; страница с коммерческими словами без совпадения ядра запроса; качественный сайт из другой тематики
частный детский сад рядом,kindergarten,commercial,Казань,43,10,1,частные детские сады и дошкольное развитие,локальный поиск: частный детский сад,"страница именно про частные детские сады и дошкольное развитие с понятным ответом на запрос, условиями, доказательствами, контактами или подробным информационным раскрытием",игрушки; вакансии воспитателя; статья без сада; страница с коммерческими словами без совпадения ядра запроса; качественный сайт из другой тематики
частный детский сад консультация,kindergarten,commercial,,,10,1,частные детские сады и дошкольное развитие,консультация по теме: частный детский сад,"страница именно про частные детские сады и дошкольное развитие с понятным ответом на запрос, условиями, доказательствами, контактами или подробным информационным раскрытием",игрушки; вакансии воспитателя; статья без сада; страница с коммерческими словами без совпадения ядра запроса; качественный сайт из другой тематики
лучшие частный детский сад,kindergarten,comparison,,,10,1,частные детские сады и дошкольное развитие,сравнение вариантов: частный детский сад,"страница именно про частные детские сады и дошкольное развитие с понятным ответом на запрос, условиями, доказательствами, контактами или подробным информационным раскрытием",игрушки; вакансии воспитателя; статья без сада; страница с коммерческими словами без совпадения ядра запроса; качественный сайт из другой тематики
логопед для ребенка Новосибирск,speech_therapy,commercial,Новосибирск,65,10,1,логопедические занятия для детей,логопед для ребенка в городе Новосибирск,"страница именно про логопедические занятия для детей с понятным ответом на запрос, условиями, доказательствами, контактами или подробным информационным раскрытием",медицинский справочник; онлайн-курс для логопедов; детский магазин; страница с коммерческими словами без совпадения ядра запроса; качественный сайт из другой тематики
логопед для ребенка цена,speech_therapy,commercial,,,10,1,логопедические занятия для детей,стоимость: логопед для ребенка,"страница именно про логопедические занятия для детей с понятным ответом на запрос, условиями, доказательствами, контактами или подробным информационным раскрытием",медицинский справочник; онлайн-курс для логопедов; детский магазин; страница с коммерческими словами без совпадения ядра запроса; качественный сайт из другой тематики
логопед для ребенка отзывы,speech_therapy,comparison,,,10,1,логопедические занятия для детей,отзывы и выбор: логопед для ребенка,"страница именно про логопедические занятия для детей с понятным ответом на запрос, условиями, доказательствами, контактами или подробным информационным раскрытием",медицинский справочник; онлайн-курс для логопедов; детский магазин; страница с коммерческими словами без совпадения ядра запроса; качественный сайт из другой тематики
как выбрать логопед для ребенка,speech_therapy,informational,,,10,1,логопедические занятия для детей,выбор по критериям: логопед для ребенка,"страница именно про логопедические занятия для детей с понятным ответом на запрос, условиями, доказательствами, контактами или подробным информационным раскрытием",медицинский справочник; онлайн-курс для логопедов; детский магазин; страница с коммерческими словами без совпадения ядра запроса; качественный сайт из другой тематики
логопед для ребенка с гарантией,speech_therapy,commercial,,,10,1,логопедические занятия для детей,гарантия и условия: логопед для ребенка,"страница именно про логопедические занятия для детей с понятным ответом на запрос, условиями, доказательствами, контактами или подробным информационным раскрытием",медицинский справочник; онлайн-курс для логопедов; детский магазин; страница с коммерческими словами без совпадения ядра запроса; качественный сайт из другой тематики
логопед для ребенка для бизнеса,speech_therapy,commercial,,,10,1,логопедические занятия для детей,решение для бизнеса: логопед для ребенка,"страница именно про логопедические занятия для детей с понятным ответом на запрос, условиями, доказательствами, контактами или подробным информационным раскрытием",медицинский справочник; онлайн-курс для логопедов; детский магазин; страница с коммерческими словами без совпадения ядра запроса; качественный сайт из другой тематики
логопед для ребенка под ключ,speech_therapy,commercial,,,10,1,логопедические занятия для детей,комплексная услуга: логопед для ребенка,"страница именно про логопедические занятия для детей с понятным ответом на запрос, условиями, доказательствами, контактами или подробным информационным раскрытием",медицинский справочник; онлайн-курс для логопедов; детский магазин; страница с коммерческими словами без совпадения ядра запроса; качественный сайт из другой тематики
логопед для ребенка рядом,speech_therapy,commercial,Новосибирск,65,10,1,логопедические занятия для детей,локальный поиск: логопед для ребенка,"страница именно про логопедические занятия для детей с понятным ответом на запрос, условиями, доказательствами, контактами или подробным информационным раскрытием",медицинский справочник; онлайн-курс для логопедов; детский магазин; страница с коммерческими словами без совпадения ядра запроса; качественный сайт из другой тематики
логопед для ребенка консультация,speech_therapy,commercial,,,10,1,логопедические занятия для детей,консультация по теме: логопед для ребенка,"страница именно про логопедические занятия для детей с понятным ответом на запрос, условиями, доказательствами, контактами или подробным информационным раскрытием",медицинский справочник; онлайн-курс для логопедов; детский магазин; страница с коммерческими словами без совпадения ядра запроса; качественный сайт из другой тематики
лучшие логопед для ребенка,speech_therapy,comparison,,,10,1,логопедические занятия для детей,сравнение вариантов: логопед для ребенка,"страница именно про логопедические занятия для детей с понятным ответом на запрос, условиями, доказательствами, контактами или подробным информационным раскрытием",медицинский справочник; онлайн-курс для логопедов; детский магазин; страница с коммерческими словами без совпадения ядра запроса; качественный сайт из другой тематики
психолог онлайн Москва,psychologist,commercial,Москва,213,10,1,психологические консультации,психолог онлайн в городе Москва,"страница именно про психологические консультации с понятным ответом на запрос, условиями, доказательствами, контактами или подробным информационным раскрытием",психологические тесты; книги; вакансии психолога; страница с коммерческими словами без совпадения ядра запроса; качественный сайт из другой тематики
психолог онлайн цена,psychologist,commercial,,,10,1,психологические консультации,стоимость: психолог онлайн,"страница именно про психологические консультации с понятным ответом на запрос, условиями, доказательствами, контактами или подробным информационным раскрытием",психологические тесты; книги; вакансии психолога; страница с коммерческими словами без совпадения ядра запроса; качественный сайт из другой тематики
психолог онлайн отзывы,psychologist,comparison,,,10,1,психологические консультации,отзывы и выбор: психолог онлайн,"страница именно про психологические консультации с понятным ответом на запрос, условиями, доказательствами, контактами или подробным информационным раскрытием",психологические тесты; книги; вакансии психолога; страница с коммерческими словами без совпадения ядра запроса; качественный сайт из другой тематики
как выбрать психолог онлайн,psychologist,informational,,,10,1,психологические консультации,выбор по критериям: психолог онлайн,"страница именно про психологические консультации с понятным ответом на запрос, условиями, доказательствами, контактами или подробным информационным раскрытием",психологические тесты; книги; вакансии психолога; страница с коммерческими словами без совпадения ядра запроса; качественный сайт из другой тематики
психолог онлайн с гарантией,psychologist,commercial,,,10,1,психологические консультации,гарантия и условия: психолог онлайн,"страница именно про психологические консультации с понятным ответом на запрос, условиями, доказательствами, контактами или подробным информационным раскрытием",психологические тесты; книги; вакансии психолога; страница с коммерческими словами без совпадения ядра запроса; качественный сайт из другой тематики
психолог онлайн для бизнеса,psychologist,commercial,,,10,1,психологические консультации,решение для бизнеса: психолог онлайн,"страница именно про психологические консультации с понятным ответом на запрос, условиями, доказательствами, контактами или подробным информационным раскрытием",психологические тесты; книги; вакансии психолога; страница с коммерческими словами без совпадения ядра запроса; качественный сайт из другой тематики
психолог онлайн под ключ,psychologist,commercial,,,10,1,психологические консультации,комплексная услуга: психолог онлайн,"страница именно про психологические консультации с понятным ответом на запрос, условиями, доказательствами, контактами или подробным информационным раскрытием",психологические тесты; книги; вакансии психолога; страница с коммерческими словами без совпадения ядра запроса; качественный сайт из другой тематики
психолог онлайн рядом,psychologist,commercial,Москва,213,10,1,психологические консультации,локальный поиск: психолог онлайн,"страница именно про психологические консультации с понятным ответом на запрос, условиями, доказательствами, контактами или подробным информационным раскрытием",психологические тесты; книги; вакансии психолога; страница с коммерческими словами без совпадения ядра запроса; качественный сайт из другой тематики
психолог онлайн консультация,psychologist,commercial,,,10,1,психологические консультации,консультация по теме: психолог онлайн,"страница именно про психологические консультации с понятным ответом на запрос, условиями, доказательствами, контактами или подробным информационным раскрытием",психологические тесты; книги; вакансии психолога; страница с коммерческими словами без совпадения ядра запроса; качественный сайт из другой тематики
лучшие психолог онлайн,psychologist,comparison,,,10,1,психологические консультации,сравнение вариантов: психолог онлайн,"страница именно про психологические консультации с понятным ответом на запрос, условиями, доказательствами, контактами или подробным информационным раскрытием",психологические тесты; книги; вакансии психолога; страница с коммерческими словами без совпадения ядра запроса; качественный сайт из другой тематики
юридический перевод документов Санкт-Петербург,legal_translation,commercial,Санкт-Петербург,2,10,1,перевод и заверение юридических документов,юридический перевод документов в городе Санкт-Петербург,"страница именно про перевод и заверение юридических документов с понятным ответом на запрос, условиями, доказательствами, контактами или подробным информационным раскрытием",бюро юристов без перевода; словарь терминов; курсы переводчиков; страница с коммерческими словами без совпадения ядра запроса; качественный сайт из другой тематики
юридический перевод документов цена,legal_translation,commercial,,,10,1,перевод и заверение юридических документов,стоимость: юридический перевод документов,"страница именно про перевод и заверение юридических документов с понятным ответом на запрос, условиями, доказательствами, контактами или подробным информационным раскрытием",бюро юристов без перевода; словарь терминов; курсы переводчиков; страница с коммерческими словами без совпадения ядра запроса; качественный сайт из другой тематики
юридический перевод документов отзывы,legal_translation,comparison,,,10,1,перевод и заверение юридических документов,отзывы и выбор: юридический перевод документов,"страница именно про перевод и заверение юридических документов с понятным ответом на запрос, условиями, доказательствами, контактами или подробным информационным раскрытием",бюро юристов без перевода; словарь терминов; курсы переводчиков; страница с коммерческими словами без совпадения ядра запроса; качественный сайт из другой тематики
как выбрать юридический перевод документов,legal_translation,informational,,,10,1,перевод и заверение юридических документов,выбор по критериям: юридический перевод документов,"страница именно про перевод и заверение юридических документов с понятным ответом на запрос, условиями, доказательствами, контактами или подробным информационным раскрытием",бюро юристов без перевода; словарь терминов; курсы переводчиков; страница с коммерческими словами без совпадения ядра запроса; качественный сайт из другой тематики
юридический перевод документов с гарантией,legal_translation,commercial,,,10,1,перевод и заверение юридических документов,гарантия и условия: юридический перевод документов,"страница именно про перевод и заверение юридических документов с понятным ответом на запрос, условиями, доказательствами, контактами или подробным информационным раскрытием",бюро юристов без перевода; словарь терминов; курсы переводчиков; страница с коммерческими словами без совпадения ядра запроса; качественный сайт из другой тематики
юридический перевод документов для бизнеса,legal_translation,commercial,,,10,1,перевод и заверение юридических документов,решение для бизнеса: юридический перевод документов,"страница именно про перевод и заверение юридических документов с понятным ответом на запрос, условиями, доказательствами, контактами или подробным информационным раскрытием",бюро юристов без перевода; словарь терминов; курсы переводчиков; страница с коммерческими словами без совпадения ядра запроса; качественный сайт из другой тематики
юридический перевод документов под ключ,legal_translation,commercial,,,10,1,перевод и заверение юридических документов,комплексная услуга: юридический перевод документов,"страница именно про перевод и заверение юридических документов с понятным ответом на запрос, условиями, доказательствами, контактами или подробным информационным раскрытием",бюро юристов без перевода; словарь терминов; курсы переводчиков; страница с коммерческими словами без совпадения ядра запроса; качественный сайт из другой тематики
юридический перевод документов рядом,legal_translation,commercial,Санкт-Петербург,2,10,1,перевод и заверение юридических документов,локальный поиск: юридический перевод документов,"страница именно про перевод и заверение юридических документов с понятным ответом на запрос, условиями, доказательствами, контактами или подробным информационным раскрытием",бюро юристов без перевода; словарь терминов; курсы переводчиков; страница с коммерческими словами без совпадения ядра запроса; качественный сайт из другой тематики
юридический перевод документов консультация,legal_translation,commercial,,,10,1,перевод и заверение юридических документов,консультация по теме: юридический перевод документов,"страница именно про перевод и заверение юридических документов с понятным ответом на запрос, условиями, доказательствами, контактами или подробным информационным раскрытием",бюро юристов без перевода; словарь терминов; курсы переводчиков; страница с коммерческими словами без совпадения ядра запроса; качественный сайт из другой тематики
лучшие юридический перевод документов,legal_translation,comparison,,,10,1,перевод и заверение юридических документов,сравнение вариантов: юридический перевод документов,"страница именно про перевод и заверение юридических документов с понятным ответом на запрос, условиями, доказательствами, контактами или подробным информационным раскрытием",бюро юристов без перевода; словарь терминов; курсы переводчиков; страница с коммерческими словами без совпадения ядра запроса; качественный сайт из другой тематики
нотариус Екатеринбург,notary_services,commercial,Екатеринбург,54,10,1,нотариальные услуги,нотариус в городе Екатеринбург,"страница именно про нотариальные услуги с понятным ответом на запрос, условиями, доказательствами, контактами или подробным информационным раскрытием",юридический блог; банковские услуги; вакансии нотариуса; страница с коммерческими словами без совпадения ядра запроса; качественный сайт из другой тематики
нотариус цена,notary_services,commercial,,,10,1,нотариальные услуги,стоимость: нотариус,"страница именно про нотариальные услуги с понятным ответом на запрос, условиями, доказательствами, контактами или подробным информационным раскрытием",юридический блог; банковские услуги; вакансии нотариуса; страница с коммерческими словами без совпадения ядра запроса; качественный сайт из другой тематики
нотариус отзывы,notary_services,comparison,,,10,1,нотариальные услуги,отзывы и выбор: нотариус,"страница именно про нотариальные услуги с понятным ответом на запрос, условиями, доказательствами, контактами или подробным информационным раскрытием",юридический блог; банковские услуги; вакансии нотариуса; страница с коммерческими словами без совпадения ядра запроса; качественный сайт из другой тематики
как выбрать нотариус,notary_services,informational,,,10,1,нотариальные услуги,выбор по критериям: нотариус,"страница именно про нотариальные услуги с понятным ответом на запрос, условиями, доказательствами, контактами или подробным информационным раскрытием",юридический блог; банковские услуги; вакансии нотариуса; страница с коммерческими словами без совпадения ядра запроса; качественный сайт из другой тематики
нотариус с гарантией,notary_services,commercial,,,10,1,нотариальные услуги,гарантия и условия: нотариус,"страница именно про нотариальные услуги с понятным ответом на запрос, условиями, доказательствами, контактами или подробным информационным раскрытием",юридический блог; банковские услуги; вакансии нотариуса; страница с коммерческими словами без совпадения ядра запроса; качественный сайт из другой тематики
нотариус для бизнеса,notary_services,commercial,,,10,1,нотариальные услуги,решение для бизнеса: нотариус,"страница именно про нотариальные услуги с понятным ответом на запрос, условиями, доказательствами, контактами или подробным информационным раскрытием",юридический блог; банковские услуги; вакансии нотариуса; страница с коммерческими словами без совпадения ядра запроса; качественный сайт из другой тематики
нотариус под ключ,notary_services,commercial,,,10,1,нотариальные услуги,комплексная услуга: нотариус,"страница именно про нотариальные услуги с понятным ответом на запрос, условиями, доказательствами, контактами или подробным информационным раскрытием",юридический блог; банковские услуги; вакансии нотариуса; страница с коммерческими словами без совпадения ядра запроса; качественный сайт из другой тематики
нотариус рядом,notary_services,commercial,Екатеринбург,54,10,1,нотариальные услуги,локальный поиск: нотариус,"страница именно про нотариальные услуги с понятным ответом на запрос, условиями, доказательствами, контактами или подробным информационным раскрытием",юридический блог; банковские услуги; вакансии нотариуса; страница с коммерческими словами без совпадения ядра запроса; качественный сайт из другой тематики
нотариус консультация,notary_services,commercial,,,10,1,нотариальные услуги,консультация по теме: нотариус,"страница именно про нотариальные услуги с понятным ответом на запрос, условиями, доказательствами, контактами или подробным информационным раскрытием",юридический блог; банковские услуги; вакансии нотариуса; страница с коммерческими словами без совпадения ядра запроса; качественный сайт из другой тематики
лучшие нотариус,notary_services,comparison,,,10,1,нотариальные услуги,сравнение вариантов: нотариус,"страница именно про нотариальные услуги с понятным ответом на запрос, условиями, доказательствами, контактами или подробным информационным раскрытием",юридический блог; банковские услуги; вакансии нотариуса; страница с коммерческими словами без совпадения ядра запроса; качественный сайт из другой тематики
миграционный юрист Казань,migration_law,commercial,Казань,43,10,1,юридическая помощь по миграционным вопросам,миграционный юрист в городе Казань,"страница именно про юридическая помощь по миграционным вопросам с понятным ответом на запрос, условиями, доказательствами, контактами или подробным информационным раскрытием",туристическое агентство; новости миграции; форум без услуги; страница с коммерческими словами без совпадения ядра запроса; качественный сайт из другой тематики
миграционный юрист цена,migration_law,commercial,,,10,1,юридическая помощь по миграционным вопросам,стоимость: миграционный юрист,"страница именно про юридическая помощь по миграционным вопросам с понятным ответом на запрос, условиями, доказательствами, контактами или подробным информационным раскрытием",туристическое агентство; новости миграции; форум без услуги; страница с коммерческими словами без совпадения ядра запроса; качественный сайт из другой тематики
миграционный юрист отзывы,migration_law,comparison,,,10,1,юридическая помощь по миграционным вопросам,отзывы и выбор: миграционный юрист,"страница именно про юридическая помощь по миграционным вопросам с понятным ответом на запрос, условиями, доказательствами, контактами или подробным информационным раскрытием",туристическое агентство; новости миграции; форум без услуги; страница с коммерческими словами без совпадения ядра запроса; качественный сайт из другой тематики
как выбрать миграционный юрист,migration_law,informational,,,10,1,юридическая помощь по миграционным вопросам,выбор по критериям: миграционный юрист,"страница именно про юридическая помощь по миграционным вопросам с понятным ответом на запрос, условиями, доказательствами, контактами или подробным информационным раскрытием",туристическое агентство; новости миграции; форум без услуги; страница с коммерческими словами без совпадения ядра запроса; качественный сайт из другой тематики
миграционный юрист с гарантией,migration_law,commercial,,,10,1,юридическая помощь по миграционным вопросам,гарантия и условия: миграционный юрист,"страница именно про юридическая помощь по миграционным вопросам с понятным ответом на запрос, условиями, доказательствами, контактами или подробным информационным раскрытием",туристическое агентство; новости миграции; форум без услуги; страница с коммерческими словами без совпадения ядра запроса; качественный сайт из другой тематики
миграционный юрист для бизнеса,migration_law,commercial,,,10,1,юридическая помощь по миграционным вопросам,решение для бизнеса: миграционный юрист,"страница именно про юридическая помощь по миграционным вопросам с понятным ответом на запрос, условиями, доказательствами, контактами или подробным информационным раскрытием",туристическое агентство; новости миграции; форум без услуги; страница с коммерческими словами без совпадения ядра запроса; качественный сайт из другой тематики
миграционный юрист под ключ,migration_law,commercial,,,10,1,юридическая помощь по миграционным вопросам,комплексная услуга: миграционный юрист,"страница именно про юридическая помощь по миграционным вопросам с понятным ответом на запрос, условиями, доказательствами, контактами или подробным информационным раскрытием",туристическое агентство; новости миграции; форум без услуги; страница с коммерческими словами без совпадения ядра запроса; качественный сайт из другой тематики
миграционный юрист рядом,migration_law,commercial,Казань,43,10,1,юридическая помощь по миграционным вопросам,локальный поиск: миграционный юрист,"страница именно про юридическая помощь по миграционным вопросам с понятным ответом на запрос, условиями, доказательствами, контактами или подробным информационным раскрытием",туристическое агентство; новости миграции; форум без услуги; страница с коммерческими словами без совпадения ядра запроса; качественный сайт из другой тематики
миграционный юрист консультация,migration_law,commercial,,,10,1,юридическая помощь по миграционным вопросам,консультация по теме: миграционный юрист,"страница именно про юридическая помощь по миграционным вопросам с понятным ответом на запрос, условиями, доказательствами, контактами или подробным информационным раскрытием",туристическое агентство; новости миграции; форум без услуги; страница с коммерческими словами без совпадения ядра запроса; качественный сайт из другой тематики
лучшие миграционный юрист,migration_law,comparison,,,10,1,юридическая помощь по миграционным вопросам,сравнение вариантов: миграционный юрист,"страница именно про юридическая помощь по миграционным вопросам с понятным ответом на запрос, условиями, доказательствами, контактами или подробным информационным раскрытием",туристическое агентство; новости миграции; форум без услуги; страница с коммерческими словами без совпадения ядра запроса; качественный сайт из другой тематики
налоговый консультант Новосибирск,tax_consulting,commercial,Новосибирск,65,10,1,налоговые консультации для бизнеса и физлиц,налоговый консультант в городе Новосибирск,"страница именно про налоговые консультации для бизнеса и физлиц с понятным ответом на запрос, условиями, доказательствами, контактами или подробным информационным раскрытием",налоговый календарь; бухгалтерские курсы; новости ФНС; страница с коммерческими словами без совпадения ядра запроса; качественный сайт из другой тематики
налоговый консультант цена,tax_consulting,commercial,,,10,1,налоговые консультации для бизнеса и физлиц,стоимость: налоговый консультант,"страница именно про налоговые консультации для бизнеса и физлиц с понятным ответом на запрос, условиями, доказательствами, контактами или подробным информационным раскрытием",налоговый календарь; бухгалтерские курсы; новости ФНС; страница с коммерческими словами без совпадения ядра запроса; качественный сайт из другой тематики
налоговый консультант отзывы,tax_consulting,comparison,,,10,1,налоговые консультации для бизнеса и физлиц,отзывы и выбор: налоговый консультант,"страница именно про налоговые консультации для бизнеса и физлиц с понятным ответом на запрос, условиями, доказательствами, контактами или подробным информационным раскрытием",налоговый календарь; бухгалтерские курсы; новости ФНС; страница с коммерческими словами без совпадения ядра запроса; качественный сайт из другой тематики
как выбрать налоговый консультант,tax_consulting,informational,,,10,1,налоговые консультации для бизнеса и физлиц,выбор по критериям: налоговый консультант,"страница именно про налоговые консультации для бизнеса и физлиц с понятным ответом на запрос, условиями, доказательствами, контактами или подробным информационным раскрытием",налоговый календарь; бухгалтерские курсы; новости ФНС; страница с коммерческими словами без совпадения ядра запроса; качественный сайт из другой тематики
налоговый консультант с гарантией,tax_consulting,commercial,,,10,1,налоговые консультации для бизнеса и физлиц,гарантия и условия: налоговый консультант,"страница именно про налоговые консультации для бизнеса и физлиц с понятным ответом на запрос, условиями, доказательствами, контактами или подробным информационным раскрытием",налоговый календарь; бухгалтерские курсы; новости ФНС; страница с коммерческими словами без совпадения ядра запроса; качественный сайт из другой тематики
налоговый консультант для бизнеса,tax_consulting,commercial,,,10,1,налоговые консультации для бизнеса и физлиц,решение для бизнеса: налоговый консультант,"страница именно про налоговые консультации для бизнеса и физлиц с понятным ответом на запрос, условиями, доказательствами, контактами или подробным информационным раскрытием",налоговый календарь; бухгалтерские курсы; новости ФНС; страница с коммерческими словами без совпадения ядра запроса; качественный сайт из другой тематики
налоговый консультант под ключ,tax_consulting,commercial,,,10,1,налоговые консультации для бизнеса и физлиц,комплексная услуга: налоговый консультант,"страница именно про налоговые консультации для бизнеса и физлиц с понятным ответом на запрос, условиями, доказательствами, контактами или подробным информационным раскрытием",налоговый календарь; бухгалтерские курсы; новости ФНС; страница с коммерческими словами без совпадения ядра запроса; качественный сайт из другой тематики
налоговый консультант рядом,tax_consulting,commercial,Новосибирск,65,10,1,налоговые консультации для бизнеса и физлиц,локальный поиск: налоговый консультант,"страница именно про налоговые консультации для бизнеса и физлиц с понятным ответом на запрос, условиями, доказательствами, контактами или подробным информационным раскрытием",налоговый календарь; бухгалтерские курсы; новости ФНС; страница с коммерческими словами без совпадения ядра запроса; качественный сайт из другой тематики
налоговый консультант консультация,tax_consulting,commercial,,,10,1,налоговые консультации для бизнеса и физлиц,консультация по теме: налоговый консультант,"страница именно про налоговые консультации для бизнеса и физлиц с понятным ответом на запрос, условиями, доказательствами, контактами или подробным информационным раскрытием",налоговый календарь; бухгалтерские курсы; новости ФНС; страница с коммерческими словами без совпадения ядра запроса; качественный сайт из другой тематики
лучшие налоговый консультант,tax_consulting,comparison,,,10,1,налоговые консультации для бизнеса и физлиц,сравнение вариантов: налоговый консультант,"страница именно про налоговые консультации для бизнеса и физлиц с понятным ответом на запрос, условиями, доказательствами, контактами или подробным информационным раскрытием",налоговый календарь; бухгалтерские курсы; новости ФНС; страница с коммерческими словами без совпадения ядра запроса; качественный сайт из другой тематики
солнечные панели для дома Москва,solar_panels,commercial,Москва,213,10,1,подбор и установка солнечных панелей,солнечные панели для дома в городе Москва,"страница именно про подбор и установка солнечных панелей с понятным ответом на запрос, условиями, доказательствами, контактами или подробным информационным раскрытием",научная статья; фонари на солнечных батареях; магазин кабеля; страница с коммерческими словами без совпадения ядра запроса; качественный сайт из другой тематики
солнечные панели для дома цена,solar_panels,commercial,,,10,1,подбор и установка солнечных панелей,стоимость: солнечные панели для дома,"страница именно про подбор и установка солнечных панелей с понятным ответом на запрос, условиями, доказательствами, контактами или подробным информационным раскрытием",научная статья; фонари на солнечных батареях; магазин кабеля; страница с коммерческими словами без совпадения ядра запроса; качественный сайт из другой тематики
солнечные панели для дома отзывы,solar_panels,comparison,,,10,1,подбор и установка солнечных панелей,отзывы и выбор: солнечные панели для дома,"страница именно про подбор и установка солнечных панелей с понятным ответом на запрос, условиями, доказательствами, контактами или подробным информационным раскрытием",научная статья; фонари на солнечных батареях; магазин кабеля; страница с коммерческими словами без совпадения ядра запроса; качественный сайт из другой тематики
как выбрать солнечные панели для дома,solar_panels,informational,,,10,1,подбор и установка солнечных панелей,выбор по критериям: солнечные панели для дома,"страница именно про подбор и установка солнечных панелей с понятным ответом на запрос, условиями, доказательствами, контактами или подробным информационным раскрытием",научная статья; фонари на солнечных батареях; магазин кабеля; страница с коммерческими словами без совпадения ядра запроса; качественный сайт из другой тематики
солнечные панели для дома с гарантией,solar_panels,commercial,,,10,1,подбор и установка солнечных панелей,гарантия и условия: солнечные панели для дома,"страница именно про подбор и установка солнечных панелей с понятным ответом на запрос, условиями, доказательствами, контактами или подробным информационным раскрытием",научная статья; фонари на солнечных батареях; магазин кабеля; страница с коммерческими словами без совпадения ядра запроса; качественный сайт из другой тематики
солнечные панели для дома для бизнеса,solar_panels,commercial,,,10,1,подбор и установка солнечных панелей,решение для бизнеса: солнечные панели для дома,"страница именно про подбор и установка солнечных панелей с понятным ответом на запрос, условиями, доказательствами, контактами или подробным информационным раскрытием",научная статья; фонари на солнечных батареях; магазин кабеля; страница с коммерческими словами без совпадения ядра запроса; качественный сайт из другой тематики
солнечные панели для дома под ключ,solar_panels,commercial,,,10,1,подбор и установка солнечных панелей,комплексная услуга: солнечные панели для дома,"страница именно про подбор и установка солнечных панелей с понятным ответом на запрос, условиями, доказательствами, контактами или подробным информационным раскрытием",научная статья; фонари на солнечных батареях; магазин кабеля; страница с коммерческими словами без совпадения ядра запроса; качественный сайт из другой тематики
солнечные панели для дома рядом,solar_panels,commercial,Москва,213,10,1,подбор и установка солнечных панелей,локальный поиск: солнечные панели для дома,"страница именно про подбор и установка солнечных панелей с понятным ответом на запрос, условиями, доказательствами, контактами или подробным информационным раскрытием",научная статья; фонари на солнечных батареях; магазин кабеля; страница с коммерческими словами без совпадения ядра запроса; качественный сайт из другой тематики
солнечные панели для дома консультация,solar_panels,commercial,,,10,1,подбор и установка солнечных панелей,консультация по теме: солнечные панели для дома,"страница именно про подбор и установка солнечных панелей с понятным ответом на запрос, условиями, доказательствами, контактами или подробным информационным раскрытием",научная статья; фонари на солнечных батареях; магазин кабеля; страница с коммерческими словами без совпадения ядра запроса; качественный сайт из другой тематики
лучшие солнечные панели для дома,solar_panels,comparison,,,10,1,подбор и установка солнечных панелей,сравнение вариантов: солнечные панели для дома,"страница именно про подбор и установка солнечных панелей с понятным ответом на запрос, условиями, доказательствами, контактами или подробным информационным раскрытием",научная статья; фонари на солнечных батареях; магазин кабеля; страница с коммерческими словами без совпадения ядра запроса; качественный сайт из другой тематики
тепловой насос Санкт-Петербург,heat_pumps,commercial,Санкт-Петербург,2,10,1,тепловые насосы для отопления,тепловой насос в городе Санкт-Петербург,"страница именно про тепловые насосы для отопления с понятным ответом на запрос, условиями, доказательствами, контактами или подробным информационным раскрытием",насосы для воды; ремонт котлов; статья без оборудования; страница с коммерческими словами без совпадения ядра запроса; качественный сайт из другой тематики
тепловой насос цена,heat_pumps,commercial,,,10,1,тепловые насосы для отопления,стоимость: тепловой насос,"страница именно про тепловые насосы для отопления с понятным ответом на запрос, условиями, доказательствами, контактами или подробным информационным раскрытием",насосы для воды; ремонт котлов; статья без оборудования; страница с коммерческими словами без совпадения ядра запроса; качественный сайт из другой тематики
тепловой насос отзывы,heat_pumps,comparison,,,10,1,тепловые насосы для отопления,отзывы и выбор: тепловой насос,"страница именно про тепловые насосы для отопления с понятным ответом на запрос, условиями, доказательствами, контактами или подробным информационным раскрытием",насосы для воды; ремонт котлов; статья без оборудования; страница с коммерческими словами без совпадения ядра запроса; качественный сайт из другой тематики
как выбрать тепловой насос,heat_pumps,informational,,,10,1,тепловые насосы для отопления,выбор по критериям: тепловой насос,"страница именно про тепловые насосы для отопления с понятным ответом на запрос, условиями, доказательствами, контактами или подробным информационным раскрытием",насосы для воды; ремонт котлов; статья без оборудования; страница с коммерческими словами без совпадения ядра запроса; качественный сайт из другой тематики
тепловой насос с гарантией,heat_pumps,commercial,,,10,1,тепловые насосы для отопления,гарантия и условия: тепловой насос,"страница именно про тепловые насосы для отопления с понятным ответом на запрос, условиями, доказательствами, контактами или подробным информационным раскрытием",насосы для воды; ремонт котлов; статья без оборудования; страница с коммерческими словами без совпадения ядра запроса; качественный сайт из другой тематики
тепловой насос для бизнеса,heat_pumps,commercial,,,10,1,тепловые насосы для отопления,решение для бизнеса: тепловой насос,"страница именно про тепловые насосы для отопления с понятным ответом на запрос, условиями, доказательствами, контактами или подробным информационным раскрытием",насосы для воды; ремонт котлов; статья без оборудования; страница с коммерческими словами без совпадения ядра запроса; качественный сайт из другой тематики
тепловой насос под ключ,heat_pumps,commercial,,,10,1,тепловые насосы для отопления,комплексная услуга: тепловой насос,"страница именно про тепловые насосы для отопления с понятным ответом на запрос, условиями, доказательствами, контактами или подробным информационным раскрытием",насосы для воды; ремонт котлов; статья без оборудования; страница с коммерческими словами без совпадения ядра запроса; качественный сайт из другой тематики
тепловой насос рядом,heat_pumps,commercial,Санкт-Петербург,2,10,1,тепловые насосы для отопления,локальный поиск: тепловой насос,"страница именно про тепловые насосы для отопления с понятным ответом на запрос, условиями, доказательствами, контактами или подробным информационным раскрытием",насосы для воды; ремонт котлов; статья без оборудования; страница с коммерческими словами без совпадения ядра запроса; качественный сайт из другой тематики
тепловой насос консультация,heat_pumps,commercial,,,10,1,тепловые насосы для отопления,консультация по теме: тепловой насос,"страница именно про тепловые насосы для отопления с понятным ответом на запрос, условиями, доказательствами, контактами или подробным информационным раскрытием",насосы для воды; ремонт котлов; статья без оборудования; страница с коммерческими словами без совпадения ядра запроса; качественный сайт из другой тематики
лучшие тепловой насос,heat_pumps,comparison,,,10,1,тепловые насосы для отопления,сравнение вариантов: тепловой насос,"страница именно про тепловые насосы для отопления с понятным ответом на запрос, условиями, доказательствами, контактами или подробным информационным раскрытием",насосы для воды; ремонт котлов; статья без оборудования; страница с коммерческими словами без совпадения ядра запроса; качественный сайт из другой тематики
фильтр воды для дома Екатеринбург,water_filters,commercial,Екатеринбург,54,10,1,фильтры и системы очистки воды,фильтр воды для дома в городе Екатеринбург,"страница именно про фильтры и системы очистки воды с понятным ответом на запрос, условиями, доказательствами, контактами или подробным информационным раскрытием",доставка воды; анализ воды без фильтров; сантехника; страница с коммерческими словами без совпадения ядра запроса; качественный сайт из другой тематики
фильтр воды для дома цена,water_filters,commercial,,,10,1,фильтры и системы очистки воды,стоимость: фильтр воды для дома,"страница именно про фильтры и системы очистки воды с понятным ответом на запрос, условиями, доказательствами, контактами или подробным информационным раскрытием",доставка воды; анализ воды без фильтров; сантехника; страница с коммерческими словами без совпадения ядра запроса; качественный сайт из другой тематики
фильтр воды для дома отзывы,water_filters,comparison,,,10,1,фильтры и системы очистки воды,отзывы и выбор: фильтр воды для дома,"страница именно про фильтры и системы очистки воды с понятным ответом на запрос, условиями, доказательствами, контактами или подробным информационным раскрытием",доставка воды; анализ воды без фильтров; сантехника; страница с коммерческими словами без совпадения ядра запроса; качественный сайт из другой тематики
как выбрать фильтр воды для дома,water_filters,informational,,,10,1,фильтры и системы очистки воды,выбор по критериям: фильтр воды для дома,"страница именно про фильтры и системы очистки воды с понятным ответом на запрос, условиями, доказательствами, контактами или подробным информационным раскрытием",доставка воды; анализ воды без фильтров; сантехника; страница с коммерческими словами без совпадения ядра запроса; качественный сайт из другой тематики
фильтр воды для дома с гарантией,water_filters,commercial,,,10,1,фильтры и системы очистки воды,гарантия и условия: фильтр воды для дома,"страница именно про фильтры и системы очистки воды с понятным ответом на запрос, условиями, доказательствами, контактами или подробным информационным раскрытием",доставка воды; анализ воды без фильтров; сантехника; страница с коммерческими словами без совпадения ядра запроса; качественный сайт из другой тематики
фильтр воды для дома для бизнеса,water_filters,commercial,,,10,1,фильтры и системы очистки воды,решение для бизнеса: фильтр воды для дома,"страница именно про фильтры и системы очистки воды с понятным ответом на запрос, условиями, доказательствами, контактами или подробным информационным раскрытием",доставка воды; анализ воды без фильтров; сантехника; страница с коммерческими словами без совпадения ядра запроса; качественный сайт из другой тематики
фильтр воды для дома под ключ,water_filters,commercial,,,10,1,фильтры и системы очистки воды,комплексная услуга: фильтр воды для дома,"страница именно про фильтры и системы очистки воды с понятным ответом на запрос, условиями, доказательствами, контактами или подробным информационным раскрытием",доставка воды; анализ воды без фильтров; сантехника; страница с коммерческими словами без совпадения ядра запроса; качественный сайт из другой тематики
фильтр воды для дома рядом,water_filters,commercial,Екатеринбург,54,10,1,фильтры и системы очистки воды,локальный поиск: фильтр воды для дома,"страница именно про фильтры и системы очистки воды с понятным ответом на запрос, условиями, доказательствами, контактами или подробным информационным раскрытием",доставка воды; анализ воды без фильтров; сантехника; страница с коммерческими словами без совпадения ядра запроса; качественный сайт из другой тематики
фильтр воды для дома консультация,water_filters,commercial,,,10,1,фильтры и системы очистки воды,консультация по теме: фильтр воды для дома,"страница именно про фильтры и системы очистки воды с понятным ответом на запрос, условиями, доказательствами, контактами или подробным информационным раскрытием",доставка воды; анализ воды без фильтров; сантехника; страница с коммерческими словами без совпадения ядра запроса; качественный сайт из другой тематики
лучшие фильтр воды для дома,water_filters,comparison,,,10,1,фильтры и системы очистки воды,сравнение вариантов: фильтр воды для дома,"страница именно про фильтры и системы очистки воды с понятным ответом на запрос, условиями, доказательствами, контактами или подробным информационным раскрытием",доставка воды; анализ воды без фильтров; сантехника; страница с коммерческими словами без совпадения ядра запроса; качественный сайт из другой тематики
умный дом Казань,smart_home,commercial,Казань,43,10,1,проектирование и монтаж систем умного дома,умный дом в городе Казань,"страница именно про проектирование и монтаж систем умного дома с понятным ответом на запрос, условиями, доказательствами, контактами или подробным информационным раскрытием",мобильные приложения; гаджеты без монтажа; новости технологий; страница с коммерческими словами без совпадения ядра запроса; качественный сайт из другой тематики
умный дом цена,smart_home,commercial,,,10,1,проектирование и монтаж систем умного дома,стоимость: умный дом,"страница именно про проектирование и монтаж систем умного дома с понятным ответом на запрос, условиями, доказательствами, контактами или подробным информационным раскрытием",мобильные приложения; гаджеты без монтажа; новости технологий; страница с коммерческими словами без совпадения ядра запроса; качественный сайт из другой тематики
умный дом отзывы,smart_home,comparison,,,10,1,проектирование и монтаж систем умного дома,отзывы и выбор: умный дом,"страница именно про проектирование и монтаж систем умного дома с понятным ответом на запрос, условиями, доказательствами, контактами или подробным информационным раскрытием",мобильные приложения; гаджеты без монтажа; новости технологий; страница с коммерческими словами без совпадения ядра запроса; качественный сайт из другой тематики
как выбрать умный дом,smart_home,informational,,,10,1,проектирование и монтаж систем умного дома,выбор по критериям: умный дом,"страница именно про проектирование и монтаж систем умного дома с понятным ответом на запрос, условиями, доказательствами, контактами или подробным информационным раскрытием",мобильные приложения; гаджеты без монтажа; новости технологий; страница с коммерческими словами без совпадения ядра запроса; качественный сайт из другой тематики
умный дом с гарантией,smart_home,commercial,,,10,1,проектирование и монтаж систем умного дома,гарантия и условия: умный дом,"страница именно про проектирование и монтаж систем умного дома с понятным ответом на запрос, условиями, доказательствами, контактами или подробным информационным раскрытием",мобильные приложения; гаджеты без монтажа; новости технологий; страница с коммерческими словами без совпадения ядра запроса; качественный сайт из другой тематики
умный дом для бизнеса,smart_home,commercial,,,10,1,проектирование и монтаж систем умного дома,решение для бизнеса: умный дом,"страница именно про проектирование и монтаж систем умного дома с понятным ответом на запрос, условиями, доказательствами, контактами или подробным информационным раскрытием",мобильные приложения; гаджеты без монтажа; новости технологий; страница с коммерческими словами без совпадения ядра запроса; качественный сайт из другой тематики
умный дом под ключ,smart_home,commercial,,,10,1,проектирование и монтаж систем умного дома,комплексная услуга: умный дом,"страница именно про проектирование и монтаж систем умного дома с понятным ответом на запрос, условиями, доказательствами, контактами или подробным информационным раскрытием",мобильные приложения; гаджеты без монтажа; новости технологий; страница с коммерческими словами без совпадения ядра запроса; качественный сайт из другой тематики
умный дом рядом,smart_home,commercial,Казань,43,10,1,проектирование и монтаж систем умного дома,локальный поиск: умный дом,"страница именно про проектирование и монтаж систем умного дома с понятным ответом на запрос, условиями, доказательствами, контактами или подробным информационным раскрытием",мобильные приложения; гаджеты без монтажа; новости технологий; страница с коммерческими словами без совпадения ядра запроса; качественный сайт из другой тематики
умный дом консультация,smart_home,commercial,,,10,1,проектирование и монтаж систем умного дома,консультация по теме: умный дом,"страница именно про проектирование и монтаж систем умного дома с понятным ответом на запрос, условиями, доказательствами, контактами или подробным информационным раскрытием",мобильные приложения; гаджеты без монтажа; новости технологий; страница с коммерческими словами без совпадения ядра запроса; качественный сайт из другой тематики
лучшие умный дом,smart_home,comparison,,,10,1,проектирование и монтаж систем умного дома,сравнение вариантов: умный дом,"страница именно про проектирование и монтаж систем умного дома с понятным ответом на запрос, условиями, доказательствами, контактами или подробным информационным раскрытием",мобильные приложения; гаджеты без монтажа; новости технологий; страница с коммерческими словами без совпадения ядра запроса; качественный сайт из другой тематики
охранная сигнализация Новосибирск,security_systems,commercial,Новосибирск,65,10,1,охранные системы и сигнализация,охранная сигнализация в городе Новосибирск,"страница именно про охранные системы и сигнализация с понятным ответом на запрос, условиями, доказательствами, контактами или подробным информационным раскрытием",страхование; новости полиции; камеры для блогеров; страница с коммерческими словами без совпадения ядра запроса; качественный сайт из другой тематики
охранная сигнализация цена,security_systems,commercial,,,10,1,охранные системы и сигнализация,стоимость: охранная сигнализация,"страница именно про охранные системы и сигнализация с понятным ответом на запрос, условиями, доказательствами, контактами или подробным информационным раскрытием",страхование; новости полиции; камеры для блогеров; страница с коммерческими словами без совпадения ядра запроса; качественный сайт из другой тематики
охранная сигнализация отзывы,security_systems,comparison,,,10,1,охранные системы и сигнализация,отзывы и выбор: охранная сигнализация,"страница именно про охранные системы и сигнализация с понятным ответом на запрос, условиями, доказательствами, контактами или подробным информационным раскрытием",страхование; новости полиции; камеры для блогеров; страница с коммерческими словами без совпадения ядра запроса; качественный сайт из другой тематики
как выбрать охранная сигнализация,security_systems,informational,,,10,1,охранные системы и сигнализация,выбор по критериям: охранная сигнализация,"страница именно про охранные системы и сигнализация с понятным ответом на запрос, условиями, доказательствами, контактами или подробным информационным раскрытием",страхование; новости полиции; камеры для блогеров; страница с коммерческими словами без совпадения ядра запроса; качественный сайт из другой тематики
охранная сигнализация с гарантией,security_systems,commercial,,,10,1,охранные системы и сигнализация,гарантия и условия: охранная сигнализация,"страница именно про охранные системы и сигнализация с понятным ответом на запрос, условиями, доказательствами, контактами или подробным информационным раскрытием",страхование; новости полиции; камеры для блогеров; страница с коммерческими словами без совпадения ядра запроса; качественный сайт из другой тематики
охранная сигнализация для бизнеса,security_systems,commercial,,,10,1,охранные системы и сигнализация,решение для бизнеса: охранная сигнализация,"страница именно про охранные системы и сигнализация с понятным ответом на запрос, условиями, доказательствами, контактами или подробным информационным раскрытием",страхование; новости полиции; камеры для блогеров; страница с коммерческими словами без совпадения ядра запроса; качественный сайт из другой тематики
охранная сигнализация под ключ,security_systems,commercial,,,10,1,охранные системы и сигнализация,комплексная услуга: охранная сигнализация,"страница именно про охранные системы и сигнализация с понятным ответом на запрос, условиями, доказательствами, контактами или подробным информационным раскрытием",страхование; новости полиции; камеры для блогеров; страница с коммерческими словами без совпадения ядра запроса; качественный сайт из другой тематики
охранная сигнализация рядом,security_systems,commercial,Новосибирск,65,10,1,охранные системы и сигнализация,локальный поиск: охранная сигнализация,"страница именно про охранные системы и сигнализация с понятным ответом на запрос, условиями, доказательствами, контактами или подробным информационным раскрытием",страхование; новости полиции; камеры для блогеров; страница с коммерческими словами без совпадения ядра запроса; качественный сайт из другой тематики
охранная сигнализация консультация,security_systems,commercial,,,10,1,охранные системы и сигнализация,консультация по теме: охранная сигнализация,"страница именно про охранные системы и сигнализация с понятным ответом на запрос, условиями, доказательствами, контактами или подробным информационным раскрытием",страхование; новости полиции; камеры для блогеров; страница с коммерческими словами без совпадения ядра запроса; качественный сайт из другой тематики
лучшие охранная сигнализация,security_systems,comparison,,,10,1,охранные системы и сигнализация,сравнение вариантов: охранная сигнализация,"страница именно про охранные системы и сигнализация с понятным ответом на запрос, условиями, доказательствами, контактами или подробным информационным раскрытием",страхование; новости полиции; камеры для блогеров; страница с коммерческими словами без совпадения ядра запроса; качественный сайт из другой тематики
видеонаблюдение для офиса Москва,video_surveillance,commercial,Москва,213,10,1,системы видеонаблюдения,видеонаблюдение для офиса в городе Москва,"страница именно про системы видеонаблюдения с понятным ответом на запрос, условиями, доказательствами, контактами или подробным информационным раскрытием",экшн-камеры; видеомонтаж; статьи без установки; страница с коммерческими словами без совпадения ядра запроса; качественный сайт из другой тематики
видеонаблюдение для офиса цена,video_surveillance,commercial,,,10,1,системы видеонаблюдения,стоимость: видеонаблюдение для офиса,"страница именно про системы видеонаблюдения с понятным ответом на запрос, условиями, доказательствами, контактами или подробным информационным раскрытием",экшн-камеры; видеомонтаж; статьи без установки; страница с коммерческими словами без совпадения ядра запроса; качественный сайт из другой тематики
видеонаблюдение для офиса отзывы,video_surveillance,comparison,,,10,1,системы видеонаблюдения,отзывы и выбор: видеонаблюдение для офиса,"страница именно про системы видеонаблюдения с понятным ответом на запрос, условиями, доказательствами, контактами или подробным информационным раскрытием",экшн-камеры; видеомонтаж; статьи без установки; страница с коммерческими словами без совпадения ядра запроса; качественный сайт из другой тематики
как выбрать видеонаблюдение для офиса,video_surveillance,informational,,,10,1,системы видеонаблюдения,выбор по критериям: видеонаблюдение для офиса,"страница именно про системы видеонаблюдения с понятным ответом на запрос, условиями, доказательствами, контактами или подробным информационным раскрытием",экшн-камеры; видеомонтаж; статьи без установки; страница с коммерческими словами без совпадения ядра запроса; качественный сайт из другой тематики
видеонаблюдение для офиса с гарантией,video_surveillance,commercial,,,10,1,системы видеонаблюдения,гарантия и условия: видеонаблюдение для офиса,"страница именно про системы видеонаблюдения с понятным ответом на запрос, условиями, доказательствами, контактами или подробным информационным раскрытием",экшн-камеры; видеомонтаж; статьи без установки; страница с коммерческими словами без совпадения ядра запроса; качественный сайт из другой тематики
видеонаблюдение для офиса для бизнеса,video_surveillance,commercial,,,10,1,системы видеонаблюдения,решение для бизнеса: видеонаблюдение для офиса,"страница именно про системы видеонаблюдения с понятным ответом на запрос, условиями, доказательствами, контактами или подробным информационным раскрытием",экшн-камеры; видеомонтаж; статьи без установки; страница с коммерческими словами без совпадения ядра запроса; качественный сайт из другой тематики
видеонаблюдение для офиса под ключ,video_surveillance,commercial,,,10,1,системы видеонаблюдения,комплексная услуга: видеонаблюдение для офиса,"страница именно про системы видеонаблюдения с понятным ответом на запрос, условиями, доказательствами, контактами или подробным информационным раскрытием",экшн-камеры; видеомонтаж; статьи без установки; страница с коммерческими словами без совпадения ядра запроса; качественный сайт из другой тематики
видеонаблюдение для офиса рядом,video_surveillance,commercial,Москва,213,10,1,системы видеонаблюдения,локальный поиск: видеонаблюдение для офиса,"страница именно про системы видеонаблюдения с понятным ответом на запрос, условиями, доказательствами, контактами или подробным информационным раскрытием",экшн-камеры; видеомонтаж; статьи без установки; страница с коммерческими словами без совпадения ядра запроса; качественный сайт из другой тематики
видеонаблюдение для офиса консультация,video_surveillance,commercial,,,10,1,системы видеонаблюдения,консультация по теме: видеонаблюдение для офиса,"страница именно про системы видеонаблюдения с понятным ответом на запрос, условиями, доказательствами, контактами или подробным информационным раскрытием",экшн-камеры; видеомонтаж; статьи без установки; страница с коммерческими словами без совпадения ядра запроса; качественный сайт из другой тематики
лучшие видеонаблюдение для офиса,video_surveillance,comparison,,,10,1,системы видеонаблюдения,сравнение вариантов: видеонаблюдение для офиса,"страница именно про системы видеонаблюдения с понятным ответом на запрос, условиями, доказательствами, контактами или подробным информационным раскрытием",экшн-камеры; видеомонтаж; статьи без установки; страница с коммерческими словами без совпадения ядра запроса; качественный сайт из другой тематики
пожарная сигнализация Санкт-Петербург,fire_safety,commercial,Санкт-Петербург,2,10,1,монтаж и обслуживание пожарной сигнализации,пожарная сигнализация в городе Санкт-Петербург,"страница именно про монтаж и обслуживание пожарной сигнализации с понятным ответом на запрос, условиями, доказательствами, контактами или подробным информационным раскрытием",огнетушители без проекта; новости МЧС; обучение пожарной безопасности; страница с коммерческими словами без совпадения ядра запроса; качественный сайт из другой тематики
пожарная сигнализация цена,fire_safety,commercial,,,10,1,монтаж и обслуживание пожарной сигнализации,стоимость: пожарная сигнализация,"страница именно про монтаж и обслуживание пожарной сигнализации с понятным ответом на запрос, условиями, доказательствами, контактами или подробным информационным раскрытием",огнетушители без проекта; новости МЧС; обучение пожарной безопасности; страница с коммерческими словами без совпадения ядра запроса; качественный сайт из другой тематики
пожарная сигнализация отзывы,fire_safety,comparison,,,10,1,монтаж и обслуживание пожарной сигнализации,отзывы и выбор: пожарная сигнализация,"страница именно про монтаж и обслуживание пожарной сигнализации с понятным ответом на запрос, условиями, доказательствами, контактами или подробным информационным раскрытием",огнетушители без проекта; новости МЧС; обучение пожарной безопасности; страница с коммерческими словами без совпадения ядра запроса; качественный сайт из другой тематики
как выбрать пожарная сигнализация,fire_safety,informational,,,10,1,монтаж и обслуживание пожарной сигнализации,выбор по критериям: пожарная сигнализация,"страница именно про монтаж и обслуживание пожарной сигнализации с понятным ответом на запрос, условиями, доказательствами, контактами или подробным информационным раскрытием",огнетушители без проекта; новости МЧС; обучение пожарной безопасности; страница с коммерческими словами без совпадения ядра запроса; качественный сайт из другой тематики
пожарная сигнализация с гарантией,fire_safety,commercial,,,10,1,монтаж и обслуживание пожарной сигнализации,гарантия и условия: пожарная сигнализация,"страница именно про монтаж и обслуживание пожарной сигнализации с понятным ответом на запрос, условиями, доказательствами, контактами или подробным информационным раскрытием",огнетушители без проекта; новости МЧС; обучение пожарной безопасности; страница с коммерческими словами без совпадения ядра запроса; качественный сайт из другой тематики
пожарная сигнализация для бизнеса,fire_safety,commercial,,,10,1,монтаж и обслуживание пожарной сигнализации,решение для бизнеса: пожарная сигнализация,"страница именно про монтаж и обслуживание пожарной сигнализации с понятным ответом на запрос, условиями, доказательствами, контактами или подробным информационным раскрытием",огнетушители без проекта; новости МЧС; обучение пожарной безопасности; страница с коммерческими словами без совпадения ядра запроса; качественный сайт из другой тематики
пожарная сигнализация под ключ,fire_safety,commercial,,,10,1,монтаж и обслуживание пожарной сигнализации,комплексная услуга: пожарная сигнализация,"страница именно про монтаж и обслуживание пожарной сигнализации с понятным ответом на запрос, условиями, доказательствами, контактами или подробным информационным раскрытием",огнетушители без проекта; новости МЧС; обучение пожарной безопасности; страница с коммерческими словами без совпадения ядра запроса; качественный сайт из другой тематики
пожарная сигнализация рядом,fire_safety,commercial,Санкт-Петербург,2,10,1,монтаж и обслуживание пожарной сигнализации,локальный поиск: пожарная сигнализация,"страница именно про монтаж и обслуживание пожарной сигнализации с понятным ответом на запрос, условиями, доказательствами, контактами или подробным информационным раскрытием",огнетушители без проекта; новости МЧС; обучение пожарной безопасности; страница с коммерческими словами без совпадения ядра запроса; качественный сайт из другой тематики
пожарная сигнализация консультация,fire_safety,commercial,,,10,1,монтаж и обслуживание пожарной сигнализации,консультация по теме: пожарная сигнализация,"страница именно про монтаж и обслуживание пожарной сигнализации с понятным ответом на запрос, условиями, доказательствами, контактами или подробным информационным раскрытием",огнетушители без проекта; новости МЧС; обучение пожарной безопасности; страница с коммерческими словами без совпадения ядра запроса; качественный сайт из другой тематики
лучшие пожарная сигнализация,fire_safety,comparison,,,10,1,монтаж и обслуживание пожарной сигнализации,сравнение вариантов: пожарная сигнализация,"страница именно про монтаж и обслуживание пожарной сигнализации с понятным ответом на запрос, условиями, доказательствами, контактами или подробным информационным раскрытием",огнетушители без проекта; новости МЧС; обучение пожарной безопасности; страница с коммерческими словами без совпадения ядра запроса; качественный сайт из другой тематики
стеллажи для склада Екатеринбург,warehouse_racking,commercial,Екатеринбург,54,10,1,складские стеллажи и хранение,стеллажи для склада в городе Екатеринбург,"страница именно про складские стеллажи и хранение с понятным ответом на запрос, условиями, доказательствами, контактами или подробным информационным раскрытием",домашние полки; аренда склада; погрузчики; страница с коммерческими словами без совпадения ядра запроса; качественный сайт из другой тематики
стеллажи для склада цена,warehouse_racking,commercial,,,10,1,складские стеллажи и хранение,стоимость: стеллажи для склада,"страница именно про складские стеллажи и хранение с понятным ответом на запрос, условиями, доказательствами, контактами или подробным информационным раскрытием",домашние полки; аренда склада; погрузчики; страница с коммерческими словами без совпадения ядра запроса; качественный сайт из другой тематики
стеллажи для склада отзывы,warehouse_racking,comparison,,,10,1,складские стеллажи и хранение,отзывы и выбор: стеллажи для склада,"страница именно про складские стеллажи и хранение с понятным ответом на запрос, условиями, доказательствами, контактами или подробным информационным раскрытием",домашние полки; аренда склада; погрузчики; страница с коммерческими словами без совпадения ядра запроса; качественный сайт из другой тематики
как выбрать стеллажи для склада,warehouse_racking,informational,,,10,1,складские стеллажи и хранение,выбор по критериям: стеллажи для склада,"страница именно про складские стеллажи и хранение с понятным ответом на запрос, условиями, доказательствами, контактами или подробным информационным раскрытием",домашние полки; аренда склада; погрузчики; страница с коммерческими словами без совпадения ядра запроса; качественный сайт из другой тематики
стеллажи для склада с гарантией,warehouse_racking,commercial,,,10,1,складские стеллажи и хранение,гарантия и условия: стеллажи для склада,"страница именно про складские стеллажи и хранение с понятным ответом на запрос, условиями, доказательствами, контактами или подробным информационным раскрытием",домашние полки; аренда склада; погрузчики; страница с коммерческими словами без совпадения ядра запроса; качественный сайт из другой тематики
стеллажи для склада для бизнеса,warehouse_racking,commercial,,,10,1,складские стеллажи и хранение,решение для бизнеса: стеллажи для склада,"страница именно про складские стеллажи и хранение с понятным ответом на запрос, условиями, доказательствами, контактами или подробным информационным раскрытием",домашние полки; аренда склада; погрузчики; страница с коммерческими словами без совпадения ядра запроса; качественный сайт из другой тематики
стеллажи для склада под ключ,warehouse_racking,commercial,,,10,1,складские стеллажи и хранение,комплексная услуга: стеллажи для склада,"страница именно про складские стеллажи и хранение с понятным ответом на запрос, условиями, доказательствами, контактами или подробным информационным раскрытием",домашние полки; аренда склада; погрузчики; страница с коммерческими словами без совпадения ядра запроса; качественный сайт из другой тематики
стеллажи для склада рядом,warehouse_racking,commercial,Екатеринбург,54,10,1,складские стеллажи и хранение,локальный поиск: стеллажи для склада,"страница именно про складские стеллажи и хранение с понятным ответом на запрос, условиями, доказательствами, контактами или подробным информационным раскрытием",домашние полки; аренда склада; погрузчики; страница с коммерческими словами без совпадения ядра запроса; качественный сайт из другой тематики
стеллажи для склада консультация,warehouse_racking,commercial,,,10,1,складские стеллажи и хранение,консультация по теме: стеллажи для склада,"страница именно про складские стеллажи и хранение с понятным ответом на запрос, условиями, доказательствами, контактами или подробным информационным раскрытием",домашние полки; аренда склада; погрузчики; страница с коммерческими словами без совпадения ядра запроса; качественный сайт из другой тематики
лучшие стеллажи для склада,warehouse_racking,comparison,,,10,1,складские стеллажи и хранение,сравнение вариантов: стеллажи для склада,"страница именно про складские стеллажи и хранение с понятным ответом на запрос, условиями, доказательствами, контактами или подробным информационным раскрытием",домашние полки; аренда склада; погрузчики; страница с коммерческими словами без совпадения ядра запроса; качественный сайт из другой тематики
аренда вилочного погрузчика Казань,forklift_rental,commercial,Казань,43,10,1,аренда складской техники,аренда вилочного погрузчика в городе Казань,"страница именно про аренда складской техники с понятным ответом на запрос, условиями, доказательствами, контактами или подробным информационным раскрытием",продажа запчастей; обучение водителей; складская недвижимость; страница с коммерческими словами без совпадения ядра запроса; качественный сайт из другой тематики
аренда вилочного погрузчика цена,forklift_rental,commercial,,,10,1,аренда складской техники,стоимость: аренда вилочного погрузчика,"страница именно про аренда складской техники с понятным ответом на запрос, условиями, доказательствами, контактами или подробным информационным раскрытием",продажа запчастей; обучение водителей; складская недвижимость; страница с коммерческими словами без совпадения ядра запроса; качественный сайт из другой тематики
аренда вилочного погрузчика отзывы,forklift_rental,comparison,,,10,1,аренда складской техники,отзывы и выбор: аренда вилочного погрузчика,"страница именно про аренда складской техники с понятным ответом на запрос, условиями, доказательствами, контактами или подробным информационным раскрытием",продажа запчастей; обучение водителей; складская недвижимость; страница с коммерческими словами без совпадения ядра запроса; качественный сайт из другой тематики
как выбрать аренда вилочного погрузчика,forklift_rental,informational,,,10,1,аренда складской техники,выбор по критериям: аренда вилочного погрузчика,"страница именно про аренда складской техники с понятным ответом на запрос, условиями, доказательствами, контактами или подробным информационным раскрытием",продажа запчастей; обучение водителей; складская недвижимость; страница с коммерческими словами без совпадения ядра запроса; качественный сайт из другой тематики
аренда вилочного погрузчика с гарантией,forklift_rental,commercial,,,10,1,аренда складской техники,гарантия и условия: аренда вилочного погрузчика,"страница именно про аренда складской техники с понятным ответом на запрос, условиями, доказательствами, контактами или подробным информационным раскрытием",продажа запчастей; обучение водителей; складская недвижимость; страница с коммерческими словами без совпадения ядра запроса; качественный сайт из другой тематики
аренда вилочного погрузчика для бизнеса,forklift_rental,commercial,,,10,1,аренда складской техники,решение для бизнеса: аренда вилочного погрузчика,"страница именно про аренда складской техники с понятным ответом на запрос, условиями, доказательствами, контактами или подробным информационным раскрытием",продажа запчастей; обучение водителей; складская недвижимость; страница с коммерческими словами без совпадения ядра запроса; качественный сайт из другой тематики
аренда вилочного погрузчика под ключ,forklift_rental,commercial,,,10,1,аренда складской техники,комплексная услуга: аренда вилочного погрузчика,"страница именно про аренда складской техники с понятным ответом на запрос, условиями, доказательствами, контактами или подробным информационным раскрытием",продажа запчастей; обучение водителей; складская недвижимость; страница с коммерческими словами без совпадения ядра запроса; качественный сайт из другой тематики
аренда вилочного погрузчика рядом,forklift_rental,commercial,Казань,43,10,1,аренда складской техники,локальный поиск: аренда вилочного погрузчика,"страница именно про аренда складской техники с понятным ответом на запрос, условиями, доказательствами, контактами или подробным информационным раскрытием",продажа запчастей; обучение водителей; складская недвижимость; страница с коммерческими словами без совпадения ядра запроса; качественный сайт из другой тематики
аренда вилочного погрузчика консультация,forklift_rental,commercial,,,10,1,аренда складской техники,консультация по теме: аренда вилочного погрузчика,"страница именно про аренда складской техники с понятным ответом на запрос, условиями, доказательствами, контактами или подробным информационным раскрытием",продажа запчастей; обучение водителей; складская недвижимость; страница с коммерческими словами без совпадения ядра запроса; качественный сайт из другой тематики
лучшие аренда вилочного погрузчика,forklift_rental,comparison,,,10,1,аренда складской техники,сравнение вариантов: аренда вилочного погрузчика,"страница именно про аренда складской техники с понятным ответом на запрос, условиями, доказательствами, контактами или подробным информационным раскрытием",продажа запчастей; обучение водителей; складская недвижимость; страница с коммерческими словами без совпадения ядра запроса; качественный сайт из другой тематики
упаковочное оборудование Новосибирск,packaging_equipment,commercial,Новосибирск,65,10,1,оборудование для упаковки продукции,упаковочное оборудование в городе Новосибирск,"страница именно про оборудование для упаковки продукции с понятным ответом на запрос, условиями, доказательствами, контактами или подробным информационным раскрытием",картонные коробки; дизайн упаковки; новости производства; страница с коммерческими словами без совпадения ядра запроса; качественный сайт из другой тематики
упаковочное оборудование цена,packaging_equipment,commercial,,,10,1,оборудование для упаковки продукции,стоимость: упаковочное оборудование,"страница именно про оборудование для упаковки продукции с понятным ответом на запрос, условиями, доказательствами, контактами или подробным информационным раскрытием",картонные коробки; дизайн упаковки; новости производства; страница с коммерческими словами без совпадения ядра запроса; качественный сайт из другой тематики
упаковочное оборудование отзывы,packaging_equipment,comparison,,,10,1,оборудование для упаковки продукции,отзывы и выбор: упаковочное оборудование,"страница именно про оборудование для упаковки продукции с понятным ответом на запрос, условиями, доказательствами, контактами или подробным информационным раскрытием",картонные коробки; дизайн упаковки; новости производства; страница с коммерческими словами без совпадения ядра запроса; качественный сайт из другой тематики
как выбрать упаковочное оборудование,packaging_equipment,informational,,,10,1,оборудование для упаковки продукции,выбор по критериям: упаковочное оборудование,"страница именно про оборудование для упаковки продукции с понятным ответом на запрос, условиями, доказательствами, контактами или подробным информационным раскрытием",картонные коробки; дизайн упаковки; новости производства; страница с коммерческими словами без совпадения ядра запроса; качественный сайт из другой тематики
упаковочное оборудование с гарантией,packaging_equipment,commercial,,,10,1,оборудование для упаковки продукции,гарантия и условия: упаковочное оборудование,"страница именно про оборудование для упаковки продукции с понятным ответом на запрос, условиями, доказательствами, контактами или подробным информационным раскрытием",картонные коробки; дизайн упаковки; новости производства; страница с коммерческими словами без совпадения ядра запроса; качественный сайт из другой тематики
упаковочное оборудование для бизнеса,packaging_equipment,commercial,,,10,1,оборудование для упаковки продукции,решение для бизнеса: упаковочное оборудование,"страница именно про оборудование для упаковки продукции с понятным ответом на запрос, условиями, доказательствами, контактами или подробным информационным раскрытием",картонные коробки; дизайн упаковки; новости производства; страница с коммерческими словами без совпадения ядра запроса; качественный сайт из другой тематики
упаковочное оборудование под ключ,packaging_equipment,commercial,,,10,1,оборудование для упаковки продукции,комплексная услуга: упаковочное оборудование,"страница именно про оборудование для упаковки продукции с понятным ответом на запрос, условиями, доказательствами, контактами или подробным информационным раскрытием",картонные коробки; дизайн упаковки; новости производства; страница с коммерческими словами без совпадения ядра запроса; качественный сайт из другой тематики
упаковочное оборудование рядом,packaging_equipment,commercial,Новосибирск,65,10,1,оборудование для упаковки продукции,локальный поиск: упаковочное оборудование,"страница именно про оборудование для упаковки продукции с понятным ответом на запрос, условиями, доказательствами, контактами или подробным информационным раскрытием",картонные коробки; дизайн упаковки; новости производства; страница с коммерческими словами без совпадения ядра запроса; качественный сайт из другой тематики
упаковочное оборудование консультация,packaging_equipment,commercial,,,10,1,оборудование для упаковки продукции,консультация по теме: упаковочное оборудование,"страница именно про оборудование для упаковки продукции с понятным ответом на запрос, условиями, доказательствами, контактами или подробным информационным раскрытием",картонные коробки; дизайн упаковки; новости производства; страница с коммерческими словами без совпадения ядра запроса; качественный сайт из другой тематики
лучшие упаковочное оборудование,packaging_equipment,comparison,,,10,1,оборудование для упаковки продукции,сравнение вариантов: упаковочное оборудование,"страница именно про оборудование для упаковки продукции с понятным ответом на запрос, условиями, доказательствами, контактами или подробным информационным раскрытием",картонные коробки; дизайн упаковки; новости производства; страница с коммерческими словами без совпадения ядра запроса; качественный сайт из другой тематики
кофемашина для офиса Москва,coffee_machines,commercial,Москва,213,10,1,кофемашины и обслуживание для офиса,кофемашина для офиса в городе Москва,"страница именно про кофемашины и обслуживание для офиса с понятным ответом на запрос, условиями, доказательствами, контактами или подробным информационным раскрытием",кофейня; ремонт чайников; статьи о кофе; страница с коммерческими словами без совпадения ядра запроса; качественный сайт из другой тематики
кофемашина для офиса цена,coffee_machines,commercial,,,10,1,кофемашины и обслуживание для офиса,стоимость: кофемашина для офиса,"страница именно про кофемашины и обслуживание для офиса с понятным ответом на запрос, условиями, доказательствами, контактами или подробным информационным раскрытием",кофейня; ремонт чайников; статьи о кофе; страница с коммерческими словами без совпадения ядра запроса; качественный сайт из другой тематики
кофемашина для офиса отзывы,coffee_machines,comparison,,,10,1,кофемашины и обслуживание для офиса,отзывы и выбор: кофемашина для офиса,"страница именно про кофемашины и обслуживание для офиса с понятным ответом на запрос, условиями, доказательствами, контактами или подробным информационным раскрытием",кофейня; ремонт чайников; статьи о кофе; страница с коммерческими словами без совпадения ядра запроса; качественный сайт из другой тематики
как выбрать кофемашина для офиса,coffee_machines,informational,,,10,1,кофемашины и обслуживание для офиса,выбор по критериям: кофемашина для офиса,"страница именно про кофемашины и обслуживание для офиса с понятным ответом на запрос, условиями, доказательствами, контактами или подробным информационным раскрытием",кофейня; ремонт чайников; статьи о кофе; страница с коммерческими словами без совпадения ядра запроса; качественный сайт из другой тематики
кофемашина для офиса с гарантией,coffee_machines,commercial,,,10,1,кофемашины и обслуживание для офиса,гарантия и условия: кофемашина для офиса,"страница именно про кофемашины и обслуживание для офиса с понятным ответом на запрос, условиями, доказательствами, контактами или подробным информационным раскрытием",кофейня; ремонт чайников; статьи о кофе; страница с коммерческими словами без совпадения ядра запроса; качественный сайт из другой тематики
кофемашина для офиса для бизнеса,coffee_machines,commercial,,,10,1,кофемашины и обслуживание для офиса,решение для бизнеса: кофемашина для офиса,"страница именно про кофемашины и обслуживание для офиса с понятным ответом на запрос, условиями, доказательствами, контактами или подробным информационным раскрытием",кофейня; ремонт чайников; статьи о кофе; страница с коммерческими словами без совпадения ядра запроса; качественный сайт из другой тематики
кофемашина для офиса под ключ,coffee_machines,commercial,,,10,1,кофемашины и обслуживание для офиса,комплексная услуга: кофемашина для офиса,"страница именно про кофемашины и обслуживание для офиса с понятным ответом на запрос, условиями, доказательствами, контактами или подробным информационным раскрытием",кофейня; ремонт чайников; статьи о кофе; страница с коммерческими словами без совпадения ядра запроса; качественный сайт из другой тематики
кофемашина для офиса рядом,coffee_machines,commercial,Москва,213,10,1,кофемашины и обслуживание для офиса,локальный поиск: кофемашина для офиса,"страница именно про кофемашины и обслуживание для офиса с понятным ответом на запрос, условиями, доказательствами, контактами или подробным информационным раскрытием",кофейня; ремонт чайников; статьи о кофе; страница с коммерческими словами без совпадения ядра запроса; качественный сайт из другой тематики
кофемашина для офиса консультация,coffee_machines,commercial,,,10,1,кофемашины и обслуживание для офиса,консультация по теме: кофемашина для офиса,"страница именно про кофемашины и обслуживание для офиса с понятным ответом на запрос, условиями, доказательствами, контактами или подробным информационным раскрытием",кофейня; ремонт чайников; статьи о кофе; страница с коммерческими словами без совпадения ядра запроса; качественный сайт из другой тематики
лучшие кофемашина для офиса,coffee_machines,comparison,,,10,1,кофемашины и обслуживание для офиса,сравнение вариантов: кофемашина для офиса,"страница именно про кофемашины и обслуживание для офиса с понятным ответом на запрос, условиями, доказательствами, контактами или подробным информационным раскрытием",кофейня; ремонт чайников; статьи о кофе; страница с коммерческими словами без совпадения ядра запроса; качественный сайт из другой тематики
кейтеринг Санкт-Петербург,catering,commercial,Санкт-Петербург,2,10,1,выездное питание и кейтеринг,кейтеринг в городе Санкт-Петербург,"страница именно про выездное питание и кейтеринг с понятным ответом на запрос, условиями, доказательствами, контактами или подробным информационным раскрытием",доставка еды на дом; рецепты; ресторан без выезда; страница с коммерческими словами без совпадения ядра запроса; качественный сайт из другой тематики
кейтеринг цена,catering,commercial,,,10,1,выездное питание и кейтеринг,стоимость: кейтеринг,"страница именно про выездное питание и кейтеринг с понятным ответом на запрос, условиями, доказательствами, контактами или подробным информационным раскрытием",доставка еды на дом; рецепты; ресторан без выезда; страница с коммерческими словами без совпадения ядра запроса; качественный сайт из другой тематики
кейтеринг отзывы,catering,comparison,,,10,1,выездное питание и кейтеринг,отзывы и выбор: кейтеринг,"страница именно про выездное питание и кейтеринг с понятным ответом на запрос, условиями, доказательствами, контактами или подробным информационным раскрытием",доставка еды на дом; рецепты; ресторан без выезда; страница с коммерческими словами без совпадения ядра запроса; качественный сайт из другой тематики
как выбрать кейтеринг,catering,informational,,,10,1,выездное питание и кейтеринг,выбор по критериям: кейтеринг,"страница именно про выездное питание и кейтеринг с понятным ответом на запрос, условиями, доказательствами, контактами или подробным информационным раскрытием",доставка еды на дом; рецепты; ресторан без выезда; страница с коммерческими словами без совпадения ядра запроса; качественный сайт из другой тематики
кейтеринг с гарантией,catering,commercial,,,10,1,выездное питание и кейтеринг,гарантия и условия: кейтеринг,"страница именно про выездное питание и кейтеринг с понятным ответом на запрос, условиями, доказательствами, контактами или подробным информационным раскрытием",доставка еды на дом; рецепты; ресторан без выезда; страница с коммерческими словами без совпадения ядра запроса; качественный сайт из другой тематики
кейтеринг для бизнеса,catering,commercial,,,10,1,выездное питание и кейтеринг,решение для бизнеса: кейтеринг,"страница именно про выездное питание и кейтеринг с понятным ответом на запрос, условиями, доказательствами, контактами или подробным информационным раскрытием",доставка еды на дом; рецепты; ресторан без выезда; страница с коммерческими словами без совпадения ядра запроса; качественный сайт из другой тематики
кейтеринг под ключ,catering,commercial,,,10,1,выездное питание и кейтеринг,комплексная услуга: кейтеринг,"страница именно про выездное питание и кейтеринг с понятным ответом на запрос, условиями, доказательствами, контактами или подробным информационным раскрытием",доставка еды на дом; рецепты; ресторан без выезда; страница с коммерческими словами без совпадения ядра запроса; качественный сайт из другой тематики
кейтеринг рядом,catering,commercial,Санкт-Петербург,2,10,1,выездное питание и кейтеринг,локальный поиск: кейтеринг,"страница именно про выездное питание и кейтеринг с понятным ответом на запрос, условиями, доказательствами, контактами или подробным информационным раскрытием",доставка еды на дом; рецепты; ресторан без выезда; страница с коммерческими словами без совпадения ядра запроса; качественный сайт из другой тематики
кейтеринг консультация,catering,commercial,,,10,1,выездное питание и кейтеринг,консультация по теме: кейтеринг,"страница именно про выездное питание и кейтеринг с понятным ответом на запрос, условиями, доказательствами, контактами или подробным информационным раскрытием",доставка еды на дом; рецепты; ресторан без выезда; страница с коммерческими словами без совпадения ядра запроса; качественный сайт из другой тематики
лучшие кейтеринг,catering,comparison,,,10,1,выездное питание и кейтеринг,сравнение вариантов: кейтеринг,"страница именно про выездное питание и кейтеринг с понятным ответом на запрос, условиями, доказательствами, контактами или подробным информационным раскрытием",доставка еды на дом; рецепты; ресторан без выезда; страница с коммерческими словами без совпадения ядра запроса; качественный сайт из другой тематики
банкетный зал Екатеринбург,banquet_hall,commercial,Екатеринбург,54,10,1,аренда банкетных залов,банкетный зал в городе Екатеринбург,"страница именно про аренда банкетных залов с понятным ответом на запрос, условиями, доказательствами, контактами или подробным информационным раскрытием",кейтеринг без площадки; мебель для ресторанов; афиша; страница с коммерческими словами без совпадения ядра запроса; качественный сайт из другой тематики
банкетный зал цена,banquet_hall,commercial,,,10,1,аренда банкетных залов,стоимость: банкетный зал,"страница именно про аренда банкетных залов с понятным ответом на запрос, условиями, доказательствами, контактами или подробным информационным раскрытием",кейтеринг без площадки; мебель для ресторанов; афиша; страница с коммерческими словами без совпадения ядра запроса; качественный сайт из другой тематики
банкетный зал отзывы,banquet_hall,comparison,,,10,1,аренда банкетных залов,отзывы и выбор: банкетный зал,"страница именно про аренда банкетных залов с понятным ответом на запрос, условиями, доказательствами, контактами или подробным информационным раскрытием",кейтеринг без площадки; мебель для ресторанов; афиша; страница с коммерческими словами без совпадения ядра запроса; качественный сайт из другой тематики
как выбрать банкетный зал,banquet_hall,informational,,,10,1,аренда банкетных залов,выбор по критериям: банкетный зал,"страница именно про аренда банкетных залов с понятным ответом на запрос, условиями, доказательствами, контактами или подробным информационным раскрытием",кейтеринг без площадки; мебель для ресторанов; афиша; страница с коммерческими словами без совпадения ядра запроса; качественный сайт из другой тематики
банкетный зал с гарантией,banquet_hall,commercial,,,10,1,аренда банкетных залов,гарантия и условия: банкетный зал,"страница именно про аренда банкетных залов с понятным ответом на запрос, условиями, доказательствами, контактами или подробным информационным раскрытием",кейтеринг без площадки; мебель для ресторанов; афиша; страница с коммерческими словами без совпадения ядра запроса; качественный сайт из другой тематики
банкетный зал для бизнеса,banquet_hall,commercial,,,10,1,аренда банкетных залов,решение для бизнеса: банкетный зал,"страница именно про аренда банкетных залов с понятным ответом на запрос, условиями, доказательствами, контактами или подробным информационным раскрытием",кейтеринг без площадки; мебель для ресторанов; афиша; страница с коммерческими словами без совпадения ядра запроса; качественный сайт из другой тематики
банкетный зал под ключ,banquet_hall,commercial,,,10,1,аренда банкетных залов,комплексная услуга: банкетный зал,"страница именно про аренда банкетных залов с понятным ответом на запрос, условиями, доказательствами, контактами или подробным информационным раскрытием",кейтеринг без площадки; мебель для ресторанов; афиша; страница с коммерческими словами без совпадения ядра запроса; качественный сайт из другой тематики
банкетный зал рядом,banquet_hall,commercial,Екатеринбург,54,10,1,аренда банкетных залов,локальный поиск: банкетный зал,"страница именно про аренда банкетных залов с понятным ответом на запрос, условиями, доказательствами, контактами или подробным информационным раскрытием",кейтеринг без площадки; мебель для ресторанов; афиша; страница с коммерческими словами без совпадения ядра запроса; качественный сайт из другой тематики
банкетный зал консультация,banquet_hall,commercial,,,10,1,аренда банкетных залов,консультация по теме: банкетный зал,"страница именно про аренда банкетных залов с понятным ответом на запрос, условиями, доказательствами, контактами или подробным информационным раскрытием",кейтеринг без площадки; мебель для ресторанов; афиша; страница с коммерческими словами без совпадения ядра запроса; качественный сайт из другой тематики
лучшие банкетный зал,banquet_hall,comparison,,,10,1,аренда банкетных залов,сравнение вариантов: банкетный зал,"страница именно про аренда банкетных залов с понятным ответом на запрос, условиями, доказательствами, контактами или подробным информационным раскрытием",кейтеринг без площадки; мебель для ресторанов; афиша; страница с коммерческими словами без совпадения ядра запроса; качественный сайт из другой тематики
организация мероприятий Казань,event_agency,commercial,Казань,43,10,1,event-агентства и организация событий,организация мероприятий в городе Казань,"страница именно про event-агентства и организация событий с понятным ответом на запрос, условиями, доказательствами, контактами или подробным информационным раскрытием",прокат оборудования только; блог идей; вакансии; страница с коммерческими словами без совпадения ядра запроса; качественный сайт из другой тематики
организация мероприятий цена,event_agency,commercial,,,10,1,event-агентства и организация событий,стоимость: организация мероприятий,"страница именно про event-агентства и организация событий с понятным ответом на запрос, условиями, доказательствами, контактами или подробным информационным раскрытием",прокат оборудования только; блог идей; вакансии; страница с коммерческими словами без совпадения ядра запроса; качественный сайт из другой тематики
организация мероприятий отзывы,event_agency,comparison,,,10,1,event-агентства и организация событий,отзывы и выбор: организация мероприятий,"страница именно про event-агентства и организация событий с понятным ответом на запрос, условиями, доказательствами, контактами или подробным информационным раскрытием",прокат оборудования только; блог идей; вакансии; страница с коммерческими словами без совпадения ядра запроса; качественный сайт из другой тематики
как выбрать организация мероприятий,event_agency,informational,,,10,1,event-агентства и организация событий,выбор по критериям: организация мероприятий,"страница именно про event-агентства и организация событий с понятным ответом на запрос, условиями, доказательствами, контактами или подробным информационным раскрытием",прокат оборудования только; блог идей; вакансии; страница с коммерческими словами без совпадения ядра запроса; качественный сайт из другой тематики
организация мероприятий с гарантией,event_agency,commercial,,,10,1,event-агентства и организация событий,гарантия и условия: организация мероприятий,"страница именно про event-агентства и организация событий с понятным ответом на запрос, условиями, доказательствами, контактами или подробным информационным раскрытием",прокат оборудования только; блог идей; вакансии; страница с коммерческими словами без совпадения ядра запроса; качественный сайт из другой тематики
организация мероприятий для бизнеса,event_agency,commercial,,,10,1,event-агентства и организация событий,решение для бизнеса: организация мероприятий,"страница именно про event-агентства и организация событий с понятным ответом на запрос, условиями, доказательствами, контактами или подробным информационным раскрытием",прокат оборудования только; блог идей; вакансии; страница с коммерческими словами без совпадения ядра запроса; качественный сайт из другой тематики
организация мероприятий под ключ,event_agency,commercial,,,10,1,event-агентства и организация событий,комплексная услуга: организация мероприятий,"страница именно про event-агентства и организация событий с понятным ответом на запрос, условиями, доказательствами, контактами или подробным информационным раскрытием",прокат оборудования только; блог идей; вакансии; страница с коммерческими словами без совпадения ядра запроса; качественный сайт из другой тематики
организация мероприятий рядом,event_agency,commercial,Казань,43,10,1,event-агентства и организация событий,локальный поиск: организация мероприятий,"страница именно про event-агентства и организация событий с понятным ответом на запрос, условиями, доказательствами, контактами или подробным информационным раскрытием",прокат оборудования только; блог идей; вакансии; страница с коммерческими словами без совпадения ядра запроса; качественный сайт из другой тематики
организация мероприятий консультация,event_agency,commercial,,,10,1,event-агентства и организация событий,консультация по теме: организация мероприятий,"страница именно про event-агентства и организация событий с понятным ответом на запрос, условиями, доказательствами, контактами или подробным информационным раскрытием",прокат оборудования только; блог идей; вакансии; страница с коммерческими словами без совпадения ядра запроса; качественный сайт из другой тематики
лучшие организация мероприятий,event_agency,comparison,,,10,1,event-агентства и организация событий,сравнение вариантов: организация мероприятий,"страница именно про event-агентства и организация событий с понятным ответом на запрос, условиями, доказательствами, контактами или подробным информационным раскрытием",прокат оборудования только; блог идей; вакансии; страница с коммерческими словами без совпадения ядра запроса; качественный сайт из другой тематики
фотостудия Новосибирск,photo_studio,commercial,Новосибирск,65,10,1,аренда фотостудии и съемочные пространства,фотостудия в городе Новосибирск,"страница именно про аренда фотостудии и съемочные пространства с понятным ответом на запрос, условиями, доказательствами, контактами или подробным информационным раскрытием",фотограф без студии; магазин фотоаппаратов; обработка фото; страница с коммерческими словами без совпадения ядра запроса; качественный сайт из другой тематики
фотостудия цена,photo_studio,commercial,,,10,1,аренда фотостудии и съемочные пространства,стоимость: фотостудия,"страница именно про аренда фотостудии и съемочные пространства с понятным ответом на запрос, условиями, доказательствами, контактами или подробным информационным раскрытием",фотограф без студии; магазин фотоаппаратов; обработка фото; страница с коммерческими словами без совпадения ядра запроса; качественный сайт из другой тематики
фотостудия отзывы,photo_studio,comparison,,,10,1,аренда фотостудии и съемочные пространства,отзывы и выбор: фотостудия,"страница именно про аренда фотостудии и съемочные пространства с понятным ответом на запрос, условиями, доказательствами, контактами или подробным информационным раскрытием",фотограф без студии; магазин фотоаппаратов; обработка фото; страница с коммерческими словами без совпадения ядра запроса; качественный сайт из другой тематики
как выбрать фотостудия,photo_studio,informational,,,10,1,аренда фотостудии и съемочные пространства,выбор по критериям: фотостудия,"страница именно про аренда фотостудии и съемочные пространства с понятным ответом на запрос, условиями, доказательствами, контактами или подробным информационным раскрытием",фотограф без студии; магазин фотоаппаратов; обработка фото; страница с коммерческими словами без совпадения ядра запроса; качественный сайт из другой тематики
фотостудия с гарантией,photo_studio,commercial,,,10,1,аренда фотостудии и съемочные пространства,гарантия и условия: фотостудия,"страница именно про аренда фотостудии и съемочные пространства с понятным ответом на запрос, условиями, доказательствами, контактами или подробным информационным раскрытием",фотограф без студии; магазин фотоаппаратов; обработка фото; страница с коммерческими словами без совпадения ядра запроса; качественный сайт из другой тематики
фотостудия для бизнеса,photo_studio,commercial,,,10,1,аренда фотостудии и съемочные пространства,решение для бизнеса: фотостудия,"страница именно про аренда фотостудии и съемочные пространства с понятным ответом на запрос, условиями, доказательствами, контактами или подробным информационным раскрытием",фотограф без студии; магазин фотоаппаратов; обработка фото; страница с коммерческими словами без совпадения ядра запроса; качественный сайт из другой тематики
фотостудия под ключ,photo_studio,commercial,,,10,1,аренда фотостудии и съемочные пространства,комплексная услуга: фотостудия,"страница именно про аренда фотостудии и съемочные пространства с понятным ответом на запрос, условиями, доказательствами, контактами или подробным информационным раскрытием",фотограф без студии; магазин фотоаппаратов; обработка фото; страница с коммерческими словами без совпадения ядра запроса; качественный сайт из другой тематики
фотостудия рядом,photo_studio,commercial,Новосибирск,65,10,1,аренда фотостудии и съемочные пространства,локальный поиск: фотостудия,"страница именно про аренда фотостудии и съемочные пространства с понятным ответом на запрос, условиями, доказательствами, контактами или подробным информационным раскрытием",фотограф без студии; магазин фотоаппаратов; обработка фото; страница с коммерческими словами без совпадения ядра запроса; качественный сайт из другой тематики
фотостудия консультация,photo_studio,commercial,,,10,1,аренда фотостудии и съемочные пространства,консультация по теме: фотостудия,"страница именно про аренда фотостудии и съемочные пространства с понятным ответом на запрос, условиями, доказательствами, контактами или подробным информационным раскрытием",фотограф без студии; магазин фотоаппаратов; обработка фото; страница с коммерческими словами без совпадения ядра запроса; качественный сайт из другой тематики
лучшие фотостудия,photo_studio,comparison,,,10,1,аренда фотостудии и съемочные пространства,сравнение вариантов: фотостудия,"страница именно про аренда фотостудии и съемочные пространства с понятным ответом на запрос, условиями, доказательствами, контактами или подробным информационным раскрытием",фотограф без студии; магазин фотоаппаратов; обработка фото; страница с коммерческими словами без совпадения ядра запроса; качественный сайт из другой тематики
свадебный фотограф Москва,wedding_photographer,commercial,Москва,213,10,1,свадебная фотосъемка,свадебный фотограф в городе Москва,"страница именно про свадебная фотосъемка с понятным ответом на запрос, условиями, доказательствами, контактами или подробным информационным раскрытием",фотостудия без фотографа; свадебные платья; курсы фотографии; страница с коммерческими словами без совпадения ядра запроса; качественный сайт из другой тематики
свадебный фотограф цена,wedding_photographer,commercial,,,10,1,свадебная фотосъемка,стоимость: свадебный фотограф,"страница именно про свадебная фотосъемка с понятным ответом на запрос, условиями, доказательствами, контактами или подробным информационным раскрытием",фотостудия без фотографа; свадебные платья; курсы фотографии; страница с коммерческими словами без совпадения ядра запроса; качественный сайт из другой тематики
свадебный фотограф отзывы,wedding_photographer,comparison,,,10,1,свадебная фотосъемка,отзывы и выбор: свадебный фотограф,"страница именно про свадебная фотосъемка с понятным ответом на запрос, условиями, доказательствами, контактами или подробным информационным раскрытием",фотостудия без фотографа; свадебные платья; курсы фотографии; страница с коммерческими словами без совпадения ядра запроса; качественный сайт из другой тематики
как выбрать свадебный фотограф,wedding_photographer,informational,,,10,1,свадебная фотосъемка,выбор по критериям: свадебный фотограф,"страница именно про свадебная фотосъемка с понятным ответом на запрос, условиями, доказательствами, контактами или подробным информационным раскрытием",фотостудия без фотографа; свадебные платья; курсы фотографии; страница с коммерческими словами без совпадения ядра запроса; качественный сайт из другой тематики
свадебный фотограф с гарантией,wedding_photographer,commercial,,,10,1,свадебная фотосъемка,гарантия и условия: свадебный фотограф,"страница именно про свадебная фотосъемка с понятным ответом на запрос, условиями, доказательствами, контактами или подробным информационным раскрытием",фотостудия без фотографа; свадебные платья; курсы фотографии; страница с коммерческими словами без совпадения ядра запроса; качественный сайт из другой тематики
свадебный фотограф для бизнеса,wedding_photographer,commercial,,,10,1,свадебная фотосъемка,решение для бизнеса: свадебный фотограф,"страница именно про свадебная фотосъемка с понятным ответом на запрос, условиями, доказательствами, контактами или подробным информационным раскрытием",фотостудия без фотографа; свадебные платья; курсы фотографии; страница с коммерческими словами без совпадения ядра запроса; качественный сайт из другой тематики
свадебный фотограф под ключ,wedding_photographer,commercial,,,10,1,свадебная фотосъемка,комплексная услуга: свадебный фотограф,"страница именно про свадебная фотосъемка с понятным ответом на запрос, условиями, доказательствами, контактами или подробным информационным раскрытием",фотостудия без фотографа; свадебные платья; курсы фотографии; страница с коммерческими словами без совпадения ядра запроса; качественный сайт из другой тематики
свадебный фотограф рядом,wedding_photographer,commercial,Москва,213,10,1,свадебная фотосъемка,локальный поиск: свадебный фотограф,"страница именно про свадебная фотосъемка с понятным ответом на запрос, условиями, доказательствами, контактами или подробным информационным раскрытием",фотостудия без фотографа; свадебные платья; курсы фотографии; страница с коммерческими словами без совпадения ядра запроса; качественный сайт из другой тематики
свадебный фотограф консультация,wedding_photographer,commercial,,,10,1,свадебная фотосъемка,консультация по теме: свадебный фотограф,"страница именно про свадебная фотосъемка с понятным ответом на запрос, условиями, доказательствами, контактами или подробным информационным раскрытием",фотостудия без фотографа; свадебные платья; курсы фотографии; страница с коммерческими словами без совпадения ядра запроса; качественный сайт из другой тематики
лучшие свадебный фотограф,wedding_photographer,comparison,,,10,1,свадебная фотосъемка,сравнение вариантов: свадебный фотограф,"страница именно про свадебная фотосъемка с понятным ответом на запрос, условиями, доказательствами, контактами или подробным информационным раскрытием",фотостудия без фотографа; свадебные платья; курсы фотографии; страница с коммерческими словами без совпадения ядра запроса; качественный сайт из другой тематики
лазерная резка металла Санкт-Петербург,laser_cutting,commercial,Санкт-Петербург,2,10,1,лазерная резка и обработка металла,лазерная резка металла в городе Санкт-Петербург,"страница именно про лазерная резка и обработка металла с понятным ответом на запрос, условиями, доказательствами, контактами или подробным информационным раскрытием",лазерная эпиляция; продажа лазеров; металлопрокат без резки; страница с коммерческими словами без совпадения ядра запроса; качественный сайт из другой тематики
лазерная резка металла цена,laser_cutting,commercial,,,10,1,лазерная резка и обработка металла,стоимость: лазерная резка металла,"страница именно про лазерная резка и обработка металла с понятным ответом на запрос, условиями, доказательствами, контактами или подробным информационным раскрытием",лазерная эпиляция; продажа лазеров; металлопрокат без резки; страница с коммерческими словами без совпадения ядра запроса; качественный сайт из другой тематики
лазерная резка металла отзывы,laser_cutting,comparison,,,10,1,лазерная резка и обработка металла,отзывы и выбор: лазерная резка металла,"страница именно про лазерная резка и обработка металла с понятным ответом на запрос, условиями, доказательствами, контактами или подробным информационным раскрытием",лазерная эпиляция; продажа лазеров; металлопрокат без резки; страница с коммерческими словами без совпадения ядра запроса; качественный сайт из другой тематики
как выбрать лазерная резка металла,laser_cutting,informational,,,10,1,лазерная резка и обработка металла,выбор по критериям: лазерная резка металла,"страница именно про лазерная резка и обработка металла с понятным ответом на запрос, условиями, доказательствами, контактами или подробным информационным раскрытием",лазерная эпиляция; продажа лазеров; металлопрокат без резки; страница с коммерческими словами без совпадения ядра запроса; качественный сайт из другой тематики
лазерная резка металла с гарантией,laser_cutting,commercial,,,10,1,лазерная резка и обработка металла,гарантия и условия: лазерная резка металла,"страница именно про лазерная резка и обработка металла с понятным ответом на запрос, условиями, доказательствами, контактами или подробным информационным раскрытием",лазерная эпиляция; продажа лазеров; металлопрокат без резки; страница с коммерческими словами без совпадения ядра запроса; качественный сайт из другой тематики
лазерная резка металла для бизнеса,laser_cutting,commercial,,,10,1,лазерная резка и обработка металла,решение для бизнеса: лазерная резка металла,"страница именно про лазерная резка и обработка металла с понятным ответом на запрос, условиями, доказательствами, контактами или подробным информационным раскрытием",лазерная эпиляция; продажа лазеров; металлопрокат без резки; страница с коммерческими словами без совпадения ядра запроса; качественный сайт из другой тематики
лазерная резка металла под ключ,laser_cutting,commercial,,,10,1,лазерная резка и обработка металла,комплексная услуга: лазерная резка металла,"страница именно про лазерная резка и обработка металла с понятным ответом на запрос, условиями, доказательствами, контактами или подробным информационным раскрытием",лазерная эпиляция; продажа лазеров; металлопрокат без резки; страница с коммерческими словами без совпадения ядра запроса; качественный сайт из другой тематики
лазерная резка металла рядом,laser_cutting,commercial,Санкт-Петербург,2,10,1,лазерная резка и обработка металла,локальный поиск: лазерная резка металла,"страница именно про лазерная резка и обработка металла с понятным ответом на запрос, условиями, доказательствами, контактами или подробным информационным раскрытием",лазерная эпиляция; продажа лазеров; металлопрокат без резки; страница с коммерческими словами без совпадения ядра запроса; качественный сайт из другой тематики
лазерная резка металла консультация,laser_cutting,commercial,,,10,1,лазерная резка и обработка металла,консультация по теме: лазерная резка металла,"страница именно про лазерная резка и обработка металла с понятным ответом на запрос, условиями, доказательствами, контактами или подробным информационным раскрытием",лазерная эпиляция; продажа лазеров; металлопрокат без резки; страница с коммерческими словами без совпадения ядра запроса; качественный сайт из другой тематики
лучшие лазерная резка металла,laser_cutting,comparison,,,10,1,лазерная резка и обработка металла,сравнение вариантов: лазерная резка металла,"страница именно про лазерная резка и обработка металла с понятным ответом на запрос, условиями, доказательствами, контактами или подробным информационным раскрытием",лазерная эпиляция; продажа лазеров; металлопрокат без резки; страница с коммерческими словами без совпадения ядра запроса; качественный сайт из другой тематики
фрезеровка на чпу Екатеринбург,cnc_milling,commercial,Екатеринбург,54,10,1,ЧПУ фрезеровка деталей,фрезеровка на чпу в городе Екатеринбург,"страница именно про ЧПУ фрезеровка деталей с понятным ответом на запрос, условиями, доказательствами, контактами или подробным информационным раскрытием",продажа станков; обучение ЧПУ; 3D-печать без фрезеровки; страница с коммерческими словами без совпадения ядра запроса; качественный сайт из другой тематики
фрезеровка на чпу цена,cnc_milling,commercial,,,10,1,ЧПУ фрезеровка деталей,стоимость: фрезеровка на чпу,"страница именно про ЧПУ фрезеровка деталей с понятным ответом на запрос, условиями, доказательствами, контактами или подробным информационным раскрытием",продажа станков; обучение ЧПУ; 3D-печать без фрезеровки; страница с коммерческими словами без совпадения ядра запроса; качественный сайт из другой тематики
фрезеровка на чпу отзывы,cnc_milling,comparison,,,10,1,ЧПУ фрезеровка деталей,отзывы и выбор: фрезеровка на чпу,"страница именно про ЧПУ фрезеровка деталей с понятным ответом на запрос, условиями, доказательствами, контактами или подробным информационным раскрытием",продажа станков; обучение ЧПУ; 3D-печать без фрезеровки; страница с коммерческими словами без совпадения ядра запроса; качественный сайт из другой тематики
как выбрать фрезеровка на чпу,cnc_milling,informational,,,10,1,ЧПУ фрезеровка деталей,выбор по критериям: фрезеровка на чпу,"страница именно про ЧПУ фрезеровка деталей с понятным ответом на запрос, условиями, доказательствами, контактами или подробным информационным раскрытием",продажа станков; обучение ЧПУ; 3D-печать без фрезеровки; страница с коммерческими словами без совпадения ядра запроса; качественный сайт из другой тематики
фрезеровка на чпу с гарантией,cnc_milling,commercial,,,10,1,ЧПУ фрезеровка деталей,гарантия и условия: фрезеровка на чпу,"страница именно про ЧПУ фрезеровка деталей с понятным ответом на запрос, условиями, доказательствами, контактами или подробным информационным раскрытием",продажа станков; обучение ЧПУ; 3D-печать без фрезеровки; страница с коммерческими словами без совпадения ядра запроса; качественный сайт из другой тематики
фрезеровка на чпу для бизнеса,cnc_milling,commercial,,,10,1,ЧПУ фрезеровка деталей,решение для бизнеса: фрезеровка на чпу,"страница именно про ЧПУ фрезеровка деталей с понятным ответом на запрос, условиями, доказательствами, контактами или подробным информационным раскрытием",продажа станков; обучение ЧПУ; 3D-печать без фрезеровки; страница с коммерческими словами без совпадения ядра запроса; качественный сайт из другой тематики
фрезеровка на чпу под ключ,cnc_milling,commercial,,,10,1,ЧПУ фрезеровка деталей,комплексная услуга: фрезеровка на чпу,"страница именно про ЧПУ фрезеровка деталей с понятным ответом на запрос, условиями, доказательствами, контактами или подробным информационным раскрытием",продажа станков; обучение ЧПУ; 3D-печать без фрезеровки; страница с коммерческими словами без совпадения ядра запроса; качественный сайт из другой тематики
фрезеровка на чпу рядом,cnc_milling,commercial,Екатеринбург,54,10,1,ЧПУ фрезеровка деталей,локальный поиск: фрезеровка на чпу,"страница именно про ЧПУ фрезеровка деталей с понятным ответом на запрос, условиями, доказательствами, контактами или подробным информационным раскрытием",продажа станков; обучение ЧПУ; 3D-печать без фрезеровки; страница с коммерческими словами без совпадения ядра запроса; качественный сайт из другой тематики
фрезеровка на чпу консультация,cnc_milling,commercial,,,10,1,ЧПУ фрезеровка деталей,консультация по теме: фрезеровка на чпу,"страница именно про ЧПУ фрезеровка деталей с понятным ответом на запрос, условиями, доказательствами, контактами или подробным информационным раскрытием",продажа станков; обучение ЧПУ; 3D-печать без фрезеровки; страница с коммерческими словами без совпадения ядра запроса; качественный сайт из другой тематики
лучшие фрезеровка на чпу,cnc_milling,comparison,,,10,1,ЧПУ фрезеровка деталей,сравнение вариантов: фрезеровка на чпу,"страница именно про ЧПУ фрезеровка деталей с понятным ответом на запрос, условиями, доказательствами, контактами или подробным информационным раскрытием",продажа станков; обучение ЧПУ; 3D-печать без фрезеровки; страница с коммерческими словами без совпадения ядра запроса; качественный сайт из другой тематики
порошковая покраска металла Казань,metal_powder_coating,commercial,Казань,43,10,1,порошковая окраска изделий,порошковая покраска металла в городе Казань,"страница именно про порошковая окраска изделий с понятным ответом на запрос, условиями, доказательствами, контактами или подробным информационным раскрытием",краска в банках; кузовной ремонт; статьи о покрытиях; страница с коммерческими словами без совпадения ядра запроса; качественный сайт из другой тематики
порошковая покраска металла цена,metal_powder_coating,commercial,,,10,1,порошковая окраска изделий,стоимость: порошковая покраска металла,"страница именно про порошковая окраска изделий с понятным ответом на запрос, условиями, доказательствами, контактами или подробным информационным раскрытием",краска в банках; кузовной ремонт; статьи о покрытиях; страница с коммерческими словами без совпадения ядра запроса; качественный сайт из другой тематики
порошковая покраска металла отзывы,metal_powder_coating,comparison,,,10,1,порошковая окраска изделий,отзывы и выбор: порошковая покраска металла,"страница именно про порошковая окраска изделий с понятным ответом на запрос, условиями, доказательствами, контактами или подробным информационным раскрытием",краска в банках; кузовной ремонт; статьи о покрытиях; страница с коммерческими словами без совпадения ядра запроса; качественный сайт из другой тематики
как выбрать порошковая покраска металла,metal_powder_coating,informational,,,10,1,порошковая окраска изделий,выбор по критериям: порошковая покраска металла,"страница именно про порошковая окраска изделий с понятным ответом на запрос, условиями, доказательствами, контактами или подробным информационным раскрытием",краска в банках; кузовной ремонт; статьи о покрытиях; страница с коммерческими словами без совпадения ядра запроса; качественный сайт из другой тематики
порошковая покраска металла с гарантией,metal_powder_coating,commercial,,,10,1,порошковая окраска изделий,гарантия и условия: порошковая покраска металла,"страница именно про порошковая окраска изделий с понятным ответом на запрос, условиями, доказательствами, контактами или подробным информационным раскрытием",краска в банках; кузовной ремонт; статьи о покрытиях; страница с коммерческими словами без совпадения ядра запроса; качественный сайт из другой тематики
порошковая покраска металла для бизнеса,metal_powder_coating,commercial,,,10,1,порошковая окраска изделий,решение для бизнеса: порошковая покраска металла,"страница именно про порошковая окраска изделий с понятным ответом на запрос, условиями, доказательствами, контактами или подробным информационным раскрытием",краска в банках; кузовной ремонт; статьи о покрытиях; страница с коммерческими словами без совпадения ядра запроса; качественный сайт из другой тематики
порошковая покраска металла под ключ,metal_powder_coating,commercial,,,10,1,порошковая окраска изделий,комплексная услуга: порошковая покраска металла,"страница именно про порошковая окраска изделий с понятным ответом на запрос, условиями, доказательствами, контактами или подробным информационным раскрытием",краска в банках; кузовной ремонт; статьи о покрытиях; страница с коммерческими словами без совпадения ядра запроса; качественный сайт из другой тематики
порошковая покраска металла рядом,metal_powder_coating,commercial,Казань,43,10,1,порошковая окраска изделий,локальный поиск: порошковая покраска металла,"страница именно про порошковая окраска изделий с понятным ответом на запрос, условиями, доказательствами, контактами или подробным информационным раскрытием",краска в банках; кузовной ремонт; статьи о покрытиях; страница с коммерческими словами без совпадения ядра запроса; качественный сайт из другой тематики
порошковая покраска металла консультация,metal_powder_coating,commercial,,,10,1,порошковая окраска изделий,консультация по теме: порошковая покраска металла,"страница именно про порошковая окраска изделий с понятным ответом на запрос, условиями, доказательствами, контактами или подробным информационным раскрытием",краска в банках; кузовной ремонт; статьи о покрытиях; страница с коммерческими словами без совпадения ядра запроса; качественный сайт из другой тематики
лучшие порошковая покраска металла,metal_powder_coating,comparison,,,10,1,порошковая окраска изделий,сравнение вариантов: порошковая покраска металла,"страница именно про порошковая окраска изделий с понятным ответом на запрос, условиями, доказательствами, контактами или подробным информационным раскрытием",краска в банках; кузовной ремонт; статьи о покрытиях; страница с коммерческими словами без совпадения ядра запроса; качественный сайт из другой тематики
промышленные полы Новосибирск,industrial_flooring,commercial,Новосибирск,65,10,1,устройство промышленных полов,промышленные полы в городе Новосибирск,"страница именно про устройство промышленных полов с понятным ответом на запрос, условиями, доказательствами, контактами или подробным информационным раскрытием",ламинат для квартиры; уборка полов; наливные смеси без услуги; страница с коммерческими словами без совпадения ядра запроса; качественный сайт из другой тематики
промышленные полы цена,industrial_flooring,commercial,,,10,1,устройство промышленных полов,стоимость: промышленные полы,"страница именно про устройство промышленных полов с понятным ответом на запрос, условиями, доказательствами, контактами или подробным информационным раскрытием",ламинат для квартиры; уборка полов; наливные смеси без услуги; страница с коммерческими словами без совпадения ядра запроса; качественный сайт из другой тематики
промышленные полы отзывы,industrial_flooring,comparison,,,10,1,устройство промышленных полов,отзывы и выбор: промышленные полы,"страница именно про устройство промышленных полов с понятным ответом на запрос, условиями, доказательствами, контактами или подробным информационным раскрытием",ламинат для квартиры; уборка полов; наливные смеси без услуги; страница с коммерческими словами без совпадения ядра запроса; качественный сайт из другой тематики
как выбрать промышленные полы,industrial_flooring,informational,,,10,1,устройство промышленных полов,выбор по критериям: промышленные полы,"страница именно про устройство промышленных полов с понятным ответом на запрос, условиями, доказательствами, контактами или подробным информационным раскрытием",ламинат для квартиры; уборка полов; наливные смеси без услуги; страница с коммерческими словами без совпадения ядра запроса; качественный сайт из другой тематики
промышленные полы с гарантией,industrial_flooring,commercial,,,10,1,устройство промышленных полов,гарантия и условия: промышленные полы,"страница именно про устройство промышленных полов с понятным ответом на запрос, условиями, доказательствами, контактами или подробным информационным раскрытием",ламинат для квартиры; уборка полов; наливные смеси без услуги; страница с коммерческими словами без совпадения ядра запроса; качественный сайт из другой тематики
промышленные полы для бизнеса,industrial_flooring,commercial,,,10,1,устройство промышленных полов,решение для бизнеса: промышленные полы,"страница именно про устройство промышленных полов с понятным ответом на запрос, условиями, доказательствами, контактами или подробным информационным раскрытием",ламинат для квартиры; уборка полов; наливные смеси без услуги; страница с коммерческими словами без совпадения ядра запроса; качественный сайт из другой тематики
промышленные полы под ключ,industrial_flooring,commercial,,,10,1,устройство промышленных полов,комплексная услуга: промышленные полы,"страница именно про устройство промышленных полов с понятным ответом на запрос, условиями, доказательствами, контактами или подробным информационным раскрытием",ламинат для квартиры; уборка полов; наливные смеси без услуги; страница с коммерческими словами без совпадения ядра запроса; качественный сайт из другой тематики
промышленные полы рядом,industrial_flooring,commercial,Новосибирск,65,10,1,устройство промышленных полов,локальный поиск: промышленные полы,"страница именно про устройство промышленных полов с понятным ответом на запрос, условиями, доказательствами, контактами или подробным информационным раскрытием",ламинат для квартиры; уборка полов; наливные смеси без услуги; страница с коммерческими словами без совпадения ядра запроса; качественный сайт из другой тематики
промышленные полы консультация,industrial_flooring,commercial,,,10,1,устройство промышленных полов,консультация по теме: промышленные полы,"страница именно про устройство промышленных полов с понятным ответом на запрос, условиями, доказательствами, контактами или подробным информационным раскрытием",ламинат для квартиры; уборка полов; наливные смеси без услуги; страница с коммерческими словами без совпадения ядра запроса; качественный сайт из другой тематики
лучшие промышленные полы,industrial_flooring,comparison,,,10,1,устройство промышленных полов,сравнение вариантов: промышленные полы,"страница именно про устройство промышленных полов с понятным ответом на запрос, условиями, доказательствами, контактами или подробным информационным раскрытием",ламинат для квартиры; уборка полов; наливные смеси без услуги; страница с коммерческими словами без совпадения ядра запроса; качественный сайт из другой тематики
ремонт кровли Москва,roof_repair,commercial,Москва,213,10,1,ремонт и монтаж кровли,ремонт кровли в городе Москва,"страница именно про ремонт и монтаж кровли с понятным ответом на запрос, условиями, доказательствами, контактами или подробным информационным раскрытием",кровельные материалы без работ; ремонт квартир; новости ЖКХ; страница с коммерческими словами без совпадения ядра запроса; качественный сайт из другой тематики
ремонт кровли цена,roof_repair,commercial,,,10,1,ремонт и монтаж кровли,стоимость: ремонт кровли,"страница именно про ремонт и монтаж кровли с понятным ответом на запрос, условиями, доказательствами, контактами или подробным информационным раскрытием",кровельные материалы без работ; ремонт квартир; новости ЖКХ; страница с коммерческими словами без совпадения ядра запроса; качественный сайт из другой тематики
ремонт кровли отзывы,roof_repair,comparison,,,10,1,ремонт и монтаж кровли,отзывы и выбор: ремонт кровли,"страница именно про ремонт и монтаж кровли с понятным ответом на запрос, условиями, доказательствами, контактами или подробным информационным раскрытием",кровельные материалы без работ; ремонт квартир; новости ЖКХ; страница с коммерческими словами без совпадения ядра запроса; качественный сайт из другой тематики
как выбрать ремонт кровли,roof_repair,informational,,,10,1,ремонт и монтаж кровли,выбор по критериям: ремонт кровли,"страница именно про ремонт и монтаж кровли с понятным ответом на запрос, условиями, доказательствами, контактами или подробным информационным раскрытием",кровельные материалы без работ; ремонт квартир; новости ЖКХ; страница с коммерческими словами без совпадения ядра запроса; качественный сайт из другой тематики
ремонт кровли с гарантией,roof_repair,commercial,,,10,1,ремонт и монтаж кровли,гарантия и условия: ремонт кровли,"страница именно про ремонт и монтаж кровли с понятным ответом на запрос, условиями, доказательствами, контактами или подробным информационным раскрытием",кровельные материалы без работ; ремонт квартир; новости ЖКХ; страница с коммерческими словами без совпадения ядра запроса; качественный сайт из другой тематики
ремонт кровли для бизнеса,roof_repair,commercial,,,10,1,ремонт и монтаж кровли,решение для бизнеса: ремонт кровли,"страница именно про ремонт и монтаж кровли с понятным ответом на запрос, условиями, доказательствами, контактами или подробным информационным раскрытием",кровельные материалы без работ; ремонт квартир; новости ЖКХ; страница с коммерческими словами без совпадения ядра запроса; качественный сайт из другой тематики
ремонт кровли под ключ,roof_repair,commercial,,,10,1,ремонт и монтаж кровли,комплексная услуга: ремонт кровли,"страница именно про ремонт и монтаж кровли с понятным ответом на запрос, условиями, доказательствами, контактами или подробным информационным раскрытием",кровельные материалы без работ; ремонт квартир; новости ЖКХ; страница с коммерческими словами без совпадения ядра запроса; качественный сайт из другой тематики
ремонт кровли рядом,roof_repair,commercial,Москва,213,10,1,ремонт и монтаж кровли,локальный поиск: ремонт кровли,"страница именно про ремонт и монтаж кровли с понятным ответом на запрос, условиями, доказательствами, контактами или подробным информационным раскрытием",кровельные материалы без работ; ремонт квартир; новости ЖКХ; страница с коммерческими словами без совпадения ядра запроса; качественный сайт из другой тематики
ремонт кровли консультация,roof_repair,commercial,,,10,1,ремонт и монтаж кровли,консультация по теме: ремонт кровли,"страница именно про ремонт и монтаж кровли с понятным ответом на запрос, условиями, доказательствами, контактами или подробным информационным раскрытием",кровельные материалы без работ; ремонт квартир; новости ЖКХ; страница с коммерческими словами без совпадения ядра запроса; качественный сайт из другой тематики
лучшие ремонт кровли,roof_repair,comparison,,,10,1,ремонт и монтаж кровли,сравнение вариантов: ремонт кровли,"страница именно про ремонт и монтаж кровли с понятным ответом на запрос, условиями, доказательствами, контактами или подробным информационным раскрытием",кровельные материалы без работ; ремонт квартир; новости ЖКХ; страница с коммерческими словами без совпадения ядра запроса; качественный сайт из другой тематики
утепление фасада Санкт-Петербург,facade_insulation,commercial,Санкт-Петербург,2,10,1,фасадные работы и утепление,утепление фасада в городе Санкт-Петербург,"страница именно про фасадные работы и утепление с понятным ответом на запрос, условиями, доказательствами, контактами или подробным информационным раскрытием",утеплитель оптом; интерьерная отделка; статья без подрядчика; страница с коммерческими словами без совпадения ядра запроса; качественный сайт из другой тематики
утепление фасада цена,facade_insulation,commercial,,,10,1,фасадные работы и утепление,стоимость: утепление фасада,"страница именно про фасадные работы и утепление с понятным ответом на запрос, условиями, доказательствами, контактами или подробным информационным раскрытием",утеплитель оптом; интерьерная отделка; статья без подрядчика; страница с коммерческими словами без совпадения ядра запроса; качественный сайт из другой тематики
утепление фасада отзывы,facade_insulation,comparison,,,10,1,фасадные работы и утепление,отзывы и выбор: утепление фасада,"страница именно про фасадные работы и утепление с понятным ответом на запрос, условиями, доказательствами, контактами или подробным информационным раскрытием",утеплитель оптом; интерьерная отделка; статья без подрядчика; страница с коммерческими словами без совпадения ядра запроса; качественный сайт из другой тематики
как выбрать утепление фасада,facade_insulation,informational,,,10,1,фасадные работы и утепление,выбор по критериям: утепление фасада,"страница именно про фасадные работы и утепление с понятным ответом на запрос, условиями, доказательствами, контактами или подробным информационным раскрытием",утеплитель оптом; интерьерная отделка; статья без подрядчика; страница с коммерческими словами без совпадения ядра запроса; качественный сайт из другой тематики
утепление фасада с гарантией,facade_insulation,commercial,,,10,1,фасадные работы и утепление,гарантия и условия: утепление фасада,"страница именно про фасадные работы и утепление с понятным ответом на запрос, условиями, доказательствами, контактами или подробным информационным раскрытием",утеплитель оптом; интерьерная отделка; статья без подрядчика; страница с коммерческими словами без совпадения ядра запроса; качественный сайт из другой тематики
утепление фасада для бизнеса,facade_insulation,commercial,,,10,1,фасадные работы и утепление,решение для бизнеса: утепление фасада,"страница именно про фасадные работы и утепление с понятным ответом на запрос, условиями, доказательствами, контактами или подробным информационным раскрытием",утеплитель оптом; интерьерная отделка; статья без подрядчика; страница с коммерческими словами без совпадения ядра запроса; качественный сайт из другой тематики
утепление фасада под ключ,facade_insulation,commercial,,,10,1,фасадные работы и утепление,комплексная услуга: утепление фасада,"страница именно про фасадные работы и утепление с понятным ответом на запрос, условиями, доказательствами, контактами или подробным информационным раскрытием",утеплитель оптом; интерьерная отделка; статья без подрядчика; страница с коммерческими словами без совпадения ядра запроса; качественный сайт из другой тематики
утепление фасада рядом,facade_insulation,commercial,Санкт-Петербург,2,10,1,фасадные работы и утепление,локальный поиск: утепление фасада,"страница именно про фасадные работы и утепление с понятным ответом на запрос, условиями, доказательствами, контактами или подробным информационным раскрытием",утеплитель оптом; интерьерная отделка; статья без подрядчика; страница с коммерческими словами без совпадения ядра запроса; качественный сайт из другой тематики
утепление фасада консультация,facade_insulation,commercial,,,10,1,фасадные работы и утепление,консультация по теме: утепление фасада,"страница именно про фасадные работы и утепление с понятным ответом на запрос, условиями, доказательствами, контактами или подробным информационным раскрытием",утеплитель оптом; интерьерная отделка; статья без подрядчика; страница с коммерческими словами без совпадения ядра запроса; качественный сайт из другой тематики
лучшие утепление фасада,facade_insulation,comparison,,,10,1,фасадные работы и утепление,сравнение вариантов: утепление фасада,"страница именно про фасадные работы и утепление с понятным ответом на запрос, условиями, доказательствами, контактами или подробным информационным раскрытием",утеплитель оптом; интерьерная отделка; статья без подрядчика; страница с коммерческими словами без совпадения ядра запроса; качественный сайт из другой тематики
ландшафтный дизайн Екатеринбург,landscape_design,commercial,Екатеринбург,54,10,1,ландшафтное проектирование и благоустройство,ландшафтный дизайн в городе Екатеринбург,"страница именно про ландшафтное проектирование и благоустройство с понятным ответом на запрос, условиями, доказательствами, контактами или подробным информационным раскрытием",садовый магазин; дачные советы; продажа растений; страница с коммерческими словами без совпадения ядра запроса; качественный сайт из другой тематики
ландшафтный дизайн цена,landscape_design,commercial,,,10,1,ландшафтное проектирование и благоустройство,стоимость: ландшафтный дизайн,"страница именно про ландшафтное проектирование и благоустройство с понятным ответом на запрос, условиями, доказательствами, контактами или подробным информационным раскрытием",садовый магазин; дачные советы; продажа растений; страница с коммерческими словами без совпадения ядра запроса; качественный сайт из другой тематики
ландшафтный дизайн отзывы,landscape_design,comparison,,,10,1,ландшафтное проектирование и благоустройство,отзывы и выбор: ландшафтный дизайн,"страница именно про ландшафтное проектирование и благоустройство с понятным ответом на запрос, условиями, доказательствами, контактами или подробным информационным раскрытием",садовый магазин; дачные советы; продажа растений; страница с коммерческими словами без совпадения ядра запроса; качественный сайт из другой тематики
как выбрать ландшафтный дизайн,landscape_design,informational,,,10,1,ландшафтное проектирование и благоустройство,выбор по критериям: ландшафтный дизайн,"страница именно про ландшафтное проектирование и благоустройство с понятным ответом на запрос, условиями, доказательствами, контактами или подробным информационным раскрытием",садовый магазин; дачные советы; продажа растений; страница с коммерческими словами без совпадения ядра запроса; качественный сайт из другой тематики
ландшафтный дизайн с гарантией,landscape_design,commercial,,,10,1,ландшафтное проектирование и благоустройство,гарантия и условия: ландшафтный дизайн,"страница именно про ландшафтное проектирование и благоустройство с понятным ответом на запрос, условиями, доказательствами, контактами или подробным информационным раскрытием",садовый магазин; дачные советы; продажа растений; страница с коммерческими словами без совпадения ядра запроса; качественный сайт из другой тематики
ландшафтный дизайн для бизнеса,landscape_design,commercial,,,10,1,ландшафтное проектирование и благоустройство,решение для бизнеса: ландшафтный дизайн,"страница именно про ландшафтное проектирование и благоустройство с понятным ответом на запрос, условиями, доказательствами, контактами или подробным информационным раскрытием",садовый магазин; дачные советы; продажа растений; страница с коммерческими словами без совпадения ядра запроса; качественный сайт из другой тематики
ландшафтный дизайн под ключ,landscape_design,commercial,,,10,1,ландшафтное проектирование и благоустройство,комплексная услуга: ландшафтный дизайн,"страница именно про ландшафтное проектирование и благоустройство с понятным ответом на запрос, условиями, доказательствами, контактами или подробным информационным раскрытием",садовый магазин; дачные советы; продажа растений; страница с коммерческими словами без совпадения ядра запроса; качественный сайт из другой тематики
ландшафтный дизайн рядом,landscape_design,commercial,Екатеринбург,54,10,1,ландшафтное проектирование и благоустройство,локальный поиск: ландшафтный дизайн,"страница именно про ландшафтное проектирование и благоустройство с понятным ответом на запрос, условиями, доказательствами, контактами или подробным информационным раскрытием",садовый магазин; дачные советы; продажа растений; страница с коммерческими словами без совпадения ядра запроса; качественный сайт из другой тематики
ландшафтный дизайн консультация,landscape_design,commercial,,,10,1,ландшафтное проектирование и благоустройство,консультация по теме: ландшафтный дизайн,"страница именно про ландшафтное проектирование и благоустройство с понятным ответом на запрос, условиями, доказательствами, контактами или подробным информационным раскрытием",садовый магазин; дачные советы; продажа растений; страница с коммерческими словами без совпадения ядра запроса; качественный сайт из другой тематики
лучшие ландшафтный дизайн,landscape_design,comparison,,,10,1,ландшафтное проектирование и благоустройство,сравнение вариантов: ландшафтный дизайн,"страница именно про ландшафтное проектирование и благоустройство с понятным ответом на запрос, условиями, доказательствами, контактами или подробным информационным раскрытием",садовый магазин; дачные советы; продажа растений; страница с коммерческими словами без совпадения ядра запроса; качественный сайт из другой тематики
спил деревьев Казань,tree_removal,commercial,Казань,43,10,1,арбористика и удаление деревьев,спил деревьев в городе Казань,"страница именно про арбористика и удаление деревьев с понятным ответом на запрос, условиями, доказательствами, контактами или подробным информационным раскрытием",питомник растений; деревообработка; новости экологии; страница с коммерческими словами без совпадения ядра запроса; качественный сайт из другой тематики
спил деревьев цена,tree_removal,commercial,,,10,1,арбористика и удаление деревьев,стоимость: спил деревьев,"страница именно про арбористика и удаление деревьев с понятным ответом на запрос, условиями, доказательствами, контактами или подробным информационным раскрытием",питомник растений; деревообработка; новости экологии; страница с коммерческими словами без совпадения ядра запроса; качественный сайт из другой тематики
спил деревьев отзывы,tree_removal,comparison,,,10,1,арбористика и удаление деревьев,отзывы и выбор: спил деревьев,"страница именно про арбористика и удаление деревьев с понятным ответом на запрос, условиями, доказательствами, контактами или подробным информационным раскрытием",питомник растений; деревообработка; новости экологии; страница с коммерческими словами без совпадения ядра запроса; качественный сайт из другой тематики
как выбрать спил деревьев,tree_removal,informational,,,10,1,арбористика и удаление деревьев,выбор по критериям: спил деревьев,"страница именно про арбористика и удаление деревьев с понятным ответом на запрос, условиями, доказательствами, контактами или подробным информационным раскрытием",питомник растений; деревообработка; новости экологии; страница с коммерческими словами без совпадения ядра запроса; качественный сайт из другой тематики
спил деревьев с гарантией,tree_removal,commercial,,,10,1,арбористика и удаление деревьев,гарантия и условия: спил деревьев,"страница именно про арбористика и удаление деревьев с понятным ответом на запрос, условиями, доказательствами, контактами или подробным информационным раскрытием",питомник растений; деревообработка; новости экологии; страница с коммерческими словами без совпадения ядра запроса; качественный сайт из другой тематики
спил деревьев для бизнеса,tree_removal,commercial,,,10,1,арбористика и удаление деревьев,решение для бизнеса: спил деревьев,"страница именно про арбористика и удаление деревьев с понятным ответом на запрос, условиями, доказательствами, контактами или подробным информационным раскрытием",питомник растений; деревообработка; новости экологии; страница с коммерческими словами без совпадения ядра запроса; качественный сайт из другой тематики
спил деревьев под ключ,tree_removal,commercial,,,10,1,арбористика и удаление деревьев,комплексная услуга: спил деревьев,"страница именно про арбористика и удаление деревьев с понятным ответом на запрос, условиями, доказательствами, контактами или подробным информационным раскрытием",питомник растений; деревообработка; новости экологии; страница с коммерческими словами без совпадения ядра запроса; качественный сайт из другой тематики
спил деревьев рядом,tree_removal,commercial,Казань,43,10,1,арбористика и удаление деревьев,локальный поиск: спил деревьев,"страница именно про арбористика и удаление деревьев с понятным ответом на запрос, условиями, доказательствами, контактами или подробным информационным раскрытием",питомник растений; деревообработка; новости экологии; страница с коммерческими словами без совпадения ядра запроса; качественный сайт из другой тематики
спил деревьев консультация,tree_removal,commercial,,,10,1,арбористика и удаление деревьев,консультация по теме: спил деревьев,"страница именно про арбористика и удаление деревьев с понятным ответом на запрос, условиями, доказательствами, контактами или подробным информационным раскрытием",питомник растений; деревообработка; новости экологии; страница с коммерческими словами без совпадения ядра запроса; качественный сайт из другой тематики
лучшие спил деревьев,tree_removal,comparison,,,10,1,арбористика и удаление деревьев,сравнение вариантов: спил деревьев,"страница именно про арбористика и удаление деревьев с понятным ответом на запрос, условиями, доказательствами, контактами или подробным информационным раскрытием",питомник растений; деревообработка; новости экологии; страница с коммерческими словами без совпадения ядра запроса; качественный сайт из другой тематики
строительство бассейна Новосибирск,pool_installation,commercial,Новосибирск,65,10,1,строительство и монтаж бассейнов,строительство бассейна в городе Новосибирск,"страница именно про строительство и монтаж бассейнов с понятным ответом на запрос, условиями, доказательствами, контактами или подробным информационным раскрытием",абонемент в бассейн; надувные бассейны; очистка воды без строительства; страница с коммерческими словами без совпадения ядра запроса; качественный сайт из другой тематики
строительство бассейна цена,pool_installation,commercial,,,10,1,строительство и монтаж бассейнов,стоимость: строительство бассейна,"страница именно про строительство и монтаж бассейнов с понятным ответом на запрос, условиями, доказательствами, контактами или подробным информационным раскрытием",абонемент в бассейн; надувные бассейны; очистка воды без строительства; страница с коммерческими словами без совпадения ядра запроса; качественный сайт из другой тематики
строительство бассейна отзывы,pool_installation,comparison,,,10,1,строительство и монтаж бассейнов,отзывы и выбор: строительство бассейна,"страница именно про строительство и монтаж бассейнов с понятным ответом на запрос, условиями, доказательствами, контактами или подробным информационным раскрытием",абонемент в бассейн; надувные бассейны; очистка воды без строительства; страница с коммерческими словами без совпадения ядра запроса; качественный сайт из другой тематики
как выбрать строительство бассейна,pool_installation,informational,,,10,1,строительство и монтаж бассейнов,выбор по критериям: строительство бассейна,"страница именно про строительство и монтаж бассейнов с понятным ответом на запрос, условиями, доказательствами, контактами или подробным информационным раскрытием",абонемент в бассейн; надувные бассейны; очистка воды без строительства; страница с коммерческими словами без совпадения ядра запроса; качественный сайт из другой тематики
строительство бассейна с гарантией,pool_installation,commercial,,,10,1,строительство и монтаж бассейнов,гарантия и условия: строительство бассейна,"страница именно про строительство и монтаж бассейнов с понятным ответом на запрос, условиями, доказательствами, контактами или подробным информационным раскрытием",абонемент в бассейн; надувные бассейны; очистка воды без строительства; страница с коммерческими словами без совпадения ядра запроса; качественный сайт из другой тематики
строительство бассейна для бизнеса,pool_installation,commercial,,,10,1,строительство и монтаж бассейнов,решение для бизнеса: строительство бассейна,"страница именно про строительство и монтаж бассейнов с понятным ответом на запрос, условиями, доказательствами, контактами или подробным информационным раскрытием",абонемент в бассейн; надувные бассейны; очистка воды без строительства; страница с коммерческими словами без совпадения ядра запроса; качественный сайт из другой тематики
строительство бассейна под ключ,pool_installation,commercial,,,10,1,строительство и монтаж бассейнов,комплексная услуга: строительство бассейна,"страница именно про строительство и монтаж бассейнов с понятным ответом на запрос, условиями, доказательствами, контактами или подробным информационным раскрытием",абонемент в бассейн; надувные бассейны; очистка воды без строительства; страница с коммерческими словами без совпадения ядра запроса; качественный сайт из другой тематики
строительство бассейна рядом,pool_installation,commercial,Новосибирск,65,10,1,строительство и монтаж бассейнов,локальный поиск: строительство бассейна,"страница именно про строительство и монтаж бассейнов с понятным ответом на запрос, условиями, доказательствами, контактами или подробным информационным раскрытием",абонемент в бассейн; надувные бассейны; очистка воды без строительства; страница с коммерческими словами без совпадения ядра запроса; качественный сайт из другой тематики
строительство бассейна консультация,pool_installation,commercial,,,10,1,строительство и монтаж бассейнов,консультация по теме: строительство бассейна,"страница именно про строительство и монтаж бассейнов с понятным ответом на запрос, условиями, доказательствами, контактами или подробным информационным раскрытием",абонемент в бассейн; надувные бассейны; очистка воды без строительства; страница с коммерческими словами без совпадения ядра запроса; качественный сайт из другой тематики
лучшие строительство бассейна,pool_installation,comparison,,,10,1,строительство и монтаж бассейнов,сравнение вариантов: строительство бассейна,"страница именно про строительство и монтаж бассейнов с понятным ответом на запрос, условиями, доказательствами, контактами или подробным информационным раскрытием",абонемент в бассейн; надувные бассейны; очистка воды без строительства; страница с коммерческими словами без совпадения ядра запроса; качественный сайт из другой тематики
строительство бани Москва,sauna_construction,commercial,Москва,213,10,1,строительство бань и саун,строительство бани в городе Москва,"страница именно про строительство бань и саун с понятным ответом на запрос, условиями, доказательствами, контактами или подробным информационным раскрытием",банный магазин; аренда сауны; статья о традициях; страница с коммерческими словами без совпадения ядра запроса; качественный сайт из другой тематики
строительство бани цена,sauna_construction,commercial,,,10,1,строительство бань и саун,стоимость: строительство бани,"страница именно про строительство бань и саун с понятным ответом на запрос, условиями, доказательствами, контактами или подробным информационным раскрытием",банный магазин; аренда сауны; статья о традициях; страница с коммерческими словами без совпадения ядра запроса; качественный сайт из другой тематики
строительство бани отзывы,sauna_construction,comparison,,,10,1,строительство бань и саун,отзывы и выбор: строительство бани,"страница именно про строительство бань и саун с понятным ответом на запрос, условиями, доказательствами, контактами или подробным информационным раскрытием",банный магазин; аренда сауны; статья о традициях; страница с коммерческими словами без совпадения ядра запроса; качественный сайт из другой тематики
как выбрать строительство бани,sauna_construction,informational,,,10,1,строительство бань и саун,выбор по критериям: строительство бани,"страница именно про строительство бань и саун с понятным ответом на запрос, условиями, доказательствами, контактами или подробным информационным раскрытием",банный магазин; аренда сауны; статья о традициях; страница с коммерческими словами без совпадения ядра запроса; качественный сайт из другой тематики
строительство бани с гарантией,sauna_construction,commercial,,,10,1,строительство бань и саун,гарантия и условия: строительство бани,"страница именно про строительство бань и саун с понятным ответом на запрос, условиями, доказательствами, контактами или подробным информационным раскрытием",банный магазин; аренда сауны; статья о традициях; страница с коммерческими словами без совпадения ядра запроса; качественный сайт из другой тематики
строительство бани для бизнеса,sauna_construction,commercial,,,10,1,строительство бань и саун,решение для бизнеса: строительство бани,"страница именно про строительство бань и саун с понятным ответом на запрос, условиями, доказательствами, контактами или подробным информационным раскрытием",банный магазин; аренда сауны; статья о традициях; страница с коммерческими словами без совпадения ядра запроса; качественный сайт из другой тематики
строительство бани под ключ,sauna_construction,commercial,,,10,1,строительство бань и саун,комплексная услуга: строительство бани,"страница именно про строительство бань и саун с понятным ответом на запрос, условиями, доказательствами, контактами или подробным информационным раскрытием",банный магазин; аренда сауны; статья о традициях; страница с коммерческими словами без совпадения ядра запроса; качественный сайт из другой тематики
строительство бани рядом,sauna_construction,commercial,Москва,213,10,1,строительство бань и саун,локальный поиск: строительство бани,"страница именно про строительство бань и саун с понятным ответом на запрос, условиями, доказательствами, контактами или подробным информационным раскрытием",банный магазин; аренда сауны; статья о традициях; страница с коммерческими словами без совпадения ядра запроса; качественный сайт из другой тематики
строительство бани консультация,sauna_construction,commercial,,,10,1,строительство бань и саун,консультация по теме: строительство бани,"страница именно про строительство бань и саун с понятным ответом на запрос, условиями, доказательствами, контактами или подробным информационным раскрытием",банный магазин; аренда сауны; статья о традициях; страница с коммерческими словами без совпадения ядра запроса; качественный сайт из другой тематики
лучшие строительство бани,sauna_construction,comparison,,,10,1,строительство бань и саун,сравнение вариантов: строительство бани,"страница именно про строительство бань и саун с понятным ответом на запрос, условиями, доказательствами, контактами или подробным информационным раскрытием",банный магазин; аренда сауны; статья о традициях; страница с коммерческими словами без совпадения ядра запроса; качественный сайт из другой тематики
ит аутсорсинг Санкт-Петербург,it_outsourcing,commercial,Санкт-Петербург,2,10,1,IT-аутсорсинг и поддержка бизнеса,ит аутсорсинг в городе Санкт-Петербург,"страница именно про IT-аутсорсинг и поддержка бизнеса с понятным ответом на запрос, условиями, доказательствами, контактами или подробным информационным раскрытием",курсы IT; вакансии; магазин компьютеров; страница с коммерческими словами без совпадения ядра запроса; качественный сайт из другой тематики
ит аутсорсинг цена,it_outsourcing,commercial,,,10,1,IT-аутсорсинг и поддержка бизнеса,стоимость: ит аутсорсинг,"страница именно про IT-аутсорсинг и поддержка бизнеса с понятным ответом на запрос, условиями, доказательствами, контактами или подробным информационным раскрытием",курсы IT; вакансии; магазин компьютеров; страница с коммерческими словами без совпадения ядра запроса; качественный сайт из другой тематики
ит аутсорсинг отзывы,it_outsourcing,comparison,,,10,1,IT-аутсорсинг и поддержка бизнеса,отзывы и выбор: ит аутсорсинг,"страница именно про IT-аутсорсинг и поддержка бизнеса с понятным ответом на запрос, условиями, доказательствами, контактами или подробным информационным раскрытием",курсы IT; вакансии; магазин компьютеров; страница с коммерческими словами без совпадения ядра запроса; качественный сайт из другой тематики
как выбрать ит аутсорсинг,it_outsourcing,informational,,,10,1,IT-аутсорсинг и поддержка бизнеса,выбор по критериям: ит аутсорсинг,"страница именно про IT-аутсорсинг и поддержка бизнеса с понятным ответом на запрос, условиями, доказательствами, контактами или подробным информационным раскрытием",курсы IT; вакансии; магазин компьютеров; страница с коммерческими словами без совпадения ядра запроса; качественный сайт из другой тематики
ит аутсорсинг с гарантией,it_outsourcing,commercial,,,10,1,IT-аутсорсинг и поддержка бизнеса,гарантия и условия: ит аутсорсинг,"страница именно про IT-аутсорсинг и поддержка бизнеса с понятным ответом на запрос, условиями, доказательствами, контактами или подробным информационным раскрытием",курсы IT; вакансии; магазин компьютеров; страница с коммерческими словами без совпадения ядра запроса; качественный сайт из другой тематики
ит аутсорсинг для бизнеса,it_outsourcing,commercial,,,10,1,IT-аутсорсинг и поддержка бизнеса,решение для бизнеса: ит аутсорсинг,"страница именно про IT-аутсорсинг и поддержка бизнеса с понятным ответом на запрос, условиями, доказательствами, контактами или подробным информационным раскрытием",курсы IT; вакансии; магазин компьютеров; страница с коммерческими словами без совпадения ядра запроса; качественный сайт из другой тематики
ит аутсорсинг под ключ,it_outsourcing,commercial,,,10,1,IT-аутсорсинг и поддержка бизнеса,комплексная услуга: ит аутсорсинг,"страница именно про IT-аутсорсинг и поддержка бизнеса с понятным ответом на запрос, условиями, доказательствами, контактами или подробным информационным раскрытием",курсы IT; вакансии; магазин компьютеров; страница с коммерческими словами без совпадения ядра запроса; качественный сайт из другой тематики
ит аутсорсинг рядом,it_outsourcing,commercial,Санкт-Петербург,2,10,1,IT-аутсорсинг и поддержка бизнеса,локальный поиск: ит аутсорсинг,"страница именно про IT-аутсорсинг и поддержка бизнеса с понятным ответом на запрос, условиями, доказательствами, контактами или подробным информационным раскрытием",курсы IT; вакансии; магазин компьютеров; страница с коммерческими словами без совпадения ядра запроса; качественный сайт из другой тематики
ит аутсорсинг консультация,it_outsourcing,commercial,,,10,1,IT-аутсорсинг и поддержка бизнеса,консультация по теме: ит аутсорсинг,"страница именно про IT-аутсорсинг и поддержка бизнеса с понятным ответом на запрос, условиями, доказательствами, контактами или подробным информационным раскрытием",курсы IT; вакансии; магазин компьютеров; страница с коммерческими словами без совпадения ядра запроса; качественный сайт из другой тематики
лучшие ит аутсорсинг,it_outsourcing,comparison,,,10,1,IT-аутсорсинг и поддержка бизнеса,сравнение вариантов: ит аутсорсинг,"страница именно про IT-аутсорсинг и поддержка бизнеса с понятным ответом на запрос, условиями, доказательствами, контактами или подробным информационным раскрытием",курсы IT; вакансии; магазин компьютеров; страница с коммерческими словами без совпадения ядра запроса; качественный сайт из другой тематики
аудит информационной безопасности Екатеринбург,cybersecurity_audit,commercial,Екатеринбург,54,10,1,кибербезопасность и аудит ИБ,аудит информационной безопасности в городе Екатеринбург,"страница именно про кибербезопасность и аудит ИБ с понятным ответом на запрос, условиями, доказательствами, контактами или подробным информационным раскрытием",новости хакеров; антивирус для дома; курсы безопасности; страница с коммерческими словами без совпадения ядра запроса; качественный сайт из другой тематики
аудит информационной безопасности цена,cybersecurity_audit,commercial,,,10,1,кибербезопасность и аудит ИБ,стоимость: аудит информационной безопасности,"страница именно про кибербезопасность и аудит ИБ с понятным ответом на запрос, условиями, доказательствами, контактами или подробным информационным раскрытием",новости хакеров; антивирус для дома; курсы безопасности; страница с коммерческими словами без совпадения ядра запроса; качественный сайт из другой тематики
аудит информационной безопасности отзывы,cybersecurity_audit,comparison,,,10,1,кибербезопасность и аудит ИБ,отзывы и выбор: аудит информационной безопасности,"страница именно про кибербезопасность и аудит ИБ с понятным ответом на запрос, условиями, доказательствами, контактами или подробным информационным раскрытием",новости хакеров; антивирус для дома; курсы безопасности; страница с коммерческими словами без совпадения ядра запроса; качественный сайт из другой тематики
как выбрать аудит информационной безопасности,cybersecurity_audit,informational,,,10,1,кибербезопасность и аудит ИБ,выбор по критериям: аудит информационной безопасности,"страница именно про кибербезопасность и аудит ИБ с понятным ответом на запрос, условиями, доказательствами, контактами или подробным информационным раскрытием",новости хакеров; антивирус для дома; курсы безопасности; страница с коммерческими словами без совпадения ядра запроса; качественный сайт из другой тематики
аудит информационной безопасности с гарантией,cybersecurity_audit,commercial,,,10,1,кибербезопасность и аудит ИБ,гарантия и условия: аудит информационной безопасности,"страница именно про кибербезопасность и аудит ИБ с понятным ответом на запрос, условиями, доказательствами, контактами или подробным информационным раскрытием",новости хакеров; антивирус для дома; курсы безопасности; страница с коммерческими словами без совпадения ядра запроса; качественный сайт из другой тематики
аудит информационной безопасности для бизнеса,cybersecurity_audit,commercial,,,10,1,кибербезопасность и аудит ИБ,решение для бизнеса: аудит информационной безопасности,"страница именно про кибербезопасность и аудит ИБ с понятным ответом на запрос, условиями, доказательствами, контактами или подробным информационным раскрытием",новости хакеров; антивирус для дома; курсы безопасности; страница с коммерческими словами без совпадения ядра запроса; качественный сайт из другой тематики
аудит информационной безопасности под ключ,cybersecurity_audit,commercial,,,10,1,кибербезопасность и аудит ИБ,комплексная услуга: аудит информационной безопасности,"страница именно про кибербезопасность и аудит ИБ с понятным ответом на запрос, условиями, доказательствами, контактами или подробным информационным раскрытием",новости хакеров; антивирус для дома; курсы безопасности; страница с коммерческими словами без совпадения ядра запроса; качественный сайт из другой тематики
аудит информационной безопасности рядом,cybersecurity_audit,commercial,Екатеринбург,54,10,1,кибербезопасность и аудит ИБ,локальный поиск: аудит информационной безопасности,"страница именно про кибербезопасность и аудит ИБ с понятным ответом на запрос, условиями, доказательствами, контактами или подробным информационным раскрытием",новости хакеров; антивирус для дома; курсы безопасности; страница с коммерческими словами без совпадения ядра запроса; качественный сайт из другой тематики
аудит информационной безопасности консультация,cybersecurity_audit,commercial,,,10,1,кибербезопасность и аудит ИБ,консультация по теме: аудит информационной безопасности,"страница именно про кибербезопасность и аудит ИБ с понятным ответом на запрос, условиями, доказательствами, контактами или подробным информационным раскрытием",новости хакеров; антивирус для дома; курсы безопасности; страница с коммерческими словами без совпадения ядра запроса; качественный сайт из другой тематики
лучшие аудит информационной безопасности,cybersecurity_audit,comparison,,,10,1,кибербезопасность и аудит ИБ,сравнение вариантов: аудит информационной безопасности,"страница именно про кибербезопасность и аудит ИБ с понятным ответом на запрос, условиями, доказательствами, контактами или подробным информационным раскрытием",новости хакеров; антивирус для дома; курсы безопасности; страница с коммерческими словами без совпадения ядра запроса; качественный сайт из другой тематики
внедрение crm Казань,crm_integration,commercial,Казань,43,10,1,внедрение CRM-систем,внедрение crm в городе Казань,"страница именно про внедрение CRM-систем с понятным ответом на запрос, условиями, доказательствами, контактами или подробным информационным раскрытием",обзор CRM без внедрения; разработка сайта; обучение продажам; страница с коммерческими словами без совпадения ядра запроса; качественный сайт из другой тематики
внедрение crm цена,crm_integration,commercial,,,10,1,внедрение CRM-систем,стоимость: внедрение crm,"страница именно про внедрение CRM-систем с понятным ответом на запрос, условиями, доказательствами, контактами или подробным информационным раскрытием",обзор CRM без внедрения; разработка сайта; обучение продажам; страница с коммерческими словами без совпадения ядра запроса; качественный сайт из другой тематики
внедрение crm отзывы,crm_integration,comparison,,,10,1,внедрение CRM-систем,отзывы и выбор: внедрение crm,"страница именно про внедрение CRM-систем с понятным ответом на запрос, условиями, доказательствами, контактами или подробным информационным раскрытием",обзор CRM без внедрения; разработка сайта; обучение продажам; страница с коммерческими словами без совпадения ядра запроса; качественный сайт из другой тематики
как выбрать внедрение crm,crm_integration,informational,,,10,1,внедрение CRM-систем,выбор по критериям: внедрение crm,"страница именно про внедрение CRM-систем с понятным ответом на запрос, условиями, доказательствами, контактами или подробным информационным раскрытием",обзор CRM без внедрения; разработка сайта; обучение продажам; страница с коммерческими словами без совпадения ядра запроса; качественный сайт из другой тематики
внедрение crm с гарантией,crm_integration,commercial,,,10,1,внедрение CRM-систем,гарантия и условия: внедрение crm,"страница именно про внедрение CRM-систем с понятным ответом на запрос, условиями, доказательствами, контактами или подробным информационным раскрытием",обзор CRM без внедрения; разработка сайта; обучение продажам; страница с коммерческими словами без совпадения ядра запроса; качественный сайт из другой тематики
внедрение crm для бизнеса,crm_integration,commercial,,,10,1,внедрение CRM-систем,решение для бизнеса: внедрение crm,"страница именно про внедрение CRM-систем с понятным ответом на запрос, условиями, доказательствами, контактами или подробным информационным раскрытием",обзор CRM без внедрения; разработка сайта; обучение продажам; страница с коммерческими словами без совпадения ядра запроса; качественный сайт из другой тематики
внедрение crm под ключ,crm_integration,commercial,,,10,1,внедрение CRM-систем,комплексная услуга: внедрение crm,"страница именно про внедрение CRM-систем с понятным ответом на запрос, условиями, доказательствами, контактами или подробным информационным раскрытием",обзор CRM без внедрения; разработка сайта; обучение продажам; страница с коммерческими словами без совпадения ядра запроса; качественный сайт из другой тематики
внедрение crm рядом,crm_integration,commercial,Казань,43,10,1,внедрение CRM-систем,локальный поиск: внедрение crm,"страница именно про внедрение CRM-систем с понятным ответом на запрос, условиями, доказательствами, контактами или подробным информационным раскрытием",обзор CRM без внедрения; разработка сайта; обучение продажам; страница с коммерческими словами без совпадения ядра запроса; качественный сайт из другой тематики
внедрение crm консультация,crm_integration,commercial,,,10,1,внедрение CRM-систем,консультация по теме: внедрение crm,"страница именно про внедрение CRM-систем с понятным ответом на запрос, условиями, доказательствами, контактами или подробным информационным раскрытием",обзор CRM без внедрения; разработка сайта; обучение продажам; страница с коммерческими словами без совпадения ядра запроса; качественный сайт из другой тематики
лучшие внедрение crm,crm_integration,comparison,,,10,1,внедрение CRM-систем,сравнение вариантов: внедрение crm,"страница именно про внедрение CRM-систем с понятным ответом на запрос, условиями, доказательствами, контактами или подробным информационным раскрытием",обзор CRM без внедрения; разработка сайта; обучение продажам; страница с коммерческими словами без совпадения ядра запроса; качественный сайт из другой тематики
внедрение erp Новосибирск,erp_consulting,commercial,Новосибирск,65,10,1,ERP-консалтинг и автоматизация,внедрение erp в городе Новосибирск,"страница именно про ERP-консалтинг и автоматизация с понятным ответом на запрос, условиями, доказательствами, контактами или подробным информационным раскрытием",бухгалтерская программа; вакансии консультанта; статьи без внедрения; страница с коммерческими словами без совпадения ядра запроса; качественный сайт из другой тематики
внедрение erp цена,erp_consulting,commercial,,,10,1,ERP-консалтинг и автоматизация,стоимость: внедрение erp,"страница именно про ERP-консалтинг и автоматизация с понятным ответом на запрос, условиями, доказательствами, контактами или подробным информационным раскрытием",бухгалтерская программа; вакансии консультанта; статьи без внедрения; страница с коммерческими словами без совпадения ядра запроса; качественный сайт из другой тематики
внедрение erp отзывы,erp_consulting,comparison,,,10,1,ERP-консалтинг и автоматизация,отзывы и выбор: внедрение erp,"страница именно про ERP-консалтинг и автоматизация с понятным ответом на запрос, условиями, доказательствами, контактами или подробным информационным раскрытием",бухгалтерская программа; вакансии консультанта; статьи без внедрения; страница с коммерческими словами без совпадения ядра запроса; качественный сайт из другой тематики
как выбрать внедрение erp,erp_consulting,informational,,,10,1,ERP-консалтинг и автоматизация,выбор по критериям: внедрение erp,"страница именно про ERP-консалтинг и автоматизация с понятным ответом на запрос, условиями, доказательствами, контактами или подробным информационным раскрытием",бухгалтерская программа; вакансии консультанта; статьи без внедрения; страница с коммерческими словами без совпадения ядра запроса; качественный сайт из другой тематики
внедрение erp с гарантией,erp_consulting,commercial,,,10,1,ERP-консалтинг и автоматизация,гарантия и условия: внедрение erp,"страница именно про ERP-консалтинг и автоматизация с понятным ответом на запрос, условиями, доказательствами, контактами или подробным информационным раскрытием",бухгалтерская программа; вакансии консультанта; статьи без внедрения; страница с коммерческими словами без совпадения ядра запроса; качественный сайт из другой тематики
внедрение erp для бизнеса,erp_consulting,commercial,,,10,1,ERP-консалтинг и автоматизация,решение для бизнеса: внедрение erp,"страница именно про ERP-консалтинг и автоматизация с понятным ответом на запрос, условиями, доказательствами, контактами или подробным информационным раскрытием",бухгалтерская программа; вакансии консультанта; статьи без внедрения; страница с коммерческими словами без совпадения ядра запроса; качественный сайт из другой тематики
внедрение erp под ключ,erp_consulting,commercial,,,10,1,ERP-консалтинг и автоматизация,комплексная услуга: внедрение erp,"страница именно про ERP-консалтинг и автоматизация с понятным ответом на запрос, условиями, доказательствами, контактами или подробным информационным раскрытием",бухгалтерская программа; вакансии консультанта; статьи без внедрения; страница с коммерческими словами без совпадения ядра запроса; качественный сайт из другой тематики
внедрение erp рядом,erp_consulting,commercial,Новосибирск,65,10,1,ERP-консалтинг и автоматизация,локальный поиск: внедрение erp,"страница именно про ERP-консалтинг и автоматизация с понятным ответом на запрос, условиями, доказательствами, контактами или подробным информационным раскрытием",бухгалтерская программа; вакансии консультанта; статьи без внедрения; страница с коммерческими словами без совпадения ядра запроса; качественный сайт из другой тематики
внедрение erp консультация,erp_consulting,commercial,,,10,1,ERP-консалтинг и автоматизация,консультация по теме: внедрение erp,"страница именно про ERP-консалтинг и автоматизация с понятным ответом на запрос, условиями, доказательствами, контактами или подробным информационным раскрытием",бухгалтерская программа; вакансии консультанта; статьи без внедрения; страница с коммерческими словами без совпадения ядра запроса; качественный сайт из другой тематики
лучшие внедрение erp,erp_consulting,comparison,,,10,1,ERP-консалтинг и автоматизация,сравнение вариантов: внедрение erp,"страница именно про ERP-консалтинг и автоматизация с понятным ответом на запрос, условиями, доказательствами, контактами или подробным информационным раскрытием",бухгалтерская программа; вакансии консультанта; статьи без внедрения; страница с коммерческими словами без совпадения ядра запроса; качественный сайт из другой тематики
подбор персонала Москва,hr_recruitment,commercial,Москва,213,10,1,рекрутинг и подбор сотрудников,подбор персонала в городе Москва,"страница именно про рекрутинг и подбор сотрудников с понятным ответом на запрос, условиями, доказательствами, контактами или подробным информационным раскрытием",доска вакансий; курсы HR; кадровый учет; страница с коммерческими словами без совпадения ядра запроса; качественный сайт из другой тематики
подбор персонала цена,hr_recruitment,commercial,,,10,1,рекрутинг и подбор сотрудников,стоимость: подбор персонала,"страница именно про рекрутинг и подбор сотрудников с понятным ответом на запрос, условиями, доказательствами, контактами или подробным информационным раскрытием",доска вакансий; курсы HR; кадровый учет; страница с коммерческими словами без совпадения ядра запроса; качественный сайт из другой тематики
подбор персонала отзывы,hr_recruitment,comparison,,,10,1,рекрутинг и подбор сотрудников,отзывы и выбор: подбор персонала,"страница именно про рекрутинг и подбор сотрудников с понятным ответом на запрос, условиями, доказательствами, контактами или подробным информационным раскрытием",доска вакансий; курсы HR; кадровый учет; страница с коммерческими словами без совпадения ядра запроса; качественный сайт из другой тематики
как выбрать подбор персонала,hr_recruitment,informational,,,10,1,рекрутинг и подбор сотрудников,выбор по критериям: подбор персонала,"страница именно про рекрутинг и подбор сотрудников с понятным ответом на запрос, условиями, доказательствами, контактами или подробным информационным раскрытием",доска вакансий; курсы HR; кадровый учет; страница с коммерческими словами без совпадения ядра запроса; качественный сайт из другой тематики
подбор персонала с гарантией,hr_recruitment,commercial,,,10,1,рекрутинг и подбор сотрудников,гарантия и условия: подбор персонала,"страница именно про рекрутинг и подбор сотрудников с понятным ответом на запрос, условиями, доказательствами, контактами или подробным информационным раскрытием",доска вакансий; курсы HR; кадровый учет; страница с коммерческими словами без совпадения ядра запроса; качественный сайт из другой тематики
подбор персонала для бизнеса,hr_recruitment,commercial,,,10,1,рекрутинг и подбор сотрудников,решение для бизнеса: подбор персонала,"страница именно про рекрутинг и подбор сотрудников с понятным ответом на запрос, условиями, доказательствами, контактами или подробным информационным раскрытием",доска вакансий; курсы HR; кадровый учет; страница с коммерческими словами без совпадения ядра запроса; качественный сайт из другой тематики
подбор персонала под ключ,hr_recruitment,commercial,,,10,1,рекрутинг и подбор сотрудников,комплексная услуга: подбор персонала,"страница именно про рекрутинг и подбор сотрудников с понятным ответом на запрос, условиями, доказательствами, контактами или подробным информационным раскрытием",доска вакансий; курсы HR; кадровый учет; страница с коммерческими словами без совпадения ядра запроса; качественный сайт из другой тематики
подбор персонала рядом,hr_recruitment,commercial,Москва,213,10,1,рекрутинг и подбор сотрудников,локальный поиск: подбор персонала,"страница именно про рекрутинг и подбор сотрудников с понятным ответом на запрос, условиями, доказательствами, контактами или подробным информационным раскрытием",доска вакансий; курсы HR; кадровый учет; страница с коммерческими словами без совпадения ядра запроса; качественный сайт из другой тематики
подбор персонала консультация,hr_recruitment,commercial,,,10,1,рекрутинг и подбор сотрудников,консультация по теме: подбор персонала,"страница именно про рекрутинг и подбор сотрудников с понятным ответом на запрос, условиями, доказательствами, контактами или подробным информационным раскрытием",доска вакансий; курсы HR; кадровый учет; страница с коммерческими словами без совпадения ядра запроса; качественный сайт из другой тематики
лучшие подбор персонала,hr_recruitment,comparison,,,10,1,рекрутинг и подбор сотрудников,сравнение вариантов: подбор персонала,"страница именно про рекрутинг и подбор сотрудников с понятным ответом на запрос, условиями, доказательствами, контактами или подробным информационным раскрытием",доска вакансий; курсы HR; кадровый учет; страница с коммерческими словами без совпадения ядра запроса; качественный сайт из другой тематики
корпоративное обучение Санкт-Петербург,corporate_training,commercial,Санкт-Петербург,2,10,1,обучение сотрудников компаний,корпоративное обучение в городе Санкт-Петербург,"страница именно про обучение сотрудников компаний с понятным ответом на запрос, условиями, доказательствами, контактами или подробным информационным раскрытием",школьные курсы; вакансии тренера; статьи без программы; страница с коммерческими словами без совпадения ядра запроса; качественный сайт из другой тематики
корпоративное обучение цена,corporate_training,commercial,,,10,1,обучение сотрудников компаний,стоимость: корпоративное обучение,"страница именно про обучение сотрудников компаний с понятным ответом на запрос, условиями, доказательствами, контактами или подробным информационным раскрытием",школьные курсы; вакансии тренера; статьи без программы; страница с коммерческими словами без совпадения ядра запроса; качественный сайт из другой тематики
корпоративное обучение отзывы,corporate_training,comparison,,,10,1,обучение сотрудников компаний,отзывы и выбор: корпоративное обучение,"страница именно про обучение сотрудников компаний с понятным ответом на запрос, условиями, доказательствами, контактами или подробным информационным раскрытием",школьные курсы; вакансии тренера; статьи без программы; страница с коммерческими словами без совпадения ядра запроса; качественный сайт из другой тематики
как выбрать корпоративное обучение,corporate_training,informational,,,10,1,обучение сотрудников компаний,выбор по критериям: корпоративное обучение,"страница именно про обучение сотрудников компаний с понятным ответом на запрос, условиями, доказательствами, контактами или подробным информационным раскрытием",школьные курсы; вакансии тренера; статьи без программы; страница с коммерческими словами без совпадения ядра запроса; качественный сайт из другой тематики
корпоративное обучение с гарантией,corporate_training,commercial,,,10,1,обучение сотрудников компаний,гарантия и условия: корпоративное обучение,"страница именно про обучение сотрудников компаний с понятным ответом на запрос, условиями, доказательствами, контактами или подробным информационным раскрытием",школьные курсы; вакансии тренера; статьи без программы; страница с коммерческими словами без совпадения ядра запроса; качественный сайт из другой тематики
корпоративное обучение для бизнеса,corporate_training,commercial,,,10,1,обучение сотрудников компаний,решение для бизнеса: корпоративное обучение,"страница именно про обучение сотрудников компаний с понятным ответом на запрос, условиями, доказательствами, контактами или подробным информационным раскрытием",школьные курсы; вакансии тренера; статьи без программы; страница с коммерческими словами без совпадения ядра запроса; качественный сайт из другой тематики
корпоративное обучение под ключ,corporate_training,commercial,,,10,1,обучение сотрудников компаний,комплексная услуга: корпоративное обучение,"страница именно про обучение сотрудников компаний с понятным ответом на запрос, условиями, доказательствами, контактами или подробным информационным раскрытием",школьные курсы; вакансии тренера; статьи без программы; страница с коммерческими словами без совпадения ядра запроса; качественный сайт из другой тематики
корпоративное обучение рядом,corporate_training,commercial,Санкт-Петербург,2,10,1,обучение сотрудников компаний,локальный поиск: корпоративное обучение,"страница именно про обучение сотрудников компаний с понятным ответом на запрос, условиями, доказательствами, контактами или подробным информационным раскрытием",школьные курсы; вакансии тренера; статьи без программы; страница с коммерческими словами без совпадения ядра запроса; качественный сайт из другой тематики
корпоративное обучение консультация,corporate_training,commercial,,,10,1,обучение сотрудников компаний,консультация по теме: корпоративное обучение,"страница именно про обучение сотрудников компаний с понятным ответом на запрос, условиями, доказательствами, контактами или подробным информационным раскрытием",школьные курсы; вакансии тренера; статьи без программы; страница с коммерческими словами без совпадения ядра запроса; качественный сайт из другой тематики
лучшие корпоративное обучение,corporate_training,comparison,,,10,1,обучение сотрудников компаний,сравнение вариантов: корпоративное обучение,"страница именно про обучение сотрудников компаний с понятным ответом на запрос, условиями, доказательствами, контактами или подробным информационным раскрытием",школьные курсы; вакансии тренера; статьи без программы; страница с коммерческими словами без совпадения ядра запроса; качественный сайт из другой тематики
центр реабилитации Екатеринбург,medical_rehabilitation,commercial,Екатеринбург,54,10,1,медицинская реабилитация,центр реабилитации в городе Екатеринбург,"страница именно про медицинская реабилитация с понятным ответом на запрос, условиями, доказательствами, контактами или подробным информационным раскрытием",санаторий без реабилитации; фитнес-клуб; статья о здоровье; страница с коммерческими словами без совпадения ядра запроса; качественный сайт из другой тематики
центр реабилитации цена,medical_rehabilitation,commercial,,,10,1,медицинская реабилитация,стоимость: центр реабилитации,"страница именно про медицинская реабилитация с понятным ответом на запрос, условиями, доказательствами, контактами или подробным информационным раскрытием",санаторий без реабилитации; фитнес-клуб; статья о здоровье; страница с коммерческими словами без совпадения ядра запроса; качественный сайт из другой тематики
центр реабилитации отзывы,medical_rehabilitation,comparison,,,10,1,медицинская реабилитация,отзывы и выбор: центр реабилитации,"страница именно про медицинская реабилитация с понятным ответом на запрос, условиями, доказательствами, контактами или подробным информационным раскрытием",санаторий без реабилитации; фитнес-клуб; статья о здоровье; страница с коммерческими словами без совпадения ядра запроса; качественный сайт из другой тематики
как выбрать центр реабилитации,medical_rehabilitation,informational,,,10,1,медицинская реабилитация,выбор по критериям: центр реабилитации,"страница именно про медицинская реабилитация с понятным ответом на запрос, условиями, доказательствами, контактами или подробным информационным раскрытием",санаторий без реабилитации; фитнес-клуб; статья о здоровье; страница с коммерческими словами без совпадения ядра запроса; качественный сайт из другой тематики
центр реабилитации с гарантией,medical_rehabilitation,commercial,,,10,1,медицинская реабилитация,гарантия и условия: центр реабилитации,"страница именно про медицинская реабилитация с понятным ответом на запрос, условиями, доказательствами, контактами или подробным информационным раскрытием",санаторий без реабилитации; фитнес-клуб; статья о здоровье; страница с коммерческими словами без совпадения ядра запроса; качественный сайт из другой тематики
центр реабилитации для бизнеса,medical_rehabilitation,commercial,,,10,1,медицинская реабилитация,решение для бизнеса: центр реабилитации,"страница именно про медицинская реабилитация с понятным ответом на запрос, условиями, доказательствами, контактами или подробным информационным раскрытием",санаторий без реабилитации; фитнес-клуб; статья о здоровье; страница с коммерческими словами без совпадения ядра запроса; качественный сайт из другой тематики
центр реабилитации под ключ,medical_rehabilitation,commercial,,,10,1,медицинская реабилитация,комплексная услуга: центр реабилитации,"страница именно про медицинская реабилитация с понятным ответом на запрос, условиями, доказательствами, контактами или подробным информационным раскрытием",санаторий без реабилитации; фитнес-клуб; статья о здоровье; страница с коммерческими словами без совпадения ядра запроса; качественный сайт из другой тематики
центр реабилитации рядом,medical_rehabilitation,commercial,Екатеринбург,54,10,1,медицинская реабилитация,локальный поиск: центр реабилитации,"страница именно про медицинская реабилитация с понятным ответом на запрос, условиями, доказательствами, контактами или подробным информационным раскрытием",санаторий без реабилитации; фитнес-клуб; статья о здоровье; страница с коммерческими словами без совпадения ядра запроса; качественный сайт из другой тематики
центр реабилитации консультация,medical_rehabilitation,commercial,,,10,1,медицинская реабилитация,консультация по теме: центр реабилитации,"страница именно про медицинская реабилитация с понятным ответом на запрос, условиями, доказательствами, контактами или подробным информационным раскрытием",санаторий без реабилитации; фитнес-клуб; статья о здоровье; страница с коммерческими словами без совпадения ядра запроса; качественный сайт из другой тематики
лучшие центр реабилитации,medical_rehabilitation,comparison,,,10,1,медицинская реабилитация,сравнение вариантов: центр реабилитации,"страница именно про медицинская реабилитация с понятным ответом на запрос, условиями, доказательствами, контактами или подробным информационным раскрытием",санаторий без реабилитации; фитнес-клуб; статья о здоровье; страница с коммерческими словами без совпадения ядра запроса; качественный сайт из другой тематики
ортопедическая клиника Казань,orthopedic_clinic,commercial,Казань,43,10,1,ортопедия и лечение суставов,ортопедическая клиника в городе Казань,"страница именно про ортопедия и лечение суставов с понятным ответом на запрос, условиями, доказательствами, контактами или подробным информационным раскрытием",ортопедические товары; стоматология; форум пациентов; страница с коммерческими словами без совпадения ядра запроса; качественный сайт из другой тематики
ортопедическая клиника цена,orthopedic_clinic,commercial,,,10,1,ортопедия и лечение суставов,стоимость: ортопедическая клиника,"страница именно про ортопедия и лечение суставов с понятным ответом на запрос, условиями, доказательствами, контактами или подробным информационным раскрытием",ортопедические товары; стоматология; форум пациентов; страница с коммерческими словами без совпадения ядра запроса; качественный сайт из другой тематики
ортопедическая клиника отзывы,orthopedic_clinic,comparison,,,10,1,ортопедия и лечение суставов,отзывы и выбор: ортопедическая клиника,"страница именно про ортопедия и лечение суставов с понятным ответом на запрос, условиями, доказательствами, контактами или подробным информационным раскрытием",ортопедические товары; стоматология; форум пациентов; страница с коммерческими словами без совпадения ядра запроса; качественный сайт из другой тематики
как выбрать ортопедическая клиника,orthopedic_clinic,informational,,,10,1,ортопедия и лечение суставов,выбор по критериям: ортопедическая клиника,"страница именно про ортопедия и лечение суставов с понятным ответом на запрос, условиями, доказательствами, контактами или подробным информационным раскрытием",ортопедические товары; стоматология; форум пациентов; страница с коммерческими словами без совпадения ядра запроса; качественный сайт из другой тематики
ортопедическая клиника с гарантией,orthopedic_clinic,commercial,,,10,1,ортопедия и лечение суставов,гарантия и условия: ортопедическая клиника,"страница именно про ортопедия и лечение суставов с понятным ответом на запрос, условиями, доказательствами, контактами или подробным информационным раскрытием",ортопедические товары; стоматология; форум пациентов; страница с коммерческими словами без совпадения ядра запроса; качественный сайт из другой тематики
ортопедическая клиника для бизнеса,orthopedic_clinic,commercial,,,10,1,ортопедия и лечение суставов,решение для бизнеса: ортопедическая клиника,"страница именно про ортопедия и лечение суставов с понятным ответом на запрос, условиями, доказательствами, контактами или подробным информационным раскрытием",ортопедические товары; стоматология; форум пациентов; страница с коммерческими словами без совпадения ядра запроса; качественный сайт из другой тематики
ортопедическая клиника под ключ,orthopedic_clinic,commercial,,,10,1,ортопедия и лечение суставов,комплексная услуга: ортопедическая клиника,"страница именно про ортопедия и лечение суставов с понятным ответом на запрос, условиями, доказательствами, контактами или подробным информационным раскрытием",ортопедические товары; стоматология; форум пациентов; страница с коммерческими словами без совпадения ядра запроса; качественный сайт из другой тематики
ортопедическая клиника рядом,orthopedic_clinic,commercial,Казань,43,10,1,ортопедия и лечение суставов,локальный поиск: ортопедическая клиника,"страница именно про ортопедия и лечение суставов с понятным ответом на запрос, условиями, доказательствами, контактами или подробным информационным раскрытием",ортопедические товары; стоматология; форум пациентов; страница с коммерческими словами без совпадения ядра запроса; качественный сайт из другой тематики
ортопедическая клиника консультация,orthopedic_clinic,commercial,,,10,1,ортопедия и лечение суставов,консультация по теме: ортопедическая клиника,"страница именно про ортопедия и лечение суставов с понятным ответом на запрос, условиями, доказательствами, контактами или подробным информационным раскрытием",ортопедические товары; стоматология; форум пациентов; страница с коммерческими словами без совпадения ядра запроса; качественный сайт из другой тематики
лучшие ортопедическая клиника,orthopedic_clinic,comparison,,,10,1,ортопедия и лечение суставов,сравнение вариантов: ортопедическая клиника,"страница именно про ортопедия и лечение суставов с понятным ответом на запрос, условиями, доказательствами, контактами или подробным информационным раскрытием",ортопедические товары; стоматология; форум пациентов; страница с коммерческими словами без совпадения ядра запроса; качественный сайт из другой тематики
офтальмологическая клиника Новосибирск,ophthalmology,commercial,Новосибирск,65,10,1,офтальмология и лечение зрения,офтальмологическая клиника в городе Новосибирск,"страница именно про офтальмология и лечение зрения с понятным ответом на запрос, условиями, доказательствами, контактами или подробным информационным раскрытием",магазин очков; новости медицины; ветеринарный офтальмолог; страница с коммерческими словами без совпадения ядра запроса; качественный сайт из другой тематики
офтальмологическая клиника цена,ophthalmology,commercial,,,10,1,офтальмология и лечение зрения,стоимость: офтальмологическая клиника,"страница именно про офтальмология и лечение зрения с понятным ответом на запрос, условиями, доказательствами, контактами или подробным информационным раскрытием",магазин очков; новости медицины; ветеринарный офтальмолог; страница с коммерческими словами без совпадения ядра запроса; качественный сайт из другой тематики
офтальмологическая клиника отзывы,ophthalmology,comparison,,,10,1,офтальмология и лечение зрения,отзывы и выбор: офтальмологическая клиника,"страница именно про офтальмология и лечение зрения с понятным ответом на запрос, условиями, доказательствами, контактами или подробным информационным раскрытием",магазин очков; новости медицины; ветеринарный офтальмолог; страница с коммерческими словами без совпадения ядра запроса; качественный сайт из другой тематики
как выбрать офтальмологическая клиника,ophthalmology,informational,,,10,1,офтальмология и лечение зрения,выбор по критериям: офтальмологическая клиника,"страница именно про офтальмология и лечение зрения с понятным ответом на запрос, условиями, доказательствами, контактами или подробным информационным раскрытием",магазин очков; новости медицины; ветеринарный офтальмолог; страница с коммерческими словами без совпадения ядра запроса; качественный сайт из другой тематики
офтальмологическая клиника с гарантией,ophthalmology,commercial,,,10,1,офтальмология и лечение зрения,гарантия и условия: офтальмологическая клиника,"страница именно про офтальмология и лечение зрения с понятным ответом на запрос, условиями, доказательствами, контактами или подробным информационным раскрытием",магазин очков; новости медицины; ветеринарный офтальмолог; страница с коммерческими словами без совпадения ядра запроса; качественный сайт из другой тематики
офтальмологическая клиника для бизнеса,ophthalmology,commercial,,,10,1,офтальмология и лечение зрения,решение для бизнеса: офтальмологическая клиника,"страница именно про офтальмология и лечение зрения с понятным ответом на запрос, условиями, доказательствами, контактами или подробным информационным раскрытием",магазин очков; новости медицины; ветеринарный офтальмолог; страница с коммерческими словами без совпадения ядра запроса; качественный сайт из другой тематики
офтальмологическая клиника под ключ,ophthalmology,commercial,,,10,1,офтальмология и лечение зрения,комплексная услуга: офтальмологическая клиника,"страница именно про офтальмология и лечение зрения с понятным ответом на запрос, условиями, доказательствами, контактами или подробным информационным раскрытием",магазин очков; новости медицины; ветеринарный офтальмолог; страница с коммерческими словами без совпадения ядра запроса; качественный сайт из другой тематики
офтальмологическая клиника рядом,ophthalmology,commercial,Новосибирск,65,10,1,офтальмология и лечение зрения,локальный поиск: офтальмологическая клиника,"страница именно про офтальмология и лечение зрения с понятным ответом на запрос, условиями, доказательствами, контактами или подробным информационным раскрытием",магазин очков; новости медицины; ветеринарный офтальмолог; страница с коммерческими словами без совпадения ядра запроса; качественный сайт из другой тематики
офтальмологическая клиника консультация,ophthalmology,commercial,,,10,1,офтальмология и лечение зрения,консультация по теме: офтальмологическая клиника,"страница именно про офтальмология и лечение зрения с понятным ответом на запрос, условиями, доказательствами, контактами или подробным информационным раскрытием",магазин очков; новости медицины; ветеринарный офтальмолог; страница с коммерческими словами без совпадения ядра запроса; качественный сайт из другой тематики
лучшие офтальмологическая клиника,ophthalmology,comparison,,,10,1,офтальмология и лечение зрения,сравнение вариантов: офтальмологическая клиника,"страница именно про офтальмология и лечение зрения с понятным ответом на запрос, условиями, доказательствами, контактами или подробным информационным раскрытием",магазин очков; новости медицины; ветеринарный офтальмолог; страница с коммерческими словами без совпадения ядра запроса; качественный сайт из другой тематики
дерматолог Москва,dermatology,commercial,Москва,213,10,1,дерматологические услуги,дерматолог в городе Москва,"страница именно про дерматологические услуги с понятным ответом на запрос, условиями, доказательствами, контактами или подробным информационным раскрытием",косметика; форум о коже; курсы косметолога; страница с коммерческими словами без совпадения ядра запроса; качественный сайт из другой тематики
дерматолог цена,dermatology,commercial,,,10,1,дерматологические услуги,стоимость: дерматолог,"страница именно про дерматологические услуги с понятным ответом на запрос, условиями, доказательствами, контактами или подробным информационным раскрытием",косметика; форум о коже; курсы косметолога; страница с коммерческими словами без совпадения ядра запроса; качественный сайт из другой тематики
дерматолог отзывы,dermatology,comparison,,,10,1,дерматологические услуги,отзывы и выбор: дерматолог,"страница именно про дерматологические услуги с понятным ответом на запрос, условиями, доказательствами, контактами или подробным информационным раскрытием",косметика; форум о коже; курсы косметолога; страница с коммерческими словами без совпадения ядра запроса; качественный сайт из другой тематики
как выбрать дерматолог,dermatology,informational,,,10,1,дерматологические услуги,выбор по критериям: дерматолог,"страница именно про дерматологические услуги с понятным ответом на запрос, условиями, доказательствами, контактами или подробным информационным раскрытием",косметика; форум о коже; курсы косметолога; страница с коммерческими словами без совпадения ядра запроса; качественный сайт из другой тематики
дерматолог с гарантией,dermatology,commercial,,,10,1,дерматологические услуги,гарантия и условия: дерматолог,"страница именно про дерматологические услуги с понятным ответом на запрос, условиями, доказательствами, контактами или подробным информационным раскрытием",косметика; форум о коже; курсы косметолога; страница с коммерческими словами без совпадения ядра запроса; качественный сайт из другой тематики
дерматолог для бизнеса,dermatology,commercial,,,10,1,дерматологические услуги,решение для бизнеса: дерматолог,"страница именно про дерматологические услуги с понятным ответом на запрос, условиями, доказательствами, контактами или подробным информационным раскрытием",косметика; форум о коже; курсы косметолога; страница с коммерческими словами без совпадения ядра запроса; качественный сайт из другой тематики
дерматолог под ключ,dermatology,commercial,,,10,1,дерматологические услуги,комплексная услуга: дерматолог,"страница именно про дерматологические услуги с понятным ответом на запрос, условиями, доказательствами, контактами или подробным информационным раскрытием",косметика; форум о коже; курсы косметолога; страница с коммерческими словами без совпадения ядра запроса; качественный сайт из другой тематики
дерматолог рядом,dermatology,commercial,Москва,213,10,1,дерматологические услуги,локальный поиск: дерматолог,"страница именно про дерматологические услуги с понятным ответом на запрос, условиями, доказательствами, контактами или подробным информационным раскрытием",косметика; форум о коже; курсы косметолога; страница с коммерческими словами без совпадения ядра запроса; качественный сайт из другой тематики
дерматолог консультация,dermatology,commercial,,,10,1,дерматологические услуги,консультация по теме: дерматолог,"страница именно про дерматологические услуги с понятным ответом на запрос, условиями, доказательствами, контактами или подробным информационным раскрытием",косметика; форум о коже; курсы косметолога; страница с коммерческими словами без совпадения ядра запроса; качественный сайт из другой тематики
лучшие дерматолог,dermatology,comparison,,,10,1,дерматологические услуги,сравнение вариантов: дерматолог,"страница именно про дерматологические услуги с понятным ответом на запрос, условиями, доказательствами, контактами или подробным информационным раскрытием",косметика; форум о коже; курсы косметолога; страница с коммерческими словами без совпадения ядра запроса; качественный сайт из другой тематики
сиделка для пожилого Санкт-Петербург,home_care,commercial,Санкт-Петербург,2,10,1,услуги сиделки и ухода,сиделка для пожилого в городе Санкт-Петербург,"страница именно про услуги сиделки и ухода с понятным ответом на запрос, условиями, доказательствами, контактами или подробным информационным раскрытием",дом престарелых без сиделок; медицинские статьи; вакансии сиделки; страница с коммерческими словами без совпадения ядра запроса; качественный сайт из другой тематики
сиделка для пожилого цена,home_care,commercial,,,10,1,услуги сиделки и ухода,стоимость: сиделка для пожилого,"страница именно про услуги сиделки и ухода с понятным ответом на запрос, условиями, доказательствами, контактами или подробным информационным раскрытием",дом престарелых без сиделок; медицинские статьи; вакансии сиделки; страница с коммерческими словами без совпадения ядра запроса; качественный сайт из другой тематики
сиделка для пожилого отзывы,home_care,comparison,,,10,1,услуги сиделки и ухода,отзывы и выбор: сиделка для пожилого,"страница именно про услуги сиделки и ухода с понятным ответом на запрос, условиями, доказательствами, контактами или подробным информационным раскрытием",дом престарелых без сиделок; медицинские статьи; вакансии сиделки; страница с коммерческими словами без совпадения ядра запроса; качественный сайт из другой тематики
как выбрать сиделка для пожилого,home_care,informational,,,10,1,услуги сиделки и ухода,выбор по критериям: сиделка для пожилого,"страница именно про услуги сиделки и ухода с понятным ответом на запрос, условиями, доказательствами, контактами или подробным информационным раскрытием",дом престарелых без сиделок; медицинские статьи; вакансии сиделки; страница с коммерческими словами без совпадения ядра запроса; качественный сайт из другой тематики
сиделка для пожилого с гарантией,home_care,commercial,,,10,1,услуги сиделки и ухода,гарантия и условия: сиделка для пожилого,"страница именно про услуги сиделки и ухода с понятным ответом на запрос, условиями, доказательствами, контактами или подробным информационным раскрытием",дом престарелых без сиделок; медицинские статьи; вакансии сиделки; страница с коммерческими словами без совпадения ядра запроса; качественный сайт из другой тематики
сиделка для пожилого для бизнеса,home_care,commercial,,,10,1,услуги сиделки и ухода,решение для бизнеса: сиделка для пожилого,"страница именно про услуги сиделки и ухода с понятным ответом на запрос, условиями, доказательствами, контактами или подробным информационным раскрытием",дом престарелых без сиделок; медицинские статьи; вакансии сиделки; страница с коммерческими словами без совпадения ядра запроса; качественный сайт из другой тематики
сиделка для пожилого под ключ,home_care,commercial,,,10,1,услуги сиделки и ухода,комплексная услуга: сиделка для пожилого,"страница именно про услуги сиделки и ухода с понятным ответом на запрос, условиями, доказательствами, контактами или подробным информационным раскрытием",дом престарелых без сиделок; медицинские статьи; вакансии сиделки; страница с коммерческими словами без совпадения ядра запроса; качественный сайт из другой тематики
сиделка для пожилого рядом,home_care,commercial,Санкт-Петербург,2,10,1,услуги сиделки и ухода,локальный поиск: сиделка для пожилого,"страница именно про услуги сиделки и ухода с понятным ответом на запрос, условиями, доказательствами, контактами или подробным информационным раскрытием",дом престарелых без сиделок; медицинские статьи; вакансии сиделки; страница с коммерческими словами без совпадения ядра запроса; качественный сайт из другой тематики
сиделка для пожилого консультация,home_care,commercial,,,10,1,услуги сиделки и ухода,консультация по теме: сиделка для пожилого,"страница именно про услуги сиделки и ухода с понятным ответом на запрос, условиями, доказательствами, контактами или подробным информационным раскрытием",дом престарелых без сиделок; медицинские статьи; вакансии сиделки; страница с коммерческими словами без совпадения ядра запроса; качественный сайт из другой тематики
лучшие сиделка для пожилого,home_care,comparison,,,10,1,услуги сиделки и ухода,сравнение вариантов: сиделка для пожилого,"страница именно про услуги сиделки и ухода с понятным ответом на запрос, условиями, доказательствами, контактами или подробным информационным раскрытием",дом престарелых без сиделок; медицинские статьи; вакансии сиделки; страница с коммерческими словами без совпадения ядра запроса; качественный сайт из другой тематики
курьерская доставка Екатеринбург,courier_service,commercial,Екатеринбург,54,10,1,курьерские службы для бизнеса,курьерская доставка в городе Екатеринбург,"страница именно про курьерские службы для бизнеса с понятным ответом на запрос, условиями, доказательствами, контактами или подробным информационным раскрытием",доставка еды; вакансии курьера; почтовые новости; страница с коммерческими словами без совпадения ядра запроса; качественный сайт из другой тематики
курьерская доставка цена,courier_service,commercial,,,10,1,курьерские службы для бизнеса,стоимость: курьерская доставка,"страница именно про курьерские службы для бизнеса с понятным ответом на запрос, условиями, доказательствами, контактами или подробным информационным раскрытием",доставка еды; вакансии курьера; почтовые новости; страница с коммерческими словами без совпадения ядра запроса; качественный сайт из другой тематики
курьерская доставка отзывы,courier_service,comparison,,,10,1,курьерские службы для бизнеса,отзывы и выбор: курьерская доставка,"страница именно про курьерские службы для бизнеса с понятным ответом на запрос, условиями, доказательствами, контактами или подробным информационным раскрытием",доставка еды; вакансии курьера; почтовые новости; страница с коммерческими словами без совпадения ядра запроса; качественный сайт из другой тематики
как выбрать курьерская доставка,courier_service,informational,,,10,1,курьерские службы для бизнеса,выбор по критериям: курьерская доставка,"страница именно про курьерские службы для бизнеса с понятным ответом на запрос, условиями, доказательствами, контактами или подробным информационным раскрытием",доставка еды; вакансии курьера; почтовые новости; страница с коммерческими словами без совпадения ядра запроса; качественный сайт из другой тематики
курьерская доставка с гарантией,courier_service,commercial,,,10,1,курьерские службы для бизнеса,гарантия и условия: курьерская доставка,"страница именно про курьерские службы для бизнеса с понятным ответом на запрос, условиями, доказательствами, контактами или подробным информационным раскрытием",доставка еды; вакансии курьера; почтовые новости; страница с коммерческими словами без совпадения ядра запроса; качественный сайт из другой тематики
курьерская доставка для бизнеса,courier_service,commercial,,,10,1,курьерские службы для бизнеса,решение для бизнеса: курьерская доставка,"страница именно про курьерские службы для бизнеса с понятным ответом на запрос, условиями, доказательствами, контактами или подробным информационным раскрытием",доставка еды; вакансии курьера; почтовые новости; страница с коммерческими словами без совпадения ядра запроса; качественный сайт из другой тематики
курьерская доставка под ключ,courier_service,commercial,,,10,1,курьерские службы для бизнеса,комплексная услуга: курьерская доставка,"страница именно про курьерские службы для бизнеса с понятным ответом на запрос, условиями, доказательствами, контактами или подробным информационным раскрытием",доставка еды; вакансии курьера; почтовые новости; страница с коммерческими словами без совпадения ядра запроса; качественный сайт из другой тематики
курьерская доставка рядом,courier_service,commercial,Екатеринбург,54,10,1,курьерские службы для бизнеса,локальный поиск: курьерская доставка,"страница именно про курьерские службы для бизнеса с понятным ответом на запрос, условиями, доказательствами, контактами или подробным информационным раскрытием",доставка еды; вакансии курьера; почтовые новости; страница с коммерческими словами без совпадения ядра запроса; качественный сайт из другой тематики
курьерская доставка консультация,courier_service,commercial,,,10,1,курьерские службы для бизнеса,консультация по теме: курьерская доставка,"страница именно про курьерские службы для бизнеса с понятным ответом на запрос, условиями, доказательствами, контактами или подробным информационным раскрытием",доставка еды; вакансии курьера; почтовые новости; страница с коммерческими словами без совпадения ядра запроса; качественный сайт из другой тематики
лучшие курьерская доставка,courier_service,comparison,,,10,1,курьерские службы для бизнеса,сравнение вариантов: курьерская доставка,"страница именно про курьерские службы для бизнеса с понятным ответом на запрос, условиями, доказательствами, контактами или подробным информационным раскрытием",доставка еды; вакансии курьера; почтовые новости; страница с коммерческими словами без совпадения ядра запроса; качественный сайт из другой тематики
типография Казань,printing_house,commercial,Казань,43,10,1,полиграфия и печать,типография в городе Казань,"страница именно про полиграфия и печать с понятным ответом на запрос, условиями, доказательствами, контактами или подробным информационным раскрытием",принтеры; дизайн-студия без печати; история печати; страница с коммерческими словами без совпадения ядра запроса; качественный сайт из другой тематики
типография цена,printing_house,commercial,,,10,1,полиграфия и печать,стоимость: типография,"страница именно про полиграфия и печать с понятным ответом на запрос, условиями, доказательствами, контактами или подробным информационным раскрытием",принтеры; дизайн-студия без печати; история печати; страница с коммерческими словами без совпадения ядра запроса; качественный сайт из другой тематики
типография отзывы,printing_house,comparison,,,10,1,полиграфия и печать,отзывы и выбор: типография,"страница именно про полиграфия и печать с понятным ответом на запрос, условиями, доказательствами, контактами или подробным информационным раскрытием",принтеры; дизайн-студия без печати; история печати; страница с коммерческими словами без совпадения ядра запроса; качественный сайт из другой тематики
как выбрать типография,printing_house,informational,,,10,1,полиграфия и печать,выбор по критериям: типография,"страница именно про полиграфия и печать с понятным ответом на запрос, условиями, доказательствами, контактами или подробным информационным раскрытием",принтеры; дизайн-студия без печати; история печати; страница с коммерческими словами без совпадения ядра запроса; качественный сайт из другой тематики
типография с гарантией,printing_house,commercial,,,10,1,полиграфия и печать,гарантия и условия: типография,"страница именно про полиграфия и печать с понятным ответом на запрос, условиями, доказательствами, контактами или подробным информационным раскрытием",принтеры; дизайн-студия без печати; история печати; страница с коммерческими словами без совпадения ядра запроса; качественный сайт из другой тематики
типография для бизнеса,printing_house,commercial,,,10,1,полиграфия и печать,решение для бизнеса: типография,"страница именно про полиграфия и печать с понятным ответом на запрос, условиями, доказательствами, контактами или подробным информационным раскрытием",принтеры; дизайн-студия без печати; история печати; страница с коммерческими словами без совпадения ядра запроса; качественный сайт из другой тематики
типография под ключ,printing_house,commercial,,,10,1,полиграфия и печать,комплексная услуга: типография,"страница именно про полиграфия и печать с понятным ответом на запрос, условиями, доказательствами, контактами или подробным информационным раскрытием",принтеры; дизайн-студия без печати; история печати; страница с коммерческими словами без совпадения ядра запроса; качественный сайт из другой тематики
типография рядом,printing_house,commercial,Казань,43,10,1,полиграфия и печать,локальный поиск: типография,"страница именно про полиграфия и печать с понятным ответом на запрос, условиями, доказательствами, контактами или подробным информационным раскрытием",принтеры; дизайн-студия без печати; история печати; страница с коммерческими словами без совпадения ядра запроса; качественный сайт из другой тематики
типография консультация,printing_house,commercial,,,10,1,полиграфия и печать,консультация по теме: типография,"страница именно про полиграфия и печать с понятным ответом на запрос, условиями, доказательствами, контактами или подробным информационным раскрытием",принтеры; дизайн-студия без печати; история печати; страница с коммерческими словами без совпадения ядра запроса; качественный сайт из другой тематики
лучшие типография,printing_house,comparison,,,10,1,полиграфия и печать,сравнение вариантов: типография,"страница именно про полиграфия и печать с понятным ответом на запрос, условиями, доказательствами, контактами или подробным информационным раскрытием",принтеры; дизайн-студия без печати; история печати; страница с коммерческими словами без совпадения ядра запроса; качественный сайт из другой тематики
изготовление вывесок Новосибирск,signage_production,commercial,Новосибирск,65,10,1,производство наружной рекламы и вывесок,изготовление вывесок в городе Новосибирск,"страница именно про производство наружной рекламы и вывесок с понятным ответом на запрос, условиями, доказательствами, контактами или подробным информационным раскрытием",ремонт вывесок без изготовления; маркетинговый блог; LED-лампы; страница с коммерческими словами без совпадения ядра запроса; качественный сайт из другой тематики
изготовление вывесок цена,signage_production,commercial,,,10,1,производство наружной рекламы и вывесок,стоимость: изготовление вывесок,"страница именно про производство наружной рекламы и вывесок с понятным ответом на запрос, условиями, доказательствами, контактами или подробным информационным раскрытием",ремонт вывесок без изготовления; маркетинговый блог; LED-лампы; страница с коммерческими словами без совпадения ядра запроса; качественный сайт из другой тематики
изготовление вывесок отзывы,signage_production,comparison,,,10,1,производство наружной рекламы и вывесок,отзывы и выбор: изготовление вывесок,"страница именно про производство наружной рекламы и вывесок с понятным ответом на запрос, условиями, доказательствами, контактами или подробным информационным раскрытием",ремонт вывесок без изготовления; маркетинговый блог; LED-лампы; страница с коммерческими словами без совпадения ядра запроса; качественный сайт из другой тематики
как выбрать изготовление вывесок,signage_production,informational,,,10,1,производство наружной рекламы и вывесок,выбор по критериям: изготовление вывесок,"страница именно про производство наружной рекламы и вывесок с понятным ответом на запрос, условиями, доказательствами, контактами или подробным информационным раскрытием",ремонт вывесок без изготовления; маркетинговый блог; LED-лампы; страница с коммерческими словами без совпадения ядра запроса; качественный сайт из другой тематики
изготовление вывесок с гарантией,signage_production,commercial,,,10,1,производство наружной рекламы и вывесок,гарантия и условия: изготовление вывесок,"страница именно про производство наружной рекламы и вывесок с понятным ответом на запрос, условиями, доказательствами, контактами или подробным информационным раскрытием",ремонт вывесок без изготовления; маркетинговый блог; LED-лампы; страница с коммерческими словами без совпадения ядра запроса; качественный сайт из другой тематики
изготовление вывесок для бизнеса,signage_production,commercial,,,10,1,производство наружной рекламы и вывесок,решение для бизнеса: изготовление вывесок,"страница именно про производство наружной рекламы и вывесок с понятным ответом на запрос, условиями, доказательствами, контактами или подробным информационным раскрытием",ремонт вывесок без изготовления; маркетинговый блог; LED-лампы; страница с коммерческими словами без совпадения ядра запроса; качественный сайт из другой тематики
изготовление вывесок под ключ,signage_production,commercial,,,10,1,производство наружной рекламы и вывесок,комплексная услуга: изготовление вывесок,"страница именно про производство наружной рекламы и вывесок с понятным ответом на запрос, условиями, доказательствами, контактами или подробным информационным раскрытием",ремонт вывесок без изготовления; маркетинговый блог; LED-лампы; страница с коммерческими словами без совпадения ядра запроса; качественный сайт из другой тематики
изготовление вывесок рядом,signage_production,commercial,Новосибирск,65,10,1,производство наружной рекламы и вывесок,локальный поиск: изготовление вывесок,"страница именно про производство наружной рекламы и вывесок с понятным ответом на запрос, условиями, доказательствами, контактами или подробным информационным раскрытием",ремонт вывесок без изготовления; маркетинговый блог; LED-лампы; страница с коммерческими словами без совпадения ядра запроса; качественный сайт из другой тематики
изготовление вывесок консультация,signage_production,commercial,,,10,1,производство наружной рекламы и вывесок,консультация по теме: изготовление вывесок,"страница именно про производство наружной рекламы и вывесок с понятным ответом на запрос, условиями, доказательствами, контактами или подробным информационным раскрытием",ремонт вывесок без изготовления; маркетинговый блог; LED-лампы; страница с коммерческими словами без совпадения ядра запроса; качественный сайт из другой тематики
лучшие изготовление вывесок,signage_production,comparison,,,10,1,производство наружной рекламы и вывесок,сравнение вариантов: изготовление вывесок,"страница именно про производство наружной рекламы и вывесок с понятным ответом на запрос, условиями, доказательствами, контактами или подробным информационным раскрытием",ремонт вывесок без изготовления; маркетинговый блог; LED-лампы; страница с коммерческими словами без совпадения ядра запроса; качественный сайт из другой тематики
