query,category,intent,city,region_code,url,domain,rank,serp_page,title,snippet,page_type,fetch_status,fetch_error,target_score,text_length_chars,html_length_chars,word_count,unique_word_count,unique_word_ratio,avg_word_length,sentence_count,avg_sentence_length,paragraph_count,h1_count,h2_count,h3_count,heading_count,title_present,title_length,meta_description_present,meta_description_length,query_in_title,query_in_text,exact_query_count,query_term_count,title_query_term_count,meta_query_term_count,title_keyword_coverage_ratio,meta_keyword_coverage_ratio,query_terms_in_headings,heading_query_coverage_ratio,first_200_words_query_term_count,query_density,keyword_coverage_ratio,link_count,image_count,list_item_count,strong_tag_count,form_count,input_count,inputs_per_form_ratio,avg_paragraph_length,link_density_per_1000_words,image_density_per_1000_words,list_density_per_1000_words,strong_density_per_1000_words,text_to_html_ratio,semantic_similarity,early_query_coverage_ratio,conversion_signal_score,content_link_ratio,heading_paragraph_balance,query_semantic_alignment,title_semantic_alignment,heading_semantic_alignment,title_heading_keyword_alignment,content_depth_semantic_score,query_prominence_score,title_length_quality,meta_length_quality,keyword_balance_score,semantic_content_richness,cta_semantic_score
натяжные потолки Москва,натяжные потолки,commercial,Москва,213,https://rumexpert.ru/,rumexpert.ru,1,0,,,homepage,ok,,100.0,15864.0,181340.0,2170.0,877.0,0.404147465437788,6.1922,102.0,21.2745,303.0,7.0,19.0,25.0,51.0,1.0,84.0,1.0,255.0,1.0,1.0,1.0,51.0,3.0,2.0,1.0,0.666667,26.0,0.666667,6.0,0.023502,1.0,216.0,237.0,46.0,0.0,4.0,41.0,10.25,7.1617,99.539171,109.21659,21.198157,0.0,0.087482,0.52558,1.0,1.0,10.046296,0.168317,0.52558,0.52558,0.350387,0.666667,0.52558,0.916667,0.472727,0.241379,0.78341,0.212412,0.52558
натяжные потолки Москва,натяжные потолки,commercial,Москва,213,https://potolok24moscow.ru/,potolok24moscow.ru,2,0,,,homepage,ok,,88.8889,10587.0,343432.0,1516.0,545.0,0.35949868073878627,5.7757,36.0,42.1111,20.0,5.0,0.0,2.0,7.0,1.0,65.0,1.0,127.0,0.0,0.0,0.0,64.0,2.0,0.0,0.666667,0.0,6.0,0.666667,26.0,0.042216,0.666667,65.0,60.0,106.0,7.0,3.0,70.0,23.333333,75.8,42.875989,39.577836,69.920844,4.617414,0.030827,0.67867,1.0,1.0,23.323077,0.35,0.452447,0.452447,0.452447,0.444444,0.67867,0.75,0.818182,0.875862,0.395192,0.205486,0.67867
натяжные потолки Москва,натяжные потолки,commercial,Москва,213,https://potolki-nova.ru/,potolki-nova.ru,3,0,,,homepage,ok,,77.7778,22903.0,311995.0,3393.0,1180.0,0.3477748305334512,5.6351,130.0,26.1,25.0,1.0,4.0,3.0,8.0,1.0,49.0,1.0,256.0,0.0,1.0,2.0,113.0,2.0,3.0,0.666667,1.0,9.0,1.0,12.0,0.033304,1.0,635.0,272.0,439.0,124.0,8.0,27.0,3.375,135.72,187.150015,80.165046,129.384026,36.54583,0.073408,0.59931,1.0,1.0,5.343307,0.32,0.59931,0.39954,0.59931,0.666667,0.59931,0.883333,0.890909,0.234483,0.889871,0.208425,0.59931
натяжные потолки Москва,натяжные потолки,commercial,Москва,213,https://www.potolkoff.ru/,potolkoff.ru,4,0,,,homepage,ok,,66.6667,45149.0,698104.0,6480.0,1547.0,0.23873456790123457,5.7386,605.0,10.7107,288.0,1.0,16.0,2.0,19.0,1.0,74.0,1.0,292.0,0.0,1.0,2.0,171.0,2.0,2.0,0.666667,0.666667,7.0,0.666667,5.0,0.026389,1.0,724.0,368.0,562.0,21.0,10.0,103.0,10.3,22.5,111.728395,56.790123,86.728395,3.240741,0.064674,0.511851,1.0,1.0,8.950276,0.065972,0.511851,0.341234,0.341234,0.444444,0.511851,0.8,0.654545,0.0,0.87963,0.122197,0.511851
натяжные потолки Москва,натяжные потолки,commercial,Москва,213,https://7nebo-nf.ru/,7nebo-nf.ru,5,0,,,homepage,ok,,55.5556,17321.0,338808.0,2538.0,815.0,0.3211189913317573,5.6962,153.0,16.5882,22.0,1.0,10.0,9.0,20.0,1.0,115.0,1.0,150.0,0.0,0.0,0.0,33.0,2.0,2.0,0.666667,0.666667,6.0,0.666667,5.0,0.013002,1.0,444.0,149.0,379.0,0.0,7.0,72.0,10.285714,115.3636,174.940898,58.707644,149.330181,0.0,0.051123,0.619515,1.0,1.0,5.716216,0.909091,0.619515,0.41301,0.41301,0.444444,0.619515,0.8,0.0,0.965517,0.433412,0.198938,0.619515
натяжные потолки Москва,натяжные потолки,commercial,Москва,213,https://dokapotolok.ru/,dokapotolok.ru,6,0,,,homepage,ok,,44.4444,488.0,165415.0,77.0,12.0,0.15584415584415584,5.3117,6.0,12.8333,1.0,0.0,0.0,0.0,0.0,1.0,24.0,0.0,0.0,0.0,0.0,0.0,0.0,0.0,0.0,0.0,0.0,0.0,0.0,0.0,0.0,0.0,68.0,0.0,0.0,0.0,0.0,0.0,0.0,77.0,883.116883,0.0,0.0,0.0,0.00295,0.030695,0.0,0.0,1.132353,0.0,0.0,0.0,0.0,0.0,0.001576,0.0,0.436364,0.0,0.0,0.000205,0.0
натяжные потолки Москва,натяжные потолки,commercial,Москва,213,https://100potolkov.ru/,100potolkov.ru,8,0,,,homepage,ok,,22.2222,20168.0,183897.0,3140.0,1069.0,0.34044585987261144,5.2783,182.0,17.2527,37.0,1.0,14.0,0.0,15.0,1.0,74.0,1.0,148.0,0.0,0.0,0.0,91.0,2.0,2.0,0.666667,0.666667,2.0,0.666667,3.0,0.028981,1.0,499.0,86.0,383.0,4.0,2.0,27.0,13.5,84.8649,158.917197,27.388535,121.974522,1.273885,0.10967,0.609451,1.0,1.0,6.292585,0.405405,0.609451,0.406301,0.406301,0.444444,0.609451,0.8,0.654545,0.97931,0.96603,0.207485,0.609451
натяжные потолки Москва,натяжные потолки,commercial,Москва,213,https://pro100-potolok.ru/,pro100-potolok.ru,9,0,,,homepage,ok,,11.1111,6605.0,1302549.0,857.0,449.0,0.5239206534422404,6.5869,51.0,16.8039,133.0,1.0,3.0,0.0,4.0,1.0,63.0,1.0,245.0,0.0,0.0,0.0,53.0,2.0,2.0,0.666667,0.666667,2.0,0.666667,32.0,0.061844,1.0,343.0,144.0,187.0,61.0,11.0,73.0,6.636364,6.4436,400.233372,168.028005,218.203034,71.17853,0.005071,0.595144,1.0,1.0,2.498542,0.030075,0.595144,0.396763,0.396763,0.444444,0.340026,0.8,0.854545,0.310345,0.0,0.148455,0.595144
натяжные потолки Москва,натяжные потолки,commercial,Москва,213,https://deutsch-design.ru/,deutsch-design.ru,10,0,,,homepage,ok,,0.0,16861.0,106401.0,2282.0,1172.0,0.5135845749342682,6.1989,194.0,11.7629,59.0,1.0,11.0,7.0,19.0,1.0,42.0,1.0,274.0,1.0,1.0,1.0,29.0,3.0,2.0,1.0,0.666667,2.0,0.666667,9.0,0.012708,1.0,67.0,105.0,25.0,36.0,0.0,42.0,0.0,38.678,29.36021,46.01227,10.955302,15.775635,0.158467,0.571577,1.0,0.75,34.059701,0.322034,0.571577,0.571577,0.381051,0.666667,0.571577,0.916667,0.763636,0.110345,0.423605,0.293553,0.428683
натяжные потолки Санкт-Петербург,натяжные потолки,commercial,Санкт-Петербург,2,https://potolok-peter.ru/,potolok-peter.ru,1,0,,,homepage,ok,,100.0,9815.0,527281.0,1431.0,529.0,0.3696715583508036,5.7247,61.0,23.459,97.0,1.0,12.0,8.0,21.0,1.0,55.0,1.0,176.0,0.0,0.0,0.0,79.0,3.0,4.0,0.5,0.75,3.0,0.5,30.0,0.055206,0.75,289.0,80.0,240.0,4.0,3.0,131.0,43.666667,14.7526,201.956674,55.904962,167.714885,2.795248,0.018614,0.440903,1.0,1.0,4.951557,0.216495,0.330677,0.220451,0.220451,0.25,0.420621,0.6625,1.0,0.786207,0.119846,0.129576,0.440903
натяжные потолки Санкт-Петербург,натяжные потолки,commercial,Санкт-Петербург,2,https://evita-potolki.ru/,evita-potolki.ru,2,0,,,homepage,ok,,88.8889,24559.0,973617.0,3391.0,1271.0,0.37481568858743736,5.9646,252.0,13.4563,58.0,1.0,42.0,33.0,76.0,1.0,60.0,1.0,153.0,0.0,1.0,1.0,110.0,2.0,1.0,0.5,0.25,37.0,0.75,32.0,0.032439,1.0,252.0,92.0,155.0,37.0,4.0,24.0,6.0,58.4655,74.314362,27.13064,45.70923,10.911236,0.025224,0.461364,1.0,1.0,13.456349,1.310345,0.461364,0.230682,0.346023,0.375,0.461364,0.7625,0.909091,0.944828,0.918706,0.172926,0.461364
натяжные потолки Санкт-Петербург,натяжные потолки,commercial,Санкт-Петербург,2,https://potolkilider.ru/,potolkilider.ru,3,0,,,homepage,ok,,77.7778,26724.0,326053.0,3901.0,1404.0,0.35990771597026405,5.5673,306.0,12.7484,210.0,1.0,22.0,17.0,40.0,1.0,143.0,1.0,195.0,0.0,0.0,0.0,103.0,4.0,3.0,0.5,0.75,15.0,0.75,23.0,0.026403,1.0,502.0,176.0,430.0,17.0,17.0,179.0,10.529412,18.5762,128.684953,45.116637,110.228147,4.357857,0.081962,0.514608,1.0,1.0,7.770916,0.190476,0.514608,0.257304,0.385956,0.375,0.514608,0.7625,0.0,0.655172,0.880116,0.185211,0.514608
натяжные потолки Санкт-Петербург,натяжные потолки,commercial,Санкт-Петербург,2,https://potolki-sankt-peterburg.ru/,potolki-sankt-peterburg.ru,4,0,,,homepage,ok,,66.6667,12646.0,1109199.0,1762.0,744.0,0.42224744608399545,6.0023,95.0,18.5474,68.0,1.0,12.0,9.0,22.0,1.0,68.0,1.0,112.0,0.0,0.0,0.0,93.0,2.0,3.0,0.5,0.75,14.0,0.75,2.0,0.052781,0.75,245.0,21.0,138.0,1.0,4.0,28.0,7.0,25.9118,139.046538,11.918275,78.320091,0.567537,0.011401,0.285703,0.5,1.0,7.191837,0.323529,0.214277,0.142851,0.214277,0.375,0.285703,0.6,0.763636,0.772414,0.180477,0.118091,0.285703
натяжные потолки Санкт-Петербург,натяжные потолки,commercial,Санкт-Петербург,2,https://tuspb.ru/,tuspb.ru,5,0,,,homepage,ok,,55.5556,49945.0,193950.0,6412.0,1785.0,0.27838427947598254,6.5633,537.0,11.9404,276.0,3.0,13.0,92.0,108.0,1.0,94.0,1.0,265.0,0.0,0.0,0.0,54.0,4.0,4.0,1.0,1.0,20.0,0.75,12.0,0.008422,1.0,218.0,126.0,105.0,3.0,5.0,72.0,14.4,23.2319,33.998752,19.650655,16.375546,0.467873,0.257515,0.443071,1.0,1.0,29.412844,0.391304,0.443071,0.443071,0.332303,0.75,0.443071,0.9375,0.290909,0.172414,0.280724,0.123344,0.443071
натяжные потолки Санкт-Петербург,натяжные потолки,commercial,Санкт-Петербург,2,https://potolki-spb.ru/,potolki-spb.ru,6,0,,,homepage,ok,,44.4444,9707.0,282645.0,1559.0,504.0,0.32328415651058373,4.9532,174.0,8.9598,54.0,1.0,7.0,1.0,9.0,1.0,63.0,1.0,171.0,0.0,0.0,0.0,56.0,3.0,6.0,0.5,0.75,5.0,0.75,17.0,0.03592,1.0,239.0,92.0,30.0,31.0,14.0,220.0,15.714286,28.8704,153.3034,59.012187,19.243105,19.884541,0.034343,0.516862,1.0,1.0,6.523013,0.166667,0.516862,0.258431,0.387647,0.375,0.516862,0.7625,0.854545,0.82069,0.802651,0.144721,0.516862
натяжные потолки Санкт-Петербург,натяжные потолки,commercial,Санкт-Петербург,2,https://spbpotolok.com/,spbpotolok.com,7,0,,,homepage,ok,,33.3333,21701.0,181226.0,3441.0,1124.0,0.3266492298750363,5.1427,299.0,11.5084,44.0,1.0,1.0,0.0,2.0,1.0,68.0,1.0,201.0,0.0,0.0,0.0,74.0,3.0,2.0,0.75,0.5,3.0,0.75,12.0,0.021505,1.0,165.0,99.0,136.0,54.0,15.0,49.0,3.266667,78.2045,47.951177,28.770706,39.523394,15.693112,0.119746,0.405295,1.0,1.0,20.854545,0.045455,0.405295,0.303971,0.303971,0.5625,0.405295,0.85,0.763636,0.613793,0.716846,0.132389,0.405295
натяжные потолки Санкт-Петербург,натяжные потолки,commercial,Санкт-Петербург,2,https://skyprofi.ru/,skyprofi.ru,8,0,,,homepage,ok,,22.2222,18354.0,189926.0,2601.0,1222.0,0.46981930026912727,5.8835,210.0,12.3857,85.0,1.0,7.0,3.0,11.0,1.0,85.0,1.0,189.0,0.0,0.0,0.0,58.0,3.0,3.0,0.75,0.75,7.0,1.0,8.0,0.022299,1.0,374.0,146.0,103.0,36.0,3.0,39.0,13.0,30.6,143.79085,56.132257,39.600154,13.84083,0.096638,0.532959,1.0,1.0,6.954545,0.129412,0.532959,0.399719,0.532959,0.75,0.532959,0.9125,0.454545,0.696552,0.743304,0.250394,0.532959
натяжные потолки Санкт-Петербург,натяжные потолки,commercial,Санкт-Петербург,2,https://potolki-78.ru/,potolki-78.ru,9,0,,,homepage,ok,,11.1111,14738.0,227776.0,2142.0,963.0,0.4495798319327731,5.7264,155.0,13.8194,21.0,1.0,4.0,1.0,5.0,1.0,81.0,1.0,249.0,0.0,0.0,0.0,67.0,4.0,3.0,0.75,0.75,6.0,0.75,7.0,0.031279,1.0,198.0,196.0,164.0,17.0,6.0,20.0,3.333333,102.0,92.436975,91.503268,76.563959,7.936508,0.064704,0.412957,1.0,1.0,10.818182,0.238095,0.412957,0.309718,0.309718,0.5625,0.412957,0.85,0.527273,0.282759,0.957361,0.185657,0.412957
натяжные потолки Санкт-Петербург,натяжные потолки,commercial,Санкт-Петербург,2,https://potolki.spb.ru/,potolki.spb.ru,10,0,,,homepage,ok,,0.0,5058.0,74541.0,728.0,459.0,0.6304945054945055,5.7981,61.0,11.9344,8.0,1.0,3.0,0.0,4.0,1.0,36.0,1.0,200.0,0.0,0.0,0.0,28.0,2.0,3.0,0.5,0.75,4.0,0.5,9.0,0.038462,1.0,58.0,25.0,35.0,0.0,0.0,6.0,0.0,91.0,79.67033,34.340659,48.076923,0.0,0.067855,0.300638,1.0,0.75,12.551724,0.5,0.300638,0.150319,0.150319,0.25,0.14591,0.7,0.654545,0.62069,0.717949,0.076663,0.225479
натяжные потолки Екатеринбург,натяжные потолки,commercial,Екатеринбург,54,https://markakachestva.ru/amenities/9043-luchshie-firmy-natjazhnyh-potolkov-v-ekaterinburge-rejting.html,markakachestva.ru,1,0,,,content,ok,,100.0,13507.0,361784.0,1819.0,887.0,0.4876305662451897,6.2018,147.0,12.3741,37.0,1.0,5.0,0.0,6.0,1.0,62.0,1.0,211.0,0.0,0.0,0.0,9.0,0.0,0.0,0.0,0.0,0.0,0.0,1.0,0.004948,1.0,133.0,91.0,84.0,26.0,3.0,16.0,5.333333,49.1622,73.117097,50.027488,46.179219,14.293568,0.037334,0.371852,0.333333,1.0,13.676692,0.162162,0.371852,0.0,0.0,0.0,0.371852,0.233333,0.872727,0.544828,0.164926,0.181326,0.371852
натяжные потолки Екатеринбург,натяжные потолки,commercial,Екатеринбург,54,https://ekat.steklodom.com/ceiling/,ekat.steklodom.com,2,0,,,content,ok,,88.8889,37334.0,1395273.0,5692.0,1673.0,0.2939212930428672,5.1998,191.0,29.801,17.0,1.0,8.0,0.0,9.0,1.0,82.0,1.0,195.0,0.0,0.0,0.0,42.0,2.0,0.0,0.666667,0.0,2.0,0.666667,11.0,0.007379,1.0,269.0,437.0,880.0,3.0,9.0,135.0,15.0,334.8235,47.259311,76.77442,154.602952,0.527056,0.026757,0.290989,1.0,1.0,21.159851,0.529412,0.290989,0.193993,0.193993,0.444444,0.290989,0.8,0.509091,0.655172,0.245959,0.085528,0.290989
натяжные потолки Екатеринбург,натяжные потолки,commercial,Екатеринбург,54,https://natyazhniepotolkiekb.ru/,natyazhniepotolkiekb.ru,3,0,,,homepage,ok,,77.7778,15777.0,564382.0,2251.0,767.0,0.34073745002221234,5.8721,97.0,23.2062,31.0,1.0,7.0,12.0,20.0,1.0,55.0,1.0,121.0,1.0,1.0,1.0,36.0,3.0,2.0,1.0,0.666667,4.0,0.666667,5.0,0.015993,1.0,150.0,85.0,202.0,8.0,7.0,91.0,13.0,72.6129,66.63705,37.760995,89.737894,3.553976,0.027954,0.419701,1.0,1.0,15.006667,0.645161,0.419701,0.419701,0.279801,0.666667,0.419701,0.916667,1.0,0.834483,0.533096,0.143008,0.419701
натяжные потолки Екатеринбург,натяжные потолки,commercial,Екатеринбург,54,https://luxpotolok.pro/,luxpotolok.pro,4,0,,,homepage,ok,,66.6667,9902.0,85860.0,1457.0,687.0,0.47151681537405626,5.5903,92.0,15.837,12.0,1.0,9.0,3.0,13.0,1.0,70.0,1.0,173.0,0.0,0.0,0.0,68.0,2.0,0.0,0.666667,0.0,4.0,0.666667,29.0,0.046671,1.0,184.0,69.0,69.0,6.0,4.0,31.0,7.75,121.4167,126.286891,47.357584,47.357584,4.118051,0.115327,0.57084,1.0,1.0,7.918478,1.083333,0.57084,0.38056,0.38056,0.444444,0.554476,0.8,0.727273,0.806897,0.444292,0.217871,0.57084
натяжные потолки Екатеринбург,натяжные потолки,commercial,Екатеринбург,54,https://vipceiling.ru/ekb/,vipceiling.ru,5,0,,,content,ok,,55.5556,7696.0,365025.0,1127.0,565.0,0.5013309671694764,5.7232,55.0,20.4909,60.0,0.0,9.0,17.0,25.0,1.0,46.0,1.0,129.0,0.0,0.0,0.0,13.0,2.0,2.0,0.666667,0.666667,1.0,0.333333,6.0,0.011535,1.0,255.0,59.0,238.0,0.0,2.0,8.0,4.0,18.7833,226.264419,52.351375,211.180124,0.0,0.021083,0.484174,1.0,1.0,4.419608,0.416667,0.484174,0.322783,0.161391,0.222222,0.363776,0.716667,0.836364,0.889655,0.384502,0.151977,0.484174
натяжные потолки Екатеринбург,натяжные потолки,commercial,Екатеринбург,54,https://ekapotolok.ru/,ekapotolok.ru,6,0,,,homepage,ok,,44.4444,9477.0,405230.0,1431.0,399.0,0.27882599580712786,5.5451,37.0,38.6757,26.0,1.0,1.0,6.0,8.0,1.0,69.0,1.0,174.0,0.0,0.0,0.0,26.0,2.0,2.0,0.666667,0.666667,2.0,0.666667,2.0,0.018169,0.666667,77.0,45.0,283.0,66.0,5.0,66.0,13.2,55.0385,53.808526,31.446541,197.763802,46.121593,0.023387,0.514532,0.666667,1.0,18.584416,0.307692,0.343021,0.343021,0.343021,0.444444,0.490864,0.666667,0.745455,0.8,0.403758,0.114055,0.514532
натяжные потолки Екатеринбург,натяжные потолки,commercial,Екатеринбург,54,https://ekb.potolochnik24.ru/,ekb.potolochnik24.ru,7,0,,,homepage,ok,,33.3333,18727.0,400073.0,2519.0,842.0,0.33425962683604604,6.1493,198.0,12.7222,110.0,1.0,19.0,25.0,45.0,1.0,51.0,1.0,134.0,0.0,0.0,0.0,87.0,2.0,2.0,0.666667,0.666667,14.0,0.666667,8.0,0.034538,1.0,164.0,72.0,79.0,50.0,6.0,39.0,6.5,22.9,65.1052,28.582771,31.361651,19.849146,0.046809,0.401578,1.0,1.0,15.359756,0.409091,0.401578,0.267719,0.267719,0.444444,0.401578,0.8,0.927273,0.924138,0.84875,0.134231,0.401578
натяжные потолки Екатеринбург,натяжные потолки,commercial,Екатеринбург,54,https://potolokmt.ru/,potolokmt.ru,8,0,,,homepage,ok,,22.2222,16602.0,554027.0,2366.0,692.0,0.29247675401521556,5.7418,180.0,13.1444,142.0,1.0,0.0,0.0,1.0,1.0,67.0,1.0,123.0,0.0,0.0,0.0,117.0,2.0,0.0,0.666667,0.0,2.0,0.666667,6.0,0.049451,1.0,97.0,25.0,155.0,28.0,6.0,61.0,10.166667,16.662,40.997464,10.566357,65.511412,11.83432,0.029966,0.469467,1.0,1.0,24.391753,0.007042,0.469467,0.312978,0.312978,0.444444,0.469467,0.8,0.781818,0.848276,0.351648,0.137308,0.469467
натяжные потолки Екатеринбург,натяжные потолки,commercial,Екатеринбург,54,https://potolki-ekaterinburga.ru/,potolki-ekaterinburga.ru,9,0,,,homepage,ok,,11.1111,18904.0,246707.0,2766.0,1151.0,0.41612436731742586,5.6681,201.0,13.7612,26.0,1.0,5.0,1.0,7.0,1.0,43.0,1.0,252.0,0.0,0.0,0.0,61.0,2.0,2.0,0.666667,0.666667,3.0,0.666667,4.0,0.022054,1.0,209.0,212.0,171.0,25.0,6.0,20.0,3.333333,106.3846,75.560376,76.644975,61.822126,9.038322,0.076625,0.450653,1.0,1.0,13.23445,0.269231,0.450653,0.300435,0.300435,0.444444,0.450653,0.8,0.781818,0.262069,0.735117,0.187528,0.450653
натяжные потолки Екатеринбург,натяжные потолки,commercial,Екатеринбург,54,https://lightceiling.ru/,lightceiling.ru,10,0,,,homepage,ok,,0.0,8511.0,167722.0,1191.0,566.0,0.47523089840470195,5.9076,100.0,11.91,40.0,1.0,4.0,7.0,12.0,1.0,40.0,1.0,112.0,1.0,1.0,1.0,58.0,3.0,2.0,1.0,0.666667,18.0,0.666667,19.0,0.048699,1.0,41.0,20.0,44.0,6.0,1.0,17.0,17.0,29.775,34.424853,16.792611,36.943745,5.037783,0.050745,0.57746,1.0,1.0,29.04878,0.3,0.57746,0.57746,0.384973,0.666667,0.458503,0.916667,0.727273,0.772414,0.376714,0.181579,0.57746
натяжные потолки Новосибирск,натяжные потолки,commercial,Новосибирск,65,https://sibirpotolki.ru/,sibirpotolki.ru,1,0,,,homepage,ok,,100.0,8480.0,76708.0,1259.0,556.0,0.4416203335980937,5.4512,76.0,16.5658,66.0,1.0,10.0,0.0,11.0,1.0,74.0,1.0,152.0,1.0,1.0,1.0,14.0,3.0,2.0,1.0,0.666667,3.0,0.666667,10.0,0.01112,1.0,87.0,44.0,42.0,27.0,5.0,42.0,8.4,19.0758,69.102462,34.948372,33.359809,21.445592,0.110549,0.454811,1.0,1.0,14.471264,0.166667,0.454811,0.454811,0.303207,0.666667,0.381738,0.916667,0.654545,0.951724,0.370665,0.140486,0.454811
натяжные потолки Новосибирск,натяжные потолки,commercial,Новосибирск,65,https://mirpotolkov-54.ru/,mirpotolkov-54.ru,2,0,,,homepage,ok,,88.8889,12984.0,117937.0,2033.0,847.0,0.41662567634038367,5.2376,131.0,15.5191,9.0,1.0,2.0,12.0,15.0,1.0,60.0,1.0,171.0,1.0,1.0,3.0,71.0,3.0,3.0,1.0,1.0,9.0,1.0,24.0,0.034924,1.0,114.0,90.0,74.0,4.0,7.0,96.0,13.714286,225.8889,56.074766,44.269552,36.39941,1.967536,0.110093,0.341573,1.0,1.0,17.833333,1.666667,0.341573,0.341573,0.341573,1.0,0.341573,1.0,0.909091,0.82069,0.835875,0.142308,0.341573
натяжные потолки Новосибирск,натяжные потолки,commercial,Новосибирск,65,https://alansa.ru/,alansa.ru,3,0,,,homepage,ok,,77.7778,25130.0,1005611.0,3736.0,1366.0,0.36563169164882225,5.557,295.0,12.6644,90.0,1.0,15.0,2.0,18.0,1.0,51.0,1.0,125.0,1.0,1.0,1.0,118.0,3.0,2.0,1.0,0.666667,4.0,0.666667,52.0,0.031585,1.0,180.0,105.0,96.0,67.0,6.0,100.0,16.666667,41.5111,48.179872,28.104925,25.695931,17.933619,0.02499,0.4585,1.0,1.0,20.755556,0.2,0.4585,0.4585,0.305667,0.666667,0.4585,0.916667,0.927273,0.862069,0.947181,0.167642,0.4585
натяжные потолки Новосибирск,натяжные потолки,commercial,Новосибирск,65,https://vipceiling.ru/nsk/,vipceiling.ru,4,0,,,content,ok,,66.6667,7692.0,364850.0,1118.0,568.0,0.5080500894454383,5.7809,54.0,20.7037,60.0,0.0,9.0,17.0,25.0,1.0,45.0,1.0,128.0,0.0,0.0,0.0,13.0,2.0,2.0,0.666667,0.666667,1.0,0.333333,6.0,0.011628,1.0,256.0,59.0,238.0,0.0,2.0,8.0,4.0,18.6333,228.980322,52.772809,212.880143,0.0,0.021083,0.417847,1.0,1.0,4.367188,0.416667,0.417847,0.278565,0.139282,0.222222,0.311435,0.716667,0.818182,0.882759,0.387597,0.131854,0.417847
натяжные потолки Новосибирск,натяжные потолки,commercial,Новосибирск,65,https://новосибирск.натяжные-потолки24.рф/,новосибирск.натяжные-потолки24.рф,5,0,,,homepage,ok,,55.5556,22667.0,173049.0,3343.0,1355.0,0.4053245587795393,5.5208,328.0,10.1921,37.0,1.0,3.0,0.0,4.0,1.0,58.0,1.0,234.0,0.0,0.0,0.0,55.0,2.0,2.0,0.666667,0.666667,3.0,0.666667,11.0,0.016452,1.0,221.0,97.0,209.0,28.0,5.0,26.0,5.2,90.3514,66.108286,29.015854,62.518696,8.37571,0.130986,0.420706,1.0,1.0,15.126697,0.108108,0.420706,0.280471,0.280471,0.444444,0.420706,0.8,0.945455,0.386207,0.54841,0.170522,0.420706
натяжные потолки Новосибирск,натяжные потолки,commercial,Новосибирск,65,https://nskpotolki.ru/,nskpotolki.ru,6,0,,,homepage,ok,,44.4444,15016.0,130094.0,2090.0,854.0,0.40861244019138754,5.8933,97.0,21.5464,57.0,1.0,9.0,49.0,59.0,1.0,66.0,1.0,144.0,0.0,0.0,0.0,33.0,2.0,2.0,0.666667,0.666667,2.0,0.666667,11.0,0.015789,1.0,151.0,62.0,221.0,24.0,3.0,57.0,19.0,36.6667,72.248804,29.665072,105.741627,11.483254,0.115424,0.42653,1.0,1.0,13.84106,1.035088,0.42653,0.284353,0.284353,0.444444,0.42653,0.8,0.8,0.993103,0.526316,0.174285,0.42653
натяжные потолки Новосибирск,натяжные потолки,commercial,Новосибирск,65,https://www.avanta-nsk.ru/,avanta-nsk.ru,7,0,,,homepage,ok,,33.3333,5454.0,209029.0,805.0,384.0,0.47701863354037266,5.6112,41.0,19.6341,94.0,1.0,3.0,17.0,21.0,1.0,60.0,1.0,138.0,0.0,0.0,0.0,17.0,3.0,3.0,1.0,1.0,2.0,0.666667,13.0,0.021118,1.0,82.0,59.0,33.0,2.0,3.0,35.0,11.666667,8.5638,101.863354,73.291925,40.993789,2.484472,0.026092,0.474884,1.0,1.0,9.817073,0.223404,0.474884,0.474884,0.316589,0.666667,0.254854,0.916667,0.909091,0.951724,0.703934,0.101309,0.474884
натяжные потолки Новосибирск,натяжные потолки,commercial,Новосибирск,65,https://novosibirsk-milana.ru/,novosibirsk-milana.ru,8,0,,,homepage,ok,,22.2222,15703.0,1064679.0,2221.0,836.0,0.37640702386312475,5.8217,168.0,13.2202,24.0,0.0,0.0,0.0,0.0,1.0,37.0,1.0,139.0,0.0,0.0,0.0,54.0,3.0,2.0,1.0,0.666667,0.0,0.0,5.0,0.024313,1.0,85.0,2.0,50.0,12.0,4.0,44.0,11.0,92.5417,38.271049,0.900495,22.512382,5.402972,0.014749,0.474032,1.0,1.0,26.129412,0.0,0.474032,0.474032,0.0,0.0,0.474032,0.75,0.672727,0.958621,0.810446,0.178429,0.474032
натяжные потолки Новосибирск,натяжные потолки,commercial,Новосибирск,65,https://provans54.ru/,provans54.ru,9,0,,,homepage,ok,,11.1111,27198.0,747678.0,3893.0,1617.0,0.41536090418700233,5.7367,268.0,14.5261,111.0,0.0,0.0,0.0,0.0,1.0,48.0,1.0,114.0,0.0,0.0,0.0,74.0,2.0,2.0,0.666667,0.666667,0.0,0.0,4.0,0.019008,0.666667,48.0,40.0,287.0,194.0,13.0,124.0,9.538462,35.0721,12.329823,10.274852,73.722065,49.833034,0.036377,0.276826,1.0,1.0,81.104167,0.0,0.184551,0.184551,0.0,0.0,0.276826,0.583333,0.872727,0.786207,0.422411,0.114983,0.276826
натяжные потолки Новосибирск,натяжные потолки,commercial,Новосибирск,65,https://potolok-v-novosibirske.ru/,potolok-v-novosibirske.ru,10,0,,,homepage,ok,,0.0,2810.0,434858.0,416.0,234.0,0.5625,5.5361,36.0,11.5556,12.0,0.0,0.0,0.0,0.0,1.0,29.0,0.0,0.0,0.0,0.0,0.0,6.0,3.0,0.0,1.0,0.0,0.0,0.0,5.0,0.014423,1.0,19.0,30.0,20.0,21.0,3.0,20.0,6.666667,34.6667,45.673077,72.115385,48.076923,50.480769,0.006462,0.264589,1.0,1.0,21.894737,0.0,0.264589,0.264589,0.0,0.0,0.073379,0.75,0.527273,0.0,0.480769,0.034397,0.264589
натяжные потолки Казань,натяжные потолки,commercial,Казань,43,https://kazan-potolki.ru/,kazan-potolki.ru,1,0,,,homepage,ok,,100.0,15012.0,131217.0,2105.0,871.0,0.4137767220902613,5.8428,100.0,21.05,57.0,1.0,9.0,49.0,59.0,1.0,60.0,1.0,138.0,0.0,0.0,0.0,33.0,2.0,2.0,0.666667,0.666667,2.0,0.666667,11.0,0.015677,1.0,151.0,62.0,221.0,24.0,3.0,57.0,19.0,36.9298,71.733967,29.453682,104.988124,11.401425,0.114406,0.261327,1.0,1.0,13.940397,1.035088,0.261327,0.174218,0.174218,0.444444,0.261327,0.8,0.909091,0.951724,0.522565,0.108131,0.261327
натяжные потолки Казань,натяжные потолки,commercial,Казань,43,https://kazanpotolok.ru/,kazanpotolok.ru,2,0,,,homepage,ok,,88.8889,5685.0,103559.0,815.0,431.0,0.5288343558282208,5.8221,61.0,13.3607,27.0,1.0,7.0,21.0,28.0,1.0,77.0,1.0,168.0,0.0,0.0,0.0,51.0,3.0,2.0,0.666667,0.666667,2.0,0.666667,25.0,0.062577,1.0,102.0,28.0,71.0,1.0,3.0,35.0,11.666667,30.1852,125.153374,34.355828,87.116564,1.226994,0.054896,0.33195,1.0,1.0,7.990196,1.037037,0.33195,0.2213,0.2213,0.444444,0.18036,0.8,0.6,0.841379,0.0,0.079484,0.33195
натяжные потолки Казань,натяжные потолки,commercial,Казань,43,https://казань.натяжные-потолки24.рф/,казань.натяжные-потолки24.рф,3,0,,,homepage,ok,,77.7778,23088.0,173427.0,3386.0,1356.0,0.4004725339633786,5.562,328.0,10.3232,37.0,1.0,3.0,0.0,4.0,1.0,52.0,1.0,228.0,0.0,0.0,0.0,55.0,2.0,2.0,0.666667,0.666667,3.0,0.666667,11.0,0.016243,1.0,221.0,97.0,209.0,28.0,5.0,26.0,5.2,91.5135,65.268754,28.647372,61.724749,8.269344,0.133128,0.303922,1.0,1.0,15.321267,0.108108,0.303922,0.202615,0.202615,0.444444,0.303922,0.8,0.945455,0.427586,0.541445,0.121712,0.303922
натяжные потолки Казань,натяжные потолки,commercial,Казань,43,https://potolki-real.ru/,potolki-real.ru,4,0,,,homepage,ok,,66.6667,18374.0,111655.0,2562.0,1144.0,0.4465261514441842,6.0137,172.0,14.8953,72.0,1.0,12.0,0.0,13.0,1.0,54.0,1.0,175.0,0.0,0.0,0.0,99.0,2.0,3.0,0.666667,0.666667,6.0,0.666667,29.0,0.038642,1.0,172.0,113.0,64.0,8.0,7.0,36.0,5.142857,35.5833,67.135051,44.106167,24.980484,3.12256,0.16456,0.300086,1.0,1.0,14.895349,0.180556,0.300086,0.200057,0.200057,0.444444,0.300086,0.8,0.981818,0.793103,0.711944,0.133996,0.300086
натяжные потолки Казань,натяжные потолки,commercial,Казань,43,https://kazan.potolki-natyazhniye.ru/,kazan.potolki-natyazhniye.ru,5,0,,,homepage,ok,,55.5556,16732.0,289540.0,2346.0,799.0,0.34057971014492755,5.9838,86.0,27.2791,174.0,1.0,10.0,8.0,19.0,1.0,45.0,1.0,268.0,0.0,0.0,0.0,95.0,2.0,1.0,0.666667,0.333333,10.0,0.666667,38.0,0.040494,1.0,280.0,299.0,214.0,0.0,13.0,133.0,10.230769,13.4828,119.352089,127.45098,91.219096,0.0,0.057788,0.18878,1.0,1.0,8.378571,0.109195,0.18878,0.125853,0.125853,0.444444,0.18878,0.8,0.818182,0.151724,0.650185,0.064295,0.18878
натяжные потолки Казань,натяжные потолки,commercial,Казань,43,https://kazan.line-potolki.ru/,kazan.line-potolki.ru,6,0,,,homepage,ok,,44.4444,16104.0,533480.0,2267.0,980.0,0.4322893692104102,5.9409,188.0,12.0585,329.0,1.0,16.0,0.0,17.0,1.0,64.0,1.0,229.0,0.0,0.0,0.0,36.0,2.0,0.0,0.666667,0.0,2.0,0.666667,9.0,0.01588,0.666667,132.0,75.0,52.0,4.0,3.0,23.0,7.666667,6.8906,58.226731,33.08337,22.937803,1.764446,0.030187,0.356288,1.0,1.0,17.174242,0.051672,0.237525,0.237525,0.237525,0.444444,0.356288,0.75,0.836364,0.42069,0.352889,0.15402,0.356288
натяжные потолки Казань,натяжные потолки,commercial,Казань,43,https://kazan.natpotolok.ru/,kazan.natpotolok.ru,7,0,,,homepage,ok,,33.3333,8871.0,79463.0,1239.0,616.0,0.4971751412429379,5.979,108.0,11.4722,24.0,1.0,8.0,26.0,35.0,1.0,42.0,1.0,242.0,1.0,1.0,11.0,66.0,3.0,0.0,1.0,0.0,17.0,1.0,17.0,0.053269,1.0,111.0,53.0,48.0,10.0,1.0,5.0,5.0,51.625,89.588378,42.776433,38.74092,8.071025,0.111637,0.223004,1.0,1.0,11.162162,1.458333,0.223004,0.223004,0.223004,1.0,0.184201,1.0,0.763636,0.331034,0.224374,0.076317,0.223004
натяжные потолки Казань,натяжные потолки,commercial,Казань,43,https://rtpotolki.ru/,rtpotolki.ru,9,0,,,homepage,ok,,11.1111,6697.0,215226.0,948.0,470.0,0.4957805907172996,5.8629,78.0,12.1538,8.0,4.0,5.0,5.0,14.0,1.0,71.0,1.0,107.0,0.0,0.0,0.0,36.0,3.0,2.0,0.666667,0.666667,6.0,0.666667,9.0,0.037975,1.0,34.0,21.0,28.0,0.0,1.0,2.0,2.0,118.5,35.864979,22.151899,29.535865,0.0,0.031116,0.363283,1.0,1.0,27.882353,1.75,0.363283,0.242189,0.242189,0.444444,0.229595,0.8,0.709091,0.737931,0.734177,0.094857,0.363283
натяжные потолки Краснодар,натяжные потолки,commercial,Краснодар,35,https://potolki-93.ru/ceny,potolki-93.ru,1,0,,,content,ok,,100.0,10195.0,81025.0,1500.0,666.0,0.444,5.6227,108.0,13.8889,21.0,1.0,4.0,0.0,5.0,1.0,86.0,1.0,235.0,0.0,0.0,0.0,32.0,2.0,2.0,0.666667,0.666667,6.0,0.666667,12.0,0.021333,1.0,102.0,28.0,102.0,9.0,3.0,20.0,6.666667,71.4286,68.0,18.666667,68.0,6.0,0.125825,0.282267,1.0,1.0,14.705882,0.238095,0.282267,0.188178,0.188178,0.444444,0.282267,0.8,0.436364,0.37931,0.711111,0.104439,0.282267
натяжные потолки Краснодар,натяжные потолки,commercial,Краснодар,35,https://potolkito.ru/,potolkito.ru,2,0,,,homepage,ok,,88.8889,30353.0,308471.0,4309.0,1525.0,0.35391042005105594,5.8712,391.0,11.0205,98.0,1.0,2.0,4.0,7.0,1.0,51.0,1.0,175.0,0.0,0.0,0.0,63.0,2.0,0.0,0.666667,0.0,6.0,0.666667,7.0,0.014621,1.0,226.0,108.0,60.0,2.0,4.0,54.0,13.5,43.9694,52.448364,25.06382,13.924344,0.464145,0.098398,0.346555,1.0,1.0,19.066372,0.071429,0.346555,0.231037,0.231037,0.444444,0.346555,0.8,0.927273,0.793103,0.487352,0.122649,0.346555
натяжные потолки Краснодар,натяжные потолки,commercial,Краснодар,35,https://ka-potolki.ru/,ka-potolki.ru,3,0,,,homepage,ok,,77.7778,23644.0,264243.0,3517.0,1176.0,0.33437588854137046,5.6002,154.0,22.8377,20.0,1.0,0.0,1.0,2.0,1.0,67.0,1.0,218.0,0.0,0.0,0.0,70.0,2.0,2.0,0.666667,0.666667,2.0,0.666667,6.0,0.019903,1.0,204.0,203.0,369.0,376.0,6.0,12.0,2.0,175.85,58.003981,57.719647,104.918965,106.909298,0.089478,0.359417,1.0,1.0,17.240196,0.1,0.359417,0.239611,0.239611,0.444444,0.359417,0.8,0.781818,0.496552,0.663444,0.12018,0.359417
натяжные потолки Краснодар,натяжные потолки,commercial,Краснодар,35,https://o-potolki.ru/krasnodar,o-potolki.ru,4,0,,,content,ok,,66.6667,11803.0,103044.0,1595.0,730.0,0.45768025078369906,6.289,60.0,26.5833,72.0,1.0,2.0,3.0,6.0,1.0,56.0,1.0,155.0,0.0,1.0,1.0,108.0,2.0,1.0,0.666667,0.333333,5.0,1.0,20.0,0.067712,1.0,274.0,28.0,247.0,30.0,0.0,0.0,0.0,22.1528,171.786834,17.554859,154.858934,18.808777,0.114543,0.450572,1.0,0.5,5.821168,0.083333,0.450572,0.300381,0.450572,0.666667,0.450572,0.883333,0.981818,0.931034,0.0,0.182732,0.225286
натяжные потолки Краснодар,натяжные потолки,commercial,Краснодар,35,https://potolki-ts.ru/krasnodar,potolki-ts.ru,5,0,,,content,ok,,55.5556,10164.0,488440.0,1381.0,613.0,0.443881245474294,6.2136,75.0,18.4133,77.0,1.0,10.0,8.0,19.0,1.0,73.0,1.0,214.0,0.0,0.0,0.0,18.0,2.0,5.0,0.666667,1.0,5.0,0.666667,7.0,0.013034,1.0,198.0,68.0,49.0,3.0,9.0,33.0,3.666667,17.9351,143.374366,49.239681,35.481535,2.172339,0.020809,0.337594,1.0,1.0,6.974747,0.246753,0.337594,0.225063,0.225063,0.444444,0.310812,0.8,0.672727,0.524138,0.434468,0.11497,0.337594
натяжные потолки Краснодар,натяжные потолки,commercial,Краснодар,35,http://potolki-kuban.ru/,potolki-kuban.ru,6,0,,,homepage,ok,,44.4444,7621.0,59671.0,1093.0,569.0,0.5205855443732845,5.8005,99.0,11.0404,33.0,1.0,13.0,9.0,23.0,1.0,29.0,0.0,0.0,0.0,0.0,0.0,76.0,2.0,0.0,0.666667,0.0,12.0,0.666667,15.0,0.069533,1.0,146.0,45.0,39.0,0.0,1.0,8.0,8.0,33.1212,133.57731,41.171089,35.68161,0.0,0.127717,0.278662,1.0,1.0,7.486301,0.69697,0.278662,0.185775,0.185775,0.444444,0.203052,0.8,0.527273,0.0,0.0,0.088088,0.278662
натяжные потолки Краснодар,натяжные потолки,commercial,Краснодар,35,https://ng-potolki-krasnodar.ru/,ng-potolki-krasnodar.ru,7,0,,,homepage,ok,,33.3333,10750.0,288718.0,1490.0,728.0,0.4885906040268456,6.0,161.0,9.2547,124.0,1.0,3.0,7.0,11.0,1.0,48.0,1.0,134.0,0.0,0.0,0.0,70.0,2.0,4.0,0.666667,0.666667,10.0,0.666667,33.0,0.04698,1.0,117.0,78.0,78.0,70.0,6.0,42.0,7.0,12.0161,78.52349,52.348993,52.348993,46.979866,0.037234,0.236214,1.0,1.0,12.735043,0.08871,0.236214,0.157476,0.157476,0.444444,0.234639,0.8,0.872727,0.924138,0.434004,0.095535,0.236214
натяжные потолки Краснодар,натяжные потолки,commercial,Краснодар,35,https://vipceiling.ru/krasnodar/price/,vipceiling.ru,8,0,,,content,ok,,22.2222,8775.0,325990.0,1444.0,425.0,0.2943213296398892,5.0021,77.0,18.7532,68.0,1.0,7.0,19.0,26.0,1.0,43.0,1.0,70.0,0.0,0.0,0.0,19.0,2.0,2.0,0.666667,0.666667,8.0,0.666667,6.0,0.013158,1.0,212.0,40.0,277.0,0.0,1.0,5.0,5.0,21.2353,146.814404,27.700831,191.828255,0.0,0.026918,0.269046,1.0,1.0,6.811321,0.382353,0.269046,0.179364,0.179364,0.444444,0.259002,0.8,0.781818,0.482759,0.438596,0.063525,0.269046
натяжные потолки Краснодар,натяжные потолки,commercial,Краснодар,35,https://krasnodar.natpotolok.ru/,krasnodar.natpotolok.ru,9,0,,,homepage,ok,,11.1111,8970.0,80275.0,1234.0,619.0,0.5016207455429498,6.0891,110.0,11.2182,24.0,1.0,8.0,26.0,35.0,1.0,45.0,1.0,251.0,1.0,1.0,11.0,66.0,3.0,0.0,1.0,0.0,17.0,1.0,16.0,0.053485,1.0,111.0,53.0,48.0,10.0,1.0,5.0,5.0,51.4167,89.951378,42.949757,38.897893,8.103728,0.111741,0.288069,1.0,1.0,11.117117,1.458333,0.288069,0.288069,0.288069,1.0,0.236985,1.0,0.818182,0.268966,0.21718,0.099064,0.288069
натяжные потолки Краснодар,натяжные потолки,commercial,Краснодар,35,https://www.sp-kaleydoskop.ru/,sp-kaleydoskop.ru,10,0,,,homepage,ok,,0.0,4963.0,158845.0,733.0,339.0,0.46248294679399726,5.5989,42.0,17.4524,95.0,0.0,7.0,0.0,7.0,1.0,75.0,1.0,239.0,0.0,0.0,0.0,9.0,2.0,2.0,0.666667,0.666667,0.0,0.0,4.0,0.012278,1.0,151.0,47.0,105.0,8.0,1.0,13.0,13.0,7.7158,206.002729,64.120055,143.24693,10.914052,0.031244,0.426137,1.0,1.0,4.854305,0.073684,0.426137,0.284091,0.0,0.0,0.208239,0.633333,0.636364,0.351724,0.409277,0.080256,0.426137
натяжные потолки Самара,натяжные потолки,commercial,Самара,51,https://самара.натяжные-потолки24.рф/,самара.натяжные-потолки24.рф,1,0,,,homepage,ok,,100.0,23091.0,173431.0,3385.0,1356.0,0.40059084194977845,5.5648,328.0,10.3201,37.0,1.0,3.0,0.0,4.0,1.0,52.0,1.0,228.0,0.0,0.0,0.0,55.0,2.0,2.0,0.666667,0.666667,3.0,0.666667,11.0,0.016248,1.0,221.0,97.0,209.0,28.0,5.0,26.0,5.2,91.4865,65.288035,28.655835,61.742984,8.271787,0.133142,0.59718,1.0,1.0,15.316742,0.108108,0.59718,0.39812,0.39812,0.444444,0.59718,0.8,0.945455,0.427586,0.541605,0.239225,0.59718
натяжные потолки Самара,натяжные потолки,commercial,Самара,51,https://potolki-s.ru/,potolki-s.ru,2,0,,,homepage,ok,,88.8889,14899.0,117394.0,2225.0,860.0,0.3865168539325843,5.547,169.0,13.1657,25.0,1.0,2.0,4.0,7.0,1.0,42.0,1.0,216.0,0.0,0.0,0.0,86.0,2.0,3.0,0.666667,1.0,6.0,1.0,13.0,0.038652,1.0,185.0,114.0,126.0,16.0,9.0,37.0,4.111111,89.0,83.146067,51.235955,56.629213,7.191011,0.126914,0.557307,1.0,1.0,12.027027,0.28,0.557307,0.371538,0.557307,0.666667,0.557307,0.883333,0.763636,0.510345,0.71161,0.215409,0.557307
натяжные потолки Самара,натяжные потолки,commercial,Самара,51,https://potolkikiger.ru/samara,potolkikiger.ru,3,0,,,content,ok,,77.7778,22209.0,639803.0,3264.0,1183.0,0.36243872549019607,5.5895,371.0,8.7978,391.0,2.0,12.0,39.0,53.0,1.0,89.0,1.0,139.0,0.0,0.0,0.0,63.0,2.0,2.0,0.666667,0.666667,12.0,0.666667,8.0,0.019301,1.0,86.0,213.0,11.0,6.0,0.0,72.0,0.0,8.3478,26.348039,65.257353,3.370098,1.838235,0.034712,0.545557,1.0,0.75,37.953488,0.13555,0.545557,0.363705,0.363705,0.444444,0.545557,0.8,0.381818,0.958621,0.643382,0.197731,0.409168
натяжные потолки Самара,натяжные потолки,commercial,Самара,51,https://potolki-sam.ru/,potolki-sam.ru,4,0,,,homepage,ok,,66.6667,14190.0,133276.0,2216.0,771.0,0.3479241877256318,5.3213,83.0,26.6988,5.0,1.0,2.0,0.0,3.0,1.0,47.0,0.0,0.0,0.0,0.0,0.0,23.0,2.0,0.0,0.666667,0.0,2.0,0.666667,12.0,0.010379,1.0,127.0,111.0,195.0,22.0,10.0,28.0,2.8,443.2,57.310469,50.090253,87.99639,9.927798,0.106471,0.601733,1.0,1.0,17.448819,0.6,0.601733,0.401155,0.401155,0.444444,0.601733,0.8,0.854545,0.0,0.345969,0.209357,0.601733
натяжные потолки Самара,натяжные потолки,commercial,Самара,51,https://potolki-63.ru/,potolki-63.ru,5,0,,,homepage,ok,,55.5556,10295.0,166212.0,1523.0,664.0,0.4359816152330926,5.5982,114.0,13.3596,43.0,1.0,5.0,0.0,6.0,1.0,89.0,1.0,180.0,0.0,0.0,0.0,51.0,3.0,2.0,0.666667,0.666667,6.0,0.666667,7.0,0.033487,1.0,111.0,56.0,58.0,0.0,7.0,34.0,4.857143,35.4186,72.882469,36.769534,38.082731,0.0,0.061939,0.646605,1.0,1.0,13.720721,0.139535,0.646605,0.43107,0.43107,0.444444,0.646605,0.8,0.381818,0.758621,0.883782,0.238525,0.646605
натяжные потолки Самара,натяжные потолки,commercial,Самара,51,https://www.potolkoffsam.ru/,potolkoffsam.ru,6,0,,,homepage,ok,,44.4444,10868.0,106695.0,1612.0,511.0,0.31699751861042186,5.549,53.0,30.4151,27.0,0.0,7.0,11.0,18.0,1.0,62.0,1.0,188.0,0.0,0.0,0.0,46.0,2.0,0.0,0.666667,0.0,10.0,0.333333,26.0,0.028536,0.666667,69.0,88.0,116.0,9.0,0.0,42.0,0.0,59.7037,42.80397,54.590571,71.960298,5.583127,0.10186,0.590836,1.0,0.75,23.362319,0.666667,0.393891,0.393891,0.196945,0.222222,0.590836,0.666667,0.872727,0.703448,0.634133,0.167732,0.443127
натяжные потолки Самара,натяжные потолки,commercial,Самара,51,https://potolkius.ru/,potolkius.ru,7,0,,,homepage,ok,,33.3333,3712.0,73303.0,551.0,292.0,0.52994555353902,5.6007,33.0,16.697,46.0,1.0,7.0,9.0,17.0,1.0,65.0,1.0,157.0,0.0,0.0,0.0,29.0,2.0,2.0,0.666667,0.666667,2.0,0.666667,23.0,0.052632,1.0,81.0,47.0,33.0,0.0,3.0,7.0,2.333333,11.9783,147.005445,85.299456,59.891107,0.0,0.050639,0.591549,1.0,1.0,6.802469,0.369565,0.591549,0.394366,0.394366,0.444444,0.217296,0.8,0.818182,0.917241,0.245614,0.095962,0.591549
натяжные потолки Самара,натяжные потолки,commercial,Самара,51,https://ceilings-land.ru/,ceilings-land.ru,8,0,,,homepage,ok,,22.2222,20393.0,197954.0,2892.0,937.0,0.3239972337482711,5.8147,202.0,14.3168,18.0,1.0,10.0,0.0,11.0,1.0,52.0,1.0,120.0,0.0,0.0,0.0,33.0,2.0,0.0,0.666667,0.0,4.0,0.666667,6.0,0.011411,0.666667,94.0,131.0,87.0,4.0,1.0,21.0,21.0,160.6667,32.503458,45.297372,30.082988,1.383126,0.103019,0.463651,1.0,1.0,30.765957,0.611111,0.309101,0.309101,0.309101,0.444444,0.463651,0.75,0.945455,0.827586,0.253573,0.150222,0.463651
натяжные потолки Самара,натяжные потолки,commercial,Самара,51,https://admiral63.ru/,admiral63.ru,9,0,,,homepage,ok,,11.1111,10835.0,268975.0,1721.0,444.0,0.2579895409645555,5.1836,117.0,14.7094,40.0,0.0,0.0,1.0,1.0,1.0,33.0,1.0,81.0,0.0,0.0,0.0,129.0,3.0,2.0,1.0,0.666667,1.0,0.333333,16.0,0.074956,1.0,55.0,199.0,63.0,6.0,6.0,68.0,11.333333,43.025,31.958164,115.630447,36.606624,3.486345,0.040283,0.497374,1.0,1.0,31.290909,0.025,0.497374,0.497374,0.165791,0.333333,0.497374,0.833333,0.6,0.558621,0.0,0.122686,0.497374
натяжные потолки Самара,натяжные потолки,commercial,Самара,51,https://potolki-samara.info/,potolki-samara.info,10,0,,,homepage,ok,,0.0,11346.0,881490.0,1643.0,823.0,0.5009129640900791,5.6111,142.0,11.5704,12.0,1.0,0.0,0.0,1.0,1.0,70.0,1.0,143.0,0.0,0.0,0.0,36.0,2.0,3.0,0.666667,0.666667,2.0,0.666667,18.0,0.021911,1.0,127.0,84.0,37.0,22.0,3.0,30.0,10.0,136.9167,77.297626,51.125989,22.519781,13.39014,0.012871,0.546758,1.0,1.0,12.937008,0.083333,0.546758,0.364505,0.364505,0.444444,0.546758,0.8,0.727273,0.986207,0.730371,0.24999,0.546758
натяжные потолки Нижний Новгород,натяжные потолки,commercial,Нижний Новгород,47,https://nn-decor.ru/,nn-decor.ru,1,0,,,homepage,ok,,100.0,19264.0,241619.0,2724.0,901.0,0.33076358296622616,5.942,121.0,22.5124,15.0,1.0,14.0,0.0,15.0,1.0,60.0,1.0,237.0,0.0,1.0,1.0,50.0,2.0,2.0,0.5,0.5,6.0,0.5,25.0,0.018355,1.0,236.0,87.0,130.0,7.0,6.0,112.0,18.666667,181.6,86.637298,31.938326,47.723935,2.56975,0.079729,0.331687,1.0,1.0,11.542373,1.0,0.331687,0.165844,0.165844,0.25,0.331687,0.7,0.909091,0.365517,0.611845,0.10971,0.331687
натяжные потолки Нижний Новгород,натяжные потолки,commercial,Нижний Новгород,47,https://potolki-nng.ru/,potolki-nng.ru,2,0,,,homepage,ok,,88.8889,10914.0,94622.0,1648.0,646.0,0.3919902912621359,5.4824,129.0,12.7752,17.0,1.0,2.0,0.0,3.0,1.0,47.0,1.0,187.0,0.0,0.0,0.0,73.0,2.0,2.0,0.5,0.25,4.0,0.5,16.0,0.044296,1.0,160.0,93.0,117.0,11.0,5.0,24.0,4.8,96.9412,97.087379,56.432039,70.995146,6.674757,0.115343,0.273882,1.0,1.0,10.3,0.176471,0.273882,0.136941,0.136941,0.25,0.273882,0.7,0.854545,0.710345,0.523463,0.098293,0.273882
натяжные потолки Нижний Новгород,натяжные потолки,commercial,Нижний Новгород,47,https://nnpotolok.ru/,nnpotolok.ru,3,0,,,homepage,ok,,77.7778,14882.0,129925.0,2082.0,854.0,0.4101825168107589,5.8569,94.0,22.1489,57.0,1.0,9.0,49.0,59.0,1.0,70.0,1.0,148.0,0.0,0.0,0.0,33.0,2.0,2.0,0.5,0.5,2.0,0.5,12.0,0.01585,1.0,151.0,62.0,221.0,24.0,3.0,57.0,19.0,36.5263,72.526417,29.779059,106.147935,11.527378,0.114543,0.376028,1.0,1.0,13.788079,1.035088,0.376028,0.188014,0.188014,0.25,0.376028,0.7,0.727273,0.97931,0.528338,0.15424,0.376028
натяжные потолки Нижний Новгород,натяжные потолки,commercial,Нижний Новгород,47,https://atlantispotolki.ru/,atlantispotolki.ru,4,0,,,homepage,ok,,66.6667,6215.0,247616.0,890.0,484.0,0.5438202247191011,5.791,71.0,12.5352,62.0,1.0,8.0,1.0,10.0,1.0,70.0,1.0,216.0,0.0,0.0,0.0,27.0,2.0,0.0,0.5,0.0,4.0,0.5,15.0,0.030337,0.75,123.0,89.0,76.0,19.0,3.0,31.0,10.333333,14.3548,138.202247,100.0,85.393258,21.348315,0.025099,0.411818,1.0,1.0,7.235772,0.16129,0.308864,0.205909,0.205909,0.25,0.244345,0.6625,0.727273,0.510345,0.741573,0.110733,0.411818
натяжные потолки Нижний Новгород,натяжные потолки,commercial,Нижний Новгород,47,https://nebosvod-nn.ru/,nebosvod-nn.ru,5,0,,,homepage,ok,,55.5556,18713.0,93585.0,2748.0,1065.0,0.3875545851528384,5.6463,224.0,12.2679,71.0,1.0,0.0,12.0,13.0,1.0,55.0,1.0,200.0,0.0,0.0,0.0,34.0,2.0,2.0,0.5,0.5,3.0,0.5,10.0,0.012373,0.75,146.0,44.0,119.0,0.0,2.0,15.0,7.5,38.7042,53.129549,16.011645,43.304221,0.0,0.199957,0.38521,1.0,1.0,18.821918,0.183099,0.288907,0.192605,0.192605,0.25,0.38521,0.6625,1.0,0.62069,0.309316,0.14929,0.38521
натяжные потолки Нижний Новгород,натяжные потолки,commercial,Нижний Новгород,47,http://potolki-svm.ru/,potolki-svm.ru,6,0,,,homepage,ok,,44.4444,1349.0,13540.0,180.0,141.0,0.7833333333333333,6.1333,9.0,20.0,1.0,0.0,0.0,0.0,0.0,1.0,32.0,0.0,0.0,1.0,1.0,1.0,12.0,4.0,0.0,1.0,0.0,0.0,0.0,12.0,0.066667,1.0,10.0,14.0,0.0,3.0,0.0,0.0,0.0,180.0,55.555556,77.777778,0.0,16.666667,0.099631,0.412877,1.0,0.25,18.0,0.0,0.412877,0.412877,0.0,0.0,0.049545,0.75,0.581818,0.0,0.0,0.032342,0.103219
натяжные потолки Нижний Новгород,натяжные потолки,commercial,Нижний Новгород,47,https://potolki-d.ru/,potolki-d.ru,7,0,,,homepage,ok,,33.3333,17037.0,160860.0,2495.0,957.0,0.38356713426853706,5.6721,142.0,17.5704,43.0,2.0,3.0,1.0,5.0,1.0,50.0,1.0,281.0,0.0,1.0,4.0,92.0,2.0,2.0,0.5,0.5,6.0,1.0,25.0,0.036874,1.0,281.0,84.0,249.0,28.0,15.0,49.0,3.266667,58.0233,112.625251,33.667335,99.799599,11.222445,0.105912,0.284664,1.0,1.0,8.879004,0.116279,0.284664,0.142332,0.284664,0.5,0.284664,0.825,0.909091,0.062069,0.770875,0.109188,0.284664
натяжные потолки Нижний Новгород,натяжные потолки,commercial,Нижний Новгород,47,https://auroom-nn.ru/,auroom-nn.ru,8,0,,,homepage,ok,,22.2222,11773.0,141230.0,1698.0,862.0,0.5076560659599529,5.7362,112.0,15.1607,20.0,11.0,2.0,28.0,41.0,1.0,44.0,1.0,440.0,0.0,0.0,0.0,32.0,2.0,4.0,0.5,0.5,0.0,0.0,5.0,0.018846,1.0,147.0,152.0,32.0,0.0,3.0,10.0,3.333333,84.9,86.572438,89.517079,18.845701,0.0,0.08336,0.224799,1.0,1.0,11.55102,2.05,0.224799,0.112399,0.0,0.0,0.224799,0.575,0.8,0.0,0.62819,0.107654,0.224799
натяжные потолки Нижний Новгород,натяжные потолки,commercial,Нижний Новгород,47,https://vk.com/horizonn52,vk.com,9,0,,,content,ok,,11.1111,15878.0,768183.0,2124.0,990.0,0.4661016949152542,6.1497,171.0,12.4211,1.0,0.0,1.0,0.0,1.0,1.0,43.0,0.0,0.0,1.0,1.0,12.0,54.0,4.0,0.0,1.0,0.0,0.0,0.0,13.0,0.025424,1.0,193.0,134.0,12.0,39.0,0.0,4.0,0.0,2124.0,90.86629,63.088512,5.649718,18.361582,0.02067,0.372282,1.0,0.75,11.005181,1.0,0.372282,0.372282,0.0,0.0,0.372282,0.75,0.781818,0.0,0.847458,0.173521,0.279212
натяжные потолки Нижний Новгород,натяжные потолки,commercial,Нижний Новгород,47,http://www.riverann.ru/,riverann.ru,10,0,,,homepage,ok,,0.0,2775.0,17522.0,398.0,254.0,0.6381909547738693,5.794,29.0,13.7241,1.0,1.0,5.0,0.0,6.0,1.0,102.0,1.0,376.0,0.0,0.0,0.0,26.0,4.0,3.0,1.0,0.5,2.0,0.5,17.0,0.065327,1.0,19.0,23.0,12.0,0.0,4.0,13.0,3.25,398.0,47.738693,57.788945,30.150754,0.0,0.158372,0.439324,1.0,1.0,20.947368,6.0,0.439324,0.439324,0.219662,0.5,0.116567,0.875,0.145455,0.0,0.0,0.061993,0.439324
пластиковые окна Москва,пластиковые окна,commercial,Москва,213,https://www.fabrikaokon.ru/,fabrikaokon.ru,1,0,,,homepage,ok,,100.0,28416.0,272425.0,3961.0,1523.0,0.3844988639232517,5.9808,275.0,14.4036,50.0,1.0,4.0,9.0,14.0,1.0,73.0,1.0,165.0,0.0,0.0,0.0,94.0,3.0,2.0,0.666667,0.666667,5.0,0.666667,22.0,0.023731,1.0,418.0,168.0,3.0,0.0,18.0,109.0,6.055556,79.22,105.528907,42.413532,0.757384,0.0,0.104308,0.7156,1.0,1.0,9.476077,0.28,0.7156,0.477067,0.477067,0.444444,0.7156,0.8,0.672727,0.862069,0.791046,0.275147,0.7156
пластиковые окна Москва,пластиковые окна,commercial,Москва,213,https://rusokna.ru/,rusokna.ru,3,0,,,homepage,ok,,77.7778,30321.0,563164.0,4258.0,1561.0,0.36660403945514325,5.9697,279.0,15.2616,95.0,1.0,40.0,44.0,85.0,1.0,78.0,1.0,203.0,0.0,0.0,0.0,163.0,4.0,4.0,0.666667,0.666667,29.0,0.666667,23.0,0.038281,1.0,403.0,111.0,261.0,79.0,5.0,38.0,7.6,44.8211,94.645373,26.068577,61.296383,18.553311,0.05384,0.795415,1.0,1.0,10.565757,0.894737,0.795415,0.530277,0.530277,0.444444,0.795415,0.8,0.581818,0.6,0.723971,0.291602,0.795415
пластиковые окна Москва,пластиковые окна,commercial,Москва,213,https://o-kno.ru/,o-kno.ru,4,0,,,homepage,ok,,66.6667,12892.0,470026.0,1858.0,659.0,0.35468245425188377,5.7465,104.0,17.8654,34.0,2.0,18.0,20.0,40.0,1.0,115.0,1.0,222.0,0.0,0.0,0.0,65.0,3.0,3.0,0.666667,0.666667,10.0,1.0,28.0,0.034984,1.0,166.0,97.0,131.0,0.0,13.0,94.0,7.230769,54.6471,89.34338,52.206674,70.50592,0.0,0.027428,0.743286,1.0,1.0,11.192771,1.176471,0.743286,0.495524,0.743286,0.666667,0.743286,0.883333,0.0,0.468966,0.833872,0.263631,0.743286
пластиковые окна Москва,пластиковые окна,commercial,Москва,213,https://okno.ru/,okno.ru,5,0,,,homepage,ok,,55.5556,27574.0,450972.0,3859.0,1268.0,0.32858253433532003,6.0181,159.0,24.2704,132.0,1.0,21.0,6.0,28.0,1.0,73.0,1.0,194.0,0.0,0.0,0.0,104.0,3.0,2.0,0.666667,0.666667,5.0,0.666667,10.0,0.02695,1.0,699.0,154.0,83.0,3.0,9.0,104.0,11.555556,29.2348,181.135009,39.906712,21.508163,0.777403,0.061143,0.640464,1.0,1.0,5.520744,0.212121,0.640464,0.426976,0.426976,0.444444,0.640464,0.8,0.672727,0.662069,0.898333,0.210445,0.640464
пластиковые окна Москва,пластиковые окна,commercial,Москва,213,https://fabrikauyuta.ru/,fabrikauyuta.ru,6,0,,,homepage,ok,,44.4444,79609.0,1714650.0,11364.0,1955.0,0.17203449489616332,5.8162,440.0,25.8273,20.0,1.0,25.0,5.0,31.0,1.0,135.0,1.0,276.0,0.0,0.0,0.0,269.0,5.0,2.0,0.666667,0.666667,9.0,0.666667,33.0,0.023671,1.0,965.0,1000.0,254.0,0.0,10.0,49.0,4.9,568.2,84.917283,87.997184,22.351285,0.0,0.046429,0.797574,1.0,1.0,11.776166,1.55,0.797574,0.531716,0.531716,0.444444,0.797574,0.8,0.0,0.096552,0.789041,0.13721,0.797574
пластиковые окна Москва,пластиковые окна,commercial,Москва,213,https://www.veka.ru/,veka.ru,7,0,,,homepage,ok,,33.3333,21652.0,587018.0,3022.0,1289.0,0.42653871608206484,5.998,184.0,16.4239,245.0,1.0,4.0,0.0,5.0,1.0,117.0,1.0,362.0,0.0,0.0,0.0,115.0,3.0,4.0,0.666667,1.0,0.0,0.0,15.0,0.038054,1.0,224.0,42.0,27.0,36.0,2.0,14.0,7.0,12.3347,74.123097,13.898081,8.93448,11.912641,0.036885,0.729018,1.0,1.0,13.491071,0.020408,0.729018,0.486012,0.0,0.0,0.729018,0.633333,0.0,0.0,0.731524,0.310954,0.729018
пластиковые окна Москва,пластиковые окна,commercial,Москва,213,https://okno-msk.ru/,okno-msk.ru,8,0,,,homepage,ok,,22.2222,17423.0,373584.0,2556.0,1126.0,0.4405320813771518,5.6228,138.0,18.5217,57.0,1.0,12.0,5.0,18.0,1.0,84.0,1.0,215.0,0.0,0.0,0.0,54.0,3.0,3.0,0.666667,0.666667,11.0,0.666667,9.0,0.021127,0.666667,288.0,224.0,156.0,0.0,5.0,29.0,5.8,44.8421,112.676056,87.636933,61.032864,0.0,0.046637,0.706942,1.0,1.0,8.875,0.315789,0.471295,0.471295,0.471295,0.444444,0.706942,0.75,0.472727,0.517241,0.469484,0.311431,0.706942
пластиковые окна Москва,пластиковые окна,commercial,Москва,213,https://www.oknastar.ru/,oknastar.ru,9,0,,,homepage,ok,,11.1111,43661.0,548730.0,6332.0,1543.0,0.24368288060644347,5.7459,409.0,15.4817,35.0,1.0,15.0,0.0,16.0,1.0,74.0,1.0,176.0,0.0,0.0,0.0,160.0,3.0,3.0,0.666667,0.666667,4.0,0.666667,9.0,0.025268,1.0,636.0,286.0,586.0,0.0,8.0,55.0,6.875,180.9143,100.442198,45.167404,92.545799,0.0,0.079567,0.777758,1.0,1.0,9.955975,0.457143,0.777758,0.518505,0.518505,0.444444,0.777758,0.8,0.654545,0.786207,0.842283,0.189526,0.777758
пластиковые окна Москва,пластиковые окна,commercial,Москва,213,https://www.okna-21-veka.ru/,okna-21-veka.ru,10,0,,,homepage,ok,,0.0,39837.0,330942.0,6497.0,1142.0,0.1757734338925658,4.8818,223.0,29.1345,78.0,1.0,5.0,2.0,8.0,1.0,57.0,1.0,157.0,0.0,0.0,0.0,172.0,2.0,2.0,0.666667,0.666667,4.0,0.666667,14.0,0.026474,1.0,1194.0,181.0,574.0,4.0,13.0,24.0,1.846154,83.2949,183.777128,27.859012,88.348469,0.615669,0.120375,0.470042,1.0,1.0,5.441374,0.102564,0.470042,0.313361,0.313361,0.444444,0.470042,0.8,0.963636,0.917241,0.882459,0.082621,0.470042
пластиковые окна Санкт-Петербург,пластиковые окна,commercial,Санкт-Петербург,2,https://www.okna-peter.ru/,okna-peter.ru,1,0,,,homepage,ok,,100.0,29249.0,317373.0,4089.0,1390.0,0.33993641477133774,5.9817,227.0,18.0132,81.0,3.0,30.0,22.0,55.0,1.0,81.0,1.0,256.0,0.0,0.0,0.0,113.0,1.0,3.0,0.25,0.5,7.0,0.25,24.0,0.027635,0.75,440.0,242.0,286.0,99.0,6.0,117.0,19.5,50.4815,107.605772,59.183174,69.943752,24.211299,0.09216,0.452257,1.0,1.0,9.293182,0.679012,0.339193,0.113064,0.113064,0.0625,0.452257,0.5125,0.527273,0.234483,0.690878,0.153739,0.452257
пластиковые окна Санкт-Петербург,пластиковые окна,commercial,Санкт-Петербург,2,https://petrookna.ru/,petrookna.ru,2,0,,,homepage,ok,,88.8889,10611.0,48733.0,1541.0,711.0,0.46138870863075926,5.6807,119.0,12.9496,78.0,2.0,1.0,0.0,3.0,1.0,65.0,1.0,124.0,0.0,0.0,0.0,52.0,2.0,1.0,0.5,0.25,3.0,0.75,6.0,0.033744,1.0,91.0,44.0,47.0,17.0,2.0,16.0,8.0,19.7564,59.052563,28.552888,30.499676,11.031798,0.217737,0.543178,1.0,1.0,16.934066,0.038462,0.543178,0.271589,0.407384,0.375,0.543178,0.7625,0.818182,0.855172,0.875189,0.214555,0.543178
пластиковые окна Санкт-Петербург,пластиковые окна,commercial,Санкт-Петербург,2,https://zavod-plastikovih-okon.ru/,zavod-plastikovih-okon.ru,3,0,,,homepage,ok,,77.7778,3108.0,884315.0,461.0,279.0,0.6052060737527115,5.5748,18.0,25.6111,91.0,1.0,7.0,3.0,11.0,1.0,104.0,1.0,163.0,0.0,0.0,0.0,33.0,3.0,4.0,0.75,0.75,9.0,0.5,17.0,0.071584,0.75,153.0,247.0,75.0,0.0,5.0,13.0,2.6,5.0659,331.887202,535.791757,162.689805,0.0,0.003515,0.655121,1.0,1.0,3.013072,0.120879,0.491341,0.491341,0.32756,0.375,0.201341,0.75,0.109091,0.875862,0.0,0.101544,0.655121
пластиковые окна Санкт-Петербург,пластиковые окна,commercial,Санкт-Петербург,2,https://okna-spb.ru/,okna-spb.ru,4,0,,,homepage,ok,,66.6667,31260.0,427536.0,4820.0,1020.0,0.21161825726141079,5.1168,103.0,46.7961,469.0,1.0,18.0,0.0,19.0,1.0,72.0,1.0,206.0,0.0,0.0,0.0,210.0,3.0,4.0,0.5,0.75,12.0,0.75,17.0,0.043568,0.75,558.0,264.0,230.0,190.0,11.0,144.0,13.090909,10.2772,115.767635,54.771784,47.717842,39.419087,0.073117,0.296058,1.0,1.0,8.637993,0.040512,0.222044,0.148029,0.222044,0.375,0.296058,0.725,0.690909,0.57931,0.410788,0.062651,0.296058
пластиковые окна Санкт-Петербург,пластиковые окна,commercial,Санкт-Петербург,2,https://www.oknapanorama.ru/,oknapanorama.ru,5,0,,,homepage,ok,,55.5556,17808.0,246151.0,2501.0,933.0,0.3730507796881247,5.9524,97.0,25.7835,59.0,1.0,3.0,0.0,4.0,1.0,58.0,1.0,109.0,0.0,0.0,0.0,62.0,3.0,3.0,0.5,0.75,2.0,0.25,17.0,0.02479,1.0,548.0,32.0,489.0,0.0,3.0,40.0,13.333333,42.3898,219.112355,12.794882,195.521791,0.0,0.072346,0.687893,1.0,1.0,4.563869,0.067797,0.687893,0.343946,0.171973,0.125,0.687893,0.6375,0.945455,0.751724,0.826336,0.256619,0.687893
пластиковые окна Санкт-Петербург,пластиковые окна,commercial,Санкт-Петербург,2,https://oknapiter.ru/,oknapiter.ru,6,0,,,homepage,ok,,44.4444,20367.0,589276.0,2788.0,1086.0,0.38952654232424677,6.151,191.0,14.5969,6.0,1.0,11.0,5.0,17.0,1.0,65.0,1.0,181.0,0.0,0.0,0.0,94.0,4.0,3.0,0.5,0.5,7.0,0.75,20.0,0.033716,0.75,294.0,72.0,4.0,0.0,6.0,42.0,7.0,464.6667,105.451937,25.824964,1.43472,0.0,0.034563,0.731525,1.0,1.0,9.482993,2.833333,0.548644,0.365762,0.548644,0.375,0.731525,0.725,0.818182,0.751724,0.657102,0.284948,0.731525
пластиковые окна Санкт-Петербург,пластиковые окна,commercial,Санкт-Петербург,2,https://oknometria.ru/,oknometria.ru,7,0,,,homepage,ok,,33.3333,98477.0,277037.0,12828.0,2601.0,0.20275958840037417,6.4914,882.0,14.5442,173.0,2.0,78.0,89.0,167.0,1.0,59.0,1.0,130.0,0.0,0.0,0.0,167.0,2.0,2.0,0.5,0.5,11.0,0.75,19.0,0.013018,1.0,272.0,174.0,237.0,48.0,4.0,51.0,12.75,74.1503,21.203617,13.564079,18.47521,3.741815,0.355465,0.661702,1.0,1.0,47.161765,0.965318,0.661702,0.330851,0.496277,0.375,0.661702,0.7625,0.927273,0.896552,0.433947,0.134166,0.661702
пластиковые окна Санкт-Петербург,пластиковые окна,commercial,Санкт-Петербург,2,https://spb.oknafactoria.ru/,spb.oknafactoria.ru,8,0,,,homepage,ok,,22.2222,147.0,15077.0,29.0,11.0,0.3793103448275862,4.0345,1.0,29.0,1.0,1.0,2.0,0.0,3.0,0.0,0.0,0.0,0.0,0.0,0.0,0.0,0.0,0.0,0.0,0.0,0.0,0.0,0.0,0.0,0.0,0.0,1.0,0.0,0.0,0.0,0.0,0.0,0.0,29.0,34.482759,0.0,0.0,0.0,0.00975,0.055261,0.0,0.0,29.0,3.0,0.0,0.0,0.0,0.0,0.001068,0.0,0.0,0.0,0.0,0.000338,0.0
пластиковые окна Санкт-Петербург,пластиковые окна,commercial,Санкт-Петербург,2,https://okna-v-spb.ru/,okna-v-spb.ru,9,0,,,homepage,ok,,11.1111,25647.0,246641.0,3715.0,1439.0,0.3873485868102288,5.7494,156.0,23.8141,94.0,1.0,15.0,8.0,24.0,1.0,100.0,1.0,220.0,0.0,0.0,0.0,125.0,4.0,3.0,0.75,0.75,13.0,1.0,11.0,0.033647,1.0,557.0,144.0,228.0,23.0,4.0,80.0,20.0,39.5213,149.932705,38.761777,61.372813,6.191117,0.103985,0.622566,1.0,1.0,6.669659,0.255319,0.622566,0.466924,0.622566,0.75,0.622566,0.9125,0.181818,0.482759,0.878421,0.24115,0.622566
пластиковые окна Санкт-Петербург,пластиковые окна,commercial,Санкт-Петербург,2,https://labrador-spb.ru/plastikovye-okna/,labrador-spb.ru,10,0,,,content,ok,,0.0,11718.0,476684.0,1669.0,769.0,0.46075494307968845,5.8394,118.0,14.1441,30.0,1.0,7.0,5.0,13.0,1.0,44.0,1.0,150.0,0.0,0.0,0.0,28.0,3.0,3.0,0.75,0.75,2.0,0.5,12.0,0.016777,1.0,142.0,28.0,107.0,0.0,13.0,87.0,6.692308,55.6333,85.080887,16.776513,64.110246,0.0,0.024582,0.490499,1.0,1.0,11.753521,0.433333,0.490499,0.367874,0.24525,0.375,0.490499,0.7875,0.8,0.965517,0.559217,0.209552,0.490499
пластиковые окна Екатеринбург,пластиковые окна,commercial,Екатеринбург,54,https://oknazavr.ru/ekaterinburg/plastikovye-okna/,oknazavr.ru,1,0,,,content,ok,,100.0,14972.0,785237.0,2179.0,820.0,0.3763194125745755,5.6072,136.0,16.0221,292.0,1.0,11.0,10.0,22.0,1.0,89.0,1.0,166.0,0.0,0.0,0.0,95.0,4.0,0.0,0.666667,0.0,5.0,0.666667,21.0,0.043598,1.0,355.0,239.0,271.0,0.0,3.0,102.0,34.0,7.4623,162.91877,109.683341,124.368977,0.0,0.019067,0.675733,1.0,1.0,6.138028,0.075342,0.675733,0.450489,0.450489,0.444444,0.675733,0.8,0.381818,0.855172,0.546734,0.254291,0.675733
пластиковые окна Екатеринбург,пластиковые окна,commercial,Екатеринбург,54,https://plastikovye-okna-ekb.ru/,plastikovye-okna-ekb.ru,2,0,,,homepage,ok,,88.8889,25609.0,327143.0,3729.0,1154.0,0.30946634486457497,5.6736,297.0,12.5556,270.0,1.0,15.0,1.0,17.0,1.0,73.0,1.0,166.0,0.0,0.0,0.0,135.0,3.0,4.0,0.666667,1.0,7.0,0.666667,20.0,0.036203,1.0,175.0,203.0,35.0,15.0,6.0,77.0,12.833333,13.8111,46.929472,54.438187,9.385894,4.022526,0.078281,0.519797,1.0,1.0,21.308571,0.062963,0.519797,0.346531,0.346531,0.444444,0.519797,0.8,0.672727,0.855172,0.793242,0.16086,0.519797
пластиковые окна Екатеринбург,пластиковые окна,commercial,Екатеринбург,54,https://svoiokna96.ru/,svoiokna96.ru,3,0,,,homepage,ok,,77.7778,6771.0,172144.0,996.0,470.0,0.4718875502008032,5.5823,49.0,20.3265,15.0,1.0,15.0,15.0,31.0,1.0,62.0,1.0,62.0,0.0,0.0,0.0,26.0,2.0,2.0,0.333333,0.333333,3.0,0.666667,10.0,0.026104,1.0,65.0,71.0,88.0,1.0,1.0,69.0,69.0,66.4,65.261044,71.285141,88.353414,1.004016,0.039333,0.448949,1.0,1.0,15.323077,2.066667,0.448949,0.14965,0.299299,0.222222,0.298102,0.683333,0.872727,0.427586,0.870147,0.117226,0.448949
пластиковые окна Екатеринбург,пластиковые окна,commercial,Екатеринбург,54,https://ekb.okna-olkon.ru/,ekb.okna-olkon.ru,4,0,,,homepage,ok,,66.6667,8575.0,354841.0,1320.0,475.0,0.35984848484848486,5.2576,92.0,14.3478,76.0,1.0,13.0,56.0,70.0,1.0,50.0,1.0,164.0,0.0,0.0,0.0,38.0,2.0,4.0,0.666667,0.666667,4.0,1.0,14.0,0.028788,1.0,59.0,108.0,18.0,7.0,9.0,88.0,9.777778,17.3684,44.69697,81.818182,13.636364,5.30303,0.024166,0.60036,1.0,1.0,22.372881,0.921053,0.60036,0.40024,0.60036,0.666667,0.528317,0.883333,0.909091,0.868966,0.959596,0.158428,0.60036
пластиковые окна Екатеринбург,пластиковые окна,commercial,Екатеринбург,54,https://ekaterinburg.amegazavod.ru/,ekaterinburg.amegazavod.ru,5,0,,,homepage,ok,,55.5556,11933.0,164817.0,1697.0,715.0,0.4213317619328226,5.8374,96.0,17.6771,6.0,0.0,6.0,0.0,6.0,1.0,72.0,1.0,123.0,0.0,0.0,0.0,21.0,1.0,2.0,0.333333,0.666667,0.0,0.0,11.0,0.012375,0.666667,171.0,40.0,211.0,0.0,4.0,24.0,6.0,282.8333,100.766058,23.571008,124.337065,0.0,0.072402,0.574948,1.0,1.0,9.923977,1.0,0.383299,0.191649,0.0,0.0,0.574948,0.466667,0.690909,0.848276,0.274995,0.228382,0.574948
пластиковые окна Екатеринбург,пластиковые окна,commercial,Екатеринбург,54,https://ekat.steklodom.com/windowsconstructor/,ekat.steklodom.com,6,0,,,content,ok,,44.4444,37122.0,1587943.0,5654.0,1604.0,0.2836929607357623,5.2011,203.0,27.8522,123.0,1.0,3.0,0.0,4.0,1.0,101.0,1.0,177.0,0.0,0.0,0.0,51.0,2.0,1.0,0.666667,0.333333,0.0,0.0,19.0,0.00902,1.0,269.0,439.0,1053.0,7.0,9.0,139.0,15.444444,45.9675,47.576937,77.644146,186.23983,1.238062,0.023377,0.571306,1.0,1.0,21.018587,0.03252,0.571306,0.380871,0.0,0.0,0.571306,0.633333,0.163636,0.77931,0.300672,0.162075,0.571306
пластиковые окна Екатеринбург,пластиковые окна,commercial,Екатеринбург,54,https://ekb.okna-plastikovyye.ru/,ekb.okna-plastikovyye.ru,7,0,,,homepage,ok,,33.3333,24377.0,327021.0,3439.0,1122.0,0.3262576330328584,5.8959,290.0,11.8586,261.0,1.0,6.0,0.0,7.0,1.0,41.0,1.0,257.0,0.0,0.0,0.0,143.0,2.0,2.0,0.666667,0.333333,3.0,0.333333,34.0,0.041582,1.0,237.0,145.0,278.0,7.0,9.0,152.0,16.888889,13.1762,68.915382,42.16342,80.837453,2.035475,0.074543,0.330412,1.0,1.0,14.510549,0.02682,0.330412,0.220275,0.110137,0.222222,0.330412,0.716667,0.745455,0.227586,0.613938,0.107799,0.330412
пластиковые окна Екатеринбург,пластиковые окна,commercial,Екатеринбург,54,https://ekaterinburg.delaem-okna.ru/,ekaterinburg.delaem-okna.ru,8,0,,,homepage,ok,,22.2222,20034.0,701555.0,2747.0,1000.0,0.3640334910811795,6.162,153.0,17.9542,71.0,1.0,19.0,2.0,22.0,1.0,87.0,1.0,303.0,0.0,0.0,0.0,191.0,2.0,5.0,0.666667,0.666667,6.0,0.666667,51.0,0.06953,1.0,301.0,135.0,84.0,7.0,2.0,16.0,8.0,38.6901,109.574081,49.144521,30.578813,2.548234,0.028557,0.647422,1.0,1.0,9.126246,0.309859,0.647422,0.431615,0.431615,0.444444,0.647422,0.8,0.418182,0.0,0.0,0.235683,0.647422
пластиковые окна Екатеринбург,пластиковые окна,commercial,Екатеринбург,54,https://oknanashi.ru/,oknanashi.ru,9,0,,,homepage,ok,,11.1111,5540.0,163601.0,813.0,435.0,0.5350553505535055,5.5744,36.0,22.5833,54.0,1.0,1.0,7.0,9.0,1.0,61.0,1.0,158.0,0.0,0.0,0.0,21.0,3.0,1.0,0.666667,0.333333,4.0,0.666667,9.0,0.02583,0.666667,122.0,49.0,69.0,2.0,1.0,6.0,6.0,15.0556,150.061501,60.270603,84.870849,2.460025,0.033863,0.717966,1.0,1.0,6.663934,0.166667,0.478644,0.478644,0.478644,0.444444,0.389138,0.75,0.890909,0.910345,0.574006,0.173508,0.717966
пластиковые окна Екатеринбург,пластиковые окна,commercial,Екатеринбург,54,https://panorama-okno.ru/,panorama-okno.ru,10,0,,,homepage,ok,,0.0,12928.0,161844.0,1878.0,397.0,0.211395101171459,5.6294,139.0,13.5108,60.0,6.0,13.0,20.0,39.0,1.0,107.0,1.0,168.0,0.0,0.0,0.0,38.0,2.0,3.0,0.666667,0.666667,9.0,0.666667,6.0,0.020234,1.0,159.0,44.0,121.0,0.0,3.0,32.0,10.666667,31.3,84.664537,23.42918,64.430245,0.0,0.079879,0.603968,1.0,1.0,11.811321,0.65,0.603968,0.402645,0.402645,0.444444,0.603968,0.8,0.054545,0.841379,0.674476,0.127676,0.603968
пластиковые окна Новосибирск,пластиковые окна,commercial,Новосибирск,65,https://mirokon-nsk.ru/,mirokon-nsk.ru,1,0,,,homepage,ok,,100.0,9983.0,115960.0,1445.0,662.0,0.4581314878892734,5.7702,105.0,13.7619,15.0,1.0,4.0,0.0,5.0,1.0,52.0,1.0,142.0,1.0,1.0,3.0,65.0,3.0,5.0,1.0,1.0,5.0,1.0,25.0,0.044983,1.0,70.0,53.0,39.0,0.0,7.0,49.0,7.0,96.3333,48.442907,36.678201,26.989619,0.0,0.08609,0.520318,1.0,1.0,20.642857,0.333333,0.520318,0.520318,0.520318,1.0,0.50124,1.0,0.945455,0.97931,0.500577,0.191361,0.520318
пластиковые окна Новосибирск,пластиковые окна,commercial,Новосибирск,65,https://oknazavr.ru/novosibirsk/plastikovye-okna/,oknazavr.ru,2,0,,,content,ok,,88.8889,13218.0,761753.0,1940.0,748.0,0.38556701030927837,5.5397,124.0,15.6452,280.0,1.0,11.0,10.0,22.0,1.0,88.0,1.0,164.0,0.0,0.0,0.0,85.0,4.0,0.0,0.666667,0.0,5.0,0.666667,21.0,0.043814,1.0,341.0,227.0,258.0,0.0,3.0,89.0,29.666667,6.9286,175.773196,117.010309,132.989691,0.0,0.017352,0.668013,1.0,1.0,5.68915,0.078571,0.668013,0.445342,0.445342,0.444444,0.668013,0.8,0.4,0.868966,0.539519,0.257564,0.668013
пластиковые окна Новосибирск,пластиковые окна,commercial,Новосибирск,65,https://bfk.ru/,bfk.ru,3,0,,,homepage,ok,,77.7778,7431.0,166836.0,1100.0,399.0,0.36272727272727273,5.6009,34.0,32.3529,59.0,1.0,5.0,1.0,7.0,1.0,77.0,1.0,169.0,0.0,0.0,0.0,18.0,1.0,1.0,0.333333,0.333333,3.0,0.333333,10.0,0.016364,1.0,140.0,44.0,93.0,0.0,8.0,59.0,7.375,18.6441,127.272727,40.0,84.545455,0.0,0.044541,0.560199,1.0,1.0,7.857143,0.118644,0.560199,0.186733,0.186733,0.111111,0.410813,0.6,0.6,0.834483,0.545455,0.124177,0.560199
пластиковые окна Новосибирск,пластиковые окна,commercial,Новосибирск,65,https://novosibirsk.okna-plastikovyye.ru/,novosibirsk.okna-plastikovyye.ru,4,0,,,homepage,ok,,66.6667,23796.0,321742.0,3355.0,1096.0,0.3266766020864382,5.8969,288.0,11.6493,252.0,1.0,6.0,0.0,7.0,1.0,49.0,1.0,49.0,0.0,0.0,0.0,136.0,0.0,0.0,0.0,0.0,4.0,0.666667,31.0,0.040537,1.0,228.0,138.0,272.0,7.0,9.0,147.0,16.333333,13.3135,67.958271,41.132638,81.073025,2.086438,0.07396,0.48007,1.0,1.0,14.714912,0.027778,0.48007,0.0,0.320047,0.0,0.48007,0.566667,0.890909,0.337931,0.648783,0.156828,0.48007
пластиковые окна Новосибирск,пластиковые окна,commercial,Новосибирск,65,https://r-okna.com/,r-okna.com,5,0,,,homepage,ok,,55.5556,31974.0,728809.0,4507.0,1587.0,0.35211892611493234,5.9281,223.0,20.2108,133.0,1.0,21.0,1.0,21.0,1.0,107.0,1.0,173.0,0.0,0.0,0.0,151.0,3.0,4.0,0.666667,0.666667,5.0,0.666667,39.0,0.033503,1.0,346.0,120.0,373.0,11.0,5.0,28.0,5.6,33.8872,76.76947,26.62525,82.760151,2.440648,0.043872,0.689389,1.0,1.0,13.026012,0.157895,0.689389,0.459593,0.459593,0.444444,0.689389,0.8,0.054545,0.806897,0.883219,0.242747,0.689389
пластиковые окна Новосибирск,пластиковые окна,commercial,Новосибирск,65,https://oknasibirinsk.ru/,oknasibirinsk.ru,6,0,,,homepage,ok,,44.4444,12089.0,239305.0,1914.0,934.0,0.48798328108672934,5.1682,122.0,15.6885,46.0,1.0,2.0,2.0,5.0,1.0,90.0,1.0,143.0,0.0,0.0,0.0,51.0,2.0,0.0,0.666667,0.0,2.0,0.666667,19.0,0.026646,1.0,123.0,70.0,47.0,19.0,3.0,57.0,19.0,41.6087,64.263323,36.572623,24.555904,9.926855,0.050517,0.637527,1.0,1.0,15.560976,0.108696,0.637527,0.425018,0.425018,0.444444,0.637527,0.8,0.363636,0.986207,0.888192,0.311103,0.637527
пластиковые окна Новосибирск,пластиковые окна,commercial,Новосибирск,65,https://novosibirsk.zavod-okna-pvh.ru/,novosibirsk.zavod-okna-pvh.ru,7,0,,,homepage,ok,,33.3333,30059.0,277136.0,4142.0,1550.0,0.374215354901014,6.0789,223.0,18.574,250.0,1.0,17.0,0.0,18.0,1.0,88.0,1.0,124.0,0.0,0.0,0.0,126.0,2.0,0.0,0.666667,0.0,11.0,0.666667,20.0,0.03042,1.0,193.0,191.0,197.0,0.0,12.0,147.0,12.25,16.568,46.595847,46.112989,47.561564,0.0,0.108463,0.58376,1.0,1.0,21.46114,0.072,0.58376,0.389173,0.389173,0.444444,0.58376,0.8,0.4,0.855172,0.985997,0.218452,0.58376
пластиковые окна Новосибирск,пластиковые окна,commercial,Новосибирск,65,https://www.okonsib.ru/,okonsib.ru,9,0,,,homepage,ok,,11.1111,12073.0,330537.0,1682.0,708.0,0.42092746730083236,6.0529,66.0,25.4848,13.0,0.0,0.0,0.0,0.0,1.0,88.0,1.0,198.0,0.0,0.0,0.0,67.0,5.0,0.0,1.0,0.0,0.0,0.0,6.0,0.039834,1.0,491.0,26.0,503.0,47.0,5.0,30.0,6.0,129.3846,291.914388,15.457788,299.048751,27.942925,0.036525,0.479903,1.0,1.0,3.425662,0.0,0.479903,0.479903,0.0,0.0,0.479903,0.75,0.4,0.634483,0.672216,0.188762,0.479903
пластиковые окна Новосибирск,пластиковые окна,commercial,Новосибирск,65,https://plastikadokon.ru/plastikovye-okna/,plastikadokon.ru,10,0,,,content,ok,,0.0,32533.0,287843.0,4750.0,1355.0,0.28526315789473683,5.6501,393.0,12.0865,128.0,1.0,27.0,9.0,37.0,1.0,77.0,1.0,241.0,0.0,1.0,8.0,140.0,2.0,2.0,0.666667,0.666667,18.0,1.0,15.0,0.029474,1.0,105.0,246.0,83.0,38.0,5.0,46.0,9.2,37.1094,22.105263,51.789474,17.473684,8.0,0.113023,0.5639,1.0,1.0,45.238095,0.289062,0.5639,0.375933,0.5639,0.666667,0.5639,0.883333,0.6,0.337931,0.982456,0.16086,0.5639
пластиковые окна Казань,пластиковые окна,commercial,Казань,43,https://plastikovye-okna-kazan.ru/,plastikovye-okna-kazan.ru,1,0,,,homepage,ok,,100.0,35255.0,451864.0,5080.0,1454.0,0.2862204724409449,5.7409,391.0,12.9923,303.0,1.0,18.0,1.0,20.0,1.0,66.0,1.0,153.0,0.0,0.0,0.0,179.0,3.0,4.0,0.666667,1.0,7.0,0.666667,21.0,0.035236,1.0,192.0,217.0,29.0,16.0,7.0,100.0,14.285714,16.7657,37.795276,42.716535,5.708661,3.149606,0.078021,0.528723,1.0,1.0,26.458333,0.066007,0.528723,0.352482,0.352482,0.444444,0.528723,0.8,0.8,0.944828,0.825459,0.151331,0.528723
пластиковые окна Казань,пластиковые окна,commercial,Казань,43,https://vottakieokna.ru/,vottakieokna.ru,2,0,,,homepage,ok,,88.8889,4262.0,74451.0,559.0,308.0,0.5509838998211091,6.4973,36.0,15.5278,8.0,1.0,10.0,2.0,13.0,1.0,70.0,1.0,189.0,0.0,0.0,0.0,26.0,3.0,4.0,0.666667,0.666667,1.0,0.333333,19.0,0.046512,1.0,140.0,58.0,99.0,0.0,4.0,15.0,3.75,69.875,250.447227,103.756708,177.101968,0.0,0.057246,0.622033,1.0,1.0,3.992857,1.625,0.622033,0.414689,0.207344,0.222222,0.231811,0.716667,0.727273,0.696552,0.449612,0.106437,0.622033
пластиковые окна Казань,пластиковые окна,commercial,Казань,43,https://kazan.okna-plastikovyye.ru/,kazan.okna-plastikovyye.ru,3,0,,,homepage,ok,,77.7778,24196.0,328420.0,3419.0,1089.0,0.3185141854343375,5.8871,285.0,11.9965,263.0,1.0,6.0,0.0,7.0,1.0,43.0,1.0,43.0,0.0,0.0,0.0,138.0,0.0,0.0,0.0,0.0,3.0,0.333333,31.0,0.040363,1.0,229.0,146.0,274.0,7.0,9.0,151.0,16.777778,13.0,66.978649,42.702545,80.140392,2.047382,0.073674,0.326806,1.0,1.0,14.930131,0.026616,0.326806,0.0,0.108935,0.0,0.326806,0.483333,0.781818,0.296552,0.654577,0.104092,0.326806
пластиковые окна Казань,пластиковые окна,commercial,Казань,43,https://oknaxxi-kazan.ru/,oknaxxi-kazan.ru,4,0,,,homepage,ok,,66.6667,2509.0,329924.0,389.0,212.0,0.5449871465295629,5.3008,21.0,18.5238,2.0,0.0,6.0,1.0,7.0,1.0,40.0,1.0,161.0,1.0,1.0,1.0,26.0,3.0,2.0,1.0,0.666667,3.0,0.333333,19.0,0.066838,1.0,84.0,68.0,44.0,3.0,2.0,8.0,4.0,194.5,215.938303,174.807198,113.11054,7.712082,0.007605,0.4099,1.0,1.0,4.630952,3.5,0.4099,0.4099,0.136633,0.333333,0.106301,0.833333,0.727273,0.889655,0.0,0.048277,0.4099
пластиковые окна Казань,пластиковые окна,commercial,Казань,43,https://kazan-ihlas.ru/,kazan-ihlas.ru,5,0,,,homepage,ok,,55.5556,10919.0,89091.0,1540.0,724.0,0.4701298701298701,5.7831,123.0,12.5203,30.0,1.0,9.0,17.0,27.0,1.0,68.0,1.0,244.0,1.0,1.0,1.0,101.0,5.0,3.0,1.0,0.666667,16.0,1.0,20.0,0.065584,1.0,154.0,79.0,230.0,25.0,1.0,2.0,2.0,51.3333,100.0,51.298701,149.350649,16.233766,0.12256,0.606602,1.0,1.0,10.0,0.9,0.606602,0.606602,0.606602,1.0,0.606602,1.0,0.763636,0.317241,0.0,0.243989,0.606602
пластиковые окна Казань,пластиковые окна,commercial,Казань,43,https://kzn.okna-olkon.ru/,kzn.okna-olkon.ru,6,0,,,homepage,ok,,44.4444,8522.0,353802.0,1328.0,476.0,0.35843373493975905,5.1815,92.0,14.4348,77.0,1.0,13.0,56.0,70.0,1.0,43.0,1.0,164.0,0.0,0.0,0.0,38.0,2.0,4.0,0.666667,0.666667,4.0,1.0,14.0,0.028614,1.0,60.0,107.0,18.0,7.0,9.0,88.0,9.777778,17.2468,45.180723,80.572289,13.554217,5.271084,0.024087,0.542705,1.0,1.0,22.133333,0.909091,0.542705,0.361803,0.542705,0.666667,0.480475,0.883333,0.781818,0.868966,0.953815,0.143515,0.542705
пластиковые окна Казань,пластиковые окна,commercial,Казань,43,https://www.okna-rubin.ru/,okna-rubin.ru,7,0,,,homepage,ok,,33.3333,10393.0,218745.0,1432.0,759.0,0.5300279329608939,6.0789,88.0,16.2727,30.0,1.0,5.0,7.0,13.0,1.0,62.0,1.0,141.0,1.0,1.0,1.0,50.0,3.0,2.0,1.0,0.666667,6.0,0.666667,12.0,0.034916,1.0,146.0,47.0,51.0,0.0,6.0,47.0,7.833333,47.7333,101.955307,32.821229,35.614525,0.0,0.047512,0.305424,1.0,1.0,9.808219,0.433333,0.305424,0.305424,0.203616,0.666667,0.291578,0.916667,0.872727,0.972414,0.836127,0.128787,0.305424
пластиковые окна Казань,пластиковые окна,commercial,Казань,43,https://kazanskiye-okna.ru/,kazanskiye-okna.ru,8,0,,,homepage,ok,,22.2222,6764.0,338787.0,1020.0,488.0,0.47843137254901963,5.3833,88.0,11.5909,59.0,0.0,0.0,0.0,0.0,1.0,95.0,1.0,108.0,0.0,0.0,0.0,39.0,2.0,0.0,0.666667,0.0,0.0,0.0,11.0,0.038235,0.666667,59.0,2.0,88.0,55.0,3.0,47.0,15.666667,17.2881,57.843137,1.960784,86.27451,53.921569,0.019965,0.504056,1.0,1.0,17.288136,0.0,0.336037,0.336037,0.0,0.0,0.342758,0.583333,0.272727,0.744828,0.48366,0.136655,0.504056
пластиковые окна Казань,пластиковые окна,commercial,Казань,43,https://oknakazan.com/,oknakazan.com,9,0,,,homepage,ok,,11.1111,10336.0,1148105.0,1441.0,634.0,0.4399722414989591,5.6211,70.0,20.5857,102.0,1.0,3.0,5.0,9.0,1.0,63.0,1.0,132.0,0.0,0.0,0.0,8.0,2.0,0.0,0.666667,0.0,0.0,0.0,2.0,0.005552,1.0,62.0,29.0,58.0,0.0,11.0,100.0,9.090909,14.1275,43.025677,20.124913,40.249827,0.0,0.009003,0.147926,0.666667,1.0,23.241935,0.088235,0.147926,0.098617,0.0,0.0,0.142108,0.55,0.854545,0.910345,0.185057,0.052103,0.147926
пластиковые окна Казань,пластиковые окна,commercial,Казань,43,https://okna21-kazan.ru/,okna21-kazan.ru,10,0,,,homepage,ok,,0.0,1169.0,47466.0,181.0,100.0,0.5524861878453039,5.221,9.0,20.1111,16.0,1.0,2.0,2.0,5.0,1.0,47.0,1.0,106.0,1.0,1.0,2.0,26.0,5.0,1.0,1.0,0.333333,3.0,0.333333,26.0,0.143646,1.0,71.0,62.0,55.0,25.0,2.0,6.0,3.0,11.3125,392.265193,342.541436,303.867403,138.121547,0.024628,0.361551,1.0,1.0,2.549296,0.3125,0.361551,0.361551,0.120517,0.333333,0.043627,0.833333,0.854545,0.731034,0.0,0.020086,0.361551
пластиковые окна Краснодар,пластиковые окна,commercial,Краснодар,35,https://okna-zavod-krasnodar.ru/,okna-zavod-krasnodar.ru,1,0,,,homepage,ok,,100.0,6774.0,236362.0,946.0,548.0,0.5792811839323467,6.0074,28.0,33.7857,101.0,1.0,8.0,0.0,9.0,1.0,73.0,1.0,176.0,0.0,0.0,0.0,32.0,3.0,3.0,0.666667,1.0,6.0,0.666667,17.0,0.033827,1.0,65.0,26.0,35.0,0.0,1.0,8.0,8.0,9.3663,68.710359,27.484144,36.997886,0.0,0.028659,0.657172,1.0,1.0,14.553846,0.089109,0.657172,0.438115,0.438115,0.444444,0.414456,0.8,0.672727,0.786207,0.872445,0.200072,0.657172
пластиковые окна Краснодар,пластиковые окна,commercial,Краснодар,35,https://krasnodar.delaem-okna.ru/,krasnodar.delaem-okna.ru,2,0,,,homepage,ok,,88.8889,19999.0,700133.0,2749.0,1005.0,0.3655874863586759,6.1448,151.0,18.2053,71.0,1.0,19.0,2.0,22.0,1.0,84.0,1.0,298.0,0.0,0.0,0.0,191.0,2.0,5.0,0.666667,0.666667,6.0,0.666667,51.0,0.06948,1.0,301.0,135.0,84.0,7.0,2.0,16.0,8.0,38.7183,109.494362,49.108767,30.556566,2.546381,0.028565,0.622744,1.0,1.0,9.13289,0.309859,0.622744,0.415163,0.415163,0.444444,0.622744,0.8,0.472727,0.0,0.0,0.227667,0.622744
пластиковые окна Краснодар,пластиковые окна,commercial,Краснодар,35,https://krasnodar.vekaregion.ru/,krasnodar.vekaregion.ru,3,0,,,homepage,ok,,77.7778,34505.0,892822.0,5055.0,804.0,0.15905044510385757,5.6012,363.0,13.9256,13.0,1.0,23.0,0.0,24.0,1.0,66.0,1.0,196.0,0.0,0.0,0.0,44.0,3.0,2.0,1.0,0.666667,8.0,0.666667,8.0,0.008704,1.0,119.0,36.0,224.0,67.0,17.0,180.0,10.588235,388.8462,23.541048,7.121662,44.312562,13.254204,0.038647,0.316823,1.0,1.0,42.478992,1.846154,0.316823,0.316823,0.211215,0.666667,0.316823,0.916667,0.8,0.648276,0.290142,0.050391,0.316823
пластиковые окна Краснодар,пластиковые окна,commercial,Краснодар,35,https://krasnodar.okna-plastikovyye.ru/,krasnodar.okna-plastikovyye.ru,4,0,,,homepage,ok,,66.6667,24351.0,327377.0,3438.0,1117.0,0.3248981966259453,5.8901,291.0,11.8144,261.0,1.0,6.0,0.0,7.0,1.0,47.0,1.0,47.0,0.0,0.0,0.0,141.0,0.0,0.0,0.0,0.0,3.0,0.333333,31.0,0.041012,1.0,236.0,145.0,277.0,7.0,9.0,152.0,16.888889,13.1724,68.644561,42.175684,80.570099,2.036067,0.074382,0.35301,1.0,1.0,14.567797,0.02682,0.35301,0.0,0.11767,0.0,0.35301,0.483333,0.854545,0.324138,0.632926,0.114692,0.35301
пластиковые окна Краснодар,пластиковые окна,commercial,Краснодар,35,https://krasnodar.oknatrade.ru/catalog/plastikovye-okna/,krasnodar.oknatrade.ru,5,0,,,product,ok,,55.5556,27789.0,1294653.0,4322.0,966.0,0.22350763535400278,5.2416,154.0,28.0649,354.0,1.0,5.0,1.0,7.0,1.0,62.0,1.0,131.0,0.0,0.0,0.0,108.0,2.0,2.0,0.666667,0.666667,2.0,0.666667,33.0,0.024988,1.0,441.0,101.0,468.0,30.0,3.0,158.0,52.666667,12.209,102.036094,23.368811,108.283202,6.941231,0.021464,0.382218,1.0,1.0,9.800454,0.019774,0.382218,0.254812,0.254812,0.444444,0.382218,0.8,0.872727,0.903448,0.832948,0.085429,0.382218
пластиковые окна Краснодар,пластиковые окна,commercial,Краснодар,35,https://vekazavod.ru/,vekazavod.ru,6,0,,,homepage,ok,,44.4444,15164.0,267360.0,2106.0,759.0,0.3603988603988604,6.0237,102.0,20.6471,62.0,2.0,11.0,0.0,13.0,1.0,75.0,1.0,161.0,0.0,0.0,0.0,41.0,2.0,2.0,0.666667,0.666667,1.0,0.333333,23.0,0.019468,1.0,167.0,98.0,110.0,2.0,11.0,57.0,5.181818,33.9677,79.297246,46.533713,52.231719,0.949668,0.056718,0.568753,1.0,1.0,12.610778,0.209677,0.568753,0.379169,0.189584,0.222222,0.568753,0.716667,0.636364,0.889655,0.64894,0.204978,0.568753
пластиковые окна Краснодар,пластиковые окна,commercial,Краснодар,35,https://krasnodar.essokna.ru/,krasnodar.essokna.ru,7,0,,,homepage,ok,,33.3333,7115.0,84223.0,1013.0,486.0,0.4797630799605133,5.846,90.0,11.2556,13.0,1.0,8.0,23.0,32.0,1.0,54.0,1.0,231.0,0.0,0.0,0.0,54.0,1.0,4.0,0.333333,1.0,11.0,1.0,22.0,0.053307,1.0,138.0,53.0,72.0,10.0,1.0,5.0,5.0,77.9231,136.229023,52.319842,71.076012,9.871668,0.084478,0.4197,1.0,1.0,7.34058,2.461538,0.4197,0.1399,0.4197,0.333333,0.283437,0.766667,0.981818,0.406897,0.2231,0.113319,0.4197
пластиковые окна Краснодар,пластиковые окна,commercial,Краснодар,35,https://gornica-okna.ru/,gornica-okna.ru,8,0,,,homepage,ok,,22.2222,14386.0,299101.0,1966.0,736.0,0.3743641912512716,6.1297,130.0,15.1231,181.0,1.0,10.0,0.0,11.0,1.0,92.0,1.0,192.0,0.0,0.0,0.0,43.0,3.0,2.0,0.666667,0.666667,3.0,0.666667,16.0,0.021872,1.0,269.0,242.0,88.0,1.0,2.0,31.0,15.5,10.8619,136.826043,123.092574,44.760936,0.508647,0.048097,0.349735,1.0,1.0,7.30855,0.060773,0.349735,0.233157,0.233157,0.444444,0.349735,0.8,0.327273,0.675862,0.729061,0.130928,0.349735
пластиковые окна Краснодар,пластиковые окна,commercial,Краснодар,35,https://1oknozavod.ru/,1oknozavod.ru,9,0,,,homepage,ok,,11.1111,29826.0,697818.0,3812.0,1338.0,0.35099685204617,6.6367,336.0,11.3452,135.0,1.0,0.0,0.0,1.0,1.0,86.0,1.0,148.0,0.0,0.0,0.0,32.0,3.0,3.0,0.666667,0.666667,0.0,0.0,21.0,0.008395,1.0,55.0,34.0,159.0,43.0,5.0,25.0,5.0,28.237,14.428122,8.919203,41.710388,11.280168,0.042742,0.663258,1.0,1.0,69.309091,0.007407,0.663258,0.442172,0.0,0.0,0.663258,0.633333,0.436364,0.97931,0.279818,0.232801,0.663258
пластиковые окна Краснодар,пластиковые окна,commercial,Краснодар,35,https://okna-pvh-krasnodar.ru/,okna-pvh-krasnodar.ru,10,0,,,homepage,ok,,0.0,10923.0,248407.0,1601.0,648.0,0.4047470331043098,5.4447,151.0,10.6026,60.0,1.0,8.0,33.0,42.0,1.0,36.0,1.0,153.0,0.0,0.0,0.0,52.0,2.0,0.0,0.666667,0.0,7.0,0.666667,20.0,0.03248,1.0,76.0,45.0,62.0,13.0,1.0,6.0,6.0,26.6833,47.470331,28.107433,38.725796,8.119925,0.043972,0.305543,1.0,1.0,21.065789,0.7,0.305543,0.203695,0.203695,0.444444,0.305543,0.8,0.654545,0.944828,0.917343,0.109995,0.305543
пластиковые окна Самара,пластиковые окна,commercial,Самара,51,https://okna-sok.ru/,okna-sok.ru,1,0,,,homepage,ok,,100.0,24901.0,307747.0,3605.0,1244.0,0.34507628294036063,5.7331,228.0,15.8114,44.0,1.0,24.0,10.0,35.0,1.0,74.0,1.0,160.0,0.0,0.0,0.0,80.0,3.0,2.0,0.666667,0.666667,13.0,1.0,14.0,0.022191,1.0,173.0,101.0,114.0,16.0,4.0,30.0,7.5,81.9318,47.988904,28.016644,31.622746,4.43828,0.080914,0.759381,1.0,1.0,20.83815,0.795455,0.759381,0.506254,0.759381,0.666667,0.759381,0.883333,0.654545,0.896552,0.739713,0.262044,0.759381
пластиковые окна Самара,пластиковые окна,commercial,Самара,51,https://oknazavr.ru/samara/plastikovye-okna/,oknazavr.ru,2,0,,,content,ok,,88.8889,13071.0,688387.0,1969.0,742.0,0.37684103605891317,5.356,135.0,14.5852,285.0,1.0,11.0,10.0,22.0,1.0,82.0,1.0,158.0,0.0,0.0,0.0,104.0,4.0,0.0,0.666667,0.0,7.0,1.0,22.0,0.052819,1.0,340.0,232.0,233.0,0.0,3.0,72.0,24.0,6.9088,172.676486,117.826308,118.33418,0.0,0.018988,0.7291,1.0,1.0,5.791176,0.077193,0.7291,0.486067,0.7291,0.666667,0.7291,0.883333,0.509091,0.910345,0.239377,0.274755,0.7291
пластиковые окна Самара,пластиковые окна,commercial,Самара,51,https://samara.delaem-okna.ru/,samara.delaem-okna.ru,3,0,,,homepage,ok,,77.7778,19977.0,698918.0,2751.0,1009.0,0.3667757179207561,6.1305,151.0,18.2185,72.0,1.0,19.0,2.0,22.0,1.0,80.0,1.0,295.0,0.0,0.0,0.0,185.0,2.0,4.0,0.666667,0.666667,6.0,0.666667,50.0,0.067248,1.0,301.0,135.0,84.0,7.0,2.0,16.0,8.0,38.2083,109.414758,49.073064,30.534351,2.544529,0.028583,0.749851,1.0,1.0,9.139535,0.305556,0.749851,0.499901,0.499901,0.444444,0.749851,0.8,0.545455,0.0,0.0,0.275027,0.749851
пластиковые окна Самара,пластиковые окна,commercial,Самара,51,https://azbukaokon63.ru/,azbukaokon63.ru,4,0,,,homepage,ok,,66.6667,24211.0,401258.0,3542.0,947.0,0.2673630717108978,5.6694,337.0,10.5104,174.0,1.0,17.0,4.0,20.0,1.0,69.0,1.0,208.0,0.0,0.0,0.0,86.0,2.0,3.0,0.666667,0.666667,7.0,0.666667,13.0,0.02428,1.0,379.0,142.0,127.0,41.0,5.0,32.0,6.4,20.3563,107.001694,40.090344,35.855449,11.575381,0.060338,0.648148,1.0,1.0,9.345646,0.114943,0.648148,0.432099,0.432099,0.444444,0.648148,0.8,0.745455,0.565517,0.809336,0.173291,0.648148
пластиковые окна Самара,пластиковые окна,commercial,Самара,51,https://oknasravni.ru/samara,oknasravni.ru,5,0,,,content,ok,,55.5556,14214.0,178303.0,2168.0,822.0,0.37915129151291516,5.3021,173.0,12.5318,3.0,1.0,8.0,2.0,11.0,1.0,65.0,1.0,151.0,0.0,0.0,0.0,110.0,1.0,3.0,0.333333,0.666667,8.0,0.666667,44.0,0.050738,1.0,125.0,291.0,30.0,0.0,0.0,2.0,0.0,722.6667,57.656827,134.225092,13.837638,0.0,0.079718,0.738989,1.0,0.75,17.344,3.666667,0.738989,0.24633,0.492659,0.222222,0.738989,0.683333,0.818182,0.958621,0.308733,0.280189,0.554242
пластиковые окна Самара,пластиковые окна,commercial,Самара,51,https://smr.okna-olkon.ru/,smr.okna-olkon.ru,6,0,,,homepage,ok,,44.4444,8828.0,358308.0,1371.0,491.0,0.35813274981765136,5.2115,92.0,14.9022,77.0,1.0,14.0,57.0,72.0,1.0,43.0,1.0,164.0,0.0,0.0,0.0,40.0,2.0,4.0,0.666667,0.666667,5.0,1.0,14.0,0.029176,1.0,79.0,108.0,36.0,7.0,9.0,88.0,9.777778,17.8052,57.622174,78.774617,26.258206,5.105762,0.024638,0.688017,1.0,1.0,17.35443,0.935065,0.688017,0.458678,0.688017,0.666667,0.628848,0.883333,0.781818,0.868966,0.972526,0.187676,0.688017
пластиковые окна Самара,пластиковые окна,commercial,Самара,51,https://oknaterem.ru/okna/plastikovyie-okna,oknaterem.ru,7,0,,,content,ok,,33.3333,13659.0,98372.0,1915.0,634.0,0.33107049608355094,6.0052,83.0,23.0723,63.0,1.0,8.0,0.0,8.0,1.0,51.0,1.0,147.0,0.0,0.0,0.0,40.0,2.0,2.0,0.666667,0.666667,10.0,0.666667,12.0,0.020888,1.0,154.0,97.0,181.0,10.0,8.0,143.0,17.875,30.3968,80.417755,50.652742,94.516971,5.221932,0.13885,0.746175,1.0,1.0,12.435065,0.126984,0.746175,0.49745,0.49745,0.444444,0.746175,0.8,0.927273,0.986207,0.696258,0.247037,0.746175
пластиковые окна Самара,пластиковые окна,commercial,Самара,51,https://zhiraf-okno.ru/,zhiraf-okno.ru,8,0,,,homepage,ok,,22.2222,26276.0,2614857.0,3809.0,1098.0,0.28826463638750327,5.5742,144.0,26.4514,24.0,2.0,12.0,1.0,15.0,1.0,67.0,1.0,183.0,0.0,0.0,0.0,89.0,3.0,2.0,0.666667,0.666667,4.0,0.666667,17.0,0.023366,1.0,123.0,191.0,147.0,26.0,10.0,212.0,21.2,158.7083,32.29194,50.144395,38.592807,6.825939,0.010049,0.596584,1.0,1.0,30.96748,0.625,0.596584,0.397723,0.397723,0.444444,0.596584,0.8,0.781818,0.737931,0.778857,0.171974,0.596584
пластиковые окна Самара,пластиковые окна,commercial,Самара,51,https://newokna163.ru/,newokna163.ru,9,0,,,homepage,ok,,11.1111,3339.0,185731.0,469.0,233.0,0.4968017057569296,5.9808,19.0,24.6842,15.0,2.0,8.0,0.0,9.0,1.0,57.0,1.0,131.0,0.0,0.0,0.0,26.0,2.0,1.0,0.666667,0.333333,0.0,0.0,21.0,0.055437,1.0,133.0,27.0,58.0,10.0,1.0,22.0,22.0,31.2667,283.58209,57.569296,123.667377,21.321962,0.017978,0.792781,1.0,1.0,3.526316,0.6,0.792781,0.528521,0.0,0.0,0.247876,0.633333,0.963636,0.903448,0.152097,0.102621,0.792781
пластиковые окна Самара,пластиковые окна,commercial,Самара,51,https://vdom-okna.ru/,vdom-okna.ru,10,0,,,homepage,ok,,0.0,9558.0,426608.0,1398.0,669.0,0.47854077253218885,5.6953,47.0,29.7447,132.0,4.0,19.0,1.0,24.0,1.0,59.0,1.0,179.0,0.0,0.0,0.0,40.0,2.0,2.0,0.666667,0.666667,11.0,0.666667,12.0,0.028612,1.0,41.0,212.0,11.0,39.0,0.0,20.0,0.0,10.5909,29.327611,151.645207,7.868383,27.896996,0.022405,0.55726,1.0,0.75,34.097561,0.181818,0.55726,0.371507,0.371507,0.444444,0.519366,0.8,0.927273,0.765517,0.953743,0.207115,0.417945
пластиковые окна Нижний Новгород,пластиковые окна,commercial,Нижний Новгород,47,https://www.oknakompas.ru/,oknakompas.ru,1,0,,,homepage,ok,,100.0,45786.0,982297.0,6614.0,1059.0,0.160114907771394,5.6217,421.0,15.7102,1332.0,1.0,15.0,7.0,22.0,1.0,79.0,1.0,179.0,0.0,0.0,0.0,176.0,3.0,2.0,0.5,0.5,1.0,0.25,19.0,0.02661,1.0,507.0,121.0,765.0,7.0,27.0,73.0,2.703704,4.9655,76.655579,18.294527,115.663744,1.058361,0.046611,0.554219,1.0,1.0,13.045365,0.016517,0.554219,0.27711,0.138555,0.125,0.554219,0.6375,0.563636,0.765517,0.887007,0.088739,0.554219
пластиковые окна Нижний Новгород,пластиковые окна,commercial,Нижний Новгород,47,https://oknazavr.ru/nizhniy-novgorod/plastikovye-okna/,oknazavr.ru,2,0,,,content,ok,,88.8889,14897.0,741530.0,2212.0,817.0,0.3693490054249548,5.4756,138.0,16.029,289.0,1.0,11.0,10.0,22.0,1.0,91.0,1.0,167.0,0.0,0.0,0.0,128.0,4.0,0.0,0.5,0.0,5.0,0.5,27.0,0.057866,1.0,358.0,237.0,265.0,0.0,3.0,94.0,31.333333,7.654,161.844485,107.142857,119.801085,0.0,0.02009,0.691169,1.0,1.0,6.178771,0.076125,0.691169,0.345585,0.345585,0.25,0.691169,0.7,0.345455,0.848276,0.071127,0.255283,0.691169
пластиковые окна Нижний Новгород,пластиковые окна,commercial,Нижний Новгород,47,https://nn.okna-plastikovyye.ru/,nn.okna-plastikovyye.ru,3,0,,,homepage,ok,,77.7778,24328.0,324909.0,3438.0,1117.0,0.3248981966259453,5.8837,288.0,11.9375,263.0,1.0,6.0,0.0,7.0,1.0,44.0,1.0,44.0,0.0,0.0,0.0,139.0,2.0,2.0,0.5,0.5,4.0,0.5,33.0,0.04043,1.0,223.0,146.0,268.0,7.0,9.0,151.0,16.777778,13.0722,64.863293,42.46655,77.952298,2.036067,0.074876,0.296361,1.0,1.0,15.41704,0.026616,0.296361,0.14818,0.14818,0.25,0.296361,0.7,0.8,0.303448,0.652317,0.096287,0.296361
пластиковые окна Нижний Новгород,пластиковые окна,commercial,Нижний Новгород,47,https://domokna52.ru/,domokna52.ru,4,0,,,homepage,ok,,66.6667,17755.0,479719.0,2458.0,927.0,0.3771358828315704,5.9211,130.0,18.9077,55.0,1.0,12.0,0.0,13.0,1.0,81.0,1.0,244.0,0.0,0.0,0.0,77.0,3.0,3.0,0.5,0.5,9.0,0.5,22.0,0.031326,1.0,309.0,125.0,217.0,37.0,3.0,39.0,13.0,44.6909,125.711961,50.854353,88.283157,15.052889,0.037011,0.617781,1.0,1.0,7.954693,0.236364,0.617781,0.308891,0.308891,0.25,0.617781,0.7,0.527273,0.317241,0.955791,0.232987,0.617781
пластиковые окна Нижний Новгород,пластиковые окна,commercial,Нижний Новгород,47,https://profinn52.ru/,profinn52.ru,5,0,,,homepage,ok,,55.5556,6103.0,15331.0,770.0,481.0,0.6246753246753247,6.7584,52.0,14.8077,22.0,1.0,11.0,7.0,19.0,1.0,69.0,1.0,91.0,0.0,0.0,0.0,15.0,0.0,2.0,0.0,0.5,4.0,0.5,9.0,0.019481,1.0,41.0,10.0,0.0,0.0,2.0,4.0,2.0,35.0,53.246753,12.987013,0.0,0.0,0.398082,0.604245,1.0,0.75,18.780488,0.863636,0.604245,0.0,0.302123,0.0,0.310179,0.525,0.745455,0.627586,0.649351,0.161468,0.453184
пластиковые окна Нижний Новгород,пластиковые окна,commercial,Нижний Новгород,47,https://okna-navsegda.ru/,okna-navsegda.ru,6,0,,,homepage,ok,,44.4444,9253.0,221414.0,1373.0,647.0,0.4712308812818645,5.4647,106.0,12.9528,78.0,1.0,18.0,30.0,49.0,1.0,59.0,1.0,137.0,0.0,0.0,0.0,35.0,2.0,2.0,0.5,0.5,3.0,0.5,7.0,0.025492,1.0,81.0,120.0,45.0,95.0,1.0,5.0,5.0,17.6026,58.994902,87.399854,32.774945,69.191551,0.04179,0.552841,1.0,1.0,16.950617,0.628205,0.552841,0.276421,0.276421,0.25,0.506034,0.7,0.927273,0.944828,0.849721,0.198716,0.552841
пластиковые окна Нижний Новгород,пластиковые окна,commercial,Нижний Новгород,47,https://schtandart-nn.ru/,schtandart-nn.ru,7,0,,,homepage,ok,,33.3333,16109.0,804440.0,2268.0,915.0,0.40343915343915343,5.9621,102.0,22.2353,1.0,1.0,1.0,1.0,3.0,1.0,97.0,1.0,255.0,0.0,0.0,0.0,30.0,2.0,2.0,0.5,0.5,4.0,0.5,5.0,0.013228,1.0,102.0,65.0,168.0,67.0,6.0,155.0,25.833333,2268.0,44.973545,28.659612,74.074074,29.541446,0.020025,0.55177,1.0,1.0,22.235294,3.0,0.55177,0.275885,0.275885,0.25,0.55177,0.7,0.236364,0.241379,0.440917,0.222606,0.55177
пластиковые окна Нижний Новгород,пластиковые окна,commercial,Нижний Новгород,47,https://prizma-okna.ru/,prizma-okna.ru,8,0,,,homepage,ok,,22.2222,10061.0,460835.0,1350.0,600.0,0.4444444444444444,6.2533,118.0,11.4407,186.0,1.0,0.0,0.0,1.0,1.0,41.0,1.0,112.0,0.0,0.0,0.0,49.0,4.0,2.0,1.0,0.5,0.0,0.0,12.0,0.036296,1.0,142.0,54.0,48.0,29.0,3.0,22.0,7.333333,7.2581,105.185185,40.0,35.555556,21.481481,0.021832,0.579156,1.0,1.0,9.507042,0.005376,0.579156,0.579156,0.0,0.0,0.52124,0.75,0.745455,0.772414,0.790123,0.193052,0.579156
пластиковые окна Нижний Новгород,пластиковые окна,commercial,Нижний Новгород,47,https://oknafocus.ru/,oknafocus.ru,9,0,,,homepage,ok,,11.1111,3449.0,288225.0,512.0,280.0,0.546875,5.4746,42.0,12.1905,4.0,1.0,9.0,16.0,26.0,1.0,63.0,1.0,230.0,0.0,0.0,0.0,11.0,3.0,0.0,0.5,0.0,6.0,1.0,8.0,0.021484,1.0,46.0,67.0,0.0,0.0,5.0,10.0,2.0,128.0,89.84375,130.859375,0.0,0.0,0.011966,0.433898,1.0,0.75,11.130435,6.5,0.433898,0.216949,0.433898,0.5,0.148104,0.825,0.854545,0.413793,0.716146,0.067495,0.325423
пластиковые окна Нижний Новгород,пластиковые окна,commercial,Нижний Новгород,47,https://nn.zavod-okna-pvh.ru/,nn.zavod-okna-pvh.ru,10,0,,,homepage,ok,,0.0,30077.0,271972.0,4148.0,1555.0,0.3748794599807136,6.0728,222.0,18.6847,250.0,1.0,17.0,0.0,18.0,1.0,92.0,1.0,128.0,0.0,0.0,0.0,128.0,2.0,0.0,0.5,0.0,11.0,0.5,21.0,0.030858,1.0,193.0,191.0,197.0,0.0,12.0,147.0,12.25,16.592,46.528447,46.046287,47.492768,0.0,0.110589,0.56629,1.0,1.0,21.492228,0.072,0.56629,0.283145,0.283145,0.25,0.56629,0.7,0.327273,0.882759,0.971392,0.21229,0.56629
входные двери Москва,входные двери,commercial,Москва,213,https://guardian.ru/,guardian.ru,2,0,,,homepage,ok,,88.8889,28576.0,187383.0,3889.0,1076.0,0.27667780920545126,6.2139,192.0,20.2552,247.0,1.0,10.0,26.0,37.0,1.0,77.0,1.0,197.0,0.0,0.0,0.0,145.0,3.0,2.0,0.666667,0.666667,13.0,0.666667,22.0,0.037285,1.0,306.0,103.0,163.0,5.0,0.0,0.0,0.0,15.7449,78.683466,26.484958,41.913088,1.285678,0.1525,0.709779,1.0,0.5,12.70915,0.149798,0.709779,0.473186,0.473186,0.444444,0.709779,0.8,0.6,0.641379,0.757178,0.19638,0.35489
входные двери Москва,входные двери,commercial,Москва,213,https://mosdvery.ru/categories/vkhodnye-dveri,mosdvery.ru,3,0,,,content,ok,,77.7778,41893.0,1405290.0,5869.0,1733.0,0.295280286249787,5.9535,318.0,18.456,28.0,1.0,13.0,0.0,14.0,1.0,53.0,1.0,176.0,0.0,0.0,0.0,153.0,2.0,2.0,0.666667,0.666667,5.0,0.666667,34.0,0.026069,1.0,527.0,172.0,76.0,20.0,107.0,298.0,2.785047,209.6071,89.793832,29.306526,12.949395,3.407736,0.029811,0.760021,1.0,1.0,11.136622,0.5,0.760021,0.506681,0.506681,0.444444,0.760021,0.8,0.963636,0.786207,0.868973,0.224419,0.760021
входные двери Москва,входные двери,commercial,Москва,213,https://169.ru/vhodnye-dveri/,169.ru,4,0,,,content,ok,,66.6667,21665.0,793445.0,3462.0,790.0,0.22819179664933564,5.1043,51.0,67.8824,3.0,1.0,1.0,0.0,2.0,1.0,57.0,1.0,237.0,0.0,0.0,0.0,108.0,2.0,0.0,0.666667,0.0,2.0,0.666667,49.0,0.031196,1.0,450.0,181.0,259.0,4.0,6.0,333.0,55.5,1154.0,129.982669,52.281918,74.812247,1.155402,0.027305,0.71284,1.0,1.0,7.693333,0.666667,0.71284,0.475227,0.475227,0.444444,0.71284,0.8,0.963636,0.365517,0.960139,0.162664,0.71284
входные двери Москва,входные двери,commercial,Москва,213,https://dozor-dveri.ru/,dozor-dveri.ru,5,0,,,homepage,ok,,55.5556,10614.0,242555.0,1616.0,660.0,0.4084158415841584,5.4202,98.0,16.4898,5.0,1.0,9.0,5.0,15.0,1.0,63.0,1.0,137.0,0.0,0.0,0.0,58.0,2.0,1.0,0.666667,0.333333,7.0,0.666667,15.0,0.035891,1.0,141.0,75.0,224.0,0.0,2.0,2.0,1.0,323.2,87.252475,46.410891,138.613861,0.0,0.043759,0.728498,1.0,1.0,11.460993,3.0,0.728498,0.485665,0.485665,0.444444,0.728498,0.8,0.854545,0.944828,0.80363,0.267116,0.728498
входные двери Москва,входные двери,commercial,Москва,213,https://dveri-komandor.ru/,dveri-komandor.ru,6,0,,,homepage,ok,,44.4444,22143.0,658248.0,3190.0,1447.0,0.4536050156739812,5.7611,234.0,13.6325,60.0,1.0,4.0,7.0,12.0,1.0,115.0,1.0,253.0,0.0,0.0,0.0,84.0,2.0,2.0,0.666667,0.666667,4.0,0.666667,10.0,0.026332,1.0,509.0,622.0,167.0,4.0,2.0,157.0,78.5,53.1667,159.561129,194.984326,52.351097,1.253918,0.033639,0.654986,1.0,1.0,6.267191,0.2,0.654986,0.436657,0.436657,0.444444,0.654986,0.8,0.0,0.255172,0.877743,0.297105,0.654986
входные двери Москва,входные двери,commercial,Москва,213,https://onixdoor.ru/,onixdoor.ru,7,0,,,homepage,ok,,33.3333,20722.0,328396.0,3293.0,869.0,0.2638931065897358,5.0125,111.0,29.6667,137.0,1.0,9.0,15.0,25.0,1.0,76.0,1.0,112.0,0.0,0.0,0.0,95.0,2.0,2.0,0.666667,0.666667,13.0,0.666667,19.0,0.028849,1.0,291.0,177.0,252.0,0.0,1.0,147.0,147.0,24.0365,88.369268,53.75038,76.525964,0.0,0.063101,0.635239,1.0,1.0,11.316151,0.182482,0.635239,0.423493,0.423493,0.444444,0.635239,0.8,0.618182,0.772414,0.961636,0.167635,0.635239
входные двери Москва,входные двери,commercial,Москва,213,https://www.mosdveri.ru/,mosdveri.ru,8,0,,,homepage,ok,,22.2222,37327.0,537714.0,5150.0,1925.0,0.3737864077669903,6.0408,610.0,8.4426,102.0,1.0,12.0,19.0,32.0,1.0,89.0,1.0,195.0,0.0,0.0,0.0,35.0,2.0,3.0,0.666667,0.666667,9.0,0.666667,7.0,0.006796,1.0,761.0,129.0,165.0,16.0,11.0,63.0,5.727273,50.4902,147.76699,25.048544,32.038835,3.106796,0.069418,0.707877,1.0,1.0,6.767411,0.313725,0.707877,0.471918,0.471918,0.444444,0.707877,0.8,0.381818,0.655172,0.226537,0.264595,0.707877
входные двери Москва,входные двери,commercial,Москва,213,https://doorstreet.ru/,doorstreet.ru,9,0,,,homepage,ok,,11.1111,8296.0,118089.0,1122.0,404.0,0.3600713012477718,6.2299,45.0,24.9333,98.0,0.0,4.0,5.0,9.0,1.0,88.0,1.0,267.0,0.0,0.0,0.0,24.0,2.0,3.0,0.666667,0.666667,1.0,0.333333,11.0,0.02139,1.0,163.0,111.0,77.0,8.0,8.0,52.0,6.5,11.449,145.276292,98.930481,68.627451,7.130125,0.070252,0.789432,1.0,1.0,6.883436,0.091837,0.789432,0.526288,0.263144,0.222222,0.590495,0.716667,0.4,0.158621,0.713012,0.177184,0.789432
входные двери Москва,входные двери,commercial,Москва,213,https://lider-doors.ru/catalog/,lider-doors.ru,10,0,,,product,ok,,0.0,14696.0,214278.0,2534.0,700.0,0.27624309392265195,4.6436,271.0,9.3506,12.0,1.0,8.0,11.0,20.0,1.0,68.0,1.0,241.0,0.0,0.0,0.0,65.0,2.0,1.0,0.666667,0.333333,2.0,0.666667,21.0,0.025651,1.0,261.0,66.0,125.0,0.0,3.0,62.0,20.666667,211.1667,102.999211,26.045777,49.329124,0.0,0.068584,0.776725,1.0,1.0,9.708812,1.666667,0.776725,0.517817,0.517817,0.444444,0.776725,0.8,0.763636,0.337931,0.855038,0.214565,0.776725
входные двери Санкт-Петербург,входные двери,commercial,Санкт-Петербург,2,https://spb.dveri-tmk.ru/catalog/vhodnye-dveri/,spb.dveri-tmk.ru,1,0,,,product,ok,,100.0,36698.0,405959.0,6196.0,1020.0,0.1646223369916075,4.5036,754.0,8.2175,22.0,2.0,4.0,18.0,24.0,1.0,74.0,1.0,249.0,0.0,0.0,0.0,49.0,3.0,2.0,0.75,0.5,6.0,0.5,12.0,0.007908,1.0,769.0,318.0,146.0,1.0,3.0,3.0,1.0,281.6364,124.112331,51.323434,23.563589,0.161394,0.090398,0.57835,1.0,1.0,8.057217,1.090909,0.57835,0.433763,0.289175,0.375,0.57835,0.7875,0.654545,0.282759,0.263611,0.095209,0.57835
входные двери Санкт-Петербург,входные двери,commercial,Санкт-Петербург,2,https://sigma-doors.ru/,sigma-doors.ru,2,0,,,homepage,ok,,88.8889,18021.0,1690393.0,2854.0,519.0,0.18185003503854238,4.9187,33.0,86.4848,421.0,0.0,1.0,1.0,2.0,1.0,58.0,1.0,134.0,0.0,0.0,0.0,61.0,2.0,3.0,0.5,0.5,0.0,0.0,12.0,0.021374,1.0,390.0,140.0,31.0,5.0,2.0,4.0,2.0,6.7791,136.650315,49.053959,10.861948,1.751927,0.010661,0.68947,1.0,1.0,7.317949,0.004751,0.68947,0.344735,0.0,0.0,0.68947,0.575,0.945455,0.924138,0.71245,0.12538,0.68947
входные двери Санкт-Петербург,входные двери,commercial,Санкт-Петербург,2,https://vfd-spb.ru/,vfd-spb.ru,3,0,,,homepage,ok,,77.7778,20520.0,590459.0,3058.0,900.0,0.2943100065402224,5.1302,178.0,17.1798,40.0,5.0,7.0,0.0,12.0,1.0,88.0,1.0,258.0,0.0,0.0,0.0,57.0,1.0,3.0,0.25,0.75,4.0,0.5,21.0,0.01864,1.0,333.0,220.0,184.0,41.0,7.0,54.0,7.714286,76.45,108.894702,71.942446,60.170046,13.407456,0.034753,0.568438,1.0,1.0,9.183183,0.3,0.568438,0.142109,0.284219,0.125,0.568438,0.6125,0.4,0.22069,0.621321,0.167297,0.568438
входные двери Санкт-Петербург,входные двери,commercial,Санкт-Петербург,2,https://dverigrad-spb.ru/,dverigrad-spb.ru,4,0,,,homepage,ok,,66.6667,31960.0,486232.0,4653.0,892.0,0.1917042768106598,5.5018,588.0,7.9133,93.0,1.0,17.0,24.0,41.0,1.0,62.0,1.0,152.0,0.0,0.0,0.0,126.0,2.0,2.0,0.5,0.5,15.0,0.25,29.0,0.027079,1.0,481.0,337.0,200.0,72.0,6.0,46.0,7.666667,50.0323,103.374167,72.426392,42.983022,15.473888,0.06573,0.643573,1.0,1.0,9.673597,0.44086,0.643573,0.321786,0.160893,0.125,0.643573,0.6375,0.872727,0.951724,0.902643,0.123376,0.643573
входные двери Санкт-Петербург,входные двери,commercial,Санкт-Петербург,2,https://doorsmetallic.ru/,doorsmetallic.ru,6,0,,,homepage,ok,,44.4444,4810.0,76733.0,683.0,375.0,0.5490483162518301,5.8536,47.0,14.5319,1.0,1.0,5.0,1.0,7.0,1.0,24.0,1.0,101.0,0.0,0.0,0.0,23.0,2.0,1.0,0.5,0.25,2.0,0.25,11.0,0.033675,1.0,46.0,13.0,29.0,0.0,1.0,3.0,3.0,683.0,67.349927,19.033675,42.459736,0.0,0.062685,0.663115,1.0,1.0,14.847826,7.0,0.663115,0.331558,0.165779,0.125,0.301938,0.6375,0.436364,0.696552,0.877501,0.138149,0.663115
входные двери Санкт-Петербург,входные двери,commercial,Санкт-Петербург,2,https://spb.mosdveri.ru/,spb.mosdveri.ru,7,0,,,homepage,ok,,33.3333,37338.0,509538.0,5148.0,1925.0,0.37393162393162394,6.0474,610.0,8.4393,102.0,1.0,12.0,19.0,32.0,1.0,107.0,1.0,204.0,0.0,0.0,0.0,42.0,3.0,4.0,0.75,0.75,10.0,0.75,9.0,0.008159,1.0,760.0,128.0,165.0,16.0,11.0,52.0,4.727273,50.4706,147.630148,24.864025,32.051282,3.108003,0.073278,0.61047,1.0,1.0,6.773684,0.313725,0.61047,0.457852,0.457852,0.5625,0.61047,0.85,0.054545,0.593103,0.27195,0.228274,0.61047
входные двери Новосибирск,входные двери,commercial,Новосибирск,65,https://novosibirsk.dverimagnat.ru/,novosibirsk.dverimagnat.ru,1,0,,,homepage,ok,,100.0,15779.0,621923.0,2432.0,739.0,0.30386513157894735,5.2911,211.0,11.5261,9.0,1.0,8.0,2.0,11.0,1.0,77.0,1.0,249.0,0.0,0.0,0.0,55.0,2.0,0.0,0.666667,0.0,3.0,0.666667,5.0,0.022615,1.0,468.0,39.0,18.0,3.0,2.0,2.0,1.0,270.2222,192.434211,16.036184,7.401316,1.233553,0.025371,0.633272,1.0,1.0,5.196581,1.222222,0.633272,0.422181,0.422181,0.444444,0.633272,0.8,0.6,0.282759,0.753838,0.192429,0.633272
входные двери Новосибирск,входные двери,commercial,Новосибирск,65,https://фабрикадверей.рф/,фабрикадверей.рф,2,0,,,homepage,ok,,88.8889,26421.0,580119.0,4553.0,766.0,0.16824072040412916,4.6521,78.0,58.3718,136.0,1.0,3.0,6.0,10.0,1.0,14.0,1.0,172.0,0.0,0.0,0.0,62.0,0.0,3.0,0.0,0.333333,1.0,0.333333,18.0,0.013617,1.0,315.0,162.0,212.0,0.0,4.0,29.0,7.25,33.4779,69.185153,35.580936,46.562706,0.0,0.045544,0.547648,1.0,1.0,14.453968,0.073529,0.547648,0.0,0.182549,0.0,0.547648,0.483333,0.254545,0.813793,0.453913,0.092137,0.547648
входные двери Новосибирск,входные двери,commercial,Новосибирск,65,https://almaz-nsk.com/,almaz-nsk.com,3,0,,,homepage,ok,,77.7778,15740.0,285687.0,2055.0,943.0,0.45888077858880777,6.4759,121.0,16.9835,28.0,1.0,9.0,3.0,13.0,1.0,113.0,1.0,198.0,0.0,0.0,0.0,97.0,2.0,2.0,0.666667,0.666667,3.0,0.666667,28.0,0.047202,1.0,310.0,58.0,190.0,13.0,4.0,9.0,2.25,73.3929,150.851582,28.223844,92.457421,6.326034,0.055095,0.614142,1.0,1.0,6.629032,0.464286,0.614142,0.409428,0.409428,0.444444,0.614142,0.8,0.0,0.634483,0.426602,0.281818,0.614142
входные двери Новосибирск,входные двери,commercial,Новосибирск,65,https://centurion-door.ru/,centurion-door.ru,4,0,,,homepage,ok,,66.6667,4868.0,132679.0,647.0,386.0,0.5965996908809892,6.3941,30.0,21.5667,6.0,1.0,4.0,0.0,5.0,1.0,117.0,1.0,227.0,0.0,0.0,0.0,22.0,2.0,2.0,0.666667,0.666667,0.0,0.0,10.0,0.034003,1.0,96.0,119.0,16.0,0.0,2.0,8.0,4.0,107.8333,148.377125,183.925811,24.729521,0.0,0.03669,0.533082,1.0,1.0,6.739583,0.833333,0.533082,0.355388,0.0,0.0,0.229936,0.633333,0.0,0.434483,0.866564,0.114316,0.533082
входные двери Новосибирск,входные двери,commercial,Новосибирск,65,https://novosibirsk.metaldveri.ru/,novosibirsk.metaldveri.ru,6,0,,,homepage,ok,,44.4444,22696.0,198825.0,3470.0,940.0,0.27089337175792505,5.3406,247.0,14.0486,68.0,1.0,5.0,1.0,7.0,1.0,79.0,1.0,242.0,0.0,0.0,0.0,72.0,2.0,2.0,0.666667,0.666667,4.0,0.666667,7.0,0.020749,1.0,557.0,133.0,223.0,36.0,3.0,36.0,12.0,51.0294,160.518732,38.32853,64.26513,10.37464,0.114151,0.578635,1.0,1.0,6.229803,0.102941,0.578635,0.385757,0.385757,0.444444,0.578635,0.8,0.563636,0.331034,0.691643,0.156748,0.578635
входные двери Новосибирск,входные двери,commercial,Новосибирск,65,https://dveri-nso.ru/cat/vhodnye-dveri/,dveri-nso.ru,7,0,,,content,ok,,33.3333,26332.0,296616.0,3646.0,906.0,0.24849149753154143,5.8645,170.0,21.4471,33.0,2.0,4.0,52.0,58.0,1.0,100.0,1.0,154.0,0.0,0.0,0.0,92.0,3.0,4.0,0.666667,0.666667,6.0,0.666667,17.0,0.025233,1.0,274.0,41.0,205.0,66.0,8.0,36.0,4.5,110.4848,75.15085,11.2452,56.226001,18.10203,0.088775,0.617136,1.0,1.0,13.306569,1.757576,0.617136,0.411424,0.411424,0.444444,0.617136,0.8,0.181818,0.937931,0.841104,0.153353,0.617136
входные двери Новосибирск,входные двери,commercial,Новосибирск,65,https://novosibirsk.mosdveri.ru/,novosibirsk.mosdveri.ru,8,0,,,homepage,ok,,22.2222,37331.0,537261.0,5143.0,1926.0,0.37448959751118027,6.055,607.0,8.4728,102.0,1.0,12.0,19.0,32.0,1.0,103.0,1.0,199.0,0.0,0.0,0.0,35.0,2.0,3.0,0.666667,0.666667,9.0,0.666667,7.0,0.006805,1.0,761.0,129.0,165.0,16.0,11.0,63.0,5.727273,50.4216,147.968112,25.082637,32.082442,3.111025,0.069484,0.573457,1.0,1.0,6.758213,0.313725,0.573457,0.382305,0.382305,0.444444,0.573457,0.8,0.127273,0.627586,0.226846,0.214754,0.573457
входные двери Новосибирск,входные двери,commercial,Новосибирск,65,https://retvizan.ru/,retvizan.ru,9,0,,,homepage,ok,,11.1111,7342.0,269877.0,1005.0,441.0,0.4388059701492537,6.1741,36.0,27.9167,12.0,1.0,2.0,3.0,6.0,1.0,105.0,1.0,217.0,0.0,0.0,0.0,81.0,3.0,2.0,0.666667,0.666667,4.0,0.666667,39.0,0.080597,0.666667,284.0,46.0,125.0,4.0,1.0,1.0,1.0,83.75,282.587065,45.771144,124.378109,3.9801,0.027205,0.642132,1.0,1.0,3.538732,0.5,0.428088,0.428088,0.428088,0.444444,0.430228,0.75,0.090909,0.503448,0.0,0.157322,0.642132
входные двери Новосибирск,входные двери,commercial,Новосибирск,65,https://dveri-novosibirska.ru/,dveri-novosibirska.ru,10,0,,,homepage,ok,,0.0,6018.0,225886.0,882.0,413.0,0.46825396825396826,5.6179,40.0,22.05,47.0,1.0,1.0,4.0,6.0,1.0,67.0,1.0,198.0,0.0,0.0,0.0,72.0,2.0,4.0,0.333333,0.666667,3.0,0.333333,45.0,0.081633,1.0,203.0,94.0,38.0,8.0,5.0,39.0,7.8,18.766,230.15873,106.575964,43.0839,9.070295,0.026642,0.651976,1.0,1.0,4.344828,0.12766,0.651976,0.217325,0.217325,0.111111,0.383362,0.6,0.781818,0.634483,0.0,0.149592,0.651976
входные двери Казань,входные двери,commercial,Казань,43,https://mirdverey-kazan.ru/,mirdverey-kazan.ru,1,0,,,homepage,ok,,100.0,44.0,88477.0,7.0,7.0,1.0,5.2857,1.0,7.0,4.0,1.0,2.0,0.0,3.0,0.0,0.0,0.0,0.0,0.0,0.0,0.0,0.0,0.0,0.0,0.0,0.0,0.0,0.0,0.0,0.0,0.0,0.0,10.0,0.0,0.0,0.0,0.0,0.0,1.75,0.0,1428.571429,0.0,0.0,0.000497,0.151159,0.0,0.25,7.0,0.75,0.0,0.0,0.0,0.0,0.000705,0.0,0.0,0.0,0.0,0.000588,0.03779
входные двери Казань,входные двери,commercial,Казань,43,https://kazan.dverimagnat.ru/,kazan.dverimagnat.ru,2,0,,,homepage,ok,,88.8889,15680.0,621697.0,2435.0,752.0,0.30882956878850104,5.2452,209.0,11.6507,9.0,1.0,8.0,2.0,11.0,1.0,71.0,1.0,232.0,0.0,0.0,0.0,55.0,2.0,0.0,0.666667,0.0,3.0,0.666667,5.0,0.022587,1.0,476.0,39.0,26.0,3.0,2.0,2.0,1.0,270.5556,195.482546,16.016427,10.677618,1.232033,0.025221,0.555661,1.0,1.0,5.115546,1.222222,0.555661,0.370441,0.370441,0.444444,0.555661,0.8,0.709091,0.4,0.752909,0.171605,0.555661
входные двери Казань,входные двери,commercial,Казань,43,https://vhodnye-dveri-kazan.ru/,vhodnye-dveri-kazan.ru,3,0,,,homepage,ok,,77.7778,1980.0,112480.0,303.0,166.0,0.5478547854785478,5.2013,19.0,15.9474,11.0,1.0,0.0,0.0,1.0,1.0,48.0,1.0,313.0,0.0,0.0,0.0,32.0,2.0,2.0,0.666667,0.666667,0.0,0.0,29.0,0.105611,1.0,95.0,53.0,58.0,0.0,0.0,7.0,0.0,27.5455,313.531353,174.917492,191.419142,0.0,0.017603,0.48162,1.0,0.75,3.189474,0.090909,0.48162,0.32108,0.0,0.0,0.097287,0.633333,0.872727,0.0,0.0,0.044416,0.361215
входные двери Казань,входные двери,commercial,Казань,43,https://kazan.mosdveri.ru/,kazan.mosdveri.ru,4,0,,,homepage,ok,,66.6667,37315.0,537121.0,5147.0,1927.0,0.3743928502040023,6.0418,611.0,8.4239,102.0,1.0,12.0,19.0,32.0,1.0,97.0,1.0,195.0,0.0,0.0,0.0,35.0,2.0,3.0,0.666667,0.666667,9.0,0.666667,7.0,0.0068,1.0,761.0,129.0,165.0,16.0,11.0,63.0,5.727273,50.4608,147.853118,25.063144,32.057509,3.108607,0.069472,0.503638,1.0,1.0,6.763469,0.313725,0.503638,0.335759,0.335759,0.444444,0.503638,0.8,0.236364,0.655172,0.226669,0.188558,0.503638
входные двери Казань,входные двери,commercial,Казань,43,https://komandoor-kzn.com/,komandoor-kzn.com,6,0,,,homepage,ok,,44.4444,6257.0,409551.0,925.0,456.0,0.492972972972973,5.4476,55.0,16.8182,28.0,2.0,0.0,0.0,2.0,1.0,36.0,1.0,205.0,0.0,0.0,0.0,34.0,0.0,2.0,0.0,0.666667,0.0,0.0,13.0,0.036757,1.0,87.0,38.0,83.0,7.0,6.0,34.0,5.666667,33.0357,94.054054,41.081081,89.72973,7.567568,0.015278,0.453597,1.0,1.0,10.632184,0.071429,0.453597,0.0,0.0,0.0,0.279718,0.4,0.654545,0.586207,0.774775,0.114911,0.453597
входные двери Казань,входные двери,commercial,Казань,43,https://torex.ru/network/kazan/,torex.ru,7,0,,,content,ok,,33.3333,25823.0,665653.0,3342.0,1374.0,0.4111310592459605,6.588,134.0,24.9403,50.0,1.0,10.0,5.0,16.0,1.0,78.0,1.0,40.0,0.0,0.0,0.0,49.0,3.0,2.0,0.666667,0.666667,3.0,0.666667,8.0,0.014662,1.0,556.0,16.0,79.0,10.0,3.0,14.0,4.666667,66.84,166.367445,4.787552,23.63854,2.99222,0.038793,0.425459,1.0,1.0,6.010791,0.32,0.425459,0.283639,0.283639,0.444444,0.425459,0.8,0.581818,0.275862,0.488729,0.174919,0.425459
входные двери Казань,входные двери,commercial,Казань,43,https://kzn.rusdver.net/doors/,kzn.rusdver.net,8,0,,,content,ok,,22.2222,17298.0,451284.0,2601.0,1062.0,0.4083044982698962,5.4433,105.0,24.7714,36.0,1.0,1.0,1.0,3.0,1.0,75.0,1.0,198.0,0.0,0.0,0.0,70.0,2.0,2.0,0.666667,0.666667,2.0,0.666667,8.0,0.026913,1.0,510.0,81.0,74.0,4.0,29.0,787.0,27.137931,72.25,196.078431,31.141869,28.450596,1.53787,0.038331,0.408233,1.0,1.0,5.1,0.083333,0.408233,0.272155,0.272155,0.444444,0.408233,0.8,0.636364,0.634483,0.897091,0.166683,0.408233
входные двери Казань,входные двери,commercial,Казань,43,https://kazan.metaldveri.ru/,kazan.metaldveri.ru,9,0,,,homepage,ok,,11.1111,22698.0,198799.0,3476.0,942.0,0.2710011507479862,5.3257,250.0,13.904,68.0,1.0,5.0,1.0,7.0,1.0,73.0,1.0,236.0,0.0,0.0,0.0,72.0,2.0,2.0,0.666667,0.666667,4.0,0.666667,7.0,0.020713,1.0,558.0,133.0,223.0,36.0,3.0,36.0,12.0,51.1176,160.529344,38.262371,64.1542,10.356732,0.114176,0.548686,1.0,1.0,6.229391,0.102941,0.548686,0.365791,0.365791,0.444444,0.548686,0.8,0.672727,0.372414,0.690449,0.148695,0.548686
входные двери Казань,входные двери,commercial,Казань,43,https://dveri-argus.com/,dveri-argus.com,10,0,,,homepage,ok,,0.0,1654.0,80360.0,239.0,143.0,0.5983263598326359,5.7113,19.0,12.5789,16.0,0.0,0.0,2.0,2.0,1.0,60.0,1.0,177.0,0.0,0.0,0.0,14.0,2.0,3.0,0.666667,0.666667,0.0,0.0,14.0,0.058577,1.0,134.0,125.0,6.0,3.0,3.0,25.0,8.333333,14.9375,560.669456,523.012552,25.104603,12.552301,0.020582,0.370622,1.0,1.0,1.783582,0.125,0.370622,0.247081,0.0,0.0,0.059052,0.633333,0.909091,0.77931,0.04742,0.029444,0.370622
входные двери Краснодар,входные двери,commercial,Краснодар,35,https://www.kubsm.com/,kubsm.com,1,0,,,homepage,ok,,100.0,4440.0,252337.0,639.0,338.0,0.5289514866979655,5.7653,32.0,19.9688,14.0,1.0,22.0,3.0,26.0,1.0,72.0,1.0,386.0,0.0,0.0,0.0,45.0,2.0,4.0,0.666667,0.666667,6.0,0.666667,14.0,0.070423,1.0,111.0,20.0,44.0,5.0,1.0,3.0,3.0,45.6429,173.70892,31.298905,68.85759,7.824726,0.017596,0.377252,1.0,1.0,5.756757,1.857143,0.377252,0.251501,0.251501,0.444444,0.160709,0.8,0.690909,0.0,0.0,0.07084,0.377252
входные двери Краснодар,входные двери,commercial,Краснодар,35,https://prodverikrd.ru/,prodverikrd.ru,2,0,,,homepage,ok,,88.8889,4900.0,156211.0,785.0,305.0,0.3885350318471338,5.0497,27.0,29.0741,1.0,1.0,4.0,0.0,4.0,1.0,48.0,1.0,173.0,0.0,0.0,0.0,32.0,1.0,1.0,0.333333,0.333333,0.0,0.0,21.0,0.040764,1.0,169.0,41.0,47.0,20.0,22.0,83.0,3.772727,785.0,215.286624,52.229299,59.872611,25.477707,0.031368,0.171938,1.0,1.0,4.64497,4.0,0.171938,0.057313,0.0,0.0,0.089981,0.516667,0.872727,0.806897,0.641189,0.029134,0.171938
входные двери Краснодар,входные двери,commercial,Краснодар,35,https://krasnodar.mosdveri.ru/,krasnodar.mosdveri.ru,4,0,,,homepage,ok,,66.6667,37307.0,537184.0,5139.0,1926.0,0.37478108581436076,6.0543,607.0,8.4662,102.0,1.0,12.0,19.0,32.0,1.0,101.0,1.0,198.0,0.0,0.0,0.0,35.0,2.0,3.0,0.666667,0.666667,9.0,0.666667,7.0,0.006811,1.0,761.0,129.0,165.0,16.0,11.0,63.0,5.727273,50.3824,148.083285,25.10216,32.107414,3.113446,0.069449,0.536326,1.0,1.0,6.752957,0.313725,0.536326,0.357551,0.357551,0.444444,0.536326,0.8,0.163636,0.634483,0.227022,0.201005,0.536326
входные двери Краснодар,входные двери,commercial,Краснодар,35,https://modern-dveri.ru/catalog/vkhodnye-dveri/,modern-dveri.ru,5,0,,,product,ok,,55.5556,31764.0,1284154.0,4508.0,717.0,0.1590505767524401,5.3878,29.0,155.4483,4.0,1.0,1.0,1.0,3.0,1.0,61.0,1.0,304.0,0.0,0.0,0.0,141.0,2.0,2.0,0.666667,0.666667,6.0,0.666667,10.0,0.031278,1.0,882.0,282.0,503.0,1.0,3.0,202.0,67.333333,1127.0,195.652174,62.555457,111.579414,0.221828,0.024735,0.594413,1.0,1.0,5.111111,0.75,0.594413,0.396275,0.396275,0.444444,0.594413,0.8,0.890909,0.0,0.957409,0.094542,0.594413
входные двери Краснодар,входные двери,commercial,Краснодар,35,https://tandoor.ru/catalog/vkhodnye-dveri/,tandoor.ru,6,0,,,product,ok,,44.4444,39369.0,1684131.0,5163.0,1421.0,0.27522758086383886,6.5555,64.0,80.6719,66.0,1.0,3.0,3.0,7.0,1.0,68.0,1.0,174.0,0.0,0.0,0.0,353.0,2.0,4.0,0.666667,0.666667,5.0,0.666667,3.0,0.068371,1.0,1181.0,79.0,1358.0,6.0,33.0,193.0,5.848485,78.2273,228.742979,15.301181,263.025373,1.162115,0.023376,0.464257,1.0,1.0,4.371719,0.106061,0.464257,0.309505,0.309505,0.444444,0.464257,0.8,0.763636,0.8,0.0,0.127776,0.464257
входные двери Краснодар,входные двери,commercial,Краснодар,35,https://dveri-ntd.ru/,dveri-ntd.ru,7,0,,,homepage,ok,,33.3333,10630.0,401848.0,1736.0,675.0,0.3888248847926267,4.9556,64.0,27.125,29.0,1.0,8.0,0.0,9.0,1.0,55.0,1.0,165.0,0.0,0.0,0.0,45.0,0.0,1.0,0.0,0.333333,4.0,0.333333,17.0,0.025922,1.0,189.0,82.0,112.0,15.0,0.0,38.0,0.0,59.8621,108.870968,47.235023,64.516129,8.640553,0.026453,0.297148,1.0,0.75,9.185185,0.310345,0.297148,0.0,0.099049,0.0,0.297148,0.483333,1.0,0.862069,0.864055,0.111431,0.222861
входные двери Краснодар,входные двери,commercial,Краснодар,35,https://russdver.ru/,russdver.ru,8,0,,,homepage,ok,,22.2222,9590.0,468752.0,1450.0,491.0,0.3386206896551724,5.4862,102.0,14.2157,1.0,0.0,1.0,0.0,1.0,1.0,58.0,1.0,131.0,0.0,0.0,0.0,23.0,1.0,2.0,0.333333,0.666667,0.0,0.0,8.0,0.015862,0.666667,118.0,82.0,78.0,7.0,25.0,87.0,3.48,1450.0,81.37931,56.551724,53.793103,4.827586,0.020459,0.492789,1.0,1.0,12.288136,1.0,0.328526,0.164263,0.0,0.0,0.476363,0.466667,0.945455,0.903448,0.35249,0.134422,0.492789
входные двери Краснодар,входные двери,commercial,Краснодар,35,https://dveri-estetika.ru/,dveri-estetika.ru,9,0,,,homepage,ok,,11.1111,6453.0,375897.0,907.0,368.0,0.40573318632855565,5.9515,24.0,37.7917,26.0,3.0,10.0,3.0,16.0,1.0,48.0,1.0,142.0,0.0,0.0,0.0,52.0,1.0,3.0,0.333333,1.0,4.0,0.666667,17.0,0.057332,1.0,225.0,77.0,193.0,11.0,2.0,14.0,7.0,34.8846,248.070562,84.895259,212.789416,12.127894,0.017167,0.473911,1.0,1.0,4.031111,0.615385,0.473911,0.15797,0.315941,0.222222,0.286558,0.683333,0.872727,0.97931,0.088938,0.096888,0.473911
входные двери Краснодар,входные двери,commercial,Краснодар,35,https://dveri-ug23.ru/,dveri-ug23.ru,10,0,,,homepage,ok,,0.0,8239.0,159510.0,1176.0,383.0,0.32568027210884354,5.7857,121.0,9.719,51.0,1.0,1.0,22.0,24.0,1.0,61.0,1.0,161.0,0.0,0.0,0.0,51.0,3.0,3.0,0.666667,0.666667,6.0,0.666667,22.0,0.043367,1.0,85.0,39.0,18.0,2.0,2.0,15.0,7.5,23.0588,72.278912,33.163265,15.306122,1.70068,0.051652,0.651657,1.0,1.0,13.835294,0.470588,0.651657,0.434438,0.434438,0.444444,0.510899,0.8,0.890909,0.889655,0.554422,0.138658,0.651657
входные двери Самара,входные двери,commercial,Самара,51,https://samara.dverimagnat.ru/,samara.dverimagnat.ru,1,0,,,homepage,ok,,100.0,15752.0,621807.0,2447.0,744.0,0.3040457703310176,5.2415,223.0,10.9731,9.0,1.0,8.0,2.0,11.0,1.0,71.0,1.0,239.0,0.0,0.0,0.0,55.0,2.0,0.0,0.666667,0.0,3.0,0.666667,5.0,0.022477,1.0,466.0,39.0,16.0,3.0,2.0,2.0,1.0,271.8889,190.43727,15.937883,6.538619,1.225991,0.025333,0.696346,1.0,1.0,5.251073,1.222222,0.696346,0.464231,0.464231,0.444444,0.696346,0.8,0.709091,0.351724,0.749217,0.211721,0.696346
входные двери Самара,входные двери,commercial,Самара,51,https://ds-doors.ru/catalog/vhodnye-dveri/,ds-doors.ru,3,0,,,product,ok,,77.7778,8404.0,218155.0,1253.0,576.0,0.4596967278531524,5.4996,42.0,29.8333,4.0,1.0,1.0,1.0,3.0,1.0,73.0,1.0,82.0,0.0,0.0,0.0,43.0,2.0,0.0,0.666667,0.0,2.0,0.666667,11.0,0.034318,1.0,94.0,23.0,66.0,9.0,7.0,77.0,11.0,313.25,75.019952,18.355946,52.673583,7.182761,0.038523,0.591116,1.0,1.0,13.329787,0.75,0.591116,0.394077,0.394077,0.444444,0.493779,0.8,0.672727,0.565517,0.856079,0.189157,0.591116
входные двери Самара,входные двери,commercial,Самара,51,https://samara.metaldveri.ru/,samara.metaldveri.ru,4,0,,,homepage,ok,,66.6667,22648.0,198740.0,3470.0,941.0,0.2711815561959654,5.3254,247.0,14.0486,68.0,1.0,5.0,1.0,7.0,1.0,73.0,1.0,236.0,0.0,0.0,0.0,72.0,2.0,2.0,0.666667,0.666667,4.0,0.666667,7.0,0.020749,1.0,558.0,133.0,223.0,36.0,3.0,36.0,12.0,51.0294,160.806916,38.32853,64.26513,10.37464,0.113958,0.682521,1.0,1.0,6.218638,0.102941,0.682521,0.455014,0.455014,0.444444,0.682521,0.8,0.672727,0.372414,0.691643,0.185087,0.682521
входные двери Самара,входные двери,commercial,Самара,51,https://sfdoors.ru/,sfdoors.ru,5,0,,,homepage,ok,,55.5556,13670.0,1355671.0,2187.0,764.0,0.34933699131229995,5.0905,89.0,24.573,23.0,1.0,16.0,1.0,18.0,1.0,98.0,1.0,229.0,0.0,0.0,0.0,59.0,1.0,2.0,0.333333,0.333333,7.0,0.666667,8.0,0.026978,1.0,318.0,165.0,94.0,0.0,5.0,23.0,4.6,95.087,145.404664,75.445816,42.981253,0.0,0.010084,0.620766,1.0,1.0,6.877358,0.782609,0.620766,0.206922,0.413844,0.222222,0.620766,0.683333,0.218182,0.42069,0.899253,0.216857,0.620766
входные двери Самара,входные двери,commercial,Самара,51,https://dveri163.com/,dveri163.com,6,0,,,homepage,ok,,44.4444,7884.0,181279.0,1259.0,445.0,0.3534551231135822,5.058,74.0,17.0135,32.0,0.0,3.0,0.0,3.0,1.0,74.0,1.0,52.0,0.0,0.0,0.0,66.0,3.0,3.0,0.666667,0.666667,3.0,0.666667,18.0,0.052423,0.666667,361.0,80.0,208.0,8.0,10.0,68.0,6.8,39.3438,286.735504,63.542494,165.210485,6.354249,0.043491,0.577213,1.0,1.0,3.487535,0.09375,0.384809,0.384809,0.384809,0.444444,0.484474,0.75,0.654545,0.358621,0.168388,0.1427,0.577213
входные двери Самара,входные двери,commercial,Самара,51,https://guardian-smr.ru/,guardian-smr.ru,7,0,,,homepage,ok,,33.3333,17918.0,785395.0,2724.0,868.0,0.3186490455212922,5.46,79.0,34.481,2.0,1.0,4.0,3.0,8.0,1.0,54.0,1.0,651.0,0.0,0.0,0.0,42.0,2.0,2.0,0.666667,0.666667,4.0,0.666667,9.0,0.015419,0.666667,164.0,104.0,73.0,10.0,1.0,3.0,3.0,1362.0,60.20558,38.179148,26.798825,3.671072,0.022814,0.746626,1.0,1.0,16.609756,4.0,0.497751,0.497751,0.497751,0.444444,0.746626,0.75,0.981818,0.0,0.342633,0.237912,0.746626
входные двери Самара,входные двери,commercial,Самара,51,https://dveri-shops.ru/samara,dveri-shops.ru,8,0,,,content,ok,,22.2222,9657.0,521028.0,1650.0,621.0,0.37636363636363634,4.5442,87.0,18.9655,27.0,1.0,1.0,35.0,37.0,1.0,51.0,1.0,154.0,0.0,0.0,0.0,45.0,2.0,2.0,0.666667,0.666667,3.0,0.666667,5.0,0.027273,1.0,123.0,183.0,172.0,54.0,2.0,11.0,5.5,61.1111,74.545455,110.909091,104.242424,32.727273,0.018535,0.577193,1.0,1.0,13.414634,1.37037,0.577193,0.384795,0.384795,0.444444,0.577193,0.8,0.927273,0.937931,0.909091,0.199132,0.577193
входные двери Самара,входные двери,commercial,Самара,51,https://blackdoors.ru/,blackdoors.ru,9,0,,,homepage,ok,,11.1111,5056.0,87758.0,765.0,418.0,0.5464052287581699,5.3386,42.0,18.2143,25.0,1.0,6.0,30.0,37.0,1.0,68.0,1.0,206.0,0.0,0.0,0.0,20.0,2.0,2.0,0.666667,0.666667,5.0,0.666667,13.0,0.026144,1.0,51.0,46.0,4.0,0.0,0.0,0.0,0.0,30.6,66.666667,60.130719,5.228758,0.0,0.057613,0.697516,1.0,0.5,15.0,1.48,0.697516,0.465011,0.465011,0.444444,0.355733,0.8,0.763636,0.57931,0.87146,0.161979,0.348758
входные двери Самара,входные двери,commercial,Самара,51,https://enter63.ru/,enter63.ru,10,0,,,homepage,ok,,0.0,5450.0,412832.0,805.0,396.0,0.4919254658385093,5.6248,46.0,17.5,44.0,0.0,3.0,26.0,29.0,1.0,55.0,1.0,202.0,0.0,0.0,0.0,26.0,2.0,3.0,0.666667,0.666667,4.0,0.666667,15.0,0.032298,1.0,119.0,65.0,53.0,19.0,3.0,15.0,5.0,18.2955,147.826087,80.745342,65.838509,23.602484,0.013201,0.686358,1.0,1.0,6.764706,0.659091,0.686358,0.457572,0.457572,0.444444,0.368345,0.8,1.0,0.606897,0.923395,0.150999,0.686358
входные двери Нижний Новгород,входные двери,commercial,Нижний Новгород,47,https://n-gr.ru/,n-gr.ru,1,0,,,homepage,ok,,100.0,17391.0,482914.0,2546.0,512.0,0.20109976433621368,5.6386,32.0,79.5625,4.0,0.0,2.0,0.0,2.0,1.0,57.0,1.0,109.0,0.0,0.0,0.0,59.0,1.0,0.0,0.25,0.0,0.0,0.0,11.0,0.023174,1.0,1124.0,27.0,57.0,0.0,2.0,17.0,8.5,636.5,441.476826,10.60487,22.38806,0.0,0.036013,0.382665,1.0,1.0,2.265125,0.5,0.382665,0.095666,0.0,0.0,0.382665,0.4875,0.963636,0.751724,0.772454,0.076954,0.382665
входные двери Нижний Новгород,входные двери,commercial,Нижний Новгород,47,https://nn.fabrichnie-dveri.ru/,nn.fabrichnie-dveri.ru,2,0,,,homepage,ok,,88.8889,11917.0,136164.0,1739.0,699.0,0.4019551466359977,5.6883,80.0,21.7375,166.0,1.0,9.0,9.0,19.0,1.0,56.0,1.0,174.0,0.0,0.0,0.0,96.0,1.0,3.0,0.25,0.5,11.0,0.5,38.0,0.055204,1.0,174.0,112.0,164.0,0.0,8.0,48.0,6.0,10.4759,100.057504,64.40483,94.307073,0.0,0.087519,0.486249,1.0,1.0,9.994253,0.114458,0.486249,0.121562,0.243124,0.125,0.486249,0.6125,0.981818,0.8,0.159862,0.188827,0.486249
входные двери Нижний Новгород,входные двери,commercial,Нижний Новгород,47,https://nizhny-novgorod.doorsstore.ru/,nizhny-novgorod.doorsstore.ru,3,0,,,homepage,ok,,77.7778,10866.0,282763.0,1571.0,580.0,0.36919159770846594,5.7549,24.0,65.4583,3.0,1.0,8.0,1.0,10.0,1.0,100.0,1.0,162.0,0.0,0.0,0.0,71.0,0.0,2.0,0.0,0.5,4.0,0.25,30.0,0.045194,1.0,302.0,77.0,134.0,4.0,4.0,23.0,5.75,523.6667,192.234246,49.013367,85.29599,2.546149,0.038428,0.524162,1.0,1.0,5.201987,3.333333,0.524162,0.0,0.131041,0.0,0.524162,0.4625,0.181818,0.882759,0.493529,0.168897,0.524162
входные двери Нижний Новгород,входные двери,commercial,Нижний Новгород,47,https://dveridaromnn.ru/,dveridaromnn.ru,4,0,,,homepage,ok,,66.6667,12433.0,1420035.0,1951.0,669.0,0.34290107637109174,5.2363,96.0,20.3229,1.0,7.0,0.0,0.0,7.0,1.0,79.0,1.0,254.0,0.0,0.0,0.0,58.0,3.0,2.0,0.5,0.5,6.0,0.25,11.0,0.029728,1.0,162.0,46.0,218.0,3.0,21.0,186.0,8.857143,1951.0,83.034341,23.577652,111.73757,1.537673,0.008755,0.548878,1.0,1.0,12.04321,7.0,0.548878,0.274439,0.137219,0.125,0.548878,0.6375,0.563636,0.248276,0.990945,0.188211,0.548878
входные двери Нижний Новгород,входные двери,commercial,Нижний Новгород,47,https://dveri-optima-nn.ru/,dveri-optima-nn.ru,5,0,,,homepage,ok,,55.5556,8044.0,357608.0,1277.0,556.0,0.43539545810493346,5.1464,91.0,14.033,29.0,1.0,5.0,0.0,6.0,1.0,94.0,1.0,213.0,0.0,0.0,0.0,51.0,1.0,2.0,0.25,0.5,2.0,0.25,8.0,0.039937,1.0,224.0,87.0,92.0,34.0,2.0,4.0,2.0,44.0345,175.41112,68.128426,72.043853,26.624902,0.022494,0.554496,1.0,1.0,5.700893,0.206897,0.554496,0.138624,0.138624,0.0625,0.472061,0.55,0.290909,0.531034,0.668755,0.171278,0.554496
входные двери Нижний Новгород,входные двери,commercial,Нижний Новгород,47,https://nigny-novgorod.dverimagnat.ru/,nigny-novgorod.dverimagnat.ru,6,0,,,homepage,ok,,44.4444,15954.0,622366.0,2467.0,757.0,0.30685042561815973,5.2712,216.0,11.4213,9.0,1.0,8.0,2.0,11.0,1.0,81.0,1.0,254.0,0.0,0.0,0.0,59.0,2.0,0.0,0.5,0.0,3.0,0.5,6.0,0.023916,1.0,478.0,39.0,28.0,3.0,2.0,2.0,1.0,274.1111,193.7576,15.808675,11.349818,1.216052,0.025634,0.530325,1.0,1.0,5.161088,1.222222,0.530325,0.265163,0.265163,0.25,0.530325,0.7,0.527273,0.248276,0.79719,0.16273,0.530325
входные двери Нижний Новгород,входные двери,commercial,Нижний Новгород,47,https://sevendoors.ru/,sevendoors.ru,7,0,,,homepage,ok,,33.3333,15039.0,445643.0,2310.0,596.0,0.258008658008658,5.4662,22.0,105.0,132.0,1.0,0.0,3.0,4.0,1.0,70.0,1.0,134.0,0.0,0.0,0.0,135.0,2.0,1.0,0.5,0.25,1.0,0.25,29.0,0.058442,1.0,765.0,220.0,501.0,121.0,53.0,183.0,3.45283,17.5,331.168831,95.238095,216.883117,52.380952,0.033747,0.545407,1.0,1.0,3.019608,0.030303,0.545407,0.272703,0.136352,0.125,0.545407,0.6375,0.727273,0.924138,0.051948,0.14072,0.545407
входные двери Нижний Новгород,входные двери,commercial,Нижний Новгород,47,https://tsdveri.ru/catalog/vhodnye-dveri/,tsdveri.ru,8,0,,,product,ok,,22.2222,6236.0,374293.0,895.0,436.0,0.4871508379888268,5.7374,61.0,14.6721,7.0,0.0,0.0,0.0,0.0,1.0,70.0,1.0,255.0,0.0,0.0,0.0,38.0,2.0,2.0,0.5,0.5,0.0,0.0,10.0,0.042458,0.5,122.0,17.0,73.0,19.0,4.0,49.0,12.25,127.8571,136.312849,18.994413,81.564246,21.22905,0.016661,0.529843,1.0,1.0,7.336066,0.0,0.264921,0.264921,0.0,0.0,0.31614,0.5,0.727273,0.241379,0.292365,0.12834,0.529843
входные двери Нижний Новгород,входные двери,commercial,Нижний Новгород,47,https://2gis.ru/n_novgorod/search/Входные двери/rubricId/9972,2gis.ru,9,0,,,content,ok,,11.1111,5195.0,777143.0,635.0,299.0,0.47086614173228347,5.3858,41.0,15.4878,1.0,1.0,1.0,4.0,6.0,1.0,329.0,1.0,186.0,0.0,0.0,0.0,80.0,4.0,0.0,0.5,0.0,2.0,0.5,14.0,0.125984,1.0,93.0,25.0,57.0,0.0,1.0,23.0,23.0,635.0,146.456693,39.370079,89.76378,0.0,0.006685,0.53378,1.0,1.0,6.827957,6.0,0.53378,0.26689,0.26689,0.25,0.225967,0.7,0.0,0.717241,0.0,0.088667,0.53378
входные двери Нижний Новгород,входные двери,commercial,Нижний Новгород,47,https://nn-dveri.ru/,nn-dveri.ru,10,0,,,homepage,ok,,0.0,1525.0,16373.0,249.0,146.0,0.5863453815261044,4.8112,13.0,19.1538,18.0,1.0,2.0,3.0,6.0,1.0,62.0,0.0,0.0,0.0,0.0,0.0,15.0,0.0,0.0,0.0,0.0,0.0,0.0,13.0,0.060241,1.0,28.0,19.0,22.0,1.0,1.0,9.0,9.0,13.8333,112.449799,76.305221,88.353414,4.016064,0.093141,0.560484,1.0,1.0,8.892857,0.333333,0.560484,0.0,0.0,0.0,0.09304,0.4,0.872727,0.0,0.0,0.045461,0.560484
кухни на заказ Москва,кухни на заказ,commercial,Москва,213,https://vitakuhni.ru/,vitakuhni.ru,1,0,,,homepage,ok,,100.0,9241.0,71608.0,1306.0,546.0,0.41807044410413474,5.8155,50.0,26.12,9.0,1.0,2.0,4.0,7.0,1.0,68.0,1.0,151.0,0.0,0.0,0.0,54.0,4.0,3.0,0.75,0.75,3.0,0.5,19.0,0.041348,1.0,198.0,41.0,31.0,60.0,10.0,55.0,5.5,145.1111,151.607963,31.393568,23.7366,45.941807,0.12905,0.736174,1.0,1.0,6.59596,0.777778,0.736174,0.55213,0.368087,0.375,0.640962,0.7875,0.763636,0.958621,0.621746,0.223306,0.736174
кухни на заказ Москва,кухни на заказ,commercial,Москва,213,https://www.mebelmsk.ru/mebel-na-zakaz/kukhni/,mebelmsk.ru,2,0,,,content,ok,,88.8889,28534.0,373460.0,3975.0,1396.0,0.3511949685534591,6.001,247.0,16.0931,69.0,1.0,7.0,1.0,9.0,1.0,92.0,1.0,110.0,0.0,0.0,0.0,110.0,3.0,3.0,0.75,0.75,9.0,0.75,9.0,0.027673,0.75,425.0,155.0,253.0,1.0,4.0,44.0,11.0,57.6087,106.918239,38.993711,63.647799,0.251572,0.076404,0.623242,1.0,1.0,9.352941,0.130435,0.467431,0.467431,0.467431,0.5625,0.623242,0.8125,0.327273,0.758621,0.691824,0.218879,0.623242
кухни на заказ Москва,кухни на заказ,commercial,Москва,213,https://www.kuxni.net/,kuxni.net,3,0,,,homepage,ok,,77.7778,40341.0,626855.0,6390.0,1360.0,0.21283255086071987,4.9786,859.0,7.4389,40.0,0.0,0.0,13.0,13.0,1.0,56.0,1.0,130.0,0.0,0.0,0.0,163.0,3.0,2.0,0.75,0.5,6.0,0.5,12.0,0.025509,1.0,454.0,162.0,277.0,9.0,4.0,61.0,15.25,159.75,71.048513,25.352113,43.348983,1.408451,0.064355,0.734294,1.0,1.0,14.07489,0.325,0.734294,0.55072,0.367147,0.375,0.734294,0.7875,0.981818,0.896552,0.850287,0.156282,0.734294
кухни на заказ Москва,кухни на заказ,commercial,Москва,213,https://mebel-renessans.ru/kuhni,mebel-renessans.ru,4,0,,,content,ok,,66.6667,23657.0,709528.0,3471.0,1040.0,0.299625468164794,5.5863,256.0,13.5586,244.0,1.0,48.0,51.0,100.0,1.0,130.0,1.0,254.0,0.0,0.0,0.0,121.0,3.0,4.0,0.75,0.75,12.0,0.75,6.0,0.03486,1.0,630.0,340.0,556.0,1.0,22.0,349.0,15.863636,14.2254,181.503889,97.95448,160.184385,0.288101,0.033342,0.753733,1.0,1.0,5.509524,0.409836,0.753733,0.5653,0.5653,0.5625,0.753733,0.85,0.0,0.248276,0.837991,0.225838,0.753733
кухни на заказ Москва,кухни на заказ,commercial,Москва,213,https://www.marya.ru/,marya.ru,5,0,,,homepage,ok,,55.5556,18714.0,540849.0,2518.0,955.0,0.37926926131850675,6.3082,95.0,26.5053,51.0,1.0,3.0,0.0,4.0,1.0,62.0,1.0,160.0,0.0,0.0,0.0,94.0,3.0,3.0,0.75,0.5,3.0,0.75,17.0,0.037331,1.0,400.0,16.0,351.0,4.0,5.0,29.0,5.8,49.3725,158.856235,6.354249,139.396346,1.588562,0.034601,0.611831,1.0,1.0,6.295,0.078431,0.611831,0.458873,0.458873,0.5625,0.611831,0.85,0.872727,0.896552,0.755626,0.232049,0.611831
кухни на заказ Москва,кухни на заказ,commercial,Москва,213,https://www.100-kuhon.ru/,100-kuhon.ru,6,0,,,homepage,ok,,44.4444,18622.0,155769.0,2703.0,1221.0,0.45172031076581576,5.6559,224.0,12.067,87.0,1.0,10.0,9.0,20.0,1.0,51.0,1.0,191.0,0.0,0.0,0.0,75.0,3.0,3.0,0.75,0.75,6.0,0.75,3.0,0.027747,1.0,203.0,60.0,99.0,3.0,9.0,97.0,10.777778,31.069,75.101739,22.197558,36.625971,1.109878,0.119549,0.761313,0.75,1.0,13.315271,0.229885,0.761313,0.570985,0.570985,0.5625,0.761313,0.7875,0.927273,0.682759,0.924898,0.343901,0.761313
кухни на заказ Москва,кухни на заказ,commercial,Москва,213,https://zavodkuhnirf.ru/,zavodkuhnirf.ru,7,0,,,homepage,ok,,33.3333,11073.0,177530.0,1550.0,535.0,0.34516129032258064,5.9445,119.0,13.0252,18.0,1.0,10.0,0.0,11.0,1.0,89.0,1.0,185.0,0.0,0.0,0.0,116.0,2.0,3.0,0.5,0.75,5.0,0.75,23.0,0.074839,1.0,315.0,156.0,54.0,5.0,7.0,33.0,4.714286,86.1111,203.225806,100.645161,34.83871,3.225806,0.062373,0.705746,1.0,1.0,4.920635,0.611111,0.705746,0.352873,0.529309,0.375,0.705746,0.7625,0.381818,0.724138,0.0,0.209763,0.705746
кухни на заказ Москва,кухни на заказ,commercial,Москва,213,https://kuhniremiz.ru/,kuhniremiz.ru,8,0,,,homepage,ok,,22.2222,25805.0,207477.0,3721.0,1043.0,0.2803009943563558,5.7393,266.0,13.9887,75.0,1.0,3.0,1.0,5.0,1.0,83.0,1.0,199.0,0.0,0.0,0.0,131.0,3.0,4.0,0.75,0.75,4.0,0.75,21.0,0.035206,1.0,186.0,202.0,111.0,4.0,7.0,53.0,7.571429,49.6133,49.986563,54.286482,29.830691,1.07498,0.124375,0.645572,1.0,1.0,20.005376,0.066667,0.645572,0.484179,0.484179,0.5625,0.645572,0.85,0.490909,0.627586,0.82648,0.180954,0.645572
кухни на заказ Москва,кухни на заказ,commercial,Москва,213,https://kuhni-veka.ru/,kuhni-veka.ru,9,0,,,homepage,ok,,11.1111,24569.0,1178390.0,3414.0,1312.0,0.38429994141769186,5.961,307.0,11.1205,195.0,1.0,17.0,14.0,31.0,1.0,31.0,1.0,140.0,0.0,0.0,0.0,139.0,2.0,3.0,0.5,0.75,22.0,0.75,35.0,0.040715,1.0,126.0,275.0,63.0,47.0,11.0,99.0,9.0,17.5077,36.906854,80.550674,18.453427,13.766842,0.02085,0.664502,1.0,1.0,27.095238,0.158974,0.664502,0.332251,0.498377,0.375,0.664502,0.7625,0.563636,0.965517,0.642843,0.255368,0.664502
кухни на заказ Москва,кухни на заказ,commercial,Москва,213,https://stolichniekuhni.ru/,stolichniekuhni.ru,10,0,,,homepage,ok,,0.0,7613.0,909791.0,1095.0,585.0,0.5342465753424658,5.6082,47.0,23.2979,28.0,1.0,0.0,0.0,1.0,1.0,74.0,1.0,244.0,0.0,0.0,0.0,50.0,4.0,1.0,0.75,0.25,3.0,0.75,12.0,0.045662,1.0,126.0,19.0,27.0,0.0,3.0,25.0,8.333333,39.1071,115.068493,17.351598,24.657534,0.0,0.008368,0.819452,1.0,1.0,8.690476,0.035714,0.819452,0.614589,0.614589,0.5625,0.5982,0.85,0.654545,0.317241,0.47793,0.266322,0.819452
кухни на заказ Санкт-Петербург,кухни на заказ,commercial,Санкт-Петербург,2,https://lenkuhni.ru/,lenkuhni.ru,1,0,,,homepage,ok,,100.0,17401.0,881161.0,2554.0,931.0,0.3645262333594362,5.6124,162.0,15.7654,46.0,1.0,1.0,0.0,2.0,1.0,68.0,1.0,227.0,0.0,0.0,0.0,135.0,3.0,5.0,0.6,0.8,4.0,0.8,16.0,0.052858,1.0,406.0,176.0,112.0,7.0,15.0,244.0,16.266667,55.5217,158.966327,68.911511,43.85278,2.740799,0.019748,0.690023,1.0,1.0,6.29064,0.043478,0.690023,0.414014,0.552018,0.48,0.690023,0.81,0.763636,0.434483,0.238058,0.251531,0.690023
кухни на заказ Санкт-Петербург,кухни на заказ,commercial,Санкт-Петербург,2,https://kupehouse.ru/proizvodstvo/,kupehouse.ru,2,0,,,content,ok,,88.8889,4949.0,299232.0,699.0,405.0,0.5793991416309013,5.9442,39.0,17.9231,14.0,0.0,6.0,6.0,12.0,1.0,12.0,1.0,150.0,0.0,0.0,0.0,32.0,0.0,4.0,0.0,0.8,8.0,0.8,19.0,0.04578,1.0,71.0,22.0,54.0,13.0,0.0,2.0,0.0,49.9286,101.573677,31.473534,77.253219,18.597997,0.016539,0.365921,1.0,0.75,9.84507,0.857143,0.365921,0.0,0.292737,0.0,0.170519,0.6,0.218182,0.965517,0.47401,0.082332,0.274441
кухни на заказ Санкт-Петербург,кухни на заказ,commercial,Санкт-Петербург,2,https://vardek.ru/,vardek.ru,3,0,,,homepage,ok,,77.7778,6697.0,340997.0,948.0,489.0,0.5158227848101266,5.9346,35.0,27.0857,15.0,0.0,20.0,0.0,18.0,1.0,69.0,1.0,192.0,0.0,0.0,0.0,35.0,4.0,4.0,0.8,0.8,2.0,0.4,8.0,0.03692,1.0,112.0,57.0,58.0,0.0,4.0,20.0,5.0,63.2,118.14346,60.126582,61.181435,0.0,0.019639,0.583798,1.0,1.0,8.464286,1.2,0.583798,0.467038,0.233519,0.32,0.36896,0.78,0.745455,0.675862,0.769339,0.158598,0.583798
кухни на заказ Санкт-Петербург,кухни на заказ,commercial,Санкт-Петербург,2,https://forestgrant.ru/,forestgrant.ru,5,0,,,homepage,ok,,55.5556,40421.0,609918.0,5576.0,2046.0,0.3669296987087518,6.047,462.0,12.0693,65.0,1.0,10.0,1.0,12.0,1.0,67.0,1.0,177.0,0.0,0.0,0.0,176.0,3.0,5.0,0.6,0.8,6.0,0.8,40.0,0.031564,1.0,179.0,605.0,197.0,10.0,11.0,119.0,10.818182,85.7846,32.101865,108.500717,35.329986,1.7934,0.066273,0.567595,1.0,1.0,31.150838,0.184615,0.567595,0.340557,0.454076,0.48,0.567595,0.81,0.781818,0.77931,0.947872,0.208267,0.567595
кухни на заказ Санкт-Петербург,кухни на заказ,commercial,Санкт-Петербург,2,https://petro-mebel.com/kuhni-na-zakaz/,petro-mebel.com,6,0,,,content,ok,,44.4444,14905.0,117118.0,2229.0,928.0,0.41633019291161955,5.5002,161.0,13.8447,38.0,1.0,2.0,2.0,5.0,1.0,96.0,1.0,294.0,0.0,0.0,0.0,129.0,4.0,4.0,0.8,0.6,4.0,0.6,21.0,0.057873,1.0,236.0,112.0,210.0,1.0,2.0,7.0,3.5,58.6579,105.877075,50.246747,94.212651,0.448632,0.127265,0.592357,1.0,1.0,9.444915,0.131579,0.592357,0.473886,0.355414,0.48,0.592357,0.83,0.254545,0.0,0.070884,0.246616,0.592357
кухни на заказ Санкт-Петербург,кухни на заказ,commercial,Санкт-Петербург,2,https://lavellakitchen.ru/,lavellakitchen.ru,7,0,,,homepage,ok,,33.3333,15379.0,308883.0,2209.0,1004.0,0.4545043005885016,5.7945,119.0,18.563,35.0,1.0,8.0,2.0,10.0,1.0,105.0,1.0,211.0,0.0,0.0,0.0,109.0,5.0,6.0,0.8,0.6,10.0,0.6,14.0,0.049344,1.0,479.0,78.0,298.0,3.0,3.0,31.0,10.333333,63.1143,216.840199,35.310095,134.902671,1.358081,0.049789,0.607958,1.0,1.0,4.611691,0.285714,0.607958,0.486366,0.364775,0.48,0.607958,0.83,0.090909,0.544828,0.355214,0.27632,0.607958
кухни на заказ Санкт-Петербург,кухни на заказ,commercial,Санкт-Петербург,2,https://www.1mf.ru/,1mf.ru,8,0,,,homepage,ok,,22.2222,14437.0,390584.0,2232.0,806.0,0.3611111111111111,5.1698,173.0,12.9017,187.0,1.0,3.0,0.0,4.0,1.0,60.0,1.0,368.0,0.0,0.0,0.0,79.0,1.0,2.0,0.2,0.4,2.0,0.4,27.0,0.035394,1.0,300.0,65.0,162.0,18.0,1.0,9.0,9.0,11.9358,134.408602,29.121864,72.580645,8.064516,0.036963,0.465755,1.0,1.0,7.44,0.02139,0.465755,0.093151,0.186302,0.08,0.465755,0.57,0.909091,0.0,0.820191,0.168189,0.465755
кухни на заказ Санкт-Петербург,кухни на заказ,commercial,Санкт-Петербург,2,https://kuhni-kristall.ru/,kuhni-kristall.ru,9,0,,,homepage,ok,,11.1111,16947.0,234202.0,2441.0,941.0,0.3854977468250717,5.7984,154.0,15.8506,29.0,1.0,11.0,68.0,80.0,1.0,61.0,1.0,291.0,0.0,0.0,0.0,154.0,4.0,5.0,0.6,0.8,55.0,0.8,6.0,0.063089,1.0,409.0,74.0,35.0,2.0,6.0,37.0,6.166667,84.1724,167.554281,30.315444,14.338386,0.819336,0.072361,0.773207,1.0,1.0,5.968215,2.758621,0.773207,0.463924,0.618566,0.48,0.773207,0.81,0.890909,0.0,0.0,0.29807,0.773207
кухни на заказ Санкт-Петербург,кухни на заказ,commercial,Санкт-Петербург,2,https://kuhnihome.spb.ru/,kuhnihome.spb.ru,10,0,,,homepage,ok,,0.0,30507.0,222291.0,4704.0,1790.0,0.38052721088435376,4.9109,64.0,73.5,5.0,1.0,4.0,3.0,8.0,1.0,50.0,1.0,140.0,0.0,0.0,0.0,172.0,4.0,5.0,0.8,1.0,7.0,0.6,35.0,0.036565,1.0,106.0,52.0,44.0,4.0,8.0,56.0,7.0,940.8,22.534014,11.054422,9.353741,0.85034,0.137239,0.628484,1.0,1.0,44.377358,1.6,0.628484,0.502787,0.37709,0.48,0.628484,0.83,0.909091,0.965517,0.781179,0.239155,0.628484
кухни на заказ Екатеринбург,кухни на заказ,commercial,Екатеринбург,54,https://kitchenrm.ru/,kitchenrm.ru,1,0,,,homepage,ok,,100.0,16137.0,668326.0,2375.0,950.0,0.4,5.7065,42.0,56.5476,7.0,1.0,2.0,0.0,3.0,1.0,68.0,1.0,204.0,0.0,0.0,0.0,57.0,4.0,2.0,0.75,0.5,2.0,0.25,30.0,0.024,1.0,420.0,342.0,36.0,10.0,126.0,254.0,2.015873,339.2857,176.842105,144.0,15.157895,4.210526,0.024145,0.585756,1.0,1.0,5.654762,0.428571,0.585756,0.439317,0.146439,0.1875,0.585756,0.725,0.763636,0.593103,0.8,0.234302,0.585756
кухни на заказ Екатеринбург,кухни на заказ,commercial,Екатеринбург,54,https://www.lovekuhnya.ru/,lovekuhnya.ru,2,0,,,homepage,ok,,88.8889,21669.0,792958.0,3316.0,952.0,0.2870928829915561,5.3121,180.0,18.4222,247.0,1.0,13.0,4.0,18.0,1.0,109.0,1.0,203.0,0.0,0.0,0.0,302.0,3.0,1.0,0.75,0.25,8.0,1.0,24.0,0.091074,1.0,752.0,458.0,189.0,8.0,3.0,46.0,15.333333,13.4251,226.779252,138.118215,56.996381,2.412545,0.027327,0.567388,1.0,1.0,4.409574,0.072874,0.567388,0.425541,0.567388,0.75,0.567388,0.9125,0.018182,0.6,0.0,0.162893,0.567388
кухни на заказ Екатеринбург,кухни на заказ,commercial,Екатеринбург,54,https://na-zakaz-mebel.com/,na-zakaz-mebel.com,3,0,,,homepage,ok,,77.7778,14549.0,158487.0,2132.0,889.0,0.4169793621013133,5.5924,153.0,13.9346,174.0,1.0,15.0,58.0,74.0,1.0,46.0,1.0,169.0,0.0,0.0,0.0,106.0,4.0,3.0,1.0,0.75,29.0,1.0,22.0,0.049719,1.0,225.0,109.0,96.0,12.0,3.0,87.0,29.0,12.2529,105.534709,51.125704,45.028143,5.628518,0.091799,0.51346,1.0,1.0,9.475556,0.425287,0.51346,0.51346,0.51346,1.0,0.51346,1.0,0.836364,0.834483,0.342714,0.214102,0.51346
кухни на заказ Екатеринбург,кухни на заказ,commercial,Екатеринбург,54,https://ekaterinburg.vernokuhni.ru/,ekaterinburg.vernokuhni.ru,4,0,,,homepage,ok,,66.6667,33116.0,319202.0,4780.0,1291.0,0.2700836820083682,5.741,358.0,13.352,2.0,1.0,0.0,5.0,6.0,1.0,99.0,1.0,193.0,0.0,0.0,0.0,140.0,3.0,4.0,0.5,0.75,3.0,0.75,11.0,0.029289,1.0,354.0,72.0,38.0,1.0,4.0,30.0,7.5,2390.0,74.058577,15.062762,7.949791,0.209205,0.103746,0.571556,1.0,1.0,13.502825,3.0,0.571556,0.285778,0.428667,0.375,0.571556,0.7625,0.2,0.668966,0.97629,0.154368,0.571556
кухни на заказ Екатеринбург,кухни на заказ,commercial,Екатеринбург,54,https://ekaterinburg.marya.ru/,ekaterinburg.marya.ru,5,0,,,homepage,ok,,55.5556,18079.0,515784.0,2393.0,930.0,0.38863351441704974,6.4438,91.0,26.2967,50.0,1.0,2.0,0.0,3.0,1.0,62.0,1.0,167.0,0.0,0.0,0.0,89.0,3.0,3.0,0.75,0.5,3.0,0.75,17.0,0.037192,1.0,399.0,16.0,342.0,8.0,5.0,29.0,5.8,47.86,166.736314,6.686168,142.916841,3.343084,0.035051,0.552772,1.0,1.0,5.997494,0.06,0.552772,0.414579,0.414579,0.5625,0.552772,0.85,0.872727,0.848276,0.760273,0.214826,0.552772
кухни на заказ Екатеринбург,кухни на заказ,commercial,Екатеринбург,54,https://е-кухни.рф/,е-кухни.рф,6,0,,,homepage,ok,,44.4444,10655.0,589439.0,1578.0,598.0,0.37896070975918883,5.571,85.0,18.5647,7.0,2.0,4.0,0.0,6.0,1.0,39.0,1.0,247.0,0.0,0.0,0.0,85.0,3.0,4.0,0.75,0.5,10.0,0.75,21.0,0.053866,1.0,26.0,200.0,6.0,3.0,7.0,249.0,35.571429,225.4286,16.476553,126.742712,3.802281,1.901141,0.018077,0.539499,1.0,1.0,60.692308,0.857143,0.539499,0.404624,0.404624,0.5625,0.539499,0.85,0.709091,0.296552,0.204478,0.179234,0.539499
кухни на заказ Екатеринбург,кухни на заказ,commercial,Екатеринбург,54,https://www.vkuskuhni.ru/,vkuskuhni.ru,7,0,,,homepage,ok,,33.3333,10556.0,97881.0,1463.0,742.0,0.507177033492823,6.0533,78.0,18.7564,7.0,1.0,5.0,0.0,6.0,1.0,83.0,1.0,177.0,0.0,0.0,0.0,67.0,3.0,0.0,0.75,0.0,11.0,0.75,10.0,0.045796,1.0,141.0,44.0,144.0,4.0,6.0,30.0,5.0,209.0,96.377307,30.075188,98.427888,2.734108,0.107845,0.689096,1.0,1.0,10.375887,0.857143,0.689096,0.516822,0.516822,0.5625,0.672098,0.85,0.490909,0.77931,0.473456,0.284061,0.689096
кухни на заказ Екатеринбург,кухни на заказ,commercial,Екатеринбург,54,https://ekuhni96.ru/,ekuhni96.ru,8,0,,,homepage,ok,,22.2222,3757.0,500653.0,548.0,278.0,0.5072992700729927,5.719,18.0,30.4444,51.0,0.0,0.0,1.0,1.0,1.0,79.0,1.0,173.0,0.0,0.0,0.0,38.0,3.0,3.0,0.75,0.75,1.0,0.25,17.0,0.069343,1.0,41.0,64.0,0.0,21.0,0.0,46.0,0.0,10.7451,74.817518,116.788321,0.0,38.321168,0.007504,0.48137,1.0,0.5,13.365854,0.019608,0.48137,0.361028,0.120343,0.1875,0.175861,0.725,0.563636,0.806897,0.0,0.074345,0.240685
кухни на заказ Екатеринбург,кухни на заказ,commercial,Екатеринбург,54,https://d-kitchen.ru/,d-kitchen.ru,9,0,,,homepage,ok,,11.1111,1149.0,59029.0,167.0,115.0,0.688622754491018,5.7725,2.0,83.5,1.0,1.0,1.0,0.0,2.0,1.0,30.0,1.0,195.0,0.0,0.0,0.0,18.0,3.0,4.0,0.75,0.75,4.0,0.75,18.0,0.107784,0.75,5.0,86.0,75.0,0.0,2.0,47.0,23.5,167.0,29.94012,514.97006,449.101796,0.0,0.019465,0.429702,1.0,1.0,33.4,2.0,0.322276,0.322276,0.322276,0.5625,0.04784,0.8125,0.545455,0.655172,0.0,0.027453,0.429702
кухни на заказ Екатеринбург,кухни на заказ,commercial,Екатеринбург,54,https://dom-mania.ru/,dom-mania.ru,10,0,,,homepage,ok,,0.0,6795.0,620603.0,996.0,500.0,0.5020080321285141,5.6275,58.0,17.1724,37.0,0.0,17.0,41.0,17.0,1.0,30.0,1.0,108.0,0.0,0.0,0.0,44.0,3.0,3.0,0.75,0.75,8.0,0.75,13.0,0.044177,1.0,60.0,74.0,10.0,0.0,2.0,10.0,5.0,26.9189,60.240964,74.297189,10.040161,0.0,0.010949,0.661918,1.0,1.0,16.6,0.459459,0.661918,0.496439,0.496439,0.5625,0.439514,0.85,0.545455,0.744828,0.527443,0.183866,0.661918
кухни на заказ Новосибирск,кухни на заказ,commercial,Новосибирск,65,https://www.kuhni-nsk.ru/catalog/kuhni/na-zakaz/,kuhni-nsk.ru,1,0,,,product,ok,,100.0,10794.0,221947.0,1678.0,814.0,0.48510131108462456,5.2741,96.0,17.4792,5.0,1.0,2.0,3.0,6.0,1.0,64.0,1.0,189.0,0.0,0.0,0.0,121.0,3.0,6.0,0.75,0.75,12.0,0.75,40.0,0.07211,1.0,242.0,65.0,287.0,26.0,7.0,171.0,24.428571,335.6,144.219309,38.736591,171.036949,15.494636,0.048633,0.456155,1.0,1.0,6.933884,1.2,0.456155,0.342116,0.342116,0.5625,0.456155,0.85,0.836364,0.696552,0.0,0.206283,0.456155
кухни на заказ Новосибирск,кухни на заказ,commercial,Новосибирск,65,https://www.kukhni-novosibirsk.ru/,kukhni-novosibirsk.ru,2,0,,,homepage,ok,,88.8889,13019.0,718380.0,1813.0,517.0,0.2851627137341423,5.8406,177.0,10.2429,134.0,3.0,0.0,0.0,1.0,1.0,72.0,1.0,176.0,1.0,1.0,1.0,43.0,4.0,3.0,1.0,0.75,3.0,0.75,14.0,0.023718,1.0,341.0,405.0,0.0,327.0,40.0,160.0,4.0,13.5299,188.086045,223.386652,0.0,180.364038,0.018123,0.444847,1.0,0.75,5.316716,0.007463,0.444847,0.444847,0.333635,0.75,0.444847,0.9375,0.690909,0.786207,0.790587,0.126854,0.333635
кухни на заказ Новосибирск,кухни на заказ,commercial,Новосибирск,65,https://promebelnsk.ru/kuhni,promebelnsk.ru,3,0,,,content,ok,,77.7778,24315.0,4642188.0,3391.0,856.0,0.2524329106458272,5.6786,123.0,27.5691,313.0,3.0,7.0,14.0,24.0,1.0,102.0,1.0,118.0,0.0,0.0,0.0,82.0,4.0,2.0,1.0,0.5,4.0,0.75,10.0,0.024182,1.0,439.0,107.0,45.0,0.0,27.0,87.0,3.222222,10.8339,129.460336,31.554114,13.270422,0.0,0.005238,0.406043,1.0,1.0,7.724374,0.076677,0.406043,0.406043,0.304532,0.75,0.406043,0.9375,0.145455,0.813793,0.806055,0.102499,0.406043
кухни на заказ Новосибирск,кухни на заказ,commercial,Новосибирск,65,https://novosibirsk.marya.ru/,novosibirsk.marya.ru,4,0,,,homepage,ok,,66.6667,18068.0,487840.0,2382.0,946.0,0.3971452560873216,6.4777,82.0,29.0488,52.0,1.0,0.0,0.0,1.0,1.0,62.0,1.0,166.0,0.0,0.0,0.0,87.0,3.0,3.0,0.75,0.5,3.0,0.75,17.0,0.036524,1.0,391.0,16.0,337.0,8.0,5.0,29.0,5.8,45.8077,164.147775,6.717045,141.47775,3.358522,0.037037,0.552612,1.0,1.0,6.092072,0.019231,0.552612,0.414459,0.414459,0.5625,0.552612,0.85,0.872727,0.855172,0.782536,0.219467,0.552612
кухни на заказ Новосибирск,кухни на заказ,commercial,Новосибирск,65,https://feniks-kuhni-nsk.ru/,feniks-kuhni-nsk.ru,6,0,,,homepage,ok,,44.4444,14512.0,760827.0,2232.0,430.0,0.19265232974910393,5.3132,112.0,19.9286,706.0,4.0,12.0,22.0,38.0,1.0,67.0,1.0,167.0,0.0,0.0,0.0,34.0,3.0,3.0,0.75,0.75,12.0,0.75,12.0,0.015233,1.0,183.0,119.0,0.0,278.0,0.0,56.0,0.0,3.1615,81.989247,53.315412,0.0,124.551971,0.019074,0.345232,1.0,0.5,12.196721,0.053824,0.345232,0.258924,0.258924,0.5625,0.345232,0.85,0.781818,0.848276,0.507766,0.06651,0.172616
кухни на заказ Новосибирск,кухни на заказ,commercial,Новосибирск,65,https://alexandr-kuhni.ru/nsk,alexandr-kuhni.ru,7,0,,,content,ok,,33.3333,15373.0,887540.0,2406.0,770.0,0.3200332502078138,5.0702,112.0,21.4821,36.0,1.0,1.0,0.0,2.0,1.0,29.0,1.0,67.0,0.0,0.0,0.0,70.0,3.0,3.0,0.75,0.75,2.0,0.25,16.0,0.029094,1.0,66.0,41.0,86.0,94.0,8.0,108.0,13.5,66.8333,27.431421,17.040732,35.743973,39.068994,0.017321,0.59732,1.0,1.0,36.454545,0.055556,0.59732,0.44799,0.14933,0.1875,0.59732,0.725,0.527273,0.462069,0.969798,0.191162,0.59732
кухни на заказ Новосибирск,кухни на заказ,commercial,Новосибирск,65,https://novosibirsk.vernokuhni.ru/,novosibirsk.vernokuhni.ru,8,0,,,homepage,ok,,22.2222,32753.0,305976.0,4684.0,1268.0,0.2707087959009394,5.814,357.0,13.1204,2.0,1.0,0.0,5.0,6.0,1.0,107.0,1.0,185.0,0.0,0.0,0.0,136.0,3.0,3.0,0.75,0.75,3.0,0.75,11.0,0.029035,1.0,347.0,71.0,38.0,1.0,4.0,30.0,7.5,2342.0,74.081981,15.157985,8.112724,0.213493,0.107044,0.606503,1.0,1.0,13.498559,3.0,0.606503,0.454877,0.454877,0.5625,0.606503,0.85,0.054545,0.724138,0.967834,0.164186,0.606503
кухни на заказ Новосибирск,кухни на заказ,commercial,Новосибирск,65,https://kuxni-nsk.ru/,kuxni-nsk.ru,9,0,,,homepage,ok,,11.1111,11728.0,285975.0,1835.0,702.0,0.38256130790190734,5.0616,86.0,21.3372,45.0,1.0,7.0,11.0,19.0,1.0,67.0,1.0,151.0,0.0,0.0,0.0,44.0,3.0,4.0,0.75,0.75,6.0,0.75,16.0,0.023978,1.0,128.0,236.0,75.0,77.0,0.0,0.0,0.0,40.7778,69.754768,128.610354,40.871935,41.961853,0.041011,0.399778,1.0,0.5,14.335938,0.422222,0.399778,0.299834,0.299834,0.5625,0.399778,0.85,0.781818,0.958621,0.799273,0.15294,0.199889
кухни на заказ Новосибирск,кухни на заказ,commercial,Новосибирск,65,https://3dkuhni.ru/,3dkuhni.ru,10,0,,,homepage,ok,,0.0,2382.0,18196.0,343.0,233.0,0.6793002915451894,5.7201,33.0,10.3939,3.0,1.0,1.0,1.0,3.0,1.0,86.0,1.0,190.0,0.0,0.0,0.0,23.0,4.0,0.0,0.75,0.0,4.0,0.75,17.0,0.067055,0.75,49.0,18.0,25.0,6.0,0.0,1.0,0.0,114.3333,142.857143,52.478134,72.886297,17.492711,0.130908,0.44153,1.0,0.75,7.0,1.0,0.331147,0.331147,0.331147,0.5625,0.100963,0.8125,0.436364,0.689655,0.0,0.057154,0.331147
кухни на заказ Казань,кухни на заказ,commercial,Казань,43,https://kuhni-sova.ru/,kuhni-sova.ru,1,0,,,homepage,ok,,100.0,13644.0,1171007.0,2083.0,802.0,0.38502160345655306,5.2712,122.0,17.0738,45.0,0.0,0.0,0.0,0.0,1.0,24.0,1.0,127.0,0.0,0.0,0.0,57.0,2.0,6.0,0.5,0.75,0.0,0.0,13.0,0.027364,1.0,60.0,50.0,68.0,27.0,6.0,91.0,15.166667,46.2889,28.804609,24.003841,32.645223,12.962074,0.011652,0.170982,1.0,1.0,34.716667,0.0,0.170982,0.085491,0.0,0.0,0.170982,0.575,0.436364,0.875862,0.912146,0.065832,0.170982
кухни на заказ Казань,кухни на заказ,commercial,Казань,43,https://kuhdela.ru/,kuhdela.ru,3,0,,,homepage,ok,,77.7778,15036.0,1125032.0,2182.0,831.0,0.38084326306141153,5.6389,144.0,15.1528,7.0,1.0,17.0,17.0,35.0,1.0,90.0,1.0,231.0,0.0,0.0,0.0,88.0,3.0,1.0,0.75,0.25,6.0,0.75,18.0,0.04033,0.75,210.0,25.0,174.0,2.0,10.0,134.0,13.4,311.7143,96.24198,11.457379,79.743355,0.91659,0.013365,0.498968,1.0,1.0,10.390476,5.0,0.374226,0.374226,0.374226,0.5625,0.498968,0.8125,0.363636,0.406897,0.491751,0.190029,0.498968
кухни на заказ Казань,кухни на заказ,commercial,Казань,43,https://www.kazanpremier.ru/,kazanpremier.ru,4,0,,,homepage,ok,,66.6667,5397.0,54237.0,716.0,391.0,0.5460893854748603,6.4036,22.0,32.5455,42.0,1.0,6.0,22.0,29.0,1.0,71.0,1.0,216.0,0.0,0.0,0.0,37.0,4.0,5.0,1.0,0.75,7.0,0.5,16.0,0.051676,1.0,38.0,12.0,11.0,0.0,1.0,4.0,4.0,17.0476,53.072626,16.759777,15.363128,0.0,0.099508,0.240454,1.0,1.0,18.842105,0.690476,0.240454,0.240454,0.120227,0.5,0.114777,0.875,0.709091,0.510345,0.277467,0.052232,0.240454
кухни на заказ Казань,кухни на заказ,commercial,Казань,43,https://olan.biz/,olan.biz,5,0,,,homepage,ok,,55.5556,11264.0,135262.0,1596.0,617.0,0.3865914786967419,5.8684,98.0,16.2857,45.0,2.0,11.0,5.0,18.0,1.0,87.0,0.0,0.0,0.0,0.0,0.0,100.0,3.0,0.0,0.75,0.0,9.0,0.75,20.0,0.062657,1.0,106.0,66.0,44.0,0.0,6.0,72.0,12.0,35.4667,66.41604,41.353383,27.568922,0.0,0.083275,0.254261,1.0,1.0,15.056604,0.4,0.254261,0.190696,0.190696,0.5625,0.254261,0.85,0.418182,0.0,0.0,0.087155,0.254261
кухни на заказ Казань,кухни на заказ,commercial,Казань,43,https://kuhni-kazanzakazz.ru/,kuhni-kazanzakazz.ru,6,0,,,homepage,ok,,44.4444,9800.0,366080.0,1435.0,760.0,0.5296167247386759,5.5603,73.0,19.6575,64.0,5.0,1.0,8.0,14.0,1.0,51.0,1.0,317.0,0.0,0.0,0.0,55.0,3.0,3.0,0.75,0.75,23.0,0.75,16.0,0.038328,0.75,12.0,64.0,0.0,27.0,0.0,23.0,0.0,22.4219,8.362369,44.599303,0.0,18.815331,0.02677,0.523391,1.0,0.5,119.583333,0.21875,0.392543,0.392543,0.392543,0.5625,0.500711,0.8125,0.927273,0.0,0.541812,0.220987,0.261696
кухни на заказ Казань,кухни на заказ,commercial,Казань,43,https://etalon-kuhni.ru/,etalon-kuhni.ru,7,0,,,homepage,ok,,33.3333,2574.0,414132.0,367.0,204.0,0.555858310626703,5.8147,17.0,21.5882,1.0,1.0,0.0,0.0,1.0,1.0,55.0,1.0,208.0,0.0,0.0,0.0,21.0,2.0,2.0,0.25,0.25,1.0,0.25,16.0,0.057221,1.0,68.0,11.0,33.0,2.0,1.0,4.0,4.0,367.0,185.286104,29.972752,89.918256,5.449591,0.006215,0.506788,1.0,1.0,5.397059,1.0,0.506788,0.126697,0.126697,0.0625,0.123994,0.55,1.0,0.565517,0.092643,0.057436,0.506788
кухни на заказ Казань,кухни на заказ,commercial,Казань,43,https://kuhni-express.ru/kazan/catalog,kuhni-express.ru,8,0,,,product,ok,,22.2222,10271.0,108036.0,1532.0,686.0,0.44778067885117495,5.5757,72.0,21.2778,20.0,1.0,7.0,7.0,14.0,1.0,69.0,1.0,133.0,0.0,0.0,0.0,97.0,4.0,3.0,0.75,0.75,7.0,0.75,26.0,0.063316,1.0,147.0,22.0,86.0,0.0,4.0,13.0,3.25,76.6,95.953003,14.360313,56.13577,0.0,0.09507,0.379129,1.0,1.0,10.421769,0.7,0.379129,0.284347,0.284347,0.5625,0.379129,0.85,0.745455,0.917241,0.0,0.14449,0.379129
кухни на заказ Казань,кухни на заказ,commercial,Казань,43,https://vm-kuhni.ru/,vm-kuhni.ru,9,0,,,homepage,ok,,11.1111,7182.0,86652.0,974.0,485.0,0.49794661190965095,6.1961,61.0,15.9672,31.0,1.0,1.0,0.0,2.0,1.0,58.0,1.0,181.0,0.0,0.0,0.0,44.0,5.0,2.0,1.0,0.5,1.0,0.25,19.0,0.045175,1.0,84.0,18.0,47.0,10.0,7.0,60.0,8.571429,31.4194,86.2423,18.480493,48.25462,10.26694,0.082883,0.277542,1.0,1.0,11.595238,0.064516,0.277542,0.277542,0.069386,0.25,0.180217,0.8125,0.945455,0.751724,0.494182,0.074782,0.277542
кухни на заказ Казань,кухни на заказ,commercial,Казань,43,https://kuhni-na-zakaz.net/,kuhni-na-zakaz.net,10,0,,,homepage,ok,,0.0,10679.0,293342.0,1519.0,680.0,0.4476629361421988,5.8381,91.0,16.6923,58.0,1.0,35.0,8.0,44.0,1.0,62.0,1.0,163.0,0.0,1.0,1.0,95.0,4.0,2.0,1.0,0.5,13.0,0.75,13.0,0.062541,1.0,218.0,20.0,154.0,16.0,2.0,22.0,11.0,26.1897,143.515471,13.166557,101.382488,10.533246,0.036405,0.245888,1.0,1.0,6.96789,0.758621,0.245888,0.245888,0.184416,0.75,0.245888,0.9375,0.872727,0.875862,0.0,0.092891,0.245888
кухни на заказ Краснодар,кухни на заказ,commercial,Краснодар,35,https://kuxni-krd.ru/,kuxni-krd.ru,1,0,,,homepage,ok,,100.0,17647.0,401615.0,2767.0,997.0,0.3603180339718106,5.0795,105.0,26.3524,60.0,1.0,9.0,23.0,33.0,1.0,65.0,1.0,146.0,0.0,0.0,0.0,57.0,3.0,3.0,0.75,0.75,6.0,0.75,15.0,0.0206,1.0,859.0,323.0,61.0,102.0,0.0,0.0,0.0,46.1167,310.444525,116.732924,22.045537,36.863029,0.04394,0.354661,1.0,0.5,3.221187,0.55,0.354661,0.265996,0.265996,0.5625,0.354661,0.85,0.818182,0.993103,0.686664,0.127791,0.177331
кухни на заказ Краснодар,кухни на заказ,commercial,Краснодар,35,https://kuhnidar.ru/,kuhnidar.ru,2,0,,,homepage,ok,,88.8889,14981.0,156919.0,2231.0,648.0,0.2904527117884357,5.4469,104.0,21.4519,6.0,1.0,1.0,2.0,4.0,1.0,87.0,1.0,281.0,0.0,0.0,0.0,81.0,3.0,5.0,0.75,0.5,10.0,0.75,10.0,0.036307,1.0,279.0,91.0,173.0,4.0,0.0,5.0,0.0,371.8333,125.056029,40.788884,77.543702,1.792918,0.09547,0.593109,1.0,0.75,7.996416,0.666667,0.593109,0.444832,0.444832,0.5625,0.593109,0.85,0.418182,0.062069,0.78978,0.17227,0.444832
кухни на заказ Краснодар,кухни на заказ,commercial,Краснодар,35,https://kukhni-vkrasnodare.ru/,kukhni-vkrasnodare.ru,3,0,,,homepage,ok,,77.7778,3713.0,321119.0,568.0,219.0,0.3855633802816901,5.2887,27.0,21.037,90.0,5.0,1.0,9.0,15.0,1.0,55.0,1.0,82.0,0.0,0.0,0.0,36.0,3.0,0.0,0.75,0.0,20.0,0.5,14.0,0.06338,0.75,12.0,65.0,0.0,52.0,0.0,23.0,0.0,6.3111,21.126761,114.43662,0.0,91.549296,0.011563,0.633661,1.0,0.5,47.333333,0.166667,0.475246,0.475246,0.316831,0.375,0.239946,0.75,1.0,0.565517,0.0,0.077095,0.316831
кухни на заказ Краснодар,кухни на заказ,commercial,Краснодар,35,https://krasnodar-kuhni-na-zakaz.ru/,krasnodar-kuhni-na-zakaz.ru,4,0,,,homepage,ok,,66.6667,100.0,1753.0,14.0,12.0,0.8571428571428571,6.1429,1.0,14.0,1.0,0.0,0.0,0.0,0.0,1.0,17.0,0.0,0.0,0.0,0.0,0.0,0.0,0.0,0.0,0.0,0.0,0.0,0.0,0.0,0.0,0.0,2.0,0.0,0.0,0.0,0.0,0.0,0.0,14.0,142.857143,0.0,0.0,0.0,0.057045,-0.028572,0.0,0.0,7.0,0.0,-0.0,-0.0,-0.0,0.0,-0.000267,0.0,0.309091,0.0,0.0,-0.00019,-0.0
кухни на заказ Краснодар,кухни на заказ,commercial,Краснодар,35,https://kitchen-sam.ru/,kitchen-sam.ru,5,0,,,homepage,ok,,55.5556,7504.0,469817.0,1087.0,510.0,0.46918123275068996,5.7038,97.0,11.2062,8.0,1.0,0.0,0.0,1.0,1.0,49.0,1.0,239.0,0.0,0.0,0.0,49.0,3.0,4.0,0.75,0.75,0.0,0.0,12.0,0.045078,1.0,180.0,22.0,1.0,0.0,7.0,16.0,2.285714,135.875,165.593376,20.23919,0.919963,0.0,0.015972,0.173093,1.0,1.0,6.038889,0.125,0.173093,0.12982,0.0,0.0,0.125435,0.6625,0.890909,0.351724,0.497393,0.049043,0.173093
кухни на заказ Краснодар,кухни на заказ,commercial,Краснодар,35,https://www.kukhni-krasnodar.ru/,kukhni-krasnodar.ru,6,0,,,homepage,ok,,44.4444,4803.0,338351.0,689.0,328.0,0.4760522496371553,5.7358,23.0,29.9565,53.0,0.0,0.0,20.0,20.0,1.0,54.0,1.0,100.0,0.0,0.0,0.0,29.0,3.0,2.0,0.75,0.5,3.0,0.25,15.0,0.04209,0.75,60.0,147.0,0.0,87.0,0.0,24.0,0.0,13.0,87.082729,213.352685,0.0,126.269956,0.014195,0.495287,1.0,0.5,11.483333,0.377358,0.371465,0.371465,0.123822,0.1875,0.227502,0.6875,0.981818,0.689655,0.44775,0.090252,0.247643
кухни на заказ Краснодар,кухни на заказ,commercial,Краснодар,35,http://kuhnya-krasnodar.ru/,kuhnya-krasnodar.ru,7,0,,,homepage,ok,,33.3333,12837.0,870903.0,1841.0,795.0,0.43183052688756113,5.7306,98.0,18.7857,1.0,11.0,0.0,0.0,11.0,1.0,82.0,1.0,170.0,0.0,0.0,0.0,51.0,3.0,2.0,0.75,0.5,4.0,0.75,16.0,0.027702,1.0,25.0,15.0,72.0,34.0,4.0,100.0,25.0,1841.0,13.579576,8.147746,39.10918,18.468224,0.01474,0.631108,1.0,1.0,73.64,11.0,0.631108,0.473331,0.473331,0.5625,0.631108,0.85,0.509091,0.827586,0.923411,0.272532,0.631108
кухни на заказ Краснодар,кухни на заказ,commercial,Краснодар,35,https://kuhni-kook.ru/,kuhni-kook.ru,9,0,,,homepage,ok,,11.1111,4050.0,281189.0,641.0,374.0,0.5834633385335414,5.1279,56.0,11.4464,1.0,0.0,0.0,0.0,0.0,1.0,76.0,1.0,125.0,0.0,0.0,0.0,11.0,3.0,3.0,0.75,0.75,0.0,0.0,6.0,0.017161,1.0,5.0,15.0,24.0,19.0,0.0,0.0,0.0,641.0,7.800312,23.400936,37.441498,29.641186,0.014403,0.48405,1.0,0.5,128.2,0.0,0.48405,0.363038,0.0,0.0,0.206851,0.6625,0.618182,0.862069,0.572023,0.100575,0.242025
кухни на заказ Краснодар,кухни на заказ,commercial,Краснодар,35,https://www.giuseppe23.ru/,giuseppe23.ru,10,0,,,homepage,ok,,0.0,17291.0,2035713.0,2488.0,948.0,0.38102893890675243,5.6905,146.0,17.0411,24.0,1.0,1.0,1.0,3.0,1.0,58.0,1.0,197.0,0.0,0.0,0.0,68.0,3.0,2.0,0.75,0.5,5.0,0.75,14.0,0.027331,1.0,168.0,66.0,204.0,4.0,11.0,194.0,17.636364,103.6667,67.524116,26.527331,81.993569,1.607717,0.008494,0.55975,1.0,1.0,14.809524,0.125,0.55975,0.419812,0.419812,0.5625,0.55975,0.85,0.945455,0.641379,0.91104,0.213281,0.55975
кухни на заказ Самара,кухни на заказ,commercial,Самара,51,https://samara.lemanapro.ru/proekt-kuhni/na-zakaz/,samara.lemanapro.ru,1,0,,,content,ok,,100.0,4671.0,352682.0,671.0,431.0,0.6423248882265276,5.8063,23.0,29.1739,51.0,1.0,5.0,6.0,12.0,1.0,53.0,1.0,110.0,0.0,0.0,0.0,39.0,3.0,3.0,0.75,0.75,27.0,0.75,12.0,0.058122,1.0,118.0,78.0,36.0,1.0,1.0,1.0,1.0,13.1569,175.85693,116.244411,53.651267,1.490313,0.013244,0.225731,1.0,1.0,5.686441,0.235294,0.225731,0.169298,0.169298,0.5625,0.100977,0.85,0.963636,0.758621,0.062593,0.05405,0.225731
кухни на заказ Самара,кухни на заказ,commercial,Самара,51,https://samara-kuhni-na-zakaz.ru/,samara-kuhni-na-zakaz.ru,2,0,,,homepage,ok,,88.8889,8818.0,455131.0,1249.0,625.0,0.500400320256205,5.8911,52.0,24.0192,140.0,1.0,5.0,0.0,6.0,1.0,62.0,1.0,122.0,0.0,0.0,0.0,58.0,5.0,5.0,0.75,0.75,5.0,0.75,20.0,0.046437,1.0,40.0,9.0,13.0,2.0,1.0,6.0,6.0,8.9214,32.02562,7.205765,10.408327,1.601281,0.019375,0.662249,1.0,1.0,31.225,0.042857,0.662249,0.496687,0.496687,0.5625,0.551433,0.85,0.872727,0.841379,0.452095,0.229948,0.662249
кухни на заказ Самара,кухни на заказ,commercial,Самара,51,https://samara.fakturamebel.ru/,samara.fakturamebel.ru,3,0,,,homepage,ok,,77.7778,21372.0,263655.0,3093.0,1211.0,0.3915292596184934,5.6883,250.0,12.372,4.0,0.0,0.0,0.0,0.0,1.0,23.0,1.0,48.0,0.0,0.0,0.0,73.0,3.0,2.0,0.75,0.5,0.0,0.0,22.0,0.023602,0.75,28.0,38.0,31.0,2.0,1.0,5.0,5.0,773.25,9.0527,12.285807,10.022632,0.646621,0.08106,0.403355,1.0,1.0,110.464286,0.0,0.302516,0.302516,0.0,0.0,0.403355,0.625,0.418182,0.331034,0.590042,0.157925,0.403355
кухни на заказ Самара,кухни на заказ,commercial,Самара,51,https://startsamara.ru/kitchens/,startsamara.ru,4,0,,,content,ok,,66.6667,15500.0,214476.0,2064.0,841.0,0.4074612403100775,6.3372,144.0,14.3333,56.0,1.0,13.0,49.0,63.0,1.0,67.0,1.0,164.0,0.0,0.0,0.0,97.0,3.0,4.0,0.75,0.75,24.0,0.75,23.0,0.046996,1.0,101.0,29.0,55.0,6.0,3.0,18.0,6.0,36.8571,48.934109,14.050388,26.647287,2.906977,0.072269,0.394872,1.0,1.0,20.435644,1.125,0.394872,0.296154,0.296154,0.5625,0.394872,0.85,0.781818,0.868966,0.433463,0.160895,0.394872
кухни на заказ Самара,кухни на заказ,commercial,Самара,51,https://mebelhall-kitchen.ru/,mebelhall-kitchen.ru,5,0,,,homepage,ok,,55.5556,11148.0,1370667.0,1623.0,551.0,0.3394947627849661,5.4461,88.0,18.4432,35.0,1.0,3.0,1.0,5.0,1.0,87.0,1.0,128.0,0.0,0.0,0.0,72.0,1.0,3.0,0.25,0.75,5.0,0.75,18.0,0.044362,1.0,41.0,26.0,133.0,15.0,8.0,63.0,7.875,46.3714,25.261861,16.019717,81.947012,9.242144,0.008133,0.657164,1.0,1.0,39.585366,0.142857,0.657164,0.164291,0.492873,0.1875,0.657164,0.675,0.418182,0.882759,0.521257,0.201165,0.657164
кухни на заказ Самара,кухни на заказ,commercial,Самара,51,https://samara.marya.ru/,samara.marya.ru,6,0,,,homepage,ok,,44.4444,17000.0,492229.0,2280.0,887.0,0.38903508771929823,6.3539,73.0,31.2329,48.0,1.0,0.0,0.0,1.0,1.0,62.0,1.0,160.0,0.0,0.0,0.0,87.0,3.0,3.0,0.75,0.5,3.0,0.75,17.0,0.038158,1.0,392.0,16.0,338.0,4.0,5.0,29.0,5.8,47.5,171.929825,7.017544,148.245614,1.754386,0.034537,0.450746,1.0,1.0,5.816327,0.020833,0.450746,0.338059,0.338059,0.5625,0.450746,0.85,0.872727,0.896552,0.72807,0.175356,0.450746
кухни на заказ Самара,кухни на заказ,commercial,Самара,51,https://ka2-design.ru/,ka2-design.ru,7,0,,,homepage,ok,,33.3333,25228.0,394092.0,3890.0,1103.0,0.28354755784061697,5.3139,212.0,18.3491,20.0,1.0,15.0,0.0,16.0,1.0,36.0,1.0,81.0,0.0,0.0,0.0,89.0,3.0,3.0,0.75,0.75,5.0,0.75,23.0,0.022879,1.0,233.0,78.0,148.0,5.0,6.0,80.0,13.333333,194.5,59.897172,20.051414,38.046272,1.285347,0.064016,0.640101,1.0,1.0,16.695279,0.8,0.640101,0.480076,0.480076,0.5625,0.640101,0.85,0.654545,0.558621,0.762639,0.181499,0.640101
кухни на заказ Самара,кухни на заказ,commercial,Самара,51,https://kukhni-vsamare.ru/,kukhni-vsamare.ru,8,0,,,homepage,ok,,22.2222,3697.0,321046.0,568.0,219.0,0.3855633802816901,5.2606,27.0,21.037,90.0,5.0,1.0,9.0,15.0,1.0,51.0,1.0,78.0,0.0,0.0,0.0,36.0,3.0,0.0,0.75,0.0,20.0,0.5,14.0,0.06338,0.75,12.0,65.0,0.0,52.0,0.0,23.0,0.0,6.3111,21.126761,114.43662,0.0,91.549296,0.011515,0.730619,1.0,0.5,47.333333,0.166667,0.547964,0.547964,0.36531,0.375,0.276661,0.75,0.927273,0.537931,0.0,0.088892,0.36531
кухни на заказ Самара,кухни на заказ,commercial,Самара,51,https://kuhnari-samara.ru/,kuhnari-samara.ru,9,0,,,homepage,ok,,11.1111,24588.0,965347.0,3470.0,1172.0,0.3377521613832853,5.7597,297.0,11.6835,48.0,0.0,0.0,0.0,0.0,1.0,33.0,0.0,0.0,0.0,0.0,0.0,84.0,3.0,0.0,0.75,0.0,0.0,0.0,15.0,0.024207,1.0,153.0,762.0,0.0,50.0,3.0,32.0,10.666667,72.2917,44.092219,219.596542,0.0,14.409222,0.025471,0.643622,1.0,0.75,22.679739,0.0,0.643622,0.482716,0.0,0.0,0.643622,0.6625,0.6,0.0,0.806916,0.217385,0.482716
кухни на заказ Самара,кухни на заказ,commercial,Самара,51,https://www.avito.ru/samara/mebel_i_interer/kuhnya_na_zakaz_ot_fabriki_mebeli_8062933411,avito.ru,10,0,,,content,ok,,0.0,947.0,32650.0,133.0,90.0,0.6766917293233082,5.8421,12.0,11.0833,11.0,0.0,1.0,0.0,1.0,1.0,31.0,0.0,0.0,0.0,0.0,0.0,4.0,0.0,0.0,0.0,0.0,0.0,0.0,4.0,0.030075,0.25,1.0,1.0,0.0,1.0,1.0,2.0,2.0,12.0909,7.518797,7.518797,0.0,7.518797,0.029005,0.027228,1.0,0.75,133.0,0.090909,0.006807,0.0,0.0,0.0,0.002414,0.2875,0.563636,0.0,0.249373,0.001361,0.020421
кухни на заказ Нижний Новгород,кухни на заказ,commercial,Нижний Новгород,47,https://kuhni-slavichi.ru/,kuhni-slavichi.ru,1,0,,,homepage,ok,,100.0,15887.0,83038.0,2331.0,964.0,0.41355641355641354,5.5929,163.0,14.3006,56.0,1.0,11.0,52.0,64.0,1.0,57.0,1.0,109.0,0.0,0.0,0.0,159.0,4.0,3.0,0.6,0.6,38.0,0.6,40.0,0.068211,1.0,110.0,60.0,77.0,48.0,3.0,11.0,3.666667,41.625,47.190047,25.740026,33.033033,20.592021,0.191322,0.494774,1.0,1.0,21.190909,1.142857,0.494774,0.296864,0.296864,0.36,0.494774,0.76,0.963636,0.751724,0.0,0.204617,0.494774
кухни на заказ Нижний Новгород,кухни на заказ,commercial,Нижний Новгород,47,https://kuhni-52.ru/,kuhni-52.ru,2,0,,,homepage,ok,,88.8889,6726.0,58021.0,983.0,508.0,0.5167853509664293,5.646,78.0,12.6026,16.0,1.0,0.0,9.0,10.0,1.0,52.0,1.0,148.0,0.0,0.0,0.0,47.0,3.0,3.0,0.6,0.6,3.0,0.6,15.0,0.047813,1.0,105.0,32.0,31.0,0.0,16.0,52.0,3.25,61.4375,106.81587,32.553408,31.536114,0.0,0.115924,0.609845,1.0,1.0,9.361905,0.625,0.609845,0.365907,0.365907,0.36,0.399652,0.76,0.945455,0.97931,0.406239,0.172112,0.609845
кухни на заказ Нижний Новгород,кухни на заказ,commercial,Нижний Новгород,47,https://julison.ru/,julison.ru,3,0,,,homepage,ok,,77.7778,11397.0,313490.0,1745.0,432.0,0.2475644699140401,5.3553,136.0,12.8309,30.0,1.0,0.0,0.0,1.0,1.0,63.0,1.0,132.0,0.0,0.0,0.0,33.0,3.0,1.0,0.6,0.2,3.0,0.6,13.0,0.018911,1.0,133.0,437.0,205.0,6.0,3.0,17.0,5.666667,58.1667,76.217765,250.429799,117.47851,3.438395,0.036355,0.352989,1.0,1.0,13.120301,0.033333,0.352989,0.211793,0.211793,0.36,0.352989,0.76,0.854545,0.910345,0.630372,0.084717,0.352989
кухни на заказ Нижний Новгород,кухни на заказ,commercial,Нижний Новгород,47,https://kuhni-nn.ru/,kuhni-nn.ru,4,0,,,homepage,ok,,66.6667,18447.0,232798.0,2991.0,915.0,0.3059177532597793,4.788,63.0,47.4762,284.0,1.0,10.0,2.0,12.0,1.0,33.0,1.0,295.0,0.0,0.0,0.0,78.0,3.0,9.0,0.6,1.0,10.0,0.6,16.0,0.026078,1.0,271.0,260.0,29.0,782.0,0.0,0.0,0.0,10.5317,90.605149,86.927449,9.695754,261.45102,0.07924,0.599815,1.0,0.5,11.0369,0.042254,0.599815,0.359889,0.359889,0.36,0.599815,0.76,0.6,0.0,0.869274,0.183494,0.299907
кухни на заказ Нижний Новгород,кухни на заказ,commercial,Нижний Новгород,47,https://borgostudio.ru/,borgostudio.ru,5,0,,,homepage,ok,,55.5556,6404.0,169058.0,916.0,445.0,0.48580786026200873,5.8745,59.0,15.5254,44.0,1.0,20.0,0.0,21.0,1.0,56.0,1.0,141.0,0.0,0.0,0.0,61.0,3.0,3.0,0.6,0.6,5.0,0.4,34.0,0.066594,1.0,113.0,35.0,109.0,0.0,0.0,0.0,0.0,20.8182,123.362445,38.209607,118.995633,0.0,0.03788,0.438937,1.0,0.5,8.106195,0.477273,0.438937,0.263362,0.175575,0.24,0.268044,0.71,0.981818,0.972414,0.0,0.108515,0.219469
кухни на заказ Нижний Новгород,кухни на заказ,commercial,Нижний Новгород,47,https://kuxni-nn.ru/,kuxni-nn.ru,6,0,,,homepage,ok,,44.4444,9495.0,273868.0,1531.0,522.0,0.340953625081646,4.8641,43.0,35.6047,27.0,1.0,6.0,11.0,18.0,1.0,71.0,1.0,155.0,0.0,0.0,0.0,45.0,3.0,4.0,0.6,0.6,6.0,0.6,16.0,0.029393,1.0,128.0,236.0,75.0,77.0,0.0,0.0,0.0,56.7037,83.605487,154.147616,48.98759,50.293926,0.03467,0.274199,1.0,0.5,11.960938,0.666667,0.274199,0.164519,0.164519,0.36,0.274199,0.76,0.709091,0.931034,0.979752,0.079518,0.1371
кухни на заказ Нижний Новгород,кухни на заказ,commercial,Нижний Новгород,47,https://nizhniy-novgorod.marya.ru/,nizhniy-novgorod.marya.ru,7,0,,,homepage,ok,,33.3333,17721.0,493241.0,2358.0,908.0,0.3850720949957591,6.4156,78.0,30.2308,49.0,1.0,2.0,3.0,6.0,1.0,62.0,1.0,170.0,0.0,0.0,0.0,104.0,3.0,3.0,0.6,0.4,3.0,0.6,17.0,0.044105,1.0,394.0,16.0,338.0,4.0,5.0,29.0,5.8,48.1224,167.090755,6.785411,143.341815,1.696353,0.035928,0.443708,1.0,1.0,5.984772,0.122449,0.443708,0.266225,0.266225,0.36,0.443708,0.76,0.872727,0.827586,0.529828,0.17086,0.443708
кухни на заказ Нижний Новгород,кухни на заказ,commercial,Нижний Новгород,47,https://vasilini.ru/kuhni,vasilini.ru,8,0,,,content,ok,,22.2222,7411.0,1446104.0,1082.0,421.0,0.38909426987060997,5.5018,18.0,60.1111,36.0,1.0,5.0,0.0,6.0,1.0,60.0,1.0,85.0,0.0,0.0,0.0,37.0,3.0,2.0,0.6,0.4,5.0,0.6,9.0,0.034196,1.0,64.0,28.0,94.0,27.0,9.0,74.0,8.222222,30.0556,59.149723,25.878004,86.876155,24.953789,0.005125,0.409859,1.0,1.0,16.90625,0.166667,0.409859,0.245915,0.245915,0.36,0.295645,0.76,0.909091,0.586207,0.860136,0.095861,0.409859
кухни на заказ Нижний Новгород,кухни на заказ,commercial,Нижний Новгород,47,https://kntmebel.ru/,kntmebel.ru,9,0,,,homepage,ok,,11.1111,10160.0,877742.0,1442.0,704.0,0.4882108183079057,5.7899,70.0,20.6,51.0,2.0,22.0,7.0,31.0,1.0,105.0,1.0,172.0,0.0,0.0,0.0,40.0,3.0,1.0,0.6,0.2,16.0,1.0,17.0,0.027739,1.0,82.0,31.0,45.0,9.0,3.0,81.0,27.0,28.2745,56.865465,21.49792,31.206657,6.241331,0.011575,0.495394,1.0,1.0,17.585366,0.607843,0.495394,0.297236,0.495394,0.6,0.476239,0.86,0.090909,0.813793,0.924642,0.193754,0.495394
кухни на заказ Нижний Новгород,кухни на заказ,commercial,Нижний Новгород,47,https://stebelkuhny.ru/,stebelkuhny.ru,10,0,,,homepage,ok,,0.0,12072.0,389523.0,1803.0,643.0,0.35662784248474766,5.4908,130.0,13.8692,1048.0,1.0,0.0,0.0,1.0,1.0,54.0,1.0,225.0,0.0,0.0,0.0,71.0,0.0,6.0,0.0,1.0,2.0,0.4,9.0,0.039379,1.0,131.0,524.0,3.0,1.0,5.0,25.0,5.0,1.7204,72.656683,290.626733,1.663894,0.554631,0.030992,0.423576,1.0,1.0,13.763359,0.000954,0.423576,0.0,0.16943,0.0,0.423576,0.5,0.981818,0.448276,0.687373,0.151059,0.423576
шкафы-купе Москва,шкафы-купе,commercial,Москва,213,https://mosshkafkupe.ru/,mosshkafkupe.ru,1,0,,,homepage,ok,,100.0,32353.0,224586.0,4893.0,1131.0,0.23114653586756592,5.4402,332.0,14.738,75.0,2.0,18.0,11.0,30.0,1.0,148.0,1.0,305.0,0.0,0.0,0.0,77.0,3.0,1.0,0.666667,0.333333,8.0,0.666667,15.0,0.015737,1.0,478.0,151.0,200.0,43.0,5.0,93.0,18.6,65.24,97.690578,30.860413,40.874719,8.788065,0.144056,0.671406,1.0,1.0,10.236402,0.4,0.671406,0.447604,0.447604,0.444444,0.671406,0.8,0.0,0.0,0.524559,0.155193,0.671406
шкафы-купе Москва,шкафы-купе,commercial,Москва,213,https://mosshkafkupe.ru/,mosshkafkupe.ru,2,0,,,homepage,ok,,88.8889,32353.0,224586.0,4893.0,1131.0,0.23114653586756592,5.4402,332.0,14.738,75.0,2.0,18.0,11.0,30.0,1.0,148.0,1.0,305.0,0.0,0.0,0.0,77.0,3.0,1.0,0.666667,0.333333,8.0,0.666667,15.0,0.015737,1.0,478.0,151.0,200.0,43.0,5.0,93.0,18.6,65.24,97.690578,30.860413,40.874719,8.788065,0.144056,0.671406,1.0,1.0,10.236402,0.4,0.671406,0.447604,0.447604,0.444444,0.671406,0.8,0.0,0.0,0.524559,0.155193,0.671406
шкафы-купе Москва,шкафы-купе,commercial,Москва,213,https://mosshkafkupe.ru/,mosshkafkupe.ru,3,0,,,homepage,ok,,77.7778,32353.0,224086.0,4893.0,1131.0,0.23114653586756592,5.4402,332.0,14.738,75.0,2.0,18.0,11.0,30.0,1.0,148.0,1.0,305.0,0.0,0.0,0.0,77.0,3.0,1.0,0.666667,0.333333,8.0,0.666667,15.0,0.015737,1.0,478.0,151.0,200.0,43.0,5.0,93.0,18.6,65.24,97.690578,30.860413,40.874719,8.788065,0.144378,0.671406,1.0,1.0,10.236402,0.4,0.671406,0.447604,0.447604,0.444444,0.671406,0.8,0.0,0.0,0.524559,0.155193,0.671406
шкафы-купе Москва,шкафы-купе,commercial,Москва,213,https://mosshkafkupe.ru/,mosshkafkupe.ru,4,0,,,homepage,ok,,66.6667,32353.0,224586.0,4893.0,1131.0,0.23114653586756592,5.4402,332.0,14.738,75.0,2.0,18.0,11.0,30.0,1.0,148.0,1.0,305.0,0.0,0.0,0.0,77.0,3.0,1.0,0.666667,0.333333,8.0,0.666667,15.0,0.015737,1.0,478.0,151.0,200.0,43.0,5.0,93.0,18.6,65.24,97.690578,30.860413,40.874719,8.788065,0.144056,0.671406,1.0,1.0,10.236402,0.4,0.671406,0.447604,0.447604,0.444444,0.671406,0.8,0.0,0.0,0.524559,0.155193,0.671406
шкафы-купе Москва,шкафы-купе,commercial,Москва,213,https://www.shkaf-kupe.ru/,shkaf-kupe.ru,5,0,,,homepage,ok,,55.5556,16628.0,508175.0,2625.0,936.0,0.3565714285714286,5.0956,177.0,14.8305,26.0,1.0,5.0,7.0,13.0,1.0,98.0,1.0,165.0,0.0,0.0,0.0,95.0,2.0,0.0,0.666667,0.0,0.0,0.0,47.0,0.03619,1.0,582.0,446.0,263.0,14.0,4.0,8.0,2.0,100.9615,221.714286,169.904762,100.190476,5.333333,0.032721,0.580692,1.0,1.0,4.510309,0.5,0.580692,0.387128,0.0,0.0,0.580692,0.633333,0.218182,0.862069,0.793651,0.207058,0.580692
шкафы-купе Москва,шкафы-купе,commercial,Москва,213,https://www.shkaf-kupe.ru/,shkaf-kupe.ru,6,0,,,homepage,ok,,44.4444,16628.0,507869.0,2625.0,936.0,0.3565714285714286,5.0956,177.0,14.8305,26.0,1.0,5.0,7.0,13.0,1.0,98.0,1.0,165.0,0.0,0.0,0.0,95.0,2.0,0.0,0.666667,0.0,0.0,0.0,47.0,0.03619,1.0,582.0,446.0,263.0,14.0,4.0,8.0,2.0,100.9615,221.714286,169.904762,100.190476,5.333333,0.032741,0.580692,1.0,1.0,4.510309,0.5,0.580692,0.387128,0.0,0.0,0.580692,0.633333,0.218182,0.862069,0.793651,0.207058,0.580692
шкафы-купе Москва,шкафы-купе,commercial,Москва,213,https://www.shkaf-kupe.ru/,shkaf-kupe.ru,7,0,,,homepage,ok,,33.3333,16628.0,508199.0,2625.0,936.0,0.3565714285714286,5.0956,177.0,14.8305,26.0,1.0,5.0,7.0,13.0,1.0,98.0,1.0,165.0,0.0,0.0,0.0,95.0,2.0,0.0,0.666667,0.0,0.0,0.0,47.0,0.03619,1.0,582.0,446.0,263.0,14.0,4.0,8.0,2.0,100.9615,221.714286,169.904762,100.190476,5.333333,0.032719,0.580692,1.0,1.0,4.510309,0.5,0.580692,0.387128,0.0,0.0,0.580692,0.633333,0.218182,0.862069,0.793651,0.207058,0.580692
шкафы-купе Москва,шкафы-купе,commercial,Москва,213,https://www.shkaf-kupe.ru/,shkaf-kupe.ru,8,0,,,homepage,ok,,22.2222,16628.0,508135.0,2625.0,936.0,0.3565714285714286,5.0956,177.0,14.8305,26.0,1.0,5.0,7.0,13.0,1.0,98.0,1.0,165.0,0.0,0.0,0.0,95.0,2.0,0.0,0.666667,0.0,0.0,0.0,47.0,0.03619,1.0,582.0,446.0,263.0,14.0,4.0,8.0,2.0,100.9615,221.714286,169.904762,100.190476,5.333333,0.032724,0.580692,1.0,1.0,4.510309,0.5,0.580692,0.387128,0.0,0.0,0.580692,0.633333,0.218182,0.862069,0.793651,0.207058,0.580692
шкафы-купе Санкт-Петербург,шкафы-купе,commercial,Санкт-Петербург,2,https://kupehouse.ru/,kupehouse.ru,1,0,,,homepage,ok,,100.0,10940.0,566534.0,1598.0,687.0,0.42991239048811014,5.7078,82.0,19.4878,48.0,1.0,15.0,4.0,20.0,1.0,103.0,1.0,208.0,0.0,0.0,0.0,23.0,3.0,2.0,0.75,0.5,2.0,0.25,10.0,0.014393,1.0,195.0,112.0,70.0,18.0,0.0,29.0,0.0,33.2917,122.027534,70.08761,43.804756,11.26408,0.01931,0.559481,1.0,0.75,8.194872,0.416667,0.559481,0.419611,0.13987,0.1875,0.559481,0.725,0.127273,0.565517,0.479766,0.213535,0.419611
шкафы-купе Санкт-Петербург,шкафы-купе,commercial,Санкт-Петербург,2,https://www.cupe.spb.ru/,cupe.spb.ru,2,0,,,homepage,ok,,88.8889,2081.0,21101.0,289.0,193.0,0.6678200692041523,5.9792,25.0,11.56,12.0,1.0,0.0,1.0,2.0,1.0,58.0,0.0,0.0,0.0,0.0,0.0,16.0,2.0,0.0,0.5,0.0,2.0,0.5,12.0,0.055363,0.75,30.0,10.0,0.0,0.0,0.0,0.0,0.0,24.0833,103.806228,34.602076,0.0,0.0,0.098621,0.467926,1.0,0.25,9.633333,0.166667,0.350944,0.233963,0.233963,0.25,0.090154,0.6625,0.945455,0.0,0.115917,0.050172,0.116982
шкафы-купе Санкт-Петербург,шкафы-купе,commercial,Санкт-Петербург,2,https://www.kupenadom.ru/,kupenadom.ru,3,0,,,homepage,ok,,77.7778,31580.0,351750.0,4724.0,1247.0,0.26397121083827263,5.4515,246.0,19.2033,46.0,1.0,13.0,41.0,55.0,1.0,82.0,1.0,213.0,0.0,0.0,0.0,328.0,3.0,4.0,0.75,0.75,48.0,0.75,51.0,0.069433,0.75,319.0,144.0,313.0,248.0,4.0,121.0,30.25,102.6957,67.527519,30.482642,66.257409,52.497883,0.08978,0.495459,1.0,1.0,14.808777,1.195652,0.371594,0.371594,0.371594,0.5625,0.495459,0.8125,0.509091,0.531034,0.0,0.130787,0.495459
шкафы-купе Санкт-Петербург,шкафы-купе,commercial,Санкт-Петербург,2,https://spb.shkaf-kupe.ru/category/shkafy-kupe/,spb.shkaf-kupe.ru,4,0,,,category,ok,,66.6667,18617.0,638990.0,3202.0,749.0,0.2339163023110556,4.5515,164.0,19.5244,10.0,1.0,1.0,1.0,3.0,1.0,82.0,1.0,289.0,0.0,0.0,0.0,146.0,4.0,3.0,0.75,0.75,3.0,0.5,50.0,0.045597,1.0,795.0,461.0,212.0,14.0,2.0,52.0,26.0,320.2,248.282324,143.972517,66.20862,4.372267,0.029135,0.425481,1.0,1.0,4.027673,0.3,0.425481,0.319111,0.21274,0.375,0.425481,0.7875,0.509091,0.006897,0.480117,0.099527,0.425481
шкафы-купе Санкт-Петербург,шкафы-купе,commercial,Санкт-Петербург,2,https://www.spb.bestmebelshop.ru/catalog/shkafy-kupe/,spb.bestmebelshop.ru,5,0,,,product,ok,,55.5556,16907.0,883973.0,3014.0,770.0,0.25547445255474455,4.4094,167.0,18.0479,3.0,1.0,0.0,0.0,1.0,1.0,74.0,1.0,169.0,0.0,0.0,0.0,104.0,3.0,3.0,0.75,0.75,3.0,0.75,9.0,0.034506,1.0,475.0,345.0,186.0,2.0,4.0,158.0,39.5,1004.6667,157.597877,114.465826,61.712011,0.66357,0.019126,0.392404,1.0,1.0,6.345263,0.333333,0.392404,0.294303,0.294303,0.5625,0.392404,0.85,0.654545,0.834483,0.849812,0.100249,0.392404
шкафы-купе Санкт-Петербург,шкафы-купе,commercial,Санкт-Петербург,2,https://shkaf-v-spb.ru/shkaf-kupe-na-zakaz,shkaf-v-spb.ru,6,0,,,content,ok,,44.4444,35594.0,922134.0,4879.0,1697.0,0.3478171756507481,5.9961,446.0,10.9395,247.0,1.0,11.0,38.0,50.0,1.0,83.0,1.0,209.0,0.0,0.0,0.0,86.0,2.0,2.0,0.5,0.5,34.0,0.75,12.0,0.017627,0.75,66.0,102.0,34.0,187.0,4.0,86.0,21.5,19.753,13.527362,20.905923,6.968641,38.327526,0.0386,0.496572,1.0,1.0,73.924242,0.202429,0.372429,0.248286,0.372429,0.375,0.496572,0.725,0.490909,0.558621,0.440664,0.172716,0.496572
шкафы-купе Санкт-Петербург,шкафы-купе,commercial,Санкт-Петербург,2,https://spb.stolplit.ru/internet-magazin/katalog-mebeli/80-shkafy-kupe/,spb.stolplit.ru,7,0,,,content,ok,,33.3333,10703.0,2050979.0,1900.0,565.0,0.29736842105263156,4.3984,82.0,23.1707,12.0,1.0,1.0,0.0,2.0,1.0,46.0,1.0,125.0,0.0,0.0,0.0,66.0,3.0,2.0,0.75,0.5,4.0,0.75,24.0,0.034737,1.0,286.0,442.0,90.0,25.0,3.0,125.0,41.666667,158.3333,150.526316,232.631579,47.368421,13.157895,0.005218,0.402474,1.0,1.0,6.643357,0.166667,0.402474,0.301855,0.301855,0.5625,0.402474,0.85,0.836364,0.862069,0.842105,0.119683,0.402474
шкафы-купе Санкт-Петербург,шкафы-купе,commercial,Санкт-Петербург,2,http://www.shkaf-kupe-spb.ru/,shkaf-kupe-spb.ru,8,0,,,homepage,ok,,22.2222,2580.0,41756.0,346.0,224.0,0.6473988439306358,6.2341,24.0,14.4167,11.0,1.0,2.0,0.0,3.0,1.0,71.0,1.0,175.0,0.0,0.0,0.0,28.0,3.0,5.0,0.75,0.75,7.0,0.75,22.0,0.080925,0.75,39.0,12.0,18.0,0.0,1.0,3.0,3.0,31.4545,112.716763,34.682081,52.023121,0.0,0.061788,0.451589,1.0,1.0,8.871795,0.272727,0.338692,0.338692,0.338692,0.5625,0.104167,0.8125,0.709091,0.793103,0.0,0.056198,0.451589
шкафы-купе Санкт-Петербург,шкафы-купе,commercial,Санкт-Петербург,2,https://spb.shkafplus.ru/,spb.shkafplus.ru,9,0,,,homepage,ok,,11.1111,16098.0,89018.0,2171.0,1008.0,0.4643021649009673,6.1999,136.0,15.9632,17.0,1.0,16.0,3.0,20.0,1.0,116.0,1.0,230.0,0.0,0.0,0.0,79.0,3.0,2.0,0.75,0.5,10.0,0.5,13.0,0.036389,1.0,186.0,88.0,34.0,22.0,4.0,30.0,7.5,127.7059,85.674804,40.534316,15.660986,10.133579,0.18084,0.395494,1.0,1.0,11.672043,1.176471,0.395494,0.296621,0.197747,0.375,0.395494,0.7875,0.0,0.413793,0.787041,0.183629,0.395494
шкафы-купе Екатеринбург,шкафы-купе,commercial,Екатеринбург,54,https://kupi-kupe.ru/,kupi-kupe.ru,1,0,,,homepage,ok,,100.0,13939.0,8256341.0,2089.0,560.0,0.26807084729535663,5.5476,95.0,21.9895,22.0,2.0,9.0,0.0,11.0,1.0,81.0,1.0,191.0,0.0,0.0,0.0,201.0,3.0,3.0,0.666667,0.666667,2.0,0.666667,43.0,0.096218,1.0,291.0,174.0,196.0,0.0,9.0,71.0,7.888889,94.9545,139.301101,83.293442,93.824797,0.0,0.001688,0.393368,1.0,1.0,7.178694,0.5,0.393368,0.262245,0.262245,0.444444,0.393368,0.8,0.527273,0.682759,0.0,0.10545,0.393368
шкафы-купе Екатеринбург,шкафы-купе,commercial,Екатеринбург,54,https://kupeural.ru/,kupeural.ru,2,0,,,homepage,ok,,88.8889,12757.0,350303.0,1781.0,797.0,0.4475014037057833,5.959,117.0,15.2222,11.0,1.0,0.0,8.0,9.0,1.0,70.0,1.0,130.0,0.0,0.0,0.0,65.0,3.0,1.0,0.666667,0.333333,0.0,0.0,21.0,0.036496,1.0,257.0,64.0,131.0,1.0,3.0,39.0,13.0,161.9091,144.300955,35.934868,73.554183,0.561482,0.036417,0.574798,1.0,1.0,6.929961,0.818182,0.574798,0.383199,0.0,0.0,0.574798,0.633333,0.727273,0.896552,0.783455,0.254508,0.574798
шкафы-купе Екатеринбург,шкафы-купе,commercial,Екатеринбург,54,https://e-kupe.ru/,e-kupe.ru,5,0,,,homepage,ok,,55.5556,13580.0,834403.0,1825.0,761.0,0.41698630136986303,6.1858,125.0,14.6,21.0,1.0,5.0,6.0,12.0,1.0,76.0,1.0,263.0,0.0,0.0,0.0,70.0,0.0,2.0,0.0,0.666667,4.0,0.666667,41.0,0.038356,1.0,133.0,2370.0,72.0,2.0,1.0,4.0,4.0,86.9048,72.876712,1298.630137,39.452055,1.09589,0.016275,0.603379,1.0,1.0,13.721805,0.571429,0.603379,0.0,0.402253,0.0,0.603379,0.566667,0.618182,0.186207,0.721461,0.251601,0.603379
шкафы-купе Екатеринбург,шкафы-купе,commercial,Екатеринбург,54,http://ekb.kupicupe.ru/,ekb.kupicupe.ru,6,0,,,homepage,ok,,44.4444,14140.0,57187.0,1981.0,984.0,0.4967188288743059,5.9218,190.0,10.4263,36.0,2.0,2.0,0.0,4.0,1.0,27.0,1.0,280.0,0.0,0.0,0.0,47.0,2.0,2.0,0.666667,0.333333,4.0,0.666667,10.0,0.023725,1.0,21.0,42.0,4.0,42.0,8.0,40.0,5.0,55.0278,10.600707,21.201413,2.019182,21.201413,0.247259,0.526981,1.0,1.0,94.333333,0.111111,0.526981,0.351321,0.351321,0.444444,0.526981,0.8,0.490909,0.068966,0.790846,0.261761,0.526981
шкафы-купе Екатеринбург,шкафы-купе,commercial,Екатеринбург,54,https://ekat.steklodom.com/mebel-na-zakaz/shkafy/,ekat.steklodom.com,7,0,,,content,ok,,33.3333,30652.0,1527698.0,4831.0,1371.0,0.28379217553301594,4.9576,169.0,28.5858,17.0,1.0,6.0,1.0,7.0,1.0,90.0,1.0,184.0,0.0,0.0,0.0,30.0,1.0,1.0,0.333333,0.333333,2.0,0.666667,8.0,0.00621,1.0,268.0,337.0,876.0,2.0,8.0,62.0,7.75,284.1765,55.475057,69.757814,181.328917,0.413993,0.020064,0.421021,1.0,1.0,18.026119,0.411765,0.421021,0.14034,0.280681,0.222222,0.421021,0.683333,0.363636,0.731034,0.206996,0.119482,0.421021
шкафы-купе Екатеринбург,шкафы-купе,commercial,Екатеринбург,54,https://ekbkupe.ru/,ekbkupe.ru,8,0,,,homepage,ok,,22.2222,18837.0,429158.0,2616.0,834.0,0.31880733944954126,5.9859,186.0,14.0645,93.0,1.0,28.0,50.0,79.0,1.0,164.0,1.0,250.0,0.0,0.0,0.0,95.0,2.0,4.0,0.666667,0.666667,5.0,0.666667,32.0,0.036315,1.0,376.0,117.0,161.0,149.0,3.0,34.0,11.333333,28.129,143.730887,44.724771,61.544343,56.957187,0.043893,0.594082,1.0,1.0,6.957447,0.849462,0.594082,0.396055,0.396055,0.444444,0.594082,0.8,0.0,0.275862,0.789501,0.189398,0.594082
шкафы-купе Екатеринбург,шкафы-купе,commercial,Екатеринбург,54,https://shkaf-kupeekb.ru/,shkaf-kupeekb.ru,9,0,,,homepage,ok,,11.1111,14445.0,311086.0,2104.0,929.0,0.44153992395437264,5.4434,173.0,12.1618,47.0,1.0,7.0,15.0,23.0,1.0,67.0,1.0,185.0,0.0,0.0,0.0,32.0,1.0,0.0,0.333333,0.0,1.0,0.333333,9.0,0.015209,1.0,288.0,211.0,98.0,86.0,0.0,0.0,0.0,44.766,136.882129,100.285171,46.577947,40.874525,0.046434,0.563355,1.0,0.5,7.305556,0.489362,0.563355,0.187785,0.187785,0.111111,0.563355,0.6,0.781818,0.724138,0.506971,0.248744,0.281678
шкафы-купе Екатеринбург,шкафы-купе,commercial,Екатеринбург,54,https://td-komandor.ru/,td-komandor.ru,10,0,,,homepage,ok,,0.0,35593.0,2347709.0,4939.0,1639.0,0.33184855233853006,6.0107,227.0,21.7577,20.0,28.0,1.0,27.0,56.0,1.0,95.0,1.0,202.0,0.0,0.0,0.0,90.0,0.0,3.0,0.0,0.666667,12.0,0.666667,10.0,0.018222,1.0,289.0,5.0,222.0,0.0,9.0,86.0,9.555556,246.95,58.513869,1.012351,44.94837,0.0,0.015161,0.55383,1.0,1.0,17.089965,2.8,0.55383,0.0,0.36922,0.0,0.55383,0.566667,0.272727,0.606897,0.60741,0.183788,0.55383
шкафы-купе Новосибирск,шкафы-купе,commercial,Новосибирск,65,https://4nozhki.ru/tovari/shkafi-kupe/novosibirsk/,4nozhki.ru,2,0,,,content,ok,,88.8889,32.0,15175.0,4.0,4.0,1.0,6.75,1.0,4.0,4.0,0.0,0.0,0.0,0.0,0.0,0.0,0.0,0.0,0.0,0.0,0.0,0.0,0.0,0.0,0.0,0.0,0.0,0.0,0.0,0.0,0.0,1.0,1.0,0.0,0.0,0.0,0.0,0.0,1.0,250.0,250.0,0.0,0.0,0.002109,0.212028,0.0,0.25,4.0,0.0,0.0,0.0,0.0,0.0,0.000565,0.0,0.0,0.0,0.0,0.000471,0.053007
шкафы-купе Новосибирск,шкафы-купе,commercial,Новосибирск,65,https://shkaf-kupe-novosibirsk.ru/,shkaf-kupe-novosibirsk.ru,3,0,,,homepage,ok,,77.7778,22453.0,483838.0,3157.0,1375.0,0.4355400696864111,5.8838,262.0,12.0496,72.0,1.0,23.0,0.0,24.0,1.0,94.0,1.0,162.0,0.0,0.0,0.0,83.0,2.0,1.0,0.666667,0.333333,5.0,0.666667,9.0,0.026291,0.666667,113.0,70.0,113.0,110.0,3.0,57.0,19.0,43.8472,35.793475,22.172949,35.793475,34.843206,0.046406,0.575074,1.0,1.0,27.938053,0.333333,0.383383,0.383383,0.383383,0.444444,0.575074,0.75,0.290909,0.882759,0.58424,0.250468,0.575074
шкафы-купе Новосибирск,шкафы-купе,commercial,Новосибирск,65,https://www.avito.ru/novosibirsk/mebel_i_interer/shkafy_komodyi_stellazhi/shkafy_i_bufety-ASgBAgICAkRaqAK2xg2~4D0?q=шкафы+купе,avito.ru,4,0,,,content,ok,,66.6667,947.0,32654.0,133.0,90.0,0.6766917293233082,5.8421,12.0,11.0833,11.0,0.0,1.0,0.0,1.0,1.0,31.0,0.0,0.0,0.0,0.0,0.0,0.0,0.0,0.0,0.0,0.0,0.0,0.0,0.0,0.0,0.0,1.0,1.0,0.0,1.0,1.0,2.0,2.0,12.0909,7.518797,7.518797,0.0,7.518797,0.029001,0.020398,0.0,0.75,133.0,0.090909,0.0,0.0,0.0,0.0,0.001809,0.0,0.563636,0.0,0.0,0.00102,0.015298
шкафы-купе Новосибирск,шкафы-купе,commercial,Новосибирск,65,https://mebelny95.ru/novosibirsk/shkafy/shkafy-kupe,mebelny95.ru,5,0,,,content,ok,,55.5556,11942.0,289120.0,1629.0,890.0,0.5463474524248005,6.2443,13.0,125.3077,1.0,1.0,1.0,0.0,2.0,1.0,116.0,1.0,283.0,0.0,0.0,0.0,70.0,2.0,4.0,0.666667,0.666667,2.0,0.666667,17.0,0.042971,1.0,881.0,50.0,370.0,28.0,4.0,11.0,2.75,1629.0,540.822591,30.693677,227.133211,17.188459,0.041305,0.351328,1.0,1.0,1.849035,2.0,0.351328,0.234219,0.234219,0.444444,0.351328,0.8,0.0,0.048276,0.567628,0.173712,0.351328
шкафы-купе Новосибирск,шкафы-купе,commercial,Новосибирск,65,http://www.shkaf54.ru/,shkaf54.ru,6,0,,,homepage,ok,,44.4444,13111.0,135706.0,2104.0,593.0,0.2818441064638783,5.0908,78.0,26.9744,112.0,1.0,12.0,5.0,18.0,1.0,43.0,1.0,103.0,0.0,0.0,0.0,32.0,2.0,2.0,0.666667,0.666667,4.0,0.666667,19.0,0.015209,0.666667,186.0,112.0,63.0,99.0,4.0,17.0,4.25,18.7857,88.403042,53.231939,29.942966,47.053232,0.096613,0.427917,1.0,1.0,11.311828,0.160714,0.285278,0.285278,0.285278,0.444444,0.427917,0.75,0.781818,0.710345,0.337981,0.120606,0.427917
шкафы-купе Новосибирск,шкафы-купе,commercial,Новосибирск,65,https://shkafnsk.ru/shkafy-kupe/,shkafnsk.ru,7,0,,,content,ok,,33.3333,12565.0,285961.0,1950.0,832.0,0.4266666666666667,5.1472,104.0,18.75,49.0,1.0,7.0,17.0,25.0,1.0,62.0,1.0,145.0,0.0,0.0,0.0,77.0,2.0,2.0,0.666667,0.666667,6.0,0.666667,13.0,0.039487,1.0,286.0,175.0,70.0,33.0,0.0,0.0,0.0,39.7959,146.666667,89.74359,35.897436,16.923077,0.04394,0.473522,1.0,0.5,6.818182,0.510204,0.473522,0.315681,0.315681,0.444444,0.473522,0.8,0.872727,1.0,0.683761,0.202036,0.236761
шкафы-купе Новосибирск,шкафы-купе,commercial,Новосибирск,65,https://artic-mebel.ru/catalog/shkafy-kupe/,artic-mebel.ru,8,0,,,product,ok,,22.2222,2899.0,191744.0,414.0,223.0,0.538647342995169,5.686,44.0,9.4091,11.0,0.0,18.0,5.0,22.0,1.0,60.0,1.0,156.0,0.0,0.0,0.0,20.0,2.0,2.0,0.666667,0.333333,8.0,0.666667,9.0,0.048309,0.666667,51.0,13.0,15.0,0.0,0.0,0.0,0.0,37.6364,123.188406,31.400966,36.231884,0.0,0.015119,0.473737,1.0,0.5,8.117647,2.0,0.315825,0.315825,0.315825,0.444444,0.130751,0.75,0.909091,0.924138,0.259796,0.058691,0.236869
шкафы-купе Новосибирск,шкафы-купе,commercial,Новосибирск,65,https://www.kuhni-nsk.ru/catalog/shkafy_kupe/,kuhni-nsk.ru,9,0,,,product,ok,,11.1111,6122.0,86123.0,918.0,477.0,0.5196078431372549,5.4869,50.0,18.36,3.0,1.0,1.0,0.0,2.0,1.0,85.0,1.0,164.0,0.0,0.0,0.0,37.0,3.0,3.0,0.666667,0.333333,4.0,0.666667,11.0,0.040305,1.0,134.0,23.0,110.0,3.0,7.0,42.0,6.0,306.0,145.969499,25.054466,119.825708,3.267974,0.071084,0.501397,1.0,1.0,6.850746,0.666667,0.501397,0.334265,0.334265,0.444444,0.306855,0.8,0.454545,0.868966,0.6565,0.13287,0.501397
шкафы-купе Новосибирск,шкафы-купе,commercial,Новосибирск,65,https://54-mebel.ru/shkafi-i-stellagi/shkafi-kupe/,54-mebel.ru,10,0,,,content,ok,,0.0,97076.0,563936.0,12226.0,1429.0,0.11688205463765745,5.3322,487.0,25.1047,17.0,1.0,2.0,0.0,3.0,1.0,66.0,1.0,193.0,0.0,0.0,0.0,135.0,2.0,1.0,0.666667,0.333333,3.0,0.666667,4.0,0.011042,1.0,718.0,133.0,562.0,81.0,1.0,139.0,139.0,719.1765,58.727302,10.878456,45.96761,6.625225,0.17214,0.468746,1.0,1.0,17.027855,0.176471,0.468746,0.312497,0.312497,0.444444,0.468746,0.8,0.8,0.668966,0.368068,0.054788,0.468746
шкафы-купе Казань,шкафы-купе,commercial,Казань,43,https://kupeshki.ru/,kupeshki.ru,1,0,,,homepage,ok,,100.0,2862.0,36962.0,428.0,222.0,0.5186915887850467,5.4322,25.0,17.12,29.0,1.0,8.0,9.0,18.0,1.0,54.0,1.0,239.0,0.0,0.0,0.0,39.0,3.0,2.0,1.0,0.666667,11.0,1.0,19.0,0.091121,1.0,36.0,1.0,41.0,1.0,0.0,0.0,0.0,14.7586,84.11215,2.336449,95.794393,2.336449,0.077431,0.454953,1.0,0.5,11.888889,0.62069,0.454953,0.454953,0.454953,1.0,0.129813,1.0,0.981818,0.351724,0.0,0.056111,0.227476
шкафы-купе Казань,шкафы-купе,commercial,Казань,43,https://kazan.inmyroom.ru/products/mebel/shkafy/shkafy-kupe,kazan.inmyroom.ru,2,0,,,product,ok,,88.8889,12700.0,1272411.0,2036.0,720.0,0.35363457760314343,5.056,52.0,39.1538,6.0,1.0,2.0,0.0,3.0,1.0,70.0,1.0,4281.0,0.0,0.0,0.0,134.0,1.0,1.0,0.333333,0.333333,6.0,0.666667,3.0,0.065815,1.0,384.0,98.0,35.0,5.0,2.0,17.0,8.5,339.3333,188.605108,48.133595,17.19057,2.455796,0.009981,0.534375,1.0,1.0,5.302083,0.5,0.534375,0.178125,0.35625,0.222222,0.534375,0.683333,0.727273,0.0,0.0,0.188973,0.534375
шкафы-купе Казань,шкафы-купе,commercial,Казань,43,https://yandex.ru/maps/org/kazanshkafkupe/175636391831/,yandex.ru,4,0,,,content,ok,,66.6667,3346.0,832866.0,500.0,313.0,0.626,5.486,23.0,21.7391,1.0,1.0,6.0,3.0,10.0,1.0,76.0,1.0,241.0,0.0,1.0,1.0,16.0,3.0,3.0,1.0,1.0,0.0,0.0,13.0,0.032,1.0,63.0,35.0,0.0,0.0,0.0,0.0,0.0,500.0,126.0,70.0,0.0,0.0,0.004017,0.215294,1.0,0.25,7.936508,10.0,0.215294,0.215294,0.0,0.0,0.071765,0.75,0.618182,0.337931,0.933333,0.037437,0.053824
шкафы-купе Казань,шкафы-купе,commercial,Казань,43,https://kazanshkafkupe.ru/,kazanshkafkupe.ru,5,0,,,homepage,ok,,55.5556,5581.0,180262.0,824.0,356.0,0.4320388349514563,5.6262,38.0,21.6842,52.0,1.0,5.0,14.0,20.0,1.0,69.0,1.0,145.0,0.0,0.0,0.0,98.0,2.0,4.0,0.666667,0.666667,22.0,0.666667,18.0,0.118932,1.0,41.0,61.0,30.0,6.0,2.0,84.0,42.0,15.8462,49.757282,74.029126,36.407767,7.281553,0.03096,0.372413,1.0,1.0,20.097561,0.384615,0.372413,0.248275,0.248275,0.444444,0.204579,0.8,0.745455,1.0,0.0,0.073655,0.372413
шкафы-купе Казань,шкафы-купе,commercial,Казань,43,https://tempstyle.ru/,tempstyle.ru,7,0,,,homepage,ok,,33.3333,10317.0,511373.0,1452.0,665.0,0.45798898071625344,5.9511,58.0,25.0345,29.0,1.0,109.0,4.0,114.0,1.0,31.0,0.0,0.0,0.0,0.0,0.0,55.0,2.0,0.0,0.666667,0.0,4.0,0.666667,2.0,0.037879,1.0,290.0,165.0,144.0,16.0,1.0,12.0,12.0,50.069,199.724518,113.636364,99.173554,11.019284,0.020175,0.249506,0.666667,1.0,5.006897,3.931034,0.249506,0.166337,0.166337,0.444444,0.241522,0.716667,0.563636,0.0,0.737374,0.092179,0.249506
шкафы-купе Казань,шкафы-купе,commercial,Казань,43,https://mebeldan.ru/catalog/shkafy-kupe/,mebeldan.ru,8,0,,,product,ok,,22.2222,13340.0,126314.0,1915.0,996.0,0.5201044386422976,5.7661,168.0,11.3988,21.0,1.0,2.0,19.0,22.0,1.0,86.0,1.0,161.0,0.0,0.0,0.0,60.0,3.0,2.0,0.666667,0.333333,4.0,0.666667,26.0,0.031332,1.0,139.0,59.0,100.0,0.0,7.0,112.0,16.0,91.1905,72.584856,30.809399,52.219321,0.0,0.10561,0.444708,1.0,1.0,13.776978,1.047619,0.444708,0.296472,0.296472,0.444444,0.444708,0.8,0.436364,0.889655,0.955614,0.231295,0.444708
шкафы-купе Казань,шкафы-купе,commercial,Казань,43,https://armadiomebel.ru/,armadiomebel.ru,9,0,,,homepage,ok,,11.1111,4861.0,185978.0,677.0,361.0,0.5332348596750369,5.9601,38.0,17.8158,1.0,0.0,0.0,0.0,0.0,1.0,65.0,1.0,165.0,0.0,0.0,0.0,22.0,1.0,2.0,0.333333,0.666667,0.0,0.0,14.0,0.032496,1.0,58.0,10.0,88.0,17.0,3.0,25.0,8.333333,677.0,85.672083,14.771049,129.985229,25.110783,0.026138,0.410564,1.0,1.0,11.672414,0.0,0.410564,0.136855,0.0,0.0,0.185301,0.516667,0.818182,0.862069,0.91679,0.082341,0.410564
шкафы-купе Казань,шкафы-купе,commercial,Казань,43,https://kazan.jsprav.ru/proizvodstvo-i-prodazha-shkafov-kupe/,kazan.jsprav.ru,10,0,,,content,ok,,0.0,7261.0,231552.0,1078.0,422.0,0.3914656771799629,5.4054,104.0,10.3654,1.0,1.0,0.0,0.0,1.0,1.0,87.0,1.0,165.0,0.0,0.0,0.0,76.0,2.0,2.0,0.666667,0.666667,2.0,0.666667,11.0,0.070501,1.0,168.0,4.0,80.0,0.0,1.0,1.0,1.0,1078.0,155.844156,3.710575,74.211503,0.0,0.031358,0.253055,1.0,1.0,6.416667,1.0,0.253055,0.168703,0.168703,0.444444,0.181862,0.8,0.418182,0.862069,0.0,0.059327,0.253055
шкафы-купе Краснодар,шкафы-купе,commercial,Краснодар,35,https://www.avito.ru/krasnodar/mebel_i_interer/shkafy_komodyi_stellazhi-ASgBAgICAURaqAI?q=шкаф+купе,avito.ru,1,0,,,content,ok,,100.0,947.0,32650.0,133.0,90.0,0.6766917293233082,5.8421,12.0,11.0833,11.0,0.0,1.0,0.0,1.0,1.0,31.0,0.0,0.0,0.0,0.0,0.0,0.0,0.0,0.0,0.0,0.0,0.0,0.0,0.0,0.0,0.0,1.0,1.0,0.0,1.0,1.0,2.0,2.0,12.0909,7.518797,7.518797,0.0,7.518797,0.029005,0.009425,0.0,0.75,133.0,0.090909,0.0,0.0,0.0,0.0,0.000836,0.0,0.563636,0.0,0.0,0.000471,0.007069
шкафы-купе Краснодар,шкафы-купе,commercial,Краснодар,35,https://bigmebel-krasnodar.ru/shkafy-kupe/,bigmebel-krasnodar.ru,3,0,,,content,ok,,77.7778,56781.0,2780284.0,8530.0,2336.0,0.2738569753810082,5.5086,372.0,22.9301,146.0,1.0,0.0,1.0,2.0,1.0,73.0,1.0,191.0,0.0,0.0,0.0,174.0,2.0,4.0,0.666667,0.666667,3.0,0.666667,9.0,0.020399,1.0,475.0,734.0,290.0,112.0,8.0,269.0,33.625,58.4247,55.685815,86.049238,33.997655,13.130129,0.020423,0.238287,1.0,1.0,17.957895,0.013699,0.238287,0.158858,0.158858,0.444444,0.238287,0.8,0.672727,0.682759,0.679953,0.065257,0.238287
шкафы-купе Краснодар,шкафы-купе,commercial,Краснодар,35,https://4nozhki.ru/tovari/shkafi-kupe/krasnodar/,4nozhki.ru,4,0,,,content,ok,,66.6667,32.0,15177.0,4.0,4.0,1.0,6.75,1.0,4.0,4.0,0.0,0.0,0.0,0.0,0.0,0.0,0.0,0.0,0.0,0.0,0.0,0.0,0.0,0.0,0.0,0.0,0.0,0.0,0.0,0.0,0.0,1.0,1.0,0.0,0.0,0.0,0.0,0.0,1.0,250.0,250.0,0.0,0.0,0.002108,0.357217,0.0,0.25,4.0,0.0,0.0,0.0,0.0,0.0,0.000953,0.0,0.0,0.0,0.0,0.000794,0.089304
шкафы-купе Краснодар,шкафы-купе,commercial,Краснодар,35,https://mebelpik.ru/shop/shkafy-kupe/,mebelpik.ru,5,0,,,product,ok,,55.5556,15786.0,551698.0,2350.0,526.0,0.22382978723404257,5.5855,67.0,35.0746,18.0,1.0,0.0,28.0,29.0,1.0,76.0,1.0,136.0,0.0,0.0,0.0,107.0,1.0,2.0,0.333333,0.666667,26.0,0.666667,4.0,0.045532,1.0,625.0,54.0,530.0,67.0,8.0,44.0,5.5,130.5556,265.957447,22.978723,225.531915,28.510638,0.028613,0.321169,1.0,1.0,3.76,1.611111,0.321169,0.107056,0.214113,0.222222,0.321169,0.683333,0.618182,0.937931,0.48227,0.071887,0.321169
шкафы-купе Краснодар,шкафы-купе,commercial,Краснодар,35,https://buzz-mebel.ru/,buzz-mebel.ru,6,0,,,homepage,ok,,44.4444,11139.0,236820.0,1620.0,633.0,0.3907407407407407,5.663,100.0,16.2,22.0,1.0,11.0,4.0,16.0,1.0,63.0,1.0,172.0,0.0,0.0,0.0,23.0,0.0,3.0,0.0,0.666667,0.0,0.0,12.0,0.014198,1.0,187.0,54.0,112.0,18.0,11.0,49.0,4.454545,73.6364,115.432099,33.333333,69.135802,11.111111,0.047036,0.272516,1.0,1.0,8.663102,0.727273,0.272516,0.0,0.0,0.0,0.272516,0.4,0.854545,0.813793,0.473251,0.095835,0.272516
шкафы-купе Краснодар,шкафы-купе,commercial,Краснодар,35,https://shkaf-krasnodar.ru/,shkaf-krasnodar.ru,7,0,,,homepage,ok,,33.3333,7316.0,94329.0,1165.0,507.0,0.4351931330472103,5.0678,65.0,17.9231,158.0,1.0,0.0,0.0,1.0,1.0,77.0,1.0,118.0,0.0,0.0,0.0,16.0,1.0,0.0,0.333333,0.0,0.0,0.0,8.0,0.013734,1.0,221.0,109.0,186.0,2.0,1.0,22.0,22.0,7.3734,189.699571,93.562232,159.656652,1.716738,0.077558,0.440822,1.0,1.0,5.271493,0.006329,0.440822,0.146941,0.0,0.0,0.342372,0.516667,0.6,0.813793,0.457797,0.124165,0.440822
шкафы-купе Краснодар,шкафы-купе,commercial,Краснодар,35,https://krasnodar-matrassia.ru/catalog/shkafy-kupe,krasnodar-matrassia.ru,8,0,,,product,ok,,22.2222,16502.0,274782.0,2615.0,671.0,0.25659655831739964,5.1304,54.0,48.4259,10.0,1.0,2.0,2.0,5.0,1.0,55.0,1.0,262.0,0.0,0.0,0.0,211.0,1.0,2.0,0.333333,0.666667,2.0,0.666667,2.0,0.080688,1.0,717.0,30.0,701.0,6.0,27.0,164.0,6.074074,261.5,274.18738,11.472275,268.068834,2.294455,0.060055,0.492067,0.666667,1.0,3.647141,0.5,0.492067,0.164022,0.328045,0.222222,0.492067,0.6,1.0,0.193103,0.0,0.126263,0.492067
шкафы-купе Краснодар,шкафы-купе,commercial,Краснодар,35,https://shkafkupe-krd.ru/,shkafkupe-krd.ru,9,0,,,homepage,ok,,11.1111,15262.0,220496.0,2108.0,1050.0,0.4981024667931689,5.9203,153.0,13.7778,106.0,1.0,8.0,21.0,30.0,1.0,69.0,1.0,174.0,0.0,0.0,0.0,47.0,2.0,1.0,0.666667,0.333333,2.0,0.666667,7.0,0.022296,1.0,616.0,188.0,79.0,121.0,0.0,0.0,0.0,19.8868,292.220114,89.184061,37.476281,57.40038,0.069217,0.215569,1.0,0.5,3.422078,0.283019,0.215569,0.143713,0.143713,0.444444,0.215569,0.8,0.745455,0.8,0.743201,0.107375,0.107785
шкафы-купе Краснодар,шкафы-купе,commercial,Краснодар,35,https://kalenich-home.ru/shkafy_kupe/,kalenich-home.ru,10,0,,,content,ok,,0.0,15131.0,745404.0,2263.0,708.0,0.31285903667697745,5.4414,46.0,49.1957,30.0,1.0,6.0,2.0,9.0,1.0,72.0,1.0,184.0,0.0,0.0,0.0,116.0,2.0,2.0,0.666667,0.666667,13.0,0.666667,3.0,0.051259,0.666667,276.0,68.0,254.0,4.0,3.0,59.0,19.666667,75.4333,121.961997,30.048608,112.240389,1.767565,0.020299,0.189479,1.0,1.0,8.199275,0.3,0.126319,0.126319,0.126319,0.444444,0.189479,0.75,0.690909,0.731034,0.194236,0.05928,0.189479
шкафы-купе Самара,шкафы-купе,commercial,Самара,51,https://www.avito.ru/samara?q=шкаф+купе,avito.ru,2,0,,,content,ok,,88.8889,947.0,32654.0,133.0,90.0,0.6766917293233082,5.8421,12.0,11.0833,11.0,0.0,1.0,0.0,1.0,1.0,31.0,0.0,0.0,0.0,0.0,0.0,0.0,0.0,0.0,0.0,0.0,0.0,0.0,0.0,0.0,0.0,1.0,1.0,0.0,1.0,1.0,2.0,2.0,12.0909,7.518797,7.518797,0.0,7.518797,0.029001,0.046514,0.0,0.75,133.0,0.090909,0.0,0.0,0.0,0.0,0.004124,0.0,0.563636,0.0,0.0,0.002326,0.034885
шкафы-купе Самара,шкафы-купе,commercial,Самара,51,https://sam-mebel.ru/,sam-mebel.ru,3,0,,,homepage,ok,,77.7778,30303.0,807000.0,4344.0,763.0,0.17564456721915286,5.788,254.0,17.1024,66.0,1.0,3.0,0.0,4.0,1.0,51.0,1.0,200.0,0.0,0.0,0.0,170.0,2.0,5.0,0.666667,0.666667,8.0,0.666667,13.0,0.039134,1.0,88.0,63.0,0.0,22.0,31.0,124.0,4.0,65.8182,20.257827,14.502762,0.0,5.064457,0.03755,0.512098,1.0,0.75,49.363636,0.060606,0.512098,0.341399,0.341399,0.444444,0.512098,0.8,0.927273,0.62069,0.695519,0.089947,0.384074
шкафы-купе Самара,шкафы-купе,commercial,Самара,51,https://samara.nonton.ru/mebel/shkafy/shkafy-kupe/,samara.nonton.ru,4,0,,,content,ok,,66.6667,26942.0,2504131.0,4361.0,721.0,0.1653290529695024,5.0392,56.0,77.875,5.0,1.0,0.0,0.0,1.0,1.0,50.0,1.0,185.0,0.0,0.0,0.0,742.0,2.0,1.0,0.666667,0.333333,2.0,0.666667,17.0,0.170144,1.0,1208.0,226.0,186.0,7.0,4.0,154.0,38.5,872.2,277.000688,51.822976,42.650768,1.605136,0.010759,0.42619,1.0,1.0,3.610099,0.2,0.42619,0.284127,0.284127,0.444444,0.42619,0.8,0.909091,0.724138,0.0,0.070462,0.42619
шкафы-купе Самара,шкафы-купе,commercial,Самара,51,https://yandex.ru/maps/51/samara/category/closets/184107887/,yandex.ru,5,0,,,category,ok,,55.5556,1445.0,1157786.0,232.0,124.0,0.5344827586206896,5.069,12.0,19.3333,1.0,1.0,0.0,0.0,1.0,1.0,74.0,1.0,171.0,0.0,0.0,0.0,11.0,4.0,2.0,0.666667,0.666667,2.0,0.666667,11.0,0.047414,1.0,43.0,24.0,7.0,0.0,1.0,1.0,1.0,232.0,185.344828,103.448276,30.172414,0.0,0.001248,0.554544,1.0,1.0,5.395349,1.0,0.554544,0.369696,0.369696,0.444444,0.085769,0.8,0.654545,0.82069,0.41954,0.038202,0.554544
шкафы-купе Самара,шкафы-купе,commercial,Самара,51,https://mebeldom63.ru/cat/shkafyi/shkafy-kupe/,mebeldom63.ru,6,0,,,content,ok,,44.4444,9511.0,170552.0,1490.0,495.0,0.33221476510067116,5.0826,158.0,9.4304,65.0,1.0,42.0,3.0,46.0,1.0,49.0,1.0,151.0,0.0,0.0,0.0,62.0,1.0,1.0,0.333333,0.333333,43.0,0.666667,13.0,0.041611,1.0,181.0,47.0,92.0,2.0,2.0,20.0,10.0,22.9231,121.47651,31.543624,61.744966,1.342282,0.055766,0.519774,1.0,1.0,8.232044,0.707692,0.519774,0.173258,0.346516,0.222222,0.516309,0.683333,0.890909,0.958621,0.612975,0.142938,0.519774
шкафы-купе Самара,шкафы-купе,commercial,Самара,51,https://bigmebel-samara.ru/shkafy-kupe/,bigmebel-samara.ru,7,0,,,content,ok,,33.3333,56605.0,2774809.0,8519.0,2332.0,0.2737410494189459,5.496,371.0,22.9623,146.0,1.0,0.0,1.0,2.0,1.0,69.0,1.0,187.0,0.0,0.0,0.0,173.0,2.0,4.0,0.666667,0.666667,3.0,0.666667,9.0,0.020308,1.0,475.0,736.0,290.0,112.0,8.0,269.0,33.625,58.3493,55.757718,86.395117,34.041554,13.147083,0.0204,0.543181,1.0,1.0,17.934737,0.013699,0.543181,0.362121,0.362121,0.444444,0.543181,0.8,0.745455,0.710345,0.676918,0.148691,0.543181
шкафы-купе Самара,шкафы-купе,commercial,Самара,51,https://fabrikasamara.ru/shkafy-kupe,fabrikasamara.ru,9,0,,,content,ok,,11.1111,4303.0,144324.0,585.0,359.0,0.6136752136752137,6.1299,38.0,15.3947,32.0,1.0,1.0,0.0,2.0,1.0,55.0,1.0,248.0,0.0,0.0,0.0,36.0,2.0,2.0,0.666667,0.666667,3.0,0.666667,11.0,0.061538,1.0,53.0,36.0,72.0,4.0,1.0,4.0,4.0,18.2812,90.598291,61.538462,123.076923,6.837607,0.029815,0.484816,1.0,1.0,11.037736,0.0625,0.484816,0.323211,0.323211,0.444444,0.189078,0.8,1.0,0.289655,0.0,0.096694,0.484816
шкафы-купе Самара,шкафы-купе,commercial,Самара,51,https://www.e-1.ru/,e-1.ru,10,0,,,homepage,ok,,0.0,7882.0,307332.0,1217.0,582.0,0.4782251437962202,5.1668,75.0,16.2267,15.0,1.0,5.0,13.0,19.0,1.0,73.0,1.0,183.0,0.0,0.0,0.0,19.0,2.0,1.0,0.666667,0.333333,3.0,0.666667,5.0,0.015612,1.0,175.0,106.0,20.0,0.0,1.0,4.0,4.0,81.1333,143.79622,87.099425,16.433854,0.0,0.025647,0.306999,1.0,1.0,6.954286,1.266667,0.306999,0.204666,0.204666,0.444444,0.249079,0.8,0.672727,0.737931,0.520405,0.099263,0.306999
шкафы-купе Нижний Новгород,шкафы-купе,commercial,Нижний Новгород,47,https://shkaf-nnov.ru/,shkaf-nnov.ru,1,0,,,homepage,ok,,100.0,5961.0,57493.0,841.0,476.0,0.5659928656361475,5.7907,70.0,12.0143,25.0,1.0,3.0,0.0,3.0,1.0,73.0,0.0,0.0,0.0,0.0,0.0,28.0,4.0,0.0,1.0,0.0,2.0,0.5,5.0,0.033294,1.0,81.0,26.0,44.0,5.0,1.0,7.0,7.0,33.64,96.313912,30.915577,52.318668,5.945303,0.103682,0.19552,1.0,1.0,10.382716,0.12,0.19552,0.19552,0.09776,0.5,0.109622,0.875,0.672727,0.0,0.89021,0.051704,0.19552
шкафы-купе Нижний Новгород,шкафы-купе,commercial,Нижний Новгород,47,https://kupe52.ru/,kupe52.ru,2,0,,,homepage,ok,,88.8889,3968.0,29849.0,561.0,308.0,0.5490196078431373,5.8859,34.0,16.5,25.0,1.0,0.0,1.0,2.0,1.0,99.0,1.0,174.0,0.0,0.0,0.0,52.0,2.0,1.0,0.5,0.25,2.0,0.5,25.0,0.092692,1.0,73.0,22.0,0.0,16.0,0.0,0.0,0.0,22.44,130.124777,39.215686,0.0,28.520499,0.132936,0.498641,1.0,0.25,7.684932,0.08,0.498641,0.249321,0.249321,0.25,0.186492,0.7,0.2,0.8,0.0,0.085323,0.12466
шкафы-купе Нижний Новгород,шкафы-купе,commercial,Нижний Новгород,47,https://mastershkaf-nn.ru/,mastershkaf-nn.ru,3,0,,,homepage,ok,,77.7778,15464.0,313887.0,2252.0,988.0,0.43872113676731794,5.4605,193.0,11.6684,50.0,1.0,7.0,15.0,23.0,1.0,70.0,1.0,191.0,0.0,0.0,0.0,41.0,1.0,0.0,0.25,0.0,1.0,0.25,9.0,0.018206,1.0,287.0,211.0,98.0,86.0,0.0,0.0,0.0,45.04,127.442274,93.694494,43.516874,38.188277,0.049266,0.319672,1.0,0.5,7.84669,0.46,0.319672,0.079918,0.079918,0.0625,0.319672,0.55,0.727273,0.682759,0.606868,0.140247,0.159836
шкафы-купе Нижний Новгород,шкафы-купе,commercial,Нижний Новгород,47,https://mprofnn.ru/,mprofnn.ru,4,0,,,homepage,ok,,66.6667,1133.0,20827.0,178.0,103.0,0.5786516853932584,5.1742,10.0,17.8,11.0,1.0,1.0,2.0,4.0,1.0,29.0,1.0,27.0,0.0,0.0,0.0,36.0,2.0,2.0,0.5,0.5,4.0,0.5,36.0,0.202247,1.0,29.0,9.0,14.0,3.0,0.0,0.0,0.0,16.1818,162.921348,50.561798,78.651685,16.853933,0.054401,0.278066,1.0,0.5,6.137931,0.363636,0.278066,0.139033,0.139033,0.25,0.032997,0.7,0.527273,0.186207,0.0,0.015912,0.139033
шкафы-купе Нижний Новгород,шкафы-купе,commercial,Нижний Новгород,47,https://nizhnij-novgorod.jsprav.ru/proizvodstvo-i-prodazha-shkafov-kupe/,nizhnij-novgorod.jsprav.ru,6,0,,,content,ok,,44.4444,8538.0,251126.0,1241.0,431.0,0.34730056406124094,5.5745,113.0,10.9823,1.0,1.0,0.0,0.0,1.0,1.0,97.0,1.0,175.0,0.0,0.0,0.0,107.0,2.0,2.0,0.5,0.5,2.0,0.5,18.0,0.086221,1.0,168.0,4.0,80.0,0.0,1.0,1.0,1.0,1241.0,135.374698,3.223207,64.464142,0.0,0.033999,0.268025,1.0,1.0,7.386905,1.0,0.268025,0.134013,0.134013,0.25,0.221746,0.7,0.236364,0.793103,0.0,0.064177,0.268025
шкафы-купе Нижний Новгород,шкафы-купе,commercial,Нижний Новгород,47,https://nn.stolplit.ru/internet-magazin/katalog-mebeli/80-shkafy-kupe/,nn.stolplit.ru,7,0,,,content,ok,,33.3333,10692.0,2028432.0,1902.0,570.0,0.2996845425867508,4.3812,83.0,22.9157,13.0,1.0,1.0,0.0,2.0,1.0,81.0,1.0,210.0,0.0,0.0,0.0,65.0,4.0,4.0,0.5,0.5,3.0,0.5,19.0,0.034175,1.0,282.0,428.0,91.0,24.0,3.0,121.0,40.333333,146.3077,148.264984,225.026288,47.844374,12.618297,0.005271,0.43117,1.0,1.0,6.744681,0.153846,0.43117,0.215585,0.215585,0.25,0.43117,0.7,0.527273,0.551724,0.860848,0.129215,0.43117
шкафы-купе Нижний Новгород,шкафы-купе,commercial,Нижний Новгород,47,https://nizhnovgorod.aristo.ru/,nizhnovgorod.aristo.ru,8,0,,,homepage,ok,,22.2222,20057.0,1265673.0,2736.0,755.0,0.27595029239766083,6.1407,113.0,24.2124,21.0,3.0,6.0,16.0,25.0,1.0,102.0,1.0,217.0,0.0,0.0,0.0,69.0,5.0,2.0,1.0,0.5,2.0,0.5,19.0,0.025219,1.0,515.0,43.0,16.0,3.0,7.0,36.0,5.142857,130.2857,188.230994,15.716374,5.847953,1.096491,0.015847,0.464212,1.0,1.0,5.312621,1.190476,0.464212,0.464212,0.232106,0.5,0.464212,0.875,0.145455,0.503448,0.840643,0.128099,0.464212
шкафы-купе Нижний Новгород,шкафы-купе,commercial,Нижний Новгород,47,https://nizhniy-novgorod.marya.ru/catalog/shkafi/kupe/,nizhniy-novgorod.marya.ru,9,0,,,product,ok,,11.1111,25647.0,815941.0,3523.0,1082.0,0.30712460970763555,6.1655,132.0,26.6894,136.0,1.0,4.0,0.0,5.0,1.0,97.0,1.0,192.0,0.0,0.0,0.0,75.0,3.0,2.0,0.5,0.5,7.0,1.0,4.0,0.021289,1.0,395.0,2.0,458.0,5.0,6.0,49.0,8.166667,25.9044,112.120352,0.567698,130.002838,1.419245,0.031432,0.446005,1.0,1.0,8.918987,0.036765,0.446005,0.223002,0.446005,0.5,0.446005,0.825,0.236364,0.675862,0.709622,0.136979,0.446005
шкафы-купе Нижний Новгород,шкафы-купе,commercial,Нижний Новгород,47,https://vk.com/wall-161849953_881,vk.com,10,0,,,content,ok,,0.0,1261.0,489713.0,179.0,139.0,0.776536312849162,5.7933,7.0,25.5714,1.0,0.0,0.0,0.0,0.0,1.0,107.0,1.0,68.0,0.0,0.0,0.0,13.0,4.0,1.0,1.0,0.25,0.0,0.0,13.0,0.072626,1.0,22.0,18.0,11.0,99.0,0.0,1.0,0.0,179.0,122.905028,100.558659,61.452514,553.072626,0.002575,0.488961,1.0,0.75,8.136364,0.0,0.488961,0.488961,0.0,0.0,0.058349,0.75,0.054545,0.468966,0.0,0.037759,0.366721
ремонт квартир Москва,ремонт квартир,commercial,Москва,213,https://www.remontprofi.ru/remont-kvartir-pod-klyuch/,remontprofi.ru,1,0,,,content,ok,,100.0,20052.0,200058.0,2795.0,1180.0,0.4221824686940966,5.9925,214.0,13.0607,61.0,1.0,7.0,10.0,18.0,1.0,78.0,1.0,199.0,0.0,0.0,0.0,63.0,2.0,2.0,0.666667,0.666667,8.0,0.666667,12.0,0.02254,1.0,404.0,124.0,224.0,10.0,5.0,39.0,7.8,45.8197,144.543828,44.364937,80.143113,3.577818,0.100231,0.593146,1.0,1.0,6.918317,0.295082,0.593146,0.395431,0.395431,0.444444,0.593146,0.8,0.581818,0.627586,0.751342,0.250416,0.593146
ремонт квартир Москва,ремонт квартир,commercial,Москва,213,https://www.avito.ru/moskva/predlozheniya_uslug?q=ремонт+квартир,avito.ru,2,0,,,content,ok,,88.8889,946.0,32649.0,133.0,90.0,0.6766917293233082,5.8346,12.0,11.0833,11.0,0.0,1.0,0.0,1.0,1.0,31.0,0.0,0.0,0.0,0.0,0.0,0.0,0.0,0.0,0.0,0.0,0.0,0.0,0.0,0.0,0.0,1.0,1.0,0.0,1.0,1.0,2.0,2.0,12.0909,7.518797,7.518797,0.0,7.518797,0.028975,0.117424,0.0,0.75,133.0,0.090909,0.0,0.0,0.0,0.0,0.010412,0.0,0.563636,0.0,0.0,0.005871,0.088068
ремонт квартир Москва,ремонт квартир,commercial,Москва,213,https://proff-remont.ru/,proff-remont.ru,3,0,,,homepage,ok,,77.7778,44130.0,729308.0,6138.0,1895.0,0.308732486151841,5.8876,471.0,13.0318,34.0,1.0,17.0,13.0,31.0,1.0,72.0,1.0,211.0,0.0,0.0,0.0,114.0,2.0,1.0,0.666667,0.333333,17.0,0.666667,35.0,0.018573,1.0,288.0,114.0,126.0,1.0,6.0,57.0,9.5,180.5294,46.920821,18.572825,20.527859,0.16292,0.060509,0.788745,1.0,1.0,21.3125,0.911765,0.788745,0.52583,0.52583,0.444444,0.788745,0.8,0.690909,0.544828,0.619094,0.243511,0.788745
ремонт квартир Москва,ремонт квартир,commercial,Москва,213,https://art-remont.ru/services/remont-kvartir-pod-klyuch,art-remont.ru,4,0,,,category,ok,,66.6667,10385.0,96199.0,1511.0,706.0,0.4672402382528127,5.7002,102.0,14.8137,37.0,1.0,4.0,7.0,12.0,1.0,51.0,1.0,267.0,0.0,0.0,0.0,69.0,2.0,2.0,0.666667,0.666667,9.0,0.666667,32.0,0.045665,1.0,119.0,89.0,83.0,0.0,7.0,65.0,9.285714,40.8378,78.755791,58.90139,54.93051,0.0,0.107953,0.792342,1.0,1.0,12.697479,0.324324,0.792342,0.528228,0.528228,0.444444,0.792342,0.8,0.927273,0.158621,0.477829,0.310774,0.792342
ремонт квартир Москва,ремонт квартир,commercial,Москва,213,https://mastera-remonta.com/,mastera-remonta.com,5,0,,,homepage,ok,,55.5556,27629.0,910410.0,3799.0,1293.0,0.3403527244011582,6.1427,150.0,25.3267,136.0,1.0,12.0,0.0,13.0,1.0,52.0,1.0,166.0,0.0,0.0,0.0,68.0,2.0,3.0,0.666667,0.666667,4.0,0.666667,15.0,0.017899,1.0,462.0,219.0,445.0,83.0,22.0,233.0,10.590909,27.9338,121.61095,57.646749,117.136088,21.847855,0.030348,0.678681,1.0,1.0,8.222944,0.095588,0.678681,0.452454,0.452454,0.444444,0.678681,0.8,0.945455,0.855172,0.596648,0.230991,0.678681
ремонт квартир Москва,ремонт квартир,commercial,Москва,213,https://larsson.pro/,larsson.pro,6,0,,,homepage,ok,,44.4444,134258.0,1588316.0,18952.0,3861.0,0.20372520050654286,5.9142,1062.0,17.8456,1105.0,1.0,58.0,428.0,484.0,1.0,40.0,1.0,145.0,0.0,0.0,0.0,183.0,3.0,2.0,1.0,0.666667,14.0,0.666667,43.0,0.009656,1.0,836.0,1141.0,468.0,15.0,49.0,407.0,8.306122,17.1511,44.111439,60.204728,24.693964,0.791473,0.084529,0.542841,1.0,1.0,22.669856,0.438009,0.542841,0.542841,0.361894,0.666667,0.542841,0.916667,0.727273,1.0,0.321866,0.11059,0.542841
ремонт квартир Москва,ремонт квартир,commercial,Москва,213,https://uslugi.yandex.ru/213-moscow/category?text=ремонт+квартир,uslugi.yandex.ru,7,0,,,category,ok,,33.3333,18341.0,3523870.0,2536.0,953.0,0.375788643533123,6.0252,199.0,12.7437,1.0,1.0,0.0,6.0,7.0,1.0,80.0,1.0,133.0,0.0,0.0,0.0,87.0,2.0,2.0,0.666667,0.666667,3.0,0.666667,7.0,0.034306,1.0,131.0,17.0,6.0,0.0,0.0,2.0,0.0,2536.0,51.656151,6.70347,2.365931,0.0,0.005205,0.757767,1.0,0.75,19.358779,7.0,0.757767,0.505178,0.505178,0.444444,0.757767,0.8,0.545455,0.917241,0.856467,0.28476,0.568325
ремонт квартир Москва,ремонт квартир,commercial,Москва,213,https://profi.ru/remont/remont-kvartir/,profi.ru,8,0,,,content,ok,,22.2222,55614.0,1053289.0,7922.0,2352.0,0.2968947235546579,5.7518,829.0,9.5561,577.0,1.0,7.0,30.0,38.0,1.0,89.0,1.0,220.0,0.0,0.0,0.0,288.0,2.0,2.0,0.666667,0.666667,6.0,0.666667,18.0,0.036354,1.0,174.0,104.0,27.0,0.0,0.0,1.0,0.0,13.7296,21.96415,13.127998,3.40823,0.0,0.0528,0.69948,1.0,0.75,45.528736,0.065858,0.69948,0.46632,0.46632,0.444444,0.69948,0.8,0.381818,0.482759,0.788185,0.207672,0.52461
ремонт квартир Москва,ремонт квартир,commercial,Москва,213,https://domprofi24.ru/,domprofi24.ru,10,0,,,homepage,ok,,0.0,77757.0,438589.0,11210.0,3174.0,0.28314005352363963,5.7497,1089.0,10.2938,130.0,1.0,17.0,16.0,34.0,1.0,73.0,1.0,155.0,0.0,0.0,0.0,274.0,2.0,2.0,0.666667,0.666667,17.0,0.666667,6.0,0.024442,1.0,160.0,80.0,55.0,13.0,10.0,126.0,12.6,86.2308,14.272971,7.136485,4.906334,1.159679,0.177289,0.74818,1.0,1.0,70.0625,0.261538,0.74818,0.498787,0.498787,0.444444,0.74818,0.8,0.672727,0.931034,0.814749,0.21184,0.74818
ремонт квартир Санкт-Петербург,ремонт квартир,commercial,Санкт-Петербург,2,https://remont.spb.ru/,remont.spb.ru,1,0,,,homepage,ok,,100.0,43692.0,470087.0,6365.0,1834.0,0.28813825608798116,5.6773,623.0,10.2167,287.0,1.0,16.0,0.0,17.0,1.0,68.0,1.0,892.0,0.0,0.0,0.0,136.0,3.0,7.0,0.75,0.75,6.0,0.75,27.0,0.021367,0.75,510.0,503.0,283.0,205.0,10.0,119.0,11.9,22.1777,80.125687,79.025923,44.461901,32.207384,0.092944,0.492303,1.0,1.0,12.480392,0.059233,0.369227,0.369227,0.369227,0.5625,0.492303,0.8125,0.763636,0.0,0.534171,0.141851,0.492303
ремонт квартир Санкт-Петербург,ремонт квартир,commercial,Санкт-Петербург,2,https://remontvspb.ru/,remontvspb.ru,2,0,,,homepage,ok,,88.8889,16149.0,1930777.0,2294.0,921.0,0.4014821272885789,5.8749,82.0,27.9756,31.0,1.0,21.0,15.0,37.0,1.0,90.0,1.0,203.0,0.0,0.0,0.0,78.0,3.0,0.0,0.75,0.0,15.0,0.75,34.0,0.034002,0.75,197.0,302.0,171.0,4.0,6.0,70.0,11.666667,74.0,85.876199,131.647777,74.542284,1.743679,0.008364,0.62748,1.0,1.0,11.64467,1.193548,0.47061,0.47061,0.47061,0.5625,0.62748,0.8125,0.363636,0.6,0.649956,0.251922,0.62748
ремонт квартир Санкт-Петербург,ремонт квартир,commercial,Санкт-Петербург,2,https://uslugi.yandex.ru/2-saint-petersburg/category/remont-i-stroitelstvo/remont-kvartir-i-domov--1816,uslugi.yandex.ru,3,0,,,category,ok,,77.7778,9986.0,1775272.0,1472.0,495.0,0.33627717391304346,5.5815,121.0,12.1653,1.0,0.0,0.0,6.0,6.0,1.0,134.0,1.0,195.0,0.0,0.0,0.0,143.0,3.0,3.0,0.75,0.75,0.0,0.0,11.0,0.097147,1.0,152.0,20.0,7.0,0.0,0.0,2.0,0.0,1472.0,103.26087,13.586957,4.755435,0.0,0.005625,0.620869,1.0,0.75,9.684211,6.0,0.620869,0.465652,0.0,0.0,0.609279,0.6625,0.0,0.655172,0.0,0.170739,0.465652
ремонт квартир Санкт-Петербург,ремонт квартир,commercial,Санкт-Петербург,2,https://pro.petrovich.ru/,pro.petrovich.ru,4,0,,,homepage,ok,,66.6667,10068.0,324199.0,1381.0,558.0,0.4040550325850833,6.1586,92.0,15.0109,42.0,2.0,2.0,1.0,5.0,1.0,101.0,1.0,159.0,0.0,0.0,0.0,58.0,1.0,2.0,0.25,0.5,2.0,0.25,12.0,0.041999,0.75,236.0,78.0,106.0,1.0,2.0,10.0,5.0,32.881,170.890659,56.480811,76.755974,0.724113,0.031055,0.344797,1.0,1.0,5.851695,0.119048,0.258598,0.086199,0.086199,0.0625,0.317443,0.5125,0.163636,0.903448,0.450036,0.106887,0.344797
ремонт квартир Санкт-Петербург,ремонт квартир,commercial,Санкт-Петербург,2,https://restroymaster.ru/,restroymaster.ru,5,0,,,homepage,ok,,55.5556,15259.0,188293.0,2257.0,996.0,0.4412937527691626,5.58,182.0,12.4011,45.0,1.0,16.0,1.0,18.0,1.0,68.0,1.0,186.0,0.0,0.0,0.0,68.0,3.0,4.0,0.75,0.75,3.0,0.5,16.0,0.030128,1.0,117.0,101.0,55.0,0.0,13.0,72.0,5.538462,50.1556,51.838724,44.749668,24.368631,0.0,0.081039,0.654523,1.0,1.0,19.290598,0.4,0.654523,0.490892,0.327261,0.375,0.654523,0.7875,0.763636,0.717241,0.995717,0.288837,0.654523
ремонт квартир Санкт-Петербург,ремонт квартир,commercial,Санкт-Петербург,2,https://vc.ru/life/2792273-35-luchshih-kompaniy-po-remontu-kvartir-v-sankt-peterburge,vc.ru,6,0,,,content,ok,,44.4444,50078.0,768613.0,7436.0,2403.0,0.3231576116191501,5.461,642.0,11.5826,189.0,1.0,9.0,33.0,43.0,1.0,91.0,1.0,128.0,0.0,0.0,0.0,212.0,2.0,3.0,0.5,0.75,59.0,0.75,7.0,0.02851,0.75,183.0,209.0,209.0,212.0,0.0,0.0,0.0,39.3439,24.610005,28.106509,28.106509,28.509952,0.065154,0.576339,1.0,0.5,40.63388,0.227513,0.432254,0.28817,0.432254,0.375,0.576339,0.725,0.345455,0.882759,0.712749,0.186248,0.28817
ремонт квартир Санкт-Петербург,ремонт квартир,commercial,Санкт-Петербург,2,https://profi.ru/geo-spb/remont/remont-kvartir/,profi.ru,7,0,,,content,ok,,33.3333,54588.0,1115337.0,7799.0,2302.0,0.2951660469290935,5.7328,780.0,9.9987,576.0,1.0,6.0,30.0,37.0,1.0,99.0,1.0,285.0,0.0,0.0,0.0,292.0,3.0,3.0,0.75,0.75,6.0,0.75,17.0,0.037441,0.75,172.0,111.0,27.0,0.0,0.0,1.0,0.0,13.5399,22.05411,14.232594,3.461982,0.0,0.048943,0.483567,1.0,0.75,45.343023,0.064236,0.362675,0.362675,0.362675,0.5625,0.483567,0.8125,0.2,0.034483,0.563983,0.142733,0.362675
ремонт квартир Санкт-Петербург,ремонт квартир,commercial,Санкт-Петербург,2,https://www.klerk.ru/blogs/rossijskij-souz-dizajnerov/655338/,klerk.ru,8,0,,,article,ok,,22.2222,52396.0,3780150.0,7303.0,2367.0,0.3241133780638094,5.8837,510.0,14.3196,644.0,1.0,16.0,56.0,73.0,1.0,95.0,1.0,229.0,0.0,0.0,0.0,152.0,2.0,2.0,0.5,0.5,21.0,0.75,2.0,0.020813,1.0,506.0,120.0,247.0,445.0,1.0,99.0,99.0,11.3401,69.286595,16.431603,33.821717,60.933863,0.013861,0.581354,0.5,1.0,14.432806,0.113354,0.581354,0.290677,0.436016,0.375,0.581354,0.6375,0.272727,0.42069,0.693779,0.188425,0.581354
ремонт квартир Санкт-Петербург,ремонт квартир,commercial,Санкт-Петербург,2,https://remstart.ru/,remstart.ru,9,0,,,homepage,ok,,11.1111,26319.0,430732.0,3680.0,925.0,0.2513586956521739,5.9568,300.0,12.2667,100.0,1.0,11.0,0.0,12.0,1.0,62.0,1.0,182.0,0.0,0.0,0.0,303.0,3.0,1.0,0.75,0.25,9.0,0.75,23.0,0.082337,0.75,1215.0,196.0,1059.0,0.0,0.0,0.0,0.0,36.8,330.163043,53.26087,287.771739,0.0,0.061103,0.606933,1.0,0.5,3.028807,0.12,0.4552,0.4552,0.4552,0.5625,0.606933,0.8125,0.872727,0.744828,0.0,0.152558,0.303466
ремонт квартир Санкт-Петербург,ремонт квартир,commercial,Санкт-Петербург,2,https://www.avito.ru/sankt-peterburg/predlozheniya_uslug/remont_i_otdelka-ASgBAgICAUSYC8CfAQ?q=ремонт+квартир,avito.ru,10,0,,,content,ok,,0.0,947.0,32654.0,133.0,90.0,0.6766917293233082,5.8421,12.0,11.0833,11.0,0.0,1.0,0.0,1.0,1.0,31.0,0.0,0.0,0.0,0.0,0.0,0.0,0.0,0.0,0.0,0.0,0.0,0.0,0.0,0.0,0.0,1.0,1.0,0.0,1.0,1.0,2.0,2.0,12.0909,7.518797,7.518797,0.0,7.518797,0.029001,0.112082,0.0,0.75,133.0,0.090909,0.0,0.0,0.0,0.0,0.009938,0.0,0.563636,0.0,0.0,0.005604,0.084061
ремонт квартир Екатеринбург,ремонт квартир,commercial,Екатеринбург,54,https://uslugi.yandex.ru/54-yekaterinburg/category/remont-i-stroitelstvo/remont-kvartir-i-domov--1816,uslugi.yandex.ru,2,0,,,category,ok,,88.8889,9319.0,2244813.0,1331.0,496.0,0.37265214124718254,5.7926,85.0,15.6588,1.0,0.0,0.0,1.0,1.0,1.0,131.0,1.0,193.0,0.0,0.0,0.0,101.0,2.0,2.0,0.666667,0.666667,0.0,0.0,11.0,0.075883,1.0,147.0,20.0,7.0,0.0,0.0,2.0,0.0,1331.0,110.443276,15.026296,5.259204,0.0,0.004151,0.600536,1.0,0.75,9.054422,1.0,0.600536,0.400357,0.0,0.0,0.532876,0.633333,0.0,0.668966,0.0,0.165481,0.450402
ремонт квартир Екатеринбург,ремонт квартир,commercial,Екатеринбург,54,https://remonty-ekb.ru/price/,remonty-ekb.ru,3,0,,,content,ok,,77.7778,18456.0,77238.0,2832.0,775.0,0.2736581920903955,5.3468,281.0,10.0783,15.0,1.0,0.0,0.0,1.0,1.0,100.0,1.0,155.0,0.0,0.0,0.0,33.0,2.0,2.0,0.666667,0.666667,2.0,0.666667,21.0,0.011653,1.0,133.0,40.0,81.0,0.0,2.0,8.0,4.0,188.8,46.963277,14.124294,28.601695,0.0,0.23895,0.63173,1.0,1.0,21.293233,0.066667,0.63173,0.421153,0.421153,0.444444,0.63173,0.8,0.181818,0.931034,0.388418,0.172878,0.63173
ремонт квартир Екатеринбург,ремонт квартир,commercial,Екатеринбург,54,https://www.avito.ru/ekaterinburg/predlozheniya_uslug/remont_i_otdelka/remont_kvartir_i_domov_pod_klyuch-ASgBAgICAkSYC8CfAcQVwPUB,avito.ru,4,0,,,content,ok,,66.6667,946.0,32649.0,133.0,90.0,0.6766917293233082,5.8346,12.0,11.0833,11.0,0.0,1.0,0.0,1.0,1.0,31.0,0.0,0.0,0.0,0.0,0.0,0.0,0.0,0.0,0.0,0.0,0.0,0.0,0.0,0.0,0.0,1.0,1.0,0.0,1.0,1.0,2.0,2.0,12.0909,7.518797,7.518797,0.0,7.518797,0.028975,0.108989,0.0,0.75,133.0,0.090909,0.0,0.0,0.0,0.0,0.009664,0.0,0.563636,0.0,0.0,0.005449,0.081742
ремонт квартир Екатеринбург,ремонт квартир,commercial,Екатеринбург,54,https://printsipremonta.ru/,printsipremonta.ru,5,0,,,homepage,ok,,55.5556,18397.0,453883.0,2543.0,958.0,0.37672040896578846,6.0704,188.0,13.5266,28.0,1.0,15.0,4.0,20.0,1.0,67.0,1.0,264.0,0.0,0.0,0.0,76.0,2.0,2.0,0.666667,0.666667,7.0,0.666667,16.0,0.029886,1.0,269.0,77.0,166.0,3.0,4.0,34.0,8.5,90.8214,105.780574,30.279198,65.277232,1.179709,0.040532,0.666275,1.0,1.0,9.453532,0.714286,0.666275,0.444183,0.444183,0.444444,0.666275,0.8,0.781818,0.17931,0.996199,0.250999,0.666275
ремонт квартир Екатеринбург,ремонт квартир,commercial,Екатеринбург,54,https://ekb.metrygroup.ru/,ekb.metrygroup.ru,6,0,,,homepage,ok,,44.4444,20530.0,232245.0,2851.0,1154.0,0.4047702560505086,6.0203,169.0,16.8698,161.0,1.0,14.0,16.0,31.0,1.0,57.0,1.0,228.0,0.0,0.0,0.0,43.0,2.0,2.0,0.666667,0.666667,9.0,0.666667,10.0,0.015082,1.0,65.0,98.0,112.0,0.0,3.0,12.0,4.0,17.7081,22.799018,34.373904,39.284462,0.0,0.088398,0.573424,1.0,1.0,43.861538,0.192547,0.573424,0.382283,0.382283,0.444444,0.573424,0.8,0.963636,0.427586,0.502748,0.232105,0.573424
ремонт квартир Екатеринбург,ремонт квартир,commercial,Екатеринбург,54,https://ekaterinburg.proff-remont.ru/,ekaterinburg.proff-remont.ru,7,0,,,homepage,ok,,33.3333,45079.0,739651.0,6262.0,1944.0,0.3104439476205685,5.8972,483.0,12.9648,34.0,1.0,17.0,13.0,31.0,1.0,79.0,1.0,220.0,0.0,0.0,0.0,114.0,2.0,1.0,0.666667,0.333333,17.0,0.666667,35.0,0.018205,1.0,293.0,119.0,126.0,1.0,6.0,57.0,9.5,184.1765,46.790163,19.003513,20.121367,0.159693,0.060946,0.681305,1.0,1.0,21.372014,0.911765,0.681305,0.454203,0.454203,0.444444,0.681305,0.8,0.563636,0.482759,0.606835,0.211507,0.681305
ремонт квартир Екатеринбург,ремонт квартир,commercial,Екатеринбург,54,https://sokora-remont.ru/,sokora-remont.ru,8,0,,,homepage,ok,,22.2222,16503.0,909058.0,2160.0,1021.0,0.4726851851851852,6.4963,113.0,19.115,15.0,1.0,1.0,0.0,1.0,1.0,57.0,1.0,156.0,0.0,0.0,0.0,86.0,2.0,0.0,0.666667,0.0,1.0,0.333333,11.0,0.039815,1.0,212.0,28.0,160.0,0.0,4.0,22.0,5.5,144.0,98.148148,12.962963,74.074074,0.0,0.018154,0.697945,1.0,1.0,10.188679,0.066667,0.697945,0.465297,0.232648,0.222222,0.697945,0.716667,0.963636,0.924138,0.67284,0.329908,0.697945
ремонт квартир Екатеринбург,ремонт квартир,commercial,Екатеринбург,54,https://ekb-goodremont.com/,ekb-goodremont.com,9,0,,,homepage,ok,,11.1111,30459.0,378276.0,4504.0,893.0,0.19826820603907638,5.635,330.0,13.6485,12.0,1.0,12.0,23.0,36.0,1.0,77.0,1.0,158.0,0.0,0.0,0.0,187.0,3.0,5.0,0.666667,1.0,24.0,0.666667,40.0,0.041519,1.0,138.0,84.0,124.0,38.0,10.0,43.0,4.3,375.3333,30.639432,18.650089,27.531083,8.436945,0.080521,0.424189,1.0,1.0,32.637681,3.0,0.424189,0.282793,0.282793,0.444444,0.424189,0.8,0.6,0.910345,0.616045,0.084103,0.424189
ремонт квартир Екатеринбург,ремонт квартир,commercial,Екатеринбург,54,https://profi.ru/geo-ekt/remont/remont-kvartir/,profi.ru,10,0,,,content,ok,,0.0,45804.0,989678.0,6564.0,1994.0,0.30377818403412554,5.7113,686.0,9.5685,534.0,1.0,7.0,30.0,38.0,1.0,95.0,1.0,282.0,0.0,1.0,1.0,271.0,2.0,2.0,0.666667,0.666667,4.0,0.666667,17.0,0.041286,1.0,182.0,103.0,27.0,0.0,0.0,1.0,0.0,12.2921,27.726996,15.691651,4.113346,0.0,0.046282,0.566539,1.0,0.75,36.065934,0.071161,0.566539,0.377693,0.377693,0.444444,0.566539,0.8,0.272727,0.055172,0.623807,0.172102,0.424904
ремонт квартир Новосибирск,ремонт квартир,commercial,Новосибирск,65,https://stroikaveka54.ru/,stroikaveka54.ru,1,0,,,homepage,ok,,100.0,17289.0,477200.0,2385.0,867.0,0.3635220125786163,5.9987,177.0,13.4746,105.0,1.0,10.0,7.0,18.0,1.0,53.0,1.0,124.0,0.0,0.0,0.0,63.0,2.0,2.0,0.666667,0.666667,9.0,0.666667,31.0,0.026415,1.0,146.0,21.0,133.0,8.0,13.0,259.0,19.923077,22.7143,61.215933,8.805031,55.765199,3.354298,0.03623,0.578182,1.0,1.0,16.335616,0.171429,0.578182,0.385455,0.385455,0.444444,0.578182,0.8,0.963636,0.855172,0.880503,0.210182,0.578182
ремонт квартир Новосибирск,ремонт квартир,commercial,Новосибирск,65,https://nsk.proff-remont.ru/,nsk.proff-remont.ru,2,0,,,homepage,ok,,88.8889,44762.0,733567.0,6213.0,1912.0,0.3077418316433285,5.9023,475.0,13.08,34.0,1.0,17.0,13.0,31.0,1.0,78.0,1.0,220.0,0.0,0.0,0.0,115.0,2.0,1.0,0.666667,0.333333,17.0,0.666667,35.0,0.01851,1.0,286.0,112.0,124.0,1.0,6.0,57.0,9.5,182.7353,46.032512,18.026718,19.958152,0.160953,0.06102,0.650543,1.0,1.0,21.723776,0.911765,0.650543,0.433695,0.433695,0.444444,0.650543,0.8,0.581818,0.482759,0.616986,0.200199,0.650543
ремонт квартир Новосибирск,ремонт квартир,commercial,Новосибирск,65,https://www.avito.ru/novosibirsk/predlozheniya_uslug/remont_i_otdelka/remont_kvartir_i_domov_pod_klyuch-ASgBAgICAkSYC8CfAcQVwPUB,avito.ru,3,0,,,content,ok,,77.7778,946.0,32653.0,133.0,90.0,0.6766917293233082,5.8346,12.0,11.0833,11.0,0.0,1.0,0.0,1.0,1.0,31.0,0.0,0.0,0.0,0.0,0.0,0.0,0.0,0.0,0.0,0.0,0.0,0.0,0.0,0.0,0.0,1.0,1.0,0.0,1.0,1.0,2.0,2.0,12.0909,7.518797,7.518797,0.0,7.518797,0.028971,0.09397,0.0,0.75,133.0,0.090909,0.0,0.0,0.0,0.0,0.008332,0.0,0.563636,0.0,0.0,0.004698,0.070477
ремонт квартир Новосибирск,ремонт квартир,commercial,Новосибирск,65,https://newera54.ru/,newera54.ru,4,0,,,homepage,ok,,66.6667,51675.0,369615.0,7602.0,2063.0,0.27137595369639567,5.6221,713.0,10.662,198.0,1.0,73.0,134.0,208.0,1.0,69.0,1.0,222.0,0.0,0.0,0.0,122.0,2.0,3.0,0.666667,0.666667,17.0,0.666667,7.0,0.016048,1.0,135.0,41.0,27.0,47.0,9.0,41.0,4.555556,38.3939,17.758485,5.393318,3.551697,6.182584,0.139808,0.585449,1.0,1.0,56.311111,1.050505,0.585449,0.390299,0.390299,0.444444,0.585449,0.8,0.745455,0.468966,0.534947,0.158877,0.585449
ремонт квартир Новосибирск,ремонт квартир,commercial,Новосибирск,65,https://gostremont54.ru/,gostremont54.ru,5,0,,,homepage,ok,,55.5556,24495.0,543924.0,4080.0,1145.0,0.2806372549019608,4.8392,432.0,9.4444,6.0,1.0,15.0,16.0,32.0,1.0,55.0,1.0,182.0,0.0,0.0,0.0,94.0,3.0,4.0,0.666667,0.666667,8.0,0.666667,30.0,0.023039,1.0,192.0,69.0,190.0,4.0,5.0,28.0,5.6,680.0,47.058824,16.911765,46.568627,0.980392,0.045034,0.457283,1.0,1.0,21.25,5.333333,0.457283,0.304855,0.304855,0.444444,0.457283,0.8,1.0,0.744828,0.767974,0.128331,0.457283
ремонт квартир Новосибирск,ремонт квартир,commercial,Новосибирск,65,https://uslugi.yandex.ru/65-novosibirsk/category/remont-i-stroitelstvo/remont-kvartir-i-domov--1816,uslugi.yandex.ru,6,0,,,category,ok,,44.4444,7526.0,1622596.0,1078.0,395.0,0.36641929499072357,5.782,83.0,12.988,1.0,0.0,0.0,3.0,3.0,1.0,130.0,1.0,191.0,0.0,0.0,0.0,101.0,2.0,2.0,0.666667,0.666667,0.0,0.0,11.0,0.093692,1.0,151.0,20.0,7.0,0.0,0.0,2.0,0.0,1078.0,140.074212,18.552876,6.493506,0.0,0.004638,0.623141,1.0,0.75,7.139073,3.0,0.623141,0.415427,0.0,0.0,0.447831,0.633333,0.0,0.682759,0.0,0.136745,0.467356
ремонт квартир Новосибирск,ремонт квартир,commercial,Новосибирск,65,https://kremonta.ru/,kremonta.ru,7,0,,,homepage,ok,,33.3333,19483.0,511006.0,2940.0,1200.0,0.40816326530612246,5.3663,227.0,12.9515,133.0,1.0,7.0,27.0,35.0,1.0,59.0,1.0,157.0,0.0,0.0,0.0,49.0,2.0,3.0,0.666667,0.666667,8.0,0.666667,7.0,0.016667,1.0,114.0,51.0,36.0,2.0,8.0,80.0,10.0,22.1053,38.77551,17.346939,12.244898,0.680272,0.038127,0.564285,1.0,1.0,25.789474,0.263158,0.564285,0.37619,0.37619,0.444444,0.564285,0.8,0.927273,0.917241,0.555556,0.23032,0.564285
ремонт квартир Новосибирск,ремонт квартир,commercial,Новосибирск,65,https://brigadansk.ru/,brigadansk.ru,8,0,,,homepage,ok,,22.2222,32049.0,1741697.0,4460.0,1242.0,0.27847533632286997,5.7285,283.0,15.7597,88.0,2.0,28.0,56.0,86.0,1.0,38.0,1.0,156.0,0.0,0.0,0.0,94.0,2.0,0.0,0.666667,0.0,16.0,0.666667,25.0,0.021076,1.0,159.0,29.0,86.0,4.0,10.0,142.0,14.2,50.6818,35.650224,6.502242,19.282511,0.896861,0.018401,0.352813,1.0,1.0,28.050314,0.977273,0.352813,0.235209,0.235209,0.444444,0.352813,0.8,0.690909,0.924138,0.702541,0.09825,0.352813
ремонт квартир Новосибирск,ремонт квартир,commercial,Новосибирск,65,https://profi.ru/geo-nsk/remont/remont-kvartir/,profi.ru,9,0,,,content,ok,,11.1111,47507.0,1010753.0,6687.0,1992.0,0.29789143113503813,5.8358,702.0,9.5256,544.0,1.0,7.0,30.0,38.0,1.0,93.0,1.0,279.0,0.0,0.0,0.0,282.0,2.0,2.0,0.666667,0.666667,4.0,0.666667,16.0,0.042171,0.666667,182.0,105.0,27.0,0.0,0.0,1.0,0.0,12.2923,27.216988,15.702109,4.037685,0.0,0.047002,0.554872,1.0,0.75,36.741758,0.069853,0.369915,0.369915,0.369915,0.444444,0.554872,0.75,0.309091,0.075862,0.396192,0.165292,0.416154
ремонт квартир Новосибирск,ремонт квартир,commercial,Новосибирск,65,https://rusardo.ru/,rusardo.ru,10,0,,,homepage,ok,,0.0,2797.0,510891.0,408.0,253.0,0.6200980392156863,5.7255,20.0,20.4,76.0,1.0,35.0,6.0,42.0,1.0,58.0,1.0,315.0,0.0,0.0,0.0,21.0,2.0,3.0,0.666667,0.666667,17.0,1.0,11.0,0.051471,0.666667,174.0,468.0,98.0,0.0,5.0,70.0,14.0,5.3684,426.470588,1147.058824,240.196078,0.0,0.005475,0.673366,1.0,1.0,2.344828,0.552632,0.448911,0.448911,0.673366,0.666667,0.183156,0.833333,0.945455,0.0,0.189542,0.094645,0.673366
ремонт квартир Казань,ремонт квартир,commercial,Казань,43,https://uslugi.yandex.ru/43-kazan/category/remont-i-stroitelstvo/remont-kvartir-i-domov--1816,uslugi.yandex.ru,1,0,,,category,ok,,100.0,7600.0,1616444.0,1108.0,422.0,0.38086642599277976,5.6625,73.0,15.1781,1.0,0.0,0.0,2.0,2.0,1.0,124.0,1.0,186.0,0.0,0.0,0.0,97.0,2.0,2.0,0.666667,0.666667,0.0,0.0,9.0,0.087545,1.0,145.0,14.0,7.0,0.0,0.0,2.0,0.0,1108.0,130.866426,12.635379,6.31769,0.0,0.004702,0.522517,1.0,0.75,7.641379,2.0,0.522517,0.348345,0.0,0.0,0.385966,0.633333,0.0,0.717241,0.0,0.122501,0.391888
ремонт квартир Казань,ремонт квартир,commercial,Казань,43,https://rembrigada116.ru/,rembrigada116.ru,2,0,,,homepage,ok,,88.8889,19609.0,236119.0,2808.0,1187.0,0.42272079772079774,5.7949,202.0,13.901,40.0,1.0,5.0,2.0,8.0,1.0,82.0,1.0,151.0,0.0,0.0,0.0,100.0,2.0,2.0,0.666667,0.666667,6.0,0.666667,30.0,0.035613,1.0,224.0,37.0,52.0,34.0,5.0,52.0,10.4,70.2,79.77208,13.176638,18.518519,12.108262,0.083047,0.302058,1.0,1.0,12.535714,0.2,0.302058,0.201372,0.201372,0.444444,0.302058,0.8,0.509091,0.958621,0.812915,0.127686,0.302058
ремонт квартир Казань,ремонт квартир,commercial,Казань,43,https://kazan.proff-remont.ru/,kazan.proff-remont.ru,3,0,,,homepage,ok,,77.7778,45033.0,735587.0,6255.0,1938.0,0.30983213429256595,5.8977,478.0,13.0858,35.0,1.0,17.0,13.0,31.0,1.0,72.0,1.0,213.0,0.0,0.0,0.0,116.0,2.0,1.0,0.666667,0.333333,17.0,0.666667,35.0,0.018545,1.0,288.0,114.0,126.0,1.0,6.0,57.0,9.5,178.7143,46.043165,18.22542,20.143885,0.159872,0.06122,0.477326,1.0,1.0,21.71875,0.885714,0.477326,0.318217,0.318217,0.444444,0.477326,0.8,0.690909,0.531034,0.618172,0.147891,0.477326
ремонт квартир Казань,ремонт квартир,commercial,Казань,43,https://remo116.ru/,remo116.ru,4,0,,,homepage,ok,,66.6667,15727.0,117477.0,2176.0,877.0,0.4030330882352941,6.0928,136.0,16.0,38.0,1.0,23.0,9.0,33.0,1.0,72.0,1.0,179.0,0.0,0.0,0.0,81.0,2.0,1.0,0.666667,0.333333,10.0,0.666667,22.0,0.037224,1.0,162.0,15.0,203.0,8.0,9.0,28.0,3.111111,57.2632,74.448529,6.893382,93.290441,3.676471,0.133873,0.283892,1.0,1.0,13.432099,0.868421,0.283892,0.189261,0.189261,0.444444,0.283892,0.8,0.690909,0.765517,0.759191,0.114418,0.283892
ремонт квартир Казань,ремонт квартир,commercial,Казань,43,https://www.avito.ru/kazan/predlozheniya_uslug/remont_i_otdelka-ASgBAgICAUSYC8CfAQ?q=ремонт+квартир,avito.ru,5,0,,,content,ok,,55.5556,947.0,32654.0,133.0,90.0,0.6766917293233082,5.8421,12.0,11.0833,11.0,0.0,1.0,0.0,1.0,1.0,31.0,0.0,0.0,0.0,0.0,0.0,0.0,0.0,0.0,0.0,0.0,0.0,0.0,0.0,0.0,0.0,1.0,1.0,0.0,1.0,1.0,2.0,2.0,12.0909,7.518797,7.518797,0.0,7.518797,0.029001,0.175376,0.0,0.75,133.0,0.090909,0.0,0.0,0.0,0.0,0.01555,0.0,0.563636,0.0,0.0,0.008769,0.131532
ремонт квартир Казань,ремонт квартир,commercial,Казань,43,https://profi.ru/geo-kzn/remont/remont-kvartir/,profi.ru,6,0,,,content,ok,,44.4444,40472.0,989239.0,5876.0,1772.0,0.30156569094622193,5.6156,661.0,8.8896,562.0,1.0,7.0,30.0,38.0,1.0,85.0,1.0,220.0,0.0,0.0,0.0,272.0,2.0,2.0,0.666667,0.666667,4.0,0.666667,16.0,0.04629,0.666667,175.0,104.0,27.0,0.0,0.0,1.0,0.0,10.4555,29.782165,17.699115,4.594963,0.0,0.040912,0.387947,1.0,0.75,33.577143,0.067616,0.258631,0.258631,0.258631,0.444444,0.387947,0.75,0.454545,0.482759,0.304667,0.116992,0.29096
ремонт квартир Казань,ремонт квартир,commercial,Казань,43,https://remont-kvartir-kazan.ru/,remont-kvartir-kazan.ru,7,0,,,homepage,ok,,33.3333,7698.0,408148.0,1045.0,609.0,0.5827751196172248,6.1464,94.0,11.117,29.0,1.0,5.0,5.0,11.0,1.0,47.0,1.0,127.0,0.0,0.0,0.0,40.0,2.0,1.0,0.666667,0.333333,2.0,0.666667,12.0,0.038278,1.0,76.0,41.0,38.0,10.0,5.0,45.0,9.0,36.0345,72.727273,39.23445,36.363636,9.569378,0.018861,0.509325,1.0,1.0,13.75,0.37931,0.509325,0.33955,0.33955,0.444444,0.35483,0.8,0.854545,0.875862,0.724083,0.172322,0.509325
ремонт квартир Казань,ремонт квартир,commercial,Казань,43,https://kazan.remostat.ru/,kazan.remostat.ru,8,0,,,homepage,ok,,22.2222,7688.0,123559.0,1283.0,484.0,0.37724084177708495,4.7093,83.0,15.4578,204.0,1.0,2.0,5.0,8.0,1.0,62.0,0.0,0.0,0.0,1.0,1.0,38.0,2.0,0.0,0.666667,0.0,3.0,0.666667,8.0,0.029618,1.0,96.0,66.0,25.0,18.0,1.0,4.0,4.0,6.2892,74.82463,51.441933,19.485581,14.029618,0.062221,0.402717,1.0,1.0,13.364583,0.039216,0.402717,0.268478,0.268478,0.444444,0.344457,0.8,0.872727,0.0,0.987269,0.108286,0.402717
ремонт квартир Казань,ремонт квартир,commercial,Казань,43,https://master-remonty.ru/nashi_ceny/,master-remonty.ru,9,0,,,content,ok,,11.1111,17993.0,138887.0,2734.0,733.0,0.26810534016093635,5.4338,229.0,11.9389,1.0,1.0,0.0,0.0,1.0,1.0,102.0,1.0,126.0,0.0,0.0,0.0,46.0,2.0,2.0,0.666667,0.666667,2.0,0.666667,25.0,0.016825,1.0,170.0,41.0,85.0,0.0,2.0,8.0,4.0,2734.0,62.179956,14.996342,31.089978,0.0,0.129551,0.413502,1.0,1.0,16.082353,1.0,0.413502,0.275668,0.275668,0.444444,0.413502,0.8,0.145455,0.868966,0.560839,0.110862,0.413502
ремонт квартир Казань,ремонт квартир,commercial,Казань,43,https://vk.com/video-229688356_456239283,vk.com,10,0,,,content,ok,,0.0,1873.0,3343247.0,297.0,163.0,0.5488215488215489,5.0471,19.0,15.6316,1.0,0.0,1.0,0.0,1.0,1.0,38.0,0.0,0.0,0.0,0.0,0.0,9.0,3.0,0.0,1.0,0.0,0.0,0.0,9.0,0.030303,1.0,46.0,12.0,0.0,88.0,0.0,1.0,0.0,297.0,154.882155,40.40404,0.0,296.296296,0.00056,0.036991,1.0,0.5,6.456522,1.0,0.036991,0.036991,0.0,0.0,0.007324,0.75,0.690909,0.0,0.989899,0.00335,0.018496
ремонт квартир Краснодар,ремонт квартир,commercial,Краснодар,35,https://uslugi.yandex.ru/35-krasnodar/category?text=ремонт+квартир,uslugi.yandex.ru,1,0,,,category,ok,,100.0,11709.0,2605721.0,1628.0,592.0,0.36363636363636365,5.8661,142.0,11.4648,1.0,1.0,0.0,6.0,7.0,1.0,83.0,1.0,137.0,0.0,0.0,0.0,113.0,2.0,2.0,0.666667,0.666667,3.0,0.666667,11.0,0.06941,1.0,128.0,14.0,7.0,0.0,0.0,2.0,0.0,1628.0,78.624079,8.599509,4.299754,0.0,0.004494,0.574326,1.0,0.75,12.71875,7.0,0.574326,0.382884,0.382884,0.444444,0.574326,0.8,0.490909,0.944828,0.0,0.188889,0.430744
ремонт квартир Краснодар,ремонт квартир,commercial,Краснодар,35,https://podklyuch23.ru/,podklyuch23.ru,3,0,,,homepage,ok,,77.7778,11243.0,449619.0,1634.0,598.0,0.3659730722154223,5.7368,88.0,18.5682,37.0,1.0,7.0,4.0,12.0,1.0,59.0,1.0,271.0,0.0,0.0,0.0,138.0,2.0,3.0,0.666667,0.666667,3.0,0.666667,32.0,0.084455,1.0,231.0,48.0,166.0,21.0,5.0,27.0,5.4,44.1622,141.370869,29.375765,101.591187,12.851897,0.025006,0.458324,1.0,1.0,7.073593,0.324324,0.458324,0.305549,0.305549,0.444444,0.458324,0.8,0.927273,0.131034,0.0,0.152265,0.458324
ремонт квартир Краснодар,ремонт квартир,commercial,Краснодар,35,https://korteksplus.ru/,korteksplus.ru,4,0,,,homepage,ok,,66.6667,10238.0,149715.0,1327.0,412.0,0.31047475508666167,6.5426,35.0,37.9143,55.0,1.0,8.0,71.0,80.0,1.0,57.0,1.0,185.0,0.0,0.0,0.0,150.0,2.0,1.0,0.666667,0.333333,26.0,0.666667,42.0,0.113037,1.0,361.0,187.0,237.0,3.0,3.0,25.0,8.333333,24.1273,272.0422,140.919367,178.598342,2.260739,0.068383,0.208597,1.0,1.0,3.6759,1.454545,0.208597,0.139065,0.139065,0.444444,0.184539,0.8,0.963636,0.724138,0.0,0.047746,0.208597
ремонт квартир Краснодар,ремонт квартир,commercial,Краснодар,35,https://chotko.pro/,chotko.pro,5,0,,,homepage,ok,,55.5556,16871.0,2755929.0,2465.0,845.0,0.34279918864097364,5.6203,170.0,14.5,1.0,0.0,0.0,0.0,0.0,1.0,78.0,0.0,0.0,0.0,0.0,0.0,20.0,2.0,0.0,0.666667,0.0,0.0,0.0,6.0,0.008114,1.0,60.0,1.0,235.0,0.0,3.0,51.0,17.0,2465.0,24.340771,0.40568,95.334686,0.0,0.006122,0.497956,1.0,1.0,41.083333,0.0,0.497956,0.331971,0.0,0.0,0.497956,0.633333,0.581818,0.0,0.270453,0.170699,0.497956
ремонт квартир Краснодар,ремонт квартир,commercial,Краснодар,35,https://fs-remont.ru/,fs-remont.ru,6,0,,,homepage,ok,,44.4444,10642.0,673473.0,1535.0,654.0,0.4260586319218241,5.7225,72.0,21.3194,24.0,1.0,15.0,42.0,58.0,1.0,58.0,1.0,194.0,0.0,0.0,0.0,47.0,2.0,3.0,0.666667,0.666667,23.0,1.0,9.0,0.030619,1.0,58.0,38.0,117.0,23.0,9.0,64.0,7.111111,63.9583,37.785016,24.7557,76.221498,14.983713,0.015802,0.527794,1.0,1.0,26.465517,2.416667,0.527794,0.351863,0.527794,0.666667,0.527794,0.883333,0.945455,0.662069,0.97937,0.191765,0.527794
ремонт квартир Краснодар,ремонт квартир,commercial,Краснодар,35,https://vc.ru/life/2874800-kompanii-po-remontu-kvartir-v-krasnodare,vc.ru,7,0,,,content,ok,,33.3333,33787.0,448685.0,4885.0,2047.0,0.4190378710337769,5.695,335.0,14.5821,85.0,1.0,7.0,30.0,38.0,1.0,200.0,1.0,144.0,0.0,0.0,0.0,84.0,1.0,3.0,0.333333,0.666667,4.0,0.333333,4.0,0.017195,0.666667,185.0,122.0,47.0,14.0,0.0,0.0,0.0,57.4706,37.871034,24.974411,9.62129,2.865916,0.075302,0.540834,1.0,0.5,26.405405,0.447059,0.360556,0.180278,0.180278,0.111111,0.540834,0.55,0.0,0.993103,0.382122,0.22663,0.270417
ремонт квартир Краснодар,ремонт квартир,commercial,Краснодар,35,https://prsc23.ru/,prsc23.ru,8,0,,,homepage,ok,,22.2222,14481.0,113267.0,2129.0,855.0,0.4015969938938469,5.6195,178.0,11.9607,34.0,2.0,2.0,5.0,8.0,1.0,70.0,1.0,306.0,0.0,0.0,0.0,72.0,2.0,5.0,0.666667,0.666667,4.0,0.666667,13.0,0.033819,1.0,94.0,74.0,60.0,8.0,3.0,28.0,9.333333,62.6176,44.152184,34.758102,28.182245,3.757633,0.127848,0.420297,1.0,1.0,22.648936,0.235294,0.420297,0.280198,0.280198,0.444444,0.420297,0.8,0.727273,0.0,0.87271,0.16879,0.420297
ремонт квартир Краснодар,ремонт квартир,commercial,Краснодар,35,https://www.avito.ru/krasnodar/predlozheniya_uslug/remont_i_otdelka-ASgBAgICAUSYC8CfAQ?q=ремонт+квартир,avito.ru,9,0,,,content,ok,,11.1111,947.0,32650.0,133.0,90.0,0.6766917293233082,5.8421,12.0,11.0833,11.0,0.0,1.0,0.0,1.0,1.0,31.0,0.0,0.0,0.0,0.0,0.0,0.0,0.0,0.0,0.0,0.0,0.0,0.0,0.0,0.0,0.0,1.0,1.0,0.0,1.0,1.0,2.0,2.0,12.0909,7.518797,7.518797,0.0,7.518797,0.029005,0.089836,0.0,0.75,133.0,0.090909,0.0,0.0,0.0,0.0,0.007965,0.0,0.563636,0.0,0.0,0.004492,0.067377
ремонт квартир Краснодар,ремонт квартир,commercial,Краснодар,35,https://remontoff-krasnodar.ru/,remontoff-krasnodar.ru,10,0,,,homepage,ok,,0.0,17841.0,453691.0,2458.0,857.0,0.3486574450772986,6.1033,114.0,21.5614,145.0,1.0,18.0,13.0,32.0,1.0,59.0,1.0,139.0,1.0,1.0,3.0,104.0,3.0,6.0,1.0,1.0,19.0,1.0,22.0,0.042311,1.0,166.0,70.0,145.0,7.0,13.0,171.0,13.153846,16.9517,67.534581,28.478438,58.99105,2.847844,0.039324,0.114065,1.0,1.0,14.807229,0.22069,0.114065,0.114065,0.114065,1.0,0.114065,1.0,0.927273,0.958621,0.589639,0.03977,0.114065
ремонт квартир Самара,ремонт квартир,commercial,Самара,51,https://uslugi.yandex.ru/51-samara/category?text=ремонт+квартир,uslugi.yandex.ru,1,0,,,category,ok,,100.0,7662.0,2280210.0,1088.0,424.0,0.3897058823529412,5.8189,87.0,12.5057,1.0,1.0,0.0,5.0,6.0,1.0,80.0,1.0,133.0,0.0,0.0,0.0,50.0,2.0,2.0,0.666667,0.666667,0.0,0.0,9.0,0.045956,1.0,119.0,12.0,6.0,0.0,0.0,2.0,0.0,1088.0,109.375,11.029412,5.514706,0.0,0.00336,0.718692,1.0,0.75,9.142857,6.0,0.718692,0.479128,0.0,0.0,0.521291,0.633333,0.545455,0.917241,0.468137,0.169292,0.539019
ремонт квартир Самара,ремонт квартир,commercial,Самара,51,https://uslugi.yandex.ru/51-samara/category?text=ремонт+квартир,uslugi.yandex.ru,2,0,,,category,ok,,88.8889,5857.0,2169890.0,860.0,335.0,0.38953488372093026,5.6198,57.0,15.0877,1.0,1.0,0.0,5.0,6.0,1.0,79.0,1.0,133.0,0.0,0.0,0.0,37.0,2.0,2.0,0.666667,0.666667,0.0,0.0,4.0,0.043023,1.0,111.0,12.0,6.0,0.0,0.0,2.0,0.0,860.0,129.069767,13.953488,6.976744,0.0,0.002699,0.661825,1.0,0.75,7.747748,6.0,0.661825,0.441217,0.0,0.0,0.379446,0.633333,0.563636,0.917241,0.565891,0.123173,0.496369
ремонт квартир Самара,ремонт квартир,commercial,Самара,51,https://uslugi.yandex.ru/51-samara/category?text=ремонт+квартир,uslugi.yandex.ru,3,0,,,category,ok,,77.7778,7471.0,1794764.0,1062.0,427.0,0.4020715630885122,5.8164,86.0,12.3488,1.0,1.0,0.0,5.0,6.0,1.0,79.0,1.0,133.0,0.0,0.0,0.0,66.0,2.0,2.0,0.666667,0.666667,2.0,0.666667,17.0,0.062147,1.0,118.0,20.0,7.0,0.0,0.0,2.0,0.0,1062.0,111.111111,18.832392,6.591337,0.0,0.004163,0.768687,1.0,0.75,9.0,6.0,0.768687,0.512458,0.512458,0.444444,0.54423,0.8,0.563636,0.917241,0.0,0.18235,0.576515
ремонт квартир Самара,ремонт квартир,commercial,Самара,51,https://uslugi.yandex.ru/51-samara/category?text=ремонт+квартир,uslugi.yandex.ru,4,0,,,category,ok,,66.6667,7768.0,1739641.0,1090.0,431.0,0.39541284403669724,5.9073,86.0,12.6744,1.0,1.0,0.0,4.0,5.0,1.0,79.0,1.0,133.0,0.0,0.0,0.0,51.0,2.0,2.0,0.666667,0.666667,0.0,0.0,10.0,0.046789,1.0,120.0,12.0,6.0,0.0,0.0,2.0,0.0,1090.0,110.091743,11.009174,5.504587,0.0,0.004465,0.679285,1.0,0.75,9.083333,5.0,0.679285,0.452857,0.0,0.0,0.493614,0.633333,0.563636,0.917241,0.440367,0.162651,0.509464
ремонт квартир Самара,ремонт квартир,commercial,Самара,51,https://samara.proff-remont.ru/,samara.proff-remont.ru,5,0,,,homepage,ok,,55.5556,44887.0,735580.0,6231.0,1925.0,0.3089391750922805,5.9023,474.0,13.1456,34.0,1.0,17.0,13.0,31.0,1.0,72.0,1.0,210.0,0.0,0.0,0.0,115.0,2.0,1.0,0.666667,0.333333,17.0,0.666667,35.0,0.018456,1.0,288.0,114.0,126.0,1.0,6.0,57.0,9.5,183.2647,46.22051,18.295619,20.221473,0.160488,0.061023,0.737796,1.0,1.0,21.635417,0.911765,0.737796,0.491864,0.491864,0.444444,0.737796,0.8,0.690909,0.551724,0.615204,0.227934,0.737796
ремонт квартир Самара,ремонт квартир,commercial,Самара,51,https://samara.proff-remont.ru/,samara.proff-remont.ru,6,0,,,homepage,ok,,44.4444,44887.0,735580.0,6231.0,1925.0,0.3089391750922805,5.9023,474.0,13.1456,34.0,1.0,17.0,13.0,31.0,1.0,72.0,1.0,210.0,0.0,0.0,0.0,115.0,2.0,1.0,0.666667,0.333333,17.0,0.666667,35.0,0.018456,1.0,288.0,114.0,126.0,1.0,6.0,57.0,9.5,183.2647,46.22051,18.295619,20.221473,0.160488,0.061023,0.737796,1.0,1.0,21.635417,0.911765,0.737796,0.491864,0.491864,0.444444,0.737796,0.8,0.690909,0.551724,0.615204,0.227934,0.737796
ремонт квартир Самара,ремонт квартир,commercial,Самара,51,https://samara.proff-remont.ru/,samara.proff-remont.ru,7,0,,,homepage,ok,,33.3333,44887.0,735580.0,6231.0,1925.0,0.3089391750922805,5.9023,474.0,13.1456,34.0,1.0,17.0,13.0,31.0,1.0,72.0,1.0,210.0,0.0,0.0,0.0,115.0,2.0,1.0,0.666667,0.333333,17.0,0.666667,35.0,0.018456,1.0,288.0,114.0,126.0,1.0,6.0,57.0,9.5,183.2647,46.22051,18.295619,20.221473,0.160488,0.061023,0.737796,1.0,1.0,21.635417,0.911765,0.737796,0.491864,0.491864,0.444444,0.737796,0.8,0.690909,0.551724,0.615204,0.227934,0.737796
ремонт квартир Самара,ремонт квартир,commercial,Самара,51,https://samara.proff-remont.ru/,samara.proff-remont.ru,8,0,,,homepage,ok,,22.2222,44887.0,735580.0,6231.0,1925.0,0.3089391750922805,5.9023,474.0,13.1456,34.0,1.0,17.0,13.0,31.0,1.0,72.0,1.0,210.0,0.0,0.0,0.0,115.0,2.0,1.0,0.666667,0.333333,17.0,0.666667,35.0,0.018456,1.0,288.0,114.0,126.0,1.0,6.0,57.0,9.5,183.2647,46.22051,18.295619,20.221473,0.160488,0.061023,0.737796,1.0,1.0,21.635417,0.911765,0.737796,0.491864,0.491864,0.444444,0.737796,0.8,0.690909,0.551724,0.615204,0.227934,0.737796
ремонт квартир Самара,ремонт квартир,commercial,Самара,51,https://www.avito.ru/samara/predlozheniya_uslug/remont_i_otdelka-ASgBAgICAUSYC8CfAQ,avito.ru,9,0,,,content,ok,,11.1111,947.0,32654.0,133.0,90.0,0.6766917293233082,5.8421,12.0,11.0833,11.0,0.0,1.0,0.0,1.0,1.0,31.0,0.0,0.0,0.0,0.0,0.0,0.0,0.0,0.0,0.0,0.0,0.0,0.0,0.0,0.0,0.0,1.0,1.0,0.0,1.0,1.0,2.0,2.0,12.0909,7.518797,7.518797,0.0,7.518797,0.029001,0.12078,0.0,0.75,133.0,0.090909,0.0,0.0,0.0,0.0,0.010709,0.0,0.563636,0.0,0.0,0.006039,0.090585
ремонт квартир Самара,ремонт квартир,commercial,Самара,51,https://www.avito.ru/samara/predlozheniya_uslug/remont_i_otdelka-ASgBAgICAUSYC8CfAQ,avito.ru,10,0,,,content,ok,,0.0,946.0,32653.0,133.0,90.0,0.6766917293233082,5.8346,12.0,11.0833,11.0,0.0,1.0,0.0,1.0,1.0,31.0,0.0,0.0,0.0,0.0,0.0,0.0,0.0,0.0,0.0,0.0,0.0,0.0,0.0,0.0,0.0,1.0,1.0,0.0,1.0,1.0,2.0,2.0,12.0909,7.518797,7.518797,0.0,7.518797,0.028971,0.12078,0.0,0.75,133.0,0.090909,0.0,0.0,0.0,0.0,0.010709,0.0,0.563636,0.0,0.0,0.006039,0.090585
ремонт квартир Нижний Новгород,ремонт квартир,commercial,Нижний Новгород,47,https://nizhniy-novgorod.proff-remont.ru/,nizhniy-novgorod.proff-remont.ru,1,0,,,homepage,ok,,100.0,45211.0,710271.0,6257.0,1914.0,0.3058973949176922,5.9217,484.0,12.9277,36.0,1.0,17.0,13.0,31.0,1.0,81.0,1.0,224.0,0.0,0.0,0.0,119.0,2.0,1.0,0.5,0.25,17.0,0.5,36.0,0.019019,1.0,286.0,114.0,124.0,1.0,6.0,57.0,9.5,173.8056,45.708806,18.219594,19.817804,0.159821,0.063653,0.474026,1.0,1.0,21.877622,0.861111,0.474026,0.237013,0.237013,0.25,0.474026,0.7,0.527273,0.455172,0.633957,0.145003,0.474026
ремонт квартир Нижний Новгород,ремонт квартир,commercial,Нижний Новгород,47,https://nn.korona-remont.ru/,nn.korona-remont.ru,2,0,,,homepage,ok,,88.8889,11947.0,196405.0,1741.0,741.0,0.42561746122917865,5.6939,99.0,17.5859,92.0,1.0,3.0,0.0,4.0,1.0,96.0,0.0,0.0,0.0,0.0,0.0,129.0,2.0,0.0,0.5,0.0,6.0,0.5,52.0,0.074095,1.0,247.0,74.0,135.0,4.0,4.0,35.0,8.75,18.9239,141.872487,42.504308,77.541643,2.29753,0.060828,0.421818,1.0,1.0,7.048583,0.043478,0.421818,0.210909,0.210909,0.25,0.421818,0.7,0.254545,0.0,0.0,0.173648,0.421818
ремонт квартир Нижний Новгород,ремонт квартир,commercial,Нижний Новгород,47,https://uslugi.yandex.ru/47-nizhny-novgorod/category/remont-i-stroitelstvo/remont-kvartir-i-domov--1816,uslugi.yandex.ru,3,0,,,category,ok,,77.7778,6947.0,1686851.0,1000.0,380.0,0.38,5.762,66.0,15.1515,1.0,0.0,0.0,2.0,2.0,1.0,134.0,1.0,196.0,0.0,0.0,0.0,107.0,2.0,2.0,0.5,0.5,0.0,0.0,18.0,0.107,1.0,146.0,14.0,7.0,0.0,0.0,2.0,0.0,1000.0,146.0,14.0,7.0,0.0,0.004118,0.548416,1.0,0.75,6.849315,2.0,0.548416,0.274208,0.0,0.0,0.365611,0.575,0.0,0.648276,0.0,0.115777,0.411312
ремонт квартир Нижний Новгород,ремонт квартир,commercial,Нижний Новгород,47,https://remo152.ru/,remo152.ru,4,0,,,homepage,ok,,66.6667,15184.0,115164.0,2131.0,856.0,0.4016893477240732,5.9897,135.0,15.7852,38.0,1.0,23.0,9.0,33.0,1.0,81.0,1.0,252.0,0.0,0.0,0.0,79.0,2.0,2.0,0.5,0.25,10.0,0.5,23.0,0.037072,1.0,162.0,15.0,203.0,8.0,9.0,28.0,3.111111,56.0789,76.020648,7.038949,95.260441,3.754106,0.131847,0.53523,1.0,1.0,13.154321,0.868421,0.53523,0.267615,0.267615,0.25,0.53523,0.7,0.527273,0.262069,0.764273,0.214996,0.53523
ремонт квартир Нижний Новгород,ремонт квартир,commercial,Нижний Новгород,47,https://comfort52.ru/,comfort52.ru,5,0,,,homepage,ok,,55.5556,35637.0,1666562.0,4685.0,1535.0,0.327641408751334,6.2113,306.0,15.3105,132.0,1.0,1.0,1.0,3.0,1.0,42.0,1.0,209.0,0.0,0.0,0.0,50.0,2.0,1.0,0.5,0.25,3.0,0.25,18.0,0.010672,1.0,42.0,116.0,65.0,15.0,13.0,188.0,14.461538,35.4924,8.964781,24.759872,13.874066,3.201708,0.021384,0.519811,1.0,1.0,111.547619,0.022727,0.519811,0.259906,0.129953,0.125,0.519811,0.6375,0.763636,0.558621,0.355745,0.170312,0.519811
ремонт квартир Нижний Новгород,ремонт квартир,commercial,Нижний Новгород,47,https://www.avito.ru/nizhniy_novgorod/predlozheniya_uslug?q=ремонт+квартир,avito.ru,7,0,,,content,ok,,33.3333,945.0,32652.0,133.0,90.0,0.6766917293233082,5.8271,12.0,11.0833,11.0,0.0,1.0,0.0,1.0,1.0,31.0,0.0,0.0,0.0,0.0,0.0,0.0,0.0,0.0,0.0,0.0,0.0,0.0,0.0,0.0,0.0,1.0,1.0,0.0,1.0,1.0,2.0,2.0,12.0909,7.518797,7.518797,0.0,7.518797,0.028942,0.154003,0.0,0.75,133.0,0.090909,0.0,0.0,0.0,0.0,0.013655,0.0,0.563636,0.0,0.0,0.0077,0.115502
ремонт квартир Нижний Новгород,ремонт квартир,commercial,Нижний Новгород,47,https://max-dar.ru/,max-dar.ru,8,0,,,homepage,ok,,22.2222,24337.0,1345196.0,3115.0,1169.0,0.3752808988764045,6.6212,208.0,14.976,5.0,1.0,11.0,1.0,13.0,1.0,110.0,1.0,85.0,0.0,0.0,0.0,51.0,2.0,1.0,0.5,0.25,9.0,0.5,12.0,0.016372,1.0,98.0,21.0,86.0,13.0,0.0,1.0,0.0,623.0,31.460674,6.741573,27.608347,4.173355,0.018092,0.582165,1.0,0.75,31.785714,2.6,0.582165,0.291083,0.291083,0.25,0.582165,0.7,0.0,0.586207,0.545746,0.218475,0.436624
ремонт квартир Нижний Новгород,ремонт квартир,commercial,Нижний Новгород,47,https://vk.com/maxdar_nn,vk.com,9,0,,,content,ok,,11.1111,13961.0,756990.0,2030.0,924.0,0.45517241379310347,5.5842,148.0,13.7162,1.0,0.0,1.0,0.0,1.0,1.0,47.0,0.0,0.0,0.0,0.0,0.0,100.0,4.0,0.0,1.0,0.0,0.0,0.0,19.0,0.049261,1.0,142.0,75.0,13.0,39.0,0.0,4.0,0.0,2030.0,69.950739,36.945813,6.403941,19.211823,0.018443,0.45586,1.0,0.75,14.295775,1.0,0.45586,0.45586,0.0,0.0,0.45586,0.75,0.854545,0.0,0.357964,0.207495,0.341895
ремонт квартир Нижний Новгород,ремонт квартир,commercial,Нижний Новгород,47,https://nizhniy.s5r.ru/,nizhniy.s5r.ru,10,0,,,homepage,ok,,0.0,8867.0,93223.0,1268.0,583.0,0.4597791798107255,5.8517,76.0,16.6842,15.0,1.0,8.0,24.0,33.0,1.0,66.0,1.0,246.0,1.0,1.0,1.0,79.0,4.0,2.0,1.0,0.5,13.0,0.75,21.0,0.062303,1.0,163.0,53.0,101.0,11.0,1.0,5.0,5.0,84.5333,128.548896,41.798107,79.652997,8.675079,0.095116,0.420524,1.0,1.0,7.779141,2.2,0.420524,0.420524,0.315393,0.75,0.355483,0.9375,0.8,0.303448,0.0,0.136203,0.420524
