dataset_version,feature_schema_version,extraction_artifact_version,label_schema_version,label_source,weak_target_score,expert_target_score,query,category,intent,city,region_code,url,domain,rank,serp_page,title,snippet,page_type,fetch_status,fetch_error,artifact_path,artifact_sha1,artifact_size_bytes,target_score,text_length_chars,html_length_chars,word_count,unique_word_count,unique_word_ratio,avg_word_length,sentence_count,avg_sentence_length,paragraph_count,h1_count,h2_count,h3_count,heading_count,title_present,title_length,meta_description_present,meta_description_length,query_in_title,query_in_text,exact_query_count,query_term_count,title_query_term_count,meta_query_term_count,title_keyword_coverage_ratio,meta_keyword_coverage_ratio,query_terms_in_headings,heading_query_coverage_ratio,first_200_words_query_term_count,query_density,keyword_coverage_ratio,link_count,image_count,list_item_count,strong_tag_count,form_count,input_count,inputs_per_form_ratio,avg_paragraph_length,link_density_per_1000_words,image_density_per_1000_words,list_density_per_1000_words,strong_density_per_1000_words,text_to_html_ratio,semantic_similarity,early_query_coverage_ratio,conversion_signal_score,content_link_ratio,heading_paragraph_balance,query_semantic_alignment,title_semantic_alignment,heading_semantic_alignment,title_heading_keyword_alignment,content_depth_semantic_score,query_prominence_score,title_length_quality,meta_length_quality,keyword_balance_score,semantic_content_richness,cta_semantic_score,http_status_code,http_status_ok,redirect_count,has_redirect,canonical_present,canonical_matches_final_url,meta_robots_present,x_robots_tag_present,robots_noindex,robots_nofollow,page_indexable,viewport_present,lang_present,hreflang_count,hreflang_present,url_depth,url_parameter_count,url_has_query_parameters,redirect_efficiency_score,url_hygiene_score,technical_metadata_score,canonical_signal_score,technical_seo_score,phone_present,phone_count,email_present,address_present,business_hours_present,price_present,currency_present,delivery_info_present,payment_info_present,warranty_info_present,returns_info_present,reviews_present,rating_present,faq_present,cta_present,cta_count,messenger_present,value_proposition_present,legal_requisites_present,company_identity_present,contact_options_score,commercial_signal_count,trust_signal_count,commercial_signals_score,trust_signals_score,commercial_trust_score
dataset-v2,v2,extraction-v2,hybrid-v1,weak_serp,100.0,,натяжные потолки Москва,натяжные потолки,commercial,Москва,213,https://www.potolkoff.ru/,potolkoff.ru,1,0,,,homepage,ok,,artifacts\query--cb9d1ab195e97c39.json,4eb0d0473dfbc5ddbc5b3440ab33e692a7ef95ad,981729,100.0,44967.0,698004.0,6459.0,1545.0,0.23920111472364142,5.7331,604.0,10.6937,287.0,1.0,16.0,2.0,19.0,1.0,74.0,1.0,292.0,0.0,1.0,2.0,171.0,2.0,2.0,0.666667,0.666667,7.0,0.666667,5.0,0.026475,1.0,740.0,368.0,559.0,21.0,10.0,98.0,9.8,22.5052,114.568819,56.974764,86.545905,3.251277,0.064422,0.0,1.0,1.0,8.728378,0.066202,0.0,0.0,0.0,0.444444,0.0,0.8,0.654545,0.0,0.88249,0.0,0.0,200.0,1.0,0.0,0.0,1.0,1.0,1.0,0.0,0.0,0.0,1.0,1.0,1.0,0.0,0.0,0.0,0.0,0.0,1.0,1.0,1.0,1.0,1.0,1.0,7.0,1.0,1.0,1.0,1.0,1.0,1.0,1.0,1.0,1.0,1.0,1.0,1.0,1.0,20.0,1.0,1.0,1.0,1.0,1.0,9.0,9.0,1.0,1.0,1.0
dataset-v2,v2,extraction-v2,hybrid-v1,weak_serp,94.7368,,натяжные потолки Москва,натяжные потолки,commercial,Москва,213,https://rumexpert.ru/,rumexpert.ru,2,0,,,homepage,ok,,artifacts\query--26ce9d5e17250f12.json,51f62402faad6124ff5910cb51bd4562d274e4bc,283641,94.7368,15855.0,181061.0,2170.0,878.0,0.4046082949308756,6.188,102.0,21.2745,303.0,7.0,19.0,25.0,51.0,1.0,84.0,1.0,255.0,1.0,1.0,1.0,51.0,3.0,2.0,1.0,0.666667,26.0,0.666667,6.0,0.023502,1.0,221.0,237.0,46.0,0.0,4.0,41.0,10.25,7.1617,101.843318,109.21659,21.198157,0.0,0.087567,0.525242,1.0,1.0,9.819005,0.168317,0.525242,0.525242,0.350161,0.666667,0.525242,0.916667,0.472727,0.241379,0.78341,0.212517,0.525242,200.0,1.0,0.0,0.0,1.0,1.0,1.0,0.0,0.0,0.0,1.0,1.0,1.0,0.0,0.0,0.0,0.0,0.0,1.0,1.0,1.0,1.0,1.0,1.0,4.0,1.0,1.0,1.0,1.0,1.0,0.0,1.0,1.0,1.0,1.0,0.0,0.0,1.0,6.0,1.0,1.0,1.0,1.0,1.0,7.0,8.0,0.777778,0.888889,0.888889
dataset-v2,v2,extraction-v2,hybrid-v1,weak_serp,89.4737,,натяжные потолки Москва,натяжные потолки,commercial,Москва,213,https://100potolkov.ru/,100potolkov.ru,3,0,,,homepage,ok,,artifacts\query--b3b66bcb0a7c56b2.json,ffc1feae0b97026b14c45d417ae06d66d104ec20,314215,89.4737,20168.0,183897.0,3140.0,1069.0,0.34044585987261144,5.2783,182.0,17.2527,37.0,1.0,14.0,0.0,15.0,1.0,74.0,1.0,148.0,0.0,0.0,0.0,91.0,2.0,2.0,0.666667,0.666667,2.0,0.666667,3.0,0.028981,1.0,498.0,86.0,383.0,4.0,2.0,27.0,13.5,84.8649,158.598726,27.388535,121.974522,1.273885,0.10967,0.0,1.0,1.0,6.305221,0.405405,0.0,0.0,0.0,0.444444,0.0,0.8,0.654545,0.97931,0.96603,0.0,0.0,200.0,1.0,0.0,0.0,1.0,1.0,1.0,0.0,0.0,0.0,1.0,1.0,1.0,0.0,0.0,0.0,0.0,0.0,1.0,1.0,1.0,1.0,1.0,1.0,3.0,1.0,1.0,1.0,1.0,1.0,0.0,1.0,1.0,1.0,1.0,0.0,1.0,1.0,4.0,0.0,1.0,1.0,1.0,0.8,8.0,8.0,0.888889,0.888889,0.859259
dataset-v2,v2,extraction-v2,hybrid-v1,weak_serp,84.2105,,натяжные потолки Москва,натяжные потолки,commercial,Москва,213,https://potolki-nova.ru/,potolki-nova.ru,4,0,,,homepage,ok,,artifacts\query--6be4a71bbba46016.json,1df38834f51af12b84917eaf48461dd628cd25c4,503634,84.2105,22899.0,311992.0,3393.0,1179.0,0.34748010610079577,5.634,130.0,26.1,25.0,1.0,4.0,3.0,8.0,1.0,49.0,1.0,256.0,0.0,1.0,2.0,113.0,2.0,3.0,0.666667,1.0,9.0,1.0,12.0,0.033304,1.0,635.0,272.0,439.0,124.0,8.0,27.0,3.375,135.72,187.150015,80.165046,129.384026,36.54583,0.073396,0.0,1.0,1.0,5.343307,0.32,0.0,0.0,0.0,0.666667,0.0,0.883333,0.890909,0.234483,0.889871,0.0,0.0,200.0,1.0,0.0,0.0,0.0,0.0,0.0,0.0,0.0,0.0,1.0,1.0,0.0,0.0,0.0,0.0,0.0,0.0,1.0,1.0,0.5,0.75,0.85,1.0,10.0,1.0,1.0,1.0,1.0,1.0,1.0,1.0,1.0,1.0,1.0,0.0,1.0,1.0,23.0,1.0,1.0,1.0,1.0,1.0,9.0,8.0,1.0,0.888889,0.962963
dataset-v2,v2,extraction-v2,hybrid-v1,weak_serp,78.9474,,натяжные потолки Москва,натяжные потолки,commercial,Москва,213,https://masterpotolkov.com/,masterpotolkov.com,5,0,,,homepage,ok,,artifacts\query--1f7e54f82eaa404f.json,e87bd685d90984c63bffcf10dfe7e3298cec48e9,338122,78.9474,12834.0,224276.0,1782.0,816.0,0.45791245791245794,6.0269,90.0,19.8,9.0,1.0,8.0,5.0,14.0,1.0,76.0,1.0,246.0,0.0,0.0,0.0,18.0,2.0,2.0,0.666667,0.666667,3.0,0.666667,6.0,0.010101,1.0,290.0,131.0,214.0,10.0,6.0,80.0,13.333333,198.0,162.738496,73.512907,120.089787,5.611672,0.057224,0.529613,1.0,1.0,6.144828,1.555556,0.529613,0.353075,0.353075,0.444444,0.529613,0.8,0.618182,0.303448,0.3367,0.240091,0.529613,200.0,1.0,0.0,0.0,0.0,0.0,1.0,0.0,0.0,0.0,1.0,1.0,1.0,0.0,0.0,0.0,0.0,0.0,1.0,1.0,1.0,0.75,0.95,1.0,3.0,1.0,1.0,0.0,1.0,1.0,1.0,1.0,1.0,1.0,1.0,0.0,1.0,1.0,6.0,1.0,1.0,1.0,1.0,0.8,8.0,7.0,0.888889,0.777778,0.822222
dataset-v2,v2,extraction-v2,hybrid-v1,weak_serp,73.6842,,натяжные потолки Москва,натяжные потолки,commercial,Москва,213,https://7nebo-nf.ru/,7nebo-nf.ru,6,0,,,homepage,ok,,artifacts\query--5113a67e73a7dc8f.json,3a5a5a202f8d96c299af575dec7a5faa97c51977,471038,73.6842,17336.0,334696.0,2541.0,816.0,0.32113341204250295,5.6946,152.0,16.7171,22.0,1.0,10.0,9.0,20.0,1.0,115.0,1.0,150.0,0.0,0.0,0.0,34.0,2.0,2.0,0.666667,0.666667,6.0,0.666667,5.0,0.013381,1.0,435.0,130.0,378.0,0.0,7.0,72.0,10.285714,115.5,171.192444,51.16096,148.760331,0.0,0.051796,0.619515,1.0,1.0,5.841379,0.909091,0.619515,0.41301,0.41301,0.444444,0.619515,0.8,0.0,0.965517,0.446019,0.198947,0.619515,200.0,1.0,0.0,0.0,1.0,1.0,1.0,0.0,0.0,0.0,1.0,1.0,1.0,0.0,0.0,0.0,0.0,0.0,1.0,1.0,1.0,1.0,1.0,1.0,8.0,1.0,1.0,1.0,1.0,1.0,0.0,1.0,1.0,1.0,1.0,1.0,1.0,1.0,24.0,1.0,1.0,1.0,1.0,1.0,8.0,9.0,0.888889,1.0,0.962963
dataset-v2,v2,extraction-v2,hybrid-v1,weak_serp,68.4211,,натяжные потолки Москва,натяжные потолки,commercial,Москва,213,https://potolok24moscow.ru/,potolok24moscow.ru,7,0,,,homepage,ok,,artifacts\query--b0d0a8818f483c58.json,68a505c284a9398cbeed9a3954c198ba5d930f0c,396118,68.4211,10587.0,344349.0,1516.0,545.0,0.35949868073878627,5.7757,36.0,42.1111,20.0,5.0,0.0,2.0,7.0,1.0,65.0,1.0,127.0,0.0,0.0,0.0,64.0,2.0,0.0,0.666667,0.0,6.0,0.666667,26.0,0.042216,0.666667,66.0,60.0,106.0,7.0,3.0,70.0,23.333333,75.8,43.53562,39.577836,69.920844,4.617414,0.030745,0.67867,1.0,1.0,22.969697,0.35,0.452447,0.452447,0.452447,0.444444,0.67867,0.75,0.818182,0.875862,0.395192,0.205486,0.67867,200.0,1.0,0.0,0.0,1.0,0.0,0.0,0.0,0.0,0.0,1.0,1.0,0.0,0.0,0.0,0.0,0.0,0.0,1.0,1.0,0.5,0.0,0.7,1.0,4.0,0.0,0.0,1.0,1.0,1.0,0.0,0.0,1.0,1.0,1.0,0.0,0.0,1.0,15.0,1.0,1.0,1.0,1.0,0.6,5.0,6.0,0.555556,0.666667,0.607407
dataset-v2,v2,extraction-v2,hybrid-v1,weak_serp,63.1579,,натяжные потолки Москва,натяжные потолки,commercial,Москва,213,https://remexp.ru/,remexp.ru,8,0,,,homepage,ok,,artifacts\query--4b4bf360fbd6daeb.json,f2b7f46365cd3277b211b412e22671a82e75d7f6,481219,63.1579,20307.0,312413.0,3000.0,1050.0,0.35,5.594,236.0,12.7119,90.0,1.0,15.0,22.0,38.0,1.0,65.0,1.0,149.0,0.0,0.0,0.0,85.0,2.0,2.0,0.666667,0.666667,7.0,0.666667,5.0,0.028333,0.666667,631.0,106.0,658.0,49.0,5.0,45.0,9.0,33.3333,210.333333,35.333333,219.333333,16.333333,0.065,0.53596,1.0,1.0,4.754358,0.422222,0.357307,0.357307,0.357307,0.444444,0.53596,0.75,0.818182,0.972414,0.62963,0.187586,0.53596,200.0,1.0,0.0,0.0,1.0,1.0,1.0,0.0,0.0,0.0,1.0,1.0,1.0,0.0,0.0,0.0,0.0,0.0,1.0,1.0,1.0,1.0,1.0,1.0,6.0,1.0,1.0,1.0,1.0,1.0,0.0,1.0,1.0,1.0,1.0,0.0,1.0,1.0,6.0,1.0,1.0,1.0,1.0,1.0,8.0,8.0,0.888889,0.888889,0.925926
dataset-v2,v2,extraction-v2,hybrid-v1,weak_serp,57.8947,,натяжные потолки Москва,натяжные потолки,commercial,Москва,213,https://master-bobr.ru/,master-bobr.ru,9,0,,,homepage,ok,,artifacts\query--2076616f688d19c9.json,53563941b94db55a890b6a0a8deb59733984e389,232131,57.8947,10185.0,173704.0,1395.0,701.0,0.5025089605734767,6.1348,74.0,18.8514,16.0,1.0,9.0,2.0,12.0,1.0,102.0,1.0,194.0,0.0,0.0,0.0,39.0,2.0,2.0,0.666667,0.666667,2.0,0.666667,16.0,0.027957,1.0,145.0,60.0,124.0,20.0,6.0,28.0,4.666667,87.1875,103.942652,43.010753,88.888889,14.336918,0.058634,0.688901,1.0,1.0,9.62069,0.75,0.688901,0.459267,0.459267,0.444444,0.640678,0.8,0.145455,0.662069,0.9319,0.268289,0.688901,200.0,1.0,0.0,0.0,0.0,0.0,1.0,0.0,0.0,0.0,1.0,1.0,1.0,0.0,0.0,0.0,0.0,0.0,1.0,1.0,1.0,0.75,0.95,1.0,5.0,0.0,1.0,1.0,1.0,1.0,0.0,1.0,1.0,1.0,1.0,1.0,1.0,1.0,4.0,1.0,1.0,1.0,1.0,0.8,8.0,8.0,0.888889,0.888889,0.859259
dataset-v2,v2,extraction-v2,hybrid-v1,weak_serp,52.6316,,натяжные потолки Москва,натяжные потолки,commercial,Москва,213,https://star-potolok.ru/,star-potolok.ru,10,0,,,homepage,ok,,artifacts\query--72bbef1aabfdb286.json,d95d49468fbe4d2181a3037422586e09825e2d83,398888,52.6316,23748.0,241886.0,3423.0,1152.0,0.33654688869412797,5.728,282.0,12.1383,35.0,1.0,22.0,5.0,28.0,1.0,72.0,1.0,149.0,0.0,0.0,0.0,55.0,2.0,2.0,0.666667,0.666667,9.0,0.666667,3.0,0.016068,1.0,454.0,214.0,317.0,13.0,8.0,50.0,6.25,97.8,132.632194,62.518259,92.608823,3.797838,0.098178,0.476338,1.0,1.0,7.539648,0.8,0.476338,0.317559,0.317559,0.444444,0.476338,0.8,0.690909,0.972414,0.535593,0.16031,0.476338,200.0,1.0,0.0,0.0,1.0,1.0,0.0,0.0,0.0,0.0,1.0,1.0,1.0,0.0,0.0,0.0,0.0,0.0,1.0,1.0,1.0,1.0,1.0,1.0,4.0,1.0,1.0,1.0,1.0,1.0,0.0,1.0,1.0,1.0,1.0,1.0,1.0,1.0,5.0,1.0,1.0,1.0,1.0,1.0,8.0,9.0,0.888889,1.0,0.962963
dataset-v2,v2,extraction-v2,hybrid-v1,weak_serp,100.0,,натяжные потолки Санкт-Петербург,натяжные потолки,commercial,Санкт-Петербург,2,https://potolok-peter.ru/,potolok-peter.ru,1,0,,,homepage,ok,,artifacts\query--3f4902d614bd9079.json,42c80f5cd297b2ac609d2c33d72c0675089bf357,660323,100.0,9815.0,529197.0,1431.0,527.0,0.36827393431167016,5.7247,61.0,23.459,94.0,1.0,12.0,8.0,21.0,1.0,55.0,1.0,176.0,0.0,0.0,0.0,79.0,3.0,4.0,0.5,0.75,3.0,0.5,30.0,0.055206,0.75,295.0,79.0,234.0,4.0,3.0,118.0,39.333333,15.2234,206.149546,55.20615,163.522013,2.795248,0.018547,0.4584,1.0,1.0,4.850847,0.223404,0.3438,0.2292,0.2292,0.25,0.437314,0.6625,1.0,0.786207,0.119846,0.134209,0.4584,200.0,1.0,0.0,0.0,1.0,1.0,1.0,0.0,0.0,0.0,1.0,1.0,1.0,0.0,0.0,0.0,0.0,0.0,1.0,1.0,1.0,1.0,1.0,1.0,3.0,1.0,1.0,1.0,1.0,1.0,0.0,1.0,1.0,1.0,1.0,1.0,0.0,1.0,8.0,0.0,1.0,1.0,1.0,0.8,7.0,9.0,0.777778,1.0,0.859259
dataset-v2,v2,extraction-v2,hybrid-v1,weak_serp,94.7368,,натяжные потолки Санкт-Петербург,натяжные потолки,commercial,Санкт-Петербург,2,https://evita-potolki.ru/,evita-potolki.ru,2,0,,,homepage,ok,,artifacts\query--7c9a93d5c58d44f2.json,560940240f7e329c44c7f57beb4fe55b7524e3e9,1103956,94.7368,24559.0,973617.0,3391.0,1271.0,0.37481568858743736,5.9646,252.0,13.4563,58.0,1.0,42.0,33.0,76.0,1.0,60.0,1.0,147.0,0.0,1.0,1.0,110.0,2.0,1.0,0.5,0.25,37.0,0.75,32.0,0.032439,1.0,260.0,92.0,155.0,36.0,4.0,24.0,6.0,58.4655,76.673548,27.13064,45.70923,10.616337,0.025224,0.461364,1.0,1.0,13.042308,1.310345,0.461364,0.230682,0.346023,0.375,0.461364,0.7625,0.909091,0.986207,0.918706,0.172926,0.461364,200.0,1.0,0.0,0.0,1.0,1.0,1.0,0.0,0.0,0.0,1.0,1.0,1.0,0.0,0.0,0.0,0.0,0.0,1.0,1.0,1.0,1.0,1.0,1.0,3.0,1.0,1.0,1.0,1.0,1.0,0.0,1.0,1.0,1.0,1.0,0.0,1.0,1.0,7.0,1.0,1.0,1.0,1.0,1.0,8.0,8.0,0.888889,0.888889,0.925926
dataset-v2,v2,extraction-v2,hybrid-v1,weak_serp,89.4737,,натяжные потолки Санкт-Петербург,натяжные потолки,commercial,Санкт-Петербург,2,https://spbpotolok.com/,spbpotolok.com,3,0,,,homepage,ok,,artifacts\query--4646341d272790a3.json,7324ecf3cdfb1409f60746422001c51af4954dca,281663,89.4737,21701.0,180948.0,3441.0,1124.0,0.3266492298750363,5.1427,299.0,11.5084,44.0,1.0,1.0,0.0,2.0,1.0,68.0,1.0,191.0,0.0,0.0,0.0,74.0,3.0,2.0,0.75,0.5,3.0,0.75,12.0,0.021505,1.0,165.0,99.0,136.0,54.0,15.0,49.0,3.266667,78.2045,47.951177,28.770706,39.523394,15.693112,0.119929,0.405295,1.0,1.0,20.854545,0.045455,0.405295,0.303971,0.303971,0.5625,0.405295,0.85,0.763636,0.682759,0.716846,0.132389,0.405295,200.0,1.0,0.0,0.0,0.0,0.0,0.0,0.0,0.0,0.0,1.0,1.0,1.0,0.0,0.0,0.0,0.0,0.0,1.0,1.0,1.0,0.75,0.95,1.0,2.0,1.0,1.0,1.0,1.0,1.0,1.0,0.0,1.0,1.0,1.0,0.0,1.0,1.0,33.0,0.0,1.0,1.0,1.0,0.8,8.0,8.0,0.888889,0.888889,0.859259
dataset-v2,v2,extraction-v2,hybrid-v1,weak_serp,84.2105,,натяжные потолки Санкт-Петербург,натяжные потолки,commercial,Санкт-Петербург,2,https://potolki-sankt-peterburg.ru/,potolki-sankt-peterburg.ru,4,0,,,homepage,ok,,artifacts\query--fd1abc3409cb47ed.json,3d8150d31969702683c3e8b50cd28a96f149f930,1246343,84.2105,12646.0,1109381.0,1762.0,744.0,0.42224744608399545,6.0023,95.0,18.5474,54.0,1.0,12.0,9.0,22.0,1.0,68.0,1.0,112.0,0.0,0.0,0.0,93.0,2.0,3.0,0.5,0.75,14.0,0.75,2.0,0.052781,0.75,266.0,21.0,138.0,0.0,4.0,28.0,7.0,32.6296,150.964813,11.918275,78.320091,0.0,0.011399,0.285703,0.5,1.0,6.62406,0.407407,0.214277,0.142851,0.214277,0.375,0.285703,0.6,0.763636,0.772414,0.180477,0.118091,0.285703,200.0,1.0,0.0,0.0,1.0,1.0,1.0,0.0,0.0,0.0,1.0,1.0,1.0,0.0,0.0,0.0,0.0,0.0,1.0,1.0,1.0,1.0,1.0,1.0,2.0,0.0,1.0,1.0,1.0,1.0,0.0,0.0,1.0,1.0,1.0,0.0,1.0,1.0,11.0,1.0,1.0,1.0,1.0,0.8,7.0,7.0,0.777778,0.777778,0.785185
dataset-v2,v2,extraction-v2,hybrid-v1,weak_serp,78.9474,,натяжные потолки Санкт-Петербург,натяжные потолки,commercial,Санкт-Петербург,2,https://potolkilider.ru/,potolkilider.ru,5,0,,,homepage,ok,,artifacts\query--26ddacbfd4ba061d.json,d2c1f40560f91c16a96decf0265e8fa8b4f22b57,485910,78.9474,26899.0,323078.0,3934.0,1403.0,0.35663446873411286,5.5608,294.0,13.381,172.0,1.0,21.0,11.0,33.0,1.0,143.0,1.0,195.0,0.0,0.0,0.0,103.0,4.0,3.0,0.5,0.75,15.0,0.75,23.0,0.026182,1.0,414.0,146.0,372.0,12.0,15.0,159.0,10.6,22.8721,105.236401,37.112354,94.560244,3.05033,0.083259,0.514608,1.0,1.0,9.502415,0.19186,0.514608,0.257304,0.385956,0.375,0.514608,0.7625,0.0,0.655172,0.872733,0.183527,0.514608,200.0,1.0,0.0,0.0,1.0,1.0,0.0,0.0,0.0,0.0,1.0,1.0,1.0,0.0,0.0,0.0,0.0,0.0,1.0,1.0,1.0,1.0,1.0,1.0,7.0,1.0,1.0,1.0,1.0,1.0,1.0,1.0,1.0,1.0,1.0,1.0,1.0,1.0,3.0,1.0,1.0,1.0,1.0,1.0,9.0,9.0,1.0,1.0,1.0
dataset-v2,v2,extraction-v2,hybrid-v1,weak_serp,73.6842,,натяжные потолки Санкт-Петербург,натяжные потолки,commercial,Санкт-Петербург,2,https://master-plus.spb.ru/natyazhnye-potolki/,master-plus.spb.ru,6,0,,,content,ok,,artifacts\query--74059ad1c35fb981.json,086f0ca0db01f3916df533c40d6c1ddbde9f0d42,285359,73.6842,14265.0,208231.0,2084.0,584.0,0.2802303262955854,5.6881,132.0,15.7879,491.0,1.0,3.0,7.0,11.0,1.0,40.0,1.0,204.0,0.0,0.0,0.0,94.0,2.0,3.0,0.5,0.75,18.0,0.5,32.0,0.045106,1.0,96.0,164.0,29.0,9.0,4.0,42.0,10.5,4.2444,46.065259,78.694818,13.915547,4.318618,0.068506,0.365474,1.0,1.0,21.708333,0.022403,0.365474,0.182737,0.182737,0.25,0.365474,0.7,0.727273,0.593103,0.496481,0.102417,0.365474,200.0,1.0,0.0,0.0,0.0,0.0,0.0,0.0,0.0,0.0,1.0,1.0,1.0,0.0,0.0,1.0,0.0,0.0,1.0,0.9,1.0,0.75,0.93,1.0,7.0,1.0,1.0,1.0,1.0,1.0,0.0,1.0,1.0,1.0,1.0,0.0,1.0,1.0,5.0,0.0,1.0,1.0,1.0,0.8,8.0,8.0,0.888889,0.888889,0.859259
dataset-v2,v2,extraction-v2,hybrid-v1,weak_serp,68.4211,,натяжные потолки Санкт-Петербург,натяжные потолки,commercial,Санкт-Петербург,2,https://potolki-spb.ru/,potolki-spb.ru,7,0,,,homepage,ok,,artifacts\query--122065013e3aa8b6.json,6c6031cf057c6f71dd2ef19f9c29fc738f505663,446063,68.4211,10219.0,351726.0,1632.0,535.0,0.3278186274509804,4.9914,184.0,8.8696,43.0,1.0,7.0,1.0,9.0,1.0,63.0,1.0,171.0,0.0,0.0,0.0,56.0,3.0,6.0,0.5,0.75,5.0,0.75,17.0,0.034314,1.0,224.0,92.0,27.0,30.0,14.0,223.0,15.928571,37.9535,137.254902,56.372549,16.544118,18.382353,0.029054,0.516862,1.0,1.0,7.285714,0.209302,0.516862,0.258431,0.387647,0.375,0.516862,0.7625,0.854545,0.82069,0.856209,0.153623,0.516862,200.0,1.0,0.0,0.0,1.0,1.0,1.0,0.0,0.0,0.0,1.0,1.0,1.0,0.0,0.0,0.0,0.0,0.0,1.0,1.0,1.0,1.0,1.0,1.0,7.0,0.0,1.0,1.0,1.0,1.0,0.0,1.0,0.0,1.0,1.0,1.0,0.0,1.0,8.0,1.0,1.0,1.0,1.0,0.8,7.0,7.0,0.777778,0.777778,0.785185
dataset-v2,v2,extraction-v2,hybrid-v1,weak_serp,63.1579,,натяжные потолки Санкт-Петербург,натяжные потолки,commercial,Санкт-Петербург,2,https://tuspb.ru/,tuspb.ru,8,0,,,homepage,ok,,artifacts\query--f74391a14f8b616a.json,a36f90d9d6a19c26f8f9e1ac29eba1c06bce65ff,392641,63.1579,49945.0,193948.0,6412.0,1785.0,0.27838427947598254,6.5633,537.0,11.9404,265.0,3.0,13.0,92.0,108.0,1.0,94.0,1.0,265.0,0.0,0.0,0.0,54.0,4.0,4.0,1.0,1.0,20.0,0.75,12.0,0.008422,1.0,190.0,113.0,88.0,3.0,5.0,72.0,14.4,24.1962,29.63194,17.623206,13.724267,0.467873,0.257517,0.443071,1.0,1.0,33.747368,0.407547,0.443071,0.443071,0.332303,0.75,0.443071,0.9375,0.290909,0.172414,0.280724,0.123344,0.443071,200.0,1.0,0.0,0.0,0.0,0.0,0.0,0.0,0.0,0.0,1.0,1.0,1.0,0.0,0.0,0.0,0.0,0.0,1.0,1.0,1.0,0.75,0.95,1.0,2.0,1.0,1.0,0.0,1.0,1.0,1.0,1.0,1.0,1.0,1.0,0.0,1.0,1.0,31.0,1.0,1.0,1.0,1.0,0.8,8.0,7.0,0.888889,0.777778,0.822222
dataset-v2,v2,extraction-v2,hybrid-v1,weak_serp,57.8947,,натяжные потолки Санкт-Петербург,натяжные потолки,commercial,Санкт-Петербург,2,https://markakachestva.ru/amenities/3782-luchshie-firmy-natjazhnyh-potolkov-v-sankt-peterburge.html,markakachestva.ru,9,0,,,content,ok,,artifacts\query--881ff2b06d37a00b.json,51e5b5bbe84d840cdf8e01dba0bad2c46e867225,613912,57.8947,39343.0,469061.0,5527.0,1945.0,0.35190881129003077,5.8929,420.0,13.1595,239.0,1.0,11.0,0.0,12.0,1.0,66.0,1.0,233.0,0.0,0.0,0.0,83.0,1.0,1.0,0.25,0.25,4.0,0.75,12.0,0.015017,1.0,203.0,152.0,230.0,45.0,4.0,23.0,5.75,23.1255,36.728786,27.501357,41.613895,8.141849,0.083876,0.429492,1.0,1.0,27.226601,0.050209,0.429492,0.107373,0.322119,0.1875,0.429492,0.675,0.8,0.393103,0.500573,0.151142,0.429492,200.0,1.0,0.0,0.0,1.0,1.0,0.0,0.0,0.0,0.0,1.0,1.0,1.0,0.0,0.0,2.0,0.0,0.0,1.0,0.8,1.0,1.0,0.96,1.0,14.0,0.0,1.0,1.0,1.0,1.0,0.0,1.0,1.0,1.0,1.0,1.0,0.0,1.0,1.0,1.0,1.0,1.0,1.0,0.8,7.0,8.0,0.777778,0.888889,0.822222
dataset-v2,v2,extraction-v2,hybrid-v1,weak_serp,52.6316,,натяжные потолки Санкт-Петербург,натяжные потолки,commercial,Санкт-Петербург,2,https://metrpotolok.ru/,metrpotolok.ru,10,0,,,homepage,ok,,artifacts\query--c7c5c1eb2ab3ac0e.json,6b2ac90a4fe9387c336c5b82505808bcaf397076,1716062,52.6316,17542.0,1557488.0,2441.0,817.0,0.33469889389594426,6.0377,186.0,13.1237,11.0,2.0,7.0,0.0,9.0,1.0,66.0,1.0,165.0,0.0,0.0,0.0,77.0,3.0,1.0,0.75,0.25,10.0,0.75,5.0,0.031544,0.75,472.0,99.0,142.0,48.0,2.0,18.0,9.0,221.9091,193.363376,40.557149,58.17288,19.664072,0.011263,0.366422,1.0,1.0,5.17161,0.818182,0.274817,0.274817,0.274817,0.5625,0.366422,0.8125,0.8,0.862069,0.711389,0.122641,0.366422,200.0,1.0,0.0,0.0,1.0,1.0,0.0,0.0,0.0,0.0,1.0,1.0,0.0,0.0,0.0,0.0,0.0,0.0,1.0,1.0,0.5,1.0,0.9,1.0,2.0,1.0,1.0,1.0,1.0,1.0,0.0,1.0,1.0,1.0,1.0,0.0,0.0,1.0,10.0,1.0,1.0,1.0,1.0,1.0,7.0,8.0,0.777778,0.888889,0.888889
dataset-v2,v2,extraction-v2,hybrid-v1,weak_serp,100.0,,натяжные потолки Екатеринбург,натяжные потолки,commercial,Екатеринбург,54,https://ekat.steklodom.com/ceiling/,ekat.steklodom.com,1,0,,,content,ok,,artifacts\query--fb614c722486573c.json,abb52b63c44661b4ed8ba4b10b4e4eb61e0b4e65,1510430,100.0,23662.0,1379567.0,3550.0,1059.0,0.2983098591549296,5.3085,149.0,23.8255,12.0,1.0,8.0,0.0,9.0,1.0,82.0,1.0,195.0,0.0,0.0,0.0,40.0,2.0,0.0,0.666667,0.0,2.0,0.666667,15.0,0.011268,1.0,284.0,405.0,124.0,1.0,5.0,112.0,22.4,295.8333,80.0,114.084507,34.929577,0.28169,0.017152,0.4004,1.0,1.0,12.5,0.75,0.4004,0.266933,0.266933,0.444444,0.4004,0.8,0.509091,0.655172,0.375587,0.119443,0.4004,200.0,1.0,0.0,0.0,0.0,0.0,0.0,0.0,0.0,0.0,1.0,1.0,1.0,0.0,0.0,1.0,0.0,0.0,1.0,0.9,1.0,0.75,0.93,1.0,18.0,0.0,1.0,1.0,1.0,1.0,1.0,1.0,1.0,1.0,1.0,1.0,0.0,1.0,5.0,1.0,1.0,1.0,1.0,0.8,8.0,8.0,0.888889,0.888889,0.859259
dataset-v2,v2,extraction-v2,hybrid-v1,weak_serp,94.7368,,натяжные потолки Екатеринбург,натяжные потолки,commercial,Екатеринбург,54,https://markakachestva.ru/amenities/9043-luchshie-firmy-natjazhnyh-potolkov-v-ekaterinburge-rejting.html,markakachestva.ru,2,0,,,content,ok,,artifacts\query--099d93b592792d2d.json,c20c95e4ea76a4f6c99c2af8bba864f02a773615,459780,94.7368,13555.0,393884.0,1825.0,889.0,0.48712328767123286,6.2022,147.0,12.415,37.0,1.0,5.0,0.0,6.0,1.0,62.0,1.0,211.0,0.0,0.0,0.0,9.0,0.0,0.0,0.0,0.0,0.0,0.0,1.0,0.004932,1.0,132.0,90.0,84.0,26.0,3.0,16.0,5.333333,49.3243,72.328767,49.315068,46.027397,14.246575,0.034414,0.371852,0.333333,1.0,13.825758,0.162162,0.371852,0.0,0.0,0.0,0.371852,0.233333,0.872727,0.544828,0.164384,0.181138,0.371852,200.0,1.0,0.0,0.0,1.0,1.0,0.0,0.0,0.0,0.0,1.0,1.0,1.0,0.0,0.0,2.0,0.0,0.0,1.0,0.8,1.0,1.0,0.96,1.0,5.0,0.0,1.0,1.0,1.0,1.0,0.0,0.0,1.0,1.0,1.0,1.0,0.0,1.0,1.0,1.0,1.0,1.0,1.0,0.8,6.0,8.0,0.666667,0.888889,0.785185
dataset-v2,v2,extraction-v2,hybrid-v1,weak_serp,89.4737,,натяжные потолки Екатеринбург,натяжные потолки,commercial,Екатеринбург,54,https://luxpotolok.pro/,luxpotolok.pro,3,0,,,homepage,ok,,artifacts\query--0d15ac604e84d29d.json,621bd88300b7711864a52a05cc8bfd41ac35a65c,154014,89.4737,9902.0,85858.0,1457.0,687.0,0.47151681537405626,5.5903,92.0,15.837,12.0,1.0,9.0,3.0,13.0,1.0,70.0,1.0,173.0,0.0,0.0,0.0,68.0,2.0,0.0,0.666667,0.0,4.0,0.666667,29.0,0.046671,1.0,183.0,68.0,69.0,6.0,4.0,31.0,7.75,121.4167,125.600549,46.671242,47.357584,4.118051,0.11533,0.57084,1.0,1.0,7.961749,1.083333,0.57084,0.38056,0.38056,0.444444,0.554476,0.8,0.727273,0.806897,0.444292,0.217871,0.57084,200.0,1.0,0.0,0.0,1.0,1.0,0.0,0.0,0.0,0.0,1.0,1.0,1.0,0.0,0.0,0.0,0.0,0.0,1.0,1.0,1.0,1.0,1.0,1.0,8.0,0.0,1.0,1.0,1.0,1.0,0.0,1.0,1.0,1.0,1.0,1.0,1.0,1.0,2.0,1.0,1.0,1.0,1.0,0.8,8.0,8.0,0.888889,0.888889,0.859259
dataset-v2,v2,extraction-v2,hybrid-v1,weak_serp,84.2105,,натяжные потолки Екатеринбург,натяжные потолки,commercial,Екатеринбург,54,https://natyazhniepotolkiekb.ru/,natyazhniepotolkiekb.ru,4,0,,,homepage,ok,,artifacts\query--0543e05051fc4197.json,14c24d931689a68bfddb39a48aea9d46cb204501,654159,84.2105,15869.0,566171.0,2265.0,781.0,0.3448123620309051,5.8693,95.0,23.8421,31.0,1.0,7.0,12.0,20.0,1.0,55.0,1.0,219.0,1.0,1.0,1.0,37.0,3.0,1.0,1.0,0.333333,4.0,0.666667,5.0,0.016336,1.0,131.0,85.0,205.0,8.0,7.0,91.0,13.0,73.0645,57.836645,37.527594,90.507726,3.532009,0.028029,0.44986,1.0,1.0,17.290076,0.645161,0.44986,0.44986,0.299907,0.666667,0.44986,0.916667,1.0,0.489655,0.544518,0.155117,0.44986,200.0,1.0,0.0,0.0,1.0,1.0,0.0,0.0,0.0,0.0,1.0,1.0,0.0,0.0,0.0,0.0,0.0,0.0,1.0,1.0,0.5,1.0,0.9,1.0,4.0,0.0,1.0,1.0,1.0,1.0,0.0,0.0,1.0,1.0,1.0,0.0,1.0,1.0,8.0,1.0,1.0,1.0,1.0,0.8,7.0,7.0,0.777778,0.777778,0.785185
dataset-v2,v2,extraction-v2,hybrid-v1,weak_serp,78.9474,,натяжные потолки Екатеринбург,натяжные потолки,commercial,Екатеринбург,54,https://ekapotolok.ru/,ekapotolok.ru,5,0,,,homepage,ok,,artifacts\query--f0efc7b67a9c3da8.json,b13a358a0cb1dd838a7b5989f61bbab4a8c8c5d8,463347,78.9474,9477.0,406330.0,1431.0,399.0,0.27882599580712786,5.5451,37.0,38.6757,26.0,1.0,1.0,6.0,8.0,1.0,69.0,1.0,174.0,0.0,0.0,0.0,26.0,2.0,2.0,0.666667,0.666667,2.0,0.666667,2.0,0.018169,0.666667,81.0,45.0,283.0,66.0,5.0,66.0,13.2,55.0385,56.603774,31.446541,197.763802,46.121593,0.023323,0.514532,0.666667,1.0,17.666667,0.307692,0.343021,0.343021,0.343021,0.444444,0.490864,0.666667,0.745455,0.8,0.403758,0.114055,0.514532,200.0,1.0,0.0,0.0,1.0,1.0,0.0,0.0,0.0,0.0,1.0,1.0,0.0,0.0,0.0,0.0,0.0,0.0,1.0,1.0,0.5,1.0,0.9,1.0,1.0,1.0,1.0,1.0,0.0,1.0,0.0,0.0,1.0,1.0,1.0,0.0,0.0,1.0,9.0,1.0,1.0,1.0,1.0,1.0,5.0,8.0,0.555556,0.888889,0.814815
dataset-v2,v2,extraction-v2,hybrid-v1,weak_serp,73.6842,,натяжные потолки Екатеринбург,натяжные потолки,commercial,Екатеринбург,54,https://vipceiling.ru/ekb/,vipceiling.ru,6,0,,,content,ok,,artifacts\query--b8ea007deca0bc91.json,6705b369938c3be73194e0694b869cc54d9984ec,457684,73.6842,8003.0,373649.0,1182.0,578.0,0.4890016920473773,5.665,58.0,20.3793,60.0,0.0,9.0,17.0,26.0,1.0,46.0,1.0,129.0,0.0,0.0,0.0,13.0,2.0,2.0,0.666667,0.666667,1.0,0.333333,6.0,0.010998,1.0,263.0,64.0,238.0,0.0,2.0,8.0,4.0,19.7,222.50423,54.145516,201.353638,0.0,0.021418,0.484174,1.0,1.0,4.494297,0.433333,0.484174,0.322783,0.161391,0.222222,0.381529,0.716667,0.836364,0.889655,0.36661,0.155474,0.484174,200.0,1.0,0.0,0.0,1.0,1.0,0.0,0.0,0.0,0.0,1.0,1.0,1.0,0.0,0.0,1.0,0.0,0.0,1.0,0.9,1.0,1.0,0.98,1.0,10.0,0.0,1.0,1.0,1.0,1.0,0.0,1.0,1.0,1.0,1.0,0.0,0.0,1.0,1.0,1.0,1.0,1.0,1.0,0.8,7.0,7.0,0.777778,0.777778,0.785185
dataset-v2,v2,extraction-v2,hybrid-v1,weak_serp,68.4211,,натяжные потолки Екатеринбург,натяжные потолки,commercial,Екатеринбург,54,https://potolokmt.ru/,potolokmt.ru,7,0,,,homepage,ok,,artifacts\query--571d84003784415b.json,0ac966cd9dc7aadaaf60976348c2bb717d7a258e,642615,68.4211,16892.0,567755.0,2410.0,692.0,0.2871369294605809,5.7365,182.0,13.2418,142.0,2.0,0.0,0.0,2.0,1.0,67.0,1.0,123.0,0.0,0.0,0.0,119.0,2.0,0.0,0.666667,0.0,4.0,0.666667,8.0,0.049378,1.0,97.0,24.0,169.0,31.0,7.0,70.0,10.0,16.9718,40.248963,9.958506,70.124481,12.863071,0.029752,0.469467,1.0,1.0,24.845361,0.014085,0.469467,0.312978,0.312978,0.444444,0.469467,0.8,0.781818,0.848276,0.35408,0.134801,0.469467,200.0,1.0,0.0,0.0,1.0,1.0,0.0,0.0,0.0,0.0,1.0,1.0,0.0,0.0,0.0,0.0,0.0,0.0,1.0,1.0,0.5,1.0,0.9,1.0,5.0,0.0,1.0,1.0,1.0,1.0,0.0,1.0,1.0,1.0,1.0,1.0,0.0,1.0,5.0,1.0,1.0,1.0,1.0,0.8,7.0,8.0,0.777778,0.888889,0.822222
dataset-v2,v2,extraction-v2,hybrid-v1,weak_serp,57.8947,,натяжные потолки Екатеринбург,натяжные потолки,commercial,Екатеринбург,54,https://tehnos24.ru/,tehnos24.ru,9,0,,,homepage,ok,,artifacts\query--082e1c4f7e8a02f5.json,933733c7d25e4f3d5de92d487b9ee084e6e8bc8f,493278,57.8947,16745.0,355403.0,2280.0,1070.0,0.4692982456140351,6.1171,169.0,13.4911,45.0,2.0,1.0,8.0,11.0,1.0,66.0,1.0,169.0,0.0,0.0,0.0,41.0,2.0,2.0,0.666667,0.666667,0.0,0.0,12.0,0.017982,1.0,253.0,7.0,46.0,9.0,2.0,16.0,8.0,50.6667,110.964912,3.070175,20.175439,3.947368,0.047116,0.448941,1.0,1.0,9.011858,0.244444,0.448941,0.299294,0.0,0.0,0.448941,0.633333,0.8,0.834483,0.599415,0.210687,0.448941,200.0,1.0,0.0,0.0,0.0,0.0,0.0,0.0,0.0,0.0,1.0,1.0,1.0,0.0,0.0,0.0,0.0,0.0,1.0,1.0,1.0,0.75,0.95,1.0,2.0,1.0,1.0,1.0,1.0,1.0,0.0,1.0,1.0,1.0,1.0,0.0,1.0,1.0,4.0,1.0,1.0,1.0,1.0,1.0,8.0,8.0,0.888889,0.888889,0.925926
dataset-v2,v2,extraction-v2,hybrid-v1,weak_serp,52.6316,,натяжные потолки Екатеринбург,натяжные потолки,commercial,Екатеринбург,54,https://potolok-eka.ru/,potolok-eka.ru,10,0,,,homepage,ok,,artifacts\query--fbb8c54a949b80bf.json,b21d3d6c2552fe86a0aaec7d73fcaa477ca57c54,283063,52.6316,7982.0,248898.0,1117.0,592.0,0.5299910474485229,5.9033,91.0,12.2747,1.0,1.0,0.0,0.0,1.0,1.0,46.0,1.0,251.0,1.0,1.0,1.0,28.0,3.0,2.0,1.0,0.666667,2.0,0.666667,7.0,0.025067,1.0,30.0,15.0,99.0,14.0,5.0,24.0,4.8,1117.0,26.857654,13.428827,88.63026,12.533572,0.032069,0.365039,1.0,1.0,37.233333,1.0,0.365039,0.365039,0.243359,0.666667,0.271832,0.916667,0.836364,0.268966,0.835571,0.120057,0.365039,200.0,1.0,0.0,0.0,1.0,1.0,0.0,0.0,0.0,0.0,1.0,1.0,0.0,0.0,0.0,0.0,0.0,0.0,1.0,1.0,0.5,1.0,0.9,1.0,1.0,0.0,1.0,0.0,1.0,1.0,0.0,1.0,1.0,1.0,1.0,0.0,0.0,1.0,5.0,1.0,1.0,1.0,1.0,0.6,6.0,6.0,0.666667,0.666667,0.644444
dataset-v2,v2,extraction-v2,hybrid-v1,weak_serp,100.0,,натяжные потолки Новосибирск,натяжные потолки,commercial,Новосибирск,65,https://sibirpotolki.ru/,sibirpotolki.ru,1,0,,,homepage,ok,,artifacts\query--f5f9be72d170897e.json,a0419ddb1b881f26341aeec03d1581837aab641c,117227,100.0,8480.0,76708.0,1259.0,556.0,0.4416203335980937,5.4512,76.0,16.5658,66.0,1.0,10.0,0.0,11.0,1.0,74.0,1.0,149.0,1.0,1.0,1.0,14.0,3.0,2.0,1.0,0.666667,3.0,0.666667,10.0,0.01112,1.0,90.0,44.0,42.0,27.0,5.0,42.0,8.4,19.0758,71.485306,34.948372,33.359809,21.445592,0.110549,0.454811,1.0,1.0,13.988889,0.166667,0.454811,0.454811,0.303207,0.666667,0.381738,0.916667,0.654545,0.972414,0.370665,0.140486,0.454811,200.0,1.0,0.0,0.0,1.0,1.0,0.0,0.0,0.0,0.0,1.0,1.0,0.0,0.0,0.0,0.0,0.0,0.0,1.0,1.0,0.5,1.0,0.9,1.0,3.0,0.0,1.0,1.0,1.0,1.0,0.0,1.0,1.0,0.0,1.0,0.0,1.0,1.0,2.0,0.0,1.0,1.0,1.0,0.6,8.0,6.0,0.888889,0.666667,0.718519
dataset-v2,v2,extraction-v2,hybrid-v1,weak_serp,94.7368,,натяжные потолки Новосибирск,натяжные потолки,commercial,Новосибирск,65,https://vipceiling.ru/nsk/,vipceiling.ru,2,0,,,content,ok,,artifacts\query--ac4ce39280b20b42.json,ef102944f7b9091e520598f8f99626cae0c82c82,457582,94.7368,7999.0,373498.0,1173.0,580.0,0.49445865302642794,5.7195,57.0,20.5789,60.0,0.0,9.0,17.0,26.0,1.0,45.0,1.0,128.0,0.0,0.0,0.0,13.0,2.0,2.0,0.666667,0.666667,1.0,0.333333,6.0,0.011083,1.0,264.0,64.0,238.0,0.0,2.0,8.0,4.0,19.55,225.063939,54.560955,202.898551,0.0,0.021416,0.417847,1.0,1.0,4.443182,0.433333,0.417847,0.278565,0.139282,0.222222,0.326756,0.716667,0.818182,0.882759,0.369423,0.13464,0.417847,200.0,1.0,0.0,0.0,1.0,1.0,0.0,0.0,0.0,0.0,1.0,1.0,1.0,0.0,0.0,1.0,0.0,0.0,1.0,0.9,1.0,1.0,0.98,1.0,12.0,0.0,1.0,1.0,1.0,1.0,0.0,1.0,1.0,1.0,1.0,0.0,0.0,1.0,1.0,1.0,1.0,1.0,1.0,0.8,7.0,7.0,0.777778,0.777778,0.785185
dataset-v2,v2,extraction-v2,hybrid-v1,weak_serp,89.4737,,натяжные потолки Новосибирск,натяжные потолки,commercial,Новосибирск,65,https://новосибирск.натяжные-потолки24.рф/,новосибирск.натяжные-потолки24.рф,3,0,,,homepage,ok,,artifacts\query--0627241b99089410.json,1f82665a61499daa246ed2f8377402118c943131,266941,89.4737,22667.0,173049.0,3343.0,1356.0,0.4056236912952438,5.5208,328.0,10.1921,37.0,1.0,3.0,0.0,4.0,1.0,58.0,1.0,234.0,0.0,0.0,0.0,55.0,2.0,2.0,0.666667,0.666667,3.0,0.666667,11.0,0.016452,1.0,222.0,97.0,209.0,28.0,5.0,26.0,5.2,90.3514,66.407418,29.015854,62.518696,8.37571,0.130986,0.420706,1.0,1.0,15.058559,0.108108,0.420706,0.280471,0.280471,0.444444,0.420706,0.8,0.945455,0.386207,0.54841,0.170648,0.420706,200.0,1.0,0.0,0.0,1.0,1.0,0.0,0.0,0.0,0.0,1.0,1.0,1.0,0.0,0.0,0.0,0.0,0.0,1.0,1.0,1.0,1.0,1.0,1.0,2.0,0.0,1.0,1.0,1.0,1.0,0.0,1.0,1.0,1.0,1.0,0.0,1.0,1.0,7.0,0.0,1.0,1.0,1.0,0.6,8.0,7.0,0.888889,0.777778,0.755556
dataset-v2,v2,extraction-v2,hybrid-v1,weak_serp,84.2105,,натяжные потолки Новосибирск,натяжные потолки,commercial,Новосибирск,65,https://mirpotolkov-54.ru/,mirpotolkov-54.ru,4,0,,,homepage,ok,,artifacts\query--92c245614a15a48d.json,cf3a471b905fef1db0bfea77bfc41402d761ba06,178768,84.2105,12987.0,117731.0,2034.0,847.0,0.41642084562438547,5.236,131.0,15.5267,9.0,1.0,2.0,12.0,15.0,1.0,60.0,1.0,171.0,1.0,1.0,3.0,71.0,3.0,3.0,1.0,1.0,9.0,1.0,24.0,0.034907,1.0,107.0,90.0,67.0,0.0,7.0,96.0,13.714286,226.0,52.605703,44.247788,32.94002,0.0,0.110311,0.341573,1.0,1.0,19.009346,1.666667,0.341573,0.341573,0.341573,1.0,0.341573,1.0,0.909091,0.82069,0.836447,0.142238,0.341573,200.0,1.0,0.0,0.0,1.0,1.0,1.0,0.0,0.0,0.0,1.0,1.0,1.0,0.0,0.0,0.0,0.0,0.0,1.0,1.0,1.0,1.0,1.0,1.0,6.0,1.0,1.0,1.0,1.0,1.0,0.0,1.0,1.0,0.0,1.0,1.0,1.0,1.0,6.0,1.0,1.0,1.0,1.0,1.0,8.0,8.0,0.888889,0.888889,0.925926
dataset-v2,v2,extraction-v2,hybrid-v1,weak_serp,78.9474,,натяжные потолки Новосибирск,натяжные потолки,commercial,Новосибирск,65,https://alansa.ru/,alansa.ru,5,0,,,homepage,ok,,artifacts\query--4b09e7d3191cf63e.json,734b1ef2ae4c0d43a898f1695fa68ea9af935c89,1092875,78.9474,25130.0,961990.0,3736.0,1368.0,0.36616702355460384,5.557,295.0,12.6644,77.0,1.0,14.0,1.0,16.0,1.0,51.0,1.0,125.0,1.0,1.0,1.0,118.0,3.0,2.0,1.0,0.666667,4.0,0.666667,52.0,0.031585,1.0,180.0,97.0,94.0,57.0,6.0,100.0,16.666667,48.5195,48.179872,25.963597,25.1606,15.256959,0.026123,0.4585,1.0,1.0,20.755556,0.207792,0.4585,0.4585,0.305667,0.666667,0.4585,0.916667,0.927273,0.862069,0.947181,0.167888,0.4585,200.0,1.0,0.0,0.0,1.0,1.0,1.0,0.0,0.0,0.0,1.0,1.0,1.0,0.0,0.0,0.0,0.0,0.0,1.0,1.0,1.0,1.0,1.0,1.0,9.0,1.0,1.0,1.0,1.0,1.0,1.0,1.0,1.0,1.0,1.0,1.0,1.0,1.0,2.0,1.0,1.0,1.0,1.0,1.0,9.0,9.0,1.0,1.0,1.0
dataset-v2,v2,extraction-v2,hybrid-v1,weak_serp,73.6842,,натяжные потолки Новосибирск,натяжные потолки,commercial,Новосибирск,65,https://averno.ru/,averno.ru,6,0,,,homepage,ok,,artifacts\query--f7ec44b65a8eeb7e.json,8670ef22c90d2b4e674c0b2f6b8b36ef35520532,572884,73.6842,30753.0,427145.0,5036.0,791.0,0.15706910246227165,4.8382,1066.0,4.7242,57.0,1.0,0.0,0.0,1.0,1.0,51.0,1.0,132.0,0.0,0.0,0.0,78.0,2.0,2.0,0.666667,0.666667,2.0,0.666667,38.0,0.015488,0.666667,266.0,232.0,370.0,16.0,7.0,78.0,11.142857,88.3509,52.819698,46.068308,73.471009,3.177125,0.071997,0.542292,1.0,1.0,18.932331,0.017544,0.361528,0.361528,0.361528,0.444444,0.542292,0.75,0.927273,0.910345,0.344189,0.085177,0.542292,200.0,1.0,0.0,0.0,1.0,1.0,1.0,0.0,0.0,0.0,1.0,1.0,1.0,0.0,0.0,0.0,0.0,0.0,1.0,1.0,1.0,1.0,1.0,1.0,7.0,1.0,1.0,1.0,1.0,1.0,0.0,0.0,1.0,1.0,1.0,0.0,0.0,1.0,1.0,1.0,1.0,1.0,1.0,1.0,6.0,8.0,0.666667,0.888889,0.851852
dataset-v2,v2,extraction-v2,hybrid-v1,weak_serp,68.4211,,натяжные потолки Новосибирск,натяжные потолки,commercial,Новосибирск,65,https://nskpotolki.ru/,nskpotolki.ru,7,0,,,homepage,ok,,artifacts\query--763ce11033d61ff6.json,f5aa4cb7f95bc8ea1ddddc0a0d379d9957793981,221513,68.4211,15062.0,130280.0,2104.0,864.0,0.41064638783269963,5.866,97.0,21.6907,57.0,1.0,9.0,49.0,59.0,1.0,66.0,1.0,144.0,0.0,0.0,0.0,32.0,2.0,2.0,0.666667,0.666667,2.0,0.666667,11.0,0.015209,1.0,151.0,62.0,221.0,24.0,3.0,54.0,18.0,36.9123,71.768061,29.467681,105.038023,11.406844,0.115613,0.428201,1.0,1.0,13.933775,1.035088,0.428201,0.285467,0.285467,0.444444,0.428201,0.8,0.8,0.993103,0.506971,0.175839,0.428201,200.0,1.0,0.0,0.0,1.0,1.0,1.0,0.0,0.0,0.0,1.0,1.0,1.0,0.0,0.0,0.0,0.0,0.0,1.0,1.0,1.0,1.0,1.0,1.0,2.0,1.0,1.0,1.0,1.0,1.0,1.0,0.0,1.0,0.0,1.0,0.0,1.0,1.0,10.0,1.0,1.0,1.0,1.0,1.0,8.0,7.0,0.888889,0.777778,0.888889
dataset-v2,v2,extraction-v2,hybrid-v1,weak_serp,63.1579,,натяжные потолки Новосибирск,натяжные потолки,commercial,Новосибирск,65,https://www.avanta-nsk.ru/,avanta-nsk.ru,8,0,,,homepage,ok,,artifacts\query--9f2b348df0fcfc98.json,3f5fa2d64e5963d74ba673e3c4b2be3a6621faca,248913,63.1579,5454.0,209148.0,805.0,384.0,0.47701863354037266,5.6112,41.0,19.6341,91.0,1.0,3.0,16.0,20.0,1.0,60.0,1.0,138.0,0.0,0.0,0.0,17.0,3.0,3.0,1.0,1.0,2.0,0.666667,13.0,0.021118,1.0,71.0,55.0,33.0,2.0,3.0,35.0,11.666667,8.8462,88.198758,68.322981,40.993789,2.484472,0.026077,0.474884,1.0,1.0,11.338028,0.21978,0.474884,0.474884,0.316589,0.666667,0.254854,0.916667,0.909091,0.951724,0.703934,0.101309,0.474884,200.0,1.0,0.0,0.0,0.0,0.0,1.0,0.0,0.0,0.0,1.0,1.0,1.0,0.0,0.0,0.0,0.0,0.0,1.0,1.0,1.0,0.75,0.95,1.0,1.0,0.0,1.0,1.0,1.0,1.0,0.0,0.0,0.0,1.0,1.0,0.0,1.0,1.0,10.0,0.0,1.0,1.0,1.0,0.6,7.0,6.0,0.777778,0.666667,0.681481
dataset-v2,v2,extraction-v2,hybrid-v1,weak_serp,57.8947,,натяжные потолки Новосибирск,натяжные потолки,commercial,Новосибирск,65,https://milana-novosib.ru/,milana-novosib.ru,9,0,,,homepage,ok,,artifacts\query--681767f5613fd881.json,1e98f52dea727e8d74e63f4983d597d59553b191,223309,57.8947,14172.0,137688.0,2080.0,787.0,0.3783653846153846,5.6923,121.0,17.1901,163.0,1.0,14.0,15.0,30.0,1.0,66.0,1.0,191.0,0.0,0.0,0.0,84.0,4.0,2.0,0.666667,0.666667,6.0,0.666667,25.0,0.040385,1.0,137.0,56.0,81.0,35.0,8.0,78.0,9.75,12.7607,65.865385,26.923077,38.942308,16.826923,0.102928,0.464913,1.0,1.0,15.182482,0.184049,0.464913,0.309942,0.309942,0.444444,0.464913,0.8,0.8,0.682759,0.653846,0.175907,0.464913,200.0,1.0,0.0,0.0,1.0,1.0,0.0,0.0,0.0,0.0,1.0,1.0,1.0,0.0,0.0,0.0,0.0,0.0,1.0,1.0,1.0,1.0,1.0,1.0,10.0,1.0,1.0,1.0,1.0,1.0,0.0,1.0,1.0,1.0,1.0,0.0,0.0,1.0,11.0,1.0,1.0,1.0,1.0,1.0,7.0,8.0,0.777778,0.888889,0.888889
dataset-v2,v2,extraction-v2,hybrid-v1,weak_serp,52.6316,,натяжные потолки Новосибирск,натяжные потолки,commercial,Новосибирск,65,https://potolok-v-novosibirske.ru/,potolok-v-novosibirske.ru,10,0,,,homepage,ok,,artifacts\query--4ee7bcc097f45be9.json,4325b6c7d9298212775911595d5b18c2710ab73b,459588,52.6316,2810.0,435641.0,416.0,234.0,0.5625,5.5361,36.0,11.5556,12.0,0.0,0.0,0.0,0.0,1.0,29.0,0.0,0.0,0.0,0.0,0.0,6.0,3.0,0.0,1.0,0.0,0.0,0.0,5.0,0.014423,1.0,19.0,30.0,20.0,21.0,3.0,20.0,6.666667,34.6667,45.673077,72.115385,48.076923,50.480769,0.00645,0.264589,1.0,1.0,21.894737,0.0,0.264589,0.264589,0.0,0.0,0.073379,0.75,0.527273,0.0,0.480769,0.034397,0.264589,200.0,1.0,0.0,0.0,1.0,1.0,0.0,0.0,0.0,0.0,1.0,1.0,0.0,0.0,0.0,0.0,0.0,0.0,1.0,1.0,0.5,1.0,0.9,1.0,2.0,0.0,1.0,1.0,1.0,1.0,0.0,0.0,1.0,1.0,1.0,0.0,0.0,1.0,2.0,1.0,1.0,1.0,1.0,0.8,6.0,7.0,0.666667,0.777778,0.748148
dataset-v2,v2,extraction-v2,hybrid-v1,weak_serp,100.0,,натяжные потолки Казань,натяжные потолки,commercial,Казань,43,https://kazan-potolki.ru/,kazan-potolki.ru,1,0,,,homepage,ok,,artifacts\query--64161ee1d0ea142d.json,ba08bfa50bbf3e1bba29574191cb4754d7906a5e,222381,100.0,14985.0,131158.0,2104.0,867.0,0.4120722433460076,5.8322,96.0,21.9167,57.0,1.0,9.0,49.0,59.0,1.0,60.0,1.0,138.0,0.0,0.0,0.0,32.0,2.0,2.0,0.666667,0.666667,2.0,0.666667,11.0,0.015209,1.0,151.0,62.0,221.0,24.0,3.0,54.0,18.0,36.9123,71.768061,29.467681,105.038023,11.406844,0.114252,0.26692,1.0,1.0,13.933775,1.035088,0.26692,0.177947,0.177947,0.444444,0.26692,0.8,0.909091,0.951724,0.506971,0.10999,0.26692,200.0,1.0,0.0,0.0,1.0,1.0,1.0,0.0,0.0,0.0,1.0,1.0,1.0,0.0,0.0,0.0,0.0,0.0,1.0,1.0,1.0,1.0,1.0,1.0,2.0,1.0,1.0,1.0,1.0,1.0,1.0,0.0,1.0,0.0,1.0,0.0,1.0,1.0,10.0,1.0,1.0,1.0,1.0,1.0,8.0,7.0,0.888889,0.777778,0.888889
dataset-v2,v2,extraction-v2,hybrid-v1,weak_serp,94.7368,,натяжные потолки Казань,натяжные потолки,commercial,Казань,43,https://www.potolki-servis.ru/,potolki-servis.ru,2,0,,,homepage,ok,,artifacts\query--cc0718cfe236bf13.json,b27690e7c14329b92bb01bbce2bc3969d59207e6,271858,94.7368,18624.0,178212.0,2757.0,1001.0,0.363075807036634,5.6075,126.0,21.881,10.0,1.0,2.0,0.0,3.0,1.0,51.0,1.0,232.0,0.0,0.0,0.0,76.0,2.0,2.0,0.666667,0.666667,2.0,0.666667,4.0,0.027566,1.0,182.0,125.0,183.0,149.0,6.0,12.0,2.0,275.7,66.013783,45.339137,66.376496,54.044251,0.104505,0.348095,1.0,1.0,15.148352,0.3,0.348095,0.232063,0.232063,0.444444,0.348095,0.8,0.927273,0.4,0.918873,0.126385,0.348095,200.0,1.0,0.0,0.0,0.0,0.0,0.0,0.0,0.0,0.0,1.0,1.0,0.0,0.0,0.0,0.0,0.0,0.0,1.0,1.0,0.5,0.75,0.85,1.0,4.0,1.0,1.0,1.0,1.0,1.0,0.0,1.0,1.0,0.0,1.0,0.0,1.0,1.0,25.0,1.0,1.0,1.0,1.0,1.0,8.0,7.0,0.888889,0.777778,0.888889
dataset-v2,v2,extraction-v2,hybrid-v1,weak_serp,89.4737,,натяжные потолки Казань,натяжные потолки,commercial,Казань,43,https://kazan.natpotolok.ru/,kazan.natpotolok.ru,3,0,,,homepage,ok,,artifacts\query--08894d5ec8de1665.json,ada22ee58d5202c627fcafdc62d155f06f50a3fe,138036,89.4737,8865.0,79454.0,1239.0,616.0,0.4971751412429379,5.9742,108.0,11.4722,23.0,1.0,7.0,26.0,34.0,1.0,42.0,1.0,242.0,1.0,1.0,11.0,66.0,3.0,0.0,1.0,0.0,17.0,1.0,17.0,0.053269,1.0,119.0,50.0,48.0,10.0,1.0,5.0,5.0,53.8696,96.045198,40.355125,38.74092,8.071025,0.111574,0.223004,1.0,1.0,10.411765,1.478261,0.223004,0.223004,0.223004,1.0,0.184201,1.0,0.763636,0.331034,0.224374,0.076317,0.223004,200.0,1.0,0.0,0.0,1.0,1.0,0.0,0.0,0.0,0.0,1.0,1.0,1.0,0.0,0.0,0.0,0.0,0.0,1.0,1.0,1.0,1.0,1.0,1.0,3.0,1.0,1.0,1.0,1.0,1.0,0.0,1.0,1.0,0.0,1.0,0.0,0.0,1.0,10.0,1.0,1.0,1.0,1.0,1.0,7.0,7.0,0.777778,0.777778,0.851852
dataset-v2,v2,extraction-v2,hybrid-v1,weak_serp,84.2105,,натяжные потолки Казань,натяжные потолки,commercial,Казань,43,https://potolki-real.ru/,potolki-real.ru,4,0,,,homepage,ok,,artifacts\query--92a46a093e5a1aa6.json,c76f91bebc7ffc5ca49915cdb26e6123851fd8f6,202948,84.2105,18374.0,111655.0,2562.0,1144.0,0.4465261514441842,6.0137,172.0,14.8953,72.0,1.0,12.0,0.0,13.0,1.0,54.0,1.0,175.0,0.0,0.0,0.0,99.0,2.0,3.0,0.666667,0.666667,6.0,0.666667,29.0,0.038642,1.0,170.0,113.0,64.0,7.0,7.0,36.0,5.142857,35.5833,66.354411,44.106167,24.980484,2.73224,0.16456,0.300086,1.0,1.0,15.070588,0.180556,0.300086,0.200057,0.200057,0.444444,0.300086,0.8,0.981818,0.793103,0.711944,0.133996,0.300086,200.0,1.0,0.0,0.0,1.0,1.0,0.0,0.0,0.0,0.0,1.0,1.0,1.0,0.0,0.0,0.0,0.0,0.0,1.0,1.0,1.0,1.0,1.0,1.0,5.0,1.0,1.0,1.0,1.0,1.0,0.0,1.0,1.0,1.0,1.0,0.0,1.0,1.0,10.0,1.0,1.0,1.0,1.0,1.0,8.0,8.0,0.888889,0.888889,0.925926
dataset-v2,v2,extraction-v2,hybrid-v1,weak_serp,78.9474,,натяжные потолки Казань,натяжные потолки,commercial,Казань,43,https://kazanpotolok.ru/,kazanpotolok.ru,5,0,,,homepage,ok,,artifacts\query--e00b0696938ef21e.json,1e6ab36c75c99e6b185174e015b5a9d177c27ab6,150293,78.9474,6023.0,110223.0,861.0,449.0,0.521486643437863,5.8467,62.0,13.8871,27.0,1.0,7.0,21.0,29.0,1.0,77.0,1.0,168.0,0.0,0.0,0.0,51.0,3.0,2.0,0.666667,0.666667,2.0,0.666667,25.0,0.059233,1.0,106.0,38.0,71.0,1.0,3.0,48.0,16.0,31.8889,123.11266,44.134727,82.462253,1.16144,0.054644,0.33195,1.0,1.0,8.122642,1.074074,0.33195,0.2213,0.2213,0.444444,0.190539,0.8,0.6,0.841379,0.025552,0.082803,0.33195,200.0,1.0,0.0,0.0,1.0,1.0,0.0,0.0,0.0,0.0,1.0,1.0,1.0,0.0,0.0,0.0,0.0,0.0,1.0,1.0,1.0,1.0,1.0,1.0,7.0,1.0,1.0,1.0,1.0,1.0,0.0,0.0,1.0,0.0,1.0,0.0,0.0,1.0,6.0,1.0,1.0,1.0,1.0,1.0,6.0,7.0,0.666667,0.777778,0.814815
dataset-v2,v2,extraction-v2,hybrid-v1,weak_serp,73.6842,,натяжные потолки Казань,натяжные потолки,commercial,Казань,43,https://kazan.potolki-natyazhniye.ru/,kazan.potolki-natyazhniye.ru,6,0,,,homepage,ok,,artifacts\query--d368243cf30464fc.json,95ee17db2bfa1b521ea2d8c89f0b49a573cc8125,423161,73.6842,16725.0,289530.0,2346.0,799.0,0.34057971014492755,5.9808,86.0,27.2791,174.0,1.0,10.0,8.0,19.0,1.0,45.0,1.0,268.0,0.0,0.0,0.0,95.0,2.0,1.0,0.666667,0.333333,10.0,0.666667,38.0,0.040494,1.0,280.0,299.0,214.0,0.0,13.0,131.0,10.076923,13.4828,119.352089,127.45098,91.219096,0.0,0.057766,0.18878,1.0,1.0,8.378571,0.109195,0.18878,0.125853,0.125853,0.444444,0.18878,0.8,0.818182,0.151724,0.650185,0.064295,0.18878,200.0,1.0,0.0,0.0,1.0,1.0,1.0,0.0,0.0,0.0,1.0,1.0,1.0,0.0,0.0,0.0,0.0,0.0,1.0,1.0,1.0,1.0,1.0,1.0,1.0,1.0,1.0,1.0,1.0,1.0,1.0,1.0,1.0,1.0,1.0,0.0,0.0,1.0,12.0,1.0,1.0,1.0,1.0,1.0,8.0,8.0,0.888889,0.888889,0.925926
dataset-v2,v2,extraction-v2,hybrid-v1,weak_serp,68.4211,,натяжные потолки Казань,натяжные потолки,commercial,Казань,43,https://kazan.otproffi-potolki.ru/,kazan.otproffi-potolki.ru,7,0,,,homepage,ok,,artifacts\query--4ab0357f5fd500b4.json,bda69646f01b07d065e2607bd4538e4e897fabd9,289001,68.4211,10039.0,245572.0,1380.0,726.0,0.5260869565217391,6.0551,91.0,15.1648,66.0,1.0,10.0,14.0,25.0,1.0,67.0,1.0,125.0,0.0,0.0,0.0,16.0,2.0,3.0,0.666667,0.666667,6.0,0.666667,4.0,0.011594,0.666667,51.0,57.0,60.0,31.0,4.0,18.0,4.5,20.9091,36.956522,41.304348,43.478261,22.463768,0.04088,0.348985,1.0,1.0,27.058824,0.378788,0.232657,0.232657,0.232657,0.444444,0.321066,0.75,0.781818,0.862069,0.257649,0.140757,0.348985,200.0,1.0,0.0,0.0,1.0,1.0,1.0,0.0,0.0,0.0,1.0,1.0,1.0,0.0,0.0,0.0,0.0,0.0,1.0,1.0,1.0,1.0,1.0,1.0,6.0,1.0,0.0,1.0,1.0,1.0,1.0,0.0,1.0,1.0,1.0,1.0,1.0,1.0,12.0,1.0,1.0,1.0,1.0,0.8,7.0,8.0,0.777778,0.888889,0.822222
dataset-v2,v2,extraction-v2,hybrid-v1,weak_serp,63.1579,,натяжные потолки Казань,натяжные потолки,commercial,Казань,43,https://rtpotolki.ru/,rtpotolki.ru,8,0,,,homepage,ok,,artifacts\query--e750fda8692784c2.json,a15591ab99098814ddf0f8337ad0f97be79cdbdc,250231,63.1579,6697.0,215040.0,948.0,470.0,0.4957805907172996,5.8629,78.0,12.1538,8.0,4.0,5.0,5.0,14.0,1.0,71.0,1.0,107.0,0.0,0.0,0.0,36.0,3.0,2.0,0.666667,0.666667,6.0,0.666667,9.0,0.037975,1.0,34.0,21.0,28.0,0.0,1.0,2.0,2.0,118.5,35.864979,22.151899,29.535865,0.0,0.031143,0.363283,1.0,1.0,27.882353,1.75,0.363283,0.242189,0.242189,0.444444,0.229595,0.8,0.709091,0.737931,0.734177,0.094857,0.363283,200.0,1.0,0.0,0.0,1.0,1.0,0.0,0.0,0.0,0.0,1.0,1.0,0.0,0.0,0.0,0.0,0.0,0.0,1.0,1.0,0.5,1.0,0.9,1.0,4.0,1.0,1.0,1.0,0.0,1.0,0.0,1.0,1.0,1.0,1.0,0.0,0.0,1.0,3.0,1.0,1.0,1.0,1.0,1.0,6.0,8.0,0.666667,0.888889,0.851852
dataset-v2,v2,extraction-v2,hybrid-v1,weak_serp,57.8947,,натяжные потолки Казань,натяжные потолки,commercial,Казань,43,https://kazan.potolok-montaz.ru/,kazan.potolok-montaz.ru,9,0,,,homepage,ok,,artifacts\query--9e2d0167406c27d3.json,e372aea4e8a4f745942212248864db41a26d85bf,517175,57.8947,16470.0,402862.0,2312.0,959.0,0.4147923875432526,5.9438,168.0,13.7619,61.0,1.0,21.0,89.0,111.0,1.0,56.0,1.0,174.0,0.0,1.0,1.0,103.0,2.0,1.0,0.666667,0.333333,44.0,1.0,53.0,0.04455,1.0,205.0,155.0,41.0,0.0,5.0,66.0,13.2,37.9016,88.66782,67.041522,17.733564,0.0,0.040882,0.347656,1.0,1.0,11.278049,1.819672,0.347656,0.231771,0.347656,0.666667,0.347656,0.883333,0.981818,0.8,0.514994,0.144205,0.347656,200.0,1.0,0.0,0.0,1.0,1.0,1.0,0.0,0.0,0.0,1.0,1.0,1.0,0.0,0.0,0.0,0.0,0.0,1.0,1.0,1.0,1.0,1.0,1.0,4.0,0.0,1.0,1.0,1.0,1.0,0.0,1.0,1.0,1.0,1.0,0.0,1.0,1.0,15.0,1.0,1.0,1.0,1.0,0.8,8.0,7.0,0.888889,0.777778,0.822222
dataset-v2,v2,extraction-v2,hybrid-v1,weak_serp,52.6316,,натяжные потолки Казань,натяжные потолки,commercial,Казань,43,https://woodceilings.ru/,woodceilings.ru,10,0,,,homepage,ok,,artifacts\query--6a33d8edc2e60245.json,5120ce559c7f0d5bbd8a6825badd61bb8e6852a4,361328,52.6316,6541.0,280175.0,1019.0,376.0,0.3689892051030422,5.2218,75.0,13.5867,8.0,0.0,0.0,9.0,9.0,1.0,41.0,1.0,177.0,0.0,1.0,1.0,20.0,2.0,4.0,0.666667,1.0,0.0,0.0,5.0,0.019627,1.0,187.0,8.0,64.0,6.0,3.0,3.0,1.0,127.375,183.513248,7.850834,62.806673,5.888126,0.023346,0.223694,1.0,1.0,5.449198,1.125,0.223694,0.149129,0.0,0.0,0.151963,0.633333,0.745455,0.77931,0.654236,0.046727,0.223694,200.0,1.0,0.0,0.0,0.0,0.0,0.0,0.0,0.0,0.0,1.0,1.0,1.0,0.0,0.0,0.0,0.0,0.0,1.0,1.0,1.0,0.75,0.95,1.0,2.0,1.0,1.0,1.0,1.0,1.0,0.0,1.0,1.0,1.0,1.0,0.0,1.0,1.0,2.0,1.0,1.0,1.0,1.0,1.0,8.0,8.0,0.888889,0.888889,0.925926
dataset-v2,v2,extraction-v2,hybrid-v1,weak_serp,100.0,,натяжные потолки Краснодар,натяжные потолки,commercial,Краснодар,35,https://potolki-93.ru/ceny,potolki-93.ru,1,0,,,content,ok,,artifacts\query--98a0b416a001d730.json,0a524b7b4f383ed338d7619660927d11eb2a540d,136413,100.0,10188.0,80798.0,1499.0,667.0,0.44496330887258173,5.6224,108.0,13.8796,21.0,1.0,4.0,0.0,5.0,1.0,86.0,1.0,235.0,0.0,0.0,0.0,32.0,2.0,2.0,0.666667,0.666667,6.0,0.666667,12.0,0.021348,1.0,98.0,28.0,99.0,9.0,3.0,20.0,6.666667,71.381,65.376918,18.679119,66.044029,6.004003,0.126092,0.282267,1.0,1.0,15.295918,0.238095,0.282267,0.188178,0.188178,0.444444,0.282079,0.8,0.436364,0.37931,0.711586,0.104596,0.282267,200.0,1.0,0.0,0.0,0.0,0.0,0.0,0.0,0.0,0.0,1.0,1.0,0.0,0.0,0.0,1.0,0.0,0.0,1.0,0.9,0.5,0.75,0.83,1.0,3.0,1.0,1.0,0.0,1.0,1.0,0.0,0.0,1.0,1.0,1.0,0.0,0.0,1.0,10.0,1.0,1.0,1.0,1.0,0.8,5.0,7.0,0.555556,0.777778,0.711111
dataset-v2,v2,extraction-v2,hybrid-v1,weak_serp,94.7368,,натяжные потолки Краснодар,натяжные потолки,commercial,Краснодар,35,https://potolkito.ru/,potolkito.ru,2,0,,,homepage,ok,,artifacts\query--9dbf5ffbf3070ad2.json,92f8e210755d690fff62ef0dab07fa16261ad8c5,446686,94.7368,30458.0,308588.0,4327.0,1532.0,0.3540559278946152,5.8641,395.0,10.9544,99.0,1.0,2.0,4.0,7.0,1.0,51.0,1.0,175.0,0.0,0.0,0.0,63.0,2.0,0.0,0.666667,0.0,6.0,0.666667,7.0,0.01456,1.0,220.0,106.0,60.0,3.0,4.0,52.0,13.0,43.7071,50.843541,24.497342,13.86642,0.693321,0.098701,0.346555,1.0,1.0,19.668182,0.070707,0.346555,0.231037,0.231037,0.444444,0.346555,0.8,0.927273,0.793103,0.485325,0.1227,0.346555,200.0,1.0,0.0,0.0,1.0,1.0,1.0,0.0,0.0,0.0,1.0,1.0,1.0,0.0,0.0,0.0,0.0,0.0,1.0,1.0,1.0,1.0,1.0,1.0,10.0,1.0,1.0,1.0,1.0,1.0,0.0,1.0,1.0,1.0,1.0,1.0,1.0,1.0,2.0,1.0,1.0,1.0,1.0,1.0,8.0,9.0,0.888889,1.0,0.962963
dataset-v2,v2,extraction-v2,hybrid-v1,weak_serp,89.4737,,натяжные потолки Краснодар,натяжные потолки,commercial,Краснодар,35,https://o-potolki.ru/krasnodar,o-potolki.ru,3,0,,,content,ok,,artifacts\query--709de1690a62a94c.json,b7f0c1d1119ca524877019b2765a48857b7d1859,173954,89.4737,11636.0,103027.0,1573.0,719.0,0.4570883661792753,6.2842,60.0,26.2167,72.0,1.0,2.0,3.0,6.0,1.0,56.0,1.0,155.0,0.0,1.0,1.0,108.0,2.0,1.0,0.666667,0.333333,5.0,1.0,20.0,0.068659,1.0,275.0,28.0,247.0,30.0,0.0,0.0,0.0,21.8472,174.825175,17.800381,157.024793,19.071837,0.112941,0.450572,1.0,0.5,5.72,0.083333,0.450572,0.300381,0.450572,0.666667,0.450572,0.883333,0.981818,0.931034,0.0,0.179978,0.225286,200.0,1.0,0.0,0.0,1.0,1.0,0.0,0.0,0.0,0.0,1.0,1.0,1.0,0.0,0.0,1.0,0.0,0.0,1.0,0.9,1.0,1.0,0.98,1.0,1.0,0.0,1.0,1.0,1.0,1.0,0.0,0.0,1.0,1.0,1.0,0.0,0.0,0.0,0.0,0.0,1.0,1.0,1.0,0.6,5.0,7.0,0.555556,0.777778,0.644444
dataset-v2,v2,extraction-v2,hybrid-v1,weak_serp,84.2105,,натяжные потолки Краснодар,натяжные потолки,commercial,Краснодар,35,https://ka-potolki.ru/,ka-potolki.ru,4,0,,,homepage,ok,,artifacts\query--284ff03b6d213435.json,ee9eed50ac93d7e8d0fc312dd04c3ba52f348351,375282,84.2105,23638.0,264237.0,3517.0,1176.0,0.33437588854137046,5.5985,154.0,22.8377,20.0,1.0,0.0,1.0,2.0,1.0,67.0,1.0,218.0,0.0,0.0,0.0,70.0,2.0,2.0,0.666667,0.666667,2.0,0.666667,6.0,0.019903,1.0,195.0,196.0,368.0,376.0,6.0,12.0,2.0,175.85,55.444982,55.729315,104.634632,106.909298,0.089458,0.359417,1.0,1.0,18.035897,0.1,0.359417,0.239611,0.239611,0.444444,0.359417,0.8,0.781818,0.496552,0.663444,0.12018,0.359417,200.0,1.0,0.0,0.0,0.0,0.0,0.0,0.0,0.0,0.0,1.0,1.0,0.0,0.0,0.0,0.0,0.0,0.0,1.0,1.0,0.5,0.75,0.85,1.0,5.0,1.0,1.0,1.0,1.0,1.0,0.0,1.0,1.0,0.0,1.0,0.0,1.0,1.0,31.0,0.0,1.0,1.0,1.0,0.8,8.0,7.0,0.888889,0.777778,0.822222
dataset-v2,v2,extraction-v2,hybrid-v1,weak_serp,78.9474,,натяжные потолки Краснодар,натяжные потолки,commercial,Краснодар,35,https://potolki-ts.ru/krasnodar,potolki-ts.ru,5,0,,,content,ok,,artifacts\query--8e0e9890c2aa64e5.json,0de954452d9fc02683b66df3029a5b6ccc4798fd,412436,78.9474,12481.0,323350.0,1704.0,742.0,0.4354460093896714,6.159,88.0,19.3636,131.0,1.0,9.0,8.0,18.0,1.0,73.0,1.0,214.0,0.0,0.0,0.0,24.0,2.0,5.0,0.666667,1.0,5.0,0.666667,8.0,0.014085,1.0,265.0,87.0,49.0,3.0,10.0,35.0,3.5,13.0076,155.516432,51.056338,28.755869,1.760563,0.038599,0.281404,1.0,1.0,6.430189,0.137405,0.281404,0.187603,0.187603,0.444444,0.281404,0.8,0.672727,0.524138,0.469484,0.116001,0.281404,200.0,1.0,0.0,0.0,1.0,1.0,0.0,0.0,0.0,0.0,1.0,1.0,1.0,0.0,0.0,1.0,0.0,0.0,1.0,0.9,1.0,1.0,0.98,1.0,5.0,1.0,1.0,1.0,1.0,1.0,0.0,1.0,1.0,1.0,1.0,0.0,0.0,1.0,15.0,1.0,1.0,1.0,1.0,1.0,7.0,8.0,0.777778,0.888889,0.888889
dataset-v2,v2,extraction-v2,hybrid-v1,weak_serp,73.6842,,натяжные потолки Краснодар,натяжные потолки,commercial,Краснодар,35,http://potolki-kuban.ru/,potolki-kuban.ru,6,0,,,homepage,ok,,artifacts\query--ff5cd98c411baaa0.json,c6d7c9ec8c22a621c3d1bf415e3ead1fb319b96d,125992,73.6842,8707.0,81890.0,1255.0,653.0,0.5203187250996016,5.7506,115.0,10.913,33.0,1.0,13.0,9.0,23.0,1.0,29.0,0.0,0.0,0.0,0.0,0.0,76.0,2.0,0.0,0.666667,0.0,12.0,0.666667,15.0,0.060558,1.0,146.0,48.0,39.0,0.0,1.0,15.0,15.0,38.0303,116.334661,38.247012,31.075697,0.0,0.106326,0.278662,1.0,1.0,8.59589,0.69697,0.278662,0.185775,0.185775,0.444444,0.233147,0.8,0.527273,0.0,0.0,0.101092,0.278662,200.0,1.0,0.0,0.0,0.0,0.0,1.0,0.0,0.0,0.0,1.0,1.0,1.0,0.0,0.0,0.0,0.0,0.0,1.0,1.0,1.0,0.75,0.95,1.0,4.0,1.0,1.0,1.0,1.0,1.0,0.0,1.0,1.0,1.0,0.0,0.0,1.0,1.0,9.0,0.0,1.0,1.0,1.0,0.8,8.0,7.0,0.888889,0.777778,0.822222
dataset-v2,v2,extraction-v2,hybrid-v1,weak_serp,68.4211,,натяжные потолки Краснодар,натяжные потолки,commercial,Краснодар,35,https://potolki193.ru/,potolki193.ru,7,0,,,homepage,ok,,artifacts\query--8f2d57d9ad785837.json,54ca07ce87269b2a410261306105abdf99fedf8d,56736,68.4211,3183.0,35829.0,426.0,267.0,0.6267605633802817,6.1761,22.0,19.3636,17.0,1.0,6.0,13.0,20.0,1.0,73.0,1.0,152.0,0.0,0.0,0.0,13.0,2.0,1.0,0.666667,0.333333,5.0,0.666667,7.0,0.030516,0.666667,13.0,3.0,5.0,0.0,2.0,9.0,4.5,25.0588,30.516432,7.042254,11.737089,0.0,0.088839,0.313913,1.0,1.0,32.769231,1.176471,0.209275,0.209275,0.209275,0.444444,0.089151,0.75,0.672727,0.951724,0.65519,0.046564,0.313913,200.0,1.0,0.0,0.0,1.0,0.0,0.0,0.0,0.0,0.0,1.0,1.0,1.0,0.0,0.0,0.0,0.0,0.0,1.0,1.0,1.0,0.0,0.8,1.0,1.0,0.0,1.0,1.0,1.0,1.0,0.0,0.0,1.0,1.0,0.0,0.0,1.0,1.0,2.0,1.0,1.0,1.0,1.0,0.8,7.0,6.0,0.777778,0.666667,0.748148
dataset-v2,v2,extraction-v2,hybrid-v1,weak_serp,63.1579,,натяжные потолки Краснодар,натяжные потолки,commercial,Краснодар,35,https://nova-yug.ru/,nova-yug.ru,8,0,,,homepage,ok,,artifacts\query--31f01016a0380902.json,b1fc2030f76ffcae7a12ebce2916260768accb30,275677,63.1579,7515.0,215120.0,997.0,475.0,0.4764292878635908,6.325,62.0,16.0806,23.0,1.0,5.0,4.0,10.0,1.0,45.0,0.0,0.0,0.0,0.0,0.0,108.0,3.0,0.0,1.0,0.0,0.0,0.0,42.0,0.108325,1.0,192.0,62.0,133.0,4.0,2.0,12.0,6.0,43.3478,192.577733,62.18656,133.400201,4.012036,0.034934,0.518235,1.0,1.0,5.192708,0.434783,0.518235,0.518235,0.0,0.0,0.344454,0.75,0.818182,0.0,0.0,0.136756,0.518235,200.0,1.0,0.0,0.0,1.0,1.0,1.0,0.0,0.0,0.0,1.0,1.0,1.0,0.0,0.0,0.0,0.0,0.0,1.0,1.0,1.0,1.0,1.0,1.0,5.0,1.0,1.0,1.0,0.0,1.0,0.0,1.0,1.0,1.0,1.0,0.0,0.0,1.0,2.0,0.0,1.0,1.0,1.0,0.8,6.0,8.0,0.666667,0.888889,0.785185
dataset-v2,v2,extraction-v2,hybrid-v1,weak_serp,57.8947,,натяжные потолки Краснодар,натяжные потолки,commercial,Краснодар,35,https://www.potolkimk.ru/,potolkimk.ru,9,0,,,homepage,ok,,artifacts\query--6d6d452537583312.json,d4350b49cbb3ecdcf093a7e039529e0e3f7e9658,203257,57.8947,9413.0,135754.0,1311.0,690.0,0.5263157894736842,5.9321,112.0,11.7054,28.0,2.0,4.0,0.0,6.0,1.0,73.0,1.0,56.0,0.0,0.0,0.0,69.0,4.0,0.0,0.666667,0.0,4.0,0.666667,27.0,0.052632,1.0,158.0,62.0,72.0,11.0,1.0,13.0,13.0,46.8214,120.518688,47.292143,54.919908,8.390542,0.069339,0.346425,1.0,1.0,8.297468,0.214286,0.346425,0.23095,0.23095,0.444444,0.302775,0.8,0.672727,0.386207,0.245614,0.132796,0.346425,200.0,1.0,0.0,0.0,0.0,0.0,1.0,0.0,0.0,0.0,1.0,1.0,1.0,0.0,0.0,0.0,0.0,0.0,1.0,1.0,1.0,0.75,0.95,1.0,5.0,1.0,1.0,1.0,1.0,1.0,1.0,1.0,1.0,1.0,1.0,0.0,1.0,1.0,3.0,0.0,1.0,1.0,1.0,0.8,9.0,8.0,1.0,0.888889,0.896296
dataset-v2,v2,extraction-v2,hybrid-v1,weak_serp,52.6316,,натяжные потолки Краснодар,натяжные потолки,commercial,Краснодар,35,https://moi-potolki23.ru/,moi-potolki23.ru,10,0,,,homepage,ok,,artifacts\query--3cfeea943217d9fa.json,7a2ce16c17f965219725239d2805b4fb39fbd994,251478,52.6316,8152.0,209931.0,1071.0,537.0,0.5014005602240896,6.3623,68.0,15.75,150.0,5.0,44.0,13.0,62.0,1.0,57.0,1.0,121.0,0.0,0.0,0.0,12.0,3.0,0.0,0.666667,0.0,4.0,1.0,6.0,0.011204,1.0,31.0,43.0,0.0,0.0,0.0,0.0,0.0,7.14,28.944911,40.149393,0.0,0.0,0.038832,0.209387,1.0,0.25,34.548387,0.413333,0.209387,0.139591,0.209387,0.666667,0.149502,0.883333,0.963636,0.834483,0.373483,0.062467,0.052347,200.0,1.0,0.0,0.0,0.0,0.0,0.0,0.0,0.0,0.0,1.0,0.0,1.0,0.0,0.0,0.0,0.0,0.0,1.0,1.0,0.5,0.75,0.85,1.0,1.0,0.0,1.0,0.0,0.0,1.0,0.0,0.0,1.0,1.0,1.0,0.0,0.0,1.0,1.0,1.0,1.0,1.0,1.0,0.6,4.0,6.0,0.444444,0.666667,0.57037
dataset-v2,v2,extraction-v2,hybrid-v1,weak_serp,100.0,,натяжные потолки Самара,натяжные потолки,commercial,Самара,51,https://самара.натяжные-потолки24.рф/,самара.натяжные-потолки24.рф,1,0,,,homepage,ok,,artifacts\query--d00714a14c51dd98.json,254a2e0a0ba439cbfffa031dd3195cea1525ad75,266700,100.0,22629.0,172990.0,3343.0,1357.0,0.40592282381094824,5.5091,328.0,10.1921,37.0,1.0,3.0,0.0,4.0,1.0,52.0,1.0,228.0,0.0,0.0,0.0,55.0,2.0,2.0,0.666667,0.666667,3.0,0.666667,11.0,0.016452,1.0,222.0,97.0,209.0,28.0,5.0,26.0,5.2,90.3514,66.407418,29.015854,62.518696,8.37571,0.130811,0.59718,1.0,1.0,15.058559,0.108108,0.59718,0.39812,0.39812,0.444444,0.59718,0.8,0.945455,0.427586,0.54841,0.242409,0.59718,200.0,1.0,0.0,0.0,1.0,1.0,0.0,0.0,0.0,0.0,1.0,1.0,1.0,0.0,0.0,0.0,0.0,0.0,1.0,1.0,1.0,1.0,1.0,1.0,2.0,0.0,1.0,1.0,1.0,1.0,0.0,1.0,1.0,1.0,1.0,0.0,1.0,1.0,7.0,0.0,1.0,1.0,1.0,0.6,8.0,7.0,0.888889,0.777778,0.755556
dataset-v2,v2,extraction-v2,hybrid-v1,weak_serp,94.7368,,натяжные потолки Самара,натяжные потолки,commercial,Самара,51,https://potolkikiger.ru/samara,potolkikiger.ru,2,0,,,content,ok,,artifacts\query--f3c0909b4941977f.json,d58095f91b45fc9577a7b0f37bf852881bc8f883,767231,94.7368,22207.0,639825.0,3264.0,1183.0,0.36243872549019607,5.5888,371.0,8.7978,391.0,2.0,12.0,39.0,53.0,1.0,89.0,1.0,139.0,0.0,0.0,0.0,63.0,2.0,2.0,0.666667,0.666667,12.0,0.666667,8.0,0.019301,1.0,86.0,213.0,11.0,6.0,0.0,72.0,0.0,8.3478,26.348039,65.257353,3.370098,1.838235,0.034708,0.545557,1.0,0.75,37.953488,0.13555,0.545557,0.363705,0.363705,0.444444,0.545557,0.8,0.381818,0.958621,0.643382,0.197731,0.409168,200.0,1.0,0.0,0.0,1.0,1.0,0.0,0.0,0.0,0.0,1.0,1.0,1.0,0.0,0.0,1.0,0.0,0.0,1.0,0.9,1.0,1.0,0.98,1.0,3.0,0.0,1.0,1.0,1.0,1.0,0.0,1.0,1.0,1.0,1.0,0.0,0.0,1.0,15.0,1.0,1.0,1.0,1.0,0.8,7.0,7.0,0.777778,0.777778,0.785185
dataset-v2,v2,extraction-v2,hybrid-v1,weak_serp,89.4737,,натяжные потолки Самара,натяжные потолки,commercial,Самара,51,https://potolki-sam.ru/,potolki-sam.ru,3,0,,,homepage,ok,,artifacts\query--6235f24c7cea12ef.json,58c6ccda84844b18fc0d5d5e22be15f99ca75b95,208903,89.4737,14189.0,133274.0,2216.0,771.0,0.3479241877256318,5.3208,83.0,26.6988,5.0,1.0,2.0,0.0,3.0,1.0,47.0,0.0,0.0,0.0,0.0,0.0,23.0,2.0,0.0,0.666667,0.0,2.0,0.666667,12.0,0.010379,1.0,127.0,110.0,192.0,22.0,10.0,28.0,2.8,443.2,57.310469,49.638989,86.642599,9.927798,0.106465,0.601733,1.0,1.0,17.448819,0.6,0.601733,0.401155,0.401155,0.444444,0.601733,0.8,0.854545,0.0,0.345969,0.209357,0.601733,200.0,1.0,0.0,0.0,0.0,0.0,0.0,0.0,0.0,0.0,1.0,1.0,0.0,0.0,0.0,0.0,0.0,0.0,1.0,1.0,0.5,0.75,0.85,1.0,3.0,0.0,1.0,1.0,1.0,1.0,0.0,1.0,1.0,1.0,1.0,0.0,1.0,1.0,35.0,1.0,1.0,1.0,1.0,0.8,8.0,7.0,0.888889,0.777778,0.822222
dataset-v2,v2,extraction-v2,hybrid-v1,weak_serp,84.2105,,натяжные потолки Самара,натяжные потолки,commercial,Самара,51,https://potolkius.ru/,potolkius.ru,4,0,,,homepage,ok,,artifacts\query--92438acb1cbeaaf8.json,3a415b438d0524a0d3a307a7037712ef955df0f0,105787,84.2105,3712.0,76127.0,551.0,292.0,0.52994555353902,5.6007,33.0,16.697,46.0,1.0,7.0,9.0,17.0,1.0,65.0,1.0,157.0,0.0,0.0,0.0,29.0,2.0,2.0,0.666667,0.666667,2.0,0.666667,23.0,0.052632,1.0,81.0,47.0,33.0,0.0,3.0,7.0,2.333333,11.9783,147.005445,85.299456,59.891107,0.0,0.048761,0.591549,1.0,1.0,6.802469,0.369565,0.591549,0.394366,0.394366,0.444444,0.217296,0.8,0.818182,0.917241,0.245614,0.095962,0.591549,200.0,1.0,0.0,0.0,1.0,1.0,0.0,0.0,0.0,0.0,1.0,1.0,1.0,0.0,0.0,0.0,0.0,0.0,1.0,1.0,1.0,1.0,1.0,1.0,2.0,1.0,1.0,1.0,1.0,1.0,0.0,1.0,1.0,1.0,1.0,1.0,0.0,1.0,14.0,0.0,1.0,1.0,1.0,0.8,7.0,9.0,0.777778,1.0,0.859259
dataset-v2,v2,extraction-v2,hybrid-v1,weak_serp,78.9474,,натяжные потолки Самара,натяжные потолки,commercial,Самара,51,https://www.potolkoffsam.ru/,potolkoffsam.ru,5,0,,,homepage,ok,,artifacts\query--6f2b95c27983a20a.json,c238203f2b3df9c8bb338616854c3a32ad564d4a,162450,78.9474,10879.0,108898.0,1613.0,513.0,0.3180409175449473,5.5518,53.0,30.434,27.0,0.0,7.0,11.0,18.0,1.0,60.0,1.0,189.0,0.0,0.0,0.0,46.0,2.0,0.0,0.666667,0.0,10.0,0.333333,26.0,0.028518,0.666667,68.0,88.0,116.0,9.0,0.0,42.0,0.0,59.7407,42.157471,54.556727,71.915685,5.579665,0.099901,0.57843,1.0,0.75,23.720588,0.666667,0.38562,0.38562,0.19281,0.222222,0.57843,0.666667,0.909091,0.696552,0.63374,0.164853,0.433822,200.0,1.0,0.0,0.0,1.0,1.0,1.0,0.0,0.0,0.0,1.0,1.0,1.0,0.0,0.0,0.0,0.0,0.0,1.0,1.0,1.0,1.0,1.0,1.0,6.0,1.0,1.0,0.0,1.0,1.0,0.0,1.0,1.0,1.0,1.0,0.0,0.0,1.0,12.0,1.0,1.0,1.0,1.0,0.8,6.0,7.0,0.666667,0.777778,0.748148
dataset-v2,v2,extraction-v2,hybrid-v1,weak_serp,73.6842,,натяжные потолки Самара,натяжные потолки,commercial,Самара,51,https://potolki-63.ru/,potolki-63.ru,6,0,,,homepage,ok,,artifacts\query--e74fc52407c4192a.json,09f53cf577475cea782d99b6d0d043f1a846e050,225791,73.6842,10291.0,166228.0,1523.0,664.0,0.4359816152330926,5.5955,114.0,13.3596,43.0,1.0,5.0,0.0,6.0,1.0,89.0,1.0,180.0,0.0,0.0,0.0,51.0,3.0,2.0,0.666667,0.666667,6.0,0.666667,7.0,0.033487,1.0,108.0,53.0,58.0,0.0,7.0,34.0,4.857143,35.4186,70.912672,34.799737,38.082731,0.0,0.061909,0.646605,1.0,1.0,14.101852,0.139535,0.646605,0.43107,0.43107,0.444444,0.646605,0.8,0.381818,0.758621,0.883782,0.238525,0.646605,200.0,1.0,0.0,0.0,1.0,1.0,0.0,0.0,0.0,0.0,1.0,1.0,1.0,0.0,0.0,0.0,0.0,0.0,1.0,1.0,1.0,1.0,1.0,1.0,3.0,1.0,1.0,1.0,1.0,1.0,0.0,1.0,1.0,1.0,1.0,1.0,0.0,1.0,4.0,1.0,1.0,1.0,1.0,1.0,7.0,9.0,0.777778,1.0,0.925926
dataset-v2,v2,extraction-v2,hybrid-v1,weak_serp,68.4211,,натяжные потолки Самара,натяжные потолки,commercial,Самара,51,https://studiostyle63.ru/,studiostyle63.ru,7,0,,,homepage,ok,,artifacts\query--fc137b3d74671461.json,a48700464352c04b86eb71a5ec71e1a75d2207cc,278141,68.4211,15265.0,200447.0,2544.0,609.0,0.23938679245283018,4.7925,249.0,10.2169,9.0,1.0,13.0,0.0,14.0,1.0,62.0,1.0,91.0,0.0,0.0,0.0,48.0,2.0,2.0,0.666667,0.666667,6.0,0.666667,8.0,0.018868,1.0,169.0,262.0,83.0,7.0,0.0,28.0,0.0,282.6667,66.430818,102.987421,32.625786,2.751572,0.076155,0.540584,1.0,0.75,15.053254,1.555556,0.540584,0.360389,0.360389,0.444444,0.540584,0.8,0.872727,0.627586,0.628931,0.129409,0.405438,200.0,1.0,0.0,0.0,0.0,0.0,0.0,0.0,0.0,0.0,1.0,1.0,1.0,0.0,0.0,0.0,0.0,0.0,1.0,1.0,1.0,0.75,0.95,1.0,4.0,0.0,1.0,1.0,1.0,1.0,1.0,0.0,1.0,0.0,1.0,1.0,0.0,0.0,0.0,1.0,1.0,1.0,1.0,0.8,6.0,7.0,0.666667,0.777778,0.748148
dataset-v2,v2,extraction-v2,hybrid-v1,weak_serp,63.1579,,натяжные потолки Самара,натяжные потолки,commercial,Самара,51,https://smartpotolki.ru/,smartpotolki.ru,8,0,,,homepage,ok,,artifacts\query--15e2c4bbd58cf755.json,5d67b1d05b437d6646e062c70146d25b22f196fe,128420,63.1579,10059.0,75887.0,1401.0,766.0,0.5467523197715917,5.9764,88.0,15.9205,82.0,1.0,7.0,5.0,13.0,1.0,47.0,1.0,245.0,0.0,0.0,0.0,46.0,2.0,7.0,0.666667,1.0,8.0,0.666667,9.0,0.032834,1.0,128.0,23.0,21.0,15.0,5.0,26.0,5.2,17.0854,91.363312,16.416845,14.989293,10.706638,0.132552,0.499738,1.0,1.0,10.945312,0.158537,0.499738,0.333159,0.333159,0.444444,0.466755,0.8,0.854545,0.310345,0.905544,0.212666,0.499738,200.0,1.0,0.0,0.0,1.0,1.0,1.0,0.0,0.0,0.0,1.0,1.0,1.0,0.0,0.0,0.0,0.0,0.0,1.0,1.0,1.0,1.0,1.0,1.0,3.0,1.0,1.0,1.0,1.0,1.0,0.0,1.0,1.0,1.0,0.0,0.0,1.0,1.0,2.0,0.0,1.0,1.0,1.0,0.8,8.0,7.0,0.888889,0.777778,0.822222
dataset-v2,v2,extraction-v2,hybrid-v1,weak_serp,57.8947,,натяжные потолки Самара,натяжные потолки,commercial,Самара,51,https://potolki-samara.info/,potolki-samara.info,9,0,,,homepage,ok,,artifacts\query--b2f9249c167fe2aa.json,e7cba2b0a676325379a8d07ec214aa838c9b69c8,959434,57.8947,11346.0,883319.0,1643.0,823.0,0.5009129640900791,5.6111,142.0,11.5704,12.0,1.0,0.0,0.0,1.0,1.0,70.0,1.0,143.0,0.0,0.0,0.0,36.0,2.0,3.0,0.666667,0.666667,2.0,0.666667,18.0,0.021911,1.0,127.0,84.0,37.0,22.0,3.0,30.0,10.0,136.9167,77.297626,51.125989,22.519781,13.39014,0.012845,0.546758,1.0,1.0,12.937008,0.083333,0.546758,0.364505,0.364505,0.444444,0.546758,0.8,0.727273,0.986207,0.730371,0.24999,0.546758,200.0,1.0,0.0,0.0,1.0,1.0,0.0,0.0,0.0,0.0,1.0,1.0,0.0,0.0,0.0,0.0,0.0,0.0,1.0,1.0,0.5,1.0,0.9,1.0,7.0,0.0,1.0,0.0,1.0,1.0,1.0,0.0,1.0,1.0,1.0,1.0,1.0,1.0,8.0,1.0,1.0,1.0,1.0,0.6,7.0,7.0,0.777778,0.777778,0.718519
dataset-v2,v2,extraction-v2,hybrid-v1,weak_serp,52.6316,,натяжные потолки Самара,натяжные потолки,commercial,Самара,51,https://потолкисамара.рф/,потолкисамара.рф,10,0,,,homepage,ok,,artifacts\query--a9b7204b4e8925ae.json,8a66f47d90740b19bdc208172c70051079817e55,610236,52.6316,16645.0,514291.0,2383.0,1094.0,0.4590851867394041,5.7835,181.0,13.1657,187.0,1.0,6.0,11.0,18.0,1.0,70.0,1.0,180.0,0.0,0.0,0.0,58.0,2.0,2.0,0.666667,0.666667,8.0,0.666667,7.0,0.024339,1.0,128.0,126.0,15.0,6.0,0.0,39.0,0.0,12.7433,53.713806,52.874528,6.294587,2.517835,0.032365,0.442956,1.0,0.75,18.617188,0.096257,0.442956,0.295304,0.295304,0.444444,0.442956,0.8,0.727273,0.758621,0.811302,0.203355,0.332217,200.0,1.0,0.0,0.0,1.0,0.0,0.0,0.0,0.0,0.0,1.0,1.0,1.0,0.0,0.0,0.0,0.0,0.0,1.0,1.0,1.0,0.0,0.8,1.0,5.0,1.0,1.0,1.0,1.0,1.0,0.0,1.0,1.0,1.0,1.0,0.0,1.0,1.0,13.0,1.0,1.0,1.0,1.0,1.0,8.0,8.0,0.888889,0.888889,0.925926
dataset-v2,v2,extraction-v2,hybrid-v1,weak_serp,100.0,,натяжные потолки Нижний Новгород,натяжные потолки,commercial,Нижний Новгород,47,https://nn-decor.ru/,nn-decor.ru,1,0,,,homepage,ok,,artifacts\query--65d328871e82c03b.json,8d0ae17abc3d82227310c60a45593440b0e3d4a3,451222,100.0,19278.0,349592.0,2727.0,904.0,0.3314998166483315,5.9395,121.0,22.5372,10.0,1.0,13.0,0.0,14.0,1.0,60.0,1.0,237.0,0.0,1.0,1.0,50.0,2.0,2.0,0.5,0.5,6.0,0.5,25.0,0.018335,1.0,228.0,79.0,130.0,7.0,6.0,111.0,18.5,272.7,83.608361,28.969564,47.671434,2.566923,0.055144,0.331687,1.0,1.0,11.960526,1.4,0.331687,0.165844,0.165844,0.25,0.331687,0.7,0.909091,0.365517,0.611172,0.109954,0.331687,200.0,1.0,0.0,0.0,1.0,1.0,1.0,0.0,0.0,0.0,1.0,1.0,1.0,0.0,0.0,0.0,0.0,0.0,1.0,1.0,1.0,1.0,1.0,1.0,3.0,1.0,1.0,1.0,1.0,1.0,0.0,1.0,1.0,0.0,1.0,0.0,1.0,1.0,8.0,1.0,1.0,1.0,1.0,1.0,8.0,7.0,0.888889,0.777778,0.888889
dataset-v2,v2,extraction-v2,hybrid-v1,weak_serp,94.7368,,натяжные потолки Нижний Новгород,натяжные потолки,commercial,Нижний Новгород,47,https://нижний.натяжные-потолки24.рф/,нижний.натяжные-потолки24.рф,2,0,,,homepage,ok,,artifacts\query--6630866ecb8a5b36.json,63c1c635aa801cd08b48241a77b9bdfa81a0336f,267086,94.7368,22704.0,173093.0,3352.0,1360.0,0.40572792362768495,5.5134,330.0,10.1576,37.0,1.0,3.0,0.0,4.0,1.0,62.0,1.0,238.0,0.0,0.0,0.0,58.0,2.0,2.0,0.5,0.5,3.0,0.5,13.0,0.017303,1.0,222.0,97.0,209.0,28.0,5.0,26.0,5.2,90.5946,66.229117,28.937947,62.350835,8.353222,0.131166,0.406828,1.0,1.0,15.099099,0.108108,0.406828,0.203414,0.203414,0.25,0.406828,0.7,0.872727,0.358621,0.57677,0.165061,0.406828,200.0,1.0,0.0,0.0,1.0,1.0,0.0,0.0,0.0,0.0,1.0,1.0,1.0,0.0,0.0,0.0,0.0,0.0,1.0,1.0,1.0,1.0,1.0,1.0,2.0,0.0,1.0,1.0,1.0,1.0,0.0,1.0,1.0,1.0,1.0,0.0,1.0,1.0,7.0,0.0,1.0,1.0,1.0,0.6,8.0,7.0,0.888889,0.777778,0.755556
dataset-v2,v2,extraction-v2,hybrid-v1,weak_serp,89.4737,,натяжные потолки Нижний Новгород,натяжные потолки,commercial,Нижний Новгород,47,https://nnpotolok.ru/,nnpotolok.ru,3,0,,,homepage,ok,,artifacts\query--004e1cda6e269d38.json,3ebb5dbc55db056e3440e577f8b2c6423deb4b24,221143,89.4737,14994.0,130086.0,2103.0,873.0,0.41512125534950073,5.8374,98.0,21.4592,57.0,1.0,9.0,49.0,59.0,1.0,70.0,1.0,148.0,0.0,0.0,0.0,34.0,2.0,2.0,0.5,0.5,2.0,0.5,12.0,0.016167,1.0,151.0,62.0,221.0,24.0,3.0,54.0,18.0,36.8947,71.802187,29.481693,105.08797,11.412268,0.115262,0.387183,1.0,1.0,13.927152,1.035088,0.387183,0.193591,0.193591,0.25,0.387183,0.7,0.727273,0.97931,0.538913,0.160728,0.387183,200.0,1.0,0.0,0.0,1.0,1.0,1.0,0.0,0.0,0.0,1.0,1.0,1.0,0.0,0.0,0.0,0.0,0.0,1.0,1.0,1.0,1.0,1.0,1.0,2.0,1.0,1.0,1.0,1.0,1.0,1.0,0.0,1.0,0.0,1.0,0.0,1.0,1.0,10.0,1.0,1.0,1.0,1.0,1.0,8.0,7.0,0.888889,0.777778,0.888889
dataset-v2,v2,extraction-v2,hybrid-v1,weak_serp,84.2105,,натяжные потолки Нижний Новгород,натяжные потолки,commercial,Нижний Новгород,47,https://potolki-d.ru/,potolki-d.ru,4,0,,,homepage,ok,,artifacts\query--27eac320466b1a0f.json,20ddcd02197a5eb6bc110be6aa58aa3d2261d566,263968,84.2105,17037.0,160860.0,2495.0,958.0,0.3839679358717435,5.6721,142.0,17.5704,43.0,2.0,3.0,1.0,6.0,1.0,50.0,1.0,271.0,0.0,1.0,4.0,92.0,2.0,2.0,0.5,0.5,6.0,1.0,25.0,0.036874,1.0,281.0,84.0,249.0,28.0,15.0,49.0,3.266667,58.0233,112.625251,33.667335,99.799599,11.222445,0.105912,0.284664,1.0,1.0,8.879004,0.139535,0.284664,0.142332,0.284664,0.5,0.284664,0.825,0.909091,0.131034,0.770875,0.109302,0.284664,200.0,1.0,0.0,0.0,0.0,0.0,0.0,0.0,0.0,0.0,1.0,0.0,1.0,0.0,0.0,0.0,0.0,0.0,1.0,1.0,0.5,0.75,0.85,1.0,2.0,1.0,1.0,1.0,1.0,1.0,1.0,1.0,1.0,0.0,1.0,0.0,1.0,1.0,36.0,0.0,1.0,1.0,1.0,0.8,9.0,7.0,1.0,0.777778,0.859259
dataset-v2,v2,extraction-v2,hybrid-v1,weak_serp,78.9474,,натяжные потолки Нижний Новгород,натяжные потолки,commercial,Нижний Новгород,47,https://potolki-nng.ru/,potolki-nng.ru,5,0,,,homepage,ok,,artifacts\query--684e743b92b21258.json,b5a14c9963dea5b7bcd3419ff88f8c0aea55e89e,153529,78.9474,10907.0,94377.0,1647.0,645.0,0.39162112932604737,5.4821,129.0,12.7674,17.0,1.0,2.0,0.0,3.0,1.0,47.0,1.0,187.0,0.0,0.0,0.0,73.0,2.0,2.0,0.5,0.25,4.0,0.5,16.0,0.044323,1.0,159.0,93.0,117.0,11.0,5.0,24.0,4.8,96.8824,96.539162,56.466302,71.038251,6.67881,0.115568,0.273882,1.0,1.0,10.358491,0.176471,0.273882,0.136941,0.136941,0.25,0.273882,0.7,0.854545,0.710345,0.522566,0.098141,0.273882,200.0,1.0,0.0,0.0,0.0,0.0,0.0,0.0,0.0,0.0,1.0,1.0,0.0,0.0,0.0,0.0,0.0,0.0,1.0,1.0,0.5,0.75,0.85,1.0,2.0,1.0,1.0,0.0,1.0,1.0,0.0,0.0,1.0,1.0,1.0,0.0,0.0,1.0,12.0,0.0,1.0,1.0,1.0,0.6,5.0,7.0,0.555556,0.777778,0.644444
dataset-v2,v2,extraction-v2,hybrid-v1,weak_serp,73.6842,,натяжные потолки Нижний Новгород,натяжные потолки,commercial,Нижний Новгород,47,https://tandempotolki.ru/,tandempotolki.ru,6,0,,,homepage,ok,,artifacts\query--241b53a11c832fe3.json,00e59a5d08d89ff10e10065d8bdbb663cb2ee01a,563887,73.6842,14864.0,432228.0,2161.0,987.0,0.45673299398426653,5.6946,168.0,12.8631,9.0,1.0,9.0,29.0,39.0,1.0,83.0,1.0,265.0,0.0,0.0,0.0,39.0,2.0,2.0,0.5,0.5,15.0,0.5,9.0,0.018047,1.0,173.0,95.0,77.0,7.0,6.0,76.0,12.666667,240.1111,80.05553,43.961129,35.631652,3.239241,0.034389,0.41921,1.0,1.0,12.491329,4.333333,0.41921,0.209605,0.209605,0.25,0.41921,0.7,0.490909,0.172414,0.601573,0.191467,0.41921,200.0,1.0,0.0,0.0,1.0,1.0,0.0,0.0,0.0,0.0,1.0,1.0,1.0,0.0,0.0,0.0,0.0,0.0,1.0,1.0,1.0,1.0,1.0,1.0,3.0,1.0,1.0,1.0,1.0,1.0,1.0,1.0,1.0,1.0,1.0,0.0,1.0,1.0,14.0,1.0,1.0,1.0,1.0,1.0,9.0,8.0,1.0,0.888889,0.962963
dataset-v2,v2,extraction-v2,hybrid-v1,weak_serp,68.4211,,натяжные потолки Нижний Новгород,натяжные потолки,commercial,Нижний Новгород,47,https://nebosvod-nn.ru/,nebosvod-nn.ru,7,0,,,homepage,ok,,artifacts\query--0a439231067f7627.json,26e53fa4e9ceb59f1db5321867db0ab9f7575a24,170559,68.4211,18713.0,93585.0,2748.0,1065.0,0.3875545851528384,5.6463,224.0,12.2679,67.0,1.0,0.0,8.0,9.0,1.0,55.0,1.0,200.0,0.0,0.0,0.0,34.0,2.0,2.0,0.5,0.5,3.0,0.5,10.0,0.012373,0.75,123.0,21.0,99.0,0.0,2.0,15.0,7.5,41.0149,44.759825,7.641921,36.026201,0.0,0.199957,0.38521,1.0,1.0,22.341463,0.134328,0.288907,0.192605,0.192605,0.25,0.38521,0.6625,1.0,0.62069,0.309316,0.14929,0.38521,200.0,1.0,0.0,0.0,1.0,1.0,0.0,0.0,0.0,0.0,1.0,1.0,1.0,0.0,0.0,0.0,0.0,0.0,1.0,1.0,1.0,1.0,1.0,1.0,2.0,0.0,1.0,1.0,1.0,1.0,0.0,1.0,1.0,1.0,1.0,0.0,1.0,1.0,6.0,0.0,1.0,0.0,1.0,0.6,8.0,6.0,0.888889,0.666667,0.718519
dataset-v2,v2,extraction-v2,hybrid-v1,weak_serp,63.1579,,натяжные потолки Нижний Новгород,натяжные потолки,commercial,Нижний Новгород,47,https://uslugi.yandex.ru/47-nizhny-novgorod/category?text=натяжные+потолки,uslugi.yandex.ru,8,0,,,category,ok,,artifacts\query--d0c05f3321c06825.json,6792e837b88414ae3a3dcf6c59c1ff8b3f24e95d,2076504,63.1579,9848.0,1687662.0,1396.0,564.0,0.4040114613180516,5.8403,105.0,13.2952,1.0,0.0,0.0,6.0,6.0,1.0,125.0,1.0,145.0,0.0,0.0,0.0,45.0,2.0,2.0,0.5,0.5,0.0,0.0,8.0,0.032235,1.0,625.0,17.0,6.0,0.0,0.0,2.0,0.0,1396.0,447.707736,12.17765,4.297994,0.0,0.005835,0.431954,1.0,0.75,2.2336,6.0,0.431954,0.215977,0.0,0.0,0.402005,0.575,0.0,1.0,0.925501,0.135346,0.323966,200.0,1.0,0.0,0.0,1.0,1.0,0.0,0.0,0.0,0.0,1.0,1.0,1.0,0.0,0.0,2.0,1.0,1.0,1.0,0.7,1.0,1.0,0.94,1.0,3.0,1.0,1.0,1.0,1.0,1.0,1.0,1.0,1.0,1.0,1.0,1.0,1.0,1.0,2.0,1.0,1.0,1.0,1.0,1.0,9.0,9.0,1.0,1.0,1.0
dataset-v2,v2,extraction-v2,hybrid-v1,weak_serp,57.8947,,натяжные потолки Нижний Новгород,натяжные потолки,commercial,Нижний Новгород,47,https://2gis.ru/n_novgorod/search/Продажа / монтаж потолков/rubricId/584,2gis.ru,9,0,,,content,ok,,artifacts\query--699be018223d2a0c.json,3d19d62d9fe9440b1365e8952f879f9166d296cd,3179,57.8947,187.0,1429.0,38.0,36.0,0.9473684210526315,3.7105,5.0,7.6,6.0,1.0,0.0,0.0,1.0,0.0,0.0,0.0,0.0,0.0,0.0,0.0,0.0,0.0,0.0,0.0,0.0,0.0,0.0,0.0,0.0,0.0,1.0,0.0,0.0,0.0,0.0,0.0,0.0,6.3333,26.315789,0.0,0.0,0.0,0.130861,-0.046507,0.0,0.0,38.0,0.166667,-0.0,-0.0,-0.0,0.0,-0.001178,0.0,0.0,0.0,0.0,-0.00093,-0.0,403.0,0.0,0.0,0.0,0.0,0.0,0.0,0.0,0.0,0.0,0.0,0.0,0.0,0.0,0.0,6.0,0.0,0.0,1.0,0.4,0.0,0.75,0.43,1.0,1.0,1.0,0.0,0.0,0.0,0.0,0.0,0.0,0.0,0.0,0.0,0.0,0.0,0.0,0.0,0.0,0.0,0.0,0.0,0.4,1.0,1.0,0.111111,0.111111,0.207407
dataset-v2,v2,extraction-v2,hybrid-v1,weak_serp,52.6316,,натяжные потолки Нижний Новгород,натяжные потолки,commercial,Нижний Новгород,47,https://atlantispotolki.ru/,atlantispotolki.ru,10,0,,,homepage,ok,,artifacts\query--4028604f7ee45921.json,104ced364a898317d214ce40865784a5f6358870,305261,52.6316,6293.0,255984.0,905.0,484.0,0.5348066298342542,5.7624,71.0,12.7465,60.0,1.0,8.0,1.0,10.0,1.0,70.0,1.0,216.0,0.0,0.0,0.0,27.0,2.0,0.0,0.5,0.0,4.0,0.5,15.0,0.029834,0.75,123.0,89.0,68.0,19.0,3.0,31.0,10.333333,15.0833,135.911602,98.342541,75.138122,20.994475,0.024584,0.411818,1.0,1.0,7.357724,0.166667,0.308864,0.205909,0.205909,0.25,0.248464,0.6625,0.727273,0.510345,0.745856,0.110733,0.411818,200.0,1.0,0.0,0.0,1.0,1.0,1.0,0.0,0.0,0.0,1.0,1.0,1.0,0.0,0.0,0.0,0.0,0.0,1.0,1.0,1.0,1.0,1.0,1.0,7.0,1.0,1.0,1.0,1.0,1.0,1.0,1.0,0.0,1.0,1.0,1.0,0.0,1.0,3.0,1.0,1.0,1.0,1.0,1.0,8.0,8.0,0.888889,0.888889,0.925926
dataset-v2,v2,extraction-v2,hybrid-v1,weak_serp,100.0,,натяжные потолки цена Москва,натяжные потолки,commercial,Москва,213,https://www.potolkoff.ru/price/,potolkoff.ru,1,0,,,content,ok,,artifacts\query--9727271664c7fafe.json,5d8094337b569cecfda770824ea76e1a56412a0a,618622,100.0,19306.0,463918.0,2947.0,887.0,0.30098405157787583,5.4231,198.0,14.8838,31.0,1.0,9.0,0.0,10.0,1.0,107.0,1.0,184.0,0.0,0.0,0.0,77.0,3.0,2.0,0.75,0.5,4.0,0.5,6.0,0.026128,1.0,420.0,32.0,530.0,3.0,9.0,91.0,10.111111,95.0645,142.517815,10.8585,179.843909,1.017984,0.041615,0.69746,1.0,1.0,7.016667,0.322581,0.69746,0.523095,0.34873,0.375,0.69746,0.7875,0.054545,0.731034,0.870942,0.209924,0.69746,200.0,1.0,0.0,0.0,1.0,1.0,1.0,0.0,0.0,0.0,1.0,1.0,1.0,0.0,0.0,1.0,0.0,0.0,1.0,0.9,1.0,1.0,0.98,1.0,5.0,1.0,1.0,1.0,1.0,1.0,0.0,1.0,1.0,1.0,1.0,1.0,0.0,1.0,20.0,1.0,1.0,1.0,1.0,1.0,7.0,9.0,0.777778,1.0,0.925926
dataset-v2,v2,extraction-v2,hybrid-v1,weak_serp,94.7368,,натяжные потолки цена Москва,натяжные потолки,commercial,Москва,213,https://100potolkov.ru/tseny/,100potolkov.ru,2,0,,,content,ok,,artifacts\query--74f5b80e5cb8b295.json,ba9ea8716f4727b97cb1abeb4484d8e0d7945fb7,223524,94.7368,15618.0,119856.0,2400.0,836.0,0.34833333333333333,5.3404,154.0,15.5844,49.0,1.0,6.0,8.0,15.0,1.0,63.0,1.0,139.0,0.0,0.0,0.0,28.0,2.0,0.0,0.5,0.0,4.0,0.5,3.0,0.011667,1.0,428.0,42.0,388.0,5.0,2.0,27.0,13.5,48.9796,178.333333,17.5,161.666667,2.083333,0.130306,0.707745,0.75,1.0,5.607477,0.306122,0.707745,0.353872,0.353872,0.25,0.707745,0.6375,0.854545,0.958621,0.388889,0.246531,0.707745,200.0,1.0,0.0,0.0,1.0,1.0,1.0,0.0,0.0,0.0,1.0,1.0,1.0,0.0,0.0,1.0,0.0,0.0,1.0,0.9,1.0,1.0,0.98,1.0,2.0,1.0,1.0,1.0,1.0,1.0,0.0,1.0,1.0,1.0,1.0,0.0,1.0,1.0,1.0,0.0,1.0,1.0,1.0,0.8,8.0,8.0,0.888889,0.888889,0.859259
dataset-v2,v2,extraction-v2,hybrid-v1,weak_serp,89.4737,,натяжные потолки цена Москва,натяжные потолки,commercial,Москва,213,https://potolki-nova.ru/,potolki-nova.ru,3,0,,,homepage,ok,,artifacts\query--39ce679edd1f260c.json,57b887b69fc47164e5a8105daa14beab467a7df0,505200,89.4737,22899.0,313547.0,3393.0,1181.0,0.3480695549661067,5.634,130.0,26.1,25.0,1.0,4.0,3.0,8.0,1.0,49.0,1.0,256.0,0.0,0.0,0.0,120.0,2.0,3.0,0.5,0.75,9.0,0.75,12.0,0.035367,1.0,635.0,272.0,439.0,124.0,8.0,27.0,3.375,135.72,187.150015,80.165046,129.384026,36.54583,0.073032,0.669107,1.0,1.0,5.343307,0.32,0.669107,0.334554,0.50183,0.375,0.669107,0.7625,0.890909,0.234483,0.821102,0.232896,0.669107,200.0,1.0,0.0,0.0,0.0,0.0,0.0,0.0,0.0,0.0,1.0,1.0,0.0,0.0,0.0,0.0,0.0,0.0,1.0,1.0,0.5,0.75,0.85,1.0,10.0,1.0,1.0,1.0,1.0,1.0,1.0,1.0,1.0,1.0,1.0,0.0,1.0,1.0,23.0,1.0,1.0,1.0,1.0,1.0,9.0,8.0,1.0,0.888889,0.962963
dataset-v2,v2,extraction-v2,hybrid-v1,weak_serp,84.2105,,натяжные потолки цена Москва,натяжные потолки,commercial,Москва,213,https://моипотолки.рф/msk,моипотолки.рф,4,0,,,content,ok,,artifacts\query--9037aefce83c9b87.json,20f69ecea575654eb64065da8a479334f154a1d0,801668,84.2105,24610.0,665491.0,3589.0,1318.0,0.36723321259403735,5.6478,399.0,8.995,402.0,1.0,13.0,39.0,53.0,1.0,89.0,1.0,139.0,0.0,0.0,0.0,73.0,2.0,2.0,0.5,0.5,13.0,0.75,9.0,0.02034,1.0,91.0,222.0,12.0,19.0,0.0,69.0,0.0,8.9279,25.355252,61.85567,3.34355,5.293954,0.03698,0.745295,1.0,0.75,39.43956,0.131841,0.745295,0.372648,0.558971,0.375,0.745295,0.7625,0.381818,0.958621,0.677998,0.273697,0.558971,200.0,1.0,0.0,0.0,1.0,0.0,0.0,0.0,0.0,0.0,1.0,1.0,1.0,0.0,0.0,1.0,0.0,0.0,1.0,0.9,1.0,0.0,0.78,1.0,5.0,0.0,1.0,1.0,1.0,1.0,0.0,1.0,1.0,1.0,1.0,0.0,0.0,1.0,12.0,1.0,1.0,1.0,1.0,0.8,7.0,7.0,0.777778,0.777778,0.785185
dataset-v2,v2,extraction-v2,hybrid-v1,weak_serp,78.9474,,натяжные потолки цена Москва,натяжные потолки,commercial,Москва,213,https://potolok.net/ceny,potolok.net,5,0,,,content,ok,,artifacts\query--035223455f65cfb3.json,e652672dea677c141d09a640c29fdcab921672e6,251593,78.9474,17396.0,145257.0,2763.0,1018.0,0.36844010133912414,5.1086,330.0,8.3727,91.0,1.0,3.0,8.0,12.0,1.0,76.0,1.0,185.0,0.0,0.0,0.0,64.0,3.0,0.0,0.75,0.0,6.0,0.75,14.0,0.023163,1.0,262.0,14.0,258.0,2.0,7.0,43.0,6.142857,30.3626,94.824466,5.066956,93.376764,0.723851,0.11976,0.759143,1.0,1.0,10.545802,0.131868,0.759143,0.569357,0.569357,0.5625,0.759143,0.85,0.618182,0.724138,0.772108,0.279699,0.759143,200.0,1.0,0.0,0.0,1.0,1.0,1.0,0.0,0.0,0.0,1.0,1.0,1.0,0.0,0.0,1.0,0.0,0.0,1.0,0.9,1.0,1.0,0.98,1.0,12.0,1.0,1.0,1.0,1.0,1.0,0.0,1.0,1.0,1.0,1.0,1.0,1.0,1.0,1.0,1.0,1.0,1.0,1.0,1.0,8.0,9.0,0.888889,1.0,0.962963
dataset-v2,v2,extraction-v2,hybrid-v1,weak_serp,73.6842,,натяжные потолки цена Москва,натяжные потолки,commercial,Москва,213,https://vipceiling.ru/moscow/price/,vipceiling.ru,6,0,,,content,ok,,artifacts\query--6487e19cf241bec6.json,71ea23a4702c29acc3108752ce5a72a51be754f8,402607,73.6842,9508.0,334347.0,1570.0,457.0,0.2910828025477707,4.9484,81.0,19.3827,83.0,1.0,7.0,24.0,32.0,1.0,39.0,1.0,66.0,0.0,0.0,0.0,60.0,2.0,2.0,0.5,0.5,14.0,0.75,6.0,0.038217,1.0,231.0,40.0,291.0,0.0,1.0,5.0,5.0,18.9157,147.133758,25.477707,185.350318,0.0,0.028438,0.528544,1.0,1.0,6.796537,0.385542,0.528544,0.264272,0.396408,0.375,0.528544,0.7625,0.709091,0.455172,0.726115,0.134191,0.528544,200.0,1.0,0.0,0.0,1.0,1.0,0.0,0.0,0.0,0.0,1.0,1.0,1.0,0.0,0.0,2.0,0.0,0.0,1.0,0.8,1.0,1.0,0.96,1.0,11.0,0.0,1.0,1.0,1.0,1.0,0.0,1.0,1.0,1.0,1.0,0.0,0.0,1.0,1.0,1.0,1.0,1.0,1.0,0.8,7.0,7.0,0.777778,0.777778,0.785185
dataset-v2,v2,extraction-v2,hybrid-v1,weak_serp,68.4211,,натяжные потолки цена Москва,натяжные потолки,commercial,Москва,213,https://www.potolkini.ru/ceny-na-natyazhnye-potolki/,potolkini.ru,7,0,,,content,ok,,artifacts\query--df978746e5b7cf54.json,988521927fc55e9c8b5e8c2b7a899cd8dd45681a,373014,68.4211,14850.0,203323.0,2090.0,961.0,0.4598086124401914,6.0144,113.0,18.4956,5.0,1.0,6.0,0.0,7.0,1.0,80.0,1.0,229.0,0.0,0.0,0.0,65.0,2.0,2.0,0.5,0.5,5.0,0.5,11.0,0.0311,1.0,721.0,68.0,638.0,21.0,8.0,30.0,3.75,418.0,344.976077,32.535885,305.263158,10.047847,0.073036,0.644124,1.0,1.0,2.898752,1.4,0.644124,0.322062,0.322062,0.25,0.644124,0.7,0.545455,0.42069,0.963317,0.296174,0.644124,200.0,1.0,0.0,0.0,1.0,1.0,0.0,0.0,0.0,0.0,1.0,1.0,1.0,0.0,0.0,1.0,0.0,0.0,1.0,0.9,1.0,1.0,0.98,1.0,1.0,1.0,1.0,1.0,1.0,1.0,0.0,1.0,1.0,1.0,1.0,0.0,1.0,1.0,30.0,0.0,1.0,1.0,1.0,0.8,8.0,8.0,0.888889,0.888889,0.859259
dataset-v2,v2,extraction-v2,hybrid-v1,weak_serp,63.1579,,натяжные потолки цена Москва,натяжные потолки,commercial,Москва,213,https://masterpotolkov.com/,masterpotolkov.com,8,0,,,homepage,ok,,artifacts\query--27b17c0ae63b51b7.json,4748046ba2998dff267e6973285f73c85c364939,338125,63.1579,12834.0,224279.0,1782.0,816.0,0.45791245791245794,6.0269,90.0,19.8,9.0,1.0,8.0,5.0,14.0,1.0,76.0,1.0,246.0,0.0,0.0,0.0,20.0,2.0,2.0,0.5,0.5,4.0,0.75,7.0,0.011223,1.0,290.0,131.0,214.0,10.0,6.0,80.0,13.333333,198.0,162.738496,73.512907,120.089787,5.611672,0.057223,0.591538,1.0,1.0,6.144828,1.555556,0.591538,0.295769,0.443654,0.375,0.591538,0.7625,0.618182,0.303448,0.374111,0.268164,0.591538,200.0,1.0,0.0,0.0,0.0,0.0,1.0,0.0,0.0,0.0,1.0,1.0,1.0,0.0,0.0,0.0,0.0,0.0,1.0,1.0,1.0,0.75,0.95,1.0,3.0,1.0,1.0,0.0,1.0,1.0,1.0,1.0,1.0,1.0,1.0,0.0,1.0,1.0,6.0,1.0,1.0,1.0,1.0,0.8,8.0,7.0,0.888889,0.777778,0.822222
dataset-v2,v2,extraction-v2,hybrid-v1,weak_serp,57.8947,,натяжные потолки цена Москва,натяжные потолки,commercial,Москва,213,https://natpotolok.ru/,natpotolok.ru,9,0,,,homepage,ok,,artifacts\query--68494e2841974e7a.json,894cb6a952f4a1ee7668e1b1fc734bbe3fb04c82,143590,57.8947,9856.0,80962.0,1363.0,663.0,0.48642699926632427,6.0389,131.0,10.4046,26.0,1.0,8.0,29.0,38.0,1.0,42.0,1.0,247.0,0.0,0.0,0.0,89.0,4.0,0.0,1.0,0.0,22.0,0.75,18.0,0.065297,1.0,123.0,50.0,48.0,10.0,1.0,5.0,5.0,52.4231,90.242113,36.683786,35.216434,7.336757,0.121736,0.779055,1.0,1.0,11.081301,1.461538,0.779055,0.779055,0.584291,0.75,0.707901,0.9375,0.763636,0.296552,0.0,0.286952,0.779055,200.0,1.0,0.0,0.0,1.0,1.0,0.0,0.0,0.0,0.0,1.0,1.0,1.0,0.0,0.0,0.0,0.0,0.0,1.0,1.0,1.0,1.0,1.0,1.0,4.0,1.0,1.0,1.0,1.0,1.0,0.0,1.0,1.0,0.0,1.0,0.0,0.0,1.0,10.0,1.0,1.0,1.0,1.0,1.0,7.0,7.0,0.777778,0.777778,0.851852
dataset-v2,v2,extraction-v2,hybrid-v1,weak_serp,52.6316,,натяжные потолки цена Москва,натяжные потолки,commercial,Москва,213,https://uslugi.yandex.ru/213-moscow/category?text=натяжные+потолки,uslugi.yandex.ru,10,0,,,category,ok,,artifacts\query--59fd5b38f242a0ee.json,b64e43f67bf3f377792352de7abe04782fa436c9,2574397,52.6316,15015.0,2018252.0,2112.0,915.0,0.43323863636363635,5.8793,145.0,14.5655,1.0,0.0,0.0,9.0,9.0,1.0,115.0,1.0,135.0,0.0,0.0,0.0,54.0,2.0,2.0,0.5,0.5,0.0,0.0,12.0,0.025568,1.0,1031.0,23.0,7.0,0.0,0.0,2.0,0.0,2112.0,488.162879,10.890152,3.314394,0.0,0.00744,0.70139,1.0,0.75,2.048497,9.0,0.70139,0.350695,0.0,0.0,0.70139,0.575,0.0,0.931034,0.852273,0.303869,0.526042,200.0,1.0,0.0,0.0,1.0,1.0,0.0,0.0,0.0,0.0,1.0,1.0,1.0,0.0,0.0,2.0,1.0,1.0,1.0,0.7,1.0,1.0,0.94,1.0,3.0,1.0,1.0,1.0,1.0,1.0,1.0,1.0,1.0,1.0,1.0,1.0,1.0,1.0,2.0,1.0,1.0,1.0,1.0,1.0,9.0,9.0,1.0,1.0,1.0
dataset-v2,v2,extraction-v2,hybrid-v1,weak_serp,100.0,,натяжные потолки цена Санкт-Петербург,натяжные потолки,commercial,Санкт-Петербург,2,https://evita-potolki.ru/,evita-potolki.ru,1,0,,,homepage,ok,,artifacts\query--b072cf01daece253.json,70e612c360618d44b49300bd0d1a2dddf87a72d7,1103956,100.0,24559.0,973617.0,3391.0,1271.0,0.37481568858743736,5.9646,252.0,13.4563,58.0,1.0,42.0,33.0,76.0,1.0,60.0,1.0,147.0,0.0,0.0,0.0,117.0,2.0,1.0,0.4,0.2,37.0,0.6,32.0,0.034503,1.0,260.0,92.0,155.0,36.0,4.0,24.0,6.0,58.4655,76.673548,27.13064,45.70923,10.616337,0.025224,0.425248,1.0,1.0,13.042308,1.310345,0.425248,0.170099,0.255149,0.24,0.425248,0.69,0.909091,0.986207,0.849897,0.15939,0.425248,200.0,1.0,0.0,0.0,1.0,1.0,1.0,0.0,0.0,0.0,1.0,1.0,1.0,0.0,0.0,0.0,0.0,0.0,1.0,1.0,1.0,1.0,1.0,1.0,3.0,1.0,1.0,1.0,1.0,1.0,0.0,1.0,1.0,1.0,1.0,0.0,1.0,1.0,7.0,1.0,1.0,1.0,1.0,1.0,8.0,8.0,0.888889,0.888889,0.925926
dataset-v2,v2,extraction-v2,hybrid-v1,weak_serp,94.7368,,натяжные потолки цена Санкт-Петербург,натяжные потолки,commercial,Санкт-Петербург,2,https://master-plus.spb.ru/natyazhnye-potolki/,master-plus.spb.ru,2,0,,,content,ok,,artifacts\query--79a559a5ccb25aca.json,f85d8eedd1bc2fdb0e7a1b4c3bf2b345d029870a,285359,94.7368,14265.0,208231.0,2084.0,584.0,0.2802303262955854,5.6881,132.0,15.7879,491.0,1.0,3.0,7.0,11.0,1.0,40.0,1.0,204.0,0.0,0.0,0.0,108.0,3.0,4.0,0.6,0.8,19.0,0.6,35.0,0.051823,1.0,96.0,164.0,29.0,9.0,4.0,42.0,10.5,4.2444,46.065259,78.694818,13.915547,4.318618,0.068506,0.441932,1.0,1.0,21.708333,0.022403,0.441932,0.265159,0.265159,0.36,0.441932,0.76,0.727273,0.593103,0.272553,0.123843,0.441932,200.0,1.0,0.0,0.0,0.0,0.0,0.0,0.0,0.0,0.0,1.0,1.0,1.0,0.0,0.0,1.0,0.0,0.0,1.0,0.9,1.0,0.75,0.93,1.0,7.0,1.0,1.0,1.0,1.0,1.0,0.0,1.0,1.0,1.0,1.0,0.0,1.0,1.0,5.0,0.0,1.0,1.0,1.0,0.8,8.0,8.0,0.888889,0.888889,0.859259
dataset-v2,v2,extraction-v2,hybrid-v1,weak_serp,89.4737,,натяжные потолки цена Санкт-Петербург,натяжные потолки,commercial,Санкт-Петербург,2,https://potolok-peter.ru/,potolok-peter.ru,3,0,,,homepage,ok,,artifacts\query--47b6524f41c8fc10.json,b8936a65e71f2395ac1dccf92e0cd46af8d7b9c4,659746,89.4737,9815.0,528652.0,1431.0,527.0,0.36827393431167016,5.7247,61.0,23.459,94.0,1.0,12.0,8.0,21.0,1.0,55.0,1.0,176.0,0.0,0.0,0.0,79.0,3.0,4.0,0.4,0.6,3.0,0.4,30.0,0.055206,0.6,295.0,79.0,234.0,4.0,3.0,118.0,39.333333,15.2234,206.149546,55.20615,163.522013,2.795248,0.018566,0.396405,1.0,1.0,4.850847,0.223404,0.237843,0.158562,0.158562,0.16,0.37817,0.58,1.0,0.786207,0.095877,0.116059,0.396405,200.0,1.0,0.0,0.0,1.0,1.0,1.0,0.0,0.0,0.0,1.0,1.0,1.0,0.0,0.0,0.0,0.0,0.0,1.0,1.0,1.0,1.0,1.0,1.0,3.0,1.0,1.0,1.0,1.0,1.0,0.0,1.0,1.0,1.0,1.0,1.0,1.0,1.0,8.0,0.0,1.0,1.0,1.0,0.8,8.0,9.0,0.888889,1.0,0.896296
dataset-v2,v2,extraction-v2,hybrid-v1,weak_serp,84.2105,,натяжные потолки цена Санкт-Петербург,натяжные потолки,commercial,Санкт-Петербург,2,https://okna-leningrad.ru/potolki/,okna-leningrad.ru,4,0,,,content,ok,,artifacts\query--5a0b342f3bd7a73d.json,9b3d46f8c19818ca471e6281819d529043c38a38,923465,84.2105,10667.0,835589.0,1564.0,781.0,0.4993606138107417,5.6675,76.0,20.5789,33.0,1.0,10.0,3.0,14.0,1.0,148.0,1.0,164.0,0.0,0.0,0.0,89.0,3.0,3.0,0.6,0.4,15.0,0.6,29.0,0.056905,1.0,213.0,77.0,68.0,3.0,5.0,40.0,8.0,47.3939,136.189258,49.232737,43.478261,1.918159,0.012766,0.402435,1.0,1.0,7.342723,0.424242,0.402435,0.241461,0.241461,0.36,0.402435,0.76,0.0,0.868966,0.103154,0.174612,0.402435,200.0,1.0,0.0,0.0,1.0,1.0,1.0,0.0,0.0,0.0,1.0,1.0,0.0,0.0,0.0,1.0,0.0,0.0,1.0,0.9,0.5,1.0,0.88,1.0,1.0,0.0,1.0,1.0,1.0,1.0,0.0,1.0,0.0,1.0,1.0,0.0,0.0,1.0,6.0,1.0,1.0,1.0,1.0,0.8,7.0,6.0,0.777778,0.666667,0.748148
dataset-v2,v2,extraction-v2,hybrid-v1,weak_serp,73.6842,,натяжные потолки цена Санкт-Петербург,натяжные потолки,commercial,Санкт-Петербург,2,https://моипотолки.рф/spb,моипотолки.рф,6,0,,,content,ok,,artifacts\query--8d6dfd2d241fea1a.json,c0ecffd8709ece0fc8e0e5415c75d295c46329da,799645,73.6842,24531.0,662420.0,3573.0,1310.0,0.36663867898124824,5.6613,390.0,9.1615,399.0,1.0,13.0,39.0,53.0,1.0,99.0,1.0,149.0,0.0,0.0,0.0,80.0,3.0,3.0,0.6,0.6,16.0,0.8,12.0,0.02239,1.0,90.0,217.0,12.0,19.0,0.0,69.0,0.0,8.9549,25.188917,60.733277,3.358522,5.31766,0.037032,0.536097,1.0,0.75,39.7,0.132832,0.536097,0.321658,0.428878,0.48,0.536097,0.81,0.2,0.972414,0.746338,0.196554,0.402073,200.0,1.0,0.0,0.0,1.0,0.0,0.0,0.0,0.0,0.0,1.0,1.0,1.0,0.0,0.0,1.0,0.0,0.0,1.0,0.9,1.0,0.0,0.78,1.0,3.0,0.0,1.0,1.0,1.0,1.0,0.0,1.0,1.0,1.0,1.0,0.0,0.0,1.0,12.0,1.0,1.0,1.0,1.0,0.8,7.0,7.0,0.777778,0.777778,0.785185
dataset-v2,v2,extraction-v2,hybrid-v1,weak_serp,68.4211,,натяжные потолки цена Санкт-Петербург,натяжные потолки,commercial,Санкт-Петербург,2,https://tuspb.ru/,tuspb.ru,7,0,,,homepage,ok,,artifacts\query--f7cff4f802e5fb60.json,9cbe9169cf09f33be6340968bfcebb6de5954388,392641,68.4211,49945.0,193948.0,6412.0,1785.0,0.27838427947598254,6.5633,537.0,11.9404,265.0,3.0,13.0,92.0,108.0,1.0,94.0,1.0,265.0,0.0,0.0,0.0,58.0,5.0,4.0,1.0,0.8,21.0,0.8,13.0,0.009046,1.0,190.0,113.0,88.0,3.0,5.0,72.0,14.4,24.1962,29.63194,17.623206,13.724267,0.467873,0.257517,0.50984,1.0,1.0,33.747368,0.407547,0.50984,0.50984,0.407872,0.8,0.50984,0.95,0.290909,0.172414,0.301518,0.141931,0.50984,200.0,1.0,0.0,0.0,0.0,0.0,0.0,0.0,0.0,0.0,1.0,1.0,1.0,0.0,0.0,0.0,0.0,0.0,1.0,1.0,1.0,0.75,0.95,1.0,2.0,1.0,1.0,0.0,1.0,1.0,1.0,1.0,1.0,1.0,1.0,0.0,1.0,1.0,31.0,1.0,1.0,1.0,1.0,0.8,8.0,7.0,0.888889,0.777778,0.822222
dataset-v2,v2,extraction-v2,hybrid-v1,weak_serp,63.1579,,натяжные потолки цена Санкт-Петербург,натяжные потолки,commercial,Санкт-Петербург,2,https://potolki-sankt-peterburg.ru/,potolki-sankt-peterburg.ru,8,0,,,homepage,ok,,artifacts\query--65b82056b9bd2ef7.json,e0c0bbdfd2faeea5e81a71ec229f440dc9b8bcfa,1246343,63.1579,12646.0,1109381.0,1762.0,744.0,0.42224744608399545,6.0023,95.0,18.5474,54.0,1.0,12.0,9.0,22.0,1.0,68.0,1.0,112.0,0.0,0.0,0.0,93.0,2.0,3.0,0.4,0.6,14.0,0.6,2.0,0.052781,0.6,266.0,21.0,138.0,0.0,4.0,28.0,7.0,32.6296,150.964813,11.918275,78.320091,0.0,0.011399,0.192506,0.4,1.0,6.62406,0.407407,0.115504,0.077002,0.115504,0.24,0.192506,0.48,0.763636,0.772414,0.144381,0.079569,0.192506,200.0,1.0,0.0,0.0,1.0,1.0,1.0,0.0,0.0,0.0,1.0,1.0,1.0,0.0,0.0,0.0,0.0,0.0,1.0,1.0,1.0,1.0,1.0,1.0,2.0,0.0,1.0,1.0,1.0,1.0,0.0,0.0,1.0,1.0,1.0,0.0,1.0,1.0,11.0,1.0,1.0,1.0,1.0,0.8,7.0,7.0,0.777778,0.777778,0.785185
dataset-v2,v2,extraction-v2,hybrid-v1,weak_serp,57.8947,,натяжные потолки цена Санкт-Петербург,натяжные потолки,commercial,Санкт-Петербург,2,https://spbpotolok.com/,spbpotolok.com,9,0,,,homepage,ok,,artifacts\query--29ba87b978727a8b.json,0e62117c29c5d2271947cb29bfe2d43793b9572c,281663,57.8947,21701.0,180948.0,3441.0,1124.0,0.3266492298750363,5.1427,299.0,11.5084,44.0,1.0,1.0,0.0,2.0,1.0,68.0,1.0,191.0,0.0,0.0,0.0,87.0,4.0,3.0,0.8,0.6,3.0,0.6,13.0,0.025283,1.0,165.0,99.0,136.0,54.0,15.0,49.0,3.266667,78.2045,47.951177,28.770706,39.523394,15.693112,0.119929,0.490915,1.0,1.0,20.854545,0.045455,0.490915,0.392732,0.294549,0.48,0.490915,0.83,0.763636,0.682759,0.842778,0.160357,0.490915,200.0,1.0,0.0,0.0,0.0,0.0,0.0,0.0,0.0,0.0,1.0,1.0,1.0,0.0,0.0,0.0,0.0,0.0,1.0,1.0,1.0,0.75,0.95,1.0,2.0,1.0,1.0,1.0,1.0,1.0,1.0,0.0,1.0,1.0,1.0,0.0,1.0,1.0,33.0,0.0,1.0,1.0,1.0,0.8,8.0,8.0,0.888889,0.888889,0.859259
dataset-v2,v2,extraction-v2,hybrid-v1,weak_serp,52.6316,,натяжные потолки цена Санкт-Петербург,натяжные потолки,commercial,Санкт-Петербург,2,https://potolki-spb.ru/,potolki-spb.ru,10,0,,,homepage,ok,,artifacts\query--548f1f726f5f15f2.json,b4f4156ccff38223d6d605347d2f316eaa5b1e90,415284,52.6316,10219.0,321002.0,1632.0,535.0,0.3278186274509804,4.9914,184.0,8.8696,43.0,1.0,7.0,1.0,9.0,1.0,63.0,1.0,171.0,0.0,0.0,0.0,56.0,3.0,6.0,0.4,0.6,5.0,0.6,17.0,0.034314,0.8,224.0,92.0,27.0,30.0,14.0,223.0,15.928571,37.9535,137.254902,56.372549,16.544118,18.382353,0.031835,0.325297,1.0,1.0,7.285714,0.209302,0.260238,0.130119,0.195178,0.24,0.325297,0.66,0.854545,0.82069,0.684967,0.096685,0.325297,200.0,1.0,0.0,0.0,1.0,1.0,1.0,0.0,0.0,0.0,1.0,1.0,1.0,0.0,0.0,0.0,0.0,0.0,1.0,1.0,1.0,1.0,1.0,1.0,7.0,0.0,1.0,1.0,1.0,1.0,0.0,1.0,0.0,1.0,1.0,1.0,0.0,1.0,8.0,1.0,1.0,1.0,1.0,0.8,7.0,7.0,0.777778,0.777778,0.785185
dataset-v2,v2,extraction-v2,hybrid-v1,weak_serp,100.0,,натяжные потолки цена Екатеринбург,натяжные потолки,commercial,Екатеринбург,54,https://ekat.steklodom.com/ceiling/,ekat.steklodom.com,1,0,,,content,ok,,artifacts\query--5a6389d84fea40e2.json,8492fa77a28cbf99438298f19b8ad2544d3d84a9,990557,100.0,23586.0,864647.0,3540.0,1053.0,0.29745762711864404,5.3059,149.0,23.7584,12.0,1.0,8.0,0.0,9.0,1.0,82.0,1.0,195.0,0.0,0.0,0.0,44.0,3.0,1.0,0.75,0.25,2.0,0.5,16.0,0.012429,1.0,281.0,405.0,124.0,1.0,5.0,112.0,22.4,295.0,79.378531,114.40678,35.028249,0.282486,0.027278,0.541387,1.0,1.0,12.597865,0.75,0.541387,0.40604,0.270693,0.375,0.541387,0.7875,0.509091,0.655172,0.414313,0.16104,0.541387,200.0,1.0,0.0,0.0,0.0,0.0,0.0,0.0,0.0,0.0,1.0,1.0,1.0,0.0,0.0,1.0,0.0,0.0,1.0,0.9,1.0,0.75,0.93,1.0,18.0,0.0,1.0,1.0,1.0,1.0,1.0,1.0,1.0,1.0,1.0,1.0,0.0,1.0,5.0,1.0,1.0,1.0,1.0,0.8,8.0,8.0,0.888889,0.888889,0.859259
dataset-v2,v2,extraction-v2,hybrid-v1,weak_serp,94.7368,,натяжные потолки цена Екатеринбург,натяжные потолки,commercial,Екатеринбург,54,https://markakachestva.ru/amenities/9043-luchshie-firmy-natjazhnyh-potolkov-v-ekaterinburge-rejting.html,markakachestva.ru,2,0,,,content,ok,,artifacts\query--fd442074472ce4a1.json,fac4cef9b6bcf44197ad7b16e029a6bbf1e99453,447247,94.7368,13531.0,381452.0,1822.0,889.0,0.48792535675082327,6.202,147.0,12.3946,37.0,1.0,5.0,0.0,6.0,1.0,62.0,1.0,211.0,0.0,0.0,0.0,11.0,0.0,0.0,0.0,0.0,0.0,0.0,1.0,0.006037,1.0,132.0,90.0,84.0,26.0,3.0,16.0,5.333333,49.2432,72.447859,49.396268,46.103183,14.270033,0.035472,0.391829,0.25,1.0,13.80303,0.162162,0.391829,0.0,0.0,0.0,0.391829,0.2125,0.872727,0.544828,0.201244,0.191183,0.391829,200.0,1.0,0.0,0.0,1.0,1.0,0.0,0.0,0.0,0.0,1.0,1.0,1.0,0.0,0.0,2.0,0.0,0.0,1.0,0.8,1.0,1.0,0.96,1.0,5.0,0.0,1.0,1.0,1.0,1.0,0.0,0.0,1.0,1.0,1.0,1.0,0.0,1.0,1.0,1.0,1.0,1.0,1.0,0.8,6.0,8.0,0.666667,0.888889,0.785185
dataset-v2,v2,extraction-v2,hybrid-v1,weak_serp,89.4737,,натяжные потолки цена Екатеринбург,натяжные потолки,commercial,Екатеринбург,54,https://natyazhniepotolkiekb.ru/,natyazhniepotolkiekb.ru,3,0,,,homepage,ok,,artifacts\query--8dd42e6639bc3fb8.json,be72873ec0707d97aff9cd47b22340fd3c868729,654159,89.4737,15869.0,566171.0,2265.0,781.0,0.3448123620309051,5.8693,95.0,23.8421,31.0,1.0,7.0,12.0,20.0,1.0,55.0,1.0,219.0,0.0,0.0,0.0,42.0,3.0,1.0,0.75,0.25,6.0,0.75,5.0,0.018543,1.0,131.0,85.0,205.0,8.0,7.0,91.0,13.0,73.0645,57.836645,37.527594,90.507726,3.532009,0.028029,0.417782,1.0,1.0,17.290076,0.645161,0.417782,0.313337,0.313337,0.5625,0.417782,0.85,1.0,0.489655,0.618102,0.144056,0.417782,200.0,1.0,0.0,0.0,1.0,1.0,0.0,0.0,0.0,0.0,1.0,1.0,0.0,0.0,0.0,0.0,0.0,0.0,1.0,1.0,0.5,1.0,0.9,1.0,4.0,0.0,1.0,1.0,1.0,1.0,0.0,0.0,1.0,1.0,1.0,0.0,1.0,1.0,8.0,1.0,1.0,1.0,1.0,0.8,7.0,7.0,0.777778,0.777778,0.785185
dataset-v2,v2,extraction-v2,hybrid-v1,weak_serp,84.2105,,натяжные потолки цена Екатеринбург,натяжные потолки,commercial,Екатеринбург,54,https://luxpotolok.pro/,luxpotolok.pro,4,0,,,homepage,ok,,artifacts\query--ec2b247505b5ad30.json,f3ee5c6099b7404d38e0d59adb570c348b85ac49,154014,84.2105,9902.0,85858.0,1457.0,687.0,0.47151681537405626,5.5903,92.0,15.837,12.0,1.0,9.0,3.0,13.0,1.0,70.0,1.0,173.0,0.0,0.0,0.0,69.0,2.0,1.0,0.5,0.25,5.0,0.75,29.0,0.047358,1.0,183.0,68.0,69.0,6.0,4.0,31.0,7.75,121.4167,125.600549,46.671242,47.357584,4.118051,0.11533,0.403212,1.0,1.0,7.961749,1.083333,0.403212,0.201606,0.302409,0.375,0.391653,0.7625,0.727273,0.806897,0.421414,0.153893,0.403212,200.0,1.0,0.0,0.0,1.0,1.0,0.0,0.0,0.0,0.0,1.0,1.0,1.0,0.0,0.0,0.0,0.0,0.0,1.0,1.0,1.0,1.0,1.0,1.0,8.0,0.0,1.0,1.0,1.0,1.0,0.0,1.0,1.0,1.0,1.0,1.0,1.0,1.0,2.0,1.0,1.0,1.0,1.0,0.8,8.0,8.0,0.888889,0.888889,0.859259
dataset-v2,v2,extraction-v2,hybrid-v1,weak_serp,78.9474,,натяжные потолки цена Екатеринбург,натяжные потолки,commercial,Екатеринбург,54,https://potolki-ekburg.ru/ceny,potolki-ekburg.ru,5,0,,,content,ok,,artifacts\query--c9fc3e5d34dcf92e.json,52786261be2429560cf233ce46b51be0006b8c2e,127422,78.9474,8581.0,76488.0,1313.0,574.0,0.43716679360243715,5.3816,97.0,13.5361,21.0,1.0,3.0,0.0,4.0,1.0,75.0,1.0,255.0,0.0,0.0,0.0,63.0,2.0,2.0,0.5,0.5,4.0,0.5,18.0,0.047982,1.0,95.0,28.0,102.0,10.0,3.0,23.0,7.666667,62.5238,72.353389,21.325209,77.684692,7.616146,0.112188,0.602859,1.0,1.0,13.821053,0.190476,0.602859,0.30143,0.30143,0.25,0.527703,0.7,0.636364,0.241379,0.400609,0.192245,0.602859,200.0,1.0,0.0,0.0,0.0,0.0,0.0,0.0,0.0,0.0,1.0,1.0,0.0,0.0,0.0,1.0,0.0,0.0,1.0,0.9,0.5,0.75,0.83,1.0,3.0,1.0,1.0,0.0,1.0,1.0,0.0,0.0,1.0,1.0,1.0,0.0,0.0,1.0,10.0,1.0,1.0,1.0,1.0,0.8,5.0,7.0,0.555556,0.777778,0.711111
dataset-v2,v2,extraction-v2,hybrid-v1,weak_serp,73.6842,,натяжные потолки цена Екатеринбург,натяжные потолки,commercial,Екатеринбург,54,https://моипотолки.рф/ekaterinburg,моипотолки.рф,6,0,,,content,ok,,artifacts\query--d36dee72891e78aa.json,b7a98e6d734af2c0cc9bdcbf915e5c6ada205087,800150,73.6842,24506.0,663298.0,3564.0,1309.0,0.36728395061728397,5.6712,390.0,9.1385,399.0,1.0,13.0,39.0,53.0,1.0,96.0,1.0,146.0,0.0,0.0,0.0,71.0,2.0,2.0,0.5,0.5,13.0,0.75,9.0,0.019921,1.0,90.0,217.0,12.0,19.0,0.0,69.0,0.0,8.9323,25.252525,60.886644,3.367003,5.331089,0.036946,0.591562,1.0,0.75,39.6,0.132832,0.591562,0.295781,0.443671,0.375,0.591562,0.7625,0.254545,0.993103,0.664048,0.217271,0.443671,200.0,1.0,0.0,0.0,1.0,0.0,0.0,0.0,0.0,0.0,1.0,1.0,1.0,0.0,0.0,1.0,0.0,0.0,1.0,0.9,1.0,0.0,0.78,1.0,3.0,0.0,1.0,1.0,1.0,1.0,0.0,1.0,1.0,1.0,1.0,0.0,0.0,1.0,12.0,1.0,1.0,1.0,1.0,0.8,7.0,7.0,0.777778,0.777778,0.785185
dataset-v2,v2,extraction-v2,hybrid-v1,weak_serp,68.4211,,натяжные потолки цена Екатеринбург,натяжные потолки,commercial,Екатеринбург,54,https://ekapotolok.ru/,ekapotolok.ru,7,0,,,homepage,ok,,artifacts\query--b8275e4aa51dd907.json,7e1aaa19820e1e8d7ac6110a51daf6d02d4edbb9,462687,68.4211,9477.0,405802.0,1431.0,399.0,0.27882599580712786,5.5451,37.0,38.6757,26.0,1.0,1.0,6.0,8.0,1.0,69.0,1.0,174.0,0.0,0.0,0.0,28.0,2.0,2.0,0.5,0.5,2.0,0.5,4.0,0.019567,0.75,81.0,45.0,283.0,66.0,5.0,66.0,13.2,55.0385,56.603774,31.446541,197.763802,46.121593,0.023354,0.364223,1.0,1.0,17.666667,0.307692,0.273167,0.182112,0.182112,0.25,0.347469,0.6625,0.745455,0.8,0.489168,0.080736,0.364223,200.0,1.0,0.0,0.0,1.0,1.0,0.0,0.0,0.0,0.0,1.0,1.0,0.0,0.0,0.0,0.0,0.0,0.0,1.0,1.0,0.5,1.0,0.9,1.0,1.0,1.0,1.0,1.0,0.0,1.0,0.0,0.0,1.0,1.0,1.0,0.0,0.0,1.0,9.0,1.0,1.0,1.0,1.0,1.0,5.0,8.0,0.555556,0.888889,0.814815
dataset-v2,v2,extraction-v2,hybrid-v1,weak_serp,63.1579,,натяжные потолки цена Екатеринбург,натяжные потолки,commercial,Екатеринбург,54,https://vipceiling.ru/ekb/price/,vipceiling.ru,8,0,,,content,ok,,artifacts\query--d01504a6beeaabb4.json,fd9e5b719863ab85dcc43159dcdf4cf6ac20e4f7,393748,63.1579,9074.0,328345.0,1497.0,437.0,0.29191716766867065,4.9766,78.0,19.1923,74.0,1.0,7.0,21.0,29.0,1.0,46.0,1.0,73.0,0.0,0.0,0.0,54.0,2.0,2.0,0.5,0.5,8.0,0.5,6.0,0.036072,1.0,220.0,40.0,282.0,0.0,1.0,5.0,5.0,20.2297,146.960588,26.720107,188.376754,0.0,0.027636,0.546869,1.0,1.0,6.804545,0.391892,0.546869,0.273435,0.273435,0.25,0.545775,0.7,0.836364,0.503448,0.797595,0.132768,0.546869,200.0,1.0,0.0,0.0,1.0,1.0,0.0,0.0,0.0,0.0,1.0,1.0,1.0,0.0,0.0,2.0,0.0,0.0,1.0,0.8,1.0,1.0,0.96,1.0,11.0,0.0,1.0,1.0,1.0,1.0,0.0,1.0,1.0,1.0,1.0,0.0,0.0,1.0,1.0,1.0,1.0,1.0,1.0,0.8,7.0,7.0,0.777778,0.777778,0.785185
dataset-v2,v2,extraction-v2,hybrid-v1,weak_serp,57.8947,,натяжные потолки цена Екатеринбург,натяжные потолки,commercial,Екатеринбург,54,https://ekb.potolochnik24.ru/,ekb.potolochnik24.ru,9,0,,,homepage,ok,,artifacts\query--40d7a2d56af170f0.json,8e9781e51407f4c0f4825e8cf95b89e1d1089a54,511734,57.8947,18727.0,401329.0,2519.0,842.0,0.33425962683604604,6.1493,198.0,12.7222,110.0,1.0,19.0,25.0,45.0,1.0,51.0,1.0,134.0,0.0,0.0,0.0,91.0,2.0,2.0,0.5,0.5,14.0,0.5,8.0,0.036125,1.0,164.0,72.0,79.0,50.0,6.0,39.0,6.5,22.9,65.1052,28.582771,31.361651,19.849146,0.046662,0.478716,1.0,1.0,15.359756,0.409091,0.478716,0.239358,0.239358,0.25,0.478716,0.7,0.927273,0.924138,0.795818,0.160015,0.478716,200.0,1.0,0.0,0.0,1.0,1.0,1.0,0.0,0.0,0.0,1.0,1.0,1.0,0.0,0.0,0.0,0.0,0.0,1.0,1.0,1.0,1.0,1.0,1.0,1.0,1.0,1.0,1.0,1.0,1.0,0.0,1.0,1.0,1.0,1.0,1.0,1.0,1.0,19.0,1.0,1.0,1.0,1.0,1.0,8.0,9.0,0.888889,1.0,0.962963
dataset-v2,v2,extraction-v2,hybrid-v1,weak_serp,52.6316,,натяжные потолки цена Екатеринбург,натяжные потолки,commercial,Екатеринбург,54,https://potolokmt.ru/,potolokmt.ru,10,0,,,homepage,ok,,artifacts\query--8856ce66a4561ef0.json,a5d6d467bb513f25d500fa037804ddb07e01e9c5,642635,52.6316,16892.0,567755.0,2410.0,692.0,0.2871369294605809,5.7365,182.0,13.2418,142.0,2.0,0.0,0.0,2.0,1.0,67.0,1.0,123.0,0.0,0.0,0.0,121.0,2.0,0.0,0.5,0.0,6.0,0.75,10.0,0.050207,1.0,97.0,24.0,169.0,31.0,7.0,70.0,10.0,16.9718,40.248963,9.958506,70.124481,12.863071,0.029752,0.350138,1.0,1.0,24.845361,0.014085,0.350138,0.175069,0.262603,0.375,0.350138,0.7625,0.781818,0.848276,0.326418,0.100538,0.350138,200.0,1.0,0.0,0.0,1.0,1.0,0.0,0.0,0.0,0.0,1.0,1.0,0.0,0.0,0.0,0.0,0.0,0.0,1.0,1.0,0.5,1.0,0.9,1.0,5.0,0.0,1.0,1.0,1.0,1.0,0.0,1.0,1.0,1.0,1.0,1.0,0.0,1.0,5.0,1.0,1.0,1.0,1.0,0.8,7.0,8.0,0.777778,0.888889,0.822222
dataset-v2,v2,extraction-v2,hybrid-v1,weak_serp,100.0,,натяжные потолки цена Новосибирск,натяжные потолки,commercial,Новосибирск,65,https://sibirpotolki.ru/,sibirpotolki.ru,1,0,,,homepage,ok,,artifacts\query--4346f836d99de900.json,a268a44d5b78c204a71588f0fd74099eb8af93e8,117227,100.0,8480.0,76708.0,1259.0,556.0,0.4416203335980937,5.4512,76.0,16.5658,66.0,1.0,10.0,0.0,11.0,1.0,74.0,1.0,149.0,0.0,0.0,0.0,20.0,3.0,2.0,0.75,0.5,3.0,0.5,12.0,0.015886,1.0,90.0,44.0,42.0,27.0,5.0,42.0,8.4,19.0758,71.485306,34.948372,33.359809,21.445592,0.110549,0.622523,1.0,1.0,13.988889,0.166667,0.622523,0.466892,0.311262,0.375,0.522504,0.7875,0.654545,0.972414,0.529521,0.19229,0.622523,200.0,1.0,0.0,0.0,1.0,1.0,0.0,0.0,0.0,0.0,1.0,1.0,0.0,0.0,0.0,0.0,0.0,0.0,1.0,1.0,0.5,1.0,0.9,1.0,3.0,0.0,1.0,1.0,1.0,1.0,0.0,1.0,1.0,0.0,1.0,0.0,1.0,1.0,2.0,0.0,1.0,1.0,1.0,0.6,8.0,6.0,0.888889,0.666667,0.718519
dataset-v2,v2,extraction-v2,hybrid-v1,weak_serp,94.7368,,натяжные потолки цена Новосибирск,натяжные потолки,commercial,Новосибирск,65,https://новосибирск.натяжные-потолки24.рф/,новосибирск.натяжные-потолки24.рф,2,0,,,homepage,ok,,artifacts\query--57188a56ab915f36.json,b9f62e144c7056145147486be0287356448036b5,266950,94.7368,22667.0,173056.0,3343.0,1356.0,0.4056236912952438,5.5208,328.0,10.1921,37.0,1.0,3.0,0.0,4.0,1.0,58.0,1.0,234.0,0.0,0.0,0.0,83.0,2.0,2.0,0.5,0.5,3.0,0.5,11.0,0.024828,1.0,222.0,97.0,209.0,28.0,5.0,26.0,5.2,90.3514,66.407418,29.015854,62.518696,8.37571,0.130981,0.581044,1.0,1.0,15.058559,0.108108,0.581044,0.290522,0.290522,0.25,0.581044,0.7,0.945455,0.386207,0.8276,0.235685,0.581044,200.0,1.0,0.0,0.0,1.0,1.0,0.0,0.0,0.0,0.0,1.0,1.0,1.0,0.0,0.0,0.0,0.0,0.0,1.0,1.0,1.0,1.0,1.0,1.0,2.0,0.0,1.0,1.0,1.0,1.0,0.0,1.0,1.0,1.0,1.0,0.0,1.0,1.0,7.0,0.0,1.0,1.0,1.0,0.6,8.0,7.0,0.888889,0.777778,0.755556
dataset-v2,v2,extraction-v2,hybrid-v1,weak_serp,89.4737,,натяжные потолки цена Новосибирск,натяжные потолки,commercial,Новосибирск,65,https://mirpotolkov-54.ru/,mirpotolkov-54.ru,3,0,,,homepage,ok,,artifacts\query--ff45d5800f888512.json,8249e55bf1b07277c3c70cf6eeaa825592f86181,178769,89.4737,12987.0,117730.0,2034.0,847.0,0.41642084562438547,5.236,131.0,15.5267,9.0,1.0,2.0,12.0,15.0,1.0,60.0,1.0,171.0,0.0,0.0,0.0,87.0,3.0,4.0,0.75,1.0,10.0,1.0,26.0,0.042773,1.0,107.0,90.0,67.0,0.0,7.0,96.0,13.714286,226.0,52.605703,44.247788,32.94002,0.0,0.110312,0.225861,1.0,1.0,19.009346,1.666667,0.225861,0.169396,0.225861,0.75,0.225861,0.9125,0.909091,0.82069,0.574238,0.094053,0.225861,200.0,1.0,0.0,0.0,1.0,1.0,1.0,0.0,0.0,0.0,1.0,1.0,1.0,0.0,0.0,0.0,0.0,0.0,1.0,1.0,1.0,1.0,1.0,1.0,6.0,1.0,1.0,1.0,1.0,1.0,0.0,1.0,1.0,0.0,1.0,1.0,1.0,1.0,6.0,1.0,1.0,1.0,1.0,1.0,8.0,8.0,0.888889,0.888889,0.925926
dataset-v2,v2,extraction-v2,hybrid-v1,weak_serp,84.2105,,натяжные потолки цена Новосибирск,натяжные потолки,commercial,Новосибирск,65,https://alansa.ru/,alansa.ru,4,0,,,homepage,ok,,artifacts\query--360939b8a0d2f19f.json,9478bbb2cf1277768eff569a7707546bef5bf9e8,1092832,84.2105,25130.0,961955.0,3736.0,1368.0,0.36616702355460384,5.557,295.0,12.6644,77.0,1.0,14.0,1.0,16.0,1.0,51.0,1.0,125.0,0.0,0.0,0.0,122.0,4.0,2.0,1.0,0.5,4.0,0.5,53.0,0.032655,1.0,180.0,97.0,94.0,57.0,6.0,100.0,16.666667,48.5195,48.179872,25.963597,25.1606,15.256959,0.026124,0.539052,1.0,1.0,20.755556,0.207792,0.539052,0.539052,0.269526,0.5,0.539052,0.875,0.927273,0.862069,0.911492,0.197383,0.539052,200.0,1.0,0.0,0.0,1.0,1.0,1.0,0.0,0.0,0.0,1.0,1.0,1.0,0.0,0.0,0.0,0.0,0.0,1.0,1.0,1.0,1.0,1.0,1.0,9.0,1.0,1.0,1.0,1.0,1.0,1.0,1.0,1.0,1.0,1.0,1.0,1.0,1.0,2.0,1.0,1.0,1.0,1.0,1.0,9.0,9.0,1.0,1.0,1.0
dataset-v2,v2,extraction-v2,hybrid-v1,weak_serp,78.9474,,натяжные потолки цена Новосибирск,натяжные потолки,commercial,Новосибирск,65,https://potolki-novosib.ru/ceny,potolki-novosib.ru,5,0,,,content,ok,,artifacts\query--b5870b1249f6d15c.json,a11bf23df2e48ab513f0e0232e12e1940a8de3e1,147312,78.9474,10279.0,85478.0,1531.0,696.0,0.45460483344219466,5.5578,114.0,13.4298,13.0,1.0,3.0,0.0,4.0,1.0,84.0,1.0,237.0,0.0,0.0,0.0,81.0,2.0,2.0,0.5,0.5,4.0,0.5,31.0,0.052907,1.0,126.0,32.0,138.0,9.0,4.0,25.0,6.25,117.7692,82.299151,20.901372,90.137165,5.878511,0.120253,0.566155,1.0,1.0,12.150794,0.307692,0.566155,0.283077,0.283077,0.25,0.566155,0.7,0.472727,0.365517,0.236447,0.218913,0.566155,200.0,1.0,0.0,0.0,0.0,0.0,0.0,0.0,0.0,0.0,1.0,1.0,0.0,0.0,0.0,1.0,0.0,0.0,1.0,0.9,0.5,0.75,0.83,1.0,6.0,1.0,1.0,0.0,1.0,1.0,0.0,0.0,1.0,1.0,1.0,0.0,0.0,1.0,11.0,1.0,1.0,1.0,1.0,0.8,5.0,7.0,0.555556,0.777778,0.711111
dataset-v2,v2,extraction-v2,hybrid-v1,weak_serp,68.4211,,натяжные потолки цена Новосибирск,натяжные потолки,commercial,Новосибирск,65,https://averno.ru/,averno.ru,7,0,,,homepage,ok,,artifacts\query--6106c329a0e26a18.json,38a75107181997020ac14f8dff26c2006036abbb,572255,68.4211,30753.0,426521.0,5036.0,791.0,0.15706910246227165,4.8382,1066.0,4.7242,57.0,1.0,0.0,0.0,1.0,1.0,51.0,1.0,132.0,0.0,0.0,0.0,78.0,2.0,3.0,0.5,0.75,2.0,0.5,38.0,0.015488,0.5,266.0,232.0,370.0,16.0,7.0,78.0,11.142857,88.3509,52.819698,46.068308,73.471009,3.177125,0.072102,0.358866,1.0,1.0,18.932331,0.017544,0.179433,0.179433,0.179433,0.25,0.358866,0.625,0.927273,0.910345,0.258141,0.056367,0.358866,200.0,1.0,0.0,0.0,1.0,1.0,1.0,0.0,0.0,0.0,1.0,1.0,1.0,0.0,0.0,0.0,0.0,0.0,1.0,1.0,1.0,1.0,1.0,1.0,7.0,1.0,1.0,1.0,1.0,1.0,0.0,0.0,1.0,1.0,1.0,0.0,0.0,1.0,1.0,1.0,1.0,1.0,1.0,1.0,6.0,8.0,0.666667,0.888889,0.851852
dataset-v2,v2,extraction-v2,hybrid-v1,weak_serp,63.1579,,натяжные потолки цена Новосибирск,натяжные потолки,commercial,Новосибирск,65,https://potolkisib.ru/,potolkisib.ru,8,0,,,homepage,ok,,artifacts\query--dc65a6eeaa31d13e.json,acba28c2d6ea8dddda82908b073c98f186454e5c,128734,63.1579,6326.0,93234.0,913.0,502.0,0.5498357064622125,5.7558,59.0,15.4746,46.0,1.0,6.0,1.0,8.0,1.0,45.0,1.0,97.0,0.0,0.0,0.0,31.0,2.0,3.0,0.5,0.75,4.0,0.5,21.0,0.033954,0.75,81.0,38.0,30.0,48.0,2.0,25.0,12.5,19.8478,88.71851,41.62103,32.858708,52.573932,0.067851,0.652403,1.0,1.0,11.271605,0.173913,0.489302,0.326201,0.326201,0.25,0.397096,0.6625,0.818182,0.668966,0.65115,0.181948,0.652403,200.0,1.0,0.0,0.0,0.0,0.0,0.0,0.0,0.0,0.0,1.0,1.0,1.0,0.0,0.0,0.0,0.0,0.0,1.0,1.0,1.0,0.75,0.95,1.0,3.0,1.0,1.0,1.0,0.0,1.0,0.0,1.0,1.0,1.0,1.0,0.0,0.0,1.0,2.0,1.0,1.0,0.0,0.0,1.0,6.0,6.0,0.666667,0.666667,0.777778
dataset-v2,v2,extraction-v2,hybrid-v1,weak_serp,57.8947,,натяжные потолки цена Новосибирск,натяжные потолки,commercial,Новосибирск,65,https://novosibirsk-potolki.ru/,novosibirsk-potolki.ru,9,0,,,homepage,ok,,artifacts\query--2ae6961c07a6c6bd.json,03e720787555cf0ca33006d8ee482b26d5feecd3,377960,57.8947,9391.0,289583.0,1328.0,470.0,0.3539156626506024,5.9465,59.0,22.5085,17.0,1.0,1.0,9.0,11.0,1.0,109.0,1.0,172.0,0.0,0.0,0.0,67.0,3.0,2.0,0.75,0.5,2.0,0.5,6.0,0.050452,1.0,280.0,100.0,150.0,1.0,13.0,147.0,11.307692,78.1176,210.843373,75.301205,112.951807,0.753012,0.032429,0.448743,1.0,1.0,4.742857,0.647059,0.448743,0.336557,0.224372,0.375,0.397287,0.7875,0.018182,0.813793,0.318273,0.117172,0.448743,200.0,1.0,0.0,0.0,1.0,1.0,1.0,0.0,0.0,0.0,1.0,1.0,1.0,0.0,0.0,0.0,0.0,0.0,1.0,1.0,1.0,1.0,1.0,1.0,6.0,1.0,1.0,1.0,1.0,1.0,0.0,1.0,1.0,1.0,1.0,0.0,0.0,1.0,6.0,1.0,1.0,1.0,1.0,1.0,7.0,8.0,0.777778,0.888889,0.888889
dataset-v2,v2,extraction-v2,hybrid-v1,weak_serp,52.6316,,натяжные потолки цена Новосибирск,натяжные потолки,commercial,Новосибирск,65,https://nsk-dekor.ru/,nsk-dekor.ru,10,0,,,homepage,ok,,artifacts\query--c9b2eee144aa42d3.json,d7b7bf5c05e14204d38b143dfcf712634be423e5,265316,52.6316,8100.0,226096.0,1122.0,626.0,0.5579322638146168,6.0365,90.0,12.4667,35.0,1.0,7.0,9.0,17.0,1.0,112.0,1.0,149.0,0.0,0.0,0.0,46.0,3.0,1.0,0.5,0.25,4.0,0.5,10.0,0.040998,1.0,88.0,19.0,59.0,1.0,7.0,58.0,8.285714,32.0571,78.431373,16.934046,52.58467,0.891266,0.035825,0.523098,1.0,1.0,12.75,0.485714,0.523098,0.261549,0.261549,0.25,0.391277,0.7,0.0,0.972414,0.633393,0.181922,0.523098,200.0,1.0,0.0,0.0,0.0,0.0,0.0,0.0,0.0,0.0,1.0,1.0,1.0,0.0,0.0,0.0,0.0,0.0,1.0,1.0,1.0,0.75,0.95,1.0,1.0,1.0,1.0,0.0,1.0,1.0,0.0,0.0,1.0,1.0,1.0,0.0,1.0,1.0,1.0,0.0,1.0,1.0,1.0,0.6,6.0,7.0,0.666667,0.777778,0.681481
dataset-v2,v2,extraction-v2,hybrid-v1,weak_serp,100.0,,натяжные потолки цена Казань,натяжные потолки,commercial,Казань,43,https://kazan-potolki.ru/,kazan-potolki.ru,1,0,,,homepage,ok,,artifacts\query--43f92506e4d4492a.json,12e1879295ae06331afe12f2f9dfd0d24f60dd27,222381,100.0,14985.0,131158.0,2104.0,867.0,0.4120722433460076,5.8322,96.0,21.9167,57.0,1.0,9.0,49.0,59.0,1.0,60.0,1.0,138.0,0.0,0.0,0.0,36.0,2.0,2.0,0.5,0.5,2.0,0.5,11.0,0.01711,1.0,151.0,62.0,221.0,24.0,3.0,54.0,18.0,36.9123,71.768061,29.467681,105.038023,11.406844,0.114252,0.342602,1.0,1.0,13.933775,1.035088,0.342602,0.171301,0.171301,0.25,0.342602,0.7,0.909091,0.951724,0.570342,0.141177,0.342602,200.0,1.0,0.0,0.0,1.0,1.0,1.0,0.0,0.0,0.0,1.0,1.0,1.0,0.0,0.0,0.0,0.0,0.0,1.0,1.0,1.0,1.0,1.0,1.0,2.0,1.0,1.0,1.0,1.0,1.0,1.0,0.0,1.0,0.0,1.0,0.0,1.0,1.0,10.0,1.0,1.0,1.0,1.0,1.0,8.0,7.0,0.888889,0.777778,0.888889
dataset-v2,v2,extraction-v2,hybrid-v1,weak_serp,94.7368,,натяжные потолки цена Казань,натяжные потолки,commercial,Казань,43,https://моипотолки.рф/kazan,моипотолки.рф,2,0,,,content,ok,,artifacts\query--e10686e96eddef17.json,432c68e4073a04f462b823997d0f99e097182bec,795526,94.7368,24444.0,660399.0,3564.0,1309.0,0.36728395061728397,5.6538,390.0,9.1385,399.0,1.0,13.0,39.0,53.0,1.0,89.0,1.0,139.0,0.0,0.0,0.0,71.0,2.0,2.0,0.5,0.5,13.0,0.75,9.0,0.019921,1.0,90.0,217.0,12.0,19.0,0.0,69.0,0.0,8.9323,25.252525,60.886644,3.367003,5.331089,0.037014,0.482942,1.0,0.75,39.6,0.132832,0.482942,0.241471,0.362206,0.375,0.482942,0.7625,0.381818,0.958621,0.664048,0.177377,0.362206,200.0,1.0,0.0,0.0,1.0,0.0,0.0,0.0,0.0,0.0,1.0,1.0,1.0,0.0,0.0,1.0,0.0,0.0,1.0,0.9,1.0,0.0,0.78,1.0,3.0,0.0,1.0,1.0,1.0,1.0,0.0,1.0,1.0,1.0,1.0,0.0,0.0,1.0,12.0,1.0,1.0,1.0,1.0,0.8,7.0,7.0,0.777778,0.777778,0.785185
dataset-v2,v2,extraction-v2,hybrid-v1,weak_serp,89.4737,,натяжные потолки цена Казань,натяжные потолки,commercial,Казань,43,https://kazanpotolok.ru/,kazanpotolok.ru,3,0,,,homepage,ok,,artifacts\query--fe2ca68b600d032d.json,60f85a0cadcb19b38356bd39868c51634f4a9d30,141300,89.4737,5640.0,103511.0,808.0,427.0,0.5284653465346535,5.8267,60.0,13.4667,27.0,1.0,7.0,21.0,29.0,1.0,77.0,1.0,168.0,0.0,0.0,0.0,52.0,3.0,2.0,0.5,0.5,2.0,0.5,25.0,0.064356,1.0,102.0,28.0,71.0,1.0,3.0,35.0,11.666667,29.9259,126.237624,34.653465,87.871287,1.237624,0.054487,0.443407,1.0,1.0,7.921569,1.074074,0.443407,0.221703,0.221703,0.25,0.238849,0.7,0.6,0.841379,0.0,0.105186,0.443407,200.0,1.0,0.0,0.0,1.0,1.0,0.0,0.0,0.0,0.0,1.0,1.0,1.0,0.0,0.0,0.0,0.0,0.0,1.0,1.0,1.0,1.0,1.0,1.0,6.0,1.0,1.0,1.0,1.0,1.0,0.0,0.0,1.0,0.0,1.0,0.0,0.0,1.0,4.0,1.0,1.0,1.0,1.0,1.0,6.0,7.0,0.666667,0.777778,0.814815
dataset-v2,v2,extraction-v2,hybrid-v1,weak_serp,84.2105,,натяжные потолки цена Казань,натяжные потолки,commercial,Казань,43,https://potolki-real.ru/,potolki-real.ru,4,0,,,homepage,ok,,artifacts\query--ee7264e9452fd6e1.json,316a1da1b7cddd9d83902ca562f87e36ac80accc,202948,84.2105,18374.0,111655.0,2562.0,1145.0,0.44691647150663544,6.0137,172.0,14.8953,72.0,1.0,12.0,0.0,13.0,1.0,54.0,1.0,175.0,0.0,0.0,0.0,99.0,2.0,3.0,0.5,0.5,6.0,0.5,29.0,0.038642,0.75,170.0,113.0,64.0,7.0,7.0,36.0,5.142857,35.5833,66.354411,44.106167,24.980484,2.73224,0.16456,0.451142,1.0,1.0,15.070588,0.180556,0.338357,0.225571,0.225571,0.25,0.451142,0.6625,0.981818,0.793103,0.533958,0.201623,0.451142,200.0,1.0,0.0,0.0,1.0,1.0,0.0,0.0,0.0,0.0,1.0,1.0,1.0,0.0,0.0,0.0,0.0,0.0,1.0,1.0,1.0,1.0,1.0,1.0,5.0,1.0,1.0,1.0,1.0,1.0,0.0,1.0,1.0,1.0,1.0,0.0,1.0,1.0,10.0,1.0,1.0,1.0,1.0,1.0,8.0,8.0,0.888889,0.888889,0.925926
dataset-v2,v2,extraction-v2,hybrid-v1,weak_serp,78.9474,,натяжные потолки цена Казань,натяжные потолки,commercial,Казань,43,https://potolok-montazh.com/ru/kazan/prices,potolok-montazh.com,5,0,,,content,ok,,artifacts\query--5d915624781f6fd7.json,c639dab9f9c3421d1626e00804cfdfb72a22dc7b,325921,78.9474,8876.0,263060.0,1391.0,485.0,0.3486700215672178,5.1898,54.0,25.7593,77.0,1.0,5.0,24.0,30.0,1.0,61.0,1.0,158.0,0.0,0.0,0.0,17.0,3.0,2.0,0.75,0.5,5.0,0.25,9.0,0.012221,0.75,154.0,37.0,108.0,5.0,3.0,84.0,28.0,18.0649,110.711718,26.599569,77.641984,3.594536,0.033741,0.458713,1.0,1.0,9.032468,0.38961,0.344035,0.344035,0.114678,0.1875,0.42538,0.6875,0.890909,0.910345,0.305536,0.123598,0.458713,200.0,1.0,0.0,0.0,1.0,1.0,1.0,0.0,0.0,0.0,1.0,1.0,1.0,0.0,0.0,3.0,0.0,0.0,1.0,0.7,1.0,1.0,0.94,1.0,2.0,0.0,1.0,1.0,1.0,1.0,0.0,1.0,1.0,1.0,1.0,0.0,0.0,1.0,44.0,1.0,1.0,1.0,1.0,0.8,7.0,7.0,0.777778,0.777778,0.785185
dataset-v2,v2,extraction-v2,hybrid-v1,weak_serp,73.6842,,натяжные потолки цена Казань,натяжные потолки,commercial,Казань,43,https://profi.ru/geo-kzn/remont/potolki/montazh-natyazhnyh-potolkov/price/,profi.ru,6,0,,,content,ok,,artifacts\query--fb68331f2648bd82.json,3e61254eb1dde327fab15e3372731a2c24f24092,987570,73.6842,21504.0,840341.0,3049.0,972.0,0.31879304690062316,5.7898,304.0,10.0296,192.0,1.0,8.0,23.0,32.0,1.0,73.0,1.0,214.0,0.0,0.0,0.0,24.0,1.0,0.0,0.25,0.0,0.0,0.0,3.0,0.007871,1.0,259.0,73.0,19.0,0.0,0.0,1.0,0.0,15.8802,84.945884,23.942276,6.231551,0.0,0.02559,0.443259,0.75,0.75,11.772201,0.166667,0.443259,0.110815,0.0,0.0,0.443259,0.425,0.672727,0.524138,0.262381,0.141308,0.332444,200.0,1.0,0.0,0.0,1.0,1.0,0.0,0.0,0.0,0.0,1.0,1.0,1.0,0.0,0.0,5.0,0.0,0.0,1.0,0.5,1.0,1.0,0.9,1.0,2.0,0.0,1.0,1.0,1.0,1.0,0.0,1.0,1.0,1.0,1.0,1.0,1.0,1.0,20.0,1.0,1.0,1.0,1.0,0.8,8.0,8.0,0.888889,0.888889,0.859259
dataset-v2,v2,extraction-v2,hybrid-v1,weak_serp,68.4211,,натяжные потолки цена Казань,натяжные потолки,commercial,Казань,43,https://www.potolki-servis.ru/,potolki-servis.ru,7,0,,,homepage,ok,,artifacts\query--10926980a9af58cc.json,1e54802ad030b5b61c47ed2f88d9831580a06066,271858,68.4211,18624.0,178212.0,2757.0,1001.0,0.363075807036634,5.6075,126.0,21.881,10.0,1.0,2.0,0.0,3.0,1.0,51.0,1.0,232.0,0.0,0.0,0.0,79.0,3.0,2.0,0.75,0.5,2.0,0.5,5.0,0.028654,1.0,182.0,125.0,183.0,149.0,6.0,12.0,2.0,275.7,66.013783,45.339137,66.376496,54.044251,0.104505,0.431924,1.0,1.0,15.148352,0.3,0.431924,0.323943,0.215962,0.375,0.431924,0.7875,0.927273,0.4,0.955144,0.156821,0.431924,200.0,1.0,0.0,0.0,0.0,0.0,0.0,0.0,0.0,0.0,1.0,1.0,0.0,0.0,0.0,0.0,0.0,0.0,1.0,1.0,0.5,0.75,0.85,1.0,4.0,1.0,1.0,1.0,1.0,1.0,0.0,1.0,1.0,0.0,1.0,0.0,1.0,1.0,25.0,1.0,1.0,1.0,1.0,1.0,8.0,7.0,0.888889,0.777778,0.888889
dataset-v2,v2,extraction-v2,hybrid-v1,weak_serp,63.1579,,натяжные потолки цена Казань,натяжные потолки,commercial,Казань,43,https://potolki-ts.ru/kazan,potolki-ts.ru,8,0,,,content,ok,,artifacts\query--83083687369cb27a.json,1dbd9be7ac61971a8156978521f46cfba9c472a4,407791,63.1579,11966.0,321247.0,1648.0,703.0,0.4265776699029126,6.088,84.0,19.619,131.0,1.0,9.0,8.0,18.0,1.0,69.0,1.0,262.0,0.0,0.0,0.0,26.0,2.0,7.0,0.5,0.75,5.0,0.5,8.0,0.015777,0.75,262.0,87.0,50.0,4.0,10.0,35.0,3.5,12.5802,158.980583,52.791262,30.339806,2.427184,0.037249,0.210709,1.0,1.0,6.290076,0.137405,0.158032,0.105355,0.105355,0.25,0.210709,0.6625,0.745455,0.193103,0.394417,0.082294,0.210709,200.0,1.0,0.0,0.0,1.0,1.0,0.0,0.0,0.0,0.0,1.0,1.0,1.0,0.0,0.0,1.0,0.0,0.0,1.0,0.9,1.0,1.0,0.98,1.0,4.0,1.0,1.0,1.0,1.0,1.0,0.0,1.0,1.0,1.0,1.0,0.0,0.0,1.0,15.0,1.0,1.0,1.0,1.0,1.0,7.0,8.0,0.777778,0.888889,0.888889
dataset-v2,v2,extraction-v2,hybrid-v1,weak_serp,57.8947,,натяжные потолки цена Казань,натяжные потолки,commercial,Казань,43,https://kazan.natpotolok.ru/,kazan.natpotolok.ru,9,0,,,homepage,ok,,artifacts\query--a3ed6cac459088ec.json,6ecefca0e8a12d2a55b30483ee50e5cf18f39fb5,138036,57.8947,8865.0,79454.0,1239.0,616.0,0.4971751412429379,5.9742,108.0,11.4722,23.0,1.0,7.0,26.0,34.0,1.0,42.0,1.0,242.0,0.0,0.0,0.0,78.0,4.0,0.0,1.0,0.0,17.0,0.75,19.0,0.062954,1.0,119.0,50.0,48.0,10.0,1.0,5.0,5.0,53.8696,96.045198,40.355125,38.74092,8.071025,0.111574,0.390672,1.0,1.0,10.411765,1.478261,0.390672,0.390672,0.293004,0.75,0.322695,0.9375,0.763636,0.331034,0.0,0.133697,0.390672,200.0,1.0,0.0,0.0,1.0,1.0,0.0,0.0,0.0,0.0,1.0,1.0,1.0,0.0,0.0,0.0,0.0,0.0,1.0,1.0,1.0,1.0,1.0,1.0,3.0,1.0,1.0,1.0,1.0,1.0,0.0,1.0,1.0,0.0,1.0,0.0,0.0,1.0,10.0,1.0,1.0,1.0,1.0,1.0,7.0,7.0,0.777778,0.777778,0.851852
dataset-v2,v2,extraction-v2,hybrid-v1,weak_serp,52.6316,,натяжные потолки цена Казань,натяжные потолки,commercial,Казань,43,https://kazan.potolki-natyazhniye.ru/,kazan.potolki-natyazhniye.ru,10,0,,,homepage,ok,,artifacts\query--3912f851d8634c2e.json,de6d1ec65fe86e6a1edc155bc9a42bdf3f83e095,423173,52.6316,16725.0,289542.0,2346.0,799.0,0.34057971014492755,5.9808,86.0,27.2791,174.0,1.0,10.0,8.0,19.0,1.0,45.0,1.0,268.0,0.0,0.0,0.0,97.0,2.0,1.0,0.5,0.25,11.0,0.75,38.0,0.041347,1.0,280.0,299.0,214.0,0.0,13.0,131.0,10.076923,13.4828,119.352089,127.45098,91.219096,0.0,0.057764,0.164056,1.0,1.0,8.378571,0.109195,0.164056,0.082028,0.123042,0.375,0.164056,0.7625,0.818182,0.151724,0.621768,0.055874,0.164056,200.0,1.0,0.0,0.0,1.0,1.0,1.0,0.0,0.0,0.0,1.0,1.0,1.0,0.0,0.0,0.0,0.0,0.0,1.0,1.0,1.0,1.0,1.0,1.0,1.0,1.0,1.0,1.0,1.0,1.0,1.0,1.0,1.0,1.0,1.0,0.0,0.0,1.0,12.0,1.0,1.0,1.0,1.0,1.0,8.0,8.0,0.888889,0.888889,0.925926
dataset-v2,v2,extraction-v2,hybrid-v1,weak_serp,100.0,,натяжные потолки цена Краснодар,натяжные потолки,commercial,Краснодар,35,https://potolki-93.ru/ceny,potolki-93.ru,1,0,,,content,ok,,artifacts\query--3838301dda666d92.json,cf872de1d0fc03b7e41c79cbef8d61fb31afc603,136413,100.0,10188.0,80798.0,1499.0,665.0,0.44362908605737156,5.6224,108.0,13.8796,21.0,1.0,4.0,0.0,5.0,1.0,86.0,1.0,235.0,0.0,0.0,0.0,59.0,2.0,2.0,0.5,0.5,6.0,0.5,13.0,0.03936,1.0,98.0,28.0,99.0,9.0,3.0,20.0,6.666667,71.381,65.376918,18.679119,66.044029,6.004003,0.126092,0.427958,1.0,1.0,15.295918,0.238095,0.427958,0.213979,0.213979,0.25,0.427673,0.7,0.436364,0.37931,0.688014,0.158107,0.427958,200.0,1.0,0.0,0.0,0.0,0.0,0.0,0.0,0.0,0.0,1.0,1.0,0.0,0.0,0.0,1.0,0.0,0.0,1.0,0.9,0.5,0.75,0.83,1.0,3.0,1.0,1.0,0.0,1.0,1.0,0.0,0.0,1.0,1.0,1.0,0.0,0.0,1.0,10.0,1.0,1.0,1.0,1.0,0.8,5.0,7.0,0.555556,0.777778,0.711111
dataset-v2,v2,extraction-v2,hybrid-v1,weak_serp,94.7368,,натяжные потолки цена Краснодар,натяжные потолки,commercial,Краснодар,35,https://o-potolki.ru/krasnodar,o-potolki.ru,2,0,,,content,ok,,artifacts\query--cc948c6e7be8e2b4.json,637da0946fb7bde1262c185431b9c09bab0f3cde,173956,94.7368,11636.0,103027.0,1573.0,719.0,0.4570883661792753,6.2842,60.0,26.2167,72.0,1.0,2.0,3.0,6.0,1.0,56.0,1.0,155.0,0.0,0.0,0.0,112.0,3.0,1.0,0.75,0.25,6.0,1.0,21.0,0.071202,1.0,275.0,28.0,247.0,30.0,0.0,0.0,0.0,21.8472,174.825175,17.800381,157.024793,19.071837,0.112941,0.500712,1.0,0.5,5.72,0.083333,0.500712,0.375534,0.500712,0.75,0.500712,0.9125,0.981818,0.931034,0.0,0.200007,0.250356,200.0,1.0,0.0,0.0,1.0,1.0,0.0,0.0,0.0,0.0,1.0,1.0,1.0,0.0,0.0,1.0,0.0,0.0,1.0,0.9,1.0,1.0,0.98,1.0,1.0,0.0,1.0,1.0,1.0,1.0,0.0,0.0,1.0,1.0,1.0,0.0,0.0,0.0,0.0,0.0,1.0,1.0,1.0,0.6,5.0,7.0,0.555556,0.777778,0.644444
dataset-v2,v2,extraction-v2,hybrid-v1,weak_serp,89.4737,,натяжные потолки цена Краснодар,натяжные потолки,commercial,Краснодар,35,https://vipceiling.ru/krasnodar/price/,vipceiling.ru,3,0,,,content,ok,,artifacts\query--78b7b7e7a6db987f.json,70e243eaa0a147dec03eb84d1d766607faecae0e,389458,89.4737,8780.0,325101.0,1445.0,425.0,0.29411764705882354,5.0014,77.0,18.7662,68.0,1.0,7.0,19.0,27.0,1.0,43.0,1.0,70.0,0.0,0.0,0.0,54.0,2.0,2.0,0.5,0.5,8.0,0.5,6.0,0.03737,1.0,215.0,40.0,277.0,0.0,1.0,5.0,5.0,21.25,148.788927,27.681661,191.695502,0.0,0.027007,0.377022,1.0,1.0,6.72093,0.397059,0.377022,0.188511,0.188511,0.25,0.363198,0.7,0.781818,0.482759,0.754325,0.089019,0.377022,200.0,1.0,0.0,0.0,1.0,1.0,0.0,0.0,0.0,0.0,1.0,1.0,1.0,0.0,0.0,2.0,0.0,0.0,1.0,0.8,1.0,1.0,0.96,1.0,11.0,0.0,1.0,1.0,1.0,1.0,0.0,1.0,1.0,1.0,1.0,0.0,0.0,1.0,1.0,1.0,1.0,1.0,1.0,0.8,7.0,7.0,0.777778,0.777778,0.785185
dataset-v2,v2,extraction-v2,hybrid-v1,weak_serp,84.2105,,натяжные потолки цена Краснодар,натяжные потолки,commercial,Краснодар,35,https://potolki-ts.ru/krasnodar,potolki-ts.ru,4,0,,,content,ok,,artifacts\query--0e8a85746db24b6d.json,236c66e279faaf29773659ecb93a7e694756e296,412335,84.2105,12481.0,323257.0,1704.0,743.0,0.43603286384976525,6.159,88.0,19.3636,131.0,1.0,9.0,8.0,18.0,1.0,73.0,1.0,214.0,0.0,0.0,0.0,24.0,2.0,5.0,0.5,0.75,5.0,0.5,8.0,0.014085,0.75,265.0,87.0,49.0,3.0,10.0,35.0,3.5,13.0076,155.516432,51.056338,28.755869,1.760563,0.03861,0.325597,1.0,1.0,6.430189,0.137405,0.244198,0.162799,0.162799,0.25,0.325597,0.6625,0.672727,0.524138,0.352113,0.134399,0.325597,200.0,1.0,0.0,0.0,1.0,1.0,0.0,0.0,0.0,0.0,1.0,1.0,1.0,0.0,0.0,1.0,0.0,0.0,1.0,0.9,1.0,1.0,0.98,1.0,5.0,1.0,1.0,1.0,1.0,1.0,0.0,1.0,1.0,1.0,1.0,0.0,0.0,1.0,15.0,1.0,1.0,1.0,1.0,1.0,7.0,8.0,0.777778,0.888889,0.888889
dataset-v2,v2,extraction-v2,hybrid-v1,weak_serp,78.9474,,натяжные потолки цена Краснодар,натяжные потолки,commercial,Краснодар,35,https://potolkito.ru/,potolkito.ru,5,0,,,homepage,ok,,artifacts\query--58e9676bd95b2e19.json,094c7bfe60259b44f8d128f9a6b9f3ccf1391db1,446683,78.9474,30458.0,308585.0,4327.0,1532.0,0.3540559278946152,5.8641,395.0,10.9544,99.0,1.0,2.0,4.0,7.0,1.0,51.0,1.0,175.0,0.0,0.0,0.0,95.0,2.0,0.0,0.5,0.0,7.0,0.75,9.0,0.021955,1.0,220.0,106.0,60.0,3.0,4.0,52.0,13.0,43.7071,50.843541,24.497342,13.86642,0.693321,0.098702,0.32793,1.0,1.0,19.668182,0.070707,0.32793,0.163965,0.245947,0.375,0.32793,0.7625,0.927273,0.793103,0.731839,0.116106,0.32793,200.0,1.0,0.0,0.0,1.0,1.0,1.0,0.0,0.0,0.0,1.0,1.0,1.0,0.0,0.0,0.0,0.0,0.0,1.0,1.0,1.0,1.0,1.0,1.0,10.0,1.0,1.0,1.0,1.0,1.0,0.0,1.0,1.0,1.0,1.0,1.0,1.0,1.0,2.0,1.0,1.0,1.0,1.0,1.0,8.0,9.0,0.888889,1.0,0.962963
dataset-v2,v2,extraction-v2,hybrid-v1,weak_serp,73.6842,,натяжные потолки цена Краснодар,натяжные потолки,commercial,Краснодар,35,http://potolki-kuban.ru/,potolki-kuban.ru,6,0,,,homepage,ok,,artifacts\query--3101ed09a49b0579.json,a60db592197152b46b56a1ce8e02d1cc82e61172,125854,73.6842,8707.0,81757.0,1255.0,653.0,0.5203187250996016,5.7506,115.0,10.913,33.0,1.0,13.0,9.0,23.0,1.0,29.0,0.0,0.0,0.0,0.0,0.0,77.0,2.0,0.0,0.5,0.0,12.0,0.5,15.0,0.061355,1.0,146.0,48.0,39.0,0.0,1.0,15.0,15.0,38.0303,116.334661,38.247012,31.075697,0.0,0.106499,0.274833,1.0,1.0,8.59589,0.69697,0.274833,0.137416,0.137416,0.25,0.229944,0.7,0.527273,0.0,0.0,0.099703,0.274833,200.0,1.0,0.0,0.0,0.0,0.0,1.0,0.0,0.0,0.0,1.0,1.0,1.0,0.0,0.0,0.0,0.0,0.0,1.0,1.0,1.0,0.75,0.95,1.0,4.0,1.0,1.0,1.0,1.0,1.0,0.0,1.0,1.0,1.0,0.0,0.0,1.0,1.0,9.0,0.0,1.0,1.0,1.0,0.8,8.0,7.0,0.888889,0.777778,0.822222
dataset-v2,v2,extraction-v2,hybrid-v1,weak_serp,68.4211,,натяжные потолки цена Краснодар,натяжные потолки,commercial,Краснодар,35,https://potolok2000001.ru/,potolok2000001.ru,7,0,,,homepage,ok,,artifacts\query--e5c517e9294972b2.json,794a85666af08bce3582c908f0d5d58b27c61ef4,366090,68.4211,9709.0,266474.0,1397.0,503.0,0.3600572655690766,5.7745,113.0,12.3628,49.0,1.0,18.0,29.0,48.0,1.0,72.0,1.0,181.0,0.0,0.0,0.0,158.0,2.0,2.0,0.5,0.5,46.0,0.5,47.0,0.113099,1.0,261.0,44.0,192.0,14.0,3.0,29.0,9.666667,28.5102,186.828919,31.496063,137.437366,10.021475,0.036435,0.193527,1.0,1.0,5.35249,0.979592,0.193527,0.096764,0.096764,0.25,0.180238,0.7,0.690909,0.751724,0.0,0.05408,0.193527,200.0,1.0,0.0,0.0,1.0,1.0,0.0,0.0,0.0,0.0,1.0,1.0,1.0,0.0,0.0,0.0,0.0,0.0,1.0,1.0,1.0,1.0,1.0,1.0,5.0,0.0,1.0,0.0,1.0,1.0,1.0,0.0,1.0,1.0,1.0,0.0,1.0,1.0,5.0,1.0,1.0,1.0,1.0,0.6,7.0,6.0,0.777778,0.666667,0.681481
dataset-v2,v2,extraction-v2,hybrid-v1,weak_serp,63.1579,,натяжные потолки цена Краснодар,натяжные потолки,commercial,Краснодар,35,https://msdcorp.ru/,msdcorp.ru,8,0,,,homepage,ok,,artifacts\query--aa27c21841ff7657.json,76062d3388c571d63e1d1b598eb7b13ea6366813,2860543,63.1579,19097.0,2726241.0,2747.0,1058.0,0.38514743356388786,5.6767,92.0,29.8587,13.0,3.0,25.0,3.0,31.0,1.0,92.0,1.0,255.0,0.0,0.0,0.0,32.0,1.0,0.0,0.25,0.0,4.0,0.5,3.0,0.011649,1.0,117.0,36.0,43.0,104.0,2.0,34.0,17.0,211.3077,42.591918,13.105206,15.65344,37.859483,0.007005,0.351406,0.75,1.0,23.478632,2.384615,0.351406,0.087851,0.175703,0.125,0.351406,0.55,0.327273,0.241379,0.388302,0.135343,0.351406,200.0,1.0,0.0,0.0,1.0,1.0,0.0,0.0,0.0,0.0,1.0,1.0,0.0,0.0,0.0,0.0,0.0,0.0,1.0,1.0,0.5,1.0,0.9,1.0,19.0,1.0,1.0,1.0,1.0,1.0,0.0,1.0,1.0,1.0,1.0,0.0,1.0,1.0,6.0,1.0,1.0,1.0,1.0,1.0,8.0,8.0,0.888889,0.888889,0.925926
dataset-v2,v2,extraction-v2,hybrid-v1,weak_serp,57.8947,,натяжные потолки цена Краснодар,натяжные потолки,commercial,Краснодар,35,https://potolok-kras.ru/,potolok-kras.ru,9,0,,,homepage,ok,,artifacts\query--8b305073decc38ea.json,445dd942d1736517d1afc976a0ee5699042e27f1,124722,57.8947,6106.0,91127.0,846.0,498.0,0.5886524822695035,6.026,46.0,18.3913,7.0,1.0,7.0,0.0,8.0,1.0,54.0,1.0,151.0,0.0,0.0,0.0,23.0,3.0,3.0,0.75,0.75,5.0,0.75,10.0,0.027187,1.0,70.0,27.0,50.0,5.0,0.0,12.0,0.0,120.8571,82.742317,31.914894,59.101655,5.910165,0.067005,0.304188,1.0,0.75,12.085714,1.142857,0.304188,0.228141,0.228141,0.5625,0.171562,0.85,0.981818,0.958621,0.906225,0.084159,0.228141,200.0,1.0,0.0,0.0,1.0,1.0,1.0,0.0,0.0,0.0,1.0,1.0,0.0,0.0,0.0,0.0,0.0,0.0,1.0,1.0,0.5,1.0,0.9,1.0,2.0,1.0,1.0,1.0,1.0,1.0,1.0,0.0,1.0,1.0,1.0,0.0,0.0,1.0,1.0,1.0,1.0,1.0,1.0,1.0,7.0,8.0,0.777778,0.888889,0.888889
dataset-v2,v2,extraction-v2,hybrid-v1,weak_serp,52.6316,,натяжные потолки цена Краснодар,натяжные потолки,commercial,Краснодар,35,https://potolok-ns.ru/,potolok-ns.ru,10,0,,,homepage,ok,,artifacts\query--2d5d17c176036cc3.json,dbd73d5c170e786a01cc8b27c5199010662eb2f1,1027836,52.6316,9807.0,966331.0,1426.0,612.0,0.42917251051893407,5.5575,78.0,18.2821,42.0,1.0,5.0,0.0,6.0,1.0,46.0,1.0,173.0,0.0,0.0,0.0,17.0,2.0,2.0,0.5,0.5,2.0,0.5,6.0,0.011921,0.75,31.0,56.0,70.0,16.0,8.0,62.0,7.75,33.9524,21.73913,39.270687,49.088359,11.220196,0.010149,0.232933,1.0,1.0,46.0,0.142857,0.1747,0.116467,0.116467,0.25,0.221442,0.6625,0.836364,0.806897,0.298036,0.079197,0.232933,200.0,1.0,0.0,0.0,1.0,1.0,0.0,0.0,0.0,0.0,1.0,1.0,0.0,0.0,0.0,0.0,0.0,0.0,1.0,1.0,0.5,1.0,0.9,1.0,9.0,1.0,1.0,1.0,1.0,1.0,0.0,0.0,1.0,1.0,0.0,0.0,0.0,1.0,5.0,1.0,1.0,1.0,1.0,1.0,6.0,7.0,0.666667,0.777778,0.814815
dataset-v2,v2,extraction-v2,hybrid-v1,weak_serp,100.0,,натяжные потолки цена Самара,натяжные потолки,commercial,Самара,51,https://самара.натяжные-потолки24.рф/,самара.натяжные-потолки24.рф,1,0,,,homepage,ok,,artifacts\query--fe9c86fa6c1567a4.json,7c4c5b8a52c180cb8c212521581d9ca4b4b3cff0,266700,100.0,22629.0,172990.0,3343.0,1357.0,0.40592282381094824,5.5091,328.0,10.1921,37.0,1.0,3.0,0.0,4.0,1.0,52.0,1.0,228.0,0.0,0.0,0.0,83.0,2.0,2.0,0.5,0.5,3.0,0.5,11.0,0.024828,1.0,222.0,97.0,209.0,28.0,5.0,26.0,5.2,90.3514,66.407418,29.015854,62.518696,8.37571,0.130811,0.722418,1.0,1.0,15.058559,0.108108,0.722418,0.361209,0.361209,0.25,0.722418,0.7,0.945455,0.427586,0.8276,0.293246,0.722418,200.0,1.0,0.0,0.0,1.0,1.0,0.0,0.0,0.0,0.0,1.0,1.0,1.0,0.0,0.0,0.0,0.0,0.0,1.0,1.0,1.0,1.0,1.0,1.0,2.0,0.0,1.0,1.0,1.0,1.0,0.0,1.0,1.0,1.0,1.0,0.0,1.0,1.0,7.0,0.0,1.0,1.0,1.0,0.6,8.0,7.0,0.888889,0.777778,0.755556
dataset-v2,v2,extraction-v2,hybrid-v1,weak_serp,94.7368,,натяжные потолки цена Самара,натяжные потолки,commercial,Самара,51,https://potolkikiger.ru/samara,potolkikiger.ru,2,0,,,content,ok,,artifacts\query--9ebd29f293d65752.json,07171a40f3aee140b09831bf997532bbccbafcd0,767219,94.7368,22207.0,639813.0,3264.0,1183.0,0.36243872549019607,5.5888,371.0,8.7978,391.0,2.0,12.0,39.0,53.0,1.0,89.0,1.0,139.0,0.0,0.0,0.0,69.0,2.0,2.0,0.5,0.5,13.0,0.75,8.0,0.02114,1.0,86.0,213.0,11.0,6.0,0.0,72.0,0.0,8.3478,26.348039,65.257353,3.370098,1.838235,0.034709,0.642434,1.0,0.75,37.953488,0.13555,0.642434,0.321217,0.481825,0.375,0.642434,0.7625,0.381818,0.958621,0.704657,0.232843,0.481825,200.0,1.0,0.0,0.0,1.0,1.0,0.0,0.0,0.0,0.0,1.0,1.0,1.0,0.0,0.0,1.0,0.0,0.0,1.0,0.9,1.0,1.0,0.98,1.0,3.0,0.0,1.0,1.0,1.0,1.0,0.0,1.0,1.0,1.0,1.0,0.0,0.0,1.0,15.0,1.0,1.0,1.0,1.0,0.8,7.0,7.0,0.777778,0.777778,0.785185
dataset-v2,v2,extraction-v2,hybrid-v1,weak_serp,89.4737,,натяжные потолки цена Самара,натяжные потолки,commercial,Самара,51,https://potolki-s.ru/ceny,potolki-s.ru,3,0,,,content,ok,,artifacts\query--5b59a6463e05092b.json,ed4637260dd80999241a2d755c5f368ce48908da,91633,89.4737,7827.0,54254.0,1200.0,548.0,0.45666666666666667,5.3783,80.0,15.0,17.0,1.0,3.0,1.0,5.0,1.0,69.0,1.0,232.0,0.0,0.0,0.0,75.0,5.0,2.0,1.0,0.5,5.0,0.5,22.0,0.0625,1.0,82.0,30.0,100.0,9.0,3.0,23.0,7.666667,70.5882,68.333333,25.0,83.333333,7.5,0.144266,0.649398,1.0,1.0,14.634146,0.294118,0.649398,0.649398,0.324699,0.5,0.519518,0.875,0.745455,0.4,0.0,0.197706,0.649398,200.0,1.0,0.0,0.0,0.0,0.0,0.0,0.0,0.0,0.0,1.0,1.0,0.0,0.0,0.0,1.0,0.0,0.0,1.0,0.9,0.5,0.75,0.83,1.0,4.0,1.0,1.0,0.0,1.0,1.0,0.0,0.0,1.0,1.0,1.0,0.0,0.0,1.0,10.0,1.0,1.0,1.0,1.0,0.8,5.0,7.0,0.555556,0.777778,0.711111
dataset-v2,v2,extraction-v2,hybrid-v1,weak_serp,84.2105,,натяжные потолки цена Самара,натяжные потолки,commercial,Самара,51,https://smartpotolki.ru/,smartpotolki.ru,4,0,,,homepage,ok,,artifacts\query--43ccd92fb4859f3f.json,5a8f8384bb50c32db2f8807013ffef0e97366bae,128420,84.2105,10059.0,75887.0,1401.0,766.0,0.5467523197715917,5.9764,88.0,15.9205,82.0,1.0,7.0,5.0,13.0,1.0,47.0,1.0,245.0,0.0,0.0,0.0,47.0,2.0,7.0,0.5,0.75,8.0,0.5,9.0,0.033547,1.0,128.0,23.0,21.0,15.0,5.0,26.0,5.2,17.0854,91.363312,16.416845,14.989293,10.706638,0.132552,0.465455,1.0,1.0,10.945312,0.158537,0.465455,0.232728,0.232728,0.25,0.434735,0.7,0.854545,0.310345,0.881751,0.198077,0.465455,200.0,1.0,0.0,0.0,1.0,1.0,1.0,0.0,0.0,0.0,1.0,1.0,1.0,0.0,0.0,0.0,0.0,0.0,1.0,1.0,1.0,1.0,1.0,1.0,3.0,1.0,1.0,1.0,1.0,1.0,0.0,1.0,1.0,1.0,0.0,0.0,1.0,1.0,2.0,0.0,1.0,1.0,1.0,0.8,8.0,7.0,0.888889,0.777778,0.822222
dataset-v2,v2,extraction-v2,hybrid-v1,weak_serp,78.9474,,натяжные потолки цена Самара,натяжные потолки,commercial,Самара,51,https://potolki-63.ru/,potolki-63.ru,5,0,,,homepage,ok,,artifacts\query--9b21d6db07353a9b.json,3fac877104e5863f1a5d44ec157545d51841a19d,225791,78.9474,10291.0,166228.0,1523.0,664.0,0.4359816152330926,5.5955,114.0,13.3596,43.0,1.0,5.0,0.0,6.0,1.0,89.0,1.0,180.0,0.0,0.0,0.0,52.0,3.0,2.0,0.5,0.5,6.0,0.5,7.0,0.034143,1.0,108.0,53.0,58.0,0.0,7.0,34.0,4.857143,35.4186,70.912672,34.799737,38.082731,0.0,0.061909,0.622367,1.0,1.0,14.101852,0.139535,0.622367,0.311184,0.311184,0.25,0.622367,0.7,0.381818,0.758621,0.861895,0.229584,0.622367,200.0,1.0,0.0,0.0,1.0,1.0,0.0,0.0,0.0,0.0,1.0,1.0,1.0,0.0,0.0,0.0,0.0,0.0,1.0,1.0,1.0,1.0,1.0,1.0,3.0,1.0,1.0,1.0,1.0,1.0,0.0,1.0,1.0,1.0,1.0,1.0,0.0,1.0,4.0,1.0,1.0,1.0,1.0,1.0,7.0,9.0,0.777778,1.0,0.925926
dataset-v2,v2,extraction-v2,hybrid-v1,weak_serp,73.6842,,натяжные потолки цена Самара,натяжные потолки,commercial,Самара,51,https://www.potolkoffsam.ru/,potolkoffsam.ru,6,0,,,homepage,ok,,artifacts\query--8abc92405d432c4f.json,94a06d1ce684ca91d4458a0648953613a6a983c0,162451,73.6842,10879.0,108898.0,1613.0,513.0,0.3180409175449473,5.5518,53.0,30.434,27.0,0.0,7.0,11.0,18.0,1.0,60.0,1.0,189.0,0.0,0.0,0.0,59.0,2.0,0.0,0.5,0.0,10.0,0.25,28.0,0.036578,0.75,68.0,88.0,116.0,9.0,0.0,42.0,0.0,59.7407,42.157471,54.556727,71.915685,5.579665,0.099901,0.524529,1.0,0.75,23.720588,0.666667,0.393397,0.262265,0.131132,0.125,0.524529,0.6,0.909091,0.696552,0.585555,0.149491,0.393397,200.0,1.0,0.0,0.0,1.0,1.0,1.0,0.0,0.0,0.0,1.0,1.0,1.0,0.0,0.0,0.0,0.0,0.0,1.0,1.0,1.0,1.0,1.0,1.0,6.0,1.0,1.0,0.0,1.0,1.0,0.0,1.0,1.0,1.0,1.0,0.0,0.0,1.0,12.0,1.0,1.0,1.0,1.0,0.8,6.0,7.0,0.666667,0.777778,0.748148
dataset-v2,v2,extraction-v2,hybrid-v1,weak_serp,68.4211,,натяжные потолки цена Самара,натяжные потолки,commercial,Самара,51,https://potolkius.ru/,potolkius.ru,7,0,,,homepage,ok,,artifacts\query--8fa9e59398fb4c55.json,282b84c638456c8dd79b5d63f4a075289c602560,105922,68.4211,3712.0,76256.0,551.0,292.0,0.52994555353902,5.6007,33.0,16.697,46.0,1.0,7.0,9.0,17.0,1.0,65.0,1.0,157.0,0.0,0.0,0.0,30.0,3.0,2.0,0.75,0.5,2.0,0.5,24.0,0.054446,1.0,81.0,47.0,33.0,0.0,3.0,7.0,2.333333,11.9783,147.005445,85.299456,59.891107,0.0,0.048678,0.632715,1.0,1.0,6.802469,0.369565,0.632715,0.474536,0.316358,0.375,0.232417,0.7875,0.818182,0.917241,0.185118,0.10264,0.632715,200.0,1.0,0.0,0.0,1.0,1.0,0.0,0.0,0.0,0.0,1.0,1.0,1.0,0.0,0.0,0.0,0.0,0.0,1.0,1.0,1.0,1.0,1.0,1.0,2.0,1.0,1.0,1.0,1.0,1.0,0.0,1.0,1.0,1.0,1.0,1.0,0.0,1.0,14.0,0.0,1.0,1.0,1.0,0.8,7.0,9.0,0.777778,1.0,0.859259
dataset-v2,v2,extraction-v2,hybrid-v1,weak_serp,63.1579,,натяжные потолки цена Самара,натяжные потолки,commercial,Самара,51,https://potolki-samara.info/,potolki-samara.info,8,0,,,homepage,ok,,artifacts\query--664bc85a6453d918.json,7c539992b6d7c0511e3d31cc509ac2b2b2f985d9,959293,63.1579,11346.0,883204.0,1643.0,823.0,0.5009129640900791,5.6111,142.0,11.5704,12.0,1.0,0.0,0.0,1.0,1.0,70.0,1.0,143.0,0.0,0.0,0.0,52.0,2.0,3.0,0.5,0.5,2.0,0.5,18.0,0.031649,1.0,127.0,84.0,37.0,22.0,3.0,30.0,10.0,136.9167,77.297626,51.125989,22.519781,13.39014,0.012846,0.621948,1.0,1.0,12.937008,0.083333,0.621948,0.310974,0.310974,0.25,0.621948,0.7,0.727273,0.986207,0.945019,0.284368,0.621948,200.0,1.0,0.0,0.0,1.0,1.0,0.0,0.0,0.0,0.0,1.0,1.0,0.0,0.0,0.0,0.0,0.0,0.0,1.0,1.0,0.5,1.0,0.9,1.0,7.0,0.0,1.0,0.0,1.0,1.0,1.0,0.0,1.0,1.0,1.0,1.0,1.0,1.0,8.0,1.0,1.0,1.0,1.0,0.6,7.0,7.0,0.777778,0.777778,0.718519
dataset-v2,v2,extraction-v2,hybrid-v1,weak_serp,57.8947,,натяжные потолки цена Самара,натяжные потолки,commercial,Самара,51,https://potolkiorion-samara.ru/,potolkiorion-samara.ru,9,0,,,homepage,ok,,artifacts\query--22be9ef93b939506.json,b84d4e19220cceac4ef62d949c004f919174cba7,3326662,57.8947,50026.0,3101274.0,7117.0,1528.0,0.2146972038780385,5.5247,312.0,22.8109,48.0,1.0,11.0,72.0,84.0,1.0,45.0,1.0,118.0,0.0,0.0,0.0,38.0,2.0,0.0,0.5,0.0,16.0,0.5,4.0,0.005339,0.75,151.0,60.0,23.0,14.0,4.0,102.0,25.5,148.2708,21.216805,8.430518,3.231699,1.967121,0.016131,0.385049,1.0,1.0,47.13245,1.75,0.288787,0.192524,0.192524,0.25,0.385049,0.6625,0.818182,0.813793,0.133483,0.082669,0.385049,200.0,1.0,0.0,0.0,1.0,1.0,0.0,0.0,0.0,0.0,1.0,1.0,0.0,0.0,0.0,0.0,0.0,0.0,1.0,1.0,0.5,1.0,0.9,1.0,24.0,1.0,1.0,0.0,1.0,1.0,0.0,1.0,1.0,1.0,1.0,0.0,1.0,1.0,9.0,1.0,1.0,1.0,1.0,0.8,7.0,7.0,0.777778,0.777778,0.785185
dataset-v2,v2,extraction-v2,hybrid-v1,weak_serp,52.6316,,натяжные потолки цена Самара,натяжные потолки,commercial,Самара,51,https://potolki-sam.ru/ceny.html,potolki-sam.ru,10,0,,,content,ok,,artifacts\query--232b80f236c489b4.json,56b24330333987786a93291b7f336848d5349853,76352,52.6316,4155.0,46237.0,658.0,305.0,0.4635258358662614,5.1657,39.0,16.8718,12.0,1.0,3.0,0.0,4.0,1.0,84.0,1.0,227.0,0.0,0.0,0.0,11.0,1.0,3.0,0.25,0.75,2.0,0.5,8.0,0.016717,1.0,80.0,42.0,62.0,44.0,3.0,6.0,2.0,54.8333,121.580547,63.829787,94.224924,66.869301,0.089863,0.600606,1.0,1.0,8.225,0.333333,0.600606,0.150151,0.300303,0.125,0.263466,0.6125,0.472727,0.434483,0.557244,0.101769,0.600606,200.0,1.0,0.0,0.0,1.0,1.0,0.0,0.0,0.0,0.0,1.0,1.0,0.0,0.0,0.0,1.0,0.0,0.0,1.0,0.9,0.5,1.0,0.88,1.0,3.0,0.0,0.0,1.0,1.0,1.0,0.0,1.0,0.0,0.0,1.0,0.0,0.0,1.0,8.0,0.0,1.0,1.0,1.0,0.4,6.0,4.0,0.666667,0.444444,0.503704
dataset-v2,v2,extraction-v2,hybrid-v1,weak_serp,100.0,,натяжные потолки цена Нижний Новгород,натяжные потолки,commercial,Нижний Новгород,47,https://nn-decor.ru/,nn-decor.ru,1,0,,,homepage,ok,,artifacts\query--0bdc3c9801277443.json,c82f2d76da58b9a470e266fe1e7d2a59ff41be2d,451208,100.0,19278.0,349579.0,2727.0,904.0,0.3314998166483315,5.9395,121.0,22.5372,10.0,1.0,13.0,0.0,14.0,1.0,60.0,1.0,237.0,0.0,0.0,0.0,53.0,2.0,2.0,0.4,0.4,6.0,0.4,25.0,0.019435,1.0,228.0,79.0,130.0,7.0,6.0,111.0,18.5,272.7,83.608361,28.969564,47.671434,2.566923,0.055146,0.36023,1.0,1.0,11.960526,1.4,0.36023,0.144092,0.144092,0.16,0.36023,0.64,0.909091,0.365517,0.647843,0.119416,0.36023,200.0,1.0,0.0,0.0,1.0,1.0,1.0,0.0,0.0,0.0,1.0,1.0,1.0,0.0,0.0,0.0,0.0,0.0,1.0,1.0,1.0,1.0,1.0,1.0,3.0,1.0,1.0,1.0,1.0,1.0,0.0,1.0,1.0,0.0,1.0,0.0,1.0,1.0,8.0,1.0,1.0,1.0,1.0,1.0,8.0,7.0,0.888889,0.777778,0.888889
dataset-v2,v2,extraction-v2,hybrid-v1,weak_serp,94.7368,,натяжные потолки цена Нижний Новгород,натяжные потолки,commercial,Нижний Новгород,47,https://нижний.натяжные-потолки24.рф/,нижний.натяжные-потолки24.рф,2,0,,,homepage,ok,,artifacts\query--66211622f8d62655.json,5e6f7da646238398dcfa9af729aa37265c6c3f25,267086,94.7368,22704.0,173093.0,3352.0,1360.0,0.40572792362768495,5.5134,330.0,10.1576,37.0,1.0,3.0,0.0,4.0,1.0,62.0,1.0,238.0,0.0,0.0,0.0,86.0,2.0,2.0,0.4,0.4,3.0,0.4,13.0,0.025656,1.0,222.0,97.0,209.0,28.0,5.0,26.0,5.2,90.5946,66.229117,28.937947,62.350835,8.353222,0.131166,0.497718,1.0,1.0,15.099099,0.108108,0.497718,0.199087,0.199087,0.16,0.497718,0.64,0.872727,0.358621,0.855211,0.201938,0.497718,200.0,1.0,0.0,0.0,1.0,1.0,0.0,0.0,0.0,0.0,1.0,1.0,1.0,0.0,0.0,0.0,0.0,0.0,1.0,1.0,1.0,1.0,1.0,1.0,2.0,0.0,1.0,1.0,1.0,1.0,0.0,1.0,1.0,1.0,1.0,0.0,1.0,1.0,7.0,0.0,1.0,1.0,1.0,0.6,8.0,7.0,0.888889,0.777778,0.755556
dataset-v2,v2,extraction-v2,hybrid-v1,weak_serp,89.4737,,натяжные потолки цена Нижний Новгород,натяжные потолки,commercial,Нижний Новгород,47,https://nnpotolok.ru/,nnpotolok.ru,3,0,,,homepage,ok,,artifacts\query--08068e587709b61a.json,108b1bbdbc5f1fd4423ba16f613084844a7bbbb0,221143,89.4737,14994.0,130086.0,2103.0,873.0,0.41512125534950073,5.8374,98.0,21.4592,57.0,1.0,9.0,49.0,59.0,1.0,70.0,1.0,148.0,0.0,0.0,0.0,38.0,2.0,2.0,0.4,0.4,2.0,0.4,12.0,0.018069,1.0,151.0,62.0,221.0,24.0,3.0,54.0,18.0,36.8947,71.802187,29.481693,105.08797,11.412268,0.115262,0.442538,1.0,1.0,13.927152,1.035088,0.442538,0.177015,0.177015,0.16,0.442538,0.64,0.727273,0.97931,0.602314,0.183707,0.442538,200.0,1.0,0.0,0.0,1.0,1.0,1.0,0.0,0.0,0.0,1.0,1.0,1.0,0.0,0.0,0.0,0.0,0.0,1.0,1.0,1.0,1.0,1.0,1.0,2.0,1.0,1.0,1.0,1.0,1.0,1.0,0.0,1.0,0.0,1.0,0.0,1.0,1.0,10.0,1.0,1.0,1.0,1.0,1.0,8.0,7.0,0.888889,0.777778,0.888889
dataset-v2,v2,extraction-v2,hybrid-v1,weak_serp,84.2105,,натяжные потолки цена Нижний Новгород,натяжные потолки,commercial,Нижний Новгород,47,https://potolki-d.ru/,potolki-d.ru,4,0,,,homepage,ok,,artifacts\query--d91c26e4748cab6a.json,f6e06cb7e8253852dfde3d55509188ae21fc53bb,263968,84.2105,17037.0,160860.0,2495.0,958.0,0.3839679358717435,5.6721,142.0,17.5704,43.0,2.0,3.0,1.0,6.0,1.0,50.0,1.0,271.0,0.0,0.0,0.0,103.0,3.0,2.0,0.6,0.4,6.0,0.8,26.0,0.041283,1.0,281.0,84.0,249.0,28.0,15.0,49.0,3.266667,58.0233,112.625251,33.667335,99.799599,11.222445,0.105912,0.397691,1.0,1.0,8.879004,0.139535,0.397691,0.238615,0.318153,0.48,0.397691,0.81,0.909091,0.131034,0.623914,0.152701,0.397691,200.0,1.0,0.0,0.0,0.0,0.0,0.0,0.0,0.0,0.0,1.0,0.0,1.0,0.0,0.0,0.0,0.0,0.0,1.0,1.0,0.5,0.75,0.85,1.0,2.0,1.0,1.0,1.0,1.0,1.0,1.0,1.0,1.0,0.0,1.0,0.0,1.0,1.0,36.0,0.0,1.0,1.0,1.0,0.8,9.0,7.0,1.0,0.777778,0.859259
dataset-v2,v2,extraction-v2,hybrid-v1,weak_serp,78.9474,,натяжные потолки цена Нижний Новгород,натяжные потолки,commercial,Нижний Новгород,47,https://potolki-nng.ru/,potolki-nng.ru,5,0,,,homepage,ok,,artifacts\query--487ababf2b95234a.json,c2f1de5aa7527498bda0c8ac9ee127c881d800e1,153528,78.9474,10907.0,94377.0,1647.0,645.0,0.39162112932604737,5.4821,129.0,12.7674,17.0,1.0,2.0,0.0,3.0,1.0,47.0,1.0,187.0,0.0,0.0,0.0,99.0,2.0,3.0,0.4,0.4,4.0,0.4,17.0,0.060109,1.0,159.0,93.0,117.0,11.0,5.0,24.0,4.8,96.8824,96.539162,56.466302,71.038251,6.67881,0.115568,0.206136,1.0,1.0,10.358491,0.176471,0.206136,0.082454,0.082454,0.16,0.206136,0.64,0.854545,0.710345,0.0,0.073865,0.206136,200.0,1.0,0.0,0.0,0.0,0.0,0.0,0.0,0.0,0.0,1.0,1.0,0.0,0.0,0.0,0.0,0.0,0.0,1.0,1.0,0.5,0.75,0.85,1.0,2.0,1.0,1.0,0.0,1.0,1.0,0.0,0.0,1.0,1.0,1.0,0.0,0.0,1.0,12.0,0.0,1.0,1.0,1.0,0.6,5.0,7.0,0.555556,0.777778,0.644444
dataset-v2,v2,extraction-v2,hybrid-v1,weak_serp,73.6842,,натяжные потолки цена Нижний Новгород,натяжные потолки,commercial,Нижний Новгород,47,https://bh-nn.ru/,bh-nn.ru,6,0,,,homepage,ok,,artifacts\query--71738cd68d8743bf.json,14947345f239d744d5684cc5dec1ef3ea7c61a60,615765,73.6842,8911.0,566093.0,1343.0,677.0,0.5040953090096798,5.2651,65.0,20.6615,19.0,1.0,3.0,0.0,4.0,1.0,65.0,1.0,217.0,0.0,0.0,0.0,23.0,2.0,0.0,0.4,0.0,4.0,0.4,4.0,0.017126,1.0,72.0,48.0,77.0,10.0,2.0,24.0,12.0,70.6842,53.611318,35.740879,57.334326,7.446016,0.015741,0.440626,0.8,1.0,18.652778,0.210526,0.440626,0.17625,0.17625,0.16,0.394507,0.59,0.818182,0.503448,0.570861,0.165724,0.440626,200.0,1.0,0.0,0.0,1.0,1.0,0.0,0.0,0.0,0.0,1.0,1.0,1.0,0.0,0.0,0.0,0.0,0.0,1.0,1.0,1.0,1.0,1.0,1.0,13.0,1.0,1.0,1.0,1.0,1.0,0.0,0.0,1.0,1.0,1.0,0.0,1.0,1.0,10.0,1.0,1.0,1.0,1.0,1.0,7.0,8.0,0.777778,0.888889,0.888889
dataset-v2,v2,extraction-v2,hybrid-v1,weak_serp,68.4211,,натяжные потолки цена Нижний Новгород,натяжные потолки,commercial,Нижний Новгород,47,https://atlantispotolki.ru/,atlantispotolki.ru,7,0,,,homepage,ok,,artifacts\query--bc51777e154062ec.json,f49c0da6f06ffbfe100988879e988b251c6165ca,304467,68.4211,6293.0,255204.0,905.0,484.0,0.5348066298342542,5.7624,71.0,12.7465,60.0,1.0,8.0,1.0,10.0,1.0,70.0,1.0,216.0,0.0,0.0,0.0,27.0,2.0,0.0,0.4,0.0,4.0,0.4,15.0,0.029834,0.6,123.0,89.0,68.0,19.0,3.0,31.0,10.333333,15.0833,135.911602,98.342541,75.138122,20.994475,0.024659,0.292024,1.0,1.0,7.357724,0.166667,0.175214,0.11681,0.11681,0.16,0.176188,0.58,0.727273,0.510345,0.596685,0.078522,0.292024,200.0,1.0,0.0,0.0,1.0,1.0,1.0,0.0,0.0,0.0,1.0,1.0,1.0,0.0,0.0,0.0,0.0,0.0,1.0,1.0,1.0,1.0,1.0,1.0,7.0,1.0,1.0,1.0,1.0,1.0,1.0,1.0,0.0,1.0,1.0,1.0,0.0,1.0,3.0,1.0,1.0,1.0,1.0,1.0,8.0,8.0,0.888889,0.888889,0.925926
dataset-v2,v2,extraction-v2,hybrid-v1,weak_serp,63.1579,,натяжные потолки цена Нижний Новгород,натяжные потолки,commercial,Нижний Новгород,47,https://www.avito.ru/nizhniy_novgorod/predlozheniya_uslug/remont_i_otdelka/potolki-ASgBAgICAkSYC8CfAcQVzvr9Ag?q=натяжные+потолки,avito.ru,8,0,,,content,ok,,artifacts\query--6ab1dfba9f40e846.json,762cc9872b674406998de20fb5e5c76475429699,34803,63.1579,947.0,28939.0,133.0,90.0,0.6766917293233082,5.8421,12.0,11.0833,11.0,0.0,1.0,0.0,1.0,1.0,31.0,0.0,0.0,0.0,0.0,0.0,0.0,0.0,0.0,0.0,0.0,0.0,0.0,0.0,0.0,0.0,1.0,1.0,0.0,1.0,1.0,2.0,2.0,12.0909,7.518797,7.518797,0.0,7.518797,0.032724,0.066074,0.0,0.75,133.0,0.090909,0.0,0.0,0.0,0.0,0.005859,0.0,0.563636,0.0,0.0,0.003304,0.049555,429.0,0.0,0.0,0.0,0.0,0.0,0.0,0.0,0.0,0.0,0.0,1.0,1.0,0.0,0.0,4.0,1.0,1.0,1.0,0.5,1.0,0.35,0.57,1.0,1.0,0.0,0.0,0.0,0.0,1.0,0.0,0.0,0.0,1.0,0.0,0.0,0.0,1.0,1.0,1.0,0.0,1.0,1.0,0.4,2.0,3.0,0.222222,0.333333,0.318519
dataset-v2,v2,extraction-v2,hybrid-v1,weak_serp,57.8947,,натяжные потолки цена Нижний Новгород,натяжные потолки,commercial,Нижний Новгород,47,https://vipceiling.ru/nn/price/,vipceiling.ru,9,0,,,content,ok,,artifacts\query--8979c4d9da3beddd.json,b5886f5371e85743071076e0608d1ff1beeedc4d,391098,57.8947,8949.0,326341.0,1473.0,432.0,0.29327902240325865,4.9966,77.0,19.1299,71.0,1.0,7.0,20.0,28.0,1.0,49.0,1.0,76.0,0.0,0.0,0.0,58.0,2.0,2.0,0.4,0.4,8.0,0.4,9.0,0.039375,1.0,218.0,40.0,279.0,0.0,1.0,5.0,5.0,20.7465,147.997284,27.155465,189.409369,0.0,0.027422,0.395583,1.0,1.0,6.756881,0.394366,0.395583,0.158233,0.158233,0.16,0.388463,0.64,0.890909,0.524138,0.687486,0.09494,0.395583,200.0,1.0,0.0,0.0,1.0,1.0,0.0,0.0,0.0,0.0,1.0,1.0,1.0,0.0,0.0,2.0,0.0,0.0,1.0,0.8,1.0,1.0,0.96,1.0,12.0,0.0,1.0,1.0,1.0,1.0,0.0,1.0,1.0,1.0,1.0,0.0,0.0,1.0,1.0,1.0,1.0,1.0,1.0,0.8,7.0,7.0,0.777778,0.777778,0.785185
dataset-v2,v2,extraction-v2,hybrid-v1,weak_serp,52.6316,,натяжные потолки цена Нижний Новгород,натяжные потолки,commercial,Нижний Новгород,47,https://novpotoloknn.ru/,novpotoloknn.ru,10,0,,,homepage,ok,,artifacts\query--9811874526d7c170.json,1b834ca2a39fe8f112c4c4c4091afe33d6dd2634,404313,52.6316,2772.0,317135.0,405.0,113.0,0.27901234567901234,5.8222,1.0,405.0,60.0,1.0,8.0,2.0,11.0,1.0,63.0,1.0,227.0,0.0,0.0,0.0,6.0,2.0,0.0,0.4,0.0,0.0,0.0,6.0,0.014815,0.8,376.0,242.0,226.0,14.0,2.0,15.0,7.5,6.75,928.395062,597.530864,558.024691,34.567901,0.008741,0.280497,1.0,1.0,1.077128,0.183333,0.224398,0.112199,0.0,0.0,0.075734,0.51,0.854545,0.434483,0.395062,0.017609,0.280497,200.0,1.0,0.0,0.0,1.0,1.0,1.0,0.0,0.0,0.0,1.0,1.0,1.0,0.0,0.0,0.0,0.0,0.0,1.0,1.0,1.0,1.0,1.0,1.0,6.0,1.0,1.0,1.0,1.0,1.0,0.0,1.0,1.0,1.0,1.0,1.0,0.0,1.0,1.0,1.0,1.0,1.0,1.0,1.0,7.0,9.0,0.777778,1.0,0.925926
dataset-v2,v2,extraction-v2,hybrid-v1,weak_serp,100.0,,как выбрать натяжные потолки,натяжные потолки,informational,,,https://markakachestva.ru/article/1180-kakoy-natyazhnoy-potolok-vybrat.html,markakachestva.ru,1,0,,,article,ok,,artifacts\query--908172a88b5f7bde.json,08641b823694cbd802d86df1e5c1a3685561f656,309596,100.0,23635.0,213875.0,3039.0,1555.0,0.5116814741691346,6.591,253.0,12.0119,74.0,1.0,10.0,3.0,14.0,1.0,50.0,1.0,157.0,0.0,0.0,0.0,63.0,1.0,1.0,0.25,0.25,3.0,0.5,7.0,0.020731,1.0,155.0,88.0,69.0,58.0,4.0,14.0,3.5,41.0676,51.00362,28.956894,22.704837,19.085225,0.110508,0.563649,1.0,1.0,19.606452,0.189189,0.563649,0.140912,0.281824,0.125,0.563649,0.6125,0.909091,0.917241,0.691017,0.288409,0.563649,200.0,1.0,0.0,0.0,1.0,1.0,0.0,0.0,0.0,0.0,1.0,1.0,1.0,0.0,0.0,2.0,0.0,0.0,1.0,0.8,1.0,1.0,0.96,0.0,0.0,0.0,1.0,1.0,0.0,1.0,0.0,0.0,1.0,1.0,1.0,1.0,0.0,1.0,1.0,1.0,1.0,1.0,1.0,0.6,4.0,8.0,0.444444,0.888889,0.644444
dataset-v2,v2,extraction-v2,hybrid-v1,weak_serp,78.9474,,как выбрать натяжные потолки,натяжные потолки,informational,,,https://geometrium-school.ru/blog/kakie-byvayut-natyazhnye-potolki-tipy-materialy-rekomendaczii-po-vyboru/,geometrium-school.ru,5,0,,,article,ok,,artifacts\query--68e298f60ebb1a56.json,6cbe43503fac44c28be6622f65af60186a385c68,320634,78.9474,25008.0,203982.0,3376.0,1440.0,0.4265402843601896,6.1368,175.0,19.2914,81.0,1.0,4.0,4.0,9.0,1.0,73.0,1.0,196.0,0.0,0.0,0.0,39.0,4.0,2.0,1.0,0.5,3.0,0.75,6.0,0.011552,1.0,134.0,39.0,95.0,32.0,12.0,163.0,13.583333,41.679,39.691943,11.552133,28.13981,9.478673,0.122599,0.333279,1.0,1.0,25.19403,0.111111,0.333279,0.333279,0.249959,0.75,0.333279,0.9375,0.672727,0.648276,0.385071,0.142157,0.333279,200.0,1.0,0.0,0.0,1.0,1.0,1.0,0.0,0.0,0.0,1.0,1.0,1.0,0.0,0.0,2.0,0.0,0.0,1.0,0.8,1.0,1.0,0.96,1.0,3.0,1.0,1.0,1.0,1.0,1.0,0.0,1.0,1.0,1.0,1.0,0.0,1.0,1.0,13.0,1.0,1.0,1.0,1.0,1.0,8.0,8.0,0.888889,0.888889,0.925926
dataset-v2,v2,extraction-v2,hybrid-v1,weak_serp,57.8947,,как выбрать натяжные потолки,натяжные потолки,informational,,,https://pikabu.ru/story/kakie_natyazhnyie_potolki_vyibrat_v_kvartiru_v_2026_godu_matovyie_glyantsevyie_ili_satinovyie_13921758,pikabu.ru,9,0,,,content,ok,,artifacts\query--279248be094aef20.json,c9a6e1ce85878cc6d176c7b8b19a31d50b0b281c,1230767,57.8947,16148.0,1059153.0,2261.0,1141.0,0.5046439628482973,5.981,108.0,20.9352,52.0,1.0,1.0,30.0,32.0,1.0,53.0,1.0,134.0,0.0,0.0,0.0,26.0,3.0,0.0,0.75,0.0,10.0,0.75,9.0,0.011499,1.0,543.0,16.0,433.0,10.0,9.0,23.0,2.555556,43.4808,240.159222,7.076515,191.508182,4.422822,0.015246,0.148601,1.0,1.0,4.163904,0.615385,0.148601,0.111451,0.111451,0.5625,0.148601,0.85,0.963636,0.924138,0.383311,0.074991,0.148601,200.0,1.0,0.0,0.0,1.0,1.0,1.0,0.0,0.0,0.0,1.0,1.0,1.0,0.0,0.0,2.0,0.0,0.0,1.0,0.8,1.0,1.0,0.96,1.0,3.0,0.0,1.0,1.0,0.0,1.0,0.0,1.0,0.0,1.0,1.0,1.0,0.0,1.0,2.0,1.0,1.0,1.0,1.0,0.8,6.0,7.0,0.666667,0.777778,0.748148
dataset-v2,v2,extraction-v2,hybrid-v1,weak_serp,100.0,,натяжные потолки отзывы,натяжные потолки,informational,,,https://irecommend.ru/content/natyazhnoi-potolok,irecommend.ru,1,0,,,content,ok,,artifacts\query--dd41c819663bb47a.json,8e11aaf29b55542cd4efc44d3df97a88af121b7d,1493035,100.0,104627.0,943221.0,12867.0,1936.0,0.1504624232532836,6.8646,856.0,15.0315,555.0,5.0,305.0,0.0,310.0,1.0,25.0,1.0,167.0,0.0,0.0,0.0,54.0,1.0,0.0,0.333333,0.0,1.0,0.333333,7.0,0.004197,1.0,1313.0,295.0,80.0,3.0,2.0,356.0,178.0,23.1838,102.043988,22.926867,6.217456,0.233155,0.110925,0.330691,1.0,1.0,9.799695,0.558559,0.330691,0.11023,0.11023,0.111111,0.330691,0.6,0.454545,0.848276,0.139893,0.049757,0.330691,200.0,1.0,0.0,0.0,1.0,1.0,1.0,0.0,0.0,0.0,1.0,1.0,1.0,0.0,0.0,2.0,0.0,0.0,1.0,0.8,1.0,1.0,0.96,0.0,0.0,1.0,1.0,1.0,1.0,1.0,1.0,1.0,0.0,1.0,1.0,1.0,1.0,1.0,2.0,0.0,1.0,1.0,1.0,0.6,8.0,8.0,0.888889,0.888889,0.792593
dataset-v2,v2,extraction-v2,hybrid-v1,weak_serp,94.7368,,натяжные потолки отзывы,натяжные потолки,informational,,,https://vipceiling.ru/moscow/reviews/,vipceiling.ru,2,0,,,content,ok,,artifacts\query--be57a5b0aaf58435.json,2848eae724977a05d1dc4414a9e2575f9ec8b965,459755,94.7368,5691.0,410938.0,975.0,401.0,0.4112820512820513,4.7846,135.0,7.2222,13.0,1.0,0.0,0.0,1.0,1.0,49.0,1.0,103.0,0.0,0.0,0.0,6.0,0.0,1.0,0.0,0.333333,0.0,0.0,3.0,0.006154,1.0,203.0,69.0,212.0,0.0,0.0,1.0,0.0,75.0,208.205128,70.769231,217.435897,0.0,0.013849,0.259131,1.0,0.75,4.802956,0.076923,0.259131,0.0,0.0,0.0,0.168435,0.4,0.890909,0.710345,0.205128,0.057729,0.194348,200.0,1.0,0.0,0.0,1.0,1.0,0.0,0.0,0.0,0.0,1.0,1.0,1.0,0.0,0.0,2.0,0.0,0.0,1.0,0.8,1.0,1.0,0.96,1.0,5.0,0.0,1.0,1.0,1.0,1.0,0.0,1.0,0.0,0.0,1.0,0.0,0.0,0.0,0.0,1.0,1.0,1.0,1.0,0.8,6.0,5.0,0.666667,0.555556,0.674074
dataset-v2,v2,extraction-v2,hybrid-v1,weak_serp,89.4737,,натяжные потолки отзывы,натяжные потолки,informational,,,https://vyboroved.ru/reyting/2047-luchshie-natyazhnye-potolki.html,vyboroved.ru,3,0,,,content,ok,,artifacts\query--e3e2049eec1ae8ca.json,b20ed41981e0160aae83c443ee138381d2fb3d0f,236115,89.4737,13735.0,151157.0,1852.0,1037.0,0.5599352051835853,6.2435,104.0,17.8077,38.0,1.0,4.0,9.0,14.0,1.0,41.0,1.0,170.0,0.0,0.0,0.0,19.0,0.0,0.0,0.0,0.0,8.0,0.666667,0.0,0.010259,0.666667,230.0,13.0,254.0,14.0,2.0,9.0,4.5,48.7368,124.190065,7.019438,137.149028,7.559395,0.090866,0.107883,0.0,1.0,8.052174,0.368421,0.071922,0.0,0.071922,0.0,0.107883,0.266667,0.745455,0.827586,0.227982,0.060407,0.107883,200.0,1.0,0.0,0.0,1.0,1.0,0.0,0.0,0.0,0.0,1.0,1.0,0.0,0.0,0.0,2.0,0.0,0.0,1.0,0.8,0.5,1.0,0.86,0.0,0.0,1.0,1.0,1.0,1.0,1.0,0.0,0.0,1.0,1.0,0.0,1.0,0.0,1.0,1.0,1.0,1.0,1.0,1.0,0.8,5.0,8.0,0.555556,0.888889,0.748148
dataset-v2,v2,extraction-v2,hybrid-v1,weak_serp,84.2105,,натяжные потолки отзывы,натяжные потолки,informational,,,https://mixline-shop.ru/blog/natyazhnye-potolki-plyusy-i-minusy,mixline-shop.ru,4,0,,,article,ok,,artifacts\query--fc6a52177af5d840.json,ee3ee975fa64b9cc851bb9696b896f62ba9dbabc,338173,84.2105,20943.0,201085.0,2747.0,1315.0,0.478704040771751,6.4703,159.0,17.2767,50.0,1.0,9.0,12.0,22.0,1.0,101.0,1.0,11613.0,0.0,0.0,0.0,74.0,3.0,25.0,1.0,1.0,9.0,1.0,3.0,0.026938,1.0,185.0,62.0,148.0,7.0,2.0,5.0,2.5,54.94,67.346196,22.570076,53.876957,2.548234,0.10415,0.210237,1.0,1.0,14.848649,0.44,0.210237,0.210237,0.210237,1.0,0.210237,1.0,0.163636,0.0,0.897949,0.100641,0.210237,200.0,1.0,0.0,0.0,1.0,1.0,1.0,1.0,0.0,0.0,1.0,1.0,1.0,0.0,0.0,2.0,0.0,0.0,1.0,0.8,1.0,1.0,0.96,0.0,0.0,1.0,1.0,1.0,0.0,1.0,0.0,1.0,1.0,1.0,1.0,0.0,0.0,1.0,3.0,1.0,1.0,1.0,1.0,0.8,5.0,8.0,0.555556,0.888889,0.748148
dataset-v2,v2,extraction-v2,hybrid-v1,weak_serp,78.9474,,натяжные потолки отзывы,натяжные потолки,informational,,,https://tehnos24.ru/otzyvy/,tehnos24.ru,5,0,,,content,ok,,artifacts\query--8b0487729270875e.json,adb73a280ed7965517ed93fda979c29ccb644467,924648,78.9474,23449.0,738244.0,3401.0,1274.0,0.3745957071449574,5.6507,410.0,8.2951,66.0,1.0,0.0,0.0,1.0,1.0,71.0,1.0,180.0,0.0,0.0,0.0,60.0,1.0,1.0,0.333333,0.333333,1.0,0.333333,3.0,0.017642,1.0,233.0,104.0,38.0,8.0,1.0,1.0,1.0,51.5303,68.509262,30.579241,11.173184,2.352249,0.031763,0.296384,1.0,1.0,14.596567,0.015152,0.296384,0.098795,0.098795,0.111111,0.296384,0.6,0.709091,0.758621,0.588062,0.111024,0.296384,200.0,1.0,0.0,0.0,0.0,0.0,0.0,0.0,0.0,0.0,1.0,1.0,1.0,0.0,0.0,1.0,0.0,0.0,1.0,0.9,1.0,0.75,0.93,1.0,2.0,1.0,1.0,1.0,0.0,1.0,0.0,1.0,1.0,1.0,1.0,0.0,1.0,1.0,1.0,1.0,1.0,1.0,1.0,1.0,7.0,8.0,0.777778,0.888889,0.888889
dataset-v2,v2,extraction-v2,hybrid-v1,weak_serp,73.6842,,натяжные потолки отзывы,натяжные потолки,informational,,,https://dzen.ru/a/ZCMvlrAxjCnYTjHZ,dzen.ru,6,0,,,content,ok,,artifacts\query--9e5d9d4c3ed8034e.json,81a92400fb8ede95872d1a4e3534367d24cdf028,2449163,73.6842,2485.0,2399161.0,345.0,209.0,0.6057971014492753,6.0493,20.0,17.25,2.0,1.0,0.0,1.0,2.0,1.0,104.0,1.0,188.0,0.0,0.0,0.0,27.0,3.0,4.0,1.0,0.666667,1.0,0.333333,16.0,0.078261,1.0,18.0,7.0,9.0,1.0,1.0,1.0,1.0,172.5,52.173913,20.289855,26.086957,2.898551,0.001036,0.359682,1.0,1.0,19.166667,1.0,0.359682,0.359682,0.119894,0.333333,0.082727,0.833333,0.109091,0.703448,0.0,0.041763,0.359682,200.0,1.0,0.0,0.0,1.0,1.0,1.0,0.0,1.0,0.0,0.0,0.0,1.0,0.0,0.0,2.0,0.0,0.0,1.0,0.8,0.5,1.0,0.66,1.0,3.0,0.0,1.0,1.0,1.0,1.0,0.0,1.0,0.0,1.0,1.0,1.0,0.0,1.0,1.0,1.0,0.0,1.0,1.0,0.8,6.0,7.0,0.666667,0.777778,0.748148
dataset-v2,v2,extraction-v2,hybrid-v1,weak_serp,68.4211,,натяжные потолки отзывы,натяжные потолки,informational,,,https://psmith.ru/about/potolki-reviews,psmith.ru,7,0,,,content,ok,,artifacts\query--66106d6fca2fee7f.json,12ae468fdc7fb07efb19beb90e692c1d25312b5f,201510,68.4211,20514.0,109677.0,3004.0,1273.0,0.4237683089214381,5.5935,279.0,10.767,71.0,1.0,2.0,0.0,3.0,1.0,91.0,1.0,162.0,0.0,0.0,0.0,72.0,1.0,2.0,0.333333,0.666667,2.0,0.666667,11.0,0.023968,1.0,159.0,57.0,89.0,29.0,2.0,27.0,13.5,42.3099,52.929427,18.9747,29.627164,9.653795,0.18704,0.307994,1.0,1.0,18.893082,0.042254,0.307994,0.102665,0.205329,0.222222,0.307994,0.683333,0.345455,0.882759,0.798935,0.130518,0.307994,200.0,1.0,0.0,0.0,1.0,1.0,0.0,0.0,0.0,0.0,1.0,1.0,1.0,0.0,0.0,2.0,0.0,0.0,1.0,0.8,1.0,1.0,0.96,1.0,3.0,1.0,1.0,1.0,1.0,1.0,0.0,1.0,1.0,1.0,1.0,1.0,0.0,1.0,2.0,1.0,1.0,1.0,1.0,1.0,7.0,9.0,0.777778,1.0,0.925926
dataset-v2,v2,extraction-v2,hybrid-v1,weak_serp,63.1579,,натяжные потолки отзывы,натяжные потолки,informational,,,https://kaskadagenstvo.ru/natyazhnye-potolki-otzyvy-nedostatki-problemy/,kaskadagenstvo.ru,8,0,,,content,ok,,artifacts\query--04cefd8f2e23fd26.json,e6db04324ef7b1c17e050d5cbe3e508adebfcf59,156050,63.1579,14671.0,90083.0,1938.0,917.0,0.47316821465428277,6.4138,127.0,15.2598,49.0,1.0,7.0,7.0,15.0,1.0,45.0,1.0,253.0,1.0,1.0,2.0,59.0,3.0,3.0,1.0,1.0,12.0,1.0,12.0,0.030444,1.0,89.0,24.0,55.0,1.0,3.0,20.0,6.666667,39.551,45.923633,12.383901,28.379773,0.515996,0.162861,0.124024,1.0,1.0,21.775281,0.306122,0.124024,0.124024,0.124024,1.0,0.124024,1.0,0.818182,0.255172,0.985208,0.058684,0.124024,200.0,1.0,0.0,0.0,1.0,1.0,1.0,0.0,0.0,0.0,1.0,1.0,1.0,0.0,0.0,1.0,0.0,0.0,1.0,0.9,1.0,1.0,0.98,0.0,0.0,0.0,1.0,1.0,0.0,1.0,0.0,1.0,0.0,1.0,1.0,0.0,0.0,1.0,1.0,1.0,1.0,1.0,1.0,0.6,5.0,6.0,0.555556,0.666667,0.607407
dataset-v2,v2,extraction-v2,hybrid-v1,weak_serp,57.8947,,натяжные потолки отзывы,натяжные потолки,informational,,,https://onello.ru/natyazhnye-potolki-dostoinstva-i-nedostatki-otzyvy/,onello.ru,9,0,,,content,ok,,artifacts\query--2b3c3a5445b738f3.json,09dd77054def937f0a0149090216893f92c3bb1e,146118,57.8947,13266.0,86654.0,1815.0,879.0,0.484297520661157,6.1642,118.0,15.3814,43.0,1.0,7.0,5.0,13.0,1.0,49.0,0.0,0.0,0.0,0.0,0.0,52.0,3.0,0.0,1.0,0.0,8.0,1.0,10.0,0.02865,1.0,87.0,24.0,50.0,8.0,3.0,20.0,6.666667,42.2093,47.933884,13.22314,27.548209,4.407713,0.153092,0.133723,1.0,1.0,20.862069,0.302326,0.133723,0.133723,0.133723,1.0,0.133723,1.0,0.890909,0.0,0.955005,0.064762,0.133723,200.0,1.0,0.0,0.0,1.0,1.0,1.0,0.0,0.0,0.0,1.0,1.0,1.0,0.0,0.0,1.0,0.0,0.0,1.0,0.9,1.0,1.0,0.98,0.0,0.0,0.0,1.0,1.0,1.0,1.0,0.0,1.0,1.0,1.0,1.0,0.0,0.0,1.0,1.0,1.0,1.0,1.0,1.0,0.6,6.0,7.0,0.666667,0.777778,0.681481
dataset-v2,v2,extraction-v2,hybrid-v1,weak_serp,52.6316,,натяжные потолки отзывы,натяжные потолки,informational,,,https://nwlife.ru/o-kompanii/article/plyusyi-i-minusyi-natyazhnyix-potolkov/,nwlife.ru,10,0,,,article,ok,,artifacts\query--460078a74e9e708a.json,76e2ea9876a7a373fb368769958a5f5571ecdd83,399993,52.6316,15847.0,302846.0,2185.0,1040.0,0.4759725400457666,6.0522,163.0,13.4049,50.0,1.0,6.0,17.0,24.0,1.0,77.0,1.0,373.0,0.0,0.0,0.0,40.0,0.0,2.0,0.0,0.666667,2.0,0.666667,7.0,0.018307,1.0,345.0,35.0,34.0,14.0,0.0,4.0,0.0,43.7,157.894737,16.018307,15.560641,6.407323,0.052327,0.318597,1.0,0.75,6.333333,0.48,0.318597,0.0,0.212398,0.0,0.318597,0.566667,0.6,0.0,0.610221,0.151643,0.238948,200.0,1.0,0.0,0.0,1.0,1.0,0.0,0.0,0.0,0.0,1.0,1.0,1.0,0.0,0.0,3.0,0.0,0.0,1.0,0.7,1.0,1.0,0.94,1.0,4.0,1.0,1.0,1.0,0.0,1.0,1.0,1.0,1.0,1.0,1.0,1.0,1.0,1.0,1.0,1.0,1.0,1.0,1.0,1.0,8.0,9.0,0.888889,1.0,0.962963
dataset-v2,v2,extraction-v2,hybrid-v1,weak_serp,100.0,,пластиковые окна Москва,пластиковые окна,commercial,Москва,213,https://www.fabrikaokon.ru/,fabrikaokon.ru,1,0,,,homepage,ok,,artifacts\query--56371f6f2be5315b.json,9948fb1d1b39b200fb253d0e6bfdca9ca473e483,437120,100.0,28137.0,270309.0,3934.0,1502.0,0.38179969496695476,5.9652,268.0,14.6791,50.0,1.0,4.0,9.0,14.0,1.0,73.0,1.0,165.0,0.0,0.0,0.0,94.0,3.0,2.0,0.666667,0.666667,5.0,0.666667,22.0,0.023894,1.0,418.0,167.0,3.0,0.0,18.0,109.0,6.055556,78.68,106.253177,42.450432,0.762583,0.0,0.104092,0.70393,1.0,1.0,9.411483,0.28,0.70393,0.469287,0.469287,0.444444,0.70393,0.8,0.672727,0.862069,0.796475,0.26876,0.70393,200.0,1.0,0.0,0.0,1.0,1.0,1.0,0.0,0.0,0.0,1.0,1.0,1.0,0.0,0.0,0.0,0.0,0.0,1.0,1.0,1.0,1.0,1.0,1.0,9.0,1.0,1.0,1.0,1.0,1.0,1.0,1.0,1.0,1.0,1.0,1.0,1.0,1.0,4.0,1.0,1.0,1.0,1.0,1.0,9.0,9.0,1.0,1.0,1.0
dataset-v2,v2,extraction-v2,hybrid-v1,weak_serp,94.7368,,пластиковые окна Москва,пластиковые окна,commercial,Москва,213,https://www.mosokna.ru/,mosokna.ru,2,0,,,homepage,ok,,artifacts\query--ddca19520dcad8d7.json,ddf32d58814cdf312ef1fb615cfe2fa6842c81af,1300027,94.7368,20996.0,1003458.0,2963.0,1068.0,0.3604454944313196,5.9109,120.0,24.6917,413.0,1.0,11.0,1.0,13.0,1.0,60.0,1.0,230.0,0.0,0.0,0.0,94.0,3.0,2.0,0.666667,0.333333,3.0,0.333333,14.0,0.031725,1.0,333.0,400.0,284.0,1.0,4.0,24.0,6.0,7.1743,112.386095,134.998313,95.848802,0.337496,0.020924,0.700089,1.0,1.0,8.897898,0.031477,0.700089,0.466726,0.233363,0.222222,0.700089,0.716667,0.909091,0.413793,0.942513,0.252344,0.700089,200.0,1.0,0.0,0.0,1.0,1.0,0.0,0.0,0.0,0.0,1.0,1.0,1.0,0.0,0.0,0.0,0.0,0.0,1.0,1.0,1.0,1.0,1.0,1.0,6.0,0.0,1.0,1.0,1.0,1.0,1.0,1.0,1.0,1.0,1.0,1.0,1.0,1.0,23.0,1.0,1.0,1.0,1.0,0.8,9.0,8.0,1.0,0.888889,0.896296
dataset-v2,v2,extraction-v2,hybrid-v1,weak_serp,89.4737,,пластиковые окна Москва,пластиковые окна,commercial,Москва,213,https://www.okno-moskva.ru/,okno-moskva.ru,3,0,,,homepage,ok,,artifacts\query--93aa1bf9b74a0cbc.json,4a555754482acccb96697fbad6a1266e751ac086,909127,89.4737,35049.0,720924.0,4841.0,1856.0,0.38339186118570545,6.0642,271.0,17.8635,129.0,1.0,34.0,6.0,41.0,1.0,73.0,1.0,239.0,0.0,0.0,0.0,145.0,3.0,3.0,0.666667,0.666667,13.0,0.666667,17.0,0.029952,1.0,434.0,422.0,157.0,17.0,4.0,36.0,9.0,37.5271,89.650899,87.172072,32.431316,3.511671,0.048617,0.748859,1.0,1.0,11.154378,0.317829,0.748859,0.499239,0.499239,0.444444,0.748859,0.8,0.672727,0.351724,0.998416,0.287106,0.748859,200.0,1.0,0.0,0.0,1.0,1.0,1.0,0.0,0.0,0.0,1.0,1.0,1.0,0.0,0.0,0.0,0.0,0.0,1.0,1.0,1.0,1.0,1.0,1.0,77.0,1.0,1.0,1.0,1.0,1.0,1.0,1.0,1.0,1.0,1.0,1.0,1.0,1.0,20.0,1.0,1.0,1.0,1.0,1.0,9.0,9.0,1.0,1.0,1.0
dataset-v2,v2,extraction-v2,hybrid-v1,weak_serp,84.2105,,пластиковые окна Москва,пластиковые окна,commercial,Москва,213,https://rusokna.ru/,rusokna.ru,4,0,,,homepage,ok,,artifacts\query--0f3c2cb87e197023.json,4ca96d2642bd7858c2e0d9080fd601c00195c6b2,744331,84.2105,30405.0,581851.0,4268.0,1570.0,0.36785379568884724,5.9726,282.0,15.1348,88.0,1.0,35.0,28.0,64.0,1.0,78.0,1.0,203.0,0.0,0.0,0.0,163.0,4.0,4.0,0.666667,0.666667,22.0,0.666667,22.0,0.038191,1.0,370.0,95.0,243.0,72.0,5.0,38.0,7.6,48.5,86.691659,22.258669,56.935333,16.869728,0.052256,0.779424,1.0,1.0,11.535135,0.727273,0.779424,0.519616,0.519616,0.444444,0.779424,0.8,0.581818,0.6,0.72696,0.286714,0.779424,200.0,1.0,0.0,0.0,1.0,1.0,0.0,0.0,0.0,0.0,1.0,1.0,1.0,0.0,0.0,0.0,0.0,0.0,1.0,1.0,1.0,1.0,1.0,1.0,4.0,1.0,1.0,1.0,1.0,1.0,1.0,1.0,1.0,1.0,1.0,0.0,1.0,1.0,7.0,1.0,1.0,1.0,1.0,1.0,9.0,8.0,1.0,0.888889,0.962963
dataset-v2,v2,extraction-v2,hybrid-v1,weak_serp,78.9474,,пластиковые окна Москва,пластиковые окна,commercial,Москва,213,https://mosplastokna.ru/,mosplastokna.ru,5,0,,,homepage,ok,,artifacts\query--5aaa610df8966bd0.json,1868ca36f5886bc947761da7e7f84905a1c2fde4,82910,78.9474,8421.0,49957.0,1121.0,655.0,0.584299732381802,6.314,73.0,15.3562,17.0,1.0,4.0,7.0,12.0,1.0,80.0,1.0,154.0,0.0,0.0,0.0,33.0,3.0,3.0,0.666667,0.666667,6.0,0.666667,16.0,0.029438,1.0,45.0,13.0,34.0,17.0,1.0,9.0,9.0,65.9412,40.14273,11.596789,30.330062,15.165031,0.168565,0.762319,1.0,1.0,24.911111,0.705882,0.762319,0.508213,0.508213,0.444444,0.569706,0.8,0.545455,0.937931,0.981267,0.277399,0.762319,200.0,1.0,0.0,0.0,0.0,0.0,1.0,0.0,0.0,0.0,1.0,1.0,1.0,0.0,0.0,0.0,0.0,0.0,1.0,1.0,1.0,0.75,0.95,1.0,2.0,1.0,1.0,1.0,1.0,1.0,0.0,0.0,1.0,1.0,1.0,0.0,0.0,1.0,2.0,0.0,1.0,1.0,1.0,0.8,6.0,8.0,0.666667,0.888889,0.785185
dataset-v2,v2,extraction-v2,hybrid-v1,weak_serp,73.6842,,пластиковые окна Москва,пластиковые окна,commercial,Москва,213,https://oknober.ru/,oknober.ru,6,0,,,homepage,ok,,artifacts\query--8497880d8e9cee92.json,58c1b7e3c1f1ae26648a05aec0712b7682f800a5,14533,73.6842,114.0,11899.0,20.0,11.0,0.55,4.65,1.0,20.0,1.0,0.0,1.0,0.0,1.0,0.0,0.0,0.0,0.0,0.0,0.0,0.0,0.0,0.0,0.0,0.0,0.0,0.0,0.0,0.0,0.0,0.0,1.0,0.0,0.0,0.0,0.0,0.0,0.0,20.0,50.0,0.0,0.0,0.0,0.009581,0.088455,0.0,0.0,20.0,1.0,0.0,0.0,0.0,0.0,0.001179,0.0,0.0,0.0,0.0,0.000541,0.0,200.0,1.0,0.0,0.0,0.0,0.0,1.0,1.0,1.0,0.0,0.0,1.0,0.0,0.0,0.0,0.0,0.0,0.0,1.0,1.0,0.5,0.75,0.65,0.0,0.0,0.0,0.0,0.0,0.0,1.0,0.0,0.0,0.0,1.0,0.0,0.0,0.0,0.0,0.0,0.0,0.0,1.0,1.0,0.0,0.0,3.0,0.0,0.333333,0.111111
dataset-v2,v2,extraction-v2,hybrid-v1,weak_serp,68.4211,,пластиковые окна Москва,пластиковые окна,commercial,Москва,213,https://lemanapro.ru/catalogue/plastikovye-okna/,lemanapro.ru,7,0,,,product,ok,,artifacts\query--5aca822b90ec347e.json,ffeeea5ca724e83067b8ac5b8768d9bd6ea1aca0,10071,68.4211,77.0,8264.0,13.0,13.0,1.0,5.0,1.0,13.0,1.0,1.0,0.0,0.0,1.0,1.0,12.0,0.0,0.0,0.0,0.0,0.0,0.0,0.0,0.0,0.0,0.0,0.0,0.0,0.0,0.0,0.0,1.0,0.0,0.0,0.0,0.0,0.0,0.0,13.0,76.923077,0.0,0.0,0.0,0.009318,-0.05429,0.0,0.0,13.0,1.0,-0.0,-0.0,-0.0,0.0,-0.000471,0.0,0.218182,0.0,0.0,-0.000392,-0.0,403.0,0.0,0.0,0.0,0.0,0.0,0.0,0.0,0.0,0.0,0.0,1.0,1.0,0.0,0.0,2.0,0.0,0.0,1.0,0.8,1.0,0.75,0.71,1.0,1.0,0.0,0.0,0.0,0.0,0.0,0.0,0.0,0.0,0.0,0.0,0.0,0.0,0.0,0.0,0.0,0.0,0.0,0.0,0.2,1.0,0.0,0.111111,0.0,0.103704
dataset-v2,v2,extraction-v2,hybrid-v1,weak_serp,63.1579,,пластиковые окна Москва,пластиковые окна,commercial,Москва,213,https://fokus-komforta.ru/,fokus-komforta.ru,8,0,,,homepage,ok,,artifacts\query--dc2034aff19a5838.json,6c7655950e99e6c9cb5ee7fec233932be16b6756,1627623,63.1579,56209.0,1227794.0,7863.0,1898.0,0.24138369579041077,5.9278,342.0,22.9912,64.0,1.0,27.0,4.0,32.0,1.0,73.0,1.0,153.0,0.0,0.0,0.0,208.0,3.0,3.0,0.666667,0.666667,14.0,0.666667,3.0,0.026453,1.0,611.0,436.0,299.0,3.0,11.0,210.0,19.090909,122.8594,77.70571,55.449574,38.026199,0.381534,0.04578,0.604481,1.0,1.0,12.869067,0.5,0.604481,0.402987,0.402987,0.444444,0.604481,0.8,0.672727,0.944828,0.881767,0.145912,0.604481,200.0,1.0,0.0,0.0,1.0,1.0,1.0,0.0,0.0,0.0,1.0,1.0,1.0,0.0,0.0,0.0,0.0,0.0,1.0,1.0,1.0,1.0,1.0,1.0,5.0,1.0,1.0,1.0,1.0,1.0,1.0,1.0,1.0,1.0,1.0,1.0,1.0,1.0,96.0,1.0,1.0,1.0,1.0,1.0,9.0,9.0,1.0,1.0,1.0
dataset-v2,v2,extraction-v2,hybrid-v1,weak_serp,57.8947,,пластиковые окна Москва,пластиковые окна,commercial,Москва,213,https://okno.ru/,okno.ru,9,0,,,homepage,ok,,artifacts\query--9cc3773bf0b97fa3.json,75140d574abf79d2784823773318fe4c4734bcaf,638279,57.8947,27553.0,453105.0,3869.0,1261.0,0.32592401137244764,5.991,162.0,23.8827,125.0,1.0,20.0,6.0,27.0,1.0,73.0,1.0,194.0,0.0,0.0,0.0,104.0,3.0,2.0,0.666667,0.666667,3.0,0.666667,9.0,0.02688,1.0,672.0,161.0,82.0,3.0,9.0,98.0,10.888889,30.952,173.688292,41.61282,21.194107,0.775394,0.060809,0.656818,1.0,1.0,5.75744,0.216,0.656818,0.437879,0.437879,0.444444,0.656818,0.8,0.672727,0.662069,0.896011,0.214073,0.656818,200.0,1.0,0.0,0.0,0.0,0.0,1.0,0.0,0.0,0.0,1.0,1.0,1.0,0.0,0.0,0.0,0.0,0.0,1.0,1.0,1.0,0.75,0.95,1.0,3.0,1.0,1.0,1.0,1.0,1.0,1.0,1.0,1.0,1.0,1.0,1.0,1.0,1.0,17.0,1.0,1.0,1.0,1.0,1.0,9.0,9.0,1.0,1.0,1.0
dataset-v2,v2,extraction-v2,hybrid-v1,weak_serp,52.6316,,пластиковые окна Москва,пластиковые окна,commercial,Москва,213,https://www.melke.ru/,melke.ru,10,0,,,homepage,ok,,artifacts\query--b6f7caad08b433b4.json,ca187d1eab7922d8c45ee33e338ea8d12513dde3,1119762,52.6316,36416.0,862255.0,5096.0,1840.0,0.36106750392464676,5.9645,218.0,23.3761,37.0,1.0,18.0,2.0,21.0,1.0,79.0,1.0,206.0,0.0,0.0,0.0,222.0,2.0,3.0,0.666667,0.666667,3.0,0.666667,65.0,0.043564,1.0,448.0,372.0,313.0,2.0,2.0,77.0,38.5,137.7297,87.912088,72.99843,61.420722,0.392465,0.042233,0.61191,1.0,1.0,11.375,0.567568,0.61191,0.40794,0.40794,0.444444,0.61191,0.8,0.563636,0.57931,0.547881,0.220941,0.61191,200.0,1.0,0.0,0.0,0.0,0.0,0.0,0.0,0.0,0.0,1.0,1.0,1.0,0.0,0.0,0.0,0.0,0.0,1.0,1.0,1.0,0.75,0.95,1.0,8.0,1.0,1.0,1.0,1.0,1.0,1.0,1.0,1.0,1.0,1.0,1.0,1.0,1.0,35.0,1.0,1.0,1.0,1.0,1.0,9.0,9.0,1.0,1.0,1.0
dataset-v2,v2,extraction-v2,hybrid-v1,weak_serp,100.0,,пластиковые окна Санкт-Петербург,пластиковые окна,commercial,Санкт-Петербург,2,https://zavod-plastikovih-okon.ru/,zavod-plastikovih-okon.ru,1,0,,,homepage,ok,,artifacts\query--769613133f0bf270.json,299677c8e185a5faad7633f44907eb725800f0c6,850798,100.0,3112.0,776219.0,463.0,280.0,0.6047516198704104,5.5508,18.0,25.7222,90.0,1.0,7.0,3.0,11.0,1.0,104.0,1.0,163.0,0.0,0.0,0.0,33.0,3.0,4.0,0.75,0.75,2.0,0.5,17.0,0.071274,0.75,476.0,245.0,75.0,0.0,5.0,11.0,2.2,5.1444,1028.077754,529.157667,161.987041,0.0,0.004009,0.640767,1.0,1.0,0.972689,0.122222,0.480575,0.480575,0.320383,0.375,0.197783,0.75,0.109091,0.875862,0.0,0.099675,0.640767,200.0,1.0,0.0,0.0,1.0,1.0,1.0,0.0,0.0,0.0,1.0,1.0,1.0,0.0,0.0,0.0,0.0,0.0,1.0,1.0,1.0,1.0,1.0,1.0,3.0,0.0,1.0,1.0,1.0,1.0,1.0,1.0,1.0,1.0,1.0,1.0,1.0,1.0,1.0,1.0,1.0,1.0,1.0,0.8,9.0,8.0,1.0,0.888889,0.896296
dataset-v2,v2,extraction-v2,hybrid-v1,weak_serp,89.4737,,пластиковые окна Санкт-Петербург,пластиковые окна,commercial,Санкт-Петербург,2,https://markakachestva.ru/amenities/2860-luchshie-firmy-plastikovyh-okon-spb.html,markakachestva.ru,3,0,,,content,ok,,artifacts\query--372c16047afbf603.json,d0466d3ff4702e2a31d473e8fbf98d36b344d565,637208,89.4737,36816.0,492252.0,5420.0,2008.0,0.37047970479704795,5.5982,400.0,13.55,175.0,1.0,11.0,1.0,13.0,1.0,52.0,1.0,279.0,0.0,0.0,0.0,116.0,0.0,0.0,0.0,0.0,6.0,0.25,12.0,0.021402,1.0,244.0,219.0,220.0,38.0,4.0,29.0,7.25,30.9714,45.01845,40.405904,40.590406,7.01107,0.074791,0.702909,1.0,1.0,22.213115,0.074286,0.702909,0.0,0.175727,0.0,0.702909,0.4625,0.945455,0.075862,0.713407,0.260414,0.702909,200.0,1.0,0.0,0.0,1.0,1.0,0.0,0.0,0.0,0.0,1.0,1.0,1.0,0.0,0.0,2.0,0.0,0.0,1.0,0.8,1.0,1.0,0.96,1.0,12.0,0.0,1.0,1.0,1.0,1.0,0.0,1.0,1.0,1.0,1.0,1.0,0.0,1.0,1.0,1.0,1.0,1.0,1.0,0.8,7.0,8.0,0.777778,0.888889,0.822222
dataset-v2,v2,extraction-v2,hybrid-v1,weak_serp,84.2105,,пластиковые окна Санкт-Петербург,пластиковые окна,commercial,Санкт-Петербург,2,https://okna-spb.ru/,okna-spb.ru,4,0,,,homepage,ok,,artifacts\query--a740ef54d7117de2.json,453d65d2e6c45be6221ebd63ebfa19af14f56a56,633608,84.2105,31139.0,419767.0,4781.0,1014.0,0.21208952102070697,5.1418,102.0,46.8725,468.0,1.0,18.0,0.0,19.0,1.0,72.0,1.0,206.0,0.0,0.0,0.0,210.0,3.0,4.0,0.5,0.75,12.0,0.75,17.0,0.043924,0.75,558.0,251.0,229.0,190.0,11.0,145.0,13.181818,10.2158,116.711985,52.499477,47.897929,39.74064,0.074182,0.296058,1.0,1.0,8.5681,0.040598,0.222044,0.148029,0.222044,0.375,0.296058,0.725,0.690909,0.57931,0.401903,0.062791,0.296058,200.0,1.0,0.0,0.0,1.0,1.0,1.0,0.0,0.0,0.0,1.0,1.0,1.0,0.0,0.0,0.0,0.0,0.0,1.0,1.0,1.0,1.0,1.0,1.0,4.0,0.0,1.0,1.0,1.0,1.0,1.0,1.0,1.0,1.0,1.0,1.0,1.0,1.0,106.0,1.0,1.0,1.0,1.0,0.8,9.0,8.0,1.0,0.888889,0.896296
dataset-v2,v2,extraction-v2,hybrid-v1,weak_serp,78.9474,,пластиковые окна Санкт-Петербург,пластиковые окна,commercial,Санкт-Петербург,2,https://okna-centre.ru/,okna-centre.ru,5,0,,,homepage,ok,,artifacts\query--0e971ad0d45da50c.json,00b8ae5d630bbfefab3b171204292e8bb12964bf,1742433,78.9474,20836.0,1589967.0,2976.0,1000.0,0.33602150537634407,5.8505,145.0,20.5241,425.0,1.0,25.0,25.0,51.0,1.0,52.0,1.0,165.0,0.0,0.0,0.0,79.0,3.0,3.0,0.75,0.75,19.0,0.75,13.0,0.026546,1.0,133.0,457.0,0.0,255.0,0.0,20.0,0.0,7.0024,44.69086,153.561828,0.0,85.685484,0.013105,0.665053,1.0,0.5,22.37594,0.12,0.665053,0.49879,0.49879,0.5625,0.665053,0.85,0.945455,0.862069,0.884857,0.223472,0.332527,200.0,1.0,0.0,0.0,1.0,1.0,0.0,0.0,0.0,0.0,1.0,1.0,1.0,0.0,0.0,0.0,0.0,0.0,1.0,1.0,1.0,1.0,1.0,1.0,2.0,1.0,1.0,1.0,1.0,1.0,1.0,1.0,1.0,1.0,1.0,0.0,0.0,1.0,24.0,1.0,1.0,1.0,1.0,1.0,8.0,8.0,0.888889,0.888889,0.925926
dataset-v2,v2,extraction-v2,hybrid-v1,weak_serp,73.6842,,пластиковые окна Санкт-Петербург,пластиковые окна,commercial,Санкт-Петербург,2,https://spb.okna-plastikovyye.ru/,spb.okna-plastikovyye.ru,6,0,,,homepage,ok,,artifacts\query--4c684d0f4a4a22da.json,a03d8fe2814346ad8ea78787c17433c44d062095,494797,73.6842,24441.0,327424.0,3460.0,1121.0,0.3239884393063584,5.8731,289.0,11.9723,262.0,1.0,6.0,0.0,7.0,1.0,44.0,1.0,44.0,0.0,0.0,0.0,152.0,3.0,3.0,0.75,0.75,5.0,0.5,34.0,0.043931,1.0,234.0,146.0,278.0,7.0,9.0,146.0,16.222222,13.2061,67.630058,42.196532,80.346821,2.023121,0.074646,0.349158,1.0,1.0,14.786325,0.026718,0.349158,0.261869,0.174579,0.375,0.349158,0.7875,0.8,0.303448,0.535645,0.113123,0.349158,200.0,1.0,0.0,0.0,1.0,1.0,1.0,0.0,0.0,0.0,1.0,1.0,1.0,0.0,0.0,0.0,0.0,0.0,1.0,1.0,1.0,1.0,1.0,1.0,4.0,1.0,1.0,1.0,1.0,1.0,1.0,1.0,1.0,1.0,1.0,1.0,0.0,1.0,27.0,1.0,1.0,1.0,1.0,1.0,8.0,9.0,0.888889,1.0,0.962963
dataset-v2,v2,extraction-v2,hybrid-v1,weak_serp,68.4211,,пластиковые окна Санкт-Петербург,пластиковые окна,commercial,Санкт-Петербург,2,https://spb.oknafactoria.ru/,spb.oknafactoria.ru,7,0,,,homepage,ok,,artifacts\query--346a0aa3b9a3212b.json,ec2cff1543f33f09eff2dd03ae2bf33a44408a21,15628,68.4211,125.0,12965.0,23.0,11.0,0.4782608695652174,4.3913,1.0,23.0,1.0,0.0,1.0,0.0,1.0,0.0,0.0,0.0,0.0,0.0,0.0,0.0,0.0,0.0,0.0,0.0,0.0,0.0,0.0,0.0,0.0,0.0,1.0,0.0,0.0,0.0,0.0,0.0,0.0,23.0,43.478261,0.0,0.0,0.0,0.009641,0.057629,0.0,0.0,23.0,1.0,0.0,0.0,0.0,0.0,0.000884,0.0,0.0,0.0,0.0,0.000352,0.0,200.0,1.0,0.0,0.0,0.0,0.0,1.0,1.0,1.0,0.0,0.0,1.0,0.0,0.0,0.0,0.0,0.0,0.0,1.0,1.0,0.5,0.75,0.65,0.0,0.0,0.0,0.0,0.0,0.0,1.0,0.0,0.0,0.0,1.0,0.0,0.0,0.0,0.0,0.0,0.0,0.0,1.0,1.0,0.0,0.0,3.0,0.0,0.333333,0.111111
dataset-v2,v2,extraction-v2,hybrid-v1,weak_serp,63.1579,,пластиковые окна Санкт-Петербург,пластиковые окна,commercial,Санкт-Петербург,2,https://zavod-okna-pvh.ru/,zavod-okna-pvh.ru,8,0,,,homepage,ok,,artifacts\query--9cdfe61e886f2ec8.json,fab54753709c07e26a31513fa062adff400214af,406467,63.1579,29791.0,267953.0,4107.0,1545.0,0.3761869978086194,6.0738,223.0,18.417,242.0,1.0,17.0,0.0,18.0,1.0,92.0,1.0,152.0,0.0,0.0,0.0,135.0,3.0,1.0,0.75,0.25,15.0,0.75,23.0,0.032871,1.0,193.0,187.0,197.0,0.0,12.0,145.0,12.083333,16.9711,46.992939,45.532019,47.966886,0.0,0.11118,0.659756,1.0,1.0,21.279793,0.07438,0.659756,0.494817,0.494817,0.5625,0.659756,0.85,0.327273,0.951724,0.90431,0.248192,0.659756,200.0,1.0,0.0,0.0,1.0,1.0,1.0,0.0,0.0,0.0,1.0,1.0,1.0,0.0,0.0,0.0,0.0,0.0,1.0,1.0,1.0,1.0,1.0,1.0,1.0,1.0,1.0,1.0,1.0,1.0,1.0,1.0,1.0,1.0,1.0,0.0,0.0,1.0,10.0,1.0,1.0,1.0,1.0,1.0,8.0,8.0,0.888889,0.888889,0.925926
dataset-v2,v2,extraction-v2,hybrid-v1,weak_serp,57.8947,,пластиковые окна Санкт-Петербург,пластиковые окна,commercial,Санкт-Петербург,2,https://okna.spb.ru/,okna.spb.ru,9,0,,,homepage,ok,,artifacts\query--fa11b1fb7a725500.json,181fe3da32d247ebd5cd01c37f97dbfab9e0a69f,732896,57.8947,25912.0,568985.0,3610.0,1135.0,0.314404432132964,6.013,180.0,20.0556,42.0,2.0,4.0,19.0,25.0,1.0,88.0,1.0,231.0,0.0,0.0,0.0,179.0,3.0,2.0,0.75,0.5,4.0,0.5,15.0,0.049584,1.0,423.0,190.0,183.0,14.0,5.0,16.0,3.2,85.9524,117.174515,52.631579,50.692521,3.878116,0.045541,0.659664,1.0,1.0,8.534279,0.595238,0.659664,0.494748,0.329832,0.375,0.659664,0.7875,0.4,0.406897,0.347184,0.207401,0.659664,200.0,1.0,0.0,0.0,1.0,1.0,0.0,0.0,0.0,0.0,1.0,1.0,1.0,0.0,0.0,0.0,0.0,0.0,1.0,1.0,1.0,1.0,1.0,1.0,12.0,1.0,1.0,1.0,0.0,1.0,1.0,1.0,1.0,1.0,1.0,0.0,1.0,1.0,13.0,1.0,1.0,1.0,1.0,1.0,8.0,8.0,0.888889,0.888889,0.925926
dataset-v2,v2,extraction-v2,hybrid-v1,weak_serp,52.6316,,пластиковые окна Санкт-Петербург,пластиковые окна,commercial,Санкт-Петербург,2,https://zavodokon-spb.ru/,zavodokon-spb.ru,10,0,,,homepage,ok,,artifacts\query--6270749bfb79f31d.json,5efce603b566a06b6570f23b4c9c6fc87934be65,1110794,52.6316,4652.0,1039026.0,692.0,304.0,0.4393063583815029,5.6286,15.0,46.1333,98.0,1.0,2.0,9.0,12.0,1.0,55.0,1.0,103.0,0.0,0.0,0.0,10.0,1.0,2.0,0.25,0.5,2.0,0.25,3.0,0.014451,0.5,81.0,150.0,7.0,0.0,7.0,57.0,8.142857,7.0612,117.052023,216.763006,10.115607,0.0,0.004477,0.254079,0.75,1.0,8.54321,0.122449,0.127039,0.06352,0.06352,0.0625,0.117215,0.4125,1.0,0.710345,0.240848,0.042911,0.254079,200.0,1.0,0.0,0.0,1.0,1.0,0.0,0.0,0.0,0.0,1.0,1.0,0.0,0.0,0.0,0.0,0.0,0.0,1.0,1.0,0.5,1.0,0.9,1.0,2.0,0.0,1.0,1.0,1.0,1.0,0.0,0.0,1.0,0.0,1.0,0.0,0.0,1.0,15.0,1.0,1.0,1.0,1.0,0.8,6.0,6.0,0.666667,0.666667,0.711111
dataset-v2,v2,extraction-v2,hybrid-v1,weak_serp,100.0,,пластиковые окна Екатеринбург,пластиковые окна,commercial,Екатеринбург,54,https://ekb.okna-olkon.ru/,ekb.okna-olkon.ru,1,0,,,homepage,ok,,artifacts\query--a900a31a99297612.json,9f7c2f7105ef2b0d8198e98e6d4ff5a9da49d234,411758,100.0,8571.0,354817.0,1320.0,475.0,0.35984848484848486,5.2545,92.0,14.3478,73.0,1.0,13.0,51.0,65.0,1.0,50.0,1.0,164.0,0.0,0.0,0.0,38.0,2.0,4.0,0.666667,0.666667,4.0,1.0,14.0,0.028788,1.0,69.0,101.0,18.0,7.0,9.0,88.0,9.777778,18.0822,52.272727,76.515152,13.636364,5.30303,0.024156,0.60036,1.0,1.0,19.130435,0.890411,0.60036,0.40024,0.60036,0.666667,0.528317,0.883333,0.909091,0.868966,0.959596,0.158428,0.60036,200.0,1.0,0.0,0.0,1.0,1.0,0.0,0.0,0.0,0.0,1.0,1.0,0.0,0.0,0.0,0.0,0.0,0.0,1.0,1.0,0.5,1.0,0.9,1.0,2.0,1.0,1.0,1.0,1.0,1.0,0.0,0.0,1.0,1.0,1.0,0.0,0.0,1.0,1.0,0.0,1.0,1.0,1.0,0.8,6.0,8.0,0.666667,0.888889,0.785185
dataset-v2,v2,extraction-v2,hybrid-v1,weak_serp,57.8947,,пластиковые окна Екатеринбург,пластиковые окна,commercial,Екатеринбург,54,https://plastikovye-okna-ekb.ru/,plastikovye-okna-ekb.ru,9,0,,,homepage,ok,,artifacts\query--378fc8b242bdc079.json,6d34a3192d1e09d1c6430738e3d9be1486e38d50,461770,57.8947,25609.0,327148.0,3729.0,1154.0,0.30946634486457497,5.6736,297.0,12.5556,270.0,1.0,15.0,1.0,17.0,1.0,73.0,1.0,166.0,0.0,0.0,0.0,135.0,3.0,4.0,0.666667,1.0,7.0,0.666667,20.0,0.036203,1.0,183.0,203.0,35.0,15.0,6.0,77.0,12.833333,13.8111,49.074819,54.438187,9.385894,4.022526,0.07828,0.519797,1.0,1.0,20.377049,0.062963,0.519797,0.346531,0.346531,0.444444,0.519797,0.8,0.672727,0.855172,0.793242,0.16086,0.519797,200.0,1.0,0.0,0.0,1.0,1.0,1.0,0.0,0.0,0.0,1.0,1.0,1.0,0.0,0.0,0.0,0.0,0.0,1.0,1.0,1.0,1.0,1.0,1.0,10.0,1.0,1.0,1.0,1.0,1.0,1.0,1.0,1.0,1.0,1.0,1.0,1.0,1.0,19.0,1.0,1.0,1.0,1.0,1.0,9.0,9.0,1.0,1.0,1.0
dataset-v2,v2,extraction-v2,hybrid-v1,weak_serp,100.0,,пластиковые окна Новосибирск,пластиковые окна,commercial,Новосибирск,65,https://oknazavr.ru/novosibirsk/plastikovye-okna/,oknazavr.ru,1,0,,,content,ok,,artifacts\query--a298067c99fed137.json,fddb6a56bbb56a5cd559bbe812a4662ed05e60a2,873776,100.0,13212.0,761741.0,1940.0,749.0,0.38608247422680414,5.5366,124.0,15.6452,280.0,1.0,11.0,10.0,22.0,1.0,88.0,1.0,164.0,0.0,0.0,0.0,85.0,4.0,0.0,0.666667,0.0,5.0,0.666667,21.0,0.043814,1.0,353.0,227.0,258.0,0.0,3.0,89.0,29.666667,6.9286,181.958763,117.010309,132.989691,0.0,0.017344,0.668013,1.0,1.0,5.495751,0.078571,0.668013,0.445342,0.445342,0.444444,0.668013,0.8,0.4,0.868966,0.539519,0.257908,0.668013,200.0,1.0,0.0,0.0,0.0,0.0,1.0,0.0,0.0,0.0,1.0,1.0,1.0,0.0,0.0,2.0,0.0,0.0,1.0,0.8,1.0,0.75,0.91,1.0,1.0,0.0,1.0,1.0,1.0,1.0,0.0,0.0,0.0,1.0,1.0,1.0,1.0,1.0,1.0,0.0,1.0,1.0,1.0,0.6,7.0,7.0,0.777778,0.777778,0.718519
dataset-v2,v2,extraction-v2,hybrid-v1,weak_serp,94.7368,,пластиковые окна Новосибирск,пластиковые окна,commercial,Новосибирск,65,https://novosibirsk.okna-plastikovyye.ru/,novosibirsk.okna-plastikovyye.ru,2,0,,,homepage,ok,,artifacts\query--56b63a397f0c010e.json,e6227211b0cf3f20b9f410589fc5a9a5ac59d544,488211,94.7368,23774.0,321863.0,3355.0,1094.0,0.326080476900149,5.8903,288.0,11.6493,251.0,1.0,6.0,0.0,7.0,1.0,49.0,1.0,49.0,0.0,0.0,0.0,136.0,0.0,0.0,0.0,0.0,4.0,0.666667,31.0,0.040537,1.0,228.0,138.0,272.0,7.0,9.0,141.0,15.666667,13.3665,67.958271,41.132638,81.073025,2.086438,0.073864,0.48007,1.0,1.0,14.714912,0.027888,0.48007,0.0,0.320047,0.0,0.48007,0.566667,0.890909,0.337931,0.648783,0.156541,0.48007,200.0,1.0,0.0,0.0,1.0,1.0,1.0,0.0,0.0,0.0,1.0,1.0,1.0,0.0,0.0,0.0,0.0,0.0,1.0,1.0,1.0,1.0,1.0,1.0,4.0,1.0,1.0,1.0,1.0,1.0,1.0,1.0,1.0,1.0,1.0,1.0,1.0,1.0,23.0,1.0,1.0,1.0,1.0,1.0,9.0,9.0,1.0,1.0,1.0
dataset-v2,v2,extraction-v2,hybrid-v1,weak_serp,89.4737,,пластиковые окна Новосибирск,пластиковые окна,commercial,Новосибирск,65,https://mirokon-nsk.ru/,mirokon-nsk.ru,3,0,,,homepage,ok,,artifacts\query--9f3b74a8f3bf8762.json,cb28b5b491a44577e42c895e79bfd3f81b9c4b23,166871,89.4737,9983.0,115960.0,1445.0,662.0,0.4581314878892734,5.7702,105.0,13.7619,13.0,1.0,4.0,0.0,5.0,1.0,52.0,1.0,142.0,1.0,1.0,3.0,65.0,3.0,5.0,1.0,1.0,5.0,1.0,25.0,0.044983,1.0,69.0,52.0,39.0,0.0,7.0,49.0,7.0,111.1538,47.750865,35.986159,26.989619,0.0,0.08609,0.520318,1.0,1.0,20.942029,0.384615,0.520318,0.520318,0.520318,1.0,0.50124,1.0,0.945455,0.97931,0.500577,0.191361,0.520318,200.0,1.0,0.0,0.0,0.0,0.0,1.0,0.0,0.0,0.0,1.0,1.0,1.0,0.0,0.0,0.0,0.0,0.0,1.0,1.0,1.0,0.75,0.95,1.0,3.0,0.0,1.0,0.0,1.0,1.0,1.0,0.0,1.0,1.0,1.0,0.0,0.0,1.0,1.0,0.0,1.0,1.0,1.0,0.4,6.0,6.0,0.666667,0.666667,0.577778
dataset-v2,v2,extraction-v2,hybrid-v1,weak_serp,84.2105,,пластиковые окна Новосибирск,пластиковые окна,commercial,Новосибирск,65,https://bfk.ru/,bfk.ru,4,0,,,homepage,ok,,artifacts\query--eae2e0e5d5918005.json,33dff18136753b11f34b07e8326134657675ac31,211762,84.2105,7407.0,154299.0,1083.0,405.0,0.3739612188365651,5.7018,34.0,31.8529,58.0,1.0,4.0,1.0,6.0,1.0,77.0,1.0,169.0,0.0,0.0,0.0,18.0,1.0,1.0,0.333333,0.333333,3.0,0.333333,10.0,0.01662,1.0,140.0,39.0,93.0,0.0,8.0,58.0,7.25,18.6724,129.270545,36.01108,85.872576,0.0,0.048004,0.578255,1.0,1.0,7.735714,0.103448,0.578255,0.192752,0.192752,0.111111,0.4175,0.6,0.6,0.834483,0.554017,0.130107,0.578255,200.0,1.0,0.0,0.0,0.0,0.0,0.0,0.0,0.0,0.0,1.0,1.0,1.0,0.0,0.0,0.0,0.0,0.0,1.0,1.0,1.0,0.75,0.95,1.0,2.0,1.0,1.0,1.0,1.0,1.0,1.0,1.0,1.0,1.0,0.0,0.0,0.0,1.0,10.0,1.0,1.0,1.0,1.0,1.0,8.0,7.0,0.888889,0.777778,0.888889
dataset-v2,v2,extraction-v2,hybrid-v1,weak_serp,78.9474,,пластиковые окна Новосибирск,пластиковые окна,commercial,Новосибирск,65,https://novosibirsk.fabrikauyuta.ru/,novosibirsk.fabrikauyuta.ru,5,0,,,homepage,ok,,artifacts\query--3b9b719bb6005f72.json,334a22d92c52a5a62a6ef4539dfc6bf6ccc3107e,2091593,78.9474,81253.0,1699819.0,11596.0,2114.0,0.18230424284235944,5.8123,480.0,24.1583,22.0,1.0,26.0,5.0,32.0,1.0,80.0,1.0,181.0,0.0,0.0,0.0,231.0,3.0,2.0,0.666667,0.666667,9.0,0.666667,36.0,0.019921,1.0,794.0,1022.0,257.0,0.0,10.0,49.0,4.9,527.0909,68.471887,88.133839,22.162815,0.0,0.047801,0.62417,1.0,1.0,14.604534,1.454545,0.62417,0.416113,0.416113,0.444444,0.62417,0.8,0.545455,0.751724,0.664022,0.113789,0.62417,200.0,1.0,0.0,0.0,1.0,1.0,1.0,0.0,0.0,0.0,1.0,1.0,0.0,0.0,0.0,0.0,0.0,0.0,1.0,1.0,0.5,1.0,0.9,1.0,6.0,1.0,1.0,1.0,1.0,1.0,1.0,1.0,1.0,1.0,1.0,1.0,1.0,1.0,79.0,1.0,1.0,1.0,1.0,1.0,9.0,9.0,1.0,1.0,1.0
dataset-v2,v2,extraction-v2,hybrid-v1,weak_serp,73.6842,,пластиковые окна Новосибирск,пластиковые окна,commercial,Новосибирск,65,https://plastikovye-okna-nsk.ru/,plastikovye-okna-nsk.ru,6,0,,,homepage,ok,,artifacts\query--ff96490898ecf792.json,d09c0e546acebdc99e3a2748e515ed06737a36b5,363508,73.6842,25541.0,232270.0,3724.0,1149.0,0.3085392051557465,5.6643,297.0,12.5387,269.0,1.0,15.0,1.0,17.0,1.0,72.0,1.0,164.0,0.0,0.0,0.0,135.0,3.0,4.0,0.666667,1.0,7.0,0.666667,20.0,0.036251,1.0,178.0,203.0,31.0,15.0,6.0,77.0,12.833333,13.8439,47.798067,54.511278,8.324382,4.027927,0.109963,0.479024,1.0,1.0,20.921348,0.063197,0.479024,0.319349,0.319349,0.444444,0.479024,0.8,0.690909,0.868966,0.791622,0.147798,0.479024,200.0,1.0,0.0,0.0,1.0,1.0,1.0,0.0,0.0,0.0,1.0,1.0,1.0,0.0,0.0,0.0,0.0,0.0,1.0,1.0,1.0,1.0,1.0,1.0,10.0,1.0,1.0,1.0,1.0,1.0,1.0,1.0,1.0,1.0,1.0,1.0,1.0,1.0,19.0,1.0,1.0,1.0,1.0,1.0,9.0,9.0,1.0,1.0,1.0
dataset-v2,v2,extraction-v2,hybrid-v1,weak_serp,68.4211,,пластиковые окна Новосибирск,пластиковые окна,commercial,Новосибирск,65,https://oknasibirinsk.ru/,oknasibirinsk.ru,7,0,,,homepage,ok,,artifacts\query--365ce7f91938d5db.json,c3640b8a0f0105a6f108287ade8d459c9882a5a5,303246,68.4211,12091.0,239476.0,1914.0,934.0,0.48798328108672934,5.1693,122.0,15.6885,46.0,1.0,2.0,2.0,5.0,1.0,90.0,1.0,143.0,0.0,0.0,0.0,51.0,2.0,0.0,0.666667,0.0,2.0,0.666667,19.0,0.026646,1.0,123.0,70.0,47.0,19.0,3.0,57.0,19.0,41.6087,64.263323,36.572623,24.555904,9.926855,0.050489,0.637527,1.0,1.0,15.560976,0.108696,0.637527,0.425018,0.425018,0.444444,0.637527,0.8,0.363636,0.986207,0.888192,0.311103,0.637527,200.0,1.0,0.0,0.0,1.0,1.0,1.0,0.0,0.0,0.0,1.0,1.0,1.0,0.0,0.0,0.0,0.0,0.0,1.0,1.0,1.0,1.0,1.0,1.0,4.0,1.0,1.0,1.0,1.0,1.0,1.0,1.0,0.0,0.0,1.0,0.0,1.0,1.0,2.0,0.0,1.0,1.0,1.0,0.8,9.0,6.0,1.0,0.666667,0.822222
dataset-v2,v2,extraction-v2,hybrid-v1,weak_serp,63.1579,,пластиковые окна Новосибирск,пластиковые окна,commercial,Новосибирск,65,https://oknaveka.com/,oknaveka.com,8,0,,,homepage,ok,,artifacts\query--c1ddc2def2017fbe.json,465a7471b89fc1a5716645fd4efc92fc0408c9af,847586,63.1579,11318.0,780183.0,1632.0,772.0,0.4730392156862745,5.6317,124.0,13.1613,67.0,4.0,19.0,19.0,42.0,1.0,66.0,1.0,145.0,0.0,0.0,0.0,32.0,2.0,2.0,0.666667,0.666667,14.0,0.666667,9.0,0.019608,1.0,65.0,91.0,92.0,0.0,2.0,11.0,5.5,24.3582,39.828431,55.759804,56.372549,0.0,0.014507,0.510367,1.0,1.0,25.107692,0.626866,0.510367,0.340245,0.340245,0.444444,0.510367,0.8,0.8,1.0,0.653595,0.218891,0.510367,200.0,1.0,0.0,0.0,1.0,1.0,0.0,0.0,0.0,0.0,1.0,1.0,0.0,0.0,0.0,0.0,0.0,0.0,1.0,1.0,0.5,1.0,0.9,1.0,6.0,1.0,1.0,1.0,1.0,1.0,1.0,1.0,1.0,1.0,1.0,0.0,1.0,1.0,2.0,1.0,1.0,1.0,1.0,1.0,9.0,8.0,1.0,0.888889,0.962963
dataset-v2,v2,extraction-v2,hybrid-v1,weak_serp,57.8947,,пластиковые окна Новосибирск,пластиковые окна,commercial,Новосибирск,65,https://orgzz.ru/novosibirsk/plastikovye_okna/district/centralnyy,orgzz.ru,9,0,,,content,ok,,artifacts\query--4d5f8489b1c2ec8e.json,a5f8ff5c68c33d173c0bd4dd7bdfcb9afa35cbdb,270733,57.8947,3799.0,249311.0,637.0,222.0,0.34850863422291994,4.7159,54.0,11.7963,1.0,1.0,0.0,0.0,1.0,1.0,77.0,1.0,117.0,0.0,0.0,0.0,18.0,3.0,3.0,1.0,1.0,2.0,0.666667,9.0,0.028257,1.0,41.0,0.0,96.0,0.0,1.0,1.0,1.0,637.0,64.364207,0.0,150.706436,0.0,0.015238,0.653624,1.0,0.75,15.536585,1.0,0.653624,0.653624,0.435749,0.666667,0.277572,0.916667,0.6,0.806897,0.941915,0.080614,0.490218,200.0,1.0,0.0,0.0,1.0,1.0,0.0,0.0,0.0,0.0,1.0,1.0,1.0,0.0,0.0,4.0,0.0,0.0,1.0,0.6,1.0,1.0,0.92,0.0,0.0,0.0,1.0,1.0,0.0,1.0,0.0,1.0,0.0,0.0,0.0,0.0,0.0,1.0,1.0,0.0,1.0,1.0,1.0,0.4,5.0,4.0,0.555556,0.444444,0.466667
dataset-v2,v2,extraction-v2,hybrid-v1,weak_serp,52.6316,,пластиковые окна Новосибирск,пластиковые окна,commercial,Новосибирск,65,https://oknasiber.ru/,oknasiber.ru,10,0,,,homepage,ok,,artifacts\query--bf0e9af0a57502ad.json,56709d59d9e54e65aa972f7295457310cd211463,477491,52.6316,9104.0,422228.0,1284.0,594.0,0.46261682242990654,5.8808,76.0,16.8947,94.0,2.0,12.0,12.0,26.0,1.0,31.0,1.0,84.0,0.0,0.0,0.0,21.0,2.0,0.0,0.666667,0.0,2.0,0.666667,8.0,0.016355,1.0,56.0,84.0,16.0,69.0,11.0,32.0,2.909091,13.6596,43.613707,65.420561,12.461059,53.738318,0.021562,0.457008,1.0,1.0,22.928571,0.276596,0.457008,0.304672,0.304672,0.444444,0.391199,0.8,0.563636,0.57931,0.545171,0.150813,0.457008,200.0,1.0,0.0,0.0,0.0,0.0,0.0,0.0,0.0,0.0,1.0,1.0,0.0,0.0,0.0,0.0,0.0,0.0,1.0,1.0,0.5,0.75,0.85,1.0,3.0,1.0,1.0,0.0,1.0,1.0,1.0,1.0,1.0,1.0,1.0,0.0,0.0,1.0,16.0,1.0,1.0,1.0,1.0,0.8,7.0,7.0,0.777778,0.777778,0.785185
dataset-v2,v2,extraction-v2,hybrid-v1,weak_serp,100.0,,пластиковые окна Казань,пластиковые окна,commercial,Казань,43,https://plastikovye-okna-kazan.ru/,plastikovye-okna-kazan.ru,1,0,,,homepage,ok,,artifacts\query--a19ea3e7094cc0bc.json,c1c5c6977feb660a35bd01b3c3064d1827965757,622660,100.0,35255.0,452248.0,5080.0,1454.0,0.2862204724409449,5.7409,391.0,12.9923,301.0,1.0,18.0,1.0,20.0,1.0,66.0,1.0,153.0,0.0,0.0,0.0,179.0,3.0,4.0,0.666667,1.0,7.0,0.666667,21.0,0.035236,1.0,199.0,216.0,29.0,16.0,7.0,100.0,14.285714,16.8771,39.173228,42.519685,5.708661,3.149606,0.077955,0.528723,1.0,1.0,25.527638,0.066445,0.528723,0.352482,0.352482,0.444444,0.528723,0.8,0.8,0.944828,0.825459,0.151331,0.528723,200.0,1.0,0.0,0.0,1.0,1.0,1.0,0.0,0.0,0.0,1.0,1.0,1.0,0.0,0.0,0.0,0.0,0.0,1.0,1.0,1.0,1.0,1.0,1.0,7.0,1.0,1.0,1.0,1.0,1.0,1.0,1.0,1.0,1.0,1.0,1.0,1.0,1.0,19.0,1.0,1.0,1.0,1.0,1.0,9.0,9.0,1.0,1.0,1.0
dataset-v2,v2,extraction-v2,hybrid-v1,weak_serp,94.7368,,пластиковые окна Казань,пластиковые окна,commercial,Казань,43,https://vottakieokna.ru/,vottakieokna.ru,2,0,,,homepage,ok,,artifacts\query--af750289aa0ad965.json,b090b35dfe7cc0a18f574a2305cb24f1e159eaf8,202549,94.7368,4262.0,167785.0,559.0,308.0,0.5509838998211091,6.4973,36.0,15.5278,8.0,1.0,10.0,2.0,13.0,1.0,70.0,1.0,189.0,0.0,0.0,0.0,26.0,3.0,4.0,0.666667,0.666667,1.0,0.333333,19.0,0.046512,1.0,121.0,54.0,88.0,0.0,4.0,15.0,3.75,69.875,216.457961,96.601073,157.423971,0.0,0.025402,0.624708,1.0,1.0,4.619835,1.625,0.624708,0.416472,0.208236,0.222222,0.232808,0.716667,0.727273,0.696552,0.449612,0.106894,0.624708,200.0,1.0,0.0,0.0,1.0,1.0,0.0,0.0,0.0,0.0,1.0,1.0,0.0,0.0,0.0,0.0,0.0,0.0,1.0,1.0,0.5,1.0,0.9,1.0,4.0,1.0,1.0,1.0,0.0,1.0,1.0,1.0,1.0,1.0,1.0,0.0,0.0,1.0,5.0,1.0,1.0,1.0,1.0,1.0,7.0,8.0,0.777778,0.888889,0.888889
dataset-v2,v2,extraction-v2,hybrid-v1,weak_serp,89.4737,,пластиковые окна Казань,пластиковые окна,commercial,Казань,43,https://oknaxxi-kazan.ru/,oknaxxi-kazan.ru,3,0,,,homepage,ok,,artifacts\query--cd82bbd0e06623b1.json,c6212730466b707f9e38330c012f2c0fa6866a1b,356738,89.4737,2509.0,329924.0,389.0,212.0,0.5449871465295629,5.3008,21.0,18.5238,2.0,0.0,6.0,1.0,7.0,1.0,40.0,1.0,161.0,1.0,1.0,1.0,26.0,3.0,2.0,1.0,0.666667,3.0,0.333333,19.0,0.066838,1.0,84.0,68.0,44.0,3.0,2.0,8.0,4.0,194.5,215.938303,174.807198,113.11054,7.712082,0.007605,0.4099,1.0,1.0,4.630952,3.5,0.4099,0.4099,0.136633,0.333333,0.106301,0.833333,0.727273,0.889655,0.0,0.048277,0.4099,200.0,1.0,0.0,0.0,0.0,0.0,0.0,0.0,0.0,0.0,1.0,1.0,1.0,0.0,0.0,0.0,0.0,0.0,1.0,1.0,1.0,0.75,0.95,1.0,6.0,0.0,1.0,1.0,0.0,1.0,0.0,1.0,1.0,0.0,1.0,0.0,1.0,1.0,1.0,0.0,1.0,1.0,1.0,0.6,7.0,6.0,0.777778,0.666667,0.681481
dataset-v2,v2,extraction-v2,hybrid-v1,weak_serp,84.2105,,пластиковые окна Казань,пластиковые окна,commercial,Казань,43,https://kazan-ihlas.ru/,kazan-ihlas.ru,4,0,,,homepage,ok,,artifacts\query--3b0dbf0343e07021.json,df90361276b69deda1c4197c767e51c5eedbb3dd,167765,84.2105,10919.0,89539.0,1540.0,724.0,0.4701298701298701,5.7831,123.0,12.5203,30.0,1.0,9.0,17.0,27.0,1.0,68.0,1.0,244.0,1.0,1.0,1.0,101.0,5.0,3.0,1.0,0.666667,16.0,1.0,20.0,0.065584,1.0,154.0,79.0,230.0,25.0,1.0,2.0,2.0,51.3333,100.0,51.298701,149.350649,16.233766,0.121947,0.606602,1.0,1.0,10.0,0.9,0.606602,0.606602,0.606602,1.0,0.606602,1.0,0.763636,0.317241,0.0,0.243989,0.606602,200.0,1.0,0.0,0.0,1.0,1.0,1.0,0.0,0.0,0.0,1.0,1.0,1.0,0.0,0.0,0.0,0.0,0.0,1.0,1.0,1.0,1.0,1.0,1.0,4.0,1.0,1.0,1.0,0.0,1.0,1.0,1.0,1.0,1.0,1.0,1.0,1.0,1.0,17.0,1.0,1.0,1.0,1.0,1.0,8.0,9.0,0.888889,1.0,0.962963
dataset-v2,v2,extraction-v2,hybrid-v1,weak_serp,78.9474,,пластиковые окна Казань,пластиковые окна,commercial,Казань,43,https://oknamoll.ru/,oknamoll.ru,5,0,,,homepage,ok,,artifacts\query--ad39b940f6deee83.json,61c74f7d9425c59fb41698cada1dae4951a6f7ef,907823,78.9474,10573.0,838304.0,1481.0,580.0,0.3916272788656313,5.8724,49.0,30.2245,36.0,1.0,10.0,26.0,37.0,1.0,55.0,1.0,69.0,0.0,0.0,0.0,31.0,2.0,0.0,0.666667,0.0,10.0,0.666667,6.0,0.020932,1.0,61.0,11.0,105.0,5.0,10.0,79.0,7.9,41.1389,41.188386,7.427414,70.898042,3.376097,0.012612,0.643845,1.0,1.0,24.278689,1.027778,0.643845,0.42923,0.42923,0.444444,0.63569,0.8,1.0,0.475862,0.697727,0.207461,0.643845,200.0,1.0,0.0,0.0,1.0,0.0,0.0,0.0,0.0,0.0,1.0,1.0,0.0,0.0,0.0,0.0,0.0,0.0,1.0,1.0,0.5,0.0,0.7,1.0,9.0,1.0,1.0,1.0,1.0,1.0,1.0,0.0,1.0,1.0,1.0,0.0,1.0,1.0,10.0,1.0,1.0,1.0,1.0,1.0,8.0,8.0,0.888889,0.888889,0.925926
dataset-v2,v2,extraction-v2,hybrid-v1,weak_serp,73.6842,,пластиковые окна Казань,пластиковые окна,commercial,Казань,43,https://www.okna-rubin.ru/,okna-rubin.ru,6,0,,,homepage,ok,,artifacts\query--17d7c2d1007bd35e.json,9de96652ee8f93e8743ade64d18c8073ac61adb2,296241,73.6842,10394.0,221242.0,1432.0,758.0,0.5293296089385475,6.0796,88.0,16.2727,30.0,1.0,5.0,7.0,13.0,1.0,62.0,1.0,141.0,1.0,1.0,1.0,50.0,3.0,2.0,1.0,0.666667,6.0,0.666667,12.0,0.034916,1.0,149.0,47.0,51.0,0.0,6.0,53.0,8.833333,47.7333,104.050279,32.821229,35.614525,0.0,0.04698,0.305424,1.0,1.0,9.610738,0.433333,0.305424,0.305424,0.203616,0.666667,0.291578,0.916667,0.872727,0.972414,0.836127,0.128617,0.305424,200.0,1.0,0.0,0.0,1.0,1.0,1.0,0.0,0.0,0.0,1.0,1.0,1.0,0.0,0.0,0.0,0.0,0.0,1.0,1.0,1.0,1.0,1.0,1.0,4.0,0.0,1.0,1.0,1.0,1.0,1.0,1.0,1.0,0.0,1.0,0.0,0.0,1.0,14.0,1.0,1.0,1.0,1.0,0.8,8.0,6.0,0.888889,0.666667,0.785185
dataset-v2,v2,extraction-v2,hybrid-v1,weak_serp,68.4211,,пластиковые окна Казань,пластиковые окна,commercial,Казань,43,https://kazan.zavodplast-eco.ru/,kazan.zavodplast-eco.ru,7,0,,,homepage,ok,,artifacts\query--70fd137d16d0abce.json,b6caffb2c9e579f43935fc0f4ba458585b729add,538329,68.4211,16857.0,406489.0,2420.0,891.0,0.36818181818181817,5.7665,154.0,15.7143,144.0,1.0,17.0,3.0,21.0,1.0,49.0,1.0,232.0,0.0,0.0,0.0,105.0,2.0,3.0,0.666667,0.666667,11.0,0.666667,26.0,0.043388,1.0,187.0,217.0,263.0,13.0,10.0,85.0,8.5,16.8056,77.272727,89.669421,108.677686,5.371901,0.04147,0.46756,1.0,1.0,12.941176,0.145833,0.46756,0.311707,0.311707,0.444444,0.46756,0.8,0.890909,0.4,0.553719,0.172147,0.46756,200.0,1.0,0.0,0.0,1.0,1.0,1.0,0.0,0.0,0.0,1.0,1.0,1.0,0.0,0.0,0.0,0.0,0.0,1.0,1.0,1.0,1.0,1.0,1.0,2.0,1.0,1.0,1.0,1.0,1.0,1.0,1.0,1.0,1.0,1.0,0.0,1.0,1.0,13.0,1.0,1.0,1.0,1.0,1.0,9.0,8.0,1.0,0.888889,0.962963
dataset-v2,v2,extraction-v2,hybrid-v1,weak_serp,63.1579,,пластиковые окна Казань,пластиковые окна,commercial,Казань,43,https://oknamall.ru/,oknamall.ru,8,0,,,homepage,ok,,artifacts\query--4e156cbd7756b56b.json,fca8fc6c06e38c95297e08b0443bec27fed38914,736195,63.1579,15263.0,667505.0,2103.0,987.0,0.4693295292439372,5.9396,125.0,16.824,24.0,0.0,0.0,0.0,0.0,1.0,65.0,1.0,242.0,0.0,0.0,0.0,45.0,3.0,3.0,0.666667,0.666667,0.0,0.0,3.0,0.021398,1.0,54.0,13.0,57.0,12.0,5.0,39.0,7.8,87.625,25.677603,6.181645,27.104137,5.706134,0.022866,0.573359,1.0,1.0,38.944444,0.0,0.573359,0.382239,0.0,0.0,0.573359,0.633333,0.818182,0.331034,0.713267,0.269094,0.573359,200.0,1.0,0.0,0.0,1.0,0.0,0.0,0.0,0.0,0.0,1.0,1.0,0.0,0.0,0.0,0.0,0.0,0.0,1.0,1.0,0.5,0.0,0.7,1.0,11.0,0.0,1.0,0.0,0.0,1.0,1.0,1.0,1.0,1.0,1.0,0.0,0.0,1.0,8.0,1.0,1.0,1.0,1.0,0.6,6.0,6.0,0.666667,0.666667,0.644444
dataset-v2,v2,extraction-v2,hybrid-v1,weak_serp,57.8947,,пластиковые окна Казань,пластиковые окна,commercial,Казань,43,https://oknakazan.com/,oknakazan.com,9,0,,,homepage,ok,,artifacts\query--e6ec5ff529477387.json,420c8d442ebded3c3654b2f3bd4409d84b541236,1222318,57.8947,10336.0,1149094.0,1441.0,634.0,0.4399722414989591,5.6211,70.0,20.5857,102.0,1.0,3.0,5.0,9.0,1.0,63.0,1.0,132.0,0.0,0.0,0.0,8.0,2.0,0.0,0.666667,0.0,0.0,0.0,2.0,0.005552,1.0,64.0,29.0,58.0,0.0,11.0,100.0,9.090909,14.1275,44.413602,20.124913,40.249827,0.0,0.008995,0.147926,0.666667,1.0,22.515625,0.088235,0.147926,0.098617,0.0,0.0,0.142108,0.55,0.854545,0.910345,0.185057,0.052103,0.147926,200.0,1.0,0.0,0.0,1.0,1.0,0.0,0.0,0.0,0.0,1.0,1.0,0.0,0.0,0.0,0.0,0.0,0.0,1.0,1.0,0.5,1.0,0.9,1.0,41.0,0.0,1.0,0.0,1.0,1.0,0.0,0.0,1.0,1.0,1.0,0.0,0.0,1.0,11.0,1.0,1.0,1.0,1.0,0.6,5.0,6.0,0.555556,0.666667,0.607407
dataset-v2,v2,extraction-v2,hybrid-v1,weak_serp,52.6316,,пластиковые окна Казань,пластиковые окна,commercial,Казань,43,https://kazanskiye-okna.ru/,kazanskiye-okna.ru,10,0,,,homepage,ok,,artifacts\query--95084e511a416582.json,c6647c56a32feb6146572f9e53d73f847e6375a7,360745,52.6316,6695.0,325982.0,990.0,488.0,0.49292929292929294,5.5465,88.0,11.25,59.0,0.0,0.0,0.0,0.0,1.0,95.0,1.0,108.0,0.0,0.0,0.0,39.0,2.0,0.0,0.666667,0.0,0.0,0.0,12.0,0.039394,0.666667,32.0,2.0,88.0,55.0,3.0,47.0,15.666667,16.7797,32.323232,2.020202,88.888889,55.555556,0.020538,0.447976,1.0,1.0,30.9375,0.0,0.298651,0.298651,0.0,0.0,0.295664,0.583333,0.272727,0.744828,0.457912,0.121451,0.447976,200.0,1.0,0.0,0.0,1.0,1.0,0.0,0.0,0.0,0.0,1.0,1.0,0.0,0.0,0.0,0.0,0.0,0.0,1.0,1.0,0.5,1.0,0.9,1.0,2.0,0.0,1.0,0.0,0.0,1.0,1.0,0.0,1.0,1.0,1.0,0.0,0.0,1.0,9.0,1.0,1.0,1.0,1.0,0.6,5.0,6.0,0.555556,0.666667,0.607407
dataset-v2,v2,extraction-v2,hybrid-v1,weak_serp,100.0,,пластиковые окна Краснодар,пластиковые окна,commercial,Краснодар,35,https://okna-zavod-krasnodar.ru/,okna-zavod-krasnodar.ru,1,0,,,homepage,ok,,artifacts\query--2ed87489dcda3984.json,a09df32225352ae2d48c3bbc1f862d9ca9ef0f69,274684,100.0,6774.0,236362.0,946.0,548.0,0.5792811839323467,6.0074,28.0,33.7857,101.0,1.0,8.0,0.0,9.0,1.0,73.0,1.0,176.0,0.0,0.0,0.0,32.0,3.0,3.0,0.666667,1.0,6.0,0.666667,17.0,0.033827,1.0,65.0,26.0,35.0,0.0,1.0,8.0,8.0,9.3663,68.710359,27.484144,36.997886,0.0,0.028659,0.657172,1.0,1.0,14.553846,0.089109,0.657172,0.438115,0.438115,0.444444,0.414456,0.8,0.672727,0.786207,0.872445,0.200072,0.657172,200.0,1.0,0.0,0.0,1.0,1.0,0.0,0.0,0.0,0.0,1.0,1.0,0.0,0.0,0.0,0.0,0.0,0.0,1.0,1.0,0.5,1.0,0.9,1.0,3.0,1.0,1.0,1.0,1.0,1.0,1.0,1.0,1.0,0.0,0.0,1.0,0.0,1.0,10.0,1.0,1.0,1.0,1.0,1.0,8.0,7.0,0.888889,0.777778,0.888889
dataset-v2,v2,extraction-v2,hybrid-v1,weak_serp,94.7368,,пластиковые окна Краснодар,пластиковые окна,commercial,Краснодар,35,https://markakachestva.ru/amenities/6129-luchshie-firmy-plastikovyh-okon-krasnodara-rejting.html,markakachestva.ru,2,0,,,content,ok,,artifacts\query--a8579e76274556bd.json,035205c50e8fd20d0d18570c31f7de8aa8c5f249,507174,94.7368,21044.0,418921.0,2920.0,1181.0,0.40445205479452057,5.9908,236.0,12.3729,53.0,1.0,10.0,0.0,11.0,1.0,57.0,1.0,197.0,0.0,0.0,0.0,73.0,0.0,1.0,0.0,0.333333,3.0,0.333333,9.0,0.025,1.0,139.0,131.0,174.0,30.0,3.0,21.0,7.0,55.0943,47.60274,44.863014,59.589041,10.273973,0.050234,0.46261,1.0,1.0,21.007194,0.207547,0.46261,0.0,0.154203,0.0,0.46261,0.483333,0.963636,0.641379,0.833333,0.187104,0.46261,200.0,1.0,0.0,0.0,1.0,1.0,0.0,0.0,0.0,0.0,1.0,1.0,1.0,0.0,0.0,2.0,0.0,0.0,1.0,0.8,1.0,1.0,0.96,1.0,10.0,0.0,1.0,1.0,1.0,1.0,1.0,0.0,1.0,1.0,1.0,1.0,0.0,1.0,1.0,1.0,1.0,1.0,1.0,0.8,7.0,8.0,0.777778,0.888889,0.822222
dataset-v2,v2,extraction-v2,hybrid-v1,weak_serp,89.4737,,пластиковые окна Краснодар,пластиковые окна,commercial,Краснодар,35,https://krasnodar.vekaregion.ru/,krasnodar.vekaregion.ru,3,0,,,homepage,ok,,artifacts\query--61238b9edebd7b20.json,cf1861dfab1b6ff0e02fb8c00c8fa469f0acd893,1030778,89.4737,34510.0,894752.0,5055.0,803.0,0.15885262116716123,5.6022,363.0,13.9256,13.0,1.0,23.0,0.0,24.0,1.0,66.0,1.0,196.0,0.0,0.0,0.0,44.0,3.0,2.0,1.0,0.666667,8.0,0.666667,8.0,0.008704,1.0,120.0,36.0,224.0,67.0,17.0,180.0,10.588235,388.8462,23.738872,7.121662,44.312562,13.254204,0.038569,0.363538,1.0,1.0,42.125,1.846154,0.363538,0.363538,0.242359,0.666667,0.363538,0.916667,0.8,0.648276,0.290142,0.057749,0.363538,200.0,1.0,0.0,0.0,1.0,1.0,0.0,0.0,0.0,0.0,1.0,1.0,0.0,0.0,0.0,0.0,0.0,0.0,1.0,1.0,0.5,1.0,0.9,1.0,2.0,1.0,1.0,1.0,1.0,1.0,1.0,0.0,1.0,1.0,1.0,1.0,0.0,1.0,17.0,1.0,1.0,1.0,1.0,1.0,7.0,9.0,0.777778,1.0,0.925926
dataset-v2,v2,extraction-v2,hybrid-v1,weak_serp,84.2105,,пластиковые окна Краснодар,пластиковые окна,commercial,Краснодар,35,https://okna-pvh-krasnodar.ru/,okna-pvh-krasnodar.ru,4,0,,,homepage,ok,,artifacts\query--20e3b6b02491243b.json,67445d5696dc84c8df6da57a613bf655bbf03486,320574,84.2105,10920.0,248413.0,1601.0,648.0,0.4047470331043098,5.4428,151.0,10.6026,60.0,1.0,8.0,33.0,42.0,1.0,36.0,1.0,153.0,0.0,0.0,0.0,52.0,2.0,0.0,0.666667,0.0,7.0,0.666667,20.0,0.03248,1.0,76.0,45.0,62.0,13.0,1.0,6.0,6.0,26.6833,47.470331,28.107433,38.725796,8.119925,0.043959,0.305543,1.0,1.0,21.065789,0.7,0.305543,0.203695,0.203695,0.444444,0.305543,0.8,0.654545,0.944828,0.917343,0.109995,0.305543,200.0,1.0,0.0,0.0,1.0,1.0,1.0,0.0,0.0,0.0,1.0,1.0,1.0,0.0,0.0,0.0,0.0,0.0,1.0,1.0,1.0,1.0,1.0,1.0,3.0,1.0,1.0,1.0,1.0,1.0,0.0,1.0,1.0,1.0,1.0,0.0,0.0,1.0,14.0,1.0,1.0,1.0,1.0,1.0,7.0,8.0,0.777778,0.888889,0.888889
dataset-v2,v2,extraction-v2,hybrid-v1,weak_serp,78.9474,,пластиковые окна Краснодар,пластиковые окна,commercial,Краснодар,35,https://vekazavod.ru/,vekazavod.ru,5,0,,,homepage,ok,,artifacts\query--98069b28430cc219.json,c237f412e80b4f51a0dc53c2d6ab71ddbdea841a,343135,78.9474,15164.0,267362.0,2106.0,759.0,0.3603988603988604,6.0237,102.0,20.6471,62.0,2.0,11.0,0.0,13.0,1.0,75.0,1.0,161.0,0.0,0.0,0.0,41.0,2.0,2.0,0.666667,0.666667,1.0,0.333333,23.0,0.019468,1.0,170.0,98.0,110.0,2.0,11.0,57.0,5.181818,33.9677,80.721747,46.533713,52.231719,0.949668,0.056717,0.568753,1.0,1.0,12.388235,0.209677,0.568753,0.379169,0.189584,0.222222,0.568753,0.716667,0.636364,0.889655,0.64894,0.204978,0.568753,200.0,1.0,0.0,0.0,0.0,0.0,1.0,0.0,0.0,0.0,1.0,1.0,1.0,0.0,0.0,0.0,0.0,0.0,1.0,1.0,1.0,0.75,0.95,1.0,12.0,1.0,0.0,1.0,1.0,1.0,1.0,1.0,1.0,1.0,1.0,0.0,1.0,1.0,8.0,1.0,1.0,1.0,1.0,0.8,8.0,7.0,0.888889,0.777778,0.822222
dataset-v2,v2,extraction-v2,hybrid-v1,weak_serp,73.6842,,пластиковые окна Краснодар,пластиковые окна,commercial,Краснодар,35,https://krasnodar.delaem-okna.ru/,krasnodar.delaem-okna.ru,6,0,,,homepage,ok,,artifacts\query--dbae58bcf5d925ef.json,ec45f383c786f8d437a22df4baa6d97240914388,831798,73.6842,19999.0,700078.0,2749.0,1005.0,0.3655874863586759,6.1448,151.0,18.2053,71.0,1.0,19.0,2.0,22.0,1.0,84.0,1.0,298.0,0.0,0.0,0.0,191.0,2.0,5.0,0.666667,0.666667,6.0,0.666667,51.0,0.06948,1.0,301.0,135.0,84.0,7.0,2.0,16.0,8.0,38.7183,109.494362,49.108767,30.556566,2.546381,0.028567,0.622744,1.0,1.0,9.13289,0.309859,0.622744,0.415163,0.415163,0.444444,0.622744,0.8,0.472727,0.0,0.0,0.227667,0.622744,200.0,1.0,0.0,0.0,1.0,1.0,0.0,0.0,0.0,0.0,1.0,1.0,1.0,0.0,0.0,0.0,0.0,0.0,1.0,1.0,1.0,1.0,1.0,1.0,1.0,1.0,1.0,1.0,1.0,1.0,1.0,1.0,1.0,1.0,0.0,1.0,1.0,1.0,37.0,1.0,1.0,1.0,1.0,1.0,9.0,8.0,1.0,0.888889,0.962963
dataset-v2,v2,extraction-v2,hybrid-v1,weak_serp,68.4211,,пластиковые окна Краснодар,пластиковые окна,commercial,Краснодар,35,https://krasnodar.oknatrade.ru/catalog/plastikovye-okna/,krasnodar.oknatrade.ru,7,0,,,product,ok,,artifacts\query--13daba3cce550204.json,f13995cd769d0aee15a0084beb16115ca9460817,1525759,68.4211,27777.0,1296192.0,4326.0,964.0,0.22283865002311604,5.2321,154.0,28.0909,354.0,1.0,5.0,1.0,7.0,1.0,62.0,1.0,131.0,0.0,0.0,0.0,110.0,2.0,2.0,0.666667,0.666667,2.0,0.666667,33.0,0.025428,1.0,458.0,101.0,468.0,30.0,3.0,157.0,52.333333,12.2203,105.871475,23.347203,108.183079,6.934813,0.02143,0.398303,1.0,1.0,9.445415,0.019774,0.398303,0.265535,0.265535,0.444444,0.398303,0.8,0.872727,0.903448,0.847588,0.088757,0.398303,200.0,1.0,0.0,0.0,0.0,0.0,0.0,0.0,0.0,0.0,1.0,1.0,1.0,0.0,0.0,2.0,0.0,0.0,1.0,0.8,1.0,0.75,0.91,1.0,19.0,1.0,1.0,1.0,1.0,1.0,1.0,1.0,1.0,1.0,1.0,1.0,0.0,1.0,13.0,1.0,1.0,1.0,1.0,1.0,8.0,9.0,0.888889,1.0,0.962963
dataset-v2,v2,extraction-v2,hybrid-v1,weak_serp,63.1579,,пластиковые окна Краснодар,пластиковые окна,commercial,Краснодар,35,https://okna-193.ru/,okna-193.ru,8,0,,,homepage,ok,,artifacts\query--6d538df4a6c6c587.json,0049340a5282436de2bf106d4c8d5900c06c464c,841219,63.1579,13679.0,762290.0,1862.0,893.0,0.47959183673469385,6.1579,123.0,15.1382,15.0,1.0,1.0,6.0,8.0,1.0,71.0,1.0,226.0,0.0,1.0,1.0,74.0,3.0,3.0,0.666667,0.666667,3.0,0.666667,17.0,0.039742,1.0,120.0,113.0,71.0,55.0,9.0,63.0,7.0,124.1333,64.446831,60.687433,38.131042,29.538131,0.017945,0.535683,1.0,1.0,15.516667,0.533333,0.535683,0.357122,0.357122,0.444444,0.535683,0.8,0.709091,0.441379,0.67526,0.256909,0.535683,200.0,1.0,0.0,0.0,0.0,0.0,0.0,0.0,0.0,0.0,1.0,1.0,0.0,0.0,0.0,0.0,0.0,0.0,1.0,1.0,0.5,0.75,0.85,1.0,1.0,1.0,1.0,1.0,1.0,1.0,1.0,0.0,1.0,0.0,1.0,0.0,1.0,1.0,18.0,0.0,1.0,1.0,1.0,0.8,8.0,7.0,0.888889,0.777778,0.822222
dataset-v2,v2,extraction-v2,hybrid-v1,weak_serp,57.8947,,пластиковые окна Краснодар,пластиковые окна,commercial,Краснодар,35,https://1oknozavod.ru/,1oknozavod.ru,9,0,,,homepage,ok,,artifacts\query--a3c2dbf95a00f9fc.json,c10dde545f8341e4565d5a506b683a93cb09db60,795705,57.8947,29826.0,697524.0,3812.0,1338.0,0.35099685204617,6.6367,336.0,11.3452,135.0,1.0,0.0,0.0,1.0,1.0,86.0,1.0,148.0,0.0,0.0,0.0,32.0,3.0,3.0,0.666667,0.666667,0.0,0.0,21.0,0.008395,1.0,110.0,34.0,159.0,43.0,5.0,25.0,5.0,28.237,28.856243,8.919203,41.710388,11.280168,0.04276,0.663258,1.0,1.0,34.654545,0.007407,0.663258,0.442172,0.0,0.0,0.663258,0.633333,0.436364,0.97931,0.279818,0.232801,0.663258,200.0,1.0,0.0,0.0,0.0,0.0,0.0,0.0,0.0,0.0,1.0,1.0,1.0,0.0,0.0,0.0,0.0,0.0,1.0,1.0,1.0,0.75,0.95,1.0,2.0,0.0,1.0,1.0,1.0,1.0,1.0,1.0,1.0,1.0,0.0,0.0,1.0,1.0,9.0,0.0,1.0,1.0,1.0,0.6,9.0,6.0,1.0,0.666667,0.755556
dataset-v2,v2,extraction-v2,hybrid-v1,weak_serp,52.6316,,пластиковые окна Краснодар,пластиковые окна,commercial,Краснодар,35,https://gornica-okna.ru/,gornica-okna.ru,10,0,,,homepage,ok,,artifacts\query--7450168d456364df.json,1a30424b8b58d13e469da99fb067803b6f1ccd10,396759,52.6316,14386.0,299130.0,1966.0,736.0,0.3743641912512716,6.1297,130.0,15.1231,181.0,1.0,10.0,0.0,11.0,1.0,92.0,1.0,192.0,0.0,0.0,0.0,43.0,3.0,2.0,0.666667,0.666667,3.0,0.666667,16.0,0.021872,1.0,270.0,242.0,88.0,1.0,2.0,31.0,15.5,10.8619,137.33469,123.092574,44.760936,0.508647,0.048093,0.349735,1.0,1.0,7.281481,0.060773,0.349735,0.233157,0.233157,0.444444,0.349735,0.8,0.327273,0.675862,0.729061,0.130928,0.349735,200.0,1.0,0.0,0.0,1.0,1.0,0.0,0.0,0.0,0.0,1.0,1.0,1.0,0.0,0.0,0.0,0.0,0.0,1.0,1.0,1.0,1.0,1.0,1.0,4.0,1.0,1.0,1.0,1.0,1.0,0.0,0.0,1.0,1.0,1.0,1.0,0.0,1.0,1.0,1.0,1.0,1.0,1.0,1.0,6.0,9.0,0.666667,1.0,0.888889
dataset-v2,v2,extraction-v2,hybrid-v1,weak_serp,100.0,,пластиковые окна Самара,пластиковые окна,commercial,Самара,51,https://okna-sok.ru/,okna-sok.ru,1,0,,,homepage,ok,,artifacts\query--833e7c475d7c83d8.json,7b607d54c4b6bbf9431e6a8cc7561be77bba7b38,428845,100.0,26404.0,309609.0,3818.0,1244.0,0.3258250392875851,5.7352,260.0,14.6846,46.0,1.0,24.0,10.0,35.0,1.0,74.0,1.0,160.0,0.0,0.0,0.0,91.0,3.0,2.0,0.666667,0.666667,13.0,1.0,15.0,0.023834,1.0,182.0,101.0,116.0,16.0,4.0,30.0,7.5,83.0,47.668937,26.453641,30.382399,4.190676,0.085282,0.74223,1.0,1.0,20.978022,0.76087,0.74223,0.49482,0.74223,0.666667,0.74223,0.883333,0.654545,0.896552,0.794482,0.241837,0.74223,200.0,1.0,0.0,0.0,1.0,1.0,0.0,0.0,0.0,0.0,1.0,1.0,1.0,0.0,0.0,0.0,0.0,0.0,1.0,1.0,1.0,1.0,1.0,1.0,10.0,0.0,1.0,1.0,1.0,1.0,1.0,1.0,1.0,1.0,1.0,0.0,1.0,1.0,21.0,0.0,1.0,1.0,1.0,0.6,9.0,7.0,1.0,0.777778,0.792593
dataset-v2,v2,extraction-v2,hybrid-v1,weak_serp,94.7368,,пластиковые окна Самара,пластиковые окна,commercial,Самара,51,https://oknasravni.ru/samara,oknasravni.ru,2,0,,,content,ok,,artifacts\query--14624b497cde1fcc.json,e4ad9772ba630922246520ca9689802015b546e1,241900,94.7368,13838.0,178028.0,2122.0,795.0,0.37464655984919887,5.2714,168.0,12.631,3.0,1.0,8.0,2.0,11.0,1.0,65.0,1.0,151.0,0.0,0.0,0.0,118.0,1.0,3.0,0.333333,0.666667,8.0,0.666667,43.0,0.055608,1.0,125.0,291.0,30.0,0.0,0.0,2.0,0.0,707.3333,58.906692,137.134779,14.137606,0.0,0.077729,0.738989,1.0,0.75,16.976,3.666667,0.738989,0.24633,0.492659,0.222222,0.738989,0.683333,0.818182,0.958621,0.146403,0.27686,0.554242,200.0,1.0,0.0,0.0,1.0,1.0,0.0,0.0,0.0,0.0,1.0,1.0,1.0,0.0,0.0,1.0,0.0,0.0,1.0,0.9,1.0,1.0,0.98,0.0,0.0,0.0,1.0,1.0,1.0,1.0,0.0,0.0,0.0,1.0,1.0,1.0,0.0,1.0,1.0,0.0,1.0,0.0,0.0,0.4,5.0,5.0,0.555556,0.555556,0.503704
dataset-v2,v2,extraction-v2,hybrid-v1,weak_serp,89.4737,,пластиковые окна Самара,пластиковые окна,commercial,Самара,51,https://oknazavr.ru/samara/plastikovye-okna/,oknazavr.ru,3,0,,,content,ok,,artifacts\query--a15bb6fe813ae832.json,22e499e38e1114a265c0c0caacaf07c397f286e0,793372,89.4737,13065.0,688382.0,1969.0,743.0,0.3773489080751651,5.353,135.0,14.5852,285.0,1.0,11.0,10.0,22.0,1.0,82.0,1.0,158.0,0.0,0.0,0.0,104.0,4.0,0.0,0.666667,0.0,7.0,1.0,22.0,0.052819,1.0,352.0,232.0,233.0,0.0,3.0,72.0,24.0,6.9088,178.77095,117.826308,118.33418,0.0,0.018979,0.7291,1.0,1.0,5.59375,0.077193,0.7291,0.486067,0.7291,0.666667,0.7291,0.883333,0.509091,0.910345,0.239377,0.275125,0.7291,200.0,1.0,0.0,0.0,0.0,0.0,1.0,0.0,0.0,0.0,1.0,1.0,1.0,0.0,0.0,2.0,0.0,0.0,1.0,0.8,1.0,0.75,0.91,1.0,1.0,0.0,1.0,1.0,1.0,1.0,0.0,1.0,0.0,1.0,1.0,1.0,1.0,1.0,1.0,0.0,1.0,1.0,1.0,0.6,8.0,7.0,0.888889,0.777778,0.755556
dataset-v2,v2,extraction-v2,hybrid-v1,weak_serp,84.2105,,пластиковые окна Самара,пластиковые окна,commercial,Самара,51,https://samara.okna-plastikovyye.ru/,samara.okna-plastikovyye.ru,4,0,,,homepage,ok,,artifacts\query--3c02ac3f2c5b757e.json,2f3eed9485341b5a0fef3f73c6487983132dd908,495136,84.2105,24245.0,327767.0,3418.0,1094.0,0.3200702165008777,5.9026,286.0,11.951,260.0,1.0,6.0,2.0,9.0,1.0,43.0,1.0,43.0,0.0,0.0,0.0,143.0,0.0,0.0,0.0,0.0,4.0,0.666667,31.0,0.041837,1.0,228.0,146.0,273.0,7.0,9.0,145.0,16.111111,13.1462,66.705676,42.715038,79.87127,2.047981,0.07397,0.503923,1.0,1.0,14.991228,0.034615,0.503923,0.0,0.335949,0.0,0.503923,0.566667,0.781818,0.296552,0.605422,0.161291,0.503923,200.0,1.0,0.0,0.0,1.0,1.0,1.0,0.0,0.0,0.0,1.0,1.0,1.0,0.0,0.0,0.0,0.0,0.0,1.0,1.0,1.0,1.0,1.0,1.0,4.0,1.0,1.0,1.0,1.0,1.0,1.0,1.0,1.0,1.0,1.0,1.0,0.0,1.0,27.0,1.0,1.0,1.0,1.0,1.0,8.0,9.0,0.888889,1.0,0.962963
dataset-v2,v2,extraction-v2,hybrid-v1,weak_serp,78.9474,,пластиковые окна Самара,пластиковые окна,commercial,Самара,51,https://azbukaokon63.ru/,azbukaokon63.ru,5,0,,,homepage,ok,,artifacts\query--5b300c5c6369a2d2.json,911f60a44deae8a2cefe59d38a68c23192f7369c,529977,78.9474,24211.0,401201.0,3542.0,947.0,0.2673630717108978,5.6694,337.0,10.5104,174.0,1.0,17.0,4.0,22.0,1.0,69.0,1.0,208.0,0.0,0.0,0.0,86.0,2.0,3.0,0.666667,0.666667,7.0,0.666667,13.0,0.02428,1.0,380.0,141.0,127.0,41.0,5.0,32.0,6.4,20.3563,107.28402,39.808018,35.855449,11.575381,0.060346,0.648148,1.0,1.0,9.321053,0.126437,0.648148,0.432099,0.432099,0.444444,0.648148,0.8,0.745455,0.565517,0.809336,0.173291,0.648148,200.0,1.0,0.0,0.0,0.0,0.0,0.0,0.0,0.0,0.0,1.0,1.0,1.0,0.0,0.0,0.0,0.0,0.0,1.0,1.0,1.0,0.75,0.95,1.0,7.0,1.0,1.0,1.0,1.0,1.0,1.0,1.0,1.0,0.0,1.0,0.0,1.0,1.0,51.0,1.0,1.0,1.0,1.0,1.0,9.0,7.0,1.0,0.777778,0.925926
dataset-v2,v2,extraction-v2,hybrid-v1,weak_serp,73.6842,,пластиковые окна Самара,пластиковые окна,commercial,Самара,51,https://samara.delaem-okna.ru/,samara.delaem-okna.ru,6,0,,,homepage,ok,,artifacts\query--d4aa25c56ff57682.json,87e45629d1012ed168f496e13c77ec5ed4171894,622334,73.6842,19645.0,493616.0,2705.0,1003.0,0.37079482439926065,6.132,151.0,17.9139,72.0,1.0,19.0,2.0,22.0,1.0,80.0,1.0,295.0,0.0,0.0,0.0,185.0,2.0,4.0,0.666667,0.666667,6.0,0.666667,50.0,0.068392,1.0,296.0,135.0,73.0,5.0,2.0,12.0,6.0,37.5694,109.426987,49.907579,26.987061,1.848429,0.039798,0.749851,1.0,1.0,9.138514,0.305556,0.749851,0.499901,0.499901,0.444444,0.749851,0.8,0.545455,0.0,0.0,0.278041,0.749851,200.0,1.0,0.0,0.0,1.0,1.0,0.0,0.0,0.0,0.0,1.0,1.0,1.0,0.0,0.0,0.0,0.0,0.0,1.0,1.0,1.0,1.0,1.0,1.0,2.0,1.0,1.0,1.0,1.0,1.0,1.0,1.0,1.0,1.0,0.0,1.0,1.0,1.0,37.0,1.0,1.0,1.0,1.0,1.0,9.0,8.0,1.0,0.888889,0.962963
dataset-v2,v2,extraction-v2,hybrid-v1,weak_serp,68.4211,,пластиковые окна Самара,пластиковые окна,commercial,Самара,51,https://npik.ru/,npik.ru,7,0,,,homepage,ok,,artifacts\query--d4d5ec91d1a71f79.json,b43f1d5239f138dc08c2a30fb188bd7f8e43cfc8,298942,68.4211,31439.0,170458.0,4348.0,1768.0,0.40662373505059796,6.0586,286.0,15.2028,135.0,1.0,4.0,24.0,29.0,1.0,63.0,1.0,185.0,0.0,0.0,0.0,105.0,2.0,0.0,0.666667,0.0,4.0,0.666667,22.0,0.024149,1.0,272.0,26.0,306.0,37.0,4.0,28.0,7.0,32.2074,62.557498,5.979761,70.377185,8.50966,0.184438,0.636112,1.0,1.0,15.985294,0.214815,0.636112,0.424075,0.424075,0.444444,0.636112,0.8,0.854545,0.724138,0.804968,0.258658,0.636112,200.0,1.0,0.0,0.0,1.0,1.0,1.0,0.0,0.0,0.0,1.0,1.0,1.0,0.0,0.0,0.0,0.0,0.0,1.0,1.0,1.0,1.0,1.0,1.0,7.0,1.0,1.0,1.0,1.0,1.0,1.0,1.0,1.0,1.0,1.0,0.0,0.0,1.0,9.0,1.0,1.0,1.0,1.0,1.0,8.0,8.0,0.888889,0.888889,0.925926
dataset-v2,v2,extraction-v2,hybrid-v1,weak_serp,63.1579,,пластиковые окна Самара,пластиковые окна,commercial,Самара,51,https://mirokon-samara.ru/,mirokon-samara.ru,8,0,,,homepage,ok,,artifacts\query--a7223d033046bd98.json,d370b4431879ebb39596ec81c1280271c7e91618,126201,63.1579,8789.0,83354.0,1309.0,637.0,0.48663101604278075,5.5569,107.0,12.2336,12.0,1.0,5.0,0.0,6.0,1.0,52.0,1.0,139.0,0.0,1.0,3.0,83.0,3.0,8.0,0.666667,1.0,7.0,1.0,27.0,0.063407,1.0,54.0,52.0,39.0,0.0,7.0,23.0,3.285714,109.0833,41.252865,39.724981,29.793736,0.0,0.105442,0.524442,1.0,1.0,24.240741,0.5,0.524442,0.349628,0.524442,0.666667,0.457663,0.883333,0.945455,0.958621,0.0,0.185594,0.524442,200.0,1.0,0.0,0.0,0.0,0.0,1.0,0.0,0.0,0.0,1.0,1.0,1.0,0.0,0.0,0.0,0.0,0.0,1.0,1.0,1.0,0.75,0.95,1.0,3.0,0.0,1.0,0.0,1.0,1.0,0.0,1.0,0.0,1.0,1.0,0.0,0.0,1.0,1.0,0.0,1.0,1.0,1.0,0.4,6.0,5.0,0.666667,0.555556,0.540741
dataset-v2,v2,extraction-v2,hybrid-v1,weak_serp,57.8947,,пластиковые окна Самара,пластиковые окна,commercial,Самара,51,https://www.avito.ru/samara/remont_i_stroitelstvo/plastikovye_okna_8099668986,avito.ru,9,0,,,content,ok,,artifacts\query--92b6cb1dbdb58971.json,6dd4015c845ae88cbd391044452c5bb1704a31e1,34370,57.8947,947.0,28943.0,133.0,90.0,0.6766917293233082,5.8421,12.0,11.0833,11.0,0.0,1.0,0.0,1.0,1.0,31.0,0.0,0.0,0.0,0.0,0.0,0.0,0.0,0.0,0.0,0.0,0.0,0.0,0.0,0.0,0.0,1.0,1.0,0.0,1.0,1.0,2.0,2.0,12.0909,7.518797,7.518797,0.0,7.518797,0.032719,0.086804,0.0,0.75,133.0,0.090909,0.0,0.0,0.0,0.0,0.007697,0.0,0.563636,0.0,0.0,0.00434,0.065103,429.0,0.0,0.0,0.0,0.0,0.0,0.0,0.0,0.0,0.0,0.0,1.0,1.0,0.0,0.0,3.0,0.0,0.0,1.0,0.7,1.0,0.75,0.69,1.0,1.0,0.0,0.0,0.0,0.0,1.0,0.0,0.0,0.0,1.0,0.0,0.0,0.0,1.0,1.0,1.0,0.0,1.0,1.0,0.4,2.0,3.0,0.222222,0.333333,0.318519
dataset-v2,v2,extraction-v2,hybrid-v1,weak_serp,52.6316,,пластиковые окна Самара,пластиковые окна,commercial,Самара,51,https://smr.okna-olkon.ru/,smr.okna-olkon.ru,10,0,,,homepage,ok,,artifacts\query--94f20821850bab6b.json,d69d865d200514f8ab8011b2387799725c813697,418232,52.6316,8824.0,358065.0,1371.0,491.0,0.35813274981765136,5.2086,92.0,14.9022,74.0,1.0,13.0,51.0,65.0,1.0,43.0,1.0,164.0,0.0,0.0,0.0,40.0,2.0,4.0,0.666667,0.666667,4.0,1.0,14.0,0.029176,1.0,88.0,100.0,36.0,7.0,9.0,88.0,9.777778,18.527,64.186725,72.93946,26.258206,5.105762,0.024644,0.688017,1.0,1.0,15.579545,0.878378,0.688017,0.458678,0.688017,0.666667,0.628848,0.883333,0.781818,0.868966,0.972526,0.187676,0.688017,200.0,1.0,0.0,0.0,1.0,1.0,0.0,0.0,0.0,0.0,1.0,1.0,0.0,0.0,0.0,0.0,0.0,0.0,1.0,1.0,0.5,1.0,0.9,1.0,2.0,1.0,1.0,1.0,1.0,1.0,0.0,0.0,1.0,1.0,1.0,0.0,0.0,1.0,1.0,0.0,1.0,1.0,1.0,0.8,6.0,8.0,0.666667,0.888889,0.785185
dataset-v2,v2,extraction-v2,hybrid-v1,weak_serp,100.0,,пластиковые окна Нижний Новгород,пластиковые окна,commercial,Нижний Новгород,47,https://www.oknakompas.ru/,oknakompas.ru,1,0,,,homepage,ok,,artifacts\query--be7e4d9bbbab8550.json,f9371dc052da5128987e7b18ab56752b450a0e3e,1218279,100.0,45787.0,982360.0,6614.0,1058.0,0.15996371333534926,5.6219,421.0,15.7102,1332.0,1.0,15.0,7.0,23.0,1.0,79.0,1.0,179.0,0.0,0.0,0.0,176.0,3.0,2.0,0.5,0.5,1.0,0.25,19.0,0.02661,1.0,507.0,121.0,765.0,7.0,27.0,73.0,2.703704,4.9655,76.655579,18.294527,115.663744,1.058361,0.046609,0.552938,1.0,1.0,13.045365,0.017267,0.552938,0.276469,0.138235,0.125,0.552938,0.6375,0.563636,0.765517,0.887007,0.08845,0.552938,200.0,1.0,0.0,0.0,1.0,1.0,1.0,0.0,0.0,0.0,1.0,1.0,1.0,0.0,0.0,0.0,0.0,0.0,1.0,1.0,1.0,1.0,1.0,1.0,6.0,0.0,1.0,1.0,1.0,1.0,1.0,1.0,1.0,1.0,1.0,0.0,0.0,1.0,33.0,0.0,1.0,1.0,1.0,0.6,8.0,7.0,0.888889,0.777778,0.755556
dataset-v2,v2,extraction-v2,hybrid-v1,weak_serp,94.7368,,пластиковые окна Нижний Новгород,пластиковые окна,commercial,Нижний Новгород,47,https://oknazavr.ru/nizhniy-novgorod/plastikovye-okna/,oknazavr.ru,2,0,,,content,ok,,artifacts\query--c6946e53f46e8535.json,e1c2ca1beb87255ed40f34d29acb930a3a713711,858922,94.7368,14891.0,742130.0,2212.0,818.0,0.36980108499095843,5.4729,138.0,16.029,289.0,1.0,11.0,10.0,22.0,1.0,91.0,1.0,167.0,0.0,0.0,0.0,128.0,4.0,0.0,0.5,0.0,5.0,0.5,27.0,0.057866,1.0,370.0,237.0,265.0,0.0,3.0,94.0,31.333333,7.654,167.269439,107.142857,119.801085,0.0,0.020065,0.691169,1.0,1.0,5.978378,0.076125,0.691169,0.345585,0.345585,0.25,0.691169,0.7,0.345455,0.848276,0.071127,0.255595,0.691169,200.0,1.0,0.0,0.0,0.0,0.0,1.0,0.0,0.0,0.0,1.0,1.0,1.0,0.0,0.0,2.0,0.0,0.0,1.0,0.8,1.0,0.75,0.91,1.0,1.0,0.0,1.0,1.0,1.0,1.0,0.0,0.0,0.0,1.0,1.0,1.0,1.0,1.0,1.0,0.0,1.0,1.0,1.0,0.6,7.0,7.0,0.777778,0.777778,0.718519
dataset-v2,v2,extraction-v2,hybrid-v1,weak_serp,89.4737,,пластиковые окна Нижний Новгород,пластиковые окна,commercial,Нижний Новгород,47,https://nn.okna-plastikovyye.ru/,nn.okna-plastikovyye.ru,3,0,,,homepage,ok,,artifacts\query--0251da62053255d6.json,c16321883752dd5bf6a6a41afaa67ff3ec91afd7,490241,89.4737,24300.0,324880.0,3438.0,1114.0,0.3240255962769052,5.8755,288.0,11.9375,262.0,1.0,6.0,0.0,7.0,1.0,44.0,1.0,44.0,0.0,0.0,0.0,139.0,2.0,2.0,0.5,0.5,4.0,0.5,33.0,0.04043,1.0,223.0,146.0,268.0,7.0,9.0,145.0,16.111111,13.1221,64.863293,42.46655,77.952298,2.036067,0.074797,0.270517,1.0,1.0,15.41704,0.026718,0.270517,0.135259,0.135259,0.25,0.270517,0.7,0.8,0.303448,0.652317,0.087654,0.270517,200.0,1.0,0.0,0.0,1.0,1.0,1.0,0.0,0.0,0.0,1.0,1.0,1.0,0.0,0.0,0.0,0.0,0.0,1.0,1.0,1.0,1.0,1.0,1.0,4.0,1.0,1.0,1.0,1.0,1.0,1.0,1.0,1.0,1.0,1.0,1.0,0.0,1.0,27.0,1.0,1.0,1.0,1.0,1.0,8.0,9.0,0.888889,1.0,0.962963
dataset-v2,v2,extraction-v2,hybrid-v1,weak_serp,84.2105,,пластиковые окна Нижний Новгород,пластиковые окна,commercial,Нижний Новгород,47,https://окна-саксэс.рф/,окна-саксэс.рф,4,0,,,homepage,ok,,artifacts\query--d20d113c9adb663a.json,16089b7d85b033116079a5328158dbd1d654564d,1181492,84.2105,38159.0,948633.0,5548.0,1630.0,0.2937995674116799,5.7111,212.0,26.1698,786.0,1.0,10.0,1.0,12.0,1.0,66.0,1.0,158.0,0.0,0.0,0.0,111.0,2.0,2.0,0.5,0.5,5.0,0.5,4.0,0.020007,1.0,382.0,500.0,317.0,34.0,17.0,319.0,18.764706,7.0585,68.853641,90.122567,57.137707,6.128335,0.040225,0.507231,1.0,1.0,14.52356,0.015267,0.507231,0.253615,0.253615,0.25,0.507231,0.7,0.8,0.910345,0.666907,0.149024,0.507231,200.0,1.0,0.0,0.0,1.0,1.0,1.0,0.0,0.0,0.0,1.0,1.0,1.0,0.0,0.0,0.0,0.0,0.0,1.0,1.0,1.0,1.0,1.0,1.0,8.0,1.0,1.0,1.0,1.0,1.0,1.0,1.0,1.0,1.0,1.0,0.0,1.0,1.0,19.0,0.0,1.0,1.0,1.0,0.8,9.0,8.0,1.0,0.888889,0.896296
dataset-v2,v2,extraction-v2,hybrid-v1,weak_serp,78.9474,,пластиковые окна Нижний Новгород,пластиковые окна,commercial,Нижний Новгород,47,https://akonta.ru/,akonta.ru,5,0,,,homepage,ok,,artifacts\query--b4be295c59f53686.json,f7a294cc9c48725e73b5515e78c7998532c0bcbc,518126,78.9474,19596.0,427457.0,2671.0,904.0,0.3384500187195807,6.1733,180.0,14.8389,1.0,1.0,17.0,5.0,23.0,1.0,81.0,1.0,160.0,0.0,0.0,0.0,145.0,2.0,2.0,0.5,0.5,24.0,1.0,21.0,0.054287,1.0,108.0,16.0,145.0,10.0,4.0,61.0,15.25,2671.0,40.434294,5.990266,54.286784,3.743916,0.045843,0.612071,1.0,1.0,24.731481,23.0,0.612071,0.306036,0.612071,0.5,0.612071,0.825,0.527273,0.896552,0.190441,0.207155,0.612071,200.0,1.0,0.0,0.0,1.0,1.0,0.0,0.0,0.0,0.0,1.0,1.0,0.0,0.0,0.0,0.0,0.0,0.0,1.0,1.0,0.5,1.0,0.9,1.0,6.0,1.0,1.0,1.0,1.0,1.0,1.0,1.0,1.0,1.0,1.0,1.0,1.0,1.0,7.0,1.0,1.0,1.0,1.0,1.0,9.0,9.0,1.0,1.0,1.0
dataset-v2,v2,extraction-v2,hybrid-v1,weak_serp,73.6842,,пластиковые окна Нижний Новгород,пластиковые окна,commercial,Нижний Новгород,47,https://profinn52.ru/,profinn52.ru,6,0,,,homepage,ok,,artifacts\query--6012dbd4d19336a1.json,e38ee68ae9595696c457c6fea7dd0099274f5be0,39438,73.6842,6103.0,15331.0,770.0,481.0,0.6246753246753247,6.7584,52.0,14.8077,22.0,1.0,11.0,7.0,19.0,1.0,69.0,1.0,91.0,0.0,0.0,0.0,15.0,0.0,2.0,0.0,0.5,4.0,0.5,9.0,0.019481,1.0,41.0,10.0,0.0,0.0,2.0,4.0,2.0,35.0,53.246753,12.987013,0.0,0.0,0.398082,0.604245,1.0,0.75,18.780488,0.863636,0.604245,0.0,0.302123,0.0,0.310179,0.525,0.745455,0.627586,0.649351,0.161468,0.453184,200.0,1.0,0.0,0.0,1.0,1.0,0.0,0.0,0.0,0.0,1.0,0.0,0.0,0.0,0.0,0.0,0.0,0.0,1.0,1.0,0.0,1.0,0.8,1.0,1.0,1.0,1.0,0.0,0.0,0.0,0.0,0.0,1.0,1.0,0.0,0.0,0.0,1.0,1.0,0.0,1.0,1.0,1.0,0.6,4.0,6.0,0.444444,0.666667,0.57037
dataset-v2,v2,extraction-v2,hybrid-v1,weak_serp,68.4211,,пластиковые окна Нижний Новгород,пластиковые окна,commercial,Нижний Новгород,47,https://prizma-okna.ru/,prizma-okna.ru,7,0,,,homepage,ok,,artifacts\query--cff51982795c1887.json,49e34cae7924671ef8277ccaa9e09333d96bf948,516656,68.4211,10061.0,461164.0,1350.0,600.0,0.4444444444444444,6.2533,118.0,11.4407,157.0,1.0,0.0,0.0,1.0,1.0,41.0,1.0,112.0,0.0,0.0,0.0,49.0,4.0,2.0,1.0,0.5,0.0,0.0,12.0,0.036296,1.0,134.0,49.0,45.0,29.0,3.0,26.0,8.666667,8.5987,99.259259,36.296296,33.333333,21.481481,0.021817,0.579156,1.0,1.0,10.074627,0.006369,0.579156,0.579156,0.0,0.0,0.52124,0.75,0.745455,0.772414,0.790123,0.193052,0.579156,200.0,1.0,0.0,0.0,0.0,0.0,0.0,0.0,0.0,0.0,1.0,1.0,1.0,0.0,0.0,0.0,0.0,0.0,1.0,1.0,1.0,0.75,0.95,1.0,2.0,1.0,1.0,1.0,1.0,1.0,1.0,1.0,1.0,0.0,1.0,1.0,0.0,1.0,6.0,0.0,1.0,1.0,1.0,0.8,8.0,8.0,0.888889,0.888889,0.859259
dataset-v2,v2,extraction-v2,hybrid-v1,weak_serp,63.1579,,пластиковые окна Нижний Новгород,пластиковые окна,commercial,Нижний Новгород,47,https://okna-navsegda.ru/,okna-navsegda.ru,8,0,,,homepage,ok,,artifacts\query--0278231bff2a3217.json,ba907b621344203392aac7b64fc26ac70aeb238c,266082,63.1579,9227.0,215049.0,1370.0,644.0,0.47007299270072994,5.4599,106.0,12.9245,78.0,1.0,18.0,30.0,49.0,1.0,59.0,1.0,137.0,0.0,0.0,0.0,35.0,2.0,2.0,0.5,0.5,3.0,0.5,7.0,0.025547,1.0,81.0,120.0,45.0,95.0,1.0,5.0,5.0,17.5641,59.124088,87.591241,32.846715,69.343066,0.042907,0.552841,1.0,1.0,16.91358,0.628205,0.552841,0.276421,0.276421,0.25,0.504928,0.7,0.927273,0.944828,0.851582,0.197794,0.552841,200.0,1.0,0.0,0.0,1.0,1.0,1.0,0.0,0.0,0.0,1.0,1.0,1.0,0.0,0.0,0.0,0.0,0.0,1.0,1.0,1.0,1.0,1.0,1.0,3.0,0.0,1.0,1.0,1.0,1.0,1.0,1.0,1.0,1.0,1.0,0.0,0.0,1.0,11.0,0.0,1.0,1.0,1.0,0.6,8.0,7.0,0.888889,0.777778,0.755556
dataset-v2,v2,extraction-v2,hybrid-v1,weak_serp,57.8947,,пластиковые окна Нижний Новгород,пластиковые окна,commercial,Нижний Новгород,47,https://schtandart-nn.ru/,schtandart-nn.ru,9,0,,,homepage,ok,,artifacts\query--6a4400c97d940be4.json,9f051f2bedc37efe155d29ae3109065cf494cdec,889304,57.8947,16116.0,805492.0,2268.0,916.0,0.4038800705467372,5.9652,102.0,22.2353,1.0,1.0,1.0,1.0,3.0,1.0,97.0,1.0,255.0,0.0,0.0,0.0,30.0,2.0,2.0,0.5,0.5,4.0,0.5,5.0,0.013228,1.0,106.0,65.0,168.0,67.0,6.0,151.0,25.166667,2268.0,46.737213,28.659612,74.074074,29.541446,0.020008,0.567157,1.0,1.0,21.396226,3.0,0.567157,0.283579,0.283579,0.25,0.567157,0.7,0.236364,0.241379,0.440917,0.229063,0.567157,200.0,1.0,0.0,0.0,1.0,1.0,0.0,0.0,0.0,0.0,1.0,1.0,0.0,0.0,0.0,0.0,0.0,0.0,1.0,1.0,0.5,1.0,0.9,1.0,8.0,1.0,1.0,1.0,0.0,1.0,1.0,0.0,1.0,1.0,1.0,1.0,0.0,1.0,19.0,1.0,1.0,1.0,1.0,1.0,6.0,9.0,0.666667,1.0,0.888889
dataset-v2,v2,extraction-v2,hybrid-v1,weak_serp,52.6316,,пластиковые окна Нижний Новгород,пластиковые окна,commercial,Нижний Новгород,47,https://nn.zavod-okna-pvh.ru/,nn.zavod-okna-pvh.ru,10,0,,,homepage,ok,,artifacts\query--1528085aa5cf3ff0.json,fddf585bacc782b85450a6117fbc68d69990aa4c,386428,52.6316,27817.0,254748.0,3877.0,1467.0,0.3783853494970338,6.0113,181.0,21.4199,282.0,1.0,17.0,0.0,18.0,1.0,92.0,1.0,128.0,0.0,0.0,0.0,130.0,2.0,0.0,0.5,0.0,9.0,0.5,21.0,0.033531,1.0,180.0,186.0,212.0,0.0,12.0,145.0,12.083333,13.7482,46.42765,47.975239,54.681455,0.0,0.109194,0.56629,1.0,1.0,21.538889,0.06383,0.56629,0.283145,0.283145,0.25,0.56629,0.7,0.327273,0.882759,0.882297,0.214276,0.56629,200.0,1.0,0.0,0.0,1.0,1.0,1.0,0.0,0.0,0.0,1.0,1.0,1.0,0.0,0.0,0.0,0.0,0.0,1.0,1.0,1.0,1.0,1.0,1.0,1.0,1.0,1.0,1.0,1.0,1.0,1.0,1.0,1.0,1.0,1.0,0.0,0.0,1.0,11.0,1.0,1.0,1.0,1.0,1.0,8.0,8.0,0.888889,0.888889,0.925926
dataset-v2,v2,extraction-v2,hybrid-v1,weak_serp,100.0,,пластиковые окна цена Москва,пластиковые окна,commercial,Москва,213,https://oknafoster.ru/plastikovye-okna-ceny/,oknafoster.ru,1,0,,,content,ok,,artifacts\query--917bbf0dca1d53b3.json,a43a1fdeaf7a4c7f9765c54919afcc660260e820,380628,100.0,33408.0,274463.0,5347.0,1732.0,0.32391995511501775,5.0567,245.0,21.8245,147.0,1.0,8.0,63.0,72.0,1.0,62.0,1.0,150.0,0.0,0.0,0.0,94.0,2.0,2.0,0.5,0.5,6.0,0.75,27.0,0.01758,1.0,128.0,106.0,118.0,539.0,4.0,28.0,7.0,36.3741,23.938657,19.8242,22.06845,100.804189,0.121721,0.91454,1.0,1.0,41.773438,0.489796,0.91454,0.45727,0.685905,0.375,0.91454,0.7625,0.872727,0.965517,0.585998,0.296238,0.91454,200.0,1.0,0.0,0.0,1.0,1.0,1.0,0.0,0.0,0.0,1.0,1.0,1.0,0.0,0.0,1.0,0.0,0.0,1.0,0.9,1.0,1.0,0.98,1.0,2.0,1.0,1.0,1.0,1.0,1.0,1.0,1.0,1.0,0.0,1.0,0.0,1.0,1.0,1.0,0.0,1.0,1.0,1.0,0.8,9.0,7.0,1.0,0.777778,0.859259
dataset-v2,v2,extraction-v2,hybrid-v1,weak_serp,94.7368,,пластиковые окна цена Москва,пластиковые окна,commercial,Москва,213,https://lemanapro.ru/catalogue/plastikovye-okna/,lemanapro.ru,2,0,,,product,ok,,artifacts\query--a40a1695df80896f.json,54630ebf578fc574c0873bd630040a20048749de,10071,94.7368,77.0,8264.0,13.0,13.0,1.0,5.0,1.0,13.0,1.0,1.0,0.0,0.0,1.0,1.0,12.0,0.0,0.0,0.0,0.0,0.0,0.0,0.0,0.0,0.0,0.0,0.0,0.0,0.0,0.0,0.0,1.0,0.0,0.0,0.0,0.0,0.0,0.0,13.0,76.923077,0.0,0.0,0.0,0.009318,-0.050116,0.0,0.0,13.0,1.0,-0.0,-0.0,-0.0,0.0,-0.000434,0.0,0.218182,0.0,0.0,-0.000362,-0.0,403.0,0.0,0.0,0.0,0.0,0.0,0.0,0.0,0.0,0.0,0.0,1.0,1.0,0.0,0.0,2.0,0.0,0.0,1.0,0.8,1.0,0.75,0.71,1.0,1.0,0.0,0.0,0.0,0.0,0.0,0.0,0.0,0.0,0.0,0.0,0.0,0.0,0.0,0.0,0.0,0.0,0.0,0.0,0.2,1.0,0.0,0.111111,0.0,0.103704
dataset-v2,v2,extraction-v2,hybrid-v1,weak_serp,89.4737,,пластиковые окна цена Москва,пластиковые окна,commercial,Москва,213,https://www.veka.ru/calc,veka.ru,3,0,,,content,ok,,artifacts\query--476db3a9d87e592f.json,1295d5bd10b304559fb392b84fb76b84495cd4b7,296783,89.4737,6076.0,230745.0,811.0,265.0,0.32675709001233044,6.4143,17.0,47.7059,152.0,1.0,0.0,0.0,1.0,1.0,79.0,1.0,162.0,0.0,0.0,0.0,43.0,0.0,3.0,0.0,0.5,0.0,0.0,12.0,0.053021,0.75,216.0,15.0,27.0,16.0,2.0,18.0,9.0,5.3355,266.337855,18.495684,33.292232,19.72873,0.026332,0.746308,1.0,1.0,3.75463,0.006579,0.559731,0.0,0.0,0.0,0.403504,0.3625,0.563636,0.882759,0.174476,0.109873,0.746308,200.0,1.0,0.0,0.0,1.0,1.0,0.0,0.0,0.0,0.0,1.0,1.0,1.0,0.0,0.0,1.0,0.0,0.0,1.0,0.9,1.0,1.0,0.98,1.0,2.0,0.0,1.0,0.0,0.0,1.0,0.0,1.0,1.0,1.0,1.0,0.0,0.0,1.0,17.0,0.0,1.0,1.0,1.0,0.4,5.0,6.0,0.555556,0.666667,0.540741
dataset-v2,v2,extraction-v2,hybrid-v1,weak_serp,84.2105,,пластиковые окна цена Москва,пластиковые окна,commercial,Москва,213,https://o-kno.ru/,o-kno.ru,4,0,,,homepage,ok,,artifacts\query--b186bc8d11a89799.json,9325b00f4193419ad215b1ccb4853a5563f3e81b,540696,84.2105,12889.0,469729.0,1858.0,659.0,0.35468245425188377,5.7449,104.0,17.8654,34.0,2.0,17.0,19.0,38.0,1.0,115.0,1.0,222.0,0.0,0.0,0.0,81.0,3.0,3.0,0.5,0.5,25.0,1.0,29.0,0.043595,1.0,165.0,90.0,131.0,0.0,7.0,75.0,10.714286,54.6471,88.805167,48.439182,70.50592,0.0,0.027439,0.84077,1.0,1.0,11.260606,1.117647,0.84077,0.420385,0.84077,0.5,0.84077,0.825,0.0,0.468966,0.546825,0.298206,0.84077,200.0,1.0,0.0,0.0,1.0,1.0,1.0,0.0,0.0,0.0,1.0,1.0,1.0,0.0,0.0,0.0,0.0,0.0,1.0,1.0,1.0,1.0,1.0,1.0,3.0,0.0,1.0,1.0,1.0,1.0,0.0,1.0,0.0,1.0,0.0,1.0,0.0,1.0,5.0,1.0,1.0,1.0,1.0,0.8,7.0,6.0,0.777778,0.666667,0.748148
dataset-v2,v2,extraction-v2,hybrid-v1,weak_serp,78.9474,,пластиковые окна цена Москва,пластиковые окна,commercial,Москва,213,https://www.fabrikaokon.ru/price-b.html,fabrikaokon.ru,5,0,,,content,ok,,artifacts\query--0b23bee7f17809df.json,97ee284fd2e176c98772d3eef57f48282dcc4473,1029436,78.9474,78031.0,662135.0,11225.0,2081.0,0.18538975501113586,5.758,431.0,26.0441,69.0,1.0,10.0,8.0,19.0,1.0,69.0,1.0,216.0,0.0,0.0,0.0,345.0,3.0,2.0,0.5,0.5,9.0,0.75,22.0,0.030735,1.0,657.0,639.0,8.0,0.0,22.0,147.0,6.681818,162.6812,58.530067,56.926503,0.712695,0.0,0.117848,0.804695,1.0,1.0,17.085236,0.275362,0.804695,0.402348,0.603521,0.375,0.804695,0.7625,0.745455,0.510345,0.975501,0.149182,0.804695,200.0,1.0,0.0,0.0,1.0,1.0,0.0,0.0,0.0,0.0,1.0,1.0,1.0,0.0,0.0,1.0,0.0,0.0,1.0,0.9,1.0,1.0,0.98,1.0,7.0,1.0,1.0,1.0,1.0,1.0,1.0,1.0,1.0,1.0,1.0,1.0,1.0,1.0,26.0,1.0,1.0,1.0,1.0,1.0,9.0,9.0,1.0,1.0,1.0
dataset-v2,v2,extraction-v2,hybrid-v1,weak_serp,73.6842,,пластиковые окна цена Москва,пластиковые окна,commercial,Москва,213,https://mosplastokna.ru/,mosplastokna.ru,6,0,,,homepage,ok,,artifacts\query--ded06271ed9a4532.json,c0ab78fdbf0843b16c7eddb962f98b40a8570091,82910,73.6842,8421.0,49956.0,1121.0,655.0,0.584299732381802,6.314,73.0,15.3562,17.0,1.0,4.0,7.0,12.0,1.0,80.0,1.0,154.0,0.0,0.0,0.0,37.0,3.0,3.0,0.5,0.5,6.0,0.5,17.0,0.033006,1.0,45.0,13.0,34.0,17.0,1.0,9.0,9.0,65.9412,40.14273,11.596789,30.330062,15.165031,0.168568,0.855797,1.0,1.0,24.911111,0.705882,0.855797,0.427899,0.427899,0.25,0.639566,0.7,0.545455,0.937931,0.899792,0.311415,0.855797,200.0,1.0,0.0,0.0,0.0,0.0,1.0,0.0,0.0,0.0,1.0,1.0,1.0,0.0,0.0,0.0,0.0,0.0,1.0,1.0,1.0,0.75,0.95,1.0,2.0,1.0,1.0,1.0,1.0,1.0,0.0,0.0,1.0,1.0,1.0,0.0,0.0,1.0,2.0,0.0,1.0,1.0,1.0,0.8,6.0,8.0,0.666667,0.888889,0.785185
dataset-v2,v2,extraction-v2,hybrid-v1,weak_serp,68.4211,,пластиковые окна цена Москва,пластиковые окна,commercial,Москва,213,https://www.mosokna.ru/,mosokna.ru,7,0,,,homepage,ok,,artifacts\query--0dc38dfef9fd5ec7.json,de4a03bb6c73a27607a5231aa67d9da8eb117b6c,1299717,68.4211,20997.0,1003170.0,2963.0,1070.0,0.3611204859939251,5.9112,120.0,24.6917,413.0,1.0,11.0,1.0,13.0,1.0,60.0,1.0,230.0,0.0,0.0,0.0,99.0,3.0,2.0,0.5,0.25,3.0,0.25,14.0,0.033412,1.0,333.0,400.0,284.0,1.0,4.0,24.0,6.0,7.1743,112.386095,134.998313,95.848802,0.337496,0.020931,0.720111,1.0,1.0,8.897898,0.031477,0.720111,0.360055,0.180028,0.125,0.720111,0.6375,0.909091,0.413793,0.886264,0.260047,0.720111,200.0,1.0,0.0,0.0,1.0,1.0,0.0,0.0,0.0,0.0,1.0,1.0,1.0,0.0,0.0,0.0,0.0,0.0,1.0,1.0,1.0,1.0,1.0,1.0,6.0,0.0,1.0,1.0,1.0,1.0,1.0,1.0,1.0,1.0,1.0,1.0,1.0,1.0,23.0,1.0,1.0,1.0,1.0,0.8,9.0,8.0,1.0,0.888889,0.896296
dataset-v2,v2,extraction-v2,hybrid-v1,weak_serp,63.1579,,пластиковые окна цена Москва,пластиковые окна,commercial,Москва,213,https://www.oknaprosvet.ru/,oknaprosvet.ru,8,0,,,homepage,ok,,artifacts\query--07e767421b2a3d37.json,7b4cdb001eb5fa75513e310eabb73fbe9d2b29e0,279344,63.1579,24810.0,169549.0,3461.0,1335.0,0.38572666859289223,5.978,204.0,16.9657,215.0,1.0,16.0,11.0,28.0,1.0,51.0,1.0,130.0,0.0,0.0,0.0,107.0,3.0,4.0,0.5,0.5,9.0,0.5,26.0,0.030916,1.0,215.0,75.0,168.0,11.0,6.0,55.0,9.166667,16.0977,62.120774,21.670038,48.540884,3.178272,0.146329,0.807862,1.0,1.0,16.097674,0.130233,0.807862,0.403931,0.403931,0.25,0.807862,0.7,0.927273,0.896552,0.969469,0.311614,0.807862,200.0,1.0,0.0,0.0,0.0,0.0,1.0,0.0,0.0,0.0,1.0,1.0,1.0,0.0,0.0,0.0,0.0,0.0,1.0,1.0,1.0,0.75,0.95,1.0,5.0,1.0,1.0,1.0,1.0,1.0,1.0,1.0,1.0,1.0,1.0,0.0,1.0,1.0,19.0,0.0,1.0,1.0,1.0,0.8,9.0,8.0,1.0,0.888889,0.896296
dataset-v2,v2,extraction-v2,hybrid-v1,weak_serp,57.8947,,пластиковые окна цена Москва,пластиковые окна,commercial,Москва,213,https://www.melke.ru/,melke.ru,9,0,,,homepage,ok,,artifacts\query--bac8a3f7258025a2.json,1d247ed2f1d47a6617afa9a0023393ad69aa84cb,1119207,57.8947,36416.0,861715.0,5096.0,1840.0,0.36106750392464676,5.9645,218.0,23.3761,37.0,1.0,18.0,2.0,21.0,1.0,79.0,1.0,206.0,0.0,0.0,0.0,240.0,2.0,3.0,0.5,0.5,3.0,0.5,66.0,0.047096,1.0,448.0,372.0,313.0,2.0,2.0,77.0,38.5,137.7297,87.912088,72.99843,61.420722,0.392465,0.04226,0.670762,1.0,1.0,11.375,0.567568,0.670762,0.335381,0.335381,0.25,0.670762,0.7,0.563636,0.57931,0.430141,0.24219,0.670762,200.0,1.0,0.0,0.0,0.0,0.0,0.0,0.0,0.0,0.0,1.0,1.0,1.0,0.0,0.0,0.0,0.0,0.0,1.0,1.0,1.0,0.75,0.95,1.0,8.0,1.0,1.0,1.0,1.0,1.0,1.0,1.0,1.0,1.0,1.0,1.0,1.0,1.0,35.0,1.0,1.0,1.0,1.0,1.0,9.0,9.0,1.0,1.0,1.0
dataset-v2,v2,extraction-v2,hybrid-v1,weak_serp,52.6316,,пластиковые окна цена Москва,пластиковые окна,commercial,Москва,213,https://okno.ru/kalkulyator-okon/,okno.ru,10,0,,,content,ok,,artifacts\query--321f96d938ee8ed5.json,192d7ab700bebd6bc6f37d0a8f965812512bf18f,506561,52.6316,19607.0,356963.0,2697.0,817.0,0.3029291805710048,6.1409,91.0,29.6374,49.0,1.0,10.0,0.0,11.0,1.0,79.0,1.0,194.0,0.0,0.0,0.0,107.0,0.0,1.0,0.0,0.25,1.0,0.25,6.0,0.039674,1.0,612.0,105.0,113.0,1.0,2.0,27.0,13.5,55.0408,226.918799,38.932147,41.898406,0.370782,0.054927,0.694419,1.0,1.0,4.406863,0.22449,0.694419,0.0,0.173605,0.0,0.694419,0.4625,0.563636,0.662069,0.677543,0.21036,0.694419,200.0,1.0,0.0,0.0,0.0,0.0,0.0,0.0,0.0,0.0,1.0,1.0,1.0,0.0,0.0,1.0,0.0,0.0,1.0,0.9,1.0,0.75,0.93,1.0,2.0,1.0,1.0,1.0,1.0,1.0,1.0,1.0,1.0,1.0,1.0,1.0,0.0,1.0,11.0,1.0,1.0,1.0,1.0,1.0,8.0,9.0,0.888889,1.0,0.962963
dataset-v2,v2,extraction-v2,hybrid-v1,weak_serp,100.0,,пластиковые окна цена Санкт-Петербург,пластиковые окна,commercial,Санкт-Петербург,2,https://zavod-plastikovih-okon.ru/,zavod-plastikovih-okon.ru,1,0,,,homepage,ok,,artifacts\query--e4842c8a79bc52a6.json,0908e6321b195d16a91347b28dfa45cfc64d3ad0,961035,100.0,3112.0,883006.0,463.0,280.0,0.6047516198704104,5.5508,18.0,25.7222,90.0,1.0,7.0,3.0,11.0,1.0,104.0,1.0,163.0,0.0,0.0,0.0,33.0,3.0,4.0,0.6,0.6,2.0,0.4,17.0,0.071274,0.6,479.0,247.0,75.0,0.0,5.0,14.0,2.8,5.1444,1034.557235,533.477322,161.987041,0.0,0.003524,0.729233,1.0,1.0,0.966597,0.122222,0.43754,0.43754,0.291693,0.24,0.22509,0.65,0.109091,0.875862,0.0,0.113436,0.729233,200.0,1.0,0.0,0.0,1.0,1.0,1.0,0.0,0.0,0.0,1.0,1.0,1.0,0.0,0.0,0.0,0.0,0.0,1.0,1.0,1.0,1.0,1.0,1.0,3.0,0.0,1.0,1.0,1.0,1.0,1.0,1.0,1.0,1.0,1.0,1.0,1.0,1.0,1.0,1.0,1.0,1.0,1.0,0.8,9.0,8.0,1.0,0.888889,0.896296
dataset-v2,v2,extraction-v2,hybrid-v1,weak_serp,94.7368,,пластиковые окна цена Санкт-Петербург,пластиковые окна,commercial,Санкт-Петербург,2,https://spb.oknafactoria.ru/,spb.oknafactoria.ru,2,0,,,homepage,ok,,artifacts\query--5070dcdde74da02d.json,f24c7ba530d08aa3de513b590f282d4ac3a2b473,14552,94.7368,114.0,11922.0,20.0,11.0,0.55,4.65,1.0,20.0,1.0,0.0,1.0,0.0,1.0,0.0,0.0,0.0,0.0,0.0,0.0,0.0,0.0,0.0,0.0,0.0,0.0,0.0,0.0,0.0,0.0,0.0,1.0,0.0,0.0,0.0,0.0,0.0,0.0,20.0,50.0,0.0,0.0,0.0,0.009562,-0.015164,0.0,0.0,20.0,1.0,-0.0,-0.0,-0.0,0.0,-0.000202,0.0,0.0,0.0,0.0,-9.3e-05,-0.0,200.0,1.0,0.0,0.0,0.0,0.0,1.0,1.0,1.0,0.0,0.0,1.0,0.0,0.0,0.0,0.0,0.0,0.0,1.0,1.0,0.5,0.75,0.65,0.0,0.0,0.0,0.0,0.0,0.0,1.0,0.0,0.0,0.0,1.0,0.0,0.0,0.0,0.0,0.0,0.0,0.0,1.0,1.0,0.0,0.0,3.0,0.0,0.333333,0.111111
dataset-v2,v2,extraction-v2,hybrid-v1,weak_serp,89.4737,,пластиковые окна цена Санкт-Петербург,пластиковые окна,commercial,Санкт-Петербург,2,https://okna-spb.ru/,okna-spb.ru,3,0,,,homepage,ok,,artifacts\query--2bfa70b0b74209e1.json,35f46534059735967829c1be5b6414f0e041196e,633609,89.4737,31139.0,419767.0,4781.0,1014.0,0.21208952102070697,5.1418,102.0,46.8725,468.0,1.0,18.0,0.0,19.0,1.0,72.0,1.0,206.0,0.0,0.0,0.0,302.0,3.0,4.0,0.4,0.6,12.0,0.6,17.0,0.063167,0.8,558.0,251.0,229.0,190.0,11.0,145.0,13.181818,10.2158,116.711985,52.499477,47.897929,39.74064,0.074182,0.224884,1.0,1.0,8.5681,0.040598,0.179907,0.089954,0.13493,0.24,0.224884,0.66,0.690909,0.57931,0.0,0.047696,0.224884,200.0,1.0,0.0,0.0,1.0,1.0,1.0,0.0,0.0,0.0,1.0,1.0,1.0,0.0,0.0,0.0,0.0,0.0,1.0,1.0,1.0,1.0,1.0,1.0,4.0,0.0,1.0,1.0,1.0,1.0,1.0,1.0,1.0,1.0,1.0,1.0,1.0,1.0,106.0,1.0,1.0,1.0,1.0,0.8,9.0,8.0,1.0,0.888889,0.896296
dataset-v2,v2,extraction-v2,hybrid-v1,weak_serp,84.2105,,пластиковые окна цена Санкт-Петербург,пластиковые окна,commercial,Санкт-Петербург,2,https://oknasravni.ru/sankt-peterburg,oknasravni.ru,4,0,,,content,ok,,artifacts\query--b816bdc9ab57d1fa.json,fa6b93120cc818683f865960e42bd31474641d85,249675,84.2105,14538.0,182754.0,2202.0,861.0,0.391008174386921,5.3479,169.0,13.0296,3.0,1.0,8.0,2.0,11.0,1.0,75.0,1.0,161.0,0.0,0.0,0.0,167.0,2.0,4.0,0.4,0.6,14.0,0.6,50.0,0.07584,1.0,126.0,292.0,30.0,0.0,0.0,2.0,0.0,734.0,57.220708,132.606721,13.623978,0.0,0.07955,0.629001,1.0,0.75,17.47619,3.666667,0.629001,0.2516,0.377401,0.24,0.629001,0.69,0.636364,0.889655,0.0,0.245945,0.471751,200.0,1.0,0.0,0.0,1.0,1.0,0.0,0.0,0.0,0.0,1.0,1.0,1.0,0.0,0.0,1.0,0.0,0.0,1.0,0.9,1.0,1.0,0.98,0.0,0.0,0.0,1.0,1.0,1.0,1.0,1.0,0.0,1.0,1.0,1.0,1.0,0.0,1.0,1.0,0.0,1.0,0.0,0.0,0.4,6.0,6.0,0.666667,0.666667,0.577778
dataset-v2,v2,extraction-v2,hybrid-v1,weak_serp,78.9474,,пластиковые окна цена Санкт-Петербург,пластиковые окна,commercial,Санкт-Петербург,2,https://petrookna.ru/price,petrookna.ru,5,0,,,content,ok,,artifacts\query--0fdd8d44ca70bc6b.json,e71f0acb3a569fc83060a96a929448f26d7c92ea,67749,78.9474,6664.0,37385.0,944.0,465.0,0.4925847457627119,5.8326,74.0,12.7568,42.0,1.0,2.0,6.0,9.0,1.0,88.0,1.0,225.0,0.0,0.0,0.0,24.0,3.0,4.0,0.6,0.6,2.0,0.4,5.0,0.025424,0.8,75.0,32.0,67.0,1.0,2.0,16.0,8.0,22.4762,79.449153,33.898305,70.974576,1.059322,0.178253,0.68095,1.0,1.0,12.586667,0.214286,0.54476,0.40857,0.27238,0.24,0.428545,0.68,0.4,0.448276,0.677966,0.175912,0.68095,200.0,1.0,0.0,0.0,0.0,0.0,1.0,0.0,0.0,0.0,1.0,1.0,1.0,0.0,0.0,1.0,0.0,0.0,1.0,0.9,1.0,0.75,0.93,1.0,8.0,1.0,1.0,1.0,1.0,1.0,1.0,1.0,0.0,1.0,1.0,0.0,0.0,1.0,1.0,0.0,1.0,1.0,1.0,0.8,8.0,7.0,0.888889,0.777778,0.822222
dataset-v2,v2,extraction-v2,hybrid-v1,weak_serp,73.6842,,пластиковые окна цена Санкт-Петербург,пластиковые окна,commercial,Санкт-Петербург,2,https://zavod-okon-spb.ru/,zavod-okon-spb.ru,6,0,,,homepage,ok,,artifacts\query--c4d3dcfc095b72d9.json,a4e965240a69a06f64d9a7d80f5d83475c2e6bfb,1806365,73.6842,15042.0,1695310.0,2004.0,745.0,0.3717564870259481,6.1292,128.0,15.6562,73.0,1.0,1.0,4.0,6.0,1.0,118.0,1.0,167.0,0.0,0.0,0.0,10.0,2.0,3.0,0.4,0.6,0.0,0.0,4.0,0.00499,0.8,85.0,192.0,8.0,1.0,6.0,30.0,5.0,27.4521,42.41517,95.808383,3.992016,0.499002,0.008873,0.639139,0.8,1.0,23.576471,0.082192,0.511311,0.255656,0.0,0.0,0.639139,0.46,0.0,0.848276,0.133067,0.237604,0.639139,200.0,1.0,0.0,0.0,1.0,1.0,0.0,0.0,0.0,0.0,1.0,1.0,0.0,0.0,0.0,0.0,0.0,0.0,1.0,1.0,0.5,1.0,0.9,1.0,8.0,0.0,1.0,1.0,1.0,1.0,0.0,0.0,1.0,1.0,1.0,0.0,0.0,1.0,2.0,1.0,1.0,1.0,1.0,0.8,6.0,7.0,0.666667,0.777778,0.748148
dataset-v2,v2,extraction-v2,hybrid-v1,weak_serp,68.4211,,пластиковые окна цена Санкт-Петербург,пластиковые окна,commercial,Санкт-Петербург,2,https://zavod-okna-pvh.ru/,zavod-okna-pvh.ru,7,0,,,homepage,ok,,artifacts\query--f07577fc9c8095e9.json,7ad7cb3bf86ee70014e995bd88ff50f92518b97b,406464,68.4211,29791.0,267950.0,4107.0,1545.0,0.3761869978086194,6.0738,223.0,18.417,242.0,1.0,17.0,0.0,18.0,1.0,92.0,1.0,152.0,0.0,0.0,0.0,156.0,3.0,1.0,0.6,0.2,15.0,0.6,23.0,0.037984,1.0,193.0,187.0,197.0,0.0,12.0,145.0,12.083333,16.9711,46.992939,45.532019,47.966886,0.0,0.111181,0.656907,1.0,1.0,21.279793,0.07438,0.656907,0.394144,0.394144,0.36,0.656907,0.76,0.327273,0.951724,0.733869,0.24712,0.656907,200.0,1.0,0.0,0.0,1.0,1.0,1.0,0.0,0.0,0.0,1.0,1.0,1.0,0.0,0.0,0.0,0.0,0.0,1.0,1.0,1.0,1.0,1.0,1.0,1.0,1.0,1.0,1.0,1.0,1.0,1.0,1.0,1.0,1.0,1.0,0.0,0.0,1.0,10.0,1.0,1.0,1.0,1.0,1.0,8.0,8.0,0.888889,0.888889,0.925926
dataset-v2,v2,extraction-v2,hybrid-v1,weak_serp,63.1579,,пластиковые окна цена Санкт-Петербург,пластиковые окна,commercial,Санкт-Петербург,2,https://spb.okna-tseny.ru/,spb.okna-tseny.ru,8,0,,,homepage,ok,,artifacts\query--4a316524dd61c129.json,1f7991c8d4fe610569ec785d6d20efb6daf6f3de,379171,63.1579,19634.0,263744.0,3209.0,1045.0,0.3256466188843877,4.9492,301.0,10.6611,9.0,1.0,16.0,5.0,22.0,1.0,65.0,1.0,139.0,0.0,0.0,0.0,178.0,3.0,4.0,0.6,0.8,22.0,0.8,33.0,0.055469,1.0,160.0,187.0,69.0,3.0,19.0,132.0,6.947368,356.5556,49.859769,58.273605,21.502026,0.934871,0.074443,0.706486,1.0,1.0,20.05625,2.444444,0.706486,0.423892,0.565189,0.48,0.706486,0.81,0.818182,0.958621,0.151034,0.230065,0.706486,200.0,1.0,0.0,0.0,0.0,0.0,1.0,0.0,0.0,0.0,1.0,1.0,1.0,0.0,0.0,0.0,0.0,0.0,1.0,1.0,1.0,0.75,0.95,1.0,2.0,1.0,1.0,1.0,1.0,1.0,1.0,1.0,1.0,1.0,1.0,1.0,0.0,1.0,26.0,1.0,1.0,1.0,1.0,1.0,8.0,9.0,0.888889,1.0,0.962963
dataset-v2,v2,extraction-v2,hybrid-v1,weak_serp,57.8947,,пластиковые окна цена Санкт-Петербург,пластиковые окна,commercial,Санкт-Петербург,2,https://okna-centre.ru/,okna-centre.ru,9,0,,,homepage,ok,,artifacts\query--f59f4d65d74aa6d7.json,86fe2ffd760ebdc313bcc8d60776d9b26d8ed5c6,1745097,57.8947,20838.0,1592659.0,2976.0,1001.0,0.33635752688172044,5.8511,145.0,20.5241,425.0,1.0,25.0,25.0,51.0,1.0,52.0,1.0,165.0,0.0,0.0,0.0,85.0,3.0,3.0,0.6,0.6,23.0,0.8,14.0,0.028562,1.0,133.0,457.0,0.0,255.0,0.0,20.0,0.0,7.0024,44.69086,153.561828,0.0,85.685484,0.013084,0.553294,1.0,0.5,22.37594,0.12,0.553294,0.331976,0.442635,0.48,0.553294,0.81,0.945455,0.862069,0.952061,0.186105,0.276647,200.0,1.0,0.0,0.0,1.0,1.0,0.0,0.0,0.0,0.0,1.0,1.0,1.0,0.0,0.0,0.0,0.0,0.0,1.0,1.0,1.0,1.0,1.0,1.0,2.0,1.0,1.0,1.0,1.0,1.0,1.0,1.0,1.0,1.0,1.0,0.0,0.0,1.0,24.0,1.0,1.0,1.0,1.0,1.0,8.0,8.0,0.888889,0.888889,0.925926
dataset-v2,v2,extraction-v2,hybrid-v1,weak_serp,52.6316,,пластиковые окна цена Санкт-Петербург,пластиковые окна,commercial,Санкт-Петербург,2,https://ostekleniespb.ru/,ostekleniespb.ru,10,0,,,homepage,ok,,artifacts\query--eae8f5eb1dfe1e61.json,a7a75853abd357d333f8b719818f17827c698016,296483,52.6316,18997.0,186336.0,2686.0,1141.0,0.424795234549516,5.9579,118.0,22.7627,47.0,1.0,18.0,2.0,21.0,1.0,75.0,1.0,133.0,0.0,0.0,0.0,80.0,3.0,3.0,0.6,0.6,8.0,0.6,9.0,0.029784,1.0,361.0,81.0,190.0,0.0,3.0,11.0,3.666667,57.1489,134.400596,30.156366,70.737156,0.0,0.10195,0.810535,1.0,1.0,7.440443,0.446809,0.810535,0.486321,0.486321,0.36,0.810535,0.76,0.636364,0.917241,0.992802,0.344311,0.810535,200.0,1.0,0.0,0.0,1.0,1.0,1.0,0.0,0.0,0.0,1.0,1.0,1.0,0.0,0.0,0.0,0.0,0.0,1.0,1.0,1.0,1.0,1.0,1.0,3.0,1.0,1.0,1.0,1.0,1.0,1.0,1.0,1.0,1.0,1.0,1.0,1.0,1.0,1.0,1.0,1.0,1.0,1.0,1.0,9.0,9.0,1.0,1.0,1.0
dataset-v2,v2,extraction-v2,hybrid-v1,weak_serp,100.0,,пластиковые окна цена Екатеринбург,пластиковые окна,commercial,Екатеринбург,54,https://oknazavr.ru/ekaterinburg/plastikovye-okna/,oknazavr.ru,1,0,,,content,ok,,artifacts\query--49ba3568289c31f1.json,85619756b81c40e601b1da63ca23cb3e5bd9ad72,906193,100.0,14966.0,786002.0,2179.0,821.0,0.3767783386874713,5.6044,136.0,16.0221,292.0,1.0,11.0,10.0,22.0,1.0,89.0,1.0,166.0,0.0,0.0,0.0,96.0,4.0,0.0,0.5,0.0,6.0,0.75,21.0,0.044057,1.0,367.0,239.0,271.0,0.0,3.0,102.0,34.0,7.4623,168.425883,109.683341,124.368977,0.0,0.019041,0.695802,1.0,1.0,5.93733,0.075342,0.695802,0.347901,0.521852,0.375,0.695802,0.7625,0.381818,0.855172,0.531436,0.262163,0.695802,200.0,1.0,0.0,0.0,0.0,0.0,1.0,0.0,0.0,0.0,1.0,1.0,1.0,0.0,0.0,2.0,0.0,0.0,1.0,0.8,1.0,0.75,0.91,1.0,1.0,0.0,1.0,1.0,1.0,1.0,0.0,0.0,0.0,1.0,1.0,1.0,1.0,1.0,1.0,0.0,1.0,1.0,1.0,0.6,7.0,7.0,0.777778,0.777778,0.718519
dataset-v2,v2,extraction-v2,hybrid-v1,weak_serp,94.7368,,пластиковые окна цена Екатеринбург,пластиковые окна,commercial,Екатеринбург,54,https://ekb.okna-olkon.ru/,ekb.okna-olkon.ru,2,0,,,homepage,ok,,artifacts\query--6ae0be93e1c1ebc2.json,3648c79ef9b2555d3f26b6ce9bced8f4ad88837f,411758,94.7368,8571.0,354817.0,1320.0,475.0,0.35984848484848486,5.2545,92.0,14.3478,73.0,1.0,13.0,51.0,65.0,1.0,50.0,1.0,164.0,0.0,0.0,0.0,47.0,2.0,4.0,0.5,0.5,4.0,0.75,20.0,0.035606,1.0,69.0,101.0,18.0,7.0,9.0,88.0,9.777778,18.0822,52.272727,76.515152,13.636364,5.30303,0.024156,0.613921,1.0,1.0,19.130435,0.890411,0.613921,0.306961,0.460441,0.375,0.54025,0.7625,0.909091,0.868966,0.813131,0.162007,0.613921,200.0,1.0,0.0,0.0,1.0,1.0,0.0,0.0,0.0,0.0,1.0,1.0,0.0,0.0,0.0,0.0,0.0,0.0,1.0,1.0,0.5,1.0,0.9,1.0,2.0,1.0,1.0,1.0,1.0,1.0,0.0,0.0,1.0,1.0,1.0,0.0,0.0,1.0,1.0,0.0,1.0,1.0,1.0,0.8,6.0,8.0,0.666667,0.888889,0.785185
dataset-v2,v2,extraction-v2,hybrid-v1,weak_serp,78.9474,,пластиковые окна цена Екатеринбург,пластиковые окна,commercial,Екатеринбург,54,https://ekat.steklodom.com/windowsconstructor/,ekat.steklodom.com,5,0,,,content,ok,,artifacts\query--54e047c9b2227405.json,3037c887e529603fc70847ff566f39573169bff4,838660,78.9474,20082.0,729547.0,3024.0,886.0,0.29298941798941797,5.249,114.0,26.5263,120.0,1.0,3.0,0.0,4.0,1.0,101.0,1.0,177.0,0.0,0.0,0.0,47.0,2.0,1.0,0.5,0.25,0.0,0.0,18.0,0.015542,0.75,233.0,321.0,303.0,6.0,5.0,116.0,23.2,25.2,77.050265,106.150794,100.198413,1.984127,0.027527,0.577558,1.0,1.0,12.978541,0.033333,0.433169,0.288779,0.0,0.0,0.577558,0.5375,0.163636,0.77931,0.388558,0.169218,0.577558,200.0,1.0,0.0,0.0,0.0,0.0,0.0,0.0,0.0,0.0,1.0,1.0,1.0,0.0,0.0,1.0,0.0,0.0,1.0,0.9,1.0,0.75,0.93,1.0,2.0,0.0,1.0,1.0,1.0,1.0,1.0,1.0,1.0,1.0,1.0,0.0,0.0,1.0,5.0,1.0,1.0,1.0,1.0,0.8,8.0,7.0,0.888889,0.777778,0.822222
dataset-v2,v2,extraction-v2,hybrid-v1,weak_serp,73.6842,,пластиковые окна цена Екатеринбург,пластиковые окна,commercial,Екатеринбург,54,https://svoiokna96.ru/,svoiokna96.ru,6,0,,,homepage,ok,,artifacts\query--dfb2163ad40008bf.json,070240cd632605c062c77628f4ce7e5c42cf89fe,216978,73.6842,6771.0,169638.0,996.0,471.0,0.47289156626506024,5.5823,49.0,20.3265,14.0,1.0,15.0,15.0,31.0,1.0,62.0,1.0,202.0,0.0,0.0,0.0,26.0,2.0,0.0,0.25,0.0,3.0,0.5,10.0,0.026104,0.75,70.0,71.0,85.0,1.0,1.0,52.0,52.0,71.1429,70.281124,71.285141,85.341365,1.004016,0.039914,0.479455,1.0,1.0,14.228571,2.214286,0.359591,0.119864,0.239728,0.125,0.318358,0.575,0.872727,0.606897,0.65261,0.125457,0.479455,200.0,1.0,0.0,0.0,0.0,0.0,0.0,0.0,0.0,0.0,1.0,1.0,1.0,0.0,0.0,0.0,0.0,0.0,1.0,1.0,1.0,0.75,0.95,1.0,6.0,1.0,1.0,1.0,0.0,1.0,0.0,0.0,1.0,1.0,1.0,0.0,0.0,1.0,6.0,1.0,1.0,1.0,1.0,1.0,5.0,8.0,0.555556,0.888889,0.814815
dataset-v2,v2,extraction-v2,hybrid-v1,weak_serp,57.8947,,пластиковые окна цена Екатеринбург,пластиковые окна,commercial,Екатеринбург,54,https://oknasravni.ru/ekaterinburg,oknasravni.ru,9,0,,,content,ok,,artifacts\query--10f26f23760cd27f.json,6c0a8158999a87a75b359f08d5a2071e883d4f6a,262549,57.8947,15460.0,193212.0,2355.0,859.0,0.36475583864118893,5.2904,178.0,13.2303,3.0,1.0,8.0,2.0,11.0,1.0,72.0,1.0,158.0,0.0,0.0,0.0,157.0,1.0,3.0,0.25,0.5,8.0,0.5,43.0,0.066667,1.0,126.0,292.0,30.0,0.0,0.0,2.0,0.0,785.0,53.503185,123.991507,12.738854,0.0,0.080016,0.606538,1.0,0.75,18.690476,3.666667,0.606538,0.151635,0.303269,0.125,0.606538,0.6125,0.690909,0.910345,0.0,0.221238,0.454904,200.0,1.0,0.0,0.0,1.0,1.0,0.0,0.0,0.0,0.0,1.0,1.0,1.0,0.0,0.0,1.0,0.0,0.0,1.0,0.9,1.0,1.0,0.98,0.0,0.0,0.0,1.0,1.0,1.0,1.0,1.0,0.0,1.0,1.0,1.0,1.0,0.0,1.0,1.0,0.0,1.0,0.0,0.0,0.4,6.0,6.0,0.666667,0.666667,0.577778
dataset-v2,v2,extraction-v2,hybrid-v1,weak_serp,100.0,,пластиковые окна цена Новосибирск,пластиковые окна,commercial,Новосибирск,65,https://novosibirsk.okna-plastikovyye.ru/,novosibirsk.okna-plastikovyye.ru,1,0,,,homepage,ok,,artifacts\query--0c05873c15e31b2b.json,d552f8e2263d6c2624d5b29a63124117c9a9efa9,487413,100.0,23774.0,321080.0,3355.0,1094.0,0.326080476900149,5.8903,288.0,11.6493,251.0,1.0,6.0,0.0,7.0,1.0,49.0,1.0,49.0,0.0,0.0,0.0,148.0,0.0,0.0,0.0,0.0,4.0,0.5,31.0,0.044113,1.0,228.0,138.0,272.0,7.0,9.0,141.0,15.666667,13.3665,67.958271,41.132638,81.073025,2.086438,0.074044,0.424386,1.0,1.0,14.714912,0.027888,0.424386,0.0,0.212193,0.0,0.424386,0.525,0.890909,0.337931,0.529558,0.138384,0.424386,200.0,1.0,0.0,0.0,1.0,1.0,1.0,0.0,0.0,0.0,1.0,1.0,1.0,0.0,0.0,0.0,0.0,0.0,1.0,1.0,1.0,1.0,1.0,1.0,5.0,1.0,1.0,1.0,1.0,1.0,1.0,1.0,1.0,1.0,1.0,1.0,1.0,1.0,23.0,1.0,1.0,1.0,1.0,1.0,9.0,9.0,1.0,1.0,1.0
dataset-v2,v2,extraction-v2,hybrid-v1,weak_serp,94.7368,,пластиковые окна цена Новосибирск,пластиковые окна,commercial,Новосибирск,65,https://oknazavr.ru/novosibirsk/plastikovye-okna/,oknazavr.ru,2,0,,,content,ok,,artifacts\query--a296cea06676f7f6.json,283fd8e1d1484361bb391c35c71c0b3c626632ee,873783,94.7368,13213.0,761747.0,1940.0,749.0,0.38608247422680414,5.5371,124.0,15.6452,280.0,1.0,11.0,10.0,22.0,1.0,88.0,1.0,164.0,0.0,0.0,0.0,86.0,4.0,0.0,0.5,0.0,6.0,0.75,21.0,0.04433,1.0,353.0,227.0,258.0,0.0,3.0,89.0,29.666667,6.9286,181.958763,117.010309,132.989691,0.0,0.017346,0.66061,1.0,1.0,5.495751,0.078571,0.66061,0.330305,0.495457,0.375,0.66061,0.7625,0.4,0.868966,0.522337,0.25505,0.66061,200.0,1.0,0.0,0.0,0.0,0.0,1.0,0.0,0.0,0.0,1.0,1.0,1.0,0.0,0.0,2.0,0.0,0.0,1.0,0.8,1.0,0.75,0.91,1.0,1.0,0.0,1.0,1.0,1.0,1.0,0.0,0.0,0.0,1.0,1.0,1.0,1.0,1.0,1.0,0.0,1.0,1.0,1.0,0.6,7.0,7.0,0.777778,0.777778,0.718519
dataset-v2,v2,extraction-v2,hybrid-v1,weak_serp,89.4737,,пластиковые окна цена Новосибирск,пластиковые окна,commercial,Новосибирск,65,https://novosibirsk.zavod-okna-pvh.ru/,novosibirsk.zavod-okna-pvh.ru,3,0,,,homepage,ok,,artifacts\query--fb7b62fe2e4bdc63.json,08c05e2d1b903a21c9dcec9354167126fc95f3d5,392843,89.4737,27799.0,259781.0,3871.0,1462.0,0.37768018599845,6.0178,182.0,21.2692,282.0,1.0,17.0,0.0,18.0,1.0,88.0,1.0,124.0,0.0,0.0,0.0,151.0,2.0,0.0,0.5,0.0,9.0,0.5,20.0,0.039008,1.0,180.0,186.0,212.0,0.0,12.0,145.0,12.083333,13.727,46.499613,48.0496,54.76621,0.0,0.107009,0.562358,1.0,1.0,21.505556,0.06383,0.562358,0.281179,0.281179,0.25,0.562358,0.7,0.4,0.855172,0.699733,0.212391,0.562358,200.0,1.0,0.0,0.0,1.0,1.0,1.0,0.0,0.0,0.0,1.0,1.0,1.0,0.0,0.0,0.0,0.0,0.0,1.0,1.0,1.0,1.0,1.0,1.0,1.0,1.0,1.0,1.0,1.0,1.0,1.0,1.0,1.0,1.0,1.0,0.0,0.0,1.0,11.0,1.0,1.0,1.0,1.0,1.0,8.0,8.0,0.888889,0.888889,0.925926
dataset-v2,v2,extraction-v2,hybrid-v1,weak_serp,84.2105,,пластиковые окна цена Новосибирск,пластиковые окна,commercial,Новосибирск,65,https://r-okna.com/,r-okna.com,4,0,,,homepage,ok,,artifacts\query--779e28e5cb52d17f.json,2d24a829bff30893bc3e26c415c505db3c1f4548,937007,84.2105,31954.0,740677.0,4432.0,1586.0,0.35785198555956677,6.007,223.0,19.8744,115.0,1.0,21.0,1.0,23.0,1.0,107.0,1.0,173.0,0.0,0.0,0.0,152.0,3.0,4.0,0.5,0.5,5.0,0.5,39.0,0.034296,1.0,331.0,118.0,297.0,11.0,5.0,28.0,5.6,38.5391,74.684116,26.624549,67.012635,2.481949,0.043142,0.590229,1.0,1.0,13.389728,0.2,0.590229,0.295115,0.295115,0.25,0.590229,0.7,0.054545,0.806897,0.856799,0.211215,0.590229,200.0,1.0,0.0,0.0,1.0,1.0,1.0,0.0,0.0,0.0,1.0,1.0,1.0,0.0,0.0,0.0,0.0,0.0,1.0,1.0,1.0,1.0,1.0,1.0,8.0,1.0,1.0,1.0,1.0,1.0,1.0,1.0,1.0,1.0,1.0,1.0,1.0,1.0,31.0,1.0,1.0,1.0,1.0,1.0,9.0,9.0,1.0,1.0,1.0
dataset-v2,v2,extraction-v2,hybrid-v1,weak_serp,78.9474,,пластиковые окна цена Новосибирск,пластиковые окна,commercial,Новосибирск,65,https://oknasravni.ru/novosibirsk,oknasravni.ru,5,0,,,content,ok,,artifacts\query--0222eaf2573869a0.json,083168151740d5137f9ece457a4cb74cbfc92de0,239825,78.9474,14066.0,174936.0,2146.0,835.0,0.3890959925442684,5.3048,174.0,12.3333,3.0,1.0,8.0,2.0,11.0,1.0,71.0,1.0,157.0,0.0,0.0,0.0,134.0,1.0,3.0,0.25,0.5,8.0,0.5,44.0,0.062442,1.0,126.0,292.0,30.0,0.0,0.0,2.0,0.0,715.3333,58.713886,136.067102,13.979497,0.0,0.080407,0.573522,1.0,0.75,17.031746,3.666667,0.573522,0.14338,0.286761,0.125,0.573522,0.6125,0.709091,0.917241,0.0,0.223155,0.430141,200.0,1.0,0.0,0.0,1.0,1.0,0.0,0.0,0.0,0.0,1.0,1.0,1.0,0.0,0.0,1.0,0.0,0.0,1.0,0.9,1.0,1.0,0.98,0.0,0.0,0.0,1.0,1.0,1.0,1.0,0.0,0.0,1.0,1.0,1.0,1.0,0.0,1.0,1.0,0.0,1.0,0.0,0.0,0.4,5.0,6.0,0.555556,0.666667,0.540741
dataset-v2,v2,extraction-v2,hybrid-v1,weak_serp,73.6842,,пластиковые окна цена Новосибирск,пластиковые окна,commercial,Новосибирск,65,https://mirokon-nsk.ru/,mirokon-nsk.ru,6,0,,,homepage,ok,,artifacts\query--8b2028d70f2b244b.json,6b80dfa35afe9eb7ebd2b71cb5a9fc334e1170e6,166869,73.6842,9983.0,115960.0,1445.0,662.0,0.4581314878892734,5.7702,105.0,13.7619,13.0,1.0,4.0,0.0,5.0,1.0,52.0,1.0,142.0,0.0,0.0,0.0,69.0,3.0,5.0,0.75,0.75,5.0,0.75,27.0,0.047751,1.0,69.0,52.0,39.0,0.0,7.0,49.0,7.0,111.1538,47.750865,35.986159,26.989619,0.0,0.08609,0.540896,1.0,1.0,20.942029,0.384615,0.540896,0.405672,0.405672,0.5625,0.521063,0.85,0.945455,0.97931,0.408304,0.19893,0.540896,200.0,1.0,0.0,0.0,0.0,0.0,1.0,0.0,0.0,0.0,1.0,1.0,1.0,0.0,0.0,0.0,0.0,0.0,1.0,1.0,1.0,0.75,0.95,1.0,3.0,0.0,1.0,0.0,1.0,1.0,1.0,0.0,1.0,1.0,1.0,0.0,0.0,1.0,1.0,0.0,1.0,1.0,1.0,0.4,6.0,6.0,0.666667,0.666667,0.577778
dataset-v2,v2,extraction-v2,hybrid-v1,weak_serp,68.4211,,пластиковые окна цена Новосибирск,пластиковые окна,commercial,Новосибирск,65,https://oknaveka.com/,oknaveka.com,7,0,,,homepage,ok,,artifacts\query--e0594a8233157b02.json,e30953ab5e5f6c33fc5d4987c5db221eedff5dc3,658774,68.4211,11212.0,592614.0,1617.0,761.0,0.4706246134817563,5.6314,124.0,13.0403,66.0,4.0,19.0,19.0,42.0,1.0,66.0,1.0,145.0,0.0,0.0,0.0,36.0,2.0,2.0,0.5,0.5,14.0,0.5,9.0,0.022263,1.0,61.0,91.0,92.0,0.0,2.0,11.0,5.5,24.5,37.724181,56.277056,56.895485,0.0,0.01892,0.454892,1.0,1.0,26.508197,0.636364,0.454892,0.227446,0.227446,0.25,0.454892,0.7,0.8,1.0,0.742115,0.192318,0.454892,200.0,1.0,0.0,0.0,1.0,1.0,0.0,0.0,0.0,0.0,1.0,1.0,0.0,0.0,0.0,0.0,0.0,0.0,1.0,1.0,0.5,1.0,0.9,1.0,6.0,1.0,1.0,1.0,1.0,1.0,1.0,1.0,1.0,1.0,1.0,0.0,1.0,1.0,2.0,1.0,1.0,1.0,1.0,1.0,9.0,8.0,1.0,0.888889,0.962963
dataset-v2,v2,extraction-v2,hybrid-v1,weak_serp,63.1579,,пластиковые окна цена Новосибирск,пластиковые окна,commercial,Новосибирск,65,https://plastikovye-okna-nsk.ru/,plastikovye-okna-nsk.ru,8,0,,,homepage,ok,,artifacts\query--214b8233dff5dc15.json,502cdf07f4cff8619bdaa7a6e541edb23f1555b3,461506,63.1579,25581.0,327106.0,3729.0,1154.0,0.30946634486457497,5.6661,297.0,12.5556,269.0,1.0,15.0,1.0,17.0,1.0,72.0,1.0,164.0,0.0,0.0,0.0,156.0,3.0,4.0,0.5,0.75,7.0,0.5,20.0,0.041834,1.0,182.0,203.0,35.0,15.0,6.0,77.0,12.833333,13.8625,48.806651,54.438187,9.385894,4.022526,0.078204,0.490726,1.0,1.0,20.489011,0.063197,0.490726,0.245363,0.245363,0.25,0.490726,0.7,0.690909,0.868966,0.605524,0.151863,0.490726,200.0,1.0,0.0,0.0,1.0,1.0,1.0,0.0,0.0,0.0,1.0,1.0,1.0,0.0,0.0,0.0,0.0,0.0,1.0,1.0,1.0,1.0,1.0,1.0,10.0,1.0,1.0,1.0,1.0,1.0,1.0,1.0,1.0,1.0,1.0,1.0,1.0,1.0,19.0,1.0,1.0,1.0,1.0,1.0,9.0,9.0,1.0,1.0,1.0
dataset-v2,v2,extraction-v2,hybrid-v1,weak_serp,57.8947,,пластиковые окна цена Новосибирск,пластиковые окна,commercial,Новосибирск,65,https://sitc.ru/novosibirsk/okna/,sitc.ru,9,0,,,content,ok,,artifacts\query--57fa86c19d68f0f1.json,02af474979a33ce17ac57212155ce1eafd50c75d,229616,57.8947,14754.0,161376.0,2071.0,669.0,0.32303235152100435,5.8662,79.0,26.2152,75.0,1.0,22.0,53.0,76.0,1.0,90.0,1.0,169.0,0.0,0.0,0.0,136.0,2.0,2.0,0.5,0.25,21.0,0.5,11.0,0.065669,1.0,132.0,61.0,35.0,51.0,0.0,10.0,0.0,27.6133,63.737325,29.45437,16.900048,24.625785,0.091426,0.7038,1.0,0.75,15.689394,1.013333,0.7038,0.3519,0.3519,0.25,0.7038,0.7,0.363636,0.834483,0.0,0.22735,0.52785,200.0,1.0,0.0,0.0,1.0,1.0,0.0,0.0,0.0,0.0,1.0,1.0,0.0,1.0,1.0,2.0,0.0,0.0,1.0,0.8,0.5,1.0,0.86,1.0,20.0,0.0,1.0,1.0,0.0,1.0,1.0,1.0,1.0,1.0,1.0,1.0,0.0,1.0,39.0,0.0,1.0,1.0,1.0,0.6,7.0,8.0,0.777778,0.888889,0.755556
dataset-v2,v2,extraction-v2,hybrid-v1,weak_serp,52.6316,,пластиковые окна цена Новосибирск,пластиковые окна,commercial,Новосибирск,65,https://novosibirsk.lemanapro.ru/catalogue/plastikovye-okna/,novosibirsk.lemanapro.ru,10,0,,,product,ok,,artifacts\query--226ea6d464c6cf9e.json,eac2c475519a30d5984c759c8a96a1ba68d8cc1d,10095,52.6316,77.0,8264.0,13.0,13.0,1.0,5.0,1.0,13.0,1.0,1.0,0.0,0.0,1.0,1.0,12.0,0.0,0.0,0.0,0.0,0.0,0.0,0.0,0.0,0.0,0.0,0.0,0.0,0.0,0.0,0.0,1.0,0.0,0.0,0.0,0.0,0.0,0.0,13.0,76.923077,0.0,0.0,0.0,0.009318,-0.05943,0.0,0.0,13.0,1.0,-0.0,-0.0,-0.0,0.0,-0.000515,0.0,0.218182,0.0,0.0,-0.000429,-0.0,403.0,0.0,0.0,0.0,0.0,0.0,0.0,0.0,0.0,0.0,0.0,1.0,1.0,0.0,0.0,2.0,0.0,0.0,1.0,0.8,1.0,0.75,0.71,1.0,1.0,0.0,0.0,0.0,0.0,0.0,0.0,0.0,0.0,0.0,0.0,0.0,0.0,0.0,0.0,0.0,0.0,0.0,0.0,0.2,1.0,0.0,0.111111,0.0,0.103704
dataset-v2,v2,extraction-v2,hybrid-v1,weak_serp,100.0,,пластиковые окна цена Казань,пластиковые окна,commercial,Казань,43,https://plastikovye-okna-kazan.ru/,plastikovye-okna-kazan.ru,1,0,,,homepage,ok,,artifacts\query--847c45aa9b176af7.json,b338308d5b3d2a5a7ba32c4d6f8c3064bf6be494,621736,100.0,35255.0,452228.0,5080.0,1454.0,0.2862204724409449,5.7409,391.0,12.9923,301.0,1.0,18.0,1.0,20.0,1.0,66.0,1.0,153.0,0.0,0.0,0.0,201.0,3.0,4.0,0.5,0.75,7.0,0.5,21.0,0.039567,1.0,191.0,216.0,29.0,16.0,7.0,100.0,14.285714,16.8771,37.598425,42.519685,5.708661,3.149606,0.077958,0.642007,1.0,1.0,26.596859,0.066445,0.642007,0.321003,0.321003,0.25,0.642007,0.7,0.8,0.944828,0.681102,0.183756,0.642007,200.0,1.0,0.0,0.0,1.0,1.0,1.0,0.0,0.0,0.0,1.0,1.0,1.0,0.0,0.0,0.0,0.0,0.0,1.0,1.0,1.0,1.0,1.0,1.0,7.0,1.0,1.0,1.0,1.0,1.0,1.0,1.0,1.0,1.0,1.0,1.0,1.0,1.0,19.0,1.0,1.0,1.0,1.0,1.0,9.0,9.0,1.0,1.0,1.0
dataset-v2,v2,extraction-v2,hybrid-v1,weak_serp,94.7368,,пластиковые окна цена Казань,пластиковые окна,commercial,Казань,43,https://vottakieokna.ru/,vottakieokna.ru,2,0,,,homepage,ok,,artifacts\query--a89d33ce108bba5e.json,62e1882f8ef1c782a716937126a9de04ff1cf9c5,202589,94.7368,4262.0,167825.0,559.0,308.0,0.5509838998211091,6.4973,36.0,15.5278,8.0,1.0,10.0,2.0,13.0,1.0,70.0,1.0,189.0,0.0,0.0,0.0,26.0,3.0,4.0,0.5,0.5,1.0,0.25,19.0,0.046512,0.75,121.0,54.0,88.0,0.0,4.0,15.0,3.75,69.875,216.457961,96.601073,157.423971,0.0,0.025396,0.539865,1.0,1.0,4.619835,1.625,0.404899,0.269933,0.134966,0.125,0.20119,0.6,0.727273,0.696552,0.337209,0.092377,0.539865,200.0,1.0,0.0,0.0,1.0,1.0,0.0,0.0,0.0,0.0,1.0,1.0,0.0,0.0,0.0,0.0,0.0,0.0,1.0,1.0,0.5,1.0,0.9,1.0,4.0,1.0,1.0,1.0,0.0,1.0,1.0,1.0,1.0,1.0,1.0,0.0,0.0,1.0,5.0,1.0,1.0,1.0,1.0,1.0,7.0,8.0,0.777778,0.888889,0.888889
dataset-v2,v2,extraction-v2,hybrid-v1,weak_serp,89.4737,,пластиковые окна цена Казань,пластиковые окна,commercial,Казань,43,https://kazan.okna-plastikovyye.ru/,kazan.okna-plastikovyye.ru,3,0,,,homepage,ok,,artifacts\query--6e49de03beea9ca4.json,06e19ff12c383fdaebb6569cde256e74fa78859a,495117,89.4737,24168.0,328263.0,3419.0,1090.0,0.31880666861655454,5.8789,285.0,11.9965,262.0,1.0,6.0,0.0,7.0,1.0,43.0,1.0,43.0,0.0,0.0,0.0,150.0,0.0,0.0,0.0,0.0,3.0,0.25,31.0,0.043872,1.0,229.0,146.0,274.0,7.0,9.0,145.0,16.111111,13.0496,66.978649,42.702545,80.140392,2.047382,0.073624,0.307633,1.0,1.0,14.930131,0.026718,0.307633,0.0,0.076908,0.0,0.307633,0.4625,0.781818,0.296552,0.537584,0.098075,0.307633,200.0,1.0,0.0,0.0,1.0,1.0,1.0,0.0,0.0,0.0,1.0,1.0,1.0,0.0,0.0,0.0,0.0,0.0,1.0,1.0,1.0,1.0,1.0,1.0,5.0,1.0,1.0,1.0,1.0,1.0,1.0,1.0,1.0,1.0,1.0,1.0,1.0,1.0,27.0,1.0,1.0,1.0,1.0,1.0,9.0,9.0,1.0,1.0,1.0
dataset-v2,v2,extraction-v2,hybrid-v1,weak_serp,78.9474,,пластиковые окна цена Казань,пластиковые окна,commercial,Казань,43,https://oknazavr.ru/kazan/,oknazavr.ru,5,0,,,content,ok,,artifacts\query--fb4c67301adb69e7.json,b2ad5f22c3a051ef6fea2eeea8362badb9fc4d70,328709,78.9474,8436.0,260062.0,1230.0,643.0,0.5227642276422764,5.6407,110.0,11.1818,79.0,1.0,7.0,5.0,13.0,1.0,74.0,1.0,139.0,0.0,0.0,0.0,54.0,1.0,1.0,0.25,0.25,1.0,0.25,18.0,0.043902,0.75,282.0,82.0,186.0,0.0,2.0,10.0,5.0,15.5696,229.268293,66.666667,151.219512,0.0,0.032438,0.493187,1.0,1.0,4.361702,0.164557,0.36989,0.123297,0.123297,0.0625,0.404413,0.5125,0.654545,0.958621,0.402439,0.176177,0.493187,200.0,1.0,0.0,0.0,0.0,0.0,1.0,0.0,0.0,0.0,1.0,1.0,1.0,0.0,0.0,1.0,0.0,0.0,1.0,0.9,1.0,0.75,0.93,1.0,1.0,0.0,1.0,1.0,1.0,1.0,0.0,0.0,0.0,1.0,1.0,1.0,1.0,1.0,1.0,0.0,1.0,1.0,1.0,0.6,7.0,7.0,0.777778,0.777778,0.718519
dataset-v2,v2,extraction-v2,hybrid-v1,weak_serp,73.6842,,пластиковые окна цена Казань,пластиковые окна,commercial,Казань,43,https://www.okna-rubin.ru/,okna-rubin.ru,6,0,,,homepage,ok,,artifacts\query--213b76308cf9dba4.json,18014cb63c85147779f405d33dbf69a1dd535580,296381,73.6842,10394.0,221382.0,1432.0,758.0,0.5293296089385475,6.0796,88.0,16.2727,30.0,1.0,5.0,7.0,13.0,1.0,62.0,1.0,141.0,0.0,0.0,0.0,53.0,3.0,2.0,0.75,0.5,6.0,0.5,12.0,0.037011,1.0,149.0,47.0,51.0,0.0,6.0,53.0,8.833333,47.7333,104.050279,32.821229,35.614525,0.0,0.046951,0.374691,1.0,1.0,9.610738,0.433333,0.374691,0.281018,0.187345,0.375,0.357705,0.7875,0.872727,0.972414,0.766294,0.157787,0.374691,200.0,1.0,0.0,0.0,1.0,1.0,1.0,0.0,0.0,0.0,1.0,1.0,1.0,0.0,0.0,0.0,0.0,0.0,1.0,1.0,1.0,1.0,1.0,1.0,4.0,0.0,1.0,1.0,1.0,1.0,1.0,1.0,1.0,0.0,1.0,0.0,0.0,1.0,14.0,1.0,1.0,1.0,1.0,0.8,8.0,6.0,0.888889,0.666667,0.785185
dataset-v2,v2,extraction-v2,hybrid-v1,weak_serp,68.4211,,пластиковые окна цена Казань,пластиковые окна,commercial,Казань,43,https://oknamall.ru/,oknamall.ru,7,0,,,homepage,ok,,artifacts\query--879f51f2d174c913.json,c5cf49b872bee3026556de2f37850c7de9b9d788,736316,68.4211,15263.0,667620.0,2103.0,987.0,0.4693295292439372,5.9396,125.0,16.824,24.0,0.0,0.0,0.0,0.0,1.0,65.0,1.0,242.0,0.0,0.0,0.0,47.0,3.0,3.0,0.5,0.5,0.0,0.0,3.0,0.022349,1.0,54.0,13.0,57.0,12.0,5.0,39.0,7.8,87.625,25.677603,6.181645,27.104137,5.706134,0.022862,0.587052,0.75,1.0,38.944444,0.0,0.587052,0.293526,0.0,0.0,0.587052,0.5125,0.818182,0.331034,0.744968,0.275521,0.587052,200.0,1.0,0.0,0.0,1.0,0.0,0.0,0.0,0.0,0.0,1.0,1.0,0.0,0.0,0.0,0.0,0.0,0.0,1.0,1.0,0.5,0.0,0.7,1.0,11.0,0.0,1.0,0.0,0.0,1.0,1.0,1.0,1.0,1.0,1.0,0.0,0.0,1.0,8.0,1.0,1.0,1.0,1.0,0.6,6.0,6.0,0.666667,0.666667,0.644444
dataset-v2,v2,extraction-v2,hybrid-v1,weak_serp,63.1579,,пластиковые окна цена Казань,пластиковые окна,commercial,Казань,43,https://kazan-ihlas.ru/,kazan-ihlas.ru,8,0,,,homepage,ok,,artifacts\query--edac9d16358827dc.json,c39218d5864bafd102f38304c71f3667e5932457,167307,63.1579,10919.0,89091.0,1540.0,724.0,0.4701298701298701,5.7831,123.0,12.5203,30.0,1.0,9.0,17.0,27.0,1.0,68.0,1.0,244.0,0.0,0.0,0.0,104.0,5.0,3.0,0.75,0.5,16.0,0.75,20.0,0.067532,1.0,154.0,79.0,230.0,25.0,1.0,2.0,2.0,51.3333,100.0,51.298701,149.350649,16.233766,0.12256,0.627954,1.0,1.0,10.0,0.9,0.627954,0.470966,0.470966,0.5625,0.627954,0.85,0.763636,0.317241,0.0,0.252577,0.627954,200.0,1.0,0.0,0.0,1.0,1.0,1.0,0.0,0.0,0.0,1.0,1.0,1.0,0.0,0.0,0.0,0.0,0.0,1.0,1.0,1.0,1.0,1.0,1.0,4.0,1.0,1.0,1.0,0.0,1.0,1.0,1.0,1.0,1.0,1.0,1.0,1.0,1.0,17.0,1.0,1.0,1.0,1.0,1.0,8.0,9.0,0.888889,1.0,0.962963
dataset-v2,v2,extraction-v2,hybrid-v1,weak_serp,57.8947,,пластиковые окна цена Казань,пластиковые окна,commercial,Казань,43,https://kazan.essokna.ru/,kazan.essokna.ru,9,0,,,homepage,ok,,artifacts\query--6d95cc7ada6edfe0.json,b42f4a4de9bb447a0dd1612dd53fbcc776136a9a,140401,57.8947,7057.0,83404.0,1011.0,484.0,0.47873392680514343,5.8042,88.0,11.4886,12.0,1.0,7.0,23.0,31.0,1.0,51.0,1.0,222.0,0.0,0.0,0.0,64.0,2.0,5.0,0.5,1.0,11.0,0.75,25.0,0.063304,1.0,146.0,50.0,72.0,10.0,1.0,5.0,5.0,84.25,144.411474,49.455984,71.216617,9.891197,0.084612,0.567334,1.0,1.0,6.924658,2.583333,0.567334,0.283667,0.425501,0.375,0.382383,0.7625,0.927273,0.468966,0.0,0.15255,0.567334,200.0,1.0,0.0,0.0,1.0,1.0,0.0,0.0,0.0,0.0,1.0,1.0,1.0,0.0,0.0,0.0,0.0,0.0,1.0,1.0,1.0,1.0,1.0,1.0,3.0,1.0,1.0,1.0,1.0,1.0,1.0,1.0,1.0,0.0,1.0,0.0,0.0,1.0,10.0,1.0,1.0,1.0,1.0,1.0,8.0,7.0,0.888889,0.777778,0.888889
dataset-v2,v2,extraction-v2,hybrid-v1,weak_serp,52.6316,,пластиковые окна цена Казань,пластиковые окна,commercial,Казань,43,https://kazan.zavod-okna-pvh.ru/,kazan.zavod-okna-pvh.ru,10,0,,,homepage,ok,,artifacts\query--f6bcfc9a7ea51531.json,e6a5729725eb103ec2ca9615ee98e8f8682fa404,388126,52.6316,27692.0,256478.0,3864.0,1459.0,0.3775879917184265,6.0034,182.0,21.2308,282.0,1.0,17.0,0.0,18.0,1.0,82.0,1.0,118.0,0.0,0.0,0.0,151.0,2.0,0.0,0.5,0.0,9.0,0.5,20.0,0.039079,1.0,180.0,186.0,212.0,0.0,12.0,145.0,12.083333,13.7021,46.583851,48.136646,54.865424,0.0,0.10797,0.351337,1.0,1.0,21.466667,0.06383,0.351337,0.175669,0.175669,0.25,0.351337,0.7,0.509091,0.813793,0.697378,0.132661,0.351337,200.0,1.0,0.0,0.0,1.0,1.0,1.0,0.0,0.0,0.0,1.0,1.0,1.0,0.0,0.0,0.0,0.0,0.0,1.0,1.0,1.0,1.0,1.0,1.0,1.0,1.0,1.0,1.0,1.0,1.0,1.0,1.0,1.0,1.0,1.0,0.0,0.0,1.0,11.0,1.0,1.0,1.0,1.0,1.0,8.0,8.0,0.888889,0.888889,0.925926
dataset-v2,v2,extraction-v2,hybrid-v1,weak_serp,100.0,,пластиковые окна цена Краснодар,пластиковые окна,commercial,Краснодар,35,https://okna-zavod-krasnodar.ru/,okna-zavod-krasnodar.ru,1,0,,,homepage,ok,,artifacts\query--fa19e5aa0b03747c.json,ee1550a524de094004b32b73e246947060bab25d,274684,100.0,6774.0,236362.0,946.0,548.0,0.5792811839323467,6.0074,28.0,33.7857,101.0,1.0,8.0,0.0,9.0,1.0,73.0,1.0,176.0,0.0,0.0,0.0,37.0,3.0,3.0,0.5,0.75,6.0,0.5,18.0,0.039112,1.0,65.0,26.0,35.0,0.0,1.0,8.0,8.0,9.3663,68.710359,27.484144,36.997886,0.0,0.028659,0.685243,1.0,1.0,14.553846,0.089109,0.685243,0.342622,0.342622,0.25,0.43216,0.7,0.672727,0.786207,0.696265,0.208618,0.685243,200.0,1.0,0.0,0.0,1.0,1.0,0.0,0.0,0.0,0.0,1.0,1.0,0.0,0.0,0.0,0.0,0.0,0.0,1.0,1.0,0.5,1.0,0.9,1.0,3.0,1.0,1.0,1.0,1.0,1.0,1.0,1.0,1.0,0.0,0.0,1.0,0.0,1.0,10.0,1.0,1.0,1.0,1.0,1.0,8.0,7.0,0.888889,0.777778,0.888889
dataset-v2,v2,extraction-v2,hybrid-v1,weak_serp,94.7368,,пластиковые окна цена Краснодар,пластиковые окна,commercial,Краснодар,35,https://oknazavr.ru/krasnodar/plastikovye-okna/,oknazavr.ru,2,0,,,content,ok,,artifacts\query--392a7aaef1cef109.json,354ac34687c19e967a24b0aa73f111d4456a40f4,814206,94.7368,14463.0,702420.0,2136.0,814.0,0.38108614232209737,5.507,144.0,14.8333,276.0,1.0,11.0,10.0,22.0,1.0,85.0,1.0,162.0,0.0,0.0,0.0,105.0,4.0,0.0,0.5,0.0,6.0,0.75,21.0,0.049157,1.0,367.0,223.0,259.0,0.0,3.0,90.0,30.0,7.7391,171.816479,104.400749,121.254682,0.0,0.02059,0.642572,1.0,1.0,5.820163,0.07971,0.642572,0.321286,0.481929,0.375,0.642572,0.7625,0.454545,0.882759,0.361423,0.244875,0.642572,200.0,1.0,0.0,0.0,0.0,0.0,1.0,0.0,0.0,0.0,1.0,1.0,1.0,0.0,0.0,2.0,0.0,0.0,1.0,0.8,1.0,0.75,0.91,1.0,1.0,0.0,1.0,1.0,1.0,1.0,0.0,0.0,0.0,1.0,1.0,1.0,1.0,1.0,1.0,0.0,1.0,1.0,1.0,0.6,7.0,7.0,0.777778,0.777778,0.718519
dataset-v2,v2,extraction-v2,hybrid-v1,weak_serp,89.4737,,пластиковые окна цена Краснодар,пластиковые окна,commercial,Краснодар,35,https://krasnodar.delaem-okna.ru/,krasnodar.delaem-okna.ru,3,0,,,homepage,ok,,artifacts\query--e2c5f842c84f8d15.json,e4a2288448b6d07d2bf98031d5662f8eefd7f00f,831850,89.4737,19999.0,700131.0,2749.0,1005.0,0.3655874863586759,6.1448,151.0,18.2053,71.0,1.0,19.0,2.0,22.0,1.0,84.0,1.0,298.0,0.0,0.0,0.0,204.0,3.0,5.0,0.75,0.5,6.0,0.5,52.0,0.074209,1.0,301.0,135.0,84.0,7.0,2.0,16.0,8.0,38.7183,109.494362,49.108767,30.556566,2.546381,0.028565,0.626654,1.0,1.0,9.13289,0.309859,0.626654,0.469991,0.313327,0.375,0.626654,0.7875,0.472727,0.0,0.0,0.229097,0.626654,200.0,1.0,0.0,0.0,1.0,1.0,0.0,0.0,0.0,0.0,1.0,1.0,1.0,0.0,0.0,0.0,0.0,0.0,1.0,1.0,1.0,1.0,1.0,1.0,1.0,1.0,1.0,1.0,1.0,1.0,1.0,1.0,1.0,1.0,0.0,1.0,1.0,1.0,37.0,1.0,1.0,1.0,1.0,1.0,9.0,8.0,1.0,0.888889,0.962963
dataset-v2,v2,extraction-v2,hybrid-v1,weak_serp,84.2105,,пластиковые окна цена Краснодар,пластиковые окна,commercial,Краснодар,35,https://krasnodar.okna-tseny.ru/,krasnodar.okna-tseny.ru,4,0,,,homepage,ok,,artifacts\query--8ad40cd2115c4ef3.json,0cd81315d375bc4f92557efae709b3470e67e6b6,386022,84.2105,19840.0,268711.0,3235.0,1042.0,0.3221020092735703,4.9629,300.0,10.7833,9.0,1.0,16.0,5.0,22.0,1.0,59.0,1.0,133.0,0.0,0.0,0.0,165.0,2.0,3.0,0.5,0.75,21.0,0.75,29.0,0.051005,1.0,161.0,188.0,69.0,3.0,20.0,140.0,7.0,359.4444,49.768161,58.114374,21.329212,0.927357,0.073834,0.632688,1.0,1.0,20.093168,2.444444,0.632688,0.316344,0.474516,0.375,0.632688,0.7625,0.927273,0.917241,0.299845,0.20379,0.632688,200.0,1.0,0.0,0.0,0.0,0.0,1.0,0.0,0.0,0.0,1.0,1.0,1.0,0.0,0.0,0.0,0.0,0.0,1.0,1.0,1.0,0.75,0.95,1.0,1.0,1.0,1.0,1.0,1.0,1.0,1.0,1.0,1.0,1.0,1.0,1.0,0.0,1.0,26.0,1.0,1.0,1.0,1.0,1.0,8.0,9.0,0.888889,1.0,0.962963
dataset-v2,v2,extraction-v2,hybrid-v1,weak_serp,78.9474,,пластиковые окна цена Краснодар,пластиковые окна,commercial,Краснодар,35,https://krasnodar.oknatrade.ru/catalog/plastikovye-okna/,krasnodar.oknatrade.ru,5,0,,,product,ok,,artifacts\query--f0533eea6fa8c471.json,a20e2b3e92413139ba5fd60087efd940d82e7930,1525603,78.9474,27765.0,1296097.0,4325.0,964.0,0.22289017341040462,5.2308,154.0,28.0844,354.0,1.0,5.0,1.0,7.0,1.0,62.0,1.0,131.0,0.0,0.0,0.0,196.0,2.0,2.0,0.5,0.5,2.0,0.5,33.0,0.045318,1.0,458.0,101.0,468.0,30.0,3.0,157.0,52.333333,12.2175,105.895954,23.352601,108.208092,6.936416,0.021422,0.441411,1.0,1.0,9.443231,0.019774,0.441411,0.220705,0.220705,0.25,0.441411,0.7,0.872727,0.903448,0.489403,0.098386,0.441411,200.0,1.0,0.0,0.0,0.0,0.0,0.0,0.0,0.0,0.0,1.0,1.0,1.0,0.0,0.0,2.0,0.0,0.0,1.0,0.8,1.0,0.75,0.91,1.0,19.0,1.0,1.0,1.0,1.0,1.0,1.0,1.0,1.0,1.0,1.0,1.0,0.0,1.0,13.0,1.0,1.0,1.0,1.0,1.0,8.0,9.0,0.888889,1.0,0.962963
dataset-v2,v2,extraction-v2,hybrid-v1,weak_serp,73.6842,,пластиковые окна цена Краснодар,пластиковые окна,commercial,Краснодар,35,https://krasnodar.zavod-okna-pvh.ru/,krasnodar.zavod-okna-pvh.ru,6,0,,,homepage,ok,,artifacts\query--38e961e93f2f2498.json,cc6231851b9a1e3469d696d9e9db6e32302a0b38,391447,73.6842,27775.0,258809.0,3870.0,1464.0,0.37829457364341085,6.0142,182.0,21.2637,282.0,1.0,17.0,0.0,18.0,1.0,86.0,1.0,122.0,0.0,0.0,0.0,151.0,2.0,0.0,0.5,0.0,9.0,0.5,20.0,0.039018,1.0,180.0,186.0,212.0,0.0,12.0,145.0,12.083333,13.7234,46.511628,48.062016,54.780362,0.0,0.107319,0.439204,1.0,1.0,21.5,0.06383,0.439204,0.219602,0.219602,0.25,0.439204,0.7,0.436364,0.841379,0.699397,0.166148,0.439204,200.0,1.0,0.0,0.0,1.0,1.0,1.0,0.0,0.0,0.0,1.0,1.0,1.0,0.0,0.0,0.0,0.0,0.0,1.0,1.0,1.0,1.0,1.0,1.0,1.0,1.0,1.0,1.0,1.0,1.0,1.0,1.0,1.0,1.0,1.0,0.0,0.0,1.0,11.0,1.0,1.0,1.0,1.0,1.0,8.0,8.0,0.888889,0.888889,0.925926
dataset-v2,v2,extraction-v2,hybrid-v1,weak_serp,68.4211,,пластиковые окна цена Краснодар,пластиковые окна,commercial,Краснодар,35,https://oknasravni.ru/krasnodar,oknasravni.ru,7,0,,,content,ok,,artifacts\query--97b3332562f57175.json,09dd4e29373508a1fd27a2d1f787ec47197ae0b2,240345,68.4211,14531.0,174155.0,2198.0,874.0,0.3976342129208371,5.3562,176.0,12.4886,3.0,1.0,8.0,2.0,11.0,1.0,69.0,1.0,155.0,0.0,0.0,0.0,136.0,1.0,3.0,0.25,0.5,8.0,0.5,44.0,0.061874,1.0,126.0,292.0,30.0,0.0,0.0,2.0,0.0,732.6667,57.324841,132.848044,13.648772,0.0,0.083437,0.591862,1.0,0.75,17.444444,3.666667,0.591862,0.147965,0.295931,0.125,0.591862,0.6125,0.745455,0.931034,0.0,0.235345,0.443897,200.0,1.0,0.0,0.0,1.0,1.0,0.0,0.0,0.0,0.0,1.0,1.0,1.0,0.0,0.0,1.0,0.0,0.0,1.0,0.9,1.0,1.0,0.98,0.0,0.0,0.0,1.0,1.0,1.0,1.0,0.0,0.0,1.0,1.0,1.0,1.0,0.0,1.0,1.0,0.0,1.0,0.0,0.0,0.4,5.0,6.0,0.555556,0.666667,0.540741
dataset-v2,v2,extraction-v2,hybrid-v1,weak_serp,63.1579,,пластиковые окна цена Краснодар,пластиковые окна,commercial,Краснодар,35,https://okna-193.ru/,okna-193.ru,8,0,,,homepage,ok,,artifacts\query--3f5dfb514b105c5f.json,acdf757078bf585328417c9d2787d2b63d319418,841219,63.1579,13679.0,762290.0,1862.0,893.0,0.47959183673469385,6.1579,123.0,15.1382,15.0,1.0,1.0,6.0,8.0,1.0,71.0,1.0,226.0,0.0,0.0,0.0,83.0,4.0,3.0,0.75,0.5,3.0,0.5,18.0,0.044576,1.0,120.0,113.0,71.0,55.0,9.0,63.0,7.0,124.1333,64.446831,60.687433,38.131042,29.538131,0.017945,0.674018,1.0,1.0,15.516667,0.533333,0.674018,0.505513,0.337009,0.375,0.674018,0.7875,0.709091,0.441379,0.514142,0.323254,0.674018,200.0,1.0,0.0,0.0,0.0,0.0,0.0,0.0,0.0,0.0,1.0,1.0,0.0,0.0,0.0,0.0,0.0,0.0,1.0,1.0,0.5,0.75,0.85,1.0,1.0,1.0,1.0,1.0,1.0,1.0,1.0,0.0,1.0,0.0,1.0,0.0,1.0,1.0,18.0,0.0,1.0,1.0,1.0,0.8,8.0,7.0,0.888889,0.777778,0.822222
dataset-v2,v2,extraction-v2,hybrid-v1,weak_serp,57.8947,,пластиковые окна цена Краснодар,пластиковые окна,commercial,Краснодар,35,https://glas-okna.ru/plastikovye-okna/,glas-okna.ru,9,0,,,content,ok,,artifacts\query--f9f9fdf0262507cb.json,763f04f16000cd97b60c9151d223477489991a1a,431326,57.8947,13114.0,354251.0,1667.0,915.0,0.5488902219556089,6.6911,110.0,15.1545,88.0,1.0,12.0,3.0,16.0,1.0,89.0,1.0,212.0,0.0,0.0,0.0,78.0,3.0,1.0,0.5,0.25,9.0,0.5,24.0,0.046791,0.75,126.0,45.0,82.0,5.0,1.0,7.0,7.0,18.9432,75.584883,26.994601,49.190162,2.9994,0.037019,0.420082,1.0,1.0,13.230159,0.181818,0.315061,0.210041,0.210041,0.25,0.420082,0.6625,0.381818,0.537931,0.330234,0.213542,0.420082,200.0,1.0,0.0,0.0,1.0,1.0,1.0,0.0,0.0,0.0,1.0,1.0,1.0,0.0,0.0,1.0,0.0,0.0,1.0,0.9,1.0,1.0,0.98,1.0,1.0,1.0,1.0,1.0,1.0,1.0,1.0,0.0,1.0,1.0,0.0,0.0,0.0,1.0,11.0,1.0,1.0,1.0,1.0,1.0,7.0,7.0,0.777778,0.777778,0.851852
dataset-v2,v2,extraction-v2,hybrid-v1,weak_serp,52.6316,,пластиковые окна цена Краснодар,пластиковые окна,commercial,Краснодар,35,https://krasnodar.okna-plastikovyye.ru/,krasnodar.okna-plastikovyye.ru,10,0,,,homepage,ok,,artifacts\query--45d750227ae2f5b3.json,259dacc4347face0d79de9eda73aa80d86c56f69,496294,52.6316,24329.0,327352.0,3438.0,1117.0,0.3248981966259453,5.8837,291.0,11.8144,260.0,1.0,6.0,0.0,7.0,1.0,47.0,1.0,47.0,0.0,0.0,0.0,153.0,0.0,0.0,0.0,0.0,3.0,0.25,31.0,0.044503,1.0,236.0,145.0,277.0,7.0,9.0,146.0,16.222222,13.2231,68.644561,42.175684,80.570099,2.036067,0.074321,0.305253,1.0,1.0,14.567797,0.026923,0.305253,0.0,0.076313,0.0,0.305253,0.4625,0.854545,0.324138,0.516579,0.099176,0.305253,200.0,1.0,0.0,0.0,1.0,1.0,1.0,0.0,0.0,0.0,1.0,1.0,1.0,0.0,0.0,0.0,0.0,0.0,1.0,1.0,1.0,1.0,1.0,1.0,3.0,1.0,1.0,1.0,1.0,1.0,1.0,1.0,1.0,1.0,1.0,1.0,0.0,1.0,23.0,1.0,1.0,1.0,1.0,1.0,8.0,9.0,0.888889,1.0,0.962963
dataset-v2,v2,extraction-v2,hybrid-v1,weak_serp,100.0,,пластиковые окна цена Самара,пластиковые окна,commercial,Самара,51,https://oknasravni.ru/samara,oknasravni.ru,1,0,,,content,ok,,artifacts\query--4f1de4a7bad2b025.json,65bccfe0933d952205238fa8a18b5d1c42ac2e77,241619,100.0,13802.0,177952.0,2118.0,792.0,0.37393767705382436,5.2663,168.0,12.6071,3.0,1.0,8.0,2.0,11.0,1.0,65.0,1.0,151.0,0.0,0.0,0.0,148.0,1.0,3.0,0.25,0.5,8.0,0.5,43.0,0.069877,1.0,125.0,291.0,30.0,0.0,0.0,2.0,0.0,706.0,59.017941,137.393768,14.164306,0.0,0.07756,0.785074,1.0,0.75,16.944,3.666667,0.785074,0.196269,0.392537,0.125,0.785074,0.6125,0.818182,0.958621,0.0,0.293569,0.588806,200.0,1.0,0.0,0.0,1.0,1.0,0.0,0.0,0.0,0.0,1.0,1.0,1.0,0.0,0.0,1.0,0.0,0.0,1.0,0.9,1.0,1.0,0.98,0.0,0.0,0.0,1.0,1.0,1.0,1.0,0.0,0.0,0.0,1.0,1.0,1.0,0.0,1.0,1.0,0.0,1.0,0.0,0.0,0.4,5.0,5.0,0.555556,0.555556,0.503704
dataset-v2,v2,extraction-v2,hybrid-v1,weak_serp,94.7368,,пластиковые окна цена Самара,пластиковые окна,commercial,Самара,51,https://oknazavr.ru/samara/plastikovye-okna/,oknazavr.ru,2,0,,,content,ok,,artifacts\query--ed3575a3361a2a91.json,67e6086a161f02d320900fa8e2377467d2076343,793370,94.7368,13066.0,688380.0,1969.0,743.0,0.3773489080751651,5.3535,135.0,14.5852,285.0,1.0,11.0,10.0,22.0,1.0,82.0,1.0,158.0,0.0,0.0,0.0,106.0,4.0,0.0,0.5,0.0,8.0,1.0,22.0,0.053834,1.0,352.0,232.0,233.0,0.0,3.0,72.0,24.0,6.9088,178.77095,117.826308,118.33418,0.0,0.018981,0.759731,1.0,1.0,5.59375,0.077193,0.759731,0.379866,0.759731,0.5,0.759731,0.825,0.509091,0.910345,0.205519,0.286684,0.759731,200.0,1.0,0.0,0.0,0.0,0.0,1.0,0.0,0.0,0.0,1.0,1.0,1.0,0.0,0.0,2.0,0.0,0.0,1.0,0.8,1.0,0.75,0.91,1.0,1.0,0.0,1.0,1.0,1.0,1.0,0.0,1.0,0.0,1.0,1.0,1.0,1.0,1.0,1.0,0.0,1.0,1.0,1.0,0.6,8.0,7.0,0.888889,0.777778,0.755556
dataset-v2,v2,extraction-v2,hybrid-v1,weak_serp,89.4737,,пластиковые окна цена Самара,пластиковые окна,commercial,Самара,51,https://azbukaokon63.ru/,azbukaokon63.ru,3,0,,,homepage,ok,,artifacts\query--f2a9c6b94f4c9412.json,6dbb8a211cb1be22933a09209753cad9d565a1cf,529872,89.4737,24211.0,401096.0,3542.0,947.0,0.2673630717108978,5.6694,337.0,10.5104,174.0,1.0,17.0,4.0,22.0,1.0,69.0,1.0,208.0,0.0,0.0,0.0,132.0,2.0,3.0,0.5,0.5,7.0,0.5,13.0,0.037267,1.0,380.0,141.0,127.0,41.0,5.0,32.0,6.4,20.3563,107.28402,39.808018,35.855449,11.575381,0.060362,0.741657,1.0,1.0,9.321053,0.126437,0.741657,0.370829,0.370829,0.25,0.741657,0.7,0.745455,0.565517,0.757764,0.198292,0.741657,200.0,1.0,0.0,0.0,0.0,0.0,0.0,0.0,0.0,0.0,1.0,1.0,1.0,0.0,0.0,0.0,0.0,0.0,1.0,1.0,1.0,0.75,0.95,1.0,7.0,1.0,1.0,1.0,1.0,1.0,1.0,1.0,1.0,0.0,1.0,0.0,1.0,1.0,51.0,1.0,1.0,1.0,1.0,1.0,9.0,7.0,1.0,0.777778,0.925926
dataset-v2,v2,extraction-v2,hybrid-v1,weak_serp,84.2105,,пластиковые окна цена Самара,пластиковые окна,commercial,Самара,51,https://okna-sok.ru/,okna-sok.ru,4,0,,,homepage,ok,,artifacts\query--cdc08c46128c6752.json,3b068b18b079f3827e1929cda0578cb35f4a3309,426032,84.2105,26027.0,308143.0,3728.0,1268.0,0.34012875536480686,5.8028,228.0,16.3509,48.0,1.0,24.0,10.0,35.0,1.0,74.0,1.0,160.0,0.0,0.0,0.0,104.0,3.0,2.0,0.5,0.5,13.0,0.75,16.0,0.027897,1.0,179.0,98.0,116.0,16.0,4.0,30.0,7.5,77.6667,48.015021,26.287554,31.11588,4.291845,0.084464,0.740199,1.0,1.0,20.826816,0.729167,0.740199,0.3701,0.555149,0.375,0.740199,0.7625,0.654545,0.896552,0.9299,0.251763,0.740199,200.0,1.0,0.0,0.0,1.0,1.0,0.0,0.0,0.0,0.0,1.0,1.0,1.0,0.0,0.0,0.0,0.0,0.0,1.0,1.0,1.0,1.0,1.0,1.0,10.0,0.0,1.0,1.0,1.0,1.0,1.0,1.0,1.0,1.0,1.0,0.0,1.0,1.0,21.0,0.0,1.0,1.0,1.0,0.6,9.0,7.0,1.0,0.777778,0.792593
dataset-v2,v2,extraction-v2,hybrid-v1,weak_serp,78.9474,,пластиковые окна цена Самара,пластиковые окна,commercial,Самара,51,https://samara.okna-plastikovyye.ru/,samara.okna-plastikovyye.ru,5,0,,,homepage,ok,,artifacts\query--2f3dc74c7c036f95.json,4a97fc5f2ac6212b78033e2886b2c633745556a9,495134,78.9474,24245.0,327765.0,3418.0,1094.0,0.3200702165008777,5.9026,286.0,11.951,260.0,1.0,6.0,2.0,9.0,1.0,43.0,1.0,43.0,0.0,0.0,0.0,155.0,0.0,0.0,0.0,0.0,4.0,0.5,31.0,0.045348,1.0,228.0,146.0,273.0,7.0,9.0,145.0,16.111111,13.1462,66.705676,42.715038,79.87127,2.047981,0.073971,0.48368,1.0,1.0,14.991228,0.034615,0.48368,0.0,0.24184,0.0,0.48368,0.525,0.781818,0.296552,0.488395,0.154812,0.48368,200.0,1.0,0.0,0.0,1.0,1.0,1.0,0.0,0.0,0.0,1.0,1.0,1.0,0.0,0.0,0.0,0.0,0.0,1.0,1.0,1.0,1.0,1.0,1.0,4.0,1.0,1.0,1.0,1.0,1.0,1.0,1.0,1.0,1.0,1.0,1.0,0.0,1.0,27.0,1.0,1.0,1.0,1.0,1.0,8.0,9.0,0.888889,1.0,0.962963
dataset-v2,v2,extraction-v2,hybrid-v1,weak_serp,73.6842,,пластиковые окна цена Самара,пластиковые окна,commercial,Самара,51,https://smr.okna-olkon.ru/,smr.okna-olkon.ru,6,0,,,homepage,ok,,artifacts\query--999413215c07594d.json,122a048a59da8464b0adb8d855e591cba7ff7e1c,418396,73.6842,8824.0,358224.0,1371.0,491.0,0.35813274981765136,5.2086,92.0,14.9022,74.0,1.0,13.0,51.0,65.0,1.0,43.0,1.0,164.0,0.0,0.0,0.0,49.0,2.0,4.0,0.5,0.5,4.0,0.75,14.0,0.03574,1.0,88.0,100.0,36.0,7.0,9.0,88.0,9.777778,18.527,64.186725,72.93946,26.258206,5.105762,0.024633,0.654552,1.0,1.0,15.579545,0.878378,0.654552,0.327276,0.490914,0.375,0.598261,0.7625,0.781818,0.868966,0.808655,0.178547,0.654552,200.0,1.0,0.0,0.0,1.0,1.0,0.0,0.0,0.0,0.0,1.0,1.0,0.0,0.0,0.0,0.0,0.0,0.0,1.0,1.0,0.5,1.0,0.9,1.0,2.0,1.0,1.0,1.0,1.0,1.0,0.0,0.0,1.0,1.0,1.0,0.0,0.0,1.0,1.0,0.0,1.0,1.0,1.0,0.8,6.0,8.0,0.666667,0.888889,0.785185
dataset-v2,v2,extraction-v2,hybrid-v1,weak_serp,68.4211,,пластиковые окна цена Самара,пластиковые окна,commercial,Самара,51,https://npik.ru/,npik.ru,7,0,,,homepage,ok,,artifacts\query--8170028a007bd721.json,239819013e769e9eb26a69f182201bb3ac6d42f3,298940,68.4211,31439.0,170458.0,4348.0,1768.0,0.40662373505059796,6.0586,286.0,15.2028,135.0,1.0,4.0,24.0,29.0,1.0,63.0,1.0,185.0,0.0,0.0,0.0,113.0,3.0,0.0,0.75,0.0,4.0,0.5,23.0,0.025989,1.0,272.0,26.0,306.0,37.0,4.0,28.0,7.0,32.2074,62.557498,5.979761,70.377185,8.50966,0.184438,0.682464,1.0,1.0,15.985294,0.214815,0.682464,0.511848,0.341232,0.375,0.682464,0.7875,0.854545,0.724138,0.866299,0.277506,0.682464,200.0,1.0,0.0,0.0,1.0,1.0,1.0,0.0,0.0,0.0,1.0,1.0,1.0,0.0,0.0,0.0,0.0,0.0,1.0,1.0,1.0,1.0,1.0,1.0,7.0,1.0,1.0,1.0,1.0,1.0,1.0,1.0,1.0,1.0,1.0,0.0,0.0,1.0,9.0,1.0,1.0,1.0,1.0,1.0,8.0,8.0,0.888889,0.888889,0.925926
dataset-v2,v2,extraction-v2,hybrid-v1,weak_serp,63.1579,,пластиковые окна цена Самара,пластиковые окна,commercial,Самара,51,https://samara.delaem-okna.ru/,samara.delaem-okna.ru,8,0,,,homepage,ok,,artifacts\query--156ac614fecffe6d.json,08a452bd8c41fcf1f9f80f9f127ea44246cee71a,830217,63.1579,19977.0,698863.0,2751.0,1009.0,0.3667757179207561,6.1305,151.0,18.2185,72.0,1.0,19.0,2.0,22.0,1.0,80.0,1.0,295.0,0.0,0.0,0.0,198.0,3.0,4.0,0.75,0.5,6.0,0.5,51.0,0.071974,1.0,301.0,135.0,84.0,7.0,2.0,16.0,8.0,38.2083,109.414758,49.073064,30.534351,2.544529,0.028585,0.769475,1.0,1.0,9.139535,0.305556,0.769475,0.577106,0.384738,0.375,0.769475,0.7875,0.545455,0.0,0.0,0.282225,0.769475,200.0,1.0,0.0,0.0,1.0,1.0,0.0,0.0,0.0,0.0,1.0,1.0,1.0,0.0,0.0,0.0,0.0,0.0,1.0,1.0,1.0,1.0,1.0,1.0,2.0,1.0,1.0,1.0,1.0,1.0,1.0,1.0,1.0,1.0,0.0,1.0,1.0,1.0,37.0,1.0,1.0,1.0,1.0,1.0,9.0,8.0,1.0,0.888889,0.962963
dataset-v2,v2,extraction-v2,hybrid-v1,weak_serp,57.8947,,пластиковые окна цена Самара,пластиковые окна,commercial,Самара,51,https://mirokon-samara.ru/,mirokon-samara.ru,9,0,,,homepage,ok,,artifacts\query--13a226da0403462c.json,e3b445ffd16a7ecd0720bfdccc4a8694d3cde7f2,126285,57.8947,8791.0,83432.0,1310.0,637.0,0.4862595419847328,5.5534,107.0,12.243,12.0,1.0,5.0,0.0,6.0,1.0,52.0,1.0,139.0,0.0,0.0,0.0,92.0,3.0,8.0,0.5,0.75,7.0,0.75,29.0,0.070229,1.0,54.0,52.0,39.0,0.0,7.0,23.0,3.285714,109.1667,41.221374,39.694656,29.770992,0.0,0.105367,0.58991,1.0,1.0,24.259259,0.5,0.58991,0.294955,0.442433,0.375,0.515188,0.7625,0.945455,0.958621,0.0,0.208763,0.58991,200.0,1.0,0.0,0.0,0.0,0.0,1.0,0.0,0.0,0.0,1.0,1.0,1.0,0.0,0.0,0.0,0.0,0.0,1.0,1.0,1.0,0.75,0.95,1.0,3.0,0.0,1.0,0.0,1.0,1.0,0.0,1.0,0.0,1.0,1.0,0.0,0.0,1.0,1.0,0.0,1.0,1.0,1.0,0.4,6.0,5.0,0.666667,0.555556,0.540741
dataset-v2,v2,extraction-v2,hybrid-v1,weak_serp,52.6316,,пластиковые окна цена Самара,пластиковые окна,commercial,Самара,51,https://www.avito.ru/samara/remont_i_stroitelstvo/plastikovye_okna_8099668986,avito.ru,10,0,,,content,ok,,artifacts\query--7d41665580655a95.json,37c86a8df8feef1d64b1705fbb776e7fa0e9a37d,34370,52.6316,947.0,28943.0,133.0,90.0,0.6766917293233082,5.8421,12.0,11.0833,11.0,0.0,1.0,0.0,1.0,1.0,31.0,0.0,0.0,0.0,0.0,0.0,0.0,0.0,0.0,0.0,0.0,0.0,0.0,0.0,0.0,0.0,1.0,1.0,0.0,1.0,1.0,2.0,2.0,12.0909,7.518797,7.518797,0.0,7.518797,0.032719,0.032024,0.0,0.75,133.0,0.090909,0.0,0.0,0.0,0.0,0.002839,0.0,0.563636,0.0,0.0,0.001601,0.024018,429.0,0.0,0.0,0.0,0.0,0.0,0.0,0.0,0.0,0.0,0.0,1.0,1.0,0.0,0.0,3.0,0.0,0.0,1.0,0.7,1.0,0.75,0.69,1.0,1.0,0.0,0.0,0.0,0.0,1.0,0.0,0.0,0.0,1.0,0.0,0.0,0.0,1.0,1.0,1.0,0.0,1.0,1.0,0.4,2.0,3.0,0.222222,0.333333,0.318519
dataset-v2,v2,extraction-v2,hybrid-v1,weak_serp,94.7368,,пластиковые окна цена Нижний Новгород,пластиковые окна,commercial,Нижний Новгород,47,https://www.oknakompas.ru/,oknakompas.ru,2,0,,,homepage,ok,,artifacts\query--593f3c9745c0d880.json,275e4c32bdfca8977bebcc6e5364cded914b041f,1218212,94.7368,45787.0,982298.0,6614.0,1058.0,0.15996371333534926,5.6219,421.0,15.7102,1332.0,1.0,15.0,7.0,23.0,1.0,79.0,1.0,179.0,0.0,0.0,0.0,211.0,3.0,2.0,0.4,0.4,1.0,0.2,19.0,0.031902,1.0,507.0,121.0,765.0,7.0,27.0,73.0,2.703704,4.9655,76.655579,18.294527,115.663744,1.058361,0.046612,0.556386,1.0,1.0,13.045365,0.017267,0.556386,0.222554,0.111277,0.08,0.556386,0.59,0.563636,0.765517,0.936599,0.089002,0.556386,200.0,1.0,0.0,0.0,1.0,1.0,1.0,0.0,0.0,0.0,1.0,1.0,1.0,0.0,0.0,0.0,0.0,0.0,1.0,1.0,1.0,1.0,1.0,1.0,6.0,0.0,1.0,1.0,1.0,1.0,1.0,1.0,1.0,1.0,1.0,0.0,0.0,1.0,33.0,0.0,1.0,1.0,1.0,0.6,8.0,7.0,0.888889,0.777778,0.755556
dataset-v2,v2,extraction-v2,hybrid-v1,weak_serp,89.4737,,пластиковые окна цена Нижний Новгород,пластиковые окна,commercial,Нижний Новгород,47,https://окна-саксэс.рф/,окна-саксэс.рф,3,0,,,homepage,ok,,artifacts\query--dbfe1adf059da150.json,749f3e9a8173dbc752c22be7cd674723a705504b,1181493,89.4737,38159.0,948633.0,5548.0,1630.0,0.2937995674116799,5.7111,212.0,26.1698,786.0,1.0,10.0,1.0,12.0,1.0,66.0,1.0,158.0,0.0,0.0,0.0,153.0,2.0,2.0,0.4,0.4,5.0,0.4,4.0,0.027578,1.0,382.0,500.0,317.0,34.0,17.0,319.0,18.764706,7.0585,68.853641,90.122567,57.137707,6.128335,0.040225,0.553912,0.8,1.0,14.52356,0.015267,0.553912,0.221565,0.221565,0.16,0.553912,0.59,0.8,0.910345,0.91925,0.162739,0.553912,200.0,1.0,0.0,0.0,1.0,1.0,1.0,0.0,0.0,0.0,1.0,1.0,1.0,0.0,0.0,0.0,0.0,0.0,1.0,1.0,1.0,1.0,1.0,1.0,8.0,1.0,1.0,1.0,1.0,1.0,1.0,1.0,1.0,1.0,1.0,0.0,1.0,1.0,19.0,0.0,1.0,1.0,1.0,0.8,9.0,8.0,1.0,0.888889,0.896296
dataset-v2,v2,extraction-v2,hybrid-v1,weak_serp,84.2105,,пластиковые окна цена Нижний Новгород,пластиковые окна,commercial,Нижний Новгород,47,https://nn.okna-plastikovyye.ru/,nn.okna-plastikovyye.ru,4,0,,,homepage,ok,,artifacts\query--d534c89c8213b946.json,056010c940f493a55f034d99f33adc651f88c3f7,490241,84.2105,24300.0,324880.0,3438.0,1114.0,0.3240255962769052,5.8755,288.0,11.9375,262.0,1.0,6.0,0.0,7.0,1.0,44.0,1.0,44.0,0.0,0.0,0.0,151.0,2.0,2.0,0.4,0.4,4.0,0.4,33.0,0.043921,1.0,223.0,146.0,268.0,7.0,9.0,145.0,16.111111,13.1221,64.863293,42.46655,77.952298,2.036067,0.074797,0.187522,1.0,1.0,15.41704,0.026718,0.187522,0.075009,0.075009,0.16,0.187522,0.64,0.8,0.303448,0.535971,0.060762,0.187522,200.0,1.0,0.0,0.0,1.0,1.0,1.0,0.0,0.0,0.0,1.0,1.0,1.0,0.0,0.0,0.0,0.0,0.0,1.0,1.0,1.0,1.0,1.0,1.0,4.0,1.0,1.0,1.0,1.0,1.0,1.0,1.0,1.0,1.0,1.0,1.0,0.0,1.0,27.0,1.0,1.0,1.0,1.0,1.0,8.0,9.0,0.888889,1.0,0.962963
dataset-v2,v2,extraction-v2,hybrid-v1,weak_serp,78.9474,,пластиковые окна цена Нижний Новгород,пластиковые окна,commercial,Нижний Новгород,47,https://akonta.ru/,akonta.ru,5,0,,,homepage,ok,,artifacts\query--00b95e1f1b82712b.json,76fbfeb0212b58878aa88b50077eed03a99de6cb,518105,78.9474,19596.0,427457.0,2671.0,904.0,0.3384500187195807,6.1733,180.0,14.8389,1.0,1.0,17.0,5.0,23.0,1.0,81.0,1.0,160.0,0.0,0.0,0.0,150.0,2.0,2.0,0.4,0.4,24.0,0.8,21.0,0.056159,1.0,108.0,16.0,145.0,10.0,4.0,61.0,15.25,2671.0,40.434294,5.990266,54.286784,3.743916,0.045843,0.612096,1.0,1.0,24.731481,23.0,0.612096,0.244838,0.489677,0.32,0.612096,0.74,0.527273,0.896552,0.128042,0.207164,0.612096,200.0,1.0,0.0,0.0,1.0,1.0,0.0,0.0,0.0,0.0,1.0,1.0,0.0,0.0,0.0,0.0,0.0,0.0,1.0,1.0,0.5,1.0,0.9,1.0,6.0,1.0,1.0,1.0,1.0,1.0,1.0,1.0,1.0,1.0,1.0,1.0,1.0,1.0,7.0,1.0,1.0,1.0,1.0,1.0,9.0,9.0,1.0,1.0,1.0
dataset-v2,v2,extraction-v2,hybrid-v1,weak_serp,73.6842,,пластиковые окна цена Нижний Новгород,пластиковые окна,commercial,Нижний Новгород,47,https://nizhniy.essokna.ru/,nizhniy.essokna.ru,6,0,,,homepage,ok,,artifacts\query--0c6500a3e85f91ad.json,cb15d81472ac75a571e8ac3b42bb86ea21a81fda,143876,73.6842,7270.0,84762.0,1036.0,489.0,0.472007722007722,5.8475,90.0,11.5111,12.0,1.0,7.0,23.0,31.0,1.0,60.0,1.0,241.0,0.0,0.0,0.0,80.0,3.0,6.0,0.6,1.0,12.0,0.8,25.0,0.07722,1.0,146.0,50.0,72.0,10.0,1.0,5.0,5.0,86.3333,140.926641,48.262548,69.498069,9.65251,0.08577,0.620929,1.0,1.0,7.09589,2.583333,0.620929,0.372557,0.496743,0.48,0.428855,0.81,0.909091,0.337931,0.0,0.168686,0.620929,200.0,1.0,0.0,0.0,1.0,1.0,0.0,0.0,0.0,0.0,1.0,1.0,1.0,0.0,0.0,0.0,0.0,0.0,1.0,1.0,1.0,1.0,1.0,1.0,3.0,1.0,1.0,1.0,1.0,1.0,1.0,1.0,1.0,0.0,1.0,0.0,0.0,1.0,10.0,1.0,1.0,1.0,1.0,1.0,8.0,7.0,0.888889,0.777778,0.888889
dataset-v2,v2,extraction-v2,hybrid-v1,weak_serp,68.4211,,пластиковые окна цена Нижний Новгород,пластиковые окна,commercial,Нижний Новгород,47,https://domokna52.ru/ceny/ceny-na-plastikovye-okna/,domokna52.ru,7,0,,,content,ok,,artifacts\query--1389eef756d8ca8f.json,bfe3a245af4b1f38ce3d4e87bebd351358950a28,500623,68.4211,17069.0,382583.0,2306.0,780.0,0.3382480485689506,6.1145,117.0,19.7094,25.0,1.0,7.0,0.0,8.0,1.0,72.0,1.0,164.0,0.0,0.0,0.0,146.0,3.0,0.0,0.4,0.0,6.0,0.4,22.0,0.063313,1.0,255.0,95.0,206.0,36.0,3.0,27.0,9.0,92.24,110.581093,41.196878,89.332177,15.611448,0.044615,0.667058,1.0,1.0,9.043137,0.32,0.667058,0.266823,0.266823,0.16,0.667058,0.64,0.690909,0.868966,0.0,0.225631,0.667058,200.0,1.0,0.0,0.0,0.0,0.0,1.0,0.0,0.0,0.0,1.0,1.0,1.0,0.0,0.0,2.0,0.0,0.0,1.0,0.8,1.0,0.75,0.91,1.0,10.0,1.0,1.0,1.0,1.0,1.0,1.0,1.0,1.0,0.0,1.0,1.0,1.0,1.0,1.0,1.0,1.0,1.0,1.0,1.0,9.0,8.0,1.0,0.888889,0.962963
dataset-v2,v2,extraction-v2,hybrid-v1,weak_serp,63.1579,,пластиковые окна цена Нижний Новгород,пластиковые окна,commercial,Нижний Новгород,47,https://oknavnizhnemnovgorode.ru/,oknavnizhnemnovgorode.ru,8,0,,,homepage,ok,,artifacts\query--6985c3093de6003f.json,29f6839da5ef92d5a653308f4825c899db52a235,121994,63.1579,12531.0,66579.0,1846.0,857.0,0.46424702058504874,5.5796,188.0,9.8191,19.0,1.0,10.0,1.0,12.0,1.0,71.0,1.0,163.0,0.0,0.0,0.0,68.0,2.0,2.0,0.4,0.4,3.0,0.4,18.0,0.036836,1.0,91.0,53.0,58.0,17.0,4.0,14.0,3.5,97.1579,49.295775,28.710726,31.419285,9.209101,0.188212,0.56938,1.0,1.0,20.285714,0.631579,0.56938,0.227752,0.227752,0.16,0.56938,0.64,0.709091,0.875862,0.77212,0.264333,0.56938,200.0,1.0,0.0,0.0,0.0,0.0,0.0,0.0,0.0,0.0,1.0,1.0,1.0,0.0,0.0,0.0,0.0,0.0,1.0,1.0,1.0,0.75,0.95,1.0,4.0,0.0,1.0,1.0,1.0,1.0,0.0,1.0,1.0,1.0,1.0,0.0,1.0,1.0,5.0,0.0,1.0,1.0,1.0,0.6,8.0,7.0,0.888889,0.777778,0.755556
dataset-v2,v2,extraction-v2,hybrid-v1,weak_serp,57.8947,,пластиковые окна цена Нижний Новгород,пластиковые окна,commercial,Нижний Новгород,47,https://nizhnijnovgorod.delaem-okna.ru/,nizhnijnovgorod.delaem-okna.ru,9,0,,,homepage,ok,,artifacts\query--f4a5e95454e482dd.json,5a60da1b11a38907e188f4a8f4a40ceff0ffccab,835696,57.8947,20103.0,703088.0,2773.0,1005.0,0.36242336819329246,6.1244,152.0,18.2434,71.0,1.0,19.0,2.0,22.0,1.0,90.0,1.0,305.0,0.0,0.0,0.0,209.0,3.0,5.0,0.6,0.4,6.0,0.4,52.0,0.07537,1.0,301.0,135.0,84.0,7.0,2.0,16.0,8.0,39.0563,108.5467,48.683736,30.292102,2.524342,0.028592,0.613646,1.0,1.0,9.212625,0.309859,0.613646,0.368188,0.245458,0.24,0.613646,0.71,0.363636,0.0,0.0,0.2224,0.613646,200.0,1.0,0.0,0.0,1.0,1.0,0.0,0.0,0.0,0.0,1.0,1.0,1.0,0.0,0.0,0.0,0.0,0.0,1.0,1.0,1.0,1.0,1.0,1.0,2.0,1.0,1.0,1.0,1.0,1.0,1.0,1.0,1.0,1.0,0.0,1.0,1.0,1.0,37.0,1.0,1.0,1.0,1.0,1.0,9.0,8.0,1.0,0.888889,0.962963
dataset-v2,v2,extraction-v2,hybrid-v1,weak_serp,52.6316,,пластиковые окна цена Нижний Новгород,пластиковые окна,commercial,Нижний Новгород,47,https://prizma-okna.ru/,prizma-okna.ru,10,0,,,homepage,ok,,artifacts\query--a376994943002ac3.json,b770d255d81d00188902a29d09825cdd9714cf0a,516235,52.6316,10061.0,460785.0,1350.0,600.0,0.4444444444444444,6.2533,118.0,11.4407,157.0,1.0,0.0,0.0,1.0,1.0,41.0,1.0,112.0,0.0,0.0,0.0,49.0,4.0,2.0,0.8,0.4,0.0,0.0,12.0,0.036296,0.8,134.0,49.0,45.0,29.0,3.0,20.0,6.666667,8.5987,99.259259,36.296296,33.333333,21.481481,0.021834,0.519168,1.0,1.0,10.074627,0.006369,0.415334,0.415334,0.0,0.0,0.467251,0.65,0.745455,0.772414,0.632099,0.173056,0.519168,200.0,1.0,0.0,0.0,0.0,0.0,0.0,0.0,0.0,0.0,1.0,1.0,1.0,0.0,0.0,0.0,0.0,0.0,1.0,1.0,1.0,0.75,0.95,1.0,2.0,1.0,1.0,1.0,1.0,1.0,1.0,1.0,1.0,0.0,1.0,1.0,0.0,1.0,6.0,0.0,1.0,1.0,1.0,0.8,8.0,8.0,0.888889,0.888889,0.859259
dataset-v2,v2,extraction-v2,hybrid-v1,weak_serp,100.0,,как выбрать пластиковые окна,пластиковые окна,informational,,,https://dom.mail.ru/articles/77101-kak-pravilno-vybrat-plastikovye-okna/,dom.mail.ru,1,0,,,article,ok,,artifacts\query--5f9c4b6706fd2adf.json,d7d14e63752af3c6d0f8b75211557faa6c52bc6d,612789,100.0,20992.0,515895.0,3447.0,1438.0,0.41717435451116913,4.8129,680.0,5.0691,51.0,1.0,4.0,12.0,17.0,1.0,150.0,1.0,210.0,0.0,1.0,2.0,60.0,4.0,1.0,1.0,0.25,7.0,1.0,23.0,0.017406,1.0,86.0,52.0,11.0,3.0,1.0,1.0,1.0,67.5882,24.949231,15.085582,3.191181,0.870322,0.04069,0.746438,1.0,1.0,40.081395,0.333333,0.746438,0.746438,0.746438,1.0,0.746438,1.0,0.0,0.551724,0.580215,0.311395,0.746438,200.0,1.0,0.0,0.0,1.0,1.0,1.0,0.0,0.0,0.0,1.0,1.0,1.0,0.0,0.0,2.0,0.0,0.0,1.0,0.8,1.0,1.0,0.96,1.0,37.0,0.0,1.0,1.0,0.0,1.0,0.0,0.0,0.0,1.0,1.0,1.0,1.0,1.0,1.0,1.0,1.0,1.0,1.0,0.8,6.0,7.0,0.666667,0.777778,0.748148
dataset-v2,v2,extraction-v2,hybrid-v1,weak_serp,94.7368,,как выбрать пластиковые окна,пластиковые окна,informational,,,https://news.ru/society/kak-vybrat-plastikovye-okna-polnyj-gajd-po-materialam-vidam-i-furniture,news.ru,2,0,,,content,ok,,artifacts\query--61c756f81c7e9257.json,c7f3dad696b0fcaaca1533954dcfbaf4798d8e68,317388,94.7368,19301.0,210456.0,2570.0,1471.0,0.5723735408560311,6.165,195.0,13.1795,49.0,1.0,8.0,1.0,10.0,1.0,84.0,1.0,150.0,0.0,1.0,2.0,61.0,3.0,0.0,0.75,0.0,13.0,1.0,20.0,0.023735,1.0,153.0,44.0,56.0,7.0,2.0,2.0,1.0,52.449,59.533074,17.120623,21.789883,2.723735,0.09171,0.298943,1.0,1.0,16.797386,0.204082,0.298943,0.224207,0.298943,0.75,0.298943,0.9125,0.472727,0.965517,0.79118,0.171107,0.298943,200.0,1.0,0.0,0.0,1.0,1.0,1.0,0.0,0.0,0.0,1.0,1.0,1.0,0.0,0.0,2.0,0.0,0.0,1.0,0.8,1.0,1.0,0.96,1.0,8.0,1.0,1.0,1.0,0.0,1.0,0.0,0.0,1.0,1.0,1.0,0.0,0.0,1.0,1.0,1.0,1.0,1.0,1.0,1.0,5.0,8.0,0.555556,0.888889,0.814815
dataset-v2,v2,extraction-v2,hybrid-v1,weak_serp,89.4737,,как выбрать пластиковые окна,пластиковые окна,informational,,,https://okonti.ru/articles/kak-vybrat-plastikovye-okna-v-kvartiru/,okonti.ru,3,0,,,article,ok,,artifacts\query--f4a94f08a7bc7877.json,68c410c141970273e279d64281313e40ed93077c,335860,89.4737,22440.0,172336.0,2983.0,1187.0,0.39792155548105934,6.351,164.0,18.189,66.0,1.0,16.0,7.0,24.0,1.0,70.0,1.0,189.0,1.0,1.0,3.0,117.0,4.0,2.0,1.0,0.5,12.0,1.0,19.0,0.039222,1.0,369.0,78.0,198.0,0.0,3.0,12.0,4.0,45.197,123.700972,26.148173,66.376131,0.0,0.130211,0.577456,1.0,1.0,8.084011,0.363636,0.577456,0.577456,0.577456,1.0,0.577456,1.0,0.727273,0.696552,0.692591,0.229782,0.577456,200.0,1.0,0.0,0.0,1.0,1.0,1.0,0.0,0.0,0.0,1.0,1.0,1.0,0.0,0.0,2.0,0.0,0.0,1.0,0.8,1.0,1.0,0.96,1.0,3.0,1.0,1.0,1.0,1.0,1.0,0.0,1.0,1.0,1.0,1.0,1.0,1.0,1.0,11.0,1.0,1.0,1.0,1.0,1.0,8.0,9.0,0.888889,1.0,0.962963
dataset-v2,v2,extraction-v2,hybrid-v1,weak_serp,84.2105,,как выбрать пластиковые окна,пластиковые окна,informational,,,https://www.metronews.ru/partners/novosti-partnerov-255/reviews/kak-vybrat-plastikovye-okna-polnoe-rukovodstvo-dlya-pokupatelya-2187979/,metronews.ru,4,0,,,content,ok,,artifacts\query--e0b70d83d33a5ea8.json,93f96c99cdde70a3ce690cec7c980ed55a5cae1f,265780,84.2105,10396.0,197776.0,1413.0,831.0,0.5881104033970276,6.1875,45.0,31.4,12.0,1.0,6.0,0.0,7.0,1.0,69.0,1.0,119.0,1.0,1.0,2.0,24.0,4.0,1.0,1.0,0.25,4.0,1.0,11.0,0.016985,1.0,177.0,53.0,108.0,0.0,1.0,1.0,1.0,117.75,125.265393,37.508846,76.433121,0.0,0.052565,0.580515,1.0,1.0,7.983051,0.583333,0.580515,0.580515,0.580515,1.0,0.546845,1.0,0.745455,0.82069,0.566171,0.268004,0.580515,200.0,1.0,0.0,0.0,1.0,1.0,0.0,0.0,0.0,0.0,1.0,1.0,1.0,0.0,0.0,4.0,0.0,0.0,1.0,0.6,1.0,1.0,0.92,1.0,3.0,1.0,1.0,1.0,0.0,1.0,0.0,0.0,1.0,1.0,1.0,0.0,0.0,1.0,2.0,1.0,1.0,1.0,1.0,1.0,5.0,8.0,0.555556,0.888889,0.814815
dataset-v2,v2,extraction-v2,hybrid-v1,weak_serp,78.9474,,как выбрать пластиковые окна,пластиковые окна,informational,,,https://mossetka.ru/Articles/Post/kak-vybrat-plastikovye-okna-pravilno,mossetka.ru,5,0,,,article,ok,,artifacts\query--7a282719dd6db019.json,dba64dd18af7e67e2e90c6a61ddb22945da96458,191536,78.9474,22110.0,88932.0,2948.0,1290.0,0.43758480325644505,6.3328,182.0,16.1978,81.0,1.0,8.0,15.0,24.0,1.0,60.0,1.0,180.0,0.0,0.0,0.0,108.0,3.0,5.0,0.75,0.75,10.0,1.0,13.0,0.036635,1.0,225.0,17.0,198.0,48.0,0.0,2.0,0.0,36.3951,76.322931,5.766621,67.164179,16.282225,0.248617,0.628043,1.0,0.75,13.102222,0.296296,0.628043,0.471032,0.628043,0.75,0.628043,0.9125,0.909091,0.758621,0.778833,0.274822,0.471032,200.0,1.0,0.0,0.0,1.0,1.0,0.0,0.0,0.0,0.0,1.0,1.0,1.0,0.0,0.0,3.0,0.0,0.0,1.0,0.7,1.0,1.0,0.94,1.0,4.0,1.0,1.0,1.0,1.0,1.0,1.0,1.0,1.0,1.0,0.0,0.0,0.0,1.0,2.0,1.0,1.0,1.0,1.0,1.0,8.0,7.0,0.888889,0.777778,0.888889
dataset-v2,v2,extraction-v2,hybrid-v1,weak_serp,73.6842,,как выбрать пластиковые окна,пластиковые окна,informational,,,https://www.kp.ru/expert/stroitelstvo/luchshie-plastikovye-okna/,kp.ru,6,0,,,content,ok,,artifacts\query--289dd8bf9f20436f.json,5ea597f7d359ad6d3bfda84ee822f28fc5753340,518321,73.6842,42307.0,355344.0,5959.0,2212.0,0.371203222017117,5.8949,364.0,16.3709,96.0,1.0,7.0,26.0,34.0,1.0,123.0,1.0,258.0,0.0,1.0,2.0,79.0,0.0,4.0,0.0,1.0,11.0,1.0,8.0,0.013257,1.0,94.0,219.0,105.0,20.0,1.0,1.0,1.0,62.0729,15.774459,36.751133,17.620406,3.356268,0.119059,0.610162,1.0,1.0,63.393617,0.354167,0.610162,0.0,0.610162,0.0,0.610162,0.65,0.0,0.22069,0.441909,0.226494,0.610162,200.0,1.0,0.0,0.0,1.0,1.0,1.0,0.0,0.0,0.0,1.0,1.0,1.0,0.0,0.0,3.0,0.0,0.0,1.0,0.7,1.0,1.0,0.94,1.0,6.0,1.0,1.0,1.0,0.0,1.0,0.0,0.0,1.0,1.0,1.0,1.0,1.0,1.0,1.0,0.0,1.0,1.0,1.0,0.8,6.0,9.0,0.666667,1.0,0.822222
dataset-v2,v2,extraction-v2,hybrid-v1,weak_serp,68.4211,,как выбрать пластиковые окна,пластиковые окна,informational,,,https://geometrium-school.ru/blog/kak-vybrat-plastikovye-okna/,geometrium-school.ru,7,0,,,article,ok,,artifacts\query--cb6ae0937fa1c42b.json,96a0d2c3462b2fa69c68d9a0b2fd552028c5ce4d,279684,68.4211,17744.0,183820.0,2464.0,1088.0,0.44155844155844154,5.9566,139.0,17.7266,30.0,1.0,3.0,4.0,8.0,1.0,69.0,1.0,160.0,1.0,1.0,3.0,40.0,5.0,9.0,1.0,1.0,9.0,1.0,9.0,0.016234,1.0,129.0,33.0,72.0,9.0,9.0,120.0,13.333333,82.1333,52.353896,13.392857,29.220779,3.652597,0.096529,0.565025,1.0,1.0,19.100775,0.266667,0.565025,0.565025,0.565025,1.0,0.565025,1.0,0.745455,0.896552,0.541126,0.249492,0.565025,200.0,1.0,0.0,0.0,1.0,1.0,1.0,0.0,0.0,0.0,1.0,1.0,1.0,0.0,0.0,2.0,0.0,0.0,1.0,0.8,1.0,1.0,0.96,1.0,3.0,1.0,1.0,1.0,1.0,1.0,0.0,1.0,1.0,1.0,1.0,0.0,1.0,1.0,10.0,1.0,1.0,1.0,1.0,1.0,8.0,8.0,0.888889,0.888889,0.925926
dataset-v2,v2,extraction-v2,hybrid-v1,weak_serp,63.1579,,как выбрать пластиковые окна,пластиковые окна,informational,,,https://okna-kpi.ru/vse-ob-oknakh/kak-vybrat-standartnye-razmery-i-vidy-plastikovyh-okon/,okna-kpi.ru,8,0,,,content,ok,,artifacts\query--d9e257c1531c112c.json,985e256ed73282ad08ee91486caf5920a2dc30a1,1105754,63.1579,31424.0,885412.0,4135.0,1411.0,0.34123337363966144,6.3985,309.0,13.3819,122.0,1.0,7.0,13.0,21.0,1.0,75.0,1.0,262.0,0.0,1.0,1.0,102.0,2.0,2.0,0.5,0.5,10.0,0.75,2.0,0.024667,1.0,340.0,33.0,357.0,2.0,21.0,148.0,7.047619,33.8934,82.224909,7.980653,86.336155,0.483676,0.035491,0.421371,0.5,1.0,12.161765,0.172131,0.421371,0.210685,0.316028,0.375,0.421371,0.6375,0.636364,0.193103,0.822249,0.143786,0.421371,200.0,1.0,0.0,0.0,1.0,1.0,1.0,0.0,0.0,0.0,1.0,1.0,1.0,0.0,0.0,2.0,0.0,0.0,1.0,0.8,1.0,1.0,0.96,1.0,2.0,1.0,1.0,1.0,0.0,1.0,1.0,1.0,0.0,1.0,1.0,0.0,0.0,1.0,24.0,1.0,1.0,1.0,1.0,1.0,7.0,7.0,0.777778,0.777778,0.851852
dataset-v2,v2,extraction-v2,hybrid-v1,weak_serp,57.8947,,как выбрать пластиковые окна,пластиковые окна,informational,,,https://www.ivd.ru/stroitelstvo-i-remont/okna/kak-vybrat-plastikovye-okna-4-vazhnyh-momenta-kotorye-nuzhno-uchest-44801,ivd.ru,9,0,,,content,ok,,artifacts\query--098676de7161d9dd.json,2edb2e252bb2186c151aa0bd294b58f352fbe54d,393000,57.8947,15827.0,252790.0,2120.0,1099.0,0.5183962264150943,6.2717,174.0,12.1839,48.0,1.0,4.0,8.0,13.0,1.0,93.0,1.0,202.0,0.0,0.0,0.0,61.0,4.0,4.0,1.0,1.0,9.0,1.0,7.0,0.028774,1.0,266.0,45.0,124.0,1.0,3.0,14.0,4.666667,44.1667,125.471698,21.226415,58.490566,0.471698,0.062609,0.547221,1.0,1.0,7.969925,0.270833,0.547221,0.547221,0.547221,1.0,0.547221,1.0,0.309091,0.606897,0.959119,0.283677,0.547221,200.0,1.0,0.0,0.0,1.0,1.0,0.0,0.0,0.0,0.0,1.0,1.0,1.0,0.0,0.0,3.0,0.0,0.0,1.0,0.7,1.0,1.0,0.94,1.0,4.0,0.0,1.0,1.0,0.0,1.0,0.0,0.0,0.0,1.0,0.0,0.0,0.0,1.0,2.0,1.0,1.0,1.0,1.0,0.8,5.0,5.0,0.555556,0.555556,0.637037
dataset-v2,v2,extraction-v2,hybrid-v1,weak_serp,52.6316,,как выбрать пластиковые окна,пластиковые окна,informational,,,https://www.veka.ru/spravochnik/articles/windows/kakie-plastikovye-okna-luchshe,veka.ru,10,0,,,article,ok,,artifacts\query--4a4615e3f104d3f2.json,f3e9a03b8f31758b2c920adb3e5e61e2e24d51e3,513921,52.6316,26089.0,346085.0,3512.0,1512.0,0.4305239179954442,6.2477,214.0,16.4112,127.0,1.0,1.0,6.0,8.0,1.0,130.0,1.0,130.0,0.0,1.0,2.0,173.0,5.0,5.0,1.0,1.0,2.0,0.5,17.0,0.04926,1.0,299.0,73.0,27.0,15.0,2.0,13.0,6.5,27.6535,85.136674,20.785877,7.687927,4.271071,0.075383,0.713088,1.0,1.0,11.745819,0.062992,0.713088,0.713088,0.356544,0.5,0.713088,0.875,0.0,0.896552,0.358011,0.307001,0.713088,200.0,1.0,0.0,0.0,1.0,1.0,0.0,0.0,0.0,0.0,1.0,1.0,1.0,0.0,0.0,4.0,0.0,0.0,1.0,0.6,1.0,1.0,0.92,1.0,2.0,0.0,1.0,1.0,0.0,1.0,0.0,1.0,1.0,1.0,1.0,1.0,0.0,1.0,13.0,0.0,1.0,1.0,1.0,0.6,6.0,8.0,0.666667,0.888889,0.718519
dataset-v2,v2,extraction-v2,hybrid-v1,weak_serp,100.0,,пластиковые окна отзывы,пластиковые окна,informational,,,https://otzovikon.com/subject/188/plastikovye-okna,otzovikon.com,1,0,,,content,ok,,artifacts\query--e1f4866da4a12515.json,b3351c088dd6a46db18ae02b04b5975d7fd25a25,501407,100.0,15649.0,378937.0,2091.0,1071.0,0.5121951219512195,6.1765,155.0,13.4903,21.0,1.0,2.0,23.0,26.0,1.0,77.0,1.0,252.0,0.0,0.0,0.0,53.0,3.0,4.0,1.0,1.0,11.0,1.0,5.0,0.025347,1.0,483.0,32.0,443.0,56.0,2.0,2.0,1.0,99.5714,230.989957,15.303682,211.860354,26.781444,0.041297,0.650601,1.0,1.0,4.329193,1.238095,0.650601,0.650601,0.650601,1.0,0.650601,1.0,0.6,0.262069,0.844891,0.333235,0.650601,200.0,1.0,0.0,0.0,0.0,0.0,0.0,0.0,0.0,0.0,1.0,1.0,1.0,0.0,0.0,3.0,0.0,0.0,1.0,0.7,1.0,0.75,0.89,1.0,1.0,0.0,1.0,1.0,0.0,1.0,1.0,0.0,1.0,1.0,1.0,1.0,1.0,1.0,1.0,1.0,1.0,1.0,1.0,0.8,7.0,8.0,0.777778,0.888889,0.822222
dataset-v2,v2,extraction-v2,hybrid-v1,weak_serp,94.7368,,пластиковые окна отзывы,пластиковые окна,informational,,,https://vyboroved.ru/reyting/luchshie-plastikovye-okna,vyboroved.ru,2,0,,,content,ok,,artifacts\query--d2650c945362aac7.json,da71e501ef3894c8b069ce0b9bf1a30c5bd49033,343508,94.7368,39178.0,184124.0,5202.0,2485.0,0.47770088427527874,6.3397,422.0,12.327,215.0,1.0,6.0,23.0,30.0,1.0,41.0,1.0,122.0,0.0,0.0,0.0,71.0,0.0,2.0,0.0,0.666667,11.0,0.666667,0.0,0.013649,0.666667,264.0,31.0,298.0,51.0,2.0,17.0,8.5,24.1953,50.749712,5.959246,57.285659,9.803922,0.212781,0.296273,0.0,1.0,19.704545,0.139535,0.197515,0.0,0.197515,0.0,0.296273,0.266667,0.745455,0.841379,0.303302,0.14153,0.296273,200.0,1.0,0.0,0.0,1.0,1.0,0.0,0.0,0.0,0.0,1.0,1.0,0.0,0.0,0.0,2.0,0.0,0.0,1.0,0.8,0.5,1.0,0.86,1.0,3.0,0.0,1.0,1.0,0.0,1.0,0.0,0.0,1.0,1.0,0.0,1.0,1.0,1.0,2.0,1.0,1.0,1.0,1.0,0.8,6.0,7.0,0.666667,0.777778,0.748148
dataset-v2,v2,extraction-v2,hybrid-v1,weak_serp,89.4737,,пластиковые окна отзывы,пластиковые окна,informational,,,https://www.kp.ru/expert/stroitelstvo/luchshie-plastikovye-okna/,kp.ru,3,0,,,content,ok,,artifacts\query--9611db737524ee57.json,56d8d518d2d563ce3de0a81a550ba2e13b614971,515078,89.4737,42307.0,352822.0,5959.0,2212.0,0.371203222017117,5.8949,364.0,16.3709,96.0,1.0,7.0,26.0,34.0,1.0,123.0,1.0,258.0,0.0,0.0,0.0,58.0,0.0,2.0,0.0,0.666667,6.0,0.666667,7.0,0.009733,1.0,93.0,219.0,105.0,20.0,1.0,1.0,1.0,62.0729,15.606645,36.751133,17.620406,3.356268,0.11991,0.642646,1.0,1.0,64.075269,0.354167,0.642646,0.0,0.428431,0.0,0.642646,0.566667,0.0,0.22069,0.324439,0.238552,0.642646,200.0,1.0,0.0,0.0,1.0,1.0,1.0,0.0,0.0,0.0,1.0,1.0,1.0,0.0,0.0,3.0,0.0,0.0,1.0,0.7,1.0,1.0,0.94,1.0,6.0,1.0,1.0,1.0,0.0,1.0,0.0,0.0,1.0,1.0,1.0,1.0,1.0,1.0,1.0,0.0,1.0,1.0,1.0,0.8,6.0,9.0,0.666667,1.0,0.822222
dataset-v2,v2,extraction-v2,hybrid-v1,weak_serp,84.2105,,пластиковые окна отзывы,пластиковые окна,informational,,,https://kupiokno.ru/otziv,kupiokno.ru,4,0,,,content,ok,,artifacts\query--38ee2902726330b3.json,00c5c876aa80ac7187047e7015ba009e241cd029,117437,84.2105,33.0,103391.0,5.0,5.0,1.0,5.6,1.0,5.0,1.0,0.0,0.0,0.0,0.0,0.0,0.0,0.0,0.0,0.0,0.0,0.0,0.0,0.0,0.0,0.0,0.0,0.0,0.0,0.0,0.0,0.0,0.0,1.0,0.0,0.0,0.0,0.0,0.0,5.0,0.0,200.0,0.0,0.0,0.000319,0.183824,0.0,0.25,5.0,0.0,0.0,0.0,0.0,0.0,0.000613,0.0,0.0,0.0,0.0,0.000511,0.045956,200.0,1.0,0.0,0.0,0.0,0.0,0.0,0.0,0.0,0.0,1.0,1.0,1.0,0.0,0.0,1.0,0.0,0.0,1.0,0.9,1.0,0.75,0.93,0.0,0.0,0.0,0.0,1.0,0.0,1.0,0.0,0.0,0.0,0.0,0.0,0.0,0.0,0.0,0.0,0.0,0.0,0.0,0.0,0.2,1.0,1.0,0.111111,0.111111,0.140741
dataset-v2,v2,extraction-v2,hybrid-v1,weak_serp,78.9474,,пластиковые окна отзывы,пластиковые окна,informational,,,https://irecommend.ru/catalog/list/9986-9990,irecommend.ru,5,0,,,product,ok,,artifacts\query--431df154c23aff42.json,b2db17d982cc625904d4f769ce1e0d671a653ec5,1186697,78.9474,93701.0,754799.0,11099.0,1293.0,0.11649698171006397,7.1692,539.0,20.5918,555.0,5.0,305.0,0.0,310.0,1.0,25.0,1.0,66.0,0.0,0.0,0.0,80.0,3.0,2.0,1.0,0.666667,2.0,0.666667,26.0,0.007208,1.0,931.0,21.0,40.0,3.0,2.0,355.0,177.5,19.9982,83.881431,1.892062,3.603928,0.270295,0.12414,0.65528,1.0,1.0,11.92159,0.558559,0.65528,0.65528,0.436853,0.666667,0.65528,0.916667,0.454545,0.455172,0.240262,0.076338,0.65528,200.0,1.0,0.0,0.0,1.0,1.0,1.0,0.0,0.0,0.0,1.0,1.0,1.0,0.0,0.0,3.0,0.0,0.0,1.0,0.7,1.0,1.0,0.94,1.0,11.0,1.0,1.0,1.0,0.0,1.0,1.0,1.0,1.0,1.0,1.0,1.0,1.0,1.0,1.0,0.0,1.0,1.0,1.0,0.8,8.0,9.0,0.888889,1.0,0.896296
dataset-v2,v2,extraction-v2,hybrid-v1,weak_serp,73.6842,,пластиковые окна отзывы,пластиковые окна,informational,,,https://ratingplastic.ru/,ratingplastic.ru,6,0,,,homepage,ok,,artifacts\query--91c32812d73f1e6e.json,686b11262f090196e947b971c5676bf50598ec34,721781,73.6842,32232.0,536445.0,4264.0,2516.0,0.5900562851782364,6.4226,256.0,16.6562,34.0,1.0,11.0,31.0,43.0,1.0,86.0,0.0,0.0,0.0,0.0,0.0,100.0,1.0,0.0,0.333333,0.0,6.0,0.666667,21.0,0.023452,1.0,633.0,64.0,476.0,0.0,9.0,68.0,7.555556,125.4118,148.452158,15.009381,111.63227,0.0,0.060084,0.630068,1.0,1.0,6.736177,1.264706,0.630068,0.210023,0.420045,0.222222,0.630068,0.683333,0.436364,0.0,0.781739,0.371776,0.630068,200.0,1.0,0.0,0.0,1.0,1.0,0.0,0.0,0.0,0.0,1.0,1.0,1.0,0.0,0.0,0.0,0.0,0.0,1.0,1.0,1.0,1.0,1.0,1.0,21.0,1.0,1.0,1.0,0.0,1.0,1.0,1.0,1.0,1.0,1.0,1.0,1.0,1.0,5.0,0.0,1.0,1.0,1.0,0.8,8.0,9.0,0.888889,1.0,0.896296
dataset-v2,v2,extraction-v2,hybrid-v1,weak_serp,68.4211,,пластиковые окна отзывы,пластиковые окна,informational,,,https://www.ozon.ru/category/plastikovye-okna-34491/review/,ozon.ru,7,0,,,category,ok,,artifacts\query--cebce2272ef0bc86.json,9102b4660b68663eef90fdcf4ef2e47d812aa6ef,6312,68.4211,486.0,2999.0,58.0,46.0,0.7931034482758621,7.2414,1.0,58.0,3.0,1.0,0.0,0.0,1.0,1.0,16.0,0.0,0.0,0.0,0.0,0.0,0.0,0.0,0.0,0.0,0.0,0.0,0.0,0.0,0.0,0.0,1.0,1.0,5.0,0.0,0.0,0.0,0.0,19.3333,17.241379,17.241379,86.206897,0.0,0.162054,0.129611,0.0,0.5,58.0,0.333333,0.0,0.0,0.0,0.0,0.005012,0.0,0.290909,0.0,0.0,0.003312,0.064806,403.0,0.0,0.0,0.0,0.0,0.0,1.0,0.0,1.0,1.0,0.0,1.0,1.0,0.0,0.0,3.0,1.0,1.0,1.0,0.6,1.0,0.35,0.59,1.0,1.0,0.0,0.0,1.0,0.0,1.0,0.0,0.0,0.0,1.0,0.0,0.0,0.0,0.0,0.0,0.0,0.0,1.0,1.0,0.4,2.0,4.0,0.222222,0.444444,0.355556
dataset-v2,v2,extraction-v2,hybrid-v1,weak_serp,63.1579,,пластиковые окна отзывы,пластиковые окна,informational,,,https://oknarating.ru/plastika-okon/opinions,oknarating.ru,8,0,,,content,ok,,artifacts\query--8d0eea8b0e79bfad.json,4b85ff6b5b521853c8e01e07dcba9704f88c8f3a,297087,63.1579,8556.0,259646.0,1328.0,209.0,0.15737951807228914,5.3208,222.0,5.982,2.0,1.0,0.0,0.0,1.0,1.0,46.0,1.0,163.0,0.0,0.0,0.0,56.0,1.0,1.0,0.333333,0.333333,1.0,0.333333,12.0,0.042169,1.0,23.0,3.0,18.0,51.0,0.0,0.0,0.0,664.0,17.319277,2.259036,13.554217,38.403614,0.032953,0.492067,1.0,0.5,57.73913,0.5,0.492067,0.164022,0.164022,0.111111,0.435643,0.6,0.836364,0.875862,0.594378,0.057134,0.246033,200.0,1.0,0.0,0.0,1.0,1.0,0.0,0.0,0.0,0.0,1.0,1.0,1.0,0.0,0.0,2.0,0.0,0.0,1.0,0.8,1.0,1.0,0.96,1.0,2.0,1.0,0.0,0.0,0.0,0.0,0.0,0.0,0.0,1.0,1.0,0.0,0.0,0.0,0.0,0.0,0.0,0.0,0.0,0.4,1.0,3.0,0.111111,0.333333,0.281481
dataset-v2,v2,extraction-v2,hybrid-v1,weak_serp,57.8947,,пластиковые окна отзывы,пластиковые окна,informational,,,https://www.oknamedia.ru/otzyvy,oknamedia.ru,9,0,,,content,ok,,artifacts\query--d841f4e603c3bfa0.json,1500a604445ff516d7ca1cbf6f54994f898306d8,60946,57.8947,50.0,59528.0,6.0,6.0,1.0,7.0,1.0,6.0,1.0,0.0,0.0,0.0,0.0,1.0,11.0,0.0,0.0,0.0,0.0,0.0,0.0,0.0,0.0,0.0,0.0,0.0,0.0,0.0,0.0,0.0,0.0,3.0,0.0,0.0,0.0,0.0,0.0,6.0,0.0,500.0,0.0,0.0,0.00084,0.19191,0.0,0.25,6.0,0.0,0.0,0.0,0.0,0.0,0.000768,0.0,0.2,0.0,0.0,0.00064,0.047977,200.0,1.0,0.0,0.0,0.0,0.0,0.0,0.0,0.0,0.0,1.0,1.0,1.0,0.0,0.0,1.0,0.0,0.0,1.0,0.9,1.0,0.75,0.93,0.0,0.0,0.0,0.0,1.0,1.0,1.0,0.0,1.0,0.0,0.0,0.0,0.0,1.0,0.0,0.0,0.0,0.0,1.0,1.0,0.2,4.0,3.0,0.444444,0.333333,0.325926
dataset-v2,v2,extraction-v2,hybrid-v1,weak_serp,52.6316,,пластиковые окна отзывы,пластиковые окна,informational,,,https://www.fabrikaokon.ru/otzyvy.html,fabrikaokon.ru,10,0,,,content,ok,,artifacts\query--32659f7c4ecbe10e.json,3cf57078fea43f60ce039e27eda9925f66186d74,345397,52.6316,17052.0,210419.0,2341.0,797.0,0.3404527979495942,6.1213,143.0,16.3706,30.0,1.0,2.0,0.0,3.0,1.0,77.0,1.0,187.0,0.0,0.0,0.0,62.0,3.0,3.0,1.0,1.0,2.0,0.666667,23.0,0.026484,1.0,375.0,63.0,17.0,0.0,21.0,120.0,5.714286,78.0333,160.187954,26.911576,7.261854,0.0,0.081038,0.588801,1.0,1.0,6.242667,0.1,0.588801,0.588801,0.392534,0.666667,0.588801,0.916667,0.6,0.710345,0.882814,0.200459,0.588801,200.0,1.0,0.0,0.0,0.0,0.0,0.0,0.0,0.0,0.0,1.0,1.0,1.0,0.0,0.0,1.0,0.0,0.0,1.0,0.9,1.0,0.75,0.93,1.0,11.0,1.0,1.0,1.0,1.0,1.0,1.0,1.0,1.0,1.0,1.0,1.0,0.0,1.0,1.0,1.0,1.0,1.0,1.0,1.0,8.0,9.0,0.888889,1.0,0.962963
dataset-v2,v2,extraction-v2,hybrid-v1,weak_serp,100.0,,входные двери Москва,входные двери,commercial,Москва,213,https://lemanapro.ru/catalogue/vhodnye-dveri/,lemanapro.ru,1,0,,,product,ok,,artifacts\query--4c88066851c5405d.json,d325daf55259bef172d8939f1ba8b8b53553e25d,10065,100.0,77.0,8264.0,13.0,13.0,1.0,5.0,1.0,13.0,1.0,1.0,0.0,0.0,1.0,1.0,12.0,0.0,0.0,0.0,0.0,0.0,0.0,0.0,0.0,0.0,0.0,0.0,0.0,0.0,0.0,0.0,1.0,0.0,0.0,0.0,0.0,0.0,0.0,13.0,76.923077,0.0,0.0,0.0,0.009318,-0.034193,0.0,0.0,13.0,1.0,-0.0,-0.0,-0.0,0.0,-0.000296,0.0,0.218182,0.0,0.0,-0.000247,-0.0,403.0,0.0,0.0,0.0,0.0,0.0,0.0,0.0,0.0,0.0,0.0,1.0,1.0,0.0,0.0,2.0,0.0,0.0,1.0,0.8,1.0,0.75,0.71,1.0,1.0,0.0,0.0,0.0,0.0,0.0,0.0,0.0,0.0,0.0,0.0,0.0,0.0,0.0,0.0,0.0,0.0,0.0,0.0,0.2,1.0,0.0,0.111111,0.0,0.103704
dataset-v2,v2,extraction-v2,hybrid-v1,weak_serp,94.7368,,входные двери Москва,входные двери,commercial,Москва,213,https://100-dverei.ru/,100-dverei.ru,2,0,,,homepage,ok,,artifacts\query--4be07b21c2597ed1.json,7c96d7fb7c438d9c761b3225d2b07d27822dd7fa,277156,94.7368,10926.0,170680.0,1614.0,601.0,0.37236679058240396,5.4498,57.0,28.3158,229.0,1.0,12.0,6.0,19.0,1.0,50.0,1.0,281.0,0.0,0.0,0.0,43.0,2.0,3.0,0.666667,0.666667,12.0,0.666667,7.0,0.026642,1.0,312.0,188.0,67.0,7.0,6.0,73.0,12.166667,7.048,193.30855,116.480793,41.511772,4.337051,0.064015,0.758574,1.0,1.0,5.173077,0.082969,0.758574,0.505716,0.505716,0.444444,0.758574,0.8,0.909091,0.062069,0.888063,0.253279,0.758574,200.0,1.0,0.0,0.0,1.0,1.0,0.0,0.0,0.0,0.0,1.0,1.0,1.0,0.0,0.0,0.0,0.0,0.0,1.0,1.0,1.0,1.0,1.0,1.0,4.0,1.0,1.0,1.0,1.0,1.0,1.0,1.0,1.0,1.0,1.0,0.0,0.0,1.0,1.0,1.0,1.0,1.0,1.0,1.0,8.0,8.0,0.888889,0.888889,0.925926
dataset-v2,v2,extraction-v2,hybrid-v1,weak_serp,89.4737,,входные двери Москва,входные двери,commercial,Москва,213,https://169.ru/vhodnye-dveri/,169.ru,3,0,,,content,ok,,artifacts\query--b31ef575ee41bc02.json,7a0def8a384b107f1268836ab36bfd1dabc200ca,956278,89.4737,21298.0,781206.0,3405.0,774.0,0.22731277533039648,5.1019,51.0,66.7647,3.0,1.0,1.0,0.0,2.0,1.0,57.0,1.0,237.0,0.0,0.0,0.0,109.0,2.0,0.0,0.666667,0.0,2.0,0.666667,49.0,0.032012,1.0,449.0,180.0,259.0,4.0,6.0,322.0,53.666667,1135.0,131.864905,52.863436,76.064611,1.174743,0.027263,0.711267,1.0,1.0,7.583519,0.666667,0.711267,0.474178,0.474178,0.444444,0.711267,0.8,0.963636,0.365517,0.932942,0.16168,0.711267,200.0,1.0,0.0,0.0,1.0,1.0,1.0,0.0,0.0,0.0,1.0,1.0,1.0,0.0,0.0,1.0,0.0,0.0,1.0,0.9,1.0,1.0,0.98,1.0,6.0,0.0,1.0,1.0,1.0,1.0,1.0,1.0,1.0,1.0,1.0,1.0,0.0,1.0,4.0,1.0,1.0,1.0,1.0,0.8,8.0,8.0,0.888889,0.888889,0.859259
dataset-v2,v2,extraction-v2,hybrid-v1,weak_serp,84.2105,,входные двери Москва,входные двери,commercial,Москва,213,https://dveri-komandor.ru/,dveri-komandor.ru,4,0,,,homepage,ok,,artifacts\query--584eff068d564eed.json,c38f11e976fe79f0c78f0cf50779ee2a84225590,858904,84.2105,22147.0,657405.0,3190.0,1447.0,0.4536050156739812,5.7624,234.0,13.6325,60.0,1.0,4.0,7.0,12.0,1.0,115.0,1.0,253.0,0.0,0.0,0.0,84.0,2.0,2.0,0.666667,0.666667,4.0,0.666667,10.0,0.026332,1.0,519.0,622.0,167.0,4.0,2.0,157.0,78.5,53.1667,162.695925,194.984326,52.351097,1.253918,0.033689,0.654986,1.0,1.0,6.146435,0.2,0.654986,0.436657,0.436657,0.444444,0.654986,0.8,0.0,0.255172,0.877743,0.297105,0.654986,200.0,1.0,0.0,0.0,1.0,1.0,1.0,0.0,0.0,0.0,1.0,1.0,0.0,0.0,0.0,0.0,0.0,0.0,1.0,1.0,0.5,1.0,0.9,1.0,5.0,1.0,1.0,1.0,1.0,1.0,1.0,1.0,1.0,1.0,1.0,1.0,0.0,1.0,15.0,1.0,1.0,1.0,1.0,1.0,8.0,9.0,0.888889,1.0,0.962963
dataset-v2,v2,extraction-v2,hybrid-v1,weak_serp,73.6842,,входные двери Москва,входные двери,commercial,Москва,213,https://www.moscow-steel.ru/,moscow-steel.ru,6,0,,,homepage,ok,,artifacts\query--b78538581770a09f.json,124639e3fb4ec9c969afd178954f3dfc34ec6b1a,97563,73.6842,8106.0,58500.0,1134.0,599.0,0.5282186948853616,5.8589,84.0,13.5,32.0,1.0,10.0,19.0,30.0,1.0,78.0,1.0,189.0,0.0,0.0,0.0,19.0,2.0,2.0,0.666667,0.666667,5.0,0.666667,6.0,0.016755,1.0,54.0,15.0,13.0,6.0,2.0,7.0,3.5,35.4375,47.619048,13.227513,11.463845,5.291005,0.138564,0.70727,1.0,1.0,21.0,0.9375,0.70727,0.471513,0.471513,0.444444,0.534696,0.8,0.581818,0.696552,0.558495,0.235364,0.70727,200.0,1.0,0.0,0.0,1.0,1.0,1.0,0.0,0.0,0.0,1.0,1.0,1.0,0.0,0.0,0.0,0.0,0.0,1.0,1.0,1.0,1.0,1.0,1.0,4.0,1.0,1.0,1.0,1.0,1.0,1.0,1.0,1.0,1.0,1.0,1.0,1.0,1.0,12.0,1.0,1.0,1.0,1.0,1.0,9.0,9.0,1.0,1.0,1.0
dataset-v2,v2,extraction-v2,hybrid-v1,weak_serp,68.4211,,входные двери Москва,входные двери,commercial,Москва,213,https://mosdvery.ru/categories/vkhodnye-dveri,mosdvery.ru,7,0,,,content,ok,,artifacts\query--91b71320997ef14f.json,b1670c98ca9572071fd7db432aeca0aed230632e,1674429,68.4211,42034.0,1415827.0,5889.0,1731.0,0.29393785022924096,5.9519,322.0,18.2888,28.0,1.0,13.0,0.0,14.0,1.0,53.0,1.0,176.0,0.0,0.0,0.0,153.0,2.0,2.0,0.666667,0.666667,5.0,0.666667,34.0,0.025981,1.0,528.0,172.0,76.0,20.0,107.0,299.0,2.794393,210.3214,89.658686,29.206996,12.905417,3.396162,0.029689,0.766368,1.0,1.0,11.153409,0.5,0.766368,0.510912,0.510912,0.444444,0.766368,0.8,0.963636,0.786207,0.866021,0.225265,0.766368,200.0,1.0,0.0,0.0,1.0,1.0,0.0,0.0,0.0,0.0,1.0,0.0,0.0,0.0,0.0,2.0,0.0,0.0,1.0,0.8,0.0,1.0,0.76,1.0,6.0,1.0,1.0,1.0,1.0,1.0,1.0,1.0,1.0,1.0,1.0,1.0,1.0,1.0,56.0,1.0,1.0,1.0,1.0,1.0,9.0,9.0,1.0,1.0,1.0
dataset-v2,v2,extraction-v2,hybrid-v1,weak_serp,63.1579,,входные двери Москва,входные двери,commercial,Москва,213,https://dverin.pro/,dverin.pro,8,0,,,homepage,ok,,artifacts\query--8f7a72ffdce76a1d.json,6dea7d888e638288a0abd3013b04c93c7d62fb64,274301,63.1579,5488.0,215380.0,863.0,260.0,0.30127462340672073,5.0475,13.0,66.3846,54.0,1.0,5.0,23.0,29.0,1.0,75.0,1.0,155.0,0.0,0.0,0.0,21.0,3.0,2.0,0.666667,0.666667,10.0,0.666667,9.0,0.024334,1.0,79.0,32.0,14.0,0.0,1.0,1.0,1.0,15.9815,91.541136,37.079954,16.22248,0.0,0.025481,0.781648,1.0,1.0,10.924051,0.537037,0.781648,0.521099,0.521099,0.444444,0.449708,0.8,0.636364,0.931034,0.811124,0.112905,0.781648,200.0,1.0,0.0,0.0,1.0,1.0,1.0,0.0,0.0,0.0,1.0,1.0,1.0,0.0,0.0,0.0,0.0,0.0,1.0,1.0,1.0,1.0,1.0,1.0,3.0,1.0,1.0,1.0,1.0,1.0,1.0,1.0,1.0,1.0,0.0,1.0,0.0,1.0,1.0,1.0,1.0,0.0,1.0,1.0,8.0,7.0,0.888889,0.777778,0.888889
dataset-v2,v2,extraction-v2,hybrid-v1,weak_serp,57.8947,,входные двери Москва,входные двери,commercial,Москва,213,https://dverid.ru/,dverid.ru,9,0,,,homepage,ok,,artifacts\query--29380b228f2d2dbd.json,373f9556c9eee62c2732d7db6fe703dc19db3871,997557,57.8947,26104.0,788127.0,3905.0,1208.0,0.30934699103713187,5.4999,223.0,17.5112,25.0,1.0,13.0,0.0,14.0,1.0,86.0,1.0,192.0,0.0,0.0,0.0,115.0,2.0,0.0,0.666667,0.0,7.0,0.666667,2.0,0.029449,1.0,643.0,207.0,305.0,0.0,2.0,133.0,66.5,156.2,164.660691,53.008963,78.104994,0.0,0.033122,0.729418,0.666667,1.0,6.073095,0.56,0.729418,0.486279,0.486279,0.444444,0.729418,0.716667,0.436364,0.675862,0.981647,0.225643,0.729418,200.0,1.0,0.0,0.0,1.0,1.0,1.0,0.0,0.0,0.0,1.0,1.0,0.0,0.0,0.0,0.0,0.0,0.0,1.0,1.0,0.5,1.0,0.9,1.0,6.0,1.0,1.0,1.0,1.0,1.0,1.0,1.0,1.0,1.0,1.0,1.0,0.0,1.0,82.0,1.0,1.0,1.0,1.0,1.0,8.0,9.0,0.888889,1.0,0.962963
dataset-v2,v2,extraction-v2,hybrid-v1,weak_serp,52.6316,,входные двери Москва,входные двери,commercial,Москва,213,https://doorstreet.ru/,doorstreet.ru,10,0,,,homepage,ok,,artifacts\query--54f8c637a3d08430.json,012eb68b962b662aedbcd5231665e5402426909d,174792,52.6316,8296.0,118063.0,1122.0,404.0,0.3600713012477718,6.2299,45.0,24.9333,97.0,0.0,4.0,5.0,9.0,1.0,88.0,1.0,267.0,0.0,0.0,0.0,24.0,2.0,3.0,0.666667,0.666667,1.0,0.333333,11.0,0.02139,1.0,161.0,111.0,77.0,7.0,8.0,52.0,6.5,11.567,143.493761,98.930481,68.627451,6.238859,0.070268,0.789432,1.0,1.0,6.968944,0.092784,0.789432,0.526288,0.263144,0.222222,0.590495,0.716667,0.4,0.158621,0.713012,0.177184,0.789432,200.0,1.0,0.0,0.0,1.0,1.0,1.0,0.0,0.0,0.0,1.0,1.0,1.0,0.0,0.0,0.0,0.0,0.0,1.0,1.0,1.0,1.0,1.0,1.0,1.0,0.0,1.0,1.0,1.0,1.0,1.0,1.0,1.0,1.0,0.0,0.0,0.0,1.0,23.0,0.0,1.0,1.0,1.0,0.6,8.0,6.0,0.888889,0.666667,0.718519
dataset-v2,v2,extraction-v2,hybrid-v1,weak_serp,100.0,,входные двери Санкт-Петербург,входные двери,commercial,Санкт-Петербург,2,https://spb.dveri-tmk.ru/catalog/vhodnye-dveri/,spb.dveri-tmk.ru,1,0,,,product,ok,,artifacts\query--9f0285f5a75fb997.json,e5d0466cabc6c25df56d15b9184934e569356143,650413,100.0,36655.0,405699.0,6186.0,1020.0,0.16488845780795344,4.5065,752.0,8.2261,22.0,2.0,4.0,18.0,24.0,1.0,74.0,1.0,249.0,0.0,0.0,0.0,49.0,3.0,2.0,0.75,0.5,6.0,0.5,12.0,0.007921,1.0,768.0,316.0,145.0,1.0,3.0,3.0,1.0,281.1818,124.151309,51.083091,23.440026,0.161655,0.09035,0.57835,1.0,1.0,8.054688,1.090909,0.57835,0.433763,0.289175,0.375,0.57835,0.7875,0.654545,0.282759,0.264037,0.095363,0.57835,200.0,1.0,0.0,0.0,0.0,0.0,0.0,0.0,0.0,0.0,1.0,1.0,1.0,0.0,0.0,2.0,0.0,0.0,1.0,0.8,1.0,0.75,0.91,1.0,3.0,0.0,1.0,0.0,1.0,1.0,1.0,0.0,1.0,1.0,1.0,0.0,0.0,1.0,3.0,1.0,1.0,1.0,1.0,0.6,6.0,6.0,0.666667,0.666667,0.644444
dataset-v2,v2,extraction-v2,hybrid-v1,weak_serp,94.7368,,входные двери Санкт-Петербург,входные двери,commercial,Санкт-Петербург,2,https://spb.dverimagnat.ru/,spb.dverimagnat.ru,2,0,,,homepage,ok,,artifacts\query--b0aa22c0638912a9.json,9049cea90a4c8cb5849f7d0de858cc2b2856a846,758420,94.7368,16014.0,622934.0,2472.0,762.0,0.308252427184466,5.2864,213.0,11.6056,9.0,1.0,8.0,2.0,11.0,1.0,81.0,1.0,253.0,0.0,0.0,0.0,67.0,3.0,1.0,0.75,0.25,5.0,0.75,7.0,0.027104,1.0,485.0,39.0,33.0,3.0,2.0,2.0,1.0,274.6667,196.197411,15.776699,13.349515,1.213592,0.025707,0.549961,1.0,1.0,5.096907,1.222222,0.549961,0.412471,0.412471,0.5625,0.549961,0.85,0.527273,0.255172,0.903452,0.169527,0.549961,200.0,1.0,0.0,0.0,1.0,1.0,0.0,0.0,0.0,0.0,1.0,1.0,1.0,0.0,0.0,0.0,0.0,0.0,1.0,1.0,1.0,1.0,1.0,1.0,3.0,1.0,1.0,1.0,1.0,1.0,1.0,1.0,1.0,1.0,1.0,1.0,0.0,1.0,1.0,1.0,1.0,1.0,1.0,1.0,8.0,9.0,0.888889,1.0,0.962963
dataset-v2,v2,extraction-v2,hybrid-v1,weak_serp,89.4737,,входные двери Санкт-Петербург,входные двери,commercial,Санкт-Петербург,2,https://spb.lemanapro.ru/catalogue/vhodnye-dveri/,spb.lemanapro.ru,3,0,,,product,ok,,artifacts\query--f139c82a8515c845.json,36eb040fc40553637ed278537a45a68768ce771a,10073,89.4737,77.0,8264.0,13.0,13.0,1.0,5.0,1.0,13.0,1.0,1.0,0.0,0.0,1.0,1.0,12.0,0.0,0.0,0.0,0.0,0.0,0.0,0.0,0.0,0.0,0.0,0.0,0.0,0.0,0.0,0.0,1.0,0.0,0.0,0.0,0.0,0.0,0.0,13.0,76.923077,0.0,0.0,0.0,0.009318,0.063629,0.0,0.0,13.0,1.0,0.0,0.0,0.0,0.0,0.000551,0.0,0.218182,0.0,0.0,0.00046,0.0,403.0,0.0,0.0,0.0,0.0,0.0,0.0,0.0,0.0,0.0,0.0,1.0,1.0,0.0,0.0,2.0,0.0,0.0,1.0,0.8,1.0,0.75,0.71,1.0,1.0,0.0,0.0,0.0,0.0,0.0,0.0,0.0,0.0,0.0,0.0,0.0,0.0,0.0,0.0,0.0,0.0,0.0,0.0,0.2,1.0,0.0,0.111111,0.0,0.103704
dataset-v2,v2,extraction-v2,hybrid-v1,weak_serp,84.2105,,входные двери Санкт-Петербург,входные двери,commercial,Санкт-Петербург,2,https://slavnie.ru/catalog/vkhodnye_dveri/,slavnie.ru,4,0,,,product,ok,,artifacts\query--77b034170add114c.json,bf085ec2a1be5b03500a7e471ed7a0c292b55ac7,584752,84.2105,13210.0,385509.0,1910.0,836.0,0.437696335078534,5.6675,121.0,15.7851,34.0,1.0,2.0,50.0,53.0,1.0,86.0,1.0,164.0,0.0,0.0,0.0,53.0,3.0,4.0,0.75,0.75,22.0,0.75,30.0,0.027749,1.0,517.0,53.0,199.0,9.0,4.0,279.0,69.75,56.1765,270.680628,27.748691,104.188482,4.712042,0.034266,0.618102,1.0,1.0,3.694391,1.558824,0.618102,0.463577,0.463577,0.5625,0.618102,0.85,0.436364,0.868966,0.924956,0.270541,0.618102,200.0,1.0,0.0,0.0,0.0,0.0,1.0,0.0,0.0,0.0,1.0,1.0,1.0,0.0,0.0,2.0,0.0,0.0,1.0,0.8,1.0,0.75,0.91,1.0,11.0,0.0,1.0,1.0,1.0,1.0,1.0,1.0,1.0,1.0,1.0,0.0,0.0,1.0,50.0,0.0,1.0,1.0,1.0,0.6,8.0,7.0,0.888889,0.777778,0.755556
dataset-v2,v2,extraction-v2,hybrid-v1,weak_serp,78.9474,,входные двери Санкт-Петербург,входные двери,commercial,Санкт-Петербург,2,https://guardian-spb.ru/,guardian-spb.ru,5,0,,,homepage,ok,,artifacts\query--025fc06eae4644c8.json,d4720c8c5beabfb0849300c62f2f8cd200085857,1106417,78.9474,20115.0,991957.0,2953.0,1081.0,0.36606840501185234,5.6377,184.0,16.0489,78.0,1.0,0.0,0.0,1.0,1.0,54.0,1.0,148.0,0.0,0.0,0.0,93.0,3.0,5.0,0.5,0.75,3.0,0.75,12.0,0.031493,1.0,185.0,40.0,355.0,23.0,20.0,184.0,9.2,37.859,62.648154,13.545547,120.216729,7.788689,0.020278,0.553261,1.0,1.0,15.962162,0.012821,0.553261,0.276631,0.414946,0.375,0.553261,0.7625,0.981818,0.97931,0.95022,0.202531,0.553261,200.0,1.0,0.0,0.0,1.0,1.0,0.0,0.0,0.0,0.0,1.0,1.0,0.0,0.0,0.0,0.0,0.0,0.0,1.0,1.0,0.5,1.0,0.9,1.0,8.0,0.0,1.0,1.0,1.0,1.0,1.0,1.0,1.0,1.0,1.0,1.0,0.0,1.0,28.0,1.0,1.0,1.0,1.0,0.8,8.0,8.0,0.888889,0.888889,0.859259
dataset-v2,v2,extraction-v2,hybrid-v1,weak_serp,68.4211,,входные двери Санкт-Петербург,входные двери,commercial,Санкт-Петербург,2,https://www.mk-doors.ru/dveri/vhodnye-dveri/,mk-doors.ru,7,0,,,content,ok,,artifacts\query--eaa643ddbb2a8c69.json,483ecf69c04682dd21394e0268b07a156dda9430,1181411,68.4211,23004.0,969595.0,3647.0,896.0,0.2456813819577735,4.9452,100.0,36.47,103.0,1.0,7.0,0.0,8.0,1.0,80.0,1.0,220.0,0.0,0.0,0.0,99.0,3.0,3.0,0.75,0.75,6.0,0.75,15.0,0.027146,1.0,452.0,329.0,395.0,0.0,1.0,5.0,5.0,35.4078,123.937483,90.211132,108.308199,0.0,0.023725,0.574789,1.0,1.0,8.068584,0.07767,0.574789,0.431092,0.431092,0.5625,0.574789,0.85,0.545455,0.482759,0.904853,0.141215,0.574789,200.0,1.0,0.0,0.0,1.0,1.0,1.0,0.0,0.0,0.0,1.0,1.0,1.0,0.0,0.0,2.0,0.0,0.0,1.0,0.8,1.0,1.0,0.96,1.0,9.0,1.0,1.0,1.0,1.0,1.0,1.0,1.0,1.0,1.0,1.0,0.0,1.0,1.0,3.0,1.0,1.0,1.0,1.0,1.0,9.0,8.0,1.0,0.888889,0.962963
dataset-v2,v2,extraction-v2,hybrid-v1,weak_serp,63.1579,,входные двери Санкт-Петербург,входные двери,commercial,Санкт-Петербург,2,https://doorsmetallic.ru/,doorsmetallic.ru,8,0,,,homepage,ok,,artifacts\query--47ed0cb74ba12d90.json,8d70f8e48e45ab87c4a1a0f10673aa87a3c4c80e,103621,63.1579,4812.0,76734.0,684.0,376.0,0.5497076023391813,5.8465,47.0,14.5532,1.0,1.0,5.0,1.0,7.0,1.0,24.0,1.0,101.0,0.0,0.0,0.0,23.0,2.0,1.0,0.5,0.25,2.0,0.25,11.0,0.033626,1.0,49.0,13.0,29.0,0.0,1.0,3.0,3.0,684.0,71.637427,19.005848,42.397661,0.0,0.06271,0.675505,1.0,1.0,13.959184,7.0,0.675505,0.337753,0.168876,0.125,0.30803,0.6375,0.436364,0.696552,0.879142,0.141105,0.675505,200.0,1.0,0.0,0.0,1.0,1.0,1.0,0.0,0.0,0.0,1.0,1.0,1.0,0.0,0.0,0.0,0.0,0.0,1.0,1.0,1.0,1.0,1.0,1.0,2.0,0.0,1.0,1.0,1.0,1.0,0.0,1.0,1.0,1.0,1.0,0.0,1.0,1.0,2.0,1.0,1.0,1.0,1.0,0.8,8.0,7.0,0.888889,0.777778,0.822222
dataset-v2,v2,extraction-v2,hybrid-v1,weak_serp,57.8947,,входные двери Санкт-Петербург,входные двери,commercial,Санкт-Петербург,2,https://spb.mall-of-doors.ru/catalog/dveri-v-dom/,spb.mall-of-doors.ru,9,0,,,product,ok,,artifacts\query--2ee9c5975c4724b9.json,4b5343404dcfc0815d7ebd17bd3564cdea91a906,1679834,57.8947,30325.0,1420339.0,4749.0,1212.0,0.2552116234996841,5.1546,261.0,18.1954,26.0,1.0,7.0,4.0,12.0,1.0,85.0,1.0,258.0,0.0,0.0,0.0,138.0,3.0,3.0,0.75,0.75,10.0,0.75,10.0,0.029059,1.0,813.0,225.0,113.0,49.0,6.0,72.0,12.0,182.6538,171.193936,47.378395,23.794483,10.317962,0.021351,0.650156,1.0,1.0,5.841328,0.461538,0.650156,0.487617,0.487617,0.5625,0.650156,0.85,0.454545,0.22069,0.968625,0.165927,0.650156,200.0,1.0,0.0,0.0,1.0,1.0,0.0,0.0,0.0,0.0,1.0,1.0,1.0,0.0,0.0,2.0,0.0,0.0,1.0,0.8,1.0,1.0,0.96,1.0,6.0,1.0,1.0,1.0,1.0,1.0,1.0,1.0,1.0,1.0,1.0,0.0,0.0,1.0,2.0,1.0,1.0,1.0,1.0,1.0,8.0,8.0,0.888889,0.888889,0.925926
dataset-v2,v2,extraction-v2,hybrid-v1,weak_serp,52.6316,,входные двери Санкт-Петербург,входные двери,commercial,Санкт-Петербург,2,https://vhodniedveri-spb.ru/,vhodniedveri-spb.ru,10,0,,,homepage,ok,,artifacts\query--292360706015aafc.json,ae4b8b2fb4ed00d46c4d5b4dd0e4b24d93d7b592,215801,52.6316,6143.0,168698.0,906.0,426.0,0.47019867549668876,5.5508,83.0,10.9157,21.0,1.0,1.0,6.0,8.0,1.0,89.0,1.0,60.0,0.0,0.0,0.0,32.0,4.0,2.0,0.75,0.5,11.0,0.75,14.0,0.03532,1.0,137.0,107.0,41.0,1.0,2.0,7.0,3.5,43.1429,151.214128,118.101545,45.253863,1.103753,0.036414,0.524882,1.0,1.0,6.613139,0.380952,0.524882,0.393661,0.393661,0.5625,0.317029,0.85,0.381818,0.413793,0.822664,0.124222,0.524882,200.0,1.0,0.0,0.0,1.0,1.0,0.0,0.0,0.0,0.0,1.0,1.0,1.0,0.0,0.0,0.0,0.0,0.0,1.0,1.0,1.0,1.0,1.0,1.0,2.0,0.0,1.0,0.0,1.0,1.0,1.0,1.0,1.0,1.0,0.0,1.0,0.0,1.0,16.0,1.0,1.0,1.0,1.0,0.6,7.0,6.0,0.777778,0.666667,0.681481
dataset-v2,v2,extraction-v2,hybrid-v1,weak_serp,100.0,,входные двери Екатеринбург,входные двери,commercial,Екатеринбург,54,https://ekb.dvernayamarka.ru/,ekb.dvernayamarka.ru,1,0,,,homepage,ok,,artifacts\query--7bdec65800ce35e1.json,209ad746c728d078ce68436b4d4a48a443f0595d,1250731,100.0,20926.0,1040480.0,3040.0,832.0,0.2736842105263158,5.7069,155.0,19.6129,4.0,1.0,0.0,0.0,1.0,1.0,86.0,1.0,293.0,0.0,0.0,0.0,168.0,2.0,0.0,0.666667,0.0,1.0,0.333333,19.0,0.055263,1.0,826.0,72.0,4.0,0.0,3.0,15.0,5.0,760.0,271.710526,23.684211,1.315789,0.0,0.020112,0.542934,1.0,1.0,3.680387,0.25,0.542934,0.361956,0.180978,0.222222,0.542934,0.716667,0.436364,0.0,0.157895,0.148592,0.542934,200.0,1.0,0.0,0.0,1.0,1.0,0.0,0.0,0.0,0.0,1.0,1.0,1.0,0.0,0.0,0.0,0.0,0.0,1.0,1.0,1.0,1.0,1.0,1.0,6.0,1.0,1.0,1.0,1.0,1.0,1.0,1.0,1.0,1.0,1.0,0.0,1.0,1.0,7.0,1.0,1.0,1.0,1.0,1.0,9.0,8.0,1.0,0.888889,0.962963
dataset-v2,v2,extraction-v2,hybrid-v1,weak_serp,94.7368,,входные двери Екатеринбург,входные двери,commercial,Екатеринбург,54,https://ekat.steklodom.com/catalog/vhodnye-dveri/,ekat.steklodom.com,2,0,,,product,ok,,artifacts\query--dd0272cfac37a0eb.json,0d2791a0ab9504649f8615f9592f904c866843c0,594616,94.7368,14344.0,483400.0,2273.0,571.0,0.2512098548174219,5.0009,97.0,23.433,55.0,0.0,0.0,9.0,9.0,1.0,85.0,1.0,194.0,0.0,0.0,0.0,49.0,2.0,4.0,0.666667,0.666667,0.0,0.0,13.0,0.021557,1.0,265.0,210.0,168.0,6.0,11.0,239.0,21.727273,41.3273,116.58601,92.388913,73.911131,2.639683,0.029673,0.450365,1.0,1.0,8.577358,0.163636,0.450365,0.300243,0.0,0.0,0.450365,0.633333,0.454545,0.662069,0.71858,0.113136,0.450365,200.0,1.0,0.0,0.0,0.0,0.0,0.0,0.0,0.0,0.0,1.0,1.0,0.0,0.0,0.0,2.0,0.0,0.0,1.0,0.8,0.5,0.75,0.81,1.0,3.0,0.0,1.0,1.0,1.0,1.0,0.0,1.0,0.0,1.0,1.0,0.0,0.0,1.0,3.0,1.0,1.0,1.0,1.0,0.8,7.0,6.0,0.777778,0.666667,0.748148
dataset-v2,v2,extraction-v2,hybrid-v1,weak_serp,89.4737,,входные двери Екатеринбург,входные двери,commercial,Екатеринбург,54,https://dveron.ru/vhodnye-dveri,dveron.ru,3,0,,,content,ok,,artifacts\query--21a79ec9095f17e2.json,1a1d87e3ec55d53d88fef5da6fe85d7b10de70f9,704253,89.4737,33019.0,452470.0,4883.0,896.0,0.18349375383985256,5.4264,207.0,23.5894,29.0,1.0,2.0,2.0,5.0,1.0,97.0,1.0,255.0,0.0,0.0,0.0,84.0,2.0,4.0,0.666667,0.666667,6.0,0.666667,11.0,0.017203,1.0,723.0,97.0,480.0,69.0,66.0,508.0,7.69697,168.3793,148.064714,19.864837,98.300225,14.130657,0.072975,0.654466,1.0,1.0,6.753804,0.172414,0.654466,0.436311,0.436311,0.444444,0.654466,0.8,0.236364,0.241379,0.573418,0.12009,0.654466,200.0,1.0,0.0,0.0,1.0,1.0,1.0,0.0,0.0,0.0,1.0,1.0,1.0,0.0,0.0,1.0,0.0,0.0,1.0,0.9,1.0,1.0,0.98,1.0,11.0,1.0,1.0,1.0,1.0,1.0,1.0,1.0,1.0,1.0,0.0,0.0,0.0,1.0,65.0,1.0,1.0,1.0,1.0,1.0,8.0,7.0,0.888889,0.777778,0.888889
dataset-v2,v2,extraction-v2,hybrid-v1,weak_serp,84.2105,,входные двери Екатеринбург,входные двери,commercial,Екатеринбург,54,https://sidoorov.ru/,sidoorov.ru,4,0,,,homepage,ok,,artifacts\query--4db50e249aadedaf.json,eabc6d9950a80f1455bb50950e404fc4f0df1654,929259,84.2105,15985.0,718221.0,2183.0,893.0,0.40907008703618875,6.0751,151.0,14.457,19.0,1.0,5.0,2.0,8.0,1.0,63.0,1.0,240.0,0.0,0.0,0.0,82.0,1.0,2.0,0.333333,0.333333,5.0,0.666667,20.0,0.037563,1.0,385.0,136.0,198.0,10.0,4.0,37.0,9.25,114.8947,176.362803,62.299588,90.70087,4.580852,0.022256,0.671288,1.0,1.0,5.67013,0.421053,0.671288,0.223763,0.447525,0.222222,0.671288,0.683333,0.854545,0.344828,0.7479,0.274604,0.671288,200.0,1.0,0.0,0.0,0.0,0.0,0.0,0.0,0.0,0.0,1.0,1.0,1.0,0.0,0.0,0.0,0.0,0.0,1.0,1.0,1.0,0.75,0.95,1.0,2.0,1.0,1.0,1.0,1.0,1.0,1.0,1.0,1.0,1.0,1.0,1.0,0.0,1.0,10.0,1.0,1.0,1.0,1.0,1.0,8.0,9.0,0.888889,1.0,0.962963
dataset-v2,v2,extraction-v2,hybrid-v1,weak_serp,78.9474,,входные двери Екатеринбург,входные двери,commercial,Екатеринбург,54,https://ekb.rusdver.net/,ekb.rusdver.net,5,0,,,homepage,ok,,artifacts\query--02a137909b4813fd.json,5a85921810bb155952ad5e1206ee8ba4ef24bf22,3269377,78.9474,21136.0,2881419.0,3267.0,1137.0,0.3480257116620753,5.1809,140.0,23.3357,34.0,1.0,9.0,1.0,11.0,1.0,75.0,1.0,186.0,0.0,0.0,0.0,82.0,1.0,0.0,0.333333,0.0,5.0,0.666667,7.0,0.025099,1.0,674.0,136.0,74.0,2.0,14.0,218.0,15.571429,96.0882,206.305479,41.628405,22.65075,0.612182,0.007335,0.493414,1.0,1.0,4.847181,0.323529,0.493414,0.164471,0.328943,0.222222,0.493414,0.683333,0.636364,0.717241,0.836649,0.171721,0.493414,200.0,1.0,0.0,0.0,1.0,1.0,1.0,0.0,0.0,0.0,1.0,1.0,1.0,0.0,0.0,0.0,0.0,0.0,1.0,1.0,1.0,1.0,1.0,1.0,11.0,1.0,1.0,1.0,1.0,1.0,1.0,1.0,1.0,1.0,1.0,0.0,0.0,1.0,11.0,1.0,1.0,1.0,1.0,1.0,8.0,8.0,0.888889,0.888889,0.925926
dataset-v2,v2,extraction-v2,hybrid-v1,weak_serp,73.6842,,входные двери Екатеринбург,входные двери,commercial,Екатеринбург,54,https://ekaterinburg.mall-of-doors.ru/,ekaterinburg.mall-of-doors.ru,6,0,,,homepage,ok,,artifacts\query--a0139e4de1136036.json,e3515ad52e7e22f22a4ef8d7daf8103ae673a34c,952514,73.6842,23046.0,779469.0,3613.0,931.0,0.25768059784112923,5.181,204.0,17.7108,5.0,1.0,5.0,5.0,11.0,1.0,128.0,1.0,188.0,0.0,0.0,0.0,88.0,2.0,3.0,0.666667,0.666667,10.0,0.666667,5.0,0.024356,1.0,614.0,65.0,91.0,8.0,6.0,38.0,6.333333,722.6,169.941877,17.99059,25.186825,2.214226,0.029566,0.636964,1.0,1.0,5.884365,2.2,0.636964,0.424643,0.424643,0.444444,0.636964,0.8,0.0,0.703448,0.811883,0.164133,0.636964,200.0,1.0,0.0,0.0,1.0,1.0,0.0,0.0,0.0,0.0,1.0,1.0,1.0,0.0,0.0,0.0,0.0,0.0,1.0,1.0,1.0,1.0,1.0,1.0,4.0,1.0,1.0,1.0,1.0,1.0,1.0,1.0,1.0,1.0,1.0,0.0,1.0,1.0,1.0,1.0,1.0,1.0,1.0,1.0,9.0,8.0,1.0,0.888889,0.962963
dataset-v2,v2,extraction-v2,hybrid-v1,weak_serp,68.4211,,входные двери Екатеринбург,входные двери,commercial,Екатеринбург,54,https://door4u.ru/,door4u.ru,7,0,,,homepage,ok,,artifacts\query--93d888ed8822f8a7.json,86d46360814e23909eb54298ccc0747a9d68746a,116889,68.4211,7995.0,70987.0,1176.0,550.0,0.467687074829932,5.5978,119.0,9.8824,9.0,1.0,7.0,10.0,18.0,1.0,75.0,1.0,145.0,0.0,0.0,0.0,31.0,1.0,0.0,0.333333,0.0,8.0,0.333333,13.0,0.026361,1.0,77.0,23.0,8.0,5.0,0.0,0.0,0.0,130.6667,65.47619,19.557823,6.802721,4.251701,0.112626,0.567025,1.0,0.5,15.272727,2.0,0.567025,0.189008,0.189008,0.111111,0.444548,0.6,0.636364,1.0,0.878685,0.173258,0.283513,200.0,1.0,0.0,0.0,0.0,0.0,1.0,0.0,0.0,0.0,1.0,1.0,1.0,0.0,0.0,0.0,0.0,0.0,1.0,1.0,1.0,0.75,0.95,1.0,6.0,0.0,1.0,1.0,1.0,1.0,1.0,1.0,1.0,1.0,1.0,0.0,1.0,0.0,0.0,0.0,1.0,1.0,1.0,0.6,8.0,7.0,0.888889,0.777778,0.755556
dataset-v2,v2,extraction-v2,hybrid-v1,weak_serp,63.1579,,входные двери Екатеринбург,входные двери,commercial,Екатеринбург,54,https://ekaterinburg.lemanapro.ru/catalogue/vhodnye-dveri/,ekaterinburg.lemanapro.ru,8,0,,,product,ok,,artifacts\query--fe207bc3cb162038.json,35f11879827ad5e97bded3f6dc896aedd65b8e75,10091,63.1579,77.0,8264.0,13.0,13.0,1.0,5.0,1.0,13.0,1.0,1.0,0.0,0.0,1.0,1.0,12.0,0.0,0.0,0.0,0.0,0.0,0.0,0.0,0.0,0.0,0.0,0.0,0.0,0.0,0.0,0.0,1.0,0.0,0.0,0.0,0.0,0.0,0.0,13.0,76.923077,0.0,0.0,0.0,0.009318,0.020987,0.0,0.0,13.0,1.0,0.0,0.0,0.0,0.0,0.000182,0.0,0.218182,0.0,0.0,0.000152,0.0,403.0,0.0,0.0,0.0,0.0,0.0,0.0,0.0,0.0,0.0,0.0,1.0,1.0,0.0,0.0,2.0,0.0,0.0,1.0,0.8,1.0,0.75,0.71,1.0,1.0,0.0,0.0,0.0,0.0,0.0,0.0,0.0,0.0,0.0,0.0,0.0,0.0,0.0,0.0,0.0,0.0,0.0,0.0,0.2,1.0,0.0,0.111111,0.0,0.103704
dataset-v2,v2,extraction-v2,hybrid-v1,weak_serp,57.8947,,входные двери Екатеринбург,входные двери,commercial,Екатеринбург,54,https://dverhome.ru/,dverhome.ru,9,0,,,homepage,ok,,artifacts\query--9c5971dd8f30dccf.json,1bfb3cd1aff308fe883d516a3e9b69f2f4940217,316487,57.8947,12098.0,188189.0,1712.0,871.0,0.5087616822429907,5.8633,121.0,14.1488,38.0,1.0,0.0,13.0,14.0,1.0,82.0,1.0,155.0,0.0,0.0,0.0,77.0,2.0,2.0,0.333333,0.333333,1.0,0.333333,9.0,0.044977,1.0,189.0,14.0,153.0,39.0,4.0,26.0,6.5,45.0526,110.397196,8.17757,89.369159,22.780374,0.064286,0.543155,1.0,1.0,9.058201,0.368421,0.543155,0.181052,0.181052,0.111111,0.543155,0.6,0.509091,0.931034,0.500779,0.262827,0.543155,200.0,1.0,0.0,0.0,1.0,1.0,1.0,0.0,0.0,0.0,1.0,1.0,1.0,0.0,0.0,0.0,0.0,0.0,1.0,1.0,1.0,1.0,1.0,1.0,3.0,1.0,1.0,1.0,1.0,1.0,1.0,1.0,1.0,1.0,1.0,0.0,1.0,1.0,2.0,1.0,1.0,1.0,1.0,1.0,9.0,8.0,1.0,0.888889,0.962963
dataset-v2,v2,extraction-v2,hybrid-v1,weak_serp,52.6316,,входные двери Екатеринбург,входные двери,commercial,Екатеринбург,54,https://ekaterinburg.dverimagnat.ru/,ekaterinburg.dverimagnat.ru,10,0,,,homepage,ok,,artifacts\query--cdda9362b5639029.json,14297abab0acd05542c399bd1751eed2a204bf5f,761090,52.6316,15976.0,623799.0,2460.0,761.0,0.30934959349593494,5.3008,211.0,11.6588,9.0,1.0,8.0,2.0,11.0,1.0,78.0,1.0,249.0,0.0,0.0,0.0,55.0,2.0,0.0,0.666667,0.0,3.0,0.666667,5.0,0.022358,1.0,497.0,39.0,45.0,3.0,2.0,2.0,1.0,273.3333,202.03252,15.853659,18.292683,1.219512,0.025611,0.62633,1.0,1.0,4.949698,1.222222,0.62633,0.417553,0.417553,0.444444,0.62633,0.8,0.581818,0.282759,0.745257,0.193755,0.62633,200.0,1.0,0.0,0.0,1.0,1.0,0.0,0.0,0.0,0.0,1.0,1.0,1.0,0.0,0.0,0.0,0.0,0.0,1.0,1.0,1.0,1.0,1.0,1.0,3.0,1.0,1.0,1.0,1.0,1.0,1.0,1.0,1.0,1.0,1.0,1.0,0.0,1.0,1.0,1.0,1.0,1.0,1.0,1.0,8.0,9.0,0.888889,1.0,0.962963
dataset-v2,v2,extraction-v2,hybrid-v1,weak_serp,100.0,,входные двери Новосибирск,входные двери,commercial,Новосибирск,65,https://novosibirsk.dverimagnat.ru/,novosibirsk.dverimagnat.ru,1,0,,,homepage,ok,,artifacts\query--a019ce15383c2ee6.json,181d6d4fb14930cd0e214075f558dbf9a6870d23,754550,100.0,15779.0,621923.0,2432.0,739.0,0.30386513157894735,5.2911,211.0,11.5261,9.0,1.0,8.0,2.0,11.0,1.0,77.0,1.0,249.0,0.0,0.0,0.0,55.0,2.0,0.0,0.666667,0.0,3.0,0.666667,5.0,0.022615,1.0,470.0,39.0,18.0,3.0,2.0,2.0,1.0,270.2222,193.256579,16.036184,7.401316,1.233553,0.025371,0.633272,1.0,1.0,5.174468,1.222222,0.633272,0.422181,0.422181,0.444444,0.633272,0.8,0.6,0.282759,0.753838,0.192429,0.633272,200.0,1.0,0.0,0.0,1.0,1.0,0.0,0.0,0.0,0.0,1.0,1.0,1.0,0.0,0.0,0.0,0.0,0.0,1.0,1.0,1.0,1.0,1.0,1.0,3.0,1.0,1.0,1.0,1.0,1.0,1.0,1.0,1.0,1.0,1.0,1.0,0.0,1.0,1.0,1.0,1.0,1.0,1.0,1.0,8.0,9.0,0.888889,1.0,0.962963
dataset-v2,v2,extraction-v2,hybrid-v1,weak_serp,94.7368,,входные двери Новосибирск,входные двери,commercial,Новосибирск,65,https://фабрикадверей.рф/,фабрикадверей.рф,2,0,,,homepage,ok,,artifacts\query--7dfe09328fd68754.json,74303142d086e824b01dce4ea315738757820ea5,974131,94.7368,38425.0,704477.0,6316.0,1128.0,0.1785940468651045,4.9303,101.0,62.5347,219.0,1.0,3.0,6.0,10.0,1.0,14.0,1.0,179.0,0.0,0.0,0.0,77.0,0.0,3.0,0.0,0.333333,1.0,0.333333,25.0,0.012191,1.0,457.0,177.0,333.0,0.0,4.0,28.0,7.0,28.8402,72.355921,28.024066,52.723243,0.0,0.054544,0.599274,1.0,1.0,13.820569,0.045662,0.599274,0.0,0.199758,0.0,0.599274,0.483333,0.254545,0.765517,0.406375,0.107027,0.599274,200.0,1.0,0.0,0.0,0.0,0.0,0.0,0.0,0.0,0.0,1.0,1.0,1.0,0.0,0.0,0.0,0.0,0.0,1.0,1.0,1.0,0.75,0.95,1.0,2.0,0.0,1.0,1.0,1.0,1.0,1.0,1.0,1.0,1.0,1.0,1.0,0.0,1.0,130.0,1.0,1.0,1.0,1.0,0.8,8.0,8.0,0.888889,0.888889,0.859259
dataset-v2,v2,extraction-v2,hybrid-v1,weak_serp,89.4737,,входные двери Новосибирск,входные двери,commercial,Новосибирск,65,https://almaz-nsk.com/,almaz-nsk.com,3,0,,,homepage,ok,,artifacts\query--e17539c01ef6a5cd.json,17885e53cac22797ea8d327c3b71524f8e17fa5c,429821,89.4737,15740.0,285676.0,2055.0,943.0,0.45888077858880777,6.4759,121.0,16.9835,28.0,1.0,9.0,3.0,13.0,1.0,113.0,1.0,198.0,0.0,0.0,0.0,97.0,2.0,2.0,0.666667,0.666667,3.0,0.666667,28.0,0.047202,1.0,309.0,58.0,190.0,11.0,4.0,9.0,2.25,73.3929,150.364964,28.223844,92.457421,5.352798,0.055097,0.614142,1.0,1.0,6.650485,0.464286,0.614142,0.409428,0.409428,0.444444,0.614142,0.8,0.0,0.634483,0.426602,0.281818,0.614142,200.0,1.0,0.0,0.0,0.0,0.0,1.0,0.0,0.0,0.0,1.0,1.0,1.0,0.0,0.0,0.0,0.0,0.0,1.0,1.0,1.0,0.75,0.95,1.0,7.0,1.0,1.0,1.0,1.0,1.0,1.0,1.0,1.0,1.0,1.0,1.0,0.0,1.0,9.0,1.0,1.0,1.0,1.0,1.0,8.0,9.0,0.888889,1.0,0.962963
dataset-v2,v2,extraction-v2,hybrid-v1,weak_serp,84.2105,,входные двери Новосибирск,входные двери,commercial,Новосибирск,65,https://novosibirsk.estetdveri.ru/catalog/vkhodnye-dveri/,novosibirsk.estetdveri.ru,4,0,,,product,ok,,artifacts\query--709edcd1c56c7cc3.json,6f23aca2e6ee9f912493634ba8692a02a047db08,620347,84.2105,14647.0,530646.0,2070.0,989.0,0.4777777777777778,5.915,159.0,13.0189,32.0,1.0,1.0,2.0,4.0,1.0,124.0,1.0,215.0,0.0,0.0,0.0,62.0,2.0,3.0,0.666667,1.0,6.0,0.666667,11.0,0.029952,1.0,100.0,72.0,56.0,7.0,0.0,20.0,0.0,64.6875,48.309179,34.782609,27.05314,3.381643,0.027602,0.619323,1.0,0.75,20.7,0.125,0.619323,0.412882,0.412882,0.444444,0.619323,0.8,0.0,0.517241,0.99839,0.295899,0.464492,200.0,1.0,0.0,0.0,1.0,1.0,0.0,0.0,0.0,0.0,1.0,1.0,1.0,0.0,0.0,2.0,0.0,0.0,1.0,0.8,1.0,1.0,0.96,1.0,4.0,1.0,1.0,1.0,0.0,1.0,1.0,1.0,1.0,1.0,1.0,1.0,0.0,1.0,4.0,1.0,1.0,1.0,1.0,1.0,7.0,9.0,0.777778,1.0,0.925926
dataset-v2,v2,extraction-v2,hybrid-v1,weak_serp,78.9474,,входные двери Новосибирск,входные двери,commercial,Новосибирск,65,https://novosibirsk.mosdveri.ru/,novosibirsk.mosdveri.ru,5,0,,,homepage,ok,,artifacts\query--e648dec9d0dd0c0c.json,4c7c30febc2c1a9ce4bff07cc114507975f152e1,576582,78.9474,37320.0,359781.0,5142.0,1925.0,0.37436795021392455,6.0548,606.0,8.4851,102.0,1.0,12.0,19.0,32.0,1.0,103.0,1.0,199.0,0.0,0.0,0.0,35.0,2.0,3.0,0.666667,0.666667,9.0,0.666667,7.0,0.006807,1.0,763.0,128.0,165.0,16.0,11.0,61.0,5.545455,50.4118,148.385842,24.893038,32.088681,3.11163,0.10373,0.573457,1.0,1.0,6.739187,0.313725,0.573457,0.382305,0.382305,0.444444,0.573457,0.8,0.127273,0.627586,0.22689,0.214684,0.573457,200.0,1.0,0.0,0.0,1.0,1.0,1.0,0.0,0.0,0.0,1.0,1.0,1.0,0.0,0.0,0.0,0.0,0.0,1.0,1.0,1.0,1.0,1.0,1.0,29.0,1.0,1.0,1.0,1.0,1.0,1.0,1.0,1.0,1.0,1.0,1.0,0.0,1.0,32.0,0.0,1.0,1.0,1.0,0.8,8.0,9.0,0.888889,1.0,0.896296
dataset-v2,v2,extraction-v2,hybrid-v1,weak_serp,73.6842,,входные двери Новосибирск,входные двери,commercial,Новосибирск,65,https://nsk-dveri.ru/,nsk-dveri.ru,6,0,,,homepage,ok,,artifacts\query--59b2bce2f9736300.json,aebd2acff1cc614c0e31c5e92ee8c1249d291195,733312,73.6842,13893.0,560035.0,1914.0,715.0,0.3735632183908046,6.0758,85.0,22.5176,1.0,1.0,0.0,7.0,8.0,1.0,79.0,1.0,152.0,0.0,0.0,0.0,80.0,1.0,3.0,0.333333,0.666667,2.0,0.666667,19.0,0.041797,1.0,467.0,22.0,350.0,0.0,2.0,9.0,4.5,1914.0,243.991641,11.494253,182.863114,0.0,0.024807,0.643032,1.0,1.0,4.098501,8.0,0.643032,0.214344,0.428688,0.222222,0.643032,0.683333,0.563636,0.951724,0.606757,0.240213,0.643032,200.0,1.0,0.0,0.0,1.0,1.0,0.0,0.0,0.0,0.0,1.0,1.0,1.0,0.0,0.0,0.0,0.0,0.0,1.0,1.0,1.0,1.0,1.0,1.0,5.0,1.0,1.0,1.0,0.0,1.0,1.0,0.0,1.0,1.0,1.0,1.0,1.0,1.0,4.0,1.0,1.0,1.0,1.0,1.0,7.0,9.0,0.777778,1.0,0.925926
dataset-v2,v2,extraction-v2,hybrid-v1,weak_serp,68.4211,,входные двери Новосибирск,входные двери,commercial,Новосибирск,65,https://centurion-door.ru/,centurion-door.ru,7,0,,,homepage,ok,,artifacts\query--87265971377be7ec.json,e39b2c5837caeca9597ac74bc677e48a0174f7ad,138445,68.4211,4826.0,104624.0,640.0,383.0,0.5984375,6.4094,28.0,22.8571,6.0,1.0,4.0,0.0,5.0,1.0,117.0,1.0,227.0,0.0,0.0,0.0,22.0,2.0,2.0,0.666667,0.666667,0.0,0.0,10.0,0.034375,1.0,93.0,48.0,14.0,0.0,2.0,7.0,3.5,106.6667,145.3125,75.0,21.875,0.0,0.046127,0.541864,1.0,1.0,6.88172,0.833333,0.541864,0.361243,0.0,0.0,0.231195,0.633333,0.0,0.434483,0.854167,0.115297,0.541864,200.0,1.0,0.0,0.0,1.0,1.0,0.0,0.0,0.0,0.0,1.0,1.0,1.0,0.0,0.0,0.0,0.0,0.0,1.0,1.0,1.0,1.0,1.0,1.0,6.0,1.0,1.0,1.0,0.0,1.0,1.0,1.0,1.0,1.0,0.0,0.0,0.0,1.0,7.0,1.0,1.0,1.0,1.0,1.0,7.0,7.0,0.777778,0.777778,0.851852
dataset-v2,v2,extraction-v2,hybrid-v1,weak_serp,63.1579,,входные двери Новосибирск,входные двери,commercial,Новосибирск,65,https://novosibirsk.metaldveri.ru/,novosibirsk.metaldveri.ru,8,0,,,homepage,ok,,artifacts\query--a92ed04b3efe85ab.json,56493b9ef0c9e19e2e97c4bc13d596b96474c798,363321,63.1579,22696.0,198826.0,3470.0,940.0,0.27089337175792505,5.3406,247.0,14.0486,68.0,1.0,5.0,1.0,7.0,1.0,79.0,1.0,242.0,0.0,0.0,0.0,72.0,2.0,2.0,0.666667,0.666667,4.0,0.666667,7.0,0.020749,1.0,566.0,130.0,223.0,36.0,3.0,35.0,11.666667,51.0294,163.112392,37.463977,64.26513,10.37464,0.11415,0.578635,1.0,1.0,6.130742,0.102941,0.578635,0.385757,0.385757,0.444444,0.578635,0.8,0.563636,0.331034,0.691643,0.156748,0.578635,200.0,1.0,0.0,0.0,1.0,1.0,1.0,0.0,0.0,0.0,1.0,1.0,0.0,0.0,0.0,0.0,0.0,0.0,1.0,1.0,0.5,1.0,0.9,1.0,2.0,1.0,1.0,1.0,1.0,1.0,1.0,1.0,1.0,1.0,1.0,0.0,1.0,1.0,10.0,1.0,1.0,1.0,1.0,1.0,9.0,8.0,1.0,0.888889,0.962963
dataset-v2,v2,extraction-v2,hybrid-v1,weak_serp,57.8947,,входные двери Новосибирск,входные двери,commercial,Новосибирск,65,https://shop-nsk.ru/,shop-nsk.ru,9,0,,,homepage,ok,,artifacts\query--0b0799f87000ddfe.json,29d69343065e664528c17297c20793c8d46152a0,773749,57.8947,13336.0,648758.0,1975.0,736.0,0.37265822784810126,5.4922,125.0,15.8,30.0,0.0,8.0,0.0,8.0,1.0,72.0,1.0,310.0,0.0,0.0,0.0,49.0,3.0,8.0,0.666667,0.666667,4.0,0.666667,12.0,0.02481,1.0,292.0,31.0,117.0,25.0,3.0,27.0,9.0,65.8333,147.848101,15.696203,59.240506,12.658228,0.020556,0.54009,1.0,1.0,6.763699,0.266667,0.54009,0.36006,0.36006,0.444444,0.54009,0.8,0.690909,0.0,0.827004,0.201269,0.54009,200.0,1.0,0.0,0.0,0.0,0.0,0.0,0.0,0.0,0.0,1.0,1.0,1.0,0.0,0.0,0.0,0.0,0.0,1.0,1.0,1.0,0.75,0.95,1.0,5.0,1.0,1.0,1.0,1.0,1.0,1.0,1.0,1.0,1.0,1.0,0.0,0.0,1.0,1.0,1.0,1.0,1.0,1.0,1.0,8.0,8.0,0.888889,0.888889,0.925926
dataset-v2,v2,extraction-v2,hybrid-v1,weak_serp,52.6316,,входные двери Новосибирск,входные двери,commercial,Новосибирск,65,https://dveri-nso.ru/cat/vhodnye-dveri/,dveri-nso.ru,10,0,,,content,ok,,artifacts\query--bf8e82b5ed52c4b6.json,7155b07ac3ce7d93c57cacd1ba6057e3ebbefffe,442882,52.6316,26332.0,295969.0,3646.0,906.0,0.24849149753154143,5.8645,170.0,21.4471,32.0,2.0,4.0,49.0,55.0,1.0,100.0,1.0,154.0,0.0,0.0,0.0,92.0,3.0,4.0,0.666667,0.666667,6.0,0.666667,17.0,0.025233,1.0,274.0,41.0,205.0,66.0,8.0,36.0,4.5,113.9375,75.15085,11.2452,56.226001,18.10203,0.088969,0.617136,1.0,1.0,13.306569,1.71875,0.617136,0.411424,0.411424,0.444444,0.617136,0.8,0.181818,0.937931,0.841104,0.153353,0.617136,200.0,1.0,0.0,0.0,1.0,1.0,1.0,0.0,0.0,0.0,1.0,1.0,1.0,0.0,0.0,2.0,0.0,0.0,1.0,0.8,1.0,1.0,0.96,1.0,9.0,1.0,1.0,1.0,1.0,1.0,1.0,1.0,1.0,1.0,0.0,0.0,0.0,1.0,3.0,0.0,1.0,1.0,1.0,0.8,8.0,7.0,0.888889,0.777778,0.822222
dataset-v2,v2,extraction-v2,hybrid-v1,weak_serp,100.0,,входные двери Казань,входные двери,commercial,Казань,43,https://mirdverey-kazan.ru/,mirdverey-kazan.ru,1,0,,,homepage,ok,,artifacts\query--d98b8e10d81922cb.json,5ca7c8c199056348822c9f2d2eccc7f43a82cb12,86473,100.0,44.0,83975.0,7.0,7.0,1.0,5.2857,1.0,7.0,2.0,0.0,1.0,0.0,1.0,0.0,0.0,0.0,0.0,0.0,0.0,0.0,0.0,0.0,0.0,0.0,0.0,0.0,0.0,0.0,0.0,0.0,0.0,8.0,0.0,0.0,0.0,0.0,0.0,3.5,0.0,1142.857143,0.0,0.0,0.000524,0.151159,0.0,0.25,7.0,0.5,0.0,0.0,0.0,0.0,0.000705,0.0,0.0,0.0,0.0,0.000588,0.03779,200.0,1.0,0.0,0.0,0.0,0.0,1.0,1.0,1.0,0.0,0.0,1.0,0.0,0.0,0.0,0.0,0.0,0.0,1.0,1.0,0.5,0.75,0.65,0.0,0.0,0.0,1.0,1.0,0.0,1.0,0.0,0.0,0.0,1.0,0.0,0.0,1.0,0.0,0.0,0.0,0.0,1.0,1.0,0.4,3.0,5.0,0.333333,0.555556,0.42963
dataset-v2,v2,extraction-v2,hybrid-v1,weak_serp,78.9474,,входные двери Казань,входные двери,commercial,Казань,43,https://kazan.dverimagnat.ru/,kazan.dverimagnat.ru,5,0,,,homepage,ok,,artifacts\query--e8aeaecdad47385b.json,a16030b9f6c866040d9c92829329117e8fb62e6b,754977,78.9474,15680.0,621697.0,2435.0,752.0,0.30882956878850104,5.2452,209.0,11.6507,9.0,1.0,8.0,2.0,11.0,1.0,71.0,1.0,232.0,0.0,0.0,0.0,55.0,2.0,0.0,0.666667,0.0,3.0,0.666667,5.0,0.022587,1.0,478.0,39.0,26.0,3.0,2.0,2.0,1.0,270.5556,196.303901,16.016427,10.677618,1.232033,0.025221,0.555661,1.0,1.0,5.094142,1.222222,0.555661,0.370441,0.370441,0.444444,0.555661,0.8,0.709091,0.4,0.752909,0.171605,0.555661,200.0,1.0,0.0,0.0,1.0,1.0,0.0,0.0,0.0,0.0,1.0,1.0,1.0,0.0,0.0,0.0,0.0,0.0,1.0,1.0,1.0,1.0,1.0,1.0,3.0,1.0,1.0,1.0,1.0,1.0,1.0,1.0,1.0,1.0,1.0,1.0,0.0,1.0,1.0,1.0,1.0,1.0,1.0,1.0,8.0,9.0,0.888889,1.0,0.962963
dataset-v2,v2,extraction-v2,hybrid-v1,weak_serp,57.8947,,входные двери Казань,входные двери,commercial,Казань,43,https://kzn.doorsstore.ru/,kzn.doorsstore.ru,9,0,,,homepage,ok,,artifacts\query--608fb41fa0a98fd1.json,291f9b29c553e75c198773ec6dd6e38a144e9703,396871,57.8947,10821.0,279247.0,1566.0,579.0,0.36973180076628354,5.7478,24.0,65.25,2.0,1.0,8.0,1.0,10.0,1.0,90.0,1.0,162.0,0.0,0.0,0.0,67.0,0.0,2.0,0.0,0.666667,4.0,0.333333,28.0,0.042784,1.0,336.0,76.0,134.0,4.0,4.0,23.0,5.75,783.0,214.559387,48.53129,85.568327,2.554278,0.038751,0.443179,1.0,1.0,4.660714,5.0,0.443179,0.0,0.147726,0.0,0.443179,0.483333,0.363636,0.882759,0.573861,0.142556,0.443179,200.0,1.0,0.0,0.0,1.0,0.0,0.0,0.0,0.0,0.0,1.0,1.0,1.0,0.0,0.0,0.0,0.0,0.0,1.0,1.0,1.0,0.0,0.8,1.0,3.0,1.0,1.0,1.0,1.0,1.0,1.0,1.0,1.0,1.0,0.0,0.0,0.0,1.0,3.0,1.0,1.0,1.0,1.0,1.0,8.0,7.0,0.888889,0.777778,0.888889
dataset-v2,v2,extraction-v2,hybrid-v1,weak_serp,100.0,,входные двери Краснодар,входные двери,commercial,Краснодар,35,https://dveri-estetika.ru/,dveri-estetika.ru,1,0,,,homepage,ok,,artifacts\query--9a2dcb088c2126e2.json,cdb0d0fdd9ae617bf043b222f26091b56953b24e,447549,100.0,6453.0,375889.0,907.0,368.0,0.40573318632855565,5.9515,24.0,37.7917,26.0,3.0,10.0,3.0,16.0,1.0,48.0,1.0,142.0,0.0,0.0,0.0,52.0,1.0,3.0,0.333333,1.0,4.0,0.666667,17.0,0.057332,1.0,225.0,77.0,193.0,11.0,2.0,14.0,7.0,34.8846,248.070562,84.895259,212.789416,12.127894,0.017167,0.473911,1.0,1.0,4.031111,0.615385,0.473911,0.15797,0.315941,0.222222,0.286558,0.683333,0.872727,0.97931,0.088938,0.096888,0.473911,200.0,1.0,0.0,0.0,1.0,1.0,1.0,0.0,0.0,0.0,1.0,1.0,1.0,0.0,0.0,0.0,0.0,0.0,1.0,1.0,1.0,1.0,1.0,1.0,5.0,1.0,1.0,1.0,0.0,1.0,1.0,1.0,1.0,0.0,1.0,1.0,1.0,1.0,1.0,1.0,1.0,1.0,1.0,1.0,8.0,8.0,0.888889,0.888889,0.925926
dataset-v2,v2,extraction-v2,hybrid-v1,weak_serp,94.7368,,входные двери Краснодар,входные двери,commercial,Краснодар,35,https://prodverikrd.ru/,prodverikrd.ru,2,0,,,homepage,ok,,artifacts\query--9523f5a21f7385a6.json,633a6368ba4430bd07f88517d24ac51c809a79cf,208038,94.7368,4900.0,156199.0,785.0,305.0,0.3885350318471338,5.0497,27.0,29.0741,1.0,1.0,4.0,0.0,5.0,1.0,48.0,1.0,173.0,0.0,0.0,0.0,32.0,1.0,1.0,0.333333,0.333333,0.0,0.0,21.0,0.040764,1.0,187.0,41.0,47.0,20.0,22.0,83.0,3.772727,785.0,238.216561,52.229299,59.872611,25.477707,0.03137,0.171938,1.0,1.0,4.197861,5.0,0.171938,0.057313,0.0,0.0,0.089981,0.516667,0.872727,0.806897,0.641189,0.029134,0.171938,200.0,1.0,0.0,0.0,1.0,1.0,0.0,0.0,0.0,0.0,1.0,1.0,1.0,0.0,0.0,0.0,0.0,0.0,1.0,1.0,1.0,1.0,1.0,1.0,4.0,1.0,1.0,1.0,1.0,1.0,1.0,1.0,0.0,1.0,0.0,0.0,0.0,1.0,1.0,1.0,1.0,0.0,1.0,1.0,8.0,5.0,0.888889,0.555556,0.814815
dataset-v2,v2,extraction-v2,hybrid-v1,weak_serp,89.4737,,входные двери Краснодар,входные двери,commercial,Краснодар,35,https://krasnodar.lemanapro.ru/catalogue/vhodnye-dveri/,krasnodar.lemanapro.ru,3,0,,,product,ok,,artifacts\query--92b6ee95b127285c.json,639537db0ee47e68a3eee20e5a408faa5c4775cb,10085,89.4737,77.0,8264.0,13.0,13.0,1.0,5.0,1.0,13.0,1.0,1.0,0.0,0.0,1.0,1.0,12.0,0.0,0.0,0.0,0.0,0.0,0.0,0.0,0.0,0.0,0.0,0.0,0.0,0.0,0.0,0.0,1.0,0.0,0.0,0.0,0.0,0.0,0.0,13.0,76.923077,0.0,0.0,0.0,0.009318,-0.043515,0.0,0.0,13.0,1.0,-0.0,-0.0,-0.0,0.0,-0.000377,0.0,0.218182,0.0,0.0,-0.000314,-0.0,403.0,0.0,0.0,0.0,0.0,0.0,0.0,0.0,0.0,0.0,0.0,1.0,1.0,0.0,0.0,2.0,0.0,0.0,1.0,0.8,1.0,0.75,0.71,1.0,1.0,0.0,0.0,0.0,0.0,0.0,0.0,0.0,0.0,0.0,0.0,0.0,0.0,0.0,0.0,0.0,0.0,0.0,0.0,0.2,1.0,0.0,0.111111,0.0,0.103704
dataset-v2,v2,extraction-v2,hybrid-v1,weak_serp,84.2105,,входные двери Краснодар,входные двери,commercial,Краснодар,35,https://dverka123.ru/,dverka123.ru,4,0,,,homepage,ok,,artifacts\query--4a204e983a997d27.json,2e5e9fbb5b4f771da641a86817f164c48b3f11a4,431114,84.2105,11404.0,352521.0,1580.0,673.0,0.4259493670886076,5.957,149.0,10.604,47.0,1.0,35.0,21.0,57.0,1.0,56.0,1.0,113.0,0.0,0.0,0.0,94.0,2.0,2.0,0.666667,0.666667,29.0,1.0,36.0,0.059494,1.0,128.0,31.0,82.0,27.0,5.0,30.0,6.0,33.617,81.012658,19.620253,51.898734,17.088608,0.03235,0.581569,1.0,1.0,12.34375,1.212766,0.581569,0.387713,0.581569,0.666667,0.581569,0.883333,0.981818,0.77931,0.016878,0.217442,0.581569,200.0,1.0,0.0,0.0,1.0,1.0,1.0,0.0,0.0,0.0,1.0,1.0,1.0,0.0,0.0,0.0,0.0,0.0,1.0,1.0,1.0,1.0,1.0,1.0,1.0,1.0,1.0,1.0,1.0,1.0,1.0,1.0,1.0,1.0,1.0,1.0,0.0,1.0,7.0,1.0,1.0,1.0,1.0,1.0,8.0,9.0,0.888889,1.0,0.962963
dataset-v2,v2,extraction-v2,hybrid-v1,weak_serp,78.9474,,входные двери Краснодар,входные двери,commercial,Краснодар,35,https://dveri-ntd.ru/,dveri-ntd.ru,5,0,,,homepage,ok,,artifacts\query--681b24f3d07b4c96.json,134f811ff4cc6e9eeaf80665b283acf062ae1211,514471,78.9474,10645.0,405865.0,1740.0,675.0,0.3879310344827586,4.9506,64.0,27.1875,29.0,1.0,8.0,0.0,9.0,1.0,55.0,1.0,165.0,0.0,0.0,0.0,45.0,0.0,1.0,0.0,0.333333,4.0,0.333333,17.0,0.025862,1.0,189.0,100.0,112.0,15.0,0.0,38.0,0.0,60.0,108.62069,57.471264,64.367816,8.62069,0.026228,0.297148,1.0,0.75,9.206349,0.310345,0.297148,0.0,0.099049,0.0,0.297148,0.483333,1.0,0.862069,0.862069,0.111431,0.222861,200.0,1.0,0.0,0.0,1.0,1.0,1.0,0.0,0.0,0.0,1.0,1.0,1.0,0.0,0.0,0.0,0.0,0.0,1.0,1.0,1.0,1.0,1.0,1.0,3.0,1.0,1.0,1.0,1.0,1.0,1.0,1.0,1.0,1.0,1.0,1.0,1.0,1.0,39.0,1.0,1.0,0.0,1.0,1.0,9.0,8.0,1.0,0.888889,0.962963
dataset-v2,v2,extraction-v2,hybrid-v1,weak_serp,73.6842,,входные двери Краснодар,входные двери,commercial,Краснодар,35,https://modern-dveri.ru/catalog/vkhodnye-dveri/,modern-dveri.ru,6,0,,,product,ok,,artifacts\query--813d2f49343f9d0c.json,32db936d4cd6fcd11bcf3c504a478830a344be66,1720811,73.6842,31660.0,1250078.0,4491.0,712.0,0.15853930082386997,5.3888,29.0,154.8621,3.0,1.0,1.0,1.0,3.0,1.0,61.0,1.0,304.0,0.0,0.0,0.0,141.0,2.0,2.0,0.666667,0.666667,6.0,0.666667,10.0,0.031396,1.0,857.0,282.0,503.0,0.0,3.0,204.0,68.0,1497.0,190.826097,62.792251,112.001781,0.0,0.025326,0.594413,1.0,1.0,5.240373,1.0,0.594413,0.396275,0.396275,0.444444,0.594413,0.8,0.890909,0.0,0.953462,0.094238,0.594413,200.0,1.0,0.0,0.0,1.0,1.0,0.0,0.0,0.0,0.0,1.0,1.0,1.0,0.0,0.0,2.0,0.0,0.0,1.0,0.8,1.0,1.0,0.96,1.0,2.0,1.0,1.0,1.0,1.0,1.0,0.0,1.0,1.0,1.0,1.0,0.0,0.0,1.0,5.0,1.0,1.0,1.0,1.0,1.0,7.0,8.0,0.777778,0.888889,0.888889
dataset-v2,v2,extraction-v2,hybrid-v1,weak_serp,68.4211,,входные двери Краснодар,входные двери,commercial,Краснодар,35,https://krasnodar.mall-of-doors.ru/catalog/,krasnodar.mall-of-doors.ru,7,0,,,product,ok,,artifacts\query--db67aef0c0f82a9d.json,9f387aeb24b5edac3aba84356a24076f5265f06b,1811444,68.4211,27871.0,1568654.0,4292.0,1158.0,0.26980428704566634,5.2596,230.0,18.6609,4.0,1.0,7.0,4.0,12.0,1.0,89.0,1.0,205.0,0.0,0.0,0.0,49.0,0.0,2.0,0.0,0.666667,4.0,0.666667,3.0,0.011417,1.0,762.0,123.0,100.0,60.0,5.0,20.0,4.0,1073.0,177.539609,28.657968,23.299161,13.979497,0.017767,0.57142,1.0,1.0,5.632546,3.0,0.57142,0.0,0.380947,0.0,0.57142,0.566667,0.381818,0.586207,0.380553,0.154172,0.57142,200.0,1.0,0.0,0.0,1.0,1.0,0.0,0.0,0.0,0.0,1.0,1.0,1.0,0.0,0.0,1.0,0.0,0.0,1.0,0.9,1.0,1.0,0.98,1.0,6.0,1.0,1.0,1.0,1.0,1.0,1.0,1.0,1.0,1.0,1.0,0.0,1.0,1.0,2.0,1.0,1.0,1.0,1.0,1.0,9.0,8.0,1.0,0.888889,0.962963
dataset-v2,v2,extraction-v2,hybrid-v1,weak_serp,63.1579,,входные двери Краснодар,входные двери,commercial,Краснодар,35,https://krd.doorsstore.ru/,krd.doorsstore.ru,8,0,,,homepage,ok,,artifacts\query--8e02726b4affc198.json,bbb827e99c7e68de34356e4f7063ee5110a990cd,397004,63.1579,10837.0,279297.0,1566.0,579.0,0.36973180076628354,5.758,24.0,65.25,2.0,1.0,8.0,1.0,10.0,1.0,94.0,1.0,162.0,0.0,0.0,0.0,67.0,0.0,2.0,0.0,0.666667,4.0,0.333333,28.0,0.042784,1.0,336.0,76.0,134.0,4.0,4.0,23.0,5.75,783.0,214.559387,48.53129,85.568327,2.554278,0.038801,0.451384,1.0,1.0,4.660714,5.0,0.451384,0.0,0.150461,0.0,0.451384,0.483333,0.290909,0.882759,0.573861,0.145195,0.451384,200.0,1.0,0.0,0.0,1.0,0.0,0.0,0.0,0.0,0.0,1.0,1.0,1.0,0.0,0.0,0.0,0.0,0.0,1.0,1.0,1.0,0.0,0.8,1.0,3.0,1.0,1.0,1.0,1.0,1.0,1.0,1.0,1.0,1.0,0.0,0.0,0.0,1.0,3.0,1.0,1.0,1.0,1.0,1.0,8.0,7.0,0.888889,0.777778,0.888889
dataset-v2,v2,extraction-v2,hybrid-v1,weak_serp,57.8947,,входные двери Краснодар,входные двери,commercial,Краснодар,35,https://dveriarkada.ru/,dveriarkada.ru,9,0,,,homepage,ok,,artifacts\query--53bcd7c7011c390d.json,2a5b202c969155721fbf08eac5b768336ff7daa2,815549,57.8947,13337.0,724151.0,1932.0,630.0,0.32608695652173914,5.7324,56.0,34.5,1.0,1.0,4.0,0.0,5.0,1.0,67.0,1.0,141.0,0.0,0.0,0.0,34.0,1.0,1.0,0.333333,0.333333,1.0,0.333333,17.0,0.017598,1.0,197.0,46.0,131.0,0.0,4.0,38.0,9.5,1932.0,101.966874,23.809524,67.805383,0.0,0.018417,0.408722,1.0,1.0,9.807107,5.0,0.408722,0.136241,0.136241,0.111111,0.408722,0.6,0.781818,0.972414,0.586611,0.133279,0.408722,200.0,1.0,0.0,0.0,1.0,1.0,0.0,0.0,0.0,0.0,1.0,1.0,1.0,0.0,0.0,0.0,0.0,0.0,1.0,1.0,1.0,1.0,1.0,1.0,21.0,1.0,1.0,1.0,1.0,1.0,1.0,1.0,1.0,1.0,1.0,0.0,0.0,1.0,11.0,1.0,1.0,1.0,1.0,1.0,8.0,8.0,0.888889,0.888889,0.925926
dataset-v2,v2,extraction-v2,hybrid-v1,weak_serp,52.6316,,входные двери Краснодар,входные двери,commercial,Краснодар,35,https://goroddverei23.ru/catalog/vkhodnye-dveri/,goroddverei23.ru,10,0,,,product,ok,,artifacts\query--0924bad6af49d1fc.json,898b46ce319c740406020fba46fbd8163b1418ef,1236443,52.6316,10645.0,1056499.0,1568.0,557.0,0.3552295918367347,5.5963,25.0,62.72,9.0,1.0,1.0,0.0,2.0,1.0,80.0,1.0,197.0,0.0,0.0,0.0,72.0,3.0,5.0,0.666667,0.666667,4.0,0.666667,32.0,0.045918,1.0,245.0,60.0,65.0,2.0,3.0,147.0,49.0,174.2222,156.25,38.265306,41.454082,1.27551,0.010076,0.413156,1.0,1.0,6.4,0.222222,0.413156,0.275437,0.275437,0.444444,0.413156,0.8,0.545455,0.641379,0.469388,0.127849,0.413156,200.0,1.0,0.0,0.0,1.0,1.0,0.0,0.0,0.0,0.0,1.0,1.0,1.0,0.0,0.0,2.0,0.0,0.0,1.0,0.8,1.0,1.0,0.96,1.0,3.0,1.0,1.0,1.0,1.0,1.0,1.0,1.0,1.0,1.0,1.0,1.0,1.0,1.0,3.0,1.0,1.0,1.0,1.0,1.0,9.0,9.0,1.0,1.0,1.0
dataset-v2,v2,extraction-v2,hybrid-v1,weak_serp,100.0,,входные двери Самара,входные двери,commercial,Самара,51,https://samara.dverimagnat.ru/,samara.dverimagnat.ru,1,0,,,homepage,ok,,artifacts\query--91339fbb7f60c699.json,5db6c7b517262e2cc48be46caeb95bb8421d81b8,753920,100.0,15752.0,621807.0,2447.0,744.0,0.3040457703310176,5.2415,223.0,10.9731,9.0,1.0,8.0,2.0,11.0,1.0,71.0,1.0,239.0,0.0,0.0,0.0,55.0,2.0,0.0,0.666667,0.0,3.0,0.666667,5.0,0.022477,1.0,468.0,39.0,16.0,3.0,2.0,2.0,1.0,271.8889,191.254597,15.937883,6.538619,1.225991,0.025333,0.696346,1.0,1.0,5.228632,1.222222,0.696346,0.464231,0.464231,0.444444,0.696346,0.8,0.709091,0.351724,0.749217,0.211721,0.696346,200.0,1.0,0.0,0.0,1.0,1.0,0.0,0.0,0.0,0.0,1.0,1.0,1.0,0.0,0.0,0.0,0.0,0.0,1.0,1.0,1.0,1.0,1.0,1.0,3.0,1.0,1.0,1.0,1.0,1.0,1.0,1.0,1.0,1.0,1.0,1.0,0.0,1.0,1.0,1.0,1.0,1.0,1.0,1.0,8.0,9.0,0.888889,1.0,0.962963
dataset-v2,v2,extraction-v2,hybrid-v1,weak_serp,94.7368,,входные двери Самара,входные двери,commercial,Самара,51,https://samara.lemanapro.ru/catalogue/vhodnye-dveri/,samara.lemanapro.ru,2,0,,,product,ok,,artifacts\query--e201ad3f0a96df0d.json,8b9a140d1f64b8986dc1f09036fa5aaf329bf0a0,10078,94.7368,77.0,8264.0,13.0,13.0,1.0,5.0,1.0,13.0,1.0,1.0,0.0,0.0,1.0,1.0,12.0,0.0,0.0,0.0,0.0,0.0,0.0,0.0,0.0,0.0,0.0,0.0,0.0,0.0,0.0,0.0,1.0,0.0,0.0,0.0,0.0,0.0,0.0,13.0,76.923077,0.0,0.0,0.0,0.009318,0.030337,0.0,0.0,13.0,1.0,0.0,0.0,0.0,0.0,0.000263,0.0,0.218182,0.0,0.0,0.000219,0.0,403.0,0.0,0.0,0.0,0.0,0.0,0.0,0.0,0.0,0.0,0.0,1.0,1.0,0.0,0.0,2.0,0.0,0.0,1.0,0.8,1.0,0.75,0.71,1.0,1.0,0.0,0.0,0.0,0.0,0.0,0.0,0.0,0.0,0.0,0.0,0.0,0.0,0.0,0.0,0.0,0.0,0.0,0.0,0.2,1.0,0.0,0.111111,0.0,0.103704
dataset-v2,v2,extraction-v2,hybrid-v1,weak_serp,89.4737,,входные двери Самара,входные двери,commercial,Самара,51,https://guardian-smr.ru/,guardian-smr.ru,3,0,,,homepage,ok,,artifacts\query--86eececf7919a7c8.json,856cace61d0d6d7aff51e3bbfa40b5ed59be1646,870329,89.4737,17918.0,785395.0,2724.0,868.0,0.3186490455212922,5.46,79.0,34.481,1.0,1.0,4.0,3.0,8.0,1.0,54.0,1.0,106.0,0.0,0.0,0.0,42.0,2.0,2.0,0.666667,0.666667,4.0,0.666667,9.0,0.015419,0.666667,164.0,104.0,73.0,10.0,1.0,3.0,3.0,2724.0,60.20558,38.179148,26.798825,3.671072,0.022814,0.746626,1.0,1.0,16.609756,8.0,0.497751,0.497751,0.497751,0.444444,0.746626,0.75,0.981818,0.731034,0.342633,0.237912,0.746626,200.0,1.0,0.0,0.0,1.0,1.0,0.0,0.0,0.0,0.0,1.0,1.0,1.0,0.0,0.0,0.0,0.0,0.0,1.0,1.0,1.0,1.0,1.0,1.0,4.0,0.0,1.0,1.0,1.0,1.0,1.0,1.0,1.0,1.0,0.0,0.0,0.0,1.0,1.0,1.0,1.0,1.0,1.0,0.8,8.0,6.0,0.888889,0.666667,0.785185
dataset-v2,v2,extraction-v2,hybrid-v1,weak_serp,84.2105,,входные двери Самара,входные двери,commercial,Самара,51,https://sfdoors.ru/,sfdoors.ru,4,0,,,homepage,ok,,artifacts\query--5cc44a15468046c9.json,39d84299bc9ebb5ea8421e590e5c98447d1c134b,1448045,84.2105,13670.0,1355671.0,2187.0,763.0,0.3488797439414723,5.0905,89.0,24.573,23.0,1.0,16.0,1.0,18.0,1.0,98.0,1.0,219.0,0.0,0.0,0.0,59.0,1.0,2.0,0.333333,0.333333,7.0,0.666667,8.0,0.026978,1.0,318.0,165.0,94.0,0.0,5.0,23.0,4.6,95.087,145.404664,75.445816,42.981253,0.0,0.010084,0.620766,1.0,1.0,6.877358,0.782609,0.620766,0.206922,0.413844,0.222222,0.620766,0.683333,0.218182,0.489655,0.899253,0.216573,0.620766,200.0,1.0,0.0,0.0,0.0,0.0,0.0,0.0,0.0,0.0,1.0,1.0,1.0,0.0,0.0,0.0,0.0,0.0,1.0,1.0,1.0,0.75,0.95,1.0,12.0,1.0,1.0,1.0,1.0,1.0,1.0,1.0,1.0,1.0,1.0,0.0,1.0,1.0,33.0,1.0,1.0,1.0,1.0,1.0,9.0,8.0,1.0,0.888889,0.962963
dataset-v2,v2,extraction-v2,hybrid-v1,weak_serp,78.9474,,входные двери Самара,входные двери,commercial,Самара,51,https://samara.metaldveri.ru/,samara.metaldveri.ru,5,0,,,homepage,ok,,artifacts\query--0f1a44625156d0a9.json,29080bd08d6d89a63dfd014b31e8a9d5c40c0956,363147,78.9474,22648.0,198740.0,3470.0,941.0,0.2711815561959654,5.3254,247.0,14.0486,68.0,1.0,5.0,1.0,7.0,1.0,73.0,1.0,236.0,0.0,0.0,0.0,72.0,2.0,2.0,0.666667,0.666667,4.0,0.666667,7.0,0.020749,1.0,567.0,130.0,223.0,36.0,3.0,35.0,11.666667,51.0294,163.400576,37.463977,64.26513,10.37464,0.113958,0.682521,1.0,1.0,6.119929,0.102941,0.682521,0.455014,0.455014,0.444444,0.682521,0.8,0.672727,0.372414,0.691643,0.185087,0.682521,200.0,1.0,0.0,0.0,1.0,1.0,1.0,0.0,0.0,0.0,1.0,1.0,0.0,0.0,0.0,0.0,0.0,0.0,1.0,1.0,0.5,1.0,0.9,1.0,2.0,1.0,1.0,1.0,1.0,1.0,1.0,1.0,1.0,1.0,1.0,0.0,1.0,1.0,10.0,1.0,1.0,1.0,1.0,1.0,9.0,8.0,1.0,0.888889,0.962963
dataset-v2,v2,extraction-v2,hybrid-v1,weak_serp,73.6842,,входные двери Самара,входные двери,commercial,Самара,51,https://enter63.ru/,enter63.ru,6,0,,,homepage,ok,,artifacts\query--99225b825b3d5253.json,556f3756c58a6e3c4f3ff691dccde39ee01a77ff,445547,73.6842,5393.0,403382.0,798.0,390.0,0.48872180451127817,5.6165,45.0,17.7333,40.0,0.0,3.0,26.0,29.0,1.0,55.0,1.0,202.0,0.0,0.0,0.0,26.0,2.0,3.0,0.666667,0.666667,4.0,0.666667,15.0,0.032581,1.0,115.0,49.0,52.0,15.0,3.0,15.0,5.0,19.95,144.110276,61.403509,65.162907,18.796992,0.013369,0.686358,1.0,1.0,6.93913,0.725,0.686358,0.457572,0.457572,0.444444,0.365142,0.8,1.0,0.606897,0.913952,0.148711,0.686358,200.0,1.0,0.0,0.0,0.0,0.0,0.0,0.0,0.0,0.0,1.0,1.0,1.0,0.0,0.0,0.0,0.0,0.0,1.0,1.0,1.0,0.75,0.95,1.0,3.0,0.0,1.0,1.0,0.0,1.0,1.0,1.0,1.0,1.0,1.0,1.0,0.0,1.0,12.0,0.0,1.0,1.0,1.0,0.6,7.0,8.0,0.777778,0.888889,0.755556
dataset-v2,v2,extraction-v2,hybrid-v1,weak_serp,68.4211,,входные двери Самара,входные двери,commercial,Самара,51,https://yadoma-sam.ru/,yadoma-sam.ru,7,0,,,homepage,ok,,artifacts\query--6adb8f23fd6f115c.json,fc5002061b3652ce1d88a765427d2d27027d711b,1473136,68.4211,35544.0,1145887.0,5658.0,804.0,0.1420996818663839,4.7983,320.0,17.6812,239.0,1.0,6.0,12.0,19.0,1.0,102.0,1.0,167.0,0.0,0.0,0.0,44.0,2.0,0.0,0.333333,0.0,5.0,0.666667,14.0,0.007777,1.0,814.0,265.0,100.0,32.0,6.0,43.0,7.166667,23.6736,143.867091,46.836338,17.67409,5.655709,0.031019,0.705311,1.0,1.0,6.95086,0.079498,0.705311,0.235104,0.470207,0.222222,0.705311,0.683333,0.145455,0.848276,0.25922,0.100224,0.705311,200.0,1.0,0.0,0.0,1.0,1.0,1.0,0.0,0.0,0.0,1.0,1.0,1.0,0.0,0.0,0.0,0.0,0.0,1.0,1.0,1.0,1.0,1.0,1.0,5.0,1.0,1.0,1.0,1.0,1.0,1.0,1.0,1.0,1.0,1.0,1.0,0.0,1.0,149.0,1.0,1.0,1.0,1.0,1.0,8.0,9.0,0.888889,1.0,0.962963
dataset-v2,v2,extraction-v2,hybrid-v1,weak_serp,63.1579,,входные двери Самара,входные двери,commercial,Самара,51,https://ds-doors.ru/catalog/vhodnye-dveri/,ds-doors.ru,8,0,,,product,ok,,artifacts\query--f20c5c97959b4986.json,a105ac99036021b61c684c1063a421ea19edea35,275145,63.1579,8404.0,220242.0,1253.0,576.0,0.4596967278531524,5.4996,42.0,29.8333,3.0,1.0,1.0,1.0,3.0,1.0,73.0,1.0,82.0,0.0,0.0,0.0,43.0,2.0,0.0,0.666667,0.0,2.0,0.666667,11.0,0.034318,1.0,105.0,23.0,66.0,9.0,6.0,76.0,12.666667,417.6667,83.798883,18.355946,52.673583,7.182761,0.038158,0.591116,1.0,1.0,11.933333,1.0,0.591116,0.394077,0.394077,0.444444,0.493779,0.8,0.672727,0.565517,0.856079,0.189157,0.591116,200.0,1.0,0.0,0.0,1.0,1.0,1.0,0.0,0.0,0.0,1.0,1.0,1.0,0.0,0.0,2.0,0.0,0.0,1.0,0.8,1.0,1.0,0.96,1.0,2.0,0.0,1.0,0.0,1.0,1.0,1.0,1.0,1.0,1.0,0.0,0.0,0.0,1.0,4.0,0.0,1.0,1.0,1.0,0.4,7.0,5.0,0.777778,0.555556,0.577778
dataset-v2,v2,extraction-v2,hybrid-v1,weak_serp,57.8947,,входные двери Самара,входные двери,commercial,Самара,51,https://dveri-shops.ru/samara,dveri-shops.ru,9,0,,,content,ok,,artifacts\query--1bfbac060ca32ae8.json,ffeb65330532595a14c3514ec24b7fff7caa4746,636813,57.8947,9787.0,578213.0,1669.0,629.0,0.3768723786698622,4.556,90.0,18.5444,26.0,1.0,1.0,20.0,22.0,1.0,51.0,1.0,154.0,0.0,0.0,0.0,45.0,2.0,2.0,0.666667,0.666667,3.0,0.666667,5.0,0.026962,1.0,90.0,93.0,127.0,9.0,2.0,11.0,5.5,64.1923,53.924506,55.721989,76.093469,5.392451,0.016926,0.577193,1.0,1.0,18.544444,0.846154,0.577193,0.384795,0.384795,0.444444,0.577193,0.8,0.927273,0.937931,0.898742,0.201697,0.577193,200.0,1.0,0.0,0.0,1.0,1.0,1.0,0.0,0.0,0.0,1.0,1.0,1.0,0.0,0.0,1.0,0.0,0.0,1.0,0.9,1.0,1.0,0.98,1.0,21.0,0.0,1.0,1.0,1.0,1.0,1.0,1.0,0.0,1.0,1.0,1.0,1.0,1.0,1.0,0.0,1.0,1.0,1.0,0.6,9.0,7.0,1.0,0.777778,0.792593
dataset-v2,v2,extraction-v2,hybrid-v1,weak_serp,52.6316,,входные двери Самара,входные двери,commercial,Самара,51,https://ferroni-doors163.ru/,ferroni-doors163.ru,10,0,,,homepage,ok,,artifacts\query--88b48eefa95724f3.json,076b73b91fa122a7bef45c8a3075762b628483c3,150057,52.6316,2071.0,129520.0,328.0,156.0,0.47560975609756095,5.0488,34.0,9.6471,14.0,1.0,2.0,0.0,3.0,1.0,22.0,1.0,1268.0,0.0,0.0,0.0,18.0,2.0,19.0,0.666667,1.0,2.0,0.333333,18.0,0.054878,1.0,36.0,20.0,7.0,3.0,2.0,14.0,7.0,23.4286,109.756098,60.97561,21.341463,9.146341,0.01599,0.585656,1.0,1.0,9.111111,0.214286,0.585656,0.390437,0.195219,0.222222,0.128063,0.716667,0.4,0.0,0.170732,0.050757,0.585656,200.0,1.0,0.0,0.0,0.0,0.0,0.0,0.0,0.0,0.0,1.0,1.0,1.0,0.0,0.0,0.0,0.0,0.0,1.0,1.0,1.0,0.75,0.95,1.0,6.0,1.0,1.0,1.0,0.0,1.0,1.0,0.0,1.0,1.0,0.0,1.0,0.0,1.0,1.0,1.0,1.0,1.0,1.0,1.0,6.0,8.0,0.666667,0.888889,0.851852
dataset-v2,v2,extraction-v2,hybrid-v1,weak_serp,100.0,,входные двери Нижний Новгород,входные двери,commercial,Нижний Новгород,47,https://dveridaromnn.ru/,dveridaromnn.ru,1,0,,,homepage,ok,,artifacts\query--bc4bf5f22e5fe0fc.json,a27ebb20e8d8ff9d4a679b1c082038208311f856,1529398,100.0,12433.0,1421265.0,1951.0,669.0,0.34290107637109174,5.2363,96.0,20.3229,1.0,7.0,0.0,0.0,7.0,1.0,79.0,1.0,254.0,0.0,0.0,0.0,58.0,3.0,2.0,0.5,0.5,6.0,0.25,11.0,0.029728,1.0,164.0,46.0,218.0,3.0,21.0,186.0,8.857143,1951.0,84.059457,23.577652,111.73757,1.537673,0.008748,0.548878,1.0,1.0,11.896341,7.0,0.548878,0.274439,0.137219,0.125,0.548878,0.6375,0.563636,0.248276,0.990945,0.188211,0.548878,200.0,1.0,0.0,0.0,1.0,1.0,0.0,0.0,0.0,0.0,1.0,1.0,0.0,0.0,0.0,0.0,0.0,0.0,1.0,1.0,0.5,1.0,0.9,1.0,10.0,1.0,1.0,1.0,1.0,1.0,0.0,1.0,1.0,1.0,1.0,0.0,0.0,1.0,13.0,1.0,1.0,1.0,1.0,1.0,7.0,8.0,0.777778,0.888889,0.888889
dataset-v2,v2,extraction-v2,hybrid-v1,weak_serp,94.7368,,входные двери Нижний Новгород,входные двери,commercial,Нижний Новгород,47,https://n-gr.ru/,n-gr.ru,2,0,,,homepage,ok,,artifacts\query--b50fdb40228f7cb0.json,190f995370299c10c4122406e2bff57e692975f6,702585,94.7368,17389.0,483365.0,2546.0,512.0,0.20109976433621368,5.6379,32.0,79.5625,4.0,0.0,2.0,0.0,2.0,1.0,57.0,1.0,109.0,0.0,0.0,0.0,59.0,1.0,0.0,0.25,0.0,0.0,0.0,11.0,0.023174,1.0,1127.0,27.0,57.0,0.0,2.0,16.0,8.0,636.5,442.655145,10.60487,22.38806,0.0,0.035975,0.39658,1.0,1.0,2.259095,0.5,0.39658,0.099145,0.0,0.0,0.39658,0.4875,0.963636,0.751724,0.772454,0.079752,0.39658,200.0,1.0,0.0,0.0,0.0,0.0,0.0,0.0,0.0,0.0,1.0,1.0,1.0,0.0,0.0,0.0,0.0,0.0,1.0,1.0,1.0,0.75,0.95,1.0,5.0,1.0,1.0,1.0,1.0,1.0,1.0,1.0,1.0,1.0,1.0,1.0,0.0,1.0,1.0,1.0,1.0,1.0,1.0,1.0,8.0,9.0,0.888889,1.0,0.962963
dataset-v2,v2,extraction-v2,hybrid-v1,weak_serp,89.4737,,входные двери Нижний Новгород,входные двери,commercial,Нижний Новгород,47,https://nizhny-novgorod.doorsstore.ru/,nizhny-novgorod.doorsstore.ru,3,0,,,homepage,ok,,artifacts\query--cf279b30115bfc90.json,e9b5aae8dce37059a6c4fef145d5775a9005b15d,403210,89.4737,10867.0,282745.0,1571.0,581.0,0.36982813494589434,5.7556,24.0,65.4583,2.0,1.0,8.0,1.0,10.0,1.0,100.0,1.0,162.0,0.0,0.0,0.0,71.0,0.0,2.0,0.0,0.5,4.0,0.25,30.0,0.045194,1.0,336.0,76.0,134.0,4.0,4.0,23.0,5.75,785.5,213.876512,48.37683,85.29599,2.546149,0.038434,0.524162,1.0,1.0,4.675595,5.0,0.524162,0.0,0.131041,0.0,0.524162,0.4625,0.181818,0.882759,0.493529,0.169188,0.524162,200.0,1.0,0.0,0.0,1.0,0.0,0.0,0.0,0.0,0.0,1.0,1.0,1.0,0.0,0.0,0.0,0.0,0.0,1.0,1.0,1.0,0.0,0.8,1.0,3.0,1.0,1.0,1.0,1.0,1.0,1.0,1.0,1.0,1.0,0.0,0.0,0.0,1.0,3.0,1.0,1.0,1.0,1.0,1.0,8.0,7.0,0.888889,0.777778,0.888889
dataset-v2,v2,extraction-v2,hybrid-v1,weak_serp,84.2105,,входные двери Нижний Новгород,входные двери,commercial,Нижний Новгород,47,https://nn.fabrichnie-dveri.ru/,nn.fabrichnie-dveri.ru,4,0,,,homepage,ok,,artifacts\query--887ef06ff5e90538.json,4bcdd6df12730a6e0bbdd18d3cb2fbba3e99e30e,212713,84.2105,11908.0,136011.0,1740.0,700.0,0.40229885057471265,5.6805,80.0,21.75,165.0,1.0,9.0,9.0,19.0,1.0,56.0,1.0,174.0,0.0,0.0,0.0,96.0,1.0,3.0,0.25,0.5,11.0,0.5,38.0,0.055172,1.0,178.0,112.0,164.0,0.0,8.0,47.0,5.875,10.5455,102.298851,64.367816,94.252874,0.0,0.087552,0.450565,1.0,1.0,9.775281,0.115152,0.450565,0.112641,0.225282,0.125,0.450565,0.6125,0.981818,0.8,0.16092,0.17522,0.450565,200.0,1.0,0.0,0.0,1.0,1.0,1.0,0.0,0.0,0.0,1.0,1.0,1.0,0.0,0.0,0.0,0.0,0.0,1.0,1.0,1.0,1.0,1.0,1.0,1.0,1.0,1.0,1.0,1.0,1.0,1.0,1.0,1.0,1.0,1.0,0.0,1.0,1.0,10.0,1.0,1.0,1.0,1.0,1.0,9.0,8.0,1.0,0.888889,0.962963
dataset-v2,v2,extraction-v2,hybrid-v1,weak_serp,78.9474,,входные двери Нижний Новгород,входные двери,commercial,Нижний Новгород,47,https://sevendoors.ru/,sevendoors.ru,5,0,,,homepage,ok,,artifacts\query--837650ffe8a1b26b.json,953b3db582764112128b4984fcee553951d59bfe,598538,78.9474,14969.0,439727.0,2297.0,589.0,0.2564214192424902,5.4732,22.0,104.4091,79.0,1.0,0.0,3.0,4.0,1.0,70.0,1.0,134.0,0.0,0.0,0.0,135.0,2.0,1.0,0.5,0.25,1.0,0.25,29.0,0.058772,1.0,798.0,204.0,493.0,121.0,53.0,183.0,3.45283,29.0759,347.409665,88.811493,214.627775,52.677405,0.034042,0.546641,1.0,1.0,2.878446,0.050633,0.546641,0.273321,0.13666,0.125,0.546641,0.6375,0.727273,0.924138,0.040923,0.14017,0.546641,200.0,1.0,0.0,0.0,1.0,1.0,0.0,0.0,0.0,0.0,1.0,1.0,1.0,0.0,0.0,0.0,0.0,0.0,1.0,1.0,1.0,1.0,1.0,1.0,2.0,1.0,1.0,1.0,1.0,1.0,1.0,1.0,1.0,1.0,1.0,0.0,0.0,1.0,11.0,1.0,1.0,1.0,1.0,1.0,8.0,8.0,0.888889,0.888889,0.925926
dataset-v2,v2,extraction-v2,hybrid-v1,weak_serp,73.6842,,входные двери Нижний Новгород,входные двери,commercial,Нижний Новгород,47,https://nigny-novgorod.dverimagnat.ru/,nigny-novgorod.dverimagnat.ru,6,0,,,homepage,ok,,artifacts\query--380f45c87f10c86f.json,f80afe1836d7c1e52c92d6522656544d6e694b75,756898,73.6842,15954.0,622365.0,2467.0,757.0,0.30685042561815973,5.2712,216.0,11.4213,9.0,1.0,8.0,2.0,11.0,1.0,81.0,1.0,254.0,0.0,0.0,0.0,59.0,2.0,0.0,0.5,0.0,3.0,0.5,6.0,0.023916,1.0,480.0,39.0,28.0,3.0,2.0,2.0,1.0,274.1111,194.568302,15.808675,11.349818,1.216052,0.025634,0.530325,1.0,1.0,5.139583,1.222222,0.530325,0.265163,0.265163,0.25,0.530325,0.7,0.527273,0.248276,0.79719,0.16273,0.530325,200.0,1.0,0.0,0.0,1.0,1.0,0.0,0.0,0.0,0.0,1.0,1.0,1.0,0.0,0.0,0.0,0.0,0.0,1.0,1.0,1.0,1.0,1.0,1.0,3.0,1.0,1.0,1.0,1.0,1.0,1.0,1.0,1.0,1.0,1.0,1.0,0.0,1.0,1.0,1.0,1.0,1.0,1.0,1.0,8.0,9.0,0.888889,1.0,0.962963
dataset-v2,v2,extraction-v2,hybrid-v1,weak_serp,68.4211,,входные двери Нижний Новгород,входные двери,commercial,Нижний Новгород,47,https://tsdveri.ru/catalog/vhodnye-dveri/,tsdveri.ru,7,0,,,product,ok,,artifacts\query--1612efd5351d832f.json,41551f1cedbe1eaf23d3d9c5cc1851f7c5749b28,424161,68.4211,6236.0,375369.0,895.0,436.0,0.4871508379888268,5.7374,61.0,14.6721,7.0,0.0,0.0,0.0,0.0,1.0,70.0,1.0,255.0,0.0,0.0,0.0,38.0,2.0,2.0,0.5,0.5,0.0,0.0,10.0,0.042458,0.5,122.0,17.0,73.0,19.0,4.0,49.0,12.25,127.8571,136.312849,18.994413,81.564246,21.22905,0.016613,0.529843,1.0,1.0,7.336066,0.0,0.264921,0.264921,0.0,0.0,0.31614,0.5,0.727273,0.241379,0.292365,0.12834,0.529843,200.0,1.0,0.0,0.0,1.0,1.0,0.0,0.0,0.0,0.0,1.0,1.0,0.0,0.0,0.0,2.0,0.0,0.0,1.0,0.8,0.5,1.0,0.86,1.0,16.0,1.0,1.0,1.0,1.0,1.0,1.0,1.0,0.0,1.0,1.0,0.0,0.0,1.0,20.0,1.0,1.0,1.0,1.0,1.0,8.0,7.0,0.888889,0.777778,0.888889
dataset-v2,v2,extraction-v2,hybrid-v1,weak_serp,63.1579,,входные двери Нижний Новгород,входные двери,commercial,Нижний Новгород,47,https://nn-dveri.ru/,nn-dveri.ru,8,0,,,homepage,ok,,artifacts\query--3939bef30d38924c.json,99ab71a0023a087973e1b219e018b3bb7da6a640,27938,63.1579,1525.0,16373.0,249.0,146.0,0.5863453815261044,4.8112,13.0,19.1538,18.0,1.0,2.0,3.0,6.0,1.0,62.0,0.0,0.0,0.0,0.0,0.0,15.0,0.0,0.0,0.0,0.0,0.0,0.0,13.0,0.060241,1.0,22.0,13.0,17.0,1.0,1.0,9.0,9.0,13.8333,88.353414,52.208835,68.273092,4.016064,0.093141,0.560484,1.0,1.0,11.318182,0.333333,0.560484,0.0,0.0,0.0,0.09304,0.4,0.872727,0.0,0.0,0.045461,0.560484,200.0,1.0,0.0,0.0,1.0,1.0,1.0,0.0,0.0,0.0,1.0,1.0,1.0,0.0,0.0,0.0,0.0,0.0,1.0,1.0,1.0,1.0,1.0,1.0,3.0,0.0,1.0,1.0,1.0,1.0,0.0,0.0,0.0,0.0,0.0,0.0,0.0,1.0,1.0,0.0,1.0,1.0,1.0,0.6,6.0,4.0,0.666667,0.444444,0.57037
dataset-v2,v2,extraction-v2,hybrid-v1,weak_serp,57.8947,,входные двери Нижний Новгород,входные двери,commercial,Нижний Новгород,47,https://nizhniy-novgorod.straj-dveri.ru/,nizhniy-novgorod.straj-dveri.ru,9,0,,,homepage,ok,,artifacts\query--0b121d4b3e1a79c5.json,2735c1593c99af353049cf99642e76ecfd9697c8,175919,57.8947,7475.0,111456.0,1071.0,509.0,0.4752567693744164,5.8506,66.0,16.2273,22.0,1.0,3.0,5.0,9.0,1.0,78.0,1.0,176.0,0.0,0.0,0.0,26.0,2.0,2.0,0.5,0.5,4.0,0.5,10.0,0.024276,1.0,219.0,28.0,135.0,2.0,21.0,61.0,2.904762,48.6818,204.481793,26.143791,126.05042,1.867414,0.067067,0.557069,1.0,1.0,4.890411,0.409091,0.557069,0.278535,0.278535,0.25,0.397747,0.7,0.581818,0.786207,0.809213,0.157527,0.557069,200.0,1.0,0.0,0.0,1.0,1.0,0.0,0.0,0.0,0.0,1.0,1.0,1.0,0.0,0.0,0.0,0.0,0.0,1.0,1.0,1.0,1.0,1.0,1.0,1.0,1.0,1.0,1.0,1.0,1.0,0.0,0.0,1.0,0.0,1.0,0.0,0.0,1.0,1.0,0.0,1.0,1.0,1.0,0.8,6.0,7.0,0.666667,0.777778,0.748148
dataset-v2,v2,extraction-v2,hybrid-v1,weak_serp,52.6316,,входные двери Нижний Новгород,входные двери,commercial,Нижний Новгород,47,https://nizhniy-novgorod.mosdveri.ru/,nizhniy-novgorod.mosdveri.ru,10,0,,,homepage,ok,,artifacts\query--75e5704b52d89373.json,20781795669b1f93932b1b1f183f53646dfbbfad,755135,52.6316,37407.0,537737.0,5153.0,1929.0,0.374345041723268,6.053,611.0,8.4337,102.0,1.0,12.0,19.0,32.0,1.0,107.0,1.0,205.0,0.0,0.0,0.0,42.0,2.0,3.0,0.5,0.5,9.0,0.5,8.0,0.008151,1.0,764.0,129.0,165.0,16.0,11.0,61.0,5.545455,50.5196,148.263148,25.033961,32.020182,3.104987,0.069564,0.547971,1.0,1.0,6.744764,0.313725,0.547971,0.273985,0.273985,0.25,0.547971,0.7,0.054545,0.586207,0.271686,0.20513,0.547971,200.0,1.0,0.0,0.0,1.0,1.0,1.0,0.0,0.0,0.0,1.0,1.0,1.0,0.0,0.0,0.0,0.0,0.0,1.0,1.0,1.0,1.0,1.0,1.0,26.0,1.0,1.0,1.0,1.0,1.0,1.0,1.0,1.0,1.0,1.0,1.0,0.0,1.0,32.0,0.0,1.0,1.0,1.0,0.8,8.0,9.0,0.888889,1.0,0.896296
dataset-v2,v2,extraction-v2,hybrid-v1,weak_serp,100.0,,входные двери цена Москва,входные двери,commercial,Москва,213,https://lemanapro.ru/catalogue/vhodnye-dveri/,lemanapro.ru,1,0,,,product,ok,,artifacts\query--0e6717af26c94012.json,3ada38fce4741635a157470633d817af52dd88f8,10065,100.0,77.0,8264.0,13.0,13.0,1.0,5.0,1.0,13.0,1.0,1.0,0.0,0.0,1.0,1.0,12.0,0.0,0.0,0.0,0.0,0.0,0.0,0.0,0.0,0.0,0.0,0.0,0.0,0.0,0.0,0.0,1.0,0.0,0.0,0.0,0.0,0.0,0.0,13.0,76.923077,0.0,0.0,0.0,0.009318,-0.020424,0.0,0.0,13.0,1.0,-0.0,-0.0,-0.0,0.0,-0.000177,0.0,0.218182,0.0,0.0,-0.000148,-0.0,403.0,0.0,0.0,0.0,0.0,0.0,0.0,0.0,0.0,0.0,0.0,1.0,1.0,0.0,0.0,2.0,0.0,0.0,1.0,0.8,1.0,0.75,0.71,1.0,1.0,0.0,0.0,0.0,0.0,0.0,0.0,0.0,0.0,0.0,0.0,0.0,0.0,0.0,0.0,0.0,0.0,0.0,0.0,0.2,1.0,0.0,0.111111,0.0,0.103704
dataset-v2,v2,extraction-v2,hybrid-v1,weak_serp,89.4737,,входные двери цена Москва,входные двери,commercial,Москва,213,https://mosdvery.ru/categories/vkhodnye-dveri,mosdvery.ru,3,0,,,content,ok,,artifacts\query--d1fe65e8930b2d87.json,540db44a2458b0accce428cc2aeaa40ecda5ee66,1675398,89.4737,42167.0,1416128.0,5913.0,1737.0,0.2937595129375951,5.9467,321.0,18.4206,28.0,1.0,13.0,0.0,14.0,1.0,53.0,1.0,176.0,0.0,0.0,0.0,208.0,2.0,2.0,0.5,0.5,5.0,0.5,34.0,0.035177,1.0,528.0,172.0,76.0,20.0,107.0,299.0,2.794393,211.1786,89.294774,29.088449,12.853036,3.382378,0.029776,0.790369,1.0,1.0,11.198864,0.5,0.790369,0.395184,0.395184,0.25,0.790369,0.7,0.963636,0.786207,0.827442,0.232178,0.790369,200.0,1.0,0.0,0.0,1.0,1.0,0.0,0.0,0.0,0.0,1.0,0.0,0.0,0.0,0.0,2.0,0.0,0.0,1.0,0.8,0.0,1.0,0.76,1.0,6.0,1.0,1.0,1.0,1.0,1.0,1.0,1.0,1.0,1.0,1.0,1.0,1.0,1.0,56.0,1.0,1.0,1.0,1.0,1.0,9.0,9.0,1.0,1.0,1.0
dataset-v2,v2,extraction-v2,hybrid-v1,weak_serp,78.9474,,входные двери цена Москва,входные двери,commercial,Москва,213,https://onixdoor.ru/,onixdoor.ru,5,0,,,homepage,ok,,artifacts\query--0c4ec190de2549ee.json,20c267aad10e45158d87b0fab5fd62b88cf935b7,503319,78.9474,21038.0,327750.0,3360.0,891.0,0.26517857142857143,4.9658,111.0,30.2703,122.0,1.0,9.0,15.0,25.0,1.0,76.0,1.0,112.0,0.0,0.0,0.0,96.0,2.0,2.0,0.5,0.5,13.0,0.5,19.0,0.028571,1.0,291.0,169.0,244.0,0.0,1.0,147.0,147.0,27.541,86.607143,50.297619,72.619048,0.0,0.064189,0.686594,1.0,1.0,11.546392,0.204918,0.686594,0.343297,0.343297,0.25,0.686594,0.7,0.618182,0.772414,0.952381,0.18207,0.686594,200.0,1.0,0.0,0.0,1.0,1.0,0.0,0.0,0.0,0.0,1.0,1.0,1.0,0.0,0.0,0.0,0.0,0.0,1.0,1.0,1.0,1.0,1.0,1.0,17.0,1.0,1.0,1.0,1.0,1.0,1.0,1.0,1.0,1.0,1.0,1.0,1.0,1.0,4.0,1.0,1.0,0.0,0.0,1.0,9.0,7.0,1.0,0.777778,0.925926
dataset-v2,v2,extraction-v2,hybrid-v1,weak_serp,73.6842,,входные двери цена Москва,входные двери,commercial,Москва,213,https://tskdoors.ru/,tskdoors.ru,6,0,,,homepage,ok,,artifacts\query--725e74f59ee4a8c6.json,f66fe790d3de3c32bbf3c82840e2c66109ce37d4,122711,73.6842,6252.0,86691.0,912.0,473.0,0.518640350877193,5.4715,42.0,21.7143,103.0,1.0,17.0,33.0,51.0,1.0,98.0,1.0,109.0,0.0,0.0,0.0,107.0,2.0,2.0,0.5,0.25,33.0,0.75,16.0,0.117325,1.0,106.0,68.0,52.0,32.0,0.0,8.0,0.0,8.8544,116.22807,74.561404,57.017544,35.087719,0.072118,0.723259,1.0,0.75,8.603774,0.495146,0.723259,0.361629,0.542444,0.375,0.439741,0.7625,0.218182,0.751724,0.0,0.190056,0.542444,200.0,1.0,0.0,0.0,0.0,0.0,0.0,0.0,0.0,0.0,1.0,1.0,0.0,0.0,0.0,0.0,0.0,0.0,1.0,1.0,0.5,0.75,0.85,1.0,2.0,0.0,1.0,1.0,1.0,1.0,1.0,1.0,1.0,1.0,1.0,0.0,0.0,1.0,36.0,0.0,1.0,1.0,1.0,0.6,8.0,7.0,0.888889,0.777778,0.755556
dataset-v2,v2,extraction-v2,hybrid-v1,weak_serp,68.4211,,входные двери цена Москва,входные двери,commercial,Москва,213,https://www.dverimagnat.ru/,dverimagnat.ru,7,0,,,homepage,ok,,artifacts\query--dfeebb559dd8b30a.json,b3fb302746b0ae02c71c84335f4ffcda58a2313f,769333,68.4211,16214.0,626941.0,2493.0,796.0,0.3192940232651424,5.3105,214.0,11.6495,9.0,1.0,8.0,2.0,11.0,1.0,71.0,1.0,240.0,0.0,0.0,0.0,68.0,2.0,1.0,0.5,0.25,4.0,0.75,5.0,0.027276,1.0,528.0,39.0,76.0,3.0,2.0,2.0,1.0,277.0,211.79302,15.643803,30.485359,1.203369,0.025862,0.835278,1.0,1.0,4.721591,1.222222,0.835278,0.417639,0.626459,0.375,0.835278,0.7625,0.709091,0.344828,0.909212,0.266699,0.835278,200.0,1.0,0.0,0.0,1.0,1.0,0.0,0.0,0.0,0.0,1.0,1.0,1.0,0.0,0.0,0.0,0.0,0.0,1.0,1.0,1.0,1.0,1.0,1.0,3.0,1.0,1.0,1.0,1.0,1.0,1.0,1.0,1.0,1.0,1.0,1.0,0.0,1.0,1.0,1.0,1.0,1.0,1.0,1.0,8.0,9.0,0.888889,1.0,0.962963
dataset-v2,v2,extraction-v2,hybrid-v1,weak_serp,63.1579,,входные двери цена Москва,входные двери,commercial,Москва,213,https://dozor-dveri.ru/catalog/vhodnie-dveri-ekonom/,dozor-dveri.ru,8,0,,,product,ok,,artifacts\query--8dc0c3112e0996ef.json,205ff7f5f0c55fda2665303a00c67bf3686684f7,571808,63.1579,17260.0,459308.0,2835.0,632.0,0.22292768959435627,4.8684,148.0,19.1554,3.0,1.0,2.0,0.0,3.0,1.0,79.0,1.0,172.0,0.0,0.0,0.0,37.0,2.0,2.0,0.5,0.5,2.0,0.5,14.0,0.013051,0.75,132.0,254.0,362.0,0.0,4.0,83.0,20.75,945.0,46.560847,89.594356,127.689594,0.0,0.037578,0.703516,1.0,1.0,21.477273,1.0,0.527637,0.351758,0.351758,0.25,0.703516,0.6625,0.563636,0.813793,0.326279,0.156833,0.703516,200.0,1.0,0.0,0.0,1.0,1.0,1.0,0.0,0.0,0.0,1.0,1.0,1.0,0.0,0.0,2.0,0.0,0.0,1.0,0.8,1.0,1.0,0.96,1.0,7.0,1.0,1.0,1.0,1.0,1.0,1.0,1.0,1.0,1.0,1.0,0.0,1.0,1.0,47.0,1.0,1.0,1.0,1.0,1.0,9.0,8.0,1.0,0.888889,0.962963
dataset-v2,v2,extraction-v2,hybrid-v1,weak_serp,57.8947,,входные двери цена Москва,входные двери,commercial,Москва,213,https://www.dveri-tut.com/vhodnye-dveri/,dveri-tut.com,9,0,,,content,ok,,artifacts\query--52decca43645985d.json,941009b9e4544d789c206b2706b6d052ea0a6a14,302101,57.8947,16500.0,148611.0,2531.0,879.0,0.3472935598577637,5.3821,127.0,19.9291,15.0,1.0,1.0,0.0,2.0,1.0,134.0,1.0,284.0,0.0,0.0,0.0,127.0,6.0,2.0,0.75,0.5,2.0,0.5,12.0,0.050178,1.0,660.0,44.0,459.0,9.0,6.0,97.0,16.166667,168.7333,260.766495,17.384433,181.351245,3.555907,0.111028,0.81789,1.0,1.0,3.834848,0.133333,0.81789,0.613417,0.408945,0.375,0.81789,0.7875,0.0,0.041379,0.327407,0.284048,0.81789,200.0,1.0,0.0,0.0,1.0,1.0,1.0,0.0,0.0,0.0,1.0,1.0,0.0,0.0,0.0,1.0,0.0,0.0,1.0,0.9,0.5,1.0,0.88,1.0,7.0,1.0,1.0,1.0,1.0,1.0,1.0,1.0,1.0,1.0,1.0,0.0,1.0,1.0,35.0,1.0,1.0,1.0,1.0,1.0,9.0,8.0,1.0,0.888889,0.962963
dataset-v2,v2,extraction-v2,hybrid-v1,weak_serp,52.6316,,входные двери цена Москва,входные двери,commercial,Москва,213,https://msc.rusdver.net/,msc.rusdver.net,10,0,,,homepage,ok,,artifacts\query--ec818ac818880ecb.json,c21449801b111903e2a1aa00c750fa4e930e2475,728955,52.6316,16727.0,508313.0,2654.0,982.0,0.3700075357950264,5.0381,85.0,31.2235,21.0,1.0,6.0,1.0,8.0,1.0,68.0,1.0,179.0,0.0,0.0,0.0,60.0,1.0,0.0,0.25,0.0,5.0,0.5,7.0,0.022607,1.0,627.0,129.0,66.0,2.0,14.0,218.0,15.571429,126.381,236.247174,48.605878,24.868124,0.75358,0.032907,0.661146,1.0,1.0,4.232855,0.380952,0.661146,0.165287,0.330573,0.125,0.661146,0.6125,0.763636,0.765517,0.75358,0.244629,0.661146,200.0,1.0,0.0,0.0,1.0,1.0,1.0,0.0,0.0,0.0,1.0,1.0,1.0,0.0,0.0,0.0,0.0,0.0,1.0,1.0,1.0,1.0,1.0,1.0,10.0,1.0,1.0,1.0,1.0,1.0,1.0,1.0,1.0,1.0,1.0,0.0,0.0,1.0,11.0,1.0,1.0,1.0,1.0,1.0,8.0,8.0,0.888889,0.888889,0.925926
dataset-v2,v2,extraction-v2,hybrid-v1,weak_serp,100.0,,входные двери цена Санкт-Петербург,входные двери,commercial,Санкт-Петербург,2,https://spb.dveri-tmk.ru/catalog/vhodnye-dveri/,spb.dveri-tmk.ru,1,0,,,product,ok,,artifacts\query--d39f8c4e82e79728.json,130ce7a621b31444003e8fb96bb9c76e721383f2,650441,100.0,36655.0,405711.0,6186.0,1020.0,0.16488845780795344,4.5065,752.0,8.2261,22.0,2.0,4.0,18.0,24.0,1.0,74.0,1.0,249.0,0.0,0.0,0.0,51.0,4.0,2.0,0.8,0.4,6.0,0.4,13.0,0.008244,1.0,768.0,316.0,145.0,1.0,3.0,3.0,1.0,281.1818,124.151309,51.083091,23.440026,0.161655,0.090348,0.50311,1.0,1.0,8.054688,1.090909,0.50311,0.402488,0.201244,0.32,0.50311,0.78,0.654545,0.282759,0.274814,0.082957,0.50311,200.0,1.0,0.0,0.0,0.0,0.0,0.0,0.0,0.0,0.0,1.0,1.0,1.0,0.0,0.0,2.0,0.0,0.0,1.0,0.8,1.0,0.75,0.91,1.0,3.0,0.0,1.0,0.0,1.0,1.0,1.0,0.0,1.0,1.0,1.0,0.0,0.0,1.0,3.0,1.0,1.0,1.0,1.0,0.6,6.0,6.0,0.666667,0.666667,0.644444
dataset-v2,v2,extraction-v2,hybrid-v1,weak_serp,94.7368,,входные двери цена Санкт-Петербург,входные двери,commercial,Санкт-Петербург,2,https://spb.lemanapro.ru/catalogue/vhodnye-dveri/,spb.lemanapro.ru,2,0,,,product,ok,,artifacts\query--42219a4cb27a840b.json,0a6f2486a3e92c89defc2e024f181439c4b8013d,10071,94.7368,77.0,8264.0,13.0,13.0,1.0,5.0,1.0,13.0,1.0,1.0,0.0,0.0,1.0,1.0,12.0,0.0,0.0,0.0,0.0,0.0,0.0,0.0,0.0,0.0,0.0,0.0,0.0,0.0,0.0,0.0,1.0,0.0,0.0,0.0,0.0,0.0,0.0,13.0,76.923077,0.0,0.0,0.0,0.009318,0.063222,0.0,0.0,13.0,1.0,0.0,0.0,0.0,0.0,0.000548,0.0,0.218182,0.0,0.0,0.000457,0.0,403.0,0.0,0.0,0.0,0.0,0.0,0.0,0.0,0.0,0.0,0.0,1.0,1.0,0.0,0.0,2.0,0.0,0.0,1.0,0.8,1.0,0.75,0.71,1.0,1.0,0.0,0.0,0.0,0.0,0.0,0.0,0.0,0.0,0.0,0.0,0.0,0.0,0.0,0.0,0.0,0.0,0.0,0.0,0.2,1.0,0.0,0.111111,0.0,0.103704
dataset-v2,v2,extraction-v2,hybrid-v1,weak_serp,89.4737,,входные двери цена Санкт-Петербург,входные двери,commercial,Санкт-Петербург,2,https://spb.dverimagnat.ru/,spb.dverimagnat.ru,3,0,,,homepage,ok,,artifacts\query--afee565060f8bcd9.json,67ff59a55da1240eba7db4a9cff4058728fb10b2,758285,89.4737,16014.0,622803.0,2472.0,762.0,0.308252427184466,5.2864,213.0,11.6056,9.0,1.0,8.0,2.0,11.0,1.0,81.0,1.0,253.0,0.0,0.0,0.0,80.0,3.0,2.0,0.6,0.4,6.0,0.8,7.0,0.032362,1.0,485.0,39.0,33.0,3.0,2.0,2.0,1.0,274.6667,196.197411,15.776699,13.349515,1.213592,0.025713,0.733806,1.0,1.0,5.096907,1.222222,0.733806,0.440284,0.587045,0.48,0.733806,0.81,0.527273,0.255172,0.921251,0.226197,0.733806,200.0,1.0,0.0,0.0,1.0,1.0,0.0,0.0,0.0,0.0,1.0,1.0,1.0,0.0,0.0,0.0,0.0,0.0,1.0,1.0,1.0,1.0,1.0,1.0,3.0,1.0,1.0,1.0,1.0,1.0,1.0,1.0,1.0,1.0,1.0,1.0,0.0,1.0,1.0,1.0,1.0,1.0,1.0,1.0,8.0,9.0,0.888889,1.0,0.962963
dataset-v2,v2,extraction-v2,hybrid-v1,weak_serp,78.9474,,входные двери цена Санкт-Петербург,входные двери,commercial,Санкт-Петербург,2,https://spb.mall-of-doors.ru/,spb.mall-of-doors.ru,5,0,,,homepage,ok,,artifacts\query--22c10632f9d53246.json,ac0084ad8d8c959f64f21eb7311ff313c4f444e6,952927,78.9474,23170.0,779536.0,3638.0,937.0,0.25755909840571745,5.1712,204.0,17.8333,5.0,1.0,5.0,5.0,11.0,1.0,131.0,1.0,191.0,0.0,0.0,0.0,154.0,3.0,5.0,0.6,0.8,12.0,0.6,10.0,0.042331,1.0,614.0,65.0,91.0,8.0,6.0,38.0,6.333333,727.6,168.774052,17.86696,25.013744,2.19901,0.029723,0.613739,1.0,1.0,5.925081,2.2,0.613739,0.368243,0.368243,0.36,0.613739,0.76,0.0,0.682759,0.588968,0.158074,0.613739,200.0,1.0,0.0,0.0,1.0,1.0,0.0,0.0,0.0,0.0,1.0,1.0,1.0,0.0,0.0,0.0,0.0,0.0,1.0,1.0,1.0,1.0,1.0,1.0,4.0,1.0,1.0,1.0,1.0,1.0,1.0,1.0,1.0,1.0,1.0,0.0,1.0,1.0,1.0,1.0,1.0,1.0,1.0,1.0,9.0,8.0,1.0,0.888889,0.962963
dataset-v2,v2,extraction-v2,hybrid-v1,weak_serp,73.6842,,входные двери цена Санкт-Петербург,входные двери,commercial,Санкт-Петербург,2,https://dverineva.ru/,dverineva.ru,6,0,,,homepage,ok,,artifacts\query--b6eca37f0ef3b345.json,ab4afe3700b014804ca325d84d9c5596ca63b19f,961943,73.6842,38671.0,717004.0,5838.0,1837.0,0.31466255566974993,5.3791,711.0,8.211,68.0,2.0,25.0,7.0,34.0,1.0,83.0,1.0,248.0,0.0,0.0,0.0,245.0,3.0,5.0,0.4,0.6,6.0,0.4,13.0,0.041966,0.8,426.0,212.0,193.0,2.0,14.0,117.0,8.357143,85.8529,72.970195,36.313806,33.059267,0.342583,0.053934,0.612618,1.0,1.0,13.704225,0.5,0.490094,0.245047,0.245047,0.16,0.612618,0.61,0.490909,0.289655,0.480895,0.192768,0.612618,200.0,1.0,0.0,0.0,0.0,0.0,0.0,0.0,0.0,0.0,1.0,1.0,1.0,0.0,0.0,0.0,0.0,0.0,1.0,1.0,1.0,0.75,0.95,1.0,70.0,1.0,1.0,1.0,1.0,1.0,1.0,1.0,1.0,1.0,1.0,0.0,1.0,1.0,5.0,1.0,1.0,1.0,1.0,1.0,9.0,8.0,1.0,0.888889,0.962963
dataset-v2,v2,extraction-v2,hybrid-v1,weak_serp,68.4211,,входные двери цена Санкт-Петербург,входные двери,commercial,Санкт-Петербург,2,https://doors-lux.ru/,doors-lux.ru,7,0,,,homepage,ok,,artifacts\query--87751a863659d52b.json,1bf62a4943f86e0108ff0e95871aa79ed8ecab76,416441,68.4211,35834.0,251503.0,4949.0,1777.0,0.3590624368559305,6.0936,271.0,18.262,57.0,1.0,29.0,15.0,45.0,1.0,103.0,1.0,186.0,0.0,0.0,0.0,269.0,3.0,2.0,0.4,0.4,11.0,0.6,13.0,0.054354,1.0,340.0,158.0,89.0,16.0,5.0,63.0,12.6,86.8246,68.700748,31.925642,17.983431,3.232976,0.142479,0.573348,1.0,1.0,14.555882,0.789474,0.573348,0.229339,0.344009,0.24,0.573348,0.69,0.127273,0.717241,0.188186,0.205868,0.573348,200.0,1.0,0.0,0.0,1.0,1.0,1.0,0.0,0.0,0.0,1.0,1.0,1.0,0.0,0.0,0.0,0.0,0.0,1.0,1.0,1.0,1.0,1.0,1.0,2.0,1.0,1.0,1.0,1.0,1.0,1.0,1.0,1.0,1.0,1.0,0.0,1.0,1.0,23.0,1.0,1.0,1.0,1.0,1.0,9.0,8.0,1.0,0.888889,0.962963
dataset-v2,v2,extraction-v2,hybrid-v1,weak_serp,63.1579,,входные двери цена Санкт-Петербург,входные двери,commercial,Санкт-Петербург,2,https://dveri-reg.ru/,dveri-reg.ru,8,0,,,homepage,ok,,artifacts\query--263f0434379c5f81.json,762c3bc6ad0ebbf49491e0edd07604e6df15da20,345557,63.1579,13802.0,209927.0,1983.0,772.0,0.38930912758446795,5.8482,69.0,28.7391,36.0,1.0,1.0,1.0,3.0,1.0,81.0,1.0,305.0,0.0,0.0,0.0,66.0,3.0,4.0,0.4,0.6,1.0,0.2,14.0,0.033283,1.0,659.0,161.0,449.0,1.0,3.0,18.0,6.0,55.0833,332.32476,81.190116,226.424609,0.504286,0.065747,0.674724,1.0,1.0,3.009105,0.083333,0.674724,0.26989,0.134945,0.08,0.674724,0.59,0.527273,0.0,0.89057,0.262676,0.674724,200.0,1.0,0.0,0.0,1.0,1.0,1.0,0.0,0.0,0.0,1.0,1.0,1.0,0.0,0.0,0.0,0.0,0.0,1.0,1.0,1.0,1.0,1.0,1.0,5.0,1.0,1.0,1.0,1.0,1.0,1.0,1.0,1.0,1.0,1.0,0.0,0.0,1.0,4.0,1.0,1.0,1.0,1.0,1.0,8.0,8.0,0.888889,0.888889,0.925926
dataset-v2,v2,extraction-v2,hybrid-v1,weak_serp,57.8947,,входные двери цена Санкт-Петербург,входные двери,commercial,Санкт-Петербург,2,https://www.mk-doors.ru/dveri/vhodnye-dveri/,mk-doors.ru,9,0,,,content,ok,,artifacts\query--2178addd7295e60f.json,a58f4dc9ec22a9db3d159809cd9e17358bc2e742,1181405,57.8947,23004.0,969589.0,3647.0,896.0,0.2456813819577735,4.9452,100.0,36.47,103.0,1.0,7.0,0.0,8.0,1.0,80.0,1.0,220.0,0.0,0.0,0.0,99.0,3.0,3.0,0.6,0.6,6.0,0.6,15.0,0.027146,0.8,452.0,329.0,395.0,0.0,1.0,5.0,5.0,35.4078,123.937483,90.211132,108.308199,0.0,0.023726,0.543693,1.0,1.0,8.068584,0.07767,0.434954,0.326216,0.326216,0.36,0.543693,0.73,0.545455,0.482759,0.723883,0.133575,0.543693,200.0,1.0,0.0,0.0,1.0,1.0,1.0,0.0,0.0,0.0,1.0,1.0,1.0,0.0,0.0,2.0,0.0,0.0,1.0,0.8,1.0,1.0,0.96,1.0,9.0,1.0,1.0,1.0,1.0,1.0,1.0,1.0,1.0,1.0,1.0,0.0,1.0,1.0,3.0,1.0,1.0,1.0,1.0,1.0,9.0,8.0,1.0,0.888889,0.962963
dataset-v2,v2,extraction-v2,hybrid-v1,weak_serp,52.6316,,входные двери цена Санкт-Петербург,входные двери,commercial,Санкт-Петербург,2,https://steelline-spb.ru/catalog/vhodnye-dveri/,steelline-spb.ru,10,0,,,product,ok,,artifacts\query--f9e9f1eb09087659.json,6162d23d78e212c2d3ff51735c53e5f64d6383e8,1065093,52.6316,18379.0,821928.0,2783.0,630.0,0.22637441609773626,5.4556,49.0,56.7959,13.0,1.0,5.0,0.0,6.0,1.0,72.0,1.0,192.0,0.0,0.0,0.0,42.0,2.0,6.0,0.4,0.8,13.0,0.8,9.0,0.015092,0.8,434.0,228.0,719.0,1.0,5.0,110.0,22.0,214.0769,155.94682,81.925979,258.354294,0.359324,0.022361,0.539599,1.0,1.0,6.412442,0.461538,0.431679,0.21584,0.431679,0.32,0.539599,0.71,0.690909,0.675862,0.402443,0.122151,0.539599,200.0,1.0,0.0,0.0,1.0,1.0,0.0,0.0,0.0,0.0,1.0,1.0,1.0,0.0,0.0,2.0,0.0,0.0,1.0,0.8,1.0,1.0,0.96,1.0,8.0,0.0,1.0,1.0,1.0,1.0,1.0,1.0,1.0,1.0,1.0,1.0,1.0,1.0,1.0,1.0,1.0,1.0,1.0,0.8,9.0,8.0,1.0,0.888889,0.896296
dataset-v2,v2,extraction-v2,hybrid-v1,weak_serp,100.0,,входные двери цена Екатеринбург,входные двери,commercial,Екатеринбург,54,https://ekb.rusdver.net/,ekb.rusdver.net,1,0,,,homepage,ok,,artifacts\query--af5924c13bf5d0b1.json,980bcab6a85c152cdf4983c90ecd421a6044566a,3269397,100.0,21136.0,2881439.0,3267.0,1137.0,0.3480257116620753,5.1809,140.0,23.3357,34.0,1.0,9.0,1.0,11.0,1.0,75.0,1.0,186.0,0.0,0.0,0.0,84.0,1.0,0.0,0.25,0.0,5.0,0.5,7.0,0.025712,1.0,674.0,136.0,74.0,2.0,14.0,218.0,15.571429,96.0882,206.305479,41.628405,22.65075,0.612182,0.007335,0.550233,1.0,1.0,4.847181,0.323529,0.550233,0.137558,0.275116,0.125,0.550233,0.6125,0.636364,0.717241,0.857055,0.191495,0.550233,200.0,1.0,0.0,0.0,1.0,1.0,1.0,0.0,0.0,0.0,1.0,1.0,1.0,0.0,0.0,0.0,0.0,0.0,1.0,1.0,1.0,1.0,1.0,1.0,11.0,1.0,1.0,1.0,1.0,1.0,1.0,1.0,1.0,1.0,1.0,0.0,0.0,1.0,11.0,1.0,1.0,1.0,1.0,1.0,8.0,8.0,0.888889,0.888889,0.925926
dataset-v2,v2,extraction-v2,hybrid-v1,weak_serp,94.7368,,входные двери цена Екатеринбург,входные двери,commercial,Екатеринбург,54,https://dveron.ru/vhodnye-dveri,dveron.ru,2,0,,,content,ok,,artifacts\query--f7ed9219a1083ba0.json,36a4e6af32e77db1c546e50f93f3cb43424930fc,704253,94.7368,33019.0,452470.0,4883.0,896.0,0.18349375383985256,5.4264,207.0,23.5894,29.0,1.0,2.0,2.0,5.0,1.0,97.0,1.0,255.0,0.0,0.0,0.0,86.0,2.0,4.0,0.5,0.5,6.0,0.5,11.0,0.017612,1.0,723.0,97.0,480.0,69.0,66.0,508.0,7.69697,168.3793,148.064714,19.864837,98.300225,14.130657,0.072975,0.689234,1.0,1.0,6.753804,0.172414,0.689234,0.344617,0.344617,0.25,0.689234,0.7,0.236364,0.241379,0.587071,0.12647,0.689234,200.0,1.0,0.0,0.0,1.0,1.0,1.0,0.0,0.0,0.0,1.0,1.0,1.0,0.0,0.0,1.0,0.0,0.0,1.0,0.9,1.0,1.0,0.98,1.0,11.0,1.0,1.0,1.0,1.0,1.0,1.0,1.0,1.0,1.0,0.0,0.0,0.0,1.0,65.0,1.0,1.0,1.0,1.0,1.0,8.0,7.0,0.888889,0.777778,0.888889
dataset-v2,v2,extraction-v2,hybrid-v1,weak_serp,89.4737,,входные двери цена Екатеринбург,входные двери,commercial,Екатеринбург,54,https://ekaterinburg.gigant-dveri.ru/,ekaterinburg.gigant-dveri.ru,3,0,,,homepage,ok,,artifacts\query--7eeeb73fd045f167.json,44752c113c83ac1d7b54eab16e5ab3443ef84e82,346572,89.4737,15676.0,260988.0,2447.0,930.0,0.380057212913772,5.1226,257.0,9.5214,76.0,1.0,5.0,0.0,6.0,1.0,56.0,1.0,177.0,0.0,0.0,0.0,111.0,1.0,2.0,0.25,0.25,4.0,0.5,18.0,0.045362,1.0,156.0,146.0,136.0,32.0,19.0,46.0,2.421053,32.1974,63.751532,59.664896,55.578259,13.077237,0.060064,0.492132,1.0,1.0,15.685897,0.078947,0.492132,0.123033,0.246066,0.125,0.492132,0.6125,0.981818,0.77931,0.487944,0.187038,0.492132,200.0,1.0,0.0,0.0,0.0,0.0,0.0,0.0,0.0,0.0,1.0,1.0,1.0,0.0,0.0,0.0,0.0,0.0,1.0,1.0,1.0,0.75,0.95,1.0,3.0,1.0,1.0,1.0,1.0,1.0,1.0,1.0,1.0,1.0,1.0,1.0,0.0,1.0,1.0,1.0,1.0,1.0,1.0,1.0,8.0,9.0,0.888889,1.0,0.962963
dataset-v2,v2,extraction-v2,hybrid-v1,weak_serp,84.2105,,входные двери цена Екатеринбург,входные двери,commercial,Екатеринбург,54,https://ekat.steklodom.com/catalog/vhodnye-dveri/,ekat.steklodom.com,4,0,,,product,ok,,artifacts\query--7667bbaa27dceaf6.json,56e14af19f68f59a905b46e6fb4e6a43724be2db,888209,84.2105,14344.0,774764.0,2273.0,571.0,0.2512098548174219,5.0009,97.0,23.433,55.0,0.0,0.0,9.0,9.0,1.0,85.0,1.0,194.0,0.0,0.0,0.0,50.0,3.0,4.0,0.75,0.5,0.0,0.0,14.0,0.021997,1.0,265.0,210.0,168.0,6.0,11.0,239.0,21.727273,41.3273,116.58601,92.388913,73.911131,2.639683,0.018514,0.635887,1.0,1.0,8.577358,0.163636,0.635887,0.476915,0.0,0.0,0.635887,0.6625,0.454545,0.662069,0.733245,0.159741,0.635887,200.0,1.0,0.0,0.0,0.0,0.0,0.0,0.0,0.0,0.0,1.0,1.0,0.0,0.0,0.0,2.0,0.0,0.0,1.0,0.8,0.5,0.75,0.81,1.0,3.0,0.0,1.0,1.0,1.0,1.0,0.0,1.0,0.0,1.0,1.0,0.0,0.0,1.0,3.0,1.0,1.0,1.0,1.0,0.8,7.0,6.0,0.777778,0.666667,0.748148
dataset-v2,v2,extraction-v2,hybrid-v1,weak_serp,78.9474,,входные двери цена Екатеринбург,входные двери,commercial,Екатеринбург,54,https://ekaterinburg.lemanapro.ru/catalogue/vhodnye-dveri/,ekaterinburg.lemanapro.ru,5,0,,,product,ok,,artifacts\query--47bc0cc4682c0c2e.json,6dccda1ce9497c0f8c7c41bed49f796b934db76b,10091,78.9474,77.0,8264.0,13.0,13.0,1.0,5.0,1.0,13.0,1.0,1.0,0.0,0.0,1.0,1.0,12.0,0.0,0.0,0.0,0.0,0.0,0.0,0.0,0.0,0.0,0.0,0.0,0.0,0.0,0.0,0.0,1.0,0.0,0.0,0.0,0.0,0.0,0.0,13.0,76.923077,0.0,0.0,0.0,0.009318,0.026137,0.0,0.0,13.0,1.0,0.0,0.0,0.0,0.0,0.000227,0.0,0.218182,0.0,0.0,0.000189,0.0,403.0,0.0,0.0,0.0,0.0,0.0,0.0,0.0,0.0,0.0,0.0,1.0,1.0,0.0,0.0,2.0,0.0,0.0,1.0,0.8,1.0,0.75,0.71,1.0,1.0,0.0,0.0,0.0,0.0,0.0,0.0,0.0,0.0,0.0,0.0,0.0,0.0,0.0,0.0,0.0,0.0,0.0,0.0,0.2,1.0,0.0,0.111111,0.0,0.103704
dataset-v2,v2,extraction-v2,hybrid-v1,weak_serp,73.6842,,входные двери цена Екатеринбург,входные двери,commercial,Екатеринбург,54,https://dverhome.ru/,dverhome.ru,6,0,,,homepage,ok,,artifacts\query--a2531738d4015ae9.json,63c414daf25ca025b12019ff91ba4c55421e9bf5,317174,73.6842,12100.0,188843.0,1712.0,874.0,0.5105140186915887,5.8621,121.0,14.1488,38.0,1.0,0.0,13.0,14.0,1.0,82.0,1.0,155.0,0.0,0.0,0.0,78.0,2.0,2.0,0.25,0.25,1.0,0.25,9.0,0.045561,1.0,189.0,14.0,153.0,39.0,4.0,26.0,6.5,45.0526,110.397196,8.17757,89.369159,22.780374,0.064074,0.543477,1.0,1.0,9.058201,0.368421,0.543477,0.135869,0.135869,0.0625,0.543477,0.55,0.509091,0.931034,0.481308,0.263888,0.543477,200.0,1.0,0.0,0.0,1.0,1.0,1.0,0.0,0.0,0.0,1.0,1.0,1.0,0.0,0.0,0.0,0.0,0.0,1.0,1.0,1.0,1.0,1.0,1.0,3.0,1.0,1.0,1.0,1.0,1.0,1.0,1.0,1.0,1.0,1.0,0.0,1.0,1.0,2.0,1.0,1.0,1.0,1.0,1.0,9.0,8.0,1.0,0.888889,0.962963
dataset-v2,v2,extraction-v2,hybrid-v1,weak_serp,68.4211,,входные двери цена Екатеринбург,входные двери,commercial,Екатеринбург,54,https://dvernoyekb.ru/catalog/vhodnye-dveri,dvernoyekb.ru,7,0,,,product,ok,,artifacts\query--ff44643aec698320.json,76e8155b110d742d0fcc451a2f64fa099e1d3247,963761,68.4211,13975.0,836488.0,2265.0,649.0,0.2865342163355408,5.0177,25.0,90.6,9.0,1.0,0.0,0.0,1.0,1.0,105.0,1.0,250.0,0.0,0.0,0.0,48.0,2.0,2.0,0.5,0.5,2.0,0.5,33.0,0.021192,1.0,411.0,54.0,203.0,0.0,130.0,22.0,0.169231,251.6667,181.456954,23.84106,89.624724,0.0,0.016707,0.67502,1.0,1.0,5.510949,0.111111,0.67502,0.33751,0.33751,0.25,0.67502,0.7,0.090909,0.275862,0.706402,0.193416,0.67502,200.0,1.0,0.0,0.0,1.0,1.0,1.0,0.0,0.0,0.0,1.0,1.0,1.0,1.0,1.0,2.0,0.0,0.0,1.0,0.8,1.0,1.0,0.96,1.0,10.0,1.0,1.0,1.0,1.0,1.0,1.0,1.0,1.0,1.0,1.0,0.0,0.0,1.0,6.0,0.0,1.0,1.0,1.0,0.8,8.0,8.0,0.888889,0.888889,0.859259
dataset-v2,v2,extraction-v2,hybrid-v1,weak_serp,63.1579,,входные двери цена Екатеринбург,входные двери,commercial,Екатеринбург,54,https://ekaterinburg.mall-of-doors.ru/,ekaterinburg.mall-of-doors.ru,8,0,,,homepage,ok,,artifacts\query--007d0d8e8053cdf2.json,f26c3c44b9fd9de1457bc16d6a0c3b1ea23ae824,952511,63.1579,23046.0,779466.0,3613.0,931.0,0.25768059784112923,5.181,204.0,17.7108,5.0,1.0,5.0,5.0,11.0,1.0,128.0,1.0,188.0,0.0,0.0,0.0,139.0,2.0,4.0,0.5,0.75,10.0,0.5,5.0,0.038472,1.0,614.0,65.0,91.0,8.0,6.0,38.0,6.333333,722.6,169.941877,17.99059,25.186825,2.214226,0.029566,0.65033,1.0,1.0,5.884365,2.2,0.65033,0.325165,0.325165,0.25,0.65033,0.7,0.0,0.703448,0.717594,0.167577,0.65033,200.0,1.0,0.0,0.0,1.0,1.0,0.0,0.0,0.0,0.0,1.0,1.0,1.0,0.0,0.0,0.0,0.0,0.0,1.0,1.0,1.0,1.0,1.0,1.0,4.0,1.0,1.0,1.0,1.0,1.0,1.0,1.0,1.0,1.0,1.0,0.0,1.0,1.0,1.0,1.0,1.0,1.0,1.0,1.0,9.0,8.0,1.0,0.888889,0.962963
dataset-v2,v2,extraction-v2,hybrid-v1,weak_serp,57.8947,,входные двери цена Екатеринбург,входные двери,commercial,Екатеринбург,54,https://ekaterenburg.estetdveri.ru/catalog/vkhodnye-dveri/,ekaterenburg.estetdveri.ru,9,0,,,product,ok,,artifacts\query--65d7ab43351e5144.json,0c68f0e02ca61e8da1dcbdef09f5f87a0c88f5dc,623108,57.8947,14651.0,532812.0,2070.0,989.0,0.4777777777777778,5.9169,159.0,13.0189,32.0,1.0,1.0,2.0,4.0,1.0,125.0,1.0,217.0,0.0,0.0,0.0,66.0,2.0,3.0,0.5,0.75,6.0,0.5,13.0,0.031884,1.0,100.0,72.0,56.0,7.0,0.0,20.0,0.0,64.6875,48.309179,34.782609,27.05314,3.381643,0.027498,0.693694,1.0,0.75,20.7,0.125,0.693694,0.346847,0.346847,0.25,0.693694,0.7,0.0,0.503448,0.937198,0.331432,0.520271,200.0,1.0,0.0,0.0,1.0,1.0,0.0,0.0,0.0,0.0,1.0,1.0,1.0,0.0,0.0,2.0,0.0,0.0,1.0,0.8,1.0,1.0,0.96,1.0,4.0,1.0,1.0,1.0,0.0,1.0,1.0,1.0,1.0,1.0,1.0,1.0,0.0,1.0,4.0,1.0,1.0,1.0,1.0,1.0,7.0,9.0,0.777778,1.0,0.925926
dataset-v2,v2,extraction-v2,hybrid-v1,weak_serp,52.6316,,входные двери цена Екатеринбург,входные двери,commercial,Екатеринбург,54,https://ekaterinburg.dverimagnat.ru/kvartirnye-dveri/,ekaterinburg.dverimagnat.ru,10,0,,,content,ok,,artifacts\query--30410413d2718e2b.json,30ab58221b60800610445293f909e39b9fed9c7a,1456563,52.6316,24085.0,1253193.0,3784.0,923.0,0.24392177589852007,5.194,307.0,12.3257,12.0,1.0,9.0,6.0,16.0,1.0,98.0,1.0,237.0,0.0,0.0,0.0,100.0,3.0,3.0,0.5,0.5,4.0,0.5,6.0,0.026427,1.0,617.0,74.0,57.0,12.0,4.0,42.0,10.5,315.3333,163.054968,19.556025,15.063425,3.171247,0.019219,0.763755,1.0,1.0,6.132901,1.333333,0.763755,0.381877,0.381877,0.25,0.763755,0.7,0.218182,0.365517,0.880902,0.186296,0.763755,200.0,1.0,0.0,0.0,1.0,1.0,0.0,0.0,0.0,0.0,1.0,1.0,1.0,0.0,0.0,1.0,0.0,0.0,1.0,0.9,1.0,1.0,0.98,1.0,4.0,1.0,1.0,1.0,1.0,1.0,1.0,1.0,1.0,1.0,1.0,1.0,0.0,1.0,1.0,1.0,1.0,1.0,1.0,1.0,8.0,9.0,0.888889,1.0,0.962963
dataset-v2,v2,extraction-v2,hybrid-v1,weak_serp,100.0,,входные двери цена Новосибирск,входные двери,commercial,Новосибирск,65,https://novosibirsk.dverimagnat.ru/,novosibirsk.dverimagnat.ru,1,0,,,homepage,ok,,artifacts\query--e66192ce32892d4d.json,ae023b808d7f85266f18fcf0087273837c8b5f9e,754550,100.0,15779.0,621923.0,2432.0,739.0,0.30386513157894735,5.2911,211.0,11.5261,9.0,1.0,8.0,2.0,11.0,1.0,77.0,1.0,249.0,0.0,0.0,0.0,68.0,2.0,1.0,0.5,0.25,4.0,0.75,5.0,0.027961,1.0,470.0,39.0,18.0,3.0,2.0,2.0,1.0,270.2222,193.256579,16.036184,7.401316,1.233553,0.025371,0.756416,1.0,1.0,5.174468,1.222222,0.756416,0.378208,0.567312,0.375,0.756416,0.7625,0.6,0.282759,0.932018,0.229848,0.756416,200.0,1.0,0.0,0.0,1.0,1.0,0.0,0.0,0.0,0.0,1.0,1.0,1.0,0.0,0.0,0.0,0.0,0.0,1.0,1.0,1.0,1.0,1.0,1.0,3.0,1.0,1.0,1.0,1.0,1.0,1.0,1.0,1.0,1.0,1.0,1.0,0.0,1.0,1.0,1.0,1.0,1.0,1.0,1.0,8.0,9.0,0.888889,1.0,0.962963
dataset-v2,v2,extraction-v2,hybrid-v1,weak_serp,94.7368,,входные двери цена Новосибирск,входные двери,commercial,Новосибирск,65,https://novosibirsk.estetdveri.ru/catalog/vkhodnye-dveri/,novosibirsk.estetdveri.ru,2,0,,,product,ok,,artifacts\query--ca6b59ff112c8246.json,2ea2914f3e688ffb19a0db38d99f112fe1b9851d,620090,94.7368,14647.0,530389.0,2070.0,989.0,0.4777777777777778,5.915,159.0,13.0189,32.0,1.0,1.0,2.0,4.0,1.0,124.0,1.0,215.0,0.0,0.0,0.0,66.0,2.0,3.0,0.5,0.75,6.0,0.5,13.0,0.031884,1.0,100.0,72.0,56.0,7.0,0.0,20.0,0.0,64.6875,48.309179,34.782609,27.05314,3.381643,0.027616,0.624058,1.0,0.75,20.7,0.125,0.624058,0.312029,0.312029,0.25,0.624058,0.7,0.0,0.517241,0.937198,0.298161,0.468044,200.0,1.0,0.0,0.0,1.0,1.0,0.0,0.0,0.0,0.0,1.0,1.0,1.0,0.0,0.0,2.0,0.0,0.0,1.0,0.8,1.0,1.0,0.96,1.0,4.0,1.0,1.0,1.0,0.0,1.0,1.0,1.0,1.0,1.0,1.0,1.0,0.0,1.0,4.0,1.0,1.0,1.0,1.0,1.0,7.0,9.0,0.777778,1.0,0.925926
dataset-v2,v2,extraction-v2,hybrid-v1,weak_serp,89.4737,,входные двери цена Новосибирск,входные двери,commercial,Новосибирск,65,https://novosibirsk.lemanapro.ru/catalogue/vhodnye-dveri/,novosibirsk.lemanapro.ru,3,0,,,product,ok,,artifacts\query--1e60f53167802453.json,23aeb5d8a626b113193c096225b839cd017010d9,10089,89.4737,77.0,8264.0,13.0,13.0,1.0,5.0,1.0,13.0,1.0,1.0,0.0,0.0,1.0,1.0,12.0,0.0,0.0,0.0,0.0,0.0,0.0,0.0,0.0,0.0,0.0,0.0,0.0,0.0,0.0,0.0,1.0,0.0,0.0,0.0,0.0,0.0,0.0,13.0,76.923077,0.0,0.0,0.0,0.009318,-0.037796,0.0,0.0,13.0,1.0,-0.0,-0.0,-0.0,0.0,-0.000328,0.0,0.218182,0.0,0.0,-0.000273,-0.0,403.0,0.0,0.0,0.0,0.0,0.0,0.0,0.0,0.0,0.0,0.0,1.0,1.0,0.0,0.0,2.0,0.0,0.0,1.0,0.8,1.0,0.75,0.71,1.0,1.0,0.0,0.0,0.0,0.0,0.0,0.0,0.0,0.0,0.0,0.0,0.0,0.0,0.0,0.0,0.0,0.0,0.0,0.0,0.2,1.0,0.0,0.111111,0.0,0.103704
dataset-v2,v2,extraction-v2,hybrid-v1,weak_serp,84.2105,,входные двери цена Новосибирск,входные двери,commercial,Новосибирск,65,https://novosibirsk.mosdveri.ru/,novosibirsk.mosdveri.ru,4,0,,,homepage,ok,,artifacts\query--07d7214f2ea984be.json,1759d9c893cb917c2f4ebbde27882c24e4b6816d,755001,84.2105,37331.0,537956.0,5143.0,1926.0,0.37448959751118027,6.055,607.0,8.4728,102.0,1.0,12.0,19.0,32.0,1.0,103.0,1.0,199.0,0.0,0.0,0.0,70.0,2.0,4.0,0.5,0.75,9.0,0.5,7.0,0.013611,1.0,764.0,129.0,165.0,16.0,11.0,61.0,5.545455,50.4216,148.551429,25.082637,32.082442,3.111025,0.069394,0.64666,1.0,1.0,6.731675,0.313725,0.64666,0.32333,0.32333,0.25,0.64666,0.7,0.127273,0.627586,0.453691,0.242167,0.64666,200.0,1.0,0.0,0.0,1.0,1.0,1.0,0.0,0.0,0.0,1.0,1.0,1.0,0.0,0.0,0.0,0.0,0.0,1.0,1.0,1.0,1.0,1.0,1.0,29.0,1.0,1.0,1.0,1.0,1.0,1.0,1.0,1.0,1.0,1.0,1.0,0.0,1.0,32.0,0.0,1.0,1.0,1.0,0.8,8.0,9.0,0.888889,1.0,0.896296
dataset-v2,v2,extraction-v2,hybrid-v1,weak_serp,78.9474,,входные двери цена Новосибирск,входные двери,commercial,Новосибирск,65,https://nsk-dveri.ru/,nsk-dveri.ru,5,0,,,homepage,ok,,artifacts\query--721b89e5e6e2ff37.json,59cc2b682ad82c2e54de172f8d33a85fbe1a96f2,733232,78.9474,13893.0,559959.0,1914.0,715.0,0.3735632183908046,6.0758,85.0,22.5176,1.0,1.0,0.0,7.0,8.0,1.0,79.0,1.0,152.0,0.0,0.0,0.0,80.0,1.0,3.0,0.25,0.5,2.0,0.5,19.0,0.041797,0.75,467.0,22.0,350.0,0.0,2.0,9.0,4.5,1914.0,243.991641,11.494253,182.863114,0.0,0.024811,0.593159,1.0,1.0,4.098501,8.0,0.444869,0.14829,0.296579,0.125,0.593159,0.575,0.563636,0.951724,0.455068,0.221582,0.593159,200.0,1.0,0.0,0.0,1.0,1.0,0.0,0.0,0.0,0.0,1.0,1.0,1.0,0.0,0.0,0.0,0.0,0.0,1.0,1.0,1.0,1.0,1.0,1.0,5.0,1.0,1.0,1.0,0.0,1.0,1.0,0.0,1.0,1.0,1.0,1.0,1.0,1.0,4.0,1.0,1.0,1.0,1.0,1.0,7.0,9.0,0.777778,1.0,0.925926
dataset-v2,v2,extraction-v2,hybrid-v1,weak_serp,73.6842,,входные двери цена Новосибирск,входные двери,commercial,Новосибирск,65,https://shop-nsk.ru/,shop-nsk.ru,6,0,,,homepage,ok,,artifacts\query--3247a31ede2ab4d7.json,243789af19ef3c2fa163d84ef69678d8b6bb85c6,773749,73.6842,13336.0,648758.0,1975.0,736.0,0.37265822784810126,5.4922,125.0,15.8,30.0,0.0,8.0,0.0,8.0,1.0,72.0,1.0,310.0,0.0,0.0,0.0,49.0,3.0,8.0,0.5,0.5,4.0,0.5,12.0,0.02481,0.75,292.0,31.0,117.0,25.0,3.0,27.0,9.0,65.8333,147.848101,15.696203,59.240506,12.658228,0.020556,0.396135,1.0,1.0,6.763699,0.266667,0.297101,0.198068,0.198068,0.25,0.396135,0.6625,0.690909,0.0,0.620253,0.147623,0.396135,200.0,1.0,0.0,0.0,0.0,0.0,0.0,0.0,0.0,0.0,1.0,1.0,1.0,0.0,0.0,0.0,0.0,0.0,1.0,1.0,1.0,0.75,0.95,1.0,5.0,1.0,1.0,1.0,1.0,1.0,1.0,1.0,1.0,1.0,1.0,0.0,0.0,1.0,1.0,1.0,1.0,1.0,1.0,1.0,8.0,8.0,0.888889,0.888889,0.925926
dataset-v2,v2,extraction-v2,hybrid-v1,weak_serp,68.4211,,входные двери цена Новосибирск,входные двери,commercial,Новосибирск,65,https://novosibirsk.metaldveri.ru/,novosibirsk.metaldveri.ru,7,0,,,homepage,ok,,artifacts\query--5febab80319893d4.json,09aaeb6f1db55fefa3d000b69067db04f5e6b77c,363321,68.4211,22696.0,198826.0,3470.0,940.0,0.27089337175792505,5.3406,247.0,14.0486,68.0,1.0,5.0,1.0,7.0,1.0,79.0,1.0,242.0,0.0,0.0,0.0,123.0,2.0,2.0,0.5,0.5,4.0,0.5,7.0,0.035447,1.0,566.0,130.0,223.0,36.0,3.0,35.0,11.666667,51.0294,163.112392,37.463977,64.26513,10.37464,0.11415,0.571753,1.0,1.0,6.130742,0.102941,0.571753,0.285876,0.285876,0.25,0.571753,0.7,0.563636,0.331034,0.818444,0.154884,0.571753,200.0,1.0,0.0,0.0,1.0,1.0,1.0,0.0,0.0,0.0,1.0,1.0,0.0,0.0,0.0,0.0,0.0,0.0,1.0,1.0,0.5,1.0,0.9,1.0,2.0,1.0,1.0,1.0,1.0,1.0,1.0,1.0,1.0,1.0,1.0,0.0,1.0,1.0,10.0,1.0,1.0,1.0,1.0,1.0,9.0,8.0,1.0,0.888889,0.962963
dataset-v2,v2,extraction-v2,hybrid-v1,weak_serp,63.1579,,входные двери цена Новосибирск,входные двери,commercial,Новосибирск,65,https://www.avito.ru/novosibirsk/remont_i_stroitelstvo/dveri/vxodnye-ASgBAgICAkRYnEvYpBSA9Y4D,avito.ru,8,0,,,content,ok,,artifacts\query--06e46da3613ebdc5.json,8bf36ed87b366ac543016fb7b794cd3b9a06ee03,34402,63.1579,947.0,28943.0,133.0,90.0,0.6766917293233082,5.8421,12.0,11.0833,11.0,0.0,1.0,0.0,1.0,1.0,31.0,0.0,0.0,0.0,0.0,0.0,0.0,0.0,0.0,0.0,0.0,0.0,0.0,0.0,0.0,0.0,1.0,1.0,0.0,1.0,1.0,2.0,2.0,12.0909,7.518797,7.518797,0.0,7.518797,0.032719,0.049152,0.0,0.75,133.0,0.090909,0.0,0.0,0.0,0.0,0.004358,0.0,0.563636,0.0,0.0,0.002458,0.036864,429.0,0.0,0.0,0.0,0.0,0.0,0.0,0.0,0.0,0.0,0.0,1.0,1.0,0.0,0.0,4.0,0.0,0.0,1.0,0.6,1.0,0.75,0.67,1.0,1.0,0.0,0.0,0.0,0.0,1.0,0.0,0.0,0.0,1.0,0.0,0.0,0.0,1.0,1.0,1.0,0.0,1.0,1.0,0.4,2.0,3.0,0.222222,0.333333,0.318519
dataset-v2,v2,extraction-v2,hybrid-v1,weak_serp,57.8947,,входные двери цена Новосибирск,входные двери,commercial,Новосибирск,65,https://nsk.d-arsenal.ru/,nsk.d-arsenal.ru,9,0,,,homepage,ok,,artifacts\query--8a96bc09039fae5c.json,f03d6199d74f0d0318ebf377d9420e11761d52a9,294766,57.8947,4220.0,229752.0,625.0,314.0,0.5024,5.6016,25.0,25.0,2.0,0.0,3.0,0.0,3.0,1.0,123.0,1.0,157.0,0.0,0.0,0.0,39.0,3.0,1.0,0.5,0.25,0.0,0.0,29.0,0.0624,1.0,173.0,17.0,61.0,0.0,4.0,12.0,3.0,312.5,276.8,27.2,97.6,0.0,0.018368,0.632703,1.0,1.0,3.612717,1.5,0.632703,0.316352,0.0,0.0,0.263626,0.575,0.0,0.917241,0.0,0.110372,0.632703,200.0,1.0,0.0,0.0,0.0,0.0,0.0,0.0,0.0,0.0,1.0,1.0,1.0,0.0,0.0,0.0,0.0,0.0,1.0,1.0,1.0,0.75,0.95,1.0,1.0,1.0,1.0,1.0,1.0,1.0,1.0,1.0,0.0,1.0,1.0,1.0,0.0,1.0,1.0,1.0,1.0,1.0,1.0,1.0,8.0,8.0,0.888889,0.888889,0.925926
dataset-v2,v2,extraction-v2,hybrid-v1,weak_serp,52.6316,,входные двери цена Новосибирск,входные двери,commercial,Новосибирск,65,https://www.novodoor-nsk.ru/,novodoor-nsk.ru,10,0,,,homepage,ok,,artifacts\query--fc3d2fea0e8b01a5.json,63253060418df4b9fe99386080c7d63f3c7fb251,583745,52.6316,3199.0,557726.0,454.0,265.0,0.5837004405286343,5.8877,17.0,26.7059,48.0,1.0,0.0,0.0,1.0,1.0,83.0,1.0,308.0,0.0,0.0,0.0,30.0,0.0,2.0,0.0,0.25,0.0,0.0,8.0,0.066079,1.0,59.0,33.0,0.0,0.0,14.0,93.0,6.642857,9.4583,129.955947,72.687225,0.0,0.0,0.005736,0.658585,1.0,0.75,7.694915,0.020833,0.658585,0.0,0.0,0.0,0.199332,0.4,0.490909,0.0,0.0,0.096958,0.493939,200.0,1.0,0.0,0.0,0.0,0.0,0.0,0.0,0.0,0.0,1.0,1.0,1.0,0.0,0.0,0.0,0.0,0.0,1.0,1.0,1.0,0.75,0.95,1.0,1.0,1.0,0.0,1.0,1.0,1.0,0.0,1.0,0.0,1.0,0.0,0.0,0.0,1.0,3.0,1.0,1.0,1.0,1.0,0.8,6.0,5.0,0.666667,0.555556,0.674074
dataset-v2,v2,extraction-v2,hybrid-v1,weak_serp,100.0,,входные двери цена Казань,входные двери,commercial,Казань,43,https://kazan.dverimagnat.ru/,kazan.dverimagnat.ru,1,0,,,homepage,ok,,artifacts\query--a6fa8ca7d8104d09.json,424cdc9ea2059a801292be2fc2fb9c68e3e6af21,754977,100.0,15680.0,621697.0,2435.0,752.0,0.30882956878850104,5.2452,209.0,11.6507,9.0,1.0,8.0,2.0,11.0,1.0,71.0,1.0,232.0,0.0,0.0,0.0,68.0,2.0,1.0,0.5,0.25,4.0,0.75,5.0,0.027926,1.0,478.0,39.0,26.0,3.0,2.0,2.0,1.0,270.5556,196.303901,16.016427,10.677618,1.232033,0.025221,0.644253,1.0,1.0,5.094142,1.222222,0.644253,0.322126,0.48319,0.375,0.644253,0.7625,0.709091,0.4,0.930869,0.198964,0.644253,200.0,1.0,0.0,0.0,1.0,1.0,0.0,0.0,0.0,0.0,1.0,1.0,1.0,0.0,0.0,0.0,0.0,0.0,1.0,1.0,1.0,1.0,1.0,1.0,3.0,1.0,1.0,1.0,1.0,1.0,1.0,1.0,1.0,1.0,1.0,1.0,0.0,1.0,1.0,1.0,1.0,1.0,1.0,1.0,8.0,9.0,0.888889,1.0,0.962963
dataset-v2,v2,extraction-v2,hybrid-v1,weak_serp,94.7368,,входные двери цена Казань,входные двери,commercial,Казань,43,https://kazan.lemanapro.ru/catalogue/vhodnye-dveri/,kazan.lemanapro.ru,2,0,,,product,ok,,artifacts\query--92499ad9bd812743.json,086f06c334c600d84d5f61a5592876ef93f39500,10076,94.7368,77.0,8264.0,13.0,13.0,1.0,5.0,1.0,13.0,1.0,1.0,0.0,0.0,1.0,1.0,12.0,0.0,0.0,0.0,0.0,0.0,0.0,0.0,0.0,0.0,0.0,0.0,0.0,0.0,0.0,0.0,1.0,0.0,0.0,0.0,0.0,0.0,0.0,13.0,76.923077,0.0,0.0,0.0,0.009318,0.022348,0.0,0.0,13.0,1.0,0.0,0.0,0.0,0.0,0.000194,0.0,0.218182,0.0,0.0,0.000161,0.0,403.0,0.0,0.0,0.0,0.0,0.0,0.0,0.0,0.0,0.0,0.0,1.0,1.0,0.0,0.0,2.0,0.0,0.0,1.0,0.8,1.0,0.75,0.71,1.0,1.0,0.0,0.0,0.0,0.0,0.0,0.0,0.0,0.0,0.0,0.0,0.0,0.0,0.0,0.0,0.0,0.0,0.0,0.0,0.2,1.0,0.0,0.111111,0.0,0.103704
dataset-v2,v2,extraction-v2,hybrid-v1,weak_serp,89.4737,,входные двери цена Казань,входные двери,commercial,Казань,43,https://kazan.mosdveri.ru/,kazan.mosdveri.ru,3,0,,,homepage,ok,,artifacts\query--a2aa2b174b1999f6.json,a58f3f601a80d1b56fc4a4d0d02666398e5696ae,753982,89.4737,37315.0,537111.0,5147.0,1927.0,0.3743928502040023,6.0418,611.0,8.4239,102.0,1.0,12.0,19.0,32.0,1.0,97.0,1.0,195.0,0.0,0.0,0.0,70.0,2.0,4.0,0.5,0.75,9.0,0.5,7.0,0.0136,1.0,764.0,129.0,165.0,16.0,11.0,61.0,5.545455,50.4608,148.435982,25.063144,32.057509,3.108607,0.069474,0.604636,1.0,1.0,6.736911,0.313725,0.604636,0.302318,0.302318,0.25,0.604636,0.7,0.236364,0.655172,0.453339,0.226371,0.604636,200.0,1.0,0.0,0.0,1.0,1.0,1.0,0.0,0.0,0.0,1.0,1.0,1.0,0.0,0.0,0.0,0.0,0.0,1.0,1.0,1.0,1.0,1.0,1.0,29.0,1.0,1.0,1.0,1.0,1.0,1.0,1.0,1.0,1.0,1.0,1.0,0.0,1.0,32.0,0.0,1.0,1.0,1.0,0.8,8.0,9.0,0.888889,1.0,0.896296
dataset-v2,v2,extraction-v2,hybrid-v1,weak_serp,84.2105,,входные двери цена Казань,входные двери,commercial,Казань,43,https://mirdverey-kazan.ru/,mirdverey-kazan.ru,4,0,,,homepage,ok,,artifacts\query--59f4994bb66a094a.json,f34d9829c7162d536da2844f4908d435ac1f56bf,87761,84.2105,44.0,85263.0,7.0,7.0,1.0,5.2857,1.0,7.0,2.0,0.0,1.0,0.0,1.0,0.0,0.0,0.0,0.0,0.0,0.0,0.0,0.0,0.0,0.0,0.0,0.0,0.0,0.0,0.0,0.0,0.0,0.0,8.0,0.0,0.0,0.0,0.0,0.0,3.5,0.0,1142.857143,0.0,0.0,0.000516,-0.00073,0.0,0.25,7.0,0.5,-0.0,-0.0,-0.0,0.0,-3e-06,0.0,0.0,0.0,0.0,-3e-06,-0.000182,200.0,1.0,0.0,0.0,0.0,0.0,1.0,1.0,1.0,0.0,0.0,1.0,0.0,0.0,0.0,0.0,0.0,0.0,1.0,1.0,0.5,0.75,0.65,0.0,0.0,0.0,1.0,0.0,0.0,1.0,0.0,0.0,0.0,1.0,0.0,0.0,0.0,0.0,0.0,0.0,0.0,1.0,1.0,0.2,1.0,4.0,0.111111,0.444444,0.251852
dataset-v2,v2,extraction-v2,hybrid-v1,weak_serp,78.9474,,входные двери цена Казань,входные двери,commercial,Казань,43,https://vhodnye-dveri-kazan.ru/,vhodnye-dveri-kazan.ru,5,0,,,homepage,ok,,artifacts\query--c5cdf52f63ca223a.json,3975b931f503626ccf81f3893f617d702fa33cef,144135,78.9474,1980.0,114566.0,303.0,166.0,0.5478547854785478,5.2013,19.0,15.9474,11.0,1.0,0.0,0.0,1.0,1.0,48.0,1.0,313.0,0.0,0.0,0.0,32.0,2.0,2.0,0.5,0.5,0.0,0.0,29.0,0.105611,0.75,90.0,53.0,41.0,0.0,0.0,7.0,0.0,27.5455,297.029703,174.917492,135.313531,0.0,0.017283,0.374279,1.0,0.75,3.366667,0.090909,0.280709,0.187139,0.0,0.0,0.075604,0.5375,0.872727,0.0,0.0,0.034517,0.280709,200.0,1.0,0.0,0.0,1.0,1.0,0.0,0.0,0.0,0.0,1.0,1.0,1.0,0.0,0.0,0.0,0.0,0.0,1.0,1.0,1.0,1.0,1.0,1.0,1.0,1.0,1.0,1.0,1.0,1.0,1.0,0.0,0.0,1.0,1.0,0.0,0.0,1.0,1.0,1.0,1.0,1.0,1.0,1.0,7.0,7.0,0.777778,0.777778,0.851852
dataset-v2,v2,extraction-v2,hybrid-v1,weak_serp,73.6842,,входные двери цена Казань,входные двери,commercial,Казань,43,https://kazan.megastroy.com/catalog/dveri-vhodnye,kazan.megastroy.com,6,0,,,product,ok,,artifacts\query--95ec69dbf831c4e5.json,4e0d896534dab1c6450fd3b6f1d4b0de1d50fdc6,3692,73.6842,201.0,1343.0,29.0,29.0,1.0,5.7586,2.0,14.5,1.0,1.0,0.0,0.0,1.0,1.0,10.0,0.0,0.0,0.0,0.0,0.0,0.0,0.0,0.0,0.0,0.0,0.0,0.0,0.0,0.0,0.0,0.0,1.0,0.0,0.0,0.0,0.0,0.0,29.0,0.0,34.482759,0.0,0.0,0.149665,0.04574,0.0,0.25,29.0,1.0,0.0,0.0,0.0,0.0,0.000884,0.0,0.181818,0.0,0.0,0.000737,0.011435,403.0,0.0,0.0,0.0,0.0,0.0,0.0,0.0,0.0,0.0,0.0,1.0,0.0,0.0,0.0,2.0,0.0,0.0,1.0,0.8,0.5,0.75,0.61,1.0,1.0,0.0,1.0,0.0,0.0,0.0,0.0,0.0,0.0,0.0,0.0,0.0,0.0,0.0,0.0,0.0,0.0,0.0,0.0,0.4,2.0,1.0,0.222222,0.111111,0.244444
dataset-v2,v2,extraction-v2,hybrid-v1,weak_serp,68.4211,,входные двери цена Казань,входные двери,commercial,Казань,43,https://kzn.rusdver.net/doors/,kzn.rusdver.net,7,0,,,content,ok,,artifacts\query--199088e5b96dd5b9.json,00004f2d4971cec70f0ab6627668a10ccbfdc376,621900,68.4211,17298.0,452744.0,2601.0,1062.0,0.4083044982698962,5.4433,105.0,24.7714,23.0,1.0,1.0,1.0,3.0,1.0,75.0,1.0,198.0,0.0,0.0,0.0,74.0,2.0,2.0,0.5,0.5,2.0,0.5,8.0,0.028451,1.0,413.0,77.0,74.0,4.0,18.0,477.0,26.5,113.087,158.785083,29.603998,28.450596,1.53787,0.038207,0.41992,1.0,1.0,6.297821,0.130435,0.41992,0.20996,0.20996,0.25,0.41992,0.7,0.636364,0.634483,0.948353,0.171455,0.41992,200.0,1.0,0.0,0.0,1.0,1.0,1.0,0.0,0.0,0.0,1.0,1.0,1.0,0.0,0.0,1.0,0.0,0.0,1.0,0.9,1.0,1.0,0.98,1.0,10.0,1.0,1.0,1.0,1.0,1.0,1.0,1.0,1.0,1.0,0.0,1.0,1.0,1.0,2.0,1.0,1.0,1.0,1.0,1.0,9.0,8.0,1.0,0.888889,0.962963
dataset-v2,v2,extraction-v2,hybrid-v1,weak_serp,63.1579,,входные двери цена Казань,входные двери,commercial,Казань,43,https://kazan.dveri-ideal.ru/vxodnyie-dveri/,kazan.dveri-ideal.ru,8,0,,,content,ok,,artifacts\query--7ea42801ff4acfbc.json,47c39df82939836fbce58664a7fbaf2726837dd2,487804,63.1579,20044.0,375499.0,2794.0,1230.0,0.44022906227630637,5.9735,102.0,27.3922,93.0,1.0,9.0,6.0,16.0,1.0,89.0,1.0,183.0,0.0,0.0,0.0,76.0,2.0,3.0,0.5,0.5,9.0,0.5,10.0,0.027201,1.0,283.0,55.0,211.0,65.0,6.0,99.0,16.5,30.043,101.288475,19.685039,75.518969,23.264137,0.05338,0.362424,1.0,1.0,9.872792,0.172043,0.362424,0.181212,0.181212,0.25,0.362424,0.7,0.381818,0.737931,0.906705,0.15955,0.362424,200.0,1.0,0.0,0.0,1.0,1.0,1.0,0.0,0.0,0.0,1.0,1.0,1.0,0.0,0.0,1.0,0.0,0.0,1.0,0.9,1.0,1.0,0.98,1.0,8.0,0.0,1.0,1.0,1.0,1.0,1.0,0.0,1.0,1.0,0.0,1.0,1.0,1.0,6.0,1.0,1.0,1.0,1.0,0.8,8.0,7.0,0.888889,0.777778,0.822222
dataset-v2,v2,extraction-v2,hybrid-v1,weak_serp,57.8947,,входные двери цена Казань,входные двери,commercial,Казань,43,https://kazan.ds-doors.ru/catalog/vhodnye-dveri/,kazan.ds-doors.ru,9,0,,,product,ok,,artifacts\query--1151501206e43170.json,451c49148d42e60b74f4f8b5984cd20cbc482c7d,270350,57.8947,8193.0,216539.0,1223.0,557.0,0.455437448896157,5.5029,40.0,30.575,3.0,1.0,1.0,1.0,3.0,1.0,73.0,1.0,82.0,0.0,0.0,0.0,42.0,2.0,0.0,0.5,0.0,2.0,0.5,12.0,0.034342,1.0,103.0,23.0,66.0,7.0,6.0,76.0,12.666667,407.6667,84.219133,18.806214,53.965658,5.72363,0.037836,0.385635,1.0,1.0,11.873786,1.0,0.385635,0.192818,0.192818,0.25,0.314421,0.7,0.672727,0.565517,0.855274,0.119333,0.385635,200.0,1.0,0.0,0.0,1.0,1.0,1.0,0.0,0.0,0.0,1.0,1.0,1.0,0.0,0.0,2.0,0.0,0.0,1.0,0.8,1.0,1.0,0.96,1.0,2.0,0.0,1.0,0.0,1.0,1.0,1.0,1.0,1.0,1.0,0.0,0.0,0.0,1.0,4.0,0.0,1.0,1.0,1.0,0.4,7.0,5.0,0.777778,0.555556,0.577778
dataset-v2,v2,extraction-v2,hybrid-v1,weak_serp,52.6316,,входные двери цена Казань,входные двери,commercial,Казань,43,https://sk-doors.ru/,sk-doors.ru,10,0,,,homepage,ok,,artifacts\query--065b76cf58beaecd.json,91b0f64351735d199499620fa7e6fab334cd1864,355769,52.6316,18034.0,259087.0,2763.0,733.0,0.26529134998190373,5.3207,176.0,15.6989,19.0,1.0,3.0,1.0,5.0,1.0,90.0,1.0,237.0,0.0,0.0,0.0,165.0,3.0,0.0,0.5,0.0,3.0,0.25,33.0,0.059718,1.0,203.0,144.0,66.0,0.0,96.0,295.0,3.072917,145.4211,73.470865,52.117264,23.887079,0.0,0.069606,0.503025,1.0,1.0,13.610837,0.263158,0.503025,0.251513,0.125756,0.125,0.503025,0.6375,0.363636,0.365517,0.00941,0.133448,0.503025,200.0,1.0,0.0,0.0,1.0,1.0,1.0,0.0,0.0,0.0,1.0,1.0,1.0,0.0,0.0,0.0,0.0,0.0,1.0,1.0,1.0,1.0,1.0,1.0,3.0,1.0,1.0,1.0,1.0,1.0,1.0,1.0,1.0,1.0,0.0,0.0,0.0,1.0,3.0,1.0,1.0,1.0,1.0,1.0,8.0,7.0,0.888889,0.777778,0.888889
dataset-v2,v2,extraction-v2,hybrid-v1,weak_serp,100.0,,входные двери цена Краснодар,входные двери,commercial,Краснодар,35,https://krasnodar.lemanapro.ru/catalogue/vhodnye-dveri/,krasnodar.lemanapro.ru,1,0,,,product,ok,,artifacts\query--f3b8d3b55630239b.json,b815440df342242273cf4b10ef38ecbba7b1bb86,10085,100.0,77.0,8264.0,13.0,13.0,1.0,5.0,1.0,13.0,1.0,1.0,0.0,0.0,1.0,1.0,12.0,0.0,0.0,0.0,0.0,0.0,0.0,0.0,0.0,0.0,0.0,0.0,0.0,0.0,0.0,0.0,1.0,0.0,0.0,0.0,0.0,0.0,0.0,13.0,76.923077,0.0,0.0,0.0,0.009318,-0.028694,0.0,0.0,13.0,1.0,-0.0,-0.0,-0.0,0.0,-0.000249,0.0,0.218182,0.0,0.0,-0.000207,-0.0,403.0,0.0,0.0,0.0,0.0,0.0,0.0,0.0,0.0,0.0,0.0,1.0,1.0,0.0,0.0,2.0,0.0,0.0,1.0,0.8,1.0,0.75,0.71,1.0,1.0,0.0,0.0,0.0,0.0,0.0,0.0,0.0,0.0,0.0,0.0,0.0,0.0,0.0,0.0,0.0,0.0,0.0,0.0,0.2,1.0,0.0,0.111111,0.0,0.103704
dataset-v2,v2,extraction-v2,hybrid-v1,weak_serp,94.7368,,входные двери цена Краснодар,входные двери,commercial,Краснодар,35,https://dveri-ntd.ru/,dveri-ntd.ru,2,0,,,homepage,ok,,artifacts\query--a03cb3460a371f3a.json,41ad390c6a85d44683b92c054e38215e85b27edb,514407,94.7368,10634.0,405853.0,1739.0,675.0,0.3881541115583669,4.9477,64.0,27.1719,29.0,1.0,8.0,0.0,9.0,1.0,55.0,1.0,165.0,0.0,0.0,0.0,45.0,0.0,1.0,0.0,0.25,4.0,0.25,16.0,0.025877,1.0,189.0,100.0,112.0,15.0,0.0,38.0,0.0,59.9655,108.683151,57.504313,64.40483,8.625647,0.026202,0.249337,1.0,0.75,9.201058,0.310345,0.249337,0.0,0.062334,0.0,0.249337,0.4625,1.0,0.862069,0.862565,0.093501,0.187003,200.0,1.0,0.0,0.0,1.0,1.0,1.0,0.0,0.0,0.0,1.0,1.0,1.0,0.0,0.0,0.0,0.0,0.0,1.0,1.0,1.0,1.0,1.0,1.0,3.0,1.0,1.0,1.0,1.0,1.0,1.0,1.0,1.0,1.0,1.0,1.0,1.0,1.0,39.0,1.0,1.0,0.0,1.0,1.0,9.0,8.0,1.0,0.888889,0.962963
dataset-v2,v2,extraction-v2,hybrid-v1,weak_serp,89.4737,,входные двери цена Краснодар,входные двери,commercial,Краснодар,35,https://dveri-estetika.ru/,dveri-estetika.ru,3,0,,,homepage,ok,,artifacts\query--1391d5c33bebe1b4.json,458b8cca9dd1e831d6b3e44fa0df75eababcffdf,447549,89.4737,6453.0,375889.0,907.0,368.0,0.40573318632855565,5.9515,24.0,37.7917,26.0,3.0,10.0,3.0,16.0,1.0,48.0,1.0,142.0,0.0,0.0,0.0,52.0,1.0,3.0,0.25,0.75,4.0,0.5,17.0,0.057332,0.75,225.0,77.0,193.0,11.0,2.0,14.0,7.0,34.8846,248.070562,84.895259,212.789416,12.127894,0.017167,0.402448,1.0,1.0,4.031111,0.615385,0.301836,0.100612,0.201224,0.125,0.243347,0.575,0.872727,0.97931,0.066703,0.082278,0.402448,200.0,1.0,0.0,0.0,1.0,1.0,1.0,0.0,0.0,0.0,1.0,1.0,1.0,0.0,0.0,0.0,0.0,0.0,1.0,1.0,1.0,1.0,1.0,1.0,5.0,1.0,1.0,1.0,0.0,1.0,1.0,1.0,1.0,0.0,1.0,1.0,1.0,1.0,1.0,1.0,1.0,1.0,1.0,1.0,8.0,8.0,0.888889,0.888889,0.925926
dataset-v2,v2,extraction-v2,hybrid-v1,weak_serp,84.2105,,входные двери цена Краснодар,входные двери,commercial,Краснодар,35,https://tandoor.ru/,tandoor.ru,4,0,,,homepage,ok,,artifacts\query--024a5aa033413b14.json,12a6485b288e4888d1d3b3618a668f21a5a67885,1469957,84.2105,21348.0,1242222.0,2716.0,1085.0,0.39948453608247425,6.7979,35.0,77.6,34.0,0.0,3.0,0.0,3.0,1.0,103.0,1.0,138.0,0.0,0.0,0.0,96.0,0.0,3.0,0.0,0.5,0.0,0.0,1.0,0.035346,1.0,1050.0,70.0,1346.0,0.0,27.0,138.0,5.111111,79.8824,386.597938,25.773196,495.581738,0.0,0.017185,0.167268,0.25,1.0,2.586667,0.088235,0.167268,0.0,0.0,0.0,0.167268,0.2125,0.127273,0.951724,0.821797,0.066821,0.167268,200.0,1.0,0.0,0.0,1.0,1.0,1.0,0.0,0.0,0.0,1.0,1.0,1.0,0.0,0.0,0.0,0.0,0.0,1.0,1.0,1.0,1.0,1.0,1.0,3.0,0.0,1.0,1.0,1.0,1.0,0.0,1.0,1.0,1.0,1.0,0.0,1.0,1.0,18.0,1.0,1.0,1.0,1.0,0.8,8.0,7.0,0.888889,0.777778,0.822222
dataset-v2,v2,extraction-v2,hybrid-v1,weak_serp,78.9474,,входные двери цена Краснодар,входные двери,commercial,Краснодар,35,https://krasnodar.mosdveri.ru/,krasnodar.mosdveri.ru,5,0,,,homepage,ok,,artifacts\query--481e20f44dd6bdd0.json,27587c0137dc65618ddb5600e46c7fd669325f55,754823,78.9474,37307.0,537884.0,5139.0,1926.0,0.37478108581436076,6.0543,607.0,8.4662,102.0,1.0,12.0,19.0,32.0,1.0,101.0,1.0,198.0,0.0,0.0,0.0,70.0,2.0,4.0,0.5,0.75,9.0,0.5,7.0,0.013621,1.0,764.0,129.0,165.0,16.0,11.0,61.0,5.545455,50.3824,148.667056,25.10216,32.107414,3.113446,0.069359,0.592264,1.0,1.0,6.72644,0.313725,0.592264,0.296132,0.296132,0.25,0.592264,0.7,0.163636,0.634483,0.454044,0.221969,0.592264,200.0,1.0,0.0,0.0,1.0,1.0,1.0,0.0,0.0,0.0,1.0,1.0,1.0,0.0,0.0,0.0,0.0,0.0,1.0,1.0,1.0,1.0,1.0,1.0,29.0,1.0,1.0,1.0,1.0,1.0,1.0,1.0,1.0,1.0,1.0,1.0,0.0,1.0,32.0,0.0,1.0,1.0,1.0,0.8,8.0,9.0,0.888889,1.0,0.896296
dataset-v2,v2,extraction-v2,hybrid-v1,weak_serp,73.6842,,входные двери цена Краснодар,входные двери,commercial,Краснодар,35,https://krd.rusdver.net/doors/,krd.rusdver.net,6,0,,,content,ok,,artifacts\query--81744a11d1860e70.json,d6e195257a4f476b97aa1a06d01dcaf54618c7de,697790,73.6842,20118.0,509162.0,3079.0,1246.0,0.40467684313088664,5.3456,114.0,27.0088,22.0,1.0,1.0,1.0,3.0,1.0,79.0,1.0,202.0,0.0,0.0,0.0,72.0,2.0,2.0,0.5,0.5,2.0,0.5,8.0,0.023384,1.0,439.0,78.0,74.0,4.0,18.0,671.0,37.277778,139.9545,142.578759,25.3329,24.033777,1.299123,0.039512,0.460442,1.0,1.0,7.013667,0.136364,0.460442,0.230221,0.230221,0.25,0.460442,0.7,0.563636,0.606897,0.779474,0.18633,0.460442,200.0,1.0,0.0,0.0,1.0,1.0,1.0,0.0,0.0,0.0,1.0,1.0,1.0,0.0,0.0,1.0,0.0,0.0,1.0,0.9,1.0,1.0,0.98,1.0,12.0,1.0,1.0,1.0,1.0,1.0,1.0,1.0,1.0,1.0,0.0,1.0,1.0,1.0,2.0,1.0,1.0,1.0,1.0,1.0,9.0,8.0,1.0,0.888889,0.962963
dataset-v2,v2,extraction-v2,hybrid-v1,weak_serp,68.4211,,входные двери цена Краснодар,входные двери,commercial,Краснодар,35,https://prodverikrd.ru/,prodverikrd.ru,7,0,,,homepage,ok,,artifacts\query--4a3067ee25a5106f.json,7deea22bbc917f329c1e4994fa89ce613c6c1e0e,208042,68.4211,4900.0,156203.0,785.0,305.0,0.3885350318471338,5.0497,27.0,29.0741,1.0,1.0,4.0,0.0,5.0,1.0,48.0,1.0,173.0,0.0,0.0,0.0,32.0,1.0,1.0,0.25,0.25,0.0,0.0,21.0,0.040764,0.75,187.0,41.0,47.0,20.0,22.0,83.0,3.772727,785.0,238.216561,52.229299,59.872611,25.477707,0.031369,0.131338,1.0,1.0,4.197861,5.0,0.098504,0.032835,0.0,0.0,0.068734,0.45,0.872727,0.806897,0.480892,0.022254,0.131338,200.0,1.0,0.0,0.0,1.0,1.0,0.0,0.0,0.0,0.0,1.0,1.0,1.0,0.0,0.0,0.0,0.0,0.0,1.0,1.0,1.0,1.0,1.0,1.0,4.0,1.0,1.0,1.0,1.0,1.0,1.0,1.0,0.0,1.0,0.0,0.0,0.0,1.0,1.0,1.0,1.0,0.0,1.0,1.0,8.0,5.0,0.888889,0.555556,0.814815
dataset-v2,v2,extraction-v2,hybrid-v1,weak_serp,63.1579,,входные двери цена Краснодар,входные двери,commercial,Краснодар,35,https://modern-dveri.ru/catalog/vkhodnye-dveri/,modern-dveri.ru,8,0,,,product,ok,,artifacts\query--6cf88001e261eeef.json,847bb3aa11f3621117d6f4305c23e48741b0d2c0,1720011,63.1579,31660.0,1249287.0,4491.0,712.0,0.15853930082386997,5.3888,29.0,154.8621,3.0,1.0,1.0,1.0,3.0,1.0,61.0,1.0,304.0,0.0,0.0,0.0,142.0,2.0,2.0,0.5,0.5,6.0,0.5,10.0,0.031619,1.0,857.0,282.0,503.0,0.0,3.0,204.0,68.0,1497.0,190.826097,62.792251,112.001781,0.0,0.025342,0.483536,1.0,1.0,5.240373,1.0,0.483536,0.241768,0.241768,0.25,0.483536,0.7,0.890909,0.0,0.94604,0.076659,0.483536,200.0,1.0,0.0,0.0,1.0,1.0,0.0,0.0,0.0,0.0,1.0,1.0,1.0,0.0,0.0,2.0,0.0,0.0,1.0,0.8,1.0,1.0,0.96,1.0,2.0,1.0,1.0,1.0,1.0,1.0,0.0,1.0,1.0,1.0,1.0,0.0,0.0,1.0,5.0,1.0,1.0,1.0,1.0,1.0,7.0,8.0,0.777778,0.888889,0.888889
dataset-v2,v2,extraction-v2,hybrid-v1,weak_serp,57.8947,,входные двери цена Краснодар,входные двери,commercial,Краснодар,35,https://linedoor-yug.ru/,linedoor-yug.ru,9,0,,,homepage,ok,,artifacts\query--5a28d6f0ff64b9ad.json,2548f36507d74219f6fb9ead48fdb28cdef8953c,241168,57.8947,10736.0,154527.0,1401.0,407.0,0.29050678087080656,6.4118,82.0,17.0854,8.0,1.0,7.0,8.0,16.0,1.0,155.0,1.0,241.0,0.0,0.0,0.0,191.0,4.0,2.0,0.75,0.5,2.0,0.25,33.0,0.136331,0.75,229.0,162.0,104.0,8.0,4.0,29.0,7.25,175.125,163.454675,115.631692,74.232691,5.710207,0.069477,0.420238,1.0,1.0,6.117904,2.0,0.315179,0.315179,0.10506,0.1875,0.392502,0.6875,0.0,0.337931,0.0,0.09502,0.420238,200.0,1.0,0.0,0.0,1.0,1.0,1.0,0.0,0.0,0.0,1.0,1.0,1.0,0.0,0.0,0.0,0.0,0.0,1.0,1.0,1.0,1.0,1.0,1.0,2.0,1.0,1.0,1.0,0.0,1.0,1.0,1.0,1.0,1.0,1.0,0.0,0.0,1.0,5.0,1.0,1.0,1.0,1.0,1.0,7.0,8.0,0.777778,0.888889,0.888889
dataset-v2,v2,extraction-v2,hybrid-v1,weak_serp,52.6316,,входные двери цена Краснодар,входные двери,commercial,Краснодар,35,https://krasnodar.metaldveri.ru/,krasnodar.metaldveri.ru,10,0,,,homepage,ok,,artifacts\query--9e02485ee65c4980.json,2e5115f26838ed316a9a4a43f71522f2fb6b1e40,363409,52.6316,22687.0,198841.0,3470.0,944.0,0.27204610951008645,5.3352,247.0,14.0486,68.0,1.0,5.0,1.0,7.0,1.0,77.0,1.0,240.0,0.0,0.0,0.0,123.0,2.0,2.0,0.5,0.5,4.0,0.5,7.0,0.035447,1.0,567.0,130.0,223.0,36.0,3.0,35.0,11.666667,51.0294,163.400576,37.463977,64.26513,10.37464,0.114096,0.534357,1.0,1.0,6.119929,0.102941,0.534357,0.267178,0.267178,0.25,0.534357,0.7,0.6,0.344828,0.818444,0.14537,0.534357,200.0,1.0,0.0,0.0,1.0,1.0,1.0,0.0,0.0,0.0,1.0,1.0,0.0,0.0,0.0,0.0,0.0,0.0,1.0,1.0,0.5,1.0,0.9,1.0,2.0,1.0,1.0,1.0,1.0,1.0,1.0,1.0,1.0,1.0,1.0,0.0,1.0,1.0,10.0,1.0,1.0,1.0,1.0,1.0,9.0,8.0,1.0,0.888889,0.962963
dataset-v2,v2,extraction-v2,hybrid-v1,weak_serp,100.0,,входные двери цена Самара,входные двери,commercial,Самара,51,https://samara.dverimagnat.ru/,samara.dverimagnat.ru,1,0,,,homepage,ok,,artifacts\query--260b4b29000bd018.json,b27b34ed164db11d3a147e1a0991dc64df01f27c,753920,100.0,15752.0,621807.0,2447.0,744.0,0.3040457703310176,5.2415,223.0,10.9731,9.0,1.0,8.0,2.0,11.0,1.0,71.0,1.0,239.0,0.0,0.0,0.0,68.0,2.0,1.0,0.5,0.25,4.0,0.75,5.0,0.027789,1.0,468.0,39.0,16.0,3.0,2.0,2.0,1.0,271.8889,191.254597,15.937883,6.538619,1.225991,0.025333,0.826908,1.0,1.0,5.228632,1.222222,0.826908,0.413454,0.620181,0.375,0.826908,0.7625,0.709091,0.351724,0.926304,0.251418,0.826908,200.0,1.0,0.0,0.0,1.0,1.0,0.0,0.0,0.0,0.0,1.0,1.0,1.0,0.0,0.0,0.0,0.0,0.0,1.0,1.0,1.0,1.0,1.0,1.0,3.0,1.0,1.0,1.0,1.0,1.0,1.0,1.0,1.0,1.0,1.0,1.0,0.0,1.0,1.0,1.0,1.0,1.0,1.0,1.0,8.0,9.0,0.888889,1.0,0.962963
dataset-v2,v2,extraction-v2,hybrid-v1,weak_serp,94.7368,,входные двери цена Самара,входные двери,commercial,Самара,51,https://samara.lemanapro.ru/catalogue/vhodnye-dveri/,samara.lemanapro.ru,2,0,,,product,ok,,artifacts\query--94b03127d05a3d29.json,2c0d8b1240a40ffaa58f20018800c77c020aba04,10079,94.7368,77.0,8264.0,13.0,13.0,1.0,5.0,1.0,13.0,1.0,1.0,0.0,0.0,1.0,1.0,12.0,0.0,0.0,0.0,0.0,0.0,0.0,0.0,0.0,0.0,0.0,0.0,0.0,0.0,0.0,0.0,1.0,0.0,0.0,0.0,0.0,0.0,0.0,13.0,76.923077,0.0,0.0,0.0,0.009318,0.031394,0.0,0.0,13.0,1.0,0.0,0.0,0.0,0.0,0.000272,0.0,0.218182,0.0,0.0,0.000227,0.0,403.0,0.0,0.0,0.0,0.0,0.0,0.0,0.0,0.0,0.0,0.0,1.0,1.0,0.0,0.0,2.0,0.0,0.0,1.0,0.8,1.0,0.75,0.71,1.0,1.0,0.0,0.0,0.0,0.0,0.0,0.0,0.0,0.0,0.0,0.0,0.0,0.0,0.0,0.0,0.0,0.0,0.0,0.0,0.2,1.0,0.0,0.111111,0.0,0.103704
dataset-v2,v2,extraction-v2,hybrid-v1,weak_serp,89.4737,,входные двери цена Самара,входные двери,commercial,Самара,51,https://samara.metaldveri.ru/,samara.metaldveri.ru,3,0,,,homepage,ok,,artifacts\query--9b6f451436e98d1e.json,9b493a3e9f2bf7706f524fb12143377876e3e259,363147,89.4737,22648.0,198740.0,3470.0,941.0,0.2711815561959654,5.3254,247.0,14.0486,68.0,1.0,5.0,1.0,7.0,1.0,73.0,1.0,236.0,0.0,0.0,0.0,123.0,2.0,2.0,0.5,0.5,4.0,0.5,7.0,0.035447,1.0,567.0,130.0,223.0,36.0,3.0,35.0,11.666667,51.0294,163.400576,37.463977,64.26513,10.37464,0.113958,0.69278,1.0,1.0,6.119929,0.102941,0.69278,0.34639,0.34639,0.25,0.69278,0.7,0.672727,0.372414,0.818444,0.187869,0.69278,200.0,1.0,0.0,0.0,1.0,1.0,1.0,0.0,0.0,0.0,1.0,1.0,0.0,0.0,0.0,0.0,0.0,0.0,1.0,1.0,0.5,1.0,0.9,1.0,2.0,1.0,1.0,1.0,1.0,1.0,1.0,1.0,1.0,1.0,1.0,0.0,1.0,1.0,10.0,1.0,1.0,1.0,1.0,1.0,9.0,8.0,1.0,0.888889,0.962963
dataset-v2,v2,extraction-v2,hybrid-v1,weak_serp,84.2105,,входные двери цена Самара,входные двери,commercial,Самара,51,https://guardian-smr.ru/,guardian-smr.ru,4,0,,,homepage,ok,,artifacts\query--839273ffaa417a28.json,0149be44517c3e182247a17662ad3b6d60dc3685,870327,84.2105,17918.0,785393.0,2724.0,868.0,0.3186490455212922,5.46,79.0,34.481,1.0,1.0,4.0,3.0,8.0,1.0,54.0,1.0,106.0,0.0,0.0,0.0,44.0,2.0,2.0,0.5,0.5,4.0,0.5,9.0,0.016153,0.75,164.0,104.0,73.0,10.0,1.0,3.0,3.0,2724.0,60.20558,38.179148,26.798825,3.671072,0.022814,0.717133,1.0,1.0,16.609756,8.0,0.53785,0.358567,0.358567,0.25,0.717133,0.6625,0.981818,0.731034,0.403818,0.228514,0.717133,200.0,1.0,0.0,0.0,1.0,1.0,0.0,0.0,0.0,0.0,1.0,1.0,1.0,0.0,0.0,0.0,0.0,0.0,1.0,1.0,1.0,1.0,1.0,1.0,4.0,0.0,1.0,1.0,1.0,1.0,1.0,1.0,1.0,1.0,0.0,0.0,0.0,1.0,1.0,1.0,1.0,1.0,1.0,0.8,8.0,6.0,0.888889,0.666667,0.785185
dataset-v2,v2,extraction-v2,hybrid-v1,weak_serp,78.9474,,входные двери цена Самара,входные двери,commercial,Самара,51,https://samara.dverizaslon.ru/,samara.dverizaslon.ru,5,0,,,homepage,ok,,artifacts\query--4792363a7b3afbdd.json,910049f70afbb4914b35cc938ab97979027fb7dc,373659,78.9474,18551.0,244636.0,2952.0,950.0,0.3218157181571816,5.0688,293.0,10.0751,20.0,1.0,12.0,3.0,16.0,1.0,96.0,1.0,272.0,0.0,0.0,0.0,92.0,2.0,3.0,0.5,0.5,12.0,0.5,3.0,0.031165,1.0,428.0,65.0,120.0,2.0,3.0,118.0,39.333333,147.6,144.98645,22.01897,40.650407,0.677507,0.075831,0.688088,0.75,1.0,6.897196,0.8,0.688088,0.344044,0.344044,0.25,0.688088,0.6375,0.254545,0.124138,0.961156,0.221438,0.688088,200.0,1.0,0.0,0.0,1.0,1.0,1.0,0.0,0.0,0.0,1.0,1.0,0.0,0.0,0.0,0.0,0.0,0.0,1.0,1.0,0.5,1.0,0.9,1.0,12.0,1.0,1.0,1.0,1.0,1.0,1.0,1.0,1.0,1.0,1.0,0.0,0.0,1.0,27.0,0.0,1.0,1.0,1.0,0.8,8.0,8.0,0.888889,0.888889,0.859259
dataset-v2,v2,extraction-v2,hybrid-v1,weak_serp,73.6842,,входные двери цена Самара,входные двери,commercial,Самара,51,https://sfdoors.ru/,sfdoors.ru,6,0,,,homepage,ok,,artifacts\query--7aaf317ff557eeae.json,beed5df6298a84c8fcb584b613d9abe2a7cca6da,1459121,73.6842,13743.0,1366145.0,2198.0,770.0,0.3503184713375796,5.0919,91.0,24.1538,23.0,1.0,16.0,1.0,18.0,1.0,98.0,1.0,219.0,0.0,0.0,0.0,61.0,1.0,2.0,0.25,0.25,7.0,0.5,8.0,0.027753,1.0,319.0,165.0,94.0,0.0,5.0,23.0,4.6,95.5652,145.131938,75.068244,42.766151,0.0,0.01006,0.678801,1.0,1.0,6.890282,0.782609,0.678801,0.1697,0.3394,0.125,0.678801,0.6125,0.218182,0.489655,0.925083,0.237797,0.678801,200.0,1.0,0.0,0.0,0.0,0.0,0.0,0.0,0.0,0.0,1.0,1.0,1.0,0.0,0.0,0.0,0.0,0.0,1.0,1.0,1.0,0.75,0.95,1.0,12.0,1.0,1.0,1.0,1.0,1.0,1.0,1.0,1.0,1.0,1.0,0.0,1.0,1.0,33.0,1.0,1.0,1.0,1.0,1.0,9.0,8.0,1.0,0.888889,0.962963
dataset-v2,v2,extraction-v2,hybrid-v1,weak_serp,68.4211,,входные двери цена Самара,входные двери,commercial,Самара,51,https://ds-doors.ru/catalog/vhodnye-dveri/,ds-doors.ru,7,0,,,product,ok,,artifacts\query--fb8a62a5b32d6062.json,6898ad85d95453a6efc82de8fc56c041311da430,275145,68.4211,8404.0,220242.0,1253.0,576.0,0.4596967278531524,5.4996,42.0,29.8333,3.0,1.0,1.0,1.0,3.0,1.0,73.0,1.0,82.0,0.0,0.0,0.0,44.0,2.0,0.0,0.5,0.0,2.0,0.5,12.0,0.035116,1.0,105.0,23.0,66.0,9.0,6.0,76.0,12.666667,417.6667,83.798883,18.355946,52.673583,7.182761,0.038158,0.652359,1.0,1.0,11.933333,1.0,0.652359,0.32618,0.32618,0.25,0.544937,0.7,0.672727,0.565517,0.829476,0.208755,0.652359,200.0,1.0,0.0,0.0,1.0,1.0,1.0,0.0,0.0,0.0,1.0,1.0,1.0,0.0,0.0,2.0,0.0,0.0,1.0,0.8,1.0,1.0,0.96,1.0,2.0,0.0,1.0,0.0,1.0,1.0,1.0,1.0,1.0,1.0,0.0,0.0,0.0,1.0,4.0,0.0,1.0,1.0,1.0,0.4,7.0,5.0,0.777778,0.555556,0.577778
dataset-v2,v2,extraction-v2,hybrid-v1,weak_serp,63.1579,,входные двери цена Самара,входные двери,commercial,Самара,51,https://samara.mall-of-doors.ru/,samara.mall-of-doors.ru,8,0,,,homepage,ok,,artifacts\query--a15aabe75bde1418.json,e537118a105bb358779bca900ae117a46c1048f7,952437,63.1579,23070.0,779416.0,3621.0,930.0,0.25683512841756423,5.1729,204.0,17.75,5.0,1.0,5.0,5.0,11.0,1.0,121.0,1.0,181.0,0.0,0.0,0.0,143.0,2.0,4.0,0.5,0.75,10.0,0.5,7.0,0.039492,1.0,614.0,65.0,91.0,8.0,6.0,38.0,6.333333,724.2,169.566418,17.950842,25.131179,2.209334,0.029599,0.702621,1.0,1.0,5.897394,2.2,0.702621,0.351311,0.351311,0.25,0.702621,0.7,0.0,0.751724,0.683605,0.180458,0.702621,200.0,1.0,0.0,0.0,1.0,1.0,0.0,0.0,0.0,0.0,1.0,1.0,1.0,0.0,0.0,0.0,0.0,0.0,1.0,1.0,1.0,1.0,1.0,1.0,5.0,1.0,1.0,1.0,1.0,1.0,1.0,1.0,1.0,1.0,1.0,0.0,1.0,1.0,1.0,1.0,1.0,1.0,1.0,1.0,9.0,8.0,1.0,0.888889,0.962963
dataset-v2,v2,extraction-v2,hybrid-v1,weak_serp,57.8947,,входные двери цена Самара,входные двери,commercial,Самара,51,https://samara.estetdveri.ru/catalog/vkhodnye-dveri/,samara.estetdveri.ru,9,0,,,product,ok,,artifacts\query--421aa2e7b287faa2.json,912a992ee377ecedec732ea234ec3d7ff44538bf,620172,57.8947,14604.0,530755.0,2066.0,988.0,0.4782187802516941,5.9076,159.0,12.9937,32.0,1.0,1.0,2.0,4.0,1.0,118.0,1.0,204.0,0.0,0.0,0.0,64.0,2.0,3.0,0.5,0.75,6.0,0.5,11.0,0.030978,1.0,100.0,72.0,56.0,7.0,0.0,20.0,0.0,64.5625,48.402711,34.849952,27.105518,3.38819,0.027516,0.712542,1.0,0.75,20.66,0.125,0.712542,0.356271,0.356271,0.25,0.712542,0.7,0.0,0.593103,0.967409,0.340751,0.534407,200.0,1.0,0.0,0.0,1.0,1.0,0.0,0.0,0.0,0.0,1.0,1.0,1.0,0.0,0.0,2.0,0.0,0.0,1.0,0.8,1.0,1.0,0.96,1.0,4.0,1.0,1.0,1.0,0.0,1.0,1.0,1.0,1.0,1.0,1.0,1.0,0.0,1.0,4.0,1.0,1.0,1.0,1.0,1.0,7.0,9.0,0.777778,1.0,0.925926
dataset-v2,v2,extraction-v2,hybrid-v1,weak_serp,52.6316,,входные двери цена Самара,входные двери,commercial,Самара,51,https://vimdveri.ru/catalog/vhodnye-dveri/,vimdveri.ru,10,0,,,product,ok,,artifacts\query--adb40b06f1b0cc41.json,ad85fc4b4319f9c2a41e9459f18dc1edd0fa7f8f,315612,52.6316,11863.0,244069.0,1828.0,609.0,0.33315098468271337,5.2172,46.0,39.7391,87.0,1.0,3.0,4.0,8.0,1.0,46.0,1.0,206.0,0.0,0.0,0.0,41.0,2.0,0.0,0.5,0.0,2.0,0.5,23.0,0.022429,0.75,183.0,108.0,85.0,0.0,5.0,108.0,21.6,21.0115,100.109409,59.080963,46.498906,0.0,0.048605,0.726955,1.0,1.0,9.989071,0.091954,0.545216,0.363478,0.363478,0.25,0.726955,0.6625,0.836364,0.57931,0.560722,0.242186,0.726955,200.0,1.0,0.0,0.0,0.0,0.0,0.0,0.0,0.0,0.0,1.0,1.0,1.0,0.0,0.0,2.0,0.0,0.0,1.0,0.8,1.0,0.75,0.91,1.0,1.0,1.0,1.0,1.0,1.0,1.0,0.0,0.0,1.0,1.0,0.0,0.0,1.0,1.0,10.0,1.0,1.0,1.0,1.0,1.0,7.0,7.0,0.777778,0.777778,0.851852
dataset-v2,v2,extraction-v2,hybrid-v1,weak_serp,100.0,,входные двери цена Нижний Новгород,входные двери,commercial,Нижний Новгород,47,https://dveridaromnn.ru/,dveridaromnn.ru,1,0,,,homepage,ok,,artifacts\query--ff8394a48cd2003c.json,3a31c24900d75b74780822d519578cee433245d8,1531070,100.0,12433.0,1422876.0,1951.0,669.0,0.34290107637109174,5.2363,96.0,20.3229,1.0,7.0,0.0,0.0,7.0,1.0,79.0,1.0,254.0,0.0,0.0,0.0,68.0,3.0,2.0,0.4,0.4,6.0,0.2,11.0,0.034854,1.0,164.0,46.0,218.0,3.0,21.0,186.0,8.857143,1951.0,84.059457,23.577652,111.73757,1.537673,0.008738,0.50933,1.0,1.0,11.896341,7.0,0.50933,0.203732,0.101866,0.08,0.50933,0.59,0.563636,0.248276,0.838203,0.17465,0.50933,200.0,1.0,0.0,0.0,1.0,1.0,0.0,0.0,0.0,0.0,1.0,1.0,0.0,0.0,0.0,0.0,0.0,0.0,1.0,1.0,0.5,1.0,0.9,1.0,10.0,1.0,1.0,1.0,1.0,1.0,0.0,1.0,1.0,1.0,1.0,0.0,0.0,1.0,13.0,1.0,1.0,1.0,1.0,1.0,7.0,8.0,0.777778,0.888889,0.888889
dataset-v2,v2,extraction-v2,hybrid-v1,weak_serp,94.7368,,входные двери цена Нижний Новгород,входные двери,commercial,Нижний Новгород,47,https://nigny-novgorod.dverimagnat.ru/,nigny-novgorod.dverimagnat.ru,2,0,,,homepage,ok,,artifacts\query--3f803bb1285d95e8.json,c0645e5b5f47b16e830d8a557b8480d9753284c4,756899,94.7368,15954.0,622366.0,2467.0,757.0,0.30685042561815973,5.2712,216.0,11.4213,9.0,1.0,8.0,2.0,11.0,1.0,81.0,1.0,254.0,0.0,0.0,0.0,72.0,2.0,1.0,0.4,0.2,4.0,0.6,6.0,0.029185,1.0,480.0,39.0,28.0,3.0,2.0,2.0,1.0,274.1111,194.568302,15.808675,11.349818,1.216052,0.025634,0.651636,1.0,1.0,5.139583,1.222222,0.651636,0.260654,0.390982,0.24,0.651636,0.69,0.527273,0.248276,0.972842,0.199955,0.651636,200.0,1.0,0.0,0.0,1.0,1.0,0.0,0.0,0.0,0.0,1.0,1.0,1.0,0.0,0.0,0.0,0.0,0.0,1.0,1.0,1.0,1.0,1.0,1.0,3.0,1.0,1.0,1.0,1.0,1.0,1.0,1.0,1.0,1.0,1.0,1.0,0.0,1.0,1.0,1.0,1.0,1.0,1.0,1.0,8.0,9.0,0.888889,1.0,0.962963
dataset-v2,v2,extraction-v2,hybrid-v1,weak_serp,89.4737,,входные двери цена Нижний Новгород,входные двери,commercial,Нижний Новгород,47,https://tsdveri.ru/catalog/vhodnye-dveri/,tsdveri.ru,3,0,,,product,ok,,artifacts\query--8574b839206cb58c.json,42b51427a63254fa47f5ae42d56d6d748a2b1307,424050,89.4737,6236.0,375282.0,895.0,436.0,0.4871508379888268,5.7374,61.0,14.6721,7.0,0.0,0.0,0.0,0.0,1.0,70.0,1.0,255.0,0.0,0.0,0.0,38.0,2.0,2.0,0.4,0.4,0.0,0.0,10.0,0.042458,0.4,122.0,17.0,73.0,19.0,4.0,49.0,12.25,127.8571,136.312849,18.994413,81.564246,21.22905,0.016617,0.483851,1.0,1.0,7.336066,0.0,0.19354,0.19354,0.0,0.0,0.288698,0.45,0.727273,0.241379,0.233892,0.117199,0.483851,200.0,1.0,0.0,0.0,1.0,1.0,0.0,0.0,0.0,0.0,1.0,1.0,0.0,0.0,0.0,2.0,0.0,0.0,1.0,0.8,0.5,1.0,0.86,1.0,16.0,1.0,1.0,1.0,1.0,1.0,1.0,1.0,0.0,1.0,1.0,0.0,0.0,1.0,20.0,1.0,1.0,1.0,1.0,1.0,8.0,7.0,0.888889,0.777778,0.888889
dataset-v2,v2,extraction-v2,hybrid-v1,weak_serp,84.2105,,входные двери цена Нижний Новгород,входные двери,commercial,Нижний Новгород,47,https://sevendoors.ru/,sevendoors.ru,4,0,,,homepage,ok,,artifacts\query--03fb023bf260de7a.json,213ef09368f80bc50ce76780c76df15e6f9bad51,598542,84.2105,14969.0,439730.0,2297.0,589.0,0.2564214192424902,5.4732,22.0,104.4091,79.0,1.0,0.0,3.0,4.0,1.0,70.0,1.0,134.0,0.0,0.0,0.0,135.0,2.0,1.0,0.4,0.2,1.0,0.2,29.0,0.058772,0.8,798.0,204.0,493.0,121.0,53.0,183.0,3.45283,29.0759,347.409665,88.811493,214.627775,52.677405,0.034041,0.556011,1.0,1.0,2.878446,0.050633,0.444809,0.222404,0.111202,0.08,0.556011,0.56,0.727273,0.924138,0.032738,0.142573,0.556011,200.0,1.0,0.0,0.0,1.0,1.0,0.0,0.0,0.0,0.0,1.0,1.0,1.0,0.0,0.0,0.0,0.0,0.0,1.0,1.0,1.0,1.0,1.0,1.0,2.0,1.0,1.0,1.0,1.0,1.0,1.0,1.0,1.0,1.0,1.0,0.0,0.0,1.0,11.0,1.0,1.0,1.0,1.0,1.0,8.0,8.0,0.888889,0.888889,0.925926
dataset-v2,v2,extraction-v2,hybrid-v1,weak_serp,78.9474,,входные двери цена Нижний Новгород,входные двери,commercial,Нижний Новгород,47,https://n-gr.ru/,n-gr.ru,5,0,,,homepage,ok,,artifacts\query--028d459f15855cbf.json,e4735c2ca457b4ce20d8994327e67d6a2bad8408,702587,78.9474,17389.0,483366.0,2546.0,512.0,0.20109976433621368,5.6379,32.0,79.5625,4.0,0.0,2.0,0.0,2.0,1.0,57.0,1.0,109.0,0.0,0.0,0.0,59.0,1.0,0.0,0.2,0.0,0.0,0.0,11.0,0.023174,0.8,1127.0,27.0,57.0,0.0,2.0,16.0,8.0,636.5,442.655145,10.60487,22.38806,0.0,0.035975,0.331314,1.0,1.0,2.259095,0.5,0.265051,0.066263,0.0,0.0,0.331314,0.44,0.963636,0.751724,0.617963,0.066627,0.331314,200.0,1.0,0.0,0.0,0.0,0.0,0.0,0.0,0.0,0.0,1.0,1.0,1.0,0.0,0.0,0.0,0.0,0.0,1.0,1.0,1.0,0.75,0.95,1.0,5.0,1.0,1.0,1.0,1.0,1.0,1.0,1.0,1.0,1.0,1.0,1.0,0.0,1.0,1.0,1.0,1.0,1.0,1.0,1.0,8.0,9.0,0.888889,1.0,0.962963
dataset-v2,v2,extraction-v2,hybrid-v1,weak_serp,73.6842,,входные двери цена Нижний Новгород,входные двери,commercial,Нижний Новгород,47,https://nn.fabrichnie-dveri.ru/,nn.fabrichnie-dveri.ru,6,0,,,homepage,ok,,artifacts\query--61e4ab640c74f714.json,3891e6a2bafaa9e1c970be294fe1b49f36b5422a,213119,73.6842,11910.0,136400.0,1740.0,700.0,0.40229885057471265,5.6805,80.0,21.75,165.0,1.0,9.0,9.0,19.0,1.0,56.0,1.0,174.0,0.0,0.0,0.0,107.0,1.0,3.0,0.2,0.4,11.0,0.4,38.0,0.061494,1.0,178.0,112.0,164.0,0.0,8.0,47.0,5.875,10.5455,102.298851,64.367816,94.252874,0.0,0.087317,0.412853,1.0,1.0,9.775281,0.115152,0.412853,0.082571,0.165141,0.08,0.412853,0.57,0.981818,0.8,0.0,0.160554,0.412853,200.0,1.0,0.0,0.0,1.0,1.0,1.0,0.0,0.0,0.0,1.0,1.0,1.0,0.0,0.0,0.0,0.0,0.0,1.0,1.0,1.0,1.0,1.0,1.0,2.0,1.0,1.0,1.0,1.0,1.0,1.0,1.0,1.0,1.0,1.0,0.0,1.0,1.0,10.0,1.0,1.0,1.0,1.0,1.0,9.0,8.0,1.0,0.888889,0.962963
dataset-v2,v2,extraction-v2,hybrid-v1,weak_serp,63.1579,,входные двери цена Нижний Новгород,входные двери,commercial,Нижний Новгород,47,https://nizhniy-novgorod.mosdveri.ru/,nizhniy-novgorod.mosdveri.ru,8,0,,,homepage,ok,,artifacts\query--142bef0568b14171.json,29cd8e8059e21197831728ce69728b252c2298f8,754895,63.1579,37407.0,537495.0,5153.0,1929.0,0.374345041723268,6.053,611.0,8.4337,102.0,1.0,12.0,19.0,32.0,1.0,107.0,1.0,205.0,0.0,0.0,0.0,77.0,2.0,4.0,0.4,0.6,9.0,0.4,8.0,0.014943,1.0,764.0,129.0,165.0,16.0,11.0,61.0,5.545455,50.5196,148.263148,25.033961,32.020182,3.104987,0.069595,0.578417,1.0,1.0,6.744764,0.313725,0.578417,0.231367,0.231367,0.16,0.578417,0.64,0.054545,0.586207,0.498092,0.216528,0.578417,200.0,1.0,0.0,0.0,1.0,1.0,1.0,0.0,0.0,0.0,1.0,1.0,1.0,0.0,0.0,0.0,0.0,0.0,1.0,1.0,1.0,1.0,1.0,1.0,26.0,1.0,1.0,1.0,1.0,1.0,1.0,1.0,1.0,1.0,1.0,1.0,1.0,1.0,32.0,0.0,1.0,1.0,1.0,0.8,9.0,9.0,1.0,1.0,0.933333
dataset-v2,v2,extraction-v2,hybrid-v1,weak_serp,57.8947,,входные двери цена Нижний Новгород,входные двери,commercial,Нижний Новгород,47,https://nizhniy-novgorod.straj-dveri.ru/,nizhniy-novgorod.straj-dveri.ru,9,0,,,homepage,ok,,artifacts\query--e519baf6ba151cda.json,d9195ade8fdaf95682b4e3bc3f51391f2e3e5fbe,174521,57.8947,7396.0,110524.0,1060.0,500.0,0.4716981132075472,5.8509,65.0,16.3077,22.0,1.0,3.0,5.0,9.0,1.0,78.0,1.0,176.0,0.0,0.0,0.0,27.0,2.0,2.0,0.4,0.4,4.0,0.4,10.0,0.025472,1.0,219.0,28.0,135.0,2.0,21.0,61.0,2.904762,48.1818,206.603774,26.415094,127.358491,1.886792,0.066918,0.489643,1.0,1.0,4.840183,0.409091,0.489643,0.195857,0.195857,0.16,0.346014,0.64,0.581818,0.786207,0.849057,0.136012,0.489643,200.0,1.0,0.0,0.0,1.0,1.0,0.0,0.0,0.0,0.0,1.0,1.0,1.0,0.0,0.0,0.0,0.0,0.0,1.0,1.0,1.0,1.0,1.0,1.0,1.0,1.0,1.0,1.0,1.0,1.0,0.0,1.0,1.0,0.0,1.0,0.0,0.0,1.0,1.0,0.0,1.0,1.0,1.0,0.8,7.0,7.0,0.777778,0.777778,0.785185
dataset-v2,v2,extraction-v2,hybrid-v1,weak_serp,52.6316,,входные двери цена Нижний Новгород,входные двери,commercial,Нижний Новгород,47,https://2gis.ru/n_novgorod/search/Входные двери/rubricId/9972,2gis.ru,10,0,,,content,ok,,artifacts\query--16427e53be83a97a.json,a3c5bcd93edb4bbb2a4712ecf123908cbbbbd9c4,3099,52.6316,187.0,1429.0,38.0,36.0,0.9473684210526315,3.7105,5.0,7.6,6.0,1.0,0.0,0.0,1.0,0.0,0.0,0.0,0.0,0.0,0.0,0.0,0.0,0.0,0.0,0.0,0.0,0.0,0.0,0.0,0.0,0.0,1.0,0.0,0.0,0.0,0.0,0.0,0.0,6.3333,26.315789,0.0,0.0,0.0,0.130861,-0.003436,0.0,0.0,38.0,0.166667,-0.0,-0.0,-0.0,0.0,-8.7e-05,0.0,0.0,0.0,0.0,-6.9e-05,-0.0,403.0,0.0,0.0,0.0,0.0,0.0,0.0,0.0,0.0,0.0,0.0,0.0,0.0,0.0,0.0,5.0,0.0,0.0,1.0,0.5,0.0,0.75,0.45,1.0,1.0,1.0,0.0,0.0,0.0,0.0,0.0,0.0,0.0,0.0,0.0,0.0,0.0,0.0,0.0,0.0,0.0,0.0,0.0,0.4,1.0,1.0,0.111111,0.111111,0.207407
dataset-v2,v2,extraction-v2,hybrid-v1,weak_serp,100.0,,как выбрать входные двери,входные двери,informational,,,https://www.cian.ru/stati-kak-vybrat-vhodnuju-dver-v-kvartiru-i-dom-340912/,cian.ru,1,0,,,content,ok,,artifacts\query--f44bdaa0bdc7eb4b.json,8a54446240787baaf1a057f019156304d1a4b3f5,840312,100.0,17735.0,695982.0,2468.0,1247.0,0.5052674230145867,5.9566,174.0,14.1839,74.0,1.0,5.0,14.0,20.0,1.0,63.0,1.0,165.0,0.0,0.0,0.0,47.0,2.0,2.0,0.5,0.5,3.0,0.75,12.0,0.019044,1.0,117.0,35.0,66.0,14.0,1.0,4.0,4.0,33.3514,47.406807,14.181524,26.742301,5.672609,0.025482,0.642811,1.0,1.0,21.094017,0.27027,0.642811,0.321406,0.482108,0.375,0.642811,0.7625,0.854545,0.862069,0.634792,0.324791,0.642811,200.0,1.0,0.0,0.0,1.0,1.0,1.0,0.0,0.0,0.0,1.0,1.0,1.0,0.0,0.0,1.0,0.0,0.0,1.0,0.9,1.0,1.0,0.98,0.0,0.0,1.0,1.0,1.0,1.0,1.0,0.0,0.0,0.0,1.0,0.0,0.0,1.0,1.0,1.0,1.0,1.0,1.0,1.0,0.8,6.0,6.0,0.666667,0.666667,0.711111
dataset-v2,v2,extraction-v2,hybrid-v1,weak_serp,100.0,,входные двери отзывы,входные двери,informational,,,https://irecommend.ru/catalog/list/9986-149512,irecommend.ru,1,0,,,product,ok,,artifacts\query--fa9e75af22b6c024.json,34a81ea60726356a1b13afcaadd5f974ac54ee0d,1184756,100.0,93437.0,754369.0,11086.0,1287.0,0.11609236875338265,7.1579,530.0,20.917,555.0,5.0,305.0,0.0,310.0,1.0,22.0,1.0,50.0,0.0,0.0,0.0,70.0,3.0,0.0,1.0,0.0,2.0,0.666667,23.0,0.006314,1.0,929.0,21.0,42.0,3.0,2.0,355.0,177.5,19.9748,83.799387,1.894281,3.788562,0.270612,0.123861,0.649924,1.0,1.0,11.933262,0.558559,0.649924,0.649924,0.433283,0.666667,0.649924,0.916667,0.4,0.344828,0.210476,0.075451,0.649924,200.0,1.0,0.0,0.0,1.0,1.0,1.0,0.0,0.0,0.0,1.0,1.0,1.0,0.0,0.0,3.0,0.0,0.0,1.0,0.7,1.0,1.0,0.94,1.0,12.0,1.0,1.0,1.0,0.0,1.0,1.0,1.0,0.0,1.0,1.0,1.0,1.0,1.0,1.0,0.0,1.0,1.0,1.0,0.8,8.0,8.0,0.888889,0.888889,0.859259
dataset-v2,v2,extraction-v2,hybrid-v1,weak_serp,94.7368,,входные двери отзывы,входные двери,informational,,,https://gdematerial.ru/dlya-doma/top-10-luchshih-vhodnyh-dverej-rejting-2025-goda/,gdematerial.ru,2,0,,,content,ok,,artifacts\query--60e09009dd568bb1.json,b1a447d2b90b76f81892b9bd4b99abe59098be44,169452,94.7368,17871.0,91717.0,2439.0,870.0,0.35670356703567035,6.1952,109.0,22.3761,46.0,1.0,13.0,15.0,29.0,1.0,52.0,1.0,180.0,0.0,0.0,0.0,74.0,3.0,3.0,1.0,1.0,4.0,0.333333,4.0,0.03034,1.0,102.0,13.0,119.0,10.0,2.0,2.0,1.0,53.0217,41.820418,5.330053,48.790488,4.100041,0.194849,0.391584,1.0,1.0,23.911765,0.630435,0.391584,0.391584,0.130528,0.333333,0.391584,0.833333,0.945455,0.758621,0.988657,0.139679,0.391584,200.0,1.0,0.0,0.0,1.0,1.0,1.0,0.0,0.0,0.0,1.0,1.0,1.0,0.0,0.0,2.0,0.0,0.0,1.0,0.8,1.0,1.0,0.96,0.0,0.0,0.0,1.0,1.0,1.0,1.0,1.0,1.0,1.0,1.0,1.0,1.0,1.0,1.0,1.0,1.0,1.0,1.0,1.0,0.6,8.0,8.0,0.888889,0.888889,0.792593
dataset-v2,v2,extraction-v2,hybrid-v1,weak_serp,89.4737,,входные двери отзывы,входные двери,informational,,,https://markakachestva.ru/best-brands/1217-luchshie-proizvoditeli-vhodnyh-dverey.html,markakachestva.ru,3,0,,,content,ok,,artifacts\query--3b85c27391e95f83.json,8a35a5a0834e886d51cbf4cf5c66f463c524b615,522292,89.4737,26395.0,414642.0,3508.0,1632.0,0.4652223489167617,6.3193,285.0,12.3088,78.0,1.0,15.0,1.0,17.0,1.0,54.0,1.0,186.0,0.0,0.0,0.0,62.0,0.0,2.0,0.0,0.666667,0.0,0.0,2.0,0.017674,1.0,171.0,151.0,129.0,33.0,4.0,24.0,6.0,44.9744,48.745724,43.04447,36.77309,9.40707,0.063657,0.613904,0.666667,1.0,20.51462,0.217949,0.613904,0.0,0.0,0.0,0.613904,0.316667,0.981818,0.717241,0.58913,0.285602,0.613904,200.0,1.0,0.0,0.0,1.0,1.0,0.0,0.0,0.0,0.0,1.0,1.0,1.0,0.0,0.0,2.0,0.0,0.0,1.0,0.8,1.0,1.0,0.96,1.0,11.0,0.0,1.0,1.0,1.0,1.0,0.0,0.0,1.0,1.0,1.0,1.0,0.0,1.0,1.0,1.0,1.0,1.0,1.0,0.8,6.0,8.0,0.666667,0.888889,0.785185
dataset-v2,v2,extraction-v2,hybrid-v1,weak_serp,84.2105,,входные двери отзывы,входные двери,informational,,,https://www.kp.ru/expert/dom/luchshie-vhodnye-dveri-v-kvartiru/,kp.ru,4,0,,,content,ok,,artifacts\query--694857c7cea09b7e.json,1dc3e11d1d7588f3804a61741ab47107af5ece09,417148,84.2105,42694.0,266542.0,5760.0,1730.0,0.3003472222222222,6.2227,349.0,16.5043,76.0,1.0,10.0,34.0,45.0,1.0,192.0,1.0,315.0,0.0,0.0,0.0,68.0,2.0,0.0,0.666667,0.0,4.0,0.666667,8.0,0.011806,0.666667,79.0,95.0,71.0,11.0,1.0,1.0,1.0,75.7895,13.715278,16.493056,12.326389,1.909722,0.160177,0.530397,1.0,1.0,72.911392,0.592105,0.353598,0.353598,0.353598,0.444444,0.530397,0.75,0.0,0.0,0.262346,0.159303,0.530397,200.0,1.0,0.0,0.0,1.0,1.0,1.0,0.0,0.0,0.0,1.0,1.0,1.0,0.0,0.0,3.0,0.0,0.0,1.0,0.7,1.0,1.0,0.94,1.0,5.0,1.0,1.0,1.0,1.0,1.0,1.0,1.0,1.0,1.0,0.0,1.0,1.0,1.0,1.0,0.0,1.0,1.0,1.0,0.8,9.0,8.0,1.0,0.888889,0.896296
dataset-v2,v2,extraction-v2,hybrid-v1,weak_serp,78.9474,,входные двери отзывы,входные двери,informational,,,https://otzovik.com/home/doors_and_windows/house_front_doors/,otzovik.com,5,0,,,content,ok,,artifacts\query--9d773b13b2eb9ef2.json,65608dcc62cffc0a05e27bf5ca64aa1c161643a3,157449,78.9474,2614.0,120784.0,443.0,153.0,0.345372460496614,4.7765,31.0,14.2903,1.0,1.0,0.0,30.0,31.0,1.0,32.0,0.0,0.0,0.0,0.0,0.0,24.0,3.0,0.0,1.0,0.0,17.0,1.0,16.0,0.054176,1.0,160.0,32.0,0.0,2.0,2.0,4.0,2.0,443.0,361.173815,72.234763,0.0,4.514673,0.021642,0.725175,1.0,0.75,2.76875,31.0,0.725175,0.725175,0.725175,1.0,0.214168,1.0,0.581818,0.0,0.194131,0.06164,0.543881,200.0,1.0,0.0,0.0,1.0,1.0,0.0,0.0,0.0,0.0,1.0,1.0,1.0,0.0,0.0,3.0,0.0,0.0,1.0,0.7,1.0,1.0,0.94,0.0,0.0,0.0,0.0,0.0,0.0,1.0,0.0,1.0,0.0,1.0,1.0,1.0,1.0,1.0,1.0,0.0,1.0,1.0,1.0,0.0,4.0,5.0,0.444444,0.555556,0.333333
dataset-v2,v2,extraction-v2,hybrid-v1,weak_serp,73.6842,,входные двери отзывы,входные двери,informational,,,https://www.vseinstrumenti.ru/category/vhodnye-metallicheskie-dveri-176310/otzyvy/,vseinstrumenti.ru,6,0,,,category,ok,,artifacts\query--dcee52b19a3e507b.json,4de491234b81200fb26cf6cf96d0cf24ec43d60c,22719,73.6842,549.0,16322.0,82.0,75.0,0.9146341463414634,5.5488,7.0,11.7143,1.0,0.0,0.0,0.0,0.0,0.0,0.0,0.0,0.0,0.0,0.0,0.0,0.0,0.0,0.0,0.0,0.0,0.0,0.0,0.0,0.0,0.0,0.0,1.0,0.0,0.0,0.0,0.0,0.0,82.0,0.0,12.195122,0.0,0.0,0.033636,0.182383,0.0,0.25,82.0,0.0,0.0,0.0,0.0,0.0,0.00997,0.0,0.0,0.0,0.0,0.007599,0.045596,403.0,0.0,0.0,0.0,0.0,0.0,1.0,0.0,1.0,1.0,0.0,1.0,1.0,0.0,0.0,1.0,9.0,1.0,1.0,0.5,1.0,0.35,0.57,1.0,1.0,0.0,0.0,0.0,0.0,1.0,0.0,0.0,0.0,1.0,0.0,0.0,0.0,0.0,0.0,0.0,0.0,0.0,0.0,0.2,1.0,1.0,0.111111,0.111111,0.140741
dataset-v2,v2,extraction-v2,hybrid-v1,weak_serp,68.4211,,входные двери отзывы,входные двери,informational,,,https://www.ozon.ru/category/vhodnye-dveri-9747/review/,ozon.ru,7,0,,,category,ok,,artifacts\query--b0ce424673efd299.json,ff538e4ec9639f393726f3f99f86c74c33c3e45e,6299,68.4211,486.0,2999.0,58.0,46.0,0.7931034482758621,7.2414,1.0,58.0,3.0,1.0,0.0,0.0,1.0,1.0,16.0,0.0,0.0,0.0,0.0,0.0,0.0,0.0,0.0,0.0,0.0,0.0,0.0,0.0,0.0,0.0,1.0,1.0,5.0,0.0,0.0,0.0,0.0,19.3333,17.241379,17.241379,86.206897,0.0,0.162054,0.113808,0.0,0.5,58.0,0.333333,0.0,0.0,0.0,0.0,0.004401,0.0,0.290909,0.0,0.0,0.002908,0.056904,403.0,0.0,0.0,0.0,0.0,0.0,1.0,0.0,1.0,1.0,0.0,1.0,1.0,0.0,0.0,3.0,1.0,1.0,1.0,0.6,1.0,0.35,0.59,1.0,1.0,0.0,0.0,1.0,0.0,1.0,0.0,0.0,0.0,1.0,0.0,0.0,0.0,0.0,0.0,0.0,0.0,1.0,1.0,0.4,2.0,4.0,0.222222,0.444444,0.355556
dataset-v2,v2,extraction-v2,hybrid-v1,weak_serp,63.1579,,входные двери отзывы,входные двери,informational,,,https://top-expert.pro/top-10-luchshih-proizvoditelej-vhodnyh-dverej-rejting-nadezhnosti-plyusy-i-minusy/,top-expert.pro,8,0,,,content,ok,,artifacts\query--2ca3ac02e35fe9a8.json,a204b56f25c42deb7c8dba42d146d7ff709da5d6,218723,63.1579,14744.0,145609.0,1897.0,942.0,0.4965735371639431,6.5656,153.0,12.3987,64.0,1.0,1.0,15.0,17.0,1.0,92.0,1.0,384.0,0.0,0.0,0.0,65.0,0.0,1.0,0.0,0.333333,0.0,0.0,4.0,0.034265,1.0,53.0,32.0,96.0,37.0,1.0,1.0,1.0,29.6406,27.938851,16.86874,50.60622,19.504481,0.101257,0.53809,1.0,1.0,35.792453,0.265625,0.53809,0.0,0.0,0.0,0.53809,0.4,0.327273,0.0,0.857846,0.267201,0.53809,200.0,1.0,0.0,0.0,1.0,1.0,1.0,0.0,0.0,0.0,1.0,1.0,1.0,0.0,0.0,1.0,0.0,0.0,1.0,0.9,1.0,1.0,0.98,0.0,0.0,0.0,1.0,1.0,0.0,1.0,0.0,0.0,1.0,1.0,1.0,0.0,0.0,1.0,1.0,1.0,1.0,1.0,1.0,0.6,4.0,7.0,0.444444,0.777778,0.607407
dataset-v2,v2,extraction-v2,hybrid-v1,weak_serp,57.8947,,входные двери отзывы,входные двери,informational,,,https://homius.ru/reyting-vhodnyih-dverey-v-kvartiru-i-otzyivyi.html,homius.ru,9,0,,,content,ok,,artifacts\query--d0da186142cf1ee4.json,1a3a455a460f1e5ebd8add629ebaf2e6a9c4d163,533131,57.8947,23750.0,407872.0,3218.0,1481.0,0.46022374145431943,6.1815,276.0,11.6594,65.0,1.0,10.0,24.0,35.0,1.0,62.0,1.0,179.0,0.0,0.0,0.0,63.0,1.0,2.0,0.333333,0.666667,9.0,1.0,8.0,0.019577,1.0,260.0,58.0,217.0,21.0,4.0,17.0,4.25,49.5077,80.795525,18.023617,67.433188,6.525792,0.058229,0.491129,1.0,1.0,12.376923,0.538462,0.491129,0.16371,0.491129,0.333333,0.491129,0.766667,0.872727,0.765517,0.652579,0.226029,0.491129,200.0,1.0,0.0,0.0,1.0,1.0,1.0,0.0,0.0,0.0,1.0,1.0,1.0,0.0,0.0,1.0,0.0,0.0,1.0,0.9,1.0,1.0,0.98,0.0,0.0,1.0,1.0,1.0,1.0,1.0,1.0,1.0,1.0,1.0,1.0,1.0,0.0,1.0,1.0,0.0,1.0,1.0,1.0,0.6,7.0,9.0,0.777778,1.0,0.792593
dataset-v2,v2,extraction-v2,hybrid-v1,weak_serp,52.6316,,входные двери отзывы,входные двери,informational,,,https://arghome.ru/blog/vhodnye-dveri-kakie-luchshe-vybrat-otzyvy-professionalov/,arghome.ru,10,0,,,article,ok,,artifacts\query--e2ce9ffbcc02fbd0.json,a527f758a0031884faafe6b8c581bca9b158feea,17012,52.6316,136.0,14203.0,26.0,11.0,0.4230769230769231,4.1923,1.0,26.0,1.0,0.0,1.0,0.0,1.0,0.0,0.0,0.0,0.0,0.0,0.0,0.0,0.0,0.0,0.0,0.0,0.0,0.0,0.0,0.0,0.0,0.0,1.0,0.0,0.0,0.0,0.0,0.0,0.0,26.0,38.461538,0.0,0.0,0.0,0.009575,0.115074,0.0,0.0,26.0,1.0,0.0,0.0,0.0,0.0,0.001995,0.0,0.0,0.0,0.0,0.000703,0.0,200.0,1.0,0.0,0.0,0.0,0.0,1.0,1.0,1.0,0.0,0.0,1.0,0.0,0.0,0.0,2.0,0.0,0.0,1.0,0.8,0.5,0.75,0.61,0.0,0.0,0.0,0.0,0.0,0.0,1.0,0.0,0.0,0.0,1.0,0.0,0.0,0.0,0.0,0.0,0.0,0.0,1.0,1.0,0.0,0.0,3.0,0.0,0.333333,0.111111
dataset-v2,v2,extraction-v2,hybrid-v1,weak_serp,100.0,,кухни на заказ Москва,кухни на заказ,commercial,Москва,213,https://vitakuhni.ru/,vitakuhni.ru,1,0,,,homepage,ok,,artifacts\query--c290eac428c0bddd.json,1305acd45f3fa813443b993cb8ee7808041da3b9,134193,100.0,9217.0,68763.0,1298.0,545.0,0.41987673343605547,5.839,50.0,25.96,9.0,1.0,2.0,4.0,7.0,1.0,68.0,1.0,151.0,0.0,0.0,0.0,54.0,4.0,3.0,0.75,0.75,3.0,0.5,19.0,0.041602,1.0,198.0,41.0,25.0,60.0,10.0,54.0,5.4,144.2222,152.542373,31.587057,19.260401,46.224961,0.13404,0.736174,1.0,1.0,6.555556,0.777778,0.736174,0.55213,0.368087,0.375,0.637036,0.7875,0.763636,0.958621,0.613251,0.222897,0.736174,200.0,1.0,0.0,0.0,1.0,1.0,1.0,0.0,0.0,0.0,1.0,1.0,1.0,0.0,0.0,0.0,0.0,0.0,1.0,1.0,1.0,1.0,1.0,1.0,8.0,1.0,1.0,1.0,1.0,1.0,1.0,1.0,1.0,1.0,0.0,0.0,1.0,1.0,33.0,1.0,1.0,1.0,1.0,1.0,9.0,7.0,1.0,0.777778,0.925926
dataset-v2,v2,extraction-v2,hybrid-v1,weak_serp,94.7368,,кухни на заказ Москва,кухни на заказ,commercial,Москва,213,https://www.mebelmsk.ru/mebel-na-zakaz/kukhni/,mebelmsk.ru,2,0,,,content,ok,,artifacts\query--74893cce33d21543.json,c0c3ed97e0e9c260d3825cd7a1fc2f6059062f7c,583097,94.7368,28534.0,373908.0,3975.0,1396.0,0.3511949685534591,6.001,247.0,16.0931,64.0,1.0,7.0,1.0,9.0,1.0,92.0,1.0,110.0,0.0,0.0,0.0,110.0,3.0,3.0,0.75,0.75,9.0,0.75,9.0,0.027673,0.75,424.0,155.0,253.0,1.0,4.0,44.0,11.0,62.1094,106.666667,38.993711,63.647799,0.251572,0.076313,0.608623,1.0,1.0,9.375,0.140625,0.456467,0.456467,0.456467,0.5625,0.608623,0.8125,0.327273,0.758621,0.691824,0.213745,0.608623,200.0,1.0,0.0,0.0,1.0,1.0,0.0,0.0,0.0,0.0,1.0,1.0,1.0,0.0,0.0,2.0,0.0,0.0,1.0,0.8,1.0,1.0,0.96,1.0,5.0,0.0,1.0,1.0,1.0,1.0,1.0,1.0,1.0,1.0,1.0,0.0,1.0,1.0,4.0,1.0,1.0,1.0,1.0,0.8,9.0,7.0,1.0,0.777778,0.859259
dataset-v2,v2,extraction-v2,hybrid-v1,weak_serp,89.4737,,кухни на заказ Москва,кухни на заказ,commercial,Москва,213,https://www.kuxni.net/,kuxni.net,3,0,,,homepage,ok,,artifacts\query--973017b59bdf3c3a.json,dde94631f82a7b63861d17c01608ad3c1e014f56,810297,89.4737,39605.0,627197.0,6291.0,1370.0,0.21777141948815767,4.9701,815.0,7.719,38.0,0.0,0.0,13.0,13.0,1.0,56.0,1.0,130.0,0.0,0.0,0.0,156.0,3.0,2.0,0.75,0.5,6.0,0.5,12.0,0.024797,1.0,455.0,157.0,267.0,9.0,4.0,54.0,13.5,165.5526,72.325544,24.956287,42.441583,1.430615,0.063146,0.734294,1.0,1.0,13.826374,0.342105,0.734294,0.55072,0.367147,0.375,0.734294,0.7875,0.981818,0.896552,0.826578,0.159908,0.734294,200.0,1.0,0.0,0.0,0.0,0.0,0.0,0.0,0.0,0.0,1.0,1.0,1.0,0.0,0.0,0.0,0.0,0.0,1.0,1.0,1.0,0.75,0.95,1.0,9.0,0.0,1.0,1.0,1.0,1.0,1.0,1.0,0.0,1.0,1.0,0.0,0.0,1.0,2.0,1.0,1.0,0.0,0.0,0.8,8.0,4.0,0.888889,0.444444,0.711111
dataset-v2,v2,extraction-v2,hybrid-v1,weak_serp,78.9474,,кухни на заказ Москва,кухни на заказ,commercial,Москва,213,https://mebel-renessans.ru/kuhni,mebel-renessans.ru,5,0,,,content,ok,,artifacts\query--25319d0ffeba7f8d.json,1f640c38f71082ff72ed2dd70b165b38bbf30dcc,1007570,78.9474,23654.0,710260.0,3471.0,1040.0,0.299625468164794,5.5854,256.0,13.5586,236.0,1.0,47.0,51.0,99.0,1.0,130.0,1.0,254.0,0.0,0.0,0.0,121.0,3.0,4.0,0.75,0.75,12.0,0.75,6.0,0.03486,1.0,642.0,324.0,377.0,1.0,21.0,344.0,16.380952,14.7076,184.961106,93.344857,108.614232,0.288101,0.033303,0.753733,1.0,1.0,5.406542,0.419492,0.753733,0.5653,0.5653,0.5625,0.753733,0.85,0.0,0.248276,0.837991,0.225838,0.753733,200.0,1.0,0.0,0.0,1.0,1.0,0.0,0.0,0.0,0.0,1.0,1.0,1.0,0.0,0.0,1.0,0.0,0.0,1.0,0.9,1.0,1.0,0.98,1.0,10.0,0.0,1.0,1.0,1.0,1.0,1.0,1.0,1.0,1.0,1.0,1.0,1.0,1.0,51.0,1.0,1.0,1.0,1.0,0.8,9.0,8.0,1.0,0.888889,0.896296
dataset-v2,v2,extraction-v2,hybrid-v1,weak_serp,73.6842,,кухни на заказ Москва,кухни на заказ,commercial,Москва,213,https://lorena-kuhni.ru/,lorena-kuhni.ru,6,0,,,homepage,ok,,artifacts\query--ae808e9badaf4a77.json,66d9b6eb8d35ec83fe482784c4a5d144292a5118,954966,73.6842,16281.0,842407.0,2247.0,927.0,0.41255006675567424,6.134,87.0,25.8276,71.0,0.0,3.0,0.0,3.0,1.0,65.0,1.0,216.0,0.0,0.0,0.0,62.0,3.0,2.0,0.75,0.5,0.0,0.0,8.0,0.027592,1.0,320.0,72.0,119.0,17.0,9.0,116.0,12.888889,31.6479,142.412105,32.042724,52.959502,7.565643,0.019327,0.774847,1.0,1.0,7.021875,0.042254,0.774847,0.581135,0.0,0.0,0.774847,0.6625,0.818182,0.510345,0.919745,0.319663,0.774847,200.0,1.0,0.0,0.0,0.0,0.0,0.0,0.0,0.0,0.0,1.0,1.0,1.0,0.0,0.0,0.0,0.0,0.0,1.0,1.0,1.0,0.75,0.95,1.0,3.0,0.0,1.0,1.0,1.0,1.0,1.0,1.0,1.0,1.0,1.0,0.0,1.0,1.0,13.0,1.0,1.0,1.0,1.0,0.8,9.0,7.0,1.0,0.777778,0.859259
dataset-v2,v2,extraction-v2,hybrid-v1,weak_serp,68.4211,,кухни на заказ Москва,кухни на заказ,commercial,Москва,213,https://www.bestmebelshop.ru/catalog/mebel-dlya-kukhni/category-kukhni-po-individualnym-razmeram/,bestmebelshop.ru,7,0,,,product,ok,,artifacts\query--77d8ff6db0ce3459.json,690565fe3fca7df67b868c114514e42be1910537,963330,68.4211,13924.0,773028.0,2444.0,677.0,0.27700490998363336,4.4509,168.0,14.5476,1.0,1.0,0.0,0.0,1.0,1.0,62.0,1.0,143.0,0.0,0.0,0.0,41.0,3.0,3.0,0.75,0.75,1.0,0.25,9.0,0.016776,1.0,426.0,338.0,189.0,2.0,4.0,101.0,25.25,2444.0,174.304419,138.297872,77.332242,0.818331,0.018012,0.407854,1.0,1.0,5.737089,1.0,0.407854,0.305891,0.101963,0.1875,0.407854,0.725,0.872727,0.986207,0.559193,0.112978,0.407854,200.0,1.0,0.0,0.0,0.0,0.0,1.0,0.0,0.0,0.0,1.0,1.0,1.0,0.0,0.0,3.0,0.0,0.0,1.0,0.7,1.0,0.75,0.89,1.0,6.0,1.0,1.0,1.0,1.0,1.0,1.0,1.0,1.0,1.0,1.0,1.0,1.0,1.0,53.0,1.0,1.0,1.0,1.0,1.0,9.0,9.0,1.0,1.0,1.0
dataset-v2,v2,extraction-v2,hybrid-v1,weak_serp,63.1579,,кухни на заказ Москва,кухни на заказ,commercial,Москва,213,https://www.100-kuhon.ru/,100-kuhon.ru,8,0,,,homepage,ok,,artifacts\query--f3bad9eda3b7a37f.json,7d9dbd1bcc2eab103748aa4eaad94840acdd6159,234684,63.1579,18580.0,144721.0,2698.0,1217.0,0.45107487027427723,5.6527,224.0,12.0446,87.0,1.0,10.0,9.0,20.0,1.0,51.0,1.0,191.0,0.0,0.0,0.0,75.0,3.0,3.0,0.75,0.75,6.0,0.75,3.0,0.027798,1.0,206.0,60.0,99.0,3.0,9.0,97.0,10.777778,31.0115,76.352854,22.238695,36.693847,1.111935,0.128385,0.761313,0.75,1.0,13.097087,0.229885,0.761313,0.570985,0.570985,0.5625,0.761313,0.7875,0.927273,0.682759,0.926612,0.343409,0.761313,200.0,1.0,0.0,0.0,1.0,1.0,0.0,0.0,0.0,0.0,1.0,1.0,1.0,0.0,0.0,0.0,0.0,0.0,1.0,1.0,1.0,1.0,1.0,1.0,6.0,1.0,1.0,1.0,1.0,1.0,1.0,0.0,1.0,1.0,1.0,1.0,0.0,1.0,3.0,1.0,1.0,1.0,1.0,1.0,7.0,9.0,0.777778,1.0,0.925926
dataset-v2,v2,extraction-v2,hybrid-v1,weak_serp,57.8947,,кухни на заказ Москва,кухни на заказ,commercial,Москва,213,https://zavodkuhnirf.ru/,zavodkuhnirf.ru,9,0,,,homepage,ok,,artifacts\query--06aec8a58a484e78.json,a3c5d5fbd129d88abe6fc7c771e86be7dbe33a9c,251369,57.8947,10586.0,167580.0,1474.0,498.0,0.3378561736770692,5.9885,110.0,13.4,19.0,1.0,10.0,0.0,11.0,1.0,89.0,1.0,185.0,0.0,0.0,0.0,113.0,2.0,3.0,0.5,0.75,5.0,0.75,23.0,0.076662,1.0,301.0,155.0,45.0,5.0,4.0,22.0,5.5,77.5789,204.206242,105.156038,30.529172,3.39213,0.06317,0.699966,1.0,1.0,4.89701,0.578947,0.699966,0.349983,0.524975,0.375,0.687833,0.7625,0.381818,0.724138,0.0,0.193657,0.699966,200.0,1.0,0.0,0.0,0.0,0.0,0.0,0.0,0.0,0.0,1.0,1.0,1.0,0.0,0.0,0.0,0.0,0.0,1.0,1.0,1.0,0.75,0.95,1.0,8.0,1.0,1.0,1.0,1.0,1.0,1.0,0.0,1.0,1.0,1.0,0.0,0.0,1.0,4.0,1.0,1.0,1.0,1.0,1.0,7.0,8.0,0.777778,0.888889,0.888889
dataset-v2,v2,extraction-v2,hybrid-v1,weak_serp,100.0,,кухни на заказ Санкт-Петербург,кухни на заказ,commercial,Санкт-Петербург,2,https://masterskayakuhon.ru/,masterskayakuhon.ru,1,0,,,homepage,ok,,artifacts\query--a5563b24696c0347.json,93fba73b08d169aef30ea8ff28620c675c2a59f0,837339,100.0,76119.0,558108.0,10465.0,3708.0,0.3543239369326326,6.0818,779.0,13.4339,34.0,1.0,16.0,6.0,23.0,1.0,83.0,1.0,230.0,0.0,0.0,0.0,396.0,3.0,5.0,0.6,0.8,6.0,0.8,59.0,0.03784,1.0,345.0,285.0,355.0,0.0,8.0,118.0,14.75,307.7941,32.967033,27.233636,33.922599,0.0,0.136388,0.61933,1.0,1.0,30.333333,0.676471,0.61933,0.371598,0.495464,0.48,0.61933,0.81,0.490909,0.413793,0.738653,0.219443,0.61933,200.0,1.0,0.0,0.0,0.0,0.0,1.0,0.0,0.0,0.0,1.0,1.0,1.0,0.0,0.0,0.0,0.0,0.0,1.0,1.0,1.0,0.75,0.95,1.0,2.0,1.0,1.0,0.0,1.0,1.0,1.0,1.0,1.0,1.0,1.0,0.0,1.0,1.0,6.0,1.0,1.0,1.0,1.0,0.8,8.0,7.0,0.888889,0.777778,0.822222
dataset-v2,v2,extraction-v2,hybrid-v1,weak_serp,94.7368,,кухни на заказ Санкт-Петербург,кухни на заказ,commercial,Санкт-Петербург,2,https://lenkuhni.ru/,lenkuhni.ru,2,0,,,homepage,ok,,artifacts\query--d2415a8a89ee569b.json,46041782dcb351b1871c453c40a6d82763b23ac1,1013069,94.7368,17389.0,887218.0,2553.0,931.0,0.3646690168429299,5.6099,161.0,15.8571,46.0,1.0,1.0,0.0,2.0,1.0,68.0,1.0,227.0,0.0,0.0,0.0,135.0,3.0,5.0,0.6,0.8,4.0,0.8,16.0,0.052879,1.0,403.0,176.0,112.0,7.0,15.0,243.0,16.2,55.5,157.853506,68.938504,43.869957,2.741872,0.019599,0.69012,1.0,1.0,6.334988,0.043478,0.69012,0.414072,0.552096,0.48,0.69012,0.81,0.763636,0.434483,0.237368,0.251665,0.69012,200.0,1.0,0.0,0.0,1.0,1.0,1.0,0.0,0.0,0.0,1.0,1.0,1.0,0.0,0.0,0.0,0.0,0.0,1.0,1.0,1.0,1.0,1.0,1.0,10.0,1.0,1.0,1.0,1.0,1.0,1.0,1.0,1.0,1.0,1.0,0.0,1.0,1.0,3.0,1.0,1.0,1.0,1.0,1.0,9.0,8.0,1.0,0.888889,0.962963
dataset-v2,v2,extraction-v2,hybrid-v1,weak_serp,84.2105,,кухни на заказ Санкт-Петербург,кухни на заказ,commercial,Санкт-Петербург,2,https://lavellakitchen.ru/,lavellakitchen.ru,4,0,,,homepage,ok,,artifacts\query--2e4f88830a933db2.json,536529683e56599523cb779023dd785288f1ca49,456777,84.2105,15344.0,300022.0,2201.0,1003.0,0.45570195365742844,5.8046,119.0,18.4958,34.0,1.0,8.0,2.0,11.0,1.0,105.0,1.0,211.0,0.0,0.0,0.0,109.0,5.0,6.0,0.8,0.6,10.0,0.6,14.0,0.049523,1.0,479.0,77.0,298.0,1.0,3.0,29.0,9.666667,64.7353,217.628351,34.984098,135.393003,0.454339,0.051143,0.607958,1.0,1.0,4.59499,0.323529,0.607958,0.486366,0.364775,0.48,0.607958,0.83,0.090909,0.544828,0.349235,0.277048,0.607958,200.0,1.0,0.0,0.0,0.0,0.0,0.0,0.0,0.0,0.0,1.0,1.0,1.0,0.0,0.0,0.0,0.0,0.0,1.0,1.0,1.0,0.75,0.95,1.0,3.0,1.0,1.0,1.0,1.0,1.0,1.0,1.0,1.0,1.0,1.0,1.0,0.0,1.0,1.0,1.0,1.0,1.0,1.0,1.0,8.0,9.0,0.888889,1.0,0.962963
dataset-v2,v2,extraction-v2,hybrid-v1,weak_serp,78.9474,,кухни на заказ Санкт-Петербург,кухни на заказ,commercial,Санкт-Петербург,2,https://neva-kuhni.ru/,neva-kuhni.ru,5,0,,,homepage,ok,,artifacts\query--f6a193247f4dffa0.json,22dd164abcf60fd47022828d978af38fba0bddb3,1002408,78.9474,7926.0,941591.0,1159.0,532.0,0.45901639344262296,5.6911,63.0,18.3968,8.0,1.0,1.0,7.0,9.0,1.0,59.0,1.0,200.0,0.0,0.0,0.0,59.0,4.0,2.0,0.8,0.4,4.0,0.6,16.0,0.050906,1.0,44.0,42.0,121.0,10.0,6.0,66.0,11.0,144.875,37.963762,36.238136,104.400345,8.628128,0.008418,0.635316,1.0,1.0,26.340909,1.125,0.635316,0.508253,0.38119,0.48,0.490887,0.83,0.927273,0.62069,0.303135,0.187771,0.635316,200.0,1.0,0.0,0.0,1.0,1.0,0.0,0.0,0.0,0.0,1.0,1.0,0.0,0.0,0.0,0.0,0.0,0.0,1.0,1.0,0.5,1.0,0.9,1.0,4.0,0.0,1.0,1.0,0.0,1.0,1.0,1.0,1.0,1.0,1.0,0.0,0.0,1.0,7.0,1.0,1.0,1.0,1.0,0.8,7.0,7.0,0.777778,0.777778,0.785185
dataset-v2,v2,extraction-v2,hybrid-v1,weak_serp,73.6842,,кухни на заказ Санкт-Петербург,кухни на заказ,commercial,Санкт-Петербург,2,https://kuhnihome.spb.ru/,kuhnihome.spb.ru,6,0,,,homepage,ok,,artifacts\query--11bc722e3fbdbfc3.json,0e86c9890b80487a4cc2fa318e863f2a95305d8e,357016,73.6842,30465.0,244507.0,4697.0,1784.0,0.37981690440706833,4.9108,64.0,73.3906,5.0,1.0,4.0,3.0,8.0,1.0,50.0,1.0,140.0,0.0,0.0,0.0,171.0,4.0,5.0,0.8,1.0,7.0,0.6,35.0,0.036406,1.0,107.0,52.0,44.0,4.0,8.0,61.0,7.625,939.4,22.780498,11.070896,9.367681,0.851607,0.124598,0.628484,1.0,1.0,43.897196,1.6,0.628484,0.502787,0.37709,0.48,0.628484,0.83,0.909091,0.965517,0.786459,0.238709,0.628484,200.0,1.0,0.0,0.0,1.0,1.0,1.0,0.0,0.0,0.0,1.0,1.0,1.0,0.0,0.0,0.0,0.0,0.0,1.0,1.0,1.0,1.0,1.0,1.0,2.0,0.0,1.0,1.0,1.0,1.0,1.0,1.0,1.0,1.0,1.0,1.0,0.0,1.0,17.0,0.0,1.0,1.0,1.0,0.6,8.0,8.0,0.888889,0.888889,0.792593
dataset-v2,v2,extraction-v2,hybrid-v1,weak_serp,63.1579,,кухни на заказ Санкт-Петербург,кухни на заказ,commercial,Санкт-Петербург,2,https://novakuhni.ru/,novakuhni.ru,8,0,,,homepage,ok,,artifacts\query--026a10e7b29523bc.json,cfd2a7dc471e362ffe4141acf31a4b9aa017c1bb,1111991,63.1579,17846.0,990664.0,2661.0,1100.0,0.4133784291619692,5.4119,107.0,24.8692,81.0,1.0,6.0,0.0,7.0,1.0,67.0,1.0,242.0,0.0,0.0,0.0,91.0,3.0,4.0,0.6,0.8,3.0,0.6,6.0,0.034198,1.0,266.0,524.0,141.0,16.0,12.0,93.0,7.75,32.8519,99.96242,196.918452,52.987599,6.012777,0.018014,0.355196,1.0,1.0,10.003759,0.08642,0.355196,0.213118,0.213118,0.36,0.355196,0.76,0.781818,0.331034,0.860078,0.14683,0.355196,200.0,1.0,0.0,0.0,1.0,1.0,1.0,0.0,0.0,0.0,1.0,1.0,1.0,0.0,0.0,0.0,0.0,0.0,1.0,1.0,1.0,1.0,1.0,1.0,7.0,1.0,1.0,0.0,1.0,1.0,1.0,1.0,1.0,1.0,1.0,1.0,1.0,1.0,11.0,1.0,1.0,1.0,1.0,0.8,8.0,8.0,0.888889,0.888889,0.859259
dataset-v2,v2,extraction-v2,hybrid-v1,weak_serp,57.8947,,кухни на заказ Санкт-Петербург,кухни на заказ,commercial,Санкт-Петербург,2,https://lubimaya-kuhnya.ru/,lubimaya-kuhnya.ru,9,0,,,homepage,ok,,artifacts\query--9684fc90e4682d05.json,203d250599fb81c716a3c4c7b184743585d2c84e,1487579,57.8947,12365.0,1364239.0,1872.0,770.0,0.4113247863247863,5.4215,111.0,16.8649,19.0,1.0,10.0,7.0,18.0,1.0,110.0,1.0,246.0,0.0,0.0,0.0,106.0,6.0,4.0,0.8,0.6,7.0,0.8,13.0,0.056624,0.8,357.0,25.0,104.0,59.0,8.0,68.0,8.5,98.5263,190.705128,13.354701,55.555556,31.517094,0.009064,0.610327,1.0,1.0,5.243697,0.947368,0.488262,0.488262,0.488262,0.64,0.610327,0.85,0.0,0.303448,0.090028,0.251043,0.610327,200.0,1.0,0.0,0.0,1.0,1.0,1.0,0.0,0.0,0.0,1.0,1.0,0.0,0.0,0.0,0.0,0.0,0.0,1.0,1.0,0.5,1.0,0.9,1.0,8.0,1.0,1.0,1.0,1.0,1.0,1.0,1.0,1.0,1.0,1.0,0.0,0.0,1.0,17.0,1.0,1.0,1.0,1.0,1.0,8.0,8.0,0.888889,0.888889,0.925926
dataset-v2,v2,extraction-v2,hybrid-v1,weak_serp,52.6316,,кухни на заказ Санкт-Петербург,кухни на заказ,commercial,Санкт-Петербург,2,https://structurakitchen.ru/,structurakitchen.ru,10,0,,,homepage,ok,,artifacts\query--3f406be85a5db1b2.json,c18fa4c4216165954e34fcc6c0a9bef3da9ae33c,598426,52.6316,9202.0,542514.0,1322.0,579.0,0.4379727685325265,5.6452,77.0,17.1688,24.0,5.0,5.0,5.0,15.0,1.0,60.0,1.0,205.0,0.0,0.0,0.0,64.0,4.0,1.0,0.8,0.2,8.0,0.8,22.0,0.048411,0.8,70.0,43.0,86.0,0.0,4.0,48.0,12.0,55.0833,52.950076,32.526475,65.05295,0.0,0.016962,0.595091,1.0,1.0,18.885714,0.625,0.476073,0.476073,0.476073,0.64,0.524474,0.85,0.909091,0.586207,0.309027,0.191421,0.595091,200.0,1.0,0.0,0.0,1.0,1.0,0.0,0.0,0.0,0.0,1.0,1.0,0.0,0.0,0.0,0.0,0.0,0.0,1.0,1.0,0.5,1.0,0.9,1.0,7.0,1.0,1.0,1.0,1.0,1.0,0.0,1.0,1.0,1.0,0.0,0.0,0.0,1.0,5.0,1.0,1.0,1.0,1.0,1.0,7.0,7.0,0.777778,0.777778,0.851852
dataset-v2,v2,extraction-v2,hybrid-v1,weak_serp,100.0,,кухни на заказ Екатеринбург,кухни на заказ,commercial,Екатеринбург,54,https://kitchenrm.ru/,kitchenrm.ru,1,0,,,homepage,ok,,artifacts\query--0e790d9c52748813.json,8ea25722900ad38d5496290cfd5f9e6e2145ecbf,836328,100.0,16144.0,670471.0,2375.0,950.0,0.4,5.7095,42.0,56.5476,7.0,1.0,2.0,0.0,3.0,1.0,68.0,1.0,204.0,0.0,0.0,0.0,58.0,4.0,2.0,0.75,0.5,2.0,0.25,31.0,0.024421,1.0,642.0,342.0,36.0,9.0,126.0,251.0,1.992063,339.2857,270.315789,144.0,15.157895,3.789474,0.024079,0.584572,1.0,1.0,3.699377,0.428571,0.584572,0.438429,0.146143,0.1875,0.584572,0.725,0.763636,0.593103,0.814035,0.233829,0.584572,200.0,1.0,0.0,0.0,0.0,0.0,0.0,0.0,0.0,0.0,1.0,1.0,1.0,0.0,0.0,0.0,0.0,0.0,1.0,1.0,1.0,0.75,0.95,1.0,3.0,1.0,1.0,1.0,1.0,1.0,1.0,1.0,1.0,1.0,1.0,1.0,0.0,1.0,123.0,1.0,1.0,0.0,0.0,1.0,8.0,7.0,0.888889,0.777778,0.888889
dataset-v2,v2,extraction-v2,hybrid-v1,weak_serp,94.7368,,кухни на заказ Екатеринбург,кухни на заказ,commercial,Екатеринбург,54,https://www.lovekuhnya.ru/,lovekuhnya.ru,2,0,,,homepage,ok,,artifacts\query--20503d5be08de361.json,c9f96c7e1bf2bd38732ec01a621606c9bf17a750,1055299,94.7368,21850.0,807635.0,3344.0,965.0,0.28857655502392343,5.3122,182.0,18.3736,246.0,1.0,13.0,4.0,18.0,1.0,109.0,1.0,193.0,0.0,0.0,0.0,302.0,3.0,1.0,0.75,0.25,8.0,1.0,24.0,0.090311,1.0,753.0,457.0,189.0,8.0,3.0,45.0,15.0,13.5935,225.179426,136.662679,56.519139,2.392344,0.027054,0.567388,1.0,1.0,4.440903,0.073171,0.567388,0.425541,0.567388,0.75,0.567388,0.9125,0.018182,0.668966,0.0,0.163735,0.567388,200.0,1.0,0.0,0.0,1.0,1.0,1.0,0.0,0.0,0.0,1.0,1.0,1.0,0.0,0.0,0.0,0.0,0.0,1.0,1.0,1.0,1.0,1.0,1.0,25.0,1.0,1.0,1.0,1.0,1.0,1.0,0.0,1.0,1.0,1.0,0.0,1.0,1.0,22.0,1.0,1.0,1.0,1.0,1.0,8.0,8.0,0.888889,0.888889,0.925926
dataset-v2,v2,extraction-v2,hybrid-v1,weak_serp,89.4737,,кухни на заказ Екатеринбург,кухни на заказ,commercial,Екатеринбург,54,https://ekaterinburg.vernokuhni.ru/,ekaterinburg.vernokuhni.ru,3,0,,,homepage,ok,,artifacts\query--84a0792a3943a2c1.json,303f05c3ce200b70d9c8523cac93bf0380824bb4,475138,89.4737,33276.0,320314.0,4803.0,1291.0,0.2687903393712263,5.7418,359.0,13.3788,2.0,1.0,0.0,5.0,6.0,1.0,99.0,1.0,193.0,0.0,0.0,0.0,141.0,3.0,4.0,0.5,0.75,3.0,0.75,11.0,0.029357,1.0,360.0,73.0,38.0,1.0,4.0,28.0,7.0,2401.5,74.953154,15.198834,7.911722,0.208203,0.103886,0.571556,1.0,1.0,13.341667,3.0,0.571556,0.285778,0.428667,0.375,0.571556,0.7625,0.2,0.668966,0.978555,0.153629,0.571556,200.0,1.0,0.0,0.0,1.0,1.0,1.0,0.0,0.0,0.0,1.0,1.0,1.0,0.0,0.0,0.0,0.0,0.0,1.0,1.0,1.0,1.0,1.0,1.0,3.0,0.0,1.0,1.0,0.0,1.0,1.0,0.0,1.0,1.0,1.0,0.0,0.0,1.0,2.0,1.0,1.0,1.0,1.0,0.8,6.0,7.0,0.666667,0.777778,0.748148
dataset-v2,v2,extraction-v2,hybrid-v1,weak_serp,84.2105,,кухни на заказ Екатеринбург,кухни на заказ,commercial,Екатеринбург,54,https://na-zakaz-mebel.com/,na-zakaz-mebel.com,4,0,,,homepage,ok,,artifacts\query--f5f03df6123b9ef4.json,1150472934ac72c501d40e6f617cd414060d9998,266869,84.2105,14549.0,158487.0,2132.0,889.0,0.4169793621013133,5.5924,153.0,13.9346,173.0,1.0,14.0,58.0,73.0,1.0,46.0,1.0,169.0,0.0,0.0,0.0,106.0,4.0,3.0,1.0,0.75,28.0,1.0,22.0,0.049719,1.0,222.0,109.0,96.0,12.0,3.0,86.0,28.666667,12.3237,104.12758,51.125704,45.028143,5.628518,0.091799,0.51346,1.0,1.0,9.603604,0.421965,0.51346,0.51346,0.51346,1.0,0.51346,1.0,0.836364,0.834483,0.342714,0.214102,0.51346,200.0,1.0,0.0,0.0,1.0,1.0,0.0,0.0,0.0,0.0,1.0,1.0,1.0,0.0,0.0,0.0,0.0,0.0,1.0,1.0,1.0,1.0,1.0,1.0,6.0,1.0,1.0,1.0,1.0,1.0,1.0,0.0,1.0,1.0,1.0,0.0,1.0,1.0,2.0,1.0,1.0,1.0,1.0,1.0,8.0,8.0,0.888889,0.888889,0.925926
dataset-v2,v2,extraction-v2,hybrid-v1,weak_serp,78.9474,,кухни на заказ Екатеринбург,кухни на заказ,commercial,Екатеринбург,54,https://ekaterinburg.lemanapro.ru/proekt-kuhni/na-zakaz/,ekaterinburg.lemanapro.ru,5,0,,,content,ok,,artifacts\query--0077b54a40611057.json,6ac49f7de4e187a219c299c16fb43fdd44ebc185,10087,78.9474,77.0,8264.0,13.0,13.0,1.0,5.0,1.0,13.0,1.0,1.0,0.0,0.0,1.0,1.0,12.0,0.0,0.0,0.0,0.0,0.0,0.0,0.0,0.0,0.0,0.0,0.0,0.0,0.0,0.0,0.0,1.0,0.0,0.0,0.0,0.0,0.0,0.0,13.0,76.923077,0.0,0.0,0.0,0.009318,0.084679,0.0,0.0,13.0,1.0,0.0,0.0,0.0,0.0,0.000734,0.0,0.218182,0.0,0.0,0.000612,0.0,403.0,0.0,0.0,0.0,0.0,0.0,0.0,0.0,0.0,0.0,0.0,1.0,1.0,0.0,0.0,2.0,0.0,0.0,1.0,0.8,1.0,0.75,0.71,1.0,1.0,0.0,0.0,0.0,0.0,0.0,0.0,0.0,0.0,0.0,0.0,0.0,0.0,0.0,0.0,0.0,0.0,0.0,0.0,0.2,1.0,0.0,0.111111,0.0,0.103704
dataset-v2,v2,extraction-v2,hybrid-v1,weak_serp,73.6842,,кухни на заказ Екатеринбург,кухни на заказ,commercial,Екатеринбург,54,https://е-кухни.рф/,е-кухни.рф,6,0,,,homepage,ok,,artifacts\query--8854a851b6647284.json,a2bf292f3a8f13936ae8734e3a4759c521ff4be3,649875,73.6842,10651.0,589112.0,1578.0,597.0,0.37832699619771865,5.5684,85.0,18.5647,7.0,2.0,4.0,0.0,6.0,1.0,39.0,1.0,247.0,0.0,0.0,0.0,85.0,3.0,4.0,0.75,0.5,10.0,0.75,21.0,0.053866,1.0,149.0,199.0,6.0,3.0,7.0,249.0,35.571429,225.4286,94.423321,126.108999,3.802281,1.901141,0.01808,0.539499,1.0,1.0,10.590604,0.857143,0.539499,0.404624,0.404624,0.5625,0.539499,0.85,0.709091,0.296552,0.204478,0.178934,0.539499,200.0,1.0,0.0,0.0,1.0,1.0,0.0,0.0,0.0,0.0,1.0,1.0,1.0,0.0,0.0,0.0,0.0,0.0,1.0,1.0,1.0,1.0,1.0,1.0,3.0,0.0,1.0,1.0,1.0,1.0,1.0,1.0,1.0,1.0,1.0,0.0,1.0,1.0,1.0,1.0,1.0,1.0,1.0,0.8,9.0,7.0,1.0,0.777778,0.859259
dataset-v2,v2,extraction-v2,hybrid-v1,weak_serp,68.4211,,кухни на заказ Екатеринбург,кухни на заказ,commercial,Екатеринбург,54,https://www.vkuskuhni.ru/,vkuskuhni.ru,7,0,,,homepage,ok,,artifacts\query--756dd324e35cb76b.json,901360dbfe1470c0f71b9b934a070fb40dcf7caf,165360,68.4211,10685.0,98772.0,1487.0,744.0,0.5003362474781439,6.0222,78.0,19.0641,7.0,1.0,5.0,0.0,6.0,1.0,83.0,1.0,177.0,0.0,0.0,0.0,67.0,3.0,0.0,0.75,0.0,11.0,0.75,9.0,0.045057,1.0,151.0,43.0,145.0,4.0,6.0,30.0,5.0,212.4286,101.546738,28.917283,97.511769,2.68998,0.108178,0.689096,1.0,1.0,9.847682,0.857143,0.689096,0.516822,0.516822,0.5625,0.683124,0.85,0.490909,0.77931,0.498095,0.284826,0.689096,200.0,1.0,0.0,0.0,1.0,1.0,1.0,0.0,0.0,0.0,1.0,1.0,1.0,0.0,0.0,0.0,0.0,0.0,1.0,1.0,1.0,1.0,1.0,1.0,2.0,1.0,1.0,1.0,1.0,1.0,1.0,1.0,1.0,0.0,1.0,0.0,0.0,1.0,8.0,1.0,1.0,1.0,1.0,1.0,8.0,7.0,0.888889,0.777778,0.888889
dataset-v2,v2,extraction-v2,hybrid-v1,weak_serp,63.1579,,кухни на заказ Екатеринбург,кухни на заказ,commercial,Екатеринбург,54,https://kuhnya-ekb.ru/,kuhnya-ekb.ru,8,0,,,homepage,ok,,artifacts\query--93b0a30e2647ffbf.json,5e52b9d8f5c4409f282fdd85b40810c84559ae0e,34228,63.1579,169.0,32178.0,27.0,24.0,0.8888888888888888,5.0741,2.0,13.5,1.0,0.0,0.0,0.0,0.0,1.0,22.0,0.0,0.0,0.0,0.0,0.0,0.0,0.0,0.0,0.0,0.0,0.0,0.0,0.0,0.0,0.0,2.0,1.0,0.0,1.0,0.0,0.0,0.0,27.0,74.074074,37.037037,0.0,37.037037,0.005252,0.049797,0.0,0.25,13.5,0.0,0.0,0.0,0.0,0.0,0.000896,0.0,0.4,0.0,0.0,0.000664,0.012449,403.0,0.0,0.0,0.0,0.0,0.0,1.0,0.0,0.0,0.0,0.0,1.0,0.0,0.0,0.0,0.0,0.0,0.0,1.0,1.0,0.5,0.75,0.65,1.0,1.0,1.0,0.0,0.0,0.0,0.0,0.0,0.0,0.0,0.0,0.0,0.0,0.0,0.0,0.0,0.0,1.0,1.0,1.0,0.4,2.0,3.0,0.222222,0.333333,0.318519
dataset-v2,v2,extraction-v2,hybrid-v1,weak_serp,57.8947,,кухни на заказ Екатеринбург,кухни на заказ,commercial,Екатеринбург,54,https://yutnaya-kuhnya.com/,yutnaya-kuhnya.com,9,0,,,homepage,ok,,artifacts\query--6c9ed73c8e1d29f4.json,48538875bcc4c8a9b993944094f3356b2586fe48,540602,57.8947,7334.0,466814.0,1119.0,427.0,0.38159070598748884,5.2851,28.0,39.9643,39.0,1.0,2.0,0.0,3.0,1.0,47.0,1.0,211.0,0.0,0.0,0.0,61.0,3.0,4.0,0.75,0.75,3.0,0.75,22.0,0.054513,1.0,241.0,118.0,45.0,0.0,33.0,40.0,1.212121,28.6923,215.370867,105.451296,40.214477,0.0,0.015711,0.685835,1.0,1.0,4.643154,0.076923,0.685835,0.514376,0.514376,0.5625,0.511633,0.85,0.854545,0.544828,0.182901,0.162695,0.685835,200.0,1.0,0.0,0.0,0.0,0.0,0.0,0.0,0.0,0.0,1.0,1.0,1.0,0.0,0.0,0.0,0.0,0.0,1.0,1.0,1.0,0.75,0.95,1.0,12.0,0.0,1.0,1.0,1.0,1.0,0.0,1.0,1.0,1.0,0.0,0.0,0.0,1.0,2.0,1.0,1.0,1.0,1.0,0.8,7.0,6.0,0.777778,0.666667,0.748148
dataset-v2,v2,extraction-v2,hybrid-v1,weak_serp,52.6316,,кухни на заказ Екатеринбург,кухни на заказ,commercial,Екатеринбург,54,https://dom-mania.ru/,dom-mania.ru,10,0,,,homepage,ok,,artifacts\query--eba0bcea41a1226c.json,a43e65bbc12e901cb82e867e9a1e6e692aa8791b,674963,52.6316,6795.0,620234.0,996.0,500.0,0.5020080321285141,5.6275,58.0,17.1724,37.0,0.0,17.0,41.0,58.0,1.0,30.0,1.0,108.0,0.0,0.0,0.0,44.0,3.0,3.0,0.75,0.75,8.0,0.75,13.0,0.044177,1.0,64.0,74.0,10.0,0.0,2.0,10.0,5.0,26.9189,64.257028,74.297189,10.040161,0.0,0.010956,0.661918,1.0,1.0,15.5625,1.567568,0.661918,0.496439,0.496439,0.5625,0.439514,0.85,0.545455,0.744828,0.527443,0.183866,0.661918,200.0,1.0,0.0,0.0,1.0,1.0,1.0,0.0,0.0,0.0,1.0,1.0,1.0,0.0,0.0,0.0,0.0,0.0,1.0,1.0,1.0,1.0,1.0,1.0,12.0,0.0,1.0,1.0,1.0,1.0,1.0,1.0,1.0,1.0,0.0,0.0,1.0,1.0,5.0,1.0,1.0,1.0,1.0,0.8,9.0,6.0,1.0,0.666667,0.822222
dataset-v2,v2,extraction-v2,hybrid-v1,weak_serp,100.0,,кухни на заказ Новосибирск,кухни на заказ,commercial,Новосибирск,65,https://www.kuhni-nsk.ru/catalog/kuhni/na-zakaz/,kuhni-nsk.ru,1,0,,,product,ok,,artifacts\query--19489ed0ee7ae1e7.json,78366501908d2b2f2faeb95c7b3089fba8cd043c,349422,100.0,10860.0,225261.0,1689.0,814.0,0.48194197750148016,5.2724,96.0,17.5938,5.0,1.0,2.0,3.0,6.0,1.0,64.0,1.0,189.0,0.0,0.0,0.0,121.0,3.0,6.0,0.75,0.75,12.0,0.75,40.0,0.07164,1.0,250.0,62.0,293.0,26.0,7.0,171.0,24.428571,337.8,148.016578,36.708111,173.475429,15.393724,0.048211,0.456155,1.0,1.0,6.756,1.2,0.456155,0.342116,0.342116,0.5625,0.456155,0.85,0.836364,0.696552,0.0,0.206283,0.456155,200.0,1.0,0.0,0.0,1.0,1.0,1.0,0.0,0.0,0.0,1.0,1.0,1.0,0.0,0.0,3.0,0.0,0.0,1.0,0.7,1.0,1.0,0.94,1.0,9.0,1.0,1.0,1.0,1.0,1.0,1.0,1.0,1.0,1.0,1.0,0.0,0.0,1.0,4.0,1.0,1.0,1.0,1.0,1.0,8.0,8.0,0.888889,0.888889,0.925926
dataset-v2,v2,extraction-v2,hybrid-v1,weak_serp,94.7368,,кухни на заказ Новосибирск,кухни на заказ,commercial,Новосибирск,65,https://promebelnsk.ru/kuhni,promebelnsk.ru,2,0,,,content,ok,,artifacts\query--29d3e98fcc44adef.json,25dfa46b11d3af2e719489835141b144c5e80bfe,4949720,94.7368,24494.0,4696175.0,3422.0,867.0,0.2533606078316774,5.6698,125.0,27.376,312.0,1.0,8.0,14.0,23.0,1.0,102.0,1.0,118.0,0.0,0.0,0.0,82.0,4.0,2.0,1.0,0.5,4.0,0.75,10.0,0.023963,1.0,447.0,105.0,45.0,0.0,27.0,86.0,3.185185,10.9679,130.625365,30.683811,13.150205,0.0,0.005216,0.406043,1.0,1.0,7.655481,0.073718,0.406043,0.406043,0.304532,0.75,0.406043,0.9375,0.145455,0.813793,0.798753,0.102875,0.406043,200.0,1.0,0.0,0.0,1.0,1.0,0.0,0.0,0.0,0.0,1.0,1.0,0.0,0.0,0.0,1.0,0.0,0.0,1.0,0.9,0.5,1.0,0.88,1.0,51.0,1.0,1.0,1.0,1.0,1.0,1.0,1.0,1.0,1.0,1.0,0.0,0.0,1.0,23.0,1.0,1.0,1.0,1.0,1.0,8.0,8.0,0.888889,0.888889,0.925926
dataset-v2,v2,extraction-v2,hybrid-v1,weak_serp,89.4737,,кухни на заказ Новосибирск,кухни на заказ,commercial,Новосибирск,65,https://alexandr-kuhni.ru/nsk,alexandr-kuhni.ru,3,0,,,content,ok,,artifacts\query--8bcbc9af4e0a67b2.json,b34ea7d17c570a0d9345b141516e1e6bae547852,964109,89.4737,15373.0,888454.0,2406.0,770.0,0.3200332502078138,5.0702,112.0,21.4821,36.0,1.0,1.0,0.0,2.0,1.0,29.0,1.0,67.0,0.0,0.0,0.0,70.0,3.0,3.0,0.75,0.75,2.0,0.25,16.0,0.029094,1.0,72.0,41.0,86.0,94.0,8.0,107.0,13.375,66.8333,29.925187,17.040732,35.743973,39.068994,0.017303,0.59732,1.0,1.0,33.416667,0.055556,0.59732,0.44799,0.14933,0.1875,0.59732,0.725,0.527273,0.462069,0.969798,0.191162,0.59732,200.0,1.0,0.0,0.0,1.0,1.0,0.0,0.0,0.0,0.0,1.0,1.0,0.0,0.0,0.0,1.0,0.0,0.0,1.0,0.9,0.5,1.0,0.88,1.0,13.0,0.0,1.0,1.0,1.0,1.0,1.0,0.0,1.0,1.0,1.0,1.0,0.0,1.0,10.0,1.0,1.0,1.0,1.0,0.8,7.0,8.0,0.777778,0.888889,0.822222
dataset-v2,v2,extraction-v2,hybrid-v1,weak_serp,84.2105,,кухни на заказ Новосибирск,кухни на заказ,commercial,Новосибирск,65,https://kuxni-nsk.ru/,kuxni-nsk.ru,4,0,,,homepage,ok,,artifacts\query--115808e4fcd67ef0.json,2fec5a771341871cfe7df7db29e45de3778ff98c,358183,84.2105,11728.0,285998.0,1835.0,702.0,0.38256130790190734,5.0616,86.0,21.3372,45.0,1.0,7.0,11.0,19.0,1.0,67.0,1.0,151.0,0.0,0.0,0.0,44.0,3.0,4.0,0.75,0.75,6.0,0.75,16.0,0.023978,1.0,158.0,236.0,75.0,77.0,0.0,0.0,0.0,40.7778,86.103542,128.610354,40.871935,41.961853,0.041007,0.399778,1.0,0.5,11.613924,0.422222,0.399778,0.299834,0.299834,0.5625,0.399778,0.85,0.781818,0.958621,0.799273,0.15294,0.199889,200.0,1.0,0.0,0.0,1.0,1.0,0.0,0.0,0.0,0.0,1.0,1.0,1.0,0.0,0.0,0.0,0.0,0.0,1.0,1.0,1.0,1.0,1.0,1.0,1.0,0.0,1.0,0.0,1.0,1.0,1.0,1.0,1.0,1.0,1.0,1.0,1.0,1.0,2.0,1.0,1.0,1.0,1.0,0.6,8.0,7.0,0.888889,0.777778,0.755556
dataset-v2,v2,extraction-v2,hybrid-v1,weak_serp,78.9474,,кухни на заказ Новосибирск,кухни на заказ,commercial,Новосибирск,65,https://novosibirsk.vernokuhni.ru/,novosibirsk.vernokuhni.ru,5,0,,,homepage,ok,,artifacts\query--9a259f4bcdd63792.json,a60f91bdeb5415630b4ef3dcbd45cf9b8ab4a9b2,459466,78.9474,32902.0,307038.0,4706.0,1272.0,0.2702932426689333,5.8143,357.0,13.1821,2.0,1.0,0.0,5.0,6.0,1.0,107.0,1.0,185.0,0.0,0.0,0.0,137.0,3.0,3.0,0.75,0.75,3.0,0.75,11.0,0.029112,1.0,353.0,72.0,38.0,1.0,4.0,28.0,7.0,2353.0,75.010625,15.299618,8.074798,0.212495,0.107159,0.606503,1.0,1.0,13.331445,3.0,0.606503,0.454877,0.454877,0.5625,0.606503,0.85,0.054545,0.724138,0.970392,0.163934,0.606503,200.0,1.0,0.0,0.0,1.0,1.0,1.0,0.0,0.0,0.0,1.0,1.0,1.0,0.0,0.0,0.0,0.0,0.0,1.0,1.0,1.0,1.0,1.0,1.0,1.0,0.0,1.0,1.0,0.0,1.0,1.0,0.0,1.0,1.0,1.0,0.0,0.0,1.0,2.0,1.0,1.0,1.0,1.0,0.8,6.0,7.0,0.666667,0.777778,0.748148
dataset-v2,v2,extraction-v2,hybrid-v1,weak_serp,73.6842,,кухни на заказ Новосибирск,кухни на заказ,commercial,Новосибирск,65,https://feniks-kuhni-nsk.ru/,feniks-kuhni-nsk.ru,6,0,,,homepage,ok,,artifacts\query--bac669db0b90c45c.json,70c193cff0c9cb5c20e5c98c3634befe98fcf3b7,878142,73.6842,14461.0,762066.0,2218.0,414.0,0.18665464382326422,5.3309,114.0,19.4561,706.0,4.0,12.0,22.0,38.0,1.0,67.0,1.0,167.0,0.0,0.0,0.0,33.0,3.0,3.0,0.75,0.75,11.0,0.75,9.0,0.014878,1.0,183.0,119.0,0.0,278.0,0.0,56.0,0.0,3.1416,82.506763,53.651939,0.0,125.338142,0.018976,0.345232,1.0,0.5,12.120219,0.053824,0.345232,0.258924,0.258924,0.5625,0.345232,0.85,0.781818,0.848276,0.495942,0.064439,0.172616,200.0,1.0,0.0,0.0,1.0,1.0,0.0,0.0,0.0,0.0,1.0,1.0,1.0,0.0,0.0,0.0,0.0,0.0,1.0,1.0,1.0,1.0,1.0,1.0,16.0,1.0,1.0,1.0,1.0,1.0,1.0,1.0,1.0,1.0,1.0,0.0,0.0,1.0,50.0,1.0,1.0,1.0,1.0,1.0,8.0,8.0,0.888889,0.888889,0.925926
dataset-v2,v2,extraction-v2,hybrid-v1,weak_serp,68.4211,,кухни на заказ Новосибирск,кухни на заказ,commercial,Новосибирск,65,https://monolit-kuhni-mebel.ru/,monolit-kuhni-mebel.ru,7,0,,,homepage,ok,,artifacts\query--1334f094b1423da6.json,9cb1ca29c27ac678c4fd98d2012631fe3f9d2a04,318913,68.4211,6656.0,282734.0,930.0,504.0,0.5419354838709678,5.9419,78.0,11.9231,54.0,1.0,2.0,5.0,8.0,1.0,46.0,1.0,93.0,0.0,0.0,0.0,66.0,3.0,2.0,0.75,0.5,9.0,0.75,22.0,0.070968,1.0,7.0,93.0,3.0,51.0,0.0,32.0,0.0,17.2222,7.526882,100.0,3.225806,54.83871,0.023542,0.608326,1.0,0.75,132.857143,0.148148,0.608326,0.456245,0.456245,0.5625,0.377162,0.85,0.836364,0.641379,0.0,0.170331,0.456245,200.0,1.0,0.0,0.0,1.0,1.0,0.0,0.0,0.0,0.0,1.0,1.0,1.0,0.0,0.0,0.0,0.0,0.0,1.0,1.0,1.0,1.0,1.0,1.0,4.0,0.0,1.0,1.0,1.0,1.0,0.0,0.0,1.0,1.0,0.0,0.0,0.0,1.0,5.0,1.0,1.0,1.0,1.0,0.8,6.0,6.0,0.666667,0.666667,0.711111
dataset-v2,v2,extraction-v2,hybrid-v1,weak_serp,63.1579,,кухни на заказ Новосибирск,кухни на заказ,commercial,Новосибирск,65,https://artinhomeshop.ru/,artinhomeshop.ru,8,0,,,homepage,ok,,artifacts\query--3e66df9915929601.json,33a22d902afa0967343ea9ad011cd91b82f3fe50,295165,63.1579,2982.0,274133.0,477.0,313.0,0.6561844863731656,5.0356,50.0,9.54,1.0,0.0,0.0,0.0,0.0,1.0,46.0,0.0,0.0,0.0,0.0,0.0,15.0,3.0,0.0,0.75,0.0,0.0,0.0,9.0,0.031447,1.0,27.0,26.0,58.0,37.0,3.0,33.0,11.0,477.0,56.603774,54.507338,121.593291,77.568134,0.010878,0.539643,1.0,1.0,17.666667,0.0,0.539643,0.404732,0.0,0.0,0.171606,0.6625,0.836364,0.0,0.951782,0.093838,0.539643,200.0,1.0,0.0,0.0,1.0,0.0,0.0,0.0,0.0,0.0,1.0,1.0,0.0,0.0,0.0,0.0,0.0,0.0,1.0,1.0,0.5,0.0,0.7,1.0,5.0,1.0,1.0,1.0,1.0,1.0,1.0,0.0,1.0,1.0,1.0,0.0,0.0,1.0,5.0,1.0,1.0,1.0,1.0,1.0,7.0,8.0,0.777778,0.888889,0.888889
dataset-v2,v2,extraction-v2,hybrid-v1,weak_serp,57.8947,,кухни на заказ Новосибирск,кухни на заказ,commercial,Новосибирск,65,http://mebelin-nsk.ru/kukhni,mebelin-nsk.ru,9,0,,,content,ok,,artifacts\query--f8ea76e63e0be348.json,37935c4f981b802c0a6eb17eaa0c926e1e2d2094,1334,57.8947,33.0,144.0,7.0,4.0,0.5714285714285714,3.8571,1.0,7.0,1.0,1.0,0.0,0.0,1.0,1.0,13.0,0.0,0.0,0.0,0.0,0.0,0.0,0.0,0.0,0.0,0.0,0.0,0.0,0.0,0.0,0.0,0.0,0.0,0.0,0.0,0.0,0.0,0.0,7.0,0.0,0.0,0.0,0.0,0.229167,0.036827,0.0,0.0,7.0,1.0,0.0,0.0,0.0,0.0,0.000172,0.0,0.236364,0.0,0.0,8.2e-05,0.0,404.0,0.0,0.0,0.0,0.0,0.0,0.0,0.0,0.0,0.0,0.0,0.0,0.0,0.0,0.0,1.0,0.0,0.0,1.0,0.9,0.0,0.75,0.53,0.0,0.0,0.0,0.0,0.0,0.0,0.0,0.0,0.0,0.0,0.0,0.0,0.0,0.0,0.0,0.0,0.0,0.0,0.0,0.0,0.0,0.0,0.0,0.0,0.0,0.0
dataset-v2,v2,extraction-v2,hybrid-v1,weak_serp,52.6316,,кухни на заказ Новосибирск,кухни на заказ,commercial,Новосибирск,65,https://kuhni-mebel-nsk.ru/,kuhni-mebel-nsk.ru,10,0,,,homepage,ok,,artifacts\query--d07d33ba9d10af76.json,9a5d3e21f62c5d3376fd433d5fdadeb928c02083,358843,52.6316,6216.0,319377.0,979.0,313.0,0.31971399387129723,5.1931,34.0,28.7941,20.0,2.0,0.0,0.0,2.0,1.0,62.0,1.0,62.0,0.0,0.0,0.0,88.0,3.0,3.0,0.75,0.75,0.0,0.0,24.0,0.089888,1.0,50.0,115.0,1.0,0.0,5.0,192.0,38.4,48.95,51.072523,117.466803,1.02145,0.0,0.019463,0.536273,1.0,1.0,19.58,0.1,0.536273,0.402205,0.0,0.0,0.350008,0.6625,0.872727,0.427586,0.0,0.093252,0.536273,200.0,1.0,0.0,0.0,1.0,1.0,0.0,0.0,0.0,0.0,1.0,1.0,1.0,0.0,0.0,0.0,0.0,0.0,1.0,1.0,1.0,1.0,1.0,1.0,4.0,0.0,1.0,1.0,1.0,1.0,1.0,1.0,1.0,1.0,0.0,0.0,0.0,1.0,1.0,1.0,1.0,1.0,1.0,0.8,8.0,6.0,0.888889,0.666667,0.785185
dataset-v2,v2,extraction-v2,hybrid-v1,weak_serp,100.0,,кухни на заказ Казань,кухни на заказ,commercial,Казань,43,https://kuhni-sova.ru/,kuhni-sova.ru,1,0,,,homepage,ok,,artifacts\query--dcfe110ddfff99a3.json,c905f653d4cc535b421817acc318510604b7d6a2,1251115,100.0,13644.0,1172447.0,2083.0,802.0,0.38502160345655306,5.2712,122.0,17.0738,45.0,0.0,0.0,0.0,0.0,1.0,24.0,1.0,127.0,0.0,0.0,0.0,57.0,2.0,6.0,0.5,0.75,0.0,0.0,13.0,0.027364,1.0,60.0,50.0,68.0,27.0,6.0,88.0,14.666667,46.2889,28.804609,24.003841,32.645223,12.962074,0.011637,0.170982,1.0,1.0,34.716667,0.0,0.170982,0.085491,0.0,0.0,0.170982,0.575,0.436364,0.875862,0.912146,0.065832,0.170982,200.0,1.0,0.0,0.0,1.0,1.0,0.0,0.0,0.0,0.0,1.0,1.0,0.0,0.0,0.0,0.0,0.0,0.0,1.0,1.0,0.5,1.0,0.9,1.0,13.0,0.0,1.0,1.0,1.0,1.0,1.0,1.0,1.0,1.0,1.0,0.0,1.0,1.0,5.0,0.0,1.0,1.0,1.0,0.6,9.0,7.0,1.0,0.777778,0.792593
dataset-v2,v2,extraction-v2,hybrid-v1,weak_serp,78.9474,,кухни на заказ Казань,кухни на заказ,commercial,Казань,43,https://кухни116.рф/,кухни116.рф,5,0,,,homepage,ok,,artifacts\query--d5eef5cdebbaf57e.json,95926da313ef987c274aa8a23691217f561e66a3,563304,78.9474,24868.0,455447.0,3369.0,1237.0,0.367171267438409,6.1986,310.0,10.8677,177.0,1.0,13.0,11.0,25.0,1.0,33.0,1.0,74.0,1.0,1.0,2.0,136.0,5.0,1.0,1.0,0.25,9.0,0.75,18.0,0.040368,1.0,101.0,303.0,52.0,37.0,14.0,122.0,8.714286,19.0339,29.979222,89.937667,15.434847,10.982487,0.054601,0.243288,1.0,1.0,33.356436,0.141243,0.243288,0.243288,0.182466,0.75,0.243288,0.9375,0.6,0.510345,0.654398,0.089328,0.243288,200.0,1.0,0.0,0.0,1.0,1.0,1.0,0.0,0.0,0.0,1.0,1.0,1.0,0.0,0.0,0.0,0.0,0.0,1.0,1.0,1.0,1.0,1.0,1.0,6.0,1.0,1.0,0.0,0.0,1.0,1.0,0.0,1.0,1.0,1.0,0.0,1.0,1.0,12.0,1.0,1.0,1.0,1.0,0.8,6.0,7.0,0.666667,0.777778,0.748148
dataset-v2,v2,extraction-v2,hybrid-v1,weak_serp,57.8947,,кухни на заказ Казань,кухни на заказ,commercial,Казань,43,https://vekexpress.ru/,vekexpress.ru,9,0,,,homepage,ok,,artifacts\query--c7b97d52c76b681b.json,bb6716d2a50d3e1d737fb78fe5a61f0e3f1ad47f,47975,57.8947,3009.0,30612.0,382.0,310.0,0.8115183246073299,6.7225,24.0,15.9167,12.0,1.0,1.0,0.0,2.0,1.0,90.0,1.0,144.0,0.0,0.0,0.0,17.0,1.0,5.0,0.25,1.0,1.0,0.25,12.0,0.044503,0.75,39.0,35.0,8.0,0.0,0.0,0.0,0.0,31.8333,102.094241,91.623037,20.942408,0.0,0.098295,0.624554,1.0,0.5,9.794872,0.166667,0.468416,0.156139,0.156139,0.0625,0.159053,0.5125,0.363636,0.993103,0.387435,0.107562,0.312277,200.0,1.0,0.0,0.0,1.0,1.0,0.0,0.0,0.0,0.0,1.0,1.0,1.0,0.0,0.0,0.0,0.0,0.0,1.0,1.0,1.0,1.0,1.0,1.0,2.0,0.0,0.0,0.0,0.0,0.0,0.0,0.0,0.0,0.0,1.0,1.0,1.0,0.0,0.0,0.0,1.0,1.0,1.0,0.2,3.0,4.0,0.333333,0.444444,0.325926
dataset-v2,v2,extraction-v2,hybrid-v1,weak_serp,100.0,,кухни на заказ Краснодар,кухни на заказ,commercial,Краснодар,35,https://kuxni-krd.ru/,kuxni-krd.ru,1,0,,,homepage,ok,,artifacts\query--f8d6a3d92f03a167.json,3d85d367212e01138d898639a9d5835cbb87bfc0,604612,100.0,17647.0,401638.0,2767.0,997.0,0.3603180339718106,5.0795,105.0,26.3524,60.0,1.0,9.0,23.0,33.0,1.0,65.0,1.0,146.0,0.0,0.0,0.0,57.0,3.0,3.0,0.75,0.75,6.0,0.75,15.0,0.0206,1.0,859.0,323.0,61.0,102.0,0.0,0.0,0.0,46.1167,310.444525,116.732924,22.045537,36.863029,0.043938,0.354661,1.0,0.5,3.221187,0.55,0.354661,0.265996,0.265996,0.5625,0.354661,0.85,0.818182,0.993103,0.686664,0.127791,0.177331,200.0,1.0,0.0,0.0,1.0,1.0,0.0,0.0,0.0,0.0,1.0,1.0,1.0,0.0,0.0,0.0,0.0,0.0,1.0,1.0,1.0,1.0,1.0,1.0,1.0,1.0,1.0,1.0,1.0,1.0,1.0,1.0,1.0,1.0,1.0,0.0,1.0,1.0,2.0,0.0,1.0,1.0,1.0,0.8,9.0,8.0,1.0,0.888889,0.896296
dataset-v2,v2,extraction-v2,hybrid-v1,weak_serp,94.7368,,кухни на заказ Краснодар,кухни на заказ,commercial,Краснодар,35,https://kuhnidar.ru/,kuhnidar.ru,2,0,,,homepage,ok,,artifacts\query--41ff95c4e648830a.json,fc2b06924e58fd93ec7351637b7211a4eda14725,265259,94.7368,14981.0,153474.0,2231.0,648.0,0.2904527117884357,5.4469,104.0,21.4519,6.0,1.0,1.0,2.0,4.0,1.0,87.0,1.0,281.0,0.0,0.0,0.0,81.0,3.0,5.0,0.75,0.5,10.0,0.75,10.0,0.036307,1.0,279.0,87.0,173.0,4.0,0.0,5.0,0.0,371.8333,125.056029,38.995966,77.543702,1.792918,0.097613,0.593109,1.0,0.75,7.996416,0.666667,0.593109,0.444832,0.444832,0.5625,0.593109,0.85,0.418182,0.062069,0.78978,0.17227,0.444832,200.0,1.0,0.0,0.0,1.0,1.0,1.0,0.0,0.0,0.0,1.0,1.0,1.0,0.0,0.0,0.0,0.0,0.0,1.0,1.0,1.0,1.0,1.0,1.0,4.0,1.0,1.0,1.0,1.0,1.0,1.0,0.0,1.0,1.0,1.0,0.0,0.0,0.0,0.0,1.0,1.0,1.0,1.0,1.0,6.0,8.0,0.666667,0.888889,0.851852
dataset-v2,v2,extraction-v2,hybrid-v1,weak_serp,89.4737,,кухни на заказ Краснодар,кухни на заказ,commercial,Краснодар,35,https://kukhni-vkrasnodare.ru/,kukhni-vkrasnodare.ru,3,0,,,homepage,ok,,artifacts\query--6d4fa3d5d72aeefe.json,91b91ec9da349d37646be154d040bf34ddfa6d95,353434,89.4737,3713.0,321119.0,568.0,219.0,0.3855633802816901,5.2887,27.0,21.037,90.0,5.0,1.0,9.0,15.0,1.0,55.0,1.0,82.0,0.0,0.0,0.0,36.0,3.0,0.0,0.75,0.0,20.0,0.5,14.0,0.06338,0.75,12.0,65.0,0.0,52.0,0.0,23.0,0.0,6.3111,21.126761,114.43662,0.0,91.549296,0.011563,0.633661,1.0,0.5,47.333333,0.166667,0.475246,0.475246,0.316831,0.375,0.239946,0.75,1.0,0.565517,0.0,0.077095,0.316831,200.0,1.0,0.0,0.0,0.0,0.0,0.0,0.0,0.0,0.0,1.0,1.0,1.0,0.0,0.0,0.0,0.0,0.0,1.0,1.0,1.0,0.75,0.95,1.0,4.0,0.0,1.0,0.0,1.0,1.0,0.0,0.0,0.0,1.0,0.0,0.0,0.0,1.0,4.0,1.0,1.0,0.0,0.0,0.6,5.0,2.0,0.555556,0.222222,0.459259
dataset-v2,v2,extraction-v2,hybrid-v1,weak_serp,84.2105,,кухни на заказ Краснодар,кухни на заказ,commercial,Краснодар,35,https://kitchen-sam.ru/,kitchen-sam.ru,4,0,,,homepage,ok,,artifacts\query--6dc96a7aecb8bc3b.json,bb7492c3fbb443ee77bdf5a9d789fbaf97ae0262,528371,84.2105,7504.0,469781.0,1087.0,510.0,0.46918123275068996,5.7038,97.0,11.2062,8.0,1.0,0.0,0.0,1.0,1.0,49.0,1.0,239.0,0.0,0.0,0.0,49.0,3.0,4.0,0.75,0.75,0.0,0.0,12.0,0.045078,1.0,182.0,22.0,1.0,0.0,7.0,16.0,2.285714,135.875,167.433303,20.23919,0.919963,0.0,0.015973,0.173093,1.0,1.0,5.972527,0.125,0.173093,0.12982,0.0,0.0,0.125435,0.6625,0.890909,0.351724,0.497393,0.049043,0.173093,200.0,1.0,0.0,0.0,1.0,1.0,0.0,0.0,0.0,0.0,1.0,1.0,1.0,0.0,0.0,0.0,0.0,0.0,1.0,1.0,1.0,1.0,1.0,1.0,5.0,1.0,1.0,1.0,0.0,1.0,0.0,0.0,1.0,1.0,1.0,0.0,1.0,1.0,1.0,1.0,1.0,1.0,1.0,1.0,6.0,8.0,0.666667,0.888889,0.851852
dataset-v2,v2,extraction-v2,hybrid-v1,weak_serp,78.9474,,кухни на заказ Краснодар,кухни на заказ,commercial,Краснодар,35,https://krasnodar-kuhni-na-zakaz.ru/,krasnodar-kuhni-na-zakaz.ru,5,0,,,homepage,ok,,artifacts\query--2498e0c116cf22d9.json,848f3d718d804954b110d1058978d294abe77eaf,3753,78.9474,100.0,1753.0,14.0,12.0,0.8571428571428571,6.1429,1.0,14.0,1.0,0.0,0.0,0.0,0.0,1.0,17.0,0.0,0.0,0.0,0.0,0.0,0.0,0.0,0.0,0.0,0.0,0.0,0.0,0.0,0.0,0.0,2.0,0.0,0.0,0.0,0.0,0.0,0.0,14.0,142.857143,0.0,0.0,0.0,0.057045,-0.028572,0.0,0.0,7.0,0.0,-0.0,-0.0,-0.0,0.0,-0.000267,0.0,0.309091,0.0,0.0,-0.00019,-0.0,402.0,0.0,0.0,0.0,0.0,0.0,1.0,0.0,1.0,1.0,0.0,1.0,0.0,0.0,0.0,0.0,0.0,0.0,1.0,1.0,0.5,0.75,0.65,0.0,0.0,0.0,0.0,0.0,0.0,0.0,0.0,0.0,0.0,0.0,0.0,0.0,0.0,0.0,0.0,0.0,0.0,0.0,0.0,0.0,0.0,0.0,0.0,0.0,0.0
dataset-v2,v2,extraction-v2,hybrid-v1,weak_serp,73.6842,,кухни на заказ Краснодар,кухни на заказ,commercial,Краснодар,35,https://www.kukhni-krasnodar.ru/,kukhni-krasnodar.ru,6,0,,,homepage,ok,,artifacts\query--1b2022d85d4fe37d.json,d7799dfa55ba27eb43dc511e0f61e52de9657b92,382334,73.6842,4803.0,338351.0,689.0,328.0,0.4760522496371553,5.7358,23.0,29.9565,53.0,0.0,0.0,20.0,20.0,1.0,54.0,1.0,100.0,0.0,0.0,0.0,29.0,3.0,2.0,0.75,0.5,3.0,0.25,15.0,0.04209,0.75,60.0,147.0,0.0,87.0,0.0,24.0,0.0,13.0,87.082729,213.352685,0.0,126.269956,0.014195,0.495287,1.0,0.5,11.483333,0.377358,0.371465,0.371465,0.123822,0.1875,0.227502,0.6875,0.981818,0.689655,0.44775,0.090252,0.247643,200.0,1.0,0.0,0.0,0.0,0.0,0.0,0.0,0.0,0.0,1.0,1.0,1.0,0.0,0.0,0.0,0.0,0.0,1.0,1.0,1.0,0.75,0.95,1.0,3.0,0.0,0.0,0.0,0.0,1.0,1.0,1.0,1.0,1.0,0.0,0.0,0.0,1.0,2.0,0.0,1.0,1.0,1.0,0.2,5.0,4.0,0.555556,0.444444,0.4
dataset-v2,v2,extraction-v2,hybrid-v1,weak_serp,68.4211,,кухни на заказ Краснодар,кухни на заказ,commercial,Краснодар,35,https://www.giuseppe23.ru/,giuseppe23.ru,7,0,,,homepage,ok,,artifacts\query--e56928a4e6a2c968.json,451a10cbda5683ea010b2177300a6304477247e6,2183349,68.4211,17291.0,2047125.0,2488.0,948.0,0.38102893890675243,5.6905,146.0,17.0411,24.0,1.0,1.0,1.0,3.0,1.0,58.0,1.0,197.0,0.0,0.0,0.0,68.0,3.0,2.0,0.75,0.5,5.0,0.75,14.0,0.027331,1.0,175.0,66.0,204.0,4.0,11.0,194.0,17.636364,103.6667,70.337621,26.527331,81.993569,1.607717,0.008446,0.55975,1.0,1.0,14.217143,0.125,0.55975,0.419812,0.419812,0.5625,0.55975,0.85,0.945455,0.641379,0.91104,0.213281,0.55975,200.0,1.0,0.0,0.0,1.0,1.0,0.0,0.0,0.0,0.0,1.0,1.0,0.0,0.0,0.0,0.0,0.0,0.0,1.0,1.0,0.5,1.0,0.9,1.0,6.0,1.0,1.0,1.0,0.0,1.0,1.0,1.0,1.0,1.0,1.0,0.0,0.0,1.0,27.0,1.0,1.0,1.0,1.0,1.0,7.0,8.0,0.777778,0.888889,0.888889
dataset-v2,v2,extraction-v2,hybrid-v1,weak_serp,63.1579,,кухни на заказ Краснодар,кухни на заказ,commercial,Краснодар,35,https://krasnodar.marya.ru/,krasnodar.marya.ru,8,0,,,homepage,ok,,artifacts\query--726f0bdde9722b02.json,509dd9c86fb6c7f6b340f518643a705de5c95af7,619301,63.1579,17424.0,488446.0,2309.0,873.0,0.37808575140753575,6.4435,72.0,32.0694,44.0,1.0,2.0,0.0,3.0,1.0,62.0,1.0,164.0,0.0,0.0,0.0,88.0,3.0,3.0,0.75,0.5,4.0,0.75,17.0,0.038112,1.0,397.0,16.0,345.0,4.0,5.0,29.0,5.8,52.4773,171.935903,6.929407,149.415331,1.732352,0.035672,0.449543,1.0,1.0,5.816121,0.068182,0.449543,0.337157,0.337157,0.5625,0.449543,0.85,0.872727,0.868966,0.729609,0.169966,0.449543,200.0,1.0,0.0,0.0,0.0,0.0,0.0,0.0,0.0,0.0,1.0,1.0,1.0,0.0,0.0,0.0,0.0,0.0,1.0,1.0,1.0,0.75,0.95,1.0,4.0,1.0,1.0,1.0,1.0,1.0,1.0,1.0,1.0,1.0,1.0,0.0,0.0,1.0,13.0,1.0,1.0,1.0,1.0,1.0,8.0,8.0,0.888889,0.888889,0.925926
dataset-v2,v2,extraction-v2,hybrid-v1,weak_serp,57.8947,,кухни на заказ Краснодар,кухни на заказ,commercial,Краснодар,35,https://kuhni-kook.ru/,kuhni-kook.ru,9,0,,,homepage,ok,,artifacts\query--47833c0602829159.json,18ddf6bdc457c5565d96dcf329ea2713666a4449,303885,57.8947,4050.0,282249.0,641.0,374.0,0.5834633385335414,5.1279,56.0,11.4464,1.0,0.0,0.0,0.0,0.0,1.0,76.0,1.0,125.0,0.0,0.0,0.0,11.0,3.0,3.0,0.75,0.75,0.0,0.0,6.0,0.017161,1.0,6.0,15.0,24.0,19.0,0.0,0.0,0.0,641.0,9.360374,23.400936,37.441498,29.641186,0.014349,0.48405,1.0,0.5,106.833333,0.0,0.48405,0.363038,0.0,0.0,0.206851,0.6625,0.618182,0.862069,0.572023,0.100575,0.242025,200.0,1.0,0.0,0.0,1.0,0.0,0.0,0.0,0.0,0.0,1.0,1.0,0.0,0.0,0.0,0.0,0.0,0.0,1.0,1.0,0.5,0.0,0.7,1.0,1.0,1.0,1.0,0.0,1.0,1.0,1.0,0.0,1.0,1.0,0.0,0.0,0.0,0.0,0.0,1.0,1.0,1.0,1.0,0.8,5.0,6.0,0.555556,0.666667,0.674074
dataset-v2,v2,extraction-v2,hybrid-v1,weak_serp,52.6316,,кухни на заказ Краснодар,кухни на заказ,commercial,Краснодар,35,http://kuhnya-krasnodar.ru/,kuhnya-krasnodar.ru,10,0,,,homepage,ok,,artifacts\query--648d846b5493dcd3.json,bccc19bcb5f52a23afb3245766598f3abdd8f302,937937,52.6316,12837.0,870911.0,1841.0,795.0,0.43183052688756113,5.7306,98.0,18.7857,1.0,11.0,0.0,0.0,11.0,1.0,82.0,1.0,170.0,0.0,0.0,0.0,51.0,3.0,2.0,0.75,0.5,4.0,0.75,16.0,0.027702,1.0,25.0,15.0,72.0,34.0,4.0,100.0,25.0,1841.0,13.579576,8.147746,39.10918,18.468224,0.01474,0.631108,1.0,1.0,73.64,11.0,0.631108,0.473331,0.473331,0.5625,0.631108,0.85,0.509091,0.827586,0.923411,0.272532,0.631108,200.0,1.0,0.0,0.0,1.0,1.0,0.0,0.0,0.0,0.0,1.0,1.0,0.0,0.0,0.0,0.0,0.0,0.0,1.0,1.0,0.5,1.0,0.9,1.0,9.0,0.0,1.0,1.0,0.0,1.0,1.0,0.0,1.0,1.0,1.0,1.0,0.0,1.0,9.0,0.0,1.0,1.0,1.0,0.6,6.0,8.0,0.666667,0.888889,0.718519
dataset-v2,v2,extraction-v2,hybrid-v1,weak_serp,100.0,,кухни на заказ Самара,кухни на заказ,commercial,Самара,51,https://samara.lemanapro.ru/proekt-kuhni/na-zakaz/,samara.lemanapro.ru,1,0,,,content,ok,,artifacts\query--065176050af85d66.json,701e94224a31eaa2101c6fd1e9feaf667c5ca2ac,10075,100.0,77.0,8264.0,13.0,13.0,1.0,5.0,1.0,13.0,1.0,1.0,0.0,0.0,1.0,1.0,12.0,0.0,0.0,0.0,0.0,0.0,0.0,0.0,0.0,0.0,0.0,0.0,0.0,0.0,0.0,0.0,1.0,0.0,0.0,0.0,0.0,0.0,0.0,13.0,76.923077,0.0,0.0,0.0,0.009318,0.055396,0.0,0.0,13.0,1.0,0.0,0.0,0.0,0.0,0.00048,0.0,0.218182,0.0,0.0,0.0004,0.0,403.0,0.0,0.0,0.0,0.0,0.0,0.0,0.0,0.0,0.0,0.0,1.0,1.0,0.0,0.0,2.0,0.0,0.0,1.0,0.8,1.0,0.75,0.71,1.0,1.0,0.0,0.0,0.0,0.0,0.0,0.0,0.0,0.0,0.0,0.0,0.0,0.0,0.0,0.0,0.0,0.0,0.0,0.0,0.2,1.0,0.0,0.111111,0.0,0.103704
dataset-v2,v2,extraction-v2,hybrid-v1,weak_serp,94.7368,,кухни на заказ Самара,кухни на заказ,commercial,Самара,51,https://samara.fakturamebel.ru/,samara.fakturamebel.ru,2,0,,,homepage,ok,,artifacts\query--6a6caa33494d2d25.json,63677777fac7cb7b59ecb8ef6b6e338865a58d9b,337174,94.7368,21367.0,266046.0,3093.0,1212.0,0.3918525703200776,5.6867,250.0,12.372,4.0,0.0,0.0,0.0,0.0,1.0,23.0,1.0,48.0,0.0,0.0,0.0,73.0,3.0,2.0,0.75,0.5,0.0,0.0,22.0,0.023602,0.75,29.0,38.0,31.0,2.0,1.0,5.0,5.0,773.25,9.37601,12.285807,10.022632,0.646621,0.080313,0.477933,1.0,1.0,106.655172,0.0,0.35845,0.35845,0.0,0.0,0.477933,0.625,0.418182,0.331034,0.590042,0.187279,0.477933,200.0,1.0,0.0,0.0,1.0,1.0,0.0,0.0,0.0,0.0,1.0,1.0,0.0,0.0,0.0,0.0,0.0,0.0,1.0,1.0,0.5,1.0,0.9,1.0,4.0,0.0,1.0,0.0,0.0,1.0,1.0,0.0,1.0,1.0,1.0,0.0,0.0,1.0,5.0,0.0,1.0,1.0,1.0,0.4,5.0,6.0,0.555556,0.666667,0.540741
dataset-v2,v2,extraction-v2,hybrid-v1,weak_serp,89.4737,,кухни на заказ Самара,кухни на заказ,commercial,Самара,51,https://samara.marya.ru/,samara.marya.ru,3,0,,,homepage,ok,,artifacts\query--b0cccb53af6bf144.json,437d2842a4ea31af48862a39d1fa1f35e4cc4472,623184,89.4737,16999.0,492653.0,2280.0,887.0,0.38903508771929823,6.3535,73.0,31.2329,45.0,1.0,0.0,0.0,1.0,1.0,62.0,1.0,160.0,0.0,0.0,0.0,87.0,3.0,3.0,0.75,0.5,3.0,0.75,17.0,0.038158,1.0,396.0,16.0,338.0,4.0,5.0,29.0,5.8,50.6667,173.684211,7.017544,148.245614,1.754386,0.034505,0.450746,1.0,1.0,5.757576,0.022222,0.450746,0.338059,0.338059,0.5625,0.450746,0.85,0.872727,0.896552,0.72807,0.175356,0.450746,200.0,1.0,0.0,0.0,0.0,0.0,0.0,0.0,0.0,0.0,1.0,1.0,1.0,0.0,0.0,0.0,0.0,0.0,1.0,1.0,1.0,0.75,0.95,1.0,4.0,1.0,1.0,1.0,1.0,1.0,1.0,1.0,1.0,1.0,1.0,0.0,0.0,1.0,13.0,1.0,1.0,1.0,1.0,1.0,8.0,8.0,0.888889,0.888889,0.925926
dataset-v2,v2,extraction-v2,hybrid-v1,weak_serp,84.2105,,кухни на заказ Самара,кухни на заказ,commercial,Самара,51,https://kmsmebel.ru/,kmsmebel.ru,4,0,,,homepage,ok,,artifacts\query--e6f6a13346b8a2c2.json,40d46ca758a46a0ac0938a8b90d3fd5265a02b27,371945,84.2105,12236.0,320341.0,1753.0,750.0,0.4278379920136908,5.7148,157.0,11.1656,1.0,1.0,4.0,1.0,6.0,1.0,39.0,1.0,129.0,0.0,0.0,0.0,56.0,3.0,1.0,0.75,0.25,6.0,0.75,22.0,0.031945,0.75,20.0,24.0,157.0,6.0,4.0,58.0,14.5,1753.0,11.409013,13.690816,89.560753,3.422704,0.038197,0.718318,1.0,1.0,87.65,6.0,0.538739,0.538739,0.538739,0.5625,0.718318,0.8125,0.709091,0.889655,0.701369,0.299299,0.718318,200.0,1.0,0.0,0.0,1.0,1.0,0.0,0.0,0.0,0.0,1.0,1.0,0.0,0.0,0.0,0.0,0.0,0.0,1.0,1.0,0.5,1.0,0.9,1.0,5.0,0.0,1.0,1.0,1.0,1.0,1.0,0.0,1.0,1.0,1.0,0.0,1.0,1.0,4.0,1.0,1.0,1.0,1.0,0.8,8.0,7.0,0.888889,0.777778,0.822222
dataset-v2,v2,extraction-v2,hybrid-v1,weak_serp,78.9474,,кухни на заказ Самара,кухни на заказ,commercial,Самара,51,https://mebelhall-kitchen.ru/,mebelhall-kitchen.ru,5,0,,,homepage,ok,,artifacts\query--c3c1b1114dbbf60a.json,61c3412ff1de9b53f952b9d198ab05a5aff6b4b0,1444417,78.9474,11148.0,1370708.0,1623.0,551.0,0.3394947627849661,5.4461,88.0,18.4432,32.0,1.0,3.0,1.0,5.0,1.0,87.0,1.0,128.0,0.0,0.0,0.0,72.0,1.0,3.0,0.25,0.75,5.0,0.75,18.0,0.044362,1.0,46.0,26.0,133.0,15.0,8.0,61.0,7.625,50.7188,28.342575,16.019717,81.947012,9.242144,0.008133,0.657164,1.0,1.0,35.282609,0.15625,0.657164,0.164291,0.492873,0.1875,0.657164,0.675,0.418182,0.882759,0.521257,0.201165,0.657164,200.0,1.0,0.0,0.0,1.0,1.0,0.0,0.0,0.0,0.0,1.0,1.0,0.0,0.0,0.0,0.0,0.0,0.0,1.0,1.0,0.5,1.0,0.9,1.0,26.0,1.0,1.0,1.0,0.0,1.0,1.0,1.0,1.0,1.0,1.0,0.0,0.0,1.0,8.0,1.0,1.0,1.0,1.0,1.0,7.0,8.0,0.777778,0.888889,0.888889
dataset-v2,v2,extraction-v2,hybrid-v1,weak_serp,73.6842,,кухни на заказ Самара,кухни на заказ,commercial,Самара,51,https://kukhni-vsamare.ru/,kukhni-vsamare.ru,6,0,,,homepage,ok,,artifacts\query--8c538f038552fe68.json,8a82e4d68de8754c25edd24385a363ec034b8e82,353281,73.6842,3697.0,321046.0,568.0,219.0,0.3855633802816901,5.2606,27.0,21.037,90.0,5.0,1.0,9.0,15.0,1.0,51.0,1.0,78.0,0.0,0.0,0.0,36.0,3.0,0.0,0.75,0.0,20.0,0.5,14.0,0.06338,0.75,12.0,65.0,0.0,52.0,0.0,23.0,0.0,6.3111,21.126761,114.43662,0.0,91.549296,0.011515,0.730619,1.0,0.5,47.333333,0.166667,0.547964,0.547964,0.36531,0.375,0.276661,0.75,0.927273,0.537931,0.0,0.088892,0.36531,200.0,1.0,0.0,0.0,0.0,0.0,0.0,0.0,0.0,0.0,1.0,1.0,1.0,0.0,0.0,0.0,0.0,0.0,1.0,1.0,1.0,0.75,0.95,1.0,4.0,0.0,1.0,0.0,1.0,1.0,0.0,0.0,0.0,1.0,0.0,0.0,0.0,1.0,4.0,1.0,1.0,0.0,0.0,0.6,5.0,2.0,0.555556,0.222222,0.459259
dataset-v2,v2,extraction-v2,hybrid-v1,weak_serp,68.4211,,кухни на заказ Самара,кухни на заказ,commercial,Самара,51,https://kuhnari-samara.ru/,kuhnari-samara.ru,7,0,,,homepage,ok,,artifacts\query--d8d2766e15f80763.json,361d82fc015fd685b8dbf222ea1215081a6a3201,1096720,68.4211,24576.0,965335.0,3470.0,1172.0,0.3377521613832853,5.7562,297.0,11.6835,48.0,0.0,0.0,0.0,0.0,1.0,33.0,0.0,0.0,0.0,0.0,0.0,84.0,3.0,0.0,0.75,0.0,0.0,0.0,15.0,0.024207,1.0,161.0,760.0,0.0,1.0,3.0,32.0,10.666667,72.2917,46.397695,219.020173,0.0,0.288184,0.025459,0.655041,1.0,0.75,21.552795,0.0,0.655041,0.491281,0.0,0.0,0.655041,0.6625,0.6,0.0,0.806916,0.221242,0.491281,200.0,1.0,0.0,0.0,0.0,0.0,1.0,0.0,0.0,0.0,1.0,1.0,1.0,0.0,0.0,0.0,0.0,0.0,1.0,1.0,1.0,0.75,0.95,1.0,8.0,1.0,1.0,1.0,0.0,1.0,0.0,0.0,0.0,1.0,0.0,0.0,1.0,1.0,8.0,1.0,1.0,1.0,1.0,1.0,6.0,6.0,0.666667,0.666667,0.777778
dataset-v2,v2,extraction-v2,hybrid-v1,weak_serp,63.1579,,кухни на заказ Самара,кухни на заказ,commercial,Самара,51,https://samara-kuhni-na-zakaz.ru/,samara-kuhni-na-zakaz.ru,8,0,,,homepage,ok,,artifacts\query--d620da627f343732.json,875435d82b984b43e2ea7f8c3c185540b7832d08,541210,63.1579,8818.0,455144.0,1249.0,625.0,0.500400320256205,5.8911,52.0,24.0192,140.0,1.0,5.0,0.0,6.0,1.0,62.0,1.0,122.0,0.0,0.0,0.0,58.0,5.0,5.0,0.75,0.75,5.0,0.75,20.0,0.046437,1.0,40.0,9.0,13.0,2.0,1.0,6.0,6.0,8.9214,32.02562,7.205765,10.408327,1.601281,0.019374,0.662249,1.0,1.0,31.225,0.042857,0.662249,0.496687,0.496687,0.5625,0.551433,0.85,0.872727,0.841379,0.452095,0.229948,0.662249,200.0,1.0,0.0,0.0,1.0,1.0,1.0,0.0,0.0,0.0,1.0,1.0,1.0,0.0,0.0,0.0,0.0,0.0,1.0,1.0,1.0,1.0,1.0,1.0,5.0,1.0,1.0,1.0,0.0,1.0,1.0,1.0,1.0,1.0,1.0,0.0,0.0,1.0,1.0,1.0,1.0,1.0,1.0,1.0,7.0,8.0,0.777778,0.888889,0.888889
dataset-v2,v2,extraction-v2,hybrid-v1,weak_serp,57.8947,,кухни на заказ Самара,кухни на заказ,commercial,Самара,51,https://mebel-kega.ru/kuhni,mebel-kega.ru,9,0,,,content,ok,,artifacts\query--78106707709b23fc.json,00e47891165bf3b2aaf6662d2b72f5bc001b0fd6,167929,57.8947,3295.0,128140.0,603.0,243.0,0.40298507462686567,4.1609,26.0,23.1923,4.0,1.0,2.0,0.0,3.0,1.0,102.0,1.0,223.0,0.0,0.0,0.0,10.0,2.0,4.0,0.25,1.0,1.0,0.25,6.0,0.016584,0.75,132.0,39.0,39.0,4.0,39.0,122.0,3.128205,150.75,218.905473,64.676617,64.676617,6.633499,0.025714,0.568326,1.0,1.0,4.568182,0.75,0.426245,0.142081,0.142081,0.0625,0.228467,0.5125,0.145455,0.462069,0.414594,0.076724,0.568326,200.0,1.0,0.0,0.0,1.0,1.0,0.0,0.0,0.0,0.0,1.0,1.0,1.0,0.0,0.0,1.0,0.0,0.0,1.0,0.9,1.0,1.0,0.98,1.0,3.0,1.0,0.0,0.0,1.0,1.0,0.0,0.0,1.0,1.0,1.0,0.0,0.0,1.0,1.0,0.0,1.0,1.0,1.0,0.4,4.0,6.0,0.444444,0.666667,0.503704
dataset-v2,v2,extraction-v2,hybrid-v1,weak_serp,52.6316,,кухни на заказ Самара,кухни на заказ,commercial,Самара,51,https://ka2design.ru/,ka2design.ru,10,0,,,homepage,ok,,artifacts\query--a880dee2f4b27ca1.json,85b8cfe56a1f18a3586ebc988882c0708b57ac8a,374164,52.6316,19044.0,269582.0,2682.0,1044.0,0.38926174496644295,5.8654,150.0,17.88,138.0,1.0,12.0,18.0,31.0,1.0,47.0,1.0,95.0,0.0,0.0,0.0,55.0,3.0,4.0,0.75,0.75,4.0,0.25,17.0,0.020507,1.0,355.0,207.0,132.0,41.0,3.0,13.0,4.333333,19.4348,132.363908,77.181208,49.217002,15.287099,0.070643,0.72469,1.0,1.0,7.55493,0.224638,0.72469,0.543517,0.181172,0.1875,0.72469,0.725,0.854545,0.655172,0.683569,0.282094,0.72469,200.0,1.0,0.0,0.0,1.0,1.0,0.0,0.0,0.0,0.0,1.0,1.0,1.0,0.0,0.0,0.0,0.0,0.0,1.0,1.0,1.0,1.0,1.0,1.0,4.0,1.0,1.0,1.0,1.0,1.0,0.0,1.0,1.0,1.0,1.0,0.0,0.0,1.0,2.0,1.0,1.0,1.0,1.0,1.0,7.0,8.0,0.777778,0.888889,0.888889
dataset-v2,v2,extraction-v2,hybrid-v1,weak_serp,100.0,,кухни на заказ Нижний Новгород,кухни на заказ,commercial,Нижний Новгород,47,https://kuhni-52.ru/,kuhni-52.ru,1,0,,,homepage,ok,,artifacts\query--6f52afa9c718f505.json,9cf91d48bf34cb15f83d0523ac8edee09489bdbe,103427,100.0,6773.0,64446.0,989.0,510.0,0.5156723963599595,5.6502,79.0,12.519,16.0,1.0,0.0,9.0,10.0,1.0,52.0,1.0,138.0,0.0,0.0,0.0,47.0,3.0,3.0,0.6,0.6,3.0,0.6,15.0,0.047523,1.0,105.0,33.0,32.0,0.0,16.0,52.0,3.25,61.8125,106.167846,33.367037,32.355915,0.0,0.105096,0.609845,1.0,1.0,9.419048,0.625,0.609845,0.365907,0.365907,0.36,0.402091,0.76,0.945455,0.951724,0.415908,0.172789,0.609845,200.0,1.0,0.0,0.0,0.0,0.0,0.0,0.0,0.0,0.0,1.0,1.0,1.0,0.0,0.0,0.0,0.0,0.0,1.0,1.0,1.0,0.75,0.95,1.0,3.0,0.0,1.0,1.0,1.0,1.0,1.0,1.0,1.0,1.0,1.0,0.0,0.0,1.0,3.0,1.0,1.0,0.0,0.0,0.8,8.0,5.0,0.888889,0.555556,0.748148
dataset-v2,v2,extraction-v2,hybrid-v1,weak_serp,94.7368,,кухни на заказ Нижний Новгород,кухни на заказ,commercial,Нижний Новгород,47,https://kuhni-slavichi.ru/,kuhni-slavichi.ru,2,0,,,homepage,ok,,artifacts\query--aa9ad39d1bc7f938.json,4d07f6c547583c036dbb6606b173e0026bdd58c3,172174,94.7368,15951.0,83052.0,2338.0,969.0,0.4144568006843456,5.5997,163.0,14.3436,56.0,1.0,11.0,52.0,64.0,1.0,57.0,1.0,109.0,0.0,0.0,0.0,158.0,4.0,3.0,0.6,0.6,38.0,0.6,40.0,0.067579,1.0,112.0,60.0,77.0,39.0,3.0,11.0,3.666667,41.75,47.904192,25.66296,32.934132,16.680924,0.19206,0.494774,1.0,1.0,20.875,1.142857,0.494774,0.296864,0.296864,0.36,0.494774,0.76,0.963636,0.751724,0.0,0.205062,0.494774,200.0,1.0,0.0,0.0,1.0,1.0,0.0,0.0,0.0,0.0,1.0,1.0,1.0,0.0,0.0,0.0,0.0,0.0,1.0,1.0,1.0,1.0,1.0,1.0,1.0,1.0,1.0,1.0,1.0,1.0,0.0,0.0,1.0,0.0,1.0,0.0,0.0,1.0,16.0,0.0,1.0,0.0,0.0,0.8,6.0,5.0,0.666667,0.555556,0.674074
dataset-v2,v2,extraction-v2,hybrid-v1,weak_serp,89.4737,,кухни на заказ Нижний Новгород,кухни на заказ,commercial,Нижний Новгород,47,https://kuhni-nn.ru/,kuhni-nn.ru,3,0,,,homepage,ok,,artifacts\query--fd70248b477feb12.json,4f43c42d2058a8d8b6d538fca9e4b7f3558c6956,346895,89.4737,18447.0,232798.0,2991.0,915.0,0.3059177532597793,4.788,63.0,47.4762,284.0,1.0,10.0,2.0,13.0,1.0,33.0,1.0,295.0,0.0,0.0,0.0,78.0,3.0,9.0,0.6,1.0,10.0,0.6,16.0,0.026078,1.0,279.0,260.0,29.0,782.0,0.0,0.0,0.0,10.5317,93.27984,86.927449,9.695754,261.45102,0.07924,0.599815,1.0,0.5,10.72043,0.045775,0.599815,0.359889,0.359889,0.36,0.599815,0.76,0.6,0.0,0.869274,0.183494,0.299907,200.0,1.0,0.0,0.0,0.0,0.0,0.0,0.0,0.0,0.0,1.0,0.0,0.0,0.0,0.0,0.0,0.0,0.0,1.0,1.0,0.0,0.75,0.75,1.0,2.0,1.0,1.0,0.0,1.0,1.0,1.0,0.0,1.0,0.0,0.0,0.0,0.0,0.0,0.0,0.0,1.0,0.0,0.0,0.6,5.0,3.0,0.555556,0.333333,0.496296
dataset-v2,v2,extraction-v2,hybrid-v1,weak_serp,84.2105,,кухни на заказ Нижний Новгород,кухни на заказ,commercial,Нижний Новгород,47,https://julison.ru/,julison.ru,4,0,,,homepage,ok,,artifacts\query--18de342367fe3d6d.json,3768e1f43d57768298cd5cdb03e9813f7f5697b7,415725,84.2105,11391.0,307667.0,1742.0,432.0,0.24799081515499427,5.3628,136.0,12.8088,30.0,1.0,0.0,0.0,1.0,1.0,63.0,1.0,132.0,0.0,0.0,0.0,33.0,3.0,1.0,0.6,0.2,3.0,0.6,13.0,0.018944,1.0,127.0,430.0,202.0,3.0,2.0,11.0,5.5,58.0667,72.904707,246.84271,115.958668,1.722158,0.037024,0.352989,1.0,1.0,13.716535,0.033333,0.352989,0.211793,0.211793,0.36,0.352989,0.76,0.854545,0.910345,0.631458,0.084717,0.352989,200.0,1.0,0.0,0.0,1.0,1.0,1.0,0.0,0.0,0.0,1.0,1.0,1.0,0.0,0.0,0.0,0.0,0.0,1.0,1.0,1.0,1.0,1.0,1.0,8.0,1.0,1.0,1.0,0.0,1.0,1.0,1.0,1.0,1.0,1.0,0.0,0.0,1.0,13.0,1.0,1.0,1.0,1.0,1.0,7.0,8.0,0.777778,0.888889,0.888889
dataset-v2,v2,extraction-v2,hybrid-v1,weak_serp,78.9474,,кухни на заказ Нижний Новгород,кухни на заказ,commercial,Нижний Новгород,47,https://kuhni-pod-zakaz-nn.ru/,kuhni-pod-zakaz-nn.ru,5,0,,,homepage,ok,,artifacts\query--206016864e091b02.json,ea405700bf8165da0d29cee3c9c11cfaaec77b31,331062,78.9474,13662.0,246301.0,1987.0,833.0,0.4192249622546553,5.6613,81.0,24.5309,79.0,1.0,12.0,0.0,13.0,1.0,64.0,1.0,220.0,0.0,0.0,0.0,43.0,3.0,4.0,0.6,0.6,5.0,0.6,4.0,0.021641,1.0,191.0,264.0,177.0,0.0,3.0,38.0,12.666667,25.1519,96.124811,132.863613,89.079014,0.0,0.055469,0.615618,0.8,1.0,10.403141,0.164557,0.615618,0.369371,0.369371,0.36,0.615618,0.71,0.836364,0.482759,0.721355,0.258082,0.615618,200.0,1.0,0.0,0.0,1.0,1.0,0.0,0.0,0.0,0.0,1.0,1.0,1.0,0.0,0.0,0.0,0.0,0.0,1.0,1.0,1.0,1.0,1.0,1.0,2.0,1.0,1.0,0.0,1.0,1.0,1.0,1.0,1.0,1.0,1.0,0.0,1.0,1.0,29.0,1.0,1.0,1.0,1.0,0.8,8.0,7.0,0.888889,0.777778,0.822222
dataset-v2,v2,extraction-v2,hybrid-v1,weak_serp,73.6842,,кухни на заказ Нижний Новгород,кухни на заказ,commercial,Нижний Новгород,47,https://kuxni-nn.ru/,kuxni-nn.ru,6,0,,,homepage,ok,,artifacts\query--8a9e3df879ae0e46.json,4b4718032e57ff436e259c3ab880149c0cfaaf34,339311,73.6842,9495.0,275586.0,1531.0,522.0,0.340953625081646,4.8641,43.0,35.6047,27.0,1.0,6.0,11.0,18.0,1.0,71.0,1.0,155.0,0.0,0.0,0.0,45.0,3.0,4.0,0.6,0.6,6.0,0.6,16.0,0.029393,1.0,158.0,236.0,75.0,77.0,0.0,0.0,0.0,56.7037,103.200523,154.147616,48.98759,50.293926,0.034454,0.274199,1.0,0.5,9.689873,0.666667,0.274199,0.164519,0.164519,0.36,0.274199,0.76,0.709091,0.931034,0.979752,0.079518,0.1371,200.0,1.0,0.0,0.0,1.0,1.0,0.0,0.0,0.0,0.0,1.0,1.0,1.0,0.0,0.0,0.0,0.0,0.0,1.0,1.0,1.0,1.0,1.0,1.0,1.0,0.0,1.0,0.0,1.0,1.0,1.0,1.0,1.0,1.0,0.0,0.0,1.0,1.0,2.0,1.0,1.0,1.0,1.0,0.6,8.0,5.0,0.888889,0.555556,0.681481
dataset-v2,v2,extraction-v2,hybrid-v1,weak_serp,68.4211,,кухни на заказ Нижний Новгород,кухни на заказ,commercial,Нижний Новгород,47,https://love-kuhnya-na-zakaz-nn.ru/,love-kuhnya-na-zakaz-nn.ru,7,0,,,homepage,ok,,artifacts\query--c492aef99e0946d4.json,0dff5515473b5f3f32292f5d4fd4c1d6f7bb8d52,875125,68.4211,17472.0,680960.0,2606.0,879.0,0.3372985418265541,5.5599,64.0,40.7188,176.0,1.0,13.0,4.0,18.0,1.0,112.0,1.0,196.0,0.0,0.0,0.0,272.0,3.0,1.0,0.6,0.2,10.0,1.0,28.0,0.104375,1.0,657.0,417.0,189.0,8.0,3.0,45.0,15.0,14.8068,252.110514,160.015349,72.524942,3.069839,0.025658,0.462011,1.0,1.0,3.966514,0.102273,0.462011,0.277207,0.462011,0.6,0.462011,0.86,0.0,0.648276,0.0,0.155836,0.462011,200.0,1.0,0.0,0.0,1.0,1.0,1.0,0.0,0.0,0.0,1.0,1.0,1.0,0.0,0.0,0.0,0.0,0.0,1.0,1.0,1.0,1.0,1.0,1.0,7.0,1.0,1.0,1.0,1.0,1.0,1.0,0.0,1.0,1.0,1.0,0.0,1.0,1.0,11.0,1.0,1.0,1.0,1.0,1.0,8.0,8.0,0.888889,0.888889,0.925926
dataset-v2,v2,extraction-v2,hybrid-v1,weak_serp,63.1579,,кухни на заказ Нижний Новгород,кухни на заказ,commercial,Нижний Новгород,47,https://www.kukhni-nizhniy-novgorod.ru/,kukhni-nizhniy-novgorod.ru,8,0,,,homepage,ok,,artifacts\query--ab905ebacdbcf965.json,04aa80578b30f25ea9e4973000847c931e6f0e2d,862776,63.1579,41189.0,669784.0,5274.0,1628.0,0.3086841107318923,6.5939,358.0,14.7318,379.0,0.0,0.0,0.0,0.0,1.0,76.0,1.0,199.0,1.0,1.0,1.0,158.0,5.0,1.0,1.0,0.2,0.0,0.0,10.0,0.029958,1.0,343.0,230.0,73.0,221.0,42.0,199.0,4.738095,13.9156,65.036026,43.610163,13.841487,41.903678,0.061496,0.428845,1.0,1.0,15.376093,0.0,0.428845,0.428845,0.0,0.0,0.428845,0.75,0.618182,0.627586,0.99861,0.132378,0.428845,200.0,1.0,0.0,0.0,0.0,0.0,1.0,0.0,0.0,0.0,1.0,0.0,1.0,0.0,0.0,0.0,0.0,0.0,1.0,1.0,0.5,0.75,0.85,1.0,7.0,1.0,1.0,1.0,1.0,1.0,1.0,1.0,1.0,1.0,1.0,0.0,0.0,1.0,21.0,1.0,1.0,1.0,1.0,1.0,8.0,8.0,0.888889,0.888889,0.925926
dataset-v2,v2,extraction-v2,hybrid-v1,weak_serp,57.8947,,кухни на заказ Нижний Новгород,кухни на заказ,commercial,Нижний Новгород,47,https://kuhnyabar.ru/,kuhnyabar.ru,9,0,,,homepage,ok,,artifacts\query--66065ae85eb271a4.json,acb5ae9b9707331f3076993fb25f4064422ba410,2581,57.8947,70.0,708.0,10.0,5.0,0.5,6.0,1.0,10.0,1.0,0.0,0.0,0.0,0.0,1.0,35.0,0.0,0.0,0.0,0.0,0.0,0.0,0.0,0.0,0.0,0.0,0.0,0.0,0.0,0.0,0.0,1.0,1.0,0.0,1.0,0.0,0.0,0.0,10.0,100.0,100.0,0.0,100.0,0.09887,0.049131,0.0,0.25,10.0,0.0,0.0,0.0,0.0,0.0,0.000328,0.0,0.636364,0.0,0.0,0.000136,0.012283,402.0,0.0,0.0,0.0,0.0,0.0,0.0,0.0,0.0,0.0,0.0,0.0,0.0,0.0,0.0,0.0,0.0,0.0,1.0,1.0,0.0,0.75,0.55,0.0,0.0,0.0,0.0,0.0,0.0,0.0,0.0,0.0,0.0,0.0,0.0,0.0,0.0,0.0,0.0,0.0,0.0,0.0,0.0,0.0,0.0,0.0,0.0,0.0,0.0
dataset-v2,v2,extraction-v2,hybrid-v1,weak_serp,52.6316,,кухни на заказ Нижний Новгород,кухни на заказ,commercial,Нижний Новгород,47,https://borgostudio.ru/,borgostudio.ru,10,0,,,homepage,ok,,artifacts\query--0864a760700ab112.json,88c29e330548c33a6557a6ac40f6ddf8565e8d18,215751,52.6316,6404.0,169399.0,916.0,445.0,0.48580786026200873,5.8745,59.0,15.5254,44.0,1.0,20.0,0.0,21.0,1.0,56.0,1.0,141.0,0.0,0.0,0.0,61.0,3.0,3.0,0.6,0.6,5.0,0.4,34.0,0.066594,1.0,141.0,35.0,109.0,0.0,0.0,0.0,0.0,20.8182,153.930131,38.209607,118.995633,0.0,0.037804,0.438937,1.0,0.5,6.496454,0.477273,0.438937,0.263362,0.175575,0.24,0.268044,0.71,0.981818,0.972414,0.0,0.108515,0.219469,200.0,1.0,0.0,0.0,1.0,1.0,1.0,0.0,0.0,0.0,1.0,1.0,1.0,0.0,0.0,0.0,0.0,0.0,1.0,1.0,1.0,1.0,1.0,1.0,3.0,0.0,1.0,1.0,0.0,1.0,1.0,1.0,1.0,1.0,0.0,0.0,1.0,1.0,3.0,1.0,1.0,1.0,1.0,0.8,8.0,6.0,0.888889,0.666667,0.785185
dataset-v2,v2,extraction-v2,hybrid-v1,weak_serp,100.0,,кухни на заказ цена Москва,кухни на заказ,commercial,Москва,213,https://www.mebelmsk.ru/mebel-na-zakaz/kukhni/,mebelmsk.ru,1,0,,,content,ok,,artifacts\query--824394a83f6ad6d0.json,73f27edb6462ca72a3f1fb8d62fa70fa407dfad6,583097,100.0,28534.0,373908.0,3975.0,1395.0,0.35094339622641507,6.001,247.0,16.0931,64.0,1.0,7.0,1.0,9.0,1.0,92.0,1.0,110.0,0.0,0.0,0.0,128.0,3.0,3.0,0.6,0.6,9.0,0.6,9.0,0.032201,0.8,424.0,155.0,253.0,1.0,4.0,44.0,11.0,62.1094,106.666667,38.993711,63.647799,0.251572,0.076313,0.689941,1.0,1.0,9.375,0.140625,0.551953,0.413965,0.413965,0.36,0.689941,0.73,0.327273,0.758621,0.7413,0.24213,0.689941,200.0,1.0,0.0,0.0,1.0,1.0,0.0,0.0,0.0,0.0,1.0,1.0,1.0,0.0,0.0,2.0,0.0,0.0,1.0,0.8,1.0,1.0,0.96,1.0,5.0,0.0,1.0,1.0,1.0,1.0,1.0,1.0,1.0,1.0,1.0,0.0,1.0,1.0,4.0,1.0,1.0,1.0,1.0,0.8,9.0,7.0,1.0,0.777778,0.859259
dataset-v2,v2,extraction-v2,hybrid-v1,weak_serp,94.7368,,кухни на заказ цена Москва,кухни на заказ,commercial,Москва,213,https://mebel-renessans.ru/kuhni,mebel-renessans.ru,2,0,,,content,ok,,artifacts\query--aa013bec1539b9b0.json,636ef5d7c7b5ca5a66962333e593687c85624a99,1007575,94.7368,23654.0,710265.0,3471.0,1040.0,0.299625468164794,5.5854,256.0,13.5586,236.0,1.0,47.0,51.0,99.0,1.0,130.0,1.0,254.0,0.0,0.0,0.0,123.0,4.0,4.0,0.8,0.6,13.0,0.8,7.0,0.035436,1.0,642.0,324.0,377.0,1.0,21.0,344.0,16.380952,14.7076,184.961106,93.344857,108.614232,0.288101,0.033303,0.800513,1.0,1.0,5.406542,0.419492,0.800513,0.64041,0.64041,0.64,0.800513,0.88,0.0,0.248276,0.818784,0.239854,0.800513,200.0,1.0,0.0,0.0,1.0,1.0,0.0,0.0,0.0,0.0,1.0,1.0,1.0,0.0,0.0,1.0,0.0,0.0,1.0,0.9,1.0,1.0,0.98,1.0,10.0,0.0,1.0,1.0,1.0,1.0,1.0,1.0,1.0,1.0,1.0,1.0,1.0,1.0,51.0,1.0,1.0,1.0,1.0,0.8,9.0,8.0,1.0,0.888889,0.896296
dataset-v2,v2,extraction-v2,hybrid-v1,weak_serp,89.4737,,кухни на заказ цена Москва,кухни на заказ,commercial,Москва,213,https://www.bestmebelshop.ru/catalog/mebel-dlya-kukhni/category-kukhni-po-individualnym-razmeram/,bestmebelshop.ru,3,0,,,product,ok,,artifacts\query--38f426449ca87a3c.json,372a33c62a94db5b5abbf4c96c44354d1789bf7c,963220,89.4737,13924.0,772922.0,2444.0,677.0,0.27700490998363336,4.4509,168.0,14.5476,1.0,1.0,0.0,0.0,1.0,1.0,62.0,1.0,143.0,0.0,0.0,0.0,92.0,3.0,3.0,0.6,0.6,1.0,0.2,9.0,0.037643,1.0,426.0,338.0,189.0,2.0,4.0,101.0,25.25,2444.0,174.304419,138.297872,77.332242,0.818331,0.018015,0.35123,1.0,1.0,5.737089,1.0,0.35123,0.210738,0.070246,0.12,0.35123,0.66,0.872727,0.986207,0.745226,0.097292,0.35123,200.0,1.0,0.0,0.0,0.0,0.0,1.0,0.0,0.0,0.0,1.0,1.0,1.0,0.0,0.0,3.0,0.0,0.0,1.0,0.7,1.0,0.75,0.89,1.0,6.0,1.0,1.0,1.0,1.0,1.0,1.0,1.0,1.0,1.0,1.0,1.0,1.0,1.0,53.0,1.0,1.0,1.0,1.0,1.0,9.0,9.0,1.0,1.0,1.0
dataset-v2,v2,extraction-v2,hybrid-v1,weak_serp,84.2105,,кухни на заказ цена Москва,кухни на заказ,commercial,Москва,213,https://vitakuhni.ru/,vitakuhni.ru,4,0,,,homepage,ok,,artifacts\query--5b5f35c34b386a0e.json,c527eaa2bf7279835100d19aeeb1a678b7d89b55,137363,84.2105,9243.0,71610.0,1306.0,548.0,0.41960183767228176,5.817,50.0,26.12,9.0,1.0,2.0,4.0,7.0,1.0,68.0,1.0,151.0,0.0,0.0,0.0,54.0,4.0,3.0,0.6,0.6,3.0,0.4,19.0,0.041348,0.8,198.0,41.0,31.0,60.0,10.0,54.0,5.4,145.1111,151.607963,31.393568,23.7366,45.941807,0.129074,0.731605,1.0,1.0,6.59596,0.777778,0.585284,0.438963,0.292642,0.24,0.636984,0.68,0.763636,0.958621,0.497397,0.222733,0.731605,200.0,1.0,0.0,0.0,1.0,1.0,1.0,0.0,0.0,0.0,1.0,1.0,1.0,0.0,0.0,0.0,0.0,0.0,1.0,1.0,1.0,1.0,1.0,1.0,8.0,1.0,1.0,1.0,1.0,1.0,1.0,1.0,1.0,1.0,0.0,0.0,1.0,1.0,33.0,1.0,1.0,1.0,1.0,1.0,9.0,7.0,1.0,0.777778,0.925926
dataset-v2,v2,extraction-v2,hybrid-v1,weak_serp,78.9474,,кухни на заказ цена Москва,кухни на заказ,commercial,Москва,213,https://nedorogo-kuhni.ru/kuhni,nedorogo-kuhni.ru,5,0,,,content,ok,,artifacts\query--516a8612eb74c0da.json,15d4139c6c765044b25d97d79351a4aeaff3e1a1,532146,78.9474,29780.0,294831.0,4613.0,1531.0,0.33188814220680685,5.3488,301.0,15.3256,52.0,1.0,3.0,0.0,4.0,1.0,46.0,1.0,211.0,0.0,0.0,0.0,151.0,4.0,3.0,0.8,0.6,5.0,0.8,7.0,0.032734,1.0,1146.0,309.0,799.0,0.0,11.0,118.0,10.727273,88.7115,248.428355,66.984609,173.206157,0.0,0.101007,0.746808,1.0,1.0,4.025305,0.076923,0.746808,0.597446,0.597446,0.64,0.746808,0.88,0.836364,0.544828,0.908881,0.247857,0.746808,200.0,1.0,0.0,0.0,1.0,1.0,0.0,0.0,0.0,0.0,1.0,1.0,0.0,0.0,0.0,1.0,0.0,0.0,1.0,0.9,0.5,1.0,0.88,1.0,6.0,1.0,1.0,1.0,1.0,1.0,1.0,1.0,1.0,1.0,1.0,1.0,1.0,1.0,7.0,0.0,1.0,1.0,1.0,0.8,9.0,9.0,1.0,1.0,0.933333
dataset-v2,v2,extraction-v2,hybrid-v1,weak_serp,73.6842,,кухни на заказ цена Москва,кухни на заказ,commercial,Москва,213,https://zavodkuhnirf.ru/,zavodkuhnirf.ru,6,0,,,homepage,ok,,artifacts\query--11f5adb5e6faadaf.json,a6542759f887d15850285d5f2658461502f04b3c,266646,73.6842,11153.0,179691.0,1560.0,542.0,0.3474358974358974,5.9506,119.0,13.1092,19.0,1.0,10.0,0.0,11.0,1.0,89.0,1.0,185.0,0.0,0.0,0.0,117.0,2.0,3.0,0.4,0.6,5.0,0.6,24.0,0.075,1.0,311.0,156.0,50.0,5.0,4.0,28.0,7.0,82.1053,199.358974,100.0,32.051282,3.205128,0.062068,0.757252,1.0,1.0,5.016077,0.578947,0.757252,0.302901,0.454351,0.24,0.757252,0.69,0.381818,0.724138,0.0,0.228017,0.757252,200.0,1.0,0.0,0.0,0.0,0.0,0.0,0.0,0.0,0.0,1.0,1.0,1.0,0.0,0.0,0.0,0.0,0.0,1.0,1.0,1.0,0.75,0.95,1.0,8.0,1.0,1.0,1.0,1.0,1.0,1.0,0.0,1.0,1.0,1.0,1.0,0.0,1.0,5.0,1.0,1.0,1.0,1.0,1.0,7.0,9.0,0.777778,1.0,0.925926
dataset-v2,v2,extraction-v2,hybrid-v1,weak_serp,63.1579,,кухни на заказ цена Москва,кухни на заказ,commercial,Москва,213,https://500kuhon.ru/,500kuhon.ru,8,0,,,homepage,ok,,artifacts\query--f2a1687d692f59f5.json,939bde6ae89f62a372454ccaf0cc788618bb2953,395688,63.1579,11765.0,292954.0,1824.0,628.0,0.3442982456140351,5.3054,89.0,20.4944,84.0,1.0,11.0,32.0,44.0,1.0,74.0,1.0,189.0,0.0,0.0,0.0,71.0,3.0,3.0,0.6,0.6,10.0,0.8,5.0,0.038925,0.8,367.0,131.0,341.0,14.0,7.0,44.0,6.285714,21.7143,201.20614,71.820175,186.951754,7.675439,0.04016,0.661849,1.0,1.0,4.970027,0.52381,0.529479,0.397109,0.529479,0.48,0.661849,0.78,0.654545,0.696552,0.561988,0.227873,0.661849,200.0,1.0,0.0,0.0,1.0,0.0,0.0,0.0,0.0,0.0,1.0,1.0,1.0,0.0,0.0,0.0,0.0,0.0,1.0,1.0,1.0,0.0,0.8,1.0,4.0,1.0,1.0,1.0,1.0,1.0,1.0,1.0,1.0,1.0,0.0,0.0,0.0,1.0,25.0,1.0,1.0,1.0,1.0,1.0,8.0,7.0,0.888889,0.777778,0.888889
dataset-v2,v2,extraction-v2,hybrid-v1,weak_serp,57.8947,,кухни на заказ цена Москва,кухни на заказ,commercial,Москва,213,https://master-kuhni.com/,master-kuhni.com,9,0,,,homepage,ok,,artifacts\query--dbbe18899661cc38.json,8b7dc3f0e610bbd5f773ea08735eb436d906f170,569589,57.8947,17443.0,430205.0,2349.0,1077.0,0.45849297573435505,6.2542,112.0,20.9732,62.0,1.0,26.0,32.0,59.0,1.0,87.0,1.0,192.0,0.0,0.0,0.0,111.0,4.0,5.0,0.6,0.6,20.0,0.6,15.0,0.047254,1.0,293.0,94.0,203.0,5.0,0.0,0.0,0.0,37.8871,124.733929,40.017029,86.419753,2.128565,0.040546,0.709912,1.0,0.5,8.017065,0.951613,0.709912,0.425947,0.425947,0.36,0.709912,0.76,0.418182,0.675862,0.424862,0.32549,0.354956,200.0,1.0,0.0,0.0,1.0,1.0,1.0,0.0,0.0,0.0,1.0,1.0,1.0,0.0,0.0,0.0,0.0,0.0,1.0,1.0,1.0,1.0,1.0,1.0,3.0,0.0,1.0,1.0,1.0,1.0,1.0,1.0,1.0,1.0,1.0,0.0,1.0,1.0,19.0,1.0,1.0,1.0,1.0,0.8,9.0,7.0,1.0,0.777778,0.859259
dataset-v2,v2,extraction-v2,hybrid-v1,weak_serp,52.6316,,кухни на заказ цена Москва,кухни на заказ,commercial,Москва,213,https://julis.ru/kitchens/,julis.ru,10,0,,,content,ok,,artifacts\query--cbd48de77fb0b818.json,e49cf207db769146a0f80381633d15bfc980688e,319133,52.6316,14063.0,223230.0,2126.0,832.0,0.3913452492944497,5.4182,178.0,11.9438,63.0,1.0,5.0,0.0,6.0,1.0,98.0,1.0,214.0,0.0,0.0,0.0,105.0,3.0,1.0,0.6,0.2,6.0,0.6,16.0,0.049389,1.0,253.0,145.0,79.0,14.0,4.0,22.0,5.5,33.746,119.002822,68.203198,37.158984,6.585136,0.062998,0.741059,1.0,1.0,8.403162,0.095238,0.741059,0.444635,0.444635,0.36,0.741059,0.76,0.218182,0.524138,0.353716,0.29001,0.741059,200.0,1.0,0.0,0.0,1.0,1.0,1.0,0.0,0.0,0.0,1.0,1.0,1.0,0.0,0.0,1.0,0.0,0.0,1.0,0.9,1.0,1.0,0.98,1.0,2.0,1.0,1.0,1.0,1.0,1.0,1.0,1.0,1.0,1.0,0.0,0.0,0.0,1.0,74.0,0.0,1.0,1.0,1.0,0.8,8.0,7.0,0.888889,0.777778,0.822222
dataset-v2,v2,extraction-v2,hybrid-v1,weak_serp,94.7368,,кухни на заказ цена Санкт-Петербург,кухни на заказ,commercial,Санкт-Петербург,2,https://masterskayakuhon.ru/,masterskayakuhon.ru,2,0,,,homepage,ok,,artifacts\query--0a9cdba1456bbeba.json,179f6fb8e7b5a869d9a9922465e230ed61c411b4,836562,94.7368,76117.0,557741.0,10468.0,3712.0,0.3546045089797478,6.0795,780.0,13.4205,34.0,1.0,16.0,6.0,23.0,1.0,83.0,1.0,230.0,0.0,0.0,0.0,420.0,3.0,5.0,0.5,0.666667,6.0,0.666667,60.0,0.040122,1.0,345.0,285.0,355.0,0.0,8.0,118.0,14.75,307.8824,32.957585,27.225831,33.912877,0.0,0.136474,0.492497,1.0,1.0,30.342029,0.676471,0.492497,0.246249,0.328331,0.333333,0.492497,0.741667,0.490909,0.413793,0.662591,0.174642,0.492497,200.0,1.0,0.0,0.0,0.0,0.0,1.0,0.0,0.0,0.0,1.0,1.0,1.0,0.0,0.0,0.0,0.0,0.0,1.0,1.0,1.0,0.75,0.95,1.0,2.0,1.0,1.0,0.0,1.0,1.0,1.0,1.0,1.0,1.0,1.0,0.0,1.0,1.0,6.0,1.0,1.0,1.0,1.0,0.8,8.0,7.0,0.888889,0.777778,0.822222
dataset-v2,v2,extraction-v2,hybrid-v1,weak_serp,89.4737,,кухни на заказ цена Санкт-Петербург,кухни на заказ,commercial,Санкт-Петербург,2,https://lenkuhni.ru/,lenkuhni.ru,3,0,,,homepage,ok,,artifacts\query--5959900e11475eea.json,7b6a4c511f59390500ce60f702faf2acbcc347cc,1010296,89.4737,17389.0,884505.0,2553.0,936.0,0.36662749706227965,5.6099,161.0,15.8571,46.0,1.0,1.0,0.0,2.0,1.0,68.0,1.0,227.0,0.0,0.0,0.0,136.0,3.0,5.0,0.5,0.666667,4.0,0.666667,17.0,0.053271,1.0,403.0,175.0,112.0,7.0,15.0,243.0,16.2,55.5,157.853506,68.546808,43.869957,2.741872,0.01966,0.75523,1.0,1.0,6.334988,0.043478,0.75523,0.377615,0.503487,0.333333,0.75523,0.741667,0.763636,0.434483,0.224311,0.276888,0.75523,200.0,1.0,0.0,0.0,1.0,1.0,1.0,0.0,0.0,0.0,1.0,1.0,1.0,0.0,0.0,0.0,0.0,0.0,1.0,1.0,1.0,1.0,1.0,1.0,11.0,1.0,1.0,1.0,1.0,1.0,1.0,1.0,1.0,1.0,1.0,0.0,1.0,1.0,3.0,1.0,1.0,1.0,1.0,1.0,9.0,8.0,1.0,0.888889,0.962963
dataset-v2,v2,extraction-v2,hybrid-v1,weak_serp,78.9474,,кухни на заказ цена Санкт-Петербург,кухни на заказ,commercial,Санкт-Петербург,2,https://kuhnihome.spb.ru/,kuhnihome.spb.ru,5,0,,,homepage,ok,,artifacts\query--56dd4810437a5424.json,a0930e575891d642cbb783cd6658d13ab3f04882,357002,78.9474,30465.0,244492.0,4697.0,1784.0,0.37981690440706833,4.9108,64.0,73.3906,5.0,1.0,4.0,3.0,8.0,1.0,50.0,1.0,140.0,0.0,0.0,0.0,177.0,4.0,5.0,0.666667,0.833333,7.0,0.5,35.0,0.037684,1.0,107.0,52.0,44.0,4.0,8.0,61.0,7.625,939.4,22.780498,11.070896,9.367681,0.851607,0.124605,0.549089,1.0,1.0,43.897196,1.6,0.549089,0.366059,0.274545,0.333333,0.549089,0.758333,0.909091,0.965517,0.743879,0.208553,0.549089,200.0,1.0,0.0,0.0,1.0,1.0,1.0,0.0,0.0,0.0,1.0,1.0,1.0,0.0,0.0,0.0,0.0,0.0,1.0,1.0,1.0,1.0,1.0,1.0,2.0,0.0,1.0,1.0,1.0,1.0,1.0,1.0,1.0,1.0,1.0,1.0,0.0,1.0,17.0,0.0,1.0,1.0,1.0,0.6,8.0,8.0,0.888889,0.888889,0.792593
dataset-v2,v2,extraction-v2,hybrid-v1,weak_serp,73.6842,,кухни на заказ цена Санкт-Петербург,кухни на заказ,commercial,Санкт-Петербург,2,https://neva-kuhni.ru/,neva-kuhni.ru,6,0,,,homepage,ok,,artifacts\query--79536327b63f2259.json,1b691b250ca9e3ad6ef28a2a1c1048017bd0bf2b,1001849,73.6842,7926.0,941141.0,1159.0,532.0,0.45901639344262296,5.6911,63.0,18.3968,8.0,1.0,1.0,7.0,9.0,1.0,59.0,1.0,200.0,0.0,0.0,0.0,60.0,4.0,2.0,0.666667,0.333333,4.0,0.5,17.0,0.051769,1.0,44.0,42.0,121.0,10.0,6.0,66.0,11.0,144.875,37.963762,36.238136,104.400345,8.628128,0.008422,0.716238,1.0,1.0,26.340909,1.125,0.716238,0.477492,0.358119,0.333333,0.553413,0.758333,0.927273,0.62069,0.274374,0.211688,0.716238,200.0,1.0,0.0,0.0,1.0,1.0,0.0,0.0,0.0,0.0,1.0,1.0,0.0,0.0,0.0,0.0,0.0,0.0,1.0,1.0,0.5,1.0,0.9,1.0,4.0,0.0,1.0,1.0,0.0,1.0,1.0,1.0,1.0,1.0,1.0,0.0,0.0,1.0,7.0,1.0,1.0,1.0,1.0,0.8,7.0,7.0,0.777778,0.777778,0.785185
dataset-v2,v2,extraction-v2,hybrid-v1,weak_serp,68.4211,,кухни на заказ цена Санкт-Петербург,кухни на заказ,commercial,Санкт-Петербург,2,https://petro-mebel.com/kuhni-na-zakaz/,petro-mebel.com,7,0,,,content,ok,,artifacts\query--b4549fd0cd313a05.json,d86b23d9f9d2d10b19d7476a8f29917efac597d6,215717,68.4211,14905.0,117018.0,2229.0,928.0,0.41633019291161955,5.5002,161.0,13.8447,38.0,1.0,2.0,2.0,5.0,1.0,96.0,1.0,294.0,0.0,0.0,0.0,220.0,4.0,4.0,0.666667,0.5,4.0,0.5,21.0,0.098699,1.0,237.0,112.0,210.0,1.0,2.0,7.0,3.5,58.6579,106.325707,50.246747,94.212651,0.448632,0.127374,0.530416,1.0,1.0,9.405063,0.131579,0.530416,0.353611,0.265208,0.333333,0.530416,0.758333,0.254545,0.0,0.0,0.220828,0.530416,200.0,1.0,0.0,0.0,1.0,1.0,0.0,0.0,0.0,0.0,1.0,1.0,0.0,0.0,0.0,1.0,0.0,0.0,1.0,0.9,0.5,1.0,0.88,1.0,3.0,1.0,1.0,0.0,1.0,1.0,1.0,1.0,1.0,1.0,1.0,0.0,1.0,1.0,4.0,1.0,1.0,0.0,0.0,0.8,8.0,5.0,0.888889,0.555556,0.748148
dataset-v2,v2,extraction-v2,hybrid-v1,weak_serp,63.1579,,кухни на заказ цена Санкт-Петербург,кухни на заказ,commercial,Санкт-Петербург,2,https://lubimaya-kuhnya.ru/,lubimaya-kuhnya.ru,8,0,,,homepage,ok,,artifacts\query--516c6acebae26d39.json,d29baecb93a3a58f8dc86c9fd31ea09b0c22331b,1487700,63.1579,12365.0,1364354.0,1872.0,770.0,0.4113247863247863,5.4215,111.0,16.8649,19.0,1.0,10.0,7.0,18.0,1.0,110.0,1.0,246.0,0.0,0.0,0.0,108.0,6.0,4.0,0.666667,0.5,8.0,0.833333,13.0,0.057692,0.833333,357.0,25.0,104.0,59.0,8.0,68.0,8.5,98.5263,190.705128,13.354701,55.555556,31.517094,0.009063,0.643556,1.0,1.0,5.243697,0.947368,0.536297,0.429037,0.536297,0.555556,0.643556,0.816667,0.0,0.303448,0.064103,0.264711,0.643556,200.0,1.0,0.0,0.0,1.0,1.0,1.0,0.0,0.0,0.0,1.0,1.0,0.0,0.0,0.0,0.0,0.0,0.0,1.0,1.0,0.5,1.0,0.9,1.0,8.0,1.0,1.0,1.0,1.0,1.0,1.0,1.0,1.0,1.0,1.0,0.0,0.0,1.0,17.0,1.0,1.0,1.0,1.0,1.0,8.0,8.0,0.888889,0.888889,0.925926
dataset-v2,v2,extraction-v2,hybrid-v1,weak_serp,57.8947,,кухни на заказ цена Санкт-Петербург,кухни на заказ,commercial,Санкт-Петербург,2,https://spb.vitakuhni.ru/,spb.vitakuhni.ru,9,0,,,homepage,ok,,artifacts\query--f12aebea8ce96452.json,62bbde3252f79ced04c8157a242acf2247e80ece,137926,57.8947,9340.0,71772.0,1315.0,550.0,0.41825095057034223,5.8441,51.0,25.7843,9.0,1.0,2.0,4.0,7.0,1.0,78.0,1.0,176.0,0.0,0.0,0.0,63.0,5.0,4.0,0.666667,0.666667,3.0,0.333333,21.0,0.047909,0.833333,197.0,41.0,30.0,59.0,10.0,54.0,5.4,146.1111,149.809886,31.178707,22.813688,44.86692,0.130134,0.655743,1.0,1.0,6.675127,0.777778,0.546453,0.437162,0.218581,0.222222,0.574868,0.691667,0.581818,0.786207,0.335868,0.200366,0.655743,200.0,1.0,0.0,0.0,1.0,1.0,1.0,0.0,0.0,0.0,1.0,1.0,1.0,0.0,0.0,0.0,0.0,0.0,1.0,1.0,1.0,1.0,1.0,1.0,7.0,1.0,1.0,1.0,1.0,1.0,1.0,1.0,1.0,1.0,0.0,0.0,1.0,1.0,33.0,1.0,1.0,1.0,1.0,1.0,9.0,7.0,1.0,0.777778,0.925926
dataset-v2,v2,extraction-v2,hybrid-v1,weak_serp,52.6316,,кухни на заказ цена Санкт-Петербург,кухни на заказ,commercial,Санкт-Петербург,2,https://lavellakitchen.ru/,lavellakitchen.ru,10,0,,,homepage,ok,,artifacts\query--8aa1e29c474a8bf5.json,4651a7e33bc58161c037bf4ee0285ef6e550a48d,456705,52.6316,15344.0,299955.0,2201.0,1003.0,0.45570195365742844,5.8046,119.0,18.4958,34.0,1.0,8.0,2.0,11.0,1.0,105.0,1.0,211.0,0.0,0.0,0.0,110.0,5.0,6.0,0.666667,0.5,10.0,0.5,14.0,0.049977,1.0,479.0,77.0,298.0,1.0,3.0,29.0,9.666667,64.7353,217.628351,34.984098,135.393003,0.454339,0.051154,0.533113,1.0,1.0,4.59499,0.323529,0.533113,0.355409,0.266556,0.333333,0.533113,0.758333,0.090909,0.544828,0.334091,0.242941,0.533113,200.0,1.0,0.0,0.0,0.0,0.0,0.0,0.0,0.0,0.0,1.0,1.0,1.0,0.0,0.0,0.0,0.0,0.0,1.0,1.0,1.0,0.75,0.95,1.0,3.0,1.0,1.0,1.0,1.0,1.0,1.0,1.0,1.0,1.0,1.0,1.0,0.0,1.0,1.0,1.0,1.0,1.0,1.0,1.0,8.0,9.0,0.888889,1.0,0.962963
dataset-v2,v2,extraction-v2,hybrid-v1,weak_serp,100.0,,кухни на заказ цена Екатеринбург,кухни на заказ,commercial,Екатеринбург,54,https://www.lovekuhnya.ru/,lovekuhnya.ru,1,0,,,homepage,ok,,artifacts\query--bb25cf699a0f07ef.json,80ab55ed636637aedb8ad8036b0294bb7125810d,1055319,100.0,21850.0,807655.0,3344.0,965.0,0.28857655502392343,5.3122,182.0,18.3736,246.0,1.0,13.0,4.0,18.0,1.0,109.0,1.0,193.0,0.0,0.0,0.0,327.0,3.0,1.0,0.6,0.2,8.0,0.8,24.0,0.097787,1.0,753.0,457.0,189.0,8.0,3.0,45.0,15.0,13.5935,225.179426,136.662679,56.519139,2.392344,0.027054,0.632587,1.0,1.0,4.440903,0.073171,0.632587,0.379552,0.50607,0.48,0.632587,0.81,0.018182,0.668966,0.0,0.18255,0.632587,200.0,1.0,0.0,0.0,1.0,1.0,1.0,0.0,0.0,0.0,1.0,1.0,1.0,0.0,0.0,0.0,0.0,0.0,1.0,1.0,1.0,1.0,1.0,1.0,25.0,1.0,1.0,1.0,1.0,1.0,1.0,0.0,1.0,1.0,1.0,0.0,1.0,1.0,22.0,1.0,1.0,1.0,1.0,1.0,8.0,8.0,0.888889,0.888889,0.925926
dataset-v2,v2,extraction-v2,hybrid-v1,weak_serp,94.7368,,кухни на заказ цена Екатеринбург,кухни на заказ,commercial,Екатеринбург,54,https://na-zakaz-mebel.com/,na-zakaz-mebel.com,2,0,,,homepage,ok,,artifacts\query--e0c23ba6126c2080.json,db0f7a22768858a6256ae3df832a7ad1083f0afe,266869,94.7368,14549.0,158487.0,2132.0,889.0,0.4169793621013133,5.5924,153.0,13.9346,173.0,1.0,14.0,58.0,73.0,1.0,46.0,1.0,169.0,0.0,0.0,0.0,146.0,4.0,3.0,0.8,0.6,28.0,0.8,22.0,0.06848,1.0,222.0,109.0,96.0,12.0,3.0,86.0,28.666667,12.3237,104.12758,51.125704,45.028143,5.628518,0.091799,0.535777,1.0,1.0,9.603604,0.421965,0.535777,0.428622,0.428622,0.64,0.535777,0.88,0.836364,0.834483,0.0,0.223408,0.535777,200.0,1.0,0.0,0.0,1.0,1.0,0.0,0.0,0.0,0.0,1.0,1.0,1.0,0.0,0.0,0.0,0.0,0.0,1.0,1.0,1.0,1.0,1.0,1.0,6.0,1.0,1.0,1.0,1.0,1.0,1.0,0.0,1.0,1.0,1.0,0.0,1.0,1.0,2.0,1.0,1.0,1.0,1.0,1.0,8.0,8.0,0.888889,0.888889,0.925926
dataset-v2,v2,extraction-v2,hybrid-v1,weak_serp,89.4737,,кухни на заказ цена Екатеринбург,кухни на заказ,commercial,Екатеринбург,54,https://kitchenrm.ru/,kitchenrm.ru,3,0,,,homepage,ok,,artifacts\query--bf409ce186e8be22.json,ca8bd0d9939b06b10e240f4753a13d9b8e6e57df,836268,89.4737,16144.0,670411.0,2375.0,950.0,0.4,5.7095,42.0,56.5476,7.0,1.0,2.0,0.0,3.0,1.0,68.0,1.0,204.0,0.0,0.0,0.0,159.0,4.0,2.0,0.6,0.4,2.0,0.2,31.0,0.066947,1.0,642.0,342.0,36.0,9.0,126.0,251.0,1.992063,339.2857,270.315789,144.0,15.157895,3.789474,0.024081,0.523054,1.0,1.0,3.699377,0.428571,0.523054,0.313832,0.104611,0.12,0.523054,0.66,0.763636,0.593103,0.0,0.209222,0.523054,200.0,1.0,0.0,0.0,0.0,0.0,0.0,0.0,0.0,0.0,1.0,1.0,1.0,0.0,0.0,0.0,0.0,0.0,1.0,1.0,1.0,0.75,0.95,1.0,3.0,1.0,1.0,1.0,1.0,1.0,1.0,1.0,1.0,1.0,1.0,1.0,0.0,1.0,123.0,1.0,1.0,0.0,0.0,1.0,8.0,7.0,0.888889,0.777778,0.888889
dataset-v2,v2,extraction-v2,hybrid-v1,weak_serp,84.2105,,кухни на заказ цена Екатеринбург,кухни на заказ,commercial,Екатеринбург,54,https://е-кухни.рф/,е-кухни.рф,4,0,,,homepage,ok,,artifacts\query--2be0cdaa695997d4.json,0f3a8f1b18b1f02435c8bcd2d8b90081711297c7,649875,84.2105,10651.0,589112.0,1578.0,597.0,0.37832699619771865,5.5684,85.0,18.5647,7.0,2.0,4.0,0.0,6.0,1.0,39.0,1.0,247.0,0.0,0.0,0.0,85.0,3.0,4.0,0.6,0.4,10.0,0.6,21.0,0.053866,0.8,149.0,199.0,6.0,3.0,7.0,249.0,35.571429,225.4286,94.423321,126.108999,3.802281,1.901141,0.01808,0.623127,1.0,1.0,10.590604,0.857143,0.498502,0.373876,0.373876,0.36,0.623127,0.73,0.709091,0.296552,0.163583,0.20667,0.623127,200.0,1.0,0.0,0.0,1.0,1.0,0.0,0.0,0.0,0.0,1.0,1.0,1.0,0.0,0.0,0.0,0.0,0.0,1.0,1.0,1.0,1.0,1.0,1.0,3.0,0.0,1.0,1.0,1.0,1.0,1.0,1.0,1.0,1.0,1.0,0.0,1.0,1.0,1.0,1.0,1.0,1.0,1.0,0.8,9.0,7.0,1.0,0.777778,0.859259
dataset-v2,v2,extraction-v2,hybrid-v1,weak_serp,78.9474,,кухни на заказ цена Екатеринбург,кухни на заказ,commercial,Екатеринбург,54,https://ekaterinburg.vernokuhni.ru/,ekaterinburg.vernokuhni.ru,5,0,,,homepage,ok,,artifacts\query--eeb9f5e1e3a63c60.json,62c4e92b437c188fbed02814794a98310430f1b3,475135,78.9474,33276.0,320312.0,4803.0,1291.0,0.2687903393712263,5.7418,359.0,13.3788,2.0,1.0,0.0,5.0,6.0,1.0,99.0,1.0,193.0,0.0,0.0,0.0,141.0,3.0,4.0,0.4,0.6,3.0,0.6,11.0,0.029357,0.8,360.0,73.0,38.0,1.0,4.0,28.0,7.0,2401.5,74.953154,15.198834,7.911722,0.208203,0.103886,0.585325,1.0,1.0,13.341667,3.0,0.46826,0.23413,0.351195,0.24,0.585325,0.66,0.2,0.668966,0.782844,0.15733,0.585325,200.0,1.0,0.0,0.0,1.0,1.0,1.0,0.0,0.0,0.0,1.0,1.0,1.0,0.0,0.0,0.0,0.0,0.0,1.0,1.0,1.0,1.0,1.0,1.0,3.0,0.0,1.0,1.0,0.0,1.0,1.0,0.0,1.0,1.0,1.0,0.0,0.0,1.0,2.0,1.0,1.0,1.0,1.0,0.8,6.0,7.0,0.666667,0.777778,0.748148
dataset-v2,v2,extraction-v2,hybrid-v1,weak_serp,73.6842,,кухни на заказ цена Екатеринбург,кухни на заказ,commercial,Екатеринбург,54,https://kuhnya-ekb.ru/,kuhnya-ekb.ru,6,0,,,homepage,ok,,artifacts\query--102b41308b5c051d.json,4fd725c99b87c42cc46506c3b5fc70082149a975,34228,73.6842,169.0,32178.0,27.0,24.0,0.8888888888888888,5.0741,2.0,13.5,1.0,0.0,0.0,0.0,0.0,1.0,22.0,0.0,0.0,0.0,0.0,0.0,0.0,0.0,0.0,0.0,0.0,0.0,0.0,0.0,0.0,0.0,2.0,1.0,0.0,1.0,0.0,0.0,0.0,27.0,74.074074,37.037037,0.0,37.037037,0.005252,0.081192,0.0,0.25,13.5,0.0,0.0,0.0,0.0,0.0,0.001461,0.0,0.4,0.0,0.0,0.001083,0.020298,403.0,0.0,0.0,0.0,0.0,0.0,1.0,0.0,0.0,0.0,0.0,1.0,0.0,0.0,0.0,0.0,0.0,0.0,1.0,1.0,0.5,0.75,0.65,1.0,1.0,1.0,0.0,0.0,0.0,0.0,0.0,0.0,0.0,0.0,0.0,0.0,0.0,0.0,0.0,0.0,1.0,1.0,1.0,0.4,2.0,3.0,0.222222,0.333333,0.318519
dataset-v2,v2,extraction-v2,hybrid-v1,weak_serp,68.4211,,кухни на заказ цена Екатеринбург,кухни на заказ,commercial,Екатеринбург,54,https://ekat.steklodom.com/mebel-na-zakaz/kuhni/,ekat.steklodom.com,7,0,,,content,ok,,artifacts\query--7c97d1166094f0ff.json,602edc37c37394ce5f404118ccfd69d9c9b88e49,1463589,68.4211,19801.0,1338169.0,3075.0,949.0,0.30861788617886177,5.0468,166.0,18.5241,15.0,1.0,1.0,0.0,2.0,1.0,60.0,1.0,248.0,0.0,0.0,0.0,83.0,4.0,5.0,0.6,0.6,3.0,0.4,15.0,0.026992,1.0,283.0,302.0,120.0,3.0,5.0,47.0,9.4,205.0,92.03252,98.211382,39.02439,0.97561,0.014797,0.529759,1.0,1.0,10.865724,0.133333,0.529759,0.317855,0.211904,0.24,0.529759,0.71,0.909091,0.289655,0.899729,0.163493,0.529759,200.0,1.0,0.0,0.0,0.0,0.0,0.0,0.0,0.0,0.0,1.0,1.0,1.0,0.0,0.0,2.0,0.0,0.0,1.0,0.8,1.0,0.75,0.91,1.0,20.0,1.0,1.0,1.0,1.0,1.0,1.0,1.0,1.0,1.0,1.0,1.0,1.0,1.0,8.0,1.0,1.0,1.0,1.0,1.0,9.0,9.0,1.0,1.0,1.0
dataset-v2,v2,extraction-v2,hybrid-v1,weak_serp,63.1579,,кухни на заказ цена Екатеринбург,кухни на заказ,commercial,Екатеринбург,54,https://yutnaya-kuhnya.com/,yutnaya-kuhnya.com,8,0,,,homepage,ok,,artifacts\query--39f6487cb46ba5ec.json,2b885e0effe4b4d1e9589439469b8ddb4d34cef2,540722,63.1579,7334.0,466934.0,1119.0,427.0,0.38159070598748884,5.2851,28.0,39.9643,39.0,1.0,2.0,0.0,3.0,1.0,47.0,1.0,211.0,0.0,0.0,0.0,61.0,3.0,4.0,0.6,0.6,3.0,0.6,22.0,0.054513,0.8,241.0,118.0,45.0,0.0,33.0,40.0,1.212121,28.6923,215.370867,105.451296,40.214477,0.0,0.015707,0.574574,1.0,1.0,4.643154,0.076923,0.459659,0.344744,0.344744,0.36,0.428632,0.73,0.854545,0.544828,0.146321,0.136302,0.574574,200.0,1.0,0.0,0.0,0.0,0.0,0.0,0.0,0.0,0.0,1.0,1.0,1.0,0.0,0.0,0.0,0.0,0.0,1.0,1.0,1.0,0.75,0.95,1.0,12.0,0.0,1.0,1.0,1.0,1.0,0.0,1.0,1.0,1.0,0.0,0.0,0.0,1.0,2.0,1.0,1.0,1.0,1.0,0.8,7.0,6.0,0.777778,0.666667,0.748148
dataset-v2,v2,extraction-v2,hybrid-v1,weak_serp,57.8947,,кухни на заказ цена Екатеринбург,кухни на заказ,commercial,Екатеринбург,54,https://www.vkuskuhni.ru/,vkuskuhni.ru,9,0,,,homepage,ok,,artifacts\query--59ddd386cdad97a7.json,8ee0b47f83fe4ae481c44b77723543be1079a7c7,165359,57.8947,10685.0,98771.0,1487.0,744.0,0.5003362474781439,6.0222,78.0,19.0641,7.0,1.0,5.0,0.0,6.0,1.0,83.0,1.0,177.0,0.0,0.0,0.0,67.0,3.0,0.0,0.6,0.0,11.0,0.6,9.0,0.045057,0.8,151.0,43.0,145.0,4.0,6.0,30.0,5.0,212.4286,101.546738,28.917283,97.511769,2.68998,0.10818,0.648751,1.0,1.0,9.847682,0.857143,0.519001,0.389251,0.389251,0.36,0.643128,0.73,0.490909,0.77931,0.398476,0.26815,0.648751,200.0,1.0,0.0,0.0,1.0,1.0,1.0,0.0,0.0,0.0,1.0,1.0,1.0,0.0,0.0,0.0,0.0,0.0,1.0,1.0,1.0,1.0,1.0,1.0,2.0,1.0,1.0,1.0,1.0,1.0,1.0,1.0,1.0,0.0,1.0,0.0,0.0,1.0,8.0,1.0,1.0,1.0,1.0,1.0,8.0,7.0,0.888889,0.777778,0.888889
dataset-v2,v2,extraction-v2,hybrid-v1,weak_serp,52.6316,,кухни на заказ цена Екатеринбург,кухни на заказ,commercial,Екатеринбург,54,https://vk.com/kuhni_shkafy_zakaz,vk.com,10,0,,,content,ok,,artifacts\query--54a2f51ca5533709.json,498168b0d3d6c8c930a7075d23eebda927b96ffb,31773,52.6316,171.0,27161.0,23.0,16.0,0.6956521739130435,6.3043,2.0,11.5,4.0,0.0,1.0,0.0,1.0,1.0,26.0,0.0,0.0,0.0,0.0,0.0,0.0,0.0,0.0,0.0,0.0,0.0,0.0,0.0,0.0,0.0,2.0,0.0,0.0,0.0,0.0,0.0,0.0,5.75,86.956522,0.0,0.0,0.0,0.006296,-0.016849,0.0,0.0,11.5,0.25,-0.0,-0.0,-0.0,0.0,-0.000258,0.0,0.472727,0.0,0.0,-0.00015,-0.0,200.0,1.0,0.0,0.0,0.0,0.0,0.0,1.0,1.0,1.0,0.0,1.0,1.0,0.0,0.0,1.0,6.0,1.0,1.0,0.5,1.0,0.35,0.57,0.0,0.0,0.0,0.0,1.0,0.0,1.0,0.0,0.0,0.0,1.0,0.0,0.0,0.0,0.0,0.0,1.0,1.0,0.0,0.0,0.4,2.0,2.0,0.222222,0.222222,0.281481
dataset-v2,v2,extraction-v2,hybrid-v1,weak_serp,100.0,,кухни на заказ цена Новосибирск,кухни на заказ,commercial,Новосибирск,65,https://www.kuhni-nsk.ru/,kuhni-nsk.ru,1,0,,,homepage,ok,,artifacts\query--57b7928a2a7f6bb5.json,5435aad685503ba88496fe018a5d3ffb6c59aeba,178937,100.0,9473.0,111917.0,1470.0,714.0,0.4857142857142857,5.2646,98.0,15.0,9.0,1.0,1.0,0.0,2.0,1.0,60.0,1.0,153.0,0.0,0.0,0.0,90.0,4.0,3.0,0.6,0.6,3.0,0.4,33.0,0.061224,0.8,136.0,45.0,112.0,1.0,5.0,38.0,7.6,163.3333,92.517007,30.612245,76.190476,0.680272,0.084643,0.471606,1.0,1.0,10.808824,0.222222,0.377285,0.282964,0.188642,0.24,0.462174,0.68,0.909091,0.944828,0.0,0.18707,0.471606,200.0,1.0,0.0,0.0,1.0,1.0,1.0,0.0,0.0,0.0,1.0,1.0,1.0,0.0,0.0,0.0,0.0,0.0,1.0,1.0,1.0,1.0,1.0,1.0,8.0,1.0,1.0,1.0,1.0,1.0,1.0,1.0,0.0,1.0,1.0,0.0,1.0,1.0,5.0,1.0,1.0,1.0,1.0,1.0,9.0,7.0,1.0,0.777778,0.925926
dataset-v2,v2,extraction-v2,hybrid-v1,weak_serp,94.7368,,кухни на заказ цена Новосибирск,кухни на заказ,commercial,Новосибирск,65,https://nsk.nedorogo-kuhni.ru/kuhni,nsk.nedorogo-kuhni.ru,2,0,,,content,ok,,artifacts\query--7716ddcc3920418b.json,c4eab11821054461d73f6796de4d8f5eab05d6b9,468399,94.7368,24941.0,273092.0,4020.0,1147.0,0.2853233830845771,5.11,293.0,13.7201,47.0,1.0,0.0,0.0,1.0,1.0,52.0,1.0,217.0,0.0,0.0,0.0,137.0,4.0,3.0,0.8,0.6,3.0,0.6,7.0,0.03408,1.0,908.0,304.0,568.0,0.0,11.0,118.0,10.727273,85.5319,225.870647,75.621891,141.293532,0.0,0.091328,0.570168,1.0,1.0,4.427313,0.021277,0.570168,0.456134,0.342101,0.48,0.570168,0.83,0.945455,0.503448,0.864013,0.162682,0.570168,200.0,1.0,0.0,0.0,1.0,1.0,0.0,0.0,0.0,0.0,1.0,1.0,0.0,0.0,0.0,1.0,0.0,0.0,1.0,0.9,0.5,1.0,0.88,1.0,4.0,1.0,1.0,1.0,1.0,1.0,1.0,1.0,1.0,1.0,1.0,0.0,1.0,1.0,7.0,0.0,1.0,1.0,1.0,0.8,9.0,8.0,1.0,0.888889,0.896296
dataset-v2,v2,extraction-v2,hybrid-v1,weak_serp,89.4737,,кухни на заказ цена Новосибирск,кухни на заказ,commercial,Новосибирск,65,https://novosibirsk.vernokuhni.ru/,novosibirsk.vernokuhni.ru,3,0,,,homepage,ok,,artifacts\query--ff0ebacba4461782.json,5d1b32f1e5db223bd1737bc4d2c339ef1b7ec93b,459466,89.4737,32902.0,307038.0,4706.0,1272.0,0.2702932426689333,5.8143,357.0,13.1821,2.0,1.0,0.0,5.0,6.0,1.0,107.0,1.0,185.0,0.0,0.0,0.0,137.0,3.0,3.0,0.6,0.6,3.0,0.6,11.0,0.029112,0.8,353.0,72.0,38.0,1.0,4.0,28.0,7.0,2353.0,75.010625,15.299618,8.074798,0.212495,0.107159,0.56688,1.0,1.0,13.331445,3.0,0.453504,0.340128,0.340128,0.36,0.56688,0.73,0.054545,0.724138,0.776314,0.153224,0.56688,200.0,1.0,0.0,0.0,1.0,1.0,1.0,0.0,0.0,0.0,1.0,1.0,1.0,0.0,0.0,0.0,0.0,0.0,1.0,1.0,1.0,1.0,1.0,1.0,1.0,0.0,1.0,1.0,0.0,1.0,1.0,0.0,1.0,1.0,1.0,0.0,0.0,1.0,2.0,1.0,1.0,1.0,1.0,0.8,6.0,7.0,0.666667,0.777778,0.748148
dataset-v2,v2,extraction-v2,hybrid-v1,weak_serp,84.2105,,кухни на заказ цена Новосибирск,кухни на заказ,commercial,Новосибирск,65,https://lovekuhnya-novosib.ru/,lovekuhnya-novosib.ru,4,0,,,homepage,ok,,artifacts\query--6868dddfda2178a0.json,3c16e2d810741c3edd23e08dfc1dfc2dd61008c2,888987,84.2105,18322.0,686178.0,2737.0,880.0,0.3215199123127512,5.532,89.0,30.7528,191.0,1.0,13.0,4.0,18.0,1.0,108.0,1.0,192.0,0.0,0.0,0.0,294.0,3.0,1.0,0.6,0.2,8.0,0.8,24.0,0.107417,1.0,676.0,426.0,189.0,8.0,3.0,44.0,14.666667,14.3298,246.985751,155.644867,69.053708,2.922908,0.026702,0.597975,1.0,1.0,4.048817,0.094241,0.597975,0.358785,0.47838,0.48,0.597975,0.81,0.036364,0.675862,0.0,0.192261,0.597975,200.0,1.0,0.0,0.0,1.0,1.0,1.0,0.0,0.0,0.0,1.0,1.0,1.0,0.0,0.0,0.0,0.0,0.0,1.0,1.0,1.0,1.0,1.0,1.0,10.0,1.0,1.0,1.0,1.0,1.0,1.0,0.0,1.0,1.0,1.0,0.0,1.0,1.0,14.0,1.0,1.0,1.0,1.0,1.0,8.0,8.0,0.888889,0.888889,0.925926
dataset-v2,v2,extraction-v2,hybrid-v1,weak_serp,78.9474,,кухни на заказ цена Новосибирск,кухни на заказ,commercial,Новосибирск,65,https://alexandr-kuhni.ru/nsk,alexandr-kuhni.ru,5,0,,,content,ok,,artifacts\query--d17427087b07d976.json,47f961427259b81c1c7df42fdaf7cbb508d7077a,963838,78.9474,15373.0,888220.0,2406.0,770.0,0.3200332502078138,5.0702,112.0,21.4821,36.0,1.0,1.0,0.0,2.0,1.0,29.0,1.0,67.0,0.0,0.0,0.0,70.0,3.0,3.0,0.6,0.6,2.0,0.2,16.0,0.029094,0.8,72.0,41.0,86.0,94.0,8.0,104.0,13.0,66.8333,29.925187,17.040732,35.743973,39.068994,0.017308,0.608076,1.0,1.0,33.416667,0.055556,0.486461,0.364846,0.121615,0.12,0.608076,0.63,0.527273,0.462069,0.775838,0.194605,0.608076,200.0,1.0,0.0,0.0,1.0,1.0,0.0,0.0,0.0,0.0,1.0,1.0,0.0,0.0,0.0,1.0,0.0,0.0,1.0,0.9,0.5,1.0,0.88,1.0,13.0,0.0,1.0,1.0,1.0,1.0,1.0,0.0,1.0,1.0,1.0,1.0,0.0,1.0,10.0,1.0,1.0,1.0,1.0,0.8,7.0,8.0,0.777778,0.888889,0.822222
dataset-v2,v2,extraction-v2,hybrid-v1,weak_serp,73.6842,,кухни на заказ цена Новосибирск,кухни на заказ,commercial,Новосибирск,65,https://feniks-kuhni-nsk.ru/,feniks-kuhni-nsk.ru,6,0,,,homepage,ok,,artifacts\query--911cf1647d476502.json,404accf18ae941ac708722aef384aacc78c6ca29,878154,73.6842,14461.0,762078.0,2218.0,414.0,0.18665464382326422,5.3309,114.0,19.4561,706.0,4.0,12.0,22.0,38.0,1.0,67.0,1.0,167.0,0.0,0.0,0.0,75.0,3.0,3.0,0.6,0.6,11.0,0.6,9.0,0.033814,1.0,183.0,119.0,0.0,278.0,0.0,56.0,0.0,3.1416,82.506763,53.651939,0.0,125.338142,0.018976,0.272758,1.0,0.5,12.120219,0.053824,0.272758,0.163655,0.163655,0.36,0.272758,0.76,0.781818,0.848276,0.872858,0.050912,0.136379,200.0,1.0,0.0,0.0,1.0,1.0,0.0,0.0,0.0,0.0,1.0,1.0,1.0,0.0,0.0,0.0,0.0,0.0,1.0,1.0,1.0,1.0,1.0,1.0,16.0,1.0,1.0,1.0,1.0,1.0,1.0,1.0,1.0,1.0,1.0,0.0,0.0,1.0,50.0,1.0,1.0,1.0,1.0,1.0,8.0,8.0,0.888889,0.888889,0.925926
dataset-v2,v2,extraction-v2,hybrid-v1,weak_serp,68.4211,,кухни на заказ цена Новосибирск,кухни на заказ,commercial,Новосибирск,65,https://promebelnsk.ru/kuhni,promebelnsk.ru,7,0,,,content,ok,,artifacts\query--22ff10aee586114f.json,3f9fc2aa53c8846d3623d48d8a38ce80adc14f5d,4949720,68.4211,24494.0,4696175.0,3422.0,867.0,0.2533606078316774,5.6698,125.0,27.376,312.0,1.0,8.0,14.0,23.0,1.0,102.0,1.0,118.0,0.0,0.0,0.0,84.0,4.0,2.0,0.8,0.4,4.0,0.6,10.0,0.024547,1.0,447.0,105.0,45.0,0.0,27.0,86.0,3.185185,10.9679,130.625365,30.683811,13.150205,0.0,0.005216,0.27699,1.0,1.0,7.655481,0.073718,0.27699,0.221592,0.166194,0.48,0.27699,0.83,0.145455,0.813793,0.818235,0.070178,0.27699,200.0,1.0,0.0,0.0,1.0,1.0,0.0,0.0,0.0,0.0,1.0,1.0,0.0,0.0,0.0,1.0,0.0,0.0,1.0,0.9,0.5,1.0,0.88,1.0,51.0,1.0,1.0,1.0,1.0,1.0,1.0,1.0,1.0,1.0,1.0,0.0,0.0,1.0,23.0,1.0,1.0,1.0,1.0,1.0,8.0,8.0,0.888889,0.888889,0.925926
dataset-v2,v2,extraction-v2,hybrid-v1,weak_serp,63.1579,,кухни на заказ цена Новосибирск,кухни на заказ,commercial,Новосибирск,65,https://kuxni-nsk.ru/,kuxni-nsk.ru,8,0,,,homepage,ok,,artifacts\query--fafc98579b23a47f.json,8f83c2f33fc1faf5db8d2a41368c14e373a10bcb,358183,63.1579,11728.0,285998.0,1835.0,702.0,0.38256130790190734,5.0616,86.0,21.3372,45.0,1.0,7.0,11.0,19.0,1.0,67.0,1.0,151.0,0.0,0.0,0.0,76.0,3.0,4.0,0.6,0.6,6.0,0.6,17.0,0.041417,1.0,158.0,236.0,75.0,77.0,0.0,0.0,0.0,40.7778,86.103542,128.610354,40.871935,41.961853,0.041007,0.311975,1.0,0.5,11.613924,0.422222,0.311975,0.187185,0.187185,0.36,0.311975,0.76,0.781818,0.958621,0.619437,0.11935,0.155988,200.0,1.0,0.0,0.0,1.0,1.0,0.0,0.0,0.0,0.0,1.0,1.0,1.0,0.0,0.0,0.0,0.0,0.0,1.0,1.0,1.0,1.0,1.0,1.0,1.0,0.0,1.0,0.0,1.0,1.0,1.0,1.0,1.0,1.0,1.0,1.0,1.0,1.0,2.0,1.0,1.0,1.0,1.0,0.6,8.0,7.0,0.888889,0.777778,0.755556
dataset-v2,v2,extraction-v2,hybrid-v1,weak_serp,57.8947,,кухни на заказ цена Новосибирск,кухни на заказ,commercial,Новосибирск,65,http://mebelin-nsk.ru/kukhni,mebelin-nsk.ru,9,0,,,content,ok,,artifacts\query--e55e8a81c627952d.json,f8b31cad540e9999a0e476912bf542e3d9ddfc36,1334,57.8947,33.0,144.0,7.0,4.0,0.5714285714285714,3.8571,1.0,7.0,1.0,1.0,0.0,0.0,1.0,1.0,13.0,0.0,0.0,0.0,0.0,0.0,0.0,0.0,0.0,0.0,0.0,0.0,0.0,0.0,0.0,0.0,0.0,0.0,0.0,0.0,0.0,0.0,0.0,7.0,0.0,0.0,0.0,0.0,0.229167,0.031871,0.0,0.0,7.0,1.0,0.0,0.0,0.0,0.0,0.000149,0.0,0.236364,0.0,0.0,7.1e-05,0.0,404.0,0.0,0.0,0.0,0.0,0.0,0.0,0.0,0.0,0.0,0.0,0.0,0.0,0.0,0.0,1.0,0.0,0.0,1.0,0.9,0.0,0.75,0.53,0.0,0.0,0.0,0.0,0.0,0.0,0.0,0.0,0.0,0.0,0.0,0.0,0.0,0.0,0.0,0.0,0.0,0.0,0.0,0.0,0.0,0.0,0.0,0.0,0.0,0.0
dataset-v2,v2,extraction-v2,hybrid-v1,weak_serp,52.6316,,кухни на заказ цена Новосибирск,кухни на заказ,commercial,Новосибирск,65,https://www.kuhni-nsk.ru/catalog/kuhni/na-zakaz/,kuhni-nsk.ru,10,0,,,product,ok,,artifacts\query--0564a99dd6845f39.json,f481aaa9230113c1a044aa254e8cd85e4cb0afbb,349813,52.6316,10883.0,225388.0,1694.0,815.0,0.48110979929161746,5.2674,96.0,17.6458,5.0,1.0,2.0,3.0,6.0,1.0,64.0,1.0,189.0,0.0,0.0,0.0,125.0,3.0,6.0,0.6,0.6,12.0,0.6,40.0,0.07379,1.0,251.0,62.0,293.0,26.0,7.0,171.0,24.428571,338.8,148.170012,36.599764,172.9634,15.348288,0.048286,0.428147,1.0,1.0,6.749004,1.2,0.428147,0.256888,0.256888,0.36,0.428147,0.76,0.836364,0.696552,0.0,0.193855,0.428147,200.0,1.0,0.0,0.0,1.0,1.0,1.0,0.0,0.0,0.0,1.0,1.0,1.0,0.0,0.0,3.0,0.0,0.0,1.0,0.7,1.0,1.0,0.94,1.0,10.0,1.0,1.0,1.0,1.0,1.0,1.0,1.0,1.0,1.0,1.0,0.0,0.0,1.0,4.0,1.0,1.0,1.0,1.0,1.0,8.0,8.0,0.888889,0.888889,0.925926
dataset-v2,v2,extraction-v2,hybrid-v1,weak_serp,100.0,,кухни на заказ цена Казань,кухни на заказ,commercial,Казань,43,https://kuhni-sova.ru/,kuhni-sova.ru,1,0,,,homepage,ok,,artifacts\query--4d6b1ea0f8d8174b.json,59719cdf01295d6c87af54b3d1592ff3bb948354,1250795,100.0,13644.0,1172145.0,2083.0,802.0,0.38502160345655306,5.2712,122.0,17.0738,45.0,0.0,0.0,0.0,0.0,1.0,24.0,1.0,127.0,0.0,0.0,0.0,57.0,2.0,6.0,0.4,0.6,0.0,0.0,13.0,0.027364,0.8,60.0,50.0,68.0,27.0,6.0,87.0,14.5,46.2889,28.804609,24.003841,32.645223,12.962074,0.01164,0.234175,1.0,1.0,34.716667,0.0,0.18734,0.09367,0.0,0.0,0.234175,0.51,0.436364,0.875862,0.729717,0.090162,0.234175,200.0,1.0,0.0,0.0,1.0,1.0,0.0,0.0,0.0,0.0,1.0,1.0,0.0,0.0,0.0,0.0,0.0,0.0,1.0,1.0,0.5,1.0,0.9,1.0,13.0,0.0,1.0,1.0,1.0,1.0,1.0,1.0,1.0,1.0,1.0,0.0,1.0,1.0,5.0,0.0,1.0,1.0,1.0,0.6,9.0,7.0,1.0,0.777778,0.792593
dataset-v2,v2,extraction-v2,hybrid-v1,weak_serp,94.7368,,кухни на заказ цена Казань,кухни на заказ,commercial,Казань,43,https://kuhni-na-zakaz.net/,kuhni-na-zakaz.net,2,0,,,homepage,ok,,artifacts\query--6261fd87768bad95.json,4d4950d693cf2fe5e8e1cc52f765ffa0d8dfb8b0,388221,94.7368,10679.0,293324.0,1519.0,680.0,0.4476629361421988,5.8381,91.0,16.6923,58.0,1.0,35.0,8.0,44.0,1.0,62.0,1.0,163.0,0.0,0.0,0.0,100.0,4.0,2.0,0.8,0.4,13.0,0.6,14.0,0.065833,1.0,225.0,20.0,154.0,16.0,2.0,22.0,11.0,26.1897,148.123766,13.166557,101.382488,10.533246,0.036407,0.254516,1.0,1.0,6.751111,0.758621,0.254516,0.203613,0.15271,0.48,0.254516,0.83,0.872727,0.875862,0.0,0.09615,0.254516,200.0,1.0,0.0,0.0,1.0,1.0,1.0,0.0,0.0,0.0,1.0,1.0,1.0,0.0,0.0,0.0,0.0,0.0,1.0,1.0,1.0,1.0,1.0,1.0,1.0,1.0,1.0,1.0,1.0,1.0,1.0,1.0,1.0,1.0,1.0,0.0,1.0,1.0,16.0,1.0,1.0,1.0,1.0,1.0,9.0,8.0,1.0,0.888889,0.962963
dataset-v2,v2,extraction-v2,hybrid-v1,weak_serp,89.4737,,кухни на заказ цена Казань,кухни на заказ,commercial,Казань,43,https://kuhni-express.ru/kazan/catalog,kuhni-express.ru,3,0,,,product,ok,,artifacts\query--f1f42554a0e1ceb4.json,24d07f60b507a2246f68394b1250558b8cf40186,147326,89.4737,8819.0,98929.0,1335.0,627.0,0.4696629213483146,5.4801,54.0,24.7222,16.0,1.0,6.0,7.0,14.0,1.0,69.0,1.0,133.0,0.0,0.0,0.0,87.0,4.0,3.0,0.6,0.6,6.0,0.6,26.0,0.065169,1.0,145.0,22.0,77.0,0.0,3.0,6.0,2.0,83.4375,108.614232,16.479401,57.677903,0.0,0.089145,0.479568,1.0,1.0,9.206897,0.875,0.479568,0.287741,0.287741,0.36,0.426816,0.76,0.745455,0.917241,0.0,0.16705,0.479568,200.0,1.0,0.0,0.0,1.0,0.0,0.0,0.0,0.0,0.0,1.0,1.0,1.0,0.0,0.0,2.0,0.0,0.0,1.0,0.8,1.0,0.0,0.76,1.0,1.0,0.0,0.0,1.0,0.0,1.0,0.0,0.0,1.0,1.0,1.0,0.0,1.0,1.0,4.0,1.0,1.0,1.0,1.0,0.6,5.0,6.0,0.555556,0.666667,0.607407
dataset-v2,v2,extraction-v2,hybrid-v1,weak_serp,84.2105,,кухни на заказ цена Казань,кухни на заказ,commercial,Казань,43,https://bigmebel-kzn.ru/kuhni/,bigmebel-kzn.ru,4,0,,,content,ok,,artifacts\query--fa537986d09df4f9.json,624d97c4964b0f31490469ac533246a65528ea44,3213963,84.2105,81516.0,2680563.0,11986.0,2471.0,0.2061571833806107,5.6241,850.0,14.1012,142.0,1.0,0.0,19.0,20.0,1.0,77.0,1.0,179.0,0.0,0.0,0.0,322.0,3.0,3.0,0.6,0.4,4.0,0.6,20.0,0.026865,1.0,596.0,934.0,581.0,242.0,8.0,500.0,62.5,84.4085,49.724679,77.924245,48.473219,20.190222,0.03041,0.512885,1.0,1.0,20.110738,0.140845,0.512885,0.307731,0.307731,0.36,0.512885,0.76,0.6,0.765517,0.895489,0.105735,0.512885,200.0,1.0,0.0,0.0,1.0,1.0,1.0,0.0,0.0,0.0,1.0,1.0,1.0,0.0,0.0,1.0,0.0,0.0,1.0,0.9,1.0,1.0,0.98,1.0,7.0,0.0,1.0,1.0,1.0,1.0,1.0,1.0,1.0,1.0,1.0,0.0,1.0,1.0,49.0,1.0,1.0,1.0,1.0,0.8,9.0,7.0,1.0,0.777778,0.859259
dataset-v2,v2,extraction-v2,hybrid-v1,weak_serp,78.9474,,кухни на заказ цена Казань,кухни на заказ,commercial,Казань,43,https://www.kukhni-kazan.ru/,kukhni-kazan.ru,5,0,,,homepage,ok,,artifacts\query--71ea503c7c3eadfb.json,23583f5ad31044baf7f60a8b5e7dc32a15aa5cc0,804104,78.9474,12424.0,689216.0,1749.0,510.0,0.2915951972555746,5.7679,167.0,10.4731,129.0,3.0,0.0,0.0,3.0,1.0,67.0,1.0,176.0,0.0,0.0,0.0,79.0,4.0,3.0,0.8,0.6,3.0,0.6,20.0,0.045169,1.0,363.0,387.0,0.0,309.0,38.0,150.0,3.947368,13.5581,207.54717,221.269297,0.0,176.672384,0.018026,0.273095,1.0,0.75,4.818182,0.023256,0.273095,0.218476,0.163857,0.48,0.273095,0.83,0.781818,0.786207,0.494378,0.077377,0.204821,200.0,1.0,0.0,0.0,0.0,0.0,1.0,0.0,0.0,0.0,1.0,0.0,1.0,0.0,0.0,0.0,0.0,0.0,1.0,1.0,0.5,0.75,0.85,1.0,2.0,1.0,1.0,1.0,0.0,1.0,1.0,1.0,1.0,1.0,1.0,0.0,0.0,1.0,2.0,1.0,1.0,1.0,1.0,1.0,7.0,8.0,0.777778,0.888889,0.888889
dataset-v2,v2,extraction-v2,hybrid-v1,weak_serp,73.6842,,кухни на заказ цена Казань,кухни на заказ,commercial,Казань,43,https://kuhni-kazanzakazz.ru/,kuhni-kazanzakazz.ru,6,0,,,homepage,ok,,artifacts\query--318d35a6e5d032c5.json,a44184ce36e676d7d57ae47bd3db7bbb86eac317,420030,73.6842,9800.0,367974.0,1435.0,760.0,0.5296167247386759,5.5603,73.0,19.6575,64.0,5.0,1.0,8.0,14.0,1.0,51.0,1.0,317.0,0.0,0.0,0.0,55.0,3.0,3.0,0.6,0.6,23.0,0.6,16.0,0.038328,0.6,12.0,64.0,0.0,27.0,0.0,23.0,0.0,22.4219,8.362369,44.599303,0.0,18.815331,0.026632,0.612684,1.0,0.5,119.583333,0.21875,0.36761,0.36761,0.36761,0.36,0.586134,0.7,0.927273,0.0,0.433449,0.258689,0.306342,200.0,1.0,0.0,0.0,1.0,1.0,0.0,0.0,0.0,0.0,1.0,1.0,1.0,0.0,0.0,0.0,0.0,0.0,1.0,1.0,1.0,1.0,1.0,1.0,4.0,0.0,1.0,0.0,0.0,1.0,0.0,0.0,1.0,1.0,1.0,0.0,0.0,1.0,4.0,0.0,1.0,1.0,1.0,0.4,4.0,6.0,0.444444,0.666667,0.503704
dataset-v2,v2,extraction-v2,hybrid-v1,weak_serp,68.4211,,кухни на заказ цена Казань,кухни на заказ,commercial,Казань,43,https://kuhdela.ru/,kuhdela.ru,7,0,,,homepage,ok,,artifacts\query--58921f0e054cbfd0.json,a39c546d11997d0d11a77142f173732b6c1f7f53,1251020,68.4211,15380.0,1136575.0,2230.0,841.0,0.37713004484304935,5.6502,144.0,15.4861,7.0,1.0,17.0,17.0,35.0,1.0,90.0,1.0,226.0,0.0,0.0,0.0,106.0,3.0,1.0,0.6,0.2,6.0,0.6,27.0,0.047534,0.6,232.0,25.0,192.0,2.0,10.0,134.0,13.4,318.5714,104.035874,11.210762,86.098655,0.896861,0.013532,0.536483,1.0,1.0,9.612069,5.0,0.32189,0.32189,0.32189,0.36,0.536483,0.7,0.363636,0.441379,0.249327,0.202324,0.536483,200.0,1.0,0.0,0.0,1.0,1.0,0.0,0.0,0.0,0.0,1.0,1.0,0.0,0.0,0.0,0.0,0.0,0.0,1.0,1.0,0.5,1.0,0.9,1.0,28.0,1.0,1.0,1.0,1.0,1.0,0.0,0.0,1.0,1.0,1.0,0.0,1.0,1.0,20.0,1.0,1.0,1.0,1.0,1.0,7.0,8.0,0.777778,0.888889,0.888889
dataset-v2,v2,extraction-v2,hybrid-v1,weak_serp,63.1579,,кухни на заказ цена Казань,кухни на заказ,commercial,Казань,43,https://olan.biz/,olan.biz,8,0,,,homepage,ok,,artifacts\query--76faae44d8c950f3.json,e38aeeae604e589a3f53e681ddc4acf9a03230f2,198316,63.1579,11224.0,135413.0,1593.0,615.0,0.3860640301318267,5.8544,97.0,16.4227,45.0,2.0,11.0,5.0,18.0,1.0,87.0,1.0,153.0,0.0,0.0,0.0,105.0,3.0,1.0,0.6,0.2,9.0,0.6,22.0,0.065913,1.0,106.0,65.0,44.0,0.0,6.0,72.0,12.0,35.4,66.541117,40.803515,27.620841,0.0,0.082887,0.27207,1.0,1.0,15.028302,0.4,0.27207,0.163242,0.163242,0.36,0.27207,0.76,0.418182,0.944828,0.0,0.092957,0.27207,200.0,1.0,0.0,0.0,1.0,1.0,1.0,0.0,0.0,0.0,1.0,1.0,1.0,0.0,0.0,0.0,0.0,0.0,1.0,1.0,1.0,1.0,1.0,1.0,1.0,0.0,1.0,1.0,1.0,1.0,1.0,0.0,1.0,1.0,1.0,0.0,0.0,1.0,7.0,0.0,1.0,1.0,1.0,0.6,7.0,7.0,0.777778,0.777778,0.718519
dataset-v2,v2,extraction-v2,hybrid-v1,weak_serp,57.8947,,кухни на заказ цена Казань,кухни на заказ,commercial,Казань,43,https://kuhni-mebelyer.ru/,kuhni-mebelyer.ru,9,0,,,homepage,ok,,artifacts\query--601f3d33edffdc20.json,007ee56e0f0758e1a1370bc237ed371f4991afe3,322534,57.8947,14706.0,231057.0,2063.0,828.0,0.40135724672806594,5.9855,91.0,22.6703,112.0,1.0,11.0,51.0,63.0,1.0,53.0,1.0,140.0,0.0,0.0,0.0,93.0,5.0,3.0,1.0,0.6,12.0,0.6,9.0,0.04508,1.0,237.0,137.0,249.0,18.0,7.0,73.0,10.428571,18.4196,114.881241,66.408143,120.698013,8.725158,0.063647,0.425746,1.0,1.0,8.704641,0.5625,0.425746,0.425746,0.255448,0.6,0.425746,0.9,0.963636,0.965517,0.497334,0.170876,0.425746,200.0,1.0,0.0,0.0,1.0,1.0,0.0,0.0,0.0,0.0,1.0,1.0,1.0,0.0,0.0,0.0,0.0,0.0,1.0,1.0,1.0,1.0,1.0,1.0,7.0,1.0,1.0,1.0,1.0,1.0,1.0,1.0,1.0,1.0,1.0,1.0,0.0,1.0,51.0,1.0,1.0,1.0,1.0,1.0,8.0,9.0,0.888889,1.0,0.962963
dataset-v2,v2,extraction-v2,hybrid-v1,weak_serp,52.6316,,кухни на заказ цена Казань,кухни на заказ,commercial,Казань,43,https://kuhni.shell-wood.ru/,kuhni.shell-wood.ru,10,0,,,homepage,ok,,artifacts\query--325c525827f2646b.json,fabbee67342b738c30b4cc36f72cc652362646ba,235455,52.6316,7996.0,202654.0,1211.0,618.0,0.5103220478943022,5.2915,137.0,8.8394,1.0,4.0,0.0,0.0,4.0,1.0,37.0,1.0,92.0,0.0,0.0,0.0,49.0,3.0,3.0,0.6,0.6,3.0,0.4,14.0,0.040462,1.0,31.0,15.0,41.0,10.0,2.0,12.0,6.0,1211.0,25.598679,12.386457,33.856317,8.257638,0.039456,0.575677,1.0,1.0,39.064516,4.0,0.575677,0.345406,0.230271,0.24,0.464763,0.71,0.672727,0.634483,0.651252,0.197649,0.575677,200.0,1.0,0.0,0.0,1.0,1.0,0.0,0.0,0.0,0.0,1.0,1.0,1.0,0.0,0.0,0.0,0.0,0.0,1.0,1.0,1.0,1.0,1.0,1.0,1.0,1.0,1.0,1.0,1.0,1.0,1.0,0.0,0.0,1.0,0.0,0.0,0.0,1.0,4.0,1.0,1.0,1.0,1.0,1.0,7.0,6.0,0.777778,0.666667,0.814815
dataset-v2,v2,extraction-v2,hybrid-v1,weak_serp,100.0,,кухни на заказ цена Краснодар,кухни на заказ,commercial,Краснодар,35,https://kuxni-krd.ru/,kuxni-krd.ru,1,0,,,homepage,ok,,artifacts\query--b035ef25ddd31c09.json,55d31fa1f55b237d3c721a6f352435ee019eb8dd,604612,100.0,17647.0,401638.0,2767.0,997.0,0.3603180339718106,5.0795,105.0,26.3524,60.0,1.0,9.0,23.0,33.0,1.0,65.0,1.0,146.0,0.0,0.0,0.0,97.0,3.0,3.0,0.6,0.6,6.0,0.6,15.0,0.035056,1.0,859.0,323.0,61.0,102.0,0.0,0.0,0.0,46.1167,310.444525,116.732924,22.045537,36.863029,0.043938,0.278121,1.0,0.5,3.221187,0.55,0.278121,0.166873,0.166873,0.36,0.278121,0.76,0.818182,0.993103,0.831466,0.100212,0.139061,200.0,1.0,0.0,0.0,1.0,1.0,0.0,0.0,0.0,0.0,1.0,1.0,1.0,0.0,0.0,0.0,0.0,0.0,1.0,1.0,1.0,1.0,1.0,1.0,1.0,1.0,1.0,1.0,1.0,1.0,1.0,1.0,1.0,1.0,1.0,0.0,1.0,1.0,2.0,0.0,1.0,1.0,1.0,0.8,9.0,8.0,1.0,0.888889,0.896296
dataset-v2,v2,extraction-v2,hybrid-v1,weak_serp,94.7368,,кухни на заказ цена Краснодар,кухни на заказ,commercial,Краснодар,35,https://kuhni-kook.ru/,kuhni-kook.ru,2,0,,,homepage,ok,,artifacts\query--8ae6b1f9765f909a.json,1094b6cf17c3a26d31219129ab247e37d7ee4612,304006,94.7368,4050.0,282364.0,641.0,374.0,0.5834633385335414,5.1279,56.0,11.4464,1.0,0.0,0.0,0.0,0.0,1.0,76.0,1.0,125.0,0.0,0.0,0.0,11.0,3.0,3.0,0.6,0.6,0.0,0.0,6.0,0.017161,0.8,6.0,15.0,24.0,19.0,0.0,0.0,0.0,641.0,9.360374,23.400936,37.441498,29.641186,0.014343,0.577552,1.0,0.5,106.833333,0.0,0.462042,0.346531,0.0,0.0,0.246807,0.58,0.618182,0.862069,0.457618,0.120002,0.288776,200.0,1.0,0.0,0.0,1.0,0.0,0.0,0.0,0.0,0.0,1.0,1.0,0.0,0.0,0.0,0.0,0.0,0.0,1.0,1.0,0.5,0.0,0.7,1.0,1.0,1.0,1.0,0.0,1.0,1.0,1.0,0.0,1.0,1.0,0.0,0.0,0.0,0.0,0.0,1.0,1.0,1.0,1.0,0.8,5.0,6.0,0.555556,0.666667,0.674074
dataset-v2,v2,extraction-v2,hybrid-v1,weak_serp,89.4737,,кухни на заказ цена Краснодар,кухни на заказ,commercial,Краснодар,35,https://kuhnidar.ru/,kuhnidar.ru,3,0,,,homepage,ok,,artifacts\query--b03772d952e351d5.json,03e1f80a462cb14a6215551dce78f9f909095ab8,268600,89.4737,14981.0,156640.0,2231.0,648.0,0.2904527117884357,5.4469,104.0,21.4519,6.0,1.0,1.0,2.0,4.0,1.0,87.0,1.0,281.0,0.0,0.0,0.0,82.0,3.0,5.0,0.6,0.4,11.0,0.8,10.0,0.036755,1.0,279.0,91.0,173.0,4.0,0.0,5.0,0.0,371.8333,125.056029,40.788884,77.543702,1.792918,0.09564,0.57274,1.0,0.75,7.996416,0.666667,0.57274,0.343644,0.458192,0.48,0.57274,0.81,0.418182,0.062069,0.774839,0.166354,0.429555,200.0,1.0,0.0,0.0,1.0,1.0,1.0,0.0,0.0,0.0,1.0,1.0,1.0,0.0,0.0,0.0,0.0,0.0,1.0,1.0,1.0,1.0,1.0,1.0,4.0,1.0,1.0,1.0,1.0,1.0,1.0,0.0,1.0,1.0,1.0,0.0,0.0,0.0,0.0,1.0,1.0,1.0,1.0,1.0,6.0,8.0,0.666667,0.888889,0.851852
dataset-v2,v2,extraction-v2,hybrid-v1,weak_serp,84.2105,,кухни на заказ цена Краснодар,кухни на заказ,commercial,Краснодар,35,https://www.giuseppe23.ru/,giuseppe23.ru,4,0,,,homepage,ok,,artifacts\query--6a13fa6c2fd9665a.json,deaa60418402700f0d1b3f1c8085d1eb799f9101,2170838,84.2105,17291.0,2035055.0,2488.0,948.0,0.38102893890675243,5.6905,146.0,17.0411,24.0,1.0,1.0,1.0,3.0,1.0,58.0,1.0,197.0,0.0,0.0,0.0,68.0,3.0,2.0,0.6,0.4,5.0,0.6,14.0,0.027331,0.8,175.0,66.0,204.0,4.0,11.0,194.0,17.636364,103.6667,70.337621,26.527331,81.993569,1.607717,0.008497,0.641833,1.0,1.0,14.217143,0.125,0.513466,0.3851,0.3851,0.36,0.641833,0.73,0.945455,0.641379,0.728832,0.244557,0.641833,200.0,1.0,0.0,0.0,1.0,1.0,0.0,0.0,0.0,0.0,1.0,1.0,0.0,0.0,0.0,0.0,0.0,0.0,1.0,1.0,0.5,1.0,0.9,1.0,6.0,1.0,1.0,1.0,0.0,1.0,1.0,1.0,1.0,1.0,1.0,0.0,0.0,1.0,27.0,1.0,1.0,1.0,1.0,1.0,7.0,8.0,0.777778,0.888889,0.888889
dataset-v2,v2,extraction-v2,hybrid-v1,weak_serp,78.9474,,кухни на заказ цена Краснодар,кухни на заказ,commercial,Краснодар,35,https://kukhni-vkrasnodare.ru/,kukhni-vkrasnodare.ru,5,0,,,homepage,ok,,artifacts\query--dc65ac6df8989af7.json,dc81c859b8b3f6b0f0b584a1d74607ef489a5c53,353434,78.9474,3713.0,321119.0,568.0,219.0,0.3855633802816901,5.2887,27.0,21.037,90.0,5.0,1.0,9.0,15.0,1.0,55.0,1.0,82.0,0.0,0.0,0.0,41.0,3.0,0.0,0.6,0.0,20.0,0.4,14.0,0.072183,0.8,12.0,65.0,0.0,52.0,0.0,23.0,0.0,6.3111,21.126761,114.43662,0.0,91.549296,0.011563,0.661814,1.0,0.5,47.333333,0.166667,0.529451,0.397088,0.264726,0.24,0.250607,0.68,1.0,0.565517,0.0,0.080521,0.330907,200.0,1.0,0.0,0.0,0.0,0.0,0.0,0.0,0.0,0.0,1.0,1.0,1.0,0.0,0.0,0.0,0.0,0.0,1.0,1.0,1.0,0.75,0.95,1.0,4.0,0.0,1.0,0.0,1.0,1.0,0.0,0.0,0.0,1.0,0.0,0.0,0.0,1.0,4.0,1.0,1.0,0.0,0.0,0.6,5.0,2.0,0.555556,0.222222,0.459259
dataset-v2,v2,extraction-v2,hybrid-v1,weak_serp,73.6842,,кухни на заказ цена Краснодар,кухни на заказ,commercial,Краснодар,35,https://кухни-розмарин.рф/,кухни-розмарин.рф,6,0,,,homepage,ok,,artifacts\query--c42f8cb6ce49aff5.json,dda6f49bff32db0df18bf77931e7e373339111de,379412,73.6842,7054.0,336389.0,1006.0,526.0,0.5228628230616302,5.832,42.0,23.9524,3.0,2.0,3.0,0.0,5.0,1.0,45.0,1.0,115.0,0.0,0.0,0.0,47.0,3.0,0.0,0.6,0.0,2.0,0.2,14.0,0.04672,0.8,168.0,132.0,8.0,0.0,3.0,97.0,32.333333,335.3333,166.998012,131.212724,7.952286,0.0,0.02097,0.507592,1.0,1.0,5.988095,1.666667,0.406074,0.304555,0.101518,0.12,0.340425,0.63,0.818182,0.793103,0.354142,0.14833,0.507592,200.0,1.0,0.0,0.0,1.0,1.0,0.0,0.0,0.0,0.0,1.0,1.0,1.0,0.0,0.0,0.0,0.0,0.0,1.0,1.0,1.0,1.0,1.0,1.0,6.0,0.0,1.0,1.0,1.0,1.0,1.0,1.0,1.0,1.0,1.0,0.0,0.0,1.0,4.0,1.0,1.0,1.0,1.0,0.8,8.0,7.0,0.888889,0.777778,0.822222
dataset-v2,v2,extraction-v2,hybrid-v1,weak_serp,68.4211,,кухни на заказ цена Краснодар,кухни на заказ,commercial,Краснодар,35,https://novaya-mebel.pro/katalog-mebeli/kuhni/,novaya-mebel.pro,7,0,,,content,ok,,artifacts\query--bc84fb0ddb54c0eb.json,1796ae0df65d294222cc8a68a058b9c62aded86d,232798,68.4211,15622.0,157233.0,2180.0,862.0,0.39541284403669724,5.989,89.0,24.4944,22.0,1.0,0.0,0.0,1.0,1.0,99.0,1.0,243.0,0.0,0.0,0.0,168.0,3.0,2.0,0.6,0.4,3.0,0.6,17.0,0.077064,1.0,158.0,53.0,124.0,12.0,1.0,6.0,6.0,99.0909,72.477064,24.311927,56.880734,5.504587,0.099356,0.353303,1.0,1.0,13.797468,0.045455,0.353303,0.211982,0.211982,0.36,0.353303,0.76,0.2,0.324138,0.0,0.139701,0.353303,200.0,1.0,0.0,0.0,1.0,1.0,0.0,0.0,0.0,0.0,1.0,1.0,1.0,0.0,0.0,2.0,0.0,0.0,1.0,0.8,1.0,1.0,0.96,1.0,8.0,1.0,1.0,1.0,1.0,1.0,1.0,1.0,1.0,1.0,1.0,0.0,0.0,1.0,21.0,1.0,1.0,1.0,1.0,1.0,8.0,8.0,0.888889,0.888889,0.925926
dataset-v2,v2,extraction-v2,hybrid-v1,weak_serp,63.1579,,кухни на заказ цена Краснодар,кухни на заказ,commercial,Краснодар,35,http://kuhnya-krasnodar.ru/,kuhnya-krasnodar.ru,8,0,,,homepage,ok,,artifacts\query--b03f3f1e9d8e9b11.json,31c16fdbd7140da4f5712b3bc8f26a462777a3d1,937918,63.1579,12837.0,870911.0,1841.0,795.0,0.43183052688756113,5.7306,98.0,18.7857,1.0,11.0,0.0,0.0,11.0,1.0,82.0,1.0,170.0,0.0,0.0,0.0,53.0,3.0,2.0,0.6,0.4,4.0,0.6,16.0,0.028789,1.0,25.0,15.0,72.0,34.0,4.0,100.0,25.0,1841.0,13.579576,8.147746,39.10918,18.468224,0.01474,0.607766,1.0,1.0,73.64,11.0,0.607766,0.36466,0.36466,0.36,0.607766,0.76,0.509091,0.827586,0.959623,0.262452,0.607766,200.0,1.0,0.0,0.0,1.0,1.0,0.0,0.0,0.0,0.0,1.0,1.0,0.0,0.0,0.0,0.0,0.0,0.0,1.0,1.0,0.5,1.0,0.9,1.0,9.0,0.0,1.0,1.0,0.0,1.0,1.0,0.0,1.0,1.0,1.0,1.0,0.0,1.0,9.0,0.0,1.0,1.0,1.0,0.6,6.0,8.0,0.666667,0.888889,0.718519
dataset-v2,v2,extraction-v2,hybrid-v1,weak_serp,57.8947,,кухни на заказ цена Краснодар,кухни на заказ,commercial,Краснодар,35,https://www.kukhni-krasnodar.ru/,kukhni-krasnodar.ru,9,0,,,homepage,ok,,artifacts\query--182e078fa157de93.json,6d02aafee31d25104090abae49ccd73c6dca3ee5,382334,57.8947,4803.0,338351.0,689.0,328.0,0.4760522496371553,5.7358,23.0,29.9565,53.0,0.0,0.0,20.0,20.0,1.0,54.0,1.0,100.0,0.0,0.0,0.0,29.0,3.0,2.0,0.6,0.4,3.0,0.2,15.0,0.04209,0.6,60.0,147.0,0.0,87.0,0.0,24.0,0.0,13.0,87.082729,213.352685,0.0,126.269956,0.014195,0.638317,1.0,0.5,11.483333,0.377358,0.38299,0.38299,0.127663,0.12,0.2932,0.6,0.981818,0.689655,0.3582,0.116316,0.319159,200.0,1.0,0.0,0.0,0.0,0.0,0.0,0.0,0.0,0.0,1.0,1.0,1.0,0.0,0.0,0.0,0.0,0.0,1.0,1.0,1.0,0.75,0.95,1.0,3.0,0.0,0.0,0.0,0.0,1.0,1.0,1.0,1.0,1.0,0.0,0.0,0.0,1.0,2.0,0.0,1.0,1.0,1.0,0.2,5.0,4.0,0.555556,0.444444,0.4
dataset-v2,v2,extraction-v2,hybrid-v1,weak_serp,52.6316,,кухни на заказ цена Краснодар,кухни на заказ,commercial,Краснодар,35,https://krasnodarkuhni.ru/,krasnodarkuhni.ru,10,0,,,homepage,ok,,artifacts\query--9a8a0503109e03ba.json,cdd761b4022074811949c624d5812576e9061cdd,152062,52.6316,4836.0,116255.0,695.0,357.0,0.5136690647482014,5.7871,34.0,20.4412,27.0,1.0,8.0,5.0,14.0,1.0,71.0,1.0,185.0,0.0,0.0,0.0,58.0,3.0,1.0,0.6,0.2,7.0,0.4,21.0,0.083453,1.0,48.0,58.0,31.0,0.0,5.0,38.0,7.6,25.7407,69.064748,83.453237,44.604317,0.0,0.041598,0.517306,1.0,1.0,14.479167,0.518519,0.517306,0.310384,0.206922,0.24,0.239685,0.71,0.709091,0.724138,0.0,0.102599,0.517306,200.0,1.0,0.0,0.0,1.0,1.0,1.0,0.0,0.0,0.0,1.0,1.0,1.0,0.0,0.0,0.0,0.0,0.0,1.0,1.0,1.0,1.0,1.0,1.0,2.0,0.0,1.0,1.0,0.0,1.0,0.0,0.0,1.0,1.0,1.0,0.0,1.0,1.0,6.0,0.0,1.0,1.0,1.0,0.6,6.0,7.0,0.666667,0.777778,0.681481
dataset-v2,v2,extraction-v2,hybrid-v1,weak_serp,100.0,,кухни на заказ цена Самара,кухни на заказ,commercial,Самара,51,https://samara.fakturamebel.ru/,samara.fakturamebel.ru,1,0,,,homepage,ok,,artifacts\query--86b4a0ec17134468.json,d3f3a7c85100a6355e76d8c5693874486292b98f,337428,100.0,21372.0,266216.0,3093.0,1211.0,0.3915292596184934,5.6883,250.0,12.372,4.0,0.0,0.0,0.0,0.0,1.0,23.0,1.0,48.0,0.0,0.0,0.0,74.0,3.0,2.0,0.6,0.4,0.0,0.0,22.0,0.023925,0.8,29.0,38.0,31.0,2.0,1.0,5.0,5.0,773.25,9.37601,12.285807,10.022632,0.646621,0.080281,0.394885,1.0,1.0,106.655172,0.0,0.315908,0.236931,0.0,0.0,0.394885,0.58,0.418182,0.331034,0.638,0.154609,0.394885,200.0,1.0,0.0,0.0,1.0,1.0,0.0,0.0,0.0,0.0,1.0,1.0,0.0,0.0,0.0,0.0,0.0,0.0,1.0,1.0,0.5,1.0,0.9,1.0,4.0,0.0,1.0,0.0,0.0,1.0,1.0,0.0,1.0,1.0,1.0,0.0,0.0,1.0,5.0,0.0,1.0,1.0,1.0,0.4,5.0,6.0,0.555556,0.666667,0.540741
dataset-v2,v2,extraction-v2,hybrid-v1,weak_serp,94.7368,,кухни на заказ цена Самара,кухни на заказ,commercial,Самара,51,https://samara-kuhni-na-zakaz.ru/,samara-kuhni-na-zakaz.ru,2,0,,,homepage,ok,,artifacts\query--4b86d5a57d6d736b.json,93831e66a36e3fde49d4d690ecf7083976c578c5,541204,94.7368,8818.0,455138.0,1249.0,625.0,0.500400320256205,5.8911,52.0,24.0192,140.0,1.0,5.0,0.0,6.0,1.0,62.0,1.0,122.0,0.0,0.0,0.0,58.0,5.0,5.0,0.6,0.6,5.0,0.6,20.0,0.046437,0.8,40.0,9.0,13.0,2.0,1.0,6.0,6.0,8.9214,32.02562,7.205765,10.408327,1.601281,0.019374,0.719166,1.0,1.0,31.225,0.042857,0.575333,0.4315,0.4315,0.36,0.598826,0.73,0.872727,0.841379,0.361676,0.24971,0.719166,200.0,1.0,0.0,0.0,1.0,1.0,1.0,0.0,0.0,0.0,1.0,1.0,1.0,0.0,0.0,0.0,0.0,0.0,1.0,1.0,1.0,1.0,1.0,1.0,5.0,1.0,1.0,1.0,0.0,1.0,1.0,1.0,1.0,1.0,1.0,0.0,0.0,1.0,1.0,1.0,1.0,1.0,1.0,1.0,7.0,8.0,0.777778,0.888889,0.888889
dataset-v2,v2,extraction-v2,hybrid-v1,weak_serp,89.4737,,кухни на заказ цена Самара,кухни на заказ,commercial,Самара,51,https://enli.ru/samara/,enli.ru,3,0,,,content,ok,,artifacts\query--2f945a0a6a38154a.json,428f3dbdb93e92ee0807883cd7f8e2e46e2740b0,90417,89.4737,6805.0,49808.0,961.0,400.0,0.4162330905306972,5.9095,49.0,19.6122,18.0,1.0,4.0,2.0,7.0,1.0,56.0,1.0,215.0,0.0,0.0,0.0,74.0,1.0,2.0,0.2,0.4,6.0,0.6,20.0,0.077003,1.0,125.0,6.0,60.0,20.0,5.0,34.0,6.8,53.3889,130.072841,6.243496,62.434964,20.811655,0.136625,0.279482,1.0,1.0,7.688,0.388889,0.279482,0.055896,0.167689,0.12,0.179055,0.62,0.981818,0.517241,0.0,0.062107,0.279482,200.0,1.0,0.0,0.0,0.0,0.0,1.0,0.0,0.0,0.0,1.0,1.0,1.0,0.0,0.0,1.0,0.0,0.0,1.0,0.9,1.0,0.75,0.93,0.0,0.0,0.0,1.0,1.0,1.0,1.0,1.0,1.0,1.0,0.0,1.0,0.0,0.0,1.0,21.0,0.0,1.0,0.0,0.0,0.4,7.0,4.0,0.777778,0.444444,0.540741
dataset-v2,v2,extraction-v2,hybrid-v1,weak_serp,84.2105,,кухни на заказ цена Самара,кухни на заказ,commercial,Самара,51,https://samara.kupit-kuhny.ru/,samara.kupit-kuhny.ru,4,0,,,homepage,ok,,artifacts\query--965f14943a319aef.json,19c7e48241a170f62d3078eb3a84675684703726,249639,84.2105,11804.0,172342.0,1834.0,655.0,0.35714285714285715,5.247,51.0,35.9608,194.0,1.0,13.0,0.0,14.0,1.0,42.0,1.0,192.0,0.0,0.0,0.0,133.0,3.0,4.0,0.6,0.4,10.0,0.6,18.0,0.072519,1.0,158.0,131.0,225.0,0.0,10.0,78.0,7.8,9.4536,86.150491,71.428571,122.682661,0.0,0.068492,0.47382,1.0,1.0,11.607595,0.072165,0.47382,0.284292,0.284292,0.36,0.47382,0.76,0.763636,0.675862,0.0,0.169221,0.47382,200.0,1.0,0.0,0.0,1.0,1.0,1.0,0.0,0.0,0.0,1.0,1.0,1.0,0.0,0.0,0.0,0.0,0.0,1.0,1.0,1.0,1.0,1.0,1.0,1.0,1.0,1.0,1.0,1.0,1.0,1.0,1.0,1.0,1.0,1.0,0.0,0.0,1.0,12.0,1.0,1.0,1.0,1.0,1.0,8.0,8.0,0.888889,0.888889,0.925926
dataset-v2,v2,extraction-v2,hybrid-v1,weak_serp,78.9474,,кухни на заказ цена Самара,кухни на заказ,commercial,Самара,51,https://samara.vernokuhni.ru/,samara.vernokuhni.ru,5,0,,,homepage,ok,,artifacts\query--1ed8d3b0450b46b7.json,b151e628c2dfda8972d81e5557f9ca40a437a1e6,453645,78.9474,32237.0,304124.0,4619.0,1257.0,0.27213682615284696,5.7997,348.0,13.273,2.0,1.0,0.0,5.0,6.0,1.0,75.0,1.0,222.0,0.0,0.0,0.0,136.0,4.0,5.0,0.6,0.6,1.0,0.2,12.0,0.029444,0.8,352.0,69.0,38.0,1.0,4.0,28.0,7.0,2309.5,76.206971,14.938298,8.226889,0.216497,0.106,0.52785,1.0,1.0,13.122159,3.0,0.42228,0.31671,0.10557,0.12,0.52785,0.63,0.636364,0.468966,0.785163,0.143647,0.52785,200.0,1.0,0.0,0.0,1.0,1.0,0.0,0.0,0.0,0.0,1.0,1.0,1.0,0.0,0.0,0.0,0.0,0.0,1.0,1.0,1.0,1.0,1.0,1.0,2.0,0.0,1.0,1.0,0.0,1.0,1.0,0.0,1.0,1.0,1.0,0.0,0.0,1.0,2.0,1.0,1.0,1.0,1.0,0.8,6.0,7.0,0.666667,0.777778,0.748148
dataset-v2,v2,extraction-v2,hybrid-v1,weak_serp,68.4211,,кухни на заказ цена Самара,кухни на заказ,commercial,Самара,51,https://dominantm.ru/,dominantm.ru,7,0,,,homepage,ok,,artifacts\query--65d3a76d9beb389e.json,4186c6bfc3cbf517e06eaf2d633027b36cb1c4b8,375941,68.4211,5520.0,350281.0,795.0,417.0,0.5245283018867924,5.6516,78.0,10.1923,36.0,0.0,0.0,0.0,0.0,1.0,23.0,1.0,38.0,0.0,0.0,0.0,28.0,2.0,0.0,0.4,0.0,0.0,0.0,13.0,0.03522,1.0,34.0,16.0,12.0,20.0,4.0,16.0,4.0,22.0833,42.767296,20.125786,15.09434,25.157233,0.015759,0.224092,1.0,1.0,23.382353,0.0,0.224092,0.089637,0.0,0.0,0.118769,0.54,0.418182,0.262069,0.825996,0.051915,0.224092,200.0,1.0,0.0,0.0,0.0,0.0,0.0,0.0,0.0,0.0,1.0,1.0,0.0,0.0,0.0,0.0,0.0,0.0,1.0,1.0,0.5,0.75,0.85,1.0,1.0,0.0,1.0,0.0,0.0,1.0,0.0,0.0,1.0,1.0,0.0,0.0,0.0,1.0,6.0,0.0,1.0,1.0,1.0,0.4,4.0,5.0,0.444444,0.555556,0.466667
dataset-v2,v2,extraction-v2,hybrid-v1,weak_serp,57.8947,,кухни на заказ цена Самара,кухни на заказ,commercial,Самара,51,https://www.avito.ru/samara/mebel_i_interer/kuhnya_na_zakaz_v_samare_s_proektom_pod_pomeschenie_i_ustanovkoy_8029860475,avito.ru,9,0,,,content,ok,,artifacts\query--7fc8d54cc60592c0.json,0f7c304f64c358abdd1a128991b9a421ffe1e10a,34454,57.8947,947.0,28943.0,133.0,90.0,0.6766917293233082,5.8421,12.0,11.0833,11.0,0.0,1.0,0.0,1.0,1.0,31.0,0.0,0.0,0.0,0.0,0.0,4.0,0.0,0.0,0.0,0.0,0.0,0.0,4.0,0.030075,0.2,1.0,1.0,0.0,1.0,1.0,2.0,2.0,12.0909,7.518797,7.518797,0.0,7.518797,0.032719,-0.009322,0.8,0.75,133.0,0.090909,-0.001864,-0.0,-0.0,0.0,-0.000827,0.23,0.563636,0.0,0.199499,-0.000466,-0.006992,429.0,0.0,0.0,0.0,0.0,0.0,0.0,0.0,0.0,0.0,0.0,1.0,1.0,0.0,0.0,3.0,0.0,0.0,1.0,0.7,1.0,0.75,0.69,1.0,1.0,0.0,0.0,0.0,0.0,1.0,0.0,0.0,0.0,1.0,0.0,0.0,0.0,1.0,1.0,1.0,0.0,1.0,1.0,0.4,2.0,3.0,0.222222,0.333333,0.318519
dataset-v2,v2,extraction-v2,hybrid-v1,weak_serp,52.6316,,кухни на заказ цена Самара,кухни на заказ,commercial,Самара,51,https://mebelhall-kitchen.ru/,mebelhall-kitchen.ru,10,0,,,homepage,ok,,artifacts\query--81db04dde610ed1b.json,1c27f438d40f9cd43b8efe46307ef41e2aa7c689,1438398,52.6316,11122.0,1364913.0,1611.0,551.0,0.34202358783364367,5.4867,88.0,18.3068,32.0,1.0,3.0,1.0,5.0,1.0,87.0,1.0,128.0,0.0,0.0,0.0,72.0,1.0,3.0,0.2,0.6,5.0,0.6,20.0,0.044693,0.8,46.0,26.0,133.0,15.0,8.0,61.0,7.625,50.3438,28.553693,16.139044,82.557418,9.310987,0.008149,0.788556,1.0,1.0,35.021739,0.15625,0.630845,0.157711,0.473134,0.12,0.788556,0.59,0.418182,0.882759,0.408194,0.241386,0.788556,200.0,1.0,0.0,0.0,1.0,1.0,0.0,0.0,0.0,0.0,1.0,1.0,0.0,0.0,0.0,0.0,0.0,0.0,1.0,1.0,0.5,1.0,0.9,1.0,26.0,1.0,1.0,1.0,0.0,1.0,1.0,1.0,1.0,1.0,1.0,0.0,0.0,1.0,8.0,1.0,1.0,1.0,1.0,1.0,7.0,8.0,0.777778,0.888889,0.888889
dataset-v2,v2,extraction-v2,hybrid-v1,weak_serp,100.0,,кухни на заказ цена Нижний Новгород,кухни на заказ,commercial,Нижний Новгород,47,https://kuhni-nn.ru/,kuhni-nn.ru,1,0,,,homepage,ok,,artifacts\query--25fa3b86ac836ea0.json,126081e4cde1d9ed7ee0394f2873e6657881ce1d,346895,100.0,18447.0,232798.0,2991.0,915.0,0.3059177532597793,4.788,63.0,47.4762,284.0,1.0,10.0,2.0,13.0,1.0,33.0,1.0,295.0,0.0,0.0,0.0,332.0,3.0,9.0,0.5,0.833333,10.0,0.5,16.0,0.111,1.0,279.0,260.0,29.0,782.0,0.0,0.0,0.0,10.5317,93.27984,86.927449,9.695754,261.45102,0.07924,0.522844,1.0,0.5,10.72043,0.045775,0.522844,0.261422,0.261422,0.25,0.522844,0.7,0.6,0.0,0.0,0.159947,0.261422,200.0,1.0,0.0,0.0,0.0,0.0,0.0,0.0,0.0,0.0,1.0,0.0,0.0,0.0,0.0,0.0,0.0,0.0,1.0,1.0,0.0,0.75,0.75,1.0,2.0,1.0,1.0,0.0,1.0,1.0,1.0,0.0,1.0,0.0,0.0,0.0,0.0,0.0,0.0,0.0,1.0,0.0,0.0,0.6,5.0,3.0,0.555556,0.333333,0.496296
dataset-v2,v2,extraction-v2,hybrid-v1,weak_serp,94.7368,,кухни на заказ цена Нижний Новгород,кухни на заказ,commercial,Нижний Новгород,47,https://nn.kupit-kuhny.ru/,nn.kupit-kuhny.ru,2,0,,,homepage,ok,,artifacts\query--36b0df3dbe94dabd.json,5e189efc3b38318b0219ce5a7ddae717886410d3,239136,94.7368,11792.0,162726.0,1825.0,651.0,0.3567123287671233,5.274,48.0,38.0208,194.0,1.0,13.0,0.0,14.0,1.0,52.0,1.0,202.0,0.0,0.0,0.0,134.0,3.0,4.0,0.5,0.333333,10.0,0.5,16.0,0.073425,1.0,156.0,131.0,225.0,0.0,10.0,78.0,7.8,9.4072,85.479452,71.780822,123.287671,0.0,0.072465,0.334483,1.0,1.0,11.698718,0.072165,0.334483,0.167241,0.167241,0.25,0.334483,0.7,0.945455,0.606897,0.0,0.119314,0.334483,200.0,1.0,0.0,0.0,1.0,1.0,1.0,0.0,0.0,0.0,1.0,1.0,1.0,0.0,0.0,0.0,0.0,0.0,1.0,1.0,1.0,1.0,1.0,1.0,1.0,1.0,1.0,1.0,1.0,1.0,1.0,1.0,1.0,1.0,1.0,0.0,0.0,1.0,12.0,1.0,1.0,1.0,1.0,1.0,8.0,8.0,0.888889,0.888889,0.925926
dataset-v2,v2,extraction-v2,hybrid-v1,weak_serp,89.4737,,кухни на заказ цена Нижний Новгород,кухни на заказ,commercial,Нижний Новгород,47,https://первыйкухонный.рф/,первыйкухонный.рф,3,0,,,homepage,ok,,artifacts\query--5260dc0cfd89d13b.json,f310de65bb0821e4a7e9de1ed9006f076ee6f4d1,2054058,89.4737,20065.0,1926922.0,3073.0,859.0,0.2795314025382363,4.9759,134.0,22.9328,168.0,1.0,1.0,0.0,2.0,1.0,133.0,1.0,66.0,0.0,0.0,0.0,71.0,4.0,3.0,0.5,0.5,3.0,0.5,14.0,0.023104,0.666667,155.0,77.0,67.0,0.0,15.0,120.0,8.0,18.2917,50.43931,25.056948,21.802799,0.0,0.010413,0.512883,1.0,1.0,19.825806,0.011905,0.341922,0.256441,0.256441,0.25,0.512883,0.65,0.0,0.455172,0.513432,0.143367,0.512883,200.0,1.0,0.0,0.0,1.0,1.0,0.0,0.0,0.0,0.0,1.0,1.0,1.0,0.0,0.0,0.0,0.0,0.0,1.0,1.0,1.0,1.0,1.0,1.0,25.0,0.0,1.0,0.0,1.0,1.0,1.0,1.0,1.0,1.0,1.0,0.0,0.0,1.0,2.0,1.0,1.0,1.0,1.0,0.6,7.0,6.0,0.777778,0.666667,0.681481
dataset-v2,v2,extraction-v2,hybrid-v1,weak_serp,84.2105,,кухни на заказ цена Нижний Новгород,кухни на заказ,commercial,Нижний Новгород,47,https://love-kuhnya-na-zakaz-nn.ru/,love-kuhnya-na-zakaz-nn.ru,4,0,,,homepage,ok,,artifacts\query--b4cc2f4cafc60068.json,7deb421586e782e3ea27f3cf134b599be4fa89b6,856888,84.2105,17291.0,663702.0,2578.0,865.0,0.33553141970519784,5.5625,62.0,41.5806,176.0,1.0,13.0,4.0,18.0,1.0,112.0,1.0,196.0,0.0,0.0,0.0,297.0,3.0,1.0,0.5,0.166667,10.0,0.833333,28.0,0.115206,1.0,656.0,417.0,189.0,8.0,3.0,44.0,14.666667,14.6477,254.460822,161.753297,73.312645,3.103181,0.026052,0.519182,1.0,1.0,3.929878,0.102273,0.519182,0.259591,0.432652,0.416667,0.519182,0.783333,0.0,0.648276,0.0,0.174202,0.519182,200.0,1.0,0.0,0.0,1.0,1.0,1.0,0.0,0.0,0.0,1.0,1.0,1.0,0.0,0.0,0.0,0.0,0.0,1.0,1.0,1.0,1.0,1.0,1.0,6.0,1.0,1.0,1.0,1.0,1.0,1.0,0.0,1.0,1.0,1.0,0.0,1.0,1.0,11.0,1.0,1.0,1.0,1.0,1.0,8.0,8.0,0.888889,0.888889,0.925926
dataset-v2,v2,extraction-v2,hybrid-v1,weak_serp,78.9474,,кухни на заказ цена Нижний Новгород,кухни на заказ,commercial,Нижний Новгород,47,https://kntmebel.ru/,kntmebel.ru,5,0,,,homepage,ok,,artifacts\query--ebead3ffd96712f1.json,8b3d605d48d515a622aa28f59c662954017cbb6c,952237,78.9474,10160.0,879304.0,1442.0,704.0,0.4882108183079057,5.7899,70.0,20.6,51.0,2.0,22.0,7.0,31.0,1.0,105.0,1.0,172.0,0.0,0.0,0.0,45.0,3.0,1.0,0.5,0.166667,17.0,1.0,17.0,0.031207,1.0,82.0,31.0,45.0,9.0,3.0,81.0,27.0,28.2745,56.865465,21.49792,31.206657,6.241331,0.011555,0.465379,1.0,1.0,17.585366,0.607843,0.465379,0.232689,0.465379,0.5,0.447384,0.825,0.090909,0.813793,0.959778,0.182015,0.465379,200.0,1.0,0.0,0.0,1.0,1.0,0.0,0.0,0.0,0.0,1.0,1.0,1.0,0.0,0.0,0.0,0.0,0.0,1.0,1.0,1.0,1.0,1.0,1.0,13.0,1.0,1.0,1.0,1.0,1.0,1.0,1.0,1.0,1.0,1.0,0.0,0.0,1.0,5.0,1.0,1.0,1.0,1.0,1.0,8.0,8.0,0.888889,0.888889,0.925926
dataset-v2,v2,extraction-v2,hybrid-v1,weak_serp,73.6842,,кухни на заказ цена Нижний Новгород,кухни на заказ,commercial,Нижний Новгород,47,https://stebelkuhny.ru/,stebelkuhny.ru,6,0,,,homepage,ok,,artifacts\query--98e9933192315443.json,91f6aea7e914321ee338e7f719da7275755aca7f,907520,73.6842,13189.0,818046.0,1967.0,658.0,0.33451957295373663,5.4942,130.0,15.1308,299.0,1.0,0.0,0.0,1.0,1.0,54.0,1.0,225.0,0.0,0.0,0.0,79.0,0.0,6.0,0.0,0.833333,2.0,0.333333,10.0,0.040163,1.0,118.0,143.0,3.0,1.0,5.0,36.0,7.2,6.5786,59.989832,72.699542,1.525165,0.508388,0.016123,0.427422,1.0,1.0,16.669492,0.003344,0.427422,0.0,0.142474,0.0,0.427422,0.483333,0.981818,0.448276,0.661244,0.142981,0.427422,200.0,1.0,0.0,0.0,0.0,0.0,0.0,0.0,0.0,0.0,1.0,1.0,1.0,0.0,0.0,0.0,0.0,0.0,1.0,1.0,1.0,0.75,0.95,1.0,10.0,1.0,1.0,1.0,1.0,1.0,1.0,1.0,1.0,1.0,0.0,1.0,0.0,1.0,3.0,1.0,1.0,1.0,1.0,1.0,8.0,8.0,0.888889,0.888889,0.925926
dataset-v2,v2,extraction-v2,hybrid-v1,weak_serp,68.4211,,кухни на заказ цена Нижний Новгород,кухни на заказ,commercial,Нижний Новгород,47,https://www.kukhni-nizhniy-novgorod.ru/,kukhni-nizhniy-novgorod.ru,7,0,,,homepage,ok,,artifacts\query--50984d23bc51f4e9.json,74b4b69524979f4f966e178bc7f1944223d13788,862776,68.4211,41189.0,669784.0,5274.0,1628.0,0.3086841107318923,6.5939,358.0,14.7318,379.0,0.0,0.0,0.0,0.0,1.0,76.0,1.0,199.0,0.0,0.0,0.0,176.0,5.0,1.0,0.833333,0.166667,0.0,0.0,12.0,0.033371,1.0,343.0,230.0,73.0,221.0,42.0,199.0,4.738095,13.9156,65.036026,43.610163,13.841487,41.903678,0.061496,0.484832,1.0,1.0,15.376093,0.0,0.484832,0.404027,0.0,0.0,0.484832,0.691667,0.618182,0.627586,0.887625,0.14966,0.484832,200.0,1.0,0.0,0.0,0.0,0.0,1.0,0.0,0.0,0.0,1.0,0.0,1.0,0.0,0.0,0.0,0.0,0.0,1.0,1.0,0.5,0.75,0.85,1.0,7.0,1.0,1.0,1.0,1.0,1.0,1.0,1.0,1.0,1.0,1.0,0.0,0.0,1.0,21.0,1.0,1.0,1.0,1.0,1.0,8.0,8.0,0.888889,0.888889,0.925926
dataset-v2,v2,extraction-v2,hybrid-v1,weak_serp,63.1579,,кухни на заказ цена Нижний Новгород,кухни на заказ,commercial,Нижний Новгород,47,https://kuhni-slavichi.ru/,kuhni-slavichi.ru,8,0,,,homepage,ok,,artifacts\query--66fa076f7272fb9e.json,8c72b19beceafa5f8f11bdeb3a75f9184f483e62,171978,63.1579,15897.0,83064.0,2332.0,967.0,0.4146655231560892,5.5943,163.0,14.3067,56.0,1.0,11.0,52.0,64.0,1.0,57.0,1.0,109.0,0.0,0.0,0.0,160.0,4.0,3.0,0.5,0.5,38.0,0.5,40.0,0.068611,1.0,112.0,60.0,77.0,39.0,3.0,11.0,3.666667,41.6429,48.027444,25.728988,33.018868,16.723842,0.191383,0.456516,1.0,1.0,20.821429,1.142857,0.456516,0.228258,0.228258,0.25,0.456516,0.7,0.963636,0.751724,0.0,0.189301,0.456516,200.0,1.0,0.0,0.0,1.0,1.0,0.0,0.0,0.0,0.0,1.0,1.0,1.0,0.0,0.0,0.0,0.0,0.0,1.0,1.0,1.0,1.0,1.0,1.0,1.0,1.0,1.0,1.0,1.0,1.0,0.0,0.0,1.0,0.0,1.0,0.0,0.0,1.0,16.0,0.0,1.0,0.0,0.0,0.8,6.0,5.0,0.666667,0.555556,0.674074
dataset-v2,v2,extraction-v2,hybrid-v1,weak_serp,57.8947,,кухни на заказ цена Нижний Новгород,кухни на заказ,commercial,Нижний Новгород,47,https://kuhni-pod-zakaz-nn.ru/,kuhni-pod-zakaz-nn.ru,9,0,,,homepage,ok,,artifacts\query--12a80f5580b8eb45.json,838740fe17848356eee486e39ad9908cc7615d1d,331174,57.8947,13701.0,246340.0,2009.0,833.0,0.4146341463414634,5.6078,81.0,24.8025,79.0,1.0,12.0,0.0,13.0,1.0,64.0,1.0,220.0,0.0,0.0,0.0,51.0,3.0,4.0,0.5,0.5,5.0,0.5,4.0,0.025386,1.0,191.0,264.0,177.0,0.0,3.0,38.0,12.666667,25.4304,95.072175,131.408661,88.103534,0.0,0.055618,0.607704,0.666667,1.0,10.518325,0.164557,0.607704,0.303852,0.303852,0.25,0.607704,0.616667,0.836364,0.482759,0.846192,0.251975,0.607704,200.0,1.0,0.0,0.0,1.0,1.0,0.0,0.0,0.0,0.0,1.0,1.0,1.0,0.0,0.0,0.0,0.0,0.0,1.0,1.0,1.0,1.0,1.0,1.0,2.0,1.0,1.0,0.0,1.0,1.0,1.0,1.0,1.0,1.0,1.0,0.0,1.0,1.0,29.0,1.0,1.0,1.0,1.0,0.8,8.0,7.0,0.888889,0.777778,0.822222
dataset-v2,v2,extraction-v2,hybrid-v1,weak_serp,52.6316,,кухни на заказ цена Нижний Новгород,кухни на заказ,commercial,Нижний Новгород,47,https://кухни-на-заказ-нижний-новгород.рф/,кухни-на-заказ-нижний-новгород.рф,10,0,,,homepage,ok,,artifacts\query--4afb00b5e69495cf.json,e6e0dac9564458628810a53edc23ee32ef6009e6,3810,52.6316,100.0,1753.0,14.0,12.0,0.8571428571428571,6.1429,1.0,14.0,1.0,0.0,0.0,0.0,0.0,1.0,17.0,0.0,0.0,0.0,0.0,0.0,0.0,0.0,0.0,0.0,0.0,0.0,0.0,0.0,0.0,0.0,2.0,0.0,0.0,0.0,0.0,0.0,0.0,14.0,142.857143,0.0,0.0,0.0,0.057045,0.077728,0.0,0.0,7.0,0.0,0.0,0.0,0.0,0.0,0.000725,0.0,0.309091,0.0,0.0,0.000518,0.0,402.0,0.0,0.0,0.0,0.0,0.0,1.0,0.0,1.0,1.0,0.0,1.0,0.0,0.0,0.0,0.0,0.0,0.0,1.0,1.0,0.5,0.75,0.65,0.0,0.0,0.0,0.0,0.0,0.0,0.0,0.0,0.0,0.0,0.0,0.0,0.0,0.0,0.0,0.0,0.0,0.0,0.0,0.0,0.0,0.0,0.0,0.0,0.0,0.0
dataset-v2,v2,extraction-v2,hybrid-v1,weak_serp,100.0,,как выбрать кухни на заказ,кухни на заказ,informational,,,https://vkkuhni.ru/kak-vyibrat-kuhnyu/kak-vyibrat-kuhnyu-na-zakaz-polnyij-gajd-ot-proizvoditelya-s-15-letnim-opyitom.html,vkkuhni.ru,1,0,,,content,ok,,artifacts\query--20babe41ec127a0d.json,f61fe5139c8d39464c9ea0cad2418b591d5cca4f,391351,100.0,56876.0,196266.0,8677.0,3016.0,0.34758557104990206,5.2575,767.0,11.3129,287.0,1.0,25.0,101.0,127.0,1.0,75.0,1.0,142.0,0.0,0.0,0.0,284.0,4.0,3.0,0.8,0.6,16.0,1.0,10.0,0.03273,1.0,234.0,40.0,98.0,29.0,6.0,38.0,6.333333,30.2334,26.967846,4.609888,11.294226,3.342169,0.28979,0.720422,1.0,1.0,37.081197,0.442509,0.720422,0.576338,0.720422,0.8,0.720422,0.93,0.636364,0.97931,0.908993,0.250408,0.720422,200.0,1.0,0.0,0.0,0.0,0.0,0.0,0.0,0.0,0.0,1.0,1.0,1.0,0.0,0.0,2.0,0.0,0.0,1.0,0.8,1.0,0.75,0.91,1.0,13.0,1.0,1.0,1.0,1.0,1.0,1.0,1.0,1.0,1.0,1.0,0.0,1.0,1.0,4.0,1.0,1.0,1.0,1.0,1.0,9.0,8.0,1.0,0.888889,0.962963
dataset-v2,v2,extraction-v2,hybrid-v1,weak_serp,78.9474,,как выбрать кухни на заказ,кухни на заказ,informational,,,https://zov-mebel.ru/articles/кухня-на-заказ/,zov-mebel.ru,5,0,,,article,ok,,artifacts\query--0030bab1619f5ada.json,256a9da08eda78a85a7fbec2f0287b3e7a34fbc3,131959,78.9474,12939.0,71304.0,1758.0,991.0,0.5637087599544938,6.054,182.0,9.6593,35.0,1.0,0.0,11.0,12.0,1.0,46.0,1.0,132.0,0.0,0.0,0.0,70.0,4.0,3.0,0.8,0.6,11.0,1.0,22.0,0.039818,1.0,98.0,12.0,98.0,28.0,4.0,23.0,5.75,50.2286,55.745165,6.825939,55.745165,15.92719,0.181462,0.598581,1.0,1.0,17.938776,0.342857,0.598581,0.478865,0.598581,0.8,0.598581,0.93,0.836364,0.910345,0.672734,0.329552,0.598581,200.0,1.0,0.0,0.0,1.0,0.0,1.0,0.0,0.0,0.0,1.0,1.0,1.0,0.0,0.0,2.0,0.0,0.0,1.0,0.8,1.0,0.0,0.76,1.0,2.0,1.0,1.0,1.0,1.0,1.0,1.0,1.0,1.0,1.0,1.0,0.0,0.0,1.0,1.0,0.0,1.0,1.0,1.0,0.8,8.0,8.0,0.888889,0.888889,0.859259
dataset-v2,v2,extraction-v2,hybrid-v1,weak_serp,57.8947,,как выбрать кухни на заказ,кухни на заказ,informational,,,https://russia-zov.ru/articles/как-выбрать-кухню/,russia-zov.ru,9,0,,,article,ok,,artifacts\query--b012d719ec234cb8.json,42c405e5f1a6f470673481a460bffd49c1071aa0,171426,57.8947,11584.0,113205.0,1700.0,985.0,0.5794117647058824,5.4882,150.0,11.3333,44.0,1.0,10.0,22.0,33.0,1.0,53.0,1.0,120.0,0.0,0.0,0.0,51.0,2.0,3.0,0.4,0.6,8.0,0.8,9.0,0.03,1.0,90.0,18.0,113.0,40.0,3.0,17.0,5.666667,38.6364,52.941176,10.588235,66.470588,23.529412,0.102328,0.601099,1.0,1.0,18.888889,0.75,0.601099,0.24044,0.480879,0.32,0.601099,0.74,0.963636,0.827586,1.0,0.328935,0.601099,200.0,1.0,0.0,0.0,1.0,0.0,1.0,0.0,0.0,0.0,1.0,1.0,1.0,0.0,0.0,2.0,0.0,0.0,1.0,0.8,1.0,0.0,0.76,1.0,3.0,1.0,1.0,0.0,0.0,1.0,1.0,1.0,1.0,1.0,1.0,0.0,1.0,1.0,1.0,0.0,1.0,1.0,1.0,0.6,7.0,7.0,0.777778,0.777778,0.718519
dataset-v2,v2,extraction-v2,hybrid-v1,weak_serp,100.0,,кухни на заказ отзывы,кухни на заказ,informational,,,https://dom.mail.ru/compilations/83549-luchshie-proizvoditeli-kukhon/,dom.mail.ru,1,0,,,content,ok,,artifacts\query--f5fd4f72eb9839ba.json,08800246bc618478700f6ae73e6d62db4788c0f1,852462,100.0,27316.0,730544.0,4332.0,1750.0,0.4039704524469067,5.0538,677.0,6.3988,59.0,1.0,6.0,14.0,21.0,1.0,141.0,1.0,206.0,0.0,0.0,0.0,80.0,1.0,3.0,0.25,0.75,4.0,0.25,6.0,0.018467,1.0,107.0,63.0,71.0,24.0,1.0,1.0,1.0,73.4237,24.699908,14.542936,16.389658,5.540166,0.037391,0.535363,1.0,1.0,40.485981,0.355932,0.535363,0.133841,0.133841,0.0625,0.535363,0.55,0.0,0.57931,0.615574,0.216271,0.535363,200.0,1.0,0.0,0.0,1.0,1.0,1.0,0.0,0.0,0.0,1.0,1.0,1.0,0.0,0.0,2.0,0.0,0.0,1.0,0.8,1.0,1.0,0.96,1.0,48.0,0.0,1.0,1.0,1.0,1.0,1.0,0.0,1.0,1.0,1.0,1.0,1.0,1.0,1.0,1.0,1.0,1.0,1.0,0.8,8.0,8.0,0.888889,0.888889,0.859259
dataset-v2,v2,extraction-v2,hybrid-v1,weak_serp,94.7368,,кухни на заказ отзывы,кухни на заказ,informational,,,https://otzovik.com/reviews/kuhnya_kuhni_na_zakaz/,otzovik.com,2,0,,,content,ok,,artifacts\query--278f8d0824724a87.json,5cf0258ad39bff8a982bced45fcc4679b8f1a0ce,85587,94.7368,2163.0,68989.0,320.0,207.0,0.646875,5.4688,18.0,17.7778,1.0,1.0,1.0,2.0,4.0,1.0,31.0,1.0,107.0,0.0,0.0,0.0,29.0,4.0,0.0,1.0,0.0,6.0,1.0,18.0,0.090625,1.0,53.0,8.0,0.0,5.0,3.0,15.0,5.0,320.0,165.625,25.0,0.0,15.625,0.031353,0.591999,1.0,0.75,6.037736,4.0,0.591999,0.591999,0.591999,1.0,0.126293,1.0,0.563636,0.737931,0.0,0.06808,0.443999,200.0,1.0,0.0,0.0,1.0,1.0,0.0,0.0,0.0,0.0,1.0,1.0,1.0,0.0,0.0,2.0,0.0,0.0,1.0,0.8,1.0,1.0,0.96,0.0,0.0,0.0,1.0,0.0,0.0,0.0,0.0,0.0,0.0,1.0,1.0,1.0,1.0,1.0,1.0,0.0,1.0,1.0,1.0,0.2,4.0,6.0,0.444444,0.666667,0.437037
dataset-v2,v2,extraction-v2,hybrid-v1,weak_serp,89.4737,,кухни на заказ отзывы,кухни на заказ,informational,,,https://reitingkuhni.ru/,reitingkuhni.ru,3,0,,,homepage,ok,,artifacts\query--94e26a351475612e.json,491be28dd68b19b095d0237ff6e68f1db08bd0f7,128911,89.4737,9494.0,94722.0,1226.0,652.0,0.531810766721044,6.5816,73.0,16.7945,46.0,1.0,5.0,18.0,24.0,1.0,68.0,1.0,146.0,0.0,0.0,0.0,36.0,3.0,3.0,0.75,0.75,10.0,1.0,8.0,0.029364,1.0,13.0,36.0,17.0,7.0,0.0,0.0,0.0,26.6522,10.603589,29.363785,13.866232,5.709625,0.10023,0.585484,1.0,0.5,94.307692,0.521739,0.585484,0.439113,0.585484,0.75,0.478536,0.9125,0.763636,0.993103,0.978793,0.212075,0.292742,200.0,1.0,0.0,0.0,0.0,0.0,1.0,0.0,0.0,0.0,1.0,1.0,0.0,0.0,0.0,0.0,0.0,0.0,1.0,1.0,0.5,0.75,0.85,1.0,1.0,1.0,1.0,1.0,0.0,1.0,1.0,1.0,1.0,1.0,1.0,1.0,1.0,1.0,1.0,0.0,1.0,1.0,1.0,0.8,8.0,9.0,0.888889,1.0,0.896296
dataset-v2,v2,extraction-v2,hybrid-v1,weak_serp,84.2105,,кухни на заказ отзывы,кухни на заказ,informational,,,https://irecommend.ru/content/izgotovlenie-kukhni-na-zakaz-0,irecommend.ru,4,0,,,content,ok,,artifacts\query--36ae95a604b8251f.json,9ebbd45a260ceb989eb4fbe6c276256dac6f20f3,1241207,84.2105,95945.0,791790.0,11446.0,1566.0,0.13681635505853573,7.1158,627.0,18.2552,556.0,5.0,306.0,0.0,311.0,1.0,54.0,1.0,159.0,0.0,0.0,0.0,143.0,4.0,1.0,1.0,0.25,6.0,0.75,16.0,0.012493,1.0,970.0,92.0,25.0,4.0,2.0,356.0,178.0,20.5863,84.745763,8.037742,2.184169,0.349467,0.121175,0.466203,1.0,1.0,11.8,0.559353,0.466203,0.466203,0.349652,0.75,0.466203,0.9375,0.981818,0.903448,0.416448,0.063784,0.466203,200.0,1.0,0.0,0.0,1.0,1.0,1.0,0.0,0.0,0.0,1.0,1.0,1.0,0.0,0.0,2.0,0.0,0.0,1.0,0.8,1.0,1.0,0.96,1.0,1.0,1.0,1.0,1.0,1.0,1.0,1.0,1.0,0.0,1.0,1.0,1.0,1.0,1.0,2.0,0.0,1.0,1.0,1.0,0.8,9.0,8.0,1.0,0.888889,0.896296
dataset-v2,v2,extraction-v2,hybrid-v1,weak_serp,78.9474,,кухни на заказ отзывы,кухни на заказ,informational,,,https://otzyv-remstroy.ru/rating/kuhni-na-zakaz,otzyv-remstroy.ru,5,0,,,content,ok,,artifacts\query--95fff99ebfe24e69.json,79b4d522e913464080f44b8b36839c937a5a695e,499339,78.9474,28727.0,397841.0,4011.0,1289.0,0.32136624283221144,6.0092,294.0,13.6429,82.0,1.0,3.0,5.0,9.0,1.0,80.0,1.0,239.0,0.0,0.0,0.0,352.0,4.0,3.0,1.0,0.75,1.0,0.25,11.0,0.087759,1.0,99.0,67.0,44.0,23.0,0.0,1.0,0.0,48.9146,24.682124,16.704064,10.969833,5.734231,0.072207,0.665331,1.0,0.75,40.515152,0.109756,0.665331,0.665331,0.166333,0.25,0.665331,0.8125,0.545455,0.351724,0.0,0.213815,0.498998,200.0,1.0,0.0,0.0,1.0,1.0,0.0,0.0,0.0,0.0,1.0,1.0,1.0,0.0,0.0,2.0,0.0,0.0,1.0,0.8,1.0,1.0,0.96,1.0,3.0,0.0,1.0,1.0,0.0,1.0,1.0,0.0,1.0,1.0,1.0,1.0,1.0,0.0,0.0,0.0,1.0,1.0,1.0,0.6,6.0,8.0,0.666667,0.888889,0.718519
dataset-v2,v2,extraction-v2,hybrid-v1,weak_serp,73.6842,,кухни на заказ отзывы,кухни на заказ,informational,,,https://nedorogo-kuhni.ru/otzyvy/kuhni,nedorogo-kuhni.ru,6,0,,,content,ok,,artifacts\query--7c296616659cd834.json,ec8b983056a7feb46b4f36317ed22affa3104ef2,115658,73.6842,11564.0,51361.0,1783.0,894.0,0.501402131239484,5.3365,122.0,14.6148,14.0,1.0,0.0,0.0,1.0,1.0,39.0,1.0,173.0,0.0,0.0,0.0,49.0,1.0,3.0,0.25,0.5,1.0,0.25,5.0,0.027482,1.0,243.0,34.0,207.0,0.0,8.0,36.0,4.5,127.3571,136.287156,19.068985,116.096467,0.0,0.225151,0.529592,1.0,1.0,7.337449,0.071429,0.529592,0.132398,0.132398,0.0625,0.529592,0.55,0.709091,0.806897,0.916059,0.263031,0.529592,200.0,1.0,0.0,0.0,1.0,1.0,0.0,0.0,0.0,0.0,1.0,1.0,0.0,0.0,0.0,2.0,0.0,0.0,1.0,0.8,0.5,1.0,0.86,1.0,3.0,1.0,1.0,1.0,0.0,1.0,1.0,1.0,1.0,0.0,1.0,1.0,0.0,1.0,6.0,0.0,1.0,1.0,1.0,0.8,7.0,8.0,0.777778,0.888889,0.822222
dataset-v2,v2,extraction-v2,hybrid-v1,weak_serp,68.4211,,кухни на заказ отзывы,кухни на заказ,informational,,,https://kuhnimoskvy.ru/reviews.php,kuhnimoskvy.ru,7,0,,,content,ok,,artifacts\query--ecd5e183565c0c1d.json,f24d29f18e6243eabe3f326df2679de1819dc758,66784,68.4211,4619.0,42987.0,676.0,419.0,0.6198224852071006,5.5089,59.0,11.4576,21.0,1.0,3.0,11.0,15.0,1.0,40.0,1.0,125.0,0.0,0.0,0.0,20.0,4.0,6.0,1.0,1.0,3.0,0.5,10.0,0.029586,1.0,44.0,40.0,4.0,14.0,3.0,10.0,3.333333,32.1905,65.088757,59.171598,5.91716,20.710059,0.107451,0.470139,1.0,1.0,15.363636,0.714286,0.470139,0.470139,0.235069,0.5,0.211876,0.875,0.727273,0.862069,0.986193,0.109438,0.470139,200.0,1.0,0.0,0.0,0.0,0.0,0.0,0.0,0.0,0.0,1.0,1.0,1.0,0.0,0.0,1.0,0.0,0.0,1.0,0.9,1.0,0.75,0.93,1.0,2.0,1.0,1.0,1.0,0.0,1.0,0.0,0.0,0.0,1.0,1.0,0.0,0.0,1.0,1.0,0.0,1.0,0.0,0.0,0.8,5.0,5.0,0.555556,0.555556,0.637037
dataset-v2,v2,extraction-v2,hybrid-v1,weak_serp,63.1579,,кухни на заказ отзывы,кухни на заказ,informational,,,https://www.prostof.ru/otzyvy/,prostof.ru,8,0,,,content,ok,,artifacts\query--136a1dd4cc883775.json,72c850f95723ce0441d2fbc3b9b6274c1d436ba4,300496,63.1579,8432.0,254255.0,1235.0,487.0,0.39433198380566803,5.536,108.0,11.4352,13.0,1.0,1.0,1.0,3.0,1.0,58.0,1.0,133.0,0.0,0.0,0.0,27.0,6.0,4.0,1.0,0.75,1.0,0.25,11.0,0.021862,1.0,93.0,90.0,36.0,0.0,6.0,39.0,6.5,95.0,75.303644,72.874494,29.149798,0.0,0.033164,0.522511,1.0,1.0,13.27957,0.230769,0.522511,0.522511,0.130628,0.25,0.430201,0.8125,0.945455,0.917241,0.728745,0.141368,0.522511,200.0,1.0,0.0,0.0,0.0,0.0,0.0,0.0,0.0,0.0,1.0,1.0,1.0,0.0,0.0,1.0,0.0,0.0,1.0,0.9,1.0,0.75,0.93,1.0,2.0,0.0,1.0,1.0,0.0,1.0,1.0,1.0,1.0,1.0,1.0,1.0,0.0,1.0,9.0,1.0,1.0,1.0,1.0,0.8,7.0,8.0,0.777778,0.888889,0.822222
dataset-v2,v2,extraction-v2,hybrid-v1,weak_serp,57.8947,,кухни на заказ отзывы,кухни на заказ,informational,,,https://pravda-klientov.ru/company/kuhni-na-zakaz,pravda-klientov.ru,9,0,,,content,ok,,artifacts\query--6d2c9d400990e0f0.json,d483cba1e88eb4c0a941473da9d97a2a796b8393,445133,57.8947,31460.0,275846.0,4539.0,2219.0,0.4888742013659396,5.722,382.0,11.8822,1.0,1.0,0.0,0.0,1.0,1.0,56.0,1.0,96.0,0.0,0.0,0.0,187.0,4.0,5.0,1.0,1.0,3.0,0.75,41.0,0.041199,1.0,164.0,444.0,38.0,2.0,3.0,73.0,24.333333,4539.0,36.131306,97.818903,8.371888,0.440626,0.114049,0.530059,1.0,1.0,27.676829,1.0,0.530059,0.530059,0.397544,0.75,0.530059,0.9375,0.981818,0.662069,0.626717,0.259132,0.530059,200.0,1.0,0.0,0.0,0.0,0.0,0.0,0.0,0.0,0.0,1.0,1.0,1.0,0.0,0.0,2.0,0.0,0.0,1.0,0.8,1.0,0.75,0.91,1.0,2.0,1.0,1.0,0.0,1.0,1.0,1.0,1.0,1.0,0.0,1.0,1.0,0.0,1.0,2.0,0.0,1.0,1.0,1.0,0.6,7.0,7.0,0.777778,0.777778,0.718519
dataset-v2,v2,extraction-v2,hybrid-v1,weak_serp,52.6316,,кухни на заказ отзывы,кухни на заказ,informational,,,https://vkkuhni.ru/otzyivyi,vkkuhni.ru,10,0,,,content,ok,,artifacts\query--87105fa3db02608b.json,227498d224e690bf8c832862c0d2f1a2336933bc,137185,52.6316,10750.0,72816.0,1720.0,842.0,0.48953488372093024,5.0785,94.0,18.2979,15.0,1.0,5.0,0.0,6.0,1.0,33.0,1.0,44.0,1.0,1.0,1.0,70.0,4.0,2.0,1.0,0.5,3.0,0.75,10.0,0.040698,1.0,234.0,52.0,12.0,0.0,7.0,45.0,6.428571,114.6667,136.046512,30.232558,6.976744,0.0,0.147632,0.682478,1.0,1.0,7.350427,0.4,0.682478,0.682478,0.511858,0.75,0.682478,0.9375,0.6,0.303448,0.643411,0.319248,0.682478,200.0,1.0,0.0,0.0,0.0,0.0,0.0,0.0,0.0,0.0,1.0,1.0,1.0,0.0,0.0,1.0,0.0,0.0,1.0,0.9,1.0,0.75,0.93,1.0,7.0,1.0,1.0,1.0,1.0,1.0,1.0,1.0,1.0,1.0,1.0,1.0,0.0,1.0,4.0,1.0,1.0,1.0,1.0,1.0,8.0,9.0,0.888889,1.0,0.962963
dataset-v2,v2,extraction-v2,hybrid-v1,weak_serp,100.0,,шкафы-купе Москва,шкафы-купе,commercial,Москва,213,https://good-mebel.com/category/shkafy-kupe/,good-mebel.com,1,0,,,category,ok,,artifacts\query--eb2ee6feb4417f7b.json,968e30bbf032005af6bbe085d877bfc8421fb7e1,3789267,100.0,21429.0,3385250.0,3699.0,886.0,0.23952419572857528,4.6231,127.0,29.126,12.0,1.0,0.0,0.0,1.0,1.0,94.0,1.0,199.0,0.0,0.0,0.0,115.0,3.0,4.0,0.666667,0.666667,1.0,0.333333,10.0,0.031089,1.0,1063.0,438.0,395.0,0.0,2.0,20.0,10.0,308.25,287.374966,118.410381,106.785618,0.0,0.00633,0.603633,1.0,1.0,3.479774,0.083333,0.603633,0.402422,0.201211,0.222222,0.603633,0.716667,0.290909,0.627586,0.963684,0.144585,0.603633,200.0,1.0,0.0,0.0,1.0,1.0,0.0,0.0,0.0,0.0,1.0,1.0,1.0,0.0,0.0,2.0,0.0,0.0,1.0,0.8,1.0,1.0,0.96,1.0,5.0,1.0,1.0,1.0,1.0,1.0,1.0,1.0,1.0,1.0,1.0,1.0,1.0,1.0,53.0,1.0,1.0,1.0,1.0,1.0,9.0,9.0,1.0,1.0,1.0
dataset-v2,v2,extraction-v2,hybrid-v1,weak_serp,94.7368,,шкафы-купе Москва,шкафы-купе,commercial,Москва,213,https://www.shkaf-kupe.ru/category/shkafy-kupe/,shkaf-kupe.ru,2,0,,,category,ok,,artifacts\query--f060111eb3450a24.json,5073e19ee5b86123dc2fb7fdf60911021d7cb4bc,763378,94.7368,18388.0,582799.0,3134.0,746.0,0.23803446075303128,4.6161,164.0,19.1098,10.0,1.0,1.0,0.0,2.0,1.0,72.0,1.0,279.0,0.0,0.0,0.0,145.0,3.0,2.0,0.666667,0.666667,3.0,0.666667,49.0,0.046267,1.0,843.0,345.0,213.0,14.0,2.0,53.0,26.5,313.4,268.985322,110.082961,67.964263,4.467135,0.031551,0.559843,1.0,1.0,3.717675,0.2,0.559843,0.373229,0.373229,0.444444,0.559843,0.8,0.690909,0.075862,0.457775,0.133262,0.559843,200.0,1.0,0.0,0.0,1.0,1.0,0.0,0.0,0.0,0.0,1.0,1.0,1.0,0.0,0.0,2.0,0.0,0.0,1.0,0.8,1.0,1.0,0.96,1.0,6.0,1.0,1.0,1.0,1.0,1.0,1.0,1.0,1.0,1.0,1.0,1.0,1.0,1.0,5.0,1.0,1.0,1.0,1.0,1.0,9.0,9.0,1.0,1.0,1.0
dataset-v2,v2,extraction-v2,hybrid-v1,weak_serp,89.4737,,шкафы-купе Москва,шкафы-купе,commercial,Москва,213,https://www.bestmebelshop.ru/catalog/shkafy-kupe/,bestmebelshop.ru,3,0,,,product,ok,,artifacts\query--1d82d5bfbb6abbf6.json,8aad1834d36d1a39d91f1d40e3f3522437dd8f8f,1088418,89.4737,17716.0,884002.0,3115.0,849.0,0.27255216693418943,4.4848,181.0,17.2099,4.0,1.0,0.0,0.0,1.0,1.0,71.0,1.0,125.0,0.0,0.0,0.0,96.0,2.0,2.0,0.666667,0.666667,2.0,0.666667,5.0,0.030819,1.0,476.0,337.0,188.0,1.0,4.0,158.0,39.5,778.75,152.808989,108.186196,60.35313,0.321027,0.020041,0.500908,1.0,1.0,6.544118,0.25,0.500908,0.333939,0.333939,0.444444,0.500908,0.8,0.709091,0.862069,0.972713,0.136524,0.500908,200.0,1.0,0.0,0.0,0.0,0.0,1.0,0.0,0.0,0.0,1.0,1.0,1.0,0.0,0.0,2.0,0.0,0.0,1.0,0.8,1.0,0.75,0.91,1.0,6.0,1.0,1.0,1.0,1.0,1.0,1.0,1.0,1.0,1.0,1.0,1.0,1.0,1.0,53.0,1.0,1.0,1.0,1.0,1.0,9.0,9.0,1.0,1.0,1.0
dataset-v2,v2,extraction-v2,hybrid-v1,weak_serp,84.2105,,шкафы-купе Москва,шкафы-купе,commercial,Москва,213,https://lemanapro.ru/catalogue/shkafy-kupe/,lemanapro.ru,4,0,,,product,ok,,artifacts\query--a0fe4357ad7b0b75.json,1ce708cff92e033e51ef3f2b97b949fb05e03fd6,10061,84.2105,77.0,8264.0,13.0,13.0,1.0,5.0,1.0,13.0,1.0,1.0,0.0,0.0,1.0,1.0,12.0,0.0,0.0,0.0,0.0,0.0,0.0,0.0,0.0,0.0,0.0,0.0,0.0,0.0,0.0,0.0,1.0,0.0,0.0,0.0,0.0,0.0,0.0,13.0,76.923077,0.0,0.0,0.0,0.009318,-0.098418,0.0,0.0,13.0,1.0,-0.0,-0.0,-0.0,0.0,-0.000853,0.0,0.218182,0.0,0.0,-0.000711,-0.0,403.0,0.0,0.0,0.0,0.0,0.0,0.0,0.0,0.0,0.0,0.0,1.0,1.0,0.0,0.0,2.0,0.0,0.0,1.0,0.8,1.0,0.75,0.71,1.0,1.0,0.0,0.0,0.0,0.0,0.0,0.0,0.0,0.0,0.0,0.0,0.0,0.0,0.0,0.0,0.0,0.0,0.0,0.0,0.2,1.0,0.0,0.111111,0.0,0.103704
dataset-v2,v2,extraction-v2,hybrid-v1,weak_serp,78.9474,,шкафы-купе Москва,шкафы-купе,commercial,Москва,213,https://mosshkafkupe.ru/,mosshkafkupe.ru,5,0,,,homepage,ok,,artifacts\query--cc6c98f6c467a456.json,71bac827c56342096b8789ef8c2c8375b7861150,397793,78.9474,32353.0,224580.0,4893.0,1130.0,0.23094216227263437,5.4402,332.0,14.738,71.0,2.0,16.0,11.0,29.0,1.0,148.0,1.0,305.0,0.0,0.0,0.0,77.0,3.0,1.0,0.666667,0.333333,6.0,0.333333,15.0,0.015737,1.0,438.0,149.0,170.0,43.0,5.0,93.0,18.6,68.9155,89.515635,30.451666,34.743511,8.788065,0.14406,0.671406,1.0,1.0,11.171233,0.408451,0.671406,0.447604,0.223802,0.222222,0.671406,0.716667,0.0,0.0,0.524559,0.155056,0.671406,200.0,1.0,0.0,0.0,1.0,1.0,1.0,0.0,0.0,0.0,1.0,1.0,1.0,0.0,0.0,0.0,0.0,0.0,1.0,1.0,1.0,1.0,1.0,1.0,32.0,1.0,1.0,0.0,1.0,1.0,1.0,1.0,1.0,1.0,1.0,0.0,1.0,1.0,44.0,1.0,1.0,1.0,1.0,0.8,8.0,7.0,0.888889,0.777778,0.822222
dataset-v2,v2,extraction-v2,hybrid-v1,weak_serp,73.6842,,шкафы-купе Москва,шкафы-купе,commercial,Москва,213,https://mosmobel.ru/,mosmobel.ru,6,0,,,homepage,ok,,artifacts\query--820db601bf850136.json,89472419fc2614a4829c254177336230608438f9,408044,73.6842,9439.0,325084.0,1334.0,558.0,0.41829085457271364,5.9475,89.0,14.9888,3.0,1.0,7.0,0.0,8.0,1.0,87.0,1.0,248.0,0.0,0.0,0.0,24.0,2.0,2.0,0.666667,0.666667,2.0,0.666667,10.0,0.017991,1.0,343.0,137.0,237.0,0.0,8.0,49.0,6.125,444.6667,257.121439,102.698651,177.661169,0.0,0.029036,0.717273,1.0,1.0,3.889213,2.666667,0.717273,0.478182,0.478182,0.444444,0.637895,0.8,0.418182,0.289655,0.5997,0.222355,0.717273,200.0,1.0,0.0,0.0,1.0,1.0,0.0,0.0,0.0,0.0,1.0,1.0,1.0,0.0,0.0,0.0,0.0,0.0,1.0,1.0,1.0,1.0,1.0,1.0,2.0,1.0,1.0,1.0,1.0,1.0,1.0,1.0,1.0,1.0,1.0,0.0,1.0,1.0,24.0,1.0,1.0,1.0,1.0,1.0,9.0,8.0,1.0,0.888889,0.962963
dataset-v2,v2,extraction-v2,hybrid-v1,weak_serp,68.4211,,шкафы-купе Москва,шкафы-купе,commercial,Москва,213,https://mebel.ru/catalog/cabinets/shkafy-kupe/,mebel.ru,7,0,,,product,ok,,artifacts\query--eb8c78087725db58.json,84ea2bc9d6f933f47571175926457d1a56881859,969816,68.4211,30767.0,755139.0,4808.0,1632.0,0.33943427620632277,5.1928,359.0,13.3928,20.0,1.0,1.0,5.0,7.0,1.0,62.0,1.0,205.0,0.0,0.0,0.0,142.0,2.0,2.0,0.666667,0.666667,8.0,0.666667,35.0,0.029534,1.0,421.0,140.0,297.0,0.0,3.0,139.0,46.333333,240.4,87.562396,29.118136,61.772047,0.0,0.040743,0.582368,1.0,1.0,11.420428,0.35,0.582368,0.388245,0.388245,0.444444,0.582368,0.8,0.872727,0.586207,0.98447,0.197676,0.582368,200.0,1.0,0.0,0.0,0.0,0.0,0.0,0.0,0.0,0.0,1.0,1.0,1.0,0.0,0.0,3.0,0.0,0.0,1.0,0.7,1.0,0.75,0.89,1.0,24.0,0.0,1.0,1.0,1.0,1.0,1.0,1.0,1.0,1.0,1.0,1.0,0.0,1.0,2.0,0.0,1.0,1.0,1.0,0.6,8.0,8.0,0.888889,0.888889,0.792593
dataset-v2,v2,extraction-v2,hybrid-v1,weak_serp,57.8947,,шкафы-купе Москва,шкафы-купе,commercial,Москва,213,http://www.kupesalon.ru/,kupesalon.ru,9,0,,,homepage,ok,,artifacts\query--77821361c691828c.json,c064b57192623e4aa6b3107235a3fea2bcb446b5,222551,57.8947,10948.0,127046.0,1785.0,376.0,0.21064425770308123,4.9608,34.0,52.5,1.0,1.0,3.0,0.0,4.0,1.0,73.0,1.0,145.0,0.0,0.0,0.0,226.0,3.0,3.0,0.666667,0.666667,0.0,0.0,39.0,0.126611,0.666667,368.0,69.0,271.0,12.0,4.0,40.0,10.0,1785.0,206.162465,38.655462,151.820728,6.722689,0.086174,0.707878,1.0,1.0,4.850543,4.0,0.471919,0.471919,0.0,0.0,0.707878,0.583333,0.672727,1.0,0.0,0.147868,0.707878,200.0,1.0,0.0,0.0,1.0,0.0,1.0,0.0,0.0,0.0,1.0,1.0,1.0,0.0,0.0,0.0,0.0,0.0,1.0,1.0,1.0,0.0,0.8,1.0,1.0,0.0,1.0,1.0,1.0,1.0,1.0,1.0,1.0,1.0,1.0,0.0,0.0,1.0,2.0,0.0,1.0,1.0,1.0,0.6,8.0,7.0,0.888889,0.777778,0.755556
dataset-v2,v2,extraction-v2,hybrid-v1,weak_serp,52.6316,,шкафы-купе Москва,шкафы-купе,commercial,Москва,213,https://shkafy-moskva.ru/tcat/shkafy-kupe/,shkafy-moskva.ru,10,0,,,content,ok,,artifacts\query--f1ac2100f3cbc952.json,9d86d4923e60926ce4742a031fc9ce7b5ce23b70,468703,52.6316,28438.0,286045.0,4619.0,1198.0,0.25936349859276897,4.8352,110.0,41.9909,81.0,1.0,5.0,8.0,14.0,1.0,52.0,1.0,305.0,0.0,0.0,0.0,98.0,2.0,3.0,0.666667,0.666667,11.0,0.666667,7.0,0.021217,1.0,513.0,63.0,254.0,0.0,6.0,79.0,13.166667,57.0247,111.063001,13.639316,54.990258,0.0,0.099418,0.685233,1.0,1.0,9.003899,0.17284,0.685233,0.456822,0.456822,0.444444,0.685233,0.8,0.945455,0.0,0.707224,0.177724,0.685233,200.0,1.0,0.0,0.0,1.0,1.0,1.0,0.0,0.0,0.0,1.0,1.0,1.0,0.0,0.0,2.0,0.0,0.0,1.0,0.8,1.0,1.0,0.96,1.0,4.0,1.0,1.0,1.0,1.0,1.0,1.0,1.0,1.0,1.0,1.0,1.0,1.0,1.0,47.0,1.0,1.0,1.0,1.0,1.0,9.0,9.0,1.0,1.0,1.0
dataset-v2,v2,extraction-v2,hybrid-v1,weak_serp,100.0,,шкафы-купе Санкт-Петербург,шкафы-купе,commercial,Санкт-Петербург,2,https://kupehouse.ru/,kupehouse.ru,1,0,,,homepage,ok,,artifacts\query--0156c256448f6ae5.json,4533e79e7651b68f75157428973978ecaaabd9b9,677043,100.0,10953.0,579978.0,1601.0,688.0,0.4297314178638351,5.7033,82.0,19.5244,47.0,1.0,15.0,4.0,20.0,1.0,103.0,1.0,208.0,0.0,0.0,0.0,23.0,3.0,2.0,0.75,0.5,2.0,0.25,10.0,0.014366,1.0,196.0,110.0,70.0,18.0,0.0,27.0,0.0,34.0638,122.423485,68.707058,43.722673,11.242973,0.018885,0.549252,1.0,0.75,8.168367,0.425532,0.549252,0.411939,0.137313,0.1875,0.549252,0.725,0.127273,0.565517,0.478867,0.209936,0.411939,200.0,1.0,0.0,0.0,1.0,1.0,1.0,0.0,0.0,0.0,1.0,1.0,1.0,0.0,0.0,0.0,0.0,0.0,1.0,1.0,1.0,1.0,1.0,1.0,7.0,1.0,1.0,1.0,1.0,1.0,1.0,1.0,1.0,1.0,1.0,1.0,1.0,1.0,5.0,1.0,1.0,1.0,1.0,1.0,9.0,9.0,1.0,1.0,1.0
dataset-v2,v2,extraction-v2,hybrid-v1,weak_serp,94.7368,,шкафы-купе Санкт-Петербург,шкафы-купе,commercial,Санкт-Петербург,2,https://nonton.ru/mebel/shkafy/shkafy-kupe/,nonton.ru,2,0,,,content,ok,,artifacts\query--add6200c8dd86f6f.json,b3097a299e2d9f2d1f0d39468ed712aa9fe25f6c,2874601,94.7368,27278.0,2514721.0,4416.0,732.0,0.16576086956521738,5.0403,58.0,76.1379,1.0,1.0,0.0,0.0,1.0,1.0,60.0,1.0,195.0,0.0,0.0,0.0,766.0,3.0,2.0,0.75,0.5,3.0,0.75,24.0,0.17346,1.0,1185.0,220.0,187.0,4.0,4.0,155.0,38.75,4416.0,268.342391,49.818841,42.346014,0.905797,0.010847,0.456522,1.0,1.0,3.726582,1.0,0.456522,0.342391,0.342391,0.5625,0.456522,0.85,0.909091,0.655172,0.0,0.075673,0.456522,200.0,1.0,0.0,0.0,1.0,1.0,0.0,0.0,0.0,0.0,1.0,1.0,1.0,0.0,0.0,3.0,0.0,0.0,1.0,0.7,1.0,1.0,0.94,1.0,2.0,0.0,1.0,1.0,1.0,1.0,1.0,1.0,1.0,1.0,1.0,0.0,0.0,1.0,43.0,1.0,1.0,1.0,1.0,0.8,8.0,7.0,0.888889,0.777778,0.822222
dataset-v2,v2,extraction-v2,hybrid-v1,weak_serp,89.4737,,шкафы-купе Санкт-Петербург,шкафы-купе,commercial,Санкт-Петербург,2,https://www.spb.bestmebelshop.ru/catalog/shkafy-kupe/,spb.bestmebelshop.ru,3,0,,,product,ok,,artifacts\query--c12954847885c20a.json,bf1472a9dd984acf847224d312df2c992b312742,1084203,89.4737,16882.0,882367.0,3007.0,770.0,0.2560691719321583,4.414,166.0,18.1145,3.0,1.0,0.0,0.0,1.0,1.0,74.0,1.0,169.0,0.0,0.0,0.0,104.0,3.0,3.0,0.75,0.75,3.0,0.75,9.0,0.034586,1.0,474.0,337.0,186.0,1.0,4.0,158.0,39.5,1002.3333,157.632192,112.071832,61.85567,0.332557,0.019133,0.392404,1.0,1.0,6.343882,0.333333,0.392404,0.294303,0.294303,0.5625,0.392404,0.85,0.654545,0.834483,0.847134,0.100483,0.392404,200.0,1.0,0.0,0.0,0.0,0.0,1.0,0.0,0.0,0.0,1.0,1.0,1.0,0.0,0.0,2.0,0.0,0.0,1.0,0.8,1.0,0.75,0.91,1.0,6.0,1.0,1.0,1.0,1.0,1.0,1.0,1.0,1.0,1.0,1.0,1.0,1.0,1.0,53.0,1.0,1.0,1.0,1.0,1.0,9.0,9.0,1.0,1.0,1.0
dataset-v2,v2,extraction-v2,hybrid-v1,weak_serp,84.2105,,шкафы-купе Санкт-Петербург,шкафы-купе,commercial,Санкт-Петербург,2,https://spb.shkaf-kupe.ru/category/shkafy-kupe/,spb.shkaf-kupe.ru,4,0,,,category,ok,,artifacts\query--121035361f0bc1f0.json,de3d607ed8c444e9d3e34a4b63ae4db651a1f1cb,756439,84.2105,18311.0,576358.0,3146.0,747.0,0.23744437380801017,4.5702,164.0,19.1829,10.0,1.0,1.0,0.0,2.0,1.0,82.0,1.0,289.0,0.0,0.0,0.0,146.0,4.0,3.0,0.75,0.75,3.0,0.5,50.0,0.046408,1.0,843.0,337.0,212.0,14.0,2.0,52.0,26.0,314.6,267.959313,107.120153,67.387158,4.450095,0.03177,0.425481,1.0,1.0,3.73191,0.2,0.425481,0.319111,0.21274,0.375,0.425481,0.7875,0.509091,0.006897,0.453062,0.101028,0.425481,200.0,1.0,0.0,0.0,1.0,1.0,0.0,0.0,0.0,0.0,1.0,1.0,1.0,0.0,0.0,2.0,0.0,0.0,1.0,0.8,1.0,1.0,0.96,1.0,6.0,1.0,1.0,1.0,1.0,1.0,1.0,1.0,1.0,1.0,1.0,1.0,1.0,1.0,5.0,1.0,1.0,1.0,1.0,1.0,9.0,9.0,1.0,1.0,1.0
dataset-v2,v2,extraction-v2,hybrid-v1,weak_serp,78.9474,,шкафы-купе Санкт-Петербург,шкафы-купе,commercial,Санкт-Петербург,2,https://www.kupenadom.ru/,kupenadom.ru,5,0,,,homepage,ok,,artifacts\query--0ac69c0b10ad4302.json,45709a991950b7cacaac15ee0a3883e4bfcfef24,636018,78.9474,34351.0,414252.0,5117.0,1283.0,0.2507328512800469,5.4987,246.0,20.8008,45.0,1.0,13.0,41.0,55.0,1.0,82.0,1.0,203.0,0.0,0.0,0.0,225.0,3.0,4.0,0.75,0.75,48.0,0.75,8.0,0.043971,0.75,572.0,144.0,556.0,248.0,4.0,121.0,30.25,113.7111,111.784249,28.141489,108.657416,48.465898,0.082923,0.505609,1.0,1.0,8.945804,1.222222,0.379207,0.379207,0.379207,0.5625,0.505609,0.8125,0.509091,0.6,0.400723,0.126773,0.505609,200.0,1.0,0.0,0.0,1.0,1.0,1.0,0.0,0.0,0.0,1.0,1.0,1.0,0.0,0.0,0.0,0.0,0.0,1.0,1.0,1.0,1.0,1.0,1.0,6.0,1.0,1.0,1.0,1.0,1.0,1.0,1.0,1.0,1.0,1.0,1.0,1.0,1.0,45.0,1.0,1.0,1.0,1.0,1.0,9.0,9.0,1.0,1.0,1.0
dataset-v2,v2,extraction-v2,hybrid-v1,weak_serp,73.6842,,шкафы-купе Санкт-Петербург,шкафы-купе,commercial,Санкт-Петербург,2,https://spb.lazurit.com/catalog/668/shkafy-kupe/,spb.lazurit.com,6,0,,,product,ok,,artifacts\query--b0d4f7cb800844dd.json,e1c852bbbc684e920810e0ccad2c5138417ae05a,17560,73.6842,459.0,11664.0,69.0,64.0,0.927536231884058,5.4493,7.0,9.8571,1.0,0.0,0.0,0.0,0.0,1.0,7.0,0.0,0.0,0.0,0.0,0.0,0.0,0.0,0.0,0.0,0.0,0.0,0.0,0.0,0.0,0.0,0.0,1.0,0.0,0.0,1.0,1.0,1.0,69.0,0.0,14.492754,0.0,0.0,0.039352,0.125265,0.0,0.75,69.0,0.0,0.0,0.0,0.0,0.0,0.005762,0.0,0.127273,0.0,0.0,0.004454,0.093949,200.0,1.0,0.0,0.0,0.0,0.0,1.0,0.0,1.0,1.0,0.0,1.0,1.0,0.0,0.0,1.0,10.0,1.0,1.0,0.5,1.0,0.35,0.57,1.0,1.0,0.0,0.0,1.0,0.0,0.0,0.0,0.0,0.0,0.0,0.0,0.0,0.0,1.0,1.0,0.0,0.0,1.0,1.0,0.4,3.0,3.0,0.333333,0.333333,0.355556
dataset-v2,v2,extraction-v2,hybrid-v1,weak_serp,68.4211,,шкафы-купе Санкт-Петербург,шкафы-купе,commercial,Санкт-Петербург,2,https://spb.shkafplus.ru/,spb.shkafplus.ru,7,0,,,homepage,ok,,artifacts\query--adf13dee61200eba.json,06aa89d0cbd604c3d7615978e90d2718a7b5e6e8,168895,68.4211,16162.0,89936.0,2181.0,1017.0,0.46629986244841815,6.1944,138.0,15.8043,17.0,1.0,16.0,3.0,20.0,1.0,116.0,1.0,230.0,0.0,0.0,0.0,79.0,3.0,2.0,0.75,0.5,10.0,0.5,13.0,0.036222,1.0,207.0,88.0,34.0,22.0,4.0,32.0,8.0,128.2941,94.910591,40.348464,15.589179,10.087116,0.179706,0.395494,1.0,1.0,10.536232,1.176471,0.395494,0.296621,0.197747,0.375,0.395494,0.7875,0.0,0.413793,0.792603,0.184419,0.395494,200.0,1.0,0.0,0.0,0.0,0.0,1.0,0.0,0.0,0.0,1.0,1.0,1.0,0.0,0.0,0.0,0.0,0.0,1.0,1.0,1.0,0.75,0.95,1.0,2.0,1.0,1.0,0.0,1.0,1.0,1.0,1.0,1.0,1.0,1.0,0.0,0.0,1.0,4.0,1.0,1.0,1.0,1.0,0.8,7.0,7.0,0.777778,0.777778,0.785185
dataset-v2,v2,extraction-v2,hybrid-v1,weak_serp,63.1579,,шкафы-купе Санкт-Петербург,шкафы-купе,commercial,Санкт-Петербург,2,https://kbyro.ru/,kbyro.ru,8,0,,,homepage,ok,,artifacts\query--fab992df61e0cf06.json,106fc6142ca2a8ad122a869e1d1d406b5b6b57f1,98258,63.1579,4801.0,56322.0,749.0,320.0,0.4272363150867824,5.1469,56.0,13.375,1.0,0.0,0.0,0.0,0.0,1.0,52.0,1.0,173.0,0.0,0.0,0.0,54.0,2.0,1.0,0.5,0.25,0.0,0.0,18.0,0.072096,1.0,122.0,16.0,0.0,0.0,0.0,5.0,0.0,749.0,162.883845,21.361816,0.0,0.0,0.085242,0.585308,1.0,0.5,6.139344,0.0,0.585308,0.292654,0.0,0.0,0.292264,0.575,0.945455,0.806897,0.0,0.104055,0.292654,200.0,1.0,0.0,0.0,0.0,0.0,0.0,0.0,0.0,0.0,1.0,1.0,1.0,0.0,0.0,0.0,0.0,0.0,1.0,1.0,1.0,0.75,0.95,1.0,12.0,1.0,1.0,1.0,1.0,1.0,1.0,1.0,1.0,1.0,0.0,0.0,0.0,1.0,4.0,0.0,1.0,0.0,0.0,0.8,8.0,5.0,0.888889,0.555556,0.748148
dataset-v2,v2,extraction-v2,hybrid-v1,weak_serp,57.8947,,шкафы-купе Санкт-Петербург,шкафы-купе,commercial,Санкт-Петербург,2,https://www.divan.ru/sankt-peterburg/category/shkafy-kupe,divan.ru,9,0,,,category,ok,,artifacts\query--aff00ddd9188d161.json,3ea2159200cd6d6a5f503cc828e7b8aad512c497,2733132,57.8947,12716.0,2325172.0,2174.0,529.0,0.24333026678932843,4.7084,128.0,16.9844,2.0,1.0,0.0,0.0,1.0,1.0,92.0,1.0,248.0,0.0,0.0,0.0,78.0,4.0,4.0,0.75,0.75,3.0,0.75,13.0,0.035879,1.0,554.0,94.0,46.0,0.0,1.0,2.0,2.0,1087.0,254.829807,43.23827,21.159154,0.0,0.005469,0.415916,1.0,1.0,3.924188,0.5,0.415916,0.311937,0.311937,0.5625,0.415916,0.85,0.327273,0.289655,0.804048,0.101205,0.415916,200.0,1.0,0.0,0.0,1.0,1.0,1.0,0.0,0.0,0.0,1.0,1.0,1.0,0.0,0.0,3.0,0.0,0.0,1.0,0.7,1.0,1.0,0.94,1.0,5.0,0.0,1.0,1.0,1.0,1.0,1.0,1.0,1.0,1.0,1.0,1.0,0.0,1.0,96.0,1.0,1.0,1.0,1.0,0.8,8.0,8.0,0.888889,0.888889,0.859259
dataset-v2,v2,extraction-v2,hybrid-v1,weak_serp,52.6316,,шкафы-купе Санкт-Петербург,шкафы-купе,commercial,Санкт-Петербург,2,https://www.kupeteka.ru/shkafy-kupe,kupeteka.ru,10,0,,,content,ok,,artifacts\query--a046d9a0134a88b9.json,bbc3786bdd126a371434a118fe254631fd70d5d9,126606,52.6316,5817.0,84065.0,987.0,453.0,0.45896656534954405,4.7173,86.0,11.4767,36.0,1.0,2.0,0.0,3.0,1.0,71.0,1.0,176.0,0.0,0.0,0.0,62.0,3.0,2.0,0.75,0.5,3.0,0.5,22.0,0.062817,1.0,134.0,45.0,88.0,0.0,0.0,29.0,0.0,27.4167,135.764944,45.592705,89.159068,0.0,0.069196,0.511592,1.0,0.75,7.365672,0.083333,0.511592,0.383694,0.255796,0.375,0.336628,0.7875,0.709091,0.786207,0.0,0.128751,0.383694,200.0,1.0,0.0,0.0,1.0,1.0,0.0,0.0,0.0,0.0,1.0,1.0,1.0,0.0,0.0,1.0,0.0,0.0,1.0,0.9,1.0,1.0,0.98,1.0,2.0,1.0,1.0,1.0,1.0,1.0,1.0,1.0,1.0,1.0,0.0,0.0,0.0,1.0,5.0,1.0,1.0,0.0,0.0,1.0,8.0,5.0,0.888889,0.555556,0.814815
dataset-v2,v2,extraction-v2,hybrid-v1,weak_serp,100.0,,шкафы-купе Екатеринбург,шкафы-купе,commercial,Екатеринбург,54,https://ekaterinburg.lemanapro.ru/catalogue/shkafy-kupe/,ekaterinburg.lemanapro.ru,1,0,,,product,ok,,artifacts\query--8d4dfb1127d6bef7.json,a7de0002706c85ba68e5a732df668cc5ab2c1397,10087,100.0,77.0,8264.0,13.0,13.0,1.0,5.0,1.0,13.0,1.0,1.0,0.0,0.0,1.0,1.0,12.0,0.0,0.0,0.0,0.0,0.0,0.0,0.0,0.0,0.0,0.0,0.0,0.0,0.0,0.0,0.0,1.0,0.0,0.0,0.0,0.0,0.0,0.0,13.0,76.923077,0.0,0.0,0.0,0.009318,-0.073097,0.0,0.0,13.0,1.0,-0.0,-0.0,-0.0,0.0,-0.000634,0.0,0.218182,0.0,0.0,-0.000528,-0.0,403.0,0.0,0.0,0.0,0.0,0.0,0.0,0.0,0.0,0.0,0.0,1.0,1.0,0.0,0.0,2.0,0.0,0.0,1.0,0.8,1.0,0.75,0.71,1.0,1.0,0.0,0.0,0.0,0.0,0.0,0.0,0.0,0.0,0.0,0.0,0.0,0.0,0.0,0.0,0.0,0.0,0.0,0.0,0.2,1.0,0.0,0.111111,0.0,0.103704
dataset-v2,v2,extraction-v2,hybrid-v1,weak_serp,94.7368,,шкафы-купе Екатеринбург,шкафы-купе,commercial,Екатеринбург,54,https://kupeural.ru/,kupeural.ru,2,0,,,homepage,ok,,artifacts\query--c436b86f9877c558.json,7a1b2edef6691e5a1eeb246f006270ab236d89e9,449816,94.7368,12757.0,349979.0,1781.0,797.0,0.4475014037057833,5.959,117.0,15.2222,11.0,1.0,0.0,8.0,9.0,1.0,70.0,1.0,130.0,0.0,0.0,0.0,65.0,3.0,1.0,0.666667,0.333333,0.0,0.0,21.0,0.036496,1.0,258.0,64.0,131.0,1.0,3.0,39.0,13.0,161.9091,144.862437,35.934868,73.554183,0.561482,0.036451,0.587187,1.0,1.0,6.903101,0.818182,0.587187,0.391458,0.0,0.0,0.587187,0.633333,0.727273,0.896552,0.783455,0.259993,0.587187,200.0,1.0,0.0,0.0,0.0,0.0,0.0,0.0,0.0,0.0,1.0,1.0,1.0,0.0,0.0,0.0,0.0,0.0,1.0,1.0,1.0,0.75,0.95,1.0,7.0,1.0,1.0,1.0,0.0,1.0,1.0,1.0,1.0,1.0,1.0,1.0,1.0,1.0,1.0,1.0,1.0,1.0,1.0,1.0,8.0,9.0,0.888889,1.0,0.962963
dataset-v2,v2,extraction-v2,hybrid-v1,weak_serp,89.4737,,шкафы-купе Екатеринбург,шкафы-купе,commercial,Екатеринбург,54,https://33komoda.ru/catalog/shkafy_kupe/,33komoda.ru,3,0,,,product,ok,,artifacts\query--ef72f9ea190bc192.json,0fe9bb48d079e533cbdbdc35421fa06ba74ebd05,1905782,89.4737,21950.0,1674945.0,3133.0,841.0,0.2684328120012767,5.8615,62.0,50.5323,8.0,1.0,8.0,50.0,59.0,1.0,69.0,1.0,152.0,0.0,0.0,0.0,100.0,2.0,2.0,0.666667,0.666667,5.0,0.666667,6.0,0.031918,1.0,837.0,127.0,169.0,0.0,12.0,142.0,11.833333,391.625,267.15608,40.536227,53.941909,0.0,0.013105,0.432686,1.0,1.0,3.74313,7.375,0.432686,0.288457,0.288457,0.444444,0.432686,0.8,0.745455,0.951724,0.936057,0.116147,0.432686,200.0,1.0,0.0,0.0,0.0,0.0,0.0,0.0,0.0,0.0,1.0,1.0,1.0,0.0,0.0,2.0,0.0,0.0,1.0,0.8,1.0,0.75,0.91,1.0,2.0,1.0,1.0,1.0,1.0,1.0,1.0,1.0,1.0,1.0,1.0,0.0,1.0,1.0,5.0,1.0,1.0,1.0,1.0,1.0,9.0,8.0,1.0,0.888889,0.962963
dataset-v2,v2,extraction-v2,hybrid-v1,weak_serp,84.2105,,шкафы-купе Екатеринбург,шкафы-купе,commercial,Екатеринбург,54,https://www.e-1.ru/city/ekaterinburg/,e-1.ru,4,0,,,content,ok,,artifacts\query--cd7945e62feb8330.json,6c4dbe5bb803f0426550c0041481b92a3eb9bac0,211858,84.2105,3949.0,161158.0,554.0,298.0,0.5379061371841155,5.7671,21.0,26.381,13.0,1.0,3.0,8.0,12.0,1.0,75.0,1.0,129.0,0.0,0.0,0.0,24.0,2.0,1.0,0.666667,0.333333,3.0,0.666667,10.0,0.043321,1.0,146.0,5.0,34.0,3.0,0.0,1.0,0.0,42.6154,263.537906,9.025271,61.371841,5.415162,0.024504,0.514377,1.0,0.75,3.794521,0.923077,0.514377,0.342918,0.342918,0.444444,0.189977,0.8,0.636364,0.889655,0.555957,0.085158,0.385783,200.0,1.0,0.0,0.0,1.0,1.0,1.0,0.0,0.0,0.0,1.0,1.0,1.0,0.0,0.0,2.0,0.0,0.0,1.0,0.8,1.0,1.0,0.96,1.0,8.0,0.0,1.0,1.0,1.0,1.0,1.0,0.0,1.0,1.0,1.0,0.0,1.0,1.0,3.0,1.0,1.0,1.0,1.0,0.8,8.0,7.0,0.888889,0.777778,0.822222
dataset-v2,v2,extraction-v2,hybrid-v1,weak_serp,78.9474,,шкафы-купе Екатеринбург,шкафы-купе,commercial,Екатеринбург,54,https://kupi-kupe.ru/,kupi-kupe.ru,5,0,,,homepage,ok,,artifacts\query--6dfe6398f9ded2dd.json,67a771b4f9e50398ac87cbcd5bb04ba7619678be,8688488,78.9474,15573.0,8290092.0,2329.0,643.0,0.27608415629025335,5.5535,109.0,21.367,22.0,2.0,9.0,0.0,11.0,1.0,81.0,1.0,191.0,0.0,0.0,0.0,201.0,3.0,3.0,0.666667,0.666667,2.0,0.666667,43.0,0.086303,1.0,340.0,184.0,205.0,0.0,9.0,91.0,10.111111,105.8636,145.985401,79.003864,88.02061,0.0,0.001879,0.391665,1.0,1.0,6.85,0.5,0.391665,0.26111,0.26111,0.444444,0.391665,0.8,0.527273,0.682759,0.0,0.108133,0.391665,200.0,1.0,0.0,0.0,0.0,0.0,1.0,0.0,0.0,0.0,1.0,1.0,1.0,0.0,0.0,0.0,0.0,0.0,1.0,1.0,1.0,0.75,0.95,1.0,7.0,1.0,1.0,1.0,1.0,1.0,1.0,1.0,1.0,1.0,1.0,1.0,1.0,1.0,1.0,1.0,1.0,1.0,1.0,1.0,9.0,9.0,1.0,1.0,1.0
dataset-v2,v2,extraction-v2,hybrid-v1,weak_serp,73.6842,,шкафы-купе Екатеринбург,шкафы-купе,commercial,Екатеринбург,54,http://ekb.kupicupe.ru/,ekb.kupicupe.ru,6,0,,,homepage,ok,,artifacts\query--f935d16fd433853e.json,9bfc27b3bef1f8a238df3845fe8c28e70f6a8f5f,105768,73.6842,14140.0,57186.0,1981.0,984.0,0.4967188288743059,5.9218,190.0,10.4263,36.0,2.0,2.0,0.0,4.0,1.0,27.0,1.0,270.0,0.0,0.0,0.0,47.0,2.0,2.0,0.666667,0.333333,4.0,0.666667,10.0,0.023725,1.0,25.0,40.0,4.0,40.0,8.0,40.0,5.0,55.0278,12.619889,20.191822,2.019182,20.191822,0.247263,0.526981,1.0,1.0,79.24,0.111111,0.526981,0.351321,0.351321,0.444444,0.526981,0.8,0.490909,0.137931,0.790846,0.261761,0.526981,200.0,1.0,0.0,0.0,0.0,0.0,0.0,0.0,0.0,0.0,1.0,0.0,0.0,0.0,0.0,0.0,0.0,0.0,1.0,1.0,0.0,0.75,0.75,1.0,3.0,1.0,1.0,0.0,1.0,1.0,1.0,1.0,1.0,1.0,1.0,0.0,0.0,1.0,1.0,0.0,1.0,1.0,1.0,0.6,7.0,7.0,0.777778,0.777778,0.718519
dataset-v2,v2,extraction-v2,hybrid-v1,weak_serp,68.4211,,шкафы-купе Екатеринбург,шкафы-купе,commercial,Екатеринбург,54,https://www.yapokupayu.ru/blogs/post/gde-kupit-shkaf-v-ekaterinburge,yapokupayu.ru,7,0,,,article,ok,,artifacts\query--b674c9caffbc3837.json,7ae7c4e401a6571b7cea11efa7733ac6741e1ede,260976,68.4211,17384.0,174687.0,2637.0,1191.0,0.45164960182025027,5.2943,211.0,12.4976,70.0,1.0,26.0,43.0,70.0,1.0,72.0,1.0,113.0,0.0,0.0,0.0,30.0,0.0,1.0,0.0,0.333333,4.0,0.333333,3.0,0.011377,0.666667,165.0,29.0,111.0,3.0,4.0,11.0,2.75,37.6714,62.571104,10.997345,42.093288,1.137656,0.099515,0.579235,1.0,1.0,15.981818,1.0,0.386157,0.0,0.193078,0.0,0.579235,0.433333,0.690909,0.77931,0.252813,0.261611,0.579235,200.0,1.0,0.0,0.0,1.0,1.0,1.0,0.0,0.0,0.0,1.0,1.0,1.0,0.0,0.0,3.0,0.0,0.0,1.0,0.7,1.0,1.0,0.94,1.0,24.0,1.0,1.0,1.0,1.0,1.0,1.0,1.0,1.0,1.0,1.0,1.0,0.0,1.0,2.0,1.0,1.0,1.0,1.0,1.0,8.0,9.0,0.888889,1.0,0.962963
dataset-v2,v2,extraction-v2,hybrid-v1,weak_serp,63.1579,,шкафы-купе Екатеринбург,шкафы-купе,commercial,Екатеринбург,54,https://ekat.steklodom.com/mebel-na-zakaz/shkafy/,ekat.steklodom.com,8,0,,,content,ok,,artifacts\query--652653165603bfad.json,8eb4c58487299cad79b3484c9599ad8638244b9e,1143530,63.1579,17196.0,1033748.0,2725.0,778.0,0.28550458715596333,4.9086,128.0,21.2891,14.0,1.0,6.0,0.0,7.0,1.0,90.0,1.0,184.0,0.0,0.0,0.0,30.0,1.0,1.0,0.333333,0.333333,2.0,0.666667,7.0,0.011009,1.0,274.0,305.0,126.0,1.0,4.0,44.0,11.0,194.6429,100.550459,111.926606,46.238532,0.366972,0.016635,0.437091,1.0,1.0,9.945255,0.5,0.437091,0.145697,0.291394,0.222222,0.437091,0.683333,0.363636,0.731034,0.366972,0.124791,0.437091,200.0,1.0,0.0,0.0,0.0,0.0,0.0,0.0,0.0,0.0,1.0,1.0,1.0,0.0,0.0,2.0,0.0,0.0,1.0,0.8,1.0,0.75,0.91,1.0,19.0,1.0,1.0,1.0,1.0,1.0,1.0,1.0,1.0,1.0,1.0,1.0,0.0,1.0,6.0,1.0,1.0,1.0,1.0,1.0,8.0,9.0,0.888889,1.0,0.962963
dataset-v2,v2,extraction-v2,hybrid-v1,weak_serp,57.8947,,шкафы-купе Екатеринбург,шкафы-купе,commercial,Екатеринбург,54,https://www.ekbkupe.ru/,ekbkupe.ru,9,0,,,homepage,ok,,artifacts\query--b9c9b1698f425f31.json,c1438e948cadd449b519a9de425a78a162e9ba22,553760,57.8947,18705.0,429131.0,2599.0,834.0,0.32089265101962294,5.9861,186.0,13.9731,93.0,1.0,28.0,50.0,79.0,1.0,164.0,1.0,250.0,0.0,0.0,0.0,95.0,2.0,4.0,0.666667,0.666667,5.0,0.666667,32.0,0.036553,1.0,379.0,116.0,161.0,149.0,3.0,34.0,11.333333,27.9462,145.825317,44.632551,61.946903,57.329742,0.043588,0.594082,1.0,1.0,6.85752,0.849462,0.594082,0.396055,0.396055,0.444444,0.594082,0.8,0.0,0.275862,0.781583,0.190637,0.594082,200.0,1.0,0.0,0.0,0.0,0.0,0.0,0.0,0.0,0.0,1.0,1.0,1.0,0.0,0.0,0.0,0.0,0.0,1.0,1.0,1.0,0.75,0.95,1.0,6.0,1.0,1.0,0.0,1.0,1.0,1.0,1.0,0.0,1.0,1.0,1.0,0.0,1.0,10.0,1.0,1.0,1.0,1.0,0.8,7.0,7.0,0.777778,0.777778,0.785185
dataset-v2,v2,extraction-v2,hybrid-v1,weak_serp,52.6316,,шкафы-купе Екатеринбург,шкафы-купе,commercial,Екатеринбург,54,https://gipermarketdom.ru/catalog/shkafy_kupe_gotovye/,gipermarketdom.ru,10,0,,,product,ok,,artifacts\query--9a1b306a6c167584.json,4cd3b4bc8232af3380e63c5a1ffe10216c6dfbbd,25552,52.6316,350.0,20722.0,52.0,44.0,0.8461538461538461,5.3077,9.0,5.7778,1.0,0.0,0.0,1.0,1.0,1.0,2.0,0.0,0.0,0.0,0.0,0.0,0.0,0.0,0.0,0.0,0.0,0.0,0.0,0.0,0.0,0.0,0.0,1.0,0.0,0.0,1.0,3.0,3.0,52.0,0.0,19.230769,0.0,0.0,0.01689,0.092354,0.0,0.75,52.0,1.0,0.0,0.0,0.0,0.0,0.003202,0.0,0.036364,0.0,0.0,0.002258,0.069266,200.0,1.0,0.0,0.0,0.0,0.0,0.0,0.0,0.0,0.0,1.0,1.0,0.0,0.0,0.0,2.0,0.0,0.0,1.0,0.8,0.5,0.75,0.81,1.0,1.0,0.0,0.0,1.0,0.0,1.0,0.0,0.0,0.0,1.0,0.0,0.0,0.0,1.0,1.0,0.0,0.0,0.0,0.0,0.4,3.0,2.0,0.333333,0.222222,0.318519
dataset-v2,v2,extraction-v2,hybrid-v1,weak_serp,100.0,,шкафы-купе Новосибирск,шкафы-купе,commercial,Новосибирск,65,https://novosibirsk.lemanapro.ru/catalogue/shkafy-kupe/,novosibirsk.lemanapro.ru,1,0,,,product,ok,,artifacts\query--1e4ed89f0481dca6.json,4e99ca13d7608a3d149fd197683aabe645270c92,10085,100.0,77.0,8264.0,13.0,13.0,1.0,5.0,1.0,13.0,1.0,1.0,0.0,0.0,1.0,1.0,12.0,0.0,0.0,0.0,0.0,0.0,0.0,0.0,0.0,0.0,0.0,0.0,0.0,0.0,0.0,0.0,1.0,0.0,0.0,0.0,0.0,0.0,0.0,13.0,76.923077,0.0,0.0,0.0,0.009318,-0.135363,0.0,0.0,13.0,1.0,-0.0,-0.0,-0.0,0.0,-0.001173,0.0,0.218182,0.0,0.0,-0.000978,-0.0,403.0,0.0,0.0,0.0,0.0,0.0,0.0,0.0,0.0,0.0,0.0,1.0,1.0,0.0,0.0,2.0,0.0,0.0,1.0,0.8,1.0,0.75,0.71,1.0,1.0,0.0,0.0,0.0,0.0,0.0,0.0,0.0,0.0,0.0,0.0,0.0,0.0,0.0,0.0,0.0,0.0,0.0,0.0,0.2,1.0,0.0,0.111111,0.0,0.103704
dataset-v2,v2,extraction-v2,hybrid-v1,weak_serp,94.7368,,шкафы-купе Новосибирск,шкафы-купе,commercial,Новосибирск,65,https://shkaf-kupe-novosibirsk.ru/,shkaf-kupe-novosibirsk.ru,2,0,,,homepage,ok,,artifacts\query--29bf5aeadfb0c51a.json,4a2349d35486722f580f7b780e305a5d58d3af77,569240,94.7368,22453.0,483875.0,3157.0,1375.0,0.4355400696864111,5.8838,262.0,12.0496,70.0,1.0,23.0,0.0,24.0,1.0,94.0,1.0,162.0,0.0,0.0,0.0,83.0,2.0,1.0,0.666667,0.333333,5.0,0.666667,9.0,0.026291,0.666667,115.0,69.0,113.0,110.0,3.0,57.0,19.0,45.1,36.426988,21.856193,35.793475,34.843206,0.046402,0.575074,1.0,1.0,27.452174,0.342857,0.383383,0.383383,0.383383,0.444444,0.575074,0.75,0.290909,0.882759,0.58424,0.250468,0.575074,200.0,1.0,0.0,0.0,1.0,1.0,1.0,0.0,0.0,0.0,1.0,1.0,1.0,0.0,0.0,0.0,0.0,0.0,1.0,1.0,1.0,1.0,1.0,1.0,21.0,1.0,1.0,1.0,1.0,1.0,1.0,1.0,1.0,1.0,1.0,1.0,1.0,1.0,11.0,0.0,1.0,1.0,1.0,0.8,9.0,9.0,1.0,1.0,0.933333
dataset-v2,v2,extraction-v2,hybrid-v1,weak_serp,89.4737,,шкафы-купе Новосибирск,шкафы-купе,commercial,Новосибирск,65,https://4nozhki.ru/tovari/shkafi-kupe/novosibirsk/,4nozhki.ru,3,0,,,content,ok,,artifacts\query--d8b9c07ecb56c8fa.json,b44fd5f0f67a245204feb825f46ea4db7fa489e2,17608,89.4737,32.0,15105.0,4.0,4.0,1.0,6.75,1.0,4.0,2.0,0.0,0.0,0.0,0.0,0.0,0.0,0.0,0.0,0.0,0.0,0.0,0.0,0.0,0.0,0.0,0.0,0.0,0.0,0.0,0.0,0.0,1.0,0.0,0.0,0.0,0.0,0.0,0.0,2.0,250.0,0.0,0.0,0.0,0.002119,0.212028,0.0,0.0,4.0,0.0,0.0,0.0,0.0,0.0,0.000565,0.0,0.0,0.0,0.0,0.000471,0.0,200.0,1.0,0.0,0.0,0.0,0.0,0.0,1.0,1.0,0.0,0.0,1.0,0.0,0.0,0.0,3.0,0.0,0.0,1.0,0.7,0.5,0.75,0.59,0.0,0.0,0.0,0.0,0.0,0.0,1.0,0.0,0.0,0.0,1.0,0.0,0.0,0.0,0.0,0.0,0.0,0.0,0.0,0.0,0.0,0.0,1.0,0.0,0.111111,0.037037
dataset-v2,v2,extraction-v2,hybrid-v1,weak_serp,84.2105,,шкафы-купе Новосибирск,шкафы-купе,commercial,Новосибирск,65,https://nsk.lazurit.com/catalog/668/shkafy-kupe/,nsk.lazurit.com,4,0,,,product,ok,,artifacts\query--7b86c58ed1e3d91c.json,6f19e65671866d8636b6c1d41c08efa90ee7ca23,17520,84.2105,459.0,11644.0,69.0,63.0,0.9130434782608695,5.4493,7.0,9.8571,1.0,0.0,0.0,0.0,0.0,1.0,7.0,0.0,0.0,0.0,0.0,0.0,0.0,0.0,0.0,0.0,0.0,0.0,0.0,0.0,0.0,0.0,0.0,1.0,0.0,0.0,1.0,1.0,1.0,69.0,0.0,14.492754,0.0,0.0,0.039419,0.099799,0.0,0.75,69.0,0.0,0.0,0.0,0.0,0.0,0.004591,0.0,0.127273,0.0,0.0,0.003493,0.074849,200.0,1.0,0.0,0.0,0.0,0.0,1.0,0.0,1.0,1.0,0.0,1.0,1.0,0.0,0.0,1.0,10.0,1.0,1.0,0.5,1.0,0.35,0.57,1.0,1.0,0.0,0.0,1.0,0.0,0.0,0.0,0.0,0.0,0.0,0.0,0.0,0.0,1.0,1.0,0.0,0.0,0.0,0.0,0.4,3.0,1.0,0.333333,0.111111,0.281481
dataset-v2,v2,extraction-v2,hybrid-v1,weak_serp,78.9474,,шкафы-купе Новосибирск,шкафы-купе,commercial,Новосибирск,65,https://mebelti.com/catalog/shkafy-kupe/,mebelti.com,5,0,,,product,ok,,artifacts\query--79bc63d32711a00f.json,d0451ac9dd393192c8d6f18bc587d5081ee822ff,1229725,78.9474,15674.0,898391.0,2344.0,470.0,0.20051194539249148,5.5388,22.0,106.5455,1.0,1.0,1.0,0.0,2.0,1.0,72.0,1.0,213.0,0.0,0.0,0.0,154.0,3.0,4.0,0.666667,0.666667,2.0,0.666667,13.0,0.0657,1.0,851.0,212.0,503.0,0.0,3.0,61.0,20.333333,2344.0,363.054608,90.443686,214.590444,0.0,0.017447,0.554463,1.0,1.0,2.754407,2.0,0.554463,0.369642,0.369642,0.444444,0.554463,0.8,0.690909,0.531034,0.0,0.111176,0.554463,200.0,1.0,0.0,0.0,1.0,1.0,0.0,0.0,0.0,0.0,1.0,1.0,1.0,0.0,0.0,2.0,0.0,0.0,1.0,0.8,1.0,1.0,0.96,1.0,11.0,1.0,1.0,1.0,1.0,1.0,1.0,1.0,1.0,1.0,1.0,1.0,1.0,1.0,18.0,1.0,1.0,1.0,1.0,1.0,9.0,9.0,1.0,1.0,1.0
dataset-v2,v2,extraction-v2,hybrid-v1,weak_serp,73.6842,,шкафы-купе Новосибирск,шкафы-купе,commercial,Новосибирск,65,https://mebel-nsk.ru/shkafy/shkafy-kype/,mebel-nsk.ru,6,0,,,content,ok,,artifacts\query--ee4006ece67f698a.json,defbdda055476e4d4804b49502238270af3b5d4e,341297,73.6842,15959.0,212712.0,2511.0,859.0,0.342094782954998,5.0709,30.0,83.7,48.0,1.0,0.0,0.0,1.0,1.0,43.0,1.0,102.0,0.0,0.0,0.0,77.0,2.0,2.0,0.666667,0.666667,2.0,0.666667,21.0,0.030665,1.0,560.0,104.0,317.0,0.0,3.0,160.0,53.333333,52.3125,223.018718,41.417762,126.244524,0.0,0.075026,0.25193,1.0,1.0,4.483929,0.020833,0.25193,0.167953,0.167953,0.444444,0.25193,0.8,0.781818,0.703448,0.977831,0.086184,0.25193,200.0,1.0,0.0,0.0,0.0,0.0,1.0,0.0,0.0,0.0,1.0,1.0,1.0,0.0,0.0,2.0,0.0,0.0,1.0,0.8,1.0,0.75,0.91,1.0,4.0,1.0,1.0,1.0,1.0,1.0,1.0,1.0,0.0,1.0,0.0,0.0,0.0,1.0,33.0,1.0,1.0,1.0,1.0,1.0,8.0,6.0,0.888889,0.666667,0.851852
dataset-v2,v2,extraction-v2,hybrid-v1,weak_serp,68.4211,,шкафы-купе Новосибирск,шкафы-купе,commercial,Новосибирск,65,https://artic-mebel.ru/catalog/shkafy-kupe/,artic-mebel.ru,7,0,,,product,ok,,artifacts\query--48aa16efed37439a.json,ab0824feab78e2ab105be460d5006948659ee286,226235,68.4211,2899.0,191987.0,414.0,223.0,0.538647342995169,5.686,44.0,9.4091,11.0,0.0,18.0,5.0,23.0,1.0,60.0,1.0,156.0,0.0,0.0,0.0,20.0,2.0,2.0,0.666667,0.333333,8.0,0.666667,9.0,0.048309,0.666667,51.0,14.0,15.0,0.0,0.0,0.0,0.0,37.6364,123.188406,33.816425,36.231884,0.0,0.0151,0.473737,1.0,0.5,8.117647,2.090909,0.315825,0.315825,0.315825,0.444444,0.130751,0.75,0.909091,0.924138,0.259796,0.058691,0.236869,200.0,1.0,0.0,0.0,1.0,1.0,1.0,0.0,0.0,0.0,1.0,1.0,1.0,0.0,0.0,2.0,0.0,0.0,1.0,0.8,1.0,1.0,0.96,1.0,2.0,0.0,1.0,1.0,1.0,1.0,1.0,1.0,0.0,1.0,1.0,0.0,0.0,1.0,1.0,1.0,1.0,1.0,1.0,0.8,8.0,6.0,0.888889,0.666667,0.785185
dataset-v2,v2,extraction-v2,hybrid-v1,weak_serp,63.1579,,шкафы-купе Новосибирск,шкафы-купе,commercial,Новосибирск,65,http://www.shkaf54.ru/,shkaf54.ru,8,0,,,homepage,ok,,artifacts\query--3222c74b20c3d56a.json,664e946eb89087f0e72b366104993a90f91f0c88,202145,63.1579,13111.0,135706.0,2104.0,593.0,0.2818441064638783,5.0908,78.0,26.9744,110.0,1.0,12.0,5.0,18.0,1.0,43.0,1.0,103.0,0.0,0.0,0.0,32.0,2.0,2.0,0.666667,0.666667,4.0,0.666667,19.0,0.015209,0.666667,182.0,112.0,59.0,97.0,4.0,17.0,4.25,19.1273,86.501901,53.231939,28.041825,46.102662,0.096613,0.427917,1.0,1.0,11.56044,0.163636,0.285278,0.285278,0.285278,0.444444,0.427917,0.75,0.781818,0.710345,0.337981,0.120606,0.427917,200.0,1.0,0.0,0.0,0.0,0.0,1.0,0.0,0.0,0.0,1.0,1.0,1.0,0.0,0.0,0.0,0.0,0.0,1.0,1.0,1.0,0.75,0.95,1.0,2.0,0.0,1.0,0.0,1.0,1.0,1.0,1.0,1.0,0.0,1.0,0.0,0.0,1.0,7.0,0.0,1.0,1.0,1.0,0.4,7.0,5.0,0.777778,0.555556,0.577778
dataset-v2,v2,extraction-v2,hybrid-v1,weak_serp,57.8947,,шкафы-купе Новосибирск,шкафы-купе,commercial,Новосибирск,65,https://www.kuhni-nsk.ru/catalog/shkafy_kupe/,kuhni-nsk.ru,9,0,,,product,ok,,artifacts\query--20bb07d10791e866.json,4caed108f19e3ce65870c98128aef29e9f83d435,136454,57.8947,6188.0,83730.0,929.0,478.0,0.5145317545748116,5.4812,50.0,18.58,3.0,1.0,1.0,0.0,2.0,1.0,85.0,1.0,164.0,0.0,0.0,0.0,37.0,3.0,3.0,0.666667,0.333333,4.0,0.666667,11.0,0.039828,1.0,142.0,20.0,116.0,3.0,7.0,39.0,5.571429,309.6667,152.85253,21.528525,124.865447,3.229279,0.073904,0.501397,1.0,1.0,6.542254,0.666667,0.501397,0.334265,0.334265,0.444444,0.310532,0.8,0.454545,0.868966,0.672408,0.133149,0.501397,200.0,1.0,0.0,0.0,1.0,1.0,1.0,0.0,0.0,0.0,1.0,1.0,1.0,0.0,0.0,2.0,0.0,0.0,1.0,0.8,1.0,1.0,0.96,1.0,9.0,1.0,1.0,1.0,1.0,1.0,1.0,1.0,0.0,1.0,1.0,0.0,0.0,1.0,4.0,1.0,1.0,1.0,1.0,1.0,8.0,7.0,0.888889,0.777778,0.888889
dataset-v2,v2,extraction-v2,hybrid-v1,weak_serp,52.6316,,шкафы-купе Новосибирск,шкафы-купе,commercial,Новосибирск,65,https://novosibirsk.mebelgrad.com/catalog/shkafy-kupe-3/,novosibirsk.mebelgrad.com,10,0,,,product,ok,,artifacts\query--40af2bb1a812fe00.json,ac88edfb6ce30eff83b01fd58f1f476e53eccebf,2224153,52.6316,22195.0,1739135.0,3329.0,606.0,0.1820366476419345,5.4728,103.0,32.3204,10.0,1.0,1.0,0.0,2.0,1.0,68.0,1.0,205.0,0.0,0.0,0.0,134.0,2.0,2.0,0.666667,0.666667,3.0,0.666667,10.0,0.040252,1.0,1153.0,387.0,930.0,0.0,5.0,58.0,11.6,332.9,346.350255,116.251126,279.363172,0.0,0.012762,0.376673,1.0,1.0,2.887251,0.2,0.376673,0.251115,0.251115,0.444444,0.376673,0.8,0.763636,0.586207,0.658256,0.068568,0.376673,200.0,1.0,0.0,0.0,1.0,1.0,0.0,0.0,0.0,0.0,1.0,1.0,1.0,0.0,0.0,2.0,0.0,0.0,1.0,0.8,1.0,1.0,0.96,1.0,10.0,1.0,1.0,1.0,1.0,1.0,1.0,0.0,1.0,1.0,1.0,1.0,1.0,1.0,1.0,1.0,1.0,1.0,1.0,1.0,8.0,9.0,0.888889,1.0,0.962963
dataset-v2,v2,extraction-v2,hybrid-v1,weak_serp,100.0,,шкафы-купе Казань,шкафы-купе,commercial,Казань,43,https://kazan.lemanapro.ru/catalogue/shkafy-kupe/,kazan.lemanapro.ru,1,0,,,product,ok,,artifacts\query--da642e5407210ddc.json,6c13514df86e5af6740e14f0732e4f8402c7ba04,10073,100.0,77.0,8264.0,13.0,13.0,1.0,5.0,1.0,13.0,1.0,1.0,0.0,0.0,1.0,1.0,12.0,0.0,0.0,0.0,0.0,0.0,0.0,0.0,0.0,0.0,0.0,0.0,0.0,0.0,0.0,0.0,1.0,0.0,0.0,0.0,0.0,0.0,0.0,13.0,76.923077,0.0,0.0,0.0,0.009318,-0.096649,0.0,0.0,13.0,1.0,-0.0,-0.0,-0.0,0.0,-0.000838,0.0,0.218182,0.0,0.0,-0.000698,-0.0,403.0,0.0,0.0,0.0,0.0,0.0,0.0,0.0,0.0,0.0,0.0,1.0,1.0,0.0,0.0,2.0,0.0,0.0,1.0,0.8,1.0,0.75,0.71,1.0,1.0,0.0,0.0,0.0,0.0,0.0,0.0,0.0,0.0,0.0,0.0,0.0,0.0,0.0,0.0,0.0,0.0,0.0,0.0,0.2,1.0,0.0,0.111111,0.0,0.103704
dataset-v2,v2,extraction-v2,hybrid-v1,weak_serp,94.7368,,шкафы-купе Казань,шкафы-купе,commercial,Казань,43,https://kazan.nonton.ru/mebel/shkafy/,kazan.nonton.ru,2,0,,,content,ok,,artifacts\query--047e9b33af47252f.json,8593bc81c254ca2680cc4c4b10396386e536cf83,2277587,94.7368,26781.0,1945241.0,4311.0,759.0,0.17606123869171886,5.0566,75.0,57.48,1.0,1.0,0.0,0.0,1.0,1.0,79.0,1.0,194.0,0.0,0.0,0.0,440.0,0.0,1.0,0.0,0.333333,1.0,0.333333,15.0,0.102064,1.0,1201.0,221.0,197.0,4.0,4.0,180.0,45.0,4311.0,278.589654,51.264208,45.697054,0.927859,0.013767,0.341172,1.0,1.0,3.589509,1.0,0.341172,0.0,0.113724,0.0,0.341172,0.483333,0.563636,0.662069,0.0,0.060067,0.341172,200.0,1.0,0.0,0.0,1.0,1.0,0.0,0.0,0.0,0.0,1.0,1.0,1.0,0.0,0.0,2.0,0.0,0.0,1.0,0.8,1.0,1.0,0.96,1.0,2.0,0.0,1.0,1.0,1.0,1.0,1.0,1.0,1.0,1.0,1.0,0.0,0.0,1.0,42.0,1.0,1.0,1.0,1.0,0.8,8.0,7.0,0.888889,0.777778,0.822222
dataset-v2,v2,extraction-v2,hybrid-v1,weak_serp,89.4737,,шкафы-купе Казань,шкафы-купе,commercial,Казань,43,https://kazanshkafkupe.ru/,kazanshkafkupe.ru,3,0,,,homepage,ok,,artifacts\query--231e6037a81f33d4.json,9fb60fd1f75c678d3c09774dc0fda515af9ac09a,216079,89.4737,5581.0,180262.0,824.0,356.0,0.4320388349514563,5.6262,38.0,21.6842,52.0,1.0,5.0,14.0,20.0,1.0,69.0,1.0,145.0,0.0,0.0,0.0,98.0,2.0,4.0,0.666667,0.666667,22.0,0.666667,18.0,0.118932,1.0,43.0,61.0,30.0,1.0,2.0,84.0,42.0,15.8462,52.184466,74.029126,36.407767,1.213592,0.03096,0.371155,1.0,1.0,19.162791,0.384615,0.371155,0.247437,0.247437,0.444444,0.203888,0.8,0.745455,1.0,0.0,0.073406,0.371155,200.0,1.0,0.0,0.0,0.0,0.0,1.0,0.0,0.0,0.0,1.0,1.0,1.0,0.0,0.0,0.0,0.0,0.0,1.0,1.0,1.0,0.75,0.95,1.0,1.0,1.0,1.0,0.0,1.0,1.0,1.0,1.0,1.0,1.0,0.0,0.0,0.0,1.0,2.0,1.0,1.0,1.0,1.0,0.8,7.0,6.0,0.777778,0.666667,0.748148
dataset-v2,v2,extraction-v2,hybrid-v1,weak_serp,84.2105,,шкафы-купе Казань,шкафы-купе,commercial,Казань,43,https://kazan.shkafy-moskva.ru/,kazan.shkafy-moskva.ru,4,0,,,homepage,ok,,artifacts\query--580a001688d7c248.json,32ae4ab017928e246a85904fb0c9d64ccbc57bd6,413394,84.2105,18450.0,280212.0,2720.0,882.0,0.32426470588235295,5.3452,142.0,19.1549,90.0,1.0,11.0,6.0,18.0,1.0,67.0,1.0,322.0,0.0,0.0,0.0,54.0,1.0,4.0,0.333333,0.666667,3.0,0.666667,6.0,0.019853,1.0,410.0,140.0,218.0,0.0,6.0,95.0,15.833333,30.2222,150.735294,51.470588,80.147059,0.0,0.065843,0.447317,1.0,1.0,6.634146,0.2,0.447317,0.149106,0.298211,0.222222,0.447317,0.683333,0.781818,0.0,0.661765,0.145049,0.447317,200.0,1.0,0.0,0.0,1.0,1.0,1.0,0.0,0.0,0.0,1.0,1.0,1.0,0.0,0.0,0.0,0.0,0.0,1.0,1.0,1.0,1.0,1.0,1.0,5.0,1.0,1.0,1.0,1.0,1.0,1.0,1.0,1.0,1.0,1.0,1.0,1.0,1.0,5.0,1.0,1.0,1.0,1.0,1.0,9.0,9.0,1.0,1.0,1.0
dataset-v2,v2,extraction-v2,hybrid-v1,weak_serp,78.9474,,шкафы-купе Казань,шкафы-купе,commercial,Казань,43,https://www.kazan.bestmebelshop.ru/catalog/shkafy-kupe/,kazan.bestmebelshop.ru,5,0,,,product,ok,,artifacts\query--0674e13e8c698a40.json,0e31ac04b247c9b0cb86dc0a1ba7b5a3bbedad34,1117044,78.9474,16573.0,910906.0,3043.0,667.0,0.21919158724942492,4.257,155.0,19.6323,1.0,0.0,0.0,0.0,0.0,1.0,62.0,1.0,132.0,0.0,0.0,0.0,224.0,2.0,2.0,0.666667,0.666667,0.0,0.0,89.0,0.073612,1.0,474.0,343.0,186.0,1.0,4.0,158.0,39.5,3043.0,155.767335,112.717713,61.123891,0.328623,0.018194,0.237263,1.0,1.0,6.419831,0.0,0.237263,0.158175,0.0,0.0,0.237263,0.633333,0.872727,0.910345,0.0,0.052006,0.237263,200.0,1.0,0.0,0.0,0.0,0.0,1.0,0.0,0.0,0.0,1.0,1.0,1.0,0.0,0.0,2.0,0.0,0.0,1.0,0.8,1.0,0.75,0.91,1.0,6.0,1.0,1.0,1.0,1.0,1.0,1.0,1.0,1.0,1.0,1.0,1.0,1.0,1.0,53.0,1.0,1.0,1.0,1.0,1.0,9.0,9.0,1.0,1.0,1.0
dataset-v2,v2,extraction-v2,hybrid-v1,weak_serp,73.6842,,шкафы-купе Казань,шкафы-купе,commercial,Казань,43,https://kupeshki.ru/,kupeshki.ru,6,0,,,homepage,ok,,artifacts\query--d219949d68839323.json,f3b26390e451fb8925833e4be3a4e4751e81127d,52953,73.6842,2862.0,36315.0,428.0,222.0,0.5186915887850467,5.4322,25.0,17.12,29.0,1.0,8.0,9.0,18.0,1.0,54.0,1.0,239.0,0.0,0.0,0.0,39.0,3.0,2.0,1.0,0.666667,11.0,1.0,19.0,0.091121,1.0,36.0,1.0,41.0,1.0,0.0,0.0,0.0,14.7586,84.11215,2.336449,95.794393,2.336449,0.07881,0.454953,1.0,0.5,11.888889,0.62069,0.454953,0.454953,0.454953,1.0,0.129813,1.0,0.981818,0.351724,0.0,0.056111,0.227476,200.0,1.0,0.0,0.0,1.0,1.0,0.0,0.0,0.0,0.0,1.0,1.0,1.0,0.0,0.0,0.0,0.0,0.0,1.0,1.0,1.0,1.0,1.0,1.0,1.0,1.0,1.0,0.0,1.0,1.0,1.0,0.0,1.0,1.0,1.0,0.0,0.0,0.0,0.0,0.0,1.0,1.0,1.0,0.6,5.0,7.0,0.555556,0.777778,0.644444
dataset-v2,v2,extraction-v2,hybrid-v1,weak_serp,68.4211,,шкафы-купе Казань,шкафы-купе,commercial,Казань,43,https://kazan.inmyroom.ru/products/mebel/shkafy/shkafy-kupe,kazan.inmyroom.ru,7,0,,,product,ok,,artifacts\query--41aaf9f977050c5e.json,c60f44ea39958b7d6c1ffc78fd7e48021d416f88,1213872,68.4211,12639.0,1060681.0,2004.0,716.0,0.35728542914171657,5.1193,52.0,38.5385,6.0,1.0,2.0,0.0,3.0,1.0,70.0,1.0,149.0,0.0,0.0,0.0,137.0,1.0,3.0,0.333333,0.666667,6.0,0.666667,4.0,0.068363,1.0,385.0,97.0,24.0,1.0,1.0,14.0,14.0,334.0,192.115768,48.403194,11.976048,0.499002,0.011916,0.401148,1.0,1.0,5.205195,0.5,0.401148,0.133716,0.267432,0.222222,0.401148,0.683333,0.727273,0.972414,0.0,0.143324,0.401148,200.0,1.0,0.0,0.0,1.0,1.0,1.0,0.0,0.0,0.0,1.0,1.0,1.0,0.0,0.0,4.0,0.0,0.0,1.0,0.6,1.0,1.0,0.92,1.0,6.0,0.0,1.0,1.0,1.0,1.0,1.0,1.0,1.0,1.0,1.0,1.0,0.0,1.0,1.0,1.0,1.0,1.0,1.0,0.8,8.0,8.0,0.888889,0.888889,0.859259
dataset-v2,v2,extraction-v2,hybrid-v1,weak_serp,63.1579,,шкафы-купе Казань,шкафы-купе,commercial,Казань,43,https://www.divan.ru/kazan/category/shkafy-kupe,divan.ru,8,0,,,category,ok,,artifacts\query--952e1b8ebc4fc6fb.json,508219a017dbae2254db6ce3bf2a75d35fce918b,2692669,63.1579,10883.0,2295855.0,1787.0,528.0,0.29546726357022945,4.9894,128.0,13.9609,2.0,1.0,0.0,0.0,1.0,1.0,82.0,1.0,238.0,0.0,0.0,0.0,73.0,3.0,3.0,0.666667,0.666667,2.0,0.666667,12.0,0.040851,1.0,510.0,94.0,3.0,0.0,1.0,2.0,2.0,893.5,285.394516,52.602126,1.678791,0.0,0.00474,0.346025,1.0,1.0,3.503922,0.5,0.346025,0.230683,0.230683,0.444444,0.346025,0.8,0.509091,0.358621,0.638314,0.101501,0.346025,200.0,1.0,0.0,0.0,1.0,1.0,1.0,0.0,0.0,0.0,1.0,1.0,1.0,0.0,0.0,3.0,0.0,0.0,1.0,0.7,1.0,1.0,0.94,1.0,6.0,0.0,1.0,1.0,1.0,1.0,1.0,1.0,1.0,1.0,1.0,1.0,0.0,1.0,53.0,1.0,1.0,1.0,1.0,0.8,8.0,8.0,0.888889,0.888889,0.859259
dataset-v2,v2,extraction-v2,hybrid-v1,weak_serp,57.8947,,шкафы-купе Казань,шкафы-купе,commercial,Казань,43,https://shkafkzn.ru/,shkafkzn.ru,9,0,,,homepage,ok,,artifacts\query--5a19bec055a48542.json,f7d6b0392a0efa0798ae511fa6b74aa57d79b765,390571,57.8947,10992.0,294949.0,1680.0,683.0,0.40654761904761905,5.1946,111.0,15.1351,37.0,1.0,6.0,14.0,21.0,1.0,60.0,1.0,171.0,0.0,0.0,0.0,22.0,1.0,0.0,0.333333,0.0,2.0,0.666667,9.0,0.013095,1.0,323.0,208.0,70.0,34.0,0.0,0.0,0.0,45.4054,192.261905,123.809524,41.666667,20.238095,0.037267,0.382588,1.0,0.5,5.201238,0.567568,0.382588,0.127529,0.255059,0.222222,0.382588,0.683333,0.909091,0.82069,0.436508,0.145171,0.191294,200.0,1.0,0.0,0.0,1.0,1.0,0.0,0.0,0.0,0.0,1.0,1.0,1.0,0.0,0.0,0.0,0.0,0.0,1.0,1.0,1.0,1.0,1.0,1.0,0.0,1.0,1.0,1.0,1.0,1.0,1.0,1.0,1.0,1.0,0.0,0.0,1.0,1.0,1.0,0.0,1.0,1.0,1.0,0.8,9.0,7.0,1.0,0.777778,0.859259
dataset-v2,v2,extraction-v2,hybrid-v1,weak_serp,52.6316,,шкафы-купе Казань,шкафы-купе,commercial,Казань,43,https://sova-mk.ru/shkafy-kupe/,sova-mk.ru,10,0,,,content,ok,,artifacts\query--fee531cd8ee86eaf.json,6a8a9820deeb98373a8b4b63e971102ddd31139a,185565,52.6316,3779.0,163790.0,532.0,319.0,0.599624060150376,5.9286,25.0,21.28,30.0,1.0,5.0,0.0,6.0,1.0,54.0,1.0,137.0,0.0,1.0,1.0,44.0,3.0,4.0,0.666667,0.666667,12.0,1.0,20.0,0.082707,1.0,38.0,31.0,20.0,20.0,1.0,4.0,4.0,17.7333,71.428571,58.270677,37.593985,37.593985,0.023072,0.405854,1.0,1.0,14.0,0.2,0.405854,0.270569,0.405854,0.666667,0.143943,0.883333,0.981818,0.944828,0.0,0.071926,0.405854,200.0,1.0,0.0,0.0,0.0,0.0,0.0,0.0,0.0,0.0,1.0,0.0,1.0,0.0,0.0,1.0,0.0,0.0,1.0,0.9,0.5,0.75,0.83,1.0,2.0,0.0,1.0,1.0,1.0,1.0,0.0,1.0,0.0,1.0,0.0,0.0,1.0,1.0,1.0,0.0,1.0,0.0,0.0,0.6,8.0,3.0,0.888889,0.333333,0.607407
dataset-v2,v2,extraction-v2,hybrid-v1,weak_serp,100.0,,шкафы-купе Краснодар,шкафы-купе,commercial,Краснодар,35,https://krasnodar.lemanapro.ru/catalogue/shkafy-kupe/,krasnodar.lemanapro.ru,1,0,,,product,ok,,artifacts\query--b7dec3ab098c6a99.json,c8483c46e74d6f0e27c6f454a5d844fbab9556d0,10081,100.0,77.0,8264.0,13.0,13.0,1.0,5.0,1.0,13.0,1.0,1.0,0.0,0.0,1.0,1.0,12.0,0.0,0.0,0.0,0.0,0.0,0.0,0.0,0.0,0.0,0.0,0.0,0.0,0.0,0.0,0.0,1.0,0.0,0.0,0.0,0.0,0.0,0.0,13.0,76.923077,0.0,0.0,0.0,0.009318,-0.142345,0.0,0.0,13.0,1.0,-0.0,-0.0,-0.0,0.0,-0.001234,0.0,0.218182,0.0,0.0,-0.001028,-0.0,403.0,0.0,0.0,0.0,0.0,0.0,0.0,0.0,0.0,0.0,0.0,1.0,1.0,0.0,0.0,2.0,0.0,0.0,1.0,0.8,1.0,0.75,0.71,1.0,1.0,0.0,0.0,0.0,0.0,0.0,0.0,0.0,0.0,0.0,0.0,0.0,0.0,0.0,0.0,0.0,0.0,0.0,0.0,0.2,1.0,0.0,0.111111,0.0,0.103704
dataset-v2,v2,extraction-v2,hybrid-v1,weak_serp,94.7368,,шкафы-купе Краснодар,шкафы-купе,commercial,Краснодар,35,https://shkaf-krasnodar.ru/,shkaf-krasnodar.ru,2,0,,,homepage,ok,,artifacts\query--c39308ec98c2016b.json,5f7b55540bd168c56455f449808381595e37cae3,152031,94.7368,7316.0,94329.0,1165.0,507.0,0.4351931330472103,5.0678,65.0,17.9231,158.0,1.0,0.0,0.0,1.0,1.0,77.0,1.0,118.0,0.0,0.0,0.0,16.0,1.0,0.0,0.333333,0.0,0.0,0.0,8.0,0.013734,1.0,221.0,109.0,186.0,2.0,1.0,22.0,22.0,7.3734,189.699571,93.562232,159.656652,1.716738,0.077558,0.440822,1.0,1.0,5.271493,0.006329,0.440822,0.146941,0.0,0.0,0.342372,0.516667,0.6,0.813793,0.457797,0.124165,0.440822,200.0,1.0,0.0,0.0,1.0,1.0,0.0,0.0,0.0,0.0,1.0,1.0,1.0,0.0,0.0,0.0,0.0,0.0,1.0,1.0,1.0,1.0,1.0,1.0,13.0,0.0,1.0,0.0,0.0,0.0,1.0,0.0,1.0,1.0,1.0,1.0,0.0,1.0,2.0,1.0,1.0,1.0,1.0,0.6,5.0,7.0,0.555556,0.777778,0.644444
dataset-v2,v2,extraction-v2,hybrid-v1,weak_serp,89.4737,,шкафы-купе Краснодар,шкафы-купе,commercial,Краснодар,35,http://tkmebeli.ru/shkafy-kupe,tkmebeli.ru,3,0,,,content,ok,,artifacts\query--e1cbda74f7265f41.json,5e9abac9fb7cf154369c83faf5594ef1ac850101,78724,89.4737,7738.0,39378.0,1149.0,459.0,0.39947780678851175,5.4943,109.0,10.5413,46.0,1.0,2.0,0.0,3.0,1.0,65.0,1.0,193.0,0.0,0.0,0.0,81.0,1.0,3.0,0.333333,0.666667,4.0,0.666667,32.0,0.070496,1.0,117.0,36.0,42.0,1.0,6.0,24.0,4.0,24.9783,101.827676,31.331593,36.553525,0.870322,0.196506,0.370381,1.0,1.0,9.820513,0.065217,0.370381,0.12346,0.246921,0.222222,0.283712,0.683333,0.818182,0.668966,0.0,0.094447,0.370381,200.0,1.0,0.0,0.0,0.0,0.0,1.0,0.0,0.0,0.0,1.0,1.0,0.0,0.0,0.0,1.0,0.0,0.0,1.0,0.9,0.5,0.75,0.83,1.0,3.0,0.0,1.0,0.0,1.0,1.0,1.0,1.0,0.0,1.0,1.0,0.0,0.0,1.0,1.0,1.0,1.0,0.0,0.0,0.6,7.0,3.0,0.777778,0.333333,0.57037
dataset-v2,v2,extraction-v2,hybrid-v1,weak_serp,84.2105,,шкафы-купе Краснодар,шкафы-купе,commercial,Краснодар,35,https://4nozhki.ru/tovari/shkafi-kupe/krasnodar/,4nozhki.ru,4,0,,,content,ok,,artifacts\query--43d90a30620a5869.json,d9891fa150b751b0f418b1f717e6869e2a2ffe68,17790,84.2105,32.0,15291.0,4.0,4.0,1.0,6.75,1.0,4.0,2.0,0.0,0.0,0.0,0.0,0.0,0.0,0.0,0.0,0.0,0.0,0.0,0.0,0.0,0.0,0.0,0.0,0.0,0.0,0.0,0.0,0.0,1.0,0.0,0.0,12.0,0.0,0.0,0.0,2.0,250.0,0.0,0.0,3000.0,0.002093,0.357217,0.0,0.0,4.0,0.0,0.0,0.0,0.0,0.0,0.000953,0.0,0.0,0.0,0.0,0.000794,0.0,200.0,1.0,0.0,0.0,0.0,0.0,0.0,1.0,1.0,0.0,0.0,1.0,0.0,0.0,0.0,3.0,0.0,0.0,1.0,0.7,0.5,0.75,0.59,0.0,0.0,0.0,0.0,0.0,0.0,1.0,0.0,0.0,0.0,1.0,0.0,0.0,0.0,0.0,0.0,0.0,0.0,0.0,0.0,0.0,0.0,1.0,0.0,0.111111,0.037037
dataset-v2,v2,extraction-v2,hybrid-v1,weak_serp,78.9474,,шкафы-купе Краснодар,шкафы-купе,commercial,Краснодар,35,https://www.e-1.ru/city/krasnodar/,e-1.ru,5,0,,,content,ok,,artifacts\query--e9c62ca7d1c1be13.json,3892992e739dc8fbf0705cacb117319002d03913,226717,78.9474,4212.0,169512.0,616.0,317.0,0.5146103896103896,5.4805,24.0,25.6667,16.0,1.0,3.0,11.0,15.0,1.0,72.0,1.0,126.0,0.0,0.0,0.0,24.0,2.0,1.0,0.666667,0.333333,3.0,0.666667,6.0,0.038961,1.0,149.0,5.0,34.0,3.0,0.0,1.0,0.0,38.5,241.883117,8.116883,55.194805,4.87013,0.024848,0.340485,1.0,0.75,4.134228,0.9375,0.340485,0.22699,0.22699,0.444444,0.139826,0.8,0.690909,0.868966,0.701299,0.059963,0.255364,200.0,1.0,0.0,0.0,1.0,1.0,1.0,0.0,0.0,0.0,1.0,1.0,1.0,0.0,0.0,2.0,0.0,0.0,1.0,0.8,1.0,1.0,0.96,1.0,11.0,0.0,1.0,1.0,1.0,1.0,1.0,0.0,1.0,1.0,1.0,0.0,1.0,1.0,3.0,1.0,1.0,1.0,1.0,0.8,8.0,7.0,0.888889,0.777778,0.822222
dataset-v2,v2,extraction-v2,hybrid-v1,weak_serp,73.6842,,шкафы-купе Краснодар,шкафы-купе,commercial,Краснодар,35,https://bigmebel-krasnodar.ru/shkafy-kupe/,bigmebel-krasnodar.ru,6,0,,,content,ok,,artifacts\query--2be6bcd93e676a53.json,2c5e83bba8a4b4df7819b35192e25d8c120a4aae,3179975,73.6842,56948.0,2786609.0,8564.0,2353.0,0.27475478748248483,5.5012,375.0,22.8373,143.0,1.0,0.0,2.0,3.0,1.0,73.0,1.0,191.0,0.0,0.0,0.0,174.0,2.0,4.0,0.666667,0.666667,3.0,0.666667,9.0,0.020318,1.0,616.0,714.0,289.0,105.0,8.0,257.0,32.125,59.8881,71.929005,83.372256,33.745913,12.260626,0.020436,0.238287,1.0,1.0,13.902597,0.020979,0.238287,0.158858,0.158858,0.444444,0.238287,0.8,0.672727,0.682759,0.677254,0.06547,0.238287,200.0,1.0,0.0,0.0,1.0,1.0,1.0,0.0,0.0,0.0,1.0,1.0,1.0,0.0,0.0,1.0,0.0,0.0,1.0,0.9,1.0,1.0,0.98,1.0,4.0,1.0,1.0,1.0,1.0,1.0,1.0,1.0,1.0,1.0,1.0,0.0,1.0,1.0,48.0,1.0,1.0,1.0,1.0,1.0,9.0,8.0,1.0,0.888889,0.962963
dataset-v2,v2,extraction-v2,hybrid-v1,weak_serp,68.4211,,шкафы-купе Краснодар,шкафы-купе,commercial,Краснодар,35,https://mebelpik.ru/shop/shkafy-kupe/,mebelpik.ru,7,0,,,product,ok,,artifacts\query--da7671f788b14d27.json,b3f4beacdecc79c911f08e7b55150c89c740c07f,725803,68.4211,15786.0,551698.0,2350.0,526.0,0.22382978723404257,5.5855,67.0,35.0746,17.0,1.0,0.0,28.0,29.0,1.0,76.0,1.0,136.0,0.0,0.0,0.0,107.0,1.0,2.0,0.333333,0.666667,26.0,0.666667,4.0,0.045532,1.0,625.0,54.0,530.0,67.0,4.0,36.0,9.0,138.2353,265.957447,22.978723,225.531915,28.510638,0.028613,0.321169,1.0,1.0,3.76,1.705882,0.321169,0.107056,0.214113,0.222222,0.321169,0.683333,0.618182,0.937931,0.48227,0.071887,0.321169,200.0,1.0,0.0,0.0,1.0,1.0,1.0,0.0,0.0,0.0,1.0,1.0,1.0,0.0,0.0,2.0,0.0,0.0,1.0,0.8,1.0,1.0,0.96,1.0,2.0,1.0,1.0,1.0,1.0,1.0,1.0,0.0,1.0,1.0,1.0,0.0,1.0,1.0,3.0,1.0,1.0,1.0,1.0,1.0,8.0,8.0,0.888889,0.888889,0.925926
dataset-v2,v2,extraction-v2,hybrid-v1,weak_serp,63.1579,,шкафы-купе Краснодар,шкафы-купе,commercial,Краснодар,35,https://krasnodar.nonton.ru/mebel/shkafy/shkafy-kupe/,krasnodar.nonton.ru,8,0,,,content,ok,,artifacts\query--7cca6b71d191ee15.json,34caa3bcaafa559cf7f5b78fe92405b6b35ba855,2862411,63.1579,26796.0,2505824.0,4327.0,733.0,0.16940143286341577,5.0538,57.0,75.9123,1.0,1.0,0.0,0.0,1.0,1.0,54.0,1.0,189.0,0.0,0.0,0.0,742.0,2.0,1.0,0.666667,0.333333,2.0,0.666667,17.0,0.171481,1.0,1177.0,220.0,183.0,4.0,4.0,152.0,38.0,4327.0,272.012942,50.843541,42.292581,0.924428,0.010693,0.222919,1.0,1.0,3.676296,1.0,0.222919,0.148613,0.148613,0.444444,0.222919,0.8,0.981818,0.696552,0.0,0.037763,0.222919,200.0,1.0,0.0,0.0,1.0,1.0,0.0,0.0,0.0,0.0,1.0,1.0,1.0,0.0,0.0,3.0,0.0,0.0,1.0,0.7,1.0,1.0,0.94,1.0,2.0,0.0,1.0,1.0,1.0,1.0,1.0,1.0,1.0,1.0,1.0,0.0,0.0,1.0,42.0,1.0,1.0,1.0,1.0,0.8,8.0,7.0,0.888889,0.777778,0.822222
dataset-v2,v2,extraction-v2,hybrid-v1,weak_serp,52.6316,,шкафы-купе Краснодар,шкафы-купе,commercial,Краснодар,35,https://shkafkupe-krd.ru/,shkafkupe-krd.ru,10,0,,,homepage,ok,,artifacts\query--3010bc3779612e88.json,8533aae9b680a8997462bbde53176a8c1d8760e3,363168,52.6316,15262.0,220495.0,2108.0,1050.0,0.4981024667931689,5.9203,153.0,13.7778,106.0,1.0,8.0,21.0,30.0,1.0,69.0,1.0,174.0,0.0,0.0,0.0,47.0,2.0,1.0,0.666667,0.333333,2.0,0.666667,7.0,0.022296,1.0,813.0,188.0,79.0,121.0,0.0,0.0,0.0,19.8868,385.673624,89.184061,37.476281,57.40038,0.069217,0.215569,1.0,0.5,2.592866,0.283019,0.215569,0.143713,0.143713,0.444444,0.215569,0.8,0.745455,0.8,0.743201,0.107375,0.107785,200.0,1.0,0.0,0.0,1.0,1.0,0.0,0.0,0.0,0.0,1.0,1.0,1.0,0.0,0.0,0.0,0.0,0.0,1.0,1.0,1.0,1.0,1.0,1.0,1.0,1.0,1.0,0.0,1.0,1.0,1.0,1.0,1.0,1.0,1.0,1.0,1.0,1.0,1.0,0.0,1.0,1.0,1.0,0.6,8.0,8.0,0.888889,0.888889,0.792593
dataset-v2,v2,extraction-v2,hybrid-v1,weak_serp,100.0,,шкафы-купе Самара,шкафы-купе,commercial,Самара,51,https://samara.lemanapro.ru/catalogue/shkafy-kupe/,samara.lemanapro.ru,1,0,,,product,ok,,artifacts\query--2e613fa06993860f.json,3c00b8c33af5925dd64859789f0dff2bab17c0d1,10075,100.0,77.0,8264.0,13.0,13.0,1.0,5.0,1.0,13.0,1.0,1.0,0.0,0.0,1.0,1.0,12.0,0.0,0.0,0.0,0.0,0.0,0.0,0.0,0.0,0.0,0.0,0.0,0.0,0.0,0.0,0.0,1.0,0.0,0.0,0.0,0.0,0.0,0.0,13.0,76.923077,0.0,0.0,0.0,0.009318,-0.027503,0.0,0.0,13.0,1.0,-0.0,-0.0,-0.0,0.0,-0.000238,0.0,0.218182,0.0,0.0,-0.000199,-0.0,403.0,0.0,0.0,0.0,0.0,0.0,0.0,0.0,0.0,0.0,0.0,1.0,1.0,0.0,0.0,2.0,0.0,0.0,1.0,0.8,1.0,0.75,0.71,1.0,1.0,0.0,0.0,0.0,0.0,0.0,0.0,0.0,0.0,0.0,0.0,0.0,0.0,0.0,0.0,0.0,0.0,0.0,0.0,0.2,1.0,0.0,0.111111,0.0,0.103704
dataset-v2,v2,extraction-v2,hybrid-v1,weak_serp,94.7368,,шкафы-купе Самара,шкафы-купе,commercial,Самара,51,https://sam-mebel.ru/,sam-mebel.ru,2,0,,,homepage,ok,,artifacts\query--d0a58a886118afdd.json,207a112b432b9497668853b941c20dd8a852c91d,927502,94.7368,30302.0,806822.0,4344.0,762.0,0.17541436464088397,5.7878,254.0,17.1024,63.0,1.0,3.0,0.0,4.0,1.0,51.0,1.0,200.0,0.0,0.0,0.0,170.0,2.0,5.0,0.666667,0.666667,8.0,0.666667,13.0,0.039134,1.0,151.0,62.0,0.0,22.0,31.0,124.0,4.0,68.9524,34.760589,14.27256,0.0,5.064457,0.037557,0.512098,1.0,0.75,28.768212,0.063492,0.512098,0.341399,0.341399,0.444444,0.512098,0.8,0.927273,0.62069,0.695519,0.089829,0.384074,200.0,1.0,0.0,0.0,0.0,0.0,1.0,0.0,0.0,0.0,1.0,1.0,0.0,0.0,0.0,0.0,0.0,0.0,1.0,1.0,0.5,0.75,0.85,1.0,1.0,1.0,1.0,0.0,1.0,1.0,1.0,0.0,0.0,1.0,0.0,0.0,0.0,1.0,45.0,1.0,1.0,1.0,1.0,0.8,6.0,5.0,0.666667,0.555556,0.674074
dataset-v2,v2,extraction-v2,hybrid-v1,weak_serp,89.4737,,шкафы-купе Самара,шкафы-купе,commercial,Самара,51,https://www.e-1.ru/city/samara/,e-1.ru,3,0,,,content,ok,,artifacts\query--6e5ec407e3a9e06a.json,02e0bdf553795dd4548c7912e7a254fa595738e9,220865,89.4737,4106.0,166333.0,604.0,319.0,0.5281456953642384,5.4387,24.0,25.1667,15.0,1.0,3.0,10.0,14.0,1.0,68.0,1.0,122.0,0.0,0.0,0.0,23.0,2.0,1.0,0.666667,0.333333,3.0,0.666667,6.0,0.038079,1.0,148.0,5.0,34.0,3.0,0.0,1.0,0.0,40.2667,245.033113,8.278146,56.291391,4.966887,0.024685,0.549807,1.0,0.75,4.081081,0.933333,0.549807,0.366538,0.366538,0.444444,0.221389,0.8,0.763636,0.841379,0.730684,0.097438,0.412355,200.0,1.0,0.0,0.0,1.0,1.0,1.0,0.0,0.0,0.0,1.0,1.0,1.0,0.0,0.0,2.0,0.0,0.0,1.0,0.8,1.0,1.0,0.96,1.0,11.0,0.0,1.0,1.0,1.0,1.0,1.0,0.0,1.0,1.0,1.0,0.0,1.0,1.0,3.0,1.0,1.0,1.0,1.0,0.8,8.0,7.0,0.888889,0.777778,0.822222
dataset-v2,v2,extraction-v2,hybrid-v1,weak_serp,84.2105,,шкафы-купе Самара,шкафы-купе,commercial,Самара,51,https://samara.nonton.ru/mebel/shkafy/shkafy-kupe/,samara.nonton.ru,4,0,,,content,ok,,artifacts\query--43e503eb2418744a.json,737cfc75f2e38a0cec163b8c7c3e8123aef136c6,2856731,84.2105,26799.0,2500788.0,4332.0,730.0,0.16851338873499538,5.0471,57.0,76.0,1.0,1.0,0.0,0.0,1.0,1.0,50.0,1.0,185.0,0.0,0.0,0.0,742.0,2.0,1.0,0.666667,0.333333,2.0,0.666667,17.0,0.171283,1.0,1177.0,218.0,183.0,4.0,4.0,152.0,38.0,4332.0,271.698984,50.323176,42.243767,0.923361,0.010716,0.431822,1.0,1.0,3.680544,1.0,0.431822,0.287881,0.287881,0.444444,0.431822,0.8,0.909091,0.724138,0.0,0.072768,0.431822,200.0,1.0,0.0,0.0,1.0,1.0,0.0,0.0,0.0,0.0,1.0,1.0,1.0,0.0,0.0,3.0,0.0,0.0,1.0,0.7,1.0,1.0,0.94,1.0,2.0,0.0,1.0,1.0,1.0,1.0,1.0,1.0,1.0,1.0,1.0,0.0,0.0,1.0,42.0,1.0,1.0,1.0,1.0,0.8,8.0,7.0,0.888889,0.777778,0.822222
dataset-v2,v2,extraction-v2,hybrid-v1,weak_serp,78.9474,,шкафы-купе Самара,шкафы-купе,commercial,Самара,51,https://mebeldom63.ru/cat/shkafyi/shkafy-kupe/,mebeldom63.ru,5,0,,,content,ok,,artifacts\query--b4b0c35968c553c5.json,65ea6a3f6db1dfd4e7a86ffe57af5a36319494f0,246698,78.9474,9481.0,170306.0,1482.0,494.0,0.3333333333333333,5.0951,158.0,9.3797,24.0,1.0,42.0,3.0,46.0,1.0,49.0,1.0,151.0,0.0,0.0,0.0,62.0,1.0,1.0,0.333333,0.333333,43.0,0.666667,13.0,0.041835,1.0,180.0,44.0,92.0,2.0,2.0,20.0,10.0,61.75,121.45749,29.689609,62.078273,1.349528,0.05567,0.519774,1.0,1.0,8.233333,1.916667,0.519774,0.173258,0.346516,0.222222,0.513537,0.683333,0.890909,0.958621,0.605488,0.142649,0.519774,200.0,1.0,0.0,0.0,1.0,1.0,1.0,0.0,0.0,0.0,1.0,1.0,1.0,0.0,0.0,3.0,0.0,0.0,1.0,0.7,1.0,1.0,0.94,1.0,8.0,0.0,1.0,1.0,1.0,1.0,1.0,1.0,1.0,1.0,0.0,0.0,1.0,1.0,40.0,0.0,1.0,1.0,1.0,0.6,9.0,6.0,1.0,0.666667,0.755556
dataset-v2,v2,extraction-v2,hybrid-v1,weak_serp,73.6842,,шкафы-купе Самара,шкафы-купе,commercial,Самара,51,https://shkafoff.su/,shkafoff.su,6,0,,,homepage,ok,,artifacts\query--974e975f05fb586e.json,92d2a2be34fb982e162203a15e434ca96c2f9cb8,302182,73.6842,12001.0,219004.0,1753.0,832.0,0.47461494580718766,5.6982,102.0,17.1863,145.0,7.0,11.0,5.0,23.0,1.0,43.0,1.0,123.0,0.0,0.0,0.0,13.0,2.0,1.0,0.666667,0.333333,2.0,0.333333,4.0,0.007416,0.666667,363.0,68.0,20.0,16.0,6.0,19.0,3.166667,12.0897,207.073588,38.790645,11.409013,9.12721,0.054798,0.530927,1.0,1.0,4.829201,0.158621,0.353951,0.353951,0.176976,0.222222,0.530927,0.666667,0.781818,0.848276,0.164797,0.245406,0.530927,200.0,1.0,0.0,0.0,1.0,0.0,0.0,0.0,0.0,0.0,1.0,1.0,1.0,0.0,0.0,0.0,0.0,0.0,1.0,1.0,1.0,0.0,0.8,1.0,5.0,1.0,1.0,0.0,1.0,1.0,1.0,1.0,1.0,1.0,1.0,0.0,0.0,1.0,2.0,1.0,1.0,1.0,1.0,0.8,7.0,7.0,0.777778,0.777778,0.785185
dataset-v2,v2,extraction-v2,hybrid-v1,weak_serp,68.4211,,шкафы-купе Самара,шкафы-купе,commercial,Самара,51,https://mebel-kega.ru/shkafy/shkafy-kupe,mebel-kega.ru,7,0,,,content,ok,,artifacts\query--262a7035809864a9.json,90cc4f61f3b6c6557a260df4cb7b256508b500c0,164791,68.4211,2829.0,128229.0,474.0,207.0,0.43670886075949367,4.5802,8.0,59.25,4.0,1.0,2.0,0.0,3.0,1.0,112.0,1.0,220.0,0.0,0.0,0.0,50.0,4.0,5.0,0.666667,1.0,2.0,0.666667,26.0,0.105485,1.0,121.0,39.0,27.0,4.0,39.0,122.0,3.128205,118.5,255.274262,82.278481,56.962025,8.438819,0.022062,0.563371,1.0,1.0,3.917355,0.75,0.563371,0.375581,0.375581,0.444444,0.178025,0.8,0.0,0.482759,0.0,0.064788,0.563371,200.0,1.0,0.0,0.0,1.0,1.0,0.0,0.0,0.0,0.0,1.0,1.0,1.0,0.0,0.0,2.0,0.0,0.0,1.0,0.8,1.0,1.0,0.96,1.0,3.0,1.0,0.0,0.0,1.0,1.0,0.0,0.0,1.0,1.0,1.0,0.0,1.0,1.0,1.0,0.0,1.0,1.0,1.0,0.4,5.0,6.0,0.555556,0.666667,0.540741
dataset-v2,v2,extraction-v2,hybrid-v1,weak_serp,63.1579,,шкафы-купе Самара,шкафы-купе,commercial,Самара,51,https://shkafoff-63.ru/shkaf-kupe.php,shkafoff-63.ru,8,0,,,content,ok,,artifacts\query--a7fb26e0ce6df5f7.json,34ac9f889682b0148361b4c1035a0162019024aa,362589,63.1579,10312.0,262099.0,1600.0,671.0,0.419375,5.2,98.0,16.3265,131.0,1.0,3.0,0.0,4.0,1.0,54.0,1.0,104.0,0.0,0.0,0.0,31.0,2.0,2.0,0.666667,0.666667,2.0,0.666667,11.0,0.019375,1.0,467.0,199.0,62.0,17.0,2.0,27.0,13.5,12.2137,291.875,124.375,38.75,10.625,0.039344,0.468281,1.0,1.0,3.426124,0.030534,0.468281,0.312187,0.312187,0.444444,0.468281,0.8,0.981818,0.717241,0.645833,0.174565,0.468281,200.0,1.0,0.0,0.0,1.0,1.0,0.0,0.0,0.0,0.0,1.0,1.0,1.0,0.0,0.0,1.0,0.0,0.0,1.0,0.9,1.0,1.0,0.98,1.0,5.0,1.0,1.0,0.0,1.0,1.0,1.0,1.0,1.0,0.0,1.0,0.0,1.0,1.0,1.0,1.0,1.0,1.0,1.0,0.8,8.0,6.0,0.888889,0.666667,0.785185
dataset-v2,v2,extraction-v2,hybrid-v1,weak_serp,57.8947,,шкафы-купе Самара,шкафы-купе,commercial,Самара,51,https://furnituremodern.ru/samara,furnituremodern.ru,9,0,,,content,ok,,artifacts\query--964063cd15307f98.json,aeb2fc31a89f17ab0f05ece4d3f98a73df8155f0,520314,57.8947,18579.0,417258.0,2769.0,1041.0,0.37594799566630555,5.4287,134.0,20.6642,24.0,1.0,1.0,22.0,24.0,1.0,87.0,1.0,231.0,0.0,0.0,0.0,89.0,1.0,3.0,0.333333,0.666667,0.0,0.0,16.0,0.032142,1.0,266.0,122.0,315.0,1.0,2.0,12.0,6.0,115.375,96.063561,44.059227,113.75948,0.361141,0.044526,0.586071,1.0,1.0,10.409774,1.0,0.586071,0.195357,0.0,0.0,0.586071,0.516667,0.418182,0.406897,0.928614,0.220332,0.586071,200.0,1.0,0.0,0.0,1.0,1.0,1.0,0.0,0.0,0.0,1.0,1.0,1.0,0.0,0.0,1.0,0.0,0.0,1.0,0.9,1.0,1.0,0.98,1.0,54.0,0.0,1.0,1.0,1.0,1.0,1.0,1.0,1.0,1.0,1.0,1.0,1.0,1.0,1.0,0.0,1.0,1.0,1.0,0.6,9.0,8.0,1.0,0.888889,0.82963
dataset-v2,v2,extraction-v2,hybrid-v1,weak_serp,52.6316,,шкафы-купе Самара,шкафы-купе,commercial,Самара,51,https://fabrikasamara.ru/shkafy-kupe,fabrikasamara.ru,10,0,,,content,ok,,artifacts\query--6bbe0f40027df4ab.json,fc993df11f96e983def6461b02d096cea512a04f,173503,52.6316,4303.0,144325.0,585.0,359.0,0.6136752136752137,6.1299,38.0,15.3947,32.0,1.0,1.0,0.0,2.0,1.0,55.0,1.0,248.0,0.0,0.0,0.0,36.0,2.0,2.0,0.666667,0.666667,3.0,0.666667,11.0,0.061538,1.0,53.0,35.0,72.0,4.0,1.0,4.0,4.0,18.2812,90.598291,59.82906,123.076923,6.837607,0.029815,0.484816,1.0,1.0,11.037736,0.0625,0.484816,0.323211,0.323211,0.444444,0.189078,0.8,1.0,0.289655,0.0,0.096694,0.484816,200.0,1.0,0.0,0.0,0.0,0.0,0.0,0.0,0.0,0.0,1.0,0.0,1.0,0.0,0.0,1.0,0.0,0.0,1.0,0.9,0.5,0.75,0.83,1.0,2.0,1.0,1.0,0.0,0.0,1.0,1.0,0.0,1.0,1.0,0.0,0.0,0.0,1.0,1.0,1.0,1.0,1.0,1.0,0.8,5.0,6.0,0.555556,0.666667,0.674074
dataset-v2,v2,extraction-v2,hybrid-v1,weak_serp,100.0,,шкафы-купе Нижний Новгород,шкафы-купе,commercial,Нижний Новгород,47,https://shkaf-nnov.ru/,shkaf-nnov.ru,1,0,,,homepage,ok,,artifacts\query--e75435172874288b.json,d66d0debb21fb4a5edb4597321b9aab03387b657,86715,100.0,5961.0,57317.0,841.0,476.0,0.5659928656361475,5.7907,70.0,12.0143,25.0,1.0,3.0,0.0,4.0,1.0,73.0,0.0,0.0,0.0,0.0,0.0,28.0,4.0,0.0,1.0,0.0,2.0,0.5,5.0,0.033294,1.0,81.0,26.0,44.0,5.0,1.0,7.0,7.0,33.64,96.313912,30.915577,52.318668,5.945303,0.104001,0.19552,1.0,1.0,10.382716,0.16,0.19552,0.19552,0.09776,0.5,0.109622,0.875,0.672727,0.0,0.89021,0.051704,0.19552,200.0,1.0,0.0,0.0,0.0,0.0,0.0,0.0,0.0,0.0,1.0,1.0,1.0,0.0,0.0,0.0,0.0,0.0,1.0,1.0,1.0,0.75,0.95,1.0,7.0,1.0,1.0,1.0,1.0,1.0,1.0,1.0,1.0,0.0,1.0,0.0,0.0,1.0,1.0,1.0,1.0,1.0,1.0,1.0,8.0,7.0,0.888889,0.777778,0.888889
dataset-v2,v2,extraction-v2,hybrid-v1,weak_serp,94.7368,,шкафы-купе Нижний Новгород,шкафы-купе,commercial,Нижний Новгород,47,https://mastershkaf-nn.ru/,mastershkaf-nn.ru,2,0,,,homepage,ok,,artifacts\query--978f1e9f82d783cd.json,e6134fdf2ae78bfe35cca7c4c7b4700aca691554,420265,94.7368,15464.0,313910.0,2252.0,988.0,0.43872113676731794,5.4605,193.0,11.6684,50.0,1.0,7.0,15.0,23.0,1.0,70.0,1.0,191.0,0.0,0.0,0.0,41.0,1.0,0.0,0.25,0.0,1.0,0.25,9.0,0.018206,1.0,329.0,211.0,98.0,86.0,0.0,0.0,0.0,45.04,146.092362,93.694494,43.516874,38.188277,0.049263,0.319672,1.0,0.5,6.844985,0.46,0.319672,0.079918,0.079918,0.0625,0.319672,0.55,0.727273,0.682759,0.606868,0.140247,0.159836,200.0,1.0,0.0,0.0,1.0,1.0,0.0,0.0,0.0,0.0,1.0,1.0,1.0,0.0,0.0,0.0,0.0,0.0,1.0,1.0,1.0,1.0,1.0,1.0,1.0,0.0,1.0,0.0,1.0,1.0,1.0,1.0,1.0,1.0,1.0,1.0,1.0,1.0,1.0,1.0,1.0,1.0,1.0,0.6,8.0,7.0,0.888889,0.777778,0.755556
dataset-v2,v2,extraction-v2,hybrid-v1,weak_serp,89.4737,,шкафы-купе Нижний Новгород,шкафы-купе,commercial,Нижний Новгород,47,https://www.nn.bestmebelshop.ru/catalog/shkafy-kupe/,nn.bestmebelshop.ru,3,0,,,product,ok,,artifacts\query--9bd5a45511f800b0.json,1c2b160069770413fc52b77ec90ad1f654113954,1121206,89.4737,17481.0,911867.0,3163.0,775.0,0.24502055011065443,4.3377,164.0,19.2866,3.0,1.0,0.0,0.0,1.0,1.0,72.0,1.0,145.0,0.0,0.0,0.0,231.0,2.0,2.0,0.5,0.5,2.0,0.5,90.0,0.073032,1.0,474.0,343.0,186.0,1.0,4.0,158.0,39.5,1054.3333,149.85773,108.441353,58.804932,0.316156,0.019171,0.271367,1.0,1.0,6.672996,0.333333,0.271367,0.135684,0.135684,0.25,0.271367,0.7,0.690909,1.0,0.0,0.06649,0.271367,200.0,1.0,0.0,0.0,0.0,0.0,1.0,0.0,0.0,0.0,1.0,1.0,1.0,0.0,0.0,2.0,0.0,0.0,1.0,0.8,1.0,0.75,0.91,1.0,6.0,1.0,1.0,1.0,1.0,1.0,1.0,1.0,1.0,1.0,1.0,1.0,1.0,1.0,53.0,1.0,1.0,1.0,1.0,1.0,9.0,9.0,1.0,1.0,1.0
dataset-v2,v2,extraction-v2,hybrid-v1,weak_serp,84.2105,,шкафы-купе Нижний Новгород,шкафы-купе,commercial,Нижний Новгород,47,https://sandi-nn.ru/,sandi-nn.ru,4,0,,,homepage,ok,,artifacts\query--b262edd654bcb010.json,922bb224019d8bdf92f379b9fe0002fdd478e5b6,46783,84.2105,2088.0,29339.0,290.0,176.0,0.6068965517241379,5.9172,17.0,17.0588,5.0,0.0,2.0,0.0,2.0,1.0,83.0,1.0,222.0,0.0,0.0,0.0,22.0,2.0,0.0,0.5,0.0,0.0,0.0,22.0,0.075862,1.0,62.0,17.0,49.0,1.0,4.0,20.0,5.0,58.0,213.793103,58.62069,168.965517,3.448276,0.071168,0.533077,1.0,1.0,4.677419,0.4,0.533077,0.266539,0.0,0.0,0.103062,0.575,0.490909,0.468966,0.0,0.052123,0.533077,200.0,1.0,0.0,0.0,0.0,0.0,1.0,0.0,0.0,0.0,1.0,1.0,1.0,0.0,0.0,0.0,0.0,0.0,1.0,1.0,1.0,0.75,0.95,0.0,0.0,0.0,1.0,1.0,0.0,1.0,1.0,1.0,0.0,1.0,1.0,0.0,0.0,1.0,1.0,0.0,1.0,1.0,1.0,0.4,6.0,6.0,0.666667,0.666667,0.577778
dataset-v2,v2,extraction-v2,hybrid-v1,weak_serp,78.9474,,шкафы-купе Нижний Новгород,шкафы-купе,commercial,Нижний Новгород,47,https://novgorod.spravker.ru/shkafyi-kupe/,novgorod.spravker.ru,5,0,,,content,ok,,artifacts\query--ff258d58a7cd47ca.json,2ff29b5045ecd7632ac6842a458d634430231f43,318802,78.9474,9230.0,223952.0,1783.0,437.0,0.24509254066180594,3.8435,139.0,12.8273,1.0,1.0,0.0,0.0,1.0,1.0,57.0,1.0,90.0,0.0,0.0,0.0,134.0,2.0,2.0,0.5,0.5,2.0,0.5,20.0,0.075154,1.0,134.0,2.0,30.0,1.0,3.0,3.0,1.0,1783.0,75.154234,1.121705,16.825575,0.560852,0.041214,0.341775,1.0,1.0,13.30597,1.0,0.341775,0.170887,0.170887,0.25,0.341775,0.7,0.963636,0.62069,0.0,0.082975,0.341775,200.0,1.0,0.0,0.0,1.0,1.0,0.0,0.0,0.0,0.0,1.0,1.0,1.0,0.0,0.0,1.0,0.0,0.0,1.0,0.9,1.0,1.0,0.98,1.0,88.0,1.0,1.0,1.0,0.0,1.0,0.0,0.0,0.0,1.0,1.0,1.0,1.0,1.0,1.0,0.0,1.0,1.0,1.0,0.8,6.0,8.0,0.666667,0.888889,0.785185
dataset-v2,v2,extraction-v2,hybrid-v1,weak_serp,73.6842,,шкафы-купе Нижний Новгород,шкафы-купе,commercial,Нижний Новгород,47,https://nizhnij-novgorod.jsprav.ru/proizvodstvo-i-prodazha-shkafov-kupe/,nizhnij-novgorod.jsprav.ru,6,0,,,content,ok,,artifacts\query--9a909d7d8096df22.json,cc24e7ab9ed8c09b537dffa7f02ff36206903065,347050,73.6842,8540.0,246535.0,1242.0,431.0,0.3470209339774557,5.5709,113.0,10.9912,1.0,1.0,0.0,0.0,1.0,1.0,97.0,1.0,175.0,0.0,0.0,0.0,107.0,2.0,2.0,0.5,0.5,2.0,0.5,18.0,0.086151,1.0,201.0,4.0,80.0,0.0,1.0,1.0,1.0,1242.0,161.835749,3.220612,64.412238,0.0,0.03464,0.268479,1.0,1.0,6.179104,1.0,0.268479,0.13424,0.13424,0.25,0.222301,0.7,0.236364,0.793103,0.0,0.064286,0.268479,200.0,1.0,0.0,0.0,0.0,0.0,0.0,0.0,0.0,0.0,1.0,1.0,1.0,0.0,0.0,1.0,0.0,0.0,1.0,0.9,1.0,0.75,0.93,1.0,23.0,0.0,1.0,1.0,0.0,1.0,0.0,1.0,0.0,0.0,1.0,1.0,1.0,1.0,27.0,0.0,1.0,1.0,1.0,0.6,7.0,6.0,0.777778,0.666667,0.681481
dataset-v2,v2,extraction-v2,hybrid-v1,weak_serp,68.4211,,шкафы-купе Нижний Новгород,шкафы-купе,commercial,Нижний Новгород,47,https://kupe52.ru/,kupe52.ru,7,0,,,homepage,ok,,artifacts\query--014368e78a77866e.json,1466dd7bf279c325a500393186d56a96fe1fcf78,207614,68.4211,5423.0,175646.0,785.0,432.0,0.5503184713375796,5.7159,42.0,18.6905,31.0,1.0,1.0,1.0,3.0,1.0,99.0,1.0,174.0,0.0,0.0,0.0,53.0,2.0,1.0,0.5,0.25,2.0,0.5,22.0,0.067516,1.0,79.0,22.0,0.0,16.0,1.0,3.0,3.0,25.3226,100.636943,28.025478,0.0,20.382166,0.030875,0.504805,1.0,0.75,9.936709,0.096774,0.504805,0.252402,0.252402,0.25,0.264181,0.7,0.2,0.8,0.0,0.121153,0.378604,200.0,1.0,0.0,0.0,0.0,0.0,0.0,0.0,0.0,0.0,1.0,1.0,1.0,0.0,0.0,0.0,0.0,0.0,1.0,1.0,1.0,0.75,0.95,1.0,1.0,0.0,1.0,1.0,1.0,1.0,0.0,0.0,1.0,1.0,0.0,0.0,0.0,1.0,3.0,1.0,1.0,1.0,1.0,0.8,6.0,6.0,0.666667,0.666667,0.711111
dataset-v2,v2,extraction-v2,hybrid-v1,weak_serp,63.1579,,шкафы-купе Нижний Новгород,шкафы-купе,commercial,Нижний Новгород,47,https://nizhniynovgorod.mebel-1000.ru/catalogue/korpusnaya-mebel/shkafy-kupe/,nizhniynovgorod.mebel-1000.ru,8,0,,,product,ok,,artifacts\query--eca54d0ae4f4aae3.json,eec9b7a2a2f439f7c6b4f852a67b7cb147628893,277823,63.1579,12744.0,170592.0,1961.0,821.0,0.41866394696583376,5.3406,89.0,22.0337,20.0,1.0,5.0,47.0,53.0,1.0,75.0,1.0,205.0,0.0,0.0,0.0,71.0,2.0,2.0,0.25,0.25,45.0,1.0,10.0,0.036206,1.0,282.0,62.0,121.0,6.0,4.0,14.0,3.5,98.05,143.804182,31.616522,61.703213,3.059663,0.074705,0.365509,1.0,1.0,6.953901,2.65,0.365509,0.091377,0.365509,0.25,0.365509,0.7375,0.636364,0.586207,0.793133,0.153025,0.365509,200.0,1.0,0.0,0.0,1.0,0.0,1.0,0.0,0.0,0.0,1.0,1.0,1.0,0.0,0.0,3.0,0.0,0.0,1.0,0.7,1.0,0.0,0.74,1.0,6.0,1.0,1.0,1.0,1.0,1.0,1.0,1.0,1.0,1.0,0.0,0.0,0.0,1.0,8.0,1.0,1.0,1.0,1.0,1.0,8.0,7.0,0.888889,0.777778,0.888889
dataset-v2,v2,extraction-v2,hybrid-v1,weak_serp,57.8947,,шкафы-купе Нижний Новгород,шкафы-купе,commercial,Нижний Новгород,47,https://nizhnovgorod.aristo.ru/,nizhnovgorod.aristo.ru,9,0,,,homepage,ok,,artifacts\query--93dff02cd571d4c9.json,c02da94941b4462606027a246922aaa175f2df0c,1176084,57.8947,19566.0,994709.0,2664.0,751.0,0.2819069069069069,6.1637,107.0,24.8972,20.0,3.0,6.0,16.0,25.0,1.0,102.0,1.0,217.0,0.0,0.0,0.0,69.0,5.0,2.0,1.0,0.5,2.0,0.5,19.0,0.025901,1.0,493.0,43.0,15.0,1.0,7.0,35.0,5.0,133.2,185.06006,16.141141,5.630631,0.375375,0.01967,0.464212,1.0,1.0,5.403651,1.25,0.464212,0.464212,0.232106,0.5,0.464212,0.875,0.145455,0.503448,0.863363,0.130865,0.464212,200.0,1.0,0.0,0.0,1.0,1.0,0.0,0.0,0.0,0.0,1.0,1.0,1.0,0.0,0.0,0.0,0.0,0.0,1.0,1.0,1.0,1.0,1.0,1.0,4.0,1.0,1.0,1.0,0.0,1.0,0.0,0.0,1.0,1.0,1.0,0.0,0.0,1.0,9.0,1.0,1.0,1.0,1.0,1.0,5.0,8.0,0.555556,0.888889,0.814815
dataset-v2,v2,extraction-v2,hybrid-v1,weak_serp,52.6316,,шкафы-купе Нижний Новгород,шкафы-купе,commercial,Нижний Новгород,47,https://exline-nn.ru/shkafy-kupe,exline-nn.ru,10,0,,,content,ok,,artifacts\query--6503ea55a264abac.json,400d0ba031825791667c956d9786e2d28deeece1,267782,52.6316,9810.0,207769.0,1438.0,572.0,0.39777468706536856,5.614,64.0,22.4688,23.0,1.0,3.0,1.0,5.0,1.0,56.0,1.0,68.0,0.0,0.0,0.0,82.0,3.0,2.0,0.5,0.5,6.0,1.0,18.0,0.057024,1.0,163.0,54.0,161.0,7.0,2.0,12.0,6.0,62.5217,113.351878,37.552156,111.961057,4.867872,0.047216,0.478039,1.0,1.0,8.822086,0.217391,0.478039,0.239019,0.478039,0.5,0.45828,0.825,0.981818,0.468966,0.099212,0.15191,0.478039,200.0,1.0,0.0,0.0,0.0,0.0,1.0,0.0,0.0,0.0,1.0,1.0,1.0,0.0,0.0,1.0,0.0,0.0,1.0,0.9,1.0,0.75,0.93,1.0,12.0,1.0,1.0,1.0,0.0,1.0,1.0,1.0,1.0,1.0,1.0,0.0,0.0,1.0,4.0,1.0,1.0,1.0,1.0,1.0,7.0,8.0,0.777778,0.888889,0.888889
dataset-v2,v2,extraction-v2,hybrid-v1,weak_serp,100.0,,шкафы-купе цена Москва,шкафы-купе,commercial,Москва,213,https://good-mebel.com/category/shkafy-kupe/,good-mebel.com,1,0,,,category,ok,,artifacts\query--06a5e8cae0c157ee.json,2b738949d2399b8ddfddeb11d52b52510396f4e6,3789709,100.0,21496.0,3385304.0,3712.0,890.0,0.23976293103448276,4.6212,128.0,29.0,12.0,1.0,0.0,0.0,1.0,1.0,94.0,1.0,199.0,0.0,0.0,0.0,123.0,3.0,4.0,0.5,0.5,1.0,0.25,10.0,0.033136,1.0,1064.0,438.0,395.0,0.0,2.0,20.0,10.0,309.3333,286.637931,117.99569,106.411638,0.0,0.00635,0.769683,1.0,1.0,3.488722,0.083333,0.769683,0.384842,0.192421,0.125,0.769683,0.6375,0.290909,0.627586,0.895474,0.184541,0.769683,200.0,1.0,0.0,0.0,1.0,1.0,0.0,0.0,0.0,0.0,1.0,1.0,1.0,0.0,0.0,2.0,0.0,0.0,1.0,0.8,1.0,1.0,0.96,1.0,5.0,1.0,1.0,1.0,1.0,1.0,1.0,1.0,1.0,1.0,1.0,1.0,1.0,1.0,53.0,1.0,1.0,1.0,1.0,1.0,9.0,9.0,1.0,1.0,1.0
dataset-v2,v2,extraction-v2,hybrid-v1,weak_serp,94.7368,,шкафы-купе цена Москва,шкафы-купе,commercial,Москва,213,https://www.shkaf-kupe.ru/category/shkafy-kupe/,shkaf-kupe.ru,2,0,,,category,ok,,artifacts\query--b46c80c1a75e9230.json,3cecb49bdfe5f9b116d0a89620fed358a5055d93,763369,94.7368,18388.0,582791.0,3134.0,746.0,0.23803446075303128,4.6161,164.0,19.1098,10.0,1.0,1.0,0.0,2.0,1.0,72.0,1.0,279.0,0.0,0.0,0.0,146.0,3.0,2.0,0.5,0.5,3.0,0.5,49.0,0.046586,1.0,843.0,345.0,213.0,14.0,2.0,53.0,26.5,313.4,268.985322,110.082961,67.964263,4.467135,0.031552,0.541338,1.0,1.0,3.717675,0.2,0.541338,0.270669,0.270669,0.25,0.541338,0.7,0.690909,0.075862,0.447139,0.128857,0.541338,200.0,1.0,0.0,0.0,1.0,1.0,0.0,0.0,0.0,0.0,1.0,1.0,1.0,0.0,0.0,2.0,0.0,0.0,1.0,0.8,1.0,1.0,0.96,1.0,6.0,1.0,1.0,1.0,1.0,1.0,1.0,1.0,1.0,1.0,1.0,1.0,1.0,1.0,5.0,1.0,1.0,1.0,1.0,1.0,9.0,9.0,1.0,1.0,1.0
dataset-v2,v2,extraction-v2,hybrid-v1,weak_serp,89.4737,,шкафы-купе цена Москва,шкафы-купе,commercial,Москва,213,https://www.divan.ru/category/shkafy-kupe,divan.ru,3,0,,,category,ok,,artifacts\query--6dce5d64e4a5ac2d.json,d5b332a6a153502f15c0f9c0e1c4a64b66771542,2696269,89.4737,10874.0,2298204.0,1781.0,517.0,0.29028635597978664,5.0039,127.0,14.0236,2.0,1.0,0.0,0.0,1.0,1.0,109.0,1.0,238.0,0.0,0.0,0.0,75.0,3.0,3.0,0.5,0.5,2.0,0.5,12.0,0.042111,1.0,511.0,94.0,3.0,0.0,1.0,2.0,2.0,890.5,286.917462,52.779337,1.684447,0.0,0.004732,0.728657,1.0,1.0,3.485323,0.5,0.728657,0.364328,0.364328,0.25,0.728657,0.7,0.018182,0.358621,0.596294,0.209286,0.728657,200.0,1.0,0.0,0.0,1.0,1.0,1.0,0.0,0.0,0.0,1.0,1.0,1.0,0.0,0.0,2.0,0.0,0.0,1.0,0.8,1.0,1.0,0.96,1.0,6.0,0.0,1.0,1.0,1.0,1.0,1.0,1.0,1.0,1.0,1.0,1.0,0.0,1.0,53.0,1.0,1.0,1.0,1.0,0.8,8.0,8.0,0.888889,0.888889,0.859259
dataset-v2,v2,extraction-v2,hybrid-v1,weak_serp,84.2105,,шкафы-купе цена Москва,шкафы-купе,commercial,Москва,213,https://shkafy-moskva.ru/tcat/shkafy-kupe/,shkafy-moskva.ru,4,0,,,content,ok,,artifacts\query--57be300a85570355.json,0f3176d174c959c4c001a314e763e09157ede6ae,468570,84.2105,28438.0,285915.0,4619.0,1198.0,0.25936349859276897,4.8352,110.0,41.9909,81.0,1.0,5.0,8.0,14.0,1.0,52.0,1.0,305.0,0.0,0.0,0.0,101.0,2.0,3.0,0.5,0.5,11.0,0.5,7.0,0.021866,1.0,513.0,63.0,254.0,0.0,6.0,79.0,13.166667,57.0247,111.063001,13.639316,54.990258,0.0,0.099463,0.728896,1.0,1.0,9.003899,0.17284,0.728896,0.364448,0.364448,0.25,0.728896,0.7,0.945455,0.0,0.728873,0.189049,0.728896,200.0,1.0,0.0,0.0,1.0,1.0,1.0,0.0,0.0,0.0,1.0,1.0,1.0,0.0,0.0,2.0,0.0,0.0,1.0,0.8,1.0,1.0,0.96,1.0,4.0,1.0,1.0,1.0,1.0,1.0,1.0,1.0,1.0,1.0,1.0,1.0,1.0,1.0,47.0,1.0,1.0,1.0,1.0,1.0,9.0,9.0,1.0,1.0,1.0
dataset-v2,v2,extraction-v2,hybrid-v1,weak_serp,78.9474,,шкафы-купе цена Москва,шкафы-купе,commercial,Москва,213,https://www.mebelmsk.ru/catalog/shkafy/kupe/,mebelmsk.ru,5,0,,,product,ok,,artifacts\query--5041ee4fbe3de658.json,90abf40fd3b9d25af4320031badbd53fa4d80708,530160,78.9474,11836.0,344242.0,2013.0,532.0,0.26428216592151016,4.7327,27.0,74.5556,12.0,1.0,0.0,0.0,1.0,1.0,82.0,1.0,217.0,0.0,0.0,0.0,150.0,2.0,1.0,0.25,0.25,2.0,0.5,18.0,0.074516,0.75,515.0,60.0,274.0,0.0,3.0,117.0,39.0,167.75,255.837059,29.806259,136.115251,0.0,0.034383,0.612914,1.0,1.0,3.908738,0.083333,0.459685,0.153228,0.306457,0.125,0.612914,0.575,0.509091,0.503448,0.0,0.161982,0.612914,200.0,1.0,0.0,0.0,1.0,1.0,0.0,0.0,0.0,0.0,1.0,1.0,1.0,0.0,0.0,3.0,0.0,0.0,1.0,0.7,1.0,1.0,0.94,1.0,5.0,0.0,1.0,1.0,1.0,1.0,1.0,1.0,1.0,1.0,1.0,0.0,1.0,1.0,3.0,1.0,1.0,1.0,1.0,0.8,9.0,7.0,1.0,0.777778,0.859259
dataset-v2,v2,extraction-v2,hybrid-v1,weak_serp,73.6842,,шкафы-купе цена Москва,шкафы-купе,commercial,Москва,213,https://kupehouse.ru/moskva/,kupehouse.ru,6,0,,,content,ok,,artifacts\query--07dd3a861b8b2f61.json,dab4b18f2f2e1dc1bf0dd8b9a78e7440b4fbf511,590756,73.6842,9586.0,501696.0,1422.0,647.0,0.4549929676511955,5.6125,71.0,20.0282,40.0,1.0,20.0,0.0,21.0,1.0,81.0,1.0,207.0,0.0,0.0,0.0,16.0,3.0,4.0,0.75,0.75,2.0,0.25,9.0,0.011252,0.75,114.0,88.0,64.0,23.0,4.0,55.0,13.75,35.55,80.168776,61.884669,45.007032,16.174402,0.019107,0.55563,1.0,1.0,12.473684,0.525,0.416722,0.416722,0.138907,0.1875,0.526737,0.6875,0.527273,0.572414,0.281294,0.199718,0.55563,200.0,1.0,0.0,0.0,1.0,1.0,1.0,0.0,0.0,0.0,1.0,1.0,1.0,0.0,0.0,1.0,0.0,0.0,1.0,0.9,1.0,1.0,0.98,1.0,5.0,0.0,1.0,1.0,1.0,1.0,1.0,1.0,1.0,1.0,1.0,1.0,1.0,1.0,3.0,1.0,1.0,1.0,1.0,0.8,9.0,8.0,1.0,0.888889,0.896296
dataset-v2,v2,extraction-v2,hybrid-v1,weak_serp,68.4211,,шкафы-купе цена Москва,шкафы-купе,commercial,Москва,213,https://www.mosdommebel.ru/category/shkafy-kupe/,mosdommebel.ru,7,0,,,category,ok,,artifacts\query--d093468c093396d2.json,9bcf8cd96522445e934808ccd5257b162291ff18,2844376,68.4211,104253.0,1805172.0,14433.0,1762.0,0.12208134137047046,6.1469,146.0,98.8562,29.0,1.0,11.0,7.0,19.0,1.0,87.0,1.0,183.0,0.0,0.0,0.0,481.0,3.0,2.0,0.75,0.5,8.0,0.5,5.0,0.033326,1.0,4180.0,187.0,725.0,0.0,31.0,143.0,4.612903,497.6897,289.614079,12.956419,50.232107,0.0,0.057752,0.703018,1.0,1.0,3.452871,0.655172,0.703018,0.527263,0.351509,0.375,0.703018,0.7875,0.418182,0.737931,0.88912,0.085825,0.703018,200.0,1.0,0.0,0.0,0.0,0.0,0.0,0.0,0.0,0.0,1.0,1.0,1.0,0.0,0.0,2.0,0.0,0.0,1.0,0.8,1.0,0.75,0.91,1.0,10.0,1.0,1.0,1.0,1.0,1.0,1.0,1.0,1.0,1.0,1.0,1.0,1.0,1.0,2.0,1.0,1.0,1.0,1.0,1.0,9.0,9.0,1.0,1.0,1.0
dataset-v2,v2,extraction-v2,hybrid-v1,weak_serp,63.1579,,шкафы-купе цена Москва,шкафы-купе,commercial,Москва,213,https://dobraya-mebel.ru/shop/shkafi/shkafy-kupe/,dobraya-mebel.ru,8,0,,,product,ok,,artifacts\query--f38c57b6457af54f.json,537a20cb5c8b340712baf1dca27594460bc5f232,694898,63.1579,13034.0,562878.0,2342.0,609.0,0.2600341588385995,4.3523,28.0,83.6429,63.0,16.0,3.0,2.0,21.0,1.0,60.0,1.0,220.0,0.0,0.0,0.0,225.0,2.0,5.0,0.5,0.75,39.0,0.5,19.0,0.096072,1.0,316.0,122.0,123.0,0.0,2.0,24.0,12.0,37.1746,134.927412,52.092229,52.519214,0.0,0.023156,0.676496,1.0,1.0,7.411392,0.333333,0.676496,0.338248,0.338248,0.25,0.676496,0.7,0.909091,0.482759,0.0,0.175912,0.676496,200.0,1.0,0.0,0.0,1.0,1.0,0.0,0.0,0.0,0.0,1.0,1.0,1.0,0.0,0.0,3.0,0.0,0.0,1.0,0.7,1.0,1.0,0.94,1.0,16.0,1.0,1.0,1.0,1.0,1.0,1.0,1.0,1.0,1.0,1.0,0.0,0.0,1.0,59.0,1.0,1.0,0.0,1.0,1.0,8.0,7.0,0.888889,0.777778,0.888889
dataset-v2,v2,extraction-v2,hybrid-v1,weak_serp,57.8947,,шкафы-купе цена Москва,шкафы-купе,commercial,Москва,213,https://www.fabrika-monolit.ru/shkafy-kupe/,fabrika-monolit.ru,9,0,,,content,ok,,artifacts\query--62b7bc95179f4655.json,4c14ca4d994c8b36d26c63c191de523b861b1ae6,340715,57.8947,11276.0,258752.0,1816.0,539.0,0.29680616740088106,4.7726,106.0,17.1321,49.0,1.0,0.0,1.0,2.0,1.0,122.0,1.0,245.0,0.0,0.0,0.0,264.0,4.0,4.0,0.5,0.5,2.0,0.5,28.0,0.145374,1.0,247.0,43.0,10.0,2.0,3.0,65.0,21.666667,37.0612,136.013216,23.678414,5.506608,1.101322,0.043578,0.749225,1.0,1.0,7.352227,0.040816,0.749225,0.374613,0.374613,0.25,0.749225,0.7,0.0,0.310345,0.0,0.222375,0.749225,200.0,1.0,0.0,0.0,1.0,1.0,0.0,0.0,0.0,0.0,1.0,1.0,1.0,0.0,0.0,1.0,0.0,0.0,1.0,0.9,1.0,1.0,0.98,1.0,8.0,1.0,1.0,1.0,1.0,1.0,1.0,1.0,1.0,1.0,1.0,0.0,1.0,1.0,40.0,1.0,1.0,1.0,1.0,1.0,9.0,8.0,1.0,0.888889,0.962963
dataset-v2,v2,extraction-v2,hybrid-v1,weak_serp,100.0,,шкафы-купе цена Санкт-Петербург,шкафы-купе,commercial,Санкт-Петербург,2,https://kupehouse.ru/,kupehouse.ru,1,0,,,homepage,ok,,artifacts\query--d9afce6f3b25c478.json,f11b982e577a0b4b0579c9a325c4e5d0cde76d24,677753,100.0,10953.0,580638.0,1601.0,688.0,0.4297314178638351,5.7033,82.0,19.5244,47.0,1.0,15.0,4.0,20.0,1.0,103.0,1.0,208.0,0.0,0.0,0.0,24.0,4.0,3.0,0.8,0.6,2.0,0.2,11.0,0.014991,1.0,196.0,110.0,70.0,18.0,0.0,29.0,0.0,34.0638,122.423485,68.707058,43.722673,11.242973,0.018864,0.553976,1.0,0.75,8.168367,0.425532,0.553976,0.443181,0.110795,0.16,0.553976,0.73,0.127273,0.565517,0.499688,0.211742,0.415482,200.0,1.0,0.0,0.0,1.0,1.0,1.0,0.0,0.0,0.0,1.0,1.0,1.0,0.0,0.0,0.0,0.0,0.0,1.0,1.0,1.0,1.0,1.0,1.0,7.0,1.0,1.0,1.0,1.0,1.0,1.0,1.0,1.0,1.0,1.0,1.0,1.0,1.0,5.0,1.0,1.0,1.0,1.0,1.0,9.0,9.0,1.0,1.0,1.0
dataset-v2,v2,extraction-v2,hybrid-v1,weak_serp,94.7368,,шкафы-купе цена Санкт-Петербург,шкафы-купе,commercial,Санкт-Петербург,2,https://spb.stolplit.ru/internet-magazin/katalog-mebeli/80-shkafy-kupe/,spb.stolplit.ru,2,0,,,content,ok,,artifacts\query--fdb09170c38c63b8.json,d6b63006786c5aa56f52e66b6028511a06391498,2218254,94.7368,10318.0,2057987.0,1801.0,558.0,0.30982787340366463,4.5269,85.0,21.1882,12.0,1.0,1.0,0.0,2.0,1.0,46.0,1.0,125.0,0.0,0.0,0.0,67.0,3.0,2.0,0.6,0.4,4.0,0.6,24.0,0.037202,1.0,279.0,428.0,90.0,22.0,3.0,108.0,36.0,150.0833,154.913937,237.645752,49.972238,12.215436,0.005014,0.414008,1.0,1.0,6.455197,0.166667,0.414008,0.248405,0.248405,0.36,0.414008,0.76,0.836364,0.862069,0.759948,0.128271,0.414008,200.0,1.0,0.0,0.0,1.0,1.0,1.0,0.0,0.0,0.0,1.0,1.0,1.0,0.0,0.0,3.0,0.0,0.0,1.0,0.7,1.0,1.0,0.94,1.0,4.0,0.0,1.0,1.0,0.0,1.0,1.0,1.0,1.0,1.0,1.0,1.0,0.0,1.0,1.0,1.0,1.0,1.0,1.0,0.8,7.0,8.0,0.777778,0.888889,0.822222
dataset-v2,v2,extraction-v2,hybrid-v1,weak_serp,89.4737,,шкафы-купе цена Санкт-Петербург,шкафы-купе,commercial,Санкт-Петербург,2,https://nonton.ru/mebel/shkafy/shkafy-kupe/,nonton.ru,3,0,,,content,ok,,artifacts\query--90ea5750b4d26203.json,e879ac97e54966aa4f6e8a859c01d402bec9dc97,2873701,89.4737,27248.0,2514190.0,4412.0,732.0,0.1659111514052584,5.039,58.0,76.069,1.0,1.0,0.0,0.0,1.0,1.0,60.0,1.0,195.0,0.0,0.0,0.0,768.0,3.0,2.0,0.6,0.4,3.0,0.6,24.0,0.174071,1.0,1183.0,220.0,187.0,4.0,4.0,155.0,38.75,4412.0,268.132366,49.864007,42.384406,0.906618,0.010838,0.553894,1.0,1.0,3.729501,1.0,0.553894,0.332336,0.332336,0.36,0.553894,0.76,0.909091,0.655172,0.0,0.091897,0.553894,200.0,1.0,0.0,0.0,1.0,1.0,0.0,0.0,0.0,0.0,1.0,1.0,1.0,0.0,0.0,3.0,0.0,0.0,1.0,0.7,1.0,1.0,0.94,1.0,2.0,0.0,1.0,1.0,1.0,1.0,1.0,1.0,1.0,1.0,1.0,0.0,0.0,1.0,43.0,1.0,1.0,1.0,1.0,0.8,8.0,7.0,0.888889,0.777778,0.822222
dataset-v2,v2,extraction-v2,hybrid-v1,weak_serp,84.2105,,шкафы-купе цена Санкт-Петербург,шкафы-купе,commercial,Санкт-Петербург,2,https://www.spb.bestmebelshop.ru/catalog/shkafy-kupe/,spb.bestmebelshop.ru,4,0,,,product,ok,,artifacts\query--cb06ccbbc6d86879.json,39b79267752dab9858939aad85c42ce22ca9fa7f,1084243,84.2105,16882.0,882400.0,3007.0,770.0,0.2560691719321583,4.414,166.0,18.1145,3.0,1.0,0.0,0.0,1.0,1.0,74.0,1.0,169.0,0.0,0.0,0.0,155.0,3.0,3.0,0.6,0.6,3.0,0.6,9.0,0.051546,1.0,474.0,337.0,186.0,1.0,4.0,158.0,39.5,1002.3333,157.632192,112.071832,61.85567,0.332557,0.019132,0.365062,1.0,1.0,6.343882,0.333333,0.365062,0.219037,0.219037,0.36,0.365062,0.76,0.654545,0.834483,0.281787,0.093481,0.365062,200.0,1.0,0.0,0.0,0.0,0.0,1.0,0.0,0.0,0.0,1.0,1.0,1.0,0.0,0.0,2.0,0.0,0.0,1.0,0.8,1.0,0.75,0.91,1.0,6.0,1.0,1.0,1.0,1.0,1.0,1.0,1.0,1.0,1.0,1.0,1.0,1.0,1.0,53.0,1.0,1.0,1.0,1.0,1.0,9.0,9.0,1.0,1.0,1.0
dataset-v2,v2,extraction-v2,hybrid-v1,weak_serp,78.9474,,шкафы-купе цена Санкт-Петербург,шкафы-купе,commercial,Санкт-Петербург,2,https://spb.shkaf-kupe.ru/category/shkafy-kupe/,spb.shkaf-kupe.ru,5,0,,,category,ok,,artifacts\query--bb42d86e9c2e937f.json,1f3b7f6c82bd10a79c1333df7da154ae475bdcc3,756678,78.9474,18311.0,576597.0,3146.0,747.0,0.23744437380801017,4.5702,164.0,19.1829,10.0,1.0,1.0,0.0,2.0,1.0,82.0,1.0,289.0,0.0,0.0,0.0,147.0,4.0,3.0,0.6,0.6,3.0,0.4,50.0,0.046726,1.0,843.0,337.0,212.0,14.0,2.0,52.0,26.0,314.6,267.959313,107.120153,67.387158,4.450095,0.031757,0.39185,1.0,1.0,3.73191,0.2,0.39185,0.23511,0.15674,0.24,0.39185,0.71,0.509091,0.006897,0.442467,0.093043,0.39185,200.0,1.0,0.0,0.0,1.0,1.0,0.0,0.0,0.0,0.0,1.0,1.0,1.0,0.0,0.0,2.0,0.0,0.0,1.0,0.8,1.0,1.0,0.96,1.0,6.0,1.0,1.0,1.0,1.0,1.0,1.0,1.0,1.0,1.0,1.0,1.0,1.0,1.0,5.0,1.0,1.0,1.0,1.0,1.0,9.0,9.0,1.0,1.0,1.0
dataset-v2,v2,extraction-v2,hybrid-v1,weak_serp,73.6842,,шкафы-купе цена Санкт-Петербург,шкафы-купе,commercial,Санкт-Петербург,2,https://www.kupenadom.ru/,kupenadom.ru,6,0,,,homepage,ok,,artifacts\query--38c7b199a888e8bf.json,51bc1f031a6953e1017ac34ab5401b46f13612b4,635989,73.6842,34351.0,414223.0,5117.0,1283.0,0.2507328512800469,5.4987,246.0,20.8008,45.0,1.0,13.0,41.0,55.0,1.0,82.0,1.0,203.0,0.0,0.0,0.0,250.0,3.0,4.0,0.6,0.6,48.0,0.6,8.0,0.048857,0.8,572.0,144.0,556.0,248.0,4.0,121.0,30.25,113.7111,111.784249,28.141489,108.657416,48.465898,0.082929,0.48271,1.0,1.0,8.945804,1.222222,0.386168,0.289626,0.289626,0.36,0.48271,0.73,0.509091,0.6,0.297153,0.121031,0.48271,200.0,1.0,0.0,0.0,1.0,1.0,1.0,0.0,0.0,0.0,1.0,1.0,1.0,0.0,0.0,0.0,0.0,0.0,1.0,1.0,1.0,1.0,1.0,1.0,6.0,1.0,1.0,1.0,1.0,1.0,1.0,1.0,1.0,1.0,1.0,1.0,1.0,1.0,45.0,1.0,1.0,1.0,1.0,1.0,9.0,9.0,1.0,1.0,1.0
dataset-v2,v2,extraction-v2,hybrid-v1,weak_serp,68.4211,,шкафы-купе цена Санкт-Петербург,шкафы-купе,commercial,Санкт-Петербург,2,https://spb.lemanapro.ru/catalogue/shkafy-kupe/,spb.lemanapro.ru,7,0,,,product,ok,,artifacts\query--f0acde9aba60a299.json,24f0ea7fbe11bacc4f6e847ee59bf1359d633657,10069,68.4211,77.0,8264.0,13.0,13.0,1.0,5.0,1.0,13.0,1.0,1.0,0.0,0.0,1.0,1.0,12.0,0.0,0.0,0.0,0.0,0.0,0.0,0.0,0.0,0.0,0.0,0.0,0.0,0.0,0.0,0.0,1.0,0.0,0.0,0.0,0.0,0.0,0.0,13.0,76.923077,0.0,0.0,0.0,0.009318,-0.014151,0.0,0.0,13.0,1.0,-0.0,-0.0,-0.0,0.0,-0.000123,0.0,0.218182,0.0,0.0,-0.000102,-0.0,403.0,0.0,0.0,0.0,0.0,0.0,0.0,0.0,0.0,0.0,0.0,1.0,1.0,0.0,0.0,2.0,0.0,0.0,1.0,0.8,1.0,0.75,0.71,1.0,1.0,0.0,0.0,0.0,0.0,0.0,0.0,0.0,0.0,0.0,0.0,0.0,0.0,0.0,0.0,0.0,0.0,0.0,0.0,0.2,1.0,0.0,0.111111,0.0,0.103704
dataset-v2,v2,extraction-v2,hybrid-v1,weak_serp,63.1579,,шкафы-купе цена Санкт-Петербург,шкафы-купе,commercial,Санкт-Петербург,2,https://shkaf-v-spb.ru/shkaf-kupe-na-zakaz,shkaf-v-spb.ru,8,0,,,content,ok,,artifacts\query--0b0dee77a6f9aeb5.json,9b6c34bdbe4653792c21a1887c31229a79ce3ba8,1076244,63.1579,35594.0,921856.0,4879.0,1697.0,0.3478171756507481,5.9961,446.0,10.9395,247.0,1.0,11.0,38.0,50.0,1.0,83.0,1.0,209.0,0.0,0.0,0.0,113.0,2.0,2.0,0.4,0.4,34.0,0.6,12.0,0.02316,0.8,73.0,102.0,34.0,185.0,4.0,85.0,21.25,19.753,14.962082,20.905923,6.968641,37.917606,0.038611,0.621048,1.0,1.0,66.835616,0.202429,0.496838,0.248419,0.372629,0.24,0.621048,0.66,0.490909,0.558621,0.617613,0.216011,0.621048,200.0,1.0,0.0,0.0,0.0,0.0,1.0,0.0,0.0,0.0,1.0,1.0,0.0,0.0,0.0,1.0,0.0,0.0,1.0,0.9,0.5,0.75,0.83,1.0,1.0,1.0,1.0,1.0,1.0,1.0,1.0,1.0,1.0,1.0,1.0,1.0,0.0,1.0,2.0,1.0,1.0,1.0,1.0,1.0,8.0,9.0,0.888889,1.0,0.962963
dataset-v2,v2,extraction-v2,hybrid-v1,weak_serp,57.8947,,шкафы-купе цена Санкт-Петербург,шкафы-купе,commercial,Санкт-Петербург,2,https://spb.shkafplus.ru/,spb.shkafplus.ru,9,0,,,homepage,ok,,artifacts\query--c15275789544c284.json,0686a44720df6f4902c4ecdb7002ad5306f56ade,168872,57.8947,16156.0,89931.0,2180.0,1016.0,0.46605504587155966,6.1954,137.0,15.9124,17.0,1.0,16.0,3.0,20.0,1.0,116.0,1.0,230.0,0.0,0.0,0.0,83.0,3.0,2.0,0.6,0.4,10.0,0.4,13.0,0.038073,1.0,207.0,88.0,34.0,22.0,4.0,32.0,8.0,128.2353,94.954128,40.366972,15.59633,10.091743,0.179649,0.420972,1.0,1.0,10.531401,1.176471,0.420972,0.252583,0.168389,0.24,0.420972,0.71,0.0,0.413793,0.730887,0.196196,0.420972,200.0,1.0,0.0,0.0,0.0,0.0,1.0,0.0,0.0,0.0,1.0,1.0,1.0,0.0,0.0,0.0,0.0,0.0,1.0,1.0,1.0,0.75,0.95,1.0,2.0,1.0,1.0,0.0,1.0,1.0,1.0,1.0,1.0,1.0,1.0,0.0,0.0,1.0,4.0,1.0,1.0,1.0,1.0,0.8,7.0,7.0,0.777778,0.777778,0.785185
dataset-v2,v2,extraction-v2,hybrid-v1,weak_serp,52.6316,,шкафы-купе цена Санкт-Петербург,шкафы-купе,commercial,Санкт-Петербург,2,https://sankt-peterburg.good-mebel.com/category/shkafy-kupe/,sankt-peterburg.good-mebel.com,10,0,,,category,ok,,artifacts\query--564bded5ab028fbd.json,d7432c15e18942ae30ee99aa5d6cdac70970ee2e,3752206,52.6316,18224.0,3355561.0,3190.0,659.0,0.2065830721003135,4.5893,87.0,36.6667,6.0,1.0,0.0,0.0,1.0,1.0,104.0,1.0,209.0,0.0,0.0,0.0,113.0,4.0,5.0,0.6,0.6,1.0,0.2,13.0,0.035423,1.0,1068.0,384.0,395.0,0.0,2.0,20.0,10.0,531.6667,334.796238,120.376176,123.824451,0.0,0.005431,0.58873,1.0,1.0,2.986891,0.166667,0.58873,0.353238,0.117746,0.12,0.58873,0.66,0.109091,0.558621,0.819227,0.121622,0.58873,200.0,1.0,0.0,0.0,1.0,1.0,0.0,0.0,0.0,0.0,1.0,1.0,1.0,0.0,0.0,2.0,0.0,0.0,1.0,0.8,1.0,1.0,0.96,1.0,5.0,1.0,1.0,1.0,1.0,1.0,1.0,1.0,1.0,1.0,1.0,1.0,1.0,1.0,53.0,1.0,1.0,1.0,1.0,1.0,9.0,9.0,1.0,1.0,1.0
dataset-v2,v2,extraction-v2,hybrid-v1,weak_serp,100.0,,шкафы-купе цена Екатеринбург,шкафы-купе,commercial,Екатеринбург,54,https://ekaterinburg.lemanapro.ru/catalogue/shkafy-kupe/,ekaterinburg.lemanapro.ru,1,0,,,product,ok,,artifacts\query--8cadac79420927e7.json,ec58073b75421b13af470a4c6a2153044c2467b3,10087,100.0,77.0,8264.0,13.0,13.0,1.0,5.0,1.0,13.0,1.0,1.0,0.0,0.0,1.0,1.0,12.0,0.0,0.0,0.0,0.0,0.0,0.0,0.0,0.0,0.0,0.0,0.0,0.0,0.0,0.0,0.0,1.0,0.0,0.0,0.0,0.0,0.0,0.0,13.0,76.923077,0.0,0.0,0.0,0.009318,-0.056593,0.0,0.0,13.0,1.0,-0.0,-0.0,-0.0,0.0,-0.00049,0.0,0.218182,0.0,0.0,-0.000409,-0.0,403.0,0.0,0.0,0.0,0.0,0.0,0.0,0.0,0.0,0.0,0.0,1.0,1.0,0.0,0.0,2.0,0.0,0.0,1.0,0.8,1.0,0.75,0.71,1.0,1.0,0.0,0.0,0.0,0.0,0.0,0.0,0.0,0.0,0.0,0.0,0.0,0.0,0.0,0.0,0.0,0.0,0.0,0.0,0.2,1.0,0.0,0.111111,0.0,0.103704
dataset-v2,v2,extraction-v2,hybrid-v1,weak_serp,94.7368,,шкафы-купе цена Екатеринбург,шкафы-купе,commercial,Екатеринбург,54,https://kupi-kupe.ru/,kupi-kupe.ru,2,0,,,homepage,ok,,artifacts\query--444b0e79d16899bd.json,dd1346df249328fea6edf8367727745517d8dda8,8688394,94.7368,15573.0,8289932.0,2329.0,643.0,0.27608415629025335,5.5535,109.0,21.367,22.0,2.0,9.0,0.0,11.0,1.0,81.0,1.0,191.0,0.0,0.0,0.0,202.0,3.0,3.0,0.5,0.5,2.0,0.5,43.0,0.086733,1.0,340.0,184.0,205.0,0.0,9.0,91.0,10.111111,105.8636,145.985401,79.003864,88.02061,0.0,0.001879,0.410696,1.0,1.0,6.85,0.5,0.410696,0.205348,0.205348,0.25,0.410696,0.7,0.527273,0.682759,0.0,0.113387,0.410696,200.0,1.0,0.0,0.0,0.0,0.0,1.0,0.0,0.0,0.0,1.0,1.0,1.0,0.0,0.0,0.0,0.0,0.0,1.0,1.0,1.0,0.75,0.95,1.0,7.0,1.0,1.0,1.0,1.0,1.0,1.0,1.0,1.0,1.0,1.0,1.0,1.0,1.0,1.0,1.0,1.0,1.0,1.0,1.0,9.0,9.0,1.0,1.0,1.0
dataset-v2,v2,extraction-v2,hybrid-v1,weak_serp,89.4737,,шкафы-купе цена Екатеринбург,шкафы-купе,commercial,Екатеринбург,54,https://33komoda.ru/catalog/shkafy_kupe/,33komoda.ru,3,0,,,product,ok,,artifacts\query--258d1ed5178175ca.json,f33b7292ec82f084abe3bccee132510f4857a15c,1905808,89.4737,21948.0,1674971.0,3132.0,841.0,0.26851851851851855,5.863,62.0,50.5161,8.0,1.0,8.0,50.0,59.0,1.0,69.0,1.0,152.0,0.0,0.0,0.0,100.0,2.0,2.0,0.5,0.5,5.0,0.5,6.0,0.031928,0.75,837.0,127.0,169.0,0.0,12.0,142.0,11.833333,391.5,267.241379,40.54917,53.959132,0.0,0.013104,0.399118,1.0,1.0,3.741935,7.375,0.299338,0.199559,0.199559,0.25,0.399118,0.6625,0.745455,0.951724,0.701788,0.107171,0.399118,200.0,1.0,0.0,0.0,0.0,0.0,0.0,0.0,0.0,0.0,1.0,1.0,1.0,0.0,0.0,2.0,0.0,0.0,1.0,0.8,1.0,0.75,0.91,1.0,2.0,1.0,1.0,1.0,1.0,1.0,1.0,1.0,1.0,1.0,1.0,0.0,1.0,1.0,5.0,1.0,1.0,1.0,1.0,1.0,9.0,8.0,1.0,0.888889,0.962963
dataset-v2,v2,extraction-v2,hybrid-v1,weak_serp,84.2105,,шкафы-купе цена Екатеринбург,шкафы-купе,commercial,Екатеринбург,54,https://ekaterinburg.nonton.ru/mebel/shkafy/shkafy-kupe/,ekaterinburg.nonton.ru,4,0,,,content,ok,,artifacts\query--aeadc15ad37f555b.json,c16116489c7e89bce5b92da15ea7caffcb29062c,2845493,84.2105,26889.0,2488792.0,4342.0,722.0,0.16628281897742975,5.0544,57.0,76.1754,1.0,1.0,0.0,0.0,1.0,1.0,57.0,1.0,192.0,0.0,0.0,0.0,744.0,2.0,1.0,0.5,0.25,2.0,0.5,17.0,0.17135,1.0,1177.0,220.0,183.0,4.0,4.0,151.0,37.75,4342.0,271.073238,50.667895,42.146476,0.921234,0.010804,0.512634,1.0,1.0,3.68904,1.0,0.512634,0.256317,0.256317,0.25,0.512634,0.7,0.963636,0.675862,0.0,0.085242,0.512634,200.0,1.0,0.0,0.0,1.0,1.0,0.0,0.0,0.0,0.0,1.0,1.0,1.0,0.0,0.0,3.0,0.0,0.0,1.0,0.7,1.0,1.0,0.94,1.0,2.0,0.0,1.0,1.0,1.0,1.0,1.0,1.0,1.0,1.0,1.0,0.0,0.0,1.0,42.0,1.0,1.0,1.0,1.0,0.8,8.0,7.0,0.888889,0.777778,0.822222
dataset-v2,v2,extraction-v2,hybrid-v1,weak_serp,78.9474,,шкафы-купе цена Екатеринбург,шкафы-купе,commercial,Екатеринбург,54,https://www.e-1.ru/city/ekaterinburg/,e-1.ru,5,0,,,content,ok,,artifacts\query--2c5ca27169427e6e.json,2690996ce71c3d50e10b46ab65a606b1016cdf41,211903,78.9474,3949.0,161201.0,554.0,298.0,0.5379061371841155,5.7671,21.0,26.381,13.0,1.0,3.0,8.0,12.0,1.0,75.0,1.0,129.0,0.0,0.0,0.0,24.0,2.0,1.0,0.5,0.25,3.0,0.5,10.0,0.043321,0.75,146.0,5.0,34.0,3.0,0.0,1.0,0.0,42.6154,263.537906,9.025271,61.371841,5.415162,0.024497,0.502214,1.0,0.75,3.794521,0.923077,0.376661,0.251107,0.251107,0.25,0.185484,0.6625,0.636364,0.889655,0.416968,0.083144,0.376661,200.0,1.0,0.0,0.0,1.0,1.0,1.0,0.0,0.0,0.0,1.0,1.0,1.0,0.0,0.0,2.0,0.0,0.0,1.0,0.8,1.0,1.0,0.96,1.0,8.0,0.0,1.0,1.0,1.0,1.0,1.0,0.0,1.0,1.0,1.0,0.0,1.0,1.0,3.0,1.0,1.0,1.0,1.0,0.8,8.0,7.0,0.888889,0.777778,0.822222
dataset-v2,v2,extraction-v2,hybrid-v1,weak_serp,73.6842,,шкафы-купе цена Екатеринбург,шкафы-купе,commercial,Екатеринбург,54,https://kupeural.ru/,kupeural.ru,6,0,,,homepage,ok,,artifacts\query--90673faf283b4139.json,c15de64d4742aa4bde9cd6b47ed4294d6ee968dc,449794,73.6842,12757.0,349957.0,1781.0,797.0,0.4475014037057833,5.959,117.0,15.2222,11.0,1.0,0.0,8.0,9.0,1.0,70.0,1.0,130.0,0.0,0.0,0.0,65.0,3.0,1.0,0.5,0.25,0.0,0.0,21.0,0.036496,0.75,258.0,64.0,131.0,1.0,3.0,39.0,13.0,161.9091,144.862437,35.934868,73.554183,0.561482,0.036453,0.643757,1.0,1.0,6.903101,0.818182,0.482818,0.321879,0.0,0.0,0.643757,0.5375,0.727273,0.896552,0.587591,0.285041,0.643757,200.0,1.0,0.0,0.0,0.0,0.0,0.0,0.0,0.0,0.0,1.0,1.0,1.0,0.0,0.0,0.0,0.0,0.0,1.0,1.0,1.0,0.75,0.95,1.0,7.0,1.0,1.0,1.0,0.0,1.0,1.0,1.0,1.0,1.0,1.0,1.0,1.0,1.0,1.0,1.0,1.0,1.0,1.0,1.0,8.0,9.0,0.888889,1.0,0.962963
dataset-v2,v2,extraction-v2,hybrid-v1,weak_serp,68.4211,,шкафы-купе цена Екатеринбург,шкафы-купе,commercial,Екатеринбург,54,http://ekb.kupicupe.ru/,ekb.kupicupe.ru,7,0,,,homepage,ok,,artifacts\query--d72b0019b0640161.json,0a2119b88377acf298c0d495c9d7ee3bab80dbb8,105769,68.4211,14140.0,57187.0,1981.0,984.0,0.4967188288743059,5.9218,190.0,10.4263,36.0,2.0,2.0,0.0,4.0,1.0,27.0,1.0,270.0,0.0,0.0,0.0,50.0,2.0,2.0,0.5,0.25,4.0,0.5,10.0,0.02524,1.0,25.0,40.0,4.0,40.0,8.0,40.0,5.0,55.0278,12.619889,20.191822,2.019182,20.191822,0.247259,0.435187,1.0,1.0,79.24,0.111111,0.435187,0.217593,0.217593,0.25,0.435187,0.7,0.490909,0.137931,0.841326,0.216166,0.435187,200.0,1.0,0.0,0.0,0.0,0.0,0.0,0.0,0.0,0.0,1.0,0.0,0.0,0.0,0.0,0.0,0.0,0.0,1.0,1.0,0.0,0.75,0.75,1.0,3.0,1.0,1.0,0.0,1.0,1.0,1.0,1.0,1.0,1.0,1.0,0.0,0.0,1.0,1.0,0.0,1.0,1.0,1.0,0.6,7.0,7.0,0.777778,0.777778,0.718519
dataset-v2,v2,extraction-v2,hybrid-v1,weak_serp,63.1579,,шкафы-купе цена Екатеринбург,шкафы-купе,commercial,Екатеринбург,54,https://ekat.steklodom.com/mebel-na-zakaz/shkafy/,ekat.steklodom.com,8,0,,,content,ok,,artifacts\query--406adb6d4471f728.json,009979e29a4b0a587666bfddc79525e9ad2226f2,1469679,63.1579,29239.0,1320254.0,4643.0,1276.0,0.2748223131595951,4.9007,138.0,33.6449,16.0,1.0,6.0,0.0,7.0,1.0,90.0,1.0,184.0,0.0,0.0,0.0,31.0,1.0,1.0,0.25,0.25,2.0,0.5,7.0,0.006677,1.0,275.0,306.0,893.0,1.0,8.0,62.0,7.75,290.1875,59.228947,65.905664,192.332544,0.215378,0.022146,0.552197,1.0,1.0,16.883636,0.4375,0.552197,0.138049,0.276099,0.125,0.552197,0.6125,0.363636,0.731034,0.222557,0.151756,0.552197,200.0,1.0,0.0,0.0,0.0,0.0,0.0,0.0,0.0,0.0,1.0,1.0,1.0,0.0,0.0,2.0,0.0,0.0,1.0,0.8,1.0,0.75,0.91,1.0,19.0,1.0,1.0,1.0,1.0,1.0,1.0,1.0,1.0,1.0,1.0,1.0,0.0,1.0,9.0,1.0,1.0,1.0,1.0,1.0,8.0,9.0,0.888889,1.0,0.962963
dataset-v2,v2,extraction-v2,hybrid-v1,weak_serp,57.8947,,шкафы-купе цена Екатеринбург,шкафы-купе,commercial,Екатеринбург,54,https://gipermarketdom.ru/catalog/shkafy_kupe_gotovye/,gipermarketdom.ru,9,0,,,product,ok,,artifacts\query--53225f58ad1a2633.json,d4675686b528088ebcd3604a446b3584716775bf,25260,57.8947,350.0,20430.0,52.0,45.0,0.8653846153846154,5.3077,9.0,5.7778,1.0,0.0,0.0,1.0,1.0,1.0,2.0,0.0,0.0,0.0,0.0,0.0,0.0,0.0,0.0,0.0,0.0,0.0,0.0,0.0,0.0,0.0,0.0,1.0,0.0,0.0,1.0,3.0,3.0,52.0,0.0,19.230769,0.0,0.0,0.017132,0.014004,0.0,0.75,52.0,1.0,0.0,0.0,0.0,0.0,0.000485,0.0,0.036364,0.0,0.0,0.00035,0.010503,200.0,1.0,0.0,0.0,0.0,0.0,0.0,0.0,0.0,0.0,1.0,1.0,0.0,0.0,0.0,2.0,0.0,0.0,1.0,0.8,0.5,0.75,0.81,1.0,1.0,0.0,0.0,1.0,0.0,1.0,0.0,0.0,0.0,1.0,0.0,0.0,0.0,1.0,1.0,0.0,0.0,1.0,1.0,0.4,3.0,4.0,0.333333,0.444444,0.392593
dataset-v2,v2,extraction-v2,hybrid-v1,weak_serp,100.0,,шкафы-купе цена Новосибирск,шкафы-купе,commercial,Новосибирск,65,https://novosibirsk.lemanapro.ru/catalogue/shkafy-kupe/,novosibirsk.lemanapro.ru,1,0,,,product,ok,,artifacts\query--123c8d670de72cf2.json,15d1b5fd54682f386d21ac0d9dc882564c04f19a,10085,100.0,77.0,8264.0,13.0,13.0,1.0,5.0,1.0,13.0,1.0,1.0,0.0,0.0,1.0,1.0,12.0,0.0,0.0,0.0,0.0,0.0,0.0,0.0,0.0,0.0,0.0,0.0,0.0,0.0,0.0,0.0,1.0,0.0,0.0,0.0,0.0,0.0,0.0,13.0,76.923077,0.0,0.0,0.0,0.009318,-0.120662,0.0,0.0,13.0,1.0,-0.0,-0.0,-0.0,0.0,-0.001046,0.0,0.218182,0.0,0.0,-0.000871,-0.0,403.0,0.0,0.0,0.0,0.0,0.0,0.0,0.0,0.0,0.0,0.0,1.0,1.0,0.0,0.0,2.0,0.0,0.0,1.0,0.8,1.0,0.75,0.71,1.0,1.0,0.0,0.0,0.0,0.0,0.0,0.0,0.0,0.0,0.0,0.0,0.0,0.0,0.0,0.0,0.0,0.0,0.0,0.0,0.2,1.0,0.0,0.111111,0.0,0.103704
dataset-v2,v2,extraction-v2,hybrid-v1,weak_serp,94.7368,,шкафы-купе цена Новосибирск,шкафы-купе,commercial,Новосибирск,65,https://4nozhki.ru/tovari/shkafi-kupe/novosibirsk/,4nozhki.ru,2,0,,,content,ok,,artifacts\query--3a81ba1877099d3b.json,1c764153d7193d2be0a854054741332ce1aa67e0,17567,94.7368,32.0,15065.0,4.0,4.0,1.0,6.75,1.0,4.0,2.0,0.0,0.0,0.0,0.0,0.0,0.0,0.0,0.0,0.0,0.0,0.0,0.0,0.0,0.0,0.0,0.0,0.0,0.0,0.0,0.0,0.0,1.0,0.0,0.0,0.0,0.0,0.0,0.0,2.0,250.0,0.0,0.0,0.0,0.002124,0.073772,0.0,0.0,4.0,0.0,0.0,0.0,0.0,0.0,0.000197,0.0,0.0,0.0,0.0,0.000164,0.0,200.0,1.0,0.0,0.0,0.0,0.0,0.0,1.0,1.0,0.0,0.0,1.0,0.0,0.0,0.0,3.0,0.0,0.0,1.0,0.7,0.5,0.75,0.59,0.0,0.0,0.0,0.0,0.0,0.0,1.0,0.0,0.0,0.0,1.0,0.0,0.0,0.0,0.0,0.0,0.0,0.0,0.0,0.0,0.0,0.0,1.0,0.0,0.111111,0.037037
dataset-v2,v2,extraction-v2,hybrid-v1,weak_serp,89.4737,,шкафы-купе цена Новосибирск,шкафы-купе,commercial,Новосибирск,65,https://mebelny95.ru/novosibirsk/shkafy/shkafy-kupe,mebelny95.ru,3,0,,,content,ok,,artifacts\query--eafd6534de8dd3c8.json,19254b5f71e025005b19184b83a3f09da17edea9,467403,89.4737,11942.0,289120.0,1629.0,890.0,0.5463474524248005,6.2443,13.0,125.3077,1.0,1.0,1.0,0.0,2.0,1.0,116.0,1.0,283.0,0.0,0.0,0.0,72.0,3.0,4.0,0.75,0.5,2.0,0.5,18.0,0.044199,1.0,904.0,50.0,370.0,28.0,4.0,11.0,2.75,1629.0,554.941682,30.693677,227.133211,17.188459,0.041305,0.327513,1.0,1.0,1.801991,2.0,0.327513,0.245635,0.163756,0.375,0.327513,0.7875,0.0,0.048276,0.526703,0.161937,0.327513,200.0,1.0,0.0,0.0,1.0,1.0,1.0,0.0,0.0,0.0,1.0,1.0,0.0,0.0,0.0,3.0,0.0,0.0,1.0,0.7,0.5,1.0,0.84,0.0,0.0,1.0,1.0,1.0,1.0,1.0,0.0,1.0,0.0,1.0,1.0,0.0,1.0,1.0,1.0,0.0,1.0,1.0,1.0,0.6,7.0,7.0,0.777778,0.777778,0.718519
dataset-v2,v2,extraction-v2,hybrid-v1,weak_serp,84.2105,,шкафы-купе цена Новосибирск,шкафы-купе,commercial,Новосибирск,65,https://nsk.lazurit.com/catalog/668/shkafy-kupe/,nsk.lazurit.com,4,0,,,product,ok,,artifacts\query--231be4adbca897c5.json,cb917e24628777633b11f51889fe5e1c11c4c954,17584,84.2105,459.0,11676.0,69.0,64.0,0.927536231884058,5.4493,7.0,9.8571,1.0,0.0,0.0,0.0,0.0,1.0,7.0,0.0,0.0,0.0,0.0,0.0,0.0,0.0,0.0,0.0,0.0,0.0,0.0,0.0,0.0,0.0,0.0,1.0,0.0,0.0,1.0,1.0,1.0,69.0,0.0,14.492754,0.0,0.0,0.039311,0.021555,0.0,0.75,69.0,0.0,0.0,0.0,0.0,0.0,0.000992,0.0,0.127273,0.0,0.0,0.000766,0.016166,200.0,1.0,0.0,0.0,0.0,0.0,1.0,0.0,1.0,1.0,0.0,1.0,1.0,0.0,0.0,1.0,10.0,1.0,1.0,0.5,1.0,0.35,0.57,1.0,1.0,0.0,0.0,1.0,0.0,1.0,0.0,0.0,0.0,0.0,0.0,0.0,0.0,1.0,1.0,0.0,0.0,0.0,0.0,0.4,3.0,1.0,0.333333,0.111111,0.281481
dataset-v2,v2,extraction-v2,hybrid-v1,weak_serp,78.9474,,шкафы-купе цена Новосибирск,шкафы-купе,commercial,Новосибирск,65,https://mebelti.com/catalog/shkafy-kupe/,mebelti.com,5,0,,,product,ok,,artifacts\query--152588b67ee83788.json,833505954330b7a2bacd3af5d86731df6ae0f283,1229997,78.9474,15674.0,898655.0,2344.0,470.0,0.20051194539249148,5.5388,22.0,106.5455,1.0,1.0,1.0,0.0,2.0,1.0,72.0,1.0,213.0,0.0,0.0,0.0,157.0,3.0,4.0,0.5,0.5,2.0,0.5,13.0,0.06698,1.0,851.0,212.0,503.0,0.0,3.0,61.0,20.333333,2344.0,363.054608,90.443686,214.590444,0.0,0.017442,0.462488,1.0,1.0,2.754407,2.0,0.462488,0.231244,0.231244,0.25,0.462488,0.7,0.690909,0.531034,0.0,0.092734,0.462488,200.0,1.0,0.0,0.0,1.0,1.0,0.0,0.0,0.0,0.0,1.0,1.0,1.0,0.0,0.0,2.0,0.0,0.0,1.0,0.8,1.0,1.0,0.96,1.0,11.0,1.0,1.0,1.0,1.0,1.0,1.0,1.0,1.0,1.0,1.0,1.0,1.0,1.0,18.0,1.0,1.0,1.0,1.0,1.0,9.0,9.0,1.0,1.0,1.0
dataset-v2,v2,extraction-v2,hybrid-v1,weak_serp,73.6842,,шкафы-купе цена Новосибирск,шкафы-купе,commercial,Новосибирск,65,https://mebel-nsk.ru/shkafy/shkafy-kype/,mebel-nsk.ru,6,0,,,content,ok,,artifacts\query--016223eb93dfa034.json,5f44d284e423df4b68e7f3bc97cd35c5b28de04a,341296,73.6842,15959.0,212712.0,2511.0,859.0,0.342094782954998,5.0709,30.0,83.7,48.0,1.0,0.0,0.0,1.0,1.0,43.0,1.0,102.0,0.0,0.0,0.0,79.0,2.0,2.0,0.5,0.5,2.0,0.5,21.0,0.031462,1.0,560.0,104.0,317.0,0.0,3.0,160.0,53.333333,52.3125,223.018718,41.417762,126.244524,0.0,0.075026,0.177303,1.0,1.0,4.483929,0.020833,0.177303,0.088651,0.088651,0.25,0.177303,0.7,0.781818,0.703448,0.951281,0.060654,0.177303,200.0,1.0,0.0,0.0,0.0,0.0,1.0,0.0,0.0,0.0,1.0,1.0,1.0,0.0,0.0,2.0,0.0,0.0,1.0,0.8,1.0,0.75,0.91,1.0,4.0,1.0,1.0,1.0,1.0,1.0,1.0,1.0,0.0,1.0,0.0,0.0,0.0,1.0,33.0,1.0,1.0,1.0,1.0,1.0,8.0,6.0,0.888889,0.666667,0.851852
dataset-v2,v2,extraction-v2,hybrid-v1,weak_serp,68.4211,,шкафы-купе цена Новосибирск,шкафы-купе,commercial,Новосибирск,65,https://www.kuhni-nsk.ru/catalog/shkafy_kupe/,kuhni-nsk.ru,7,0,,,product,ok,,artifacts\query--fcd92db3d679c091.json,8d963a423c62e7f9d5839e464528cef95a2d56f0,142655,68.4211,6188.0,89708.0,929.0,478.0,0.5145317545748116,5.4812,50.0,18.58,3.0,1.0,1.0,0.0,2.0,1.0,85.0,1.0,164.0,0.0,0.0,0.0,38.0,3.0,3.0,0.5,0.25,4.0,0.5,11.0,0.040904,1.0,142.0,20.0,116.0,3.0,7.0,42.0,6.0,309.6667,152.85253,21.528525,124.865447,3.229279,0.068979,0.509772,1.0,1.0,6.542254,0.666667,0.509772,0.254886,0.254886,0.25,0.315719,0.7,0.454545,0.868966,0.636527,0.135373,0.509772,200.0,1.0,0.0,0.0,1.0,1.0,1.0,0.0,0.0,0.0,1.0,1.0,1.0,0.0,0.0,2.0,0.0,0.0,1.0,0.8,1.0,1.0,0.96,1.0,9.0,1.0,1.0,1.0,1.0,1.0,1.0,1.0,0.0,1.0,1.0,0.0,0.0,1.0,4.0,1.0,1.0,1.0,1.0,1.0,8.0,7.0,0.888889,0.777778,0.888889
dataset-v2,v2,extraction-v2,hybrid-v1,weak_serp,63.1579,,шкафы-купе цена Новосибирск,шкафы-купе,commercial,Новосибирск,65,https://shkaf-kupe-novosibirsk.ru/,shkaf-kupe-novosibirsk.ru,8,0,,,homepage,ok,,artifacts\query--1b6a17b18e0f5025.json,dbd4dd36ce6e00b1f8388e998bbeeff26620cabe,569155,63.1579,22453.0,483839.0,3157.0,1375.0,0.4355400696864111,5.8838,262.0,12.0496,70.0,1.0,23.0,0.0,24.0,1.0,94.0,1.0,162.0,0.0,0.0,0.0,102.0,2.0,1.0,0.5,0.25,5.0,0.5,11.0,0.032309,0.75,115.0,69.0,113.0,110.0,3.0,57.0,19.0,45.1,36.426988,21.856193,35.793475,34.843206,0.046406,0.588762,1.0,1.0,27.452174,0.342857,0.441572,0.294381,0.294381,0.25,0.588762,0.6625,0.290909,0.882759,0.692271,0.256429,0.588762,200.0,1.0,0.0,0.0,1.0,1.0,1.0,0.0,0.0,0.0,1.0,1.0,1.0,0.0,0.0,0.0,0.0,0.0,1.0,1.0,1.0,1.0,1.0,1.0,21.0,1.0,1.0,1.0,1.0,1.0,1.0,1.0,1.0,1.0,1.0,1.0,1.0,1.0,11.0,0.0,1.0,1.0,1.0,0.8,9.0,9.0,1.0,1.0,0.933333
dataset-v2,v2,extraction-v2,hybrid-v1,weak_serp,57.8947,,шкафы-купе цена Новосибирск,шкафы-купе,commercial,Новосибирск,65,https://znatokmebeli.ru/catalog/shkafy-kupe,znatokmebeli.ru,9,0,,,product,ok,,artifacts\query--dab48cac22e84132.json,ba41fa5187439b88496ddcf7c5ccc1d6e395694e,92561,57.8947,3598.0,60835.0,543.0,253.0,0.46593001841620624,5.4641,53.0,10.2453,4.0,1.0,0.0,0.0,1.0,1.0,77.0,1.0,138.0,0.0,0.0,0.0,25.0,2.0,2.0,0.5,0.5,2.0,0.5,15.0,0.046041,0.5,126.0,34.0,74.0,10.0,2.0,6.0,3.0,135.75,232.044199,62.615101,136.279926,18.416206,0.059144,0.464526,1.0,1.0,4.309524,0.25,0.232263,0.232263,0.232263,0.25,0.168158,0.625,0.6,0.951724,0.232658,0.065292,0.464526,200.0,1.0,0.0,0.0,0.0,0.0,0.0,0.0,0.0,0.0,1.0,1.0,1.0,0.0,0.0,2.0,0.0,0.0,1.0,0.8,1.0,0.75,0.91,0.0,0.0,0.0,1.0,0.0,1.0,1.0,0.0,0.0,0.0,1.0,0.0,0.0,0.0,1.0,1.0,0.0,1.0,1.0,1.0,0.2,4.0,4.0,0.444444,0.444444,0.362963
dataset-v2,v2,extraction-v2,hybrid-v1,weak_serp,52.6316,,шкафы-купе цена Новосибирск,шкафы-купе,commercial,Новосибирск,65,http://www.shkaf54.ru/,shkaf54.ru,10,0,,,homepage,ok,,artifacts\query--37cf956ed7096935.json,699434a9a19ec6bda34ea1b0ab7ae91ef0df9203,202259,52.6316,13111.0,135818.0,2104.0,593.0,0.2818441064638783,5.0908,78.0,26.9744,110.0,1.0,12.0,5.0,18.0,1.0,43.0,1.0,103.0,0.0,0.0,0.0,100.0,2.0,2.0,0.5,0.5,4.0,0.5,22.0,0.047529,0.75,182.0,112.0,59.0,97.0,4.0,17.0,4.25,19.1273,86.501901,53.231939,28.041825,46.102662,0.096534,0.541564,1.0,1.0,11.56044,0.163636,0.406173,0.270782,0.270782,0.25,0.541564,0.6625,0.781818,0.710345,0.311787,0.152637,0.541564,200.0,1.0,0.0,0.0,0.0,0.0,1.0,0.0,0.0,0.0,1.0,1.0,1.0,0.0,0.0,0.0,0.0,0.0,1.0,1.0,1.0,0.75,0.95,1.0,2.0,0.0,1.0,0.0,1.0,1.0,1.0,1.0,1.0,0.0,1.0,0.0,0.0,1.0,7.0,0.0,1.0,1.0,1.0,0.4,7.0,5.0,0.777778,0.555556,0.577778
dataset-v2,v2,extraction-v2,hybrid-v1,weak_serp,100.0,,шкафы-купе цена Казань,шкафы-купе,commercial,Казань,43,https://kazan.lemanapro.ru/catalogue/shkafy-kupe/,kazan.lemanapro.ru,1,0,,,product,ok,,artifacts\query--d7996ec2249ac6d1.json,00f550c68a768e55627eed34d6c3f1c2d9b8679d,10073,100.0,77.0,8264.0,13.0,13.0,1.0,5.0,1.0,13.0,1.0,1.0,0.0,0.0,1.0,1.0,12.0,0.0,0.0,0.0,0.0,0.0,0.0,0.0,0.0,0.0,0.0,0.0,0.0,0.0,0.0,0.0,1.0,0.0,0.0,0.0,0.0,0.0,0.0,13.0,76.923077,0.0,0.0,0.0,0.009318,-0.064749,0.0,0.0,13.0,1.0,-0.0,-0.0,-0.0,0.0,-0.000561,0.0,0.218182,0.0,0.0,-0.000468,-0.0,403.0,0.0,0.0,0.0,0.0,0.0,0.0,0.0,0.0,0.0,0.0,1.0,1.0,0.0,0.0,2.0,0.0,0.0,1.0,0.8,1.0,0.75,0.71,1.0,1.0,0.0,0.0,0.0,0.0,0.0,0.0,0.0,0.0,0.0,0.0,0.0,0.0,0.0,0.0,0.0,0.0,0.0,0.0,0.2,1.0,0.0,0.111111,0.0,0.103704
dataset-v2,v2,extraction-v2,hybrid-v1,weak_serp,94.7368,,шкафы-купе цена Казань,шкафы-купе,commercial,Казань,43,https://kazanshkafkupe.ru/,kazanshkafkupe.ru,2,0,,,homepage,ok,,artifacts\query--d1606f94e05e9a43.json,17f0fc553a330a81fd8a23fa7269446659f41631,216086,94.7368,5581.0,180269.0,824.0,356.0,0.4320388349514563,5.6262,38.0,21.6842,52.0,1.0,5.0,14.0,20.0,1.0,69.0,1.0,145.0,0.0,0.0,0.0,98.0,2.0,4.0,0.5,0.5,22.0,0.5,18.0,0.118932,0.75,43.0,61.0,30.0,1.0,2.0,84.0,42.0,15.8462,52.184466,74.029126,36.407767,1.213592,0.030959,0.558016,1.0,1.0,19.162791,0.384615,0.418512,0.279008,0.279008,0.25,0.306537,0.6625,0.745455,1.0,0.0,0.110363,0.558016,200.0,1.0,0.0,0.0,0.0,0.0,1.0,0.0,0.0,0.0,1.0,1.0,1.0,0.0,0.0,0.0,0.0,0.0,1.0,1.0,1.0,0.75,0.95,1.0,1.0,1.0,1.0,0.0,1.0,1.0,1.0,1.0,1.0,1.0,0.0,0.0,0.0,1.0,2.0,1.0,1.0,1.0,1.0,0.8,7.0,6.0,0.777778,0.666667,0.748148
dataset-v2,v2,extraction-v2,hybrid-v1,weak_serp,89.4737,,шкафы-купе цена Казань,шкафы-купе,commercial,Казань,43,https://www.kazan.bestmebelshop.ru/catalog/shkafy-kupe/,kazan.bestmebelshop.ru,3,0,,,product,ok,,artifacts\query--adac2086bab825b1.json,9c6024749adc650401a880a62c300943bdbde417,1116916,89.4737,16573.0,910782.0,3043.0,667.0,0.21919158724942492,4.257,155.0,19.6323,1.0,0.0,0.0,0.0,0.0,1.0,62.0,1.0,132.0,0.0,0.0,0.0,275.0,2.0,2.0,0.5,0.5,0.0,0.0,89.0,0.090371,1.0,474.0,343.0,186.0,1.0,4.0,158.0,39.5,3043.0,155.767335,112.717713,61.123891,0.328623,0.018196,0.346062,1.0,1.0,6.419831,0.0,0.346062,0.173031,0.0,0.0,0.346062,0.575,0.872727,0.910345,0.0,0.075854,0.346062,200.0,1.0,0.0,0.0,0.0,0.0,1.0,0.0,0.0,0.0,1.0,1.0,1.0,0.0,0.0,2.0,0.0,0.0,1.0,0.8,1.0,0.75,0.91,1.0,6.0,1.0,1.0,1.0,1.0,1.0,1.0,1.0,1.0,1.0,1.0,1.0,1.0,1.0,53.0,1.0,1.0,1.0,1.0,1.0,9.0,9.0,1.0,1.0,1.0
dataset-v2,v2,extraction-v2,hybrid-v1,weak_serp,84.2105,,шкафы-купе цена Казань,шкафы-купе,commercial,Казань,43,https://kazan.inmyroom.ru/products/mebel/shkafy/shkafy-kupe,kazan.inmyroom.ru,4,0,,,product,ok,,artifacts\query--b320c0029d846937.json,7463e2d85c6ee4edd9dd956f659e6804492ad8c7,1424258,84.2105,12972.0,1268820.0,2055.0,739.0,0.3596107055961071,5.1294,52.0,39.5192,6.0,1.0,2.0,0.0,3.0,1.0,70.0,1.0,149.0,0.0,0.0,0.0,138.0,1.0,3.0,0.25,0.5,6.0,0.5,4.0,0.067153,1.0,385.0,98.0,35.0,5.0,2.0,17.0,8.5,342.5,187.347932,47.688564,17.03163,2.43309,0.010224,0.545452,1.0,1.0,5.337662,0.5,0.545452,0.136363,0.272726,0.125,0.545452,0.6125,0.727273,0.972414,0.0,0.19615,0.545452,200.0,1.0,0.0,0.0,1.0,1.0,1.0,0.0,0.0,0.0,1.0,1.0,1.0,0.0,0.0,4.0,0.0,0.0,1.0,0.6,1.0,1.0,0.92,1.0,6.0,0.0,1.0,1.0,1.0,1.0,1.0,1.0,1.0,1.0,1.0,1.0,0.0,1.0,1.0,1.0,1.0,1.0,1.0,0.8,8.0,8.0,0.888889,0.888889,0.859259
dataset-v2,v2,extraction-v2,hybrid-v1,weak_serp,78.9474,,шкафы-купе цена Казань,шкафы-купе,commercial,Казань,43,https://kazan.nonton.ru/mebel/shkafy/,kazan.nonton.ru,5,0,,,content,ok,,artifacts\query--0d00d6e17d3be857.json,7a47ebc8c82b76399e086d67431ece15dd815a98,2869896,78.9474,26781.0,2515060.0,4311.0,759.0,0.17606123869171886,5.0566,75.0,57.48,1.0,1.0,0.0,0.0,1.0,1.0,79.0,1.0,194.0,0.0,0.0,0.0,442.0,0.0,1.0,0.0,0.25,1.0,0.25,15.0,0.102528,1.0,1201.0,221.0,197.0,4.0,4.0,180.0,45.0,4311.0,278.589654,51.264208,45.697054,0.927859,0.010648,0.436674,1.0,1.0,3.589509,1.0,0.436674,0.0,0.109169,0.0,0.436674,0.4625,0.563636,0.662069,0.0,0.076881,0.436674,200.0,1.0,0.0,0.0,1.0,1.0,0.0,0.0,0.0,0.0,1.0,1.0,1.0,0.0,0.0,2.0,0.0,0.0,1.0,0.8,1.0,1.0,0.96,1.0,2.0,0.0,1.0,1.0,1.0,1.0,1.0,1.0,1.0,1.0,1.0,0.0,0.0,1.0,42.0,1.0,1.0,1.0,1.0,0.8,8.0,7.0,0.888889,0.777778,0.822222
dataset-v2,v2,extraction-v2,hybrid-v1,weak_serp,73.6842,,шкафы-купе цена Казань,шкафы-купе,commercial,Казань,43,https://мафа-мебель.рф/catalog/shkafy-kupe-shkafy/,мафа-мебель.рф,6,0,,,product,ok,,artifacts\query--63d4c848f999ec53.json,4b69a2580a5ca63c2c503cdab175fd6a9ae92480,115027,73.6842,5097.0,78541.0,713.0,353.0,0.4950911640953717,5.9046,37.0,19.2703,43.0,1.0,3.0,1.0,5.0,1.0,50.0,1.0,164.0,0.0,0.0,0.0,44.0,2.0,2.0,0.5,0.5,6.0,0.75,16.0,0.061711,1.0,117.0,39.0,11.0,20.0,5.0,5.0,1.0,16.5814,164.095372,54.698457,15.42777,28.050491,0.064896,0.457915,1.0,1.0,6.094017,0.116279,0.457915,0.228958,0.343436,0.375,0.217662,0.7625,0.909091,0.868966,0.0,0.089802,0.457915,200.0,1.0,0.0,0.0,0.0,0.0,0.0,0.0,0.0,0.0,1.0,1.0,1.0,0.0,0.0,2.0,0.0,0.0,1.0,0.8,1.0,0.75,0.91,1.0,3.0,1.0,1.0,1.0,1.0,1.0,1.0,1.0,1.0,1.0,0.0,0.0,0.0,1.0,12.0,1.0,1.0,0.0,0.0,1.0,8.0,5.0,0.888889,0.555556,0.814815
dataset-v2,v2,extraction-v2,hybrid-v1,weak_serp,68.4211,,шкафы-купе цена Казань,шкафы-купе,commercial,Казань,43,https://www.divan.ru/kazan/category/shkafy-kupe,divan.ru,7,0,,,category,ok,,artifacts\query--f77487ee57c7d230.json,1070a6511b06cc76f9e280b968a63bab3595fe2f,2699938,68.4211,10883.0,2302843.0,1787.0,528.0,0.29546726357022945,4.9894,128.0,13.9609,2.0,1.0,0.0,0.0,1.0,1.0,82.0,1.0,238.0,0.0,0.0,0.0,75.0,3.0,3.0,0.5,0.5,2.0,0.5,12.0,0.04197,1.0,510.0,96.0,3.0,0.0,1.0,2.0,2.0,893.5,285.394516,53.721321,1.678791,0.0,0.004726,0.384481,1.0,1.0,3.503922,0.5,0.384481,0.192241,0.192241,0.25,0.384481,0.7,0.509091,0.358621,0.601007,0.112781,0.384481,200.0,1.0,0.0,0.0,1.0,1.0,1.0,0.0,0.0,0.0,1.0,1.0,1.0,0.0,0.0,3.0,0.0,0.0,1.0,0.7,1.0,1.0,0.94,1.0,6.0,0.0,1.0,1.0,1.0,1.0,1.0,1.0,1.0,1.0,1.0,1.0,0.0,1.0,53.0,1.0,1.0,1.0,1.0,0.8,8.0,8.0,0.888889,0.888889,0.859259
dataset-v2,v2,extraction-v2,hybrid-v1,weak_serp,63.1579,,шкафы-купе цена Казань,шкафы-купе,commercial,Казань,43,https://kazan.good-mebel.com/category/shkafy-kupe/,kazan.good-mebel.com,8,0,,,category,ok,,artifacts\query--56ed62aecd1e311e.json,3ec2cd884caf27f8ba8cde5f2b153ad357192f51,3759850,63.1579,18468.0,3362044.0,3235.0,642.0,0.19845440494590416,4.5975,83.0,38.9759,6.0,1.0,0.0,0.0,1.0,1.0,94.0,1.0,199.0,0.0,0.0,0.0,108.0,3.0,4.0,0.5,0.5,1.0,0.25,8.0,0.033385,1.0,1067.0,375.0,395.0,0.0,2.0,20.0,10.0,539.1667,329.829985,115.919629,122.102009,0.0,0.005493,0.515982,1.0,1.0,3.031865,0.166667,0.515982,0.257991,0.128996,0.125,0.515982,0.6375,0.290909,0.627586,0.887172,0.102399,0.515982,200.0,1.0,0.0,0.0,1.0,1.0,0.0,0.0,0.0,0.0,1.0,1.0,1.0,0.0,0.0,2.0,0.0,0.0,1.0,0.8,1.0,1.0,0.96,1.0,5.0,1.0,1.0,1.0,1.0,1.0,1.0,1.0,1.0,1.0,1.0,1.0,1.0,1.0,53.0,1.0,1.0,1.0,1.0,1.0,9.0,9.0,1.0,1.0,1.0
dataset-v2,v2,extraction-v2,hybrid-v1,weak_serp,57.8947,,шкафы-купе цена Казань,шкафы-купе,commercial,Казань,43,https://mebeldan.ru/catalog/shkafy-kupe/,mebeldan.ru,9,0,,,product,ok,,artifacts\query--c31facc126470e2b.json,52b12031a7fb07560f457a0a0f848a8049b9fd81,206277,57.8947,13580.0,139875.0,1962.0,997.0,0.5081549439347605,5.7197,168.0,11.6786,21.0,1.0,2.0,19.0,22.0,1.0,86.0,1.0,161.0,0.0,0.0,0.0,60.0,3.0,2.0,0.5,0.25,4.0,0.5,22.0,0.030581,0.75,156.0,74.0,105.0,0.0,8.0,110.0,13.75,93.4286,79.510703,37.716616,53.51682,0.0,0.097087,0.493208,1.0,1.0,12.576923,1.047619,0.369906,0.246604,0.246604,0.25,0.493208,0.6625,0.436364,0.889655,0.735474,0.250626,0.493208,200.0,1.0,0.0,0.0,0.0,0.0,1.0,0.0,0.0,0.0,1.0,1.0,0.0,0.0,0.0,2.0,0.0,0.0,1.0,0.8,0.5,0.75,0.81,1.0,3.0,1.0,1.0,1.0,1.0,1.0,0.0,0.0,1.0,1.0,1.0,0.0,0.0,1.0,2.0,1.0,1.0,1.0,1.0,1.0,6.0,8.0,0.666667,0.888889,0.851852
dataset-v2,v2,extraction-v2,hybrid-v1,weak_serp,52.6316,,шкафы-купе цена Казань,шкафы-купе,commercial,Казань,43,https://meggamebel.ru/catalog/shkafy/shkafy-kupe/,meggamebel.ru,10,0,,,product,ok,,artifacts\query--78fca7b3e7a4cf95.json,6baecf445f79301627bddfceced9defbca925c01,400449,52.6316,6090.0,308951.0,927.0,349.0,0.37648327939590076,5.3765,42.0,22.0714,44.0,1.0,0.0,0.0,1.0,1.0,75.0,1.0,132.0,0.0,0.0,0.0,67.0,5.0,3.0,0.75,0.75,2.0,0.5,11.0,0.072276,0.75,328.0,76.0,392.0,0.0,6.0,90.0,15.0,21.0682,353.829558,81.984898,422.869471,0.0,0.019712,0.222144,1.0,1.0,2.82622,0.022727,0.166608,0.166608,0.111072,0.375,0.137285,0.75,0.636364,0.910345,0.0,0.043071,0.222144,200.0,1.0,0.0,0.0,1.0,1.0,1.0,0.0,0.0,0.0,1.0,1.0,1.0,0.0,0.0,3.0,0.0,0.0,1.0,0.7,1.0,1.0,0.94,1.0,3.0,0.0,1.0,1.0,1.0,1.0,0.0,1.0,0.0,1.0,0.0,0.0,0.0,1.0,1.0,1.0,1.0,1.0,1.0,0.8,7.0,5.0,0.777778,0.555556,0.711111
dataset-v2,v2,extraction-v2,hybrid-v1,weak_serp,100.0,,шкафы-купе цена Краснодар,шкафы-купе,commercial,Краснодар,35,https://krasnodar.lemanapro.ru/catalogue/shkafy-kupe/,krasnodar.lemanapro.ru,1,0,,,product,ok,,artifacts\query--8e97ec88181e3b5b.json,7b836a2ba1c3f385692dda96c2d9d0cdeb3844f0,10081,100.0,77.0,8264.0,13.0,13.0,1.0,5.0,1.0,13.0,1.0,1.0,0.0,0.0,1.0,1.0,12.0,0.0,0.0,0.0,0.0,0.0,0.0,0.0,0.0,0.0,0.0,0.0,0.0,0.0,0.0,0.0,1.0,0.0,0.0,0.0,0.0,0.0,0.0,13.0,76.923077,0.0,0.0,0.0,0.009318,-0.103833,0.0,0.0,13.0,1.0,-0.0,-0.0,-0.0,0.0,-0.0009,0.0,0.218182,0.0,0.0,-0.00075,-0.0,403.0,0.0,0.0,0.0,0.0,0.0,0.0,0.0,0.0,0.0,0.0,1.0,1.0,0.0,0.0,2.0,0.0,0.0,1.0,0.8,1.0,0.75,0.71,1.0,1.0,0.0,0.0,0.0,0.0,0.0,0.0,0.0,0.0,0.0,0.0,0.0,0.0,0.0,0.0,0.0,0.0,0.0,0.0,0.2,1.0,0.0,0.111111,0.0,0.103704
dataset-v2,v2,extraction-v2,hybrid-v1,weak_serp,94.7368,,шкафы-купе цена Краснодар,шкафы-купе,commercial,Краснодар,35,https://4nozhki.ru/tovari/shkafi-kupe/krasnodar/,4nozhki.ru,2,0,,,content,ok,,artifacts\query--47efe3a98498ec2e.json,41d7ba3cae40cf42d132e203d7926a25d3ea06de,17598,94.7368,32.0,15099.0,4.0,4.0,1.0,6.75,1.0,4.0,2.0,0.0,0.0,0.0,0.0,0.0,0.0,0.0,0.0,0.0,0.0,0.0,0.0,0.0,0.0,0.0,0.0,0.0,0.0,0.0,0.0,0.0,1.0,0.0,0.0,0.0,0.0,0.0,0.0,2.0,250.0,0.0,0.0,0.0,0.002119,0.189875,0.0,0.0,4.0,0.0,0.0,0.0,0.0,0.0,0.000506,0.0,0.0,0.0,0.0,0.000422,0.0,200.0,1.0,0.0,0.0,0.0,0.0,0.0,1.0,1.0,0.0,0.0,1.0,0.0,0.0,0.0,3.0,0.0,0.0,1.0,0.7,0.5,0.75,0.59,0.0,0.0,0.0,0.0,0.0,0.0,1.0,0.0,0.0,0.0,1.0,0.0,0.0,0.0,0.0,0.0,0.0,0.0,0.0,0.0,0.0,0.0,1.0,0.0,0.111111,0.037037
dataset-v2,v2,extraction-v2,hybrid-v1,weak_serp,89.4737,,шкафы-купе цена Краснодар,шкафы-купе,commercial,Краснодар,35,https://www.avito.ru/krasnodar/mebel_i_interer/shkafy_komodyi_stellazhi-ASgBAgICAURaqAI?q=шкаф+купе,avito.ru,3,0,,,content,ok,,artifacts\query--bf2b2e376fdc5353.json,9bbf3ef353298d5e4c30e7510d4f976b475bcd76,34462,89.4737,947.0,28943.0,133.0,90.0,0.6766917293233082,5.8421,12.0,11.0833,11.0,0.0,1.0,0.0,1.0,1.0,31.0,0.0,0.0,0.0,0.0,0.0,0.0,0.0,0.0,0.0,0.0,0.0,0.0,0.0,0.0,0.0,1.0,1.0,0.0,1.0,1.0,2.0,2.0,12.0909,7.518797,7.518797,0.0,7.518797,0.032719,-0.051341,0.0,0.75,133.0,0.090909,-0.0,-0.0,-0.0,0.0,-0.004552,0.0,0.563636,0.0,0.0,-0.002567,-0.038506,429.0,0.0,0.0,0.0,0.0,0.0,0.0,0.0,0.0,0.0,0.0,1.0,1.0,0.0,0.0,3.0,1.0,1.0,1.0,0.6,1.0,0.35,0.59,1.0,1.0,0.0,0.0,0.0,0.0,1.0,0.0,0.0,0.0,1.0,0.0,0.0,0.0,1.0,1.0,1.0,0.0,1.0,1.0,0.4,2.0,3.0,0.222222,0.333333,0.318519
dataset-v2,v2,extraction-v2,hybrid-v1,weak_serp,84.2105,,шкафы-купе цена Краснодар,шкафы-купе,commercial,Краснодар,35,http://tkmebeli.ru/shkafy-kupe,tkmebeli.ru,4,0,,,content,ok,,artifacts\query--fef01d00575a49da.json,6ff23c75e0217926203521825d107b64aeb5f73e,89645,84.2105,7780.0,49772.0,1154.0,463.0,0.40121317157712305,5.5026,109.0,10.5872,46.0,1.0,2.0,0.0,3.0,1.0,65.0,1.0,193.0,0.0,0.0,0.0,81.0,1.0,3.0,0.25,0.5,4.0,0.5,32.0,0.070191,0.75,118.0,36.0,42.0,1.0,6.0,24.0,4.0,25.087,102.253033,31.195841,36.395147,0.866551,0.156313,0.357739,1.0,1.0,9.779661,0.065217,0.268304,0.089435,0.178869,0.125,0.275221,0.575,0.818182,0.668966,0.0,0.092018,0.357739,200.0,1.0,0.0,0.0,0.0,0.0,1.0,0.0,0.0,0.0,1.0,1.0,0.0,0.0,0.0,1.0,0.0,0.0,1.0,0.9,0.5,0.75,0.83,1.0,3.0,0.0,1.0,0.0,1.0,1.0,1.0,1.0,0.0,1.0,1.0,0.0,0.0,1.0,1.0,1.0,1.0,0.0,0.0,0.6,7.0,3.0,0.777778,0.333333,0.57037
dataset-v2,v2,extraction-v2,hybrid-v1,weak_serp,78.9474,,шкафы-купе цена Краснодар,шкафы-купе,commercial,Краснодар,35,https://krasnodar.nonton.ru/mebel/shkafy/shkafy-kupe/,krasnodar.nonton.ru,5,0,,,content,ok,,artifacts\query--877f186301311cf2.json,63359b71ffb7c63b4560381b39e39ad23442f61c,2856947,78.9474,26796.0,2500621.0,4327.0,733.0,0.16940143286341577,5.0538,57.0,75.9123,1.0,1.0,0.0,0.0,1.0,1.0,54.0,1.0,189.0,0.0,0.0,0.0,744.0,2.0,1.0,0.5,0.25,2.0,0.5,17.0,0.171944,1.0,1177.0,218.0,183.0,4.0,4.0,152.0,38.0,4327.0,272.012942,50.381327,42.292581,0.924428,0.010716,0.361619,1.0,1.0,3.676296,1.0,0.361619,0.18081,0.18081,0.25,0.361619,0.7,0.981818,0.696552,0.0,0.061259,0.361619,200.0,1.0,0.0,0.0,1.0,1.0,0.0,0.0,0.0,0.0,1.0,1.0,1.0,0.0,0.0,3.0,0.0,0.0,1.0,0.7,1.0,1.0,0.94,1.0,2.0,0.0,1.0,1.0,1.0,1.0,1.0,1.0,1.0,1.0,1.0,0.0,0.0,1.0,42.0,1.0,1.0,1.0,1.0,0.8,8.0,7.0,0.888889,0.777778,0.822222
dataset-v2,v2,extraction-v2,hybrid-v1,weak_serp,68.4211,,шкафы-купе цена Краснодар,шкафы-купе,commercial,Краснодар,35,https://mebelpik.ru/shop/shkafy-kupe/,mebelpik.ru,7,0,,,product,ok,,artifacts\query--f6bf2339ae32c2c1.json,e00d494bc208d18e71abcd32c7dc4d77321ee99c,725802,68.4211,15786.0,551698.0,2350.0,526.0,0.22382978723404257,5.5855,67.0,35.0746,17.0,1.0,0.0,28.0,29.0,1.0,76.0,1.0,136.0,0.0,0.0,0.0,108.0,1.0,2.0,0.25,0.5,27.0,0.75,4.0,0.045957,1.0,625.0,54.0,530.0,67.0,4.0,36.0,9.0,138.2353,265.957447,22.978723,225.531915,28.510638,0.028613,0.295417,1.0,1.0,3.76,1.705882,0.295417,0.073854,0.221563,0.1875,0.295417,0.675,0.618182,0.937931,0.468085,0.066123,0.295417,200.0,1.0,0.0,0.0,1.0,1.0,1.0,0.0,0.0,0.0,1.0,1.0,1.0,0.0,0.0,2.0,0.0,0.0,1.0,0.8,1.0,1.0,0.96,1.0,2.0,1.0,1.0,1.0,1.0,1.0,1.0,0.0,1.0,1.0,1.0,0.0,1.0,1.0,3.0,1.0,1.0,1.0,1.0,1.0,8.0,8.0,0.888889,0.888889,0.925926
dataset-v2,v2,extraction-v2,hybrid-v1,weak_serp,63.1579,,шкафы-купе цена Краснодар,шкафы-купе,commercial,Краснодар,35,https://shkaf-krasnodar.ru/,shkaf-krasnodar.ru,8,0,,,homepage,ok,,artifacts\query--cbc6b60b87f8ff89.json,bc87869222b2a92d589493611a259774d338202a,152031,63.1579,7316.0,94329.0,1165.0,507.0,0.4351931330472103,5.0678,65.0,17.9231,158.0,1.0,0.0,0.0,1.0,1.0,77.0,1.0,118.0,0.0,0.0,0.0,16.0,1.0,0.0,0.25,0.0,0.0,0.0,8.0,0.013734,0.75,221.0,109.0,186.0,2.0,1.0,22.0,22.0,7.3734,189.699571,93.562232,159.656652,1.716738,0.077558,0.536215,1.0,1.0,5.271493,0.006329,0.402161,0.134054,0.0,0.0,0.41646,0.45,0.6,0.813793,0.343348,0.151034,0.536215,200.0,1.0,0.0,0.0,1.0,1.0,0.0,0.0,0.0,0.0,1.0,1.0,1.0,0.0,0.0,0.0,0.0,0.0,1.0,1.0,1.0,1.0,1.0,1.0,13.0,0.0,1.0,0.0,0.0,0.0,1.0,0.0,1.0,1.0,1.0,1.0,0.0,1.0,2.0,1.0,1.0,1.0,1.0,0.6,5.0,7.0,0.555556,0.777778,0.644444
dataset-v2,v2,extraction-v2,hybrid-v1,weak_serp,57.8947,,шкафы-купе цена Краснодар,шкафы-купе,commercial,Краснодар,35,https://krasnodar.arkomebel.ru/shkafy-2/shkafy-kupe/,krasnodar.arkomebel.ru,9,0,,,content,ok,,artifacts\query--13f0695fa21f054f.json,f679174512586e205e403f257e878c7a25c0b54e,330746,57.8947,7975.0,256886.0,1438.0,272.0,0.18915159944367177,4.4145,93.0,15.4624,44.0,1.0,0.0,2.0,3.0,1.0,64.0,1.0,172.0,0.0,0.0,0.0,59.0,2.0,4.0,0.5,0.5,2.0,0.5,15.0,0.041029,0.75,204.0,375.0,92.0,0.0,2.0,10.0,5.0,32.6818,141.8637,260.77886,63.977747,0.0,0.031045,0.117226,1.0,1.0,7.04902,0.068182,0.087919,0.058613,0.058613,0.25,0.112381,0.6625,0.836364,0.813793,0.47427,0.017714,0.117226,200.0,1.0,0.0,0.0,1.0,1.0,0.0,0.0,0.0,0.0,1.0,1.0,1.0,0.0,0.0,2.0,0.0,0.0,1.0,0.8,1.0,1.0,0.96,1.0,8.0,0.0,1.0,1.0,1.0,1.0,1.0,1.0,1.0,1.0,1.0,0.0,0.0,1.0,40.0,1.0,1.0,1.0,1.0,0.8,8.0,7.0,0.888889,0.777778,0.822222
dataset-v2,v2,extraction-v2,hybrid-v1,weak_serp,52.6316,,шкафы-купе цена Краснодар,шкафы-купе,commercial,Краснодар,35,https://kalenich-home.ru/shkafy_kupe/,kalenich-home.ru,10,0,,,content,ok,,artifacts\query--2a38f4e13566eaef.json,90c62788f57b5b70b6fbfc3ad9d7f59118049e87,874220,52.6316,15009.0,743037.0,2255.0,708.0,0.3139689578713969,5.4177,46.0,49.0217,23.0,1.0,6.0,2.0,9.0,1.0,72.0,1.0,184.0,0.0,0.0,0.0,161.0,2.0,2.0,0.5,0.5,13.0,0.5,3.0,0.071397,0.75,276.0,67.0,245.0,4.0,3.0,54.0,18.0,98.0435,122.394678,29.711752,108.64745,1.773836,0.0202,0.139804,0.75,1.0,8.17029,0.391304,0.104853,0.069902,0.069902,0.25,0.139804,0.6,0.690909,0.731034,0.0,0.043894,0.139804,200.0,1.0,0.0,0.0,1.0,1.0,1.0,0.0,0.0,0.0,1.0,1.0,1.0,0.0,0.0,1.0,0.0,0.0,1.0,0.9,1.0,1.0,0.98,1.0,4.0,1.0,1.0,1.0,1.0,1.0,1.0,1.0,1.0,1.0,1.0,0.0,0.0,1.0,1.0,1.0,1.0,1.0,1.0,1.0,8.0,8.0,0.888889,0.888889,0.925926
dataset-v2,v2,extraction-v2,hybrid-v1,weak_serp,100.0,,шкафы-купе цена Самара,шкафы-купе,commercial,Самара,51,https://samara.lemanapro.ru/catalogue/shkafy-kupe/,samara.lemanapro.ru,1,0,,,product,ok,,artifacts\query--994b1cd808b53ad2.json,a32b2058e1e091e609413b7d914a45a4a88e97d5,10075,100.0,77.0,8264.0,13.0,13.0,1.0,5.0,1.0,13.0,1.0,1.0,0.0,0.0,1.0,1.0,12.0,0.0,0.0,0.0,0.0,0.0,0.0,0.0,0.0,0.0,0.0,0.0,0.0,0.0,0.0,0.0,1.0,0.0,0.0,0.0,0.0,0.0,0.0,13.0,76.923077,0.0,0.0,0.0,0.009318,-0.022857,0.0,0.0,13.0,1.0,-0.0,-0.0,-0.0,0.0,-0.000198,0.0,0.218182,0.0,0.0,-0.000165,-0.0,403.0,0.0,0.0,0.0,0.0,0.0,0.0,0.0,0.0,0.0,0.0,1.0,1.0,0.0,0.0,2.0,0.0,0.0,1.0,0.8,1.0,0.75,0.71,1.0,1.0,0.0,0.0,0.0,0.0,0.0,0.0,0.0,0.0,0.0,0.0,0.0,0.0,0.0,0.0,0.0,0.0,0.0,0.0,0.2,1.0,0.0,0.111111,0.0,0.103704
dataset-v2,v2,extraction-v2,hybrid-v1,weak_serp,94.7368,,шкафы-купе цена Самара,шкафы-купе,commercial,Самара,51,https://sam-mebel.ru/,sam-mebel.ru,2,0,,,homepage,ok,,artifacts\query--0142c78c459b028e.json,bf29a3bf09bc8aad0d9d7b78977af52820461bf9,758319,94.7368,30220.0,635764.0,4333.0,755.0,0.17424417262866373,5.787,254.0,17.0591,63.0,1.0,3.0,0.0,4.0,1.0,51.0,1.0,200.0,0.0,0.0,0.0,170.0,2.0,5.0,0.5,0.5,8.0,0.5,13.0,0.039234,0.75,148.0,115.0,0.0,22.0,31.0,124.0,4.0,68.7778,34.156474,26.540503,0.0,5.077314,0.047533,0.549527,1.0,0.75,29.277027,0.063492,0.412145,0.274763,0.274763,0.25,0.549527,0.6625,0.927273,0.62069,0.519155,0.095752,0.412145,200.0,1.0,0.0,0.0,0.0,0.0,1.0,0.0,0.0,0.0,1.0,1.0,0.0,0.0,0.0,0.0,0.0,0.0,1.0,1.0,0.5,0.75,0.85,1.0,1.0,1.0,1.0,0.0,1.0,1.0,1.0,0.0,0.0,1.0,0.0,0.0,0.0,1.0,45.0,1.0,1.0,1.0,1.0,0.8,6.0,5.0,0.666667,0.555556,0.674074
dataset-v2,v2,extraction-v2,hybrid-v1,weak_serp,89.4737,,шкафы-купе цена Самара,шкафы-купе,commercial,Самара,51,https://mebeldom63.ru/cat/shkafyi/shkafy-kupe/,mebeldom63.ru,3,0,,,content,ok,,artifacts\query--3e184b6a014fbce3.json,610219db00aa2575ca80564c05afd60a0975c079,246698,89.4737,9481.0,170306.0,1482.0,494.0,0.3333333333333333,5.0951,158.0,9.3797,24.0,1.0,42.0,3.0,46.0,1.0,49.0,1.0,151.0,0.0,0.0,0.0,64.0,1.0,1.0,0.25,0.25,43.0,0.5,14.0,0.043185,1.0,180.0,44.0,92.0,2.0,2.0,20.0,10.0,61.75,121.45749,29.689609,62.078273,1.349528,0.05567,0.530118,1.0,1.0,8.233333,1.916667,0.530118,0.132529,0.265059,0.125,0.523757,0.6125,0.890909,0.958621,0.560504,0.145488,0.530118,200.0,1.0,0.0,0.0,1.0,1.0,1.0,0.0,0.0,0.0,1.0,1.0,1.0,0.0,0.0,3.0,0.0,0.0,1.0,0.7,1.0,1.0,0.94,1.0,8.0,0.0,1.0,1.0,1.0,1.0,1.0,1.0,1.0,1.0,0.0,0.0,1.0,1.0,40.0,0.0,1.0,1.0,1.0,0.6,9.0,6.0,1.0,0.666667,0.755556
dataset-v2,v2,extraction-v2,hybrid-v1,weak_serp,84.2105,,шкафы-купе цена Самара,шкафы-купе,commercial,Самара,51,https://www.e-1.ru/city/samara/,e-1.ru,4,0,,,content,ok,,artifacts\query--c0fb522bdbd17ec4.json,f380d3a6322b1ef41d96b74729bed374b702a73c,220911,84.2105,4106.0,166377.0,604.0,319.0,0.5281456953642384,5.4387,24.0,25.1667,15.0,1.0,3.0,10.0,14.0,1.0,68.0,1.0,122.0,0.0,0.0,0.0,23.0,2.0,1.0,0.5,0.25,3.0,0.5,6.0,0.038079,0.75,148.0,5.0,34.0,3.0,0.0,1.0,0.0,40.2667,245.033113,8.278146,56.291391,4.966887,0.024679,0.568434,1.0,0.75,4.081081,0.933333,0.426326,0.284217,0.284217,0.25,0.228889,0.6625,0.763636,0.841379,0.548013,0.100739,0.426326,200.0,1.0,0.0,0.0,1.0,1.0,1.0,0.0,0.0,0.0,1.0,1.0,1.0,0.0,0.0,2.0,0.0,0.0,1.0,0.8,1.0,1.0,0.96,1.0,11.0,0.0,1.0,1.0,1.0,1.0,1.0,0.0,1.0,1.0,1.0,0.0,1.0,1.0,3.0,1.0,1.0,1.0,1.0,0.8,8.0,7.0,0.888889,0.777778,0.822222
dataset-v2,v2,extraction-v2,hybrid-v1,weak_serp,78.9474,,шкафы-купе цена Самара,шкафы-купе,commercial,Самара,51,https://mebel-kega.ru/shkafy/shkafy-kupe,mebel-kega.ru,5,0,,,content,ok,,artifacts\query--da94c57b28246ac8.json,92fd72e975831cba5b14faeed3f5462530c65ef9,164791,78.9474,2829.0,128229.0,474.0,207.0,0.43670886075949367,4.5802,8.0,59.25,4.0,1.0,2.0,0.0,3.0,1.0,112.0,1.0,220.0,0.0,0.0,0.0,51.0,4.0,5.0,0.5,0.75,2.0,0.5,27.0,0.107595,1.0,121.0,39.0,27.0,4.0,39.0,122.0,3.128205,118.5,255.274262,82.278481,56.962025,8.438819,0.022062,0.590991,1.0,1.0,3.917355,0.75,0.590991,0.295496,0.295496,0.25,0.186753,0.7,0.0,0.482759,0.0,0.067964,0.590991,200.0,1.0,0.0,0.0,1.0,1.0,0.0,0.0,0.0,0.0,1.0,1.0,1.0,0.0,0.0,2.0,0.0,0.0,1.0,0.8,1.0,1.0,0.96,1.0,3.0,1.0,0.0,0.0,1.0,1.0,0.0,0.0,1.0,1.0,1.0,0.0,1.0,1.0,1.0,0.0,1.0,1.0,1.0,0.4,5.0,6.0,0.555556,0.666667,0.540741
dataset-v2,v2,extraction-v2,hybrid-v1,weak_serp,73.6842,,шкафы-купе цена Самара,шкафы-купе,commercial,Самара,51,https://www.avito.ru/samara?q=шкаф+купе,avito.ru,6,0,,,content,ok,,artifacts\query--1068bebce72de447.json,301df938d3f1a2953dad98e3de511841e52740bc,34342,73.6842,947.0,28943.0,133.0,90.0,0.6766917293233082,5.8421,12.0,11.0833,11.0,0.0,1.0,0.0,1.0,1.0,31.0,0.0,0.0,0.0,0.0,0.0,0.0,0.0,0.0,0.0,0.0,0.0,0.0,0.0,0.0,0.0,1.0,1.0,0.0,1.0,1.0,2.0,2.0,12.0909,7.518797,7.518797,0.0,7.518797,0.032719,-0.015,0.0,0.75,133.0,0.090909,-0.0,-0.0,-0.0,0.0,-0.00133,0.0,0.563636,0.0,0.0,-0.00075,-0.01125,429.0,0.0,0.0,0.0,0.0,0.0,0.0,0.0,0.0,0.0,0.0,1.0,1.0,0.0,0.0,1.0,1.0,1.0,1.0,0.8,1.0,0.35,0.63,1.0,1.0,0.0,0.0,0.0,0.0,1.0,0.0,0.0,0.0,1.0,0.0,0.0,0.0,1.0,1.0,1.0,0.0,1.0,1.0,0.4,2.0,3.0,0.222222,0.333333,0.318519
dataset-v2,v2,extraction-v2,hybrid-v1,weak_serp,68.4211,,шкафы-купе цена Самара,шкафы-купе,commercial,Самара,51,https://samara.bestmebelshop.ru/catalog/shkafy-kupe/,samara.bestmebelshop.ru,7,0,,,product,ok,,artifacts\query--6e4f69f705359e18.json,b5e2cabf7b4c1e6d62c855ba66064c613a400851,1115075,68.4211,16607.0,909068.0,3046.0,674.0,0.22127380170715694,4.2633,153.0,19.9085,1.0,1.0,0.0,0.0,1.0,1.0,71.0,1.0,123.0,0.0,0.0,0.0,277.0,2.0,2.0,0.5,0.5,2.0,0.5,89.0,0.090939,1.0,474.0,336.0,186.0,1.0,4.0,158.0,39.5,3046.0,155.61392,110.308601,61.06369,0.328299,0.018268,0.416551,1.0,1.0,6.42616,1.0,0.416551,0.208276,0.208276,0.25,0.416551,0.7,0.709091,0.848276,0.0,0.092172,0.416551,200.0,1.0,0.0,0.0,0.0,0.0,1.0,0.0,0.0,0.0,1.0,1.0,1.0,0.0,0.0,2.0,0.0,0.0,1.0,0.8,1.0,0.75,0.91,1.0,6.0,1.0,1.0,1.0,1.0,1.0,1.0,1.0,1.0,1.0,1.0,1.0,1.0,1.0,53.0,1.0,1.0,1.0,1.0,1.0,9.0,9.0,1.0,1.0,1.0
dataset-v2,v2,extraction-v2,hybrid-v1,weak_serp,63.1579,,шкафы-купе цена Самара,шкафы-купе,commercial,Самара,51,https://mariya-mebell.ru/product-category/shkafy-kupe/,mariya-mebell.ru,8,0,,,product,ok,,artifacts\query--53343983a28b5a5f.json,a17a057fc355b54e9cd2ff2ec4d9b4e06814fada,337820,63.1579,5685.0,257270.0,901.0,391.0,0.4339622641509434,5.212,31.0,29.0645,64.0,1.0,6.0,0.0,7.0,1.0,71.0,1.0,233.0,0.0,0.0,0.0,129.0,3.0,3.0,0.5,0.5,4.0,0.5,35.0,0.143174,1.0,312.0,86.0,26.0,0.0,6.0,40.0,6.666667,14.0781,346.281909,95.449501,28.856826,0.0,0.022097,0.413111,1.0,1.0,2.887821,0.109375,0.413111,0.206556,0.206556,0.25,0.248142,0.7,0.709091,0.393103,0.0,0.089737,0.413111,200.0,1.0,0.0,0.0,1.0,1.0,1.0,0.0,0.0,0.0,1.0,1.0,1.0,0.0,0.0,2.0,0.0,0.0,1.0,0.8,1.0,1.0,0.96,1.0,1.0,1.0,1.0,0.0,1.0,1.0,0.0,0.0,0.0,1.0,0.0,0.0,0.0,1.0,2.0,0.0,1.0,1.0,1.0,0.6,5.0,5.0,0.555556,0.555556,0.57037
dataset-v2,v2,extraction-v2,hybrid-v1,weak_serp,57.8947,,шкафы-купе цена Самара,шкафы-купе,commercial,Самара,51,https://felicitamebel.ru/shkafy-kupe-v-samare-na-zakaz/,felicitamebel.ru,9,0,,,content,ok,,artifacts\query--c091972d82b228e0.json,50530684bdcd7da5cf0e71e2325121143d420a96,186135,57.8947,6963.0,124918.0,927.0,500.0,0.5393743257820928,6.2697,55.0,16.8545,20.0,0.0,6.0,0.0,6.0,1.0,52.0,1.0,127.0,0.0,0.0,0.0,48.0,1.0,3.0,0.25,0.75,6.0,0.5,20.0,0.05178,0.75,153.0,110.0,39.0,24.0,1.0,1.0,1.0,46.35,165.048544,118.662352,42.071197,25.889968,0.055741,0.544788,1.0,1.0,6.058824,0.3,0.408591,0.136197,0.272394,0.125,0.336679,0.575,0.945455,0.875862,0.205502,0.15133,0.544788,200.0,1.0,0.0,0.0,1.0,1.0,1.0,0.0,0.0,0.0,1.0,1.0,1.0,0.0,0.0,1.0,0.0,0.0,1.0,0.9,1.0,1.0,0.98,1.0,2.0,0.0,1.0,0.0,1.0,1.0,1.0,0.0,1.0,1.0,0.0,0.0,0.0,1.0,1.0,1.0,1.0,1.0,1.0,0.6,6.0,5.0,0.666667,0.555556,0.607407
dataset-v2,v2,extraction-v2,hybrid-v1,weak_serp,52.6316,,шкафы-купе цена Самара,шкафы-купе,commercial,Самара,51,https://bigmebel-samara.ru/shkafy-kupe/,bigmebel-samara.ru,10,0,,,content,ok,,artifacts\query--3aa6b5f90cb18ecf.json,f63482f921ac0115c8575a0c4a7df910cf5b46f9,3172960,52.6316,56802.0,2781118.0,8550.0,2349.0,0.27473684210526317,5.4944,374.0,22.861,143.0,1.0,0.0,2.0,3.0,1.0,69.0,1.0,187.0,0.0,0.0,0.0,181.0,2.0,4.0,0.5,0.5,3.0,0.5,9.0,0.02117,1.0,616.0,716.0,289.0,105.0,8.0,257.0,32.125,59.7902,72.046784,83.74269,33.80117,12.280702,0.020424,0.644151,1.0,1.0,13.87987,0.020979,0.644151,0.322076,0.322076,0.25,0.644151,0.7,0.745455,0.710345,0.705653,0.176972,0.644151,200.0,1.0,0.0,0.0,1.0,1.0,1.0,0.0,0.0,0.0,1.0,1.0,1.0,0.0,0.0,1.0,0.0,0.0,1.0,0.9,1.0,1.0,0.98,1.0,4.0,0.0,1.0,1.0,1.0,1.0,1.0,1.0,1.0,1.0,1.0,0.0,1.0,1.0,48.0,1.0,1.0,1.0,1.0,0.8,9.0,7.0,1.0,0.777778,0.859259
dataset-v2,v2,extraction-v2,hybrid-v1,weak_serp,100.0,,шкафы-купе цена Нижний Новгород,шкафы-купе,commercial,Нижний Новгород,47,https://shkaf-nnov.ru/,shkaf-nnov.ru,1,0,,,homepage,ok,,artifacts\query--65a7d517fb33b496.json,d1408cd42ae95de27b5b10ac3f6fbe429dd71419,61039,100.0,4708.0,35833.0,692.0,382.0,0.5520231213872833,5.4899,62.0,11.1613,19.0,1.0,3.0,0.0,4.0,1.0,73.0,0.0,0.0,0.0,0.0,0.0,28.0,4.0,0.0,0.8,0.0,2.0,0.4,19.0,0.040462,0.8,74.0,26.0,41.0,5.0,1.0,7.0,7.0,36.4211,106.936416,37.572254,59.248555,7.225434,0.131387,0.50358,1.0,1.0,9.351351,0.210526,0.402864,0.402864,0.201432,0.32,0.232318,0.75,0.672727,0.0,0.521002,0.106871,0.50358,200.0,1.0,0.0,0.0,0.0,0.0,0.0,0.0,0.0,0.0,1.0,1.0,1.0,0.0,0.0,0.0,0.0,0.0,1.0,1.0,1.0,0.75,0.95,1.0,7.0,1.0,1.0,1.0,1.0,1.0,1.0,1.0,1.0,0.0,1.0,0.0,0.0,1.0,1.0,0.0,1.0,1.0,1.0,0.8,8.0,7.0,0.888889,0.777778,0.822222
dataset-v2,v2,extraction-v2,hybrid-v1,weak_serp,94.7368,,шкафы-купе цена Нижний Новгород,шкафы-купе,commercial,Нижний Новгород,47,https://www.avito.ru/nizhniy_novgorod?q=шкафы+купе,avito.ru,2,0,,,content,ok,,artifacts\query--9666853291eeb4ed.json,bdc72e3b124540a5e80b43b30eaa249590de42fb,34370,94.7368,947.0,28943.0,133.0,90.0,0.6766917293233082,5.8421,12.0,11.0833,11.0,0.0,1.0,0.0,1.0,1.0,31.0,0.0,0.0,0.0,0.0,0.0,0.0,0.0,0.0,0.0,0.0,0.0,0.0,0.0,0.0,0.0,1.0,1.0,0.0,1.0,1.0,2.0,2.0,12.0909,7.518797,7.518797,0.0,7.518797,0.032719,0.046464,0.0,0.75,133.0,0.090909,0.0,0.0,0.0,0.0,0.00412,0.0,0.563636,0.0,0.0,0.002323,0.034848,429.0,0.0,0.0,0.0,0.0,0.0,0.0,0.0,0.0,0.0,0.0,1.0,1.0,0.0,0.0,1.0,1.0,1.0,1.0,0.8,1.0,0.35,0.63,1.0,1.0,0.0,0.0,0.0,0.0,1.0,0.0,0.0,0.0,1.0,0.0,0.0,0.0,1.0,1.0,1.0,0.0,1.0,1.0,0.4,2.0,3.0,0.222222,0.333333,0.318519
dataset-v2,v2,extraction-v2,hybrid-v1,weak_serp,89.4737,,шкафы-купе цена Нижний Новгород,шкафы-купе,commercial,Нижний Новгород,47,https://4nozhki.ru/tovari/shkafi-kupe/nigniy-novgorod/,4nozhki.ru,3,0,,,content,ok,,artifacts\query--d7a60f8f7a99b82f.json,e0f1d35a6f6c02d4b042846fc5764099a2c028ed,17632,89.4737,32.0,15121.0,4.0,4.0,1.0,6.75,1.0,4.0,2.0,0.0,0.0,0.0,0.0,0.0,0.0,0.0,0.0,0.0,0.0,0.0,0.0,0.0,0.0,0.0,0.0,0.0,0.0,0.0,0.0,0.0,1.0,0.0,0.0,0.0,0.0,0.0,0.0,2.0,250.0,0.0,0.0,0.0,0.002116,0.094863,0.0,0.0,4.0,0.0,0.0,0.0,0.0,0.0,0.000253,0.0,0.0,0.0,0.0,0.000211,0.0,200.0,1.0,0.0,0.0,0.0,0.0,0.0,1.0,1.0,0.0,0.0,1.0,0.0,0.0,0.0,3.0,0.0,0.0,1.0,0.7,0.5,0.75,0.59,0.0,0.0,0.0,0.0,0.0,0.0,1.0,0.0,0.0,0.0,1.0,0.0,0.0,0.0,0.0,0.0,0.0,0.0,0.0,0.0,0.0,0.0,1.0,0.0,0.111111,0.037037
dataset-v2,v2,extraction-v2,hybrid-v1,weak_serp,84.2105,,шкафы-купе цена Нижний Новгород,шкафы-купе,commercial,Нижний Новгород,47,https://www.nn.bestmebelshop.ru/catalog/shkafy-kupe/,nn.bestmebelshop.ru,4,0,,,product,ok,,artifacts\query--d10c06c868edb668.json,0cfe5f19defa27a04cde9ff875e1aac1af9bd2d5,1121350,84.2105,17481.0,912005.0,3163.0,775.0,0.24502055011065443,4.3377,164.0,19.2866,3.0,1.0,0.0,0.0,1.0,1.0,72.0,1.0,145.0,0.0,0.0,0.0,282.0,2.0,2.0,0.4,0.4,2.0,0.4,90.0,0.089156,1.0,474.0,343.0,186.0,1.0,4.0,158.0,39.5,1054.3333,149.85773,108.441353,58.804932,0.316156,0.019168,0.357205,1.0,1.0,6.672996,0.333333,0.357205,0.142882,0.142882,0.16,0.357205,0.64,0.690909,1.0,0.0,0.087523,0.357205,200.0,1.0,0.0,0.0,0.0,0.0,1.0,0.0,0.0,0.0,1.0,1.0,1.0,0.0,0.0,2.0,0.0,0.0,1.0,0.8,1.0,0.75,0.91,1.0,6.0,1.0,1.0,1.0,1.0,1.0,1.0,1.0,1.0,1.0,1.0,1.0,1.0,1.0,53.0,1.0,1.0,1.0,1.0,1.0,9.0,9.0,1.0,1.0,1.0
dataset-v2,v2,extraction-v2,hybrid-v1,weak_serp,78.9474,,шкафы-купе цена Нижний Новгород,шкафы-купе,commercial,Нижний Новгород,47,https://nn.stolplit.ru/internet-magazin/katalog-mebeli/80-shkafy-kupe/,nn.stolplit.ru,5,0,,,content,ok,,artifacts\query--2f14182fc378ecc7.json,c12fab428ffd0886c51de4d3b9e4b829dbb5eb0b,2202555,78.9474,10309.0,2043001.0,1798.0,560.0,0.3114571746384872,4.5261,81.0,22.1975,13.0,1.0,1.0,0.0,2.0,1.0,81.0,1.0,210.0,0.0,0.0,0.0,66.0,4.0,4.0,0.4,0.4,3.0,0.4,19.0,0.036707,1.0,275.0,435.0,91.0,21.0,3.0,104.0,34.666667,138.3077,152.94772,241.935484,50.611791,11.679644,0.005046,0.437873,1.0,1.0,6.538182,0.153846,0.437873,0.175149,0.175149,0.16,0.437873,0.64,0.527273,0.551724,0.776418,0.136227,0.437873,200.0,1.0,0.0,0.0,1.0,1.0,1.0,0.0,0.0,0.0,1.0,1.0,1.0,0.0,0.0,3.0,0.0,0.0,1.0,0.7,1.0,1.0,0.94,1.0,7.0,0.0,1.0,1.0,0.0,1.0,1.0,1.0,1.0,1.0,1.0,1.0,0.0,1.0,1.0,1.0,1.0,1.0,1.0,0.8,7.0,8.0,0.777778,0.888889,0.822222
dataset-v2,v2,extraction-v2,hybrid-v1,weak_serp,73.6842,,шкафы-купе цена Нижний Новгород,шкафы-купе,commercial,Нижний Новгород,47,https://nizhnij-novgorod.good-mebel.com/category/shkafy-kupe/,nizhnij-novgorod.good-mebel.com,6,0,,,category,ok,,artifacts\query--ae229402b076cc6f.json,d3b2f54fcb60f4015abe6efc1fd219688d109aa1,3694312,73.6842,18520.0,3298353.0,3237.0,652.0,0.2014210688909484,4.6002,85.0,38.0824,6.0,1.0,0.0,0.0,1.0,1.0,104.0,1.0,210.0,0.0,0.0,0.0,116.0,3.0,4.0,0.4,0.4,1.0,0.2,12.0,0.035836,1.0,1068.0,384.0,395.0,0.0,2.0,20.0,10.0,539.5,329.935125,118.62836,122.026568,0.0,0.005615,0.425244,1.0,1.0,3.030899,0.166667,0.425244,0.170098,0.085049,0.08,0.425244,0.59,0.109091,0.551724,0.805478,0.085653,0.425244,200.0,1.0,0.0,0.0,1.0,1.0,0.0,0.0,0.0,0.0,1.0,1.0,1.0,0.0,0.0,2.0,0.0,0.0,1.0,0.8,1.0,1.0,0.96,1.0,5.0,1.0,1.0,1.0,1.0,1.0,1.0,1.0,1.0,1.0,1.0,1.0,1.0,1.0,53.0,1.0,1.0,1.0,1.0,1.0,9.0,9.0,1.0,1.0,1.0
dataset-v2,v2,extraction-v2,hybrid-v1,weak_serp,68.4211,,шкафы-купе цена Нижний Новгород,шкафы-купе,commercial,Нижний Новгород,47,https://nizhniynovgorod.mebel-1000.ru/catalogue/korpusnaya-mebel/shkafy-kupe/,nizhniynovgorod.mebel-1000.ru,7,0,,,product,ok,,artifacts\query--1b0ed3149cb6a65d.json,0626a7de66d3ef332c612a133498797b2095e95d,277845,68.4211,12744.0,170614.0,1961.0,821.0,0.41866394696583376,5.3406,89.0,22.0337,20.0,1.0,5.0,47.0,53.0,1.0,75.0,1.0,205.0,0.0,0.0,0.0,71.0,2.0,2.0,0.2,0.2,45.0,0.8,10.0,0.036206,0.8,282.0,62.0,121.0,6.0,4.0,14.0,3.5,98.05,143.804182,31.616522,61.703213,3.059663,0.074695,0.303876,1.0,1.0,6.953901,2.65,0.243101,0.060775,0.243101,0.16,0.303876,0.64,0.636364,0.586207,0.634506,0.127222,0.303876,200.0,1.0,0.0,0.0,1.0,0.0,1.0,0.0,0.0,0.0,1.0,1.0,1.0,0.0,0.0,3.0,0.0,0.0,1.0,0.7,1.0,0.0,0.74,1.0,6.0,1.0,1.0,1.0,1.0,1.0,1.0,1.0,1.0,1.0,0.0,0.0,0.0,1.0,8.0,1.0,1.0,1.0,1.0,1.0,8.0,7.0,0.888889,0.777778,0.888889
dataset-v2,v2,extraction-v2,hybrid-v1,weak_serp,63.1579,,шкафы-купе цена Нижний Новгород,шкафы-купе,commercial,Нижний Новгород,47,https://nizhny-novgorod.mebelion.ru/mebel/shkafy-kupe/,nizhny-novgorod.mebelion.ru,8,0,,,content,ok,,artifacts\query--be3ebf454bff2b93.json,c4c527ddb9a5447b4e3cb5d8b9a16c917c4ad235,1164716,63.1579,17574.0,857445.0,2676.0,935.0,0.34940209267563527,5.4626,136.0,19.6765,5.0,1.0,1.0,465.0,467.0,1.0,99.0,1.0,196.0,0.0,0.0,0.0,89.0,5.0,7.0,0.6,1.0,8.0,0.4,16.0,0.033259,0.6,1062.0,737.0,517.0,7.0,2.0,92.0,46.0,535.2,396.860987,275.411061,193.198804,2.615845,0.020496,0.281397,1.0,1.0,2.519774,93.4,0.168838,0.168838,0.112559,0.24,0.281397,0.65,0.2,0.648276,0.534828,0.098321,0.281397,200.0,1.0,0.0,0.0,1.0,1.0,0.0,0.0,0.0,0.0,1.0,0.0,1.0,0.0,0.0,2.0,0.0,0.0,1.0,0.8,0.5,1.0,0.86,1.0,12.0,0.0,1.0,0.0,1.0,1.0,1.0,1.0,1.0,1.0,1.0,0.0,0.0,1.0,1.0,0.0,1.0,1.0,1.0,0.4,7.0,6.0,0.777778,0.666667,0.614815
dataset-v2,v2,extraction-v2,hybrid-v1,weak_serp,57.8947,,шкафы-купе цена Нижний Новгород,шкафы-купе,commercial,Нижний Новгород,47,https://nn.kupit-shkaf.ru/,nn.kupit-shkaf.ru,9,0,,,homepage,ok,,artifacts\query--849780d1b3518edb.json,2a236b00bbbd582cbd1f1d9d7bd2aa7b6d6e5cd6,254067,57.8947,9675.0,182017.0,1447.0,549.0,0.3794056668970283,5.5024,36.0,40.1944,173.0,1.0,10.0,0.0,11.0,1.0,55.0,1.0,181.0,0.0,0.0,0.0,83.0,1.0,2.0,0.2,0.2,2.0,0.2,6.0,0.05736,1.0,142.0,121.0,188.0,0.0,9.0,74.0,8.222222,8.3642,98.13407,83.621285,129.923981,0.0,0.053154,0.477154,1.0,1.0,10.190141,0.063584,0.477154,0.095431,0.095431,0.04,0.460295,0.52,1.0,0.751724,0.087998,0.145532,0.477154,200.0,1.0,0.0,0.0,1.0,1.0,0.0,0.0,0.0,0.0,1.0,1.0,1.0,0.0,0.0,0.0,0.0,0.0,1.0,1.0,1.0,1.0,1.0,1.0,1.0,1.0,1.0,1.0,1.0,1.0,1.0,1.0,1.0,1.0,1.0,0.0,1.0,1.0,10.0,1.0,1.0,1.0,1.0,1.0,9.0,8.0,1.0,0.888889,0.962963
dataset-v2,v2,extraction-v2,hybrid-v1,weak_serp,52.6316,,шкафы-купе цена Нижний Новгород,шкафы-купе,commercial,Нижний Новгород,47,https://nizhnij-novgorod.jsprav.ru/proizvodstvo-i-prodazha-shkafov-kupe/,nizhnij-novgorod.jsprav.ru,10,0,,,content,ok,,artifacts\query--e490af172381cfdd.json,56d96e85c237429143254cd203485747bc80aa2f,346665,52.6316,8540.0,246167.0,1242.0,431.0,0.3470209339774557,5.5709,113.0,10.9912,1.0,1.0,0.0,0.0,1.0,1.0,97.0,1.0,175.0,0.0,0.0,0.0,108.0,2.0,2.0,0.4,0.4,2.0,0.4,18.0,0.086957,1.0,201.0,4.0,80.0,0.0,1.0,1.0,1.0,1242.0,161.835749,3.220612,64.412238,0.0,0.034692,0.280746,1.0,1.0,6.179104,1.0,0.280746,0.112298,0.112298,0.16,0.232458,0.64,0.236364,0.793103,0.0,0.067223,0.280746,200.0,1.0,0.0,0.0,0.0,0.0,0.0,0.0,0.0,0.0,1.0,1.0,1.0,0.0,0.0,1.0,0.0,0.0,1.0,0.9,1.0,0.75,0.93,1.0,23.0,0.0,1.0,1.0,0.0,1.0,0.0,1.0,0.0,0.0,1.0,1.0,1.0,1.0,27.0,0.0,1.0,1.0,1.0,0.6,7.0,6.0,0.777778,0.666667,0.681481
dataset-v2,v2,extraction-v2,hybrid-v1,weak_serp,100.0,,как выбрать шкафы-купе,шкафы-купе,informational,,,http://www.realto.ru/journal/articles/kak-vybrat-shkaf-kupe-v-kvartiru-obzor-mehanizmov-i-sistem-hraneniya/,realto.ru,1,0,,,article,ok,,artifacts\query--04c8c5c3972c1fcf.json,ac4d4fad1693a83b45f7848d99839ad83186e92a,349044,100.0,15032.0,255895.0,2065.0,937.0,0.45375302663438255,6.0949,146.0,14.1438,16.0,1.0,7.0,16.0,24.0,1.0,80.0,1.0,150.0,0.0,0.0,0.0,21.0,3.0,1.0,0.75,0.25,4.0,0.75,3.0,0.010169,1.0,253.0,34.0,165.0,23.0,5.0,22.0,4.4,129.0625,122.51816,16.464891,79.903148,11.138015,0.058743,0.50078,0.75,1.0,8.162055,1.5,0.50078,0.375585,0.375585,0.5625,0.50078,0.7875,0.545455,0.965517,0.338983,0.22723,0.50078,200.0,1.0,0.0,0.0,1.0,1.0,0.0,0.0,0.0,0.0,1.0,0.0,1.0,0.0,0.0,3.0,0.0,0.0,1.0,0.7,0.5,1.0,0.84,1.0,2.0,1.0,1.0,1.0,0.0,1.0,0.0,1.0,0.0,1.0,0.0,0.0,0.0,1.0,2.0,1.0,1.0,1.0,1.0,1.0,6.0,6.0,0.666667,0.666667,0.777778
dataset-v2,v2,extraction-v2,hybrid-v1,weak_serp,94.7368,,как выбрать шкафы-купе,шкафы-купе,informational,,,https://www.artis21.ru/blog/kak-vybrat-shkaf-kupe-vidy-razmery-materialy-i-napolnenie/,artis21.ru,2,0,,,article,ok,,artifacts\query--33d76849db092a67.json,f7983ea5b32081a424f45e205e77a1d6321a31be,290057,94.7368,19622.0,195332.0,2743.0,1331.0,0.4852351440029165,5.9384,199.0,13.7839,102.0,1.0,8.0,4.0,13.0,1.0,47.0,1.0,160.0,0.0,0.0,0.0,70.0,3.0,3.0,0.75,0.75,9.0,0.75,14.0,0.02552,1.0,206.0,13.0,174.0,37.0,3.0,4.0,1.333333,26.8922,75.100255,4.739336,63.434196,13.488881,0.100455,0.560869,1.0,1.0,13.315534,0.127451,0.560869,0.420652,0.420652,0.5625,0.560869,0.85,0.854545,0.896552,0.85065,0.272153,0.560869,200.0,1.0,0.0,0.0,1.0,1.0,0.0,0.0,0.0,0.0,1.0,1.0,1.0,0.0,0.0,2.0,0.0,0.0,1.0,0.8,1.0,1.0,0.96,1.0,5.0,1.0,1.0,0.0,0.0,1.0,1.0,1.0,1.0,1.0,1.0,0.0,0.0,1.0,1.0,1.0,1.0,1.0,1.0,0.8,6.0,7.0,0.666667,0.777778,0.748148
dataset-v2,v2,extraction-v2,hybrid-v1,weak_serp,89.4737,,как выбрать шкафы-купе,шкафы-купе,informational,,,https://www.mebelmsk.ru/stati/sovety-eksperta/kak_vybrat_shkaf_kupe/,mebelmsk.ru,3,0,,,content,ok,,artifacts\query--50338ed684e962e4.json,5f7e541e484c3919ecc81caf162cc3b4fede3212,331866,89.4737,15985.0,227111.0,2193.0,1067.0,0.48654810761513906,6.1272,120.0,18.275,13.0,1.0,11.0,18.0,30.0,1.0,93.0,1.0,185.0,0.0,0.0,0.0,85.0,3.0,3.0,0.75,0.5,11.0,1.0,19.0,0.03876,1.0,312.0,26.0,245.0,0.0,3.0,24.0,8.0,168.6923,142.270862,11.855905,111.719106,0.0,0.070384,0.727697,1.0,1.0,7.028846,2.307692,0.727697,0.545773,0.727697,0.75,0.727697,0.9125,0.309091,0.724138,0.70801,0.35406,0.727697,200.0,1.0,0.0,0.0,1.0,1.0,0.0,0.0,0.0,0.0,1.0,1.0,1.0,0.0,0.0,3.0,0.0,0.0,1.0,0.7,1.0,1.0,0.94,1.0,4.0,0.0,1.0,1.0,0.0,1.0,1.0,1.0,1.0,1.0,1.0,0.0,1.0,1.0,4.0,1.0,1.0,1.0,1.0,0.8,8.0,7.0,0.888889,0.777778,0.822222
dataset-v2,v2,extraction-v2,hybrid-v1,weak_serp,84.2105,,как выбрать шкафы-купе,шкафы-купе,informational,,,https://nadivan.ru/blog/kak-vybrat-shkaf-kupe/,nadivan.ru,4,0,,,article,ok,,artifacts\query--3e76176434713faf.json,3ed9f79576f57984cc6ad8d0b37aec37d552f694,533785,84.2105,21806.0,376613.0,2826.0,1167.0,0.4129511677282378,6.4621,157.0,18.0,60.0,1.0,5.0,8.0,14.0,1.0,44.0,1.0,168.0,0.0,0.0,0.0,92.0,3.0,5.0,0.75,0.75,12.0,0.75,7.0,0.032555,1.0,561.0,167.0,279.0,12.0,23.0,35.0,1.521739,47.1,198.5138,59.094126,98.726115,4.246285,0.0579,0.37449,1.0,1.0,5.037433,0.233333,0.37449,0.280867,0.280867,0.5625,0.37449,0.85,0.8,0.841379,0.914838,0.154646,0.37449,200.0,1.0,0.0,0.0,0.0,0.0,1.0,0.0,0.0,0.0,1.0,1.0,1.0,0.0,0.0,2.0,0.0,0.0,1.0,0.8,1.0,0.75,0.91,1.0,3.0,1.0,1.0,1.0,1.0,1.0,1.0,1.0,1.0,1.0,0.0,0.0,0.0,1.0,1.0,1.0,1.0,1.0,1.0,1.0,8.0,7.0,0.888889,0.777778,0.888889
dataset-v2,v2,extraction-v2,hybrid-v1,weak_serp,78.9474,,как выбрать шкафы-купе,шкафы-купе,informational,,,https://mebelino-mebel.ru/articles/vybiraem-shkaf-kupe-material-konfiguratsiya-furnitura/,mebelino-mebel.ru,5,0,,,article,ok,,artifacts\query--e5dbf12a5e09a858.json,2199f087330a6643f33f96880da2af000fd5648f,1097656,78.9474,24724.0,893280.0,3431.0,1626.0,0.4739143106965899,6.0504,118.0,29.0763,57.0,1.0,1.0,0.0,2.0,1.0,46.0,1.0,168.0,0.0,0.0,0.0,160.0,1.0,4.0,0.25,0.75,2.0,0.25,25.0,0.046634,1.0,861.0,30.0,884.0,25.0,6.0,35.0,5.833333,60.193,250.947246,8.743806,257.650831,7.286505,0.027678,0.521495,1.0,1.0,3.984901,0.035088,0.521495,0.130374,0.130374,0.0625,0.521495,0.55,0.836364,0.841379,0.445546,0.247144,0.521495,200.0,1.0,0.0,0.0,1.0,1.0,0.0,0.0,0.0,0.0,1.0,1.0,1.0,0.0,0.0,2.0,0.0,0.0,1.0,0.8,1.0,1.0,0.96,1.0,7.0,1.0,1.0,1.0,0.0,1.0,1.0,1.0,1.0,1.0,1.0,1.0,1.0,1.0,7.0,1.0,1.0,1.0,1.0,1.0,8.0,9.0,0.888889,1.0,0.962963
dataset-v2,v2,extraction-v2,hybrid-v1,weak_serp,68.4211,,как выбрать шкафы-купе,шкафы-купе,informational,,,https://mebelmrya.ru/blog/kak-pravilno-vybrat-shkaf-kupe-prakticheskoe-rukovodstvo,mebelmrya.ru,7,0,,,article,ok,,artifacts\query--c749cade013ec4fe.json,7a2bc2836fa16123fde7f8354384b282b9e59191,50549,68.4211,5209.0,27539.0,706.0,435.0,0.6161473087818697,6.17,41.0,17.2195,44.0,1.0,9.0,4.0,14.0,1.0,76.0,1.0,155.0,0.0,0.0,0.0,33.0,3.0,4.0,0.75,0.75,9.0,0.75,19.0,0.046742,1.0,36.0,6.0,69.0,16.0,1.0,7.0,7.0,16.0455,50.991501,8.498584,97.733711,22.66289,0.18915,0.730285,1.0,1.0,19.611111,0.318182,0.730285,0.547714,0.547714,0.5625,0.343721,0.85,0.618182,0.931034,0.441926,0.176486,0.730285,200.0,1.0,0.0,0.0,0.0,0.0,0.0,0.0,0.0,0.0,1.0,1.0,1.0,0.0,0.0,2.0,0.0,0.0,1.0,0.8,1.0,0.75,0.91,1.0,3.0,1.0,1.0,0.0,0.0,1.0,0.0,0.0,0.0,1.0,0.0,0.0,1.0,1.0,2.0,1.0,1.0,1.0,1.0,0.8,5.0,5.0,0.555556,0.555556,0.637037
dataset-v2,v2,extraction-v2,hybrid-v1,weak_serp,63.1579,,как выбрать шкафы-купе,шкафы-купе,informational,,,https://rewood-mebel.ru/buyers/blog/kak_vybrat_shkaf_kupe_vidy_razmery_i_sovety_po_vyboru/,rewood-mebel.ru,8,0,,,article,ok,,artifacts\query--8b2629a941a81e5c.json,ac832efe877919d7c4b164b1d25b1df095961661,270199,63.1579,11732.0,202162.0,1584.0,759.0,0.4791666666666667,6.2399,88.0,18.0,43.0,1.0,5.0,5.0,11.0,1.0,74.0,1.0,231.0,0.0,0.0,0.0,80.0,3.0,3.0,0.75,0.75,6.0,0.75,24.0,0.050505,1.0,196.0,28.0,70.0,0.0,5.0,12.0,2.4,36.8372,123.737374,17.676768,44.191919,0.0,0.058033,0.677903,1.0,1.0,8.081633,0.255814,0.677903,0.508427,0.508427,0.5625,0.677903,0.85,0.654545,0.406897,0.316498,0.285849,0.677903,200.0,1.0,0.0,0.0,1.0,1.0,1.0,0.0,0.0,0.0,1.0,1.0,1.0,0.0,0.0,3.0,0.0,0.0,1.0,0.7,1.0,1.0,0.94,1.0,5.0,1.0,1.0,1.0,0.0,1.0,1.0,1.0,0.0,1.0,1.0,0.0,1.0,1.0,4.0,1.0,1.0,1.0,1.0,1.0,8.0,7.0,0.888889,0.777778,0.888889
dataset-v2,v2,extraction-v2,hybrid-v1,weak_serp,57.8947,,как выбрать шкафы-купе,шкафы-купе,informational,,,http://shkafy-spb.ru/about/articles/kak-vybrat-shkaf-kupe/,shkafy-spb.ru,9,0,,,article,ok,,artifacts\query--1a548ee9127e3c38.json,569a86bc6c06d4c72fb8c57514d8aa53a05cea0a,291408,57.8947,16721.0,200412.0,2272.0,991.0,0.43617957746478875,6.1994,106.0,21.434,147.0,1.0,14.0,0.0,15.0,1.0,62.0,1.0,343.0,0.0,0.0,0.0,123.0,3.0,4.0,0.75,0.75,15.0,0.75,30.0,0.054137,1.0,270.0,25.0,193.0,20.0,5.0,42.0,8.4,15.4558,118.838028,11.003521,84.947183,8.802817,0.083433,0.676592,1.0,1.0,8.414815,0.102041,0.676592,0.507444,0.507444,0.5625,0.676592,0.85,0.872727,0.0,0.195423,0.295116,0.676592,200.0,1.0,0.0,0.0,1.0,1.0,1.0,0.0,0.0,0.0,1.0,1.0,1.0,0.0,0.0,3.0,0.0,0.0,1.0,0.7,1.0,1.0,0.94,1.0,3.0,0.0,1.0,1.0,0.0,1.0,1.0,1.0,1.0,1.0,1.0,0.0,1.0,1.0,7.0,1.0,1.0,1.0,1.0,0.8,8.0,7.0,0.888889,0.777778,0.822222
dataset-v2,v2,extraction-v2,hybrid-v1,weak_serp,100.0,,шкафы-купе отзывы,шкафы-купе,informational,,,https://irecommend.ru/catalog/list/9986-312289,irecommend.ru,1,0,,,product,ok,,artifacts\query--adce0307dca9cd1d.json,8608e88d1df83c4f3d227a031bc5689a23e2f3f2,1188018,100.0,93681.0,755478.0,11141.0,1313.0,0.11785297549591599,7.1385,524.0,21.2615,555.0,5.0,305.0,0.0,310.0,1.0,18.0,1.0,133.0,0.0,0.0,0.0,72.0,2.0,0.0,0.666667,0.0,1.0,0.333333,19.0,0.006463,1.0,928.0,21.0,42.0,3.0,2.0,355.0,177.5,20.0739,83.295934,1.88493,3.769859,0.269276,0.124002,0.640729,1.0,1.0,12.005388,0.558559,0.640729,0.427153,0.213576,0.222222,0.640729,0.716667,0.327273,0.917241,0.215421,0.075512,0.640729,200.0,1.0,0.0,0.0,1.0,1.0,1.0,0.0,0.0,0.0,1.0,1.0,1.0,0.0,0.0,3.0,0.0,0.0,1.0,0.7,1.0,1.0,0.94,1.0,13.0,1.0,1.0,1.0,0.0,1.0,1.0,1.0,0.0,1.0,1.0,1.0,1.0,1.0,1.0,0.0,1.0,1.0,1.0,0.8,8.0,8.0,0.888889,0.888889,0.859259
dataset-v2,v2,extraction-v2,hybrid-v1,weak_serp,94.7368,,шкафы-купе отзывы,шкафы-купе,informational,,,https://reviews.yandex.ru/shop/zakazkupe.ru,reviews.yandex.ru,2,0,,,product,ok,,artifacts\query--1c9731647e5a5d9a.json,a110f347c5a6ec54e1ce105fec929c6c485a16d5,879080,94.7368,55975.0,707891.0,6753.0,1226.0,0.18154894121131349,6.2562,476.0,14.187,1.0,0.0,1.0,4.0,5.0,1.0,18.0,1.0,222.0,0.0,0.0,0.0,58.0,1.0,0.0,0.333333,0.0,1.0,0.333333,11.0,0.008589,1.0,97.0,26.0,25.0,0.0,1.0,5.0,5.0,6753.0,14.363986,3.850141,3.702058,0.0,0.079073,0.409795,1.0,1.0,69.618557,5.0,0.409795,0.136598,0.136598,0.111111,0.409795,0.6,0.327273,0.468966,0.286293,0.074398,0.409795,200.0,1.0,0.0,0.0,1.0,1.0,0.0,0.0,0.0,0.0,1.0,1.0,1.0,0.0,0.0,2.0,0.0,0.0,1.0,0.8,1.0,1.0,0.96,1.0,27.0,0.0,1.0,1.0,0.0,1.0,1.0,0.0,1.0,1.0,1.0,1.0,1.0,1.0,1.0,1.0,1.0,1.0,1.0,0.8,7.0,8.0,0.777778,0.888889,0.822222
dataset-v2,v2,extraction-v2,hybrid-v1,weak_serp,89.4737,,шкафы-купе отзывы,шкафы-купе,informational,,,https://otzovik.com/reviews/shkaf-kupe_centr_shkafov-kupe/,otzovik.com,3,0,,,content,ok,,artifacts\query--c5e8cbd5ddd255cf.json,3bda7ae02175286ba22a1b7d62bb0fa834b02db9,325455,89.4737,15405.0,238937.0,2264.0,889.0,0.3926678445229682,5.568,168.0,13.4762,5.0,1.0,1.0,34.0,36.0,1.0,38.0,1.0,186.0,0.0,0.0,0.0,50.0,3.0,0.0,0.666667,0.0,8.0,1.0,15.0,0.022085,1.0,262.0,58.0,0.0,69.0,3.0,15.0,5.0,452.8,115.724382,25.618375,0.0,30.477032,0.064473,0.713594,1.0,0.75,8.641221,7.2,0.713594,0.475729,0.713594,0.666667,0.713594,0.883333,0.690909,0.717241,0.73616,0.280205,0.535195,200.0,1.0,0.0,0.0,1.0,1.0,0.0,0.0,0.0,0.0,1.0,1.0,1.0,0.0,0.0,2.0,0.0,0.0,1.0,0.8,1.0,1.0,0.96,0.0,0.0,0.0,1.0,0.0,1.0,1.0,1.0,1.0,0.0,1.0,1.0,1.0,1.0,1.0,1.0,0.0,1.0,1.0,1.0,0.2,7.0,6.0,0.777778,0.666667,0.548148
dataset-v2,v2,extraction-v2,hybrid-v1,weak_serp,78.9474,,шкафы-купе отзывы,шкафы-купе,informational,,,https://dzen.ru/a/aDXaTPAPd1NqNsY5,dzen.ru,5,0,,,content,ok,,artifacts\query--c11a8eed9148fc86.json,5723d883f3fbc38ed4a1277b4be67e3c49ad90e5,2717046,78.9474,25471.0,2558337.0,3726.0,1567.0,0.4205582393988191,5.5435,248.0,15.0242,117.0,1.0,7.0,0.0,8.0,1.0,89.0,1.0,132.0,0.0,0.0,0.0,63.0,1.0,1.0,0.333333,0.333333,2.0,0.333333,6.0,0.016908,1.0,71.0,6.0,138.0,41.0,1.0,1.0,1.0,31.8462,19.055287,1.610306,37.037037,11.003757,0.009956,0.413465,1.0,1.0,52.478873,0.068376,0.413465,0.137822,0.137822,0.111111,0.413465,0.6,0.381818,0.910345,0.563607,0.173886,0.413465,200.0,1.0,0.0,0.0,1.0,1.0,1.0,0.0,1.0,0.0,0.0,0.0,1.0,0.0,0.0,2.0,0.0,0.0,1.0,0.8,0.5,1.0,0.66,1.0,3.0,0.0,1.0,1.0,1.0,1.0,1.0,1.0,1.0,1.0,1.0,1.0,1.0,1.0,2.0,1.0,1.0,1.0,1.0,0.8,9.0,8.0,1.0,0.888889,0.896296
dataset-v2,v2,extraction-v2,hybrid-v1,weak_serp,73.6842,,шкафы-купе отзывы,шкафы-купе,informational,,,https://2gis.ru/ekaterinburg/firm/70000001088861605/tab/reviews,2gis.ru,6,0,,,content,ok,,artifacts\query--c7b31c0e0f5f971f.json,5b04f9bc5572f144a1ab37201aa7eae81e31f5d2,3029,73.6842,187.0,1429.0,38.0,36.0,0.9473684210526315,3.7105,5.0,7.6,6.0,1.0,0.0,0.0,1.0,0.0,0.0,0.0,0.0,0.0,0.0,0.0,0.0,0.0,0.0,0.0,0.0,0.0,0.0,0.0,0.0,0.0,1.0,0.0,0.0,0.0,0.0,0.0,0.0,6.3333,26.315789,0.0,0.0,0.0,0.130861,0.08061,0.0,0.0,38.0,0.166667,0.0,0.0,0.0,0.0,0.002042,0.0,0.0,0.0,0.0,0.001612,0.0,403.0,0.0,0.0,0.0,0.0,0.0,0.0,0.0,0.0,0.0,0.0,0.0,0.0,0.0,0.0,5.0,0.0,0.0,1.0,0.5,0.0,0.75,0.45,1.0,1.0,1.0,0.0,0.0,0.0,0.0,0.0,0.0,0.0,0.0,0.0,0.0,0.0,0.0,0.0,0.0,0.0,0.0,0.0,0.4,1.0,1.0,0.111111,0.111111,0.207407
dataset-v2,v2,extraction-v2,hybrid-v1,weak_serp,68.4211,,шкафы-купе отзывы,шкафы-купе,informational,,,https://mebel.ru/reviews/catalog/cabinets/shkafy-kupe/,mebel.ru,7,0,,,product,ok,,artifacts\query--7a62806901d5029a.json,c04387e41cca67ce69246d06e306c2872371507f,675882,68.4211,34472.0,475635.0,5330.0,2071.0,0.38855534709193246,5.2726,632.0,8.4335,79.0,1.0,0.0,1.0,2.0,1.0,59.0,1.0,71.0,0.0,1.0,1.0,139.0,3.0,3.0,1.0,1.0,4.0,1.0,35.0,0.026079,1.0,230.0,114.0,119.0,0.0,2.0,8.0,4.0,67.4684,43.15197,21.388368,22.326454,0.0,0.072476,0.514126,1.0,1.0,23.173913,0.025316,0.514126,0.514126,0.514126,1.0,0.514126,1.0,0.927273,0.489655,0.869293,0.199766,0.514126,200.0,1.0,0.0,0.0,0.0,0.0,0.0,0.0,0.0,0.0,1.0,1.0,1.0,0.0,0.0,4.0,0.0,0.0,1.0,0.6,1.0,0.75,0.87,1.0,12.0,0.0,1.0,0.0,1.0,1.0,1.0,1.0,1.0,1.0,1.0,1.0,0.0,1.0,1.0,0.0,1.0,1.0,1.0,0.4,7.0,7.0,0.777778,0.777778,0.651852
dataset-v2,v2,extraction-v2,hybrid-v1,weak_serp,63.1579,,шкафы-купе отзывы,шкафы-купе,informational,,,https://nedorogo-kuhni.ru/otzyvy/shkafy-kupe,nedorogo-kuhni.ru,8,0,,,content,ok,,artifacts\query--efda9435ef0677c6.json,fc125d71310f05eea3c2458f7ba21d995c0e0377,109390,63.1579,9642.0,49649.0,1466.0,780.0,0.5320600272851296,5.427,80.0,18.325,14.0,1.0,0.0,0.0,1.0,1.0,44.0,1.0,182.0,0.0,1.0,1.0,33.0,2.0,4.0,0.666667,1.0,2.0,0.666667,6.0,0.02251,1.0,243.0,34.0,207.0,0.0,8.0,36.0,4.5,104.7143,165.757162,23.19236,141.200546,0.0,0.194203,0.479976,1.0,1.0,6.032922,0.071429,0.479976,0.319984,0.319984,0.444444,0.469097,0.8,0.8,0.744828,0.750341,0.20799,0.479976,200.0,1.0,0.0,0.0,1.0,1.0,0.0,0.0,0.0,0.0,1.0,1.0,0.0,0.0,0.0,2.0,0.0,0.0,1.0,0.8,0.5,1.0,0.86,1.0,3.0,1.0,1.0,1.0,0.0,1.0,1.0,1.0,1.0,0.0,1.0,1.0,0.0,1.0,6.0,0.0,1.0,1.0,1.0,0.8,7.0,8.0,0.777778,0.888889,0.822222
dataset-v2,v2,extraction-v2,hybrid-v1,weak_serp,57.8947,,шкафы-купе отзывы,шкафы-купе,informational,,,https://vyboroved.ru/reyting/luchshie-shkafy-kupe,vyboroved.ru,9,0,,,content,ok,,artifacts\query--947b6e0c8376487a.json,574422410d679be97d9bbc4a9c336972cd003e68,254415,57.8947,20046.0,150981.0,2806.0,1324.0,0.4718460441910192,5.9191,203.0,13.8227,86.0,1.0,4.0,14.0,19.0,1.0,36.0,1.0,103.0,0.0,0.0,0.0,45.0,1.0,2.0,0.333333,0.666667,10.0,0.666667,2.0,0.016037,0.666667,236.0,21.0,295.0,13.0,2.0,9.0,4.5,32.6279,84.105488,7.483963,105.13186,4.632929,0.132772,0.198113,0.666667,1.0,11.889831,0.22093,0.132075,0.066038,0.132075,0.222222,0.198113,0.55,0.654545,0.710345,0.356379,0.093479,0.198113,200.0,1.0,0.0,0.0,1.0,1.0,0.0,0.0,0.0,0.0,1.0,1.0,0.0,0.0,0.0,2.0,0.0,0.0,1.0,0.8,0.5,1.0,0.86,0.0,0.0,0.0,1.0,1.0,0.0,1.0,0.0,0.0,0.0,1.0,0.0,1.0,0.0,1.0,2.0,1.0,1.0,1.0,1.0,0.6,4.0,6.0,0.444444,0.666667,0.57037
dataset-v2,v2,extraction-v2,hybrid-v1,weak_serp,52.6316,,шкафы-купе отзывы,шкафы-купе,informational,,,https://dtf.ru/luchshii-rating/3297100-top-10-shkafov-kupe-reiting-luchshih,dtf.ru,10,0,,,content,ok,,artifacts\query--bea0aa4fe7e87c01.json,d75d799f843a45415e1bd1184d0a49437d82aab4,808862,52.6316,26962.0,597731.0,4238.0,1512.0,0.3567720622935347,5.1857,243.0,17.4403,59.0,1.0,19.0,0.0,20.0,1.0,48.0,1.0,526.0,0.0,0.0,0.0,43.0,1.0,3.0,0.333333,0.666667,8.0,0.333333,6.0,0.010146,0.666667,188.0,297.0,60.0,2.0,0.0,0.0,0.0,71.8305,44.360547,70.080227,14.157622,0.471921,0.045107,0.54079,1.0,0.5,22.542553,0.338983,0.360527,0.180263,0.180263,0.111111,0.54079,0.55,0.872727,0.0,0.225473,0.192939,0.270395,200.0,1.0,0.0,0.0,1.0,1.0,0.0,0.0,0.0,0.0,1.0,1.0,1.0,0.0,0.0,2.0,0.0,0.0,1.0,0.8,1.0,1.0,0.96,1.0,36.0,1.0,1.0,1.0,1.0,1.0,0.0,0.0,1.0,1.0,0.0,1.0,1.0,1.0,1.0,1.0,1.0,1.0,1.0,1.0,7.0,8.0,0.777778,0.888889,0.888889
dataset-v2,v2,extraction-v2,hybrid-v1,weak_serp,100.0,,ремонт квартир Санкт-Петербург,ремонт квартир,commercial,Санкт-Петербург,2,https://remont.spb.ru/,remont.spb.ru,1,0,,,homepage,ok,,artifacts\query--fe159a9005bdcc7d.json,4bba74d047defe53c00d6493a5651f8fa9a0a25c,774532,100.0,44935.0,545232.0,6571.0,1895.0,0.28838837315477095,5.6523,643.0,10.2193,286.0,1.0,16.0,0.0,17.0,1.0,68.0,1.0,225.0,0.0,0.0,0.0,137.0,3.0,4.0,0.75,0.75,6.0,0.75,27.0,0.020849,0.75,506.0,502.0,283.0,205.0,10.0,122.0,12.2,22.9755,77.005022,76.396287,43.068026,31.197687,0.082414,0.492303,1.0,1.0,12.986166,0.059441,0.369227,0.369227,0.369227,0.5625,0.492303,0.8125,0.763636,0.448276,0.52123,0.141974,0.492303,200.0,1.0,0.0,0.0,0.0,0.0,0.0,0.0,0.0,0.0,1.0,1.0,1.0,0.0,0.0,0.0,0.0,0.0,1.0,1.0,1.0,0.75,0.95,1.0,10.0,0.0,1.0,1.0,1.0,1.0,1.0,1.0,1.0,1.0,1.0,1.0,0.0,1.0,19.0,1.0,1.0,1.0,1.0,0.8,8.0,8.0,0.888889,0.888889,0.859259
dataset-v2,v2,extraction-v2,hybrid-v1,weak_serp,94.7368,,ремонт квартир Санкт-Петербург,ремонт квартир,commercial,Санкт-Петербург,2,https://vc.ru/life/2792273-35-luchshih-kompaniy-po-remontu-kvartir-v-sankt-peterburge,vc.ru,2,0,,,content,ok,,artifacts\query--b8f6f5a076d1c2e3.json,edb07900535ea7aefc6211e3007a6b83c7bb7d5a,1067593,94.7368,51988.0,750373.0,7802.0,2513.0,0.3220968982312228,5.3949,676.0,11.5414,189.0,1.0,11.0,33.0,45.0,1.0,91.0,1.0,128.0,0.0,0.0,0.0,209.0,2.0,3.0,0.5,0.75,59.0,0.75,7.0,0.026788,0.75,166.0,201.0,209.0,212.0,0.0,0.0,0.0,41.2804,21.276596,25.762625,26.788003,27.17252,0.069283,0.539071,1.0,0.5,47.0,0.238095,0.404303,0.269535,0.404303,0.375,0.539071,0.725,0.345455,0.882759,0.6697,0.173633,0.269535,200.0,1.0,0.0,0.0,1.0,1.0,0.0,0.0,0.0,0.0,1.0,1.0,1.0,0.0,0.0,2.0,0.0,0.0,1.0,0.8,1.0,1.0,0.96,1.0,11.0,0.0,1.0,1.0,1.0,1.0,1.0,1.0,1.0,0.0,1.0,1.0,1.0,1.0,3.0,1.0,1.0,1.0,1.0,0.8,9.0,7.0,1.0,0.777778,0.859259
dataset-v2,v2,extraction-v2,hybrid-v1,weak_serp,89.4737,,ремонт квартир Санкт-Петербург,ремонт квартир,commercial,Санкт-Петербург,2,https://remontvspb.ru/,remontvspb.ru,3,0,,,homepage,ok,,artifacts\query--4af2313e73481ece.json,d2bfa6954238882ce97e5c930046c59e64dbe47c,2068370,89.4737,23440.0,1949915.0,3303.0,1354.0,0.4099303663336361,5.9104,131.0,25.2137,46.0,0.0,22.0,20.0,42.0,1.0,90.0,1.0,200.0,0.0,0.0,0.0,102.0,3.0,0.0,0.75,0.0,19.0,0.75,34.0,0.030881,0.75,197.0,307.0,171.0,7.0,6.0,62.0,10.333333,71.8043,59.642749,92.945807,51.771117,2.119285,0.012021,0.62748,1.0,1.0,16.766497,0.913043,0.47061,0.47061,0.47061,0.5625,0.62748,0.8125,0.363636,0.62069,0.727975,0.257223,0.62748,200.0,1.0,0.0,0.0,1.0,1.0,0.0,0.0,0.0,0.0,1.0,1.0,1.0,0.0,0.0,0.0,0.0,0.0,1.0,1.0,1.0,1.0,1.0,1.0,5.0,1.0,1.0,1.0,1.0,1.0,1.0,1.0,1.0,1.0,1.0,1.0,1.0,1.0,7.0,1.0,1.0,1.0,1.0,1.0,9.0,9.0,1.0,1.0,1.0
dataset-v2,v2,extraction-v2,hybrid-v1,weak_serp,84.2105,,ремонт квартир Санкт-Петербург,ремонт квартир,commercial,Санкт-Петербург,2,https://www.kp.ru/russia/sankt-peterburg/luchshie-kompanii-po-remontu-kvartir-v-sankt-peterburge/,kp.ru,4,0,,,content,ok,,artifacts\query--ecfe27f30fc8b5f4.json,335e8e62f5887cac23f9f1d644515719c3c0aca4,258551,84.2105,23103.0,163521.0,3182.0,1451.0,0.456002514142049,6.0607,262.0,12.145,54.0,1.0,5.0,20.0,26.0,1.0,211.0,1.0,251.0,0.0,0.0,0.0,75.0,3.0,3.0,0.5,0.5,11.0,0.75,14.0,0.02357,1.0,115.0,22.0,75.0,43.0,4.0,6.0,1.5,58.9259,36.140792,6.913891,23.570082,13.513514,0.141285,0.617052,1.0,1.0,27.669565,0.481481,0.617052,0.308526,0.462789,0.375,0.617052,0.7625,0.0,0.268966,0.785669,0.281377,0.617052,200.0,1.0,0.0,0.0,1.0,1.0,1.0,0.0,0.0,0.0,1.0,1.0,1.0,0.0,0.0,3.0,0.0,0.0,1.0,0.7,1.0,1.0,0.94,1.0,13.0,1.0,1.0,1.0,1.0,1.0,0.0,1.0,1.0,1.0,1.0,1.0,1.0,1.0,2.0,1.0,1.0,1.0,1.0,1.0,8.0,9.0,0.888889,1.0,0.962963
dataset-v2,v2,extraction-v2,hybrid-v1,weak_serp,78.9474,,ремонт квартир Санкт-Петербург,ремонт квартир,commercial,Санкт-Петербург,2,https://uslugi.yandex.ru/2-saint-petersburg/category/remont-i-stroitelstvo/remont-kvartir-i-domov--1816,uslugi.yandex.ru,5,0,,,category,ok,,artifacts\query--2b3afd85fe45c9bf.json,1226606363cb3640ecf5c53fc8f9217c9e497cdd,2426857,78.9474,13155.0,1947753.0,1804.0,650.0,0.360310421286031,6.0621,123.0,14.6667,1.0,0.0,0.0,9.0,9.0,1.0,134.0,1.0,195.0,0.0,0.0,0.0,142.0,3.0,3.0,0.75,0.75,0.0,0.0,11.0,0.078714,1.0,482.0,13.0,7.0,0.0,0.0,2.0,0.0,1804.0,267.184035,7.206208,3.880266,0.0,0.006754,0.620869,1.0,0.75,3.742739,9.0,0.620869,0.465652,0.0,0.0,0.620869,0.6625,0.0,0.655172,0.0,0.223706,0.465652,200.0,1.0,0.0,0.0,1.0,1.0,0.0,0.0,0.0,0.0,1.0,1.0,1.0,0.0,0.0,4.0,0.0,0.0,1.0,0.6,1.0,1.0,0.92,1.0,4.0,1.0,1.0,1.0,1.0,1.0,1.0,1.0,1.0,1.0,1.0,1.0,1.0,0.0,0.0,1.0,1.0,1.0,1.0,1.0,8.0,9.0,0.888889,1.0,0.962963
dataset-v2,v2,extraction-v2,hybrid-v1,weak_serp,73.6842,,ремонт квартир Санкт-Петербург,ремонт квартир,commercial,Санкт-Петербург,2,https://profi.ru/geo-spb/remont/remont-kvartir/,profi.ru,6,0,,,content,ok,,artifacts\query--c1c3121d91846e02.json,246a82424e4d4e240cf525687368941431d82802,1329384,73.6842,52548.0,1055061.0,7542.0,2188.0,0.29010872447626623,5.6969,742.0,10.1644,544.0,1.0,6.0,30.0,37.0,1.0,98.0,1.0,284.0,0.0,0.0,0.0,288.0,3.0,3.0,0.75,0.75,6.0,0.75,17.0,0.038186,0.75,303.0,104.0,27.0,0.0,0.0,1.0,0.0,13.864,40.17502,13.789446,3.579952,0.0,0.049806,0.467929,1.0,0.75,24.891089,0.068015,0.350947,0.350947,0.350947,0.5625,0.467929,0.8125,0.218182,0.041379,0.545346,0.13575,0.350947,200.0,1.0,0.0,0.0,1.0,1.0,0.0,0.0,0.0,0.0,1.0,1.0,1.0,1.0,1.0,3.0,0.0,0.0,1.0,0.7,1.0,1.0,0.94,1.0,3.0,0.0,1.0,1.0,1.0,1.0,0.0,0.0,1.0,1.0,1.0,1.0,1.0,1.0,20.0,1.0,1.0,1.0,1.0,0.8,7.0,8.0,0.777778,0.888889,0.822222
dataset-v2,v2,extraction-v2,hybrid-v1,weak_serp,68.4211,,ремонт квартир Санкт-Петербург,ремонт квартир,commercial,Санкт-Петербург,2,https://restroymaster.ru/,restroymaster.ru,7,0,,,homepage,ok,,artifacts\query--b20a7fbd078f3343.json,042351dc93afb0d98ea47dea346cc11832949ddf,267830,68.4211,15259.0,188747.0,2257.0,996.0,0.4412937527691626,5.58,182.0,12.4011,36.0,1.0,16.0,1.0,18.0,1.0,68.0,1.0,186.0,0.0,0.0,0.0,68.0,3.0,4.0,0.75,0.75,3.0,0.5,16.0,0.030128,1.0,132.0,101.0,55.0,0.0,11.0,67.0,6.090909,62.6944,58.484714,44.749668,24.368631,0.0,0.080844,0.641045,1.0,1.0,17.098485,0.5,0.641045,0.480784,0.320522,0.375,0.641045,0.7875,0.763636,0.717241,0.995717,0.282889,0.641045,200.0,1.0,0.0,0.0,1.0,1.0,0.0,0.0,0.0,0.0,1.0,1.0,1.0,0.0,0.0,0.0,0.0,0.0,1.0,1.0,1.0,1.0,1.0,1.0,8.0,1.0,1.0,1.0,1.0,1.0,0.0,1.0,1.0,1.0,1.0,0.0,1.0,1.0,14.0,1.0,1.0,1.0,1.0,1.0,8.0,8.0,0.888889,0.888889,0.925926
dataset-v2,v2,extraction-v2,hybrid-v1,weak_serp,63.1579,,ремонт квартир Санкт-Петербург,ремонт квартир,commercial,Санкт-Петербург,2,https://art-a.ru/,art-a.ru,8,0,,,homepage,ok,,artifacts\query--82c3bf7a999082e2.json,642732e04222d5c6df86f6f79fd55834d3ff627b,405627,63.1579,22813.0,293943.0,3486.0,1287.0,0.36919104991394147,5.3738,248.0,14.0565,89.0,1.0,15.0,10.0,26.0,1.0,49.0,1.0,114.0,0.0,0.0,0.0,79.0,3.0,2.0,0.75,0.5,17.0,0.75,11.0,0.022662,1.0,231.0,172.0,137.0,6.0,2.0,20.0,10.0,39.1685,66.26506,49.340218,39.300057,1.72117,0.07761,0.647911,1.0,1.0,15.090909,0.292135,0.647911,0.485933,0.485933,0.5625,0.647911,0.85,0.890909,0.786207,0.755403,0.239203,0.647911,200.0,1.0,0.0,0.0,1.0,1.0,0.0,0.0,0.0,0.0,1.0,1.0,1.0,0.0,0.0,0.0,0.0,0.0,1.0,1.0,1.0,1.0,1.0,1.0,11.0,1.0,1.0,1.0,1.0,1.0,0.0,1.0,1.0,0.0,1.0,1.0,1.0,1.0,9.0,1.0,1.0,1.0,1.0,1.0,8.0,8.0,0.888889,0.888889,0.925926
dataset-v2,v2,extraction-v2,hybrid-v1,weak_serp,57.8947,,ремонт квартир Санкт-Петербург,ремонт квартир,commercial,Санкт-Петербург,2,https://remontsanktpeterburg.ru/,remontsanktpeterburg.ru,9,0,,,homepage,ok,,artifacts\query--72a6f2c71a9f648d.json,4affe60415e1fc2adf79209bd6856c805213b3cc,149906,57.8947,4771.0,117668.0,670.0,371.0,0.5537313432835821,5.9448,40.0,16.75,42.0,1.0,13.0,15.0,29.0,1.0,65.0,1.0,167.0,0.0,0.0,0.0,24.0,3.0,3.0,0.75,0.75,7.0,0.75,12.0,0.035821,1.0,56.0,37.0,10.0,1.0,6.0,46.0,7.666667,15.9524,83.58209,55.223881,14.925373,1.492537,0.040546,0.61607,1.0,1.0,11.964286,0.690476,0.61607,0.462052,0.462052,0.5625,0.275178,0.85,0.818182,0.848276,0.80597,0.126979,0.61607,200.0,1.0,0.0,0.0,1.0,1.0,1.0,0.0,0.0,0.0,1.0,1.0,1.0,0.0,0.0,0.0,0.0,0.0,1.0,1.0,1.0,1.0,1.0,1.0,5.0,1.0,1.0,1.0,1.0,1.0,0.0,0.0,1.0,1.0,1.0,0.0,0.0,1.0,9.0,0.0,1.0,1.0,1.0,0.8,6.0,8.0,0.666667,0.888889,0.785185
dataset-v2,v2,extraction-v2,hybrid-v1,weak_serp,52.6316,,ремонт квартир Санкт-Петербург,ремонт квартир,commercial,Санкт-Петербург,2,https://spb.remokey.ru/,spb.remokey.ru,10,0,,,homepage,ok,,artifacts\query--547163129cd91535.json,5fb82cd07d8af526cc43a69fd94e6da7ab1bd55c,134067,52.6316,8028.0,92973.0,1128.0,585.0,0.5186170212765957,5.9335,52.0,21.6923,11.0,0.0,1.0,8.0,9.0,1.0,42.0,1.0,34.0,0.0,0.0,0.0,51.0,3.0,2.0,0.75,0.5,3.0,0.5,16.0,0.045213,1.0,88.0,34.0,116.0,12.0,1.0,5.0,5.0,102.5455,78.014184,30.141844,102.836879,10.638298,0.086348,0.583433,1.0,1.0,12.818182,0.818182,0.583433,0.437575,0.291716,0.375,0.438742,0.7875,0.763636,0.234483,0.492908,0.189616,0.583433,200.0,1.0,0.0,0.0,1.0,1.0,1.0,0.0,0.0,0.0,1.0,1.0,1.0,0.0,0.0,0.0,0.0,0.0,1.0,1.0,1.0,1.0,1.0,1.0,3.0,0.0,0.0,1.0,0.0,1.0,0.0,1.0,1.0,1.0,0.0,0.0,0.0,1.0,1.0,0.0,1.0,1.0,1.0,0.4,5.0,5.0,0.555556,0.555556,0.503704
dataset-v2,v2,extraction-v2,hybrid-v1,weak_serp,100.0,,ремонт квартир Екатеринбург,ремонт квартир,commercial,Екатеринбург,54,https://remonty-ekb.ru/,remonty-ekb.ru,1,0,,,homepage,ok,,artifacts\query--c07ee6c953da26a5.json,fb2afac3b18621d3fb3a739e626e1c6291b3b446,73590,100.0,5053.0,42110.0,734.0,356.0,0.48501362397820164,5.7071,41.0,17.9024,12.0,1.0,0.0,0.0,1.0,1.0,63.0,1.0,117.0,0.0,1.0,1.0,34.0,2.0,2.0,0.666667,0.666667,3.0,1.0,22.0,0.046322,1.0,119.0,30.0,78.0,0.0,2.0,8.0,4.0,61.1667,162.125341,40.871935,106.26703,0.0,0.119995,0.647814,1.0,1.0,6.168067,0.083333,0.647814,0.431876,0.647814,0.666667,0.316997,0.883333,0.854545,0.806897,0.455949,0.128123,0.647814,200.0,1.0,0.0,0.0,1.0,1.0,0.0,0.0,0.0,0.0,1.0,1.0,1.0,0.0,0.0,0.0,0.0,0.0,1.0,1.0,1.0,1.0,1.0,1.0,2.0,1.0,1.0,1.0,0.0,1.0,0.0,1.0,1.0,1.0,1.0,0.0,0.0,1.0,4.0,1.0,1.0,0.0,0.0,1.0,6.0,6.0,0.666667,0.666667,0.777778
dataset-v2,v2,extraction-v2,hybrid-v1,weak_serp,94.7368,,ремонт квартир Екатеринбург,ремонт квартир,commercial,Екатеринбург,54,https://www.avito.ru/ekaterinburg/predlozheniya_uslug/remont_i_otdelka/remont_kvartir_i_domov_pod_klyuch-ASgBAgICAkSYC8CfAcQVwPUB,avito.ru,2,0,,,content,ok,,artifacts\query--0de1ea149854030b.json,22680b73b9c763034f1e112a7d46557165698f4b,34470,94.7368,947.0,28939.0,133.0,90.0,0.6766917293233082,5.8421,12.0,11.0833,11.0,0.0,1.0,0.0,1.0,1.0,31.0,0.0,0.0,0.0,0.0,0.0,0.0,0.0,0.0,0.0,0.0,0.0,0.0,0.0,0.0,0.0,1.0,1.0,0.0,1.0,1.0,2.0,2.0,12.0909,7.518797,7.518797,0.0,7.518797,0.032724,0.108989,0.0,0.75,133.0,0.090909,0.0,0.0,0.0,0.0,0.009664,0.0,0.563636,0.0,0.0,0.005449,0.081742,429.0,0.0,0.0,0.0,0.0,0.0,0.0,0.0,0.0,0.0,0.0,1.0,1.0,0.0,0.0,4.0,0.0,0.0,1.0,0.6,1.0,0.75,0.67,1.0,1.0,0.0,0.0,0.0,0.0,1.0,0.0,0.0,0.0,1.0,0.0,0.0,0.0,1.0,1.0,1.0,0.0,1.0,1.0,0.4,2.0,3.0,0.222222,0.333333,0.318519
dataset-v2,v2,extraction-v2,hybrid-v1,weak_serp,89.4737,,ремонт квартир Екатеринбург,ремонт квартир,commercial,Екатеринбург,54,https://printsipremonta.ru/,printsipremonta.ru,3,0,,,homepage,ok,,artifacts\query--94dbb2165bfcf8f2.json,a0b05147ed6e0f4eb3c6fa860b6c74ff60c85387,561987,89.4737,18406.0,453623.0,2543.0,955.0,0.37554069996067635,6.0751,185.0,13.7459,28.0,1.0,15.0,4.0,20.0,1.0,67.0,1.0,264.0,0.0,0.0,0.0,76.0,2.0,2.0,0.666667,0.666667,7.0,0.666667,16.0,0.029886,1.0,267.0,77.0,166.0,3.0,4.0,35.0,8.75,90.8214,104.994101,30.279198,65.277232,1.179709,0.040576,0.666275,1.0,1.0,9.524345,0.714286,0.666275,0.444183,0.444183,0.444444,0.666275,0.8,0.781818,0.17931,0.996199,0.250213,0.666275,200.0,1.0,0.0,0.0,0.0,0.0,0.0,0.0,0.0,0.0,1.0,1.0,1.0,0.0,0.0,0.0,0.0,0.0,1.0,1.0,1.0,0.75,0.95,1.0,4.0,1.0,1.0,1.0,1.0,1.0,0.0,1.0,1.0,1.0,1.0,0.0,1.0,1.0,14.0,1.0,1.0,1.0,1.0,1.0,8.0,8.0,0.888889,0.888889,0.925926
dataset-v2,v2,extraction-v2,hybrid-v1,weak_serp,84.2105,,ремонт квартир Екатеринбург,ремонт квартир,commercial,Екатеринбург,54,https://uslugi.yandex.ru/54-yekaterinburg/category/remont-i-stroitelstvo/remont-kvartir-i-domov--1816,uslugi.yandex.ru,4,0,,,category,ok,,artifacts\query--3dce23a2f6239e78.json,e7b4e30ea5182d087b1e980faa5b45185e367e38,2144524,84.2105,7889.0,1754822.0,1129.0,404.0,0.35783879539415414,5.7857,74.0,15.2568,1.0,0.0,0.0,4.0,4.0,1.0,131.0,1.0,193.0,0.0,0.0,0.0,93.0,2.0,2.0,0.666667,0.666667,0.0,0.0,9.0,0.082374,1.0,467.0,14.0,7.0,0.0,0.0,2.0,0.0,1129.0,413.64039,12.400354,6.200177,0.0,0.004496,0.600536,1.0,0.75,2.417559,4.0,0.600536,0.400357,0.0,0.0,0.452003,0.633333,0.0,0.668966,0.0,0.134787,0.450402,200.0,1.0,0.0,0.0,1.0,1.0,0.0,0.0,0.0,0.0,1.0,1.0,1.0,0.0,0.0,4.0,0.0,0.0,1.0,0.6,1.0,1.0,0.92,1.0,4.0,1.0,1.0,1.0,1.0,1.0,1.0,1.0,1.0,1.0,1.0,1.0,1.0,0.0,0.0,1.0,1.0,1.0,1.0,1.0,8.0,9.0,0.888889,1.0,0.962963
dataset-v2,v2,extraction-v2,hybrid-v1,weak_serp,78.9474,,ремонт квартир Екатеринбург,ремонт квартир,commercial,Екатеринбург,54,https://remontproekb.ru/,remontproekb.ru,5,0,,,homepage,ok,,artifacts\query--f905bf761ff70006.json,a2fec99bd418306643ed5503c919ab5b9161c27f,669319,78.9474,8045.0,617783.0,1199.0,563.0,0.469557964970809,5.548,72.0,16.6528,1.0,1.0,7.0,5.0,13.0,1.0,67.0,1.0,49.0,0.0,0.0,0.0,21.0,2.0,1.0,0.666667,0.333333,1.0,0.333333,4.0,0.017515,1.0,79.0,10.0,152.0,6.0,6.0,59.0,9.833333,1199.0,65.88824,8.340284,126.77231,5.00417,0.013022,0.605458,1.0,1.0,15.177215,13.0,0.605458,0.403639,0.201819,0.222222,0.483963,0.716667,0.781818,0.337931,0.58382,0.189374,0.605458,200.0,1.0,0.0,0.0,1.0,0.0,0.0,0.0,0.0,0.0,1.0,1.0,0.0,0.0,0.0,0.0,0.0,0.0,1.0,1.0,0.5,0.0,0.7,1.0,7.0,1.0,1.0,1.0,1.0,1.0,0.0,1.0,1.0,1.0,0.0,0.0,0.0,1.0,10.0,1.0,1.0,1.0,1.0,1.0,7.0,7.0,0.777778,0.777778,0.851852
dataset-v2,v2,extraction-v2,hybrid-v1,weak_serp,73.6842,,ремонт квартир Екатеринбург,ремонт квартир,commercial,Екатеринбург,54,https://ekb.metrygroup.ru/,ekb.metrygroup.ru,6,0,,,homepage,ok,,artifacts\query--1cab30a1d8e44512.json,7bdc6be4165b3aff95d5ad3679e5e109e6c64ed0,344746,73.6842,20530.0,232325.0,2851.0,1154.0,0.4047702560505086,6.0203,169.0,16.8698,161.0,1.0,14.0,16.0,31.0,1.0,57.0,1.0,228.0,0.0,0.0,0.0,43.0,2.0,2.0,0.666667,0.666667,9.0,0.666667,10.0,0.015082,1.0,65.0,98.0,112.0,0.0,3.0,12.0,4.0,17.7081,22.799018,34.373904,39.284462,0.0,0.088368,0.573424,1.0,1.0,43.861538,0.192547,0.573424,0.382283,0.382283,0.444444,0.573424,0.8,0.963636,0.427586,0.502748,0.232105,0.573424,200.0,1.0,0.0,0.0,1.0,1.0,1.0,0.0,0.0,0.0,1.0,1.0,1.0,0.0,0.0,0.0,0.0,0.0,1.0,1.0,1.0,1.0,1.0,1.0,5.0,1.0,1.0,1.0,1.0,1.0,1.0,1.0,1.0,1.0,1.0,0.0,1.0,1.0,8.0,1.0,1.0,1.0,1.0,1.0,9.0,8.0,1.0,0.888889,0.962963
dataset-v2,v2,extraction-v2,hybrid-v1,weak_serp,68.4211,,ремонт квартир Екатеринбург,ремонт квартир,commercial,Екатеринбург,54,https://arca-sk.ru/,arca-sk.ru,7,0,,,homepage,ok,,artifacts\query--974f956e1c93e9c7.json,d93c86a228d342651cf9e7a094881a602ecd8736,4188686,68.4211,36032.0,3964395.0,5214.0,1724.0,0.3306482546988876,5.6028,359.0,14.5237,1.0,1.0,18.0,71.0,90.0,1.0,44.0,1.0,121.0,0.0,0.0,0.0,62.0,2.0,2.0,0.666667,0.666667,5.0,0.333333,8.0,0.011891,1.0,119.0,174.0,365.0,117.0,2.0,91.0,45.5,5214.0,22.823168,33.371692,70.003836,22.439586,0.009089,0.574044,1.0,1.0,43.815126,90.0,0.574044,0.382696,0.191348,0.222222,0.574044,0.716667,0.8,0.834483,0.396369,0.189807,0.574044,200.0,1.0,0.0,0.0,1.0,1.0,0.0,0.0,0.0,0.0,1.0,1.0,1.0,0.0,0.0,0.0,0.0,0.0,1.0,1.0,1.0,1.0,1.0,1.0,4.0,1.0,1.0,1.0,1.0,1.0,1.0,1.0,1.0,1.0,1.0,0.0,1.0,1.0,7.0,1.0,1.0,1.0,1.0,1.0,9.0,8.0,1.0,0.888889,0.962963
dataset-v2,v2,extraction-v2,hybrid-v1,weak_serp,63.1579,,ремонт квартир Екатеринбург,ремонт квартир,commercial,Екатеринбург,54,https://ekaterinburg.proff-remont.ru/,ekaterinburg.proff-remont.ru,8,0,,,homepage,ok,,artifacts\query--6f921e06955e268b.json,7ab2f05ef349e3d7acc68dc6b4d8cff8b7cb00fd,1028383,63.1579,45206.0,745617.0,6282.0,1953.0,0.3108882521489971,5.8948,484.0,12.9793,36.0,1.0,18.0,13.0,32.0,1.0,79.0,1.0,220.0,0.0,0.0,0.0,114.0,2.0,1.0,0.666667,0.333333,18.0,0.666667,35.0,0.018147,1.0,296.0,121.0,126.0,1.0,6.0,57.0,9.5,174.5,47.118752,19.261382,20.057307,0.159185,0.060629,0.681305,1.0,1.0,21.222973,0.888889,0.681305,0.454203,0.454203,0.444444,0.681305,0.8,0.563636,0.482759,0.604903,0.21181,0.681305,200.0,1.0,0.0,0.0,1.0,1.0,0.0,0.0,0.0,0.0,1.0,1.0,1.0,0.0,0.0,0.0,0.0,0.0,1.0,1.0,1.0,1.0,1.0,1.0,12.0,1.0,1.0,1.0,1.0,1.0,1.0,1.0,1.0,1.0,1.0,0.0,1.0,1.0,21.0,1.0,1.0,1.0,1.0,1.0,9.0,8.0,1.0,0.888889,0.962963
dataset-v2,v2,extraction-v2,hybrid-v1,weak_serp,57.8947,,ремонт квартир Екатеринбург,ремонт квартир,commercial,Екатеринбург,54,https://www.kp.ru/russia/ekaterinburg/luchshie-kompanii-po-remontu-kvartir-v-ekaterinburge/,kp.ru,9,0,,,content,ok,,artifacts\query--37cba12349db9995.json,128356e6bcf5525419dd0a5b69bdd39ccc923f7a,218497,57.8947,18426.0,139574.0,2502.0,1221.0,0.4880095923261391,6.1319,226.0,11.0708,47.0,1.0,7.0,14.0,22.0,1.0,208.0,1.0,251.0,0.0,0.0,0.0,42.0,2.0,2.0,0.333333,0.333333,6.0,0.666667,7.0,0.016787,1.0,97.0,19.0,69.0,23.0,4.0,6.0,1.5,53.234,38.768985,7.593925,27.577938,9.192646,0.132016,0.631521,1.0,1.0,25.793814,0.468085,0.631521,0.210507,0.421014,0.222222,0.631521,0.683333,0.0,0.268966,0.559552,0.308188,0.631521,200.0,1.0,0.0,0.0,1.0,1.0,1.0,0.0,0.0,0.0,1.0,1.0,1.0,0.0,0.0,3.0,0.0,0.0,1.0,0.7,1.0,1.0,0.94,1.0,1.0,0.0,1.0,1.0,1.0,1.0,1.0,0.0,1.0,1.0,1.0,1.0,1.0,1.0,1.0,1.0,1.0,1.0,1.0,0.8,8.0,8.0,0.888889,0.888889,0.859259
dataset-v2,v2,extraction-v2,hybrid-v1,weak_serp,52.6316,,ремонт квартир Екатеринбург,ремонт квартир,commercial,Екатеринбург,54,https://www.remont-uralec.ru/,remont-uralec.ru,10,0,,,homepage,ok,,artifacts\query--151e2a44556df19e.json,91501943e865ee059f9ab9759f6c3dfa64778c15,34242,52.6316,169.0,32178.0,27.0,24.0,0.8888888888888888,5.0741,2.0,13.5,1.0,0.0,0.0,0.0,0.0,1.0,22.0,0.0,0.0,0.0,0.0,0.0,0.0,0.0,0.0,0.0,0.0,0.0,0.0,0.0,0.0,0.0,2.0,1.0,0.0,1.0,0.0,0.0,0.0,27.0,74.074074,37.037037,0.0,37.037037,0.005252,0.086861,0.0,0.25,13.5,0.0,0.0,0.0,0.0,0.0,0.001563,0.0,0.4,0.0,0.0,0.001158,0.021715,403.0,0.0,0.0,0.0,0.0,0.0,1.0,0.0,0.0,0.0,0.0,1.0,0.0,0.0,0.0,0.0,0.0,0.0,1.0,1.0,0.5,0.75,0.65,1.0,1.0,1.0,0.0,0.0,0.0,0.0,0.0,0.0,0.0,0.0,0.0,0.0,0.0,0.0,0.0,0.0,1.0,1.0,1.0,0.4,2.0,3.0,0.222222,0.333333,0.318519
dataset-v2,v2,extraction-v2,hybrid-v1,weak_serp,100.0,,ремонт квартир Новосибирск,ремонт квартир,commercial,Новосибирск,65,https://stroikaveka54.ru/,stroikaveka54.ru,1,0,,,homepage,ok,,artifacts\query--816b9c556188394b.json,0b08c4b1f86f3bf8cc63b0f309dbef19d36451df,565856,100.0,16434.0,475890.0,2282.0,834.0,0.3654688869412796,5.947,173.0,13.1908,103.0,1.0,10.0,7.0,18.0,1.0,53.0,1.0,124.0,0.0,0.0,0.0,64.0,2.0,2.0,0.666667,0.666667,8.0,0.666667,31.0,0.028046,1.0,146.0,21.0,114.0,5.0,13.0,259.0,19.923077,22.1553,63.978966,9.202454,49.956179,2.19106,0.034533,0.578182,1.0,1.0,15.630137,0.174757,0.578182,0.385455,0.385455,0.444444,0.578182,0.8,0.963636,0.855172,0.934852,0.211308,0.578182,200.0,1.0,0.0,0.0,1.0,1.0,1.0,0.0,0.0,0.0,1.0,1.0,1.0,0.0,0.0,0.0,0.0,0.0,1.0,1.0,1.0,1.0,1.0,1.0,5.0,1.0,1.0,1.0,1.0,1.0,0.0,1.0,1.0,1.0,1.0,0.0,1.0,1.0,1.0,1.0,1.0,1.0,1.0,1.0,8.0,8.0,0.888889,0.888889,0.925926
dataset-v2,v2,extraction-v2,hybrid-v1,weak_serp,78.9474,,ремонт квартир Новосибирск,ремонт квартир,commercial,Новосибирск,65,https://nsk.proff-remont.ru/,nsk.proff-remont.ru,5,0,,,homepage,ok,,artifacts\query--403b8067ec7f604a.json,079d2f2ffae135ec280e75ffae1f7bd022104d3a,1019027,78.9474,44895.0,739521.0,6235.0,1919.0,0.3077786688051323,5.8985,475.0,13.1263,36.0,1.0,18.0,13.0,32.0,1.0,78.0,1.0,220.0,0.0,0.0,0.0,116.0,2.0,1.0,0.666667,0.333333,18.0,0.666667,35.0,0.018605,1.0,289.0,114.0,124.0,1.0,6.0,57.0,9.5,173.1944,46.351243,18.283881,19.887731,0.160385,0.060708,0.650543,1.0,1.0,21.574394,0.888889,0.650543,0.433695,0.433695,0.444444,0.650543,0.8,0.581818,0.482759,0.620155,0.200223,0.650543,200.0,1.0,0.0,0.0,1.0,1.0,0.0,0.0,0.0,0.0,1.0,1.0,1.0,0.0,0.0,0.0,0.0,0.0,1.0,1.0,1.0,1.0,1.0,1.0,11.0,1.0,1.0,1.0,1.0,1.0,1.0,1.0,1.0,1.0,1.0,0.0,1.0,1.0,21.0,1.0,1.0,1.0,1.0,1.0,9.0,8.0,1.0,0.888889,0.962963
dataset-v2,v2,extraction-v2,hybrid-v1,weak_serp,100.0,,ремонт квартир Казань,ремонт квартир,commercial,Казань,43,https://rembrigada116.ru/,rembrigada116.ru,1,0,,,homepage,ok,,artifacts\query--a34613b4b26f3097.json,819f99c6ef56f7f3541d5d4fc9dc2e3cb2fe1b7c,343289,100.0,19609.0,235882.0,2808.0,1187.0,0.42272079772079774,5.7949,202.0,13.901,40.0,1.0,5.0,2.0,8.0,1.0,82.0,1.0,151.0,0.0,0.0,0.0,100.0,2.0,2.0,0.666667,0.666667,6.0,0.666667,30.0,0.035613,1.0,222.0,37.0,52.0,34.0,5.0,52.0,10.4,70.2,79.059829,13.176638,18.518519,12.108262,0.083131,0.302058,1.0,1.0,12.648649,0.2,0.302058,0.201372,0.201372,0.444444,0.302058,0.8,0.509091,0.958621,0.812915,0.127686,0.302058,200.0,1.0,0.0,0.0,1.0,1.0,1.0,0.0,0.0,0.0,1.0,1.0,1.0,0.0,0.0,0.0,0.0,0.0,1.0,1.0,1.0,1.0,1.0,1.0,7.0,1.0,1.0,1.0,1.0,1.0,1.0,1.0,1.0,1.0,1.0,0.0,1.0,1.0,7.0,1.0,1.0,1.0,1.0,1.0,9.0,8.0,1.0,0.888889,0.962963
dataset-v2,v2,extraction-v2,hybrid-v1,weak_serp,94.7368,,ремонт квартир Казань,ремонт квартир,commercial,Казань,43,https://uslugi.yandex.ru/43-kazan/category/remont-i-stroitelstvo/remont-kvartir-i-domov--1816,uslugi.yandex.ru,2,0,,,category,ok,,artifacts\query--99813900464d4c65.json,ff09527f9653f02feacdd8158b1546824f9df953,2813384,94.7368,9280.0,2250039.0,1348.0,534.0,0.3961424332344214,5.6484,81.0,16.642,1.0,0.0,0.0,2.0,2.0,1.0,124.0,1.0,186.0,0.0,0.0,0.0,113.0,2.0,2.0,0.666667,0.666667,0.0,0.0,11.0,0.083828,1.0,609.0,20.0,7.0,0.0,0.0,2.0,0.0,1348.0,451.780415,14.836795,5.192878,0.0,0.004124,0.522517,1.0,0.75,2.213465,2.0,0.522517,0.348345,0.0,0.0,0.469569,0.633333,0.0,0.717241,0.0,0.155013,0.391888,200.0,1.0,0.0,0.0,1.0,1.0,0.0,0.0,0.0,0.0,1.0,1.0,1.0,0.0,0.0,4.0,0.0,0.0,1.0,0.6,1.0,1.0,0.92,1.0,4.0,1.0,1.0,1.0,1.0,1.0,1.0,1.0,1.0,1.0,1.0,1.0,1.0,0.0,0.0,1.0,1.0,1.0,1.0,1.0,8.0,9.0,0.888889,1.0,0.962963
dataset-v2,v2,extraction-v2,hybrid-v1,weak_serp,89.4737,,ремонт квартир Казань,ремонт квартир,commercial,Казань,43,https://kazan.proff-remont.ru/,kazan.proff-remont.ru,3,0,,,homepage,ok,,artifacts\query--f7ebfe3292b61672.json,156bbf946f5e0a1a6b8fea2c4cc33fdcda747819,1011192,89.4737,45300.0,730499.0,6300.0,1950.0,0.30952380952380953,5.8884,478.0,13.1799,37.0,1.0,18.0,13.0,32.0,1.0,72.0,1.0,213.0,0.0,0.0,0.0,116.0,2.0,1.0,0.666667,0.333333,18.0,0.666667,35.0,0.018413,1.0,291.0,116.0,126.0,1.0,6.0,56.0,9.333333,170.2703,46.190476,18.412698,20.0,0.15873,0.062012,0.518861,1.0,1.0,21.649485,0.864865,0.518861,0.345907,0.345907,0.444444,0.518861,0.8,0.690909,0.531034,0.613757,0.1606,0.518861,200.0,1.0,0.0,0.0,1.0,1.0,0.0,0.0,0.0,0.0,1.0,1.0,1.0,0.0,0.0,0.0,0.0,0.0,1.0,1.0,1.0,1.0,1.0,1.0,12.0,1.0,1.0,1.0,1.0,1.0,1.0,1.0,1.0,1.0,1.0,0.0,1.0,1.0,21.0,1.0,1.0,1.0,1.0,1.0,9.0,8.0,1.0,0.888889,0.962963
dataset-v2,v2,extraction-v2,hybrid-v1,weak_serp,84.2105,,ремонт квартир Казань,ремонт квартир,commercial,Казань,43,https://remont116.ru/,remont116.ru,4,0,,,homepage,ok,,artifacts\query--f9369b3ee8adddf3.json,16dac8f24b78da43daa2ae43363f298fe37e95a0,164098,84.2105,11565.0,98772.0,1663.0,533.0,0.3205051112447384,5.7348,139.0,11.964,89.0,1.0,1.0,1.0,3.0,1.0,53.0,1.0,161.0,0.0,0.0,0.0,85.0,2.0,3.0,0.666667,0.666667,5.0,0.666667,14.0,0.051112,1.0,105.0,51.0,36.0,0.0,6.0,66.0,11.0,18.6854,63.138906,30.667468,21.647625,0.0,0.117088,0.454447,1.0,1.0,15.838095,0.033708,0.454447,0.302965,0.302965,0.444444,0.454447,0.8,0.963636,0.889655,0.296252,0.134567,0.454447,200.0,1.0,0.0,0.0,1.0,1.0,1.0,0.0,0.0,0.0,1.0,1.0,0.0,0.0,0.0,0.0,0.0,0.0,1.0,1.0,0.5,1.0,0.9,1.0,2.0,1.0,1.0,1.0,0.0,1.0,1.0,0.0,1.0,1.0,1.0,0.0,0.0,1.0,1.0,1.0,1.0,1.0,1.0,1.0,6.0,8.0,0.666667,0.888889,0.851852
dataset-v2,v2,extraction-v2,hybrid-v1,weak_serp,78.9474,,ремонт квартир Казань,ремонт квартир,commercial,Казань,43,https://www.avito.ru/kazan/predlozheniya_uslug/remont_i_otdelka/remont_kvartir_i_domov_pod_klyuch-ASgBAgICAkSYC8CfAcQVwPUB,avito.ru,5,0,,,content,ok,,artifacts\query--92c56556255a6811.json,f769524288adf0e1b68d241ab41a984832e656e7,34458,78.9474,946.0,28942.0,133.0,90.0,0.6766917293233082,5.8346,12.0,11.0833,11.0,0.0,1.0,0.0,1.0,1.0,31.0,0.0,0.0,0.0,0.0,0.0,0.0,0.0,0.0,0.0,0.0,0.0,0.0,0.0,0.0,0.0,1.0,1.0,0.0,1.0,1.0,2.0,2.0,12.0909,7.518797,7.518797,0.0,7.518797,0.032686,0.175376,0.0,0.75,133.0,0.090909,0.0,0.0,0.0,0.0,0.01555,0.0,0.563636,0.0,0.0,0.008769,0.131532,429.0,0.0,0.0,0.0,0.0,0.0,0.0,0.0,0.0,0.0,0.0,1.0,1.0,0.0,0.0,4.0,0.0,0.0,1.0,0.6,1.0,0.75,0.67,1.0,1.0,0.0,0.0,0.0,0.0,1.0,0.0,0.0,0.0,1.0,0.0,0.0,0.0,1.0,1.0,1.0,0.0,1.0,1.0,0.4,2.0,3.0,0.222222,0.333333,0.318519
dataset-v2,v2,extraction-v2,hybrid-v1,weak_serp,73.6842,,ремонт квартир Казань,ремонт квартир,commercial,Казань,43,https://remont-kvartir-kazan.ru/,remont-kvartir-kazan.ru,6,0,,,homepage,ok,,artifacts\query--789814bfee3007ac.json,f4dcf4f1e830a6a289c943bd9b2f29fbc15c8fe0,453802,73.6842,7698.0,408148.0,1045.0,609.0,0.5827751196172248,6.1464,94.0,11.117,29.0,1.0,5.0,5.0,11.0,1.0,47.0,1.0,127.0,0.0,0.0,0.0,40.0,2.0,1.0,0.666667,0.333333,2.0,0.666667,12.0,0.038278,1.0,76.0,41.0,38.0,10.0,5.0,45.0,9.0,36.0345,72.727273,39.23445,36.363636,9.569378,0.018861,0.509325,1.0,1.0,13.75,0.37931,0.509325,0.33955,0.33955,0.444444,0.35483,0.8,0.854545,0.875862,0.724083,0.172322,0.509325,200.0,1.0,0.0,0.0,1.0,1.0,1.0,0.0,0.0,0.0,1.0,1.0,0.0,0.0,0.0,0.0,0.0,0.0,1.0,1.0,0.5,1.0,0.9,1.0,3.0,0.0,1.0,1.0,1.0,1.0,0.0,1.0,1.0,0.0,1.0,0.0,0.0,1.0,17.0,1.0,1.0,1.0,1.0,0.8,7.0,6.0,0.777778,0.666667,0.748148
dataset-v2,v2,extraction-v2,hybrid-v1,weak_serp,68.4211,,ремонт квартир Казань,ремонт квартир,commercial,Казань,43,https://profi.ru/geo-kzn/remont/remont-kvartir/,profi.ru,7,0,,,content,ok,,artifacts\query--3d443447d4fd24e9.json,7c33ccd6f660d2fd72cbbd80b60209252308c86b,9075,68.4211,93.0,7190.0,13.0,11.0,0.8461538461538461,6.0769,1.0,13.0,1.0,0.0,0.0,0.0,0.0,0.0,0.0,1.0,8.0,0.0,0.0,0.0,0.0,0.0,0.0,0.0,0.0,0.0,0.0,0.0,0.0,0.0,1.0,1.0,0.0,0.0,0.0,0.0,0.0,13.0,76.923077,76.923077,0.0,0.0,0.012935,0.07972,0.0,0.25,13.0,0.0,0.0,0.0,0.0,0.0,0.000691,0.0,0.0,0.055172,0.0,0.000487,0.01993,418.0,0.0,0.0,0.0,0.0,0.0,0.0,0.0,0.0,0.0,0.0,1.0,0.0,0.0,0.0,3.0,0.0,0.0,1.0,0.7,0.5,0.75,0.59,0.0,0.0,0.0,0.0,0.0,0.0,0.0,0.0,0.0,0.0,0.0,0.0,0.0,0.0,0.0,0.0,0.0,0.0,0.0,0.0,0.0,0.0,0.0,0.0,0.0,0.0
dataset-v2,v2,extraction-v2,hybrid-v1,weak_serp,57.8947,,ремонт квартир Казань,ремонт квартир,commercial,Казань,43,https://kazan-remonts.ru/,kazan-remonts.ru,9,0,,,homepage,ok,,artifacts\query--a41f2333d0fb994b.json,d3ae3b0fedc2e0a0fd3ae9ac8f2c5b4e5c988bb2,140200,57.8947,7378.0,92024.0,981.0,491.0,0.5005096839959225,6.3129,50.0,19.62,23.0,1.0,1.0,0.0,2.0,1.0,42.0,1.0,113.0,0.0,0.0,0.0,79.0,2.0,7.0,0.666667,1.0,2.0,0.666667,41.0,0.08053,1.0,182.0,8.0,140.0,0.0,2.0,3.0,1.5,42.6522,185.524975,8.154944,142.711519,0.0,0.080175,0.461206,1.0,1.0,5.39011,0.086957,0.461206,0.307471,0.307471,0.444444,0.301629,0.8,0.763636,0.77931,0.0,0.125807,0.461206,200.0,1.0,0.0,0.0,0.0,0.0,0.0,0.0,0.0,0.0,1.0,1.0,1.0,0.0,0.0,0.0,0.0,0.0,1.0,1.0,1.0,0.75,0.95,1.0,1.0,1.0,1.0,1.0,1.0,1.0,0.0,1.0,0.0,1.0,0.0,1.0,0.0,1.0,1.0,0.0,1.0,1.0,1.0,0.8,7.0,7.0,0.777778,0.777778,0.785185
dataset-v2,v2,extraction-v2,hybrid-v1,weak_serp,52.6316,,ремонт квартир Казань,ремонт квартир,commercial,Казань,43,https://bikservis.com/remont-kvartir/,bikservis.com,10,0,,,content,ok,,artifacts\query--770e5f391ef56f16.json,42bb236e5cd771ddb7d7ced7c7d59a9aefbd0b40,722354,52.6316,10449.0,598716.0,1387.0,641.0,0.46214852198990625,6.3403,61.0,22.7377,84.0,1.0,2.0,6.0,9.0,1.0,73.0,1.0,162.0,0.0,0.0,0.0,31.0,2.0,2.0,0.666667,0.666667,2.0,0.666667,5.0,0.02235,1.0,385.0,73.0,70.0,0.0,27.0,403.0,14.925926,16.5119,277.577505,52.631579,50.468637,0.0,0.017452,0.301846,1.0,1.0,3.602597,0.107143,0.301846,0.201231,0.201231,0.444444,0.279107,0.8,0.672727,0.882759,0.745013,0.107491,0.301846,200.0,1.0,0.0,0.0,1.0,1.0,0.0,0.0,0.0,0.0,1.0,1.0,1.0,0.0,0.0,1.0,0.0,0.0,1.0,0.9,1.0,1.0,0.98,1.0,5.0,1.0,1.0,1.0,1.0,1.0,1.0,1.0,1.0,1.0,1.0,0.0,0.0,1.0,2.0,1.0,1.0,1.0,1.0,1.0,8.0,8.0,0.888889,0.888889,0.925926
dataset-v2,v2,extraction-v2,hybrid-v1,weak_serp,100.0,,ремонт квартир Краснодар,ремонт квартир,commercial,Краснодар,35,https://podklyuch23.ru/,podklyuch23.ru,1,0,,,homepage,ok,,artifacts\query--17a1c41c6d893d86.json,410fad2b16a563d894ef04fd0201277720b5ed68,549239,100.0,11271.0,449937.0,1642.0,599.0,0.36479902557856275,5.7186,88.0,18.6591,37.0,1.0,7.0,4.0,12.0,1.0,59.0,1.0,271.0,0.0,0.0,0.0,138.0,2.0,3.0,0.666667,0.666667,3.0,0.666667,32.0,0.084044,1.0,232.0,45.0,166.0,21.0,5.0,27.0,5.4,44.3784,141.291108,27.405603,101.096224,12.789281,0.02505,0.458324,1.0,1.0,7.077586,0.324324,0.458324,0.305549,0.305549,0.444444,0.458324,0.8,0.927273,0.131034,0.0,0.15252,0.458324,200.0,1.0,0.0,0.0,1.0,1.0,1.0,0.0,0.0,0.0,1.0,1.0,1.0,0.0,0.0,0.0,0.0,0.0,1.0,1.0,1.0,1.0,1.0,1.0,4.0,1.0,1.0,1.0,1.0,1.0,0.0,1.0,1.0,1.0,1.0,0.0,1.0,1.0,5.0,1.0,1.0,1.0,1.0,1.0,8.0,8.0,0.888889,0.888889,0.925926
dataset-v2,v2,extraction-v2,hybrid-v1,weak_serp,94.7368,,ремонт квартир Краснодар,ремонт квартир,commercial,Краснодар,35,https://uslugi.yandex.ru/35-krasnodar/category?text=ремонт+квартир,uslugi.yandex.ru,2,0,,,category,ok,,artifacts\query--38b5abe0e1968d2e.json,4442a8dcf893fd0d6a617351b9343498b6290272,2600903,94.7368,13530.0,2067565.0,1866.0,706.0,0.3783494105037513,5.9148,171.0,10.9123,1.0,1.0,0.0,4.0,5.0,1.0,84.0,1.0,137.0,0.0,0.0,0.0,113.0,2.0,2.0,0.666667,0.666667,4.0,0.666667,9.0,0.060557,1.0,1041.0,20.0,3.0,0.0,0.0,2.0,0.0,1866.0,557.877814,10.718114,1.607717,0.0,0.006544,0.568551,1.0,0.75,1.792507,5.0,0.568551,0.379034,0.379034,0.444444,0.568551,0.8,0.472727,0.944828,0.0,0.215111,0.426413,200.0,1.0,0.0,0.0,1.0,1.0,0.0,0.0,0.0,0.0,1.0,1.0,1.0,0.0,0.0,2.0,1.0,1.0,1.0,0.7,1.0,1.0,0.94,1.0,3.0,0.0,1.0,1.0,1.0,1.0,1.0,1.0,1.0,1.0,1.0,1.0,1.0,1.0,1.0,1.0,1.0,1.0,1.0,0.8,9.0,8.0,1.0,0.888889,0.896296
dataset-v2,v2,extraction-v2,hybrid-v1,weak_serp,89.4737,,ремонт квартир Краснодар,ремонт квартир,commercial,Краснодар,35,https://www.kp.ru/russia/krasnodar/luchshie-kompanii-po-remontu-kvartir-v-krasnodare/,kp.ru,3,0,,,content,ok,,artifacts\query--1ac60dc56f66a1f7.json,7d5516738a63fcfab9063b60236df122105264c3,246357,89.4737,21085.0,157996.0,2915.0,1339.0,0.4593481989708405,6.0367,232.0,12.5647,52.0,1.0,5.0,15.0,21.0,1.0,205.0,1.0,245.0,0.0,0.0,0.0,43.0,2.0,2.0,0.333333,0.333333,5.0,0.333333,7.0,0.014751,1.0,109.0,32.0,67.0,37.0,4.0,6.0,1.5,56.0577,37.392796,10.977702,22.984563,12.692967,0.133453,0.556717,1.0,1.0,26.743119,0.403846,0.556717,0.185572,0.185572,0.111111,0.556717,0.6,0.0,0.310345,0.49171,0.255727,0.556717,200.0,1.0,0.0,0.0,1.0,1.0,1.0,0.0,0.0,0.0,1.0,1.0,1.0,0.0,0.0,3.0,0.0,0.0,1.0,0.7,1.0,1.0,0.94,1.0,7.0,0.0,1.0,1.0,1.0,1.0,1.0,0.0,1.0,1.0,1.0,1.0,1.0,1.0,1.0,1.0,1.0,1.0,1.0,0.8,8.0,8.0,0.888889,0.888889,0.859259
dataset-v2,v2,extraction-v2,hybrid-v1,weak_serp,84.2105,,ремонт квартир Краснодар,ремонт квартир,commercial,Краснодар,35,https://vc.ru/life/2874800-kompanii-po-remontu-kvartir-v-krasnodare,vc.ru,4,0,,,content,ok,,artifacts\query--e2df3df49301d43a.json,dd1d2e668970cbf2e8accb964a1cb35c3de61abd,672428,84.2105,33265.0,454244.0,4843.0,2024.0,0.4179227751393764,5.6504,324.0,14.9475,80.0,1.0,9.0,30.0,40.0,1.0,200.0,1.0,144.0,0.0,0.0,0.0,85.0,1.0,3.0,0.333333,0.666667,4.0,0.333333,4.0,0.017551,0.666667,180.0,125.0,47.0,11.0,0.0,0.0,0.0,60.5375,37.167045,25.810448,9.704728,2.271319,0.073232,0.548308,1.0,0.5,26.905556,0.5,0.365539,0.182769,0.182769,0.111111,0.548308,0.55,0.0,0.993103,0.390025,0.22915,0.274154,200.0,1.0,0.0,0.0,1.0,1.0,0.0,0.0,0.0,0.0,1.0,1.0,1.0,0.0,0.0,2.0,0.0,0.0,1.0,0.8,1.0,1.0,0.96,1.0,12.0,1.0,1.0,1.0,1.0,1.0,1.0,1.0,1.0,0.0,1.0,1.0,1.0,1.0,3.0,1.0,1.0,1.0,1.0,1.0,9.0,8.0,1.0,0.888889,0.962963
dataset-v2,v2,extraction-v2,hybrid-v1,weak_serp,57.8947,,ремонт квартир Краснодар,ремонт квартир,commercial,Краснодар,35,https://timestroykrd.ru/,timestroykrd.ru,9,0,,,homepage,ok,,artifacts\query--2fe64345c3f08347.json,8dfbe0af9760ec8820dc5b9ff47836ef1efe795c,375041,57.8947,11563.0,315610.0,1671.0,871.0,0.521244763614602,5.6439,110.0,15.1909,58.0,6.0,14.0,22.0,42.0,1.0,49.0,1.0,91.0,0.0,0.0,0.0,26.0,2.0,1.0,0.666667,0.333333,7.0,1.0,8.0,0.01556,1.0,25.0,55.0,3.0,111.0,0.0,25.0,0.0,28.8103,14.961101,32.914423,1.795332,66.427289,0.036637,0.518471,1.0,0.75,66.84,0.724138,0.518471,0.345647,0.518471,0.666667,0.518471,0.883333,0.890909,0.627586,0.518652,0.250882,0.388853,200.0,1.0,0.0,0.0,1.0,1.0,0.0,0.0,0.0,0.0,1.0,1.0,1.0,0.0,0.0,0.0,0.0,0.0,1.0,1.0,1.0,1.0,1.0,1.0,6.0,0.0,1.0,1.0,1.0,1.0,0.0,0.0,1.0,1.0,0.0,0.0,0.0,1.0,1.0,1.0,1.0,1.0,1.0,0.8,6.0,6.0,0.666667,0.666667,0.711111
dataset-v2,v2,extraction-v2,hybrid-v1,weak_serp,100.0,,ремонт квартир Самара,ремонт квартир,commercial,Самара,51,https://www.avito.ru/samara/predlozheniya_uslug/remont_i_otdelka-ASgBAgICAUSYC8CfAQ,avito.ru,1,0,,,content,ok,,artifacts\query--229c0feaf980ec06.json,6a20f7cd8846731d71c47923ed13b017e34fbcc1,34658,100.0,947.0,28943.0,133.0,90.0,0.6766917293233082,5.8421,12.0,11.0833,11.0,0.0,1.0,0.0,1.0,1.0,31.0,0.0,0.0,0.0,0.0,0.0,0.0,0.0,0.0,0.0,0.0,0.0,0.0,0.0,0.0,0.0,1.0,1.0,0.0,1.0,1.0,2.0,2.0,12.0909,7.518797,7.518797,0.0,7.518797,0.032719,0.12078,0.0,0.75,133.0,0.090909,0.0,0.0,0.0,0.0,0.010709,0.0,0.563636,0.0,0.0,0.006039,0.090585,429.0,0.0,0.0,0.0,0.0,0.0,0.0,0.0,0.0,0.0,0.0,1.0,1.0,0.0,0.0,3.0,0.0,0.0,1.0,0.7,1.0,0.75,0.69,1.0,1.0,0.0,0.0,0.0,0.0,1.0,0.0,0.0,0.0,1.0,0.0,0.0,0.0,1.0,1.0,1.0,0.0,1.0,1.0,0.4,2.0,3.0,0.222222,0.333333,0.318519
dataset-v2,v2,extraction-v2,hybrid-v1,weak_serp,94.7368,,ремонт квартир Самара,ремонт квартир,commercial,Самара,51,https://remontkvsamara.ru/,remontkvsamara.ru,2,0,,,homepage,ok,,artifacts\query--c211d9e63c326ca6.json,7c638ed30881a3e473db4ca8ee06aef3b11bb6b4,182478,94.7368,6155.0,139423.0,886.0,429.0,0.48419864559819414,5.7133,56.0,15.8214,49.0,1.0,9.0,16.0,26.0,1.0,64.0,1.0,191.0,0.0,1.0,1.0,32.0,2.0,2.0,0.666667,0.666667,10.0,0.666667,11.0,0.036117,1.0,55.0,22.0,15.0,0.0,2.0,7.0,3.5,18.0816,62.076749,24.8307,16.930023,0.0,0.044146,0.803536,1.0,1.0,16.109091,0.530612,0.803536,0.535691,0.535691,0.444444,0.474622,0.8,0.836364,0.682759,0.796087,0.191509,0.803536,200.0,1.0,0.0,0.0,1.0,1.0,1.0,0.0,0.0,0.0,1.0,1.0,1.0,1.0,1.0,0.0,0.0,0.0,1.0,1.0,1.0,1.0,1.0,1.0,2.0,0.0,1.0,1.0,1.0,1.0,0.0,1.0,1.0,1.0,1.0,1.0,1.0,1.0,6.0,1.0,1.0,1.0,1.0,0.8,8.0,8.0,0.888889,0.888889,0.859259
dataset-v2,v2,extraction-v2,hybrid-v1,weak_serp,89.4737,,ремонт квартир Самара,ремонт квартир,commercial,Самара,51,https://samara.proff-remont.ru/,samara.proff-remont.ru,3,0,,,homepage,ok,,artifacts\query--d57e2527f9fb1282.json,987c4f94e959fa9958c3e671908ad73b49ab4b57,1021879,89.4737,45012.0,741532.0,6251.0,1930.0,0.3087505999040154,5.8995,475.0,13.16,36.0,1.0,18.0,13.0,32.0,1.0,72.0,1.0,210.0,0.0,0.0,0.0,116.0,2.0,1.0,0.666667,0.333333,18.0,0.666667,35.0,0.018557,1.0,291.0,116.0,126.0,1.0,6.0,57.0,9.5,173.6389,46.552552,18.557031,20.156775,0.159974,0.060701,0.737796,1.0,1.0,21.4811,0.888889,0.737796,0.491864,0.491864,0.444444,0.737796,0.8,0.690909,0.551724,0.618568,0.227795,0.737796,200.0,1.0,0.0,0.0,1.0,1.0,0.0,0.0,0.0,0.0,1.0,1.0,1.0,0.0,0.0,0.0,0.0,0.0,1.0,1.0,1.0,1.0,1.0,1.0,11.0,1.0,1.0,1.0,1.0,1.0,1.0,1.0,1.0,1.0,1.0,0.0,1.0,1.0,21.0,1.0,1.0,1.0,1.0,1.0,9.0,8.0,1.0,0.888889,0.962963
dataset-v2,v2,extraction-v2,hybrid-v1,weak_serp,84.2105,,ремонт квартир Самара,ремонт квартир,commercial,Самара,51,https://uslugi.yandex.ru/51-samara/category?text=ремонт+квартир,uslugi.yandex.ru,4,0,,,category,ok,,artifacts\query--7f85b3bf6c9babc3.json,d18e2c1e73c13dcdb85736f8e6af27dc758cac4a,3261944,84.2105,7537.0,2425513.0,1082.0,434.0,0.4011090573012939,5.7311,86.0,12.5814,1.0,1.0,0.0,7.0,8.0,1.0,79.0,1.0,133.0,0.0,0.0,0.0,49.0,2.0,2.0,0.666667,0.666667,4.0,0.666667,9.0,0.045287,1.0,302.0,11.0,6.0,0.0,0.0,2.0,0.0,1082.0,279.112754,10.166359,5.545287,0.0,0.003107,0.745781,1.0,0.75,3.582781,8.0,0.745781,0.497187,0.497187,0.444444,0.537957,0.8,0.563636,0.917241,0.49045,0.179816,0.559336,200.0,1.0,0.0,0.0,1.0,1.0,0.0,0.0,0.0,0.0,1.0,1.0,1.0,0.0,0.0,2.0,1.0,1.0,1.0,0.7,1.0,1.0,0.94,1.0,3.0,1.0,1.0,1.0,1.0,1.0,1.0,1.0,1.0,1.0,1.0,1.0,1.0,0.0,0.0,1.0,1.0,1.0,1.0,1.0,8.0,9.0,0.888889,1.0,0.962963
dataset-v2,v2,extraction-v2,hybrid-v1,weak_serp,78.9474,,ремонт квартир Самара,ремонт квартир,commercial,Самара,51,https://remont063.ru/,remont063.ru,5,0,,,homepage,ok,,artifacts\query--663d305bd44c36eb.json,0aef83e808dc8de02bef9308c6726c3c10385fe8,137919,78.9474,13150.0,75342.0,1813.0,691.0,0.38113623827909543,6.0552,113.0,16.0442,14.0,1.0,4.0,0.0,5.0,1.0,65.0,1.0,152.0,0.0,0.0,0.0,50.0,2.0,2.0,0.666667,0.666667,0.0,0.0,20.0,0.027579,1.0,167.0,60.0,139.0,0.0,0.0,0.0,0.0,129.5,92.112521,33.094319,76.668505,0.0,0.174537,0.326448,1.0,0.5,10.856287,0.357143,0.326448,0.217632,0.0,0.0,0.326448,0.633333,0.818182,0.951724,0.919287,0.124421,0.163224,200.0,1.0,0.0,0.0,0.0,0.0,0.0,0.0,0.0,0.0,1.0,1.0,0.0,0.0,0.0,0.0,0.0,0.0,1.0,1.0,0.5,0.75,0.85,1.0,1.0,1.0,1.0,1.0,1.0,1.0,0.0,1.0,1.0,1.0,1.0,0.0,0.0,0.0,0.0,1.0,1.0,1.0,1.0,1.0,6.0,8.0,0.666667,0.888889,0.851852
dataset-v2,v2,extraction-v2,hybrid-v1,weak_serp,73.6842,,ремонт квартир Самара,ремонт квартир,commercial,Самара,51,https://masterrem63.ru/,masterrem63.ru,6,0,,,homepage,ok,,artifacts\query--27115c143fc334d3.json,6695d7ae262ecc95c4c81716393e0b5de8b48e11,1086964,73.6842,24378.0,979145.0,3126.0,1146.0,0.3666026871401152,6.5934,260.0,12.0231,5.0,1.0,7.0,2.0,10.0,1.0,91.0,1.0,92.0,0.0,0.0,0.0,45.0,2.0,1.0,0.666667,0.333333,9.0,0.666667,14.0,0.014395,1.0,107.0,12.0,41.0,13.0,1.0,20.0,20.0,625.2,34.229047,3.838772,13.115803,4.158669,0.024897,0.747836,1.0,1.0,29.214953,2.0,0.747836,0.498557,0.498557,0.444444,0.747836,0.8,0.345455,0.634483,0.479846,0.274159,0.747836,200.0,1.0,0.0,0.0,1.0,1.0,0.0,0.0,0.0,0.0,1.0,1.0,1.0,0.0,0.0,0.0,0.0,0.0,1.0,1.0,1.0,1.0,1.0,1.0,15.0,1.0,1.0,1.0,0.0,1.0,0.0,0.0,1.0,1.0,0.0,0.0,0.0,1.0,4.0,1.0,1.0,1.0,1.0,1.0,5.0,7.0,0.555556,0.777778,0.777778
dataset-v2,v2,extraction-v2,hybrid-v1,weak_serp,68.4211,,ремонт квартир Самара,ремонт квартир,commercial,Самара,51,https://proremont-safe.ru/,proremont-safe.ru,7,0,,,homepage,ok,,artifacts\query--3273ad90fc0fa99f.json,7a791dc4435cc6560206508cd49e2797eb14c43f,2500339,68.4211,43809.0,2289728.0,5629.0,1765.0,0.3135548054716646,6.5351,513.0,10.9727,1.0,1.0,37.0,64.0,102.0,1.0,62.0,1.0,183.0,0.0,0.0,0.0,31.0,2.0,1.0,0.666667,0.333333,10.0,0.666667,6.0,0.005507,1.0,115.0,18.0,72.0,11.0,3.0,54.0,18.0,5629.0,20.429917,3.197726,12.790904,1.954166,0.019133,0.806183,1.0,1.0,48.947826,102.0,0.806183,0.537455,0.537455,0.444444,0.806183,0.8,0.872727,0.737931,0.183573,0.252783,0.806183,200.0,1.0,0.0,0.0,1.0,1.0,0.0,0.0,0.0,0.0,1.0,1.0,0.0,0.0,0.0,0.0,0.0,0.0,1.0,1.0,0.5,1.0,0.9,1.0,5.0,1.0,1.0,1.0,1.0,1.0,1.0,1.0,1.0,1.0,1.0,0.0,1.0,1.0,3.0,1.0,1.0,1.0,1.0,1.0,9.0,8.0,1.0,0.888889,0.962963
dataset-v2,v2,extraction-v2,hybrid-v1,weak_serp,63.1579,,ремонт квартир Самара,ремонт квартир,commercial,Самара,51,https://remontoff-samara.ru/,remontoff-samara.ru,8,0,,,homepage,ok,,artifacts\query--b7e71b0915675167.json,b999a03c69ce8958588f5b204d1ef2cc92e12186,565021,63.1579,19584.0,464687.0,2713.0,1006.0,0.3708072244747512,6.0638,118.0,22.9915,143.0,1.0,18.0,13.0,32.0,1.0,51.0,1.0,138.0,1.0,1.0,3.0,105.0,3.0,4.0,1.0,1.0,18.0,1.0,22.0,0.038703,1.0,171.0,70.0,151.0,7.0,13.0,171.0,13.153846,18.972,63.029856,25.801696,55.657943,2.58017,0.042144,0.369125,1.0,1.0,15.865497,0.223776,0.369125,0.369125,0.369125,1.0,0.369125,1.0,0.927273,0.951724,0.709915,0.136874,0.369125,200.0,1.0,0.0,0.0,1.0,1.0,0.0,0.0,0.0,0.0,1.0,1.0,1.0,0.0,0.0,0.0,0.0,0.0,1.0,1.0,1.0,1.0,1.0,1.0,9.0,0.0,1.0,1.0,1.0,1.0,0.0,1.0,1.0,1.0,1.0,0.0,1.0,1.0,1.0,1.0,1.0,1.0,1.0,0.8,8.0,7.0,0.888889,0.777778,0.822222
dataset-v2,v2,extraction-v2,hybrid-v1,weak_serp,57.8947,,ремонт квартир Самара,ремонт квартир,commercial,Самара,51,https://remo63.ru/,remo63.ru,9,0,,,homepage,ok,,artifacts\query--af27e7aa778a0447.json,842f0a387c63d8e7ea54ab9a0d74c2bd1079a11d,187216,57.8947,15593.0,115759.0,2151.0,889.0,0.4132961413296141,6.1139,142.0,15.1479,38.0,1.0,17.0,15.0,33.0,1.0,70.0,1.0,232.0,0.0,0.0,0.0,76.0,2.0,2.0,0.666667,0.333333,10.0,0.666667,22.0,0.035332,1.0,162.0,15.0,205.0,8.0,9.0,28.0,3.111111,56.6053,75.313808,6.973501,95.30451,3.7192,0.134702,0.690757,1.0,1.0,13.277778,0.868421,0.690757,0.460505,0.460505,0.444444,0.690757,0.8,0.727273,0.4,0.822253,0.285487,0.690757,200.0,1.0,0.0,0.0,1.0,1.0,0.0,0.0,0.0,0.0,1.0,1.0,1.0,0.0,0.0,0.0,0.0,0.0,1.0,1.0,1.0,1.0,1.0,1.0,1.0,1.0,1.0,1.0,0.0,1.0,1.0,1.0,1.0,1.0,1.0,0.0,1.0,1.0,12.0,0.0,1.0,1.0,1.0,0.8,8.0,8.0,0.888889,0.888889,0.859259
dataset-v2,v2,extraction-v2,hybrid-v1,weak_serp,52.6316,,ремонт квартир Самара,ремонт квартир,commercial,Самара,51,https://um-samara.ru/,um-samara.ru,10,0,,,homepage,ok,,artifacts\query--929f7b63aacc66a8.json,17f2a4ec4c384aee1ee9dc20a1ec0888a5b61045,1439224,52.6316,46124.0,1172119.0,6057.0,1133.0,0.18705629849760608,6.337,337.0,17.9733,813.0,2.0,57.0,31.0,90.0,1.0,49.0,1.0,136.0,0.0,1.0,2.0,120.0,2.0,7.0,0.666667,1.0,23.0,1.0,21.0,0.019812,1.0,390.0,53.0,177.0,77.0,82.0,1047.0,12.768293,7.4502,64.388311,8.750206,29.222387,12.712564,0.039351,0.657014,1.0,1.0,15.530769,0.110701,0.657014,0.438009,0.657014,0.666667,0.657014,0.883333,0.890909,0.937931,0.660393,0.122899,0.657014,200.0,1.0,0.0,0.0,1.0,1.0,0.0,0.0,0.0,0.0,1.0,1.0,1.0,0.0,0.0,0.0,0.0,0.0,1.0,1.0,1.0,1.0,1.0,1.0,15.0,1.0,1.0,1.0,1.0,1.0,1.0,1.0,1.0,1.0,1.0,0.0,0.0,1.0,16.0,1.0,1.0,1.0,1.0,1.0,8.0,8.0,0.888889,0.888889,0.925926
dataset-v2,v2,extraction-v2,hybrid-v1,weak_serp,100.0,,ремонт квартир Нижний Новгород,ремонт квартир,commercial,Нижний Новгород,47,https://nizhniy-novgorod.proff-remont.ru/,nizhniy-novgorod.proff-remont.ru,1,0,,,homepage,ok,,artifacts\query--049d4d4f8487594f.json,45d7fb71dab7c551760505b5d597700154dfc10d,989462,100.0,45348.0,708245.0,6279.0,1919.0,0.30562191431756647,5.9186,485.0,12.9464,38.0,1.0,18.0,13.0,32.0,1.0,81.0,1.0,224.0,0.0,0.0,0.0,120.0,2.0,1.0,0.5,0.25,18.0,0.5,36.0,0.019111,1.0,289.0,116.0,124.0,1.0,6.0,57.0,9.5,165.2368,46.026437,18.474279,19.748368,0.159261,0.064029,0.474026,1.0,1.0,21.726644,0.842105,0.474026,0.237013,0.237013,0.25,0.474026,0.7,0.527273,0.455172,0.637044,0.144873,0.474026,200.0,1.0,0.0,0.0,1.0,1.0,0.0,0.0,0.0,0.0,1.0,1.0,1.0,0.0,0.0,0.0,0.0,0.0,1.0,1.0,1.0,1.0,1.0,1.0,10.0,1.0,1.0,1.0,1.0,1.0,1.0,1.0,1.0,1.0,1.0,0.0,1.0,1.0,21.0,1.0,1.0,1.0,1.0,1.0,9.0,8.0,1.0,0.888889,0.962963
dataset-v2,v2,extraction-v2,hybrid-v1,weak_serp,94.7368,,ремонт квартир Нижний Новгород,ремонт квартир,commercial,Нижний Новгород,47,https://nn.korona-remont.ru/,nn.korona-remont.ru,2,0,,,homepage,ok,,artifacts\query--a84e5643419b4953.json,0a4c2b9846fae6d9998328859755cc15551391d3,272120,94.7368,11975.0,196509.0,1749.0,742.0,0.42424242424242425,5.677,99.0,17.6667,92.0,1.0,3.0,0.0,4.0,1.0,96.0,0.0,0.0,0.0,0.0,0.0,129.0,2.0,0.0,0.5,0.0,6.0,0.5,52.0,0.073756,1.0,259.0,74.0,135.0,4.0,4.0,33.0,8.25,19.0109,148.08462,42.309891,77.186964,2.287021,0.060939,0.421818,1.0,1.0,6.752896,0.043478,0.421818,0.210909,0.210909,0.25,0.421818,0.7,0.254545,0.0,0.0,0.173883,0.421818,200.0,1.0,0.0,0.0,1.0,1.0,0.0,0.0,0.0,0.0,1.0,1.0,1.0,0.0,0.0,0.0,0.0,0.0,1.0,1.0,1.0,1.0,1.0,1.0,7.0,1.0,1.0,1.0,1.0,1.0,1.0,1.0,1.0,1.0,1.0,0.0,1.0,1.0,10.0,1.0,1.0,1.0,1.0,1.0,9.0,8.0,1.0,0.888889,0.962963
dataset-v2,v2,extraction-v2,hybrid-v1,weak_serp,89.4737,,ремонт квартир Нижний Новгород,ремонт квартир,commercial,Нижний Новгород,47,https://remo152.ru/,remo152.ru,3,0,,,homepage,ok,,artifacts\query--d06755a08e614750.json,06b5d08ab1491e84d82e9016e355d288113c81be,185593,89.4737,15184.0,115164.0,2131.0,856.0,0.4016893477240732,5.9897,135.0,15.7852,38.0,1.0,23.0,9.0,33.0,1.0,81.0,1.0,252.0,0.0,0.0,0.0,79.0,2.0,2.0,0.5,0.25,10.0,0.5,23.0,0.037072,1.0,162.0,15.0,203.0,8.0,9.0,28.0,3.111111,56.0789,76.020648,7.038949,95.260441,3.754106,0.131847,0.53523,1.0,1.0,13.154321,0.868421,0.53523,0.267615,0.267615,0.25,0.53523,0.7,0.527273,0.262069,0.764273,0.214996,0.53523,200.0,1.0,0.0,0.0,1.0,1.0,0.0,0.0,0.0,0.0,1.0,1.0,1.0,0.0,0.0,0.0,0.0,0.0,1.0,1.0,1.0,1.0,1.0,1.0,1.0,1.0,1.0,1.0,0.0,1.0,1.0,1.0,1.0,1.0,1.0,0.0,1.0,1.0,12.0,0.0,1.0,1.0,1.0,0.8,8.0,8.0,0.888889,0.888889,0.859259
dataset-v2,v2,extraction-v2,hybrid-v1,weak_serp,84.2105,,ремонт квартир Нижний Новгород,ремонт квартир,commercial,Нижний Новгород,47,https://uslugi.yandex.ru/47-nizhny-novgorod/category/remont-i-stroitelstvo/remont-kvartir-i-domov--1816,uslugi.yandex.ru,4,0,,,category,ok,,artifacts\query--674f734a5a05a3fe.json,87c52b327648cafc35fec26cdd53814400d0f33f,2519180,84.2105,8234.0,2017740.0,1161.0,432.0,0.37209302325581395,5.9182,74.0,15.6892,1.0,0.0,0.0,5.0,5.0,1.0,134.0,1.0,196.0,0.0,0.0,0.0,96.0,2.0,2.0,0.5,0.5,0.0,0.0,7.0,0.082687,1.0,395.0,20.0,7.0,0.0,0.0,2.0,0.0,1161.0,340.223945,17.226529,6.029285,0.0,0.004081,0.548416,1.0,0.75,2.939241,5.0,0.548416,0.274208,0.0,0.0,0.424474,0.575,0.0,0.648276,0.0,0.13162,0.411312,200.0,1.0,0.0,0.0,1.0,1.0,0.0,0.0,0.0,0.0,1.0,1.0,1.0,0.0,0.0,4.0,0.0,0.0,1.0,0.6,1.0,1.0,0.92,1.0,4.0,1.0,1.0,1.0,1.0,1.0,1.0,1.0,1.0,1.0,1.0,1.0,1.0,0.0,0.0,1.0,1.0,1.0,1.0,1.0,8.0,9.0,0.888889,1.0,0.962963
dataset-v2,v2,extraction-v2,hybrid-v1,weak_serp,78.9474,,ремонт квартир Нижний Новгород,ремонт квартир,commercial,Нижний Новгород,47,https://www.avito.ru/nizhniy_novgorod/predlozheniya_uslug?q=ремонт+квартир,avito.ru,5,0,,,content,ok,,artifacts\query--1cacbf4cd2a21801.json,3584fb6574c1428eac3c19bfb0d423005c9b9620,34442,78.9474,947.0,28943.0,133.0,90.0,0.6766917293233082,5.8421,12.0,11.0833,11.0,0.0,1.0,0.0,1.0,1.0,31.0,0.0,0.0,0.0,0.0,0.0,0.0,0.0,0.0,0.0,0.0,0.0,0.0,0.0,0.0,0.0,1.0,1.0,0.0,1.0,1.0,2.0,2.0,12.0909,7.518797,7.518797,0.0,7.518797,0.032719,0.154003,0.0,0.75,133.0,0.090909,0.0,0.0,0.0,0.0,0.013655,0.0,0.563636,0.0,0.0,0.0077,0.115502,429.0,0.0,0.0,0.0,0.0,0.0,0.0,0.0,0.0,0.0,0.0,1.0,1.0,0.0,0.0,2.0,1.0,1.0,1.0,0.7,1.0,0.35,0.61,1.0,1.0,0.0,0.0,0.0,0.0,1.0,0.0,0.0,0.0,1.0,0.0,0.0,0.0,1.0,1.0,1.0,0.0,1.0,1.0,0.4,2.0,3.0,0.222222,0.333333,0.318519
dataset-v2,v2,extraction-v2,hybrid-v1,weak_serp,73.6842,,ремонт квартир Нижний Новгород,ремонт квартир,commercial,Нижний Новгород,47,https://comfort52.ru/,comfort52.ru,6,0,,,homepage,ok,,artifacts\query--1ce1b0317c09b7af.json,32bbf649fb8a4beae7df9634adc212a1da78a67a,1820372,73.6842,35637.0,1670018.0,4685.0,1535.0,0.327641408751334,6.2113,306.0,15.3105,132.0,1.0,1.0,1.0,3.0,1.0,42.0,1.0,209.0,0.0,0.0,0.0,50.0,2.0,1.0,0.5,0.25,3.0,0.25,18.0,0.010672,1.0,47.0,116.0,65.0,15.0,13.0,188.0,14.461538,35.4924,10.032017,24.759872,13.874066,3.201708,0.021339,0.519811,1.0,1.0,99.680851,0.022727,0.519811,0.259906,0.129953,0.125,0.519811,0.6375,0.763636,0.558621,0.355745,0.170312,0.519811,200.0,1.0,0.0,0.0,1.0,1.0,0.0,0.0,0.0,0.0,1.0,1.0,0.0,0.0,0.0,0.0,0.0,0.0,1.0,1.0,0.5,1.0,0.9,1.0,22.0,1.0,1.0,0.0,1.0,1.0,0.0,1.0,1.0,1.0,1.0,0.0,0.0,1.0,13.0,1.0,1.0,1.0,1.0,0.8,6.0,7.0,0.666667,0.777778,0.748148
dataset-v2,v2,extraction-v2,hybrid-v1,weak_serp,68.4211,,ремонт квартир Нижний Новгород,ремонт квартир,commercial,Нижний Новгород,47,https://max-dar.ru/,max-dar.ru,7,0,,,homepage,ok,,artifacts\query--c8d19e22c265f58d.json,f4526ce6a9acbc5838a19eb4d22e3558a57cbae0,1502458,68.4211,24337.0,1347229.0,3115.0,1169.0,0.3752808988764045,6.6212,208.0,14.976,5.0,1.0,11.0,1.0,13.0,1.0,110.0,1.0,85.0,0.0,0.0,0.0,51.0,2.0,1.0,0.5,0.25,9.0,0.5,12.0,0.016372,1.0,105.0,21.0,86.0,13.0,0.0,0.0,0.0,623.0,33.707865,6.741573,27.608347,4.173355,0.018064,0.584239,1.0,0.5,29.666667,2.6,0.584239,0.292119,0.292119,0.25,0.584239,0.7,0.0,0.586207,0.545746,0.219254,0.292119,200.0,1.0,0.0,0.0,1.0,1.0,0.0,0.0,0.0,0.0,1.0,1.0,0.0,0.0,0.0,0.0,0.0,0.0,1.0,1.0,0.5,1.0,0.9,1.0,4.0,1.0,1.0,1.0,0.0,1.0,0.0,0.0,1.0,1.0,0.0,0.0,0.0,1.0,9.0,1.0,1.0,1.0,1.0,1.0,5.0,7.0,0.555556,0.777778,0.777778
dataset-v2,v2,extraction-v2,hybrid-v1,weak_serp,63.1579,,ремонт квартир Нижний Новгород,ремонт квартир,commercial,Нижний Новгород,47,https://remontstroynn.ru/,remontstroynn.ru,8,0,,,homepage,ok,,artifacts\query--977b823201d26df3.json,81280c29f4a31ae86d3d6dbc534fda42377160f4,240815,63.1579,16927.0,147350.0,2368.0,1099.0,0.4641047297297297,5.9865,135.0,17.5407,70.0,2.0,11.0,51.0,64.0,1.0,52.0,1.0,132.0,0.0,0.0,0.0,52.0,2.0,3.0,0.5,0.5,16.0,0.5,8.0,0.021959,1.0,225.0,210.0,83.0,0.0,4.0,67.0,16.75,33.8286,95.016892,88.682432,35.050676,0.0,0.114876,0.247935,1.0,1.0,10.524444,0.914286,0.247935,0.123967,0.123967,0.25,0.247935,0.7,0.945455,0.910345,0.731982,0.115068,0.247935,200.0,1.0,0.0,0.0,1.0,1.0,1.0,0.0,0.0,0.0,1.0,1.0,1.0,0.0,0.0,0.0,0.0,0.0,1.0,1.0,1.0,1.0,1.0,1.0,3.0,1.0,1.0,1.0,1.0,1.0,1.0,1.0,1.0,1.0,1.0,1.0,1.0,1.0,8.0,1.0,1.0,1.0,1.0,1.0,9.0,9.0,1.0,1.0,1.0
dataset-v2,v2,extraction-v2,hybrid-v1,weak_serp,57.8947,,ремонт квартир Нижний Новгород,ремонт квартир,commercial,Нижний Новгород,47,https://profi.ru/geo-nnov/remont/remont-kvartir/,profi.ru,9,0,,,content,ok,,artifacts\query--ac08512299caa104.json,241fd1bfcffcdd084db7194173cfa98eb6f665bb,1241326,57.8947,44059.0,1002553.0,6263.0,1874.0,0.2992176273351429,5.7557,661.0,9.475,536.0,1.0,7.0,30.0,38.0,1.0,97.0,1.0,284.0,0.0,0.0,0.0,288.0,2.0,2.0,0.5,0.5,4.0,0.5,16.0,0.045984,1.0,286.0,105.0,27.0,0.0,0.0,1.0,0.0,11.6847,45.665017,16.765129,4.311033,0.0,0.043947,0.315315,1.0,0.75,21.898601,0.070896,0.315315,0.157658,0.157658,0.25,0.315315,0.7,0.236364,0.041379,0.467188,0.094348,0.236486,200.0,1.0,0.0,0.0,1.0,1.0,0.0,0.0,0.0,0.0,1.0,1.0,1.0,1.0,1.0,3.0,0.0,0.0,1.0,0.7,1.0,1.0,0.94,1.0,3.0,0.0,1.0,1.0,1.0,1.0,0.0,1.0,1.0,1.0,1.0,1.0,1.0,1.0,20.0,1.0,1.0,1.0,1.0,0.8,8.0,8.0,0.888889,0.888889,0.859259
dataset-v2,v2,extraction-v2,hybrid-v1,weak_serp,52.6316,,ремонт квартир Нижний Новгород,ремонт квартир,commercial,Нижний Новгород,47,https://tpk-nn.com/services/remont/remont-kvartir/,tpk-nn.com,10,0,,,category,ok,,artifacts\query--bb1b42ab1ad4483b.json,a7e5fd78a71d08f9ac23ce90e409f0b0fbd47c2f,82503,52.6316,5364.0,53222.0,747.0,381.0,0.5100401606425703,6.0174,40.0,18.675,25.0,1.0,5.0,0.0,6.0,1.0,65.0,1.0,194.0,0.0,0.0,0.0,37.0,4.0,3.0,1.0,0.75,6.0,1.0,19.0,0.049531,1.0,50.0,8.0,42.0,0.0,2.0,18.0,9.0,29.88,66.934404,10.709505,56.2249,0.0,0.100785,0.620358,1.0,1.0,14.94,0.24,0.620358,0.620358,0.620358,1.0,0.308938,1.0,0.818182,0.662069,0.348951,0.131309,0.620358,200.0,1.0,0.0,0.0,0.0,0.0,1.0,0.0,0.0,0.0,1.0,1.0,1.0,0.0,0.0,3.0,0.0,0.0,1.0,0.7,1.0,0.75,0.89,1.0,3.0,1.0,1.0,1.0,0.0,1.0,0.0,1.0,1.0,1.0,1.0,0.0,0.0,1.0,6.0,0.0,1.0,1.0,1.0,0.8,6.0,8.0,0.666667,0.888889,0.785185
dataset-v2,v2,extraction-v2,hybrid-v1,weak_serp,100.0,,ремонт квартир цена Москва,ремонт квартир,commercial,Москва,213,https://titanremont.ru/price,titanremont.ru,1,0,,,content,ok,,artifacts\query--3ac5209ac7214fa8.json,69aec03b366e2085c4846f32074b959724f407e0,281379,100.0,17362.0,157541.0,2550.0,852.0,0.3341176470588235,5.38,147.0,17.3469,46.0,1.0,3.0,4.0,8.0,1.0,97.0,1.0,120.0,0.0,0.0,0.0,34.0,2.0,2.0,0.5,0.5,6.0,0.5,15.0,0.013333,1.0,510.0,36.0,116.0,0.0,10.0,296.0,29.6,55.4348,200.0,14.117647,45.490196,0.0,0.110206,0.765262,1.0,1.0,5.0,0.173913,0.765262,0.382631,0.382631,0.25,0.765262,0.7,0.236364,0.827586,0.444444,0.255688,0.765262,200.0,1.0,0.0,0.0,1.0,1.0,0.0,0.0,0.0,0.0,1.0,1.0,1.0,0.0,0.0,1.0,0.0,0.0,1.0,0.9,1.0,1.0,0.98,1.0,3.0,1.0,1.0,1.0,1.0,1.0,0.0,1.0,0.0,1.0,1.0,0.0,1.0,1.0,15.0,1.0,1.0,1.0,1.0,1.0,8.0,7.0,0.888889,0.777778,0.888889
dataset-v2,v2,extraction-v2,hybrid-v1,weak_serp,94.7368,,ремонт квартир цена Москва,ремонт квартир,commercial,Москва,213,https://www.remontprofi.ru/remont-kvartir-pod-klyuch/,remontprofi.ru,2,0,,,content,ok,,artifacts\query--598f46f671c76702.json,075495559a08a04e8ffd1e38a76c12e0e3966d8d,321749,94.7368,20052.0,196271.0,2795.0,1180.0,0.4221824686940966,5.9925,214.0,13.0607,60.0,1.0,7.0,10.0,18.0,1.0,78.0,1.0,199.0,0.0,0.0,0.0,63.0,2.0,2.0,0.5,0.5,8.0,0.5,12.0,0.02254,0.75,395.0,112.0,224.0,10.0,5.0,39.0,7.8,46.5833,141.323792,40.071556,80.143113,3.577818,0.102165,0.605183,1.0,1.0,7.075949,0.3,0.453887,0.302592,0.302592,0.25,0.605183,0.6625,0.581818,0.627586,0.563506,0.255498,0.605183,200.0,1.0,0.0,0.0,0.0,0.0,1.0,0.0,0.0,0.0,1.0,1.0,1.0,0.0,0.0,1.0,0.0,0.0,1.0,0.9,1.0,0.75,0.93,1.0,4.0,1.0,1.0,1.0,1.0,1.0,0.0,1.0,1.0,1.0,1.0,1.0,1.0,1.0,13.0,1.0,1.0,1.0,1.0,1.0,8.0,9.0,0.888889,1.0,0.962963
dataset-v2,v2,extraction-v2,hybrid-v1,weak_serp,89.4737,,ремонт квартир цена Москва,ремонт квартир,commercial,Москва,213,https://remont-f.ru/remont-kvartir-pod-kluch/price.php,remont-f.ru,3,0,,,content,ok,,artifacts\query--bc344fe73a756aef.json,e1f4199b8d7b960547a2d5a8dce2798d88734b8c,422407,89.4737,32735.0,287001.0,4914.0,1307.0,0.265974765974766,5.2202,728.0,6.75,18.0,1.0,2.0,8.0,11.0,1.0,95.0,1.0,197.0,0.0,0.0,0.0,63.0,2.0,3.0,0.5,0.5,4.0,0.5,10.0,0.012821,1.0,160.0,19.0,126.0,1.0,8.0,392.0,49.0,273.0,32.560033,3.866504,25.641026,0.2035,0.114059,0.761147,1.0,1.0,30.7125,0.611111,0.761147,0.380574,0.380574,0.25,0.761147,0.7,0.272727,0.641379,0.42735,0.202446,0.761147,200.0,1.0,0.0,0.0,1.0,1.0,0.0,0.0,0.0,0.0,1.0,1.0,1.0,0.0,0.0,2.0,0.0,0.0,1.0,0.8,1.0,1.0,0.96,1.0,2.0,1.0,1.0,1.0,1.0,1.0,0.0,1.0,1.0,1.0,1.0,0.0,1.0,1.0,11.0,1.0,1.0,1.0,1.0,1.0,8.0,8.0,0.888889,0.888889,0.925926
dataset-v2,v2,extraction-v2,hybrid-v1,weak_serp,84.2105,,ремонт квартир цена Москва,ремонт квартир,commercial,Москва,213,https://r-total.ru/prays-list/,r-total.ru,4,0,,,content,ok,,artifacts\query--30575c2013d21ce0.json,6f387ba45399a70e0f67fbd52ab801ae00418184,334725,84.2105,11130.0,287157.0,1644.0,699.0,0.4251824817518248,5.635,39.0,42.1538,26.0,1.0,8.0,8.0,17.0,1.0,102.0,1.0,227.0,0.0,0.0,0.0,56.0,3.0,2.0,0.75,0.25,5.0,0.75,30.0,0.034063,1.0,70.0,5.0,44.0,3.0,4.0,27.0,6.75,63.2308,42.579075,3.041363,26.76399,1.824818,0.038759,0.849862,1.0,1.0,23.485714,0.653846,0.849862,0.637397,0.637397,0.5625,0.849862,0.85,0.145455,0.434483,0.864558,0.33003,0.849862,200.0,1.0,0.0,0.0,1.0,1.0,0.0,0.0,0.0,0.0,1.0,1.0,1.0,0.0,0.0,1.0,0.0,0.0,1.0,0.9,1.0,1.0,0.98,1.0,4.0,0.0,1.0,1.0,0.0,1.0,0.0,1.0,1.0,1.0,1.0,0.0,1.0,1.0,3.0,1.0,1.0,1.0,1.0,0.8,7.0,7.0,0.777778,0.777778,0.785185
dataset-v2,v2,extraction-v2,hybrid-v1,weak_serp,52.6316,,ремонт квартир цена Москва,ремонт квартир,commercial,Москва,213,https://studia-remontov.ru/,studia-remontov.ru,10,0,,,homepage,ok,,artifacts\query--18f6b778de83d3b6.json,9571c0ed8541095d307895a9558a651155d4b00b,17442,52.6316,82.0,14507.0,11.0,11.0,1.0,6.4545,1.0,11.0,3.0,0.0,1.0,0.0,1.0,0.0,0.0,0.0,0.0,0.0,0.0,0.0,0.0,0.0,0.0,0.0,0.0,0.0,0.0,0.0,0.0,0.0,1.0,0.0,0.0,0.0,0.0,0.0,0.0,3.6667,90.909091,0.0,0.0,0.0,0.005652,0.013113,0.0,0.0,11.0,0.333333,0.0,0.0,0.0,0.0,9.6e-05,0.0,0.0,0.0,0.0,8e-05,0.0,200.0,1.0,0.0,0.0,0.0,0.0,1.0,1.0,1.0,0.0,0.0,1.0,0.0,0.0,0.0,0.0,0.0,0.0,1.0,1.0,0.5,0.75,0.65,0.0,0.0,0.0,0.0,0.0,0.0,1.0,0.0,0.0,0.0,1.0,0.0,0.0,0.0,0.0,0.0,0.0,0.0,0.0,0.0,0.0,0.0,1.0,0.0,0.111111,0.037037
dataset-v2,v2,extraction-v2,hybrid-v1,weak_serp,100.0,,ремонт квартир цена Санкт-Петербург,ремонт квартир,commercial,Санкт-Петербург,2,https://remont.spb.ru/,remont.spb.ru,1,0,,,homepage,ok,,artifacts\query--6e65d5a5df8dfc5d.json,630ce9da7e34b8b9bdfaeb4145463f47f4fa3b0f,774535,100.0,44935.0,545235.0,6571.0,1895.0,0.28838837315477095,5.6523,643.0,10.2193,286.0,1.0,16.0,0.0,17.0,1.0,68.0,1.0,225.0,0.0,0.0,0.0,144.0,3.0,4.0,0.6,0.6,6.0,0.6,27.0,0.021914,0.8,506.0,502.0,283.0,205.0,10.0,122.0,12.2,22.9755,77.005022,76.396287,43.068026,31.197687,0.082414,0.458503,1.0,1.0,12.986166,0.059441,0.366802,0.275102,0.275102,0.36,0.458503,0.73,0.763636,0.448276,0.584386,0.132227,0.458503,200.0,1.0,0.0,0.0,0.0,0.0,0.0,0.0,0.0,0.0,1.0,1.0,1.0,0.0,0.0,0.0,0.0,0.0,1.0,1.0,1.0,0.75,0.95,1.0,10.0,0.0,1.0,1.0,1.0,1.0,1.0,1.0,1.0,1.0,1.0,1.0,0.0,1.0,19.0,1.0,1.0,1.0,1.0,0.8,8.0,8.0,0.888889,0.888889,0.859259
dataset-v2,v2,extraction-v2,hybrid-v1,weak_serp,78.9474,,ремонт квартир цена Санкт-Петербург,ремонт квартир,commercial,Санкт-Петербург,2,https://www.prorabneva.ru/price,prorabneva.ru,5,0,,,content,ok,,artifacts\query--63fb7f9c6e8e4f49.json,e427c5d7f16d06d8a94b36008c9d7196a5bc1f66,662061,78.9474,49199.0,508379.0,7372.0,1695.0,0.22992403689636462,5.4022,1132.0,6.5124,27.0,1.0,4.0,3.0,8.0,1.0,63.0,1.0,208.0,0.0,0.0,0.0,63.0,2.0,2.0,0.4,0.4,6.0,0.4,31.0,0.008546,1.0,111.0,30.0,199.0,8.0,3.0,25.0,8.333333,273.037,15.056972,4.069452,26.994031,1.085187,0.096776,0.775331,1.0,1.0,66.414414,0.296296,0.775331,0.310132,0.310132,0.16,0.775331,0.64,0.854545,0.565517,0.284862,0.178267,0.775331,200.0,1.0,0.0,0.0,0.0,0.0,0.0,0.0,0.0,0.0,1.0,1.0,1.0,0.0,0.0,1.0,0.0,0.0,1.0,0.9,1.0,0.75,0.93,1.0,4.0,1.0,1.0,1.0,1.0,1.0,1.0,1.0,1.0,1.0,1.0,0.0,1.0,1.0,3.0,1.0,1.0,1.0,1.0,1.0,9.0,8.0,1.0,0.888889,0.962963
dataset-v2,v2,extraction-v2,hybrid-v1,weak_serp,57.8947,,ремонт квартир цена Санкт-Петербург,ремонт квартир,commercial,Санкт-Петербург,2,https://spb.proff-remont.ru/ceny/,spb.proff-remont.ru,9,0,,,content,ok,,artifacts\query--e6a4b11de63a4b67.json,c6e4ccdaf780d459b17f87be76e82faae54ed500,716199,57.8947,37320.0,483163.0,5221.0,1552.0,0.29726106109940625,5.8292,421.0,12.4014,40.0,2.0,11.0,13.0,26.0,1.0,64.0,1.0,228.0,0.0,0.0,0.0,119.0,3.0,3.0,0.6,0.6,19.0,0.6,38.0,0.022793,1.0,259.0,77.0,117.0,1.0,5.0,50.0,10.0,130.525,49.607355,14.748133,22.4095,0.191534,0.077241,0.727547,1.0,1.0,20.158301,0.65,0.727547,0.436528,0.436528,0.36,0.727547,0.76,0.836364,0.427586,0.759752,0.216271,0.727547,200.0,1.0,0.0,0.0,1.0,1.0,0.0,0.0,0.0,0.0,1.0,1.0,1.0,0.0,0.0,1.0,0.0,0.0,1.0,0.9,1.0,1.0,0.98,1.0,8.0,1.0,1.0,1.0,1.0,1.0,1.0,1.0,1.0,1.0,1.0,0.0,1.0,1.0,19.0,1.0,1.0,1.0,1.0,1.0,9.0,8.0,1.0,0.888889,0.962963
