dataset_version,feature_schema_version,extraction_artifact_version,label_schema_version,label_source,weak_target_score,expert_target_score,query,category,intent,city,region_code,url,domain,rank,serp_page,title,snippet,page_type,fetch_status,fetch_error,artifact_path,artifact_sha1,artifact_size_bytes,target_score,text_length_chars,html_length_chars,word_count,unique_word_count,unique_word_ratio,avg_word_length,sentence_count,avg_sentence_length,paragraph_count,h1_count,h2_count,h3_count,heading_count,title_present,title_length,meta_description_present,meta_description_length,query_in_title,query_in_text,exact_query_count,query_term_count,title_query_term_count,meta_query_term_count,title_keyword_coverage_ratio,meta_keyword_coverage_ratio,query_terms_in_headings,heading_query_coverage_ratio,first_200_words_query_term_count,query_density,keyword_coverage_ratio,link_count,image_count,list_item_count,strong_tag_count,form_count,input_count,inputs_per_form_ratio,avg_paragraph_length,link_density_per_1000_words,image_density_per_1000_words,list_density_per_1000_words,strong_density_per_1000_words,text_to_html_ratio,semantic_similarity,early_query_coverage_ratio,conversion_signal_score,content_link_ratio,heading_paragraph_balance,query_semantic_alignment,title_semantic_alignment,heading_semantic_alignment,title_heading_keyword_alignment,content_depth_semantic_score,query_prominence_score,title_length_quality,meta_length_quality,keyword_balance_score,semantic_content_richness,cta_semantic_score,http_status_code,http_status_ok,redirect_count,has_redirect,canonical_present,canonical_matches_final_url,meta_robots_present,x_robots_tag_present,robots_noindex,robots_nofollow,page_indexable,viewport_present,lang_present,hreflang_count,hreflang_present,url_depth,url_parameter_count,url_has_query_parameters,redirect_efficiency_score,url_hygiene_score,technical_metadata_score,canonical_signal_score,technical_seo_score,phone_present,phone_count,email_present,address_present,business_hours_present,price_present,currency_present,delivery_info_present,payment_info_present,warranty_info_present,returns_info_present,reviews_present,rating_present,faq_present,cta_present,cta_count,messenger_present,value_proposition_present,legal_requisites_present,company_identity_present,contact_options_score,commercial_signal_count,trust_signal_count,commercial_signals_score,trust_signals_score,commercial_trust_score,heavy_analysis_available,heavy_analysis_overall_score,structured_data_json_ld_count,structured_data_valid_json_ld_count,structured_data_malformed_json_ld_count,structured_data_schema_type_count,structured_data_business_schema_present,structured_data_offer_schema_present,structured_data_faq_schema_present,structured_data_breadcrumb_schema_present,structured_data_score,mobile_viewport_present,mobile_readiness_score,rendering_browser_fetch_used,rendering_js_dependency_risk,rendering_text_html_ratio,rendering_score,performance_html_size_kb,performance_dom_node_count,performance_script_count,performance_stylesheet_count,performance_image_count,performance_response_time_ms,performance_resource_complexity_score,performance_proxy_score,intent_is_commercial,intent_is_local_commercial,intent_is_informational,intent_is_navigational,intent_confidence,query_local_modifier,commercial_intent_score,local_intent_score,informational_intent_score,navigational_intent_score,commercial_intent_alignment,local_intent_alignment,informational_intent_alignment,navigational_intent_alignment,intent_alignment_score,feature_policy_version
dataset-v5,v3,extraction-v2,ranking-aware-v5,seo_weighted_page_quality_v5,100.0,72.0,натяжные потолки Москва,натяжные потолки,commercial,Москва,213,https://www.potolkoff.ru/,potolkoff.ru,1,0,,,homepage,ok,,..\dataset-v2\artifacts\query--cb9d1ab195e97c39.json,4eb0d0473dfbc5ddbc5b3440ab33e692a7ef95ad,981729,72.0,9600,60000,1600,1200,0.239201,5.7331,90,10.6937,36,1,10,2,18,1,74,1,292,0,1,2,171,2,2,0.666667,0.666667,7,0.666667,5,0.026475,1,80,24,40,21,10,98,9.8,22.5052,80,28,60,3.251277,0.064422,0,1,1,8.728378,0.066202,0,0,0,0.444444,0,0.8,0.654545,0,0.88249,0,0,200,1,0,0,1,1,1,0,0,0,1,1,1,0,0,0,0,0,1,1,1,1,1,1,7,1,1,1,1,1,1,1,1,1,1,1,1,1,20,1,1,1,1,1,9,9,1,1,1,1,0.567202,14,4,0,9,1,0,1,1,0.85,1,0.91,1,0.718153,0.064422,0.281847,730.6328,5013,45,16,368,12599.4363,0.085947,0.22696,0,0,0,0,0.583333,1,0,0.583333,0,0,0.5845,0.703,0.3845,0.5435,0.455,v5-shortcut-control-v1
dataset-v5,v3,extraction-v2,ranking-aware-v5,seo_weighted_page_quality_v5,94.7368,81.9,натяжные потолки Москва,натяжные потолки,commercial,Москва,213,https://rumexpert.ru/,rumexpert.ru,2,0,,,homepage,ok,,..\dataset-v2\artifacts\query--26ce9d5e17250f12.json,51f62402faad6124ff5910cb51bd4562d274e4bc,283641,81.9,9600,60000,1600,878,0.404608,6.188,90,21.2745,36,2,10,12,18,1,84,1,255,1,1,1,51,3,2,1,0.666667,26,0.666667,6,0.023502,1,80,24,40,0,4,41,10.25,7.1617,80,28,21.198157,0,0.087567,0.525242,1,1,9.819005,0.168317,0.525242,0.525242,0.350161,0.666667,0.525242,0.916667,0.472727,0.241379,0.78341,0.212517,0.525242,200,1,0,0,1,1,1,0,0,0,1,1,1,0,0,0,0,0,1,1,1,1,1,1,4,1,1,1,1,1,0,1,1,1,1,0,0,1,6,1,1,1,1,1,7,8,0.777778,0.888889,0.888889,1,0.514743,1,0,1,0,0,0,0,0,0,1,0.91,1,0.367143,0.087567,0.632857,195.7666,2046,13,5,237,5063.3564,0.471486,0.516115,0,0,0,0,0.583333,1,0,0.583333,0,0,0.758531,0.829442,0.606053,0.748329,0.724911,v5-shortcut-control-v1
dataset-v5,v3,extraction-v2,ranking-aware-v5,seo_weighted_page_quality_v5,89.4737,69.0,натяжные потолки Москва,натяжные потолки,commercial,Москва,213,https://100potolkov.ru/,100potolkov.ru,3,0,,,homepage,ok,,..\dataset-v2\artifacts\query--b3b66bcb0a7c56b2.json,ffc1feae0b97026b14c45d417ae06d66d104ec20,314215,69.0,9600,60000,1600,1069,0.340446,5.2783,90,17.2527,36,1,10,0,15,1,74,1,148,0,0,0,91,2,2,0.666667,0.666667,2,0.666667,3,0.028981,1,80,24,40,4,2,27,13.5,84.8649,80,27.388535,60,1.273885,0.10967,0,1,1,6.305221,0.405405,0,0,0,0.444444,0,0.8,0.654545,0.97931,0.96603,0,0,200,1,0,0,1,1,1,0,0,0,1,1,1,0,0,0,0,0,1,1,1,1,1,1,3,1,1,1,1,1,0,1,1,1,1,0,1,1,4,0,1,1,1,0.8,8,8,0.888889,0.888889,0.859259,1,0.447678,0,0,0,0,0,0,0,0,0,1,0.91,1,0.547143,0.10967,0.452857,196.3721,2748,27,9,86,3859.6358,0.353808,0.427856,0,0,0,0,0.583333,1,0,0.583333,0,0,0.5445,0.663,0.3845,0.5235,0.455,v5-shortcut-control-v1
dataset-v5,v3,extraction-v2,ranking-aware-v5,seo_weighted_page_quality_v5,84.2105,64.4,натяжные потолки Москва,натяжные потолки,commercial,Москва,213,https://potolki-nova.ru/,potolki-nova.ru,4,0,,,homepage,ok,,..\dataset-v2\artifacts\query--6be4a71bbba46016.json,1df38834f51af12b84917eaf48461dd628cd25c4,503634,64.4,9600,60000,1600,1179,0.34748,5.634,90,26.1,25,1,4,3,8,1,49,1,256,0,1,2,113,2,3,0.666667,1,9,1,12,0.033304,1,80,24,40,24,8,27,3.375,135.72,80,28,60,36.54583,0.073396,0,1,1,5.343307,0.32,0,0,0,0.666667,0,0.883333,0.890909,0.234483,0.889871,0,0,200,1,0,0,0,0,0,0,0,0,1,1,0,0,0,0,0,0,1,1,0.5,0.75,0.85,1,10,1,1,1,1,1,1,1,1,1,1,0,1,1,23,1,1,1,1,1,9,8,1,0.888889,0.962963,1,0.552194,3,3,0,3,1,0,0,1,0.6625,1,0.91,1,0.678892,0.073396,0.321108,329.1865,3218,38,27,272,4585.606,0.203559,0.315169,0,0,0,0,0.583333,1,0,0.583333,0,0,0.579625,0.695625,0.379625,0.512208,0.422083,v5-shortcut-control-v1
dataset-v5,v3,extraction-v2,ranking-aware-v5,seo_weighted_page_quality_v5,78.9474,70.5,натяжные потолки Москва,натяжные потолки,commercial,Москва,213,https://masterpotolkov.com/,masterpotolkov.com,5,0,,,homepage,ok,,..\dataset-v2\artifacts\query--1f7e54f82eaa404f.json,e87bd685d90984c63bffcf10dfe7e3298cec48e9,338122,70.5,9600,60000,1600,816,0.457912,6.0269,90,19.8,9,1,8,5,14,1,76,1,246,0,0,0,18,2,2,0.666667,0.666667,3,0.666667,6,0.010101,1,80,24,40,10,6,80,13.333333,180,80,28,60,5.611672,0.057224,0.529613,1,1,6.144828,1.555556,0.529613,0.353075,0.353075,0.444444,0.529613,0.8,0.618182,0.303448,0.3367,0.240091,0.529613,200,1,0,0,0,0,1,0,0,0,1,1,1,0,0,0,0,0,1,1,1,0.75,0.95,1,3,1,1,0,1,1,1,1,1,1,1,0,1,1,6,1,1,1,1,0.8,8,7,0.888889,0.777778,0.822222,1,0.388266,0,0,0,0,0,0,0,0,0,1,0.91,1,0.749644,0.057224,0.250356,232.3018,1868,53,8,131,10572.2397,0.306943,0.392707,0,0,0,0,0.583333,1,0,0.583333,0,0,0.73898,0.737898,0.65016,0.70973,0.679576,v5-shortcut-control-v1
dataset-v5,v3,extraction-v2,ranking-aware-v5,seo_weighted_page_quality_v5,73.6842,80.0,натяжные потолки Москва,натяжные потолки,commercial,Москва,213,https://7nebo-nf.ru/,7nebo-nf.ru,6,0,,,homepage,ok,,..\dataset-v2\artifacts\query--5113a67e73a7dc8f.json,3a5a5a202f8d96c299af575dec7a5faa97c51977,471038,80.0,9600,60000,1600,816,0.321133,5.6946,90,16.7171,22,1,10,9,18,1,115,1,150,0,0,0,34,2,2,0.666667,0.666667,6,0.666667,5,0.013381,1,80,24,40,0,7,72,10.285714,115.5,80,28,60,0,0.051796,0.619515,1,1,5.841379,0.909091,0.619515,0.41301,0.41301,0.444444,0.619515,0.8,0,0.965517,0.446019,0.198947,0.619515,200,1,0,0,1,1,1,0,0,0,1,1,1,0,0,0,0,0,1,1,1,1,1,1,8,1,1,1,1,1,0,1,1,1,1,1,1,1,24,1,1,1,1,1,8,9,0.888889,1,0.962963,1,0.60507,2,4,0,4,1,0,1,0,0.8,1,0.91,1,0.64482,0.051796,0.35518,342.5117,2763,25,18,130,8471.4687,0.256798,0.355098,0,0,0,0,0.583333,1,0,0.583333,0,0,0.796818,0.853123,0.690253,0.765818,0.733782,v5-shortcut-control-v1
dataset-v5,v3,extraction-v2,ranking-aware-v5,seo_weighted_page_quality_v5,68.4211,65.9,натяжные потолки Москва,натяжные потолки,commercial,Москва,213,https://potolok24moscow.ru/,potolok24moscow.ru,7,0,,,homepage,ok,,..\dataset-v2\artifacts\query--b0d0a8818f483c58.json,68a505c284a9398cbeed9a3954c198ba5d930f0c,396118,65.9,9600,60000,1516,545,0.359499,5.7757,36,38,20,2,0,2,7,1,65,1,127,0,0,0,64,2,0,0.666667,0,6,0.666667,26,0.042216,0.666667,66,24,40,7,3,70,23.333333,75.8,43.53562,28,60,4.617414,0.030745,0.67867,1,1,22.969697,0.35,0.452447,0.452447,0.452447,0.444444,0.67867,0.75,0.818182,0.875862,0.395192,0.205486,0.67867,200,1,0,0,1,0,0,0,0,0,1,1,0,0,0,0,0,0,1,1,0.5,0,0.7,1,4,0,0,1,1,1,0,0,1,1,1,0,0,1,15,1,1,1,1,0.6,5,6,0.555556,0.666667,0.607407,1,0.339008,0,0,0,0,0,0,0,0,0,1,0.91,1,0.865491,0.030745,0.134509,345.7773,1902,62,135,60,5050.4234,0.198698,0.311524,0,0,0,0,0.583333,1,0,0.583333,0,0,0.634301,0.606434,0.573253,0.617124,0.61129,v5-shortcut-control-v1
dataset-v5,v3,extraction-v2,ranking-aware-v5,seo_weighted_page_quality_v5,63.1579,76.2,натяжные потолки Москва,натяжные потолки,commercial,Москва,213,https://remexp.ru/,remexp.ru,8,0,,,homepage,ok,,..\dataset-v2\artifacts\query--4b4bf360fbd6daeb.json,f2b7f46365cd3277b211b412e22671a82e75d7f6,481219,76.2,9600,60000,1600,1050,0.35,5.594,90,12.7119,36,1,10,12,18,1,65,1,149,0,0,0,85,2,2,0.666667,0.666667,7,0.666667,5,0.028333,0.666667,80,24,40,24,5,45,9,33.3333,80,28,60,16.333333,0.065,0.53596,1,1,4.754358,0.422222,0.357307,0.357307,0.357307,0.444444,0.53596,0.75,0.818182,0.972414,0.62963,0.187586,0.53596,200,1,0,0,1,1,1,0,0,0,1,1,1,0,0,0,0,0,1,1,1,1,1,1,6,1,1,1,1,1,0,1,1,1,1,0,1,1,6,1,1,1,1,1,8,8,0.888889,0.888889,0.925926,1,0.560566,2,4,1,4,1,0,0,1,0.733333,1,0.91,1,0.715623,0.065,0.284377,331.9893,3276,59,61,106,6267.7765,0.202738,0.314554,0,0,0,0,0.583333,1,0,0.583333,0,0,0.710887,0.794791,0.596274,0.69202,0.635517,v5-shortcut-control-v1
dataset-v5,v3,extraction-v2,ranking-aware-v5,seo_weighted_page_quality_v5,57.8947,71.7,натяжные потолки Москва,натяжные потолки,commercial,Москва,213,https://master-bobr.ru/,master-bobr.ru,9,0,,,homepage,ok,,..\dataset-v2\artifacts\query--2076616f688d19c9.json,53563941b94db55a890b6a0a8deb59733984e389,232131,71.7,9600,60000,1395,701,0.502509,6.1348,74,18.8514,16,1,9,2,12,1,102,1,194,0,0,0,39,2,2,0.666667,0.666667,2,0.666667,16,0.027957,1,80,24,40,20,6,28,4.666667,87.1875,80,28,60,14.336918,0.058634,0.688901,1,1,9.62069,0.75,0.688901,0.459267,0.459267,0.444444,0.640678,0.8,0.145455,0.662069,0.9319,0.268289,0.688901,200,1,0,0,0,0,1,0,0,0,1,1,1,0,0,0,0,0,1,1,1,0.75,0.95,1,5,0,1,1,1,1,0,1,1,1,1,1,1,1,4,1,1,1,1,0.8,8,8,0.888889,0.888889,0.859259,1,0.385714,0,0,0,0,0,0,0,0,0,1,0.91,1,0.743475,0.058634,0.256525,180.5498,1458,42,22,60,11327.6464,0.285105,0.376329,0,0,0,0,0.583333,1,0,0.583333,0,0,0.798713,0.839712,0.719268,0.769463,0.751255,v5-shortcut-control-v1
dataset-v5,v3,extraction-v2,ranking-aware-v5,seo_weighted_page_quality_v5,52.6316,76.5,натяжные потолки Москва,натяжные потолки,commercial,Москва,213,https://star-potolok.ru/,star-potolok.ru,10,0,,,homepage,ok,,..\dataset-v2\artifacts\query--72bbef1aabfdb286.json,d95d49468fbe4d2181a3037422586e09825e2d83,398888,76.5,9600,60000,1600,1152,0.336547,5.728,90,12.1383,35,1,10,5,18,1,72,1,149,0,0,0,55,2,2,0.666667,0.666667,9,0.666667,3,0.016068,1,80,24,40,13,8,50,6.25,97.8,80,28,60,3.797838,0.098178,0.476338,1,1,7.539648,0.8,0.476338,0.317559,0.317559,0.444444,0.476338,0.8,0.690909,0.972414,0.535593,0.16031,0.476338,200,1,0,0,1,1,0,0,0,0,1,1,1,0,0,0,0,0,1,1,1,1,1,1,4,1,1,1,1,1,0,1,1,1,1,1,1,1,5,1,1,1,1,1,8,9,0.888889,1,0.962963,1,0.457016,1,1,0,1,0,0,1,0,0.2375,1,0.91,1,0.65,0.098178,0.35,259.123,3071,37,18,214,11523.7069,0.224085,0.330564,0,0,0,0,0.583333,1,0,0.583333,0,0,0.743127,0.815539,0.620471,0.712127,0.669352,v5-shortcut-control-v1
dataset-v5,v3,extraction-v2,ranking-aware-v5,seo_weighted_page_quality_v5,100.0,73.9,натяжные потолки Санкт-Петербург,натяжные потолки,commercial,Санкт-Петербург,2,https://potolok-peter.ru/,potolok-peter.ru,1,0,,,homepage,ok,,..\dataset-v2\artifacts\query--3f4902d614bd9079.json,42c80f5cd297b2ac609d2c33d72c0675089bf357,660323,73.9,9600,60000,1431,527,0.368274,5.7247,61,23.459,36,1,10,8,18,1,55,1,176,0,0,0,79,3,4,0.5,0.75,3,0.5,30,0.055206,0.75,80,24,40,4,3,118,39.333333,15.2234,80,28,60,2.795248,0.018547,0.4584,1,1,4.850847,0.223404,0.3438,0.2292,0.2292,0.25,0.437314,0.6625,1,0.786207,0.119846,0.134209,0.4584,200,1,0,0,1,1,1,0,0,0,1,1,1,0,0,0,0,0,1,1,1,1,1,1,3,1,1,1,1,1,0,1,1,1,1,1,0,1,8,0,1,1,1,0.8,7,9,0.777778,1,0.859259,1,0.565531,3,4,0,6,1,1,0,1,1,1,0.91,1,0.918857,0.018547,0.081143,530.2812,2469,122,88,79,31736.6032,0.144644,0.270983,0,0,0,0,0.5,1,0,0.5,0,0,0.643476,0.733828,0.493301,0.632777,0.591015,v5-shortcut-control-v1
dataset-v5,v3,extraction-v2,ranking-aware-v5,seo_weighted_page_quality_v5,94.7368,78.7,натяжные потолки Санкт-Петербург,натяжные потолки,commercial,Санкт-Петербург,2,https://evita-potolki.ru/,evita-potolki.ru,2,0,,,homepage,ok,,..\dataset-v2\artifacts\query--7c9a93d5c58d44f2.json,560940240f7e329c44c7f57beb4fe55b7524e3e9,1103956,78.7,9600,60000,1600,1200,0.374816,5.9646,90,13.4563,36,1,10,12,18,1,60,1,147,0,1,1,110,2,1,0.5,0.25,37,0.75,32,0.032439,1,80,24,40,24,4,24,6,58.4655,76.673548,27.13064,45.70923,10.616337,0.025224,0.461364,1,1,13.042308,1.310345,0.461364,0.230682,0.346023,0.375,0.461364,0.7625,0.909091,0.986207,0.918706,0.172926,0.461364,200,1,0,0,1,1,1,0,0,0,1,1,1,0,0,0,0,0,1,1,1,1,1,1,3,1,1,1,1,1,0,1,1,1,1,0,1,1,7,1,1,1,1,1,8,8,0.888889,0.888889,0.925926,1,0.482144,1,4,0,4,1,0,0,0,0.7,1,0.91,1,0.863929,0.025224,0.136071,971.96,3237,33,89,92,3301.8839,0.026675,0.182506,0,0,0,0,0.5,1,0,0.5,0,0,0.732406,0.807628,0.610067,0.698696,0.653097,v5-shortcut-control-v1
dataset-v5,v3,extraction-v2,ranking-aware-v5,seo_weighted_page_quality_v5,89.4737,69.6,натяжные потолки Санкт-Петербург,натяжные потолки,commercial,Санкт-Петербург,2,https://spbpotolok.com/,spbpotolok.com,3,0,,,homepage,ok,,..\dataset-v2\artifacts\query--4646341d272790a3.json,7324ecf3cdfb1409f60746422001c51af4954dca,281663,69.6,9600,60000,1600,1124,0.326649,5.1427,90,11.5084,36,1,1,0,2,1,68,1,191,0,0,0,74,3,2,0.75,0.5,3,0.75,12,0.021505,1,80,24,40,24,15,49,3.266667,78.2045,47.951177,28,39.523394,15.693112,0.119929,0.405295,1,1,20.854545,0.045455,0.405295,0.303971,0.303971,0.5625,0.405295,0.85,0.763636,0.682759,0.716846,0.132389,0.405295,200,1,0,0,0,0,0,0,0,0,1,1,1,0,0,0,0,0,1,1,1,0.75,0.95,1,2,1,1,1,1,1,1,0,1,1,1,0,1,1,33,0,1,1,1,0.8,8,8,0.888889,0.888889,0.859259,1,0.43316,0,0,0,0,0,0,0,0,0,1,0.91,1,0.585714,0.119929,0.414286,194.6143,2711,30,10,99,5540.2382,0.327806,0.408354,0,0,0,0,0.5,1,0,0.5,0,0,0.69914,0.770545,0.534117,0.67345,0.636232,v5-shortcut-control-v1
dataset-v5,v3,extraction-v2,ranking-aware-v5,seo_weighted_page_quality_v5,84.2105,71.1,натяжные потолки Санкт-Петербург,натяжные потолки,commercial,Санкт-Петербург,2,https://potolki-sankt-peterburg.ru/,potolki-sankt-peterburg.ru,4,0,,,homepage,ok,,..\dataset-v2\artifacts\query--fd1abc3409cb47ed.json,3d8150d31969702683c3e8b50cd28a96f149f930,1246343,71.1,9600,60000,1600,744,0.422247,6.0023,90,18.5474,36,1,10,9,18,1,68,1,112,0,0,0,93,2,3,0.5,0.75,14,0.75,2,0.052781,0.75,80,21,40,0,4,28,7,32.6296,80,11.918275,60,0,0.011399,0.285703,0.5,1,6.62406,0.407407,0.214277,0.142851,0.214277,0.375,0.285703,0.6,0.763636,0.772414,0.180477,0.118091,0.285703,200,1,0,0,1,1,1,0,0,0,1,1,1,0,0,0,0,0,1,1,1,1,1,1,2,0,1,1,1,1,0,0,1,1,1,0,1,1,11,1,1,1,1,0.8,7,7,0.777778,0.777778,0.785185,1,0.535923,3,4,0,6,1,0,1,1,0.85,1,0.95275,1,0.8987,0.011399,0.1013,1094.6055,2675,31,215,21,4665.7219,0.102857,0.239643,0,0,0,0,0.5,1,0,0.5,0,0,0.582032,0.692069,0.479059,0.579675,0.526067,v5-shortcut-control-v1
dataset-v5,v3,extraction-v2,ranking-aware-v5,seo_weighted_page_quality_v5,78.9474,76.5,натяжные потолки Санкт-Петербург,натяжные потолки,commercial,Санкт-Петербург,2,https://potolkilider.ru/,potolkilider.ru,5,0,,,homepage,ok,,..\dataset-v2\artifacts\query--26ddacbfd4ba061d.json,d2c1f40560f91c16a96decf0265e8fa8b4f22b57,485910,76.5,9600,60000,1600,1200,0.356634,5.5608,90,13.381,36,1,10,11,18,1,143,1,195,0,0,0,103,4,3,0.5,0.75,15,0.75,23,0.026182,1,80,24,40,12,15,159,10.6,22.8721,80,28,60,3.05033,0.083259,0.514608,1,1,9.502415,0.19186,0.514608,0.257304,0.385956,0.375,0.514608,0.7625,0,0.655172,0.872733,0.183527,0.514608,200,1,0,0,1,1,0,0,0,0,1,1,1,0,0,0,0,0,1,1,1,1,1,1,7,1,1,1,1,1,1,1,1,1,1,1,1,1,3,1,1,1,1,1,9,9,1,1,1,1,0.396044,0,0,0,0,0,0,0,0,0,1,0.91,1,0.65,0.083259,0.35,352.1914,3535,43,14,146,12784.4839,0.215569,0.324177,0,0,0,0,0.5,1,0,0.5,0,0,0.772173,0.833905,0.635365,0.728064,0.676391,v5-shortcut-control-v1
dataset-v5,v3,extraction-v2,ranking-aware-v5,seo_weighted_page_quality_v5,73.6842,62.1,натяжные потолки Санкт-Петербург,натяжные потолки,commercial,Санкт-Петербург,2,https://master-plus.spb.ru/natyazhnye-potolki/,master-plus.spb.ru,6,0,,,content,ok,,..\dataset-v2\artifacts\query--74059ad1c35fb981.json,086f0ca0db01f3916df533c40d6c1ddbde9f0d42,285359,62.1,9600,60000,1600,584,0.28023,5.6881,90,15.7879,36,1,3,7,11,1,40,1,204,0,0,0,94,2,3,0.5,0.75,18,0.5,32,0.045106,1,80,24,29,9,4,42,10.5,4.2444,46.065259,28,13.915547,4.318618,0.068506,0.365474,1,1,21.708333,0.022403,0.365474,0.182737,0.182737,0.25,0.365474,0.7,0.727273,0.593103,0.496481,0.102417,0.365474,200,1,0,0,0,0,0,0,0,0,1,1,1,0,0,1,0,0,1,0.9,1,0.75,0.93,1,7,1,1,1,1,1,0,1,1,1,1,0,1,1,5,0,1,1,1,0.8,8,8,0.888889,0.888889,0.859259,1,0.49996,0,0,0,0,0,0,0,0,0,1,0.91,1,0.404573,0.068506,0.595427,218.0449,2548,12,8,164,4351.2524,0.442548,0.494411,0,0,0,0,0.5,1,0,0.5,0,0,0.662666,0.74305,0.544194,0.623893,0.576508,v5-shortcut-control-v1
dataset-v5,v3,extraction-v2,ranking-aware-v5,seo_weighted_page_quality_v5,68.4211,75.8,натяжные потолки Санкт-Петербург,натяжные потолки,commercial,Санкт-Петербург,2,https://potolki-spb.ru/,potolki-spb.ru,7,0,,,homepage,ok,,..\dataset-v2\artifacts\query--122065013e3aa8b6.json,6c6031cf057c6f71dd2ef19f9c29fc738f505663,446063,75.8,9600,60000,1600,535,0.327819,4.9914,90,8.8696,36,1,7,1,9,1,63,1,171,0,0,0,56,3,6,0.5,0.75,5,0.75,17,0.034314,1,80,24,27,24,14,223,15.928571,37.9535,80,28,16.544118,18.382353,0.029054,0.516862,1,1,7.285714,0.209302,0.516862,0.258431,0.387647,0.375,0.516862,0.7625,0.854545,0.82069,0.856209,0.153623,0.516862,200,1,0,0,1,1,1,0,0,0,1,1,1,0,0,0,0,0,1,1,1,1,1,1,7,0,1,1,1,1,0,1,0,1,1,1,0,1,8,1,1,1,1,0.8,7,7,0.777778,0.777778,0.785185,1,0.548914,3,4,0,5,1,0,0,1,0.85,1,0.91,1,0.872889,0.029054,0.127111,359.3291,2299,51,42,92,6483.3753,0.194728,0.308546,0,0,0,0,0.5,1,0,0.5,0,0,0.71301,0.781988,0.572794,0.698884,0.677377,v5-shortcut-control-v1
dataset-v5,v3,extraction-v2,ranking-aware-v5,seo_weighted_page_quality_v5,63.1579,69.6,натяжные потолки Санкт-Петербург,натяжные потолки,commercial,Санкт-Петербург,2,https://tuspb.ru/,tuspb.ru,8,0,,,homepage,ok,,..\dataset-v2\artifacts\query--f74391a14f8b616a.json,a36f90d9d6a19c26f8f9e1ac29eba1c06bce65ff,392641,69.6,9600,60000,1600,1200,0.278384,6.5633,90,11.9404,36,2,10,12,18,1,94,1,265,0,0,0,54,4,4,1,1,20,0.75,12,0.008422,1,80,24,40,3,5,72,14.4,24.1962,29.63194,17.623206,13.724267,0.467873,0.257517,0.443071,1,1,33.747368,0.407547,0.443071,0.443071,0.332303,0.75,0.443071,0.9375,0.290909,0.172414,0.280724,0.123344,0.443071,200,1,0,0,0,0,0,0,0,0,1,1,1,0,0,0,0,0,1,1,1,0.75,0.95,1,2,1,1,0,1,1,1,1,1,1,1,0,1,1,31,1,1,1,1,0.8,8,7,0.888889,0.777778,0.822222,1,0.407878,0,0,0,0,0,0,0,0,0,1,0.91,1,0.65,0.257517,0.35,232.7646,1994,63,11,113,11057.6105,0.278682,0.371511,0,0,0,0,0.5,1,0,0.5,0,0,0.725548,0.730077,0.615795,0.70684,0.676535,v5-shortcut-control-v1
dataset-v5,v3,extraction-v2,ranking-aware-v5,seo_weighted_page_quality_v5,57.8947,67.2,натяжные потолки Санкт-Петербург,натяжные потолки,commercial,Санкт-Петербург,2,https://markakachestva.ru/amenities/3782-luchshie-firmy-natjazhnyh-potolkov-v-sankt-peterburge.html,markakachestva.ru,9,0,,,content,ok,,..\dataset-v2\artifacts\query--881ff2b06d37a00b.json,51e5b5bbe84d840cdf8e01dba0bad2c46e867225,613912,67.2,9600,60000,1600,1200,0.351909,5.8929,90,13.1595,36,1,10,0,12,1,66,1,233,0,0,0,83,1,1,0.25,0.25,4,0.75,12,0.015017,1,80,24,40,24,4,23,5.75,23.1255,36.728786,27.501357,41.613895,8.141849,0.083876,0.429492,1,1,27.226601,0.050209,0.429492,0.107373,0.322119,0.1875,0.429492,0.675,0.8,0.393103,0.500573,0.151142,0.429492,200,1,0,0,1,1,0,0,0,0,1,1,1,0,0,2,0,0,1,0.8,1,1,0.96,1,14,0,1,1,1,1,0,1,1,1,1,1,0,1,1,1,1,1,1,0.8,7,8,0.777778,0.888889,0.822222,1,0.491058,2,2,0,2,1,0,0,0,0.425,1,0.91,1,0.65,0.083876,0.35,492.7422,2454,45,27,152,8985.6665,0.155642,0.279232,0,0,0,0,0.5,1,0,0.5,0,0,0.665372,0.746805,0.517869,0.638998,0.605981,v5-shortcut-control-v1
dataset-v5,v3,extraction-v2,ranking-aware-v5,seo_weighted_page_quality_v5,52.6316,70.0,натяжные потолки Санкт-Петербург,натяжные потолки,commercial,Санкт-Петербург,2,https://metrpotolok.ru/,metrpotolok.ru,10,0,,,homepage,ok,,..\dataset-v2\artifacts\query--c7c5c1eb2ab3ac0e.json,6b2ac90a4fe9387c336c5b82505808bcaf397076,1716062,70.0,9600,60000,1600,817,0.334699,6.0377,90,13.1237,11,2,7,0,9,1,66,1,165,0,0,0,77,3,1,0.75,0.25,10,0.75,5,0.031544,0.75,80,24,40,24,2,18,9,180,80,28,58.17288,19.664072,0.011263,0.366422,1,1,5.17161,0.818182,0.274817,0.274817,0.274817,0.5625,0.366422,0.8125,0.8,0.862069,0.711389,0.122641,0.366422,200,1,0,0,1,1,0,0,0,0,1,1,0,0,0,0,0,0,1,1,0.5,1,0.9,1,2,1,1,1,1,1,0,1,1,1,1,0,0,1,10,1,1,1,1,1,7,8,0.777778,0.888889,0.888889,1,0.280444,0,0,0,0,0,0,0,0,0,1,0.91,1,0.950724,0.011263,0.049276,1536.2354,3574,107,152,99,6824.7304,0,0.1625,0,0,0,0,0.5,1,0,0.5,0,0,0.644039,0.746877,0.46807,0.617701,0.56406,v5-shortcut-control-v1
dataset-v5,v3,extraction-v2,ranking-aware-v5,seo_weighted_page_quality_v5,100.0,66.1,натяжные потолки Екатеринбург,натяжные потолки,commercial,Екатеринбург,54,https://ekat.steklodom.com/ceiling/,ekat.steklodom.com,1,0,,,content,ok,,..\dataset-v2\artifacts\query--fb614c722486573c.json,abb52b63c44661b4ed8ba4b10b4e4eb61e0b4e65,1510430,66.1,9600,60000,1600,1059,0.29831,5.3085,90,23.8255,12,1,8,0,9,1,82,1,195,0,0,0,40,2,0,0.666667,0,2,0.666667,15,0.011268,1,80,24,40,1,5,112,22.4,180,80,28,34.929577,0.28169,0.017152,0.4004,1,1,12.5,0.75,0.4004,0.266933,0.266933,0.444444,0.4004,0.8,0.509091,0.655172,0.375587,0.119443,0.4004,200,1,0,0,0,0,0,0,0,0,1,1,1,0,0,1,0,0,1,0.9,1,0.75,0.93,1,18,0,1,1,1,1,1,1,1,1,1,1,0,1,5,1,1,1,1,0.8,8,8,0.888889,0.888889,0.859259,1,0.35876,1,1,0,1,0,1,0,0,0.2875,1,0.91,1,0.924961,0.017152,0.075039,1366.8828,4685,86,43,405,13144.9522,0,0.1625,0,0,0,0,0.583333,1,0,0.583333,0,0,0.688875,0.76233,0.51524,0.656325,0.61593,v5-shortcut-control-v1
dataset-v5,v3,extraction-v2,ranking-aware-v5,seo_weighted_page_quality_v5,94.7368,62.2,натяжные потолки Екатеринбург,натяжные потолки,commercial,Екатеринбург,54,https://markakachestva.ru/amenities/9043-luchshie-firmy-natjazhnyh-potolkov-v-ekaterinburge-rejting.html,markakachestva.ru,2,0,,,content,ok,,..\dataset-v2\artifacts\query--099d93b592792d2d.json,c20c95e4ea76a4f6c99c2af8bba864f02a773615,459780,62.2,9600,60000,1600,889,0.487123,6.2022,90,12.415,36,1,5,0,6,1,62,1,211,0,0,0,9,0,0,0,0,0,0,1,0.004932,1,80,24,40,24,3,16,5.333333,49.3243,72.328767,28,46.027397,14.246575,0.034414,0.371852,0.333333,1,13.825758,0.162162,0.371852,0,0,0,0.371852,0.233333,0.872727,0.544828,0.164384,0.181138,0.371852,200,1,0,0,1,1,0,0,0,0,1,1,1,0,0,2,0,0,1,0.8,1,1,0.96,1,5,0,1,1,1,1,0,0,1,1,1,1,0,1,1,1,1,1,1,0.8,6,8,0.666667,0.888889,0.785185,1,0.462672,2,2,0,2,1,0,0,0,0.425,1,0.91,1,0.84944,0.034414,0.15056,399.1523,1016,42,28,90,10713.877,0.270172,0.365129,0,0,0,0,0.583333,1,0,0.583333,0,0,0.572911,0.681578,0.444396,0.543178,0.498889,v5-shortcut-control-v1
dataset-v5,v3,extraction-v2,ranking-aware-v5,seo_weighted_page_quality_v5,89.4737,80.6,натяжные потолки Екатеринбург,натяжные потолки,commercial,Екатеринбург,54,https://luxpotolok.pro/,luxpotolok.pro,3,0,,,homepage,ok,,..\dataset-v2\artifacts\query--0d15ac604e84d29d.json,621bd88300b7711864a52a05cc8bfd41ac35a65c,154014,80.6,9600,60000,1457,687,0.471517,5.5903,90,15.837,12,1,9,3,13,1,70,1,173,0,0,0,68,2,0,0.666667,0,4,0.666667,29,0.046671,1,80,24,40,6,4,31,7.75,121.4167,80,28,47.357584,4.118051,0.11533,0.57084,1,1,7.961749,1.083333,0.57084,0.38056,0.38056,0.444444,0.554476,0.8,0.727273,0.806897,0.444292,0.217871,0.57084,200,1,0,0,1,1,0,0,0,0,1,1,1,0,0,0,0,0,1,1,1,1,1,1,8,0,1,1,1,1,0,1,1,1,1,1,1,1,2,1,1,1,1,0.8,8,8,0.888889,0.888889,0.859259,1,0.662125,4,4,0,4,1,0,1,1,0.8,1,0.91,1,0.585714,0.11533,0.414286,94.8477,1179,30,4,68,12046.7725,0.482284,0.524213,0,0,0,0,0.583333,1,0,0.583333,0,0,0.758565,0.812846,0.668086,0.737565,0.711878,v5-shortcut-control-v1
dataset-v5,v3,extraction-v2,ranking-aware-v5,seo_weighted_page_quality_v5,84.2105,78.9,натяжные потолки Екатеринбург,натяжные потолки,commercial,Екатеринбург,54,https://natyazhniepotolkiekb.ru/,natyazhniepotolkiekb.ru,4,0,,,homepage,ok,,..\dataset-v2\artifacts\query--0543e05051fc4197.json,14c24d931689a68bfddb39a48aea9d46cb204501,654159,78.9,9600,60000,1600,781,0.344812,5.8693,90,23.8421,31,1,7,12,18,1,55,1,219,1,1,1,37,3,1,1,0.333333,4,0.666667,5,0.016336,1,80,24,40,8,7,91,13,73.0645,57.836645,28,60,3.532009,0.028029,0.44986,1,1,17.290076,0.645161,0.44986,0.44986,0.299907,0.666667,0.44986,0.916667,1,0.489655,0.544518,0.155117,0.44986,200,1,0,0,1,1,0,0,0,0,1,1,0,0,0,0,0,0,1,1,0.5,1,0.9,1,4,0,1,1,1,1,0,0,1,1,1,0,1,1,8,1,1,1,1,0.8,7,7,0.777778,0.777778,0.785185,1,0.454918,2,2,0,2,1,0,0,1,0.525,1,0.91,1,0.877375,0.028029,0.122625,570.9609,2652,69,172,85,4573.8877,0.132726,0.262045,0,0,0,0,0.583333,1,0,0.583333,0,0,0.701071,0.772962,0.615674,0.682484,0.660348,v5-shortcut-control-v1
dataset-v5,v3,extraction-v2,ranking-aware-v5,seo_weighted_page_quality_v5,78.9474,68.1,натяжные потолки Екатеринбург,натяжные потолки,commercial,Екатеринбург,54,https://ekapotolok.ru/,ekapotolok.ru,5,0,,,homepage,ok,,..\dataset-v2\artifacts\query--f0efc7b67a9c3da8.json,b13a358a0cb1dd838a7b5989f61bbab4a8c8c5d8,463347,68.1,9477,60000,1431,399,0.278826,5.5451,37,38,26,1,1,6,8,1,69,1,174,0,0,0,26,2,2,0.666667,0.666667,2,0.666667,2,0.018169,0.666667,80,24,40,24,5,66,13.2,55.0385,56.603774,28,60,40,0.023323,0.514532,0.666667,1,17.666667,0.307692,0.343021,0.343021,0.343021,0.444444,0.490864,0.666667,0.745455,0.8,0.403758,0.114055,0.514532,200,1,0,0,1,1,0,0,0,0,1,1,0,0,0,0,0,0,1,1,0.5,1,0.9,1,1,1,1,1,0,1,0,0,1,1,1,0,0,1,9,1,1,1,1,1,5,8,0.555556,0.888889,0.814815,1,0.327398,0,0,0,0,0,0,0,0,0,1,0.91,1,0.89796,0.023323,0.10204,409.373,2610,76,152,45,6150.4162,0.180067,0.29755,0,0,0,0,0.583333,1,0,0.583333,0,0,0.627905,0.738951,0.49944,0.624026,0.590934,v5-shortcut-control-v1
dataset-v5,v3,extraction-v2,ranking-aware-v5,seo_weighted_page_quality_v5,73.6842,68.1,натяжные потолки Екатеринбург,натяжные потолки,commercial,Екатеринбург,54,https://vipceiling.ru/ekb/,vipceiling.ru,6,0,,,content,ok,,..\dataset-v2\artifacts\query--b8ea007deca0bc91.json,6705b369938c3be73194e0694b869cc54d9984ec,457684,68.1,8003,60000,1182,578,0.489002,5.665,58,20.3793,36,0,9,12,18,1,46,1,129,0,0,0,13,2,2,0.666667,0.666667,1,0.333333,6,0.010998,1,80,24,40,0,2,8,4,19.7,80,28,60,0,0.021418,0.484174,1,1,4.494297,0.433333,0.484174,0.322783,0.161391,0.222222,0.381529,0.716667,0.836364,0.889655,0.36661,0.155474,0.484174,200,1,0,0,1,1,0,0,0,0,1,1,1,0,0,1,0,0,1,0.9,1,1,0.98,1,10,0,1,1,1,1,0,1,1,1,1,0,0,1,1,1,1,1,1,0.8,7,7,0.777778,0.777778,0.785185,1,0.52078,19,4,0,4,1,0,0,0,0.7,1,0.91,1,0.906294,0.021418,0.093706,373.8613,1755,62,6,64,5863.9459,0.28922,0.379415,0,0,0,0,0.583333,1,0,0.583333,0,0,0.692074,0.766104,0.535094,0.669757,0.642906,v5-shortcut-control-v1
dataset-v5,v3,extraction-v2,ranking-aware-v5,seo_weighted_page_quality_v5,68.4211,71.4,натяжные потолки Екатеринбург,натяжные потолки,commercial,Екатеринбург,54,https://potolokmt.ru/,potolokmt.ru,7,0,,,homepage,ok,,..\dataset-v2\artifacts\query--571d84003784415b.json,0ac966cd9dc7aadaaf60976348c2bb717d7a258e,642615,71.4,9600,60000,1600,692,0.287137,5.7365,90,13.2418,36,2,0,0,2,1,67,1,123,0,0,0,119,2,0,0.666667,0,4,0.666667,8,0.049378,1,80,24,40,24,7,70,10,16.9718,40.248963,9.958506,60,12.863071,0.029752,0.469467,1,1,24.845361,0.014085,0.469467,0.312978,0.312978,0.444444,0.469467,0.8,0.781818,0.848276,0.35408,0.134801,0.469467,200,1,0,0,1,1,0,0,0,0,1,1,0,0,0,0,0,0,1,1,0.5,1,0.9,1,5,0,1,1,1,1,0,1,1,1,1,1,0,1,5,1,1,1,1,0.8,7,8,0.777778,0.888889,0.822222,1,0.347805,0,0,0,0,0,0,0,0,0,1,0.946,1,0.869834,0.029752,0.130166,568.6396,2374,78,159,24,7509.6747,0.203406,0.315055,0,0,0,0,0.583333,1,0,0.583333,0,0,0.6923,0.765485,0.4927,0.6648,0.63876,v5-shortcut-control-v1
dataset-v5,v3,extraction-v2,ranking-aware-v5,seo_weighted_page_quality_v5,57.8947,65.5,натяжные потолки Екатеринбург,натяжные потолки,commercial,Екатеринбург,54,https://tehnos24.ru/,tehnos24.ru,9,0,,,homepage,ok,,..\dataset-v2\artifacts\query--082e1c4f7e8a02f5.json,933733c7d25e4f3d5de92d487b9ee084e6e8bc8f,493278,65.5,9600,60000,1600,1070,0.469298,6.1171,90,13.4911,36,2,1,8,11,1,66,1,169,0,0,0,41,2,2,0.666667,0.666667,0,0,12,0.017982,1,80,7,40,9,2,16,8,50.6667,80,3.070175,20.175439,3.947368,0.047116,0.448941,1,1,9.011858,0.244444,0.448941,0.299294,0,0,0.448941,0.633333,0.8,0.834483,0.599415,0.210687,0.448941,200,1,0,0,0,0,0,0,0,0,1,1,1,0,0,0,0,0,1,1,1,0.75,0.95,1,2,1,1,1,1,1,0,1,1,1,1,0,1,1,4,1,1,1,1,1,8,8,0.888889,0.888889,0.925926,1,0.412351,0,0,0,0,0,0,0,0,0,1,0.98425,1,0.79387,0.047116,0.20613,362.834,2256,38,8,7,3838.6437,0.395368,0.459026,0,0,0,0,0.583333,1,0,0.583333,0,0,0.704749,0.785243,0.585947,0.650875,0.596677,v5-shortcut-control-v1
dataset-v5,v3,extraction-v2,ranking-aware-v5,seo_weighted_page_quality_v5,52.6316,72.9,натяжные потолки Екатеринбург,натяжные потолки,commercial,Екатеринбург,54,https://potolok-eka.ru/,potolok-eka.ru,10,0,,,homepage,ok,,..\dataset-v2\artifacts\query--fbb8c54a949b80bf.json,b21d3d6c2552fe86a0aaec7d73fcaa477ca57c54,283063,72.9,7982,60000,1117,592,0.529991,5.9033,90,12.2747,1,1,0,0,1,1,46,1,251,1,1,1,28,3,2,1,0.666667,2,0.666667,7,0.025067,1,30,15,40,14,5,24,4.8,180,26.857654,13.428827,60,12.533572,0.032069,0.365039,1,1,37.233333,1,0.365039,0.365039,0.243359,0.666667,0.271832,0.916667,0.836364,0.268966,0.835571,0.120057,0.365039,200,1,0,0,1,1,0,0,0,0,1,1,0,0,0,0,0,0,1,1,0.5,1,0.9,1,1,0,1,0,1,1,0,1,1,1,1,0,0,1,5,1,1,1,1,0.6,6,6,0.666667,0.666667,0.644444,1,0.390634,0,0,0,0,0,0,0,0,0,1,0.96625,1,0.859697,0.032069,0.140303,250.7588,1217,64,73,15,8271.5172,0.391313,0.455985,0,0,0,0,0.583333,1,0,0.583333,0,0,0.628203,0.649636,0.432097,0.627495,0.618644,v5-shortcut-control-v1
dataset-v5,v3,extraction-v2,ranking-aware-v5,seo_weighted_page_quality_v5,100.0,77.2,натяжные потолки Новосибирск,натяжные потолки,commercial,Новосибирск,65,https://sibirpotolki.ru/,sibirpotolki.ru,1,0,,,homepage,ok,,..\dataset-v2\artifacts\query--f5f9be72d170897e.json,a0419ddb1b881f26341aeec03d1581837aab641c,117227,77.2,8480,60000,1259,556,0.44162,5.4512,76,16.5658,36,1,10,0,11,1,74,1,149,1,1,1,14,3,2,1,0.666667,3,0.666667,10,0.01112,1,80,24,40,24,5,42,8.4,19.0758,71.485306,28,33.359809,21.445592,0.110549,0.454811,1,1,13.988889,0.166667,0.454811,0.454811,0.303207,0.666667,0.381738,0.916667,0.654545,0.972414,0.370665,0.140486,0.454811,200,1,0,0,1,1,0,0,0,0,1,1,0,0,0,0,0,0,1,1,0.5,1,0.9,1,3,0,1,1,1,1,0,1,1,0,1,0,1,1,2,0,1,1,1,0.6,8,6,0.888889,0.666667,0.718519,1,0.425882,0,0,0,0,0,0,0,0,0,1,0.91,1,0.65,0.110549,0.35,83.0664,1023,36,15,44,10937.8419,0.374706,0.44353,0,0,0,0,0.333333,1,0,0.333333,0,0,0.702989,0.759323,0.606002,0.684526,0.662782,v5-shortcut-control-v1
dataset-v5,v3,extraction-v2,ranking-aware-v5,seo_weighted_page_quality_v5,94.7368,68.2,натяжные потолки Новосибирск,натяжные потолки,commercial,Новосибирск,65,https://vipceiling.ru/nsk/,vipceiling.ru,2,0,,,content,ok,,..\dataset-v2\artifacts\query--ac4ce39280b20b42.json,ef102944f7b9091e520598f8f99626cae0c82c82,457582,68.2,7999,60000,1173,580,0.494459,5.7195,57,20.5789,36,0,9,12,18,1,45,1,128,0,0,0,13,2,2,0.666667,0.666667,1,0.333333,6,0.011083,1,80,24,40,0,2,8,4,19.55,80,28,60,0,0.021416,0.417847,1,1,4.443182,0.433333,0.417847,0.278565,0.139282,0.222222,0.326756,0.716667,0.818182,0.882759,0.369423,0.13464,0.417847,200,1,0,0,1,1,0,0,0,0,1,1,1,0,0,1,0,0,1,0.9,1,1,0.98,1,12,0,1,1,1,1,0,1,1,1,1,0,0,1,1,1,1,1,1,0.8,7,7,0.777778,0.777778,0.785185,1,0.520765,19,4,0,4,1,0,0,0,0.7,1,0.91,1,0.906303,0.021416,0.093697,373.7236,1756,62,6,64,4990.6974,0.28915,0.379363,0,0,0,0,0.333333,1,0,0.333333,0,0,0.667864,0.749356,0.504696,0.646874,0.61527,v5-shortcut-control-v1
dataset-v5,v3,extraction-v2,ranking-aware-v5,seo_weighted_page_quality_v5,89.4737,74.3,натяжные потолки Новосибирск,натяжные потолки,commercial,Новосибирск,65,https://новосибирск.натяжные-потолки24.рф/,новосибирск.натяжные-потолки24.рф,3,0,,,homepage,ok,,..\dataset-v2\artifacts\query--0627241b99089410.json,1f82665a61499daa246ed2f8377402118c943131,266941,74.3,9600,60000,1600,1200,0.405624,5.5208,90,10.1921,36,1,3,0,4,1,58,1,234,0,0,0,55,2,2,0.666667,0.666667,3,0.666667,11,0.016452,1,80,24,40,24,5,26,5.2,90.3514,66.407418,28,60,8.37571,0.130986,0.420706,1,1,15.058559,0.108108,0.420706,0.280471,0.280471,0.444444,0.420706,0.8,0.945455,0.386207,0.54841,0.170648,0.420706,200,1,0,0,1,1,0,0,0,0,1,1,1,0,0,0,0,0,1,1,1,1,1,1,2,0,1,1,1,1,0,1,1,1,1,0,1,1,7,0,1,1,1,0.6,8,7,0.888889,0.777778,0.755556,1,0.535899,0,0,0,0,0,0,0,0,0,1,0.91,1,0.315714,0.130986,0.684286,186.6982,1829,9,3,97,4188.14,0.51575,0.549312,0,0,0,0,0.333333,1,0,0.333333,0,0,0.682265,0.745935,0.569732,0.671265,0.644318,v5-shortcut-control-v1
dataset-v5,v3,extraction-v2,ranking-aware-v5,seo_weighted_page_quality_v5,84.2105,82.0,натяжные потолки Новосибирск,натяжные потолки,commercial,Новосибирск,65,https://mirpotolkov-54.ru/,mirpotolkov-54.ru,4,0,,,homepage,ok,,..\dataset-v2\artifacts\query--92c245614a15a48d.json,cf3a471b905fef1db0bfea77bfc41402d761ba06,178768,82.0,9600,60000,1600,847,0.416421,5.236,90,15.5267,9,1,2,12,15,1,60,1,171,1,1,3,71,3,3,1,1,9,1,24,0.034907,1,80,24,40,0,7,96,13.714286,180,52.605703,28,32.94002,0,0.110311,0.341573,1,1,19.009346,1.666667,0.341573,0.341573,0.341573,1,0.341573,1,0.909091,0.82069,0.836447,0.142238,0.341573,200,1,0,0,1,1,1,0,0,0,1,1,1,0,0,0,0,0,1,1,1,1,1,1,6,1,1,1,1,1,0,1,1,0,1,1,1,1,6,1,1,1,1,1,8,8,0.888889,0.888889,0.925926,1,0.426907,0,0,0,0,0,0,0,0,0,1,0.91,1,0.637143,0.110311,0.362857,129.1982,1281,34,12,90,4871.622,0.36303,0.434773,0,0,0,0,0.333333,1,0,0.333333,0,0,0.718275,0.799848,0.58267,0.698646,0.654326,v5-shortcut-control-v1
dataset-v5,v3,extraction-v2,ranking-aware-v5,seo_weighted_page_quality_v5,78.9474,83.9,натяжные потолки Новосибирск,натяжные потолки,commercial,Новосибирск,65,https://alansa.ru/,alansa.ru,5,0,,,homepage,ok,,..\dataset-v2\artifacts\query--4b09e7d3191cf63e.json,734b1ef2ae4c0d43a898f1695fa68ea9af935c89,1092875,83.9,9600,60000,1600,1200,0.366167,5.557,90,12.6644,36,1,10,1,16,1,51,1,125,1,1,1,118,3,2,1,0.666667,4,0.666667,52,0.031585,1,80,24,40,24,6,100,16.666667,48.5195,48.179872,25.963597,25.1606,15.256959,0.026123,0.4585,1,1,20.755556,0.207792,0.4585,0.4585,0.305667,0.666667,0.4585,0.916667,0.927273,0.862069,0.947181,0.167888,0.4585,200,1,0,0,1,1,1,0,0,0,1,1,1,0,0,0,0,0,1,1,1,1,1,1,9,1,1,1,1,1,1,1,1,1,1,1,1,1,2,1,1,1,1,1,9,9,1,1,1,1,0.500141,2,4,0,4,1,0,0,1,0.8,1,0.91,1,0.885712,0.026123,0.114288,961.3066,2349,73,31,97,8381.3539,0.018367,0.176275,0,0,0,0,0.333333,1,0,0.333333,0,0,0.772669,0.836088,0.629495,0.740798,0.692096,v5-shortcut-control-v1
dataset-v5,v3,extraction-v2,ranking-aware-v5,seo_weighted_page_quality_v5,73.6842,74.0,натяжные потолки Новосибирск,натяжные потолки,commercial,Новосибирск,65,https://averno.ru/,averno.ru,6,0,,,homepage,ok,,..\dataset-v2\artifacts\query--f7ec44b65a8eeb7e.json,8670ef22c90d2b4e674c0b2f6b8b36ef35520532,572884,74.0,9600,60000,1600,791,0.157069,4.8382,90,4.7242,36,1,0,0,1,1,51,1,132,0,0,0,78,2,2,0.666667,0.666667,2,0.666667,38,0.015488,0.666667,80,24,40,16,7,78,11.142857,88.3509,52.819698,28,60,3.177125,0.071997,0.542292,1,1,18.932331,0.017544,0.361528,0.361528,0.361528,0.444444,0.542292,0.75,0.927273,0.910345,0.344189,0.085177,0.542292,200,1,0,0,1,1,1,0,0,0,1,1,1,0,0,0,0,0,1,1,1,1,1,1,7,1,1,1,1,1,0,0,1,1,1,0,0,1,1,1,1,1,1,1,6,8,0.666667,0.888889,0.851852,1,0.590771,4,4,0,6,1,0,0,1,0.85,1,0.91,1,0.685015,0.071997,0.314985,452.3896,3201,52,20,232,8876.8521,0.167464,0.288098,0,0,0,0,0.333333,1,0,0.333333,0,0,0.673024,0.771294,0.459962,0.674209,0.638103,v5-shortcut-control-v1
dataset-v5,v3,extraction-v2,ranking-aware-v5,seo_weighted_page_quality_v5,68.4211,77.6,натяжные потолки Новосибирск,натяжные потолки,commercial,Новосибирск,65,https://nskpotolki.ru/,nskpotolki.ru,7,0,,,homepage,ok,,..\dataset-v2\artifacts\query--763ce11033d61ff6.json,f5aa4cb7f95bc8ea1ddddc0a0d379d9957793981,221513,77.6,9600,60000,1600,864,0.410646,5.866,90,21.6907,36,1,9,12,18,1,66,1,144,0,0,0,32,2,2,0.666667,0.666667,2,0.666667,11,0.015209,1,80,24,40,24,3,54,18,36.9123,71.768061,28,60,11.406844,0.115613,0.428201,1,1,13.933775,1.035088,0.428201,0.285467,0.285467,0.444444,0.428201,0.8,0.8,0.993103,0.506971,0.175839,0.428201,200,1,0,0,1,1,1,0,0,0,1,1,1,0,0,0,0,0,1,1,1,1,1,1,2,1,1,1,1,1,1,0,1,0,1,0,1,1,10,1,1,1,1,1,8,7,0.888889,0.777778,0.888889,1,0.675169,5,4,0,7,1,0,1,1,0.85,1,0.91,1,0.547143,0.115613,0.452857,145.0049,1469,27,6,62,5134.0204,0.43376,0.48782,0,0,0,0,0.333333,1,0,0.333333,0,0,0.725075,0.802903,0.600432,0.694075,0.64769,v5-shortcut-control-v1
dataset-v5,v3,extraction-v2,ranking-aware-v5,seo_weighted_page_quality_v5,63.1579,67.9,натяжные потолки Новосибирск,натяжные потолки,commercial,Новосибирск,65,https://www.avanta-nsk.ru/,avanta-nsk.ru,8,0,,,homepage,ok,,..\dataset-v2\artifacts\query--9f2b348df0fcfc98.json,3f5fa2d64e5963d74ba673e3c4b2be3a6621faca,248913,67.9,5454,60000,805,384,0.477019,5.6112,41,19.6341,36,1,3,12,18,1,60,1,138,0,0,0,17,3,3,1,1,2,0.666667,13,0.021118,1,71,24,33,2,3,35,11.666667,8.8462,80,28,40.993789,2.484472,0.026077,0.474884,1,1,11.338028,0.21978,0.474884,0.474884,0.316589,0.666667,0.254854,0.916667,0.909091,0.951724,0.703934,0.101309,0.474884,200,1,0,0,0,0,1,0,0,0,1,1,1,0,0,0,0,0,1,1,1,0.75,0.95,1,1,0,1,1,1,1,0,0,0,1,1,0,1,1,10,0,1,1,1,0.6,7,6,0.777778,0.666667,0.681481,1,0.359162,0,0,0,0,0,0,0,0,0,1,0.91,1,0.885912,0.026077,0.114088,209.8477,946,49,34,55,7280.1356,0.33341,0.412558,0,0,0,0,0.333333,1,0,0.333333,0,0,0.694893,0.756468,0.594236,0.695181,0.686401,v5-shortcut-control-v1
dataset-v5,v3,extraction-v2,ranking-aware-v5,seo_weighted_page_quality_v5,57.8947,75.0,натяжные потолки Новосибирск,натяжные потолки,commercial,Новосибирск,65,https://milana-novosib.ru/,milana-novosib.ru,9,0,,,homepage,ok,,..\dataset-v2\artifacts\query--681767f5613fd881.json,1e98f52dea727e8d74e63f4983d597d59553b191,223309,75.0,9600,60000,1600,787,0.378365,5.6923,90,17.1901,36,1,10,12,18,1,66,1,191,0,0,0,84,4,2,0.666667,0.666667,6,0.666667,25,0.040385,1,80,24,40,24,8,78,9.75,12.7607,65.865385,26.923077,38.942308,16.826923,0.102928,0.464913,1,1,15.182482,0.184049,0.464913,0.309942,0.309942,0.444444,0.464913,0.8,0.8,0.682759,0.653846,0.175907,0.464913,200,1,0,0,1,1,0,0,0,0,1,1,1,0,0,0,0,0,1,1,1,1,1,1,10,1,1,1,1,1,0,1,1,1,1,0,0,1,11,1,1,1,1,1,7,8,0.777778,0.888889,0.888889,1,0.571567,1,1,0,1,1,0,0,0,0.2875,1,0.91,1,0.392857,0.102928,0.607143,148.2676,1730,15,11,56,10445.8612,0.425501,0.481626,0,0,0,0,0.333333,1,0,0.333333,0,0,0.718842,0.80004,0.557144,0.697842,0.664211,v5-shortcut-control-v1
dataset-v5,v3,extraction-v2,ranking-aware-v5,seo_weighted_page_quality_v5,52.6316,59.4,натяжные потолки Новосибирск,натяжные потолки,commercial,Новосибирск,65,https://potolok-v-novosibirske.ru/,potolok-v-novosibirske.ru,10,0,,,homepage,ok,,..\dataset-v2\artifacts\query--4ee7bcc097f45be9.json,4325b6c7d9298212775911595d5b18c2710ab73b,459588,59.4,2810,60000,416,234,0.5625,5.5361,36,11.5556,12,0,0,0,0,1,29,0,0,0,0,0,6,3,0,1,0,0,0,5,0.014423,1,19,24,20,21,3,20,6.666667,34.6667,45.673077,28,48.076923,40,0.00645,0.264589,1,1,21.894737,0,0.264589,0.264589,0,0,0.073379,0.75,0.527273,0,0.480769,0.034397,0.264589,200,1,0,0,1,1,0,0,0,0,1,1,0,0,0,0,0,0,1,1,0.5,1,0.9,1,2,0,1,1,1,1,0,0,1,1,1,0,0,1,2,1,1,1,1,0.8,6,7,0.666667,0.777778,0.748148,1,0.339131,0,0,0,0,0,0,0,0,0,1,0.9325,1,0.97178,0.00645,0.02822,427.9404,1022,47,64,30,4537.8524,0.311071,0.395803,0,0,0,0,0.333333,1,0,0.333333,0,0,0.588987,0.69422,0.327512,0.568518,0.53495,v5-shortcut-control-v1
dataset-v5,v3,extraction-v2,ranking-aware-v5,seo_weighted_page_quality_v5,100.0,76.7,натяжные потолки Казань,натяжные потолки,commercial,Казань,43,https://kazan-potolki.ru/,kazan-potolki.ru,1,0,,,homepage,ok,,..\dataset-v2\artifacts\query--64161ee1d0ea142d.json,ba08bfa50bbf3e1bba29574191cb4754d7906a5e,222381,76.7,9600,60000,1600,867,0.412072,5.8322,90,21.9167,36,1,9,12,18,1,60,1,138,0,0,0,32,2,2,0.666667,0.666667,2,0.666667,11,0.015209,1,80,24,40,24,3,54,18,36.9123,71.768061,28,60,11.406844,0.114252,0.26692,1,1,13.933775,1.035088,0.26692,0.177947,0.177947,0.444444,0.26692,0.8,0.909091,0.951724,0.506971,0.10999,0.26692,200,1,0,0,1,1,1,0,0,0,1,1,1,0,0,0,0,0,1,1,1,1,1,1,2,1,1,1,1,1,1,0,1,0,1,0,1,1,10,1,1,1,1,1,8,7,0.888889,0.777778,0.888889,1,0.67513,5,4,0,7,1,0,1,1,0.85,1,0.91,1,0.547143,0.114252,0.452857,145.7207,1469,27,6,62,4420.1437,0.43355,0.487662,0,0,0,0,0.583333,1,0,0.583333,0,0,0.664595,0.760567,0.519147,0.633595,0.575114,v5-shortcut-control-v1
dataset-v5,v3,extraction-v2,ranking-aware-v5,seo_weighted_page_quality_v5,94.7368,67.2,натяжные потолки Казань,натяжные потолки,commercial,Казань,43,https://www.potolki-servis.ru/,potolki-servis.ru,2,0,,,homepage,ok,,..\dataset-v2\artifacts\query--cc0718cfe236bf13.json,b27690e7c14329b92bb01bbce2bc3969d59207e6,271858,67.2,9600,60000,1600,1001,0.363076,5.6075,90,21.881,10,1,2,0,3,1,51,1,232,0,0,0,76,2,2,0.666667,0.666667,2,0.666667,4,0.027566,1,80,24,40,24,6,12,2,180,66.013783,28,60,40,0.104505,0.348095,1,1,15.148352,0.3,0.348095,0.232063,0.232063,0.444444,0.348095,0.8,0.927273,0.4,0.918873,0.126385,0.348095,200,1,0,0,0,0,0,0,0,0,1,1,0,0,0,0,0,0,1,1,0.5,0.75,0.85,1,4,1,1,1,1,1,0,1,1,0,1,0,1,1,25,1,1,1,1,1,8,7,0.888889,0.777778,0.888889,1,0.452762,0,0,0,0,0,0,0,0,0,1,0.91,1,0.495714,0.104505,0.504286,191.9111,1918,23,19,125,5940.7905,0.312347,0.39676,0,0,0,0,0.583333,1,0,0.583333,0,0,0.682661,0.7695,0.505674,0.626911,0.570393,v5-shortcut-control-v1
dataset-v5,v3,extraction-v2,ranking-aware-v5,seo_weighted_page_quality_v5,89.4737,79.7,натяжные потолки Казань,натяжные потолки,commercial,Казань,43,https://kazan.natpotolok.ru/,kazan.natpotolok.ru,3,0,,,homepage,ok,,..\dataset-v2\artifacts\query--08894d5ec8de1665.json,ada22ee58d5202c627fcafdc62d155f06f50a3fe,138036,79.7,8865,60000,1239,616,0.497175,5.9742,90,11.4722,23,1,7,12,18,1,42,1,242,1,1,11,66,3,0,1,0,17,1,17,0.053269,1,80,24,40,10,1,5,5,53.8696,80,28,38.74092,8.071025,0.111574,0.223004,1,1,10.411765,1.478261,0.223004,0.223004,0.223004,1,0.184201,1,0.763636,0.331034,0.224374,0.076317,0.223004,200,1,0,0,1,1,0,0,0,0,1,1,1,0,0,0,0,0,1,1,1,1,1,1,3,1,1,1,1,1,0,1,1,0,1,0,0,1,10,1,1,1,1,1,7,7,0.777778,0.777778,0.851852,1,0.780297,5,4,0,5,1,1,0,0,0.9,1,0.91,1,0.328571,0.111574,0.671429,89.5391,835,10,4,50,4170.9365,0.636347,0.63976,0,0,0,0,0.583333,1,0,0.583333,0,0,0.651144,0.753556,0.45271,0.636179,0.592077,v5-shortcut-control-v1
dataset-v5,v3,extraction-v2,ranking-aware-v5,seo_weighted_page_quality_v5,84.2105,74.3,натяжные потолки Казань,натяжные потолки,commercial,Казань,43,https://potolki-real.ru/,potolki-real.ru,4,0,,,homepage,ok,,..\dataset-v2\artifacts\query--92a46a093e5a1aa6.json,c76f91bebc7ffc5ca49915cdb26e6123851fd8f6,202948,74.3,9600,60000,1600,1144,0.446526,6.0137,90,14.8953,36,1,10,0,13,1,54,1,175,0,0,0,99,2,3,0.666667,0.666667,6,0.666667,29,0.038642,1,80,24,40,7,7,36,5.142857,35.5833,66.354411,28,24.980484,2.73224,0.16456,0.300086,1,1,15.070588,0.180556,0.300086,0.200057,0.200057,0.444444,0.300086,0.8,0.981818,0.793103,0.711944,0.133996,0.300086,200,1,0,0,1,1,0,0,0,0,1,1,1,0,0,0,0,0,1,1,1,1,1,1,5,1,1,1,1,1,0,1,1,1,1,0,1,1,10,1,1,1,1,1,8,8,0.888889,0.888889,0.925926,1,0.47057,0,0,0,0,0,0,0,0,0,1,0.91,1,0.547143,0.16456,0.452857,126.625,1307,27,4,113,4710.1019,0.475895,0.519421,0,0,0,0,0.583333,1,0,0.583333,0,0,0.677032,0.769273,0.537119,0.646032,0.590039,v5-shortcut-control-v1
dataset-v5,v3,extraction-v2,ranking-aware-v5,seo_weighted_page_quality_v5,78.9474,70.8,натяжные потолки Казань,натяжные потолки,commercial,Казань,43,https://kazanpotolok.ru/,kazanpotolok.ru,5,0,,,homepage,ok,,..\dataset-v2\artifacts\query--e00b0696938ef21e.json,1e6ab36c75c99e6b185174e015b5a9d177c27ab6,150293,70.8,6023,60000,861,449,0.521487,5.8467,62,13.8871,27,1,7,12,18,1,77,1,168,0,0,0,51,3,2,0.666667,0.666667,2,0.666667,25,0.059233,1,80,24,40,1,3,48,16,31.8889,80,28,60,1.16144,0.054644,0.33195,1,1,8.122642,1.074074,0.33195,0.2213,0.2213,0.444444,0.190539,0.8,0.6,0.841379,0.025552,0.082803,0.33195,200,1,0,0,1,1,0,0,0,0,1,1,1,0,0,0,0,0,1,1,1,1,1,1,7,1,1,1,1,1,0,0,1,0,1,0,0,1,6,1,1,1,1,1,6,7,0.666667,0.777778,0.814815,1,0.420296,0,0,0,0,0,0,0,0,0,1,0.9145,1,0.696648,0.054644,0.303352,114.2148,1056,30,18,38,7555.8251,0.40111,0.463333,0,0,0,0,0.583333,1,0,0.583333,0,0,0.648981,0.752637,0.465676,0.637981,0.604378,v5-shortcut-control-v1
dataset-v5,v3,extraction-v2,ranking-aware-v5,seo_weighted_page_quality_v5,73.6842,71.3,натяжные потолки Казань,натяжные потолки,commercial,Казань,43,https://kazan.potolki-natyazhniye.ru/,kazan.potolki-natyazhniye.ru,6,0,,,homepage,ok,,..\dataset-v2\artifacts\query--d368243cf30464fc.json,95ee17db2bfa1b521ea2d8c89f0b49a573cc8125,423161,71.3,9600,60000,1600,799,0.34058,5.9808,86,27.2791,36,1,10,8,18,1,45,1,268,0,0,0,95,2,1,0.666667,0.333333,10,0.666667,38,0.040494,1,80,24,40,0,13,131,10.076923,13.4828,80,28,60,0,0.057766,0.18878,1,1,8.378571,0.109195,0.18878,0.125853,0.125853,0.444444,0.18878,0.8,0.818182,0.151724,0.650185,0.064295,0.18878,200,1,0,0,1,1,1,0,0,0,1,1,1,0,0,0,0,0,1,1,1,1,1,1,1,1,1,1,1,1,1,1,1,1,1,0,0,1,12,1,1,1,1,1,8,8,0.888889,0.888889,0.925926,1,0.511779,2,2,0,2,1,0,0,0,0.425,1,0.91,1,0.670131,0.057766,0.329869,300.9443,2761,29,11,299,8066.9395,0.292993,0.382245,0,0,0,0,0.583333,1,0,0.583333,0,0,0.635292,0.740055,0.41811,0.604292,0.539951,v5-shortcut-control-v1
dataset-v5,v3,extraction-v2,ranking-aware-v5,seo_weighted_page_quality_v5,68.4211,70.2,натяжные потолки Казань,натяжные потолки,commercial,Казань,43,https://kazan.otproffi-potolki.ru/,kazan.otproffi-potolki.ru,7,0,,,homepage,ok,,..\dataset-v2\artifacts\query--4ab0357f5fd500b4.json,bda69646f01b07d065e2607bd4538e4e897fabd9,289001,70.2,9600,60000,1380,726,0.526087,6.0551,90,15.1648,36,1,10,12,18,1,67,1,125,0,0,0,16,2,3,0.666667,0.666667,6,0.666667,4,0.011594,0.666667,51,24,40,24,4,18,4.5,20.9091,36.956522,28,43.478261,22.463768,0.04088,0.348985,1,1,27.058824,0.378788,0.232657,0.232657,0.232657,0.444444,0.321066,0.75,0.781818,0.862069,0.257649,0.140757,0.348985,200,1,0,0,1,1,1,0,0,0,1,1,1,0,0,0,0,0,1,1,1,1,1,1,6,1,0,1,1,1,1,0,1,1,1,1,1,1,12,1,1,1,1,0.8,7,8,0.777778,0.888889,0.822222,1,0.415591,1,1,0,1,0,0,0,0,0.1375,1,0.91,1,0.808293,0.04088,0.191707,248.6211,768,34,26,57,11703.4616,0.347543,0.423157,0,0,0,0,0.583333,1,0,0.583333,0,0,0.607783,0.605384,0.508684,0.607357,0.559169,v5-shortcut-control-v1
dataset-v5,v3,extraction-v2,ranking-aware-v5,seo_weighted_page_quality_v5,63.1579,69.2,натяжные потолки Казань,натяжные потолки,commercial,Казань,43,https://rtpotolki.ru/,rtpotolki.ru,8,0,,,homepage,ok,,..\dataset-v2\artifacts\query--e750fda8692784c2.json,a15591ab99098814ddf0f8337ad0f97be79cdbdc,250231,69.2,6697,60000,948,470,0.495781,5.8629,78,12.1538,8,2,5,5,14,1,71,1,107,0,0,0,36,3,2,0.666667,0.666667,6,0.666667,9,0.037975,1,34,21,28,0,1,2,2,118.5,35.864979,22.151899,29.535865,0,0.031143,0.363283,1,1,27.882353,1.75,0.363283,0.242189,0.242189,0.444444,0.229595,0.8,0.709091,0.737931,0.734177,0.094857,0.363283,200,1,0,0,1,1,0,0,0,0,1,1,0,0,0,0,0,0,1,1,0.5,1,0.9,1,4,1,1,1,0,1,0,1,1,1,1,0,0,1,3,1,1,1,1,1,6,8,0.666667,0.888889,0.851852,1,0.508472,0,0,0,0,0,0,0,0,0,1,0.95275,1,0.529463,0.031143,0.470537,216.1514,610,9,28,21,3568.3491,0.597468,0.610601,0,0,0,0,0.583333,1,0,0.583333,0,0,0.652481,0.752612,0.47421,0.624981,0.590977,v5-shortcut-control-v1
dataset-v5,v3,extraction-v2,ranking-aware-v5,seo_weighted_page_quality_v5,57.8947,75.8,натяжные потолки Казань,натяжные потолки,commercial,Казань,43,https://kazan.potolok-montaz.ru/,kazan.potolok-montaz.ru,9,0,,,homepage,ok,,..\dataset-v2\artifacts\query--9e2d0167406c27d3.json,e372aea4e8a4f745942212248864db41a26d85bf,517175,75.8,9600,60000,1600,959,0.414792,5.9438,90,13.7619,36,1,10,12,18,1,56,1,174,0,1,1,103,2,1,0.666667,0.333333,44,1,53,0.04455,1,80,24,40,0,5,66,13.2,37.9016,80,28,17.733564,0,0.040882,0.347656,1,1,11.278049,1.819672,0.347656,0.231771,0.347656,0.666667,0.347656,0.883333,0.981818,0.8,0.514994,0.144205,0.347656,200,1,0,0,1,1,1,0,0,0,1,1,1,0,0,0,0,0,1,1,1,1,1,1,4,0,1,1,1,1,0,1,1,1,1,0,1,1,15,1,1,1,1,0.8,8,7,0.888889,0.777778,0.822222,1,0.508975,1,4,0,4,0,0,0,1,0.65,1,0.91,1,0.821139,0.040882,0.178861,411.7041,2759,48,53,155,12173.3604,0.179384,0.297038,0,0,0,0,0.583333,1,0,0.583333,0,0,0.685848,0.762736,0.570965,0.670134,0.631367,v5-shortcut-control-v1
dataset-v5,v3,extraction-v2,ranking-aware-v5,seo_weighted_page_quality_v5,52.6316,60.9,натяжные потолки Казань,натяжные потолки,commercial,Казань,43,https://woodceilings.ru/,woodceilings.ru,10,0,,,homepage,ok,,..\dataset-v2\artifacts\query--6a33d8edc2e60245.json,5120ce559c7f0d5bbd8a6825badd61bb8e6852a4,361328,60.9,6541,60000,1019,376,0.368989,5.2218,75,13.5867,8,0,0,9,9,1,41,1,177,0,1,1,20,2,4,0.666667,1,0,0,5,0.019627,1,80,8,40,6,3,3,1,127.375,80,7.850834,60,5.888126,0.023346,0.223694,1,1,5.449198,1.125,0.223694,0.149129,0,0,0.151963,0.633333,0.745455,0.77931,0.654236,0.046727,0.223694,200,1,0,0,0,0,0,0,0,0,1,1,1,0,0,0,0,0,1,1,1,0.75,0.95,1,2,1,1,1,1,1,0,1,1,1,1,0,1,1,2,1,1,1,1,1,8,8,0.888889,0.888889,0.925926,1,0.399609,0,0,0,0,0,0,0,0,0,1,0.982,1,0.885004,0.023346,0.114996,280.4824,1614,34,7,8,3902.8228,0.451917,0.501438,0,0,0,0,0.583333,1,0,0.583333,0,0,0.624786,0.730621,0.458247,0.579922,0.510333,v5-shortcut-control-v1
dataset-v5,v3,extraction-v2,ranking-aware-v5,seo_weighted_page_quality_v5,100.0,60.1,натяжные потолки Краснодар,натяжные потолки,commercial,Краснодар,35,https://potolki-93.ru/ceny,potolki-93.ru,1,0,,,content,ok,,..\dataset-v2\artifacts\query--98a0b416a001d730.json,0a524b7b4f383ed338d7619660927d11eb2a540d,136413,60.1,9600,60000,1499,667,0.444963,5.6224,90,13.8796,21,1,4,0,5,1,86,1,235,0,0,0,32,2,2,0.666667,0.666667,6,0.666667,12,0.021348,1,80,24,40,9,3,20,6.666667,71.381,65.376918,18.679119,60,6.004003,0.126092,0.282267,1,1,15.295918,0.238095,0.282267,0.188178,0.188178,0.444444,0.282079,0.8,0.436364,0.37931,0.711586,0.104596,0.282267,200,1,0,0,0,0,0,0,0,0,1,1,0,0,0,1,0,0,1,0.9,0.5,0.75,0.83,1,3,1,1,0,1,1,0,0,1,1,1,0,0,1,10,1,1,1,1,0.8,5,7,0.555556,0.777778,0.711111,1,0.483724,0,0,0,0,0,0,0,0,0,1,0.937,1,0.521429,0.126092,0.478571,90.4053,1004,25,20,28,10909.9461,0.475768,0.519326,0,0,0,0,0.333333,1,0,0.333333,0,0,0.576325,0.62557,0.438098,0.557275,0.53527,v5-shortcut-control-v1
dataset-v5,v3,extraction-v2,ranking-aware-v5,seo_weighted_page_quality_v5,94.7368,75.4,натяжные потолки Краснодар,натяжные потолки,commercial,Краснодар,35,https://potolkito.ru/,potolkito.ru,2,0,,,homepage,ok,,..\dataset-v2\artifacts\query--9dbf5ffbf3070ad2.json,92f8e210755d690fff62ef0dab07fa16261ad8c5,446686,75.4,9600,60000,1600,1200,0.354056,5.8641,90,10.9544,36,1,2,4,7,1,51,1,175,0,0,0,63,2,0,0.666667,0,6,0.666667,7,0.01456,1,80,24,40,3,4,52,13,43.7071,50.843541,24.497342,13.86642,0.693321,0.098701,0.346555,1,1,19.668182,0.070707,0.346555,0.231037,0.231037,0.444444,0.346555,0.8,0.927273,0.793103,0.485325,0.1227,0.346555,200,1,0,0,1,1,1,0,0,0,1,1,1,0,0,0,0,0,1,1,1,1,1,1,10,1,1,1,1,1,0,1,1,1,1,1,1,1,2,1,1,1,1,1,8,9,0.888889,1,0.962963,1,0.484227,0,0,0,0,0,0,0,0,0,1,0.91,1,0.431429,0.098701,0.568571,329.1973,2431,18,6,106,4848.5271,0.394448,0.458336,0,0,0,0,0.333333,1,0,0.333333,0,0,0.694458,0.781471,0.556907,0.663458,0.61095,v5-shortcut-control-v1
dataset-v5,v3,extraction-v2,ranking-aware-v5,seo_weighted_page_quality_v5,89.4737,69.1,натяжные потолки Краснодар,натяжные потолки,commercial,Краснодар,35,https://o-potolki.ru/krasnodar,o-potolki.ru,3,0,,,content,ok,,..\dataset-v2\artifacts\query--709de1690a62a94c.json,b7f0c1d1119ca524877019b2765a48857b7d1859,173954,69.1,9600,60000,1573,719,0.457088,6.2842,60,26.2167,36,1,2,3,6,1,56,1,155,0,1,1,108,2,1,0.666667,0.333333,5,1,20,0.068659,1,80,24,40,24,0,0,0,21.8472,80,17.800381,60,19.071837,0.112941,0.450572,1,0.5,5.72,0.083333,0.450572,0.300381,0.450572,0.666667,0.450572,0.883333,0.981818,0.931034,0,0.179978,0.225286,200,1,0,0,1,1,0,0,0,0,1,1,1,0,0,1,0,0,1,0.9,1,1,0.98,1,1,0,1,1,1,1,0,0,1,1,1,0,0,0,0,0,1,1,1,0.6,5,7,0.555556,0.777778,0.644444,1,0.555253,0,0,0,0,0,0,0,0,0,1,0.937,1,0.354286,0.112941,0.645714,111.7949,1201,12,4,28,5329.97,0.634398,0.638298,0,0,0,0,0.333333,1,0,0.333333,0,0,0.600303,0.696933,0.561463,0.645106,0.67561,v5-shortcut-control-v1
dataset-v5,v3,extraction-v2,ranking-aware-v5,seo_weighted_page_quality_v5,84.2105,65.3,натяжные потолки Краснодар,натяжные потолки,commercial,Краснодар,35,https://ka-potolki.ru/,ka-potolki.ru,4,0,,,homepage,ok,,..\dataset-v2\artifacts\query--284ff03b6d213435.json,ee9eed50ac93d7e8d0fc312dd04c3ba52f348351,375282,65.3,9600,60000,1600,1176,0.334376,5.5985,90,22.8377,20,1,0,1,2,1,67,1,218,0,0,0,70,2,2,0.666667,0.666667,2,0.666667,6,0.019903,1,80,24,40,24,6,12,2,175.85,55.444982,28,60,40,0.089458,0.359417,1,1,18.035897,0.1,0.359417,0.239611,0.239611,0.444444,0.359417,0.8,0.781818,0.496552,0.663444,0.12018,0.359417,200,1,0,0,0,0,0,0,0,0,1,1,0,0,0,0,0,0,1,1,0.5,0.75,0.85,1,5,1,1,1,1,1,0,1,1,0,1,0,1,1,31,0,1,1,1,0.8,8,7,0.888889,0.777778,0.822222,1,0.447898,0,0,0,0,0,0,0,0,0,1,0.91,1,0.495714,0.089458,0.504286,280.4414,3146,23,16,196,10406.9741,0.286411,0.377308,0,0,0,0,0.333333,1,0,0.333333,0,0,0.666906,0.744972,0.496748,0.621156,0.575488,v5-shortcut-control-v1
dataset-v5,v3,extraction-v2,ranking-aware-v5,seo_weighted_page_quality_v5,78.9474,67.7,натяжные потолки Краснодар,натяжные потолки,commercial,Краснодар,35,https://potolki-ts.ru/krasnodar,potolki-ts.ru,5,0,,,content,ok,,..\dataset-v2\artifacts\query--8e0e9890c2aa64e5.json,0de954452d9fc02683b66df3029a5b6ccc4798fd,412436,67.7,9600,60000,1600,742,0.435446,6.159,88,19.3636,36,1,9,8,18,1,73,1,214,0,0,0,24,2,5,0.666667,1,5,0.666667,8,0.014085,1,80,24,40,3,10,35,3.5,13.0076,80,28,28.755869,1.760563,0.038599,0.281404,1,1,6.430189,0.137405,0.281404,0.187603,0.187603,0.444444,0.281404,0.8,0.672727,0.524138,0.469484,0.116001,0.281404,200,1,0,0,1,1,0,0,0,0,1,1,1,0,0,1,0,0,1,0.9,1,1,0.98,1,5,1,1,1,1,1,0,1,1,1,1,0,0,1,15,1,1,1,1,1,7,8,0.777778,0.888889,0.888889,1,0.361604,0,0,0,0,0,0,0,0,0,1,0.91,1,0.831129,0.038599,0.168871,326.7061,1178,50,25,87,7082.0892,0.273396,0.367547,0,0,0,0,0.333333,1,0,0.333333,0,0,0.648377,0.750219,0.464809,0.624077,0.576132,v5-shortcut-control-v1
dataset-v5,v3,extraction-v2,ranking-aware-v5,seo_weighted_page_quality_v5,73.6842,62.7,натяжные потолки Краснодар,натяжные потолки,commercial,Краснодар,35,http://potolki-kuban.ru/,potolki-kuban.ru,6,0,,,homepage,ok,,..\dataset-v2\artifacts\query--ff5cd98c411baaa0.json,c6d7c9ec8c22a621c3d1bf415e3ead1fb319b96d,125992,62.7,8707,60000,1255,653,0.520319,5.7506,90,10.913,33,1,10,9,18,1,29,0,0,0,0,0,76,2,0,0.666667,0,12,0.666667,15,0.060558,1,80,24,39,0,1,15,15,38.0303,80,28,31.075697,0,0.106326,0.278662,1,1,8.59589,0.69697,0.278662,0.185775,0.185775,0.444444,0.233147,0.8,0.527273,0,0,0.101092,0.278662,200,1,0,0,0,0,1,0,0,0,1,1,1,0,0,0,0,0,1,1,1,0.75,0.95,1,4,1,1,1,1,1,0,1,1,1,0,0,1,1,9,0,1,1,1,0.8,8,7,0.888889,0.777778,0.822222,1,0.503682,0,0,0,0,0,0,0,0,0,1,0.91,1,0.444286,0.106326,0.555714,86.6836,878,19,11,48,8201.9988,0.515352,0.549014,0,0,0,0,0.333333,1,0,0.333333,0,0,0.644873,0.732024,0.512925,0.615623,0.566648,v5-shortcut-control-v1
dataset-v5,v3,extraction-v2,ranking-aware-v5,seo_weighted_page_quality_v5,68.4211,63.8,натяжные потолки Краснодар,натяжные потолки,commercial,Краснодар,35,https://potolki193.ru/,potolki193.ru,7,0,,,homepage,ok,,..\dataset-v2\artifacts\query--8f2d57d9ad785837.json,54ca07ce87269b2a410261306105abdf99fedf8d,56736,63.8,3183,35829,426,267,0.626761,6.1761,22,19.3636,17,1,6,12,18,1,73,1,152,0,0,0,13,2,1,0.666667,0.333333,5,0.666667,7,0.030516,0.666667,13,3,5,0,2,9,4.5,25.0588,30.516432,7.042254,11.737089,0,0.088839,0.313913,1,1,32.769231,1.176471,0.209275,0.209275,0.209275,0.444444,0.089151,0.75,0.672727,0.951724,0.65519,0.046564,0.313913,200,1,0,0,1,0,0,0,0,0,1,1,1,0,0,0,0,0,1,1,1,0,0.8,1,1,0,1,1,1,1,0,0,1,1,0,0,1,1,2,1,1,1,1,0.8,7,6,0.777778,0.666667,0.748148,1,0.770756,3,3,0,3,0,0,1,0,0.5125,1,0.99325,1,0.264286,0.088839,0.735714,40.3447,229,5,2,3,3885.31,0.905414,0.841561,0,0,0,0,0.333333,1,0,0.333333,0,0,0.579446,0.685554,0.43868,0.545728,0.489848,v5-shortcut-control-v1
dataset-v5,v3,extraction-v2,ranking-aware-v5,seo_weighted_page_quality_v5,63.1579,69.1,натяжные потолки Краснодар,натяжные потолки,commercial,Краснодар,35,https://nova-yug.ru/,nova-yug.ru,8,0,,,homepage,ok,,..\dataset-v2\artifacts\query--31f01016a0380902.json,b1fc2030f76ffcae7a12ebce2916260768accb30,275677,69.1,7515,60000,997,475,0.476429,6.325,62,16.0806,23,1,5,4,10,1,45,0,0,0,0,0,108,3,0,1,0,0,0,42,0.108325,1,80,24,40,4,2,12,6,43.3478,80,28,60,4.012036,0.034934,0.518235,1,1,5.192708,0.434783,0.518235,0.518235,0,0,0.344454,0.75,0.818182,0,0,0.136756,0.518235,200,1,0,0,1,1,1,0,0,0,1,1,1,0,0,0,0,0,1,1,1,1,1,1,5,1,1,1,0,1,0,1,1,1,1,0,0,1,2,0,1,1,1,0.8,6,8,0.666667,0.888889,0.785185,1,0.522198,1,4,0,4,0,0,0,1,0.65,1,0.91,1,0.847164,0.034934,0.152836,217.5166,1365,54,53,62,5887.3579,0.284608,0.375956,0,0,0,0,0.333333,1,0,0.333333,0,0,0.690451,0.76715,0.543992,0.682678,0.67025,v5-shortcut-control-v1
dataset-v5,v3,extraction-v2,ranking-aware-v5,seo_weighted_page_quality_v5,57.8947,66.1,натяжные потолки Краснодар,натяжные потолки,commercial,Краснодар,35,https://www.potolkimk.ru/,potolkimk.ru,9,0,,,homepage,ok,,..\dataset-v2\artifacts\query--6d6d452537583312.json,d4350b49cbb3ecdcf093a7e039529e0e3f7e9658,203257,66.1,9413,60000,1311,690,0.526316,5.9321,90,11.7054,28,2,4,0,6,1,73,1,56,0,0,0,69,4,0,0.666667,0,4,0.666667,27,0.052632,1,80,24,40,11,1,13,13,46.8214,80,28,54.919908,8.390542,0.069339,0.346425,1,1,8.297468,0.214286,0.346425,0.23095,0.23095,0.444444,0.302775,0.8,0.672727,0.386207,0.245614,0.132796,0.346425,200,1,0,0,0,0,1,0,0,0,1,1,1,0,0,0,0,0,1,1,1,0.75,0.95,1,5,1,1,1,1,1,1,1,1,1,1,0,1,1,3,0,1,1,1,0.8,9,8,1,0.888889,0.896296,1,0.51891,0,0,0,0,0,0,0,0,0,1,0.91,1,0.439501,0.069339,0.560499,142.125,939,15,3,62,7858.0133,0.590189,0.605142,0,0,0,0,0.333333,1,0,0.333333,0,0,0.690284,0.762312,0.547823,0.651034,0.597141,v5-shortcut-control-v1
dataset-v5,v3,extraction-v2,ranking-aware-v5,seo_weighted_page_quality_v5,52.6316,57.4,натяжные потолки Краснодар,натяжные потолки,commercial,Краснодар,35,https://moi-potolki23.ru/,moi-potolki23.ru,10,0,,,homepage,ok,,..\dataset-v2\artifacts\query--3cfeea943217d9fa.json,7a2ce16c17f965219725239d2805b4fb39fbd994,251478,57.4,8152,60000,1071,537,0.501401,6.3623,68,15.75,36,2,10,12,18,1,57,1,121,0,0,0,12,3,0,0.666667,0,4,1,6,0.011204,1,31,24,0,0,0,0,0,7.14,28.944911,28,0,0,0.038832,0.209387,1,0.25,34.548387,0.413333,0.209387,0.139591,0.209387,0.666667,0.149502,0.883333,0.963636,0.834483,0.373483,0.062467,0.052347,200,1,0,0,0,0,0,0,0,0,1,0,1,0,0,0,0,0,1,1,0.5,0.75,0.85,1,1,0,1,0,0,1,0,0,1,1,1,0,0,1,1,1,1,1,1,0.6,4,6,0.444444,0.666667,0.57037,1,0.280336,0,0,0,0,0,0,0,0,0,0,0.36,1,0.714397,0.038832,0.285603,214.2705,1374,26,8,43,10510.471,0.417654,0.475741,0,0,0,0,0.333333,1,0,0.333333,0,0,0.465816,0.541169,0.416102,0.499799,0.523287,v5-shortcut-control-v1
dataset-v5,v3,extraction-v2,ranking-aware-v5,seo_weighted_page_quality_v5,100.0,77.7,натяжные потолки Самара,натяжные потолки,commercial,Самара,51,https://самара.натяжные-потолки24.рф/,самара.натяжные-потолки24.рф,1,0,,,homepage,ok,,..\dataset-v2\artifacts\query--d00714a14c51dd98.json,254a2e0a0ba439cbfffa031dd3195cea1525ad75,266700,77.7,9600,60000,1600,1200,0.405923,5.5091,90,10.1921,36,1,3,0,4,1,52,1,228,0,0,0,55,2,2,0.666667,0.666667,3,0.666667,11,0.016452,1,80,24,40,24,5,26,5.2,90.3514,66.407418,28,60,8.37571,0.130811,0.59718,1,1,15.058559,0.108108,0.59718,0.39812,0.39812,0.444444,0.59718,0.8,0.945455,0.427586,0.54841,0.242409,0.59718,200,1,0,0,1,1,0,0,0,0,1,1,1,0,0,0,0,0,1,1,1,1,1,1,2,0,1,1,1,1,0,1,1,1,1,0,1,1,7,0,1,1,1,0.6,8,7,0.888889,0.777778,0.755556,1,0.535906,0,0,0,0,0,0,0,0,0,1,0.91,1,0.315714,0.130811,0.684286,186.5859,1829,9,3,97,3996.6702,0.515783,0.549337,0,0,0,0,0,0,0,0,0,0,0.748443,0.79226,0.658639,0.737443,0.723731,v5-shortcut-control-v1
dataset-v5,v3,extraction-v2,ranking-aware-v5,seo_weighted_page_quality_v5,94.7368,72.2,натяжные потолки Самара,натяжные потолки,commercial,Самара,51,https://potolkikiger.ru/samara,potolkikiger.ru,2,0,,,content,ok,,..\dataset-v2\artifacts\query--f3c0909b4941977f.json,d58095f91b45fc9577a7b0f37bf852881bc8f883,767231,72.2,9600,60000,1600,1183,0.362439,5.5888,90,8.7978,36,2,10,12,18,1,89,1,139,0,0,0,63,2,2,0.666667,0.666667,12,0.666667,8,0.019301,1,80,24,11,6,0,72,0,8.3478,26.348039,28,3.370098,1.838235,0.034708,0.545557,1,0.75,37.953488,0.13555,0.545557,0.363705,0.363705,0.444444,0.545557,0.8,0.381818,0.958621,0.643382,0.197731,0.409168,200,1,0,0,1,1,0,0,0,0,1,1,1,0,0,1,0,0,1,0.9,1,1,0.98,1,3,0,1,1,1,1,0,1,1,1,1,0,0,1,15,1,1,1,1,0.8,7,7,0.777778,0.777778,0.785185,1,0.413622,1,1,0,1,1,0,0,0,0.2875,1,0.91,1,0.848153,0.034708,0.151847,662.8184,5454,243,7,213,11117.168,0.19019,0.305142,0,0,0,0,0,0,0,0,0,0,0.704251,0.777569,0.594806,0.701542,0.695001,v5-shortcut-control-v1
dataset-v5,v3,extraction-v2,ranking-aware-v5,seo_weighted_page_quality_v5,89.4737,68.2,натяжные потолки Самара,натяжные потолки,commercial,Самара,51,https://potolki-sam.ru/,potolki-sam.ru,3,0,,,homepage,ok,,..\dataset-v2\artifacts\query--6235f24c7cea12ef.json,58c6ccda84844b18fc0d5d5e22be15f99ca75b95,208903,68.2,9600,60000,1600,771,0.347924,5.3208,83,26.6988,5,1,2,0,3,1,47,0,0,0,0,0,23,2,0,0.666667,0,2,0.666667,12,0.010379,1,80,24,40,22,10,28,2.8,180,57.310469,28,60,9.927798,0.106465,0.601733,1,1,17.448819,0.6,0.601733,0.401155,0.401155,0.444444,0.601733,0.8,0.854545,0,0.345969,0.209357,0.601733,200,1,0,0,0,0,0,0,0,0,1,1,0,0,0,0,0,0,1,1,0.5,0.75,0.85,1,3,0,1,1,1,1,0,1,1,1,1,0,1,1,35,1,1,1,1,0.8,8,7,0.888889,0.777778,0.822222,1,0.439279,0,0,0,0,0,0,0,0,0,1,0.91,1,0.56,0.106465,0.44,143.2637,2072,28,13,110,9841.3774,0.326153,0.407115,0,0,0,0,0,0,0,0,0,0,0.757775,0.80858,0.631036,0.712025,0.68453,v5-shortcut-control-v1
dataset-v5,v3,extraction-v2,ranking-aware-v5,seo_weighted_page_quality_v5,84.2105,74.3,натяжные потолки Самара,натяжные потолки,commercial,Самара,51,https://potolkius.ru/,potolkius.ru,4,0,,,homepage,ok,,..\dataset-v2\artifacts\query--92438acb1cbeaaf8.json,3a415b438d0524a0d3a307a7037712ef955df0f0,105787,74.3,3712,60000,551,292,0.529946,5.6007,33,16.697,36,1,7,9,17,1,65,1,157,0,0,0,29,2,2,0.666667,0.666667,2,0.666667,23,0.052632,1,80,24,33,0,3,7,2.333333,11.9783,80,28,59.891107,0,0.048761,0.591549,1,1,6.802469,0.369565,0.591549,0.394366,0.394366,0.444444,0.217296,0.8,0.818182,0.917241,0.245614,0.095962,0.591549,200,1,0,0,1,1,0,0,0,0,1,1,1,0,0,0,0,0,1,1,1,1,1,1,2,1,1,1,1,1,0,1,1,1,1,1,0,1,14,0,1,1,1,0.8,7,9,0.777778,1,0.859259,1,0.432487,0,0,0,0,0,0,0,0,0,1,0.91,1,0.722387,0.048761,0.277613,78.46,836,30,6,47,7977.0662,0.506446,0.542334,0,0,0,0,0,0,0,0,0,0,0.746331,0.805782,0.552775,0.735331,0.721197,v5-shortcut-control-v1
dataset-v5,v3,extraction-v2,ranking-aware-v5,seo_weighted_page_quality_v5,78.9474,73.6,натяжные потолки Самара,натяжные потолки,commercial,Самара,51,https://www.potolkoffsam.ru/,potolkoffsam.ru,5,0,,,homepage,ok,,..\dataset-v2\artifacts\query--6f2b95c27983a20a.json,c238203f2b3df9c8bb338616854c3a32ad564d4a,162450,73.6,9600,60000,1600,513,0.318041,5.5518,53,30.434,27,0,7,11,18,1,60,1,189,0,0,0,46,2,0,0.666667,0,10,0.333333,26,0.028518,0.666667,68,24,40,9,0,42,0,59.7407,42.157471,28,60,5.579665,0.099901,0.57843,1,0.75,23.720588,0.666667,0.38562,0.38562,0.19281,0.222222,0.57843,0.666667,0.909091,0.696552,0.63374,0.164853,0.433822,200,1,0,0,1,1,1,0,0,0,1,1,1,0,0,0,0,0,1,1,1,1,1,1,6,1,1,0,1,1,0,1,1,1,1,0,0,1,12,1,1,1,1,0.8,6,7,0.666667,0.777778,0.748148,1,0.634306,1,4,0,4,1,0,0,1,0.8,1,0.91,1,0.637143,0.099901,0.362857,117.6807,1812,34,2,88,7063.6762,0.402488,0.464366,0,0,0,0,0,0,0,0,0,0,0.628259,0.666795,0.537993,0.641683,0.625245,v5-shortcut-control-v1
dataset-v5,v3,extraction-v2,ranking-aware-v5,seo_weighted_page_quality_v5,73.6842,79.2,натяжные потолки Самара,натяжные потолки,commercial,Самара,51,https://potolki-63.ru/,potolki-63.ru,6,0,,,homepage,ok,,..\dataset-v2\artifacts\query--e74fc52407c4192a.json,09f53cf577475cea782d99b6d0d043f1a846e050,225791,79.2,9600,60000,1523,664,0.435982,5.5955,90,13.3596,36,1,5,0,6,1,89,1,180,0,0,0,51,3,2,0.666667,0.666667,6,0.666667,7,0.033487,1,80,24,40,0,7,34,4.857143,35.4186,70.912672,28,38.082731,0,0.061909,0.646605,1,1,14.101852,0.139535,0.646605,0.43107,0.43107,0.444444,0.646605,0.8,0.381818,0.758621,0.883782,0.238525,0.646605,200,1,0,0,1,1,0,0,0,0,1,1,1,0,0,0,0,0,1,1,1,1,1,1,3,1,1,1,1,1,0,1,1,1,1,1,0,1,4,1,1,1,1,1,7,9,0.777778,1,0.925926,1,0.580506,6,4,0,3,0,0,0,0,0.5,1,0.91,1,0.574863,0.061909,0.425137,172.8955,1528,23,7,53,3960.7538,0.432516,0.486887,0,0,0,0,0,0,0,0,0,0,0.786977,0.847734,0.647328,0.765977,0.745972,v5-shortcut-control-v1
dataset-v5,v3,extraction-v2,ranking-aware-v5,seo_weighted_page_quality_v5,68.4211,68.2,натяжные потолки Самара,натяжные потолки,commercial,Самара,51,https://studiostyle63.ru/,studiostyle63.ru,7,0,,,homepage,ok,,..\dataset-v2\artifacts\query--fc137b3d74671461.json,a48700464352c04b86eb71a5ec71e1a75d2207cc,278141,68.2,9600,60000,1600,609,0.239387,4.7925,90,10.2169,9,1,10,0,14,1,62,1,91,0,0,0,48,2,2,0.666667,0.666667,6,0.666667,8,0.018868,1,80,24,40,7,0,28,0,180,66.430818,28,32.625786,2.751572,0.076155,0.540584,1,0.75,15.053254,1.555556,0.540584,0.360389,0.360389,0.444444,0.540584,0.8,0.872727,0.627586,0.628931,0.129409,0.405438,200,1,0,0,0,0,0,0,0,0,1,1,1,0,0,0,0,0,1,1,1,0.75,0.95,1,4,0,1,1,1,1,1,0,1,0,1,1,0,0,0,1,1,1,1,0.8,6,7,0.666667,0.777778,0.748148,1,0.400405,0,0,0,0,0,0,0,0,0,1,0.91,1,0.653966,0.076155,0.346034,210.2666,3228,34,29,262,4326.6847,0.244113,0.345585,0,0,0,0,0,0,0,0,0,0,0.679985,0.761335,0.58187,0.68229,0.684513,v5-shortcut-control-v1
dataset-v5,v3,extraction-v2,ranking-aware-v5,seo_weighted_page_quality_v5,63.1579,74.5,натяжные потолки Самара,натяжные потолки,commercial,Самара,51,https://smartpotolki.ru/,smartpotolki.ru,8,0,,,homepage,ok,,..\dataset-v2\artifacts\query--15e2c4bbd58cf755.json,5d67b1d05b437d6646e062c70146d25b22f196fe,128420,74.5,9600,60000,1401,766,0.546752,5.9764,88,15.9205,36,1,7,5,13,1,47,1,245,0,0,0,46,2,7,0.666667,1,8,0.666667,9,0.032834,1,80,23,21,15,5,26,5.2,17.0854,80,16.416845,14.989293,10.706638,0.132552,0.499738,1,1,10.945312,0.158537,0.499738,0.333159,0.333159,0.444444,0.466755,0.8,0.854545,0.310345,0.905544,0.212666,0.499738,200,1,0,0,1,1,1,0,0,0,1,1,1,0,0,0,0,0,1,1,1,1,1,1,3,1,1,1,1,1,0,1,1,1,0,0,1,1,2,0,1,1,1,0.8,8,7,0.888889,0.777778,0.822222,1,0.547991,1,1,0,1,1,0,0,0,0.2875,1,0.94825,1,0.637143,0.132552,0.362857,82.9346,835,34,4,23,6091.0344,0.574473,0.593355,0,0,0,0,0,0,0,0,0,0,0.731902,0.794181,0.632783,0.710902,0.679882,v5-shortcut-control-v1
dataset-v5,v3,extraction-v2,ranking-aware-v5,seo_weighted_page_quality_v5,57.8947,72.2,натяжные потолки Самара,натяжные потолки,commercial,Самара,51,https://potolki-samara.info/,potolki-samara.info,9,0,,,homepage,ok,,..\dataset-v2\artifacts\query--b2f9249c167fe2aa.json,e7cba2b0a676325379a8d07ec214aa838c9b69c8,959434,72.2,9600,60000,1600,823,0.500913,5.6111,90,11.5704,12,1,0,0,1,1,70,1,143,0,0,0,36,2,3,0.666667,0.666667,2,0.666667,18,0.021911,1,80,24,37,22,3,30,10,136.9167,77.297626,28,22.519781,13.39014,0.012845,0.546758,1,1,12.937008,0.083333,0.546758,0.364505,0.364505,0.444444,0.546758,0.8,0.727273,0.986207,0.730371,0.24999,0.546758,200,1,0,0,1,1,0,0,0,0,1,1,0,0,0,0,0,0,1,1,0.5,1,0.9,1,7,0,1,0,1,1,1,0,1,1,1,1,1,1,8,1,1,1,1,0.6,7,7,0.777778,0.777778,0.718519,1,0.291411,0,0,0,0,0,0,0,0,0,1,0.91,1,0.943804,0.012845,0.056196,871.3926,1759,73,89,84,6652.1438,0.049265,0.199449,0,0,0,0,0,0,0,0,0,0,0.701284,0.698274,0.588357,0.683784,0.673541,v5-shortcut-control-v1
dataset-v5,v3,extraction-v2,ranking-aware-v5,seo_weighted_page_quality_v5,52.6316,68.6,натяжные потолки Самара,натяжные потолки,commercial,Самара,51,https://потолкисамара.рф/,потолкисамара.рф,10,0,,,homepage,ok,,..\dataset-v2\artifacts\query--a9b7204b4e8925ae.json,8a66f47d90740b19bdc208172c70051079817e55,610236,68.6,9600,60000,1600,1094,0.459085,5.7835,90,13.1657,36,1,6,11,18,1,70,1,180,0,0,0,58,2,2,0.666667,0.666667,8,0.666667,7,0.024339,1,80,24,15,6,0,39,0,12.7433,53.713806,28,6.294587,2.517835,0.032365,0.442956,1,0.75,18.617188,0.096257,0.442956,0.295304,0.295304,0.444444,0.442956,0.8,0.727273,0.758621,0.811302,0.203355,0.332217,200,1,0,0,1,0,0,0,0,0,1,1,1,0,0,0,0,0,1,1,1,0,0.8,1,5,1,1,1,1,1,0,1,1,1,1,0,1,1,13,1,1,1,1,1,8,8,0.888889,0.888889,0.925926,1,0.368652,1,1,0,0,0,0,0,0,0.0875,1,0.91,1,0.858403,0.032365,0.141597,524.6045,3547,120,7,126,12982.873,0.230682,0.335511,0,0,0,0,0,0,0,0,0,0,0.692464,0.776748,0.593948,0.639286,0.59933,v5-shortcut-control-v1
dataset-v5,v3,extraction-v2,ranking-aware-v5,seo_weighted_page_quality_v5,100.0,74.5,натяжные потолки Нижний Новгород,натяжные потолки,commercial,Нижний Новгород,47,https://nn-decor.ru/,nn-decor.ru,1,0,,,homepage,ok,,..\dataset-v2\artifacts\query--65d328871e82c03b.json,8d0ae17abc3d82227310c60a45593440b0e3d4a3,451222,74.5,9600,60000,1600,904,0.3315,5.9395,90,22.5372,10,1,10,0,14,1,60,1,237,0,1,1,50,2,2,0.5,0.5,6,0.5,25,0.018335,1,80,24,40,7,6,111,18.5,180,80,28,47.671434,2.566923,0.055144,0.331687,1,1,11.960526,1.4,0.331687,0.165844,0.165844,0.25,0.331687,0.7,0.909091,0.365517,0.611172,0.109954,0.331687,200,1,0,0,1,1,1,0,0,0,1,1,1,0,0,0,0,0,1,1,1,1,1,1,3,1,1,1,1,1,0,1,1,0,1,0,1,1,8,1,1,1,1,1,8,7,0.888889,0.777778,0.888889,1,0.424378,1,1,0,1,0,0,0,1,0.2375,1,0.91,1,0.758744,0.055144,0.241256,358.3691,2279,37,20,79,10255.6255,0.195009,0.308757,0,0,0,0,0,0,0,0,0,0,0.676151,0.767836,0.535881,0.639688,0.581821,v5-shortcut-control-v1
dataset-v5,v3,extraction-v2,ranking-aware-v5,seo_weighted_page_quality_v5,94.7368,72.8,натяжные потолки Нижний Новгород,натяжные потолки,commercial,Нижний Новгород,47,https://нижний.натяжные-потолки24.рф/,нижний.натяжные-потолки24.рф,2,0,,,homepage,ok,,..\dataset-v2\artifacts\query--6630866ecb8a5b36.json,63c1c635aa801cd08b48241a77b9bdfa81a0336f,267086,72.8,9600,60000,1600,1200,0.405728,5.5134,90,10.1576,36,1,3,0,4,1,62,1,238,0,0,0,58,2,2,0.5,0.5,3,0.5,13,0.017303,1,80,24,40,24,5,26,5.2,90.5946,66.229117,28,60,8.353222,0.131166,0.406828,1,1,15.099099,0.108108,0.406828,0.203414,0.203414,0.25,0.406828,0.7,0.872727,0.358621,0.57677,0.165061,0.406828,200,1,0,0,1,1,0,0,0,0,1,1,1,0,0,0,0,0,1,1,1,1,1,1,2,0,1,1,1,1,0,1,1,1,1,0,1,1,7,0,1,1,1,0.6,8,7,0.888889,0.777778,0.755556,1,0.535895,0,0,0,0,0,0,0,0,0,1,0.91,1,0.315714,0.131166,0.684286,186.7754,1829,9,3,97,3962.0464,0.515727,0.549295,0,0,0,0,0,0,0,0,0,0,0.663484,0.731716,0.549171,0.64533,0.612817,v5-shortcut-control-v1
dataset-v5,v3,extraction-v2,ranking-aware-v5,seo_weighted_page_quality_v5,89.4737,76.5,натяжные потолки Нижний Новгород,натяжные потолки,commercial,Нижний Новгород,47,https://nnpotolok.ru/,nnpotolok.ru,3,0,,,homepage,ok,,..\dataset-v2\artifacts\query--004e1cda6e269d38.json,3ebb5dbc55db056e3440e577f8b2c6423deb4b24,221143,76.5,9600,60000,1600,873,0.415121,5.8374,90,21.4592,36,1,9,12,18,1,70,1,148,0,0,0,34,2,2,0.5,0.5,2,0.5,12,0.016167,1,80,24,40,24,3,54,18,36.8947,71.802187,28,60,11.412268,0.115262,0.387183,1,1,13.927152,1.035088,0.387183,0.193591,0.193591,0.25,0.387183,0.7,0.727273,0.97931,0.538913,0.160728,0.387183,200,1,0,0,1,1,1,0,0,0,1,1,1,0,0,0,0,0,1,1,1,1,1,1,2,1,1,1,1,1,1,0,1,0,1,0,1,1,10,1,1,1,1,1,8,7,0.888889,0.777778,0.888889,1,0.675181,5,4,0,7,1,0,1,1,0.85,1,0.91,1,0.547143,0.115262,0.452857,144.7871,1469,27,6,62,4312.8775,0.433824,0.487868,0,0,0,0,0,0,0,0,0,0,0.696338,0.78178,0.5666,0.658626,0.604713,v5-shortcut-control-v1
dataset-v5,v3,extraction-v2,ranking-aware-v5,seo_weighted_page_quality_v5,84.2105,64.5,натяжные потолки Нижний Новгород,натяжные потолки,commercial,Нижний Новгород,47,https://potolki-d.ru/,potolki-d.ru,4,0,,,homepage,ok,,..\dataset-v2\artifacts\query--27eac320466b1a0f.json,20ddcd02197a5eb6bc110be6aa58aa3d2261d566,263968,64.5,9600,60000,1600,958,0.383968,5.6721,90,17.5704,36,2,3,1,6,1,50,1,271,0,1,4,92,2,2,0.5,0.5,6,1,25,0.036874,1,80,24,40,24,15,49,3.266667,58.0233,80,28,60,11.222445,0.105912,0.284664,1,1,8.879004,0.139535,0.284664,0.142332,0.284664,0.5,0.284664,0.825,0.909091,0.131034,0.770875,0.109302,0.284664,200,1,0,0,0,0,0,0,0,0,1,0,1,0,0,0,0,0,1,1,0.5,0.75,0.85,1,2,1,1,1,1,1,1,1,1,0,1,0,1,1,36,0,1,1,1,0.8,9,7,1,0.777778,0.859259,1,0.333661,0,0,0,0,0,0,0,0,0,0,0.36,1,0.47,0.105912,0.53,172.9883,2080,21,11,84,5242.1508,0.376195,0.444646,0,0,0,0,0,0,0,0,0,0,0.662191,0.740417,0.518081,0.608076,0.547907,v5-shortcut-control-v1
dataset-v5,v3,extraction-v2,ranking-aware-v5,seo_weighted_page_quality_v5,78.9474,61.3,натяжные потолки Нижний Новгород,натяжные потолки,commercial,Нижний Новгород,47,https://potolki-nng.ru/,potolki-nng.ru,5,0,,,homepage,ok,,..\dataset-v2\artifacts\query--684e743b92b21258.json,b5a14c9963dea5b7bcd3419ff88f8c0aea55e89e,153529,61.3,9600,60000,1600,645,0.391621,5.4821,90,12.7674,17,1,2,0,3,1,47,1,187,0,0,0,73,2,2,0.5,0.25,4,0.5,16,0.044323,1,80,24,40,11,5,24,4.8,96.8824,80,28,60,6.67881,0.115568,0.273882,1,1,10.358491,0.176471,0.273882,0.136941,0.136941,0.25,0.273882,0.7,0.854545,0.710345,0.522566,0.098141,0.273882,200,1,0,0,0,0,0,0,0,0,1,1,0,0,0,0,0,0,1,1,0.5,0.75,0.85,1,2,1,1,0,1,1,0,0,1,1,1,0,0,1,12,0,1,1,1,0.6,5,7,0.555556,0.777778,0.644444,1,0.517969,0,0,0,0,0,0,0,0,0,1,0.91,1,0.418571,0.115568,0.581429,104.29,1401,17,1,93,10703.6195,0.557262,0.580446,0,0,0,0,0,0,0,0,0,0,0.54275,0.588438,0.396437,0.532837,0.516726,v5-shortcut-control-v1
dataset-v5,v3,extraction-v2,ranking-aware-v5,seo_weighted_page_quality_v5,73.6842,75.4,натяжные потолки Нижний Новгород,натяжные потолки,commercial,Нижний Новгород,47,https://tandempotolki.ru/,tandempotolki.ru,6,0,,,homepage,ok,,..\dataset-v2\artifacts\query--241b53a11c832fe3.json,00e59a5d08d89ff10e10065d8bdbb663cb2ee01a,563887,75.4,9600,60000,1600,987,0.456733,5.6946,90,12.8631,9,1,9,12,18,1,83,1,265,0,0,0,39,2,2,0.5,0.5,15,0.5,9,0.018047,1,80,24,40,7,6,76,12.666667,180,80,28,35.631652,3.239241,0.034389,0.41921,1,1,12.491329,4.333333,0.41921,0.209605,0.209605,0.25,0.41921,0.7,0.490909,0.172414,0.601573,0.191467,0.41921,200,1,0,0,1,1,0,0,0,0,1,1,1,0,0,0,0,0,1,1,1,1,1,1,3,1,1,1,1,1,1,1,1,1,1,0,1,1,14,1,1,1,1,1,9,8,1,0.888889,0.962963,1,0.589159,1,4,0,6,1,0,0,0,0.75,1,0.91,1,0.65669,0.034389,0.34331,448.1074,2796,20,37,95,7296.99,0.254433,0.353325,0,0,0,0,0,0,0,0,0,0,0.727988,0.802327,0.5845,0.679555,0.617924,v5-shortcut-control-v1
dataset-v5,v3,extraction-v2,ranking-aware-v5,seo_weighted_page_quality_v5,68.4211,69.9,натяжные потолки Нижний Новгород,натяжные потолки,commercial,Нижний Новгород,47,https://nebosvod-nn.ru/,nebosvod-nn.ru,7,0,,,homepage,ok,,..\dataset-v2\artifacts\query--0a439231067f7627.json,26e53fa4e9ceb59f1db5321867db0ab9f7575a24,170559,69.9,9600,60000,1600,1065,0.387555,5.6463,90,12.2679,36,1,0,8,9,1,55,1,200,0,0,0,34,2,2,0.5,0.5,3,0.5,10,0.012373,0.75,80,21,40,0,2,15,7.5,41.0149,44.759825,7.641921,36.026201,0,0.199957,0.38521,1,1,22.341463,0.134328,0.288907,0.192605,0.192605,0.25,0.38521,0.6625,1,0.62069,0.309316,0.14929,0.38521,200,1,0,0,1,1,0,0,0,0,1,1,1,0,0,0,0,0,1,1,1,1,1,1,2,0,1,1,1,1,0,1,1,1,1,0,1,1,6,0,1,0,1,0.6,8,6,0.888889,0.666667,0.718519,1,0.590624,2,2,0,2,1,0,0,0,0.425,1,0.95275,1,0.534286,0.199957,0.465714,107.8926,1120,26,19,21,10769.1719,0.475375,0.519031,0,0,0,0,0,0,0,0,0,0,0.618911,0.701811,0.527643,0.609401,0.563111,v5-shortcut-control-v1
dataset-v5,v3,extraction-v2,ranking-aware-v5,seo_weighted_page_quality_v5,63.1579,71.2,натяжные потолки Нижний Новгород,натяжные потолки,commercial,Нижний Новгород,47,https://uslugi.yandex.ru/47-nizhny-novgorod/category?text=натяжные+потолки,uslugi.yandex.ru,8,0,,,category,ok,,..\dataset-v2\artifacts\query--d0c05f3321c06825.json,6792e837b88414ae3a3dcf6c59c1ff8b3f24e95d,2076504,71.2,9600,60000,1396,564,0.404011,5.8403,90,13.2952,1,0,0,6,6,1,125,1,145,0,0,0,45,2,2,0.5,0.5,0,0,8,0.032235,1,80,17,6,0,0,2,0,180,80,12.17765,4.297994,0,0.005835,0.431954,1,0.75,2.2336,6,0.431954,0.215977,0,0,0.402005,0.575,0,1,0.925501,0.135346,0.323966,200,1,0,0,1,1,0,0,0,0,1,1,1,0,0,2,1,1,1,0.7,1,1,0.94,1,3,1,1,1,1,1,1,1,1,1,1,1,1,1,2,1,1,1,1,1,9,9,1,1,1,1,0.36432,1,1,0,1,0,0,0,1,0.2375,1,0.96175,1,0.974471,0.005835,0.025529,1849.4736,3035,61,26,17,12013.2786,0.093333,0.2325,0,0,0,0,0,0,0,0,0,0,0.688465,0.773175,0.556549,0.630127,0.572583,v5-shortcut-control-v1
dataset-v5,v3,extraction-v2,ranking-aware-v5,seo_weighted_page_quality_v5,57.8947,17.6,натяжные потолки Нижний Новгород,натяжные потолки,commercial,Нижний Новгород,47,https://2gis.ru/n_novgorod/search/Продажа / монтаж потолков/rubricId/584,2gis.ru,9,0,,,content,ok,,..\dataset-v2\artifacts\query--699be018223d2a0c.json,3d19d62d9fe9440b1365e8952f879f9166d296cd,3179,17.6,187,1429,38,36,0.947368,3.7105,5,7.6,6,1,0,0,1,0,0,0,0,0,0,0,0,0,0,0,0,0,0,0,0,0,1,0,0,0,0,0,0,6.3333,26.315789,0,0,0,0.130861,0,0,0,38,0.166667,0,0,0,0,0,0,0,0,0,0,0,403,0,0,0,0,0,0,0,0,0,0,0,0,0,0,6,0,0,1,0.4,0,0.75,0.43,1,1,1,0,0,0,0,0,0,0,0,0,0,0,0,0,0,0,0,0,0.4,1,1,0.111111,0.111111,0.207407,1,0.484563,0,0,0,0,0,0,0,0,0,0,0.225972,1,0.212857,0.130861,0.787143,1.3955,15,1,0,0,2366.4509,0.99221,0.925136,0,0,0,0,0,0,0,0,0,0,0.08815,0.158092,0.041207,0.130728,0.110111,v5-shortcut-control-v1
dataset-v5,v3,extraction-v2,ranking-aware-v5,seo_weighted_page_quality_v5,52.6316,71.0,натяжные потолки Нижний Новгород,натяжные потолки,commercial,Нижний Новгород,47,https://atlantispotolki.ru/,atlantispotolki.ru,10,0,,,homepage,ok,,..\dataset-v2\artifacts\query--4028604f7ee45921.json,104ced364a898317d214ce40865784a5f6358870,305261,71.0,6293,60000,905,484,0.534807,5.7624,71,12.7465,36,1,8,1,10,1,70,1,216,0,0,0,27,2,0,0.5,0,4,0.5,15,0.029834,0.75,80,24,40,19,3,31,10.333333,15.0833,80,28,60,20.994475,0.024584,0.411818,1,1,7.357724,0.166667,0.308864,0.205909,0.205909,0.25,0.248464,0.6625,0.727273,0.510345,0.745856,0.110733,0.411818,200,1,0,0,1,1,1,0,0,0,1,1,1,0,0,0,0,0,1,1,1,1,1,1,7,1,1,1,1,1,1,1,0,1,1,1,0,1,3,1,1,1,1,1,8,8,0.888889,0.888889,0.925926,1,0.508708,1,4,0,4,0,0,0,1,0.65,1,0.91,1,0.892447,0.024584,0.107553,256.249,1367,40,37,89,11237.0745,0.273038,0.367279,0,0,0,0,0,0,0,0,0,0,0.667841,0.762998,0.451205,0.637899,0.573256,v5-shortcut-control-v1
dataset-v5,v3,extraction-v2,ranking-aware-v5,seo_weighted_page_quality_v5,100.0,78.4,натяжные потолки цена Москва,натяжные потолки,commercial,Москва,213,https://www.potolkoff.ru/price/,potolkoff.ru,1,0,,,content,ok,,..\dataset-v2\artifacts\query--9727271664c7fafe.json,5d8094337b569cecfda770824ea76e1a56412a0a,618622,78.4,9600,60000,1600,887,0.300984,5.4231,90,14.8838,31,1,9,0,10,1,107,1,184,0,0,0,77,3,2,0.75,0.5,4,0.5,6,0.026128,1,80,24,40,3,9,91,10.111111,95.0645,80,10.8585,60,1.017984,0.041615,0.69746,1,1,7.016667,0.322581,0.69746,0.523095,0.34873,0.375,0.69746,0.7875,0.054545,0.731034,0.870942,0.209924,0.69746,200,1,0,0,1,1,1,0,0,0,1,1,1,0,0,1,0,0,1,0.9,1,1,0.98,1,5,1,1,1,1,1,0,1,1,1,1,1,0,1,20,1,1,1,1,1,7,9,0.777778,1,0.925926,1,0.570685,16,4,0,6,1,0,0,1,0.85,1,0.928,1,0.817934,0.041615,0.182066,474.9453,2699,46,15,32,13245.232,0.213564,0.322673,0,1,0,0,0.05,1,0.45,0.5,0,0,0.801965,0.857376,0.662952,0.775299,0.857376,v5-shortcut-control-v1
dataset-v5,v3,extraction-v2,ranking-aware-v5,seo_weighted_page_quality_v5,94.7368,75.4,натяжные потолки цена Москва,натяжные потолки,commercial,Москва,213,https://100potolkov.ru/tseny/,100potolkov.ru,2,0,,,content,ok,,..\dataset-v2\artifacts\query--74f5b80e5cb8b295.json,ba9ea8716f4727b97cb1abeb4484d8e0d7945fb7,223524,75.4,9600,60000,1600,836,0.348333,5.3404,90,15.5844,36,1,6,8,15,1,63,1,139,0,0,0,28,2,0,0.5,0,4,0.5,3,0.011667,1,80,24,40,5,2,27,13.5,48.9796,80,17.5,60,2.083333,0.130306,0.707745,0.75,1,5.607477,0.306122,0.707745,0.353872,0.353872,0.25,0.707745,0.6375,0.854545,0.958621,0.388889,0.246531,0.707745,200,1,0,0,1,1,1,0,0,0,1,1,1,0,0,1,0,0,1,0.9,1,1,0.98,1,2,1,1,1,1,1,0,1,1,1,1,0,1,1,1,0,1,1,1,0.8,8,8,0.888889,0.888889,0.859259,1,0.465307,0,0,0,0,0,0,0,0,0,1,0.91,1,0.521429,0.130306,0.478571,129.627,2192,25,7,42,3751.9388,0.413541,0.472656,0,1,0,0,0.05,1,0.45,0.5,0,0,0.785667,0.829421,0.711871,0.748693,0.829421,v5-shortcut-control-v1
dataset-v5,v3,extraction-v2,ranking-aware-v5,seo_weighted_page_quality_v5,89.4737,74.9,натяжные потолки цена Москва,натяжные потолки,commercial,Москва,213,https://potolki-nova.ru/,potolki-nova.ru,3,0,,,homepage,ok,,..\dataset-v2\artifacts\query--39ce679edd1f260c.json,57b887b69fc47164e5a8105daa14beab467a7df0,505200,74.9,9600,60000,1600,1181,0.34807,5.634,90,26.1,25,1,4,3,8,1,49,1,256,0,0,0,120,2,3,0.5,0.75,9,0.75,12,0.035367,1,80,24,40,24,8,27,3.375,135.72,80,28,60,36.54583,0.073032,0.669107,1,1,5.343307,0.32,0.669107,0.334554,0.50183,0.375,0.669107,0.7625,0.890909,0.234483,0.821102,0.232896,0.669107,200,1,0,0,0,0,0,0,0,0,1,1,0,0,0,0,0,0,1,1,0.5,0.75,0.85,1,10,1,1,1,1,1,1,1,1,1,1,0,1,1,23,1,1,1,1,1,9,8,1,0.888889,0.962963,1,0.551713,3,3,0,3,1,0,0,1,0.6625,1,0.91,1,0.680485,0.073032,0.319515,330.7051,3220,40,27,272,5730.2505,0.203114,0.314835,0,1,0,0,0.05,1,0.45,0.5,0,0,0.817156,0.861506,0.698632,0.747138,0.861506,v5-shortcut-control-v1
dataset-v5,v3,extraction-v2,ranking-aware-v5,seo_weighted_page_quality_v5,84.2105,69.6,натяжные потолки цена Москва,натяжные потолки,commercial,Москва,213,https://моипотолки.рф/msk,моипотолки.рф,4,0,,,content,ok,,..\dataset-v2\artifacts\query--9037aefce83c9b87.json,20f69ecea575654eb64065da8a479334f154a1d0,801668,69.6,9600,60000,1600,1200,0.367233,5.6478,90,8.995,36,1,10,12,18,1,89,1,139,0,0,0,73,2,2,0.5,0.5,13,0.75,9,0.02034,1,80,24,12,19,0,69,0,8.9279,25.355252,28,3.34355,5.293954,0.03698,0.745295,1,0.75,39.43956,0.131841,0.745295,0.372648,0.558971,0.375,0.745295,0.7625,0.381818,0.958621,0.677998,0.273697,0.558971,200,1,0,0,1,0,0,0,0,0,1,1,1,0,0,1,0,0,1,0.9,1,0,0.78,1,5,0,1,1,1,1,0,1,1,1,1,0,0,1,12,1,1,1,1,0.8,7,7,0.777778,0.777778,0.785185,1,0.411098,1,1,0,1,1,0,0,0,0.2875,1,0.91,1,0.838212,0.03698,0.161788,690.0234,5603,272,9,222,10916.6014,0.16347,0.285103,0,1,0,0,0.05,1,0.45,0.5,0,0,0.753486,0.806583,0.672133,0.714436,0.806583,v5-shortcut-control-v1
dataset-v5,v3,extraction-v2,ranking-aware-v5,seo_weighted_page_quality_v5,78.9474,80.7,натяжные потолки цена Москва,натяжные потолки,commercial,Москва,213,https://potolok.net/ceny,potolok.net,5,0,,,content,ok,,..\dataset-v2\artifacts\query--035223455f65cfb3.json,e652672dea677c141d09a640c29fdcab921672e6,251593,80.7,9600,60000,1600,1018,0.36844,5.1086,90,8.3727,36,1,3,8,12,1,76,1,185,0,0,0,64,3,0,0.75,0,6,0.75,14,0.023163,1,80,14,40,2,7,43,6.142857,30.3626,80,5.066956,60,0.723851,0.11976,0.759143,1,1,10.545802,0.131868,0.759143,0.569357,0.569357,0.5625,0.759143,0.85,0.618182,0.724138,0.772108,0.279699,0.759143,200,1,0,0,1,1,1,0,0,0,1,1,1,0,0,1,0,0,1,0.9,1,1,0.98,1,12,1,1,1,1,1,0,1,1,1,1,1,1,1,1,1,1,1,1,1,8,9,0.888889,1,0.962963,1,0.658608,3,4,0,4,1,0,0,1,0.8,1,0.9685,1,0.585714,0.11976,0.414286,158.3008,2116,30,23,14,10457.1248,0.385528,0.451646,0,1,0,0,0.05,1,0.45,0.5,0,0,0.856299,0.895395,0.770594,0.829539,0.895395,v5-shortcut-control-v1
dataset-v5,v3,extraction-v2,ranking-aware-v5,seo_weighted_page_quality_v5,73.6842,72.4,натяжные потолки цена Москва,натяжные потолки,commercial,Москва,213,https://vipceiling.ru/moscow/price/,vipceiling.ru,6,0,,,content,ok,,..\dataset-v2\artifacts\query--6487e19cf241bec6.json,71ea23a4702c29acc3108752ce5a72a51be754f8,402607,72.4,9508,60000,1570,457,0.291083,4.9484,81,19.3827,36,1,7,12,18,1,39,1,66,0,0,0,60,2,2,0.5,0.5,14,0.75,6,0.038217,1,80,24,40,0,1,5,5,18.9157,80,25.477707,60,0,0.028438,0.528544,1,1,6.796537,0.385542,0.528544,0.264272,0.396408,0.375,0.528544,0.7625,0.709091,0.455172,0.726115,0.134191,0.528544,200,1,0,0,1,1,0,0,0,0,1,1,1,0,0,2,0,0,1,0.8,1,1,0.96,1,11,0,1,1,1,1,0,1,1,1,1,0,0,1,1,1,1,1,1,0.8,7,7,0.777778,0.777778,0.785185,1,0.511397,5,4,0,2,1,0,0,0,0.6,1,0.91,1,0.875586,0.028438,0.124414,337.9443,1703,42,5,40,5270.4702,0.331562,0.411172,0,1,0,0,0.05,1,0.45,0.5,0,0,0.714047,0.781711,0.572433,0.693233,0.781711,v5-shortcut-control-v1
dataset-v5,v3,extraction-v2,ranking-aware-v5,seo_weighted_page_quality_v5,68.4211,74.6,натяжные потолки цена Москва,натяжные потолки,commercial,Москва,213,https://www.potolkini.ru/ceny-na-natyazhnye-potolki/,potolkini.ru,7,0,,,content,ok,,..\dataset-v2\artifacts\query--df978746e5b7cf54.json,988521927fc55e9c8b5e8c2b7a899cd8dd45681a,373014,74.6,9600,60000,1600,961,0.459809,6.0144,90,18.4956,5,1,6,0,7,1,80,1,229,0,0,0,65,2,2,0.5,0.5,5,0.5,11,0.0311,1,80,24,40,21,8,30,3.75,180,80,28,60,10.047847,0.073036,0.644124,1,1,2.898752,1.4,0.644124,0.322062,0.322062,0.25,0.644124,0.7,0.545455,0.42069,0.963317,0.296174,0.644124,200,1,0,0,1,1,0,0,0,0,1,1,1,0,0,1,0,0,1,0.9,1,1,0.98,1,1,1,1,1,1,1,0,1,1,1,1,0,1,1,30,0,1,1,1,0.8,8,8,0.888889,0.888889,0.859259,1,0.535426,0,0,0,0,0,0,0,0,0,1,0.91,1,0.320465,0.073036,0.679535,212.7129,2398,7,3,68,5093.8464,0.519557,0.552168,0,1,0,0,0.05,1,0.45,0.5,0,0,0.76815,0.817186,0.695221,0.731357,0.817186,v5-shortcut-control-v1
dataset-v5,v3,extraction-v2,ranking-aware-v5,seo_weighted_page_quality_v5,63.1579,70.8,натяжные потолки цена Москва,натяжные потолки,commercial,Москва,213,https://masterpotolkov.com/,masterpotolkov.com,8,0,,,homepage,ok,,..\dataset-v2\artifacts\query--27b17c0ae63b51b7.json,4748046ba2998dff267e6973285f73c85c364939,338125,70.8,9600,60000,1600,816,0.457912,6.0269,90,19.8,9,1,8,5,14,1,76,1,246,0,0,0,20,2,2,0.5,0.5,4,0.75,7,0.011223,1,80,24,40,10,6,80,13.333333,180,80,28,60,5.611672,0.057223,0.591538,1,1,6.144828,1.555556,0.591538,0.295769,0.443654,0.375,0.591538,0.7625,0.618182,0.303448,0.374111,0.268164,0.591538,200,1,0,0,0,0,1,0,0,0,1,1,1,0,0,0,0,0,1,1,1,0.75,0.95,1,3,1,1,0,1,1,1,1,1,1,1,0,1,1,6,1,1,1,1,0.8,8,7,0.888889,0.777778,0.822222,1,0.388265,0,0,0,0,0,0,0,0,0,1,0.91,1,0.749648,0.057223,0.250352,232.3047,1868,53,8,131,10137.4389,0.306942,0.392706,0,1,0,0,0.05,1,0.45,0.5,0,0,0.756609,0.749685,0.676111,0.723672,0.749685,v5-shortcut-control-v1
dataset-v5,v3,extraction-v2,ranking-aware-v5,seo_weighted_page_quality_v5,57.8947,83.7,натяжные потолки цена Москва,натяжные потолки,commercial,Москва,213,https://natpotolok.ru/,natpotolok.ru,9,0,,,homepage,ok,,..\dataset-v2\artifacts\query--68494e2841974e7a.json,894cb6a952f4a1ee7668e1b1fc734bbe3fb04c82,143590,83.7,9600,60000,1363,663,0.486427,6.0389,90,10.4046,26,1,8,12,18,1,42,1,247,0,0,0,89,4,0,1,0,22,0.75,18,0.065297,1,80,24,40,10,1,5,5,52.4231,80,28,35.216434,7.336757,0.121736,0.779055,1,1,11.081301,1.461538,0.779055,0.779055,0.584291,0.75,0.707901,0.9375,0.763636,0.296552,0,0.286952,0.779055,200,1,0,0,1,1,0,0,0,0,1,1,1,0,0,0,0,0,1,1,1,1,1,1,4,1,1,1,1,1,0,1,1,0,1,0,0,1,10,1,1,1,1,1,7,7,0.777778,0.777778,0.851852,1,0.779737,5,4,0,5,1,1,0,0,0.9,1,0.91,1,0.328571,0.121736,0.671429,92.1426,855,10,4,50,23861.06,0.633362,0.637521,0,1,0,0,0.05,1,0.45,0.5,0,0,0.860706,0.902438,0.727504,0.860328,0.902438,v5-shortcut-control-v1
dataset-v5,v3,extraction-v2,ranking-aware-v5,seo_weighted_page_quality_v5,52.6316,78.0,натяжные потолки цена Москва,натяжные потолки,commercial,Москва,213,https://uslugi.yandex.ru/213-moscow/category?text=натяжные+потолки,uslugi.yandex.ru,10,0,,,category,ok,,..\dataset-v2\artifacts\query--59fd5b38f242a0ee.json,b64e43f67bf3f377792352de7abe04782fa436c9,2574397,78.0,9600,60000,1600,915,0.433239,5.8793,90,14.5655,1,0,0,9,9,1,115,1,135,0,0,0,54,2,2,0.5,0.5,0,0,12,0.025568,1,80,23,7,0,0,2,0,180,80,10.890152,3.314394,0,0.00744,0.70139,1,0.75,2.048497,9,0.70139,0.350695,0,0,0.70139,0.575,0,0.931034,0.852273,0.303869,0.526042,200,1,0,0,1,1,0,0,0,0,1,1,1,0,0,2,1,1,1,0.7,1,1,0.94,1,3,1,1,1,1,1,1,1,1,1,1,1,1,1,2,1,1,1,1,1,9,9,1,1,1,1,0.465199,3,3,0,3,0,1,1,1,0.6625,1,0.94825,1,0.967452,0.00744,0.032548,2309.4219,4322,65,26,23,10820.121,0.073333,0.2175,0,1,0,0,0.05,1,0.45,0.5,0,0,0.778389,0.834303,0.696485,0.707926,0.834303,v5-shortcut-control-v1
dataset-v5,v3,extraction-v2,ranking-aware-v5,seo_weighted_page_quality_v5,100.0,78.7,натяжные потолки цена Санкт-Петербург,натяжные потолки,commercial,Санкт-Петербург,2,https://evita-potolki.ru/,evita-potolki.ru,1,0,,,homepage,ok,,..\dataset-v2\artifacts\query--b072cf01daece253.json,70e612c360618d44b49300bd0d1a2dddf87a72d7,1103956,78.7,9600,60000,1600,1200,0.374816,5.9646,90,13.4563,36,1,10,12,18,1,60,1,147,0,0,0,117,2,1,0.4,0.2,37,0.6,32,0.034503,1,80,24,40,24,4,24,6,58.4655,76.673548,27.13064,45.70923,10.616337,0.025224,0.425248,1,1,13.042308,1.310345,0.425248,0.170099,0.255149,0.24,0.425248,0.69,0.909091,0.986207,0.849897,0.15939,0.425248,200,1,0,0,1,1,1,0,0,0,1,1,1,0,0,0,0,0,1,1,1,1,1,1,3,1,1,1,1,1,0,1,1,1,1,0,1,1,7,1,1,1,1,1,8,8,0.888889,0.888889,0.925926,1,0.483376,1,4,0,4,1,0,0,0,0.7,1,0.91,1,0.863929,0.025224,0.136071,971.96,3237,33,89,92,2831.1488,0.026675,0.187431,0,1,0,0,0,1,0.4,0.4,0,0,0.708965,0.790425,0.582112,0.669959,0.790425,v5-shortcut-control-v1
dataset-v5,v3,extraction-v2,ranking-aware-v5,seo_weighted_page_quality_v5,94.7368,66.1,натяжные потолки цена Санкт-Петербург,натяжные потолки,commercial,Санкт-Петербург,2,https://master-plus.spb.ru/natyazhnye-potolki/,master-plus.spb.ru,2,0,,,content,ok,,..\dataset-v2\artifacts\query--79a559a5ccb25aca.json,f85d8eedd1bc2fdb0e7a1b4c3bf2b345d029870a,285359,66.1,9600,60000,1600,584,0.28023,5.6881,90,15.7879,36,1,3,7,11,1,40,1,204,0,0,0,108,3,4,0.6,0.8,19,0.6,35,0.051823,1,80,24,29,9,4,42,10.5,4.2444,46.065259,28,13.915547,4.318618,0.068506,0.441932,1,1,21.708333,0.022403,0.441932,0.265159,0.265159,0.36,0.441932,0.76,0.727273,0.593103,0.272553,0.123843,0.441932,200,1,0,0,0,0,0,0,0,0,1,1,1,0,0,1,0,0,1,0.9,1,0.75,0.93,1,7,1,1,1,1,1,0,1,1,1,1,0,1,1,5,0,1,1,1,0.8,8,8,0.888889,0.888889,0.859259,1,0.49996,0,0,0,0,0,0,0,0,0,1,0.91,1,0.404573,0.068506,0.595427,218.0449,2548,12,8,164,4561.1117,0.442548,0.494411,0,1,0,0,0,1,0.4,0.4,0,0,0.698861,0.768843,0.589077,0.663133,0.768843,v5-shortcut-control-v1
dataset-v5,v3,extraction-v2,ranking-aware-v5,seo_weighted_page_quality_v5,89.4737,73.2,натяжные потолки цена Санкт-Петербург,натяжные потолки,commercial,Санкт-Петербург,2,https://potolok-peter.ru/,potolok-peter.ru,3,0,,,homepage,ok,,..\dataset-v2\artifacts\query--47b6524f41c8fc10.json,b8936a65e71f2395ac1dccf92e0cd46af8d7b9c4,659746,73.2,9600,60000,1431,527,0.368274,5.7247,61,23.459,36,1,10,8,18,1,55,1,176,0,0,0,79,3,4,0.4,0.6,3,0.4,30,0.055206,0.6,80,24,40,4,3,118,39.333333,15.2234,80,28,60,2.795248,0.018566,0.396405,1,1,4.850847,0.223404,0.237843,0.158562,0.158562,0.16,0.37817,0.58,1,0.786207,0.095877,0.116059,0.396405,200,1,0,0,1,1,1,0,0,0,1,1,1,0,0,0,0,0,1,1,1,1,1,1,3,1,1,1,1,1,0,1,1,1,1,1,1,1,8,0,1,1,1,0.8,8,9,0.888889,1,0.896296,1,0.565582,3,4,0,6,1,1,0,1,1,1,0.91,1,0.918773,0.018566,0.081227,529.749,2469,122,88,79,33330.2488,0.1448,0.2711,0,1,0,0,0,1,0.4,0.4,0,0,0.612378,0.710829,0.495465,0.593472,0.710829,v5-shortcut-control-v1
dataset-v5,v3,extraction-v2,ranking-aware-v5,seo_weighted_page_quality_v5,84.2105,67.5,натяжные потолки цена Санкт-Петербург,натяжные потолки,commercial,Санкт-Петербург,2,https://okna-leningrad.ru/potolki/,okna-leningrad.ru,4,0,,,content,ok,,..\dataset-v2\artifacts\query--5a0b342f3bd7a73d.json,9b3d46f8c19818ca471e6281819d529043c38a38,923465,67.5,9600,60000,1564,781,0.499361,5.6675,76,20.5789,33,1,10,3,14,1,148,1,164,0,0,0,89,3,3,0.6,0.4,15,0.6,29,0.056905,1,80,24,40,3,5,40,8,47.3939,80,28,43.478261,1.918159,0.012766,0.402435,1,1,7.342723,0.424242,0.402435,0.241461,0.241461,0.36,0.402435,0.76,0,0.868966,0.103154,0.174612,0.402435,200,1,0,0,1,1,1,0,0,0,1,1,0,0,0,1,0,0,1,0.9,0.5,1,0.88,1,1,0,1,1,1,1,0,1,0,1,1,0,0,1,6,1,1,1,1,0.8,7,6,0.777778,0.666667,0.748148,1,0.416023,1,1,0,1,0,0,0,0,0.1375,1,0.91,1,0.725578,0.012766,0.274422,829.0176,1623,18,9,77,11253.9748,0.239558,0.342168,0,1,0,0,0,1,0.4,0.4,0,0,0.660102,0.742028,0.51325,0.62648,0.742028,v5-shortcut-control-v1
dataset-v5,v3,extraction-v2,ranking-aware-v5,seo_weighted_page_quality_v5,73.6842,66.8,натяжные потолки цена Санкт-Петербург,натяжные потолки,commercial,Санкт-Петербург,2,https://моипотолки.рф/spb,моипотолки.рф,6,0,,,content,ok,,..\dataset-v2\artifacts\query--8d6dfd2d241fea1a.json,c0ecffd8709ece0fc8e0e5415c75d295c46329da,799645,66.8,9600,60000,1600,1200,0.366639,5.6613,90,9.1615,36,1,10,12,18,1,99,1,149,0,0,0,80,3,3,0.6,0.6,16,0.8,12,0.02239,1,80,24,12,19,0,69,0,8.9549,25.188917,28,3.358522,5.31766,0.037032,0.536097,1,0.75,39.7,0.132832,0.536097,0.321658,0.428878,0.48,0.536097,0.81,0.2,0.972414,0.746338,0.196554,0.402073,200,1,0,0,1,0,0,0,0,0,1,1,1,0,0,1,0,0,1,0.9,1,0,0.78,1,3,0,1,1,1,1,0,1,1,1,1,0,0,1,12,1,1,1,1,0.8,7,7,0.777778,0.777778,0.785185,1,0.411243,1,1,0,1,1,0,0,0,0.2875,1,0.91,1,0.837983,0.037032,0.162017,688.416,5572,268,9,217,10095.3394,0.163941,0.285456,0,1,0,0,0,1,0.4,0.4,0,0,0.686049,0.760079,0.575565,0.651678,0.760079,v5-shortcut-control-v1
dataset-v5,v3,extraction-v2,ranking-aware-v5,seo_weighted_page_quality_v5,68.4211,71.5,натяжные потолки цена Санкт-Петербург,натяжные потолки,commercial,Санкт-Петербург,2,https://tuspb.ru/,tuspb.ru,7,0,,,homepage,ok,,..\dataset-v2\artifacts\query--f7cff4f802e5fb60.json,9cbe9169cf09f33be6340968bfcebb6de5954388,392641,71.5,9600,60000,1600,1200,0.278384,6.5633,90,11.9404,36,2,10,12,18,1,94,1,265,0,0,0,58,5,4,1,0.8,21,0.8,13,0.009046,1,80,24,40,3,5,72,14.4,24.1962,29.63194,17.623206,13.724267,0.467873,0.257517,0.50984,1,1,33.747368,0.407547,0.50984,0.50984,0.407872,0.8,0.50984,0.95,0.290909,0.172414,0.301518,0.141931,0.50984,200,1,0,0,0,0,0,0,0,0,1,1,1,0,0,0,0,0,1,1,1,0.75,0.95,1,2,1,1,0,1,1,1,1,1,1,1,0,1,1,31,1,1,1,1,0.8,8,7,0.888889,0.777778,0.822222,1,0.407878,0,0,0,0,0,0,0,0,0,1,0.91,1,0.65,0.257517,0.35,232.7646,1994,63,11,113,10369.0977,0.278682,0.371511,0,1,0,0,0,1,0.4,0.4,0,0,0.753477,0.75012,0.651296,0.738052,0.75012,v5-shortcut-control-v1
dataset-v5,v3,extraction-v2,ranking-aware-v5,seo_weighted_page_quality_v5,63.1579,68.6,натяжные потолки цена Санкт-Петербург,натяжные потолки,commercial,Санкт-Петербург,2,https://potolki-sankt-peterburg.ru/,potolki-sankt-peterburg.ru,8,0,,,homepage,ok,,..\dataset-v2\artifacts\query--65b82056b9bd2ef7.json,e0c0bbdfd2faeea5e81a71ec229f440dc9b8bcfa,1246343,68.6,9600,60000,1600,744,0.422247,6.0023,90,18.5474,36,1,10,9,18,1,68,1,112,0,0,0,93,2,3,0.4,0.6,14,0.6,2,0.052781,0.6,80,21,40,0,4,28,7,32.6296,80,11.918275,60,0,0.011399,0.192506,0.4,1,6.62406,0.407407,0.115504,0.077002,0.115504,0.24,0.192506,0.48,0.763636,0.772414,0.144381,0.079569,0.192506,200,1,0,0,1,1,1,0,0,0,1,1,1,0,0,0,0,0,1,1,1,1,1,1,2,0,1,1,1,1,0,0,1,1,1,0,1,1,11,1,1,1,1,0.8,7,7,0.777778,0.777778,0.785185,1,0.535923,3,4,0,6,1,0,1,1,0.85,1,0.95275,1,0.8987,0.011399,0.1013,1094.6055,2675,31,215,21,4623.5125,0.102857,0.239643,0,1,0,0,0,1,0.4,0.4,0,0,0.520917,0.649748,0.405866,0.521622,0.649748,v5-shortcut-control-v1
dataset-v5,v3,extraction-v2,ranking-aware-v5,seo_weighted_page_quality_v5,57.8947,70.4,натяжные потолки цена Санкт-Петербург,натяжные потолки,commercial,Санкт-Петербург,2,https://spbpotolok.com/,spbpotolok.com,9,0,,,homepage,ok,,..\dataset-v2\artifacts\query--29ba87b978727a8b.json,0e62117c29c5d2271947cb29bfe2d43793b9572c,281663,70.4,9600,60000,1600,1124,0.326649,5.1427,90,11.5084,36,1,1,0,2,1,68,1,191,0,0,0,87,4,3,0.8,0.6,3,0.6,13,0.025283,1,80,24,40,24,15,49,3.266667,78.2045,47.951177,28,39.523394,15.693112,0.119929,0.490915,1,1,20.854545,0.045455,0.490915,0.392732,0.294549,0.48,0.490915,0.83,0.763636,0.682759,0.842778,0.160357,0.490915,200,1,0,0,0,0,0,0,0,0,1,1,1,0,0,0,0,0,1,1,1,0.75,0.95,1,2,1,1,1,1,1,1,0,1,1,1,0,1,1,33,0,1,1,1,0.8,8,8,0.888889,0.888889,0.859259,1,0.43316,0,0,0,0,0,0,0,0,0,1,0.91,1,0.585714,0.119929,0.414286,194.6143,2711,30,10,99,6843.5588,0.327806,0.408354,0,1,0,0,0,1,0.4,0.4,0,0,0.728641,0.791013,0.573824,0.701736,0.791013,v5-shortcut-control-v1
dataset-v5,v3,extraction-v2,ranking-aware-v5,seo_weighted_page_quality_v5,52.6316,71.1,натяжные потолки цена Санкт-Петербург,натяжные потолки,commercial,Санкт-Петербург,2,https://potolki-spb.ru/,potolki-spb.ru,10,0,,,homepage,ok,,..\dataset-v2\artifacts\query--548f1f726f5f15f2.json,b4f4156ccff38223d6d605347d2f316eaa5b1e90,415284,71.1,9600,60000,1600,535,0.327819,4.9914,90,8.8696,36,1,7,1,9,1,63,1,171,0,0,0,56,3,6,0.4,0.6,5,0.6,17,0.034314,0.8,80,24,27,24,14,223,15.928571,37.9535,80,28,16.544118,18.382353,0.031835,0.325297,1,1,7.285714,0.209302,0.260238,0.130119,0.195178,0.24,0.325297,0.66,0.854545,0.82069,0.684967,0.096685,0.325297,200,1,0,0,1,1,1,0,0,0,1,1,1,0,0,0,0,0,1,1,1,1,1,1,7,0,1,1,1,1,0,1,0,1,1,1,0,1,8,1,1,1,1,0.8,7,7,0.777778,0.777778,0.785185,1,0.553604,3,4,0,5,1,0,0,1,0.85,1,0.91,1,0.860723,0.031835,0.139277,329.3252,2290,49,42,92,10641.6213,0.203518,0.315138,0,1,0,0,0,1,0.4,0.4,0,0,0.604664,0.706708,0.44229,0.594283,0.706708,v5-shortcut-control-v1
dataset-v5,v3,extraction-v2,ranking-aware-v5,seo_weighted_page_quality_v5,100.0,69.4,натяжные потолки цена Екатеринбург,натяжные потолки,commercial,Екатеринбург,54,https://ekat.steklodom.com/ceiling/,ekat.steklodom.com,1,0,,,content,ok,,..\dataset-v2\artifacts\query--5a6389d84fea40e2.json,8492fa77a28cbf99438298f19b8ad2544d3d84a9,990557,69.4,9600,60000,1600,1053,0.297458,5.3059,90,23.7584,12,1,8,0,9,1,82,1,195,0,0,0,44,3,1,0.75,0.25,2,0.5,16,0.012429,1,80,24,40,1,5,112,22.4,180,79.378531,28,35.028249,0.282486,0.027278,0.541387,1,1,12.597865,0.75,0.541387,0.40604,0.270693,0.375,0.541387,0.7875,0.509091,0.655172,0.414313,0.16104,0.541387,200,1,0,0,0,0,0,0,0,0,1,1,1,0,0,1,0,0,1,0.9,1,0.75,0.93,1,18,0,1,1,1,1,1,1,1,1,1,1,0,1,5,1,1,1,1,0.8,8,8,0.888889,0.888889,0.859259,1,0.378629,1,1,0,1,0,1,0,0,0.2875,1,0.91,1,0.880658,0.027278,0.119342,863.9258,4513,82,34,405,13089.9263,0.046897,0.197673,0,1,0,0,0.05,1,0.45,0.5,0,0,0.739605,0.797574,0.582241,0.705275,0.797574,v5-shortcut-control-v1
dataset-v5,v3,extraction-v2,ranking-aware-v5,seo_weighted_page_quality_v5,94.7368,64.0,натяжные потолки цена Екатеринбург,натяжные потолки,commercial,Екатеринбург,54,https://markakachestva.ru/amenities/9043-luchshie-firmy-natjazhnyh-potolkov-v-ekaterinburge-rejting.html,markakachestva.ru,2,0,,,content,ok,,..\dataset-v2\artifacts\query--fd442074472ce4a1.json,fac4cef9b6bcf44197ad7b16e029a6bbf1e99453,447247,64.0,9600,60000,1600,889,0.487925,6.202,90,12.3946,36,1,5,0,6,1,62,1,211,0,0,0,11,0,0,0,0,0,0,1,0.006037,1,80,24,40,24,3,16,5.333333,49.2432,72.447859,28,46.103183,14.270033,0.035472,0.391829,0.25,1,13.80303,0.162162,0.391829,0,0,0,0.391829,0.2125,0.872727,0.544828,0.201244,0.191183,0.391829,200,1,0,0,1,1,0,0,0,0,1,1,1,0,0,2,0,0,1,0.8,1,1,0.96,1,5,0,1,1,1,1,0,0,1,1,1,1,0,1,1,1,1,1,1,0.8,6,8,0.666667,0.888889,0.785185,1,0.464789,2,2,0,2,1,0,0,0,0.425,1,0.91,1,0.844808,0.035472,0.155192,387.0029,1002,42,25,90,11085.0187,0.275287,0.368965,0,1,0,0,0.05,1,0.45,0.5,0,0,0.577629,0.684673,0.451917,0.546514,0.684673,v5-shortcut-control-v1
dataset-v5,v3,extraction-v2,ranking-aware-v5,seo_weighted_page_quality_v5,89.4737,75.7,натяжные потолки цена Екатеринбург,натяжные потолки,commercial,Екатеринбург,54,https://natyazhniepotolkiekb.ru/,natyazhniepotolkiekb.ru,3,0,,,homepage,ok,,..\dataset-v2\artifacts\query--8dd42e6639bc3fb8.json,be72873ec0707d97aff9cd47b22340fd3c868729,654159,75.7,9600,60000,1600,781,0.344812,5.8693,90,23.8421,31,1,7,12,18,1,55,1,219,0,0,0,42,3,1,0.75,0.25,6,0.75,5,0.018543,1,80,24,40,8,7,91,13,73.0645,57.836645,28,60,3.532009,0.028029,0.417782,1,1,17.290076,0.645161,0.417782,0.313337,0.313337,0.5625,0.417782,0.85,1,0.489655,0.618102,0.144056,0.417782,200,1,0,0,1,1,0,0,0,0,1,1,0,0,0,0,0,0,1,1,0.5,1,0.9,1,4,0,1,1,1,1,0,0,1,1,1,0,1,1,8,1,1,1,1,0.8,7,7,0.777778,0.777778,0.785185,1,0.454918,2,2,0,2,1,0,0,1,0.525,1,0.91,1,0.877375,0.028029,0.122625,570.9609,2652,69,172,85,4253.2143,0.132726,0.262045,0,1,0,0,0.05,1,0.45,0.5,0,0,0.679768,0.757268,0.590478,0.655968,0.757268,v5-shortcut-control-v1
dataset-v5,v3,extraction-v2,ranking-aware-v5,seo_weighted_page_quality_v5,84.2105,78.2,натяжные потолки цена Екатеринбург,натяжные потолки,commercial,Екатеринбург,54,https://luxpotolok.pro/,luxpotolok.pro,4,0,,,homepage,ok,,..\dataset-v2\artifacts\query--ec2b247505b5ad30.json,f3ee5c6099b7404d38e0d59adb570c348b85ac49,154014,78.2,9600,60000,1457,687,0.471517,5.5903,90,15.837,12,1,9,3,13,1,70,1,173,0,0,0,69,2,1,0.5,0.25,5,0.75,29,0.047358,1,80,24,40,6,4,31,7.75,121.4167,80,28,47.357584,4.118051,0.11533,0.403212,1,1,7.961749,1.083333,0.403212,0.201606,0.302409,0.375,0.391653,0.7625,0.727273,0.806897,0.421414,0.153893,0.403212,200,1,0,0,1,1,0,0,0,0,1,1,1,0,0,0,0,0,1,1,1,1,1,1,8,0,1,1,1,1,0,1,1,1,1,1,1,1,2,1,1,1,1,0.8,8,8,0.888889,0.888889,0.859259,1,0.662125,4,4,0,4,1,0,1,1,0.8,1,0.91,1,0.585714,0.11533,0.414286,94.8477,1179,30,4,68,11751.9754,0.482284,0.524213,0,1,0,0,0.05,1,0.45,0.5,0,0,0.690817,0.765081,0.579923,0.667543,0.765081,v5-shortcut-control-v1
dataset-v5,v3,extraction-v2,ranking-aware-v5,seo_weighted_page_quality_v5,78.9474,61.9,натяжные потолки цена Екатеринбург,натяжные потолки,commercial,Екатеринбург,54,https://potolki-ekburg.ru/ceny,potolki-ekburg.ru,5,0,,,content,ok,,..\dataset-v2\artifacts\query--c9fc3e5d34dcf92e.json,52786261be2429560cf233ce46b51be0006b8c2e,127422,61.9,8581,60000,1313,574,0.437167,5.3816,90,13.5361,21,1,3,0,4,1,75,1,255,0,0,0,63,2,2,0.5,0.5,4,0.5,18,0.047982,1,80,24,40,10,3,23,7.666667,62.5238,72.353389,21.325209,60,7.616146,0.112188,0.602859,1,1,13.821053,0.190476,0.602859,0.30143,0.30143,0.25,0.527703,0.7,0.636364,0.241379,0.400609,0.192245,0.602859,200,1,0,0,0,0,0,0,0,0,1,1,0,0,0,1,0,0,1,0.9,0.5,0.75,0.83,1,3,1,1,0,1,1,0,0,1,1,1,0,0,1,10,1,1,1,1,0.8,5,7,0.555556,0.777778,0.711111,1,0.492615,0,0,0,0,0,0,0,0,0,1,0.937,1,0.495714,0.112188,0.504286,84.9785,1003,23,20,28,10834.5808,0.488898,0.529173,0,1,0,0,0.05,1,0.45,0.5,0,0,0.680765,0.696943,0.554875,0.650151,0.696943,v5-shortcut-control-v1
dataset-v5,v3,extraction-v2,ranking-aware-v5,seo_weighted_page_quality_v5,73.6842,66.8,натяжные потолки цена Екатеринбург,натяжные потолки,commercial,Екатеринбург,54,https://моипотолки.рф/ekaterinburg,моипотолки.рф,6,0,,,content,ok,,..\dataset-v2\artifacts\query--d36dee72891e78aa.json,b7a98e6d734af2c0cc9bdcbf915e5c6ada205087,800150,66.8,9600,60000,1600,1200,0.367284,5.6712,90,9.1385,36,1,10,12,18,1,96,1,146,0,0,0,71,2,2,0.5,0.5,13,0.75,9,0.019921,1,80,24,12,19,0,69,0,8.9323,25.252525,28,3.367003,5.331089,0.036946,0.591562,1,0.75,39.6,0.132832,0.591562,0.295781,0.443671,0.375,0.591562,0.7625,0.254545,0.993103,0.664048,0.217271,0.443671,200,1,0,0,1,0,0,0,0,0,1,1,1,0,0,1,0,0,1,0.9,1,0,0.78,1,3,0,1,1,1,1,0,1,1,1,1,0,0,1,12,1,1,1,1,0.8,7,7,0.777778,0.777778,0.785185,1,0.411125,1,1,0,1,1,0,0,0,0.2875,1,0.91,1,0.838363,0.036946,0.161637,688.8457,5572,268,9,217,10340.6698,0.163815,0.285361,0,1,0,0,0.05,1,0.45,0.5,0,0,0.698719,0.768246,0.59599,0.659669,0.768246,v5-shortcut-control-v1
dataset-v5,v3,extraction-v2,ranking-aware-v5,seo_weighted_page_quality_v5,68.4211,66.5,натяжные потолки цена Екатеринбург,натяжные потолки,commercial,Екатеринбург,54,https://ekapotolok.ru/,ekapotolok.ru,7,0,,,homepage,ok,,..\dataset-v2\artifacts\query--b8275e4aa51dd907.json,7e1aaa19820e1e8d7ac6110a51daf6d02d4edbb9,462687,66.5,9477,60000,1431,399,0.278826,5.5451,37,38,26,1,1,6,8,1,69,1,174,0,0,0,28,2,2,0.5,0.5,2,0.5,4,0.019567,0.75,80,24,40,24,5,66,13.2,55.0385,56.603774,28,60,40,0.023354,0.364223,1,1,17.666667,0.307692,0.273167,0.182112,0.182112,0.25,0.347469,0.6625,0.745455,0.8,0.489168,0.080736,0.364223,200,1,0,0,1,1,0,0,0,0,1,1,0,0,0,0,0,0,1,1,0.5,1,0.9,1,1,1,1,1,0,1,0,0,1,1,1,0,0,1,9,1,1,1,1,1,5,8,0.555556,0.888889,0.814815,1,0.327459,0,0,0,0,0,0,0,0,0,1,0.91,1,0.897827,0.023354,0.102173,408.8574,2606,72,152,45,4007.2976,0.180218,0.297663,0,1,0,0,0.05,1,0.45,0.5,0,0,0.583617,0.706182,0.440098,0.567949,0.706182,v5-shortcut-control-v1
dataset-v5,v3,extraction-v2,ranking-aware-v5,seo_weighted_page_quality_v5,63.1579,71.6,натяжные потолки цена Екатеринбург,натяжные потолки,commercial,Екатеринбург,54,https://vipceiling.ru/ekb/price/,vipceiling.ru,8,0,,,content,ok,,..\dataset-v2\artifacts\query--d01504a6beeaabb4.json,fd9e5b719863ab85dcc43159dcdf4cf6ac20e4f7,393748,71.6,9074,60000,1497,437,0.291917,4.9766,78,19.1923,36,1,7,12,18,1,46,1,73,0,0,0,54,2,2,0.5,0.5,8,0.5,6,0.036072,1,80,24,40,0,1,5,5,20.2297,80,26.720107,60,0,0.027636,0.546869,1,1,6.804545,0.391892,0.546869,0.273435,0.273435,0.25,0.545775,0.7,0.836364,0.503448,0.797595,0.132768,0.546869,200,1,0,0,1,1,0,0,0,0,1,1,1,0,0,2,0,0,1,0.8,1,1,0.96,1,11,0,1,1,1,1,0,1,1,1,1,0,0,1,1,1,1,1,1,0.8,7,7,0.777778,0.777778,0.785185,1,0.511916,5,4,0,2,1,0,0,0,0.6,1,0.91,1,0.879094,0.027636,0.120906,331.8633,1652,42,5,40,4909.2754,0.339011,0.416758,0,1,0,0,0.05,1,0.45,0.5,0,0,0.711124,0.778601,0.570652,0.683219,0.778601,v5-shortcut-control-v1
dataset-v5,v3,extraction-v2,ranking-aware-v5,seo_weighted_page_quality_v5,57.8947,77.4,натяжные потолки цена Екатеринбург,натяжные потолки,commercial,Екатеринбург,54,https://ekb.potolochnik24.ru/,ekb.potolochnik24.ru,9,0,,,homepage,ok,,..\dataset-v2\artifacts\query--40d7a2d56af170f0.json,8e9781e51407f4c0f4825e8cf95b89e1d1089a54,511734,77.4,9600,60000,1600,842,0.33426,6.1493,90,12.7222,36,1,10,12,18,1,51,1,134,0,0,0,91,2,2,0.5,0.5,14,0.5,8,0.036125,1,80,24,40,24,6,39,6.5,22.9,65.1052,28,31.361651,19.849146,0.046662,0.478716,1,1,15.359756,0.409091,0.478716,0.239358,0.239358,0.25,0.478716,0.7,0.927273,0.924138,0.795818,0.160015,0.478716,200,1,0,0,1,1,1,0,0,0,1,1,1,0,0,0,0,0,1,1,1,1,1,1,1,1,1,1,1,1,0,1,1,1,1,1,1,1,19,1,1,1,1,1,8,9,0.888889,1,0.962963,1,0.515453,1,4,0,4,0,0,0,1,0.65,1,0.91,1,0.795852,0.046662,0.204148,408.8506,2564,62,41,72,13273.2046,0.18022,0.297665,0,1,0,0,0.05,1,0.45,0.5,0,0,0.729633,0.804777,0.607132,0.689862,0.804777,v5-shortcut-control-v1
dataset-v5,v3,extraction-v2,ranking-aware-v5,seo_weighted_page_quality_v5,52.6316,69.4,натяжные потолки цена Екатеринбург,натяжные потолки,commercial,Екатеринбург,54,https://potolokmt.ru/,potolokmt.ru,10,0,,,homepage,ok,,..\dataset-v2\artifacts\query--8856ce66a4561ef0.json,a5d6d467bb513f25d500fa037804ddb07e01e9c5,642635,69.4,9600,60000,1600,692,0.287137,5.7365,90,13.2418,36,2,0,0,2,1,67,1,123,0,0,0,121,2,0,0.5,0,6,0.75,10,0.050207,1,80,24,40,24,7,70,10,16.9718,40.248963,9.958506,60,12.863071,0.029752,0.350138,1,1,24.845361,0.014085,0.350138,0.175069,0.262603,0.375,0.350138,0.7625,0.781818,0.848276,0.326418,0.100538,0.350138,200,1,0,0,1,1,0,0,0,0,1,1,0,0,0,0,0,0,1,1,0.5,1,0.9,1,5,0,1,1,1,1,0,1,1,1,1,1,0,1,5,1,1,1,1,0.8,7,8,0.777778,0.888889,0.822222,1,0.347805,0,0,0,0,0,0,0,0,0,1,0.946,1,0.869834,0.029752,0.130166,568.6396,2374,78,159,24,6694.8143,0.203406,0.315055,0,1,0,0,0.05,1,0.45,0.5,0,0,0.642864,0.730598,0.429606,0.613488,0.730598,v5-shortcut-control-v1
dataset-v5,v3,extraction-v2,ranking-aware-v5,seo_weighted_page_quality_v5,100.0,75.6,натяжные потолки цена Новосибирск,натяжные потолки,commercial,Новосибирск,65,https://sibirpotolki.ru/,sibirpotolki.ru,1,0,,,homepage,ok,,..\dataset-v2\artifacts\query--4346f836d99de900.json,a268a44d5b78c204a71588f0fd74099eb8af93e8,117227,75.6,8480,60000,1259,556,0.44162,5.4512,76,16.5658,36,1,10,0,11,1,74,1,149,0,0,0,20,3,2,0.75,0.5,3,0.5,12,0.015886,1,80,24,40,24,5,42,8.4,19.0758,71.485306,28,33.359809,21.445592,0.110549,0.622523,1,1,13.988889,0.166667,0.622523,0.466892,0.311262,0.375,0.522504,0.7875,0.654545,0.972414,0.529521,0.19229,0.622523,200,1,0,0,1,1,0,0,0,0,1,1,0,0,0,0,0,0,1,1,0.5,1,0.9,1,3,0,1,1,1,1,0,1,1,0,1,0,1,1,2,0,1,1,1,0.6,8,6,0.888889,0.666667,0.718519,1,0.425882,0,0,0,0,0,0,0,0,0,1,0.91,1,0.65,0.110549,0.35,83.0664,1023,36,15,44,11229.0271,0.374706,0.44353,0,1,0,0,0.2,1,0.45,0.25,0,0,0.747404,0.788745,0.666278,0.717819,0.788745,v5-shortcut-control-v1
dataset-v5,v3,extraction-v2,ranking-aware-v5,seo_weighted_page_quality_v5,94.7368,76.7,натяжные потолки цена Новосибирск,натяжные потолки,commercial,Новосибирск,65,https://новосибирск.натяжные-потолки24.рф/,новосибирск.натяжные-потолки24.рф,2,0,,,homepage,ok,,..\dataset-v2\artifacts\query--57188a56ab915f36.json,b9f62e144c7056145147486be0287356448036b5,266950,76.7,9600,60000,1600,1200,0.405624,5.5208,90,10.1921,36,1,3,0,4,1,58,1,234,0,0,0,83,2,2,0.5,0.5,3,0.5,11,0.024828,1,80,24,40,24,5,26,5.2,90.3514,66.407418,28,60,8.37571,0.130981,0.581044,1,1,15.058559,0.108108,0.581044,0.290522,0.290522,0.25,0.581044,0.7,0.945455,0.386207,0.8276,0.235685,0.581044,200,1,0,0,1,1,0,0,0,0,1,1,1,0,0,0,0,0,1,1,1,1,1,1,2,0,1,1,1,1,0,1,1,1,1,0,1,1,7,0,1,1,1,0.6,8,7,0.888889,0.777778,0.755556,1,0.535899,0,0,0,0,0,0,0,0,0,1,0.91,1,0.315714,0.130981,0.684286,186.7051,1829,9,3,97,3898.8982,0.515748,0.549311,0,1,0,0,0.2,1,0.45,0.25,0,0,0.726855,0.775487,0.634954,0.704781,0.775487,v5-shortcut-control-v1
dataset-v5,v3,extraction-v2,ranking-aware-v5,seo_weighted_page_quality_v5,89.4737,76.9,натяжные потолки цена Новосибирск,натяжные потолки,commercial,Новосибирск,65,https://mirpotolkov-54.ru/,mirpotolkov-54.ru,3,0,,,homepage,ok,,..\dataset-v2\artifacts\query--ff45d5800f888512.json,8249e55bf1b07277c3c70cf6eeaa825592f86181,178769,76.9,9600,60000,1600,847,0.416421,5.236,90,15.5267,9,1,2,12,15,1,60,1,171,0,0,0,87,3,4,0.75,1,10,1,26,0.042773,1,80,24,40,0,7,96,13.714286,180,52.605703,28,32.94002,0,0.110312,0.225861,1,1,19.009346,1.666667,0.225861,0.169396,0.225861,0.75,0.225861,0.9125,0.909091,0.82069,0.574238,0.094053,0.225861,200,1,0,0,1,1,1,0,0,0,1,1,1,0,0,0,0,0,1,1,1,1,1,1,6,1,1,1,1,1,0,1,1,0,1,1,1,1,6,1,1,1,1,1,8,8,0.888889,0.888889,0.925926,1,0.426907,0,0,0,0,0,0,0,0,0,1,0.91,1,0.637143,0.110312,0.362857,129.1973,1281,34,12,90,10976.3875,0.36303,0.434773,0,1,0,0,0.2,1,0.45,0.25,0,0,0.662287,0.759503,0.511643,0.634966,0.759503,v5-shortcut-control-v1
dataset-v5,v3,extraction-v2,ranking-aware-v5,seo_weighted_page_quality_v5,84.2105,82.9,натяжные потолки цена Новосибирск,натяжные потолки,commercial,Новосибирск,65,https://alansa.ru/,alansa.ru,4,0,,,homepage,ok,,..\dataset-v2\artifacts\query--360939b8a0d2f19f.json,9478bbb2cf1277768eff569a7707546bef5bf9e8,1092832,82.9,9600,60000,1600,1200,0.366167,5.557,90,12.6644,36,1,10,1,16,1,51,1,125,0,0,0,122,4,2,1,0.5,4,0.5,53,0.032655,1,80,24,40,24,6,100,16.666667,48.5195,48.179872,25.963597,25.1606,15.256959,0.026124,0.539052,1,1,20.755556,0.207792,0.539052,0.539052,0.269526,0.5,0.539052,0.875,0.927273,0.862069,0.911492,0.197383,0.539052,200,1,0,0,1,1,1,0,0,0,1,1,1,0,0,0,0,0,1,1,1,1,1,1,9,1,1,1,1,1,1,1,1,1,1,1,1,1,2,1,1,1,1,1,9,9,1,1,1,1,0.500144,2,4,0,4,1,0,0,1,0.8,1,0.91,1,0.885708,0.026124,0.114292,961.2725,2348,72,31,97,7885.3621,0.018377,0.176283,0,1,0,0,0.2,1,0.45,0.25,0,0,0.797437,0.853044,0.664248,0.763023,0.853044,v5-shortcut-control-v1
dataset-v5,v3,extraction-v2,ranking-aware-v5,seo_weighted_page_quality_v5,78.9474,61.7,натяжные потолки цена Новосибирск,натяжные потолки,commercial,Новосибирск,65,https://potolki-novosib.ru/ceny,potolki-novosib.ru,5,0,,,content,ok,,..\dataset-v2\artifacts\query--b5870b1249f6d15c.json,a11bf23df2e48ab513f0e0232e12e1940a8de3e1,147312,61.7,9600,60000,1531,696,0.454605,5.5578,90,13.4298,13,1,3,0,4,1,84,1,237,0,0,0,81,2,2,0.5,0.5,4,0.5,31,0.052907,1,80,24,40,9,4,25,6.25,117.7692,80,20.901372,60,5.878511,0.120253,0.566155,1,1,12.150794,0.307692,0.566155,0.283077,0.283077,0.25,0.566155,0.7,0.472727,0.365517,0.236447,0.218913,0.566155,200,1,0,0,0,0,0,0,0,0,1,1,0,0,0,1,0,0,1,0.9,0.5,0.75,0.83,1,6,1,1,0,1,1,0,0,1,1,1,0,0,1,11,1,1,1,1,0.8,5,7,0.555556,0.777778,0.711111,1,0.476234,0,0,0,0,0,0,0,0,0,1,0.928,1,0.521429,0.120253,0.478571,95.1602,1123,25,20,32,10671.7389,0.447819,0.498364,0,1,0,0,0.2,1,0.45,0.25,0,0,0.667414,0.687721,0.552309,0.637625,0.687721,v5-shortcut-control-v1
dataset-v5,v3,extraction-v2,ranking-aware-v5,seo_weighted_page_quality_v5,68.4211,70.3,натяжные потолки цена Новосибирск,натяжные потолки,commercial,Новосибирск,65,https://averno.ru/,averno.ru,7,0,,,homepage,ok,,..\dataset-v2\artifacts\query--6106c329a0e26a18.json,38a75107181997020ac14f8dff26c2006036abbb,572255,70.3,9600,60000,1600,791,0.157069,4.8382,90,4.7242,36,1,0,0,1,1,51,1,132,0,0,0,78,2,3,0.5,0.75,2,0.5,38,0.015488,0.5,80,24,40,16,7,78,11.142857,88.3509,52.819698,28,60,3.177125,0.072102,0.358866,1,1,18.932331,0.017544,0.179433,0.179433,0.179433,0.25,0.358866,0.625,0.927273,0.910345,0.258141,0.056367,0.358866,200,1,0,0,1,1,1,0,0,0,1,1,1,0,0,0,0,0,1,1,1,1,1,1,7,1,1,1,1,1,0,0,1,1,1,0,0,1,1,1,1,1,1,1,6,8,0.666667,0.888889,0.851852,1,0.590919,4,4,0,6,1,0,0,1,0.85,1,0.91,1,0.684554,0.072102,0.315446,451.7803,3201,52,20,232,10006.0633,0.167642,0.288231,0,1,0,0,0.2,1,0.45,0.25,0,0,0.574101,0.701708,0.342908,0.573013,0.701708,v5-shortcut-control-v1
dataset-v5,v3,extraction-v2,ranking-aware-v5,seo_weighted_page_quality_v5,63.1579,65.5,натяжные потолки цена Новосибирск,натяжные потолки,commercial,Новосибирск,65,https://potolkisib.ru/,potolkisib.ru,8,0,,,homepage,ok,,..\dataset-v2\artifacts\query--dc65a6eeaa31d13e.json,acba28c2d6ea8dddda82908b073c98f186454e5c,128734,65.5,6326,60000,913,502,0.549836,5.7558,59,15.4746,36,1,6,1,8,1,45,1,97,0,0,0,31,2,3,0.5,0.75,4,0.5,21,0.033954,0.75,80,24,30,24,2,25,12.5,19.8478,80,28,32.858708,40,0.067851,0.652403,1,1,11.271605,0.173913,0.489302,0.326201,0.326201,0.25,0.397096,0.6625,0.818182,0.668966,0.65115,0.181948,0.652403,200,1,0,0,0,0,0,0,0,0,1,1,1,0,0,0,0,0,1,1,1,0.75,0.95,1,3,1,1,1,0,1,0,1,1,1,1,0,0,1,2,1,1,0,0,1,6,6,0.666667,0.666667,0.777778,1,0.415965,0,0,0,0,0,0,0,0,0,1,0.9145,1,0.703153,0.067851,0.296847,97.7803,972,53,18,38,28834.9293,0.386687,0.452515,0,1,0,0,0.2,1,0.45,0.25,0,0,0.704463,0.789809,0.542746,0.682361,0.789809,v5-shortcut-control-v1
dataset-v5,v3,extraction-v2,ranking-aware-v5,seo_weighted_page_quality_v5,57.8947,74.7,натяжные потолки цена Новосибирск,натяжные потолки,commercial,Новосибирск,65,https://novosibirsk-potolki.ru/,novosibirsk-potolki.ru,9,0,,,homepage,ok,,..\dataset-v2\artifacts\query--2ae6961c07a6c6bd.json,03e720787555cf0ca33006d8ee482b26d5feecd3,377960,74.7,9391,60000,1328,470,0.353916,5.9465,59,22.5085,17,1,1,9,11,1,109,1,172,0,0,0,67,3,2,0.75,0.5,2,0.5,6,0.050452,1,80,24,40,1,13,147,11.307692,78.1176,80,28,60,0.753012,0.032429,0.448743,1,1,4.742857,0.647059,0.448743,0.336557,0.224372,0.375,0.397287,0.7875,0.018182,0.813793,0.318273,0.117172,0.448743,200,1,0,0,1,1,1,0,0,0,1,1,1,0,0,0,0,0,1,1,1,1,1,1,6,1,1,1,1,1,0,1,1,1,1,0,0,1,6,1,1,1,1,1,7,8,0.777778,0.888889,0.888889,1,0.556222,1,4,0,5,1,0,0,1,0.85,1,0.91,1,0.858121,0.032429,0.141879,293.5127,2364,72,35,100,11168.2633,0.21401,0.323008,0,1,0,0,0.2,1,0.45,0.25,0,0,0.710812,0.794204,0.533568,0.688379,0.794204,v5-shortcut-control-v1
dataset-v5,v3,extraction-v2,ranking-aware-v5,seo_weighted_page_quality_v5,52.6316,65.2,натяжные потолки цена Новосибирск,натяжные потолки,commercial,Новосибирск,65,https://nsk-dekor.ru/,nsk-dekor.ru,10,0,,,homepage,ok,,..\dataset-v2\artifacts\query--c9b2eee144aa42d3.json,d7b7bf5c05e14204d38b143dfcf712634be423e5,265316,65.2,8100,60000,1122,626,0.557932,6.0365,90,12.4667,35,1,7,9,17,1,112,1,149,0,0,0,46,3,1,0.5,0.25,4,0.5,10,0.040998,1,80,19,40,1,7,58,8.285714,32.0571,78.431373,16.934046,52.58467,0.891266,0.035825,0.523098,1,1,12.75,0.485714,0.523098,0.261549,0.261549,0.25,0.391277,0.7,0,0.972414,0.633393,0.181922,0.523098,200,1,0,0,0,0,0,0,0,0,1,1,1,0,0,0,0,0,1,1,1,0.75,0.95,1,1,1,1,0,1,1,0,0,1,1,1,0,1,1,1,0,1,1,1,0.6,6,7,0.666667,0.777778,0.681481,1,0.411583,0,0,0,0,0,0,0,0,0,1,0.95725,1,0.817549,0.035825,0.182451,228.8066,650,33,17,19,22281.7296,0.45884,0.50663,0,1,0,0,0.2,1,0.45,0.25,0,0,0.661652,0.671803,0.606875,0.652632,0.671803,v5-shortcut-control-v1
dataset-v5,v3,extraction-v2,ranking-aware-v5,seo_weighted_page_quality_v5,100.0,78.2,натяжные потолки цена Казань,натяжные потолки,commercial,Казань,43,https://kazan-potolki.ru/,kazan-potolki.ru,1,0,,,homepage,ok,,..\dataset-v2\artifacts\query--43f92506e4d4492a.json,12e1879295ae06331afe12f2f9dfd0d24f60dd27,222381,78.2,9600,60000,1600,867,0.412072,5.8322,90,21.9167,36,1,9,12,18,1,60,1,138,0,0,0,36,2,2,0.5,0.5,2,0.5,11,0.01711,1,80,24,40,24,3,54,18,36.9123,71.768061,28,60,11.406844,0.114252,0.342602,1,1,13.933775,1.035088,0.342602,0.171301,0.171301,0.25,0.342602,0.7,0.909091,0.951724,0.570342,0.141177,0.342602,200,1,0,0,1,1,1,0,0,0,1,1,1,0,0,0,0,0,1,1,1,1,1,1,2,1,1,1,1,1,1,0,1,0,1,0,1,1,10,1,1,1,1,1,8,7,0.888889,0.777778,0.888889,1,0.67513,5,4,0,7,1,0,1,1,0.85,1,0.91,1,0.547143,0.114252,0.452857,145.7207,1469,27,6,62,4075.8088,0.43355,0.487662,0,1,0,0,0.05,1,0.45,0.5,0,0,0.680121,0.770579,0.544471,0.643413,0.770579,v5-shortcut-control-v1
dataset-v5,v3,extraction-v2,ranking-aware-v5,seo_weighted_page_quality_v5,94.7368,66.4,натяжные потолки цена Казань,натяжные потолки,commercial,Казань,43,https://моипотолки.рф/kazan,моипотолки.рф,2,0,,,content,ok,,..\dataset-v2\artifacts\query--e10686e96eddef17.json,432c68e4073a04f462b823997d0f99e097182bec,795526,66.4,9600,60000,1600,1200,0.367284,5.6538,90,9.1385,36,1,10,12,18,1,89,1,139,0,0,0,71,2,2,0.5,0.5,13,0.75,9,0.019921,1,80,24,12,19,0,69,0,8.9323,25.252525,28,3.367003,5.331089,0.037014,0.482942,1,0.75,39.6,0.132832,0.482942,0.241471,0.362206,0.375,0.482942,0.7625,0.381818,0.958621,0.664048,0.177377,0.362206,200,1,0,0,1,0,0,0,0,0,1,1,1,0,0,1,0,0,1,0.9,1,0,0.78,1,3,0,1,1,1,1,0,1,1,1,1,0,0,1,12,1,1,1,1,0.8,7,7,0.777778,0.777778,0.785185,1,0.411428,1,1,0,1,1,0,0,0,0.2875,1,0.91,1,0.838064,0.037014,0.161936,684.6709,5572,268,9,217,11373.0966,0.165038,0.286278,0,1,0,0,0.05,1,0.45,0.5,0,0,0.660023,0.741159,0.542188,0.620973,0.741159,v5-shortcut-control-v1
dataset-v5,v3,extraction-v2,ranking-aware-v5,seo_weighted_page_quality_v5,89.4737,72.8,натяжные потолки цена Казань,натяжные потолки,commercial,Казань,43,https://kazanpotolok.ru/,kazanpotolok.ru,3,0,,,homepage,ok,,..\dataset-v2\artifacts\query--fe2ca68b600d032d.json,60f85a0cadcb19b38356bd39868c51634f4a9d30,141300,72.8,5640,60000,808,427,0.528465,5.8267,60,13.4667,27,1,7,12,18,1,77,1,168,0,0,0,52,3,2,0.5,0.5,2,0.5,25,0.064356,1,80,24,40,1,3,35,11.666667,29.9259,80,28,60,1.237624,0.054487,0.443407,1,1,7.921569,1.074074,0.443407,0.221703,0.221703,0.25,0.238849,0.7,0.6,0.841379,0,0.105186,0.443407,200,1,0,0,1,1,0,0,0,0,1,1,1,0,0,0,0,0,1,1,1,1,1,1,6,1,1,1,1,1,0,0,1,0,1,0,0,1,4,1,1,1,1,1,6,7,0.666667,0.777778,0.814815,1,0.448956,0,0,0,0,0,0,0,0,0,1,0.937,1,0.658762,0.054487,0.341238,107.2383,962,27,15,28,10226.7291,0.47345,0.517587,0,1,0,0,0.05,1,0.45,0.5,0,0,0.676789,0.770906,0.496246,0.657813,0.770906,v5-shortcut-control-v1
dataset-v5,v3,extraction-v2,ranking-aware-v5,seo_weighted_page_quality_v5,84.2105,75.0,натяжные потолки цена Казань,натяжные потолки,commercial,Казань,43,https://potolki-real.ru/,potolki-real.ru,4,0,,,homepage,ok,,..\dataset-v2\artifacts\query--ee7264e9452fd6e1.json,316a1da1b7cddd9d83902ca562f87e36ac80accc,202948,75.0,9600,60000,1600,1145,0.446916,6.0137,90,14.8953,36,1,10,0,13,1,54,1,175,0,0,0,99,2,3,0.5,0.5,6,0.5,29,0.038642,0.75,80,24,40,7,7,36,5.142857,35.5833,66.354411,28,24.980484,2.73224,0.16456,0.451142,1,1,15.070588,0.180556,0.338357,0.225571,0.225571,0.25,0.451142,0.6625,0.981818,0.793103,0.533958,0.201623,0.451142,200,1,0,0,1,1,0,0,0,0,1,1,1,0,0,0,0,0,1,1,1,1,1,1,5,1,1,1,1,1,0,1,1,1,1,0,1,1,10,1,1,1,1,1,8,8,0.888889,0.888889,0.925926,1,0.47057,0,0,0,0,0,0,0,0,0,1,0.91,1,0.547143,0.16456,0.452857,126.625,1307,27,4,113,4201.5705,0.475895,0.519421,0,1,0,0,0.05,1,0.45,0.5,0,0,0.68104,0.772141,0.561326,0.650459,0.772141,v5-shortcut-control-v1
dataset-v5,v3,extraction-v2,ranking-aware-v5,seo_weighted_page_quality_v5,78.9474,69.5,натяжные потолки цена Казань,натяжные потолки,commercial,Казань,43,https://potolok-montazh.com/ru/kazan/prices,potolok-montazh.com,5,0,,,content,ok,,..\dataset-v2\artifacts\query--5d915624781f6fd7.json,c639dab9f9c3421d1626e00804cfdfb72a22dc7b,325921,69.5,8876,60000,1391,485,0.34867,5.1898,54,25.7593,36,1,5,12,18,1,61,1,158,0,0,0,17,3,2,0.75,0.5,5,0.25,9,0.012221,0.75,80,24,40,5,3,84,28,18.0649,80,26.599569,60,3.594536,0.033741,0.458713,1,1,9.032468,0.38961,0.344035,0.344035,0.114678,0.1875,0.42538,0.6875,0.890909,0.910345,0.305536,0.123598,0.458713,200,1,0,0,1,1,1,0,0,0,1,1,1,0,0,3,0,0,1,0.7,1,1,0.94,1,2,0,1,1,1,1,0,1,1,1,1,0,0,1,44,1,1,1,1,0.8,7,7,0.777778,0.777778,0.785185,1,0.557809,1,2,0,2,1,0,0,0,0.425,1,0.91675,1,0.556667,0.033741,0.443333,272.6875,1946,12,16,37,3882.6165,0.378206,0.446155,0,1,0,0,0.05,1,0.45,0.5,0,0,0.641741,0.731311,0.488603,0.622357,0.731311,v5-shortcut-control-v1
dataset-v5,v3,extraction-v2,ranking-aware-v5,seo_weighted_page_quality_v5,73.6842,67.0,натяжные потолки цена Казань,натяжные потолки,commercial,Казань,43,https://profi.ru/geo-kzn/remont/potolki/montazh-natyazhnyh-potolkov/price/,profi.ru,6,0,,,content,ok,,..\dataset-v2\artifacts\query--fb68331f2648bd82.json,3e61254eb1dde327fab15e3372731a2c24f24092,987570,67.0,9600,60000,1600,972,0.318793,5.7898,90,10.0296,36,1,8,12,18,1,73,1,214,0,0,0,24,1,0,0.25,0,0,0,3,0.007871,1,80,24,19,0,0,1,0,15.8802,80,23.942276,6.231551,0,0.02559,0.443259,0.75,0.75,11.772201,0.166667,0.443259,0.110815,0,0,0.443259,0.425,0.672727,0.524138,0.262381,0.141308,0.332444,200,1,0,0,1,1,0,0,0,0,1,1,1,0,0,5,0,0,1,0.5,1,1,0.9,1,2,0,1,1,1,1,0,1,1,1,1,1,1,1,20,1,1,1,1,0.8,8,8,0.888889,0.888889,0.859259,1,0.470825,1,3,0,3,0,1,0,1,0.6625,1,0.91,1,0.888045,0.02559,0.111955,858.5869,3015,52,16,73,10668.2272,0.048461,0.198846,0,1,0,0,0.05,1,0.45,0.5,0,0,0.631282,0.719284,0.545349,0.580524,0.719284,v5-shortcut-control-v1
dataset-v5,v3,extraction-v2,ranking-aware-v5,seo_weighted_page_quality_v5,68.4211,68.7,натяжные потолки цена Казань,натяжные потолки,commercial,Казань,43,https://www.potolki-servis.ru/,potolki-servis.ru,7,0,,,homepage,ok,,..\dataset-v2\artifacts\query--10926980a9af58cc.json,1e54802ad030b5b61c47ed2f88d9831580a06066,271858,68.7,9600,60000,1600,1001,0.363076,5.6075,90,21.881,10,1,2,0,3,1,51,1,232,0,0,0,79,3,2,0.75,0.5,2,0.5,5,0.028654,1,80,24,40,24,6,12,2,180,66.013783,28,60,40,0.104505,0.431924,1,1,15.148352,0.3,0.431924,0.323943,0.215962,0.375,0.431924,0.7875,0.927273,0.4,0.955144,0.156821,0.431924,200,1,0,0,0,0,0,0,0,0,1,1,0,0,0,0,0,0,1,1,0.5,0.75,0.85,1,4,1,1,1,1,1,0,1,1,0,1,0,1,1,25,1,1,1,1,1,8,7,0.888889,0.777778,0.888889,1,0.452762,0,0,0,0,0,0,0,0,0,1,0.91,1,0.495714,0.104505,0.504286,191.9111,1918,23,19,125,4799.2874,0.312347,0.39676,0,1,0,0,0.05,1,0.45,0.5,0,0,0.712162,0.789945,0.545534,0.655042,0.789945,v5-shortcut-control-v1
dataset-v5,v3,extraction-v2,ranking-aware-v5,seo_weighted_page_quality_v5,63.1579,64.6,натяжные потолки цена Казань,натяжные потолки,commercial,Казань,43,https://potolki-ts.ru/kazan,potolki-ts.ru,8,0,,,content,ok,,..\dataset-v2\artifacts\query--83083687369cb27a.json,1dbd9be7ac61971a8156978521f46cfba9c472a4,407791,64.6,9600,60000,1600,703,0.426578,6.088,84,19.619,36,1,9,8,18,1,69,1,262,0,0,0,26,2,7,0.5,0.75,5,0.5,8,0.015777,0.75,80,24,40,4,10,35,3.5,12.5802,80,28,30.339806,2.427184,0.037249,0.210709,1,1,6.290076,0.137405,0.158032,0.105355,0.105355,0.25,0.210709,0.6625,0.745455,0.193103,0.394417,0.082294,0.210709,200,1,0,0,1,1,0,0,0,0,1,1,1,0,0,1,0,0,1,0.9,1,1,0.98,1,4,1,1,1,1,1,0,1,1,1,1,0,0,1,15,1,1,1,1,1,7,8,0.777778,0.888889,0.888889,1,0.36041,0,0,0,0,0,0,0,0,0,1,0.91,1,0.837037,0.037249,0.162963,324.2139,1171,50,25,87,7551.2609,0.274904,0.368678,0,1,0,0,0.05,1,0.45,0.5,0,0,0.578694,0.70209,0.385426,0.55872,0.70209,v5-shortcut-control-v1
dataset-v5,v3,extraction-v2,ranking-aware-v5,seo_weighted_page_quality_v5,57.8947,77.8,натяжные потолки цена Казань,натяжные потолки,commercial,Казань,43,https://kazan.natpotolok.ru/,kazan.natpotolok.ru,9,0,,,homepage,ok,,..\dataset-v2\artifacts\query--a3ed6cac459088ec.json,6ecefca0e8a12d2a55b30483ee50e5cf18f39fb5,138036,77.8,8865,60000,1239,616,0.497175,5.9742,90,11.4722,23,1,7,12,18,1,42,1,242,0,0,0,78,4,0,1,0,17,0.75,19,0.062954,1,80,24,40,10,1,5,5,53.8696,80,28,38.74092,8.071025,0.111574,0.390672,1,1,10.411765,1.478261,0.390672,0.390672,0.293004,0.75,0.322695,0.9375,0.763636,0.331034,0,0.133697,0.390672,200,1,0,0,1,1,0,0,0,0,1,1,1,0,0,0,0,0,1,1,1,1,1,1,3,1,1,1,1,1,0,1,1,0,1,0,0,1,10,1,1,1,1,1,7,7,0.777778,0.777778,0.851852,1,0.782601,5,4,0,5,1,1,0,0,0.9,1,0.91,1,0.328571,0.111574,0.671429,89.5391,835,10,4,50,2684.0966,0.636347,0.648974,0,1,0,0,0.05,1,0.45,0.5,0,0,0.709237,0.794662,0.527018,0.697207,0.794662,v5-shortcut-control-v1
dataset-v5,v3,extraction-v2,ranking-aware-v5,seo_weighted_page_quality_v5,52.6316,71.1,натяжные потолки цена Казань,натяжные потолки,commercial,Казань,43,https://kazan.potolki-natyazhniye.ru/,kazan.potolki-natyazhniye.ru,10,0,,,homepage,ok,,..\dataset-v2\artifacts\query--3912f851d8634c2e.json,de6d1ec65fe86e6a1edc155bc9a42bdf3f83e095,423173,71.1,9600,60000,1600,799,0.34058,5.9808,86,27.2791,36,1,10,8,18,1,45,1,268,0,0,0,97,2,1,0.5,0.25,11,0.75,38,0.041347,1,80,24,40,0,13,131,10.076923,13.4828,80,28,60,0,0.057764,0.164056,1,1,8.378571,0.109195,0.164056,0.082028,0.123042,0.375,0.164056,0.7625,0.818182,0.151724,0.621768,0.055874,0.164056,200,1,0,0,1,1,1,0,0,0,1,1,1,0,0,0,0,0,1,1,1,1,1,1,1,1,1,1,1,1,1,1,1,1,1,0,0,1,12,1,1,1,1,1,8,8,0.888889,0.888889,0.925926,1,0.511775,2,2,0,2,1,0,0,0,0.425,1,0.91,1,0.670141,0.057764,0.329859,300.9561,2761,29,11,299,6802.3348,0.29299,0.382242,0,1,0,0,0.05,1,0.45,0.5,0,0,0.622031,0.7307,0.40186,0.59055,0.7307,v5-shortcut-control-v1
dataset-v5,v3,extraction-v2,ranking-aware-v5,seo_weighted_page_quality_v5,100.0,61.6,натяжные потолки цена Краснодар,натяжные потолки,commercial,Краснодар,35,https://potolki-93.ru/ceny,potolki-93.ru,1,0,,,content,ok,,..\dataset-v2\artifacts\query--3838301dda666d92.json,cf872de1d0fc03b7e41c79cbef8d61fb31afc603,136413,61.6,9600,60000,1499,665,0.443629,5.6224,90,13.8796,21,1,4,0,5,1,86,1,235,0,0,0,59,2,2,0.5,0.5,6,0.5,13,0.03936,1,80,24,40,9,3,20,6.666667,71.381,65.376918,18.679119,60,6.004003,0.126092,0.427958,1,1,15.295918,0.238095,0.427958,0.213979,0.213979,0.25,0.427673,0.7,0.436364,0.37931,0.688014,0.158107,0.427958,200,1,0,0,0,0,0,0,0,0,1,1,0,0,0,1,0,0,1,0.9,0.5,0.75,0.83,1,3,1,1,0,1,1,0,0,1,1,1,0,0,1,10,1,1,1,1,0.8,5,7,0.555556,0.777778,0.711111,1,0.483724,0,0,0,0,0,0,0,0,0,1,0.937,1,0.521429,0.126092,0.478571,90.4053,1004,25,20,28,10458.2167,0.475768,0.519326,0,1,0,0,0.2,1,0.45,0.25,0,0,0.617145,0.652999,0.496981,0.590466,0.652999,v5-shortcut-control-v1
dataset-v5,v3,extraction-v2,ranking-aware-v5,seo_weighted_page_quality_v5,94.7368,70.5,натяжные потолки цена Краснодар,натяжные потолки,commercial,Краснодар,35,https://o-potolki.ru/krasnodar,o-potolki.ru,2,0,,,content,ok,,..\dataset-v2\artifacts\query--cc948c6e7be8e2b4.json,637da0946fb7bde1262c185431b9c09bab0f3cde,173956,70.5,9600,60000,1573,719,0.457088,6.2842,60,26.2167,36,1,2,3,6,1,56,1,155,0,0,0,112,3,1,0.75,0.25,6,1,21,0.071202,1,80,24,40,24,0,0,0,21.8472,80,17.800381,60,19.071837,0.112941,0.500712,1,0.5,5.72,0.083333,0.500712,0.375534,0.500712,0.75,0.500712,0.9125,0.981818,0.931034,0,0.200007,0.250356,200,1,0,0,1,1,0,0,0,0,1,1,1,0,0,1,0,0,1,0.9,1,1,0.98,1,1,0,1,1,1,1,0,0,1,1,1,0,0,0,0,0,1,1,1,0.6,5,7,0.555556,0.777778,0.644444,1,0.555253,0,0,0,0,0,0,0,0,0,1,0.937,1,0.354286,0.112941,0.645714,111.7949,1201,12,4,28,4616.4514,0.634398,0.638298,0,1,0,0,0.2,1,0.45,0.25,0,0,0.622293,0.71297,0.591372,0.671397,0.71297,v5-shortcut-control-v1
dataset-v5,v3,extraction-v2,ranking-aware-v5,seo_weighted_page_quality_v5,89.4737,70.4,натяжные потолки цена Краснодар,натяжные потолки,commercial,Краснодар,35,https://vipceiling.ru/krasnodar/price/,vipceiling.ru,3,0,,,content,ok,,..\dataset-v2\artifacts\query--78b7b7e7a6db987f.json,70e243eaa0a147dec03eb84d1d766607faecae0e,389458,70.4,8780,60000,1445,425,0.294118,5.0014,77,18.7662,36,1,7,12,18,1,43,1,70,0,0,0,54,2,2,0.5,0.5,8,0.5,6,0.03737,1,80,24,40,0,1,5,5,21.25,80,27.681661,60,0,0.027007,0.377022,1,1,6.72093,0.397059,0.377022,0.188511,0.188511,0.25,0.363198,0.7,0.781818,0.482759,0.754325,0.089019,0.377022,200,1,0,0,1,1,0,0,0,0,1,1,1,0,0,2,0,0,1,0.8,1,1,0.96,1,11,0,1,1,1,1,0,1,1,1,1,0,0,1,1,1,1,1,1,0.8,7,7,0.777778,0.777778,0.785185,1,0.51208,5,4,0,2,1,0,0,0,0.6,1,0.91,1,0.881844,0.027007,0.118156,328.5059,1620,42,5,40,6044.58,0.34355,0.420162,0,1,0,0,0.2,1,0.45,0.25,0,0,0.649342,0.735927,0.48825,0.625259,0.735927,v5-shortcut-control-v1
dataset-v5,v3,extraction-v2,ranking-aware-v5,seo_weighted_page_quality_v5,84.2105,67.3,натяжные потолки цена Краснодар,натяжные потолки,commercial,Краснодар,35,https://potolki-ts.ru/krasnodar,potolki-ts.ru,4,0,,,content,ok,,..\dataset-v2\artifacts\query--0e8a85746db24b6d.json,236c66e279faaf29773659ecb93a7e694756e296,412335,67.3,9600,60000,1600,743,0.436033,6.159,88,19.3636,36,1,9,8,18,1,73,1,214,0,0,0,24,2,5,0.5,0.75,5,0.5,8,0.014085,0.75,80,24,40,3,10,35,3.5,13.0076,80,28,28.755869,1.760563,0.03861,0.325597,1,1,6.430189,0.137405,0.244198,0.162799,0.162799,0.25,0.325597,0.6625,0.672727,0.524138,0.352113,0.134399,0.325597,200,1,0,0,1,1,0,0,0,0,1,1,1,0,0,1,0,0,1,0.9,1,1,0.98,1,5,1,1,1,1,1,0,1,1,1,1,0,0,1,15,1,1,1,1,1,7,8,0.777778,0.888889,0.888889,1,0.361642,0,0,0,0,0,0,0,0,0,1,0.91,1,0.831081,0.03861,0.168919,326.6152,1177,49,25,87,6751.1909,0.273534,0.36765,0,1,0,0,0.2,1,0.45,0.25,0,0,0.617254,0.728801,0.439429,0.595413,0.728801,v5-shortcut-control-v1
dataset-v5,v3,extraction-v2,ranking-aware-v5,seo_weighted_page_quality_v5,78.9474,75.7,натяжные потолки цена Краснодар,натяжные потолки,commercial,Краснодар,35,https://potolkito.ru/,potolkito.ru,5,0,,,homepage,ok,,..\dataset-v2\artifacts\query--58e9676bd95b2e19.json,094c7bfe60259b44f8d128f9a6b9f3ccf1391db1,446683,75.7,9600,60000,1600,1200,0.354056,5.8641,90,10.9544,36,1,2,4,7,1,51,1,175,0,0,0,95,2,0,0.5,0,7,0.75,9,0.021955,1,80,24,40,3,4,52,13,43.7071,50.843541,24.497342,13.86642,0.693321,0.098702,0.32793,1,1,19.668182,0.070707,0.32793,0.163965,0.245947,0.375,0.32793,0.7625,0.927273,0.793103,0.731839,0.116106,0.32793,200,1,0,0,1,1,1,0,0,0,1,1,1,0,0,0,0,0,1,1,1,1,1,1,10,1,1,1,1,1,0,1,1,1,1,1,1,1,2,1,1,1,1,1,8,9,0.888889,1,0.962963,1,0.484227,0,0,0,0,0,0,0,0,0,1,0.91,1,0.431429,0.098702,0.568571,329.1943,2431,18,6,106,3920.1242,0.394449,0.458337,0,1,0,0,0.2,1,0.45,0.25,0,0,0.682869,0.773102,0.543036,0.65016,0.773102,v5-shortcut-control-v1
dataset-v5,v3,extraction-v2,ranking-aware-v5,seo_weighted_page_quality_v5,73.6842,62.9,натяжные потолки цена Краснодар,натяжные потолки,commercial,Краснодар,35,http://potolki-kuban.ru/,potolki-kuban.ru,6,0,,,homepage,ok,,..\dataset-v2\artifacts\query--3101ed09a49b0579.json,a60db592197152b46b56a1ce8e02d1cc82e61172,125854,62.9,8707,60000,1255,653,0.520319,5.7506,90,10.913,33,1,10,9,18,1,29,0,0,0,0,0,77,2,0,0.5,0,12,0.5,15,0.061355,1,80,24,39,0,1,15,15,38.0303,80,28,31.075697,0,0.106499,0.274833,1,1,8.59589,0.69697,0.274833,0.137416,0.137416,0.25,0.229944,0.7,0.527273,0,0,0.099703,0.274833,200,1,0,0,0,0,1,0,0,0,1,1,1,0,0,0,0,0,1,1,1,0.75,0.95,1,4,1,1,1,1,1,0,1,1,1,0,0,1,1,9,0,1,1,1,0.8,8,7,0.888889,0.777778,0.822222,1,0.50371,0,0,0,0,0,0,0,0,0,1,0.91,1,0.444286,0.106499,0.555714,86.5537,877,19,11,48,6547.216,0.515502,0.549126,0,1,0,0,0.2,1,0.45,0.25,0,0,0.631345,0.721927,0.499012,0.597912,0.721927,v5-shortcut-control-v1
dataset-v5,v3,extraction-v2,ranking-aware-v5,seo_weighted_page_quality_v5,68.4211,70.2,натяжные потолки цена Краснодар,натяжные потолки,commercial,Краснодар,35,https://potolok2000001.ru/,potolok2000001.ru,7,0,,,homepage,ok,,..\dataset-v2\artifacts\query--e5c517e9294972b2.json,794a85666af08bce3582c908f0d5d58b27c61ef4,366090,70.2,9600,60000,1397,503,0.360057,5.7745,90,12.3628,36,1,10,12,18,1,72,1,181,0,0,0,158,2,2,0.5,0.5,46,0.5,47,0.113099,1,80,24,40,14,3,29,9.666667,28.5102,80,28,60,10.021475,0.036435,0.193527,1,1,5.35249,0.979592,0.193527,0.096764,0.096764,0.25,0.180238,0.7,0.690909,0.751724,0,0.05408,0.193527,200,1,0,0,1,1,0,0,0,0,1,1,1,0,0,0,0,0,1,1,1,1,1,1,5,0,1,0,1,1,1,0,1,1,1,0,1,1,5,1,1,1,1,0.6,7,6,0.777778,0.666667,0.681481,1,0.563471,2,4,0,5,1,0,1,1,0.85,1,0.91,1,0.840597,0.036435,0.159403,270.1172,1754,35,41,44,7288.6552,0.229309,0.334482,0,1,0,0,0.2,1,0.45,0.25,0,0,0.565896,0.605624,0.466007,0.562541,0.605624,v5-shortcut-control-v1
dataset-v5,v3,extraction-v2,ranking-aware-v5,seo_weighted_page_quality_v5,63.1579,69.4,натяжные потолки цена Краснодар,натяжные потолки,commercial,Краснодар,35,https://msdcorp.ru/,msdcorp.ru,8,0,,,homepage,ok,,..\dataset-v2\artifacts\query--aa27c21841ff7657.json,76062d3388c571d63e1d1b598eb7b13ea6366813,2860543,69.4,9600,60000,1600,1058,0.385147,5.6767,90,29.8587,13,2,10,3,18,1,92,1,255,0,0,0,32,1,0,0.25,0,4,0.5,3,0.011649,1,80,24,40,24,2,34,17,180,42.591918,13.105206,15.65344,37.859483,0.007005,0.351406,0.75,1,23.478632,2.384615,0.351406,0.087851,0.175703,0.125,0.351406,0.55,0.327273,0.241379,0.388302,0.135343,0.351406,200,1,0,0,1,1,0,0,0,0,1,1,0,0,0,0,0,0,1,1,0.5,1,0.9,1,19,1,1,1,1,1,0,1,1,1,1,0,1,1,6,1,1,1,1,1,8,8,0.888889,0.888889,0.925926,1,0.283662,0,0,0,0,0,0,0,0,0,1,0.919,1,0.969354,0.007005,0.030646,2676.2197,3076,100,150,36,7654.5837,0.03,0.185,0,1,0,0,0.2,1,0.45,0.25,0,0,0.65828,0.752246,0.522633,0.601284,0.752246,v5-shortcut-control-v1
dataset-v5,v3,extraction-v2,ranking-aware-v5,seo_weighted_page_quality_v5,57.8947,73.2,натяжные потолки цена Краснодар,натяжные потолки,commercial,Краснодар,35,https://potolok-kras.ru/,potolok-kras.ru,9,0,,,homepage,ok,,..\dataset-v2\artifacts\query--8b305073decc38ea.json,445dd942d1736517d1afc976a0ee5699042e27f1,124722,73.2,6106,60000,846,498,0.588652,6.026,46,18.3913,7,1,7,0,8,1,54,1,151,0,0,0,23,3,3,0.75,0.75,5,0.75,10,0.027187,1,70,24,40,5,0,12,0,120.8571,80,28,59.101655,5.910165,0.067005,0.304188,1,0.75,12.085714,1.142857,0.304188,0.228141,0.228141,0.5625,0.171562,0.85,0.981818,0.958621,0.906225,0.084159,0.228141,200,1,0,0,1,1,1,0,0,0,1,1,0,0,0,0,0,0,1,1,0.5,1,0.9,1,2,1,1,1,1,1,1,0,1,1,1,0,0,1,1,1,1,1,1,1,7,8,0.777778,0.888889,0.888889,1,0.514151,0,0,0,0,0,0,0,0,0,1,0.93925,1,0.501137,0.067005,0.498863,96.3193,812,19,8,27,5273.9502,0.607988,0.618491,0,1,0,0,0.2,1,0.45,0.25,0,0,0.636969,0.742084,0.452398,0.611672,0.742084,v5-shortcut-control-v1
dataset-v5,v3,extraction-v2,ranking-aware-v5,seo_weighted_page_quality_v5,52.6316,63.9,натяжные потолки цена Краснодар,натяжные потолки,commercial,Краснодар,35,https://potolok-ns.ru/,potolok-ns.ru,10,0,,,homepage,ok,,..\dataset-v2\artifacts\query--2d5d17c176036cc3.json,dbd73d5c170e786a01cc8b27c5199010662eb2f1,1027836,63.9,9600,60000,1426,612,0.429173,5.5575,78,18.2821,36,1,5,0,6,1,46,1,173,0,0,0,17,2,2,0.5,0.5,2,0.5,6,0.011921,0.75,31,24,40,16,8,62,7.75,33.9524,21.73913,28,49.088359,11.220196,0.010149,0.232933,1,1,46,0.142857,0.1747,0.116467,0.116467,0.25,0.221442,0.6625,0.836364,0.806897,0.298036,0.079197,0.232933,200,1,0,0,1,1,0,0,0,0,1,1,0,0,0,0,0,0,1,1,0.5,1,0.9,1,9,1,1,1,1,1,0,0,1,1,0,0,0,1,5,1,1,1,1,1,6,7,0.666667,0.777778,0.814815,1,0.283181,0,0,0,0,0,0,0,0,0,1,0.91,1,0.955599,0.010149,0.044401,951.9883,1881,88,106,56,8800.6803,0.021097,0.178323,0,1,0,0,0.2,1,0.45,0.25,0,0,0.559553,0.688157,0.386083,0.536018,0.688157,v5-shortcut-control-v1
dataset-v5,v3,extraction-v2,ranking-aware-v5,seo_weighted_page_quality_v5,100.0,78.6,натяжные потолки цена Самара,натяжные потолки,commercial,Самара,51,https://самара.натяжные-потолки24.рф/,самара.натяжные-потолки24.рф,1,0,,,homepage,ok,,..\dataset-v2\artifacts\query--fe9c86fa6c1567a4.json,7c4c5b8a52c180cb8c212521581d9ca4b4b3cff0,266700,78.6,9600,60000,1600,1200,0.405923,5.5091,90,10.1921,36,1,3,0,4,1,52,1,228,0,0,0,83,2,2,0.5,0.5,3,0.5,11,0.024828,1,80,24,40,24,5,26,5.2,90.3514,66.407418,28,60,8.37571,0.130811,0.722418,1,1,15.058559,0.108108,0.722418,0.361209,0.361209,0.25,0.722418,0.7,0.945455,0.427586,0.8276,0.293246,0.722418,200,1,0,0,1,1,0,0,0,0,1,1,1,0,0,0,0,0,1,1,1,1,1,1,2,0,1,1,1,1,0,1,1,1,1,0,1,1,7,0,1,1,1,0.6,8,7,0.888889,0.777778,0.755556,1,0.535906,0,0,0,0,0,0,0,0,0,1,0.91,1,0.315714,0.130811,0.684286,186.5859,1829,9,3,97,4487.5412,0.515783,0.549337,1,0,0,0,0.45,0,0.45,0,0,0,0.77828,0.811008,0.704596,0.753025,0.77828,v5-shortcut-control-v1
dataset-v5,v3,extraction-v2,ranking-aware-v5,seo_weighted_page_quality_v5,94.7368,73.2,натяжные потолки цена Самара,натяжные потолки,commercial,Самара,51,https://potolkikiger.ru/samara,potolkikiger.ru,2,0,,,content,ok,,..\dataset-v2\artifacts\query--9ebd29f293d65752.json,07171a40f3aee140b09831bf997532bbccbafcd0,767219,73.2,9600,60000,1600,1183,0.362439,5.5888,90,8.7978,36,2,10,12,18,1,89,1,139,0,0,0,69,2,2,0.5,0.5,13,0.75,8,0.02114,1,80,24,11,6,0,72,0,8.3478,26.348039,28,3.370098,1.838235,0.034709,0.642434,1,0.75,37.953488,0.13555,0.642434,0.321217,0.481825,0.375,0.642434,0.7625,0.381818,0.958621,0.704657,0.232843,0.481825,200,1,0,0,1,1,0,0,0,0,1,1,1,0,0,1,0,0,1,0.9,1,1,0.98,1,3,0,1,1,1,1,0,1,1,1,1,0,0,1,15,1,1,1,1,0.8,7,7,0.777778,0.777778,0.785185,1,0.413624,1,1,0,1,1,0,0,0,0.2875,1,0.91,1,0.84815,0.034709,0.15185,662.8066,5454,243,7,213,8644.7966,0.190193,0.305145,1,0,0,0,0.45,0,0.45,0,0,0,0.733342,0.797432,0.637314,0.727292,0.733342,v5-shortcut-control-v1
dataset-v5,v3,extraction-v2,ranking-aware-v5,seo_weighted_page_quality_v5,89.4737,65.6,натяжные потолки цена Самара,натяжные потолки,commercial,Самара,51,https://potolki-s.ru/ceny,potolki-s.ru,3,0,,,content,ok,,..\dataset-v2\artifacts\query--5b59a6463e05092b.json,ed4637260dd80999241a2d755c5f368ce48908da,91633,65.6,7827,54254,1200,548,0.456667,5.3783,80,15,17,1,3,1,5,1,69,1,232,0,0,0,75,5,2,1,0.5,5,0.5,22,0.0625,1,80,24,40,9,3,23,7.666667,70.5882,68.333333,25,60,7.5,0.144266,0.649398,1,1,14.634146,0.294118,0.649398,0.649398,0.324699,0.5,0.519518,0.875,0.745455,0.4,0,0.197706,0.649398,200,1,0,0,0,0,0,0,0,0,1,1,0,0,0,1,0,0,1,0.9,0.5,0.75,0.83,1,4,1,1,0,1,1,0,0,1,1,1,0,0,1,10,1,1,1,1,0.8,5,7,0.555556,0.777778,0.711111,1,0.537413,0,0,0,0,0,0,0,0,0,1,0.9325,1,0.444286,0.144266,0.555714,61.1494,890,19,1,30,10622.5274,0.66525,0.661438,1,0,0,0,0.45,0,0.45,0,0,0,0.72562,0.731313,0.60978,0.714811,0.72562,v5-shortcut-control-v1
dataset-v5,v3,extraction-v2,ranking-aware-v5,seo_weighted_page_quality_v5,84.2105,74.0,натяжные потолки цена Самара,натяжные потолки,commercial,Самара,51,https://smartpotolki.ru/,smartpotolki.ru,4,0,,,homepage,ok,,..\dataset-v2\artifacts\query--43ccd92fb4859f3f.json,5a8f8384bb50c32db2f8807013ffef0e97366bae,128420,74.0,9600,60000,1401,766,0.546752,5.9764,88,15.9205,36,1,7,5,13,1,47,1,245,0,0,0,47,2,7,0.5,0.75,8,0.5,9,0.033547,1,80,23,21,15,5,26,5.2,17.0854,80,16.416845,14.989293,10.706638,0.132552,0.465455,1,1,10.945312,0.158537,0.465455,0.232728,0.232728,0.25,0.434735,0.7,0.854545,0.310345,0.881751,0.198077,0.465455,200,1,0,0,1,1,1,0,0,0,1,1,1,0,0,0,0,0,1,1,1,1,1,1,3,1,1,1,1,1,0,1,1,1,0,0,1,1,2,0,1,1,1,0.8,8,7,0.888889,0.777778,0.822222,1,0.547991,1,1,0,1,1,0,0,0,0.2875,1,0.94825,1,0.637143,0.132552,0.362857,82.9346,835,34,4,23,6793.7295,0.574473,0.593355,1,0,0,0,0.45,0,0.45,0,0,0,0.704809,0.773946,0.601514,0.675337,0.704809,v5-shortcut-control-v1
dataset-v5,v3,extraction-v2,ranking-aware-v5,seo_weighted_page_quality_v5,78.9474,77.8,натяжные потолки цена Самара,натяжные потолки,commercial,Самара,51,https://potolki-63.ru/,potolki-63.ru,5,0,,,homepage,ok,,..\dataset-v2\artifacts\query--9b21d6db07353a9b.json,3fac877104e5863f1a5d44ec157545d51841a19d,225791,77.8,9600,60000,1523,664,0.435982,5.5955,90,13.3596,36,1,5,0,6,1,89,1,180,0,0,0,52,3,2,0.5,0.5,6,0.5,7,0.034143,1,80,24,40,0,7,34,4.857143,35.4186,70.912672,28,38.082731,0,0.061909,0.622367,1,1,14.101852,0.139535,0.622367,0.311184,0.311184,0.25,0.622367,0.7,0.381818,0.758621,0.861895,0.229584,0.622367,200,1,0,0,1,1,0,0,0,0,1,1,1,0,0,0,0,0,1,1,1,1,1,1,3,1,1,1,1,1,0,1,1,1,1,1,0,1,4,1,1,1,1,1,7,9,0.777778,1,0.925926,1,0.580506,6,4,0,3,0,0,0,0,0.5,1,0.91,1,0.574863,0.061909,0.425137,172.8955,1528,23,7,53,3927.9669,0.432516,0.486887,1,0,0,0,0.45,0,0.45,0,0,0,0.761886,0.82837,0.619225,0.728883,0.761886,v5-shortcut-control-v1
dataset-v5,v3,extraction-v2,ranking-aware-v5,seo_weighted_page_quality_v5,73.6842,72.0,натяжные потолки цена Самара,натяжные потолки,commercial,Самара,51,https://www.potolkoffsam.ru/,potolkoffsam.ru,6,0,,,homepage,ok,,..\dataset-v2\artifacts\query--8abc92405d432c4f.json,94a06d1ce684ca91d4458a0648953613a6a983c0,162451,72.0,9600,60000,1600,513,0.318041,5.5518,53,30.434,27,0,7,11,18,1,60,1,189,0,0,0,59,2,0,0.5,0,10,0.25,28,0.036578,0.75,68,24,40,9,0,42,0,59.7407,42.157471,28,60,5.579665,0.099901,0.524529,1,0.75,23.720588,0.666667,0.393397,0.262265,0.131132,0.125,0.524529,0.6,0.909091,0.696552,0.585555,0.149491,0.393397,200,1,0,0,1,1,1,0,0,0,1,1,1,0,0,0,0,0,1,1,1,1,1,1,6,1,1,0,1,1,0,1,1,1,1,0,0,1,12,1,1,1,1,0.8,6,7,0.666667,0.777778,0.748148,1,0.634306,1,4,0,4,1,0,0,1,0.8,1,0.91,1,0.637143,0.099901,0.362857,117.6807,1812,34,2,88,11384.1572,0.402488,0.464366,1,0,0,0,0.45,0,0.45,0,0,0,0.613243,0.654727,0.516012,0.616286,0.613243,v5-shortcut-control-v1
dataset-v5,v3,extraction-v2,ranking-aware-v5,seo_weighted_page_quality_v5,68.4211,74.1,натяжные потолки цена Самара,натяжные потолки,commercial,Самара,51,https://potolkius.ru/,potolkius.ru,7,0,,,homepage,ok,,..\dataset-v2\artifacts\query--8fa9e59398fb4c55.json,282b84c638456c8dd79b5d63f4a075289c602560,105922,74.1,3712,60000,551,292,0.529946,5.6007,33,16.697,36,1,7,9,17,1,65,1,157,0,0,0,30,3,2,0.75,0.5,2,0.5,24,0.054446,1,80,24,33,0,3,7,2.333333,11.9783,80,28,59.891107,0,0.048678,0.632715,1,1,6.802469,0.369565,0.632715,0.474536,0.316358,0.375,0.232417,0.7875,0.818182,0.917241,0.185118,0.10264,0.632715,200,1,0,0,1,1,0,0,0,0,1,1,1,0,0,0,0,0,1,1,1,1,1,1,2,1,1,1,1,1,0,1,1,1,1,1,0,1,14,0,1,1,1,0.8,7,9,0.777778,1,0.859259,1,0.428083,0,0,0,0,0,0,0,0,0,1,0.91,1,0.735605,0.048678,0.264395,78.5859,837,31,6,47,8808.3042,0.500584,0.537938,1,0,0,0,0.45,0,0.45,0,0,0,0.759457,0.814651,0.566349,0.746334,0.759457,v5-shortcut-control-v1
dataset-v5,v3,extraction-v2,ranking-aware-v5,seo_weighted_page_quality_v5,63.1579,72.7,натяжные потолки цена Самара,натяжные потолки,commercial,Самара,51,https://potolki-samara.info/,potolki-samara.info,8,0,,,homepage,ok,,..\dataset-v2\artifacts\query--664bc85a6453d918.json,7c539992b6d7c0511e3d31cc509ac2b2b2f985d9,959293,72.7,9600,60000,1600,823,0.500913,5.6111,90,11.5704,12,1,0,0,1,1,70,1,143,0,0,0,52,2,3,0.5,0.5,2,0.5,18,0.031649,1,80,24,37,22,3,30,10,136.9167,77.297626,28,22.519781,13.39014,0.012846,0.621948,1,1,12.937008,0.083333,0.621948,0.310974,0.310974,0.25,0.621948,0.7,0.727273,0.986207,0.945019,0.284368,0.621948,200,1,0,0,1,1,0,0,0,0,1,1,0,0,0,0,0,0,1,1,0.5,1,0.9,1,7,0,1,0,1,1,1,0,1,1,1,1,1,1,8,1,1,1,1,0.6,7,7,0.777778,0.777778,0.718519,1,0.29144,0,0,0,0,0,0,0,0,0,1,0.91,1,0.943797,0.012846,0.056203,871.2803,1758,72,89,84,6114.2851,0.049409,0.199557,1,0,0,0,0.45,0,0.45,0,0,0,0.713484,0.705014,0.610697,0.68399,0.713484,v5-shortcut-control-v1
dataset-v5,v3,extraction-v2,ranking-aware-v5,seo_weighted_page_quality_v5,57.8947,67.8,натяжные потолки цена Самара,натяжные потолки,commercial,Самара,51,https://potolkiorion-samara.ru/,potolkiorion-samara.ru,9,0,,,homepage,ok,,..\dataset-v2\artifacts\query--22be9ef93b939506.json,b84d4e19220cceac4ef62d949c004f919174cba7,3326662,67.8,9600,60000,1600,1200,0.214697,5.5247,90,22.8109,36,1,10,12,18,1,45,1,118,0,0,0,38,2,0,0.5,0,16,0.5,4,0.005339,0.75,80,24,23,14,4,102,25.5,148.2708,21.216805,8.430518,3.231699,1.967121,0.016131,0.385049,1,1,47.13245,1.75,0.288787,0.192524,0.192524,0.25,0.385049,0.6625,0.818182,0.813793,0.133483,0.082669,0.385049,200,1,0,0,1,1,0,0,0,0,1,1,0,0,0,0,0,0,1,1,0.5,1,0.9,1,24,1,1,0,1,1,0,1,1,1,1,0,1,1,9,1,1,1,1,0.8,7,7,0.777778,0.777778,0.785185,1,0.285768,0,0,0,0,0,0,0,0,0,1,0.91,1,0.929428,0.016131,0.070572,3055.4346,3851,111,150,60,11586.4032,0,0.1625,1,0,0,0,0.45,0,0.45,0,0,0,0.610607,0.648524,0.511331,0.5846,0.610607,v5-shortcut-control-v1
dataset-v5,v3,extraction-v2,ranking-aware-v5,seo_weighted_page_quality_v5,52.6316,62.2,натяжные потолки цена Самара,натяжные потолки,commercial,Самара,51,https://potolki-sam.ru/ceny.html,potolki-sam.ru,10,0,,,content,ok,,..\dataset-v2\artifacts\query--232b80f236c489b4.json,56b24330333987786a93291b7f336848d5349853,76352,62.2,4155,46237,658,305,0.463526,5.1657,39,16.8718,12,1,3,0,4,1,84,1,227,0,0,0,11,1,3,0.25,0.75,2,0.5,8,0.016717,1,80,24,40,24,3,6,2,54.8333,80,28,60,40,0.089863,0.600606,1,1,8.225,0.333333,0.600606,0.150151,0.300303,0.125,0.263466,0.6125,0.472727,0.434483,0.557244,0.101769,0.600606,200,1,0,0,1,1,0,0,0,0,1,1,0,0,0,1,0,0,1,0.9,0.5,1,0.88,1,3,0,0,1,1,1,0,1,0,0,1,0,0,1,8,0,1,1,1,0.4,6,4,0.666667,0.444444,0.503704,1,0.497158,0,0,0,0,0,0,0,0,0,1,0.91,1,0.482857,0.089863,0.517143,48.7637,764,22,11,42,6239.8848,0.531986,0.561489,1,0,0,0,0.45,0,0.45,0,0,0,0.650565,0.602122,0.496959,0.62874,0.650565,v5-shortcut-control-v1
dataset-v5,v3,extraction-v2,ranking-aware-v5,seo_weighted_page_quality_v5,100.0,75.0,натяжные потолки цена Нижний Новгород,натяжные потолки,commercial,Нижний Новгород,47,https://nn-decor.ru/,nn-decor.ru,1,0,,,homepage,ok,,..\dataset-v2\artifacts\query--0bdc3c9801277443.json,c82f2d76da58b9a470e266fe1e7d2a59ff41be2d,451208,75.0,9600,60000,1600,904,0.3315,5.9395,90,22.5372,10,1,10,0,14,1,60,1,237,0,0,0,53,2,2,0.4,0.4,6,0.4,25,0.019435,1,80,24,40,7,6,111,18.5,180,80,28,47.671434,2.566923,0.055146,0.36023,1,1,11.960526,1.4,0.36023,0.144092,0.144092,0.16,0.36023,0.64,0.909091,0.365517,0.647843,0.119416,0.36023,200,1,0,0,1,1,1,0,0,0,1,1,1,0,0,0,0,0,1,1,1,1,1,1,3,1,1,1,1,1,0,1,1,0,1,0,1,1,8,1,1,1,1,1,8,7,0.888889,0.777778,0.888889,1,0.424381,1,1,0,1,0,0,0,1,0.2375,1,0.91,1,0.758735,0.055146,0.241265,358.3564,2279,37,20,79,8581.8314,0.195013,0.30876,1,0,0,0,0.4,0,0.4,0,0,0,0.678702,0.768976,0.54185,0.637934,0.678702,v5-shortcut-control-v1
dataset-v5,v3,extraction-v2,ranking-aware-v5,seo_weighted_page_quality_v5,94.7368,74.2,натяжные потолки цена Нижний Новгород,натяжные потолки,commercial,Нижний Новгород,47,https://нижний.натяжные-потолки24.рф/,нижний.натяжные-потолки24.рф,2,0,,,homepage,ok,,..\dataset-v2\artifacts\query--66211622f8d62655.json,5e6f7da646238398dcfa9af729aa37265c6c3f25,267086,74.2,9600,60000,1600,1200,0.405728,5.5134,90,10.1576,36,1,3,0,4,1,62,1,238,0,0,0,86,2,2,0.4,0.4,3,0.4,13,0.025656,1,80,24,40,24,5,26,5.2,90.5946,66.229117,28,60,8.353222,0.131166,0.497718,1,1,15.099099,0.108108,0.497718,0.199087,0.199087,0.16,0.497718,0.64,0.872727,0.358621,0.855211,0.201938,0.497718,200,1,0,0,1,1,0,0,0,0,1,1,1,0,0,0,0,0,1,1,1,1,1,1,2,0,1,1,1,1,0,1,1,1,1,0,1,1,7,0,1,1,1,0.6,8,7,0.888889,0.777778,0.755556,1,0.535895,0,0,0,0,0,0,0,0,0,1,0.91,1,0.315714,0.131166,0.684286,186.7754,1829,9,3,97,3490.0124,0.515727,0.549295,1,0,0,0,0.4,0,0.4,0,0,0,0.687785,0.747592,0.585169,0.662067,0.687785,v5-shortcut-control-v1
dataset-v5,v3,extraction-v2,ranking-aware-v5,seo_weighted_page_quality_v5,89.4737,77.4,натяжные потолки цена Нижний Новгород,натяжные потолки,commercial,Нижний Новгород,47,https://nnpotolok.ru/,nnpotolok.ru,3,0,,,homepage,ok,,..\dataset-v2\artifacts\query--08068e587709b61a.json,108b1bbdbc5f1fd4423ba16f613084844a7bbbb0,221143,77.4,9600,60000,1600,873,0.415121,5.8374,90,21.4592,36,1,9,12,18,1,70,1,148,0,0,0,38,2,2,0.4,0.4,2,0.4,12,0.018069,1,80,24,40,24,3,54,18,36.8947,71.802187,28,60,11.412268,0.115262,0.442538,1,1,13.927152,1.035088,0.442538,0.177015,0.177015,0.16,0.442538,0.64,0.727273,0.97931,0.602314,0.183707,0.442538,200,1,0,0,1,1,1,0,0,0,1,1,1,0,0,0,0,0,1,1,1,1,1,1,2,1,1,1,1,1,1,0,1,0,1,0,1,1,10,1,1,1,1,1,8,7,0.888889,0.777778,0.888889,1,0.675181,5,4,0,7,1,0,1,1,0.85,1,0.91,1,0.547143,0.115262,0.452857,144.7871,1469,27,6,62,4048.9071,0.433824,0.487868,1,0,0,0,0.4,0,0.4,0,0,0,0.708086,0.789101,0.585534,0.664355,0.708086,v5-shortcut-control-v1
dataset-v5,v3,extraction-v2,ranking-aware-v5,seo_weighted_page_quality_v5,84.2105,66.9,натяжные потолки цена Нижний Новгород,натяжные потолки,commercial,Нижний Новгород,47,https://potolki-d.ru/,potolki-d.ru,4,0,,,homepage,ok,,..\dataset-v2\artifacts\query--d91c26e4748cab6a.json,f6e06cb7e8253852dfde3d55509188ae21fc53bb,263968,66.9,9600,60000,1600,958,0.383968,5.6721,90,17.5704,36,2,3,1,6,1,50,1,271,0,0,0,103,3,2,0.6,0.4,6,0.8,26,0.041283,1,80,24,40,24,15,49,3.266667,58.0233,80,28,60,11.222445,0.105912,0.397691,1,1,8.879004,0.139535,0.397691,0.238615,0.318153,0.48,0.397691,0.81,0.909091,0.131034,0.623914,0.152701,0.397691,200,1,0,0,0,0,0,0,0,0,1,0,1,0,0,0,0,0,1,1,0.5,0.75,0.85,1,2,1,1,1,1,1,1,1,1,0,1,0,1,1,36,0,1,1,1,0.8,9,7,1,0.777778,0.859259,1,0.333661,0,0,0,0,0,0,0,0,0,0,0.36,1,0.47,0.105912,0.53,172.9883,2080,21,11,84,5585.2119,0.376195,0.444646,1,0,0,0,0.4,0,0.4,0,0,0,0.702756,0.768715,0.572895,0.647999,0.702756,v5-shortcut-control-v1
dataset-v5,v3,extraction-v2,ranking-aware-v5,seo_weighted_page_quality_v5,78.9474,58.6,натяжные потолки цена Нижний Новгород,натяжные потолки,commercial,Нижний Новгород,47,https://potolki-nng.ru/,potolki-nng.ru,5,0,,,homepage,ok,,..\dataset-v2\artifacts\query--487ababf2b95234a.json,c2f1de5aa7527498bda0c8ac9ee127c881d800e1,153528,58.6,9600,60000,1600,645,0.391621,5.4821,90,12.7674,17,1,2,0,3,1,47,1,187,0,0,0,99,2,3,0.4,0.4,4,0.4,17,0.060109,1,80,24,40,11,5,24,4.8,96.8824,80,28,60,6.67881,0.115568,0.206136,1,1,10.358491,0.176471,0.206136,0.082454,0.082454,0.16,0.206136,0.64,0.854545,0.710345,0,0.073865,0.206136,200,1,0,0,0,0,0,0,0,0,1,1,0,0,0,0,0,0,1,1,0.5,0.75,0.85,1,2,1,1,0,1,1,0,0,1,1,1,0,0,1,12,0,1,1,1,0.6,5,7,0.555556,0.777778,0.644444,1,0.517969,0,0,0,0,0,0,0,0,0,1,0.91,1,0.418571,0.115568,0.581429,104.29,1401,17,1,93,10490.378,0.557262,0.580446,1,0,0,0,0.4,0,0.4,0,0,0,0.511316,0.566425,0.35667,0.501345,0.511316,v5-shortcut-control-v1
dataset-v5,v3,extraction-v2,ranking-aware-v5,seo_weighted_page_quality_v5,73.6842,71.6,натяжные потолки цена Нижний Новгород,натяжные потолки,commercial,Нижний Новгород,47,https://bh-nn.ru/,bh-nn.ru,6,0,,,homepage,ok,,..\dataset-v2\artifacts\query--71738cd68d8743bf.json,14947345f239d744d5684cc5dec1ef3ea7c61a60,615765,71.6,8911,60000,1343,677,0.504095,5.2651,65,20.6615,19,1,3,0,4,1,65,1,217,0,0,0,23,2,0,0.4,0,4,0.4,4,0.017126,1,72,24,40,10,2,24,12,70.6842,53.611318,28,57.334326,7.446016,0.015741,0.440626,0.8,1,18.652778,0.210526,0.440626,0.17625,0.17625,0.16,0.394507,0.59,0.818182,0.503448,0.570861,0.165724,0.440626,200,1,0,0,1,1,0,0,0,0,1,1,1,0,0,0,0,0,1,1,1,1,1,1,13,1,1,1,1,1,0,0,1,1,1,0,1,1,10,1,1,1,1,1,7,8,0.777778,0.888889,0.888889,1,0.3108,0,0,0,0,0,0,0,0,0,1,0.91,1,0.931132,0.015741,0.068868,560.5557,2454,81,120,48,10976.1386,0.135775,0.264331,1,0,0,0,0.4,0,0.4,0,0,0,0.682903,0.773133,0.544917,0.650241,0.682903,v5-shortcut-control-v1
dataset-v5,v3,extraction-v2,ranking-aware-v5,seo_weighted_page_quality_v5,68.4211,69.3,натяжные потолки цена Нижний Новгород,натяжные потолки,commercial,Нижний Новгород,47,https://atlantispotolki.ru/,atlantispotolki.ru,7,0,,,homepage,ok,,..\dataset-v2\artifacts\query--bc51777e154062ec.json,f49c0da6f06ffbfe100988879e988b251c6165ca,304467,69.3,6293,60000,905,484,0.534807,5.7624,71,12.7465,36,1,8,1,10,1,70,1,216,0,0,0,27,2,0,0.4,0,4,0.4,15,0.029834,0.6,80,24,40,19,3,31,10.333333,15.0833,80,28,60,20.994475,0.024659,0.292024,1,1,7.357724,0.166667,0.175214,0.11681,0.11681,0.16,0.176188,0.58,0.727273,0.510345,0.596685,0.078522,0.292024,200,1,0,0,1,1,1,0,0,0,1,1,1,0,0,0,0,0,1,1,1,1,1,1,7,1,1,1,1,1,1,1,0,1,1,1,0,1,3,1,1,1,1,1,8,8,0.888889,0.888889,0.925926,1,0.508832,1,4,0,4,0,0,0,1,0.65,1,0.91,1,0.892118,0.024659,0.107882,255.4873,1367,40,37,89,6272.782,0.273261,0.367446,1,0,0,0,0.4,0,0.4,0,0,0,0.599811,0.715939,0.376379,0.573619,0.599811,v5-shortcut-control-v1
dataset-v5,v3,extraction-v2,ranking-aware-v5,seo_weighted_page_quality_v5,63.1579,24.2,натяжные потолки цена Нижний Новгород,натяжные потолки,commercial,Нижний Новгород,47,https://www.avito.ru/nizhniy_novgorod/predlozheniya_uslug/remont_i_otdelka/potolki-ASgBAgICAkSYC8CfAcQVzvr9Ag?q=натяжные+потолки,avito.ru,8,0,,,content,ok,,..\dataset-v2\artifacts\query--6ab1dfba9f40e846.json,762cc9872b674406998de20fb5e5c76475429699,34803,24.2,947,28939,133,90,0.676692,5.8421,12,11.0833,11,0,1,0,1,1,31,0,0,0,0,0,0,0,0,0,0,0,0,0,0,0,1,1,0,1,1,2,2,12.0909,7.518797,7.518797,0,7.518797,0.032724,0.066074,0,0.75,80,0.090909,0,0,0,0,0.005859,0,0.563636,0,0,0.003304,0.049555,429,0,0,0,0,0,0,0,0,0,0,1,1,0,0,4,1,1,1,0.5,1,0.35,0.57,1,1,0,0,0,0,1,0,0,0,1,0,0,0,1,1,1,0,1,1,0.4,2,3,0.222222,0.333333,0.318519,1,0.569572,0,0,0,0,0,0,0,0,0,1,0.879278,1,0.471118,0.032724,0.528882,29.1787,60,5,1,1,4874.2193,0.943505,0.870129,1,0,0,0,0.4,0,0.4,0,0,0,0.185405,0.223946,0.071982,0.213156,0.185405,v5-shortcut-control-v1
dataset-v5,v3,extraction-v2,ranking-aware-v5,seo_weighted_page_quality_v5,57.8947,67.6,натяжные потолки цена Нижний Новгород,натяжные потолки,commercial,Нижний Новгород,47,https://vipceiling.ru/nn/price/,vipceiling.ru,9,0,,,content,ok,,..\dataset-v2\artifacts\query--8979c4d9da3beddd.json,b5886f5371e85743071076e0608d1ff1beeedc4d,391098,67.6,8949,60000,1473,432,0.293279,4.9966,77,19.1299,36,1,7,12,18,1,49,1,76,0,0,0,58,2,2,0.4,0.4,8,0.4,9,0.039375,1,80,24,40,0,1,5,5,20.7465,80,27.155465,60,0,0.027422,0.395583,1,1,6.756881,0.394366,0.395583,0.158233,0.158233,0.16,0.388463,0.64,0.890909,0.524138,0.687486,0.09494,0.395583,200,1,0,0,1,1,0,0,0,0,1,1,1,0,0,2,0,0,1,0.8,1,1,0.96,1,12,0,1,1,1,1,0,1,1,1,1,0,0,1,1,1,1,1,1,0.8,7,7,0.777778,0.777778,0.785185,1,0.512147,5,4,0,2,1,0,0,0,0.6,1,0.91,1,0.880028,0.027422,0.119972,329.8438,1635,42,5,40,4776.5798,0.341491,0.418618,1,0,0,0,0.4,0,0.4,0,0,0,0.648023,0.73432,0.490066,0.619382,0.648023,v5-shortcut-control-v1
dataset-v5,v3,extraction-v2,ranking-aware-v5,seo_weighted_page_quality_v5,52.6316,65.1,натяжные потолки цена Нижний Новгород,натяжные потолки,commercial,Нижний Новгород,47,https://novpotoloknn.ru/,novpotoloknn.ru,10,0,,,homepage,ok,,..\dataset-v2\artifacts\query--9811874526d7c170.json,1b834ca2a39fe8f112c4c4c4091afe33d6dd2634,404313,65.1,2772,60000,405,113,0.279012,5.8222,1,38,36,1,8,2,11,1,63,1,227,0,0,0,6,2,0,0.4,0,0,0,6,0.014815,0.8,80,24,40,14,2,15,7.5,6.75,80,28,60,34.567901,0.008741,0.280497,1,1,1.077128,0.183333,0.224398,0.112199,0,0,0.075734,0.51,0.854545,0.434483,0.395062,0.017609,0.280497,200,1,0,0,1,1,1,0,0,0,1,1,1,0,0,0,0,0,1,1,1,1,1,1,6,1,1,1,1,1,0,1,1,1,1,1,0,1,1,1,1,1,1,1,7,9,0.777778,1,0.925926,1,0.480392,3,2,1,2,1,0,0,0,0.358333,1,0.91,1,0.743188,0.008741,0.256812,322.9805,2323,18,15,242,4393.9081,0.311895,0.396421,1,0,0,0,0.4,0,0.4,0,0,0,0.59086,0.709608,0.366746,0.564233,0.59086,v5-shortcut-control-v1
dataset-v5,v3,extraction-v2,ranking-aware-v5,seo_weighted_page_quality_v5,100.0,73.3,как выбрать натяжные потолки,натяжные потолки,informational,,,https://markakachestva.ru/article/1180-kakoy-natyazhnoy-potolok-vybrat.html,markakachestva.ru,1,0,,,article,ok,,..\dataset-v2\artifacts\query--908172a88b5f7bde.json,08641b823694cbd802d86df1e5c1a3685561f656,309596,73.3,9600,60000,1600,1200,0.511681,6.591,90,12.0119,36,1,10,3,14,1,50,1,157,0,0,0,63,1,1,0.25,0.25,3,0.5,7,0.020731,1,80,24,40,24,4,14,3.5,41.0676,51.00362,28,22.704837,19.085225,0.110508,0.563649,1,1,19.606452,0.189189,0.563649,0.140912,0.281824,0.125,0.563649,0.6125,0.909091,0.917241,0.691017,0.288409,0.563649,200,1,0,0,1,1,0,0,0,0,1,1,1,0,0,2,0,0,1,0.8,1,1,0.96,0,0,0,1,1,0,1,0,0,1,1,1,1,0,1,1,1,1,1,1,0.6,4,8,0.444444,0.888889,0.644444,1,0.519112,2,2,0,2,1,0,0,0,0.425,1,0.91,1,0.65,0.110508,0.35,231.9561,1141,42,23,88,7552.417,0.305266,0.39145,0,0,1,0,0.45,0,0,0,0.45,0,0.624068,0.647283,0.583769,0.626967,0.583769,v5-shortcut-control-v1
dataset-v5,v3,extraction-v2,ranking-aware-v5,seo_weighted_page_quality_v5,78.9474,77.3,как выбрать натяжные потолки,натяжные потолки,informational,,,https://geometrium-school.ru/blog/kakie-byvayut-natyazhnye-potolki-tipy-materialy-rekomendaczii-po-vyboru/,geometrium-school.ru,5,0,,,article,ok,,..\dataset-v2\artifacts\query--68e298f60ebb1a56.json,6cbe43503fac44c28be6622f65af60186a385c68,320634,77.3,9600,60000,1600,1200,0.42654,6.1368,90,19.2914,36,1,4,4,9,1,73,1,196,0,0,0,39,4,2,1,0.5,3,0.75,6,0.011552,1,80,24,40,24,12,163,13.583333,41.679,39.691943,11.552133,28.13981,9.478673,0.122599,0.333279,1,1,25.19403,0.111111,0.333279,0.333279,0.249959,0.75,0.333279,0.9375,0.672727,0.648276,0.385071,0.142157,0.333279,200,1,0,0,1,1,1,0,0,0,1,1,1,0,0,2,0,0,1,0.8,1,1,0.96,1,3,1,1,1,1,1,0,1,1,1,1,0,1,1,13,1,1,1,1,1,8,8,0.888889,0.888889,0.925926,1,0.594894,3,3,0,3,0,0,0,1,0.5125,1,0.91225,1,0.534286,0.122599,0.465714,232.8164,1369,26,7,39,6231.0283,0.435485,0.489114,0,0,1,0,0.45,0,0,0,0.45,0,0.703554,0.787935,0.567275,0.673202,0.567275,v5-shortcut-control-v1
dataset-v5,v3,extraction-v2,ranking-aware-v5,seo_weighted_page_quality_v5,57.8947,67.9,как выбрать натяжные потолки,натяжные потолки,informational,,,https://pikabu.ru/story/kakie_natyazhnyie_potolki_vyibrat_v_kvartiru_v_2026_godu_matovyie_glyantsevyie_ili_satinovyie_13921758,pikabu.ru,9,0,,,content,ok,,..\dataset-v2\artifacts\query--279248be094aef20.json,c9a6e1ce85878cc6d176c7b8b19a31d50b0b281c,1230767,67.9,9600,60000,1600,1141,0.504644,5.981,90,20.9352,36,1,1,12,18,1,53,1,134,0,0,0,26,3,0,0.75,0,10,0.75,9,0.011499,1,80,16,40,10,9,23,2.555556,43.4808,80,7.076515,60,4.422822,0.015246,0.148601,1,1,4.163904,0.615385,0.148601,0.111451,0.111451,0.5625,0.148601,0.85,0.963636,0.924138,0.383311,0.074991,0.148601,200,1,0,0,1,1,1,0,0,0,1,1,1,0,0,2,0,0,1,0.8,1,1,0.96,1,3,0,1,1,0,1,0,1,0,1,1,1,0,1,2,1,1,1,1,0.8,6,7,0.666667,0.777778,0.748148,1,0.44455,3,3,0,3,0,0,0,1,0.5125,1,0.964,1,0.933298,0.015246,0.066702,1052.3857,5016,44,61,16,11818.1931,0.096667,0.235,0,0,1,0,0.45,0,0,0,0.45,0,0.562261,0.677544,0.403148,0.555333,0.403148,v5-shortcut-control-v1
dataset-v5,v3,extraction-v2,ranking-aware-v5,seo_weighted_page_quality_v5,100.0,69.6,натяжные потолки отзывы,натяжные потолки,informational,,,https://irecommend.ru/content/natyazhnoi-potolok,irecommend.ru,1,0,,,content,ok,,..\dataset-v2\artifacts\query--dd41c819663bb47a.json,8e11aaf29b55542cd4efc44d3df97a88af121b7d,1493035,69.6,9600,60000,1600,1200,0.150462,6.8646,90,15.0315,36,2,10,0,18,1,25,1,167,0,0,0,54,1,0,0.333333,0,1,0.333333,7,0.004197,1,80,24,40,3,2,356,178,23.1838,80,22.926867,6.217456,0.233155,0.110925,0.330691,1,1,9.799695,0.558559,0.330691,0.11023,0.11023,0.111111,0.330691,0.6,0.454545,0.848276,0.139893,0.049757,0.330691,200,1,0,0,1,1,1,0,0,0,1,1,1,0,0,2,0,0,1,0.8,1,1,0.96,0,0,1,1,1,1,1,1,1,0,1,1,1,1,1,2,0,1,1,1,0.6,8,8,0.888889,0.888889,0.792593,1,0.355625,0,0,0,0,0,0,0,0,0,1,0.91,1,0.65,0.110925,0.35,1043.4824,9423,64,29,295,27985.0903,0,0.1625,0,0,1,0,0.533333,0,0,0,0.533333,0,0.619769,0.639566,0.512195,0.591287,0.512195,v5-shortcut-control-v1
dataset-v5,v3,extraction-v2,ranking-aware-v5,seo_weighted_page_quality_v5,94.7368,60.8,натяжные потолки отзывы,натяжные потолки,informational,,,https://vipceiling.ru/moscow/reviews/,vipceiling.ru,2,0,,,content,ok,,..\dataset-v2\artifacts\query--be57a5b0aaf58435.json,2848eae724977a05d1dc4414a9e2575f9ec8b965,459755,60.8,5691,60000,975,401,0.411282,4.7846,90,7.2222,13,1,0,0,1,1,49,1,103,0,0,0,6,0,1,0,0.333333,0,0,3,0.006154,1,80,24,40,0,0,1,0,75,80,28,60,0,0.013849,0.259131,1,0.75,4.802956,0.076923,0.259131,0,0,0,0.168435,0.4,0.890909,0.710345,0.205128,0.057729,0.194348,200,1,0,0,1,1,0,0,0,0,1,1,1,0,0,2,0,0,1,0.8,1,1,0.96,1,5,0,1,1,1,1,0,1,0,0,1,0,0,0,0,1,1,1,1,0.8,6,5,0.666667,0.555556,0.674074,1,0.434196,1,1,0,1,1,0,0,0,0.2875,1,0.91,1,0.862269,0.013849,0.137731,405.0654,1968,29,5,69,5449.8673,0.318739,0.401554,0,0,1,0,0.533333,0,0,0,0.533333,0,0.531826,0.655257,0.319007,0.518348,0.319007,v5-shortcut-control-v1
dataset-v5,v3,extraction-v2,ranking-aware-v5,seo_weighted_page_quality_v5,89.4737,60.8,натяжные потолки отзывы,натяжные потолки,informational,,,https://vyboroved.ru/reyting/2047-luchshie-natyazhnye-potolki.html,vyboroved.ru,3,0,,,content,ok,,..\dataset-v2\artifacts\query--e3e2049eec1ae8ca.json,b20ed41981e0160aae83c443ee138381d2fb3d0f,236115,60.8,9600,60000,1600,1037,0.559935,6.2435,90,17.8077,36,1,4,9,14,1,41,1,170,0,0,0,19,0,0,0,0,8,0.666667,0,0.010259,0.666667,80,13,40,14,2,9,4.5,48.7368,80,7.019438,60,7.559395,0.090866,0.107883,0,1,8.052174,0.368421,0.071922,0,0.071922,0,0.107883,0.266667,0.745455,0.827586,0.227982,0.060407,0.107883,200,1,0,0,1,1,0,0,0,0,1,1,0,0,0,2,0,0,1,0.8,0.5,1,0.86,0,0,1,1,1,1,1,0,0,1,1,0,1,0,1,1,1,1,1,1,0.8,5,8,0.555556,0.888889,0.748148,1,0.481473,1,1,0,1,0,0,0,0,0.1375,1,0.97075,1,0.65,0.090866,0.35,159.3955,1378,66,27,13,8228.0333,0.406858,0.467643,0,0,1,0,0.533333,0,0,0,0.533333,0,0.428664,0.524875,0.284543,0.427402,0.284543,v5-shortcut-control-v1
dataset-v5,v3,extraction-v2,ranking-aware-v5,seo_weighted_page_quality_v5,84.2105,71.2,натяжные потолки отзывы,натяжные потолки,informational,,,https://mixline-shop.ru/blog/natyazhnye-potolki-plyusy-i-minusy,mixline-shop.ru,4,0,,,article,ok,,..\dataset-v2\artifacts\query--fc6a52177af5d840.json,ee3ee975fa64b9cc851bb9696b896f62ba9dbabc,338173,71.2,9600,60000,1600,1200,0.478704,6.4703,90,17.2767,36,1,9,12,18,1,101,1,11613,0,0,0,74,3,25,1,1,9,1,3,0.026938,1,80,24,40,7,2,5,2.5,54.94,67.346196,22.570076,53.876957,2.548234,0.10415,0.210237,1,1,14.848649,0.44,0.210237,0.210237,0.210237,1,0.210237,1,0.163636,0,0.897949,0.100641,0.210237,200,1,0,0,1,1,1,1,0,0,1,1,1,0,0,2,0,0,1,0.8,1,1,0.96,0,0,1,1,1,0,1,0,1,1,1,1,0,0,1,3,1,1,1,1,0.8,5,8,0.555556,0.888889,0.748148,1,0.406349,0,0,0,0,0,0,0,0,0,1,0.91,1,0.65,0.10415,0.35,226.1436,1469,58,58,62,12414.3535,0.270525,0.365394,0,0,1,0,0.533333,0,0,0,0.533333,0,0.582769,0.634118,0.451665,0.59063,0.451665,v5-shortcut-control-v1
dataset-v5,v3,extraction-v2,ranking-aware-v5,seo_weighted_page_quality_v5,78.9474,61.4,натяжные потолки отзывы,натяжные потолки,informational,,,https://tehnos24.ru/otzyvy/,tehnos24.ru,5,0,,,content,ok,,..\dataset-v2\artifacts\query--8b0487729270875e.json,adb73a280ed7965517ed93fda979c29ccb644467,924648,61.4,9600,60000,1600,1200,0.374596,5.6507,90,8.2951,36,1,0,0,1,1,71,1,180,0,0,0,60,1,1,0.333333,0.333333,1,0.333333,3,0.017642,1,80,24,38,8,1,1,1,51.5303,68.509262,28,11.173184,2.352249,0.031763,0.296384,1,1,14.596567,0.015152,0.296384,0.098795,0.098795,0.111111,0.296384,0.6,0.709091,0.758621,0.588062,0.111024,0.296384,200,1,0,0,0,0,0,0,0,0,1,1,1,0,0,1,0,0,1,0.9,1,0.75,0.93,1,2,1,1,1,0,1,0,1,1,1,1,0,1,1,1,1,1,1,1,1,7,8,0.777778,0.888889,0.888889,1,0.330657,0,0,0,0,0,0,0,0,0,1,0.91,1,0.861036,0.031763,0.138964,742.084,4136,36,9,104,10879.1217,0.148218,0.273664,0,0,1,0,0.533333,0,0,0,0.533333,0,0.6252,0.731357,0.435567,0.583313,0.435567,v5-shortcut-control-v1
dataset-v5,v3,extraction-v2,ranking-aware-v5,seo_weighted_page_quality_v5,73.6842,45.0,натяжные потолки отзывы,натяжные потолки,informational,,,https://dzen.ru/a/ZCMvlrAxjCnYTjHZ,dzen.ru,6,0,,,content,ok,,..\dataset-v2\artifacts\query--9e5d9d4c3ed8034e.json,81a92400fb8ede95872d1a4e3534367d24cdf028,2449163,45.0,2485,60000,345,209,0.605797,6.0493,20,17.25,2,1,0,1,2,1,104,1,188,0,0,0,27,3,4,1,0.666667,1,0.333333,16,0.078261,1,18,7,9,1,1,1,1,172.5,52.173913,20.289855,26.086957,2.898551,0.001036,0.359682,1,1,19.166667,1,0.359682,0.359682,0.119894,0.333333,0.082727,0.833333,0.109091,0.703448,0,0.041763,0.359682,200,1,0,0,1,1,1,0,1,0,0,0,1,0,0,2,0,0,1,0.8,0.5,1,0.66,1,3,0,1,1,1,1,0,1,0,1,1,1,0,1,1,1,0,1,1,0.8,6,7,0.666667,0.777778,0.748148,1,0.195633,0,0,0,0,0,0,0,0,0,0,0.43425,1,0.995468,0.001036,0.004532,2351.2256,765,42,16,7,14640.8893,0.241667,0.34375,0,0,1,0,0.533333,0,0,0,0.533333,0,0.61523,0.707266,0.376909,0.559262,0.376909,v5-shortcut-control-v1
dataset-v5,v3,extraction-v2,ranking-aware-v5,seo_weighted_page_quality_v5,68.4211,69.6,натяжные потолки отзывы,натяжные потолки,informational,,,https://psmith.ru/about/potolki-reviews,psmith.ru,7,0,,,content,ok,,..\dataset-v2\artifacts\query--66106d6fca2fee7f.json,12ae468fdc7fb07efb19beb90e692c1d25312b5f,201510,69.6,9600,60000,1600,1200,0.423768,5.5935,90,10.767,36,1,2,0,3,1,91,1,162,0,0,0,72,1,2,0.333333,0.666667,2,0.666667,11,0.023968,1,80,24,40,24,2,27,13.5,42.3099,52.929427,18.9747,29.627164,9.653795,0.18704,0.307994,1,1,18.893082,0.042254,0.307994,0.102665,0.205329,0.222222,0.307994,0.683333,0.345455,0.882759,0.798935,0.130518,0.307994,200,1,0,0,1,1,0,0,0,0,1,1,1,0,0,2,0,0,1,0.8,1,1,0.96,1,3,1,1,1,1,1,0,1,1,1,1,1,0,1,2,1,1,1,1,1,7,9,0.777778,1,0.925926,1,0.545285,0,0,0,0,0,0,0,0,0,1,0.91,1,0.341429,0.18704,0.658571,127.3164,1179,11,2,57,4443.8272,0.600093,0.61257,0,0,1,0,0.533333,0,0,0,0.533333,0,0.642348,0.744699,0.422649,0.609381,0.422649,v5-shortcut-control-v1
dataset-v5,v3,extraction-v2,ranking-aware-v5,seo_weighted_page_quality_v5,63.1579,72.9,натяжные потолки отзывы,натяжные потолки,informational,,,https://kaskadagenstvo.ru/natyazhnye-potolki-otzyvy-nedostatki-problemy/,kaskadagenstvo.ru,8,0,,,content,ok,,..\dataset-v2\artifacts\query--04cefd8f2e23fd26.json,e6db04324ef7b1c17e050d5cbe3e508adebfcf59,156050,72.9,9600,60000,1600,917,0.473168,6.4138,90,15.2598,36,1,7,7,15,1,45,1,253,1,1,2,59,3,3,1,1,12,1,12,0.030444,1,80,24,40,1,3,20,6.666667,39.551,45.923633,12.383901,28.379773,0.515996,0.162861,0.124024,1,1,21.775281,0.306122,0.124024,0.124024,0.124024,1,0.124024,1,0.818182,0.255172,0.985208,0.058684,0.124024,200,1,0,0,1,1,1,0,0,0,1,1,1,0,0,1,0,0,1,0.9,1,1,0.98,0,0,0,1,1,0,1,0,1,0,1,1,0,0,1,1,1,1,1,1,0.6,5,6,0.555556,0.666667,0.607407,1,0.640423,1,4,0,4,0,0,0,0,0.55,1,0.946,1,0.508571,0.162861,0.491429,101.377,656,24,14,24,3818.469,0.549018,0.574264,0,0,1,0,0.533333,0,0,0,0.533333,0,0.53015,0.583697,0.407114,0.547431,0.407114,v5-shortcut-control-v1
dataset-v5,v3,extraction-v2,ranking-aware-v5,seo_weighted_page_quality_v5,57.8947,69.7,натяжные потолки отзывы,натяжные потолки,informational,,,https://onello.ru/natyazhnye-potolki-dostoinstva-i-nedostatki-otzyvy/,onello.ru,9,0,,,content,ok,,..\dataset-v2\artifacts\query--2b3c3a5445b738f3.json,09dd77054def937f0a0149090216893f92c3bb1e,146118,69.7,9600,60000,1600,879,0.484298,6.1642,90,15.3814,36,1,7,5,13,1,49,0,0,0,0,0,52,3,0,1,0,8,1,10,0.02865,1,80,24,40,8,3,20,6.666667,42.2093,47.933884,13.22314,27.548209,4.407713,0.153092,0.133723,1,1,20.862069,0.302326,0.133723,0.133723,0.133723,1,0.133723,1,0.890909,0,0.955005,0.064762,0.133723,200,1,0,0,1,1,1,0,0,0,1,1,1,0,0,1,0,0,1,0.9,1,1,0.98,0,0,0,1,1,1,1,0,1,1,1,1,0,0,1,1,1,1,1,1,0.6,6,7,0.666667,0.777778,0.681481,1,0.647627,1,4,0,4,0,0,0,0,0.55,1,0.946,1,0.482857,0.153092,0.517143,96.167,651,22,15,24,4298.0674,0.553153,0.577365,0,0,1,0,0.533333,0,0,0,0.533333,0,0.554005,0.598961,0.412474,0.561722,0.412474,v5-shortcut-control-v1
dataset-v5,v3,extraction-v2,ranking-aware-v5,seo_weighted_page_quality_v5,52.6316,68.1,натяжные потолки отзывы,натяжные потолки,informational,,,https://nwlife.ru/o-kompanii/article/plyusyi-i-minusyi-natyazhnyix-potolkov/,nwlife.ru,10,0,,,article,ok,,..\dataset-v2\artifacts\query--460078a74e9e708a.json,76e2ea9876a7a373fb368769958a5f5571ecdd83,399993,68.1,9600,60000,1600,1040,0.475973,6.0522,90,13.4049,36,1,6,12,18,1,77,1,373,0,0,0,40,0,2,0,0.666667,2,0.666667,7,0.018307,1,80,24,34,14,0,4,0,43.7,80,16.018307,15.560641,6.407323,0.052327,0.318597,1,0.75,6.333333,0.48,0.318597,0,0.212398,0,0.318597,0.566667,0.6,0,0.610221,0.151643,0.238948,200,1,0,0,1,1,0,0,0,0,1,1,1,0,0,3,0,0,1,0.7,1,1,0.94,1,4,1,1,1,0,1,1,1,1,1,1,1,1,1,1,1,1,1,1,1,8,9,0.888889,1,0.962963,1,0.491135,0,0,0,0,0,0,0,0,0,1,0.92125,1,0.50107,0.052327,0.49893,311.5918,1573,14,3,35,5341.2397,0.509144,0.544358,0,0,1,0,0.533333,0,0,0,0.533333,0,0.63028,0.734855,0.513744,0.588006,0.513744,v5-shortcut-control-v1
dataset-v5,v3,extraction-v2,ranking-aware-v5,seo_weighted_page_quality_v5,100.0,84.0,пластиковые окна Москва,пластиковые окна,commercial,Москва,213,https://www.fabrikaokon.ru/,fabrikaokon.ru,1,0,,,homepage,ok,,..\dataset-v2\artifacts\query--56371f6f2be5315b.json,9948fb1d1b39b200fb253d0e6bfdca9ca473e483,437120,84.0,9600,60000,1600,1200,0.3818,5.9652,90,14.6791,36,1,4,9,14,1,73,1,165,0,0,0,94,3,2,0.666667,0.666667,5,0.666667,22,0.023894,1,80,24,3,0,18,109,6.055556,78.68,80,28,0.762583,0,0.104092,0.70393,1,1,9.411483,0.28,0.70393,0.469287,0.469287,0.444444,0.70393,0.8,0.672727,0.862069,0.796475,0.26876,0.70393,200,1,0,0,1,1,1,0,0,0,1,1,1,0,0,0,0,0,1,1,1,1,1,1,9,1,1,1,1,1,1,1,1,1,1,1,1,1,4,1,1,1,1,1,9,9,1,1,1,1,0.598778,3,3,0,3,1,1,1,0,0.8125,1,0.91,1,0.65,0.104092,0.35,295.3096,2744,45,27,167,7979.9319,0.213484,0.322613,0,0,0,0,0.583333,1,0,0.583333,0,0,0.848474,0.887782,0.737039,0.807474,0.771769,v5-shortcut-control-v1
dataset-v5,v3,extraction-v2,ranking-aware-v5,seo_weighted_page_quality_v5,94.7368,78.8,пластиковые окна Москва,пластиковые окна,commercial,Москва,213,https://www.mosokna.ru/,mosokna.ru,2,0,,,homepage,ok,,..\dataset-v2\artifacts\query--ddca19520dcad8d7.json,ddf32d58814cdf312ef1fb615cfe2fa6842c81af,1300027,78.8,9600,60000,1600,1068,0.360445,5.9109,90,24.6917,36,1,10,1,13,1,60,1,230,0,0,0,94,3,2,0.666667,0.333333,3,0.333333,14,0.031725,1,80,24,40,1,4,24,6,7.1743,80,28,60,0.337496,0.020924,0.700089,1,1,8.897898,0.031477,0.700089,0.466726,0.233363,0.222222,0.700089,0.716667,0.909091,0.413793,0.942513,0.252344,0.700089,200,1,0,0,1,1,0,0,0,0,1,1,1,0,0,0,0,0,1,1,1,1,1,1,6,0,1,1,1,1,1,1,1,1,1,1,1,1,23,1,1,1,1,0.8,9,8,1,0.888889,0.896296,1,0.29101,0,0,0,0,0,0,0,0,0,1,0.91,1,0.908459,0.020924,0.091541,1056.1533,3953,215,22,400,10767.7098,0,0.1625,0,0,0,0,0.583333,1,0,0.583333,0,0,0.812533,0.847272,0.718821,0.769197,0.73837,v5-shortcut-control-v1
dataset-v5,v3,extraction-v2,ranking-aware-v5,seo_weighted_page_quality_v5,89.4737,83.9,пластиковые окна Москва,пластиковые окна,commercial,Москва,213,https://www.okno-moskva.ru/,okno-moskva.ru,3,0,,,homepage,ok,,..\dataset-v2\artifacts\query--93aa1bf9b74a0cbc.json,4a555754482acccb96697fbad6a1266e751ac086,909127,83.9,9600,60000,1600,1200,0.383392,6.0642,90,17.8635,36,1,10,6,18,1,73,1,239,0,0,0,145,3,3,0.666667,0.666667,13,0.666667,17,0.029952,1,80,24,40,17,4,36,9,37.5271,80,28,32.431316,3.511671,0.048617,0.748859,1,1,11.154378,0.317829,0.748859,0.499239,0.499239,0.444444,0.748859,0.8,0.672727,0.351724,0.998416,0.287106,0.748859,200,1,0,0,1,1,1,0,0,0,1,1,1,0,0,0,0,0,1,1,1,1,1,1,77,1,1,1,1,1,1,1,1,1,1,1,1,1,20,1,1,1,1,1,9,9,1,1,1,1,0.499709,5,4,0,3,0,1,0,0,0.65,1,0.91,1,0.787302,0.048617,0.212698,734.3789,4508,96,68,422,13998.994,0.08485,0.226137,0,0,0,0,0.583333,1,0,0.583333,0,0,0.865322,0.899575,0.759684,0.824322,0.791986,v5-shortcut-control-v1
dataset-v5,v3,extraction-v2,ranking-aware-v5,seo_weighted_page_quality_v5,84.2105,82.8,пластиковые окна Москва,пластиковые окна,commercial,Москва,213,https://rusokna.ru/,rusokna.ru,4,0,,,homepage,ok,,..\dataset-v2\artifacts\query--0f3c2cb87e197023.json,4ca96d2642bd7858c2e0d9080fd601c00195c6b2,744331,82.8,9600,60000,1600,1200,0.367854,5.9726,90,15.1348,36,1,10,12,18,1,78,1,203,0,0,0,163,4,4,0.666667,0.666667,22,0.666667,22,0.038191,1,80,24,40,24,5,38,7.6,48.5,80,22.258669,56.935333,16.869728,0.052256,0.779424,1,1,11.535135,0.727273,0.779424,0.519616,0.519616,0.444444,0.779424,0.8,0.581818,0.6,0.72696,0.286714,0.779424,200,1,0,0,1,1,0,0,0,0,1,1,1,0,0,0,0,0,1,1,1,1,1,1,4,1,1,1,1,1,1,1,1,1,1,0,1,1,7,1,1,1,1,1,9,8,1,0.888889,0.962963,1,0.437821,3,2,1,2,1,0,0,0,0.358333,1,0.91,1,0.771382,0.052256,0.228618,606.0469,2709,72,30,95,8636.4884,0.122447,0.254335,0,0,0,0,0.583333,1,0,0.583333,0,0,0.876784,0.907599,0.773544,0.835784,0.805741,v5-shortcut-control-v1
dataset-v5,v3,extraction-v2,ranking-aware-v5,seo_weighted_page_quality_v5,78.9474,72.8,пластиковые окна Москва,пластиковые окна,commercial,Москва,213,https://mosplastokna.ru/,mosplastokna.ru,5,0,,,homepage,ok,,..\dataset-v2\artifacts\query--5aaa610df8966bd0.json,1868ca36f5886bc947761da7e7f84905a1c2fde4,82910,72.8,8421,49957,1121,655,0.5843,6.314,73,15.3562,17,1,4,7,12,1,80,1,154,0,0,0,33,3,3,0.666667,0.666667,6,0.666667,16,0.029438,1,45,13,34,17,1,9,9,65.9412,40.14273,11.596789,30.330062,15.165031,0.168565,0.762319,1,1,24.911111,0.705882,0.762319,0.508213,0.508213,0.444444,0.569706,0.8,0.545455,0.937931,0.981267,0.277399,0.762319,200,1,0,0,0,0,1,0,0,0,1,1,1,0,0,0,0,0,1,1,1,0.75,0.95,1,2,1,1,1,1,1,0,0,1,1,1,0,0,1,2,0,1,1,1,0.8,6,8,0.666667,0.888889,0.785185,1,0.504218,0,0,0,0,0,0,0,0,0,1,0.97075,1,0.547143,0.168565,0.452857,56.2188,554,27,16,13,7320.2327,0.574355,0.593266,0,0,0,0,0.583333,1,0,0.583333,0,0,0.786245,0.833984,0.673552,0.776995,0.784294,v5-shortcut-control-v1
dataset-v5,v3,extraction-v2,ranking-aware-v5,seo_weighted_page_quality_v5,73.6842,27.0,пластиковые окна Москва,пластиковые окна,commercial,Москва,213,https://oknober.ru/,oknober.ru,6,0,,,homepage,ok,,..\dataset-v2\artifacts\query--8497880d8e9cee92.json,58c1b7e3c1f1ae26648a05aec0712b7682f800a5,14533,27.0,114,11899,20,11,0.55,4.65,1,20,1,0,1,0,1,0,0,0,0,0,0,0,0,0,0,0,0,0,0,0,0,0,1,0,0,0,0,0,0,20,50,0,0,0,0.009581,0.088455,0,0,20,1,0,0,0,0,0.001179,0,0,0,0,0.000541,0,200,1,0,0,0,0,1,1,1,0,0,1,0,0,0,0,0,0,1,1,0.5,0.75,0.65,0,0,0,0,0,0,1,0,0,0,1,0,0,0,0,0,0,0,1,1,0,0,3,0,0.333333,0.111111,1,0.52247,0,0,0,0,0,0,0,0,0,1,0.765833,1,0.559513,0.009581,0.440487,11.9307,30,4,2,0,2746.7448,0.951564,0.88356,0,0,0,0,0.583333,1,0,0.583333,0,0,0.067557,0.062913,0.08112,0.171711,0.19423,v5-shortcut-control-v1
dataset-v5,v3,extraction-v2,ranking-aware-v5,seo_weighted_page_quality_v5,68.4211,30.6,пластиковые окна Москва,пластиковые окна,commercial,Москва,213,https://lemanapro.ru/catalogue/plastikovye-okna/,lemanapro.ru,7,0,,,product,ok,,..\dataset-v2\artifacts\query--5aca822b90ec347e.json,ffeeea5ca724e83067b8ac5b8768d9bd6ea1aca0,10071,30.6,77,8264,13,13,1,5,1,13,1,1,0,0,1,1,12,0,0,0,0,0,0,0,0,0,0,0,0,0,0,0,1,0,0,0,0,0,0,13,76.923077,0,0,0,0.009318,0,0,0,13,1,0,0,0,0,0,0,0.218182,0,0,0,0,403,0,0,0,0,0,0,0,0,0,0,1,1,0,0,2,0,0,1,0.8,1,0.75,0.71,1,1,0,0,0,0,0,0,0,0,0,0,0,0,0,0,0,0,0,0,0.2,1,0,0.111111,0,0.103704,1,0.536196,0,0,0,0,0,0,0,0,0,1,0.760695,1,0.509236,0.009318,0.490764,8.1094,40,0,2,0,3039.0714,0.97443,0.893323,0,0,0,0,0.583333,1,0,0.583333,0,0,0.090024,0.152875,0.063245,0.189074,0.185749,v5-shortcut-control-v1
dataset-v5,v3,extraction-v2,ranking-aware-v5,seo_weighted_page_quality_v5,63.1579,80.0,пластиковые окна Москва,пластиковые окна,commercial,Москва,213,https://fokus-komforta.ru/,fokus-komforta.ru,8,0,,,homepage,ok,,..\dataset-v2\artifacts\query--dc2034aff19a5838.json,6c7655950e99e6c9cb5ee7fec233932be16b6756,1627623,80.0,9600,60000,1600,1200,0.241384,5.9278,90,22.9912,36,1,10,4,18,1,73,1,153,0,0,0,208,3,3,0.666667,0.666667,14,0.666667,3,0.026453,1,80,24,40,3,11,210,19.090909,122.8594,77.70571,28,38.026199,0.381534,0.04578,0.604481,1,1,12.869067,0.5,0.604481,0.402987,0.402987,0.444444,0.604481,0.8,0.672727,0.944828,0.881767,0.145912,0.604481,200,1,0,0,1,1,1,0,0,0,1,1,1,0,0,0,0,0,1,1,1,1,1,1,5,1,1,1,1,1,1,1,1,1,1,1,1,1,96,1,1,1,1,1,9,9,1,1,1,1,0.505698,1,4,0,5,1,0,0,0,0.75,1,0.91,1,0.79971,0.04578,0.20029,1247.2451,8834,54,44,436,9582.0861,0,0.1625,0,0,0,0,0.583333,1,0,0.583333,0,0,0.81118,0.861676,0.677048,0.77018,0.727016,v5-shortcut-control-v1
dataset-v5,v3,extraction-v2,ranking-aware-v5,seo_weighted_page_quality_v5,57.8947,74.3,пластиковые окна Москва,пластиковые окна,commercial,Москва,213,https://okno.ru/,okno.ru,9,0,,,homepage,ok,,..\dataset-v2\artifacts\query--9cc3773bf0b97fa3.json,75140d574abf79d2784823773318fe4c4734bcaf,638279,74.3,9600,60000,1600,1200,0.325924,5.991,90,23.8827,36,1,10,6,18,1,73,1,194,0,0,0,104,3,2,0.666667,0.666667,3,0.666667,9,0.02688,1,80,24,40,3,9,98,10.888889,30.952,80,28,21.194107,0.775394,0.060809,0.656818,1,1,5.75744,0.216,0.656818,0.437879,0.437879,0.444444,0.656818,0.8,0.672727,0.662069,0.896011,0.214073,0.656818,200,1,0,0,0,0,1,0,0,0,1,1,1,0,0,0,0,0,1,1,1,0.75,0.95,1,3,1,1,1,1,1,1,1,1,1,1,1,1,1,17,1,1,1,1,1,9,9,1,1,1,1,0.437185,1,1,0,1,0,1,0,0,0.2875,1,0.91,1,0.733959,0.060809,0.266041,465.5859,4153,70,42,161,12323.2951,0.163598,0.285199,0,0,0,0,0.583333,1,0,0.583333,0,0,0.826682,0.87129,0.704916,0.777432,0.736818,v5-shortcut-control-v1
dataset-v5,v3,extraction-v2,ranking-aware-v5,seo_weighted_page_quality_v5,52.6316,73.8,пластиковые окна Москва,пластиковые окна,commercial,Москва,213,https://www.melke.ru/,melke.ru,10,0,,,homepage,ok,,..\dataset-v2\artifacts\query--b6f7caad08b433b4.json,ca187d1eab7922d8c45ee33e338ea8d12513dde3,1119762,73.8,9600,60000,1600,1200,0.361068,5.9645,90,23.3761,36,1,10,2,18,1,79,1,206,0,0,0,222,2,3,0.666667,0.666667,3,0.666667,65,0.043564,1,80,24,40,2,2,77,38.5,137.7297,80,28,60,0.392465,0.042233,0.61191,1,1,11.375,0.567568,0.61191,0.40794,0.40794,0.444444,0.61191,0.8,0.563636,0.57931,0.547881,0.220941,0.61191,200,1,0,0,0,0,0,0,0,0,1,1,1,0,0,0,0,0,1,1,1,0.75,0.95,1,8,1,1,1,1,1,1,1,1,1,1,1,1,1,35,1,1,1,1,1,9,9,1,1,1,1,0.547304,6,4,0,6,1,1,0,0,0.9,1,0.91,1,0.815229,0.042233,0.184771,878.6152,4580,76,16,372,10727.333,0.042593,0.194445,0,0,0,0,0.583333,1,0,0.583333,0,0,0.809841,0.859501,0.685307,0.760591,0.71661,v5-shortcut-control-v1
dataset-v5,v3,extraction-v2,ranking-aware-v5,seo_weighted_page_quality_v5,100.0,73.6,пластиковые окна Санкт-Петербург,пластиковые окна,commercial,Санкт-Петербург,2,https://zavod-plastikovih-okon.ru/,zavod-plastikovih-okon.ru,1,0,,,homepage,ok,,..\dataset-v2\artifacts\query--769613133f0bf270.json,299677c8e185a5faad7633f44907eb725800f0c6,850798,73.6,3112,60000,463,280,0.604752,5.5508,18,25.7222,36,1,7,3,11,1,104,1,163,0,0,0,33,3,4,0.75,0.75,2,0.5,17,0.071274,0.75,80,24,40,0,5,11,2.2,5.1444,80,28,60,0,0.004009,0.640767,1,1,0.972689,0.122222,0.480575,0.480575,0.320383,0.375,0.197783,0.75,0.109091,0.875862,0,0.099675,0.640767,200,1,0,0,1,1,1,0,0,0,1,1,1,0,0,0,0,0,1,1,1,1,1,1,3,0,1,1,1,1,1,1,1,1,1,1,1,1,1,1,1,1,1,0.8,9,8,1,0.888889,0.896296,1,0.285876,0,0,0,0,0,0,0,0,0,1,0.91,1,0.98246,0.004009,0.01754,780.6719,4444,81,71,245,11085.0725,0.071288,0.215966,0,0,0,0,0.5,1,0,0.5,0,0,0.758565,0.812485,0.579769,0.735166,0.689316,v5-shortcut-control-v1
dataset-v5,v3,extraction-v2,ranking-aware-v5,seo_weighted_page_quality_v5,89.4737,69.4,пластиковые окна Санкт-Петербург,пластиковые окна,commercial,Санкт-Петербург,2,https://markakachestva.ru/amenities/2860-luchshie-firmy-plastikovyh-okon-spb.html,markakachestva.ru,3,0,,,content,ok,,..\dataset-v2\artifacts\query--372c16047afbf603.json,d0466d3ff4702e2a31d473e8fbf98d36b344d565,637208,69.4,9600,60000,1600,1200,0.37048,5.5982,90,13.55,36,1,10,1,13,1,52,1,279,0,0,0,116,0,0,0,0,6,0.25,12,0.021402,1,80,24,40,24,4,29,7.25,30.9714,45.01845,28,40.590406,7.01107,0.074791,0.702909,1,1,22.213115,0.074286,0.702909,0,0.175727,0,0.702909,0.4625,0.945455,0.075862,0.713407,0.260414,0.702909,200,1,0,0,1,1,0,0,0,0,1,1,1,0,0,2,0,0,1,0.8,1,1,0.96,1,12,0,1,1,1,1,0,1,1,1,1,1,0,1,1,1,1,1,1,0.8,7,8,0.777778,0.888889,0.822222,1,0.484225,2,2,0,2,1,0,0,0,0.425,1,0.91,1,0.67279,0.074791,0.32721,513.4082,2799,45,24,219,11866.9383,0.149587,0.27469,0,0,0,0,0.5,1,0,0.5,0,0,0.728057,0.785105,0.615539,0.664489,0.638695,v5-shortcut-control-v1
dataset-v5,v3,extraction-v2,ranking-aware-v5,seo_weighted_page_quality_v5,84.2105,71.6,пластиковые окна Санкт-Петербург,пластиковые окна,commercial,Санкт-Петербург,2,https://okna-spb.ru/,okna-spb.ru,4,0,,,homepage,ok,,..\dataset-v2\artifacts\query--a740ef54d7117de2.json,453d65d2e6c45be6221ebd63ebfa19af14f56a56,633608,71.6,9600,60000,1600,1014,0.21209,5.1418,90,38,36,1,10,0,18,1,72,1,206,0,0,0,210,3,4,0.5,0.75,12,0.75,17,0.043924,0.75,80,24,40,24,11,145,13.181818,10.2158,80,28,47.897929,39.74064,0.074182,0.296058,1,1,8.5681,0.040598,0.222044,0.148029,0.222044,0.375,0.296058,0.725,0.690909,0.57931,0.401903,0.062791,0.296058,200,1,0,0,1,1,1,0,0,0,1,1,1,0,0,0,0,0,1,1,1,1,1,1,4,0,1,1,1,1,1,1,1,1,1,1,1,1,106,1,1,1,1,0.8,9,8,1,0.888889,0.896296,1,0.470959,3,2,1,2,1,0,0,0,0.358333,1,0.91,1,0.675455,0.074182,0.324545,439.3711,4527,40,45,251,6148.245,0.171278,0.290959,0,0,0,0,0.5,1,0,0.5,0,0,0.636835,0.727054,0.488055,0.611965,0.542774,v5-shortcut-control-v1
dataset-v5,v3,extraction-v2,ranking-aware-v5,seo_weighted_page_quality_v5,78.9474,79.5,пластиковые окна Санкт-Петербург,пластиковые окна,commercial,Санкт-Петербург,2,https://okna-centre.ru/,okna-centre.ru,5,0,,,homepage,ok,,..\dataset-v2\artifacts\query--0e971ad0d45da50c.json,00b8ae5d630bbfefab3b171204292e8bb12964bf,1742433,79.5,9600,60000,1600,1000,0.336022,5.8505,90,20.5241,36,1,10,12,18,1,52,1,165,0,0,0,79,3,3,0.75,0.75,19,0.75,13,0.026546,1,80,24,0,24,0,20,0,7.0024,44.69086,28,0,40,0.013105,0.665053,1,0.5,22.37594,0.12,0.665053,0.49879,0.49879,0.5625,0.665053,0.85,0.945455,0.862069,0.884857,0.223472,0.332527,200,1,0,0,1,1,0,0,0,0,1,1,1,0,0,0,0,0,1,1,1,1,1,1,2,1,1,1,1,1,1,1,1,1,1,0,0,1,24,1,1,1,1,1,8,8,0.888889,0.888889,0.925926,1,0.311364,1,1,0,0,0,0,0,0,0.0875,1,0.91,1,0.942667,0.013105,0.057333,1575.5918,9403,177,12,457,11644.0368,0.0375,0.190625,0,0,0,0,0.5,1,0,0.5,0,0,0.772184,0.840598,0.662157,0.772642,0.771744,v5-shortcut-control-v1
dataset-v5,v3,extraction-v2,ranking-aware-v5,seo_weighted_page_quality_v5,73.6842,75.2,пластиковые окна Санкт-Петербург,пластиковые окна,commercial,Санкт-Петербург,2,https://spb.okna-plastikovyye.ru/,spb.okna-plastikovyye.ru,6,0,,,homepage,ok,,..\dataset-v2\artifacts\query--4c684d0f4a4a22da.json,a03d8fe2814346ad8ea78787c17433c44d062095,494797,75.2,9600,60000,1600,1121,0.323988,5.8731,90,11.9723,36,1,6,0,7,1,44,1,44,0,0,0,152,3,3,0.75,0.75,5,0.5,34,0.043931,1,80,24,40,7,9,146,16.222222,13.2061,67.630058,28,60,2.023121,0.074646,0.349158,1,1,14.786325,0.026718,0.349158,0.261869,0.174579,0.375,0.349158,0.7875,0.8,0.303448,0.535645,0.113123,0.349158,200,1,0,0,1,1,1,0,0,0,1,1,1,0,0,0,0,0,1,1,1,1,1,1,4,1,1,1,1,1,1,1,1,1,1,1,0,1,27,1,1,1,1,1,8,9,0.888889,1,0.962963,1,0.599306,4,4,0,4,1,1,0,0,0.85,1,0.91,1,0.673422,0.074646,0.326578,349.7666,3076,48,45,146,5583.0474,0.197529,0.310647,0,0,0,0,0.5,1,0,0.5,0,0,0.693655,0.780749,0.495162,0.661595,0.608689,v5-shortcut-control-v1
dataset-v5,v3,extraction-v2,ranking-aware-v5,seo_weighted_page_quality_v5,68.4211,26.6,пластиковые окна Санкт-Петербург,пластиковые окна,commercial,Санкт-Петербург,2,https://spb.oknafactoria.ru/,spb.oknafactoria.ru,7,0,,,homepage,ok,,..\dataset-v2\artifacts\query--346a0aa3b9a3212b.json,ec2cff1543f33f09eff2dd03ae2bf33a44408a21,15628,26.6,125,12965,23,11,0.478261,4.3913,1,23,1,0,1,0,1,0,0,0,0,0,0,0,0,0,0,0,0,0,0,0,0,0,1,0,0,0,0,0,0,23,43.478261,0,0,0,0.009641,0.057629,0,0,23,1,0,0,0,0,0.000884,0,0,0,0,0.000352,0,200,1,0,0,0,0,1,1,1,0,0,1,0,0,0,0,0,0,1,1,0.5,0.75,0.65,0,0,0,0,0,0,1,0,0,0,1,0,0,0,0,0,0,0,1,1,0,0,3,0,0.333333,0.111111,1,0.520994,0,0,0,0,0,0,0,0,0,1,0.767361,1,0.559248,0.009641,0.440752,12.9678,31,4,2,0,3017.2623,0.951149,0.875862,0,0,0,0,0.5,1,0,0.5,0,0,0.062702,0.059676,0.076201,0.167935,0.188835,v5-shortcut-control-v1
dataset-v5,v3,extraction-v2,ranking-aware-v5,seo_weighted_page_quality_v5,63.1579,80.0,пластиковые окна Санкт-Петербург,пластиковые окна,commercial,Санкт-Петербург,2,https://zavod-okna-pvh.ru/,zavod-okna-pvh.ru,8,0,,,homepage,ok,,..\dataset-v2\artifacts\query--9cdfe61e886f2ec8.json,fab54753709c07e26a31513fa062adff400214af,406467,80.0,9600,60000,1600,1200,0.376187,6.0738,90,18.417,36,1,10,0,18,1,92,1,152,0,0,0,135,3,1,0.75,0.25,15,0.75,23,0.032871,1,80,24,40,0,12,145,12.083333,16.9711,46.992939,28,47.966886,0,0.11118,0.659756,1,1,21.279793,0.07438,0.659756,0.494817,0.494817,0.5625,0.659756,0.85,0.327273,0.951724,0.90431,0.248192,0.659756,200,1,0,0,1,1,1,0,0,0,1,1,1,0,0,0,0,0,1,1,1,1,1,1,1,1,1,1,1,1,1,1,1,1,1,0,0,1,10,1,1,1,1,1,8,8,0.888889,0.888889,0.925926,1,0.539562,2,2,0,2,1,0,0,0,0.425,1,0.91,1,0.585714,0.11118,0.414286,287.8516,2639,30,7,187,5207.3898,0.328615,0.408961,0,0,0,0,0.5,1,0,0.5,0,0,0.82012,0.870397,0.662683,0.795542,0.769261,v5-shortcut-control-v1
dataset-v5,v3,extraction-v2,ranking-aware-v5,seo_weighted_page_quality_v5,57.8947,76.3,пластиковые окна Санкт-Петербург,пластиковые окна,commercial,Санкт-Петербург,2,https://okna.spb.ru/,okna.spb.ru,9,0,,,homepage,ok,,..\dataset-v2\artifacts\query--fa11b1fb7a725500.json,181fe3da32d247ebd5cd01c37f97dbfab9e0a69f,732896,76.3,9600,60000,1600,1135,0.314404,6.013,90,20.0556,36,2,4,12,18,1,88,1,231,0,0,0,179,3,2,0.75,0.5,4,0.5,15,0.049584,1,80,24,40,14,5,16,3.2,85.9524,80,28,50.692521,3.878116,0.045541,0.659664,1,1,8.534279,0.595238,0.659664,0.494748,0.329832,0.375,0.659664,0.7875,0.4,0.406897,0.347184,0.207401,0.659664,200,1,0,0,1,1,0,0,0,0,1,1,1,0,0,0,0,0,1,1,1,1,1,1,12,1,1,1,0,1,1,1,1,1,1,0,1,1,13,1,1,1,1,1,8,8,0.888889,0.888889,0.925926,1,0.41401,1,1,0,1,1,0,0,0,0.2875,1,0.91,1,0.800759,0.045541,0.199241,583.4541,3523,51,26,190,31577.5469,0.129066,0.2593,0,0,0,0,0.5,1,0,0.5,0,0,0.809512,0.861675,0.707173,0.776288,0.746476,v5-shortcut-control-v1
dataset-v5,v3,extraction-v2,ranking-aware-v5,seo_weighted_page_quality_v5,52.6316,57.9,пластиковые окна Санкт-Петербург,пластиковые окна,commercial,Санкт-Петербург,2,https://zavodokon-spb.ru/,zavodokon-spb.ru,10,0,,,homepage,ok,,..\dataset-v2\artifacts\query--6270749bfb79f31d.json,5efce603b566a06b6570f23b4c9c6fc87934be65,1110794,57.9,4652,60000,692,304,0.439306,5.6286,15,38,36,1,2,9,12,1,55,1,103,0,0,0,10,1,2,0.25,0.5,2,0.25,3,0.014451,0.5,80,24,7,0,7,57,8.142857,7.0612,80,28,10.115607,0,0.004477,0.254079,0.75,1,8.54321,0.122449,0.127039,0.06352,0.06352,0.0625,0.117215,0.4125,1,0.710345,0.240848,0.042911,0.254079,200,1,0,0,1,1,0,0,0,0,1,1,0,0,0,0,0,0,1,1,0.5,1,0.9,1,2,0,1,1,1,1,0,0,1,0,1,0,0,1,15,1,1,1,1,0.8,6,6,0.666667,0.666667,0.711111,1,0.273332,0,0,0,0,0,0,0,0,0,1,0.91,1,0.980412,0.004477,0.019588,1018.3652,2191,85,83,150,10526.5926,0.001651,0.163738,0,0,0,0,0.5,1,0,0.5,0,0,0.490217,0.626522,0.316531,0.479351,0.413386,v5-shortcut-control-v1
dataset-v5,v3,extraction-v2,ranking-aware-v5,seo_weighted_page_quality_v5,100.0,76.4,пластиковые окна Екатеринбург,пластиковые окна,commercial,Екатеринбург,54,https://ekb.okna-olkon.ru/,ekb.okna-olkon.ru,1,0,,,homepage,ok,,..\dataset-v2\artifacts\query--a900a31a99297612.json,9f7c2f7105ef2b0d8198e98e6d4ff5a9da49d234,411758,76.4,8571,60000,1320,475,0.359848,5.2545,90,14.3478,36,1,10,12,18,1,50,1,164,0,0,0,38,2,4,0.666667,0.666667,4,1,14,0.028788,1,69,24,18,7,9,88,9.777778,18.0822,52.272727,28,13.636364,5.30303,0.024156,0.60036,1,1,19.130435,0.890411,0.60036,0.40024,0.60036,0.666667,0.528317,0.883333,0.909091,0.868966,0.959596,0.158428,0.60036,200,1,0,0,1,1,0,0,0,0,1,1,0,0,0,0,0,0,1,1,0.5,1,0.9,1,2,1,1,1,1,1,0,0,1,1,1,0,0,1,1,0,1,1,1,0.8,6,8,0.666667,0.888889,0.785185,1,0.346122,0,0,0,0,0,0,0,0,0,1,0.91,1,0.894317,0.024156,0.105683,356.623,1084,46,40,101,7999.8616,0.275076,0.368807,0,0,0,0,0.583333,1,0,0.583333,0,0,0.734889,0.798348,0.611843,0.727729,0.726007,v5-shortcut-control-v1
dataset-v5,v3,extraction-v2,ranking-aware-v5,seo_weighted_page_quality_v5,57.8947,78.3,пластиковые окна Екатеринбург,пластиковые окна,commercial,Екатеринбург,54,https://plastikovye-okna-ekb.ru/,plastikovye-okna-ekb.ru,9,0,,,homepage,ok,,..\dataset-v2\artifacts\query--378fc8b242bdc079.json,6d34a3192d1e09d1c6430738e3d9be1486e38d50,461770,78.3,9600,60000,1600,1154,0.309466,5.6736,90,12.5556,36,1,10,1,17,1,73,1,166,0,0,0,135,3,4,0.666667,1,7,0.666667,20,0.036203,1,80,24,35,15,6,77,12.833333,13.8111,49.074819,28,9.385894,4.022526,0.07828,0.519797,1,1,20.377049,0.062963,0.519797,0.346531,0.346531,0.444444,0.519797,0.8,0.672727,0.855172,0.793242,0.16086,0.519797,200,1,0,0,1,1,1,0,0,0,1,1,1,0,0,0,0,0,1,1,1,1,1,1,10,1,1,1,1,1,1,1,1,1,1,1,1,1,19,1,1,1,1,1,9,9,1,1,1,1,0.568033,1,4,0,3,0,0,0,1,0.6,1,0.91,1,0.593241,0.07828,0.406759,339.7441,2957,30,13,203,9895.2416,0.257162,0.355372,0,0,0,0,0.583333,1,0,0.583333,0,0,0.779424,0.839447,0.640311,0.738424,0.688909,v5-shortcut-control-v1
dataset-v5,v3,extraction-v2,ranking-aware-v5,seo_weighted_page_quality_v5,100.0,69.8,пластиковые окна Новосибирск,пластиковые окна,commercial,Новосибирск,65,https://oknazavr.ru/novosibirsk/plastikovye-okna/,oknazavr.ru,1,0,,,content,ok,,..\dataset-v2\artifacts\query--a298067c99fed137.json,fddb6a56bbb56a5cd559bbe812a4662ed05e60a2,873776,69.8,9600,60000,1600,749,0.386082,5.5366,90,15.6452,36,1,10,10,18,1,88,1,164,0,0,0,85,4,0,0.666667,0,5,0.666667,21,0.043814,1,80,24,40,0,3,89,29.666667,6.9286,80,28,60,0,0.017344,0.668013,1,1,5.495751,0.078571,0.668013,0.445342,0.445342,0.444444,0.668013,0.8,0.4,0.868966,0.539519,0.257908,0.668013,200,1,0,0,0,0,1,0,0,0,1,1,1,0,0,2,0,0,1,0.8,1,0.75,0.91,1,1,0,1,1,1,1,0,0,0,1,1,1,1,1,1,0,1,1,1,0.6,7,7,0.777778,0.777778,0.718519,1,0.544209,2,2,0,2,1,1,0,0,0.575,1,0.91,1,0.679832,0.017344,0.320168,762.6455,4016,16,6,227,11314.9862,0.27889,0.371668,0,0,0,0,0.333333,1,0,0.333333,0,0,0.74758,0.790928,0.71197,0.73173,0.730856,v5-shortcut-control-v1
dataset-v5,v3,extraction-v2,ranking-aware-v5,seo_weighted_page_quality_v5,94.7368,75.8,пластиковые окна Новосибирск,пластиковые окна,commercial,Новосибирск,65,https://novosibirsk.okna-plastikovyye.ru/,novosibirsk.okna-plastikovyye.ru,2,0,,,homepage,ok,,..\dataset-v2\artifacts\query--56b63a397f0c010e.json,e6227211b0cf3f20b9f410589fc5a9a5ac59d544,488211,75.8,9600,60000,1600,1094,0.32608,5.8903,90,11.6493,36,1,6,0,7,1,49,1,49,0,0,0,136,0,0,0,0,4,0.666667,31,0.040537,1,80,24,40,7,9,141,15.666667,13.3665,67.958271,28,60,2.086438,0.073864,0.48007,1,1,14.714912,0.027888,0.48007,0,0.320047,0,0.48007,0.566667,0.890909,0.337931,0.648783,0.156541,0.48007,200,1,0,0,1,1,1,0,0,0,1,1,1,0,0,0,0,0,1,1,1,1,1,1,4,1,1,1,1,1,1,1,1,1,1,1,1,1,23,1,1,1,1,1,9,9,1,1,1,1,0.598754,4,4,0,4,1,1,0,0,0.85,1,0.91,1,0.676846,0.073864,0.323154,344.2432,3014,53,45,138,12621.684,0.199147,0.31186,0,0,0,0,0.333333,1,0,0.333333,0,0,0.731525,0.803017,0.588715,0.671188,0.607692,v5-shortcut-control-v1
dataset-v5,v3,extraction-v2,ranking-aware-v5,seo_weighted_page_quality_v5,89.4737,76.0,пластиковые окна Новосибирск,пластиковые окна,commercial,Новосибирск,65,https://mirokon-nsk.ru/,mirokon-nsk.ru,3,0,,,homepage,ok,,..\dataset-v2\artifacts\query--9f3b74a8f3bf8762.json,cb28b5b491a44577e42c895e79bfd3f81b9c4b23,166871,76.0,9600,60000,1445,662,0.458131,5.7702,90,13.7619,13,1,4,0,5,1,52,1,142,1,1,3,65,3,5,1,1,5,1,25,0.044983,1,69,24,39,0,7,49,7,111.1538,47.750865,28,26.989619,0,0.08609,0.520318,1,1,20.942029,0.384615,0.520318,0.520318,0.520318,1,0.50124,1,0.945455,0.97931,0.500577,0.191361,0.520318,200,1,0,0,0,0,1,0,0,0,1,1,1,0,0,0,0,0,1,1,1,0.75,0.95,1,3,0,1,0,1,1,1,0,1,1,1,0,0,1,1,0,1,1,1,0.4,6,6,0.666667,0.666667,0.577778,1,0.432588,0,0,0,0,0,0,0,0,0,1,0.91,1,0.624286,0.08609,0.375714,123.3457,892,33,22,52,12139.5125,0.376181,0.444636,0,0,0,0,0.333333,1,0,0.333333,0,0,0.685201,0.679166,0.593786,0.715366,0.734417,v5-shortcut-control-v1
dataset-v5,v3,extraction-v2,ranking-aware-v5,seo_weighted_page_quality_v5,84.2105,66.6,пластиковые окна Новосибирск,пластиковые окна,commercial,Новосибирск,65,https://bfk.ru/,bfk.ru,4,0,,,homepage,ok,,..\dataset-v2\artifacts\query--eae2e0e5d5918005.json,33dff18136753b11f34b07e8326134657675ac31,211762,66.6,7407,60000,1083,405,0.373961,5.7018,34,31.8529,36,1,4,1,6,1,77,1,169,0,0,0,18,1,1,0.333333,0.333333,3,0.333333,10,0.01662,1,80,24,40,0,8,58,7.25,18.6724,80,28,60,0,0.048004,0.578255,1,1,7.735714,0.103448,0.578255,0.192752,0.192752,0.111111,0.4175,0.6,0.6,0.834483,0.554017,0.130107,0.578255,200,1,0,0,0,0,0,0,0,0,1,1,1,0,0,0,0,0,1,1,1,0.75,0.95,1,2,1,1,1,1,1,1,1,1,1,0,0,0,1,10,1,1,1,1,1,8,7,0.888889,0.777778,0.888889,1,0.397496,0,0,0,0,0,0,0,0,0,1,0.91225,1,0.789982,0.048004,0.210018,159.5439,1103,42,10,39,10881.5441,0.406953,0.467715,0,0,0,0,0.333333,1,0,0.333333,0,0,0.74621,0.813156,0.545577,0.684938,0.638096,v5-shortcut-control-v1
dataset-v5,v3,extraction-v2,ranking-aware-v5,seo_weighted_page_quality_v5,78.9474,78.2,пластиковые окна Новосибирск,пластиковые окна,commercial,Новосибирск,65,https://novosibirsk.fabrikauyuta.ru/,novosibirsk.fabrikauyuta.ru,5,0,,,homepage,ok,,..\dataset-v2\artifacts\query--3b9b719bb6005f72.json,334a22d92c52a5a62a6ef4539dfc6bf6ccc3107e,2091593,78.2,9600,60000,1600,1200,0.182304,5.8123,90,24.1583,22,1,10,5,18,1,80,1,181,0,0,0,231,3,2,0.666667,0.666667,9,0.666667,36,0.019921,1,80,24,40,0,10,49,4.9,180,68.471887,28,22.162815,0,0.047801,0.62417,1,1,14.604534,1.454545,0.62417,0.416113,0.416113,0.444444,0.62417,0.8,0.545455,0.751724,0.664022,0.113789,0.62417,200,1,0,0,1,1,1,0,0,0,1,1,0,0,0,0,0,0,1,1,0.5,1,0.9,1,6,1,1,1,1,1,1,1,1,1,1,1,1,1,79,1,1,1,1,1,9,9,1,1,1,1,0.415469,1,1,0,1,1,0,0,0,0.2875,1,0.91,1,0.726585,0.047801,0.273415,1720.1895,15508,30,15,1022,12256.6139,0.037946,0.19096,0,0,0,0,0.333333,1,0,0.333333,0,0,0.810314,0.858595,0.673902,0.752814,0.708376,v5-shortcut-control-v1
dataset-v5,v3,extraction-v2,ranking-aware-v5,seo_weighted_page_quality_v5,73.6842,78.4,пластиковые окна Новосибирск,пластиковые окна,commercial,Новосибирск,65,https://plastikovye-okna-nsk.ru/,plastikovye-okna-nsk.ru,6,0,,,homepage,ok,,..\dataset-v2\artifacts\query--ff96490898ecf792.json,d09c0e546acebdc99e3a2748e515ed06737a36b5,363508,78.4,9600,60000,1600,1149,0.308539,5.6643,90,12.5387,36,1,10,1,17,1,72,1,164,0,0,0,135,3,4,0.666667,1,7,0.666667,20,0.036251,1,80,24,31,15,6,77,12.833333,13.8439,47.798067,28,8.324382,4.027927,0.109963,0.479024,1,1,20.921348,0.063197,0.479024,0.319349,0.319349,0.444444,0.479024,0.8,0.690909,0.868966,0.791622,0.147798,0.479024,200,1,0,0,1,1,1,0,0,0,1,1,1,0,0,0,0,0,1,1,1,1,1,1,10,1,1,1,1,1,1,1,1,1,1,1,1,1,19,1,1,1,1,1,9,9,1,1,1,1,0.579295,1,4,0,3,0,0,0,1,0.6,1,0.91,1,0.572857,0.109963,0.427143,247,2930,29,13,203,6558.6464,0.290047,0.380035,0,0,0,0,0.333333,1,0,0.333333,0,0,0.764134,0.828744,0.620192,0.723134,0.670561,v5-shortcut-control-v1
dataset-v5,v3,extraction-v2,ranking-aware-v5,seo_weighted_page_quality_v5,68.4211,78.3,пластиковые окна Новосибирск,пластиковые окна,commercial,Новосибирск,65,https://oknasibirinsk.ru/,oknasibirinsk.ru,7,0,,,homepage,ok,,..\dataset-v2\artifacts\query--365ce7f91938d5db.json,c3640b8a0f0105a6f108287ade8d459c9882a5a5,303246,78.3,9600,60000,1600,934,0.487983,5.1693,90,15.6885,36,1,2,2,5,1,90,1,143,0,0,0,51,2,0,0.666667,0,2,0.666667,19,0.026646,1,80,24,40,19,3,57,19,41.6087,64.263323,28,24.555904,9.926855,0.050489,0.637527,1,1,15.560976,0.108696,0.637527,0.425018,0.425018,0.444444,0.637527,0.8,0.363636,0.986207,0.888192,0.311103,0.637527,200,1,0,0,1,1,1,0,0,0,1,1,1,0,0,0,0,0,1,1,1,1,1,1,4,1,1,1,1,1,1,1,0,0,1,0,1,1,2,0,1,1,1,0.8,9,6,1,0.666667,0.822222,1,0.51622,1,4,0,3,0,0,0,1,0.6,1,0.91,1,0.779109,0.050489,0.220891,243.542,1923,59,29,70,28520.2806,0.22865,0.333987,0,0,0,0,0.333333,1,0,0.333333,0,0,0.803573,0.842851,0.698574,0.772573,0.741887,v5-shortcut-control-v1
dataset-v5,v3,extraction-v2,ranking-aware-v5,seo_weighted_page_quality_v5,63.1579,75.2,пластиковые окна Новосибирск,пластиковые окна,commercial,Новосибирск,65,https://oknaveka.com/,oknaveka.com,8,0,,,homepage,ok,,..\dataset-v2\artifacts\query--c1ddc2def2017fbe.json,465a7471b89fc1a5716645fd4efc92fc0408c9af,847586,75.2,9600,60000,1600,772,0.473039,5.6317,90,13.1613,36,2,10,12,18,1,66,1,145,0,0,0,32,2,2,0.666667,0.666667,14,0.666667,9,0.019608,1,65,24,40,0,2,11,5.5,24.3582,39.828431,28,56.372549,0,0.014507,0.510367,1,1,25.107692,0.626866,0.510367,0.340245,0.340245,0.444444,0.510367,0.8,0.8,1,0.653595,0.218891,0.510367,200,1,0,0,1,1,0,0,0,0,1,1,0,0,0,0,0,0,1,1,0.5,1,0.9,1,6,1,1,1,1,1,1,1,1,1,1,0,1,1,2,1,1,1,1,1,9,8,1,0.888889,0.962963,1,0.385923,0,0,0,0,0,0,0,0,0,1,0.91,1,0.705104,0.014507,0.294896,772.6152,1273,17,37,91,10552.2419,0.235061,0.338796,0,0,0,0,0.333333,1,0,0.333333,0,0,0.767638,0.828721,0.634734,0.710138,0.657165,v5-shortcut-control-v1
dataset-v5,v3,extraction-v2,ranking-aware-v5,seo_weighted_page_quality_v5,57.8947,70.8,пластиковые окна Новосибирск,пластиковые окна,commercial,Новосибирск,65,https://orgzz.ru/novosibirsk/plastikovye_okna/district/centralnyy,orgzz.ru,9,0,,,content,ok,,..\dataset-v2\artifacts\query--4d5f8489b1c2ec8e.json,a5f8ff5c68c33d173c0bd4dd7bdfcb9afa35cbdb,270733,70.8,3799,60000,637,222,0.348509,4.7159,54,11.7963,1,1,0,0,1,1,77,1,117,0,0,0,18,3,3,1,1,2,0.666667,9,0.028257,1,41,0,40,0,1,1,1,180,64.364207,0,60,0,0.015238,0.653624,1,0.75,15.536585,1,0.653624,0.653624,0.435749,0.666667,0.277572,0.916667,0.6,0.806897,0.941915,0.080614,0.490218,200,1,0,0,1,1,0,0,0,0,1,1,1,0,0,4,0,0,1,0.6,1,1,0.92,0,0,0,1,1,0,1,0,1,0,0,0,0,0,1,1,0,1,1,1,0.4,5,4,0.555556,0.444444,0.466667,1,0.575927,1,1,0,1,0,0,0,1,0.2375,1,1,1,0.599048,0.015238,0.400952,247.1562,1093,9,9,0,5936.7132,0.670343,0.665257,0,0,0,0,0.333333,1,0,0.333333,0,0,0.676875,0.675144,0.524329,0.719084,0.766032,v5-shortcut-control-v1
dataset-v5,v3,extraction-v2,ranking-aware-v5,seo_weighted_page_quality_v5,52.6316,63.5,пластиковые окна Новосибирск,пластиковые окна,commercial,Новосибирск,65,https://oknasiber.ru/,oknasiber.ru,10,0,,,homepage,ok,,..\dataset-v2\artifacts\query--bf0e9af0a57502ad.json,56709d59d9e54e65aa972f7295457310cd211463,477491,63.5,9104,60000,1284,594,0.462617,5.8808,76,16.8947,36,2,10,12,18,1,31,1,84,0,0,0,21,2,0,0.666667,0,2,0.666667,8,0.016355,1,56,24,16,24,11,32,2.909091,13.6596,43.613707,28,12.461059,40,0.021562,0.457008,1,1,22.928571,0.276596,0.457008,0.304672,0.304672,0.444444,0.391199,0.8,0.563636,0.57931,0.545171,0.150813,0.457008,200,1,0,0,0,0,0,0,0,0,1,1,0,0,0,0,0,0,1,1,0.5,0.75,0.85,1,3,1,1,0,1,1,1,1,1,1,1,0,0,1,16,1,1,1,1,0.8,7,7,0.777778,0.777778,0.785185,1,0.386855,0,0,0,0,0,0,0,0,0,1,0.91,1,0.777096,0.021562,0.222904,424.0947,2846,25,5,84,5435.1304,0.336021,0.414516,0,0,0,0,0.333333,1,0,0.333333,0,0,0.683503,0.69809,0.528948,0.647753,0.619404,v5-shortcut-control-v1
dataset-v5,v3,extraction-v2,ranking-aware-v5,seo_weighted_page_quality_v5,100.0,80.8,пластиковые окна Казань,пластиковые окна,commercial,Казань,43,https://plastikovye-okna-kazan.ru/,plastikovye-okna-kazan.ru,1,0,,,homepage,ok,,..\dataset-v2\artifacts\query--a19ea3e7094cc0bc.json,c1c5c6977feb660a35bd01b3c3064d1827965757,622660,80.8,9600,60000,1600,1200,0.28622,5.7409,90,12.9923,36,1,10,1,18,1,66,1,153,0,0,0,179,3,4,0.666667,1,7,0.666667,21,0.035236,1,80,24,29,16,7,100,14.285714,16.8771,39.173228,28,5.708661,3.149606,0.077955,0.528723,1,1,25.527638,0.066445,0.528723,0.352482,0.352482,0.444444,0.528723,0.8,0.8,0.944828,0.825459,0.151331,0.528723,200,1,0,0,1,1,1,0,0,0,1,1,1,0,0,0,0,0,1,1,1,1,1,1,7,1,1,1,1,1,1,1,1,1,1,1,1,1,19,1,1,1,1,1,9,9,1,1,1,1,0.583839,1,4,0,4,1,0,0,1,0.8,1,0.91,1,0.658947,0.077955,0.341053,469.666,3644,58,17,216,7611.2762,0.162403,0.284302,0,0,0,0,0.583333,1,0,0.583333,0,0,0.782771,0.84179,0.643229,0.741771,0.692925,v5-shortcut-control-v1
dataset-v5,v3,extraction-v2,ranking-aware-v5,seo_weighted_page_quality_v5,94.7368,72.1,пластиковые окна Казань,пластиковые окна,commercial,Казань,43,https://vottakieokna.ru/,vottakieokna.ru,2,0,,,homepage,ok,,..\dataset-v2\artifacts\query--af750289aa0ad965.json,b090b35dfe7cc0a18f574a2305cb24f1e159eaf8,202549,72.1,4262,60000,559,308,0.550984,6.4973,36,15.5278,8,1,10,2,13,1,70,1,189,0,0,0,26,3,4,0.666667,0.666667,1,0.333333,19,0.046512,1,80,24,40,0,4,15,3.75,69.875,80,28,60,0,0.025402,0.624708,1,1,4.619835,1.625,0.624708,0.416472,0.208236,0.222222,0.232808,0.716667,0.727273,0.696552,0.449612,0.106894,0.624708,200,1,0,0,1,1,0,0,0,0,1,1,0,0,0,0,0,0,1,1,0.5,1,0.9,1,4,1,1,1,0,1,1,1,1,1,1,0,0,1,5,1,1,1,1,1,7,8,0.777778,0.888889,0.888889,1,0.412417,0,0,0,0,0,0,0,0,0,1,0.91,1,0.811725,0.025402,0.188275,168.916,709,29,4,54,5910.1368,0.518521,0.551391,0,0,0,0,0.583333,1,0,0.583333,0,0,0.756768,0.822489,0.544706,0.708441,0.679462,v5-shortcut-control-v1
dataset-v5,v3,extraction-v2,ranking-aware-v5,seo_weighted_page_quality_v5,89.4737,67.0,пластиковые окна Казань,пластиковые окна,commercial,Казань,43,https://oknaxxi-kazan.ru/,oknaxxi-kazan.ru,3,0,,,homepage,ok,,..\dataset-v2\artifacts\query--cd82bbd0e06623b1.json,c6212730466b707f9e38330c012f2c0fa6866a1b,356738,67.0,2509,60000,389,212,0.544987,5.3008,21,18.5238,2,0,6,1,7,1,40,1,161,1,1,1,26,3,2,1,0.666667,3,0.333333,19,0.066838,1,80,24,40,3,2,8,4,180,80,28,60,7.712082,0.007605,0.4099,1,1,4.630952,3.5,0.4099,0.4099,0.136633,0.333333,0.106301,0.833333,0.727273,0.889655,0,0.048277,0.4099,200,1,0,0,0,0,0,0,0,0,1,1,1,0,0,0,0,0,1,1,1,0.75,0.95,1,6,0,1,1,0,1,0,1,1,0,1,0,1,1,1,0,1,1,1,0.6,7,6,0.777778,0.666667,0.681481,1,0.333869,0,0,0,0,0,0,0,0,0,1,0.91,1,0.966729,0.007605,0.033271,327.876,879,37,37,68,7022.4324,0.306276,0.392207,0,0,0,0,0.583333,1,0,0.583333,0,0,0.658112,0.729498,0.534194,0.650245,0.632454,v5-shortcut-control-v1
dataset-v5,v3,extraction-v2,ranking-aware-v5,seo_weighted_page_quality_v5,84.2105,84.1,пластиковые окна Казань,пластиковые окна,commercial,Казань,43,https://kazan-ihlas.ru/,kazan-ihlas.ru,4,0,,,homepage,ok,,..\dataset-v2\artifacts\query--3b0dbf0343e07021.json,df90361276b69deda1c4197c767e51c5eedbb3dd,167765,84.1,9600,60000,1540,724,0.47013,5.7831,90,12.5203,30,1,9,12,18,1,68,1,244,1,1,1,101,5,3,1,0.666667,16,1,20,0.065584,1,80,24,40,24,1,2,2,51.3333,80,28,60,16.233766,0.121947,0.606602,1,1,10,0.9,0.606602,0.606602,0.606602,1,0.606602,1,0.763636,0.317241,0,0.243989,0.606602,200,1,0,0,1,1,1,0,0,0,1,1,1,0,0,0,0,0,1,1,1,1,1,1,4,1,1,1,0,1,1,1,1,1,1,1,1,1,17,1,1,1,1,1,8,9,0.888889,1,0.962963,1,0.503559,0,0,0,0,0,0,0,0,0,1,0.91,1,0.431429,0.121947,0.568571,97.0264,978,18,12,79,4823.6385,0.49755,0.535663,0,0,0,0,0.583333,1,0,0.583333,0,0,0.823624,0.875382,0.721431,0.815921,0.793466,v5-shortcut-control-v1
dataset-v5,v3,extraction-v2,ranking-aware-v5,seo_weighted_page_quality_v5,78.9474,71.6,пластиковые окна Казань,пластиковые окна,commercial,Казань,43,https://oknamoll.ru/,oknamoll.ru,5,0,,,homepage,ok,,..\dataset-v2\artifacts\query--ad39b940f6deee83.json,61c74f7d9425c59fb41698cada1dae4951a6f7ef,907823,71.6,9600,60000,1481,580,0.391627,5.8724,49,30.2245,36,1,10,12,18,1,55,1,69,0,0,0,31,2,0,0.666667,0,10,0.666667,6,0.020932,1,61,11,40,5,10,79,7.9,41.1389,41.188386,7.427414,60,3.376097,0.012612,0.643845,1,1,24.278689,1.027778,0.643845,0.42923,0.42923,0.444444,0.63569,0.8,1,0.475862,0.697727,0.207461,0.643845,200,1,0,0,1,0,0,0,0,0,1,1,0,0,0,0,0,0,1,1,0.5,0,0.7,1,9,1,1,1,1,1,1,0,1,1,1,0,1,1,10,1,1,1,1,1,8,8,0.888889,0.888889,0.925926,1,0.330188,0,0,0,0,0,0,0,0,0,1,0.97525,1,0.944821,0.012612,0.055179,829.1143,1870,79,90,11,10577.5742,0.170429,0.290322,0,0,0,0,0.583333,1,0,0.583333,0,0,0.781192,0.834759,0.676453,0.700692,0.66223,v5-shortcut-control-v1
dataset-v5,v3,extraction-v2,ranking-aware-v5,seo_weighted_page_quality_v5,73.6842,78.8,пластиковые окна Казань,пластиковые окна,commercial,Казань,43,https://www.okna-rubin.ru/,okna-rubin.ru,6,0,,,homepage,ok,,..\dataset-v2\artifacts\query--17d7c2d1007bd35e.json,9de96652ee8f93e8743ade64d18c8073ac61adb2,296241,78.8,9600,60000,1432,758,0.52933,6.0796,88,16.2727,30,1,5,7,13,1,62,1,141,1,1,1,50,3,2,1,0.666667,6,0.666667,12,0.034916,1,80,24,40,0,6,53,8.833333,47.7333,80,28,35.614525,0,0.04698,0.305424,1,1,9.610738,0.433333,0.305424,0.305424,0.203616,0.666667,0.291578,0.916667,0.872727,0.972414,0.836127,0.128617,0.305424,200,1,0,0,1,1,1,0,0,0,1,1,1,0,0,0,0,0,1,1,1,1,1,1,4,0,1,1,1,1,1,1,1,0,1,0,0,1,14,1,1,1,1,0.8,8,6,0.888889,0.666667,0.785185,1,0.525863,1,4,0,3,1,0,0,0,0.65,1,0.91,1,0.794461,0.04698,0.205539,225.6748,1913,40,36,47,9825.6244,0.233884,0.337913,0,0,0,0,0.583333,1,0,0.583333,0,0,0.673352,0.753992,0.491281,0.657654,0.616834,v5-shortcut-control-v1
dataset-v5,v3,extraction-v2,ranking-aware-v5,seo_weighted_page_quality_v5,68.4211,76.8,пластиковые окна Казань,пластиковые окна,commercial,Казань,43,https://kazan.zavodplast-eco.ru/,kazan.zavodplast-eco.ru,7,0,,,homepage,ok,,..\dataset-v2\artifacts\query--70fd137d16d0abce.json,b6caffb2c9e579f43935fc0f4ba458585b729add,538329,76.8,9600,60000,1600,891,0.368182,5.7665,90,15.7143,36,1,10,3,18,1,49,1,232,0,0,0,105,2,3,0.666667,0.666667,11,0.666667,26,0.043388,1,80,24,40,13,10,85,8.5,16.8056,77.272727,28,60,5.371901,0.04147,0.46756,1,1,12.941176,0.145833,0.46756,0.311707,0.311707,0.444444,0.46756,0.8,0.890909,0.4,0.553719,0.172147,0.46756,200,1,0,0,1,1,1,0,0,0,1,1,1,0,0,0,0,0,1,1,1,1,1,1,2,1,1,1,1,1,1,1,1,1,1,0,1,1,13,1,1,1,1,1,9,8,1,0.888889,0.962963,1,0.550072,1,4,0,3,1,0,0,0,0.65,1,0.91,1,0.72857,0.04147,0.27143,413.3682,3549,28,10,217,5880.7288,0.275146,0.36886,0,0,0,0,0.583333,1,0,0.583333,0,0,0.759835,0.825735,0.617897,0.718835,0.665402,v5-shortcut-control-v1
dataset-v5,v3,extraction-v2,ranking-aware-v5,seo_weighted_page_quality_v5,63.1579,60.7,пластиковые окна Казань,пластиковые окна,commercial,Казань,43,https://oknamall.ru/,oknamall.ru,8,0,,,homepage,ok,,..\dataset-v2\artifacts\query--4e156cbd7756b56b.json,fca8fc6c06e38c95297e08b0443bec27fed38914,736195,60.7,9600,60000,1600,987,0.46933,5.9396,90,16.824,24,0,0,0,0,1,65,1,242,0,0,0,45,3,3,0.666667,0.666667,0,0,3,0.021398,1,54,13,40,12,5,39,7.8,87.625,25.677603,6.181645,27.104137,5.706134,0.022866,0.573359,1,1,38.944444,0,0.573359,0.382239,0,0,0.573359,0.633333,0.818182,0.331034,0.713267,0.269094,0.573359,200,1,0,0,1,0,0,0,0,0,1,1,0,0,0,0,0,0,1,1,0.5,0,0.7,1,11,0,1,0,0,1,1,1,1,1,1,0,0,1,8,1,1,1,1,0.6,6,6,0.666667,0.666667,0.644444,1,0.35305,0,0,0,0,0,0,0,0,0,1,0.97075,1,0.899962,0.022866,0.100038,663.3428,1564,74,70,13,6005.7268,0.23855,0.341413,0,0,0,0,0.583333,1,0,0.583333,0,0,0.648292,0.65479,0.486452,0.588191,0.575621,v5-shortcut-control-v1
dataset-v5,v3,extraction-v2,ranking-aware-v5,seo_weighted_page_quality_v5,57.8947,60.9,пластиковые окна Казань,пластиковые окна,commercial,Казань,43,https://oknakazan.com/,oknakazan.com,9,0,,,homepage,ok,,..\dataset-v2\artifacts\query--e6ec5ff529477387.json,420c8d442ebded3c3654b2f3bd4409d84b541236,1222318,60.9,9600,60000,1441,634,0.439972,5.6211,70,20.5857,36,1,3,5,9,1,63,1,132,0,0,0,8,2,0,0.666667,0,0,0,2,0.005552,1,64,24,40,0,11,100,9.090909,14.1275,44.413602,20.124913,40.249827,0,0.008995,0.147926,0.666667,1,22.515625,0.088235,0.147926,0.098617,0,0,0.142108,0.55,0.854545,0.910345,0.185057,0.052103,0.147926,200,1,0,0,1,1,0,0,0,0,1,1,0,0,0,0,0,0,1,1,0.5,1,0.9,1,41,0,1,0,1,1,0,0,1,1,1,0,0,1,11,1,1,1,1,0.6,5,6,0.555556,0.666667,0.607407,1,0.294151,0,0,0,0,0,0,0,0,0,1,0.93475,1,0.960647,0.008995,0.039353,1129.9092,2112,82,93,29,8702.9873,0.053333,0.2025,0,0,0,0,0.583333,1,0,0.583333,0,0,0.486264,0.550622,0.363536,0.487847,0.459205,v5-shortcut-control-v1
dataset-v5,v3,extraction-v2,ranking-aware-v5,seo_weighted_page_quality_v5,52.6316,59.6,пластиковые окна Казань,пластиковые окна,commercial,Казань,43,https://kazanskiye-okna.ru/,kazanskiye-okna.ru,10,0,,,homepage,ok,,..\dataset-v2\artifacts\query--95084e511a416582.json,c6647c56a32feb6146572f9e53d73f847e6375a7,360745,59.6,6695,60000,990,488,0.492929,5.5465,88,11.25,36,0,0,0,0,1,95,1,108,0,0,0,39,2,0,0.666667,0,0,0,12,0.039394,0.666667,32,2,40,24,3,47,15.666667,16.7797,32.323232,2.020202,60,40,0.020538,0.447976,1,1,30.9375,0,0.298651,0.298651,0,0,0.295664,0.583333,0.272727,0.744828,0.457912,0.121451,0.447976,200,1,0,0,1,1,0,0,0,0,1,1,0,0,0,0,0,0,1,1,0.5,1,0.9,1,2,0,1,0,0,1,1,0,1,1,1,0,0,1,9,1,1,1,1,0.6,5,6,0.555556,0.666667,0.607407,1,0.382775,0,0,0,0,0,0,0,0,0,1,0.9955,1,0.910146,0.020538,0.089854,324.6602,1535,51,54,2,3490.1804,0.377662,0.445747,0,0,0,0,0.583333,1,0,0.583333,0,0,0.548983,0.594185,0.358071,0.548297,0.525559,v5-shortcut-control-v1
dataset-v5,v3,extraction-v2,ranking-aware-v5,seo_weighted_page_quality_v5,100.0,77.3,пластиковые окна Краснодар,пластиковые окна,commercial,Краснодар,35,https://okna-zavod-krasnodar.ru/,okna-zavod-krasnodar.ru,1,0,,,homepage,ok,,..\dataset-v2\artifacts\query--2ed87489dcda3984.json,a09df32225352ae2d48c3bbc1f862d9ca9ef0f69,274684,77.3,6774,60000,946,548,0.579281,6.0074,28,33.7857,36,1,8,0,9,1,73,1,176,0,0,0,32,3,3,0.666667,1,6,0.666667,17,0.033827,1,65,24,35,0,1,8,8,9.3663,68.710359,27.484144,36.997886,0,0.028659,0.657172,1,1,14.553846,0.089109,0.657172,0.438115,0.438115,0.444444,0.414456,0.8,0.672727,0.786207,0.872445,0.200072,0.657172,200,1,0,0,1,1,0,0,0,0,1,1,0,0,0,0,0,0,1,1,0.5,1,0.9,1,3,1,1,1,1,1,1,1,1,0,0,1,0,1,10,1,1,1,1,1,8,7,0.888889,0.777778,0.888889,1,0.511247,0,0,0,0,0,0,0,0,0,1,0.9415,1,0.488901,0.028659,0.511099,237.1133,829,5,24,26,3877.7179,0.573184,0.592388,0,0,0,0,0.333333,1,0,0.333333,0,0,0.80269,0.854758,0.605292,0.75519,0.723227,v5-shortcut-control-v1
dataset-v5,v3,extraction-v2,ranking-aware-v5,seo_weighted_page_quality_v5,94.7368,67.5,пластиковые окна Краснодар,пластиковые окна,commercial,Краснодар,35,https://markakachestva.ru/amenities/6129-luchshie-firmy-plastikovyh-okon-krasnodara-rejting.html,markakachestva.ru,2,0,,,content,ok,,..\dataset-v2\artifacts\query--a8579e76274556bd.json,035205c50e8fd20d0d18570c31f7de8aa8c5f249,507174,67.5,9600,60000,1600,1181,0.404452,5.9908,90,12.3729,36,1,10,0,11,1,57,1,197,0,0,0,73,0,1,0,0.333333,3,0.333333,9,0.025,1,80,24,40,24,3,21,7,55.0943,47.60274,28,59.589041,10.273973,0.050234,0.46261,1,1,21.007194,0.207547,0.46261,0,0.154203,0,0.46261,0.483333,0.963636,0.641379,0.833333,0.187104,0.46261,200,1,0,0,1,1,0,0,0,0,1,1,1,0,0,2,0,0,1,0.8,1,1,0.96,1,10,0,1,1,1,1,1,0,1,1,1,1,0,1,1,1,1,1,1,0.8,7,8,0.777778,0.888889,0.822222,1,0.467447,2,2,0,2,1,0,0,0,0.425,1,0.91,1,0.780227,0.050234,0.219773,429.2559,1538,42,25,131,11127.2922,0.203353,0.315015,0,0,0,0,0.333333,1,0,0.333333,0,0,0.649987,0.733444,0.509449,0.606338,0.566537,v5-shortcut-control-v1
dataset-v5,v3,extraction-v2,ranking-aware-v5,seo_weighted_page_quality_v5,89.4737,73.9,пластиковые окна Краснодар,пластиковые окна,commercial,Краснодар,35,https://krasnodar.vekaregion.ru/,krasnodar.vekaregion.ru,3,0,,,homepage,ok,,..\dataset-v2\artifacts\query--61238b9edebd7b20.json,cf1861dfab1b6ff0e02fb8c00c8fa469f0acd893,1030778,73.9,9600,60000,1600,803,0.158853,5.6022,90,13.9256,13,1,10,0,18,1,66,1,196,0,0,0,44,3,2,1,0.666667,8,0.666667,8,0.008704,1,80,24,40,24,17,180,10.588235,180,23.738872,7.121662,44.312562,13.254204,0.038569,0.363538,1,1,42.125,1.846154,0.363538,0.363538,0.242359,0.666667,0.363538,0.916667,0.8,0.648276,0.290142,0.057749,0.363538,200,1,0,0,1,1,0,0,0,0,1,1,0,0,0,0,0,0,1,1,0.5,1,0.9,1,2,1,1,1,1,1,1,0,1,1,1,1,0,1,17,1,1,1,1,1,7,9,0.777778,1,0.925926,1,0.324715,0,0,0,0,0,0,0,0,0,1,0.919,1,0.831259,0.038569,0.168741,905.1309,3704,100,206,36,8482.5831,0.064825,0.211119,0,0,0,0,0.333333,1,0,0.333333,0,0,0.687621,0.776723,0.503634,0.656876,0.617906,v5-shortcut-control-v1
dataset-v5,v3,extraction-v2,ranking-aware-v5,seo_weighted_page_quality_v5,84.2105,75.5,пластиковые окна Краснодар,пластиковые окна,commercial,Краснодар,35,https://okna-pvh-krasnodar.ru/,okna-pvh-krasnodar.ru,4,0,,,homepage,ok,,..\dataset-v2\artifacts\query--20e3b6b02491243b.json,67445d5696dc84c8df6da57a613bf655bbf03486,320574,75.5,9600,60000,1600,648,0.404747,5.4428,90,10.6026,36,1,8,12,18,1,36,1,153,0,0,0,52,2,0,0.666667,0,7,0.666667,20,0.03248,1,76,24,40,13,1,6,6,26.6833,47.470331,28,38.725796,8.119925,0.043959,0.305543,1,1,21.065789,0.7,0.305543,0.203695,0.203695,0.444444,0.305543,0.8,0.654545,0.944828,0.917343,0.109995,0.305543,200,1,0,0,1,1,1,0,0,0,1,1,1,0,0,0,0,0,1,1,1,1,1,1,3,1,1,1,1,1,0,1,1,1,1,0,0,1,14,1,1,1,1,1,7,8,0.777778,0.888889,0.888889,1,0.573287,1,4,0,5,1,0,0,1,0.85,1,0.91,1,0.807679,0.043959,0.192321,252.2275,1695,47,50,45,27332.3182,0.237772,0.340829,0,0,0,0,0.333333,1,0,0.333333,0,0,0.659079,0.758205,0.476721,0.638079,0.592494,v5-shortcut-control-v1
dataset-v5,v3,extraction-v2,ranking-aware-v5,seo_weighted_page_quality_v5,78.9474,69.9,пластиковые окна Краснодар,пластиковые окна,commercial,Краснодар,35,https://vekazavod.ru/,vekazavod.ru,5,0,,,homepage,ok,,..\dataset-v2\artifacts\query--98069b28430cc219.json,c237f412e80b4f51a0dc53c2d6ab71ddbdea841a,343135,69.9,9600,60000,1600,759,0.360399,6.0237,90,20.6471,36,2,10,0,13,1,75,1,161,0,0,0,41,2,2,0.666667,0.666667,1,0.333333,23,0.019468,1,80,24,40,2,11,57,5.181818,33.9677,80,28,52.231719,0.949668,0.056717,0.568753,1,1,12.388235,0.209677,0.568753,0.379169,0.189584,0.222222,0.568753,0.716667,0.636364,0.889655,0.64894,0.204978,0.568753,200,1,0,0,0,0,1,0,0,0,1,1,1,0,0,0,0,0,1,1,1,0.75,0.95,1,12,1,0,1,1,1,1,1,1,1,1,0,1,1,8,1,1,1,1,0.8,8,7,0.888889,0.777778,0.822222,1,0.445433,0,0,0,0,0,0,0,0,0,1,0.91,1,0.571863,0.056717,0.428137,273.7793,2473,21,8,98,10986.2092,0.374791,0.443593,0,0,0,0,0.333333,1,0,0.333333,0,0,0.74047,0.692485,0.650567,0.701511,0.669897,v5-shortcut-control-v1
dataset-v5,v3,extraction-v2,ranking-aware-v5,seo_weighted_page_quality_v5,73.6842,78.5,пластиковые окна Краснодар,пластиковые окна,commercial,Краснодар,35,https://krasnodar.delaem-okna.ru/,krasnodar.delaem-okna.ru,6,0,,,homepage,ok,,..\dataset-v2\artifacts\query--dbae58bcf5d925ef.json,ec45f383c786f8d437a22df4baa6d97240914388,831798,78.5,9600,60000,1600,1005,0.365587,6.1448,90,18.2053,36,1,10,2,18,1,84,1,298,0,0,0,191,2,5,0.666667,0.666667,6,0.666667,51,0.06948,1,80,24,40,7,2,16,8,38.7183,80,28,30.556566,2.546381,0.028567,0.622744,1,1,9.13289,0.309859,0.622744,0.415163,0.415163,0.444444,0.622744,0.8,0.472727,0,0,0.227667,0.622744,200,1,0,0,1,1,0,0,0,0,1,1,1,0,0,0,0,0,1,1,1,1,1,1,1,1,1,1,1,1,1,1,1,1,0,1,1,1,37,1,1,1,1,1,9,8,1,0.888889,0.962963,1,0.471883,6,3,3,3,0,1,0,0,0.3625,1,0.91,1,0.682163,0.028567,0.317837,703.5605,3131,20,18,135,7079.5151,0.179593,0.297195,0,0,0,0,0.333333,1,0,0.333333,0,0,0.818029,0.86647,0.695169,0.777029,0.735235,v5-shortcut-control-v1
dataset-v5,v3,extraction-v2,ranking-aware-v5,seo_weighted_page_quality_v5,68.4211,69.3,пластиковые окна Краснодар,пластиковые окна,commercial,Краснодар,35,https://krasnodar.oknatrade.ru/catalog/plastikovye-okna/,krasnodar.oknatrade.ru,7,0,,,product,ok,,..\dataset-v2\artifacts\query--13daba3cce550204.json,f13995cd769d0aee15a0084beb16115ca9460817,1525759,69.3,9600,60000,1600,964,0.222839,5.2321,90,28.0909,36,1,5,1,7,1,62,1,131,0,0,0,110,2,2,0.666667,0.666667,2,0.666667,33,0.025428,1,80,24,40,24,3,157,52.333333,12.2203,80,23.347203,60,6.934813,0.02143,0.398303,1,1,9.445415,0.019774,0.398303,0.265535,0.265535,0.444444,0.398303,0.8,0.872727,0.903448,0.847588,0.088757,0.398303,200,1,0,0,0,0,0,0,0,0,1,1,1,0,0,2,0,0,1,0.8,1,0.75,0.91,1,19,1,1,1,1,1,1,1,1,1,1,1,0,1,13,1,1,1,1,1,8,9,0.888889,1,0.962963,1,0.293322,0,0,0,0,0,0,0,0,0,1,0.91,1,0.906245,0.02143,0.093755,1294.7041,6464,67,15,101,10468.0969,0.009375,0.169531,0,0,0,0,0.333333,1,0,0.333333,0,0,0.706439,0.78763,0.508954,0.660589,0.609486,v5-shortcut-control-v1
dataset-v5,v3,extraction-v2,ranking-aware-v5,seo_weighted_page_quality_v5,63.1579,67.4,пластиковые окна Краснодар,пластиковые окна,commercial,Краснодар,35,https://okna-193.ru/,okna-193.ru,8,0,,,homepage,ok,,..\dataset-v2\artifacts\query--6d538df4a6c6c587.json,0049340a5282436de2bf106d4c8d5900c06c464c,841219,67.4,9600,60000,1600,893,0.479592,6.1579,90,15.1382,15,1,1,6,8,1,71,1,226,0,1,1,74,3,3,0.666667,0.666667,3,0.666667,17,0.039742,1,80,24,40,24,9,63,7,124.1333,64.446831,28,38.131042,29.538131,0.017945,0.535683,1,1,15.516667,0.533333,0.535683,0.357122,0.357122,0.444444,0.535683,0.8,0.709091,0.441379,0.67526,0.256909,0.535683,200,1,0,0,0,0,0,0,0,0,1,1,0,0,0,0,0,0,1,1,0.5,0.75,0.85,1,1,1,1,1,1,1,1,0,1,0,1,0,1,1,18,0,1,1,1,0.8,8,7,0.888889,0.777778,0.822222,1,0.386049,0,0,0,0,0,0,0,0,0,1,0.91,1,0.677207,0.017945,0.322793,757.4883,1693,16,20,113,4926.7717,0.19854,0.311405,0,0,0,0,0.333333,1,0,0.333333,0,0,0.733006,0.791242,0.64669,0.687256,0.654807,v5-shortcut-control-v1
dataset-v5,v3,extraction-v2,ranking-aware-v5,seo_weighted_page_quality_v5,57.8947,66.3,пластиковые окна Краснодар,пластиковые окна,commercial,Краснодар,35,https://1oknozavod.ru/,1oknozavod.ru,9,0,,,homepage,ok,,..\dataset-v2\artifacts\query--a3c2dbf95a00f9fc.json,c10dde545f8341e4565d5a506b683a93cb09db60,795705,66.3,9600,60000,1600,1200,0.350997,6.6367,90,11.3452,36,1,0,0,1,1,86,1,148,0,0,0,32,3,3,0.666667,0.666667,0,0,21,0.008395,1,80,24,40,24,5,25,5,28.237,28.856243,8.919203,41.710388,11.280168,0.04276,0.663258,1,1,34.654545,0.007407,0.663258,0.442172,0,0,0.663258,0.633333,0.436364,0.97931,0.279818,0.232801,0.663258,200,1,0,0,0,0,0,0,0,0,1,1,1,0,0,0,0,0,1,1,1,0.75,0.95,1,2,0,1,1,1,1,1,1,1,1,0,0,1,1,9,0,1,1,1,0.6,9,6,1,0.666667,0.755556,1,0.456875,0,0,0,0,0,0,0,0,0,1,0.9235,1,0.56864,0.04276,0.43136,706.2617,1067,16,6,34,10852.8788,0.41352,0.47264,0,0,0,0,0.333333,1,0,0.333333,0,0,0.760832,0.794715,0.615162,0.708385,0.678832,v5-shortcut-control-v1
dataset-v5,v3,extraction-v2,ranking-aware-v5,seo_weighted_page_quality_v5,52.6316,70.6,пластиковые окна Краснодар,пластиковые окна,commercial,Краснодар,35,https://gornica-okna.ru/,gornica-okna.ru,10,0,,,homepage,ok,,..\dataset-v2\artifacts\query--7450168d456364df.json,1a30424b8b58d13e469da99fb067803b6f1ccd10,396759,70.6,9600,60000,1600,736,0.374364,6.1297,90,15.1231,36,1,10,0,11,1,92,1,192,0,0,0,43,3,2,0.666667,0.666667,3,0.666667,16,0.021872,1,80,24,40,1,2,31,15.5,10.8619,80,28,44.760936,0.508647,0.048093,0.349735,1,1,7.281481,0.060773,0.349735,0.233157,0.233157,0.444444,0.349735,0.8,0.327273,0.675862,0.729061,0.130928,0.349735,200,1,0,0,1,1,0,0,0,0,1,1,1,0,0,0,0,0,1,1,1,1,1,1,4,1,1,1,1,1,0,0,1,1,1,1,0,1,1,1,1,1,1,1,6,9,0.666667,1,0.888889,1,0.36012,0,0,0,0,0,0,0,0,0,1,0.91,1,0.789594,0.048093,0.210406,306.8574,2718,58,23,242,25491.0166,0.2101,0.320075,0,0,0,0,0.333333,1,0,0.333333,0,0,0.655651,0.757305,0.499341,0.644651,0.612381,v5-shortcut-control-v1
dataset-v5,v3,extraction-v2,ranking-aware-v5,seo_weighted_page_quality_v5,100.0,83.1,пластиковые окна Самара,пластиковые окна,commercial,Самара,51,https://okna-sok.ru/,okna-sok.ru,1,0,,,homepage,ok,,..\dataset-v2\artifacts\query--833e7c475d7c83d8.json,7b607d54c4b6bbf9431e6a8cc7561be77bba7b38,428845,83.1,9600,60000,1600,1200,0.325825,5.7352,90,14.6846,36,1,10,10,18,1,74,1,160,0,0,0,91,3,2,0.666667,0.666667,13,1,15,0.023834,1,80,24,40,16,4,30,7.5,83,47.668937,26.453641,30.382399,4.190676,0.085282,0.74223,1,1,20.978022,0.76087,0.74223,0.49482,0.74223,0.666667,0.74223,0.883333,0.654545,0.896552,0.794482,0.241837,0.74223,200,1,0,0,1,1,0,0,0,0,1,1,1,0,0,0,0,0,1,1,1,1,1,1,10,0,1,1,1,1,1,1,1,1,1,0,1,1,21,0,1,1,1,0.6,9,7,1,0.777778,0.792593,1,0.441252,0,0,0,0,0,0,0,0,0,1,0.91,1,0.508571,0.085282,0.491429,323.4141,2667,24,19,101,10896.3803,0.268107,0.36358,0,0,0,0,0,0,0,0,0,0,0.837759,0.855258,0.766157,0.829936,0.822078,v5-shortcut-control-v1
dataset-v5,v3,extraction-v2,ranking-aware-v5,seo_weighted_page_quality_v5,94.7368,73.1,пластиковые окна Самара,пластиковые окна,commercial,Самара,51,https://oknasravni.ru/samara,oknasravni.ru,2,0,,,content,ok,,..\dataset-v2\artifacts\query--14624b497cde1fcc.json,e4ad9772ba630922246520ca9689802015b546e1,241900,73.1,9600,60000,1600,795,0.374647,5.2714,90,12.631,3,1,8,2,11,1,65,1,151,0,0,0,118,1,3,0.333333,0.666667,8,0.666667,43,0.055608,1,80,24,30,0,0,2,0,180,58.906692,28,14.137606,0,0.077729,0.738989,1,0.75,16.976,3.666667,0.738989,0.24633,0.492659,0.222222,0.738989,0.683333,0.818182,0.958621,0.146403,0.27686,0.554242,200,1,0,0,1,1,0,0,0,0,1,1,1,0,0,1,0,0,1,0.9,1,1,0.98,0,0,0,1,1,1,1,0,0,0,1,1,1,0,1,1,0,1,0,0,0.4,5,5,0.555556,0.555556,0.503704,1,0.543036,0,0,0,0,0,0,0,0,0,1,0.91,1,0.312791,0.077729,0.687209,185.4004,1463,8,4,291,4331.9357,0.549914,0.574936,0,0,0,0,0,0,0,0,0,0,0.674149,0.670294,0.672576,0.69675,0.739587,v5-shortcut-control-v1
dataset-v5,v3,extraction-v2,ranking-aware-v5,seo_weighted_page_quality_v5,89.4737,72.0,пластиковые окна Самара,пластиковые окна,commercial,Самара,51,https://oknazavr.ru/samara/plastikovye-okna/,oknazavr.ru,3,0,,,content,ok,,..\dataset-v2\artifacts\query--a15bb6fe813ae832.json,22e499e38e1114a265c0c0caacaf07c397f286e0,793372,72.0,9600,60000,1600,743,0.377349,5.353,90,14.5852,36,1,10,10,18,1,82,1,158,0,0,0,104,4,0,0.666667,0,7,1,22,0.052819,1,80,24,40,0,3,72,24,6.9088,80,28,60,0,0.018979,0.7291,1,1,5.59375,0.077193,0.7291,0.486067,0.7291,0.666667,0.7291,0.883333,0.509091,0.910345,0.239377,0.275125,0.7291,200,1,0,0,0,0,1,0,0,0,1,1,1,0,0,2,0,0,1,0.8,1,0.75,0.91,1,1,0,1,1,1,1,0,1,0,1,1,1,1,1,1,0,1,1,1,0.6,8,7,0.888889,0.777778,0.755556,1,0.550033,2,2,0,2,1,1,0,0,0.575,1,0.91,1,0.67268,0.018979,0.32732,689.1768,3562,16,6,232,6453.8101,0.300414,0.387811,0,0,0,0,0,0,0,0,0,0,0.805279,0.831755,0.756621,0.792344,0.790982,v5-shortcut-control-v1
dataset-v5,v3,extraction-v2,ranking-aware-v5,seo_weighted_page_quality_v5,84.2105,74.5,пластиковые окна Самара,пластиковые окна,commercial,Самара,51,https://samara.okna-plastikovyye.ru/,samara.okna-plastikovyye.ru,4,0,,,homepage,ok,,..\dataset-v2\artifacts\query--3c02ac3f2c5b757e.json,2f3eed9485341b5a0fef3f73c6487983132dd908,495136,74.5,9600,60000,1600,1094,0.32007,5.9026,90,11.951,36,1,6,2,9,1,43,1,43,0,0,0,143,0,0,0,0,4,0.666667,31,0.041837,1,80,24,40,7,9,145,16.111111,13.1462,66.705676,28,60,2.047981,0.07397,0.503923,1,1,14.991228,0.034615,0.503923,0,0.335949,0,0.503923,0.566667,0.781818,0.296552,0.605422,0.161291,0.503923,200,1,0,0,1,1,1,0,0,0,1,1,1,0,0,0,0,0,1,1,1,1,1,1,4,1,1,1,1,1,1,1,1,1,1,1,0,1,27,1,1,1,1,1,8,9,0.888889,1,0.962963,1,0.598569,4,4,0,4,1,1,0,0,0.85,1,0.91,1,0.67638,0.07397,0.32362,349.7178,3062,50,44,146,8152.3963,0.197544,0.310658,0,0,0,0,0,0,0,0,0,0,0.719873,0.796182,0.539542,0.668344,0.616439,v5-shortcut-control-v1
dataset-v5,v3,extraction-v2,ranking-aware-v5,seo_weighted_page_quality_v5,78.9474,73.8,пластиковые окна Самара,пластиковые окна,commercial,Самара,51,https://azbukaokon63.ru/,azbukaokon63.ru,5,0,,,homepage,ok,,..\dataset-v2\artifacts\query--5b300c5c6369a2d2.json,911f60a44deae8a2cefe59d38a68c23192f7369c,529977,73.8,9600,60000,1600,947,0.267363,5.6694,90,10.5104,36,1,10,4,18,1,69,1,208,0,0,0,86,2,3,0.666667,0.666667,7,0.666667,13,0.02428,1,80,24,40,24,5,32,6.4,20.3563,80,28,35.855449,11.575381,0.060346,0.648148,1,1,9.321053,0.126437,0.648148,0.432099,0.432099,0.444444,0.648148,0.8,0.745455,0.565517,0.809336,0.173291,0.648148,200,1,0,0,0,0,0,0,0,0,1,1,1,0,0,0,0,0,1,1,1,0.75,0.95,1,7,1,1,1,1,1,1,1,1,0,1,0,1,1,51,1,1,1,1,1,9,7,1,0.777778,0.925926,1,0.45178,0,0,0,0,0,0,0,0,0,1,0.91,1,0.504556,0.060346,0.495444,414.5654,2188,17,12,141,6886.6786,0.318902,0.401676,0,0,0,0,0,0,0,0,0,0,0.823431,0.869014,0.696077,0.774181,0.732917,v5-shortcut-control-v1
dataset-v5,v3,extraction-v2,ranking-aware-v5,seo_weighted_page_quality_v5,73.6842,80.7,пластиковые окна Самара,пластиковые окна,commercial,Самара,51,https://samara.delaem-okna.ru/,samara.delaem-okna.ru,6,0,,,homepage,ok,,..\dataset-v2\artifacts\query--d4aa25c56ff57682.json,87e45629d1012ed168f496e13c77ec5ed4171894,622334,80.7,9600,60000,1600,1003,0.370795,6.132,90,17.9139,36,1,10,2,18,1,80,1,295,0,0,0,185,2,4,0.666667,0.666667,6,0.666667,50,0.068392,1,80,24,40,5,2,12,6,37.5694,80,28,26.987061,1.848429,0.039798,0.749851,1,1,9.138514,0.305556,0.749851,0.499901,0.499901,0.444444,0.749851,0.8,0.545455,0,0,0.278041,0.749851,200,1,0,0,1,1,0,0,0,0,1,1,1,0,0,0,0,0,1,1,1,1,1,1,2,1,1,1,1,1,1,1,1,1,0,1,1,1,37,1,1,1,1,1,9,8,1,0.888889,0.962963,1,0.51537,6,3,3,3,0,1,0,0,0.3625,1,0.91,1,0.620169,0.039798,0.379831,501.5576,3020,19,7,135,24133.4588,0.328863,0.409147,0,0,0,0,0,0,0,0,0,0,0.865694,0.899836,0.759047,0.824694,0.792433,v5-shortcut-control-v1
dataset-v5,v3,extraction-v2,ranking-aware-v5,seo_weighted_page_quality_v5,68.4211,79.1,пластиковые окна Самара,пластиковые окна,commercial,Самара,51,https://npik.ru/,npik.ru,7,0,,,homepage,ok,,..\dataset-v2\artifacts\query--d4d5ec91d1a71f79.json,b43f1d5239f138dc08c2a30fb188bd7f8e43cfc8,298942,79.1,9600,60000,1600,1200,0.406624,6.0586,90,15.2028,36,1,4,12,18,1,63,1,185,0,0,0,105,2,0,0.666667,0,4,0.666667,22,0.024149,1,80,24,40,24,4,28,7,32.2074,62.557498,5.979761,60,8.50966,0.184438,0.636112,1,1,15.985294,0.214815,0.636112,0.424075,0.424075,0.444444,0.636112,0.8,0.854545,0.724138,0.804968,0.258658,0.636112,200,1,0,0,1,1,1,0,0,0,1,1,1,0,0,0,0,0,1,1,1,1,1,1,7,1,1,1,1,1,1,1,1,1,1,0,0,1,9,1,1,1,1,1,8,8,0.888889,0.888889,0.925926,1,0.564241,0,0,0,0,0,0,0,0,0,1,0.9415,1,0.302857,0.184438,0.697143,192.2705,1663,8,2,26,5864.9572,0.607762,0.618321,0,0,0,0,0,0,0,0,0,0,0.803042,0.857479,0.64497,0.772042,0.74125,v5-shortcut-control-v1
dataset-v5,v3,extraction-v2,ranking-aware-v5,seo_weighted_page_quality_v5,63.1579,68.3,пластиковые окна Самара,пластиковые окна,commercial,Самара,51,https://mirokon-samara.ru/,mirokon-samara.ru,8,0,,,homepage,ok,,..\dataset-v2\artifacts\query--a7223d033046bd98.json,d370b4431879ebb39596ec81c1280271c7e91618,126201,68.3,8789,60000,1309,637,0.486631,5.5569,90,12.2336,12,1,5,0,6,1,52,1,139,0,1,3,83,3,8,0.666667,1,7,1,27,0.063407,1,54,24,39,0,7,23,3.285714,109.0833,41.252865,28,29.793736,0,0.105442,0.524442,1,1,24.240741,0.5,0.524442,0.349628,0.524442,0.666667,0.457663,0.883333,0.945455,0.958621,0,0.185594,0.524442,200,1,0,0,0,0,1,0,0,0,1,1,1,0,0,0,0,0,1,1,1,0.75,0.95,1,3,0,1,0,1,1,0,1,0,1,1,0,0,1,1,0,1,1,1,0.4,6,5,0.666667,0.555556,0.540741,1,0.457552,0,0,0,0,0,0,0,0,0,1,0.91,1,0.572857,0.105442,0.427143,89.7139,774,29,14,52,9830.0342,0.440752,0.493064,0,0,0,0,0,0,0,0,0,0,0.669785,0.666785,0.584663,0.689357,0.703064,v5-shortcut-control-v1
dataset-v5,v3,extraction-v2,ranking-aware-v5,seo_weighted_page_quality_v5,57.8947,27.3,пластиковые окна Самара,пластиковые окна,commercial,Самара,51,https://www.avito.ru/samara/remont_i_stroitelstvo/plastikovye_okna_8099668986,avito.ru,9,0,,,content,ok,,..\dataset-v2\artifacts\query--92b6cb1dbdb58971.json,6dd4015c845ae88cbd391044452c5bb1704a31e1,34370,27.3,947,28943,133,90,0.676692,5.8421,12,11.0833,11,0,1,0,1,1,31,0,0,0,0,0,0,0,0,0,0,0,0,0,0,0,1,1,0,1,1,2,2,12.0909,7.518797,7.518797,0,7.518797,0.032719,0.086804,0,0.75,80,0.090909,0,0,0,0,0.007697,0,0.563636,0,0,0.00434,0.065103,429,0,0,0,0,0,0,0,0,0,0,1,1,0,0,3,0,0,1,0.7,1,0.75,0.69,1,1,0,0,0,0,1,0,0,0,1,0,0,0,1,1,1,0,1,1,0.4,2,3,0.222222,0.333333,0.318519,1,0.569567,0,0,0,0,0,0,0,0,0,1,0.879278,1,0.471138,0.032719,0.528862,29.1826,60,5,1,1,6080.1569,0.943504,0.870128,0,0,0,0,0,0,0,0,0,0,0.199503,0.236606,0.085528,0.245862,0.204941,v5-shortcut-control-v1
dataset-v5,v3,extraction-v2,ranking-aware-v5,seo_weighted_page_quality_v5,52.6316,75.8,пластиковые окна Самара,пластиковые окна,commercial,Самара,51,https://smr.okna-olkon.ru/,smr.okna-olkon.ru,10,0,,,homepage,ok,,..\dataset-v2\artifacts\query--94f20821850bab6b.json,d69d865d200514f8ab8011b2387799725c813697,418232,75.8,8824,60000,1371,491,0.358133,5.2086,90,14.9022,36,1,10,12,18,1,43,1,164,0,0,0,40,2,4,0.666667,0.666667,4,1,14,0.029176,1,80,24,36,7,9,88,9.777778,18.527,64.186725,28,26.258206,5.105762,0.024644,0.688017,1,1,15.579545,0.878378,0.688017,0.458678,0.688017,0.666667,0.628848,0.883333,0.781818,0.868966,0.972526,0.187676,0.688017,200,1,0,0,1,1,0,0,0,0,1,1,0,0,0,0,0,0,1,1,0.5,1,0.9,1,2,1,1,1,1,1,0,0,1,1,1,0,0,1,1,0,1,1,1,0.8,6,8,0.666667,0.888889,0.785185,1,0.345464,0,0,0,0,0,0,0,0,0,1,0.91,1,0.892184,0.024644,0.107816,360.1152,1132,40,41,100,8336.6275,0.26872,0.36404,0,0,0,0,0,0,0,0,0,0,0.768637,0.822235,0.657915,0.76323,0.768375,v5-shortcut-control-v1
dataset-v5,v3,extraction-v2,ranking-aware-v5,seo_weighted_page_quality_v5,100.0,73.1,пластиковые окна Нижний Новгород,пластиковые окна,commercial,Нижний Новгород,47,https://www.oknakompas.ru/,oknakompas.ru,1,0,,,homepage,ok,,..\dataset-v2\artifacts\query--be7e4d9bbbab8550.json,f9371dc052da5128987e7b18ab56752b450a0e3e,1218279,73.1,9600,60000,1600,1058,0.159964,5.6219,90,15.7102,36,1,10,7,18,1,79,1,179,0,0,0,176,3,2,0.5,0.5,1,0.25,19,0.02661,1,80,24,40,7,27,73,2.703704,4.9655,76.655579,18.294527,60,1.058361,0.046609,0.552938,1,1,13.045365,0.017267,0.552938,0.276469,0.138235,0.125,0.552938,0.6375,0.563636,0.765517,0.887007,0.08845,0.552938,200,1,0,0,1,1,1,0,0,0,1,1,1,0,0,0,0,0,1,1,1,1,1,1,6,0,1,1,1,1,1,1,1,1,1,0,0,1,33,0,1,1,1,0.6,8,7,0.888889,0.777778,0.755556,1,0.320437,0,0,0,0,0,0,0,0,0,1,0.91,1,0.796085,0.046609,0.203915,999.7295,5891,43,18,121,10979.7719,0.00711,0.167832,0,0,0,0,0,0,0,0,0,0,0.706859,0.760529,0.561708,0.678374,0.653014,v5-shortcut-control-v1
dataset-v5,v3,extraction-v2,ranking-aware-v5,seo_weighted_page_quality_v5,94.7368,67.3,пластиковые окна Нижний Новгород,пластиковые окна,commercial,Нижний Новгород,47,https://oknazavr.ru/nizhniy-novgorod/plastikovye-okna/,oknazavr.ru,2,0,,,content,ok,,..\dataset-v2\artifacts\query--c6946e53f46e8535.json,e1c2ca1beb87255ed40f34d29acb930a3a713711,858922,67.3,9600,60000,1600,818,0.369801,5.4729,90,16.029,36,1,10,10,18,1,91,1,167,0,0,0,128,4,0,0.5,0,5,0.5,27,0.057866,1,80,24,40,0,3,94,31.333333,7.654,80,28,60,0,0.020065,0.691169,1,1,5.978378,0.076125,0.691169,0.345585,0.345585,0.25,0.691169,0.7,0.345455,0.848276,0.071127,0.255595,0.691169,200,1,0,0,0,0,1,0,0,0,1,1,1,0,0,2,0,0,1,0.8,1,0.75,0.91,1,1,0,1,1,1,1,0,0,0,1,1,1,1,1,1,0,1,1,1,0.6,7,7,0.777778,0.777778,0.718519,1,0.548193,2,2,0,2,1,1,0,0,0.575,1,0.91,1,0.667929,0.020065,0.332071,744.2959,3904,16,6,237,10204.272,0.284266,0.3757,0,0,0,0,0,0,0,0,0,0,0.739488,0.783231,0.705453,0.710087,0.705357,v5-shortcut-control-v1
dataset-v5,v3,extraction-v2,ranking-aware-v5,seo_weighted_page_quality_v5,89.4737,73.7,пластиковые окна Нижний Новгород,пластиковые окна,commercial,Нижний Новгород,47,https://nn.okna-plastikovyye.ru/,nn.okna-plastikovyye.ru,3,0,,,homepage,ok,,..\dataset-v2\artifacts\query--0251da62053255d6.json,c16321883752dd5bf6a6a41afaa67ff3ec91afd7,490241,73.7,9600,60000,1600,1114,0.324026,5.8755,90,11.9375,36,1,6,0,7,1,44,1,44,0,0,0,139,2,2,0.5,0.5,4,0.5,33,0.04043,1,80,24,40,7,9,145,16.111111,13.1221,64.863293,28,60,2.036067,0.074797,0.270517,1,1,15.41704,0.026718,0.270517,0.135259,0.135259,0.25,0.270517,0.7,0.8,0.303448,0.652317,0.087654,0.270517,200,1,0,0,1,1,1,0,0,0,1,1,1,0,0,0,0,0,1,1,1,1,1,1,4,1,1,1,1,1,1,1,1,1,1,1,0,1,27,1,1,1,1,1,8,9,0.888889,1,0.962963,1,0.599603,4,4,0,4,1,1,0,0,0.85,1,0.91,1,0.672764,0.074797,0.327236,347.3613,3048,48,44,146,5781.9415,0.198234,0.311175,0,0,0,0,0,0,0,0,0,0,0.653901,0.752467,0.44606,0.618814,0.556588,v5-shortcut-control-v1
dataset-v5,v3,extraction-v2,ranking-aware-v5,seo_weighted_page_quality_v5,84.2105,76.5,пластиковые окна Нижний Новгород,пластиковые окна,commercial,Нижний Новгород,47,https://окна-саксэс.рф/,окна-саксэс.рф,4,0,,,homepage,ok,,..\dataset-v2\artifacts\query--d20d113c9adb663a.json,16089b7d85b033116079a5328158dbd1d654564d,1181492,76.5,9600,60000,1600,1200,0.2938,5.7111,90,26.1698,36,1,10,1,12,1,66,1,158,0,0,0,111,2,2,0.5,0.5,5,0.5,4,0.020007,1,80,24,40,24,17,319,18.764706,7.0585,68.853641,28,57.137707,6.128335,0.040225,0.507231,1,1,14.52356,0.015267,0.507231,0.253615,0.253615,0.25,0.507231,0.7,0.8,0.910345,0.666907,0.149024,0.507231,200,1,0,0,1,1,1,0,0,0,1,1,1,0,0,0,0,0,1,1,1,1,1,1,8,1,1,1,1,1,1,1,1,1,1,0,1,1,19,0,1,1,1,0.8,9,8,1,0.888889,0.896296,1,0.480428,2,3,0,3,1,0,1,0,0.6625,1,0.91,1,0.824015,0.040225,0.175985,975.1709,6484,47,26,500,3030.347,0.014305,0.173229,0,0,0,0,0,0,0,0,0,0,0.740005,0.796942,0.618467,0.699592,0.654233,v5-shortcut-control-v1
dataset-v5,v3,extraction-v2,ranking-aware-v5,seo_weighted_page_quality_v5,78.9474,79.5,пластиковые окна Нижний Новгород,пластиковые окна,commercial,Нижний Новгород,47,https://akonta.ru/,akonta.ru,5,0,,,homepage,ok,,..\dataset-v2\artifacts\query--b4be295c59f53686.json,f7a294cc9c48725e73b5515e78c7998532c0bcbc,518126,79.5,9600,60000,1600,904,0.33845,6.1733,90,14.8389,1,1,10,5,18,1,81,1,160,0,0,0,145,2,2,0.5,0.5,24,1,21,0.054287,1,80,16,40,10,4,61,15.25,180,40.434294,5.990266,54.286784,3.743916,0.045843,0.612071,1,1,24.731481,23,0.612071,0.306036,0.612071,0.5,0.612071,0.825,0.527273,0.896552,0.190441,0.207155,0.612071,200,1,0,0,1,1,0,0,0,0,1,1,0,0,0,0,0,0,1,1,0.5,1,0.9,1,6,1,1,1,1,1,1,1,1,1,1,1,1,1,7,1,1,1,1,1,9,9,1,1,1,1,0.59466,6,4,0,6,1,0,1,1,0.85,1,0.964,1,0.799436,0.045843,0.200564,436.5625,2167,71,123,16,4021.4314,0.268767,0.364075,0,0,0,0,0,0,0,0,0,0,0.810322,0.859214,0.684146,0.756912,0.713083,v5-shortcut-control-v1
dataset-v5,v3,extraction-v2,ranking-aware-v5,seo_weighted_page_quality_v5,73.6842,62.5,пластиковые окна Нижний Новгород,пластиковые окна,commercial,Нижний Новгород,47,https://profinn52.ru/,profinn52.ru,6,0,,,homepage,ok,,..\dataset-v2\artifacts\query--6012dbd4d19336a1.json,e38ee68ae9595696c457c6fea7dd0099274f5be0,39438,62.5,6103,15331,770,481,0.624675,6.7584,52,14.8077,22,1,10,7,18,1,69,1,91,0,0,0,15,0,2,0,0.5,4,0.5,9,0.019481,1,41,10,0,0,2,4,2,35,53.246753,12.987013,0,0,0.398082,0.604245,1,0.75,18.780488,0.863636,0.604245,0,0.302123,0,0.310179,0.525,0.745455,0.627586,0.649351,0.161468,0.453184,200,1,0,0,1,1,0,0,0,0,1,0,0,0,0,0,0,0,1,1,0,1,0.8,1,1,1,1,0,0,0,0,0,1,1,0,0,0,1,1,0,1,1,1,0.6,4,6,0.444444,0.666667,0.57037,1,0.47719,0,0,0,0,0,0,0,0,0,0,0.4275,1,0.315714,0.398082,0.684286,20.0811,233,9,4,10,5032.297,0.845966,0.796975,0,0,0,0,0,0,0,0,0,0,0.587651,0.617947,0.518261,0.564928,0.583986,v5-shortcut-control-v1
dataset-v5,v3,extraction-v2,ranking-aware-v5,seo_weighted_page_quality_v5,68.4211,68.4,пластиковые окна Нижний Новгород,пластиковые окна,commercial,Нижний Новгород,47,https://prizma-okna.ru/,prizma-okna.ru,7,0,,,homepage,ok,,..\dataset-v2\artifacts\query--cff51982795c1887.json,49e34cae7924671ef8277ccaa9e09333d96bf948,516656,68.4,9600,60000,1350,600,0.444444,6.2533,90,11.4407,36,1,0,0,1,1,41,1,112,0,0,0,49,4,2,1,0.5,0,0,12,0.036296,1,80,24,40,24,3,26,8.666667,8.5987,80,28,33.333333,21.481481,0.021817,0.579156,1,1,10.074627,0.006369,0.579156,0.579156,0,0,0.52124,0.75,0.745455,0.772414,0.790123,0.193052,0.579156,200,1,0,0,0,0,0,0,0,0,1,1,1,0,0,0,0,0,1,1,1,0.75,0.95,1,2,1,1,1,1,1,1,1,1,0,1,1,0,1,6,0,1,1,1,0.8,8,8,0.888889,0.888889,0.859259,1,0.407621,0,0,0,0,0,0,0,0,0,1,0.91,1,0.673124,0.021817,0.326876,460.2549,1692,17,13,49,8036.4761,0.308142,0.393607,0,0,0,0,0,0,0,0,0,0,0.748715,0.80356,0.523439,0.711778,0.682391,v5-shortcut-control-v1
dataset-v5,v3,extraction-v2,ranking-aware-v5,seo_weighted_page_quality_v5,63.1579,73.9,пластиковые окна Нижний Новгород,пластиковые окна,commercial,Нижний Новгород,47,https://okna-navsegda.ru/,okna-navsegda.ru,8,0,,,homepage,ok,,..\dataset-v2\artifacts\query--0278231bff2a3217.json,ba907b621344203392aac7b64fc26ac70aeb238c,266082,73.9,9227,60000,1370,644,0.470073,5.4599,90,12.9245,36,1,10,12,18,1,59,1,137,0,0,0,35,2,2,0.5,0.5,3,0.5,7,0.025547,1,80,24,40,24,1,5,5,17.5641,59.124088,28,32.846715,40,0.042907,0.552841,1,1,16.91358,0.628205,0.552841,0.276421,0.276421,0.25,0.504928,0.7,0.927273,0.944828,0.851582,0.197794,0.552841,200,1,0,0,1,1,1,0,0,0,1,1,1,0,0,0,0,0,1,1,1,1,1,1,3,0,1,1,1,1,1,1,1,1,1,0,0,1,11,0,1,1,1,0.6,8,7,0.888889,0.777778,0.755556,1,0.417438,2,1,1,1,1,0,0,0,0.220833,1,0.91,1,0.812284,0.042907,0.187716,219.4277,1657,44,34,120,6073.4168,0.251603,0.351202,0,0,0,0,0,0,0,0,0,0,0.716596,0.768401,0.577851,0.695157,0.673047,v5-shortcut-control-v1
dataset-v5,v3,extraction-v2,ranking-aware-v5,seo_weighted_page_quality_v5,57.8947,69.8,пластиковые окна Нижний Новгород,пластиковые окна,commercial,Нижний Новгород,47,https://schtandart-nn.ru/,schtandart-nn.ru,9,0,,,homepage,ok,,..\dataset-v2\artifacts\query--6a4400c97d940be4.json,9f051f2bedc37efe155d29ae3109065cf494cdec,889304,69.8,9600,60000,1600,916,0.40388,5.9652,90,22.2353,1,1,1,1,3,1,97,1,255,0,0,0,30,2,2,0.5,0.5,4,0.5,5,0.013228,1,80,24,40,24,6,151,25.166667,180,46.737213,28,60,29.541446,0.020008,0.567157,1,1,21.396226,3,0.567157,0.283579,0.283579,0.25,0.567157,0.7,0.236364,0.241379,0.440917,0.229063,0.567157,200,1,0,0,1,1,0,0,0,0,1,1,0,0,0,0,0,0,1,1,0.5,1,0.9,1,8,1,1,1,0,1,1,0,1,1,1,1,0,1,19,1,1,1,1,1,6,9,0.666667,1,0.888889,1,0.302163,0,0,0,0,0,0,0,0,0,1,0.91,1,0.912467,0.020008,0.087533,802.7402,3129,116,173,65,10882.1418,0.064822,0.211117,0,0,0,0,0,0,0,0,0,0,0.713553,0.793748,0.546414,0.675292,0.651452,v5-shortcut-control-v1
dataset-v5,v3,extraction-v2,ranking-aware-v5,seo_weighted_page_quality_v5,52.6316,75.3,пластиковые окна Нижний Новгород,пластиковые окна,commercial,Нижний Новгород,47,https://nn.zavod-okna-pvh.ru/,nn.zavod-okna-pvh.ru,10,0,,,homepage,ok,,..\dataset-v2\artifacts\query--1528085aa5cf3ff0.json,fddf585bacc782b85450a6117fbc68d69990aa4c,386428,75.3,9600,60000,1600,1200,0.378385,6.0113,90,21.4199,36,1,10,0,18,1,92,1,128,0,0,0,130,2,0,0.5,0,9,0.5,21,0.033531,1,80,24,40,0,12,145,12.083333,13.7482,46.42765,28,54.681455,0,0.109194,0.56629,1,1,21.538889,0.06383,0.56629,0.283145,0.283145,0.25,0.56629,0.7,0.327273,0.882759,0.882297,0.214276,0.56629,200,1,0,0,1,1,1,0,0,0,1,1,1,0,0,0,0,0,1,1,1,1,1,1,1,1,1,1,1,1,1,1,1,1,1,0,0,1,11,1,1,1,1,1,8,8,0.888889,0.888889,0.925926,1,0.540358,2,2,0,2,1,0,0,0,0.425,1,0.91,1,0.585714,0.109194,0.414286,273.3594,2634,30,7,186,5941.2645,0.332861,0.412146,0,0,0,0,0,0,0,0,0,0,0.761488,0.82678,0.592504,0.719746,0.678595,v5-shortcut-control-v1
dataset-v5,v3,extraction-v2,ranking-aware-v5,seo_weighted_page_quality_v5,100.0,82.1,пластиковые окна цена Москва,пластиковые окна,commercial,Москва,213,https://oknafoster.ru/plastikovye-okna-ceny/,oknafoster.ru,1,0,,,content,ok,,..\dataset-v2\artifacts\query--917bbf0dca1d53b3.json,a43a1fdeaf7a4c7f9765c54919afcc660260e820,380628,82.1,9600,60000,1600,1200,0.32392,5.0567,90,21.8245,36,1,8,12,18,1,62,1,150,0,0,0,94,2,2,0.5,0.5,6,0.75,27,0.01758,1,80,24,40,24,4,28,7,36.3741,23.938657,19.8242,22.06845,40,0.121721,0.91454,1,1,41.773438,0.489796,0.91454,0.45727,0.685905,0.375,0.91454,0.7625,0.872727,0.965517,0.585998,0.296238,0.91454,200,1,0,0,1,1,1,0,0,0,1,1,1,0,0,1,0,0,1,0.9,1,1,0.98,1,2,1,1,1,1,1,1,1,1,0,1,0,1,1,1,0,1,1,1,0.8,9,7,1,0.777778,0.859259,1,0.711533,1,4,0,3,1,0,0,0,0.65,1,0.91,1,0.264286,0.121721,0.735714,291.6953,2768,5,2,106,3679.4254,0.517221,0.550416,0,1,0,0,0.05,1,0.45,0.5,0,0,0.898998,0.908237,0.82771,0.858589,0.908237,v5-shortcut-control-v1
dataset-v5,v3,extraction-v2,ranking-aware-v5,seo_weighted_page_quality_v5,94.7368,27.2,пластиковые окна цена Москва,пластиковые окна,commercial,Москва,213,https://lemanapro.ru/catalogue/plastikovye-okna/,lemanapro.ru,2,0,,,product,ok,,..\dataset-v2\artifacts\query--a40a1695df80896f.json,54630ebf578fc574c0873bd630040a20048749de,10071,27.2,77,8264,13,13,1,5,1,13,1,1,0,0,1,1,12,0,0,0,0,0,0,0,0,0,0,0,0,0,0,0,1,0,0,0,0,0,0,13,76.923077,0,0,0,0.009318,0,0,0,13,1,0,0,0,0,0,0,0.218182,0,0,0,0,403,0,0,0,0,0,0,0,0,0,0,1,1,0,0,2,0,0,1,0.8,1,0.75,0.71,1,1,0,0,0,0,0,0,0,0,0,0,0,0,0,0,0,0,0,0,0.2,1,0,0.111111,0,0.103704,1,0.536196,0,0,0,0,0,0,0,0,0,1,0.760695,1,0.509236,0.009318,0.490764,8.1094,40,0,2,0,3147.2344,0.97443,0.893323,0,1,0,0,0.05,1,0.45,0.5,0,0,0.090682,0.153313,0.063911,0.189586,0.153313,v5-shortcut-control-v1
dataset-v5,v3,extraction-v2,ranking-aware-v5,seo_weighted_page_quality_v5,89.4737,60.2,пластиковые окна цена Москва,пластиковые окна,commercial,Москва,213,https://www.veka.ru/calc,veka.ru,3,0,,,content,ok,,..\dataset-v2\artifacts\query--476db3a9d87e592f.json,1295d5bd10b304559fb392b84fb76b84495cd4b7,296783,60.2,6076,60000,811,265,0.326757,6.4143,17,38,36,1,0,0,1,1,79,1,162,0,0,0,43,0,3,0,0.5,0,0,12,0.053021,0.75,80,15,27,16,2,18,9,5.3355,80,18.495684,33.292232,19.72873,0.026332,0.746308,1,1,3.75463,0.006579,0.559731,0,0,0,0.403504,0.3625,0.563636,0.882759,0.174476,0.109873,0.746308,200,1,0,0,1,1,0,0,0,0,1,1,1,0,0,1,0,0,1,0.9,1,1,0.98,1,2,0,1,0,0,1,0,1,1,1,1,0,0,1,17,0,1,1,1,0.4,5,6,0.555556,0.666667,0.540741,1,0.383352,0,0,0,0,0,0,0,0,0,1,0.96625,1,0.884797,0.026332,0.115203,234.5947,1308,44,20,15,10469.3815,0.385938,0.451954,0,1,0,0,0.05,1,0.45,0.5,0,0,0.606267,0.615929,0.444497,0.583213,0.615929,v5-shortcut-control-v1
dataset-v5,v3,extraction-v2,ranking-aware-v5,seo_weighted_page_quality_v5,84.2105,78.0,пластиковые окна цена Москва,пластиковые окна,commercial,Москва,213,https://o-kno.ru/,o-kno.ru,4,0,,,homepage,ok,,..\dataset-v2\artifacts\query--b186bc8d11a89799.json,9325b00f4193419ad215b1ccb4853a5563f3e81b,540696,78.0,9600,60000,1600,659,0.354682,5.7449,90,17.8654,34,2,10,12,18,1,115,1,222,0,0,0,81,3,3,0.5,0.5,25,1,29,0.043595,1,80,24,40,0,7,75,10.714286,54.6471,80,28,60,0,0.027439,0.84077,1,1,11.260606,1.117647,0.84077,0.420385,0.84077,0.5,0.84077,0.825,0,0.468966,0.546825,0.298206,0.84077,200,1,0,0,1,1,1,0,0,0,1,1,1,0,0,0,0,0,1,1,1,1,1,1,3,0,1,1,1,1,0,1,0,1,0,1,0,1,5,1,1,1,1,0.8,7,6,0.777778,0.666667,0.748148,1,0.50392,1,4,0,3,1,0,0,0,0.65,1,0.91,1,0.841382,0.027439,0.158618,470.1133,2023,32,22,90,11016.8953,0.179414,0.297061,0,1,0,0,0.05,1,0.45,0.5,0,0,0.845192,0.875855,0.748238,0.839997,0.875855,v5-shortcut-control-v1
dataset-v5,v3,extraction-v2,ranking-aware-v5,seo_weighted_page_quality_v5,78.9474,80.9,пластиковые окна цена Москва,пластиковые окна,commercial,Москва,213,https://www.fabrikaokon.ru/price-b.html,fabrikaokon.ru,5,0,,,content,ok,,..\dataset-v2\artifacts\query--0b23bee7f17809df.json,97ee284fd2e176c98772d3eef57f48282dcc4473,1029436,80.9,9600,60000,1600,1200,0.18539,5.758,90,26.0441,36,1,10,8,18,1,69,1,216,0,0,0,345,3,2,0.5,0.5,9,0.75,22,0.030735,1,80,24,8,0,22,147,6.681818,162.6812,58.530067,28,0.712695,0,0.117848,0.804695,1,1,17.085236,0.275362,0.804695,0.402348,0.603521,0.375,0.804695,0.7625,0.745455,0.510345,0.975501,0.149182,0.804695,200,1,0,0,1,1,0,0,0,0,1,1,1,0,0,1,0,0,1,0.9,1,1,0.98,1,7,1,1,1,1,1,1,1,1,1,1,1,1,1,26,1,1,1,1,1,9,9,1,1,1,1,0.575528,3,3,0,3,1,1,1,0,0.8125,1,0.91,1,0.65,0.117848,0.35,718.5576,8655,50,26,639,15403.3201,0.089485,0.229614,0,1,0,0,0.05,1,0.45,0.5,0,0,0.878218,0.907315,0.760495,0.828633,0.907315,v5-shortcut-control-v1
dataset-v5,v3,extraction-v2,ranking-aware-v5,seo_weighted_page_quality_v5,73.6842,72.5,пластиковые окна цена Москва,пластиковые окна,commercial,Москва,213,https://mosplastokna.ru/,mosplastokna.ru,6,0,,,homepage,ok,,..\dataset-v2\artifacts\query--ded06271ed9a4532.json,c0ab78fdbf0843b16c7eddb962f98b40a8570091,82910,72.5,8421,49956,1121,655,0.5843,6.314,73,15.3562,17,1,4,7,12,1,80,1,154,0,0,0,37,3,3,0.5,0.5,6,0.5,17,0.033006,1,45,13,34,17,1,9,9,65.9412,40.14273,11.596789,30.330062,15.165031,0.168568,0.855797,1,1,24.911111,0.705882,0.855797,0.427899,0.427899,0.25,0.639566,0.7,0.545455,0.937931,0.899792,0.311415,0.855797,200,1,0,0,0,0,1,0,0,0,1,1,1,0,0,0,0,0,1,1,1,0.75,0.95,1,2,1,1,1,1,1,0,0,1,1,1,0,0,1,2,0,1,1,1,0.8,6,8,0.666667,0.888889,0.785185,1,0.504218,0,0,0,0,0,0,0,0,0,1,0.97075,1,0.547143,0.168568,0.452857,56.2178,554,27,16,13,10776.8081,0.574355,0.593266,0,1,0,0,0.05,1,0.45,0.5,0,0,0.802671,0.842894,0.698232,0.776166,0.842894,v5-shortcut-control-v1
dataset-v5,v3,extraction-v2,ranking-aware-v5,seo_weighted_page_quality_v5,68.4211,77.3,пластиковые окна цена Москва,пластиковые окна,commercial,Москва,213,https://www.mosokna.ru/,mosokna.ru,7,0,,,homepage,ok,,..\dataset-v2\artifacts\query--0dc38dfef9fd5ec7.json,de4a03bb6c73a27607a5231aa67d9da8eb117b6c,1299717,77.3,9600,60000,1600,1070,0.36112,5.9112,90,24.6917,36,1,10,1,13,1,60,1,230,0,0,0,99,3,2,0.5,0.25,3,0.25,14,0.033412,1,80,24,40,1,4,24,6,7.1743,80,28,60,0.337496,0.020931,0.720111,1,1,8.897898,0.031477,0.720111,0.360055,0.180028,0.125,0.720111,0.6375,0.909091,0.413793,0.886264,0.260047,0.720111,200,1,0,0,1,1,0,0,0,0,1,1,1,0,0,0,0,0,1,1,1,1,1,1,6,0,1,1,1,1,1,1,1,1,1,1,1,1,23,1,1,1,1,0.8,9,8,1,0.888889,0.896296,1,0.291018,0,0,0,0,0,0,0,0,0,1,0.91,1,0.908428,0.020931,0.091572,1055.873,3947,206,22,400,9865.5316,0,0.1625,0,1,0,0,0.05,1,0.45,0.5,0,0,0.806415,0.841277,0.715229,0.75166,0.841277,v5-shortcut-control-v1
dataset-v5,v3,extraction-v2,ranking-aware-v5,seo_weighted_page_quality_v5,63.1579,74.7,пластиковые окна цена Москва,пластиковые окна,commercial,Москва,213,https://www.oknaprosvet.ru/,oknaprosvet.ru,8,0,,,homepage,ok,,..\dataset-v2\artifacts\query--07e767421b2a3d37.json,7b4cdb001eb5fa75513e310eabb73fbe9d2b29e0,279344,74.7,9600,60000,1600,1200,0.385727,5.978,90,16.9657,36,1,10,11,18,1,51,1,130,0,0,0,107,3,4,0.5,0.5,9,0.5,26,0.030916,1,80,24,40,11,6,55,9.166667,16.0977,62.120774,21.670038,48.540884,3.178272,0.146329,0.807862,1,1,16.097674,0.130233,0.807862,0.403931,0.403931,0.25,0.807862,0.7,0.927273,0.896552,0.969469,0.311614,0.807862,200,1,0,0,0,0,1,0,0,0,1,1,1,0,0,0,0,0,1,1,1,0.75,0.95,1,5,1,1,1,1,1,1,1,1,1,1,0,1,1,19,0,1,1,1,0.8,9,8,1,0.888889,0.896296,1,0.410333,0,0,0,0,0,0,0,0,0,1,0.91,1,0.65,0.146329,0.35,188.0684,2678,41,11,75,11925.7276,0.291777,0.381333,0,1,0,0,0.05,1,0.45,0.5,0,0,0.845235,0.86835,0.767257,0.789808,0.86835,v5-shortcut-control-v1
dataset-v5,v3,extraction-v2,ranking-aware-v5,seo_weighted_page_quality_v5,57.8947,74.4,пластиковые окна цена Москва,пластиковые окна,commercial,Москва,213,https://www.melke.ru/,melke.ru,9,0,,,homepage,ok,,..\dataset-v2\artifacts\query--bac8a3f7258025a2.json,1d247ed2f1d47a6617afa9a0023393ad69aa84cb,1119207,74.4,9600,60000,1600,1200,0.361068,5.9645,90,23.3761,36,1,10,2,18,1,79,1,206,0,0,0,240,2,3,0.5,0.5,3,0.5,66,0.047096,1,80,24,40,2,2,77,38.5,137.7297,80,28,60,0.392465,0.04226,0.670762,1,1,11.375,0.567568,0.670762,0.335381,0.335381,0.25,0.670762,0.7,0.563636,0.57931,0.430141,0.24219,0.670762,200,1,0,0,0,0,0,0,0,0,1,1,1,0,0,0,0,0,1,1,1,0.75,0.95,1,8,1,1,1,1,1,1,1,1,1,1,1,1,1,35,1,1,1,1,1,9,9,1,1,1,1,0.547362,6,4,0,6,1,1,0,0,0.9,1,0.91,1,0.815113,0.04226,0.184887,878.0879,4578,74,16,372,10576.1632,0.042748,0.194561,0,1,0,0,0.05,1,0.45,0.5,0,0,0.815365,0.861404,0.698088,0.753023,0.861404,v5-shortcut-control-v1
dataset-v5,v3,extraction-v2,ranking-aware-v5,seo_weighted_page_quality_v5,52.6316,65.0,пластиковые окна цена Москва,пластиковые окна,commercial,Москва,213,https://okno.ru/kalkulyator-okon/,okno.ru,10,0,,,content,ok,,..\dataset-v2\artifacts\query--321f96d938ee8ed5.json,192d7ab700bebd6bc6f37d0a8f965812512bf18f,506561,65.0,9600,60000,1600,817,0.302929,6.1409,90,29.6374,36,1,10,0,11,1,79,1,194,0,0,0,107,0,1,0,0.25,1,0.25,6,0.039674,1,80,24,40,1,2,27,13.5,55.0408,80,28,41.898406,0.370782,0.054927,0.694419,1,1,4.406863,0.22449,0.694419,0,0.173605,0,0.694419,0.4625,0.563636,0.662069,0.677543,0.21036,0.694419,200,1,0,0,0,0,0,0,0,0,1,1,1,0,0,1,0,0,1,0.9,1,0.75,0.93,1,2,1,1,1,1,1,1,1,1,1,1,1,0,1,11,1,1,1,1,1,8,9,0.888889,1,0.962963,1,0.436262,1,1,0,1,0,1,0,0,0.2875,1,0.91,1,0.759693,0.054927,0.240307,365.2705,3017,72,42,105,12130.8208,0.192987,0.30724,0,1,0,0,0.05,1,0.45,0.5,0,0,0.762716,0.820719,0.603513,0.674835,0.820719,v5-shortcut-control-v1
dataset-v5,v3,extraction-v2,ranking-aware-v5,seo_weighted_page_quality_v5,100.0,73.5,пластиковые окна цена Санкт-Петербург,пластиковые окна,commercial,Санкт-Петербург,2,https://zavod-plastikovih-okon.ru/,zavod-plastikovih-okon.ru,1,0,,,homepage,ok,,..\dataset-v2\artifacts\query--e4842c8a79bc52a6.json,0908e6321b195d16a91347b28dfa45cfc64d3ad0,961035,73.5,3112,60000,463,280,0.604752,5.5508,18,25.7222,36,1,7,3,11,1,104,1,163,0,0,0,33,3,4,0.6,0.6,2,0.4,17,0.071274,0.6,80,24,40,0,5,14,2.8,5.1444,80,28,60,0,0.003524,0.729233,1,1,0.966597,0.122222,0.43754,0.43754,0.291693,0.24,0.22509,0.65,0.109091,0.875862,0,0.113436,0.729233,200,1,0,0,1,1,1,0,0,0,1,1,1,0,0,0,0,0,1,1,1,1,1,1,3,0,1,1,1,1,1,1,1,1,1,1,1,1,1,1,1,1,1,0.8,9,8,1,0.888889,0.896296,1,0.279585,0,0,0,0,0,0,0,0,0,1,0.91,1,0.984581,0.003524,0.015419,885.542,4563,96,81,247,10663.6271,0.040564,0.192923,0,1,0,0,0,1,0.4,0.4,0,0,0.74799,0.80439,0.569361,0.719968,0.80439,v5-shortcut-control-v1
dataset-v5,v3,extraction-v2,ranking-aware-v5,seo_weighted_page_quality_v5,94.7368,22.6,пластиковые окна цена Санкт-Петербург,пластиковые окна,commercial,Санкт-Петербург,2,https://spb.oknafactoria.ru/,spb.oknafactoria.ru,2,0,,,homepage,ok,,..\dataset-v2\artifacts\query--5070dcdde74da02d.json,f24c7ba530d08aa3de513b590f282d4ac3a2b473,14552,22.6,114,11922,20,11,0.55,4.65,1,20,1,0,1,0,1,0,0,0,0,0,0,0,0,0,0,0,0,0,0,0,0,0,1,0,0,0,0,0,0,20,50,0,0,0,0.009562,0,0,0,20,1,0,0,0,0,0,0,0,0,0,0,0,200,1,0,0,0,0,1,1,1,0,0,1,0,0,0,0,0,0,1,1,0.5,0.75,0.65,0,0,0,0,0,0,1,0,0,0,1,0,0,0,0,0,0,0,1,1,0,0,3,0,0.333333,0.111111,1,0.525177,0,0,0,0,0,0,0,0,0,1,0.765833,1,0.559594,0.009562,0.440406,11.9414,30,4,2,0,2372.6759,0.951561,0.894468,0,1,0,0,0,1,0.4,0.4,0,0,0.051237,0.052033,0.064531,0.159017,0.052033,v5-shortcut-control-v1
dataset-v5,v3,extraction-v2,ranking-aware-v5,seo_weighted_page_quality_v5,89.4737,71.3,пластиковые окна цена Санкт-Петербург,пластиковые окна,commercial,Санкт-Петербург,2,https://okna-spb.ru/,okna-spb.ru,3,0,,,homepage,ok,,..\dataset-v2\artifacts\query--2bfa70b0b74209e1.json,35f46534059735967829c1be5b6414f0e041196e,633609,71.3,9600,60000,1600,1014,0.21209,5.1418,90,38,36,1,10,0,18,1,72,1,206,0,0,0,302,3,4,0.4,0.6,12,0.6,17,0.063167,0.8,80,24,40,24,11,145,13.181818,10.2158,80,28,47.897929,39.74064,0.074182,0.224884,1,1,8.5681,0.040598,0.179907,0.089954,0.13493,0.24,0.224884,0.66,0.690909,0.57931,0,0.047696,0.224884,200,1,0,0,1,1,1,0,0,0,1,1,1,0,0,0,0,0,1,1,1,1,1,1,4,0,1,1,1,1,1,1,1,1,1,1,1,1,106,1,1,1,1,0.8,9,8,1,0.888889,0.896296,1,0.470959,3,2,1,2,1,0,0,0,0.358333,1,0.91,1,0.675455,0.074182,0.324545,439.3711,4527,40,45,251,6535.2652,0.171278,0.290959,0,1,0,0,0,1,0.4,0.4,0,0,0.610473,0.70806,0.454187,0.582,0.70806,v5-shortcut-control-v1
dataset-v5,v3,extraction-v2,ranking-aware-v5,seo_weighted_page_quality_v5,84.2105,69.2,пластиковые окна цена Санкт-Петербург,пластиковые окна,commercial,Санкт-Петербург,2,https://oknasravni.ru/sankt-peterburg,oknasravni.ru,4,0,,,content,ok,,..\dataset-v2\artifacts\query--b816bdc9ab57d1fa.json,fa6b93120cc818683f865960e42bd31474641d85,249675,69.2,9600,60000,1600,861,0.391008,5.3479,90,13.0296,3,1,8,2,11,1,75,1,161,0,0,0,167,2,4,0.4,0.6,14,0.6,50,0.07584,1,80,24,30,0,0,2,0,180,57.220708,28,13.623978,0,0.07955,0.629001,1,0.75,17.47619,3.666667,0.629001,0.2516,0.377401,0.24,0.629001,0.69,0.636364,0.889655,0,0.245945,0.471751,200,1,0,0,1,1,0,0,0,0,1,1,1,0,0,1,0,0,1,0.9,1,1,0.98,0,0,0,1,1,1,1,1,0,1,1,1,1,0,1,1,0,1,0,0,0.4,6,6,0.666667,0.666667,0.577778,1,0.544174,0,0,0,0,0,0,0,0,0,1,0.91,1,0.304828,0.07955,0.695172,190.6816,1490,8,4,292,3581.2748,0.545366,0.571524,0,1,0,0,0,1,0.4,0.4,0,0,0.656842,0.657043,0.621111,0.671864,0.657043,v5-shortcut-control-v1
dataset-v5,v3,extraction-v2,ranking-aware-v5,seo_weighted_page_quality_v5,78.9474,65.4,пластиковые окна цена Санкт-Петербург,пластиковые окна,commercial,Санкт-Петербург,2,https://petrookna.ru/price,petrookna.ru,5,0,,,content,ok,,..\dataset-v2\artifacts\query--0fdd8d44ca70bc6b.json,e71f0acb3a569fc83060a96a929448f26d7c92ea,67749,65.4,6664,37385,944,465,0.492585,5.8326,74,12.7568,36,1,2,6,9,1,88,1,225,0,0,0,24,3,4,0.6,0.6,2,0.4,5,0.025424,0.8,75,24,40,1,2,16,8,22.4762,79.449153,28,60,1.059322,0.178253,0.68095,1,1,12.586667,0.214286,0.54476,0.40857,0.27238,0.24,0.428545,0.68,0.4,0.448276,0.677966,0.175912,0.68095,200,1,0,0,0,0,1,0,0,0,1,1,1,0,0,1,0,0,1,0.9,1,0.75,0.93,1,8,1,1,1,1,1,1,1,0,1,1,0,0,1,1,0,1,1,1,0.8,8,7,0.888889,0.777778,0.822222,1,0.52049,0,0,0,0,0,0,0,0,0,1,0.928,1,0.482857,0.178253,0.517143,42.5215,514,22,7,32,5519.833,0.632425,0.636819,0,1,0,0,0,1,0.4,0.4,0,0,0.74281,0.79941,0.563059,0.705765,0.79941,v5-shortcut-control-v1
dataset-v5,v3,extraction-v2,ranking-aware-v5,seo_weighted_page_quality_v5,73.6842,66.2,пластиковые окна цена Санкт-Петербург,пластиковые окна,commercial,Санкт-Петербург,2,https://zavod-okon-spb.ru/,zavod-okon-spb.ru,6,0,,,homepage,ok,,..\dataset-v2\artifacts\query--c4d3dcfc095b72d9.json,a4e965240a69a06f64d9a7d80f5d83475c2e6bfb,1806365,66.2,9600,60000,1600,745,0.371756,6.1292,90,15.6562,36,1,1,4,6,1,118,1,167,0,0,0,10,2,3,0.4,0.6,0,0,4,0.00499,0.8,80,24,8,1,6,30,5,27.4521,42.41517,28,3.992016,0.499002,0.008873,0.639139,0.8,1,23.576471,0.082192,0.511311,0.255656,0,0,0.639139,0.46,0,0.848276,0.133067,0.237604,0.639139,200,1,0,0,1,1,0,0,0,0,1,1,0,0,0,0,0,0,1,1,0.5,1,0.9,1,8,0,1,1,1,1,0,0,1,1,1,0,0,1,2,1,1,1,1,0.8,6,7,0.666667,0.777778,0.748148,1,0.27783,0,0,0,0,0,0,0,0,0,1,0.91,1,0.961182,0.008873,0.038818,1667.2197,2814,136,121,192,7076.2192,0,0.1625,0,1,0,0,0,1,0.4,0.4,0,0,0.653772,0.736363,0.553416,0.61192,0.736363,v5-shortcut-control-v1
dataset-v5,v3,extraction-v2,ranking-aware-v5,seo_weighted_page_quality_v5,68.4211,79.4,пластиковые окна цена Санкт-Петербург,пластиковые окна,commercial,Санкт-Петербург,2,https://zavod-okna-pvh.ru/,zavod-okna-pvh.ru,7,0,,,homepage,ok,,..\dataset-v2\artifacts\query--f07577fc9c8095e9.json,7ad7cb3bf86ee70014e995bd88ff50f92518b97b,406464,79.4,9600,60000,1600,1200,0.376187,6.0738,90,18.417,36,1,10,0,18,1,92,1,152,0,0,0,156,3,1,0.6,0.2,15,0.6,23,0.037984,1,80,24,40,0,12,145,12.083333,16.9711,46.992939,28,47.966886,0,0.111181,0.656907,1,1,21.279793,0.07438,0.656907,0.394144,0.394144,0.36,0.656907,0.76,0.327273,0.951724,0.733869,0.24712,0.656907,200,1,0,0,1,1,1,0,0,0,1,1,1,0,0,0,0,0,1,1,1,1,1,1,1,1,1,1,1,1,1,1,1,1,1,0,0,1,10,1,1,1,1,1,8,8,0.888889,0.888889,0.925926,1,0.539562,2,2,0,2,1,0,0,0,0.425,1,0.91,1,0.585714,0.111181,0.414286,287.8486,2639,30,7,187,7557.5431,0.328616,0.408962,0,1,0,0,0,1,0.4,0.4,0,0,0.804284,0.857582,0.646491,0.768172,0.857582,v5-shortcut-control-v1
dataset-v5,v3,extraction-v2,ranking-aware-v5,seo_weighted_page_quality_v5,63.1579,74.7,пластиковые окна цена Санкт-Петербург,пластиковые окна,commercial,Санкт-Петербург,2,https://spb.okna-tseny.ru/,spb.okna-tseny.ru,8,0,,,homepage,ok,,..\dataset-v2\artifacts\query--4a316524dd61c129.json,1f7991c8d4fe610569ec785d6d20efb6daf6f3de,379171,74.7,9600,60000,1600,1045,0.325647,4.9492,90,10.6611,9,1,10,5,18,1,65,1,139,0,0,0,178,3,4,0.6,0.8,22,0.8,33,0.055469,1,80,24,40,3,19,132,6.947368,180,49.859769,28,21.502026,0.934871,0.074443,0.706486,1,1,20.05625,2.444444,0.706486,0.423892,0.565189,0.48,0.706486,0.81,0.818182,0.958621,0.151034,0.230065,0.706486,200,1,0,0,0,0,1,0,0,0,1,1,1,0,0,0,0,0,1,1,1,0.75,0.95,1,2,1,1,1,1,1,1,1,1,1,1,1,0,1,26,1,1,1,1,1,8,9,0.888889,1,0.962963,1,0.397243,0,0,0,0,0,0,0,0,0,1,0.91,1,0.67431,0.074443,0.32569,283.7256,2462,56,12,187,11319.8272,0.254377,0.353283,0,1,0,0,0,1,0.4,0.4,0,0,0.827267,0.873487,0.671394,0.789937,0.873487,v5-shortcut-control-v1
dataset-v5,v3,extraction-v2,ranking-aware-v5,seo_weighted_page_quality_v5,57.8947,76.9,пластиковые окна цена Санкт-Петербург,пластиковые окна,commercial,Санкт-Петербург,2,https://okna-centre.ru/,okna-centre.ru,9,0,,,homepage,ok,,..\dataset-v2\artifacts\query--f59f4d65d74aa6d7.json,86fe2ffd760ebdc313bcc8d60776d9b26d8ed5c6,1745097,76.9,9600,60000,1600,1001,0.336358,5.8511,90,20.5241,36,1,10,12,18,1,52,1,165,0,0,0,85,3,3,0.6,0.6,23,0.8,14,0.028562,1,80,24,0,24,0,20,0,7.0024,44.69086,28,0,40,0.013084,0.553294,1,0.5,22.37594,0.12,0.553294,0.331976,0.442635,0.48,0.553294,0.81,0.945455,0.862069,0.952061,0.186105,0.276647,200,1,0,0,1,1,0,0,0,0,1,1,1,0,0,0,0,0,1,1,1,1,1,1,2,1,1,1,1,1,1,1,1,1,1,0,0,1,24,1,1,1,1,1,8,8,0.888889,0.888889,0.925926,1,0.311342,1,1,0,0,0,0,0,0,0.0875,1,0.91,1,0.942758,0.013084,0.057242,1578.2227,9403,177,12,457,11752.7005,0.0375,0.190625,0,1,0,0,0,1,0.4,0.4,0,0,0.727116,0.808045,0.600311,0.720876,0.808045,v5-shortcut-control-v1
dataset-v5,v3,extraction-v2,ranking-aware-v5,seo_weighted_page_quality_v5,52.6316,83.2,пластиковые окна цена Санкт-Петербург,пластиковые окна,commercial,Санкт-Петербург,2,https://ostekleniespb.ru/,ostekleniespb.ru,10,0,,,homepage,ok,,..\dataset-v2\artifacts\query--eae8f5eb1dfe1e61.json,a7a75853abd357d333f8b719818f17827c698016,296483,83.2,9600,60000,1600,1141,0.424795,5.9579,90,22.7627,36,1,10,2,18,1,75,1,133,0,0,0,80,3,3,0.6,0.6,8,0.6,9,0.029784,1,80,24,40,0,3,11,3.666667,57.1489,80,28,60,0,0.10195,0.810535,1,1,7.440443,0.446809,0.810535,0.486321,0.486321,0.36,0.810535,0.76,0.636364,0.917241,0.992802,0.344311,0.810535,200,1,0,0,1,1,1,0,0,0,1,1,1,0,0,0,0,0,1,1,1,1,1,1,3,1,1,1,1,1,1,1,1,1,1,1,1,1,1,1,1,1,1,1,9,9,1,1,1,1,0.586505,1,1,0,1,1,0,0,0,0.2875,1,0.91,1,0.367143,0.10195,0.632857,197.8213,2273,13,5,81,5459.4503,0.470884,0.515663,0,1,0,0,0,1,0.4,0.4,0,0,0.881203,0.909718,0.787363,0.833708,0.909718,v5-shortcut-control-v1
dataset-v5,v3,extraction-v2,ranking-aware-v5,seo_weighted_page_quality_v5,100.0,70.0,пластиковые окна цена Екатеринбург,пластиковые окна,commercial,Екатеринбург,54,https://oknazavr.ru/ekaterinburg/plastikovye-okna/,oknazavr.ru,1,0,,,content,ok,,..\dataset-v2\artifacts\query--49ba3568289c31f1.json,85619756b81c40e601b1da63ca23cb3e5bd9ad72,906193,70.0,9600,60000,1600,821,0.376778,5.6044,90,16.0221,36,1,10,10,18,1,89,1,166,0,0,0,96,4,0,0.5,0,6,0.75,21,0.044057,1,80,24,40,0,3,102,34,7.4623,80,28,60,0,0.019041,0.695802,1,1,5.93733,0.075342,0.695802,0.347901,0.521852,0.375,0.695802,0.7625,0.381818,0.855172,0.531436,0.262163,0.695802,200,1,0,0,0,0,1,0,0,0,1,1,1,0,0,2,0,0,1,0.8,1,0.75,0.91,1,1,0,1,1,1,1,0,0,0,1,1,1,1,1,1,0,1,1,1,0.6,7,7,0.777778,0.777778,0.718519,1,0.544648,2,2,0,2,1,1,0,0,0.575,1,0.91,1,0.672411,0.019041,0.327589,788.4238,4147,16,6,239,10339.6897,0.271338,0.366004,0,1,0,0,0.05,1,0.45,0.5,0,0,0.752017,0.793364,0.71914,0.731698,0.793364,v5-shortcut-control-v1
dataset-v5,v3,extraction-v2,ranking-aware-v5,seo_weighted_page_quality_v5,94.7368,74.8,пластиковые окна цена Екатеринбург,пластиковые окна,commercial,Екатеринбург,54,https://ekb.okna-olkon.ru/,ekb.okna-olkon.ru,2,0,,,homepage,ok,,..\dataset-v2\artifacts\query--6ae0be93e1c1ebc2.json,3648c79ef9b2555d3f26b6ce9bced8f4ad88837f,411758,74.8,8571,60000,1320,475,0.359848,5.2545,90,14.3478,36,1,10,12,18,1,50,1,164,0,0,0,47,2,4,0.5,0.5,4,0.75,20,0.035606,1,69,24,18,7,9,88,9.777778,18.0822,52.272727,28,13.636364,5.30303,0.024156,0.613921,1,1,19.130435,0.890411,0.613921,0.306961,0.460441,0.375,0.54025,0.7625,0.909091,0.868966,0.813131,0.162007,0.613921,200,1,0,0,1,1,0,0,0,0,1,1,0,0,0,0,0,0,1,1,0.5,1,0.9,1,2,1,1,1,1,1,0,0,1,1,1,0,0,1,1,0,1,1,1,0.8,6,8,0.666667,0.888889,0.785185,1,0.346122,0,0,0,0,0,0,0,0,0,1,0.91,1,0.894317,0.024156,0.105683,356.623,1084,46,40,101,6802.4682,0.275076,0.368807,0,1,0,0,0.05,1,0.45,0.5,0,0,0.720793,0.786352,0.599034,0.699439,0.786352,v5-shortcut-control-v1
dataset-v5,v3,extraction-v2,ranking-aware-v5,seo_weighted_page_quality_v5,78.9474,61.6,пластиковые окна цена Екатеринбург,пластиковые окна,commercial,Екатеринбург,54,https://ekat.steklodom.com/windowsconstructor/,ekat.steklodom.com,5,0,,,content,ok,,..\dataset-v2\artifacts\query--54e047c9b2227405.json,3037c887e529603fc70847ff566f39573169bff4,838660,61.6,9600,60000,1600,886,0.292989,5.249,90,26.5263,36,1,3,0,4,1,101,1,177,0,0,0,47,2,1,0.5,0.25,0,0,18,0.015542,0.75,80,24,40,6,5,116,23.2,25.2,77.050265,28,60,1.984127,0.027527,0.577558,1,1,12.978541,0.033333,0.433169,0.288779,0,0,0.577558,0.5375,0.163636,0.77931,0.388558,0.169218,0.577558,200,1,0,0,0,0,0,0,0,0,1,1,1,0,0,1,0,0,1,0.9,1,0.75,0.93,1,2,0,1,1,1,1,1,1,1,1,1,0,0,1,5,1,1,1,1,0.8,8,7,0.888889,0.777778,0.822222,1,0.348856,1,1,0,1,0,0,0,0,0.1375,1,0.91,1,0.879571,0.027527,0.120429,728.2051,3892,73,30,321,13498.3929,0.086659,0.227494,0,1,0,0,0.05,1,0.45,0.5,0,0,0.67778,0.752094,0.497624,0.628768,0.752094,v5-shortcut-control-v1
dataset-v5,v3,extraction-v2,ranking-aware-v5,seo_weighted_page_quality_v5,73.6842,63.7,пластиковые окна цена Екатеринбург,пластиковые окна,commercial,Екатеринбург,54,https://svoiokna96.ru/,svoiokna96.ru,6,0,,,homepage,ok,,..\dataset-v2\artifacts\query--dfb2163ad40008bf.json,070240cd632605c062c77628f4ce7e5c42cf89fe,216978,63.7,6771,60000,996,471,0.472892,5.5823,49,20.3265,14,1,10,12,18,1,62,1,202,0,0,0,26,2,0,0.25,0,3,0.5,10,0.026104,0.75,70,24,40,1,1,52,52,71.1429,70.281124,28,60,1.004016,0.039914,0.479455,1,1,14.228571,2.214286,0.359591,0.119864,0.239728,0.125,0.318358,0.575,0.872727,0.606897,0.65261,0.125457,0.479455,200,1,0,0,0,0,0,0,0,0,1,1,1,0,0,0,0,0,1,1,1,0.75,0.95,1,6,1,1,1,0,1,0,0,1,1,1,0,0,1,6,1,1,1,1,1,5,8,0.555556,0.888889,0.814815,1,0.366902,0,0,0,0,0,0,0,0,0,1,0.91,1,0.825374,0.039914,0.174626,174.542,1394,36,19,71,10753.3164,0.293976,0.382982,0,1,0,0,0.05,1,0.45,0.5,0,0,0.614047,0.727353,0.464905,0.597516,0.727353,v5-shortcut-control-v1
dataset-v5,v3,extraction-v2,ranking-aware-v5,seo_weighted_page_quality_v5,57.8947,66.5,пластиковые окна цена Екатеринбург,пластиковые окна,commercial,Екатеринбург,54,https://oknasravni.ru/ekaterinburg,oknasravni.ru,9,0,,,content,ok,,..\dataset-v2\artifacts\query--10f26f23760cd27f.json,6c0a8158999a87a75b359f08d5a2071e883d4f6a,262549,66.5,9600,60000,1600,859,0.364756,5.2904,90,13.2303,3,1,8,2,11,1,72,1,158,0,0,0,157,1,3,0.25,0.5,8,0.5,43,0.066667,1,80,24,30,0,0,2,0,180,53.503185,28,12.738854,0,0.080016,0.606538,1,0.75,18.690476,3.666667,0.606538,0.151635,0.303269,0.125,0.606538,0.6125,0.690909,0.910345,0,0.221238,0.454904,200,1,0,0,1,1,0,0,0,0,1,1,1,0,0,1,0,0,1,0.9,1,1,0.98,0,0,0,1,1,1,1,1,0,1,1,1,1,0,1,1,0,1,0,0,0.4,6,6,0.666667,0.666667,0.577778,1,0.542488,0,0,0,0,0,0,0,0,0,1,0.91,1,0.302857,0.080016,0.697143,201.5225,1566,8,4,292,3349.3248,0.533746,0.56281,0,1,0,0,0.05,1,0.45,0.5,0,0,0.636819,0.641745,0.595989,0.643298,0.641745,v5-shortcut-control-v1
dataset-v5,v3,extraction-v2,ranking-aware-v5,seo_weighted_page_quality_v5,100.0,76.4,пластиковые окна цена Новосибирск,пластиковые окна,commercial,Новосибирск,65,https://novosibirsk.okna-plastikovyye.ru/,novosibirsk.okna-plastikovyye.ru,1,0,,,homepage,ok,,..\dataset-v2\artifacts\query--0c05873c15e31b2b.json,d552f8e2263d6c2624d5b29a63124117c9a9efa9,487413,76.4,9600,60000,1600,1094,0.32608,5.8903,90,11.6493,36,1,6,0,7,1,49,1,49,0,0,0,148,0,0,0,0,4,0.5,31,0.044113,1,80,24,40,7,9,141,15.666667,13.3665,67.958271,28,60,2.086438,0.074044,0.424386,1,1,14.714912,0.027888,0.424386,0,0.212193,0,0.424386,0.525,0.890909,0.337931,0.529558,0.138384,0.424386,200,1,0,0,1,1,1,0,0,0,1,1,1,0,0,0,0,0,1,1,1,1,1,1,5,1,1,1,1,1,1,1,1,1,1,1,1,1,23,1,1,1,1,1,9,9,1,1,1,1,0.598993,4,4,0,4,1,1,0,0,0.85,1,0.91,1,0.676058,0.074044,0.323942,343.4785,3009,48,45,138,12688.2692,0.199372,0.312029,0,1,0,0,0.2,1,0.45,0.25,0,0,0.706163,0.78517,0.55672,0.6452,0.78517,v5-shortcut-control-v1
dataset-v5,v3,extraction-v2,ranking-aware-v5,seo_weighted_page_quality_v5,94.7368,69.2,пластиковые окна цена Новосибирск,пластиковые окна,commercial,Новосибирск,65,https://oknazavr.ru/novosibirsk/plastikovye-okna/,oknazavr.ru,2,0,,,content,ok,,..\dataset-v2\artifacts\query--a296cea06676f7f6.json,283fd8e1d1484361bb391c35c71c0b3c626632ee,873783,69.2,9600,60000,1600,749,0.386082,5.5371,90,15.6452,36,1,10,10,18,1,88,1,164,0,0,0,86,4,0,0.5,0,6,0.75,21,0.04433,1,80,24,40,0,3,89,29.666667,6.9286,80,28,60,0,0.017346,0.66061,1,1,5.495751,0.078571,0.66061,0.330305,0.495457,0.375,0.66061,0.7625,0.4,0.868966,0.522337,0.25505,0.66061,200,1,0,0,0,0,1,0,0,0,1,1,1,0,0,2,0,0,1,0.8,1,0.75,0.91,1,1,0,1,1,1,1,0,0,0,1,1,1,1,1,1,0,1,1,1,0.6,7,7,0.777778,0.777778,0.718519,1,0.54421,2,2,0,2,1,1,0,0,0.575,1,0.91,1,0.679827,0.017346,0.320173,762.6514,4016,16,6,227,5959.1019,0.278888,0.371666,0,1,0,0,0.2,1,0.45,0.25,0,0,0.738951,0.784258,0.702406,0.718897,0.784258,v5-shortcut-control-v1
dataset-v5,v3,extraction-v2,ranking-aware-v5,seo_weighted_page_quality_v5,89.4737,78.0,пластиковые окна цена Новосибирск,пластиковые окна,commercial,Новосибирск,65,https://novosibirsk.zavod-okna-pvh.ru/,novosibirsk.zavod-okna-pvh.ru,3,0,,,homepage,ok,,..\dataset-v2\artifacts\query--fb7b62fe2e4bdc63.json,08c05e2d1b903a21c9dcec9354167126fc95f3d5,392843,78.0,9600,60000,1600,1200,0.37768,6.0178,90,21.2692,36,1,10,0,18,1,88,1,124,0,0,0,151,2,0,0.5,0,9,0.5,20,0.039008,1,80,24,40,0,12,145,12.083333,13.727,46.499613,28,54.76621,0,0.107009,0.562358,1,1,21.505556,0.06383,0.562358,0.281179,0.281179,0.25,0.562358,0.7,0.4,0.855172,0.699733,0.212391,0.562358,200,1,0,0,1,1,1,0,0,0,1,1,1,0,0,0,0,0,1,1,1,1,1,1,1,1,1,1,1,1,1,1,1,1,1,0,0,1,11,1,1,1,1,1,8,8,0.888889,0.888889,0.925926,1,0.531518,2,2,0,2,1,0,0,0,0.425,1,0.91,1,0.611429,0.107009,0.388571,278.2402,2635,32,7,186,9196.7237,0.320002,0.402502,0,1,0,0,0.2,1,0.45,0.25,0,0,0.760058,0.825792,0.590533,0.718405,0.825792,v5-shortcut-control-v1
dataset-v5,v3,extraction-v2,ranking-aware-v5,seo_weighted_page_quality_v5,84.2105,78.0,пластиковые окна цена Новосибирск,пластиковые окна,commercial,Новосибирск,65,https://r-okna.com/,r-okna.com,4,0,,,homepage,ok,,..\dataset-v2\artifacts\query--779e28e5cb52d17f.json,2d24a829bff30893bc3e26c415c505db3c1f4548,937007,78.0,9600,60000,1600,1200,0.357852,6.007,90,19.8744,36,1,10,1,18,1,107,1,173,0,0,0,152,3,4,0.5,0.5,5,0.5,39,0.034296,1,80,24,40,11,5,28,5.6,38.5391,74.684116,26.624549,60,2.481949,0.043142,0.590229,1,1,13.389728,0.2,0.590229,0.295115,0.295115,0.25,0.590229,0.7,0.054545,0.806897,0.856799,0.211215,0.590229,200,1,0,0,1,1,1,0,0,0,1,1,1,0,0,0,0,0,1,1,1,1,1,1,8,1,1,1,1,1,1,1,1,1,1,1,1,1,31,1,1,1,1,1,9,9,1,1,1,1,0.384955,2,1,1,1,1,0,0,0,0.220833,1,0.91,1,0.811255,0.043142,0.188745,761.2158,3140,78,48,118,13832.5022,0.076988,0.220241,0,1,0,0,0.2,1,0.45,0.25,0,0,0.790196,0.845295,0.66276,0.737916,0.845295,v5-shortcut-control-v1
dataset-v5,v3,extraction-v2,ranking-aware-v5,seo_weighted_page_quality_v5,78.9474,66.4,пластиковые окна цена Новосибирск,пластиковые окна,commercial,Новосибирск,65,https://oknasravni.ru/novosibirsk,oknasravni.ru,5,0,,,content,ok,,..\dataset-v2\artifacts\query--0222eaf2573869a0.json,083168151740d5137f9ece457a4cb74cbfc92de0,239825,66.4,9600,60000,1600,835,0.389096,5.3048,90,12.3333,3,1,8,2,11,1,71,1,157,0,0,0,134,1,3,0.25,0.5,8,0.5,44,0.062442,1,80,24,30,0,0,2,0,180,58.713886,28,13.979497,0,0.080407,0.573522,1,0.75,17.031746,3.666667,0.573522,0.14338,0.286761,0.125,0.573522,0.6125,0.709091,0.917241,0,0.223155,0.430141,200,1,0,0,1,1,0,0,0,0,1,1,1,0,0,1,0,0,1,0.9,1,1,0.98,0,0,0,1,1,1,1,0,0,1,1,1,1,0,1,1,0,1,0,0,0.4,5,6,0.555556,0.666667,0.540741,1,0.546239,0,0,0,0,0,0,0,0,0,1,0.91,1,0.302857,0.080407,0.697143,182.5322,1436,8,4,292,4700.7458,0.553754,0.577815,0,1,0,0,0.2,1,0.45,0.25,0,0,0.605614,0.621569,0.581877,0.623208,0.621569,v5-shortcut-control-v1
dataset-v5,v3,extraction-v2,ranking-aware-v5,seo_weighted_page_quality_v5,73.6842,68.7,пластиковые окна цена Новосибирск,пластиковые окна,commercial,Новосибирск,65,https://mirokon-nsk.ru/,mirokon-nsk.ru,6,0,,,homepage,ok,,..\dataset-v2\artifacts\query--8b2028d70f2b244b.json,6b80dfa35afe9eb7ebd2b71cb5a9fc334e1170e6,166869,68.7,9600,60000,1445,662,0.458131,5.7702,90,13.7619,13,1,4,0,5,1,52,1,142,0,0,0,69,3,5,0.75,0.75,5,0.75,27,0.047751,1,69,24,39,0,7,49,7,111.1538,47.750865,28,26.989619,0,0.08609,0.540896,1,1,20.942029,0.384615,0.540896,0.405672,0.405672,0.5625,0.521063,0.85,0.945455,0.97931,0.408304,0.19893,0.540896,200,1,0,0,0,0,1,0,0,0,1,1,1,0,0,0,0,0,1,1,1,0.75,0.95,1,3,0,1,0,1,1,1,0,1,1,1,0,0,1,1,0,1,1,1,0.4,6,6,0.666667,0.666667,0.577778,1,0.432588,0,0,0,0,0,0,0,0,0,1,0.91,1,0.624286,0.08609,0.375714,123.3457,892,33,22,52,8883.454,0.376181,0.444636,0,1,0,0,0.2,1,0.45,0.25,0,0,0.670754,0.666903,0.581787,0.686589,0.666903,v5-shortcut-control-v1
dataset-v5,v3,extraction-v2,ranking-aware-v5,seo_weighted_page_quality_v5,68.4211,75.1,пластиковые окна цена Новосибирск,пластиковые окна,commercial,Новосибирск,65,https://oknaveka.com/,oknaveka.com,7,0,,,homepage,ok,,..\dataset-v2\artifacts\query--e0594a8233157b02.json,e30953ab5e5f6c33fc5d4987c5db221eedff5dc3,658774,75.1,9600,60000,1600,761,0.470625,5.6314,90,13.0403,36,2,10,12,18,1,66,1,145,0,0,0,36,2,2,0.5,0.5,14,0.5,9,0.022263,1,61,24,40,0,2,11,5.5,24.5,37.724181,28,56.895485,0,0.01892,0.454892,1,1,26.508197,0.636364,0.454892,0.227446,0.227446,0.25,0.454892,0.7,0.8,1,0.742115,0.192318,0.454892,200,1,0,0,1,1,0,0,0,0,1,1,0,0,0,0,0,0,1,1,0.5,1,0.9,1,6,1,1,1,1,1,1,1,1,1,1,0,1,1,2,1,1,1,1,1,9,8,1,0.888889,0.962963,1,0.419795,0,0,0,0,0,0,0,0,0,1,0.91,1,0.63437,0.01892,0.36563,589.3145,1185,13,30,91,11352.3375,0.321397,0.403548,0,1,0,0,0.2,1,0.45,0.25,0,0,0.732717,0.803042,0.592186,0.666982,0.803042,v5-shortcut-control-v1
dataset-v5,v3,extraction-v2,ranking-aware-v5,seo_weighted_page_quality_v5,63.1579,77.8,пластиковые окна цена Новосибирск,пластиковые окна,commercial,Новосибирск,65,https://plastikovye-okna-nsk.ru/,plastikovye-okna-nsk.ru,8,0,,,homepage,ok,,..\dataset-v2\artifacts\query--214b8233dff5dc15.json,502cdf07f4cff8619bdaa7a6e541edb23f1555b3,461506,77.8,9600,60000,1600,1154,0.309466,5.6661,90,12.5556,36,1,10,1,17,1,72,1,164,0,0,0,156,3,4,0.5,0.75,7,0.5,20,0.041834,1,80,24,35,15,6,77,12.833333,13.8625,48.806651,28,9.385894,4.022526,0.078204,0.490726,1,1,20.489011,0.063197,0.490726,0.245363,0.245363,0.25,0.490726,0.7,0.690909,0.868966,0.605524,0.151863,0.490726,200,1,0,0,1,1,1,0,0,0,1,1,1,0,0,0,0,0,1,1,1,1,1,1,10,1,1,1,1,1,1,1,1,1,1,1,1,1,19,1,1,1,1,1,9,9,1,1,1,1,0.566196,1,4,0,3,0,0,0,1,0.6,1,0.91,1,0.593572,0.078204,0.406428,339.668,2956,30,14,203,9165.4875,0.247809,0.348357,0,1,0,0,0.2,1,0.45,0.25,0,0,0.754002,0.820295,0.611483,0.70396,0.820295,v5-shortcut-control-v1
dataset-v5,v3,extraction-v2,ranking-aware-v5,seo_weighted_page_quality_v5,57.8947,70.7,пластиковые окна цена Новосибирск,пластиковые окна,commercial,Новосибирск,65,https://sitc.ru/novosibirsk/okna/,sitc.ru,9,0,,,content,ok,,..\dataset-v2\artifacts\query--57fa86c19d68f0f1.json,02af474979a33ce17ac57212155ce1eafd50c75d,229616,70.7,9600,60000,1600,669,0.323032,5.8662,79,26.2152,36,1,10,12,18,1,90,1,169,0,0,0,136,2,2,0.5,0.25,21,0.5,11,0.065669,1,80,24,35,24,0,10,0,27.6133,63.737325,28,16.900048,24.625785,0.091426,0.7038,1,0.75,15.689394,1.013333,0.7038,0.3519,0.3519,0.25,0.7038,0.7,0.363636,0.834483,0,0.22735,0.52785,200,1,0,0,1,1,0,0,0,0,1,1,0,1,1,2,0,0,1,0.8,0.5,1,0.86,1,20,0,1,1,0,1,1,1,1,1,1,1,0,1,39,0,1,1,1,0.6,7,8,0.777778,0.888889,0.755556,1,0.647972,5,4,0,3,0,1,0,1,0.75,1,0.91,1,0.534286,0.091426,0.465714,169.4902,2152,26,5,61,5177.2687,0.404898,0.466174,0,1,0,0,0.2,1,0.45,0.25,0,0,0.7144,0.766307,0.643543,0.689243,0.766307,v5-shortcut-control-v1
dataset-v5,v3,extraction-v2,ranking-aware-v5,seo_weighted_page_quality_v5,52.6316,25.1,пластиковые окна цена Новосибирск,пластиковые окна,commercial,Новосибирск,65,https://novosibirsk.lemanapro.ru/catalogue/plastikovye-okna/,novosibirsk.lemanapro.ru,10,0,,,product,ok,,..\dataset-v2\artifacts\query--226ea6d464c6cf9e.json,eac2c475519a30d5984c759c8a96a1ba68d8cc1d,10095,25.1,77,8264,13,13,1,5,1,13,1,1,0,0,1,1,12,0,0,0,0,0,0,0,0,0,0,0,0,0,0,0,1,0,0,0,0,0,0,13,76.923077,0,0,0,0.009318,0,0,0,13,1,0,0,0,0,0,0,0.218182,0,0,0,0,403,0,0,0,0,0,0,0,0,0,0,1,1,0,0,2,0,0,1,0.8,1,0.75,0.71,1,1,0,0,0,0,0,0,0,0,0,0,0,0,0,0,0,0,0,0,0.2,1,0,0.111111,0,0.103704,1,0.536196,0,0,0,0,0,0,0,0,0,1,0.760695,1,0.509236,0.009318,0.490764,8.1094,40,0,2,0,3465.9053,0.97443,0.893323,0,1,0,0,0.2,1,0.45,0.25,0,0,0.089215,0.152335,0.062425,0.188445,0.152335,v5-shortcut-control-v1
dataset-v5,v3,extraction-v2,ranking-aware-v5,seo_weighted_page_quality_v5,100.0,81.9,пластиковые окна цена Казань,пластиковые окна,commercial,Казань,43,https://plastikovye-okna-kazan.ru/,plastikovye-okna-kazan.ru,1,0,,,homepage,ok,,..\dataset-v2\artifacts\query--847c45aa9b176af7.json,b338308d5b3d2a5a7ba32c4d6f8c3064bf6be494,621736,81.9,9600,60000,1600,1200,0.28622,5.7409,90,12.9923,36,1,10,1,18,1,66,1,153,0,0,0,201,3,4,0.5,0.75,7,0.5,21,0.039567,1,80,24,29,16,7,100,14.285714,16.8771,37.598425,28,5.708661,3.149606,0.077958,0.642007,1,1,26.596859,0.066445,0.642007,0.321003,0.321003,0.25,0.642007,0.7,0.8,0.944828,0.681102,0.183756,0.642007,200,1,0,0,1,1,1,0,0,0,1,1,1,0,0,0,0,0,1,1,1,1,1,1,7,1,1,1,1,1,1,1,1,1,1,1,1,1,19,1,1,1,1,1,9,9,1,1,1,1,0.583843,1,4,0,4,1,0,0,1,0.8,1,0.91,1,0.658932,0.077958,0.341068,469.6465,3636,58,17,216,10641.3638,0.162408,0.284306,0,1,0,0,0.05,1,0.45,0.5,0,0,0.80903,0.858304,0.682441,0.755585,0.858304,v5-shortcut-control-v1
dataset-v5,v3,extraction-v2,ranking-aware-v5,seo_weighted_page_quality_v5,94.7368,69.5,пластиковые окна цена Казань,пластиковые окна,commercial,Казань,43,https://vottakieokna.ru/,vottakieokna.ru,2,0,,,homepage,ok,,..\dataset-v2\artifacts\query--a89d33ce108bba5e.json,62e1882f8ef1c782a716937126a9de04ff1cf9c5,202589,69.5,4262,60000,559,308,0.550984,6.4973,36,15.5278,8,1,10,2,13,1,70,1,189,0,0,0,26,3,4,0.5,0.5,1,0.25,19,0.046512,0.75,80,24,40,0,4,15,3.75,69.875,80,28,60,0,0.025396,0.539865,1,1,4.619835,1.625,0.404899,0.269933,0.134966,0.125,0.20119,0.6,0.727273,0.696552,0.337209,0.092377,0.539865,200,1,0,0,1,1,0,0,0,0,1,1,0,0,0,0,0,0,1,1,0.5,1,0.9,1,4,1,1,1,0,1,1,1,1,1,1,0,0,1,5,1,1,1,1,1,7,8,0.777778,0.888889,0.888889,1,0.412408,0,0,0,0,0,0,0,0,0,1,0.91,1,0.811752,0.025396,0.188248,168.9551,709,29,4,54,5268.1159,0.518509,0.551382,0,1,0,0,0.05,1,0.45,0.5,0,0,0.672893,0.76422,0.459753,0.627522,0.76422,v5-shortcut-control-v1
dataset-v5,v3,extraction-v2,ranking-aware-v5,seo_weighted_page_quality_v5,89.4737,73.5,пластиковые окна цена Казань,пластиковые окна,commercial,Казань,43,https://kazan.okna-plastikovyye.ru/,kazan.okna-plastikovyye.ru,3,0,,,homepage,ok,,..\dataset-v2\artifacts\query--6e49de03beea9ca4.json,06e19ff12c383fdaebb6569cde256e74fa78859a,495117,73.5,9600,60000,1600,1090,0.318807,5.8789,90,11.9965,36,1,6,0,7,1,43,1,43,0,0,0,150,0,0,0,0,3,0.25,31,0.043872,1,80,24,40,7,9,145,16.111111,13.0496,66.978649,28,60,2.047382,0.073624,0.307633,1,1,14.930131,0.026718,0.307633,0,0.076908,0,0.307633,0.4625,0.781818,0.296552,0.537584,0.098075,0.307633,200,1,0,0,1,1,1,0,0,0,1,1,1,0,0,0,0,0,1,1,1,1,1,1,5,1,1,1,1,1,1,1,1,1,1,1,1,1,27,1,1,1,1,1,9,9,1,1,1,1,0.598148,4,4,0,4,1,1,0,0,0.85,1,0.91,1,0.677895,0.073624,0.322105,350.4961,3066,45,44,146,11715.7195,0.197316,0.310487,0,1,0,0,0.05,1,0.45,0.5,0,0,0.657951,0.751967,0.494331,0.600629,0.751967,v5-shortcut-control-v1
dataset-v5,v3,extraction-v2,ranking-aware-v5,seo_weighted_page_quality_v5,78.9474,59.9,пластиковые окна цена Казань,пластиковые окна,commercial,Казань,43,https://oknazavr.ru/kazan/,oknazavr.ru,5,0,,,content,ok,,..\dataset-v2\artifacts\query--fb4c67301adb69e7.json,b2ad5f22c3a051ef6fea2eeea8362badb9fc4d70,328709,59.9,8436,60000,1230,643,0.522764,5.6407,90,11.1818,36,1,7,5,13,1,74,1,139,0,0,0,54,1,1,0.25,0.25,1,0.25,18,0.043902,0.75,80,24,40,0,2,10,5,15.5696,80,28,60,0,0.032438,0.493187,1,1,4.361702,0.164557,0.36989,0.123297,0.123297,0.0625,0.404413,0.5125,0.654545,0.958621,0.402439,0.176177,0.493187,200,1,0,0,0,0,1,0,0,0,1,1,1,0,0,1,0,0,1,0.9,1,0.75,0.93,1,1,0,1,1,1,1,0,0,0,1,1,1,1,1,1,0,1,1,1,0.6,7,7,0.777778,0.777778,0.718519,1,0.531902,1,1,0,1,1,0,0,0,0.2875,1,0.91,1,0.588082,0.032438,0.411918,262.8135,1822,14,2,82,4945.7796,0.474254,0.51819,0,1,0,0,0.05,1,0.45,0.5,0,0,0.607553,0.691318,0.535721,0.581094,0.691318,v5-shortcut-control-v1
dataset-v5,v3,extraction-v2,ranking-aware-v5,seo_weighted_page_quality_v5,73.6842,76.1,пластиковые окна цена Казань,пластиковые окна,commercial,Казань,43,https://www.okna-rubin.ru/,okna-rubin.ru,6,0,,,homepage,ok,,..\dataset-v2\artifacts\query--213b76308cf9dba4.json,18014cb63c85147779f405d33dbf69a1dd535580,296381,76.1,9600,60000,1432,758,0.52933,6.0796,88,16.2727,30,1,5,7,13,1,62,1,141,0,0,0,53,3,2,0.75,0.5,6,0.5,12,0.037011,1,80,24,40,0,6,53,8.833333,47.7333,80,28,35.614525,0,0.046951,0.374691,1,1,9.610738,0.433333,0.374691,0.281018,0.187345,0.375,0.357705,0.7875,0.872727,0.972414,0.766294,0.157787,0.374691,200,1,0,0,1,1,1,0,0,0,1,1,1,0,0,0,0,0,1,1,1,1,1,1,4,0,1,1,1,1,1,1,1,0,1,0,0,1,14,1,1,1,1,0.8,8,6,0.888889,0.666667,0.785185,1,0.525823,1,4,0,3,1,0,0,0,0.65,1,0.91,1,0.794591,0.046951,0.205409,225.8115,1913,40,36,47,9010.3492,0.233844,0.337883,0,1,0,0,0.05,1,0.45,0.5,0,0,0.683182,0.759904,0.509713,0.661026,0.759904,v5-shortcut-control-v1
dataset-v5,v3,extraction-v2,ranking-aware-v5,seo_weighted_page_quality_v5,68.4211,60.6,пластиковые окна цена Казань,пластиковые окна,commercial,Казань,43,https://oknamall.ru/,oknamall.ru,7,0,,,homepage,ok,,..\dataset-v2\artifacts\query--879f51f2d174c913.json,c5cf49b872bee3026556de2f37850c7de9b9d788,736316,60.6,9600,60000,1600,987,0.46933,5.9396,90,16.824,24,0,0,0,0,1,65,1,242,0,0,0,47,3,3,0.5,0.5,0,0,3,0.022349,1,54,13,40,12,5,39,7.8,87.625,25.677603,6.181645,27.104137,5.706134,0.022862,0.587052,0.75,1,38.944444,0,0.587052,0.293526,0,0,0.587052,0.5125,0.818182,0.331034,0.744968,0.275521,0.587052,200,1,0,0,1,0,0,0,0,0,1,1,0,0,0,0,0,0,1,1,0.5,0,0.7,1,11,0,1,0,0,1,1,1,1,1,1,0,0,1,8,1,1,1,1,0.6,6,6,0.666667,0.666667,0.644444,1,0.353019,0,0,0,0,0,0,0,0,0,1,0.97075,1,0.89998,0.022862,0.10002,663.4551,1565,75,70,13,5807.8636,0.238406,0.341305,0,1,0,0,0.05,1,0.45,0.5,0,0,0.638609,0.647191,0.478636,0.573039,0.647191,v5-shortcut-control-v1
dataset-v5,v3,extraction-v2,ranking-aware-v5,seo_weighted_page_quality_v5,63.1579,78.6,пластиковые окна цена Казань,пластиковые окна,commercial,Казань,43,https://kazan-ihlas.ru/,kazan-ihlas.ru,8,0,,,homepage,ok,,..\dataset-v2\artifacts\query--edac9d16358827dc.json,c39218d5864bafd102f38304c71f3667e5932457,167307,78.6,9600,60000,1540,724,0.47013,5.7831,90,12.5203,30,1,9,12,18,1,68,1,244,0,0,0,104,5,3,0.75,0.5,16,0.75,20,0.067532,1,80,24,40,24,1,2,2,51.3333,80,28,60,16.233766,0.12256,0.627954,1,1,10,0.9,0.627954,0.470966,0.470966,0.5625,0.627954,0.85,0.763636,0.317241,0,0.252577,0.627954,200,1,0,0,1,1,1,0,0,0,1,1,1,0,0,0,0,0,1,1,1,1,1,1,4,1,1,1,0,1,1,1,1,1,1,1,1,1,17,1,1,1,1,1,8,9,0.888889,1,0.962963,1,0.503583,0,0,0,0,0,0,0,0,0,1,0.91,1,0.431429,0.12256,0.568571,96.5889,978,18,12,79,3558.6463,0.497679,0.535759,0,1,0,0,0.05,1,0.45,0.5,0,0,0.808015,0.86187,0.708561,0.78308,0.86187,v5-shortcut-control-v1
dataset-v5,v3,extraction-v2,ranking-aware-v5,seo_weighted_page_quality_v5,57.8947,78.5,пластиковые окна цена Казань,пластиковые окна,commercial,Казань,43,https://kazan.essokna.ru/,kazan.essokna.ru,9,0,,,homepage,ok,,..\dataset-v2\artifacts\query--6d95cc7ada6edfe0.json,b42f4a4de9bb447a0dd1612dd53fbcc776136a9a,140401,78.5,7057,60000,1011,484,0.478734,5.8042,88,11.4886,12,1,7,12,18,1,51,1,222,0,0,0,64,2,5,0.5,1,11,0.75,25,0.063304,1,80,24,40,10,1,5,5,84.25,80,28,60,9.891197,0.084612,0.567334,1,1,6.924658,2.583333,0.567334,0.283667,0.425501,0.375,0.382383,0.7625,0.927273,0.468966,0,0.15255,0.567334,200,1,0,0,1,1,0,0,0,0,1,1,1,0,0,0,0,0,1,1,1,1,1,1,3,1,1,1,1,1,1,1,1,0,1,0,0,1,10,1,1,1,1,1,8,7,0.888889,0.777778,0.888889,1,0.778884,5,4,0,5,1,1,0,0,0.9,1,0.91,1,0.328571,0.084612,0.671429,92.1396,896,10,4,50,3335.4414,0.628808,0.634106,0,1,0,0,0.05,1,0.45,0.5,0,0,0.771748,0.835048,0.569547,0.737243,0.835048,v5-shortcut-control-v1
dataset-v5,v3,extraction-v2,ranking-aware-v5,seo_weighted_page_quality_v5,52.6316,73.5,пластиковые окна цена Казань,пластиковые окна,commercial,Казань,43,https://kazan.zavod-okna-pvh.ru/,kazan.zavod-okna-pvh.ru,10,0,,,homepage,ok,,..\dataset-v2\artifacts\query--f6bcfc9a7ea51531.json,e6a5729725eb103ec2ca9615ee98e8f8682fa404,388126,73.5,9600,60000,1600,1200,0.377588,6.0034,90,21.2308,36,1,10,0,18,1,82,1,118,0,0,0,151,2,0,0.5,0,9,0.5,20,0.039079,1,80,24,40,0,12,145,12.083333,13.7021,46.583851,28,54.865424,0,0.10797,0.351337,1,1,21.466667,0.06383,0.351337,0.175669,0.175669,0.25,0.351337,0.7,0.509091,0.813793,0.697378,0.132661,0.351337,200,1,0,0,1,1,1,0,0,0,1,1,1,0,0,0,0,0,1,1,1,1,1,1,1,1,1,1,1,1,1,1,1,1,1,0,0,1,11,1,1,1,1,1,8,8,0.888889,0.888889,0.925926,1,0.531702,2,2,0,2,1,0,0,0,0.425,1,0.91,1,0.611429,0.10797,0.388571,274.8926,2634,32,7,186,5124.9601,0.320983,0.403237,0,1,0,0,0.05,1,0.45,0.5,0,0,0.683299,0.772773,0.487325,0.646394,0.772773,v5-shortcut-control-v1
dataset-v5,v3,extraction-v2,ranking-aware-v5,seo_weighted_page_quality_v5,100.0,77.0,пластиковые окна цена Краснодар,пластиковые окна,commercial,Краснодар,35,https://okna-zavod-krasnodar.ru/,okna-zavod-krasnodar.ru,1,0,,,homepage,ok,,..\dataset-v2\artifacts\query--fa19e5aa0b03747c.json,ee1550a524de094004b32b73e246947060bab25d,274684,77.0,6774,60000,946,548,0.579281,6.0074,28,33.7857,36,1,8,0,9,1,73,1,176,0,0,0,37,3,3,0.5,0.75,6,0.5,18,0.039112,1,65,24,35,0,1,8,8,9.3663,68.710359,27.484144,36.997886,0,0.028659,0.685243,1,1,14.553846,0.089109,0.685243,0.342622,0.342622,0.25,0.43216,0.7,0.672727,0.786207,0.696265,0.208618,0.685243,200,1,0,0,1,1,0,0,0,0,1,1,0,0,0,0,0,0,1,1,0.5,1,0.9,1,3,1,1,1,1,1,1,1,1,0,0,1,0,1,10,1,1,1,1,1,8,7,0.888889,0.777778,0.888889,1,0.511247,0,0,0,0,0,0,0,0,0,1,0.9415,1,0.488901,0.028659,0.511099,237.1133,829,5,24,26,3607.1101,0.573184,0.592388,0,1,0,0,0.2,1,0.45,0.25,0,0,0.796507,0.848417,0.600929,0.735589,0.848417,v5-shortcut-control-v1
dataset-v5,v3,extraction-v2,ranking-aware-v5,seo_weighted_page_quality_v5,94.7368,68.8,пластиковые окна цена Краснодар,пластиковые окна,commercial,Краснодар,35,https://oknazavr.ru/krasnodar/plastikovye-okna/,oknazavr.ru,2,0,,,content,ok,,..\dataset-v2\artifacts\query--392a7aaef1cef109.json,354ac34687c19e967a24b0aa73f111d4456a40f4,814206,68.8,9600,60000,1600,814,0.381086,5.507,90,14.8333,36,1,10,10,18,1,85,1,162,0,0,0,105,4,0,0.5,0,6,0.75,21,0.049157,1,80,24,40,0,3,90,30,7.7391,80,28,60,0,0.02059,0.642572,1,1,5.820163,0.07971,0.642572,0.321286,0.481929,0.375,0.642572,0.7625,0.454545,0.882759,0.361423,0.244875,0.642572,200,1,0,0,0,0,1,0,0,0,1,1,1,0,0,2,0,0,1,0.8,1,0.75,0.91,1,1,0,1,1,1,1,0,0,0,1,1,1,1,1,1,0,1,1,1,0.6,7,7,0.777778,0.777778,0.718519,1,0.550968,2,2,0,2,1,1,0,0,0.575,1,0.91,1,0.665632,0.02059,0.334368,704.2148,3645,16,6,223,6733.3083,0.296008,0.384506,0,1,0,0,0.2,1,0.45,0.25,0,0,0.732255,0.779591,0.693046,0.712336,0.779591,v5-shortcut-control-v1
dataset-v5,v3,extraction-v2,ranking-aware-v5,seo_weighted_page_quality_v5,89.4737,80.4,пластиковые окна цена Краснодар,пластиковые окна,commercial,Краснодар,35,https://krasnodar.delaem-okna.ru/,krasnodar.delaem-okna.ru,3,0,,,homepage,ok,,..\dataset-v2\artifacts\query--e2c5f842c84f8d15.json,e4a2288448b6d07d2bf98031d5662f8eefd7f00f,831850,80.4,9600,60000,1600,1005,0.365587,6.1448,90,18.2053,36,1,10,2,18,1,84,1,298,0,0,0,204,3,5,0.75,0.5,6,0.5,52,0.074209,1,80,24,40,7,2,16,8,38.7183,80,28,30.556566,2.546381,0.028565,0.626654,1,1,9.13289,0.309859,0.626654,0.469991,0.313327,0.375,0.626654,0.7875,0.472727,0,0,0.229097,0.626654,200,1,0,0,1,1,0,0,0,0,1,1,1,0,0,0,0,0,1,1,1,1,1,1,1,1,1,1,1,1,1,1,1,1,0,1,1,1,37,1,1,1,1,1,9,8,1,0.888889,0.962963,1,0.471878,6,3,3,3,0,1,0,0,0.3625,1,0.91,1,0.682172,0.028565,0.317828,703.6123,3132,20,19,135,7556.9705,0.179578,0.297183,0,1,0,0,0.2,1,0.45,0.25,0,0,0.817195,0.865572,0.694819,0.774095,0.865572,v5-shortcut-control-v1
dataset-v5,v3,extraction-v2,ranking-aware-v5,seo_weighted_page_quality_v5,84.2105,74.3,пластиковые окна цена Краснодар,пластиковые окна,commercial,Краснодар,35,https://krasnodar.okna-tseny.ru/,krasnodar.okna-tseny.ru,4,0,,,homepage,ok,,..\dataset-v2\artifacts\query--8ad40cd2115c4ef3.json,0cd81315d375bc4f92557efae709b3470e67e6b6,386022,74.3,9600,60000,1600,1042,0.322102,4.9629,90,10.7833,9,1,10,5,18,1,59,1,133,0,0,0,165,2,3,0.5,0.75,21,0.75,29,0.051005,1,80,24,40,3,20,140,7,180,49.768161,28,21.329212,0.927357,0.073834,0.632688,1,1,20.093168,2.444444,0.632688,0.316344,0.474516,0.375,0.632688,0.7625,0.927273,0.917241,0.299845,0.20379,0.632688,200,1,0,0,0,0,1,0,0,0,1,1,1,0,0,0,0,0,1,1,1,0.75,0.95,1,1,1,1,1,1,1,1,1,1,1,1,1,0,1,26,1,1,1,1,1,8,9,0.888889,1,0.962963,1,0.396298,0,0,0,0,0,0,0,0,0,1,0.91,1,0.676976,0.073834,0.323024,288.8066,2522,57,12,188,10043.4738,0.252889,0.352167,0,1,0,0,0.2,1,0.45,0.25,0,0,0.791885,0.847833,0.626955,0.74864,0.847833,v5-shortcut-control-v1
dataset-v5,v3,extraction-v2,ranking-aware-v5,seo_weighted_page_quality_v5,78.9474,70.0,пластиковые окна цена Краснодар,пластиковые окна,commercial,Краснодар,35,https://krasnodar.oknatrade.ru/catalog/plastikovye-okna/,krasnodar.oknatrade.ru,5,0,,,product,ok,,..\dataset-v2\artifacts\query--f0533eea6fa8c471.json,a20e2b3e92413139ba5fd60087efd940d82e7930,1525603,70.0,9600,60000,1600,964,0.22289,5.2308,90,28.0844,36,1,5,1,7,1,62,1,131,0,0,0,196,2,2,0.5,0.5,2,0.5,33,0.045318,1,80,24,40,24,3,157,52.333333,12.2175,80,23.352601,60,6.936416,0.021422,0.441411,1,1,9.443231,0.019774,0.441411,0.220705,0.220705,0.25,0.441411,0.7,0.872727,0.903448,0.489403,0.098386,0.441411,200,1,0,0,0,0,0,0,0,0,1,1,1,0,0,2,0,0,1,0.8,1,0.75,0.91,1,19,1,1,1,1,1,1,1,1,1,1,1,0,1,13,1,1,1,1,1,8,9,0.888889,1,0.962963,1,0.295071,0,0,0,0,0,0,0,0,0,1,0.91,1,0.906279,0.021422,0.093721,1294.5791,6463,67,14,101,10261.3067,0.01875,0.176563,0,1,0,0,0.2,1,0.45,0.25,0,0,0.708638,0.787979,0.515757,0.654856,0.787979,v5-shortcut-control-v1
dataset-v5,v3,extraction-v2,ranking-aware-v5,seo_weighted_page_quality_v5,73.6842,75.7,пластиковые окна цена Краснодар,пластиковые окна,commercial,Краснодар,35,https://krasnodar.zavod-okna-pvh.ru/,krasnodar.zavod-okna-pvh.ru,6,0,,,homepage,ok,,..\dataset-v2\artifacts\query--38e961e93f2f2498.json,cc6231851b9a1e3469d696d9e9db6e32302a0b38,391447,75.7,9600,60000,1600,1200,0.378295,6.0142,90,21.2637,36,1,10,0,18,1,86,1,122,0,0,0,151,2,0,0.5,0,9,0.5,20,0.039018,1,80,24,40,0,12,145,12.083333,13.7234,46.511628,28,54.780362,0,0.107319,0.439204,1,1,21.5,0.06383,0.439204,0.219602,0.219602,0.25,0.439204,0.7,0.436364,0.841379,0.699397,0.166148,0.439204,200,1,0,0,1,1,1,0,0,0,1,1,1,0,0,0,0,0,1,1,1,1,1,1,1,1,1,1,1,1,1,1,1,1,1,0,0,1,11,1,1,1,1,1,8,8,0.888889,0.888889,0.925926,1,0.531572,2,2,0,2,1,0,0,0,0.425,1,0.91,1,0.611429,0.107319,0.388571,277.2646,2635,32,7,186,5571.1919,0.320288,0.402716,0,1,0,0,0.2,1,0.45,0.25,0,0,0.71526,0.79485,0.530335,0.676378,0.79485,v5-shortcut-control-v1
dataset-v5,v3,extraction-v2,ranking-aware-v5,seo_weighted_page_quality_v5,68.4211,66.2,пластиковые окна цена Краснодар,пластиковые окна,commercial,Краснодар,35,https://oknasravni.ru/krasnodar,oknasravni.ru,7,0,,,content,ok,,..\dataset-v2\artifacts\query--97b3332562f57175.json,09dd4e29373508a1fd27a2d1f787ec47197ae0b2,240345,66.2,9600,60000,1600,874,0.397634,5.3562,90,12.4886,3,1,8,2,11,1,69,1,155,0,0,0,136,1,3,0.25,0.5,8,0.5,44,0.061874,1,80,24,30,0,0,2,0,180,57.324841,28,13.648772,0,0.083437,0.591862,1,0.75,17.444444,3.666667,0.591862,0.147965,0.295931,0.125,0.591862,0.6125,0.745455,0.931034,0,0.235345,0.443897,200,1,0,0,1,1,0,0,0,0,1,1,1,0,0,1,0,0,1,0.9,1,1,0.98,0,0,0,1,1,1,1,0,0,1,1,1,1,0,1,1,0,1,0,0,0.4,5,6,0.555556,0.666667,0.540741,1,0.546442,0,0,0,0,0,0,0,0,0,1,0.91,1,0.302857,0.083437,0.697143,182.2539,1427,8,4,292,4390.9304,0.554835,0.578626,0,1,0,0,0.2,1,0.45,0.25,0,0,0.611838,0.625833,0.591306,0.628813,0.625833,v5-shortcut-control-v1
dataset-v5,v3,extraction-v2,ranking-aware-v5,seo_weighted_page_quality_v5,63.1579,70.2,пластиковые окна цена Краснодар,пластиковые окна,commercial,Краснодар,35,https://okna-193.ru/,okna-193.ru,8,0,,,homepage,ok,,..\dataset-v2\artifacts\query--3f5dfb514b105c5f.json,acdf757078bf585328417c9d2787d2b63d319418,841219,70.2,9600,60000,1600,893,0.479592,6.1579,90,15.1382,15,1,1,6,8,1,71,1,226,0,0,0,83,4,3,0.75,0.5,3,0.5,18,0.044576,1,80,24,40,24,9,63,7,124.1333,64.446831,28,38.131042,29.538131,0.017945,0.674018,1,1,15.516667,0.533333,0.674018,0.505513,0.337009,0.375,0.674018,0.7875,0.709091,0.441379,0.514142,0.323254,0.674018,200,1,0,0,0,0,0,0,0,0,1,1,0,0,0,0,0,0,1,1,0.5,0.75,0.85,1,1,1,1,1,1,1,1,0,1,0,1,0,1,1,18,0,1,1,1,0.8,8,7,0.888889,0.777778,0.822222,1,0.386049,0,0,0,0,0,0,0,0,0,1,0.91,1,0.677207,0.017945,0.322793,757.4883,1693,16,20,113,4787.0594,0.19854,0.311405,0,1,0,0,0.2,1,0.45,0.25,0,0,0.782493,0.825541,0.715205,0.734465,0.825541,v5-shortcut-control-v1
dataset-v5,v3,extraction-v2,ranking-aware-v5,seo_weighted_page_quality_v5,57.8947,67.6,пластиковые окна цена Краснодар,пластиковые окна,commercial,Краснодар,35,https://glas-okna.ru/plastikovye-okna/,glas-okna.ru,9,0,,,content,ok,,..\dataset-v2\artifacts\query--f9f9fdf0262507cb.json,763f04f16000cd97b60c9151d223477489991a1a,431326,67.6,9600,60000,1600,915,0.54889,6.6911,90,15.1545,36,1,10,3,16,1,89,1,212,0,0,0,78,3,1,0.5,0.25,9,0.5,24,0.046791,0.75,80,24,40,5,1,7,7,18.9432,75.584883,26.994601,49.190162,2.9994,0.037019,0.420082,1,1,13.230159,0.181818,0.315061,0.210041,0.210041,0.25,0.420082,0.6625,0.381818,0.537931,0.330234,0.213542,0.420082,200,1,0,0,1,1,1,0,0,0,1,1,1,0,0,1,0,0,1,0.9,1,1,0.98,1,1,1,1,1,1,1,1,0,1,1,0,0,0,1,11,1,1,1,1,1,7,7,0.777778,0.777778,0.851852,1,0.516388,1,4,0,4,0,0,0,1,0.65,1,0.91,1,0.838042,0.037019,0.161958,357.9756,1383,35,41,45,7123.933,0.241458,0.343593,0,1,0,0,0.2,1,0.45,0.25,0,0,0.648965,0.750769,0.488197,0.625589,0.750769,v5-shortcut-control-v1
dataset-v5,v3,extraction-v2,ranking-aware-v5,seo_weighted_page_quality_v5,52.6316,70.6,пластиковые окна цена Краснодар,пластиковые окна,commercial,Краснодар,35,https://krasnodar.okna-plastikovyye.ru/,krasnodar.okna-plastikovyye.ru,10,0,,,homepage,ok,,..\dataset-v2\artifacts\query--45d750227ae2f5b3.json,259dacc4347face0d79de9eda73aa80d86c56f69,496294,70.6,9600,60000,1600,1117,0.324898,5.8837,90,11.8144,36,1,6,0,7,1,47,1,47,0,0,0,153,0,0,0,0,3,0.25,31,0.044503,1,80,24,40,7,9,146,16.222222,13.2231,68.644561,28,60,2.036067,0.074321,0.305253,1,1,14.567797,0.026923,0.305253,0,0.076313,0,0.305253,0.4625,0.854545,0.324138,0.516579,0.099176,0.305253,200,1,0,0,1,1,1,0,0,0,1,1,1,0,0,0,0,0,1,1,1,1,1,1,3,1,1,1,1,1,1,1,1,1,1,1,0,1,23,1,1,1,1,1,8,9,0.888889,1,0.962963,1,0.58228,4,4,1,4,1,1,0,0,0.783333,1,0.91,1,0.674847,0.074321,0.325153,349.8145,3062,48,44,145,5797.8339,0.197515,0.310636,0,1,0,0,0.2,1,0.45,0.25,0,0,0.637148,0.738932,0.433469,0.590004,0.738932,v5-shortcut-control-v1
dataset-v5,v3,extraction-v2,ranking-aware-v5,seo_weighted_page_quality_v5,100.0,70.1,пластиковые окна цена Самара,пластиковые окна,commercial,Самара,51,https://oknasravni.ru/samara,oknasravni.ru,1,0,,,content,ok,,..\dataset-v2\artifacts\query--4f1de4a7bad2b025.json,65bccfe0933d952205238fa8a18b5d1c42ac2e77,241619,70.1,9600,60000,1600,792,0.373938,5.2663,90,12.6071,3,1,8,2,11,1,65,1,151,0,0,0,148,1,3,0.25,0.5,8,0.5,43,0.069877,1,80,24,30,0,0,2,0,180,59.017941,28,14.164306,0,0.07756,0.785074,1,0.75,16.944,3.666667,0.785074,0.196269,0.392537,0.125,0.785074,0.6125,0.818182,0.958621,0,0.293569,0.588806,200,1,0,0,1,1,0,0,0,0,1,1,1,0,0,1,0,0,1,0.9,1,1,0.98,0,0,0,1,1,1,1,0,0,0,1,1,1,0,1,1,0,1,0,0,0.4,5,5,0.555556,0.555556,0.503704,1,0.542857,0,0,0,0,0,0,0,0,0,1,0.91,1,0.313531,0.07756,0.686469,185.2949,1463,8,4,291,3821.1275,0.549945,0.574959,1,0,0,0,0.45,0,0.45,0,0,0,0.67741,0.670755,0.68222,0.687863,0.67741,v5-shortcut-control-v1
dataset-v5,v3,extraction-v2,ranking-aware-v5,seo_weighted_page_quality_v5,94.7368,71.7,пластиковые окна цена Самара,пластиковые окна,commercial,Самара,51,https://oknazavr.ru/samara/plastikovye-okna/,oknazavr.ru,2,0,,,content,ok,,..\dataset-v2\artifacts\query--ed3575a3361a2a91.json,67e6086a161f02d320900fa8e2377467d2076343,793370,71.7,9600,60000,1600,743,0.377349,5.3535,90,14.5852,36,1,10,10,18,1,82,1,158,0,0,0,106,4,0,0.5,0,8,1,22,0.053834,1,80,24,40,0,3,72,24,6.9088,80,28,60,0,0.018981,0.759731,1,1,5.59375,0.077193,0.759731,0.379866,0.759731,0.5,0.759731,0.825,0.509091,0.910345,0.205519,0.286684,0.759731,200,1,0,0,0,0,1,0,0,0,1,1,1,0,0,2,0,0,1,0.8,1,0.75,0.91,1,1,0,1,1,1,1,0,1,0,1,1,1,1,1,1,0,1,1,1,0.6,8,7,0.888889,0.777778,0.755556,1,0.550034,2,2,0,2,1,1,0,0,0.575,1,0.91,1,0.672673,0.018981,0.327327,689.1748,3562,16,6,232,6824.32,0.300415,0.387811,1,0,0,0,0.45,0,0.45,0,0,0,0.807073,0.831853,0.762254,0.786421,0.807073,v5-shortcut-control-v1
dataset-v5,v3,extraction-v2,ranking-aware-v5,seo_weighted_page_quality_v5,89.4737,74.8,пластиковые окна цена Самара,пластиковые окна,commercial,Самара,51,https://azbukaokon63.ru/,azbukaokon63.ru,3,0,,,homepage,ok,,..\dataset-v2\artifacts\query--f2a9c6b94f4c9412.json,6dbb8a211cb1be22933a09209753cad9d565a1cf,529872,74.8,9600,60000,1600,947,0.267363,5.6694,90,10.5104,36,1,10,4,18,1,69,1,208,0,0,0,132,2,3,0.5,0.5,7,0.5,13,0.037267,1,80,24,40,24,5,32,6.4,20.3563,80,28,35.855449,11.575381,0.060362,0.741657,1,1,9.321053,0.126437,0.741657,0.370829,0.370829,0.25,0.741657,0.7,0.745455,0.565517,0.757764,0.198292,0.741657,200,1,0,0,0,0,0,0,0,0,1,1,1,0,0,0,0,0,1,1,1,0.75,0.95,1,7,1,1,1,1,1,1,1,1,0,1,0,1,1,51,1,1,1,1,1,9,7,1,0.777778,0.925926,1,0.451803,0,0,0,0,0,0,0,0,0,1,0.91,1,0.504487,0.060362,0.495513,414.4629,2188,17,12,141,7553.1381,0.318932,0.401699,1,0,0,0,0.45,0,0.45,0,0,0,0.841153,0.879216,0.72428,0.777216,0.841153,v5-shortcut-control-v1
dataset-v5,v3,extraction-v2,ranking-aware-v5,seo_weighted_page_quality_v5,84.2105,80.7,пластиковые окна цена Самара,пластиковые окна,commercial,Самара,51,https://okna-sok.ru/,okna-sok.ru,4,0,,,homepage,ok,,..\dataset-v2\artifacts\query--cdc08c46128c6752.json,3b068b18b079f3827e1929cda0578cb35f4a3309,426032,80.7,9600,60000,1600,1200,0.340129,5.8028,90,16.3509,36,1,10,10,18,1,74,1,160,0,0,0,104,3,2,0.5,0.5,13,0.75,16,0.027897,1,80,24,40,16,4,30,7.5,77.6667,48.015021,26.287554,31.11588,4.291845,0.084464,0.740199,1,1,20.826816,0.729167,0.740199,0.3701,0.555149,0.375,0.740199,0.7625,0.654545,0.896552,0.9299,0.251763,0.740199,200,1,0,0,1,1,0,0,0,0,1,1,1,0,0,0,0,0,1,1,1,1,1,1,10,0,1,1,1,1,1,1,1,1,1,0,1,1,21,0,1,1,1,0.6,9,7,1,0.777778,0.792593,1,0.441343,0,0,0,0,0,0,0,0,0,1,0.91,1,0.508571,0.084464,0.491429,321.7578,2645,24,19,98,9922.7049,0.268592,0.363944,1,0,0,0,0.45,0,0.45,0,0,0,0.815924,0.837277,0.745351,0.790122,0.815924,v5-shortcut-control-v1
dataset-v5,v3,extraction-v2,ranking-aware-v5,seo_weighted_page_quality_v5,78.9474,74.2,пластиковые окна цена Самара,пластиковые окна,commercial,Самара,51,https://samara.okna-plastikovyye.ru/,samara.okna-plastikovyye.ru,5,0,,,homepage,ok,,..\dataset-v2\artifacts\query--2f3dc74c7c036f95.json,4a97fc5f2ac6212b78033e2886b2c633745556a9,495134,74.2,9600,60000,1600,1094,0.32007,5.9026,90,11.951,36,1,6,2,9,1,43,1,43,0,0,0,155,0,0,0,0,4,0.5,31,0.045348,1,80,24,40,7,9,145,16.111111,13.1462,66.705676,28,60,2.047981,0.073971,0.48368,1,1,14.991228,0.034615,0.48368,0,0.24184,0,0.48368,0.525,0.781818,0.296552,0.488395,0.154812,0.48368,200,1,0,0,1,1,1,0,0,0,1,1,1,0,0,0,0,0,1,1,1,1,1,1,4,1,1,1,1,1,1,1,1,1,1,1,0,1,27,1,1,1,1,1,8,9,0.888889,1,0.962963,1,0.59857,4,4,0,4,1,1,0,0,0.85,1,0.91,1,0.676378,0.073971,0.323622,349.7158,3062,50,44,146,5594.9869,0.197544,0.310658,1,0,0,0,0.45,0,0.45,0,0,0,0.70662,0.786456,0.523891,0.652099,0.70662,v5-shortcut-control-v1
dataset-v5,v3,extraction-v2,ranking-aware-v5,seo_weighted_page_quality_v5,73.6842,74.1,пластиковые окна цена Самара,пластиковые окна,commercial,Самара,51,https://smr.okna-olkon.ru/,smr.okna-olkon.ru,6,0,,,homepage,ok,,..\dataset-v2\artifacts\query--999413215c07594d.json,122a048a59da8464b0adb8d855e591cba7ff7e1c,418396,74.1,8824,60000,1371,491,0.358133,5.2086,90,14.9022,36,1,10,12,18,1,43,1,164,0,0,0,49,2,4,0.5,0.5,4,0.75,14,0.03574,1,80,24,36,7,9,88,9.777778,18.527,64.186725,28,26.258206,5.105762,0.024633,0.654552,1,1,15.579545,0.878378,0.654552,0.327276,0.490914,0.375,0.598261,0.7625,0.781818,0.868966,0.808655,0.178547,0.654552,200,1,0,0,1,1,0,0,0,0,1,1,0,0,0,0,0,0,1,1,0.5,1,0.9,1,2,1,1,1,1,1,0,0,1,1,1,0,0,1,1,0,1,1,1,0.8,6,8,0.666667,0.888889,0.785185,1,0.345443,0,0,0,0,0,0,0,0,0,1,0.91,1,0.892232,0.024633,0.107768,360.2705,1132,39,41,100,10758.4311,0.268674,0.364005,1,0,0,0,0.45,0,0.45,0,0,0,0.735877,0.796865,0.621786,0.714218,0.735877,v5-shortcut-control-v1
dataset-v5,v3,extraction-v2,ranking-aware-v5,seo_weighted_page_quality_v5,68.4211,80.3,пластиковые окна цена Самара,пластиковые окна,commercial,Самара,51,https://npik.ru/,npik.ru,7,0,,,homepage,ok,,..\dataset-v2\artifacts\query--8170028a007bd721.json,239819013e769e9eb26a69f182201bb3ac6d42f3,298940,80.3,9600,60000,1600,1200,0.406624,6.0586,90,15.2028,36,1,4,12,18,1,63,1,185,0,0,0,113,3,0,0.75,0,4,0.5,23,0.025989,1,80,24,40,24,4,28,7,32.2074,62.557498,5.979761,60,8.50966,0.184438,0.682464,1,1,15.985294,0.214815,0.682464,0.511848,0.341232,0.375,0.682464,0.7875,0.854545,0.724138,0.866299,0.277506,0.682464,200,1,0,0,1,1,1,0,0,0,1,1,1,0,0,0,0,0,1,1,1,1,1,1,7,1,1,1,1,1,1,1,1,1,1,0,0,1,9,1,1,1,1,1,8,8,0.888889,0.888889,0.925926,1,0.564241,0,0,0,0,0,0,0,0,0,1,0.9415,1,0.302857,0.184438,0.697143,192.2705,1663,8,2,26,5516.87,0.607762,0.618321,1,0,0,0,0.45,0,0.45,0,0,0,0.818019,0.867617,0.665917,0.78471,0.818019,v5-shortcut-control-v1
dataset-v5,v3,extraction-v2,ranking-aware-v5,seo_weighted_page_quality_v5,63.1579,80.9,пластиковые окна цена Самара,пластиковые окна,commercial,Самара,51,https://samara.delaem-okna.ru/,samara.delaem-okna.ru,8,0,,,homepage,ok,,..\dataset-v2\artifacts\query--156ac614fecffe6d.json,08a452bd8c41fcf1f9f80f9f127ea44246cee71a,830217,80.9,9600,60000,1600,1009,0.366776,6.1305,90,18.2185,36,1,10,2,18,1,80,1,295,0,0,0,198,3,4,0.75,0.5,6,0.5,51,0.071974,1,80,24,40,7,2,16,8,38.2083,80,28,30.534351,2.544529,0.028585,0.769475,1,1,9.139535,0.305556,0.769475,0.577106,0.384738,0.375,0.769475,0.7875,0.545455,0,0,0.282225,0.769475,200,1,0,0,1,1,0,0,0,0,1,1,1,0,0,0,0,0,1,1,1,1,1,1,2,1,1,1,1,1,1,1,1,1,0,1,1,1,37,1,1,1,1,1,9,8,1,0.888889,0.962963,1,0.471972,6,3,3,3,0,1,0,0,0.3625,1,0.91,1,0.682083,0.028585,0.317917,702.3047,3132,20,18,135,7459.4161,0.179961,0.297471,1,0,0,0,0.45,0,0.45,0,0,0,0.870485,0.902794,0.76591,0.82685,0.870485,v5-shortcut-control-v1
dataset-v5,v3,extraction-v2,ranking-aware-v5,seo_weighted_page_quality_v5,57.8947,65.9,пластиковые окна цена Самара,пластиковые окна,commercial,Самара,51,https://mirokon-samara.ru/,mirokon-samara.ru,9,0,,,homepage,ok,,..\dataset-v2\artifacts\query--13a226da0403462c.json,e3b445ffd16a7ecd0720bfdccc4a8694d3cde7f2,126285,65.9,8791,60000,1310,637,0.48626,5.5534,90,12.243,12,1,5,0,6,1,52,1,139,0,0,0,92,3,8,0.5,0.75,7,0.75,29,0.070229,1,54,24,39,0,7,23,3.285714,109.1667,41.221374,28,29.770992,0,0.105367,0.58991,1,1,24.259259,0.5,0.58991,0.294955,0.442433,0.375,0.515188,0.7625,0.945455,0.958621,0,0.208763,0.58991,200,1,0,0,0,0,1,0,0,0,1,1,1,0,0,0,0,0,1,1,1,0.75,0.95,1,3,0,1,0,1,1,0,1,0,1,1,0,0,1,1,0,1,1,1,0.4,6,5,0.666667,0.555556,0.540741,1,0.457527,0,0,0,0,0,0,0,0,0,1,0.91,1,0.572857,0.105367,0.427143,89.79,775,29,14,52,8415.9419,0.440619,0.492964,1,0,0,0,0.45,0,0.45,0,0,0,0.676004,0.669264,0.597787,0.68308,0.676004,v5-shortcut-control-v1
dataset-v5,v3,extraction-v2,ranking-aware-v5,seo_weighted_page_quality_v5,52.6316,24.3,пластиковые окна цена Самара,пластиковые окна,commercial,Самара,51,https://www.avito.ru/samara/remont_i_stroitelstvo/plastikovye_okna_8099668986,avito.ru,10,0,,,content,ok,,..\dataset-v2\artifacts\query--7d41665580655a95.json,37c86a8df8feef1d64b1705fbb776e7fa0e9a37d,34370,24.3,947,28943,133,90,0.676692,5.8421,12,11.0833,11,0,1,0,1,1,31,0,0,0,0,0,0,0,0,0,0,0,0,0,0,0,1,1,0,1,1,2,2,12.0909,7.518797,7.518797,0,7.518797,0.032719,0.032024,0,0.75,80,0.090909,0,0,0,0,0.002839,0,0.563636,0,0,0.001601,0.024018,429,0,0,0,0,0,0,0,0,0,0,1,1,0,0,3,0,0,1,0.7,1,0.75,0.69,1,1,0,0,0,0,1,0,0,0,1,0,0,0,1,1,1,0,1,1,0.4,2,3,0.222222,0.333333,0.318519,1,0.569567,0,0,0,0,0,0,0,0,0,1,0.879278,1,0.471138,0.032719,0.528862,29.1826,60,5,1,1,6031.1738,0.943504,0.870128,1,0,0,0,0.45,0,0.45,0,0,0,0.18841,0.229313,0.075892,0.237918,0.18841,v5-shortcut-control-v1
dataset-v5,v3,extraction-v2,ranking-aware-v5,seo_weighted_page_quality_v5,94.7368,72.7,пластиковые окна цена Нижний Новгород,пластиковые окна,commercial,Нижний Новгород,47,https://www.oknakompas.ru/,oknakompas.ru,2,0,,,homepage,ok,,..\dataset-v2\artifacts\query--593f3c9745c0d880.json,275e4c32bdfca8977bebcc6e5364cded914b041f,1218212,72.7,9600,60000,1600,1058,0.159964,5.6219,90,15.7102,36,1,10,7,18,1,79,1,179,0,0,0,211,3,2,0.4,0.4,1,0.2,19,0.031902,1,80,24,40,7,27,73,2.703704,4.9655,76.655579,18.294527,60,1.058361,0.046612,0.556386,1,1,13.045365,0.017267,0.556386,0.222554,0.111277,0.08,0.556386,0.59,0.563636,0.765517,0.936599,0.089002,0.556386,200,1,0,0,1,1,1,0,0,0,1,1,1,0,0,0,0,0,1,1,1,1,1,1,6,0,1,1,1,1,1,1,1,1,1,0,0,1,33,0,1,1,1,0.6,8,7,0.888889,0.777778,0.755556,1,0.320443,0,0,0,0,0,0,0,0,0,1,0.91,1,0.796072,0.046612,0.203928,999.6689,5890,42,18,121,9618.0642,0.007128,0.167846,1,0,0,0,0.4,0,0.4,0,0,0,0.700891,0.755598,0.556083,0.667385,0.700891,v5-shortcut-control-v1
dataset-v5,v3,extraction-v2,ranking-aware-v5,seo_weighted_page_quality_v5,89.4737,77.6,пластиковые окна цена Нижний Новгород,пластиковые окна,commercial,Нижний Новгород,47,https://окна-саксэс.рф/,окна-саксэс.рф,3,0,,,homepage,ok,,..\dataset-v2\artifacts\query--dbfe1adf059da150.json,749f3e9a8173dbc752c22be7cd674723a705504b,1181493,77.6,9600,60000,1600,1200,0.2938,5.7111,90,26.1698,36,1,10,1,12,1,66,1,158,0,0,0,153,2,2,0.4,0.4,5,0.4,4,0.027578,1,80,24,40,24,17,319,18.764706,7.0585,68.853641,28,57.137707,6.128335,0.040225,0.553912,0.8,1,14.52356,0.015267,0.553912,0.221565,0.221565,0.16,0.553912,0.59,0.8,0.910345,0.91925,0.162739,0.553912,200,1,0,0,1,1,1,0,0,0,1,1,1,0,0,0,0,0,1,1,1,1,1,1,8,1,1,1,1,1,1,1,1,1,1,0,1,1,19,0,1,1,1,0.8,9,8,1,0.888889,0.896296,1,0.480428,2,3,0,3,1,0,1,0,0.6625,1,0.91,1,0.824015,0.040225,0.175985,975.1709,6484,47,26,500,3152.7731,0.014305,0.173229,1,0,0,0,0.4,0,0.4,0,0,0,0.743347,0.798331,0.627188,0.696606,0.743347,v5-shortcut-control-v1
dataset-v5,v3,extraction-v2,ranking-aware-v5,seo_weighted_page_quality_v5,84.2105,72.2,пластиковые окна цена Нижний Новгород,пластиковые окна,commercial,Нижний Новгород,47,https://nn.okna-plastikovyye.ru/,nn.okna-plastikovyye.ru,4,0,,,homepage,ok,,..\dataset-v2\artifacts\query--d534c89c8213b946.json,056010c940f493a55f034d99f33adc651f88c3f7,490241,72.2,9600,60000,1600,1114,0.324026,5.8755,90,11.9375,36,1,6,0,7,1,44,1,44,0,0,0,151,2,2,0.4,0.4,4,0.4,33,0.043921,1,80,24,40,7,9,145,16.111111,13.1221,64.863293,28,60,2.036067,0.074797,0.187522,1,1,15.41704,0.026718,0.187522,0.075009,0.075009,0.16,0.187522,0.64,0.8,0.303448,0.535971,0.060762,0.187522,200,1,0,0,1,1,1,0,0,0,1,1,1,0,0,0,0,0,1,1,1,1,1,1,4,1,1,1,1,1,1,1,1,1,1,1,0,1,27,1,1,1,1,1,8,9,0.888889,1,0.962963,1,0.599603,4,4,0,4,1,1,0,0,0.85,1,0.91,1,0.672764,0.074797,0.327236,347.3613,3048,48,44,146,5662.0894,0.198234,0.311175,1,0,0,0,0.4,0,0.4,0,0,0,0.617045,0.726749,0.399339,0.582495,0.617045,v5-shortcut-control-v1
dataset-v5,v3,extraction-v2,ranking-aware-v5,seo_weighted_page_quality_v5,78.9474,78.0,пластиковые окна цена Нижний Новгород,пластиковые окна,commercial,Нижний Новгород,47,https://akonta.ru/,akonta.ru,5,0,,,homepage,ok,,..\dataset-v2\artifacts\query--00b95e1f1b82712b.json,76fbfeb0212b58878aa88b50077eed03a99de6cb,518105,78.0,9600,60000,1600,904,0.33845,6.1733,90,14.8389,1,1,10,5,18,1,81,1,160,0,0,0,150,2,2,0.4,0.4,24,0.8,21,0.056159,1,80,16,40,10,4,61,15.25,180,40.434294,5.990266,54.286784,3.743916,0.045843,0.612096,1,1,24.731481,23,0.612096,0.244838,0.489677,0.32,0.612096,0.74,0.527273,0.896552,0.128042,0.207164,0.612096,200,1,0,0,1,1,0,0,0,0,1,1,0,0,0,0,0,0,1,1,0.5,1,0.9,1,6,1,1,1,1,1,1,1,1,1,1,1,1,1,7,1,1,1,1,1,9,9,1,1,1,1,0.59466,6,4,0,6,1,0,1,1,0.85,1,0.964,1,0.799436,0.045843,0.200564,436.5625,2167,71,123,16,3864.175,0.268767,0.364075,1,0,0,0,0.4,0,0.4,0,0,0,0.796713,0.848153,0.670541,0.733068,0.796713,v5-shortcut-control-v1
dataset-v5,v3,extraction-v2,ranking-aware-v5,seo_weighted_page_quality_v5,73.6842,80.1,пластиковые окна цена Нижний Новгород,пластиковые окна,commercial,Нижний Новгород,47,https://nizhniy.essokna.ru/,nizhniy.essokna.ru,6,0,,,homepage,ok,,..\dataset-v2\artifacts\query--0c6500a3e85f91ad.json,cb15d81472ac75a571e8ac3b42bb86ea21a81fda,143876,80.1,7270,60000,1036,489,0.472008,5.8475,90,11.5111,12,1,7,12,18,1,60,1,241,0,0,0,80,3,6,0.6,1,12,0.8,25,0.07722,1,80,24,40,10,1,5,5,86.3333,80,28,60,9.65251,0.08577,0.620929,1,1,7.09589,2.583333,0.620929,0.372557,0.496743,0.48,0.428855,0.81,0.909091,0.337931,0,0.168686,0.620929,200,1,0,0,1,1,0,0,0,0,1,1,1,0,0,0,0,0,1,1,1,1,1,1,3,1,1,1,1,1,1,1,1,0,1,0,0,1,10,1,1,1,1,1,8,7,0.888889,0.777778,0.888889,1,0.778746,5,4,0,5,1,1,0,0,0.9,1,0.91,1,0.328571,0.08577,0.671429,94.6553,896,10,4,50,3523.5539,0.628071,0.633553,1,0,0,0,0.4,0,0.4,0,0,0,0.79918,0.855025,0.602206,0.769843,0.79918,v5-shortcut-control-v1
dataset-v5,v3,extraction-v2,ranking-aware-v5,seo_weighted_page_quality_v5,68.4211,69.8,пластиковые окна цена Нижний Новгород,пластиковые окна,commercial,Нижний Новгород,47,https://domokna52.ru/ceny/ceny-na-plastikovye-okna/,domokna52.ru,7,0,,,content,ok,,..\dataset-v2\artifacts\query--1389eef756d8ca8f.json,bfe3a245af4b1f38ce3d4e87bebd351358950a28,500623,69.8,9600,60000,1600,780,0.338248,6.1145,90,19.7094,25,1,7,0,8,1,72,1,164,0,0,0,146,3,0,0.4,0,6,0.4,22,0.063313,1,80,24,40,24,3,27,9,92.24,80,28,60,15.611448,0.044615,0.667058,1,1,9.043137,0.32,0.667058,0.266823,0.266823,0.16,0.667058,0.64,0.690909,0.868966,0,0.225631,0.667058,200,1,0,0,0,0,1,0,0,0,1,1,1,0,0,2,0,0,1,0.8,1,0.75,0.91,1,10,1,1,1,1,1,1,1,1,0,1,1,1,1,1,1,1,1,1,1,9,8,1,0.888889,0.962963,1,0.589202,6,4,0,4,1,1,1,0,0.95,1,0.91,1,0.804809,0.044615,0.195191,390.8711,2683,56,52,95,10321.3378,0.185487,0.301615,1,0,0,0,0.4,0,0.4,0,0,0,0.800815,0.849071,0.681255,0.724151,0.800815,v5-shortcut-control-v1
dataset-v5,v3,extraction-v2,ranking-aware-v5,seo_weighted_page_quality_v5,63.1579,69.0,пластиковые окна цена Нижний Новгород,пластиковые окна,commercial,Нижний Новгород,47,https://oknavnizhnemnovgorode.ru/,oknavnizhnemnovgorode.ru,8,0,,,homepage,ok,,..\dataset-v2\artifacts\query--6985c3093de6003f.json,29f6839da5ef92d5a653308f4825c899db52a235,121994,69.0,9600,60000,1600,857,0.464247,5.5796,90,9.8191,19,1,10,1,12,1,71,1,163,0,0,0,68,2,2,0.4,0.4,3,0.4,18,0.036836,1,80,24,40,17,4,14,3.5,97.1579,49.295775,28,31.419285,9.209101,0.188212,0.56938,1,1,20.285714,0.631579,0.56938,0.227752,0.227752,0.16,0.56938,0.64,0.709091,0.875862,0.77212,0.264333,0.56938,200,1,0,0,0,0,0,0,0,0,1,1,1,0,0,0,0,0,1,1,1,0.75,0.95,1,4,0,1,1,1,1,0,1,1,1,1,0,1,1,5,0,1,1,1,0.6,8,7,0.888889,0.777778,0.755556,1,0.57131,1,1,0,1,1,0,0,0,0.2875,1,0.91,1,0.482857,0.188212,0.517143,75.542,916,22,6,53,6778.6094,0.544126,0.570595,1,0,0,0,0.4,0,0.4,0,0,0,0.709244,0.760988,0.646514,0.672696,0.709244,v5-shortcut-control-v1
dataset-v5,v3,extraction-v2,ranking-aware-v5,seo_weighted_page_quality_v5,57.8947,76.8,пластиковые окна цена Нижний Новгород,пластиковые окна,commercial,Нижний Новгород,47,https://nizhnijnovgorod.delaem-okna.ru/,nizhnijnovgorod.delaem-okna.ru,9,0,,,homepage,ok,,..\dataset-v2\artifacts\query--f4a5e95454e482dd.json,5a60da1b11a38907e188f4a8f4a40ceff0ffccab,835696,76.8,9600,60000,1600,1005,0.362423,6.1244,90,18.2434,36,1,10,2,18,1,90,1,305,0,0,0,209,3,5,0.6,0.4,6,0.4,52,0.07537,1,80,24,40,7,2,16,8,39.0563,80,28,30.292102,2.524342,0.028592,0.613646,1,1,9.212625,0.309859,0.613646,0.368188,0.245458,0.24,0.613646,0.71,0.363636,0,0,0.2224,0.613646,200,1,0,0,1,1,0,0,0,0,1,1,1,0,0,0,0,0,1,1,1,1,1,1,2,1,1,1,1,1,1,1,1,1,0,1,1,1,37,1,1,1,1,1,9,8,1,0.888889,0.962963,1,0.471739,6,3,3,3,0,1,0,0,0.3625,1,0.91,1,0.682051,0.028592,0.317949,706.6846,3131,20,18,135,7089.7082,0.178678,0.296509,1,0,0,0,0.4,0,0.4,0,0,0,0.800074,0.852239,0.675854,0.747987,0.800074,v5-shortcut-control-v1
dataset-v5,v3,extraction-v2,ranking-aware-v5,seo_weighted_page_quality_v5,52.6316,64.8,пластиковые окна цена Нижний Новгород,пластиковые окна,commercial,Нижний Новгород,47,https://prizma-okna.ru/,prizma-okna.ru,10,0,,,homepage,ok,,..\dataset-v2\artifacts\query--a376994943002ac3.json,b770d255d81d00188902a29d09825cdd9714cf0a,516235,64.8,9600,60000,1350,600,0.444444,6.2533,90,11.4407,36,1,0,0,1,1,41,1,112,0,0,0,49,4,2,0.8,0.4,0,0,12,0.036296,0.8,80,24,40,24,3,20,6.666667,8.5987,80,28,33.333333,21.481481,0.021834,0.519168,1,1,10.074627,0.006369,0.415334,0.415334,0,0,0.467251,0.65,0.745455,0.772414,0.632099,0.173056,0.519168,200,1,0,0,0,0,0,0,0,0,1,1,1,0,0,0,0,0,1,1,1,0.75,0.95,1,2,1,1,1,1,1,1,1,1,0,1,1,0,1,6,0,1,1,1,0.8,8,8,0.888889,0.888889,0.859259,1,0.407786,0,0,0,0,0,0,0,0,0,1,0.91,1,0.673046,0.021834,0.326954,459.8848,1686,17,13,49,17053.399,0.308917,0.394188,1,0,0,0,0.4,0,0.4,0,0,0,0.684094,0.758582,0.452459,0.648865,0.684094,v5-shortcut-control-v1
dataset-v5,v3,extraction-v2,ranking-aware-v5,seo_weighted_page_quality_v5,100.0,82.3,как выбрать пластиковые окна,пластиковые окна,informational,,,https://dom.mail.ru/articles/77101-kak-pravilno-vybrat-plastikovye-okna/,dom.mail.ru,1,0,,,article,ok,,..\dataset-v2\artifacts\query--5f9c4b6706fd2adf.json,d7d14e63752af3c6d0f8b75211557faa6c52bc6d,612789,82.3,9600,60000,1600,1200,0.417174,4.8129,90,5.0691,36,1,4,12,17,1,150,1,210,0,1,2,60,4,1,1,0.25,7,1,23,0.017406,1,80,24,11,3,1,1,1,67.5882,24.949231,15.085582,3.191181,0.870322,0.04069,0.746438,1,1,40.081395,0.333333,0.746438,0.746438,0.746438,1,0.746438,1,0,0.551724,0.580215,0.311395,0.746438,200,1,0,0,1,1,1,0,0,0,1,1,1,0,0,2,0,0,1,0.8,1,1,0.96,1,37,0,1,1,0,1,0,0,0,1,1,1,1,1,1,1,1,1,1,0.8,6,7,0.666667,0.777778,0.748148,1,0.445397,1,2,0,2,0,0,0,1,0.375,1,0.91,1,0.821979,0.04069,0.178021,518.9072,1259,76,30,52,11796.6216,0.208088,0.318566,0,0,1,0,0.45,0,0,0,0.45,0,0.815909,0.859435,0.792992,0.837899,0.792992,v5-shortcut-control-v1
dataset-v5,v3,extraction-v2,ranking-aware-v5,seo_weighted_page_quality_v5,94.7368,72.7,как выбрать пластиковые окна,пластиковые окна,informational,,,https://news.ru/society/kak-vybrat-plastikovye-okna-polnyj-gajd-po-materialam-vidam-i-furniture,news.ru,2,0,,,content,ok,,..\dataset-v2\artifacts\query--61c756f81c7e9257.json,c7f3dad696b0fcaaca1533954dcfbaf4798d8e68,317388,72.7,9600,60000,1600,1200,0.572374,6.165,90,13.1795,36,1,8,1,10,1,84,1,150,0,1,2,61,3,0,0.75,0,13,1,20,0.023735,1,80,24,40,7,2,2,1,52.449,59.533074,17.120623,21.789883,2.723735,0.09171,0.298943,1,1,16.797386,0.204082,0.298943,0.224207,0.298943,0.75,0.298943,0.9125,0.472727,0.965517,0.79118,0.171107,0.298943,200,1,0,0,1,1,1,0,0,0,1,1,1,0,0,2,0,0,1,0.8,1,1,0.96,1,8,1,1,1,0,1,0,0,1,1,1,0,0,1,1,1,1,1,1,1,5,8,0.555556,0.888889,0.814815,1,0.488806,2,2,0,2,0,0,0,0,0.275,1,0.91,1,0.65,0.09171,0.35,222.6514,1019,52,14,44,12706.5229,0.343631,0.420223,0,0,1,0,0.45,0,0,0,0.45,0,0.627352,0.738846,0.491801,0.62535,0.491801,v5-shortcut-control-v1
dataset-v5,v3,extraction-v2,ranking-aware-v5,seo_weighted_page_quality_v5,89.4737,87.2,как выбрать пластиковые окна,пластиковые окна,informational,,,https://okonti.ru/articles/kak-vybrat-plastikovye-okna-v-kvartiru/,okonti.ru,3,0,,,article,ok,,..\dataset-v2\artifacts\query--f4a94f08a7bc7877.json,68c410c141970273e279d64281313e40ed93077c,335860,87.2,9600,60000,1600,1187,0.397922,6.351,90,18.189,36,1,10,7,18,1,70,1,189,1,1,3,117,4,2,1,0.5,12,1,19,0.039222,1,80,24,40,0,3,12,4,45.197,80,26.148173,60,0,0.130211,0.577456,1,1,8.084011,0.363636,0.577456,0.577456,0.577456,1,0.577456,1,0.727273,0.696552,0.692591,0.229782,0.577456,200,1,0,0,1,1,1,0,0,0,1,1,1,0,0,2,0,0,1,0.8,1,1,0.96,1,3,1,1,1,1,1,0,1,1,1,1,1,1,1,11,1,1,1,1,1,8,9,0.888889,1,0.962963,1,0.596352,5,4,0,5,1,0,0,0,0.75,1,0.91,1,0.65,0.130211,0.35,199.1475,1420,47,23,78,11118.38,0.283878,0.375409,0,0,1,0,0.45,0,0,0,0.45,0,0.808739,0.863775,0.702509,0.793124,0.702509,v5-shortcut-control-v1
dataset-v5,v3,extraction-v2,ranking-aware-v5,seo_weighted_page_quality_v5,84.2105,81.1,как выбрать пластиковые окна,пластиковые окна,informational,,,https://www.metronews.ru/partners/novosti-partnerov-255/reviews/kak-vybrat-plastikovye-okna-polnoe-rukovodstvo-dlya-pokupatelya-2187979/,metronews.ru,4,0,,,content,ok,,..\dataset-v2\artifacts\query--e0b70d83d33a5ea8.json,93f96c99cdde70a3ce690cec7c980ed55a5cae1f,265780,81.1,9600,60000,1413,831,0.58811,6.1875,45,31.4,12,1,6,0,7,1,69,1,119,1,1,2,24,4,1,1,0.25,4,1,11,0.016985,1,80,24,40,0,1,1,1,117.75,80,28,60,0,0.052565,0.580515,1,1,7.983051,0.583333,0.580515,0.580515,0.580515,1,0.546845,1,0.745455,0.82069,0.566171,0.268004,0.580515,200,1,0,0,1,1,0,0,0,0,1,1,1,0,0,4,0,0,1,0.6,1,1,0.92,1,3,1,1,1,0,1,0,0,1,1,1,0,0,1,2,1,1,1,1,1,5,8,0.555556,0.888889,0.814815,1,0.481675,1,1,0,1,0,0,0,0,0.1375,1,0.91,1,0.654316,0.052565,0.345684,202.6924,820,26,6,53,12591.5749,0.494685,0.533514,0,0,1,0,0.45,0,0,0,0.45,0,0.746655,0.823847,0.640543,0.754578,0.640543,v5-shortcut-control-v1
dataset-v5,v3,extraction-v2,ranking-aware-v5,seo_weighted_page_quality_v5,78.9474,81.8,как выбрать пластиковые окна,пластиковые окна,informational,,,https://mossetka.ru/Articles/Post/kak-vybrat-plastikovye-okna-pravilno,mossetka.ru,5,0,,,article,ok,,..\dataset-v2\artifacts\query--7a282719dd6db019.json,dba64dd18af7e67e2e90c6a61ddb22945da96458,191536,81.8,9600,60000,1600,1200,0.437585,6.3328,90,16.1978,36,1,8,12,18,1,60,1,180,0,0,0,108,3,5,0.75,0.75,10,1,13,0.036635,1,80,17,40,24,0,2,0,36.3951,76.322931,5.766621,60,16.282225,0.248617,0.628043,1,0.75,13.102222,0.296296,0.628043,0.471032,0.628043,0.75,0.628043,0.9125,0.909091,0.758621,0.778833,0.274822,0.471032,200,1,0,0,1,1,0,0,0,0,1,1,1,0,0,3,0,0,1,0.7,1,1,0.94,1,4,1,1,1,1,1,1,1,1,1,0,0,0,1,2,1,1,1,1,1,8,7,0.888889,0.777778,0.888889,1,0.650659,3,3,0,3,1,0,0,1,0.6625,1,0.96175,1,0.585714,0.248617,0.414286,106.6494,1003,30,10,17,6263.4958,0.535465,0.564099,0,0,1,0,0.45,0,0,0,0.45,0,0.789014,0.850141,0.656656,0.77456,0.656656,v5-shortcut-control-v1
dataset-v5,v3,extraction-v2,ranking-aware-v5,seo_weighted_page_quality_v5,73.6842,72.4,как выбрать пластиковые окна,пластиковые окна,informational,,,https://www.kp.ru/expert/stroitelstvo/luchshie-plastikovye-okna/,kp.ru,6,0,,,content,ok,,..\dataset-v2\artifacts\query--289dd8bf9f20436f.json,5ea597f7d359ad6d3bfda84ee822f28fc5753340,518321,72.4,9600,60000,1600,1200,0.371203,5.8949,90,16.3709,36,1,7,12,18,1,123,1,258,0,1,2,79,0,4,0,1,11,1,8,0.013257,1,80,24,40,20,1,1,1,62.0729,15.774459,28,17.620406,3.356268,0.119059,0.610162,1,1,63.393617,0.354167,0.610162,0,0.610162,0,0.610162,0.65,0,0.22069,0.441909,0.226494,0.610162,200,1,0,0,1,1,1,0,0,0,1,1,1,0,0,3,0,0,1,0.7,1,1,0.94,1,6,1,1,1,0,1,0,0,1,1,1,1,1,1,1,0,1,1,1,0.8,6,9,0.666667,1,0.822222,1,0.5187,3,3,0,3,0,0,1,1,0.5125,1,0.91,1,0.65,0.119059,0.35,387.75,2214,99,32,219,10768.1546,0.186401,0.302301,0,0,1,0,0.45,0,0,0,0.45,0,0.705708,0.775065,0.661701,0.679503,0.661701,v5-shortcut-control-v1
dataset-v5,v3,extraction-v2,ranking-aware-v5,seo_weighted_page_quality_v5,68.4211,86.0,как выбрать пластиковые окна,пластиковые окна,informational,,,https://geometrium-school.ru/blog/kak-vybrat-plastikovye-okna/,geometrium-school.ru,7,0,,,article,ok,,..\dataset-v2\artifacts\query--cb6ae0937fa1c42b.json,96a0d2c3462b2fa69c68d9a0b2fd552028c5ce4d,279684,86.0,9600,60000,1600,1088,0.441558,5.9566,90,17.7266,30,1,3,4,8,1,69,1,160,1,1,3,40,5,9,1,1,9,1,9,0.016234,1,80,24,40,9,9,120,13.333333,82.1333,52.353896,13.392857,29.220779,3.652597,0.096529,0.565025,1,1,19.100775,0.266667,0.565025,0.565025,0.565025,1,0.565025,1,0.745455,0.896552,0.541126,0.249492,0.565025,200,1,0,0,1,1,1,0,0,0,1,1,1,0,0,2,0,0,1,0.8,1,1,0.96,1,3,1,1,1,1,1,0,1,1,1,1,0,1,1,10,1,1,1,1,1,8,8,0.888889,0.888889,0.925926,1,0.601119,3,3,0,3,0,0,0,1,0.5125,1,0.92575,1,0.56,0.096529,0.44,207.3223,1068,28,7,33,5606.7843,0.484969,0.526227,0,0,1,0,0.45,0,0,0,0.45,0,0.803797,0.860232,0.698938,0.787624,0.698938,v5-shortcut-control-v1
dataset-v5,v3,extraction-v2,ranking-aware-v5,seo_weighted_page_quality_v5,63.1579,70.1,как выбрать пластиковые окна,пластиковые окна,informational,,,https://okna-kpi.ru/vse-ob-oknakh/kak-vybrat-standartnye-razmery-i-vidy-plastikovyh-okon/,okna-kpi.ru,8,0,,,content,ok,,..\dataset-v2\artifacts\query--d9e257c1531c112c.json,985e256ed73282ad08ee91486caf5920a2dc30a1,1105754,70.1,9600,60000,1600,1200,0.341233,6.3985,90,13.3819,36,1,7,12,18,1,75,1,262,0,1,1,102,2,2,0.5,0.5,10,0.75,2,0.024667,1,80,24,40,2,21,148,7.047619,33.8934,80,7.980653,60,0.483676,0.035491,0.421371,0.5,1,12.161765,0.172131,0.421371,0.210685,0.316028,0.375,0.421371,0.6375,0.636364,0.193103,0.822249,0.143786,0.421371,200,1,0,0,1,1,1,0,0,0,1,1,1,0,0,2,0,0,1,0.8,1,1,0.96,1,2,1,1,1,0,1,1,1,0,1,1,0,0,1,24,1,1,1,1,1,7,7,0.777778,0.777778,0.851852,1,0.32984,0,0,0,0,0,0,0,0,0,1,0.92575,1,0.844728,0.035491,0.155272,911.3779,2495,49,13,33,12003.6185,0.10112,0.23834,0,0,1,0,0.45,0,0,0,0.45,0,0.683009,0.77398,0.513973,0.655499,0.513973,v5-shortcut-control-v1
dataset-v5,v3,extraction-v2,ranking-aware-v5,seo_weighted_page_quality_v5,57.8947,74.4,как выбрать пластиковые окна,пластиковые окна,informational,,,https://www.ivd.ru/stroitelstvo-i-remont/okna/kak-vybrat-plastikovye-okna-4-vazhnyh-momenta-kotorye-nuzhno-uchest-44801,ivd.ru,9,0,,,content,ok,,..\dataset-v2\artifacts\query--098676de7161d9dd.json,2edb2e252bb2186c151aa0bd294b58f352fbe54d,393000,74.4,9600,60000,1600,1099,0.518396,6.2717,90,12.1839,36,1,4,8,13,1,93,1,202,0,0,0,61,4,4,1,1,9,1,7,0.028774,1,80,24,40,1,3,14,4.666667,44.1667,80,21.226415,58.490566,0.471698,0.062609,0.547221,1,1,7.969925,0.270833,0.547221,0.547221,0.547221,1,0.547221,1,0.309091,0.606897,0.959119,0.283677,0.547221,200,1,0,0,1,1,0,0,0,0,1,1,1,0,0,3,0,0,1,0.7,1,1,0.94,1,4,0,1,1,0,1,0,0,0,1,0,0,0,1,2,1,1,1,1,0.8,5,5,0.555556,0.555556,0.637037,1,0.451049,1,1,0,1,0,0,0,0,0.1375,1,0.91,1,0.661799,0.062609,0.338201,273.3232,1302,30,12,45,12892.1502,0.34133,0.418497,0,0,1,0,0.45,0,0,0,0.45,0,0.71507,0.788508,0.632889,0.734795,0.632889,v5-shortcut-control-v1
dataset-v5,v3,extraction-v2,ranking-aware-v5,seo_weighted_page_quality_v5,52.6316,74.4,как выбрать пластиковые окна,пластиковые окна,informational,,,https://www.veka.ru/spravochnik/articles/windows/kakie-plastikovye-okna-luchshe,veka.ru,10,0,,,article,ok,,..\dataset-v2\artifacts\query--4a4615e3f104d3f2.json,f3e9a03b8f31758b2c920adb3e5e61e2e24d51e3,513921,74.4,9600,60000,1600,1200,0.430524,6.2477,90,16.4112,36,1,1,6,8,1,130,1,130,0,1,2,173,5,5,1,1,2,0.5,17,0.04926,1,80,24,27,15,2,13,6.5,27.6535,80,20.785877,7.687927,4.271071,0.075383,0.713088,1,1,11.745819,0.062992,0.713088,0.713088,0.356544,0.5,0.713088,0.875,0,0.896552,0.358011,0.307001,0.713088,200,1,0,0,1,1,0,0,0,0,1,1,1,0,0,4,0,0,1,0.6,1,1,0.92,1,2,0,1,1,0,1,0,1,1,1,1,1,0,1,13,0,1,1,1,0.6,6,8,0.666667,0.888889,0.718519,1,0.386266,0,0,0,0,0,0,0,0,0,1,0.91,1,0.670198,0.075383,0.329802,386.7939,1767,47,28,73,10455.7166,0.190348,0.305261,0,0,1,0,0.45,0,0,0,0.45,0,0.757406,0.800934,0.691293,0.762403,0.691293,v5-shortcut-control-v1
dataset-v5,v3,extraction-v2,ranking-aware-v5,seo_weighted_page_quality_v5,100.0,76.9,пластиковые окна отзывы,пластиковые окна,informational,,,https://otzovikon.com/subject/188/plastikovye-okna,otzovikon.com,1,0,,,content,ok,,..\dataset-v2\artifacts\query--e1f4866da4a12515.json,b3351c088dd6a46db18ae02b04b5975d7fd25a25,501407,76.9,9600,60000,1600,1071,0.512195,6.1765,90,13.4903,21,1,2,12,18,1,77,1,252,0,0,0,53,3,4,1,1,11,1,5,0.025347,1,80,24,40,24,2,2,1,99.5714,80,15.303682,60,26.781444,0.041297,0.650601,1,1,4.329193,1.238095,0.650601,0.650601,0.650601,1,0.650601,1,0.6,0.262069,0.844891,0.333235,0.650601,200,1,0,0,0,0,0,0,0,0,1,1,1,0,0,3,0,0,1,0.7,1,0.75,0.89,1,1,0,1,1,0,1,1,0,1,1,1,1,1,1,1,1,1,1,1,0.8,7,8,0.777778,0.888889,0.822222,1,0.489036,1,1,0,1,0,0,0,1,0.2375,1,0.928,1,0.613611,0.041297,0.386389,383.7295,2031,19,21,32,13616.2728,0.322341,0.404256,0,0,1,0,0.533333,0,0,0,0.533333,0,0.792039,0.838846,0.744075,0.788166,0.744075,v5-shortcut-control-v1
dataset-v5,v3,extraction-v2,ranking-aware-v5,seo_weighted_page_quality_v5,94.7368,63.3,пластиковые окна отзывы,пластиковые окна,informational,,,https://vyboroved.ru/reyting/luchshie-plastikovye-okna,vyboroved.ru,2,0,,,content,ok,,..\dataset-v2\artifacts\query--d2650c945362aac7.json,da71e501ef3894c8b069ce0b9bf1a30c5bd49033,343508,63.3,9600,60000,1600,1200,0.477701,6.3397,90,12.327,36,1,6,12,18,1,41,1,122,0,0,0,71,0,2,0,0.666667,11,0.666667,0,0.013649,0.666667,80,24,40,24,2,17,8.5,24.1953,50.749712,5.959246,57.285659,9.803922,0.212781,0.296273,0,1,19.704545,0.139535,0.197515,0,0.197515,0,0.296273,0.266667,0.745455,0.841379,0.303302,0.14153,0.296273,200,1,0,0,1,1,0,0,0,0,1,1,0,0,0,2,0,0,1,0.8,0.5,1,0.86,1,3,0,1,1,0,1,0,0,1,1,0,1,1,1,2,1,1,1,1,0.8,6,7,0.666667,0.777778,0.748148,1,0.448428,1,1,0,1,0,0,0,0,0.1375,1,0.93025,1,0.65,0.212781,0.35,211.8047,2069,68,18,31,11173.9665,0.284615,0.375961,0,0,1,0,0.533333,0,0,0,0.533333,0,0.507535,0.637408,0.428221,0.488424,0.428221,v5-shortcut-control-v1
dataset-v5,v3,extraction-v2,ranking-aware-v5,seo_weighted_page_quality_v5,89.4737,72.5,пластиковые окна отзывы,пластиковые окна,informational,,,https://www.kp.ru/expert/stroitelstvo/luchshie-plastikovye-okna/,kp.ru,3,0,,,content,ok,,..\dataset-v2\artifacts\query--9611db737524ee57.json,56d8d518d2d563ce3de0a81a550ba2e13b614971,515078,72.5,9600,60000,1600,1200,0.371203,5.8949,90,16.3709,36,1,7,12,18,1,123,1,258,0,0,0,58,0,2,0,0.666667,6,0.666667,7,0.009733,1,80,24,40,20,1,1,1,62.0729,15.606645,28,17.620406,3.356268,0.11991,0.642646,1,1,64.075269,0.354167,0.642646,0,0.428431,0,0.642646,0.566667,0,0.22069,0.324439,0.238552,0.642646,200,1,0,0,1,1,1,0,0,0,1,1,1,0,0,3,0,0,1,0.7,1,1,0.94,1,6,1,1,1,0,1,0,0,1,1,1,1,1,1,1,0,1,1,1,0.8,6,9,0.666667,1,0.822222,1,0.518836,3,3,0,3,0,0,1,1,0.5125,1,0.91,1,0.65,0.11991,0.35,385.2871,2203,96,29,219,10666.6298,0.187123,0.302842,0,0,1,0,0.533333,0,0,0,0.533333,0,0.703476,0.771678,0.663514,0.665111,0.663514,v5-shortcut-control-v1
dataset-v5,v3,extraction-v2,ranking-aware-v5,seo_weighted_page_quality_v5,84.2105,32.6,пластиковые окна отзывы,пластиковые окна,informational,,,https://kupiokno.ru/otziv,kupiokno.ru,4,0,,,content,ok,,..\dataset-v2\artifacts\query--38ee2902726330b3.json,00c5c876aa80ac7187047e7015ba009e241cd029,117437,32.6,33,60000,5,5,1,5.6,1,5,1,0,0,0,0,0,0,0,0,0,0,0,0,0,0,0,0,0,0,0,0,0,0,1,0,0,0,0,0,5,0,28,0,0,0.000319,0.183824,0,0.25,5,0,0,0,0,0,0.000613,0,0,0,0,0.000511,0.045956,200,1,0,0,0,0,0,0,0,0,1,1,1,0,0,1,0,0,1,0.9,1,0.75,0.93,0,0,0,0,1,0,1,0,0,0,0,0,0,0,0,0,0,0,0,0,0.2,1,1,0.111111,0.111111,0.140741,1,0.478883,0,0,0,0,0,0,0,0,0,1,0.752333,1,0.612889,0.000319,0.387111,100.9951,71,5,12,1,6206.8613,0.818118,0.776088,0,0,1,0,0.533333,0,0,0,0.533333,0,0.163435,0.207125,0.105824,0.281572,0.105824,v5-shortcut-control-v1
dataset-v5,v3,extraction-v2,ranking-aware-v5,seo_weighted_page_quality_v5,78.9474,72.5,пластиковые окна отзывы,пластиковые окна,informational,,,https://irecommend.ru/catalog/list/9986-9990,irecommend.ru,5,0,,,product,ok,,..\dataset-v2\artifacts\query--431df154c23aff42.json,b2db17d982cc625904d4f769ce1e0d671a653ec5,1186697,72.5,9600,60000,1600,1200,0.116497,7.1692,90,20.5918,36,2,10,0,18,1,25,1,66,0,0,0,80,3,2,1,0.666667,2,0.666667,26,0.007208,1,80,21,40,3,2,355,177.5,19.9982,80,1.892062,3.603928,0.270295,0.12414,0.65528,1,1,11.92159,0.558559,0.65528,0.65528,0.436853,0.666667,0.65528,0.916667,0.454545,0.455172,0.240262,0.076338,0.65528,200,1,0,0,1,1,1,0,0,0,1,1,1,0,0,3,0,0,1,0.7,1,1,0.94,1,11,1,1,1,0,1,1,1,1,1,1,1,1,1,1,0,1,1,1,0.8,8,9,0.888889,1,0.896296,1,0.391048,0,0,0,0,0,0,0,0,0,1,0.95275,1,0.65,0.12414,0.35,846.7686,7325,53,27,21,7029.1756,0.131923,0.261442,0,0,1,0,0.533333,0,0,0,0.533333,0,0.803971,0.845252,0.705554,0.78712,0.705554,v5-shortcut-control-v1
dataset-v5,v3,extraction-v2,ranking-aware-v5,seo_weighted_page_quality_v5,73.6842,72.7,пластиковые окна отзывы,пластиковые окна,informational,,,https://ratingplastic.ru/,ratingplastic.ru,6,0,,,homepage,ok,,..\dataset-v2\artifacts\query--91c32812d73f1e6e.json,686b11262f090196e947b971c5676bf50598ec34,721781,72.7,9600,60000,1600,1200,0.590056,6.4226,90,16.6562,34,1,10,12,18,1,86,0,0,0,0,0,100,1,0,0.333333,0,6,0.666667,21,0.023452,1,80,24,40,0,9,68,7.555556,125.4118,80,15.009381,60,0,0.060084,0.630068,1,1,6.736177,1.264706,0.630068,0.210023,0.420045,0.222222,0.630068,0.683333,0.436364,0,0.781739,0.371776,0.630068,200,1,0,0,1,1,0,0,0,0,1,1,1,0,0,0,0,0,1,1,1,1,1,1,21,1,1,1,0,1,1,1,1,1,1,1,1,1,5,0,1,1,1,0.8,8,9,0.888889,1,0.896296,1,0.359816,1,0,1,0,0,0,0,0,0,1,0.91,1,0.737131,0.060084,0.262869,551.1543,5527,50,16,64,10697.8728,0.138529,0.266397,0,0,1,0,0.533333,0,0,0,0.533333,0,0.7624,0.813517,0.697418,0.727981,0.697418,v5-shortcut-control-v1
dataset-v5,v3,extraction-v2,ranking-aware-v5,seo_weighted_page_quality_v5,68.4211,25.7,пластиковые окна отзывы,пластиковые окна,informational,,,https://www.ozon.ru/category/plastikovye-okna-34491/review/,ozon.ru,7,0,,,category,ok,,..\dataset-v2\artifacts\query--cebce2272ef0bc86.json,9102b4660b68663eef90fdcf4ef2e47d812aa6ef,6312,25.7,486,2999,58,46,0.793103,7.2414,1,38,3,1,0,0,1,1,16,0,0,0,0,0,0,0,0,0,0,0,0,0,0,0,1,1,5,0,0,0,0,19.3333,17.241379,17.241379,60,0,0.162054,0.129611,0,0.5,58,0.333333,0,0,0,0,0.005012,0,0.290909,0,0,0.003312,0.064806,403,0,0,0,0,0,1,0,1,1,0,1,1,0,0,3,1,1,1,0.6,1,0.35,0.59,1,1,0,0,1,0,1,0,0,0,1,0,0,0,0,0,0,0,1,1,0.4,2,4,0.222222,0.444444,0.355556,1,0.622777,0,0,0,0,0,0,0,0,0,1,0.81525,1,0.212857,0.162054,0.787143,3.2822,29,1,2,1,2993.0931,0.968019,0.888716,0,0,1,0,0.533333,0,0,0,0.533333,0,0.182977,0.283464,0.083521,0.218847,0.083521,v5-shortcut-control-v1
dataset-v5,v3,extraction-v2,ranking-aware-v5,seo_weighted_page_quality_v5,63.1579,62.1,пластиковые окна отзывы,пластиковые окна,informational,,,https://oknarating.ru/plastika-okon/opinions,oknarating.ru,8,0,,,content,ok,,..\dataset-v2\artifacts\query--8d0eea8b0e79bfad.json,4b85ff6b5b521853c8e01e07dcba9704f88c8f3a,297087,62.1,8556,60000,1328,209,0.15738,5.3208,90,5.982,2,1,0,0,1,1,46,1,163,0,0,0,56,1,1,0.333333,0.333333,1,0.333333,12,0.042169,1,23,3,18,24,0,0,0,180,17.319277,2.259036,13.554217,38.403614,0.032953,0.492067,1,0.5,57.73913,0.5,0.492067,0.164022,0.164022,0.111111,0.435643,0.6,0.836364,0.875862,0.594378,0.057134,0.246033,200,1,0,0,1,1,0,0,0,0,1,1,1,0,0,2,0,0,1,0.8,1,1,0.96,1,2,1,0,0,0,0,0,0,0,1,1,0,0,0,0,0,0,0,0,0.4,1,3,0.111111,0.333333,0.281481,1,0.529084,0,0,0,0,0,0,0,0,0,1,0.99325,1,0.521547,0.032953,0.478453,262.7549,2511,9,2,3,5820.5116,0.642842,0.644632,0,0,1,0,0.533333,0,0,0,0.533333,0,0.471892,0.43032,0.448309,0.53853,0.448309,v5-shortcut-control-v1
dataset-v5,v3,extraction-v2,ranking-aware-v5,seo_weighted_page_quality_v5,57.8947,35.9,пластиковые окна отзывы,пластиковые окна,informational,,,https://www.oknamedia.ru/otzyvy,oknamedia.ru,9,0,,,content,ok,,..\dataset-v2\artifacts\query--d841f4e603c3bfa0.json,1500a604445ff516d7ca1cbf6f54994f898306d8,60946,35.9,50,59528,6,6,1,7,1,6,1,0,0,0,0,1,11,0,0,0,0,0,0,0,0,0,0,0,0,0,0,0,0,3,0,0,0,0,0,6,0,28,0,0,0.00084,0.19191,0,0.25,6,0,0,0,0,0,0.000768,0,0.2,0,0,0.00064,0.047977,200,1,0,0,0,0,0,0,0,0,1,1,1,0,0,1,0,0,1,0.9,1,0.75,0.93,0,0,0,0,1,1,1,0,1,0,0,0,0,1,0,0,0,0,1,1,0.2,4,3,0.444444,0.333333,0.325926,1,0.504705,0,0,0,0,0,0,0,0,0,1,0.750195,1,0.597754,0.00084,0.402246,58.1738,20,4,1,3,3454.8735,0.938503,0.866377,0,0,1,0,0.533333,0,0,0,0.533333,0,0.224829,0.24555,0.167135,0.312623,0.167135,v5-shortcut-control-v1
dataset-v5,v3,extraction-v2,ranking-aware-v5,seo_weighted_page_quality_v5,52.6316,73.4,пластиковые окна отзывы,пластиковые окна,informational,,,https://www.fabrikaokon.ru/otzyvy.html,fabrikaokon.ru,10,0,,,content,ok,,..\dataset-v2\artifacts\query--32659f7c4ecbe10e.json,3cf57078fea43f60ce039e27eda9925f66186d74,345397,73.4,9600,60000,1600,797,0.340453,6.1213,90,16.3706,30,1,2,0,3,1,77,1,187,0,0,0,62,3,3,1,1,2,0.666667,23,0.026484,1,80,24,17,0,21,120,5.714286,78.0333,80,26.911576,7.261854,0,0.081038,0.588801,1,1,6.242667,0.1,0.588801,0.588801,0.392534,0.666667,0.588801,0.916667,0.6,0.710345,0.882814,0.200459,0.588801,200,1,0,0,0,0,0,0,0,0,1,1,1,0,0,1,0,0,1,0.9,1,0.75,0.93,1,11,1,1,1,1,1,1,1,1,1,1,1,0,1,1,1,1,1,1,1,8,9,0.888889,1,0.962963,1,0.601106,14,4,0,3,1,1,0,0,0.8,1,0.91,1,0.65,0.081038,0.35,228.0527,2105,64,15,63,11981.0954,0.242563,0.344422,0,0,1,0,0.533333,0,0,0,0.533333,0,0.797385,0.853645,0.588545,0.767222,0.588545,v5-shortcut-control-v1
dataset-v5,v3,extraction-v2,ranking-aware-v5,seo_weighted_page_quality_v5,100.0,32.3,входные двери Москва,входные двери,commercial,Москва,213,https://lemanapro.ru/catalogue/vhodnye-dveri/,lemanapro.ru,1,0,,,product,ok,,..\dataset-v2\artifacts\query--4c88066851c5405d.json,d325daf55259bef172d8939f1ba8b8b53553e25d,10065,32.3,77,8264,13,13,1,5,1,13,1,1,0,0,1,1,12,0,0,0,0,0,0,0,0,0,0,0,0,0,0,0,1,0,0,0,0,0,0,13,76.923077,0,0,0,0.009318,0,0,0,13,1,0,0,0,0,0,0,0.218182,0,0,0,0,403,0,0,0,0,0,0,0,0,0,0,1,1,0,0,2,0,0,1,0.8,1,0.75,0.71,1,1,0,0,0,0,0,0,0,0,0,0,0,0,0,0,0,0,0,0,0.2,1,0,0.111111,0,0.103704,1,0.537946,0,0,0,0,0,0,0,0,0,1,0.760695,1,0.509236,0.009318,0.490764,8.1094,40,0,2,0,2759.9473,0.97443,0.900324,0,0,0,0,0.583333,1,0,0.583333,0,0,0.09319,0.154985,0.066452,0.191536,0.189266,v5-shortcut-control-v1
dataset-v5,v3,extraction-v2,ranking-aware-v5,seo_weighted_page_quality_v5,94.7368,81.1,входные двери Москва,входные двери,commercial,Москва,213,https://100-dverei.ru/,100-dverei.ru,2,0,,,homepage,ok,,..\dataset-v2\artifacts\query--4be07b21c2597ed1.json,7c96d7fb7c438d9c761b3225d2b07d27822dd7fa,277156,81.1,9600,60000,1600,601,0.372367,5.4498,57,28.3158,36,1,10,6,18,1,50,1,281,0,0,0,43,2,3,0.666667,0.666667,12,0.666667,7,0.026642,1,80,24,40,7,6,73,12.166667,7.048,80,28,41.511772,4.337051,0.064015,0.758574,1,1,5.173077,0.082969,0.758574,0.505716,0.505716,0.444444,0.758574,0.8,0.909091,0.062069,0.888063,0.253279,0.758574,200,1,0,0,1,1,0,0,0,0,1,1,1,0,0,0,0,0,1,1,1,1,1,1,4,1,1,1,1,1,1,1,1,1,1,0,0,1,1,1,1,1,1,1,8,8,0.888889,0.888889,0.925926,1,0.442418,0,0,0,0,0,0,0,0,0,1,0.91,1,0.604222,0.064015,0.395778,179.8652,1935,26,5,188,13175.6663,0.401859,0.463894,0,0,0,0,0.583333,1,0,0.583333,0,0,0.848965,0.889626,0.700045,0.817965,0.796358,v5-shortcut-control-v1
dataset-v5,v3,extraction-v2,ranking-aware-v5,seo_weighted_page_quality_v5,89.4737,78.9,входные двери Москва,входные двери,commercial,Москва,213,https://169.ru/vhodnye-dveri/,169.ru,3,0,,,content,ok,,..\dataset-v2\artifacts\query--b31ef575ee41bc02.json,7a0def8a384b107f1268836ab36bfd1dabc200ca,956278,78.9,9600,60000,1600,774,0.227313,5.1019,51,38,3,1,1,0,2,1,57,1,237,0,0,0,109,2,0,0.666667,0,2,0.666667,49,0.032012,1,80,24,40,4,6,322,53.666667,180,80,28,60,1.174743,0.027263,0.711267,1,1,7.583519,0.666667,0.711267,0.474178,0.474178,0.444444,0.711267,0.8,0.963636,0.365517,0.932942,0.16168,0.711267,200,1,0,0,1,1,1,0,0,0,1,1,1,0,0,1,0,0,1,0.9,1,1,0.98,1,6,0,1,1,1,1,1,1,1,1,1,1,0,1,4,1,1,1,1,0.8,8,8,0.888889,0.888889,0.859259,1,0.609606,4,4,1,4,1,1,0,1,0.883333,1,0.91,1,0.700724,0.027263,0.299276,782.7715,5186,21,6,180,9763.4414,0.244422,0.345816,0,0,0,0,0.583333,1,0,0.583333,0,0,0.809575,0.848058,0.612545,0.785275,0.76957,v5-shortcut-control-v1
dataset-v5,v3,extraction-v2,ranking-aware-v5,seo_weighted_page_quality_v5,84.2105,76.2,входные двери Москва,входные двери,commercial,Москва,213,https://dveri-komandor.ru/,dveri-komandor.ru,4,0,,,homepage,ok,,..\dataset-v2\artifacts\query--584eff068d564eed.json,c38f11e976fe79f0c78f0cf50779ee2a84225590,858904,76.2,9600,60000,1600,1200,0.453605,5.7624,90,13.6325,36,1,4,7,12,1,115,1,253,0,0,0,84,2,2,0.666667,0.666667,4,0.666667,10,0.026332,1,80,24,40,4,2,157,78.5,53.1667,80,28,52.351097,1.253918,0.033689,0.654986,1,1,6.146435,0.2,0.654986,0.436657,0.436657,0.444444,0.654986,0.8,0,0.255172,0.877743,0.297105,0.654986,200,1,0,0,1,1,1,0,0,0,1,1,0,0,0,0,0,0,1,1,0.5,1,0.9,1,5,1,1,1,1,1,1,1,1,1,1,1,0,1,15,1,1,1,1,1,8,9,0.888889,1,0.962963,1,0.340288,0,0,0,0,0,0,0,0,0,1,0.91,1,0.852613,0.033689,0.147387,669.0898,5528,41,7,622,10771.6456,0.188353,0.303765,0,0,0,0,0.583333,1,0,0.583333,0,0,0.80187,0.854184,0.649921,0.75437,0.722244,v5-shortcut-control-v1
dataset-v5,v3,extraction-v2,ranking-aware-v5,seo_weighted_page_quality_v5,73.6842,80.7,входные двери Москва,входные двери,commercial,Москва,213,https://www.moscow-steel.ru/,moscow-steel.ru,6,0,,,homepage,ok,,..\dataset-v2\artifacts\query--b78538581770a09f.json,124639e3fb4ec9c969afd178954f3dfc34ec6b1a,97563,80.7,8106,58500,1134,599,0.528219,5.8589,84,13.5,32,1,10,12,18,1,78,1,189,0,0,0,19,2,2,0.666667,0.666667,5,0.666667,6,0.016755,1,54,15,13,6,2,7,3.5,35.4375,47.619048,13.227513,11.463845,5.291005,0.138564,0.70727,1,1,21,0.9375,0.70727,0.471513,0.471513,0.444444,0.534696,0.8,0.581818,0.696552,0.558495,0.235364,0.70727,200,1,0,0,1,1,1,0,0,0,1,1,1,0,0,0,0,0,1,1,1,1,1,1,4,1,1,1,1,1,1,1,1,1,1,1,1,1,12,1,1,1,1,1,9,9,1,1,1,1,0.671895,2,2,0,2,0,0,0,0,0.275,1,0.96625,1,0.302857,0.138564,0.697143,65.3057,673,8,3,15,4588.0428,0.78225,0.749188,0,0,0,0,0.583333,1,0,0.583333,0,0,0.849726,0.888658,0.710391,0.808726,0.773271,v5-shortcut-control-v1
dataset-v5,v3,extraction-v2,ranking-aware-v5,seo_weighted_page_quality_v5,68.4211,73.0,входные двери Москва,входные двери,commercial,Москва,213,https://mosdvery.ru/categories/vkhodnye-dveri,mosdvery.ru,7,0,,,content,ok,,..\dataset-v2\artifacts\query--91b71320997ef14f.json,b1670c98ca9572071fd7db432aeca0aed230632e,1674429,73.0,9600,60000,1600,1200,0.293938,5.9519,90,18.2888,28,1,10,0,14,1,53,1,176,0,0,0,153,2,2,0.666667,0.666667,5,0.666667,34,0.025981,1,80,24,40,20,107,299,2.794393,180,80,28,12.905417,3.396162,0.029689,0.766368,1,1,11.153409,0.5,0.766368,0.510912,0.510912,0.444444,0.766368,0.8,0.963636,0.786207,0.866021,0.225265,0.766368,200,1,0,0,1,1,0,0,0,0,1,0,0,0,0,2,0,0,1,0.8,0,1,0.76,1,6,1,1,1,1,1,1,1,1,1,1,1,1,1,56,1,1,1,1,1,9,9,1,1,1,1,0.201669,0,0,0,0,0,0,0,0,0,0,0.36,1,0.754398,0.029689,0.245602,1429.5195,7746,26,16,172,10370.5358,0.051429,0.201072,0,0,0,0,0.583333,1,0,0.583333,0,0,0.852088,0.884372,0.740429,0.771488,0.733866,v5-shortcut-control-v1
dataset-v5,v3,extraction-v2,ranking-aware-v5,seo_weighted_page_quality_v5,63.1579,79.3,входные двери Москва,входные двери,commercial,Москва,213,https://dverin.pro/,dverin.pro,8,0,,,homepage,ok,,..\dataset-v2\artifacts\query--8f7a72ffdce76a1d.json,6dea7d888e638288a0abd3013b04c93c7d62fb64,274301,79.3,5488,60000,863,260,0.301275,5.0475,13,38,36,1,5,12,18,1,75,1,155,0,0,0,21,3,2,0.666667,0.666667,10,0.666667,9,0.024334,1,79,24,14,0,1,1,1,15.9815,80,28,16.22248,0,0.025481,0.781648,1,1,10.924051,0.537037,0.781648,0.521099,0.521099,0.444444,0.449708,0.8,0.636364,0.931034,0.811124,0.112905,0.781648,200,1,0,0,1,1,1,0,0,0,1,1,1,0,0,0,0,0,1,1,1,1,1,1,3,1,1,1,1,1,1,1,1,1,0,1,0,1,1,1,1,0,1,1,8,7,0.888889,0.777778,0.888889,1,0.492222,1,1,0,1,1,0,0,0,0.2875,1,0.928,1,0.798523,0.025481,0.201477,223.2695,1254,28,1,32,10905.8988,0.519214,0.55191,0,0,0,0,0.583333,1,0,0.583333,0,0,0.857618,0.895683,0.647227,0.826618,0.806742,v5-shortcut-control-v1
dataset-v5,v3,extraction-v2,ranking-aware-v5,seo_weighted_page_quality_v5,57.8947,77.1,входные двери Москва,входные двери,commercial,Москва,213,https://dverid.ru/,dverid.ru,9,0,,,homepage,ok,,..\dataset-v2\artifacts\query--29380b228f2d2dbd.json,373f9556c9eee62c2732d7db6fe703dc19db3871,997557,77.1,9600,60000,1600,1200,0.309347,5.4999,90,17.5112,25,1,10,0,14,1,86,1,192,0,0,0,115,2,0,0.666667,0,7,0.666667,2,0.029449,1,80,24,40,0,2,133,66.5,156.2,80,28,60,0,0.033122,0.729418,0.666667,1,6.073095,0.56,0.729418,0.486279,0.486279,0.444444,0.729418,0.716667,0.436364,0.675862,0.981647,0.225643,0.729418,200,1,0,0,1,1,1,0,0,0,1,1,0,0,0,0,0,0,1,1,0.5,1,0.9,1,6,1,1,1,1,1,1,1,1,1,1,1,0,1,82,1,1,1,1,1,8,9,0.888889,1,0.962963,1,0.32236,0,0,0,0,0,0,0,0,0,1,0.91,1,0.855093,0.033122,0.144907,792.1729,5150,45,13,207,12236.7077,0.096043,0.234532,0,0,0,0,0.583333,1,0,0.583333,0,0,0.822282,0.868722,0.667712,0.776449,0.747405,v5-shortcut-control-v1
dataset-v5,v3,extraction-v2,ranking-aware-v5,seo_weighted_page_quality_v5,52.6316,74.3,входные двери Москва,входные двери,commercial,Москва,213,https://doorstreet.ru/,doorstreet.ru,10,0,,,homepage,ok,,..\dataset-v2\artifacts\query--54f8c637a3d08430.json,012eb68b962b662aedbcd5231665e5402426909d,174792,74.3,8296,60000,1122,404,0.360071,6.2299,45,24.9333,36,0,4,5,9,1,88,1,267,0,0,0,24,2,3,0.666667,0.666667,1,0.333333,11,0.02139,1,80,24,40,7,8,52,6.5,11.567,80,28,60,6.238859,0.070268,0.789432,1,1,6.968944,0.092784,0.789432,0.526288,0.263144,0.222222,0.590495,0.716667,0.4,0.158621,0.713012,0.177184,0.789432,200,1,0,0,1,1,1,0,0,0,1,1,1,0,0,0,0,0,1,1,1,1,1,1,1,0,1,1,1,1,1,1,1,1,0,0,0,1,23,0,1,1,1,0.6,8,6,0.888889,0.666667,0.718519,1,0.697838,1,4,0,4,1,0,0,1,0.8,1,0.91,1,0.448294,0.070268,0.551706,123.6016,1083,16,12,111,4644.3536,0.489527,0.529645,0,0,0,0,0.583333,1,0,0.583333,0,0,0.805143,0.829832,0.661708,0.780021,0.775597,v5-shortcut-control-v1
dataset-v5,v3,extraction-v2,ranking-aware-v5,seo_weighted_page_quality_v5,100.0,71.6,входные двери Санкт-Петербург,входные двери,commercial,Санкт-Петербург,2,https://spb.dveri-tmk.ru/catalog/vhodnye-dveri/,spb.dveri-tmk.ru,1,0,,,product,ok,,..\dataset-v2\artifacts\query--9f0285f5a75fb997.json,e5d0466cabc6c25df56d15b9184934e569356143,650413,71.6,9600,60000,1600,1020,0.164888,4.5065,90,8.2261,22,2,4,12,18,1,74,1,249,0,0,0,49,3,2,0.75,0.5,6,0.5,12,0.007921,1,80,24,40,1,3,3,1,180,80,28,23.440026,0.161655,0.09035,0.57835,1,1,8.054688,1.090909,0.57835,0.433763,0.289175,0.375,0.57835,0.7875,0.654545,0.282759,0.264037,0.095363,0.57835,200,1,0,0,0,0,0,0,0,0,1,1,1,0,0,2,0,0,1,0.8,1,0.75,0.91,1,3,0,1,0,1,1,1,0,1,1,1,0,0,1,3,1,1,1,1,0.6,6,6,0.666667,0.666667,0.644444,1,0.42716,0,0,0,0,0,0,0,0,0,1,0.91,1,0.56,0.09035,0.44,427.8691,5223,28,11,316,10460.81,0.261523,0.358642,0,0,0,0,0.5,1,0,0.5,0,0,0.691747,0.693058,0.589458,0.683978,0.685643,v5-shortcut-control-v1
dataset-v5,v3,extraction-v2,ranking-aware-v5,seo_weighted_page_quality_v5,94.7368,79.5,входные двери Санкт-Петербург,входные двери,commercial,Санкт-Петербург,2,https://spb.dverimagnat.ru/,spb.dverimagnat.ru,2,0,,,homepage,ok,,..\dataset-v2\artifacts\query--b0aa22c0638912a9.json,9049cea90a4c8cb5849f7d0de858cc2b2856a846,758420,79.5,9600,60000,1600,762,0.308252,5.2864,90,11.6056,9,1,8,2,11,1,81,1,253,0,0,0,67,3,1,0.75,0.25,5,0.75,7,0.027104,1,80,24,33,3,2,2,1,180,80,15.776699,13.349515,1.213592,0.025707,0.549961,1,1,5.096907,1.222222,0.549961,0.412471,0.412471,0.5625,0.549961,0.85,0.527273,0.255172,0.903452,0.169527,0.549961,200,1,0,0,1,1,0,0,0,0,1,1,1,0,0,0,0,0,1,1,1,1,1,1,3,1,1,1,1,1,1,1,1,1,1,1,0,1,1,1,1,1,1,1,8,9,0.888889,1,0.962963,1,0.394386,1,1,0,1,1,0,0,0,0.2875,1,0.91225,1,0.88753,0.025707,0.11247,624.2939,3288,77,61,39,17063.8364,0.137101,0.265326,0,0,0,0,0.5,1,0,0.5,0,0,0.778329,0.840958,0.602669,0.752516,0.717794,v5-shortcut-control-v1
dataset-v5,v3,extraction-v2,ranking-aware-v5,seo_weighted_page_quality_v5,89.4737,32.4,входные двери Санкт-Петербург,входные двери,commercial,Санкт-Петербург,2,https://spb.lemanapro.ru/catalogue/vhodnye-dveri/,spb.lemanapro.ru,3,0,,,product,ok,,..\dataset-v2\artifacts\query--f139c82a8515c845.json,36eb040fc40553637ed278537a45a68768ce771a,10073,32.4,77,8264,13,13,1,5,1,13,1,1,0,0,1,1,12,0,0,0,0,0,0,0,0,0,0,0,0,0,0,0,1,0,0,0,0,0,0,13,76.923077,0,0,0,0.009318,0.063629,0,0,13,1,0,0,0,0,0.000551,0,0.218182,0,0,0.00046,0,403,0,0,0,0,0,0,0,0,0,0,1,1,0,0,2,0,0,1,0.8,1,0.75,0.71,1,1,0,0,0,0,0,0,0,0,0,0,0,0,0,0,0,0,0,0,0.2,1,0,0.111111,0,0.103704,1,0.536196,0,0,0,0,0,0,0,0,0,1,0.760695,1,0.509236,0.009318,0.490764,8.1094,40,0,2,0,3099.6763,0.97443,0.893323,0,0,0,0,0.5,1,0,0.5,0,0,0.108597,0.165256,0.082062,0.20352,0.206385,v5-shortcut-control-v1
dataset-v5,v3,extraction-v2,ranking-aware-v5,seo_weighted_page_quality_v5,84.2105,74.2,входные двери Санкт-Петербург,входные двери,commercial,Санкт-Петербург,2,https://slavnie.ru/catalog/vkhodnye_dveri/,slavnie.ru,4,0,,,product,ok,,..\dataset-v2\artifacts\query--77b034170add114c.json,bf085ec2a1be5b03500a7e471ed7a0c292b55ac7,584752,74.2,9600,60000,1600,836,0.437696,5.6675,90,15.7851,34,1,2,12,18,1,86,1,164,0,0,0,53,3,4,0.75,0.75,22,0.75,30,0.027749,1,80,24,40,9,4,279,69.75,56.1765,80,27.748691,60,4.712042,0.034266,0.618102,1,1,3.694391,1.558824,0.618102,0.463577,0.463577,0.5625,0.618102,0.85,0.436364,0.868966,0.924956,0.270541,0.618102,200,1,0,0,0,0,1,0,0,0,1,1,1,0,0,2,0,0,1,0.8,1,0.75,0.91,1,11,0,1,1,1,1,1,1,1,1,1,0,0,1,50,0,1,1,1,0.6,8,7,0.888889,0.777778,0.755556,1,0.354246,0,0,0,0,0,0,0,0,0,1,0.91,1,0.850085,0.034266,0.149915,394.5,3267,117,8,53,12423.863,0.259424,0.357068,0,0,0,0,0.5,1,0,0.5,0,0,0.75684,0.796804,0.638753,0.736944,0.724985,v5-shortcut-control-v1
dataset-v5,v3,extraction-v2,ranking-aware-v5,seo_weighted_page_quality_v5,78.9474,74.2,входные двери Санкт-Петербург,входные двери,commercial,Санкт-Петербург,2,https://guardian-spb.ru/,guardian-spb.ru,5,0,,,homepage,ok,,..\dataset-v2\artifacts\query--025fc06eae4644c8.json,d4720c8c5beabfb0849300c62f2f8cd200085857,1106417,74.2,9600,60000,1600,1081,0.366068,5.6377,90,16.0489,36,1,0,0,1,1,54,1,148,0,0,0,93,3,5,0.5,0.75,3,0.75,12,0.031493,1,80,24,40,23,20,184,9.2,37.859,62.648154,13.545547,60,7.788689,0.020278,0.553261,1,1,15.962162,0.012821,0.553261,0.276631,0.414946,0.375,0.553261,0.7625,0.981818,0.97931,0.95022,0.202531,0.553261,200,1,0,0,1,1,0,0,0,0,1,1,0,0,0,0,0,0,1,1,0.5,1,0.9,1,8,0,1,1,1,1,1,1,1,1,1,1,0,1,28,1,1,1,1,0.8,8,8,0.888889,0.888889,0.859259,1,0.295329,0,0,0,0,0,0,0,0,0,1,0.91,1,0.911283,0.020278,0.088717,989.415,4258,159,225,40,9140.2425,0.026799,0.182599,0,0,0,0,0.5,1,0,0.5,0,0,0.738273,0.795656,0.520171,0.697374,0.665802,v5-shortcut-control-v1
dataset-v5,v3,extraction-v2,ranking-aware-v5,seo_weighted_page_quality_v5,68.4211,75.9,входные двери Санкт-Петербург,входные двери,commercial,Санкт-Петербург,2,https://www.mk-doors.ru/dveri/vhodnye-dveri/,mk-doors.ru,7,0,,,content,ok,,..\dataset-v2\artifacts\query--eaa643ddbb2a8c69.json,483ecf69c04682dd21394e0268b07a156dda9430,1181411,75.9,9600,60000,1600,896,0.245681,4.9452,90,36.47,36,1,7,0,8,1,80,1,220,0,0,0,99,3,3,0.75,0.75,6,0.75,15,0.027146,1,80,24,40,0,1,5,5,35.4078,80,28,60,0,0.023725,0.574789,1,1,8.068584,0.07767,0.574789,0.431092,0.431092,0.5625,0.574789,0.85,0.545455,0.482759,0.904853,0.141215,0.574789,200,1,0,0,1,1,1,0,0,0,1,1,1,0,0,2,0,0,1,0.8,1,1,0.96,1,9,1,1,1,1,1,1,1,1,1,1,0,1,1,3,1,1,1,1,1,9,8,1,0.888889,0.962963,1,0.496469,3,4,0,4,1,0,0,1,0.8,1,0.91,1,0.896202,0.023725,0.103798,980.4199,7879,77,55,329,3964.0033,0.012768,0.172076,0,0,0,0,0.5,1,0,0.5,0,0,0.804479,0.856815,0.667408,0.762345,0.718432,v5-shortcut-control-v1
dataset-v5,v3,extraction-v2,ranking-aware-v5,seo_weighted_page_quality_v5,63.1579,75.0,входные двери Санкт-Петербург,входные двери,commercial,Санкт-Петербург,2,https://doorsmetallic.ru/,doorsmetallic.ru,8,0,,,homepage,ok,,..\dataset-v2\artifacts\query--47ed0cb74ba12d90.json,8d70f8e48e45ab87c4a1a0f10673aa87a3c4c80e,103621,75.0,4812,60000,684,376,0.549708,5.8465,47,14.5532,1,1,5,1,7,1,24,1,101,0,0,0,23,2,1,0.5,0.25,2,0.25,11,0.033626,1,49,13,29,0,1,3,3,180,71.637427,19.005848,42.397661,0,0.06271,0.675505,1,1,13.959184,7,0.675505,0.337753,0.168876,0.125,0.30803,0.6375,0.436364,0.696552,0.879142,0.141105,0.675505,200,1,0,0,1,1,1,0,0,0,1,1,1,0,0,0,0,0,1,1,1,1,1,1,2,0,1,1,1,1,0,1,1,1,1,0,1,1,2,1,1,1,1,0.8,8,7,0.888889,0.777778,0.822222,1,0.619144,1,4,0,3,1,0,0,0,0.65,1,0.97075,1,0.712786,0.06271,0.287214,78.9092,430,34,31,13,5232.6153,0.541485,0.568614,0,0,0,0,0.5,1,0,0.5,0,0,0.770524,0.817904,0.63005,0.727442,0.700508,v5-shortcut-control-v1
dataset-v5,v3,extraction-v2,ranking-aware-v5,seo_weighted_page_quality_v5,57.8947,79.1,входные двери Санкт-Петербург,входные двери,commercial,Санкт-Петербург,2,https://spb.mall-of-doors.ru/catalog/dveri-v-dom/,spb.mall-of-doors.ru,9,0,,,product,ok,,..\dataset-v2\artifacts\query--2ee9c5975c4724b9.json,4b5343404dcfc0815d7ebd17bd3564cdea91a906,1679834,79.1,9600,60000,1600,1200,0.255212,5.1546,90,18.1954,26,1,7,4,12,1,85,1,258,0,0,0,138,3,3,0.75,0.75,10,0.75,10,0.029059,1,80,24,40,24,6,72,12,180,80,28,23.794483,10.317962,0.021351,0.650156,1,1,5.841328,0.461538,0.650156,0.487617,0.487617,0.5625,0.650156,0.85,0.454545,0.22069,0.968625,0.165927,0.650156,200,1,0,0,1,1,0,0,0,0,1,1,1,0,0,2,0,0,1,0.8,1,1,0.96,1,6,1,1,1,1,1,1,1,1,1,1,0,0,1,2,1,1,1,1,1,8,8,0.888889,0.888889,0.925926,1,0.291477,0,0,0,0,0,0,0,0,0,1,0.91,1,0.906591,0.021351,0.093409,1427.6416,7186,92,29,225,7981.1208,0,0.1625,0,0,0,0,0.5,1,0,0.5,0,0,0.813166,0.864523,0.645089,0.78188,0.753761,v5-shortcut-control-v1
dataset-v5,v3,extraction-v2,ranking-aware-v5,seo_weighted_page_quality_v5,52.6316,73.6,входные двери Санкт-Петербург,входные двери,commercial,Санкт-Петербург,2,https://vhodniedveri-spb.ru/,vhodniedveri-spb.ru,10,0,,,homepage,ok,,..\dataset-v2\artifacts\query--292360706015aafc.json,ae4b8b2fb4ed00d46c4d5b4dd0e4b24d93d7b592,215801,73.6,6143,60000,906,426,0.470199,5.5508,83,10.9157,21,1,1,6,8,1,89,1,60,0,0,0,32,4,2,0.75,0.5,11,0.75,14,0.03532,1,80,24,40,1,2,7,3.5,43.1429,80,28,45.253863,1.103753,0.036414,0.524882,1,1,6.613139,0.380952,0.524882,0.393661,0.393661,0.5625,0.317029,0.85,0.381818,0.413793,0.822664,0.124222,0.524882,200,1,0,0,1,1,0,0,0,0,1,1,1,0,0,0,0,0,1,1,1,1,1,1,2,0,1,0,1,1,1,1,1,1,0,1,0,1,16,1,1,1,1,0.6,7,6,0.777778,0.666667,0.681481,1,0.406198,0,0,0,0,0,0,0,0,0,1,0.91,1,0.776402,0.036414,0.223598,174.4883,859,30,10,107,10993.4685,0.438257,0.491193,0,0,0,0,0.5,1,0,0.5,0,0,0.708783,0.706734,0.556581,0.712688,0.706038,v5-shortcut-control-v1
dataset-v5,v3,extraction-v2,ranking-aware-v5,seo_weighted_page_quality_v5,100.0,73.9,входные двери Екатеринбург,входные двери,commercial,Екатеринбург,54,https://ekb.dvernayamarka.ru/,ekb.dvernayamarka.ru,1,0,,,homepage,ok,,..\dataset-v2\artifacts\query--7bdec65800ce35e1.json,209ad746c728d078ce68436b4d4a48a443f0595d,1250731,73.9,9600,60000,1600,832,0.273684,5.7069,90,19.6129,4,1,0,0,1,1,86,1,293,0,0,0,168,2,0,0.666667,0,1,0.333333,19,0.055263,1,80,24,4,0,3,15,5,180,80,23.684211,1.315789,0,0.020112,0.542934,1,1,3.680387,0.25,0.542934,0.361956,0.180978,0.222222,0.542934,0.716667,0.436364,0,0.157895,0.148592,0.542934,200,1,0,0,1,1,0,0,0,0,1,1,1,0,0,0,0,0,1,1,1,1,1,1,6,1,1,1,1,1,1,1,1,1,1,0,1,1,7,1,1,1,1,1,9,8,1,0.888889,0.962963,1,0.295396,0,0,0,0,0,0,0,0,0,1,0.91,1,0.912011,0.020112,0.087989,1037.9277,4521,72,13,72,17171.206,0.028125,0.183594,0,0,0,0,0.583333,1,0,0.583333,0,0,0.775171,0.835091,0.56977,0.724979,0.672889,v5-shortcut-control-v1
dataset-v5,v3,extraction-v2,ranking-aware-v5,seo_weighted_page_quality_v5,94.7368,63.0,входные двери Екатеринбург,входные двери,commercial,Екатеринбург,54,https://ekat.steklodom.com/catalog/vhodnye-dveri/,ekat.steklodom.com,2,0,,,product,ok,,..\dataset-v2\artifacts\query--dd0272cfac37a0eb.json,0d2791a0ab9504649f8615f9592f904c866843c0,594616,63.0,9600,60000,1600,571,0.25121,5.0009,90,23.433,36,0,0,9,9,1,85,1,194,0,0,0,49,2,4,0.666667,0.666667,0,0,13,0.021557,1,80,24,40,6,11,239,21.727273,41.3273,80,28,60,2.639683,0.029673,0.450365,1,1,8.577358,0.163636,0.450365,0.300243,0,0,0.450365,0.633333,0.454545,0.662069,0.71858,0.113136,0.450365,200,1,0,0,0,0,0,0,0,0,1,1,0,0,0,2,0,0,1,0.8,0.5,0.75,0.81,1,3,0,1,1,1,1,0,1,0,1,1,0,0,1,3,1,1,1,1,0.8,7,6,0.777778,0.666667,0.748148,1,0.330012,0,0,0,0,0,0,0,0,0,1,0.91,1,0.87018,0.029673,0.12982,488.2061,3363,106,49,210,11846.8642,0.156971,0.280228,0,0,0,0,0.583333,1,0,0.583333,0,0,0.653705,0.734039,0.50331,0.596673,0.558723,v5-shortcut-control-v1
dataset-v5,v3,extraction-v2,ranking-aware-v5,seo_weighted_page_quality_v5,89.4737,73.4,входные двери Екатеринбург,входные двери,commercial,Екатеринбург,54,https://dveron.ru/vhodnye-dveri,dveron.ru,3,0,,,content,ok,,..\dataset-v2\artifacts\query--21a79ec9095f17e2.json,1a1d87e3ec55d53d88fef5da6fe85d7b10de70f9,704253,73.4,9600,60000,1600,896,0.183494,5.4264,90,23.5894,29,1,2,2,5,1,97,1,255,0,0,0,84,2,4,0.666667,0.666667,6,0.666667,11,0.017203,1,80,24,40,24,66,508,7.69697,168.3793,80,19.864837,60,14.130657,0.072975,0.654466,1,1,6.753804,0.172414,0.654466,0.436311,0.436311,0.444444,0.654466,0.8,0.236364,0.241379,0.573418,0.12009,0.654466,200,1,0,0,1,1,1,0,0,0,1,1,1,0,0,1,0,0,1,0.9,1,1,0.98,1,11,1,1,1,1,1,1,1,1,1,0,0,0,1,65,1,1,1,1,1,8,7,0.888889,0.777778,0.888889,1,0.378261,0,0,0,0,0,0,0,0,0,1,0.91,1,0.680734,0.072975,0.319266,472.0479,6010,58,31,97,6094.7043,0.161705,0.283779,0,0,0,0,0.583333,1,0,0.583333,0,0,0.808275,0.860647,0.62171,0.773975,0.74401,v5-shortcut-control-v1
dataset-v5,v3,extraction-v2,ranking-aware-v5,seo_weighted_page_quality_v5,84.2105,71.4,входные двери Екатеринбург,входные двери,commercial,Екатеринбург,54,https://sidoorov.ru/,sidoorov.ru,4,0,,,homepage,ok,,..\dataset-v2\artifacts\query--4db50e249aadedaf.json,eabc6d9950a80f1455bb50950e404fc4f0df1654,929259,71.4,9600,60000,1600,893,0.40907,6.0751,90,14.457,19,1,5,2,8,1,63,1,240,0,0,0,82,1,2,0.333333,0.333333,5,0.666667,20,0.037563,1,80,24,40,10,4,37,9.25,114.8947,80,28,60,4.580852,0.022256,0.671288,1,1,5.67013,0.421053,0.671288,0.223763,0.447525,0.222222,0.671288,0.683333,0.854545,0.344828,0.7479,0.274604,0.671288,200,1,0,0,0,0,0,0,0,0,1,1,1,0,0,0,0,0,1,1,1,0.75,0.95,1,2,1,1,1,1,1,1,1,1,1,1,1,0,1,10,1,1,1,1,1,8,9,0.888889,1,0.962963,1,0.308839,0,0,0,0,0,0,0,0,0,1,0.91,1,0.902628,0.022256,0.097372,725.9766,5016,74,31,136,8661.1982,0.087312,0.227984,0,0,0,0,0.583333,1,0,0.583333,0,0,0.793217,0.847197,0.639872,0.739518,0.703693,v5-shortcut-control-v1
dataset-v5,v3,extraction-v2,ranking-aware-v5,seo_weighted_page_quality_v5,78.9474,75.8,входные двери Екатеринбург,входные двери,commercial,Екатеринбург,54,https://ekb.rusdver.net/,ekb.rusdver.net,5,0,,,homepage,ok,,..\dataset-v2\artifacts\query--02a137909b4813fd.json,5a85921810bb155952ad5e1206ee8ba4ef24bf22,3269377,75.8,9600,60000,1600,1137,0.348026,5.1809,90,23.3357,34,1,9,1,11,1,75,1,186,0,0,0,82,1,0,0.333333,0,5,0.666667,7,0.025099,1,80,24,40,2,14,218,15.571429,96.0882,80,28,22.65075,0.612182,0.007335,0.493414,1,1,4.847181,0.323529,0.493414,0.164471,0.328943,0.222222,0.493414,0.683333,0.636364,0.717241,0.836649,0.171721,0.493414,200,1,0,0,1,1,1,0,0,0,1,1,1,0,0,0,0,0,1,1,1,1,1,1,11,1,1,1,1,1,1,1,1,1,1,0,0,1,11,1,1,1,1,1,8,8,0.888889,0.888889,0.925926,1,0.491968,1,4,0,4,1,0,0,1,0.8,1,0.91,1,0.967908,0.007335,0.032092,2860.5215,23292,134,7,136,12875.0846,0.084375,0.225781,0,0,0,0,0.583333,1,0,0.583333,0,0,0.732863,0.806853,0.552942,0.691861,0.644811,v5-shortcut-control-v1
dataset-v5,v3,extraction-v2,ranking-aware-v5,seo_weighted_page_quality_v5,73.6842,79.0,входные двери Екатеринбург,входные двери,commercial,Екатеринбург,54,https://ekaterinburg.mall-of-doors.ru/,ekaterinburg.mall-of-doors.ru,6,0,,,homepage,ok,,..\dataset-v2\artifacts\query--a0139e4de1136036.json,e3515ad52e7e22f22a4ef8d7daf8103ae673a34c,952514,79.0,9600,60000,1600,931,0.257681,5.181,90,17.7108,5,1,5,5,11,1,128,1,188,0,0,0,88,2,3,0.666667,0.666667,10,0.666667,5,0.024356,1,80,24,40,8,6,38,6.333333,180,80,17.99059,25.186825,2.214226,0.029566,0.636964,1,1,5.884365,2.2,0.636964,0.424643,0.424643,0.444444,0.636964,0.8,0,0.703448,0.811883,0.164133,0.636964,200,1,0,0,1,1,0,0,0,0,1,1,1,0,0,0,0,0,1,1,1,1,1,1,4,1,1,1,1,1,1,1,1,1,1,0,1,1,1,1,1,1,1,1,9,8,1,0.888889,0.962963,1,0.313661,0,0,0,0,0,0,0,0,0,1,0.91,1,0.870648,0.029566,0.129352,783.7383,4352,99,33,65,9049.2216,0.070389,0.215292,0,0,0,0,0.583333,1,0,0.583333,0,0,0.823362,0.870203,0.694015,0.782362,0.741634,v5-shortcut-control-v1
dataset-v5,v3,extraction-v2,ranking-aware-v5,seo_weighted_page_quality_v5,68.4211,66.6,входные двери Екатеринбург,входные двери,commercial,Екатеринбург,54,https://door4u.ru/,door4u.ru,7,0,,,homepage,ok,,..\dataset-v2\artifacts\query--93d888ed8822f8a7.json,86d46360814e23909eb54298ccc0747a9d68746a,116889,66.6,7995,60000,1176,550,0.467687,5.5978,90,9.8824,9,1,7,10,18,1,75,1,145,0,0,0,31,1,0,0.333333,0,8,0.333333,13,0.026361,1,77,23,8,5,0,0,0,130.6667,65.47619,19.557823,6.802721,4.251701,0.112626,0.567025,1,0.5,15.272727,2,0.567025,0.189008,0.189008,0.111111,0.444548,0.6,0.636364,1,0.878685,0.173258,0.283513,200,1,0,0,0,0,1,0,0,0,1,1,1,0,0,0,0,0,1,1,1,0.75,0.95,1,6,0,1,1,1,1,1,1,1,1,1,0,1,0,0,0,1,1,1,0.6,8,7,0.888889,0.777778,0.755556,1,0.632006,1,1,0,1,1,0,0,0,0.2875,1,0.94825,1,0.392857,0.112626,0.607143,78.834,806,15,3,23,6853.474,0.696843,0.685132,0,0,0,0,0.583333,1,0,0.583333,0,0,0.655241,0.726079,0.611257,0.63798,0.633884,v5-shortcut-control-v1
dataset-v5,v3,extraction-v2,ranking-aware-v5,seo_weighted_page_quality_v5,63.1579,30.8,входные двери Екатеринбург,входные двери,commercial,Екатеринбург,54,https://ekaterinburg.lemanapro.ru/catalogue/vhodnye-dveri/,ekaterinburg.lemanapro.ru,8,0,,,product,ok,,..\dataset-v2\artifacts\query--fe207bc3cb162038.json,35f11879827ad5e97bded3f6dc896aedd65b8e75,10091,30.8,77,8264,13,13,1,5,1,13,1,1,0,0,1,1,12,0,0,0,0,0,0,0,0,0,0,0,0,0,0,0,1,0,0,0,0,0,0,13,76.923077,0,0,0,0.009318,0.020987,0,0,13,1,0,0,0,0,0.000182,0,0.218182,0,0,0.000152,0,403,0,0,0,0,0,0,0,0,0,0,1,1,0,0,2,0,0,1,0.8,1,0.75,0.71,1,1,0,0,0,0,0,0,0,0,0,0,0,0,0,0,0,0,0,0,0.2,1,0,0.111111,0,0.103704,1,0.536196,0,0,0,0,0,0,0,0,0,1,0.760695,1,0.509236,0.009318,0.490764,8.1094,40,0,2,0,3812.7363,0.97443,0.893323,0,0,0,0,0.583333,1,0,0.583333,0,0,0.10188,0.160779,0.075258,0.198296,0.198923,v5-shortcut-control-v1
dataset-v5,v3,extraction-v2,ranking-aware-v5,seo_weighted_page_quality_v5,57.8947,75.0,входные двери Екатеринбург,входные двери,commercial,Екатеринбург,54,https://dverhome.ru/,dverhome.ru,9,0,,,homepage,ok,,..\dataset-v2\artifacts\query--9c5971dd8f30dccf.json,1bfb3cd1aff308fe883d516a3e9b69f2f4940217,316487,75.0,9600,60000,1600,871,0.508762,5.8633,90,14.1488,36,1,0,12,14,1,82,1,155,0,0,0,77,2,2,0.333333,0.333333,1,0.333333,9,0.044977,1,80,14,40,24,4,26,6.5,45.0526,80,8.17757,60,22.780374,0.064286,0.543155,1,1,9.058201,0.368421,0.543155,0.181052,0.181052,0.111111,0.543155,0.6,0.509091,0.931034,0.500779,0.262827,0.543155,200,1,0,0,1,1,1,0,0,0,1,1,1,0,0,0,0,0,1,1,1,1,1,1,3,1,1,1,1,1,1,1,1,1,1,0,1,1,2,1,1,1,1,1,9,8,1,0.888889,0.962963,1,0.636603,2,4,0,6,1,0,1,1,0.85,1,0.9685,1,0.718747,0.064286,0.281253,194.5938,1507,66,30,14,32658.3939,0.378879,0.446659,0,0,0,0,0.583333,1,0,0.583333,0,0,0.757962,0.821357,0.632954,0.69652,0.638683,v5-shortcut-control-v1
dataset-v5,v3,extraction-v2,ranking-aware-v5,seo_weighted_page_quality_v5,52.6316,77.5,входные двери Екатеринбург,входные двери,commercial,Екатеринбург,54,https://ekaterinburg.dverimagnat.ru/,ekaterinburg.dverimagnat.ru,10,0,,,homepage,ok,,..\dataset-v2\artifacts\query--cdda9362b5639029.json,14297abab0acd05542c399bd1751eed2a204bf5f,761090,77.5,9600,60000,1600,761,0.30935,5.3008,90,11.6588,9,1,8,2,11,1,78,1,249,0,0,0,55,2,0,0.666667,0,3,0.666667,5,0.022358,1,80,24,40,3,2,2,1,180,80,15.853659,18.292683,1.219512,0.025611,0.62633,1,1,4.949698,1.222222,0.62633,0.417553,0.417553,0.444444,0.62633,0.8,0.581818,0.282759,0.745257,0.193755,0.62633,200,1,0,0,1,1,0,0,0,0,1,1,1,0,0,0,0,0,1,1,1,1,1,1,3,1,1,1,1,1,1,1,1,1,1,1,0,1,1,1,1,1,1,1,8,9,0.888889,1,0.962963,1,0.394237,1,1,0,1,1,0,0,0,0.2875,1,0.91225,1,0.887953,0.025611,0.112047,625.0928,3309,77,61,39,6586.5024,0.136867,0.26515,0,0,0,0,0.583333,1,0,0.583333,0,0,0.799374,0.854912,0.632731,0.768374,0.736848,v5-shortcut-control-v1
dataset-v5,v3,extraction-v2,ranking-aware-v5,seo_weighted_page_quality_v5,100.0,79.5,входные двери Новосибирск,входные двери,commercial,Новосибирск,65,https://novosibirsk.dverimagnat.ru/,novosibirsk.dverimagnat.ru,1,0,,,homepage,ok,,..\dataset-v2\artifacts\query--a019ce15383c2ee6.json,181d6d4fb14930cd0e214075f558dbf9a6870d23,754550,79.5,9600,60000,1600,739,0.303865,5.2911,90,11.5261,9,1,8,2,11,1,77,1,249,0,0,0,55,2,0,0.666667,0,3,0.666667,5,0.022615,1,80,24,18,3,2,2,1,180,80,16.036184,7.401316,1.233553,0.025371,0.633272,1,1,5.174468,1.222222,0.633272,0.422181,0.422181,0.444444,0.633272,0.8,0.6,0.282759,0.753838,0.192429,0.633272,200,1,0,0,1,1,0,0,0,0,1,1,1,0,0,0,0,0,1,1,1,1,1,1,3,1,1,1,1,1,1,1,1,1,1,1,0,1,1,1,1,1,1,1,8,9,0.888889,1,0.962963,1,0.394085,1,1,0,1,1,0,0,0,0.2875,1,0.91225,1,0.889001,0.025371,0.110999,623.084,3259,78,61,39,6364.6083,0.137456,0.265592,0,0,0,0,0.333333,1,0,0.333333,0,0,0.801977,0.856734,0.63573,0.770977,0.739972,v5-shortcut-control-v1
dataset-v5,v3,extraction-v2,ranking-aware-v5,seo_weighted_page_quality_v5,94.7368,65.6,входные двери Новосибирск,входные двери,commercial,Новосибирск,65,https://фабрикадверей.рф/,фабрикадверей.рф,2,0,,,homepage,ok,,..\dataset-v2\artifacts\query--7dfe09328fd68754.json,74303142d086e824b01dce4ea315738757820ea5,974131,65.6,9600,60000,1600,1128,0.178594,4.9303,90,38,36,1,3,6,10,1,14,1,179,0,0,0,77,0,3,0,0.333333,1,0.333333,25,0.012191,1,80,24,40,0,4,28,7,28.8402,72.355921,28,52.723243,0,0.054544,0.599274,1,1,13.820569,0.045662,0.599274,0,0.199758,0,0.599274,0.483333,0.254545,0.765517,0.406375,0.107027,0.599274,200,1,0,0,0,0,0,0,0,0,1,1,1,0,0,0,0,0,1,1,1,0.75,0.95,1,2,0,1,1,1,1,1,1,1,1,1,1,0,1,130,1,1,1,1,0.8,8,8,0.888889,0.888889,0.859259,1,0.456111,0,0,0,0,0,0,0,0,0,1,0.91,1,0.478513,0.054544,0.521487,724.2656,5972,13,6,177,11908.8554,0.307277,0.392958,0,0,0,0,0.333333,1,0,0.333333,0,0,0.715628,0.77621,0.556413,0.650762,0.609341,v5-shortcut-control-v1
dataset-v5,v3,extraction-v2,ranking-aware-v5,seo_weighted_page_quality_v5,89.4737,74.0,входные двери Новосибирск,входные двери,commercial,Новосибирск,65,https://almaz-nsk.com/,almaz-nsk.com,3,0,,,homepage,ok,,..\dataset-v2\artifacts\query--e17539c01ef6a5cd.json,17885e53cac22797ea8d327c3b71524f8e17fa5c,429821,74.0,9600,60000,1600,943,0.458881,6.4759,90,16.9835,28,1,9,3,13,1,113,1,198,0,0,0,97,2,2,0.666667,0.666667,3,0.666667,28,0.047202,1,80,24,40,11,4,9,2.25,73.3929,80,28,60,5.352798,0.055097,0.614142,1,1,6.650485,0.464286,0.614142,0.409428,0.409428,0.444444,0.614142,0.8,0,0.634483,0.426602,0.281818,0.614142,200,1,0,0,0,0,1,0,0,0,1,1,1,0,0,0,0,0,1,1,1,0.75,0.95,1,7,1,1,1,1,1,1,1,1,1,1,1,0,1,9,1,1,1,1,1,8,9,0.888889,1,0.962963,1,0.546396,3,3,0,3,1,1,0,0,0.7125,1,0.91,1,0.758949,0.055097,0.241051,297.9443,2119,67,34,58,9805.7187,0.212712,0.322034,0,0,0,0,0.333333,1,0,0.333333,0,0,0.790678,0.847587,0.633628,0.751428,0.717614,v5-shortcut-control-v1
dataset-v5,v3,extraction-v2,ranking-aware-v5,seo_weighted_page_quality_v5,84.2105,77.5,входные двери Новосибирск,входные двери,commercial,Новосибирск,65,https://novosibirsk.estetdveri.ru/catalog/vkhodnye-dveri/,novosibirsk.estetdveri.ru,4,0,,,product,ok,,..\dataset-v2\artifacts\query--709edcd1c56c7cc3.json,6f23aca2e6ee9f912493634ba8692a02a047db08,620347,77.5,9600,60000,1600,989,0.477778,5.915,90,13.0189,32,1,1,2,4,1,124,1,215,0,0,0,62,2,3,0.666667,1,6,0.666667,11,0.029952,1,80,24,40,7,0,20,0,64.6875,48.309179,28,27.05314,3.381643,0.027602,0.619323,1,0.75,20.7,0.125,0.619323,0.412882,0.412882,0.444444,0.619323,0.8,0,0.517241,0.99839,0.295899,0.464492,200,1,0,0,1,1,0,0,0,0,1,1,1,0,0,2,0,0,1,0.8,1,1,0.96,1,4,1,1,1,0,1,1,1,1,1,1,1,0,1,4,1,1,1,1,1,7,9,0.777778,1,0.925926,1,0.32455,0,0,0,0,0,0,0,0,0,1,0.91,1,0.87924,0.027602,0.12076,546.4033,2001,73,53,72,22802.0821,0.139921,0.267441,0,0,0,0,0.333333,1,0,0.333333,0,0,0.749156,0.822091,0.611833,0.733701,0.722695,v5-shortcut-control-v1
dataset-v5,v3,extraction-v2,ranking-aware-v5,seo_weighted_page_quality_v5,78.9474,76.4,входные двери Новосибирск,входные двери,commercial,Новосибирск,65,https://novosibirsk.mosdveri.ru/,novosibirsk.mosdveri.ru,5,0,,,homepage,ok,,..\dataset-v2\artifacts\query--e648dec9d0dd0c0c.json,4c7c30febc2c1a9ce4bff07cc114507975f152e1,576582,76.4,9600,60000,1600,1200,0.374368,6.0548,90,8.4851,36,1,10,12,18,1,103,1,199,0,0,0,35,2,3,0.666667,0.666667,9,0.666667,7,0.006807,1,80,24,40,16,11,61,5.545455,50.4118,80,24.893038,32.088681,3.11163,0.10373,0.573457,1,1,6.739187,0.313725,0.573457,0.382305,0.382305,0.444444,0.573457,0.8,0.127273,0.627586,0.22689,0.214684,0.573457,200,1,0,0,1,1,1,0,0,0,1,1,1,0,0,0,0,0,1,1,1,1,1,1,29,1,1,1,1,1,1,1,1,1,1,1,0,1,32,0,1,1,1,0.8,8,9,0.888889,1,0.896296,1,0.498735,2,2,0,2,1,0,0,0,0.425,1,0.91,1,0.65,0.10373,0.35,384.9873,3160,47,15,128,11759.8324,0.196586,0.30994,0,0,0,0,0.333333,1,0,0.333333,0,0,0.759546,0.813532,0.611185,0.738546,0.713056,v5-shortcut-control-v1
dataset-v5,v3,extraction-v2,ranking-aware-v5,seo_weighted_page_quality_v5,73.6842,75.7,входные двери Новосибирск,входные двери,commercial,Новосибирск,65,https://nsk-dveri.ru/,nsk-dveri.ru,6,0,,,homepage,ok,,..\dataset-v2\artifacts\query--59b2bce2f9736300.json,aebd2acff1cc614c0e31c5e92ee8c1249d291195,733312,75.7,9600,60000,1600,715,0.373563,6.0758,85,22.5176,1,1,0,7,8,1,79,1,152,0,0,0,80,1,3,0.333333,0.666667,2,0.666667,19,0.041797,1,80,22,40,0,2,9,4.5,180,80,11.494253,60,0,0.024807,0.643032,1,1,4.098501,8,0.643032,0.214344,0.428688,0.222222,0.643032,0.683333,0.563636,0.951724,0.606757,0.240213,0.643032,200,1,0,0,1,1,0,0,0,0,1,1,1,0,0,0,0,0,1,1,1,1,1,1,5,1,1,1,0,1,1,0,1,1,1,1,1,1,4,1,1,1,1,1,7,9,0.777778,1,0.925926,1,0.417061,1,1,0,1,1,0,0,0,0.2875,1,0.9505,1,0.891468,0.024807,0.108532,561.1035,3279,77,49,22,9519.7736,0.212281,0.321711,0,0,0,0,0.333333,1,0,0.333333,0,0,0.767099,0.831758,0.687367,0.732357,0.705905,v5-shortcut-control-v1
dataset-v5,v3,extraction-v2,ranking-aware-v5,seo_weighted_page_quality_v5,68.4211,69.4,входные двери Новосибирск,входные двери,commercial,Новосибирск,65,https://centurion-door.ru/,centurion-door.ru,7,0,,,homepage,ok,,..\dataset-v2\artifacts\query--87265971377be7ec.json,e39b2c5837caeca9597ac74bc677e48a0174f7ad,138445,69.4,4826,60000,640,383,0.598437,6.4094,28,22.8571,6,1,4,0,5,1,117,1,227,0,0,0,22,2,2,0.666667,0.666667,0,0,10,0.034375,1,80,24,14,0,2,7,3.5,106.6667,80,28,21.875,0,0.046127,0.541864,1,1,6.88172,0.833333,0.541864,0.361243,0,0,0.231195,0.633333,0,0.434483,0.854167,0.115297,0.541864,200,1,0,0,1,1,0,0,0,0,1,1,1,0,0,0,0,0,1,1,1,1,1,1,6,1,1,1,0,1,1,1,1,1,0,0,0,1,7,1,1,1,1,1,7,7,0.777778,0.777778,0.851852,1,0.48465,1,1,0,1,1,0,0,0,0.2875,1,0.91,1,0.798194,0.046127,0.201806,107.4678,792,35,3,48,11123.733,0.50239,0.539292,0,0,0,0,0.333333,1,0,0.333333,0,0,0.721862,0.799402,0.502219,0.682521,0.646048,v5-shortcut-control-v1
dataset-v5,v3,extraction-v2,ranking-aware-v5,seo_weighted_page_quality_v5,63.1579,75.0,входные двери Новосибирск,входные двери,commercial,Новосибирск,65,https://novosibirsk.metaldveri.ru/,novosibirsk.metaldveri.ru,8,0,,,homepage,ok,,..\dataset-v2\artifacts\query--a92ed04b3efe85ab.json,56493b9ef0c9e19e2e97c4bc13d596b96474c798,363321,75.0,9600,60000,1600,940,0.270893,5.3406,90,14.0486,36,1,5,1,7,1,79,1,242,0,0,0,72,2,2,0.666667,0.666667,4,0.666667,7,0.020749,1,80,24,40,24,3,35,11.666667,51.0294,80,28,60,10.37464,0.11415,0.578635,1,1,6.130742,0.102941,0.578635,0.385757,0.385757,0.444444,0.578635,0.8,0.563636,0.331034,0.691643,0.156748,0.578635,200,1,0,0,1,1,1,0,0,0,1,1,0,0,0,0,0,0,1,1,0.5,1,0.9,1,2,1,1,1,1,1,1,1,1,1,1,0,1,1,10,1,1,1,1,1,9,8,1,0.888889,0.962963,1,0.399909,0,0,0,0,0,0,0,0,0,1,0.91,1,0.65,0.11415,0.35,217.8311,2630,77,23,130,5533.1857,0.236182,0.339637,0,0,0,0,0.333333,1,0,0.333333,0,0,0.793238,0.846642,0.658339,0.735738,0.687886,v5-shortcut-control-v1
dataset-v5,v3,extraction-v2,ranking-aware-v5,seo_weighted_page_quality_v5,57.8947,68.3,входные двери Новосибирск,входные двери,commercial,Новосибирск,65,https://shop-nsk.ru/,shop-nsk.ru,9,0,,,homepage,ok,,..\dataset-v2\artifacts\query--0b0799f87000ddfe.json,29d69343065e664528c17297c20793c8d46152a0,773749,68.3,9600,60000,1600,736,0.372658,5.4922,90,15.8,30,0,8,0,8,1,72,1,310,0,0,0,49,3,8,0.666667,0.666667,4,0.666667,12,0.02481,1,80,24,40,24,3,27,9,65.8333,80,15.696203,59.240506,12.658228,0.020556,0.54009,1,1,6.763699,0.266667,0.54009,0.36006,0.36006,0.444444,0.54009,0.8,0.690909,0,0.827004,0.201269,0.54009,200,1,0,0,0,0,0,0,0,0,1,1,1,0,0,0,0,0,1,1,1,0.75,0.95,1,5,1,1,1,1,1,1,1,1,1,1,0,0,1,1,1,1,1,1,1,8,8,0.888889,0.888889,0.925926,1,0.324949,0,0,0,0,0,0,0,0,0,1,0.93025,1,0.910067,0.020556,0.089933,650.2959,3897,98,19,31,10844.9117,0.15615,0.279613,0,0,0,0,0.333333,1,0,0.333333,0,0,0.762909,0.828149,0.590268,0.723659,0.68429,v5-shortcut-control-v1
dataset-v5,v3,extraction-v2,ranking-aware-v5,seo_weighted_page_quality_v5,52.6316,73.8,входные двери Новосибирск,входные двери,commercial,Новосибирск,65,https://dveri-nso.ru/cat/vhodnye-dveri/,dveri-nso.ru,10,0,,,content,ok,,..\dataset-v2\artifacts\query--bf8e82b5ed52c4b6.json,7155b07ac3ce7d93c57cacd1ba6057e3ebbefffe,442882,73.8,9600,60000,1600,906,0.248491,5.8645,90,21.4471,32,2,4,12,18,1,100,1,154,0,0,0,92,3,4,0.666667,0.666667,6,0.666667,17,0.025233,1,80,24,40,24,8,36,4.5,113.9375,75.15085,11.2452,56.226001,18.10203,0.088969,0.617136,1,1,13.306569,1.71875,0.617136,0.411424,0.411424,0.444444,0.617136,0.8,0.181818,0.937931,0.841104,0.153353,0.617136,200,1,0,0,1,1,1,0,0,0,1,1,1,0,0,2,0,0,1,0.8,1,1,0.96,1,9,1,1,1,1,1,1,1,1,1,0,0,0,1,3,0,1,1,1,0.8,8,7,0.888889,0.777778,0.822222,1,0.609247,1,4,0,5,1,0,0,1,0.85,1,0.91,1,0.65,0.088969,0.35,320.9092,2060,106,79,41,26690.5803,0.219317,0.326988,0,0,0,0,0.333333,1,0,0.333333,0,0,0.772626,0.821698,0.620399,0.745026,0.721711,v5-shortcut-control-v1
dataset-v5,v3,extraction-v2,ranking-aware-v5,seo_weighted_page_quality_v5,100.0,30.2,входные двери Казань,входные двери,commercial,Казань,43,https://mirdverey-kazan.ru/,mirdverey-kazan.ru,1,0,,,homepage,ok,,..\dataset-v2\artifacts\query--d98b8e10d81922cb.json,5ca7c8c199056348822c9f2d2eccc7f43a82cb12,86473,30.2,44,60000,7,7,1,5.2857,1,7,2,0,1,0,1,0,0,0,0,0,0,0,0,0,0,0,0,0,0,0,0,0,0,8,0,0,0,0,0,3.5,0,28,0,0,0.000524,0.151159,0,0.25,7,0.5,0,0,0,0,0.000705,0,0,0,0,0.000588,0.03779,200,1,0,0,0,0,1,1,1,0,0,1,0,0,0,0,0,0,1,1,0.5,0.75,0.65,0,0,0,1,1,0,1,0,0,0,1,0,0,1,0,0,0,0,1,1,0.4,3,5,0.333333,0.555556,0.42963,1,0.501545,0,0,0,0,0,0,0,0,0,1,0.738111,1,0.586279,0.000524,0.413721,82.4092,49,3,1,8,2865.3602,0.917228,0.854348,0,0,0,0,0.583333,1,0,0.583333,0,0,0.1947,0.337789,0.150935,0.238026,0.205203,v5-shortcut-control-v1
dataset-v5,v3,extraction-v2,ranking-aware-v5,seo_weighted_page_quality_v5,78.9474,77.7,входные двери Казань,входные двери,commercial,Казань,43,https://kazan.dverimagnat.ru/,kazan.dverimagnat.ru,5,0,,,homepage,ok,,..\dataset-v2\artifacts\query--e8aeaecdad47385b.json,a16030b9f6c866040d9c92829329117e8fb62e6b,754977,77.7,9600,60000,1600,752,0.30883,5.2452,90,11.6507,9,1,8,2,11,1,71,1,232,0,0,0,55,2,0,0.666667,0,3,0.666667,5,0.022587,1,80,24,26,3,2,2,1,180,80,16.016427,10.677618,1.232033,0.025221,0.555661,1,1,5.094142,1.222222,0.555661,0.370441,0.370441,0.444444,0.555661,0.8,0.709091,0.4,0.752909,0.171605,0.555661,200,1,0,0,1,1,0,0,0,0,1,1,1,0,0,0,0,0,1,1,1,1,1,1,3,1,1,1,1,1,1,1,1,1,1,1,0,1,1,1,1,1,1,1,8,9,0.888889,1,0.962963,1,0.393942,1,1,0,1,1,0,0,0,0.2875,1,0.91225,1,0.889657,0.025221,0.110343,622.7119,3271,77,61,39,7510.4072,0.137565,0.265674,0,0,0,0,0.583333,1,0,0.583333,0,0,0.772873,0.836361,0.597918,0.741873,0.705048,v5-shortcut-control-v1
dataset-v5,v3,extraction-v2,ranking-aware-v5,seo_weighted_page_quality_v5,57.8947,63.5,входные двери Казань,входные двери,commercial,Казань,43,https://kzn.doorsstore.ru/,kzn.doorsstore.ru,9,0,,,homepage,ok,,..\dataset-v2\artifacts\query--608fb41fa0a98fd1.json,291f9b29c553e75c198773ec6dd6e38a144e9703,396871,63.5,9600,60000,1566,579,0.369732,5.7478,24,38,2,1,8,1,10,1,90,1,162,0,0,0,67,0,2,0,0.666667,4,0.333333,28,0.042784,1,80,24,40,4,4,23,5.75,180,80,28,60,2.554278,0.038751,0.443179,1,1,4.660714,5,0.443179,0,0.147726,0,0.443179,0.483333,0.363636,0.882759,0.573861,0.142556,0.443179,200,1,0,0,1,0,0,0,0,0,1,1,1,0,0,0,0,0,1,1,1,0,0.8,1,3,1,1,1,1,1,1,1,1,1,0,0,0,1,3,1,1,1,1,1,8,7,0.888889,0.777778,0.888889,1,0.351165,0,0,0,0,0,0,0,0,0,1,0.91,1,0.830466,0.038751,0.169534,283.8779,1954,40,17,76,9484.759,0.216833,0.325125,0,0,0,0,0.583333,1,0,0.583333,0,0,0.670181,0.755823,0.482742,0.581492,0.51606,v5-shortcut-control-v1
dataset-v5,v3,extraction-v2,ranking-aware-v5,seo_weighted_page_quality_v5,100.0,74.9,входные двери Краснодар,входные двери,commercial,Краснодар,35,https://dveri-estetika.ru/,dveri-estetika.ru,1,0,,,homepage,ok,,..\dataset-v2\artifacts\query--9a2dcb088c2126e2.json,cdb0d0fdd9ae617bf043b222f26091b56953b24e,447549,74.9,6453,60000,907,368,0.405733,5.9515,24,37.7917,26,2,10,3,16,1,48,1,142,0,0,0,52,1,3,0.333333,1,4,0.666667,17,0.057332,1,80,24,40,11,2,14,7,34.8846,80,28,60,12.127894,0.017167,0.473911,1,1,4.031111,0.615385,0.473911,0.15797,0.315941,0.222222,0.286558,0.683333,0.872727,0.97931,0.088938,0.096888,0.473911,200,1,0,0,1,1,1,0,0,0,1,1,1,0,0,0,0,0,1,1,1,1,1,1,5,1,1,1,0,1,1,1,1,0,1,1,1,1,1,1,1,1,1,1,8,8,0.888889,0.888889,0.925926,1,0.537868,1,4,0,5,1,0,0,1,0.85,1,0.91,1,0.924893,0.017167,0.075107,373.4346,1669,63,51,77,28585.9849,0.205151,0.316363,0,0,0,0,0.333333,1,0,0.333333,0,0,0.725793,0.801978,0.569103,0.685278,0.636847,v5-shortcut-control-v1
dataset-v5,v3,extraction-v2,ranking-aware-v5,seo_weighted_page_quality_v5,94.7368,67.1,входные двери Краснодар,входные двери,commercial,Краснодар,35,https://prodverikrd.ru/,prodverikrd.ru,2,0,,,homepage,ok,,..\dataset-v2\artifacts\query--9523f5a21f7385a6.json,633a6368ba4430bd07f88517d24ac51c809a79cf,208038,67.1,4900,60000,785,305,0.388535,5.0497,27,29.0741,1,1,4,0,5,1,48,1,173,0,0,0,32,1,1,0.333333,0.333333,0,0,21,0.040764,1,80,24,40,20,22,83,3.772727,180,80,28,59.872611,25.477707,0.03137,0.171938,1,1,4.197861,5,0.171938,0.057313,0,0,0.089981,0.516667,0.872727,0.806897,0.641189,0.029134,0.171938,200,1,0,0,1,1,0,0,0,0,1,1,1,0,0,0,0,0,1,1,1,1,1,1,4,1,1,1,1,1,1,1,0,1,0,0,0,1,1,1,1,0,1,1,8,5,0.888889,0.555556,0.814815,1,0.468867,1,1,0,1,1,0,0,0,0.2875,1,0.91,1,0.759898,0.03137,0.240102,162.0059,1553,27,13,41,5827.0347,0.367154,0.437866,0,0,0,0,0.333333,1,0,0.333333,0,0,0.597889,0.713046,0.350333,0.56138,0.485412,v5-shortcut-control-v1
dataset-v5,v3,extraction-v2,ranking-aware-v5,seo_weighted_page_quality_v5,89.4737,31.7,входные двери Краснодар,входные двери,commercial,Краснодар,35,https://krasnodar.lemanapro.ru/catalogue/vhodnye-dveri/,krasnodar.lemanapro.ru,3,0,,,product,ok,,..\dataset-v2\artifacts\query--92b6ee95b127285c.json,639537db0ee47e68a3eee20e5a408faa5c4775cb,10085,31.7,77,8264,13,13,1,5,1,13,1,1,0,0,1,1,12,0,0,0,0,0,0,0,0,0,0,0,0,0,0,0,1,0,0,0,0,0,0,13,76.923077,0,0,0,0.009318,0,0,0,13,1,0,0,0,0,0,0,0.218182,0,0,0,0,403,0,0,0,0,0,0,0,0,0,0,1,1,0,0,2,0,0,1,0.8,1,0.75,0.71,1,1,0,0,0,0,0,0,0,0,0,0,0,0,0,0,0,0,0,0,0.2,1,0,0.111111,0,0.103704,1,0.536196,0,0,0,0,0,0,0,0,0,1,0.760695,1,0.509236,0.009318,0.490764,8.1094,40,0,2,0,3208.7207,0.97443,0.893323,0,0,0,0,0.333333,1,0,0.333333,0,0,0.091721,0.154006,0.064964,0.190394,0.187635,v5-shortcut-control-v1
dataset-v5,v3,extraction-v2,ranking-aware-v5,seo_weighted_page_quality_v5,84.2105,81.1,входные двери Краснодар,входные двери,commercial,Краснодар,35,https://dverka123.ru/,dverka123.ru,4,0,,,homepage,ok,,..\dataset-v2\artifacts\query--4a204e983a997d27.json,2e5e9fbb5b4f771da641a86817f164c48b3f11a4,431114,81.1,9600,60000,1580,673,0.425949,5.957,90,10.604,36,1,10,12,18,1,56,1,113,0,0,0,94,2,2,0.666667,0.666667,29,1,36,0.059494,1,80,24,40,24,5,30,6,33.617,80,19.620253,51.898734,17.088608,0.03235,0.581569,1,1,12.34375,1.212766,0.581569,0.387713,0.581569,0.666667,0.581569,0.883333,0.981818,0.77931,0.016878,0.217442,0.581569,200,1,0,0,1,1,1,0,0,0,1,1,1,0,0,0,0,0,1,1,1,1,1,1,1,1,1,1,1,1,1,1,1,1,1,1,0,1,7,1,1,1,1,1,8,9,0.888889,1,0.962963,1,0.568138,1,4,0,5,1,0,0,1,0.85,1,0.93025,1,0.858469,0.03235,0.141531,355.2627,1724,99,69,31,9033.1023,0.25103,0.350772,0,0,0,0,0.333333,1,0,0.333333,0,0,0.795904,0.853978,0.628523,0.774869,0.744425,v5-shortcut-control-v1
dataset-v5,v3,extraction-v2,ranking-aware-v5,seo_weighted_page_quality_v5,78.9474,70.6,входные двери Краснодар,входные двери,commercial,Краснодар,35,https://dveri-ntd.ru/,dveri-ntd.ru,5,0,,,homepage,ok,,..\dataset-v2\artifacts\query--681b24f3d07b4c96.json,134f811ff4cc6e9eeaf80665b283acf062ae1211,514471,70.6,9600,60000,1600,675,0.387931,4.9506,64,27.1875,29,1,8,0,9,1,55,1,165,0,0,0,45,0,1,0,0.333333,4,0.333333,17,0.025862,1,80,24,40,15,0,38,0,60,80,28,60,8.62069,0.026228,0.297148,1,0.75,9.206349,0.310345,0.297148,0,0.099049,0,0.297148,0.483333,1,0.862069,0.862069,0.111431,0.222861,200,1,0,0,1,1,1,0,0,0,1,1,1,0,0,0,0,0,1,1,1,1,1,1,3,1,1,1,1,1,1,1,1,1,1,1,1,1,39,1,1,0,1,1,9,8,1,0.888889,0.962963,1,0.402279,1,1,0,1,1,0,0,0,0.2875,1,0.91,1,0.885253,0.026228,0.114747,412.4775,3428,51,29,100,7222.3508,0.179157,0.296868,0,0,0,0,0.333333,1,0,0.333333,0,0,0.637573,0.73944,0.494174,0.591835,0.522383,v5-shortcut-control-v1
dataset-v5,v3,extraction-v2,ranking-aware-v5,seo_weighted_page_quality_v5,73.6842,78.2,входные двери Краснодар,входные двери,commercial,Краснодар,35,https://modern-dveri.ru/catalog/vkhodnye-dveri/,modern-dveri.ru,6,0,,,product,ok,,..\dataset-v2\artifacts\query--813d2f49343f9d0c.json,32db936d4cd6fcd11bcf3c504a478830a344be66,1720811,78.2,9600,60000,1600,712,0.158539,5.3888,29,38,3,1,1,1,3,1,61,1,304,0,0,0,141,2,2,0.666667,0.666667,6,0.666667,10,0.031396,1,80,24,40,0,3,204,68,180,80,28,60,0,0.025326,0.594413,1,1,5.240373,1,0.594413,0.396275,0.396275,0.444444,0.594413,0.8,0.890909,0,0.953462,0.094238,0.594413,200,1,0,0,1,1,0,0,0,0,1,1,1,0,0,2,0,0,1,0.8,1,1,0.96,1,2,1,1,1,1,1,0,1,1,1,1,0,0,1,5,1,1,1,1,1,7,8,0.777778,0.888889,0.888889,1,0.295826,0,0,0,0,0,0,0,0,0,1,0.91,1,0.889197,0.025326,0.110803,1261.043,12168,71,36,282,11422.3319,0,0.1625,0,0,0,0,0.333333,1,0,0.333333,0,0,0.764105,0.830733,0.562966,0.736505,0.711486,v5-shortcut-control-v1
dataset-v5,v3,extraction-v2,ranking-aware-v5,seo_weighted_page_quality_v5,68.4211,74.4,входные двери Краснодар,входные двери,commercial,Краснодар,35,https://krasnodar.mall-of-doors.ru/catalog/,krasnodar.mall-of-doors.ru,7,0,,,product,ok,,..\dataset-v2\artifacts\query--db67aef0c0f82a9d.json,9f387aeb24b5edac3aba84356a24076f5265f06b,1811444,74.4,9600,60000,1600,1158,0.269804,5.2596,90,18.6609,4,1,7,4,12,1,89,1,205,0,0,0,49,0,2,0,0.666667,4,0.666667,3,0.011417,1,80,24,40,24,5,20,4,180,80,28,23.299161,13.979497,0.017767,0.57142,1,1,5.632546,3,0.57142,0,0.380947,0,0.57142,0.566667,0.381818,0.586207,0.380553,0.154172,0.57142,200,1,0,0,1,1,0,0,0,0,1,1,1,0,0,1,0,0,1,0.9,1,1,0.98,1,6,1,1,1,1,1,1,1,1,1,1,0,1,1,2,1,1,1,1,1,9,8,1,0.888889,0.962963,1,0.287558,0,0,0,0,0,0,0,0,0,1,0.91,1,0.922267,0.017767,0.077733,1568.3848,6899,154,24,123,26766.2392,0,0.1625,0,0,0,0,0.333333,1,0,0.333333,0,0,0.761847,0.823062,0.626061,0.693643,0.635687,v5-shortcut-control-v1
dataset-v5,v3,extraction-v2,ranking-aware-v5,seo_weighted_page_quality_v5,63.1579,63.8,входные двери Краснодар,входные двери,commercial,Краснодар,35,https://krd.doorsstore.ru/,krd.doorsstore.ru,8,0,,,homepage,ok,,..\dataset-v2\artifacts\query--8e02726b4affc198.json,bbb827e99c7e68de34356e4f7063ee5110a990cd,397004,63.8,9600,60000,1566,579,0.369732,5.758,24,38,2,1,8,1,10,1,94,1,162,0,0,0,67,0,2,0,0.666667,4,0.333333,28,0.042784,1,80,24,40,4,4,23,5.75,180,80,28,60,2.554278,0.038801,0.451384,1,1,4.660714,5,0.451384,0,0.150461,0,0.451384,0.483333,0.290909,0.882759,0.573861,0.145195,0.451384,200,1,0,0,1,0,0,0,0,0,1,1,1,0,0,0,0,0,1,1,1,0,0.8,1,3,1,1,1,1,1,1,1,1,1,0,0,0,1,3,1,1,1,1,1,8,7,0.888889,0.777778,0.888889,1,0.351215,0,0,0,0,0,0,0,0,0,1,0.91,1,0.830246,0.038801,0.169754,283.9551,1954,40,17,76,11023.6875,0.21681,0.325107,0,0,0,0,0.333333,1,0,0.333333,0,0,0.672971,0.75769,0.486505,0.583707,0.518795,v5-shortcut-control-v1
dataset-v5,v3,extraction-v2,ranking-aware-v5,seo_weighted_page_quality_v5,57.8947,70.8,входные двери Краснодар,входные двери,commercial,Краснодар,35,https://dveriarkada.ru/,dveriarkada.ru,9,0,,,homepage,ok,,..\dataset-v2\artifacts\query--53bcd7c7011c390d.json,2a5b202c969155721fbf08eac5b768336ff7daa2,815549,70.8,9600,60000,1600,630,0.326087,5.7324,56,34.5,1,1,4,0,5,1,67,1,141,0,0,0,34,1,1,0.333333,0.333333,1,0.333333,17,0.017598,1,80,24,40,0,4,38,9.5,180,80,23.809524,60,0,0.018417,0.408722,1,1,9.807107,5,0.408722,0.136241,0.136241,0.111111,0.408722,0.6,0.781818,0.972414,0.586611,0.133279,0.408722,200,1,0,0,1,1,0,0,0,0,1,1,1,0,0,0,0,0,1,1,1,1,1,1,21,1,1,1,1,1,1,1,1,1,1,0,0,1,11,1,1,1,1,1,8,8,0.888889,0.888889,0.925926,1,0.304933,0,0,0,0,0,0,0,0,0,1,0.91,1,0.919424,0.018417,0.080576,720.6387,3297,92,193,46,11254.3781,0.088875,0.229156,0,0,0,0,0.333333,1,0,0.333333,0,0,0.690575,0.776593,0.485932,0.645182,0.588271,v5-shortcut-control-v1
dataset-v5,v3,extraction-v2,ranking-aware-v5,seo_weighted_page_quality_v5,52.6316,75.2,входные двери Краснодар,входные двери,commercial,Краснодар,35,https://goroddverei23.ru/catalog/vkhodnye-dveri/,goroddverei23.ru,10,0,,,product,ok,,..\dataset-v2\artifacts\query--0924bad6af49d1fc.json,898b46ce319c740406020fba46fbd8163b1418ef,1236443,75.2,9600,60000,1568,557,0.35523,5.5963,25,38,9,1,1,0,2,1,80,1,197,0,0,0,72,3,5,0.666667,0.666667,4,0.666667,32,0.045918,1,80,24,40,2,3,147,49,174.2222,80,28,41.454082,1.27551,0.010076,0.413156,1,1,6.4,0.222222,0.413156,0.275437,0.275437,0.444444,0.413156,0.8,0.545455,0.641379,0.469388,0.127849,0.413156,200,1,0,0,1,1,0,0,0,0,1,1,1,0,0,2,0,0,1,0.8,1,1,0.96,1,3,1,1,1,1,1,1,1,1,1,1,1,1,1,3,1,1,1,1,1,9,9,1,1,1,1,0.35102,1,1,0,1,1,0,0,0,0.2875,1,0.91,1,0.955919,0.010076,0.044081,1054.3164,6308,144,84,60,11013.9531,0,0.1625,0,0,0,0,0.333333,1,0,0.333333,0,0,0.736133,0.808153,0.531195,0.688533,0.62992,v5-shortcut-control-v1
dataset-v5,v3,extraction-v2,ranking-aware-v5,seo_weighted_page_quality_v5,100.0,80.7,входные двери Самара,входные двери,commercial,Самара,51,https://samara.dverimagnat.ru/,samara.dverimagnat.ru,1,0,,,homepage,ok,,..\dataset-v2\artifacts\query--91339fbb7f60c699.json,5db6c7b517262e2cc48be46caeb95bb8421d81b8,753920,80.7,9600,60000,1600,744,0.304046,5.2415,90,10.9731,9,1,8,2,11,1,71,1,239,0,0,0,55,2,0,0.666667,0,3,0.666667,5,0.022477,1,80,24,16,3,2,2,1,180,80,15.937883,6.538619,1.225991,0.025333,0.696346,1,1,5.228632,1.222222,0.696346,0.464231,0.464231,0.444444,0.696346,0.8,0.709091,0.351724,0.749217,0.211721,0.696346,200,1,0,0,1,1,0,0,0,0,1,1,1,0,0,0,0,0,1,1,1,1,1,1,3,1,1,1,1,1,1,1,1,1,1,1,0,1,1,1,1,1,1,1,8,9,0.888889,1,0.962963,1,0.394054,1,1,0,1,1,0,0,0,0.2875,1,0.91225,1,0.88917,0.025333,0.11083,622.8916,3255,78,61,39,5712.9144,0.137512,0.265634,0,0,0,0,0,0,0,0,0,0,0.82563,0.873291,0.666744,0.79463,0.768356,v5-shortcut-control-v1
dataset-v5,v3,extraction-v2,ranking-aware-v5,seo_weighted_page_quality_v5,94.7368,32.4,входные двери Самара,входные двери,commercial,Самара,51,https://samara.lemanapro.ru/catalogue/vhodnye-dveri/,samara.lemanapro.ru,2,0,,,product,ok,,..\dataset-v2\artifacts\query--e201ad3f0a96df0d.json,8b9a140d1f64b8986dc1f09036fa5aaf329bf0a0,10078,32.4,77,8264,13,13,1,5,1,13,1,1,0,0,1,1,12,0,0,0,0,0,0,0,0,0,0,0,0,0,0,0,1,0,0,0,0,0,0,13,76.923077,0,0,0,0.009318,0.030337,0,0,13,1,0,0,0,0,0.000263,0,0.218182,0,0,0.000219,0,403,0,0,0,0,0,0,0,0,0,0,1,1,0,0,2,0,0,1,0.8,1,0.75,0.71,1,1,0,0,0,0,0,0,0,0,0,0,0,0,0,0,0,0,0,0,0.2,1,0,0.111111,0,0.103704,1,0.536196,0,0,0,0,0,0,0,0,0,1,0.760695,1,0.509236,0.009318,0.490764,8.1094,40,0,2,0,3164.219,0.97443,0.893323,0,0,0,0,0,0,0,0,0,0,0.103353,0.16176,0.07675,0.199441,0.200559,v5-shortcut-control-v1
dataset-v5,v3,extraction-v2,ranking-aware-v5,seo_weighted_page_quality_v5,89.4737,77.8,входные двери Самара,входные двери,commercial,Самара,51,https://guardian-smr.ru/,guardian-smr.ru,3,0,,,homepage,ok,,..\dataset-v2\artifacts\query--86eececf7919a7c8.json,856cace61d0d6d7aff51e3bbfa40b5ed59be1646,870329,77.8,9600,60000,1600,868,0.318649,5.46,79,34.481,1,1,4,3,8,1,54,1,106,0,0,0,42,2,2,0.666667,0.666667,4,0.666667,9,0.015419,0.666667,80,24,40,10,1,3,3,180,60.20558,28,26.798825,3.671072,0.022814,0.746626,1,1,16.609756,8,0.497751,0.497751,0.497751,0.444444,0.746626,0.75,0.981818,0.731034,0.342633,0.237912,0.746626,200,1,0,0,1,1,0,0,0,0,1,1,1,0,0,0,0,0,1,1,1,1,1,1,4,0,1,1,1,1,1,1,1,1,0,0,0,1,1,1,1,1,1,0.8,8,6,0.888889,0.666667,0.785185,1,0.464632,1,1,0,1,1,0,0,0,0.2875,1,0.91,1,0.655903,0.022814,0.344097,787.7598,2141,16,13,104,6533.9479,0.205907,0.31693,0,0,0,0,0,0,0,0,0,0,0.761986,0.817324,0.630266,0.754875,0.721539,v5-shortcut-control-v1
dataset-v5,v3,extraction-v2,ranking-aware-v5,seo_weighted_page_quality_v5,84.2105,71.7,входные двери Самара,входные двери,commercial,Самара,51,https://sfdoors.ru/,sfdoors.ru,4,0,,,homepage,ok,,..\dataset-v2\artifacts\query--5cc44a15468046c9.json,39d84299bc9ebb5ea8421e590e5c98447d1c134b,1448045,71.7,9600,60000,1600,763,0.34888,5.0905,89,24.573,23,1,10,1,18,1,98,1,219,0,0,0,59,1,2,0.333333,0.333333,7,0.666667,8,0.026978,1,80,24,40,0,5,23,4.6,95.087,80,28,42.981253,0,0.010084,0.620766,1,1,6.877358,0.782609,0.620766,0.206922,0.413844,0.222222,0.620766,0.683333,0.218182,0.489655,0.899253,0.216573,0.620766,200,1,0,0,0,0,0,0,0,0,1,1,1,0,0,0,0,0,1,1,1,0.75,0.95,1,12,1,1,1,1,1,1,1,1,1,1,0,1,1,33,1,1,1,1,1,9,8,1,0.888889,0.962963,1,0.373105,0,0,0,0,0,0,0,0,0,1,0.91,1,0.737313,0.010084,0.262687,1337.4727,2123,18,4,165,12017.0348,0.209643,0.319732,0,0,0,0,0,0,0,0,0,0,0.794903,0.847066,0.670553,0.732467,0.683063,v5-shortcut-control-v1
dataset-v5,v3,extraction-v2,ranking-aware-v5,seo_weighted_page_quality_v5,78.9474,77.6,входные двери Самара,входные двери,commercial,Самара,51,https://samara.metaldveri.ru/,samara.metaldveri.ru,5,0,,,homepage,ok,,..\dataset-v2\artifacts\query--0f1a44625156d0a9.json,29080bd08d6d89a63dfd014b31e8a9d5c40c0956,363147,77.6,9600,60000,1600,941,0.271182,5.3254,90,14.0486,36,1,5,1,7,1,73,1,236,0,0,0,72,2,2,0.666667,0.666667,4,0.666667,7,0.020749,1,80,24,40,24,3,35,11.666667,51.0294,80,28,60,10.37464,0.113958,0.682521,1,1,6.119929,0.102941,0.682521,0.455014,0.455014,0.444444,0.682521,0.8,0.672727,0.372414,0.691643,0.185087,0.682521,200,1,0,0,1,1,1,0,0,0,1,1,0,0,0,0,0,0,1,1,0.5,1,0.9,1,2,1,1,1,1,1,1,1,1,1,1,0,1,1,10,1,1,1,1,1,9,8,1,0.888889,0.962963,1,0.399917,0,0,0,0,0,0,0,0,0,1,0.91,1,0.65,0.113958,0.35,217.6807,2630,77,23,130,5721.1899,0.236226,0.339669,0,0,0,0,0,0,0,0,0,0,0.832195,0.873912,0.709007,0.774695,0.734634,v5-shortcut-control-v1
dataset-v5,v3,extraction-v2,ranking-aware-v5,seo_weighted_page_quality_v5,73.6842,69.0,входные двери Самара,входные двери,commercial,Самара,51,https://enter63.ru/,enter63.ru,6,0,,,homepage,ok,,..\dataset-v2\artifacts\query--99225b825b3d5253.json,556f3756c58a6e3c4f3ff691dccde39ee01a77ff,445547,69.0,5393,60000,798,390,0.488722,5.6165,45,17.7333,36,0,3,12,18,1,55,1,202,0,0,0,26,2,3,0.666667,0.666667,4,0.666667,15,0.032581,1,80,24,40,15,3,15,5,19.95,80,28,60,18.796992,0.013369,0.686358,1,1,6.93913,0.725,0.686358,0.457572,0.457572,0.444444,0.365142,0.8,1,0.606897,0.913952,0.148711,0.686358,200,1,0,0,0,0,0,0,0,0,1,1,1,0,0,0,0,0,1,1,1,0.75,0.95,1,3,0,1,1,0,1,1,1,1,1,1,1,0,1,12,0,1,1,1,0.6,7,8,0.777778,0.888889,0.755556,1,0.327564,0,0,0,0,0,0,0,0,0,1,0.91,1,0.941509,0.013369,0.058491,400.8105,1292,71,26,49,12189.0141,0.239019,0.341764,0,0,0,0,0,0,0,0,0,0,0.757759,0.799044,0.605543,0.748509,0.750111,v5-shortcut-control-v1
dataset-v5,v3,extraction-v2,ranking-aware-v5,seo_weighted_page_quality_v5,68.4211,75.3,входные двери Самара,входные двери,commercial,Самара,51,https://yadoma-sam.ru/,yadoma-sam.ru,7,0,,,homepage,ok,,..\dataset-v2\artifacts\query--6adb8f23fd6f115c.json,fc5002061b3652ce1d88a765427d2d27027d711b,1473136,75.3,9600,60000,1600,804,0.1421,4.7983,90,17.6812,36,1,6,12,18,1,102,1,167,0,0,0,44,2,0,0.333333,0,5,0.666667,14,0.007777,1,80,24,40,24,6,43,7.166667,23.6736,80,28,17.67409,5.655709,0.031019,0.705311,1,1,6.95086,0.079498,0.705311,0.235104,0.470207,0.222222,0.705311,0.683333,0.145455,0.848276,0.25922,0.100224,0.705311,200,1,0,0,1,1,1,0,0,0,1,1,1,0,0,0,0,0,1,1,1,1,1,1,5,1,1,1,1,1,1,1,1,1,1,1,0,1,149,1,1,1,1,1,8,9,0.888889,1,0.962963,1,0.302052,0,0,0,0,0,0,0,0,0,1,0.91,1,0.864293,0.031019,0.135707,1177.9971,7819,96,152,265,12523.9783,0,0.1625,0,0,0,0,0,0,0,0,0,0,0.809675,0.859828,0.638127,0.763376,0.731335,v5-shortcut-control-v1
dataset-v5,v3,extraction-v2,ranking-aware-v5,seo_weighted_page_quality_v5,63.1579,75.4,входные двери Самара,входные двери,commercial,Самара,51,https://ds-doors.ru/catalog/vhodnye-dveri/,ds-doors.ru,8,0,,,product,ok,,..\dataset-v2\artifacts\query--f20c5c97959b4986.json,a105ac99036021b61c684c1063a421ea19edea35,275145,75.4,8404,60000,1253,576,0.459697,5.4996,42,29.8333,3,1,1,1,3,1,73,1,82,0,0,0,43,2,0,0.666667,0,2,0.666667,11,0.034318,1,80,23,40,9,6,76,12.666667,180,80,18.355946,52.673583,7.182761,0.038158,0.591116,1,1,11.933333,1,0.591116,0.394077,0.394077,0.444444,0.493779,0.8,0.672727,0.565517,0.856079,0.189157,0.591116,200,1,0,0,1,1,1,0,0,0,1,1,1,0,0,2,0,0,1,0.8,1,1,0.96,1,2,0,1,0,1,1,1,1,1,1,0,0,0,1,4,0,1,1,1,0.4,7,5,0.777778,0.555556,0.577778,1,0.388127,0,0,0,0,0,0,0,0,0,1,0.94825,1,0.833059,0.038158,0.166941,222.9902,1443,70,14,23,10977.9674,0.366421,0.437316,0,0,0,0,0,0,0,0,0,0,0.702869,0.687368,0.559229,0.705268,0.710002,v5-shortcut-control-v1
dataset-v5,v3,extraction-v2,ranking-aware-v5,seo_weighted_page_quality_v5,57.8947,74.5,входные двери Самара,входные двери,commercial,Самара,51,https://dveri-shops.ru/samara,dveri-shops.ru,9,0,,,content,ok,,..\dataset-v2\artifacts\query--1bfbac060ca32ae8.json,ffeb65330532595a14c3514ec24b7fff7caa4746,636813,74.5,9600,60000,1600,629,0.376872,4.556,90,18.5444,26,1,1,12,18,1,51,1,154,0,0,0,45,2,2,0.666667,0.666667,3,0.666667,5,0.026962,1,80,24,40,9,2,11,5.5,64.1923,53.924506,28,60,5.392451,0.016926,0.577193,1,1,18.544444,0.846154,0.577193,0.384795,0.384795,0.444444,0.577193,0.8,0.927273,0.937931,0.898742,0.201697,0.577193,200,1,0,0,1,1,1,0,0,0,1,1,1,0,0,1,0,0,1,0.9,1,1,0.98,1,21,0,1,1,1,1,1,1,0,1,1,1,1,1,1,0,1,1,1,0.6,9,7,1,0.777778,0.792593,1,0.461205,1,4,0,3,0,0,0,1,0.6,1,0.91,1,0.925947,0.016926,0.074053,576.7754,1820,43,47,93,12005.0017,0.131023,0.260767,0,0,0,0,0,0,0,0,0,0,0.759297,0.797863,0.669676,0.734997,0.709237,v5-shortcut-control-v1
dataset-v5,v3,extraction-v2,ranking-aware-v5,seo_weighted_page_quality_v5,52.6316,61.7,входные двери Самара,входные двери,commercial,Самара,51,https://ferroni-doors163.ru/,ferroni-doors163.ru,10,0,,,homepage,ok,,..\dataset-v2\artifacts\query--88b48eefa95724f3.json,076b73b91fa122a7bef45c8a3075762b628483c3,150057,61.7,2071,60000,328,156,0.47561,5.0488,34,9.6471,14,1,2,0,3,1,22,1,1268,0,0,0,18,2,19,0.666667,1,2,0.333333,18,0.054878,1,36,20,7,3,2,14,7,23.4286,80,28,21.341463,9.146341,0.01599,0.585656,1,1,9.111111,0.214286,0.585656,0.390437,0.195219,0.222222,0.128063,0.716667,0.4,0,0.170732,0.050757,0.585656,200,1,0,0,0,0,0,0,0,0,1,1,1,0,0,0,0,0,1,1,1,0.75,0.95,1,6,1,1,1,0,1,1,0,1,1,0,1,0,1,1,1,1,1,1,1,6,8,0.666667,0.888889,0.851852,1,0.415667,0,0,0,0,0,0,0,0,0,1,0.955,1,0.840045,0.01599,0.159955,129.8779,645,28,20,20,7885.3594,0.513617,0.547713,0,0,0,0,0,0,0,0,0,0,0.72664,0.804253,0.47552,0.697343,0.67694,v5-shortcut-control-v1
dataset-v5,v3,extraction-v2,ranking-aware-v5,seo_weighted_page_quality_v5,100.0,73.1,входные двери Нижний Новгород,входные двери,commercial,Нижний Новгород,47,https://dveridaromnn.ru/,dveridaromnn.ru,1,0,,,homepage,ok,,..\dataset-v2\artifacts\query--bc4bf5f22e5fe0fc.json,a27ebb20e8d8ff9d4a679b1c082038208311f856,1529398,73.1,9600,60000,1600,669,0.342901,5.2363,90,20.3229,1,2,0,0,7,1,79,1,254,0,0,0,58,3,2,0.5,0.5,6,0.25,11,0.029728,1,80,24,40,3,21,186,8.857143,180,80,23.577652,60,1.537673,0.008748,0.548878,1,1,11.896341,7,0.548878,0.274439,0.137219,0.125,0.548878,0.6375,0.563636,0.248276,0.990945,0.188211,0.548878,200,1,0,0,1,1,0,0,0,0,1,1,0,0,0,0,0,0,1,1,0.5,1,0.9,1,10,1,1,1,1,1,0,1,1,1,1,0,0,1,13,1,1,1,1,1,7,8,0.777778,0.888889,0.888889,1,0.277693,0,0,0,0,0,0,0,0,0,1,0.91,1,0.961728,0.008748,0.038272,1403.0469,4144,138,185,46,9719.3904,0,0.1625,0,0,0,0,0,0,0,0,0,0,0.717163,0.793789,0.563658,0.66233,0.62394,v5-shortcut-control-v1
dataset-v5,v3,extraction-v2,ranking-aware-v5,seo_weighted_page_quality_v5,94.7368,64.1,входные двери Нижний Новгород,входные двери,commercial,Нижний Новгород,47,https://n-gr.ru/,n-gr.ru,2,0,,,homepage,ok,,..\dataset-v2\artifacts\query--b50fdb40228f7cb0.json,190f995370299c10c4122406e2bff57e692975f6,702585,64.1,9600,60000,1600,512,0.2011,5.6379,32,38,4,0,2,0,2,1,57,1,109,0,0,0,59,1,0,0.25,0,0,0,11,0.023174,1,80,24,40,0,2,16,8,180,80,10.60487,22.38806,0,0.035975,0.39658,1,1,2.259095,0.5,0.39658,0.099145,0,0,0.39658,0.4875,0.963636,0.751724,0.772454,0.079752,0.39658,200,1,0,0,0,0,0,0,0,0,1,1,1,0,0,0,0,0,1,1,1,0.75,0.95,1,5,1,1,1,1,1,1,1,1,1,1,1,0,1,1,1,1,1,1,1,8,9,0.888889,1,0.962963,1,0.383165,0,0,0,0,0,0,0,0,0,1,0.93925,1,0.765467,0.035975,0.234533,484.0859,4173,29,15,27,8628.4723,0.261839,0.358879,0,0,0,0,0,0,0,0,0,0,0.666839,0.757599,0.414803,0.605583,0.541367,v5-shortcut-control-v1
dataset-v5,v3,extraction-v2,ranking-aware-v5,seo_weighted_page_quality_v5,89.4737,65.5,входные двери Нижний Новгород,входные двери,commercial,Нижний Новгород,47,https://nizhny-novgorod.doorsstore.ru/,nizhny-novgorod.doorsstore.ru,3,0,,,homepage,ok,,..\dataset-v2\artifacts\query--cf279b30115bfc90.json,e9b5aae8dce37059a6c4fef145d5775a9005b15d,403210,65.5,9600,60000,1571,581,0.369828,5.7556,24,38,2,1,8,1,10,1,100,1,162,0,0,0,71,0,2,0,0.5,4,0.25,30,0.045194,1,80,24,40,4,4,23,5.75,180,80,28,60,2.546149,0.038434,0.524162,1,1,4.675595,5,0.524162,0,0.131041,0,0.524162,0.4625,0.181818,0.882759,0.493529,0.169188,0.524162,200,1,0,0,1,0,0,0,0,0,1,1,1,0,0,0,0,0,1,1,1,0,0.8,1,3,1,1,1,1,1,1,1,1,1,0,0,0,1,3,1,1,1,1,1,8,7,0.888889,0.777778,0.888889,1,0.350627,0,0,0,0,0,0,0,0,0,1,0.91,1,0.831852,0.038434,0.168148,287.3525,1954,40,17,76,7897.1499,0.215815,0.324361,0,0,0,0,0,0,0,0,0,0,0.69453,0.771686,0.516765,0.597968,0.536603,v5-shortcut-control-v1
dataset-v5,v3,extraction-v2,ranking-aware-v5,seo_weighted_page_quality_v5,84.2105,74.0,входные двери Нижний Новгород,входные двери,commercial,Нижний Новгород,47,https://nn.fabrichnie-dveri.ru/,nn.fabrichnie-dveri.ru,4,0,,,homepage,ok,,..\dataset-v2\artifacts\query--887ef06ff5e90538.json,4bcdd6df12730a6e0bbdd18d3cb2fbba3e99e30e,212713,74.0,9600,60000,1600,700,0.402299,5.6805,80,21.75,36,1,9,9,18,1,56,1,174,0,0,0,96,1,3,0.25,0.5,11,0.5,38,0.055172,1,80,24,40,0,8,47,5.875,10.5455,80,28,60,0,0.087552,0.450565,1,1,9.775281,0.115152,0.450565,0.112641,0.225282,0.125,0.450565,0.6125,0.981818,0.8,0.16092,0.17522,0.450565,200,1,0,0,1,1,1,0,0,0,1,1,1,0,0,0,0,0,1,1,1,1,1,1,1,1,1,1,1,1,1,1,1,1,1,0,1,1,10,1,1,1,1,1,9,8,1,0.888889,0.962963,1,0.526403,2,2,0,2,1,0,0,0,0.425,1,0.91,1,0.65,0.087552,0.35,144.1797,1360,40,12,112,10933.0564,0.344149,0.420612,0,0,0,0,0,0,0,0,0,0,0.727294,0.80073,0.584366,0.671458,0.608028,v5-shortcut-control-v1
dataset-v5,v3,extraction-v2,ranking-aware-v5,seo_weighted_page_quality_v5,78.9474,73.8,входные двери Нижний Новгород,входные двери,commercial,Нижний Новгород,47,https://sevendoors.ru/,sevendoors.ru,5,0,,,homepage,ok,,..\dataset-v2\artifacts\query--837650ffe8a1b26b.json,953b3db582764112128b4984fcee553951d59bfe,598538,73.8,9600,60000,1600,589,0.256421,5.4732,22,38,36,1,0,3,4,1,70,1,134,0,0,0,135,2,1,0.5,0.25,1,0.25,29,0.058772,1,80,24,40,24,53,183,3.45283,29.0759,80,28,60,40,0.034042,0.546641,1,1,2.878446,0.050633,0.546641,0.273321,0.13666,0.125,0.546641,0.6375,0.727273,0.924138,0.040923,0.14017,0.546641,200,1,0,0,1,1,0,0,0,0,1,1,1,0,0,0,0,0,1,1,1,1,1,1,2,1,1,1,1,1,1,1,1,1,1,0,0,1,11,1,1,1,1,1,8,8,0.888889,0.888889,0.925926,1,0.409013,1,1,0,1,0,1,0,0,0.2875,1,0.91,1,0.851068,0.034042,0.148932,445.4648,4079,48,22,204,7859.604,0.169493,0.28962,0,0,0,0,0,0,0,0,0,0,0.744616,0.813994,0.538501,0.696367,0.650573,v5-shortcut-control-v1
dataset-v5,v3,extraction-v2,ranking-aware-v5,seo_weighted_page_quality_v5,73.6842,75.2,входные двери Нижний Новгород,входные двери,commercial,Нижний Новгород,47,https://nigny-novgorod.dverimagnat.ru/,nigny-novgorod.dverimagnat.ru,6,0,,,homepage,ok,,..\dataset-v2\artifacts\query--380f45c87f10c86f.json,f80afe1836d7c1e52c92d6522656544d6e694b75,756898,75.2,9600,60000,1600,757,0.30685,5.2712,90,11.4213,9,1,8,2,11,1,81,1,254,0,0,0,59,2,0,0.5,0,3,0.5,6,0.023916,1,80,24,28,3,2,2,1,180,80,15.808675,11.349818,1.216052,0.025634,0.530325,1,1,5.139583,1.222222,0.530325,0.265163,0.265163,0.25,0.530325,0.7,0.527273,0.248276,0.79719,0.16273,0.530325,200,1,0,0,1,1,0,0,0,0,1,1,1,0,0,0,0,0,1,1,1,1,1,1,3,1,1,1,1,1,1,1,1,1,1,1,0,1,1,1,1,1,1,1,8,9,0.888889,1,0.962963,1,0.394341,1,1,0,1,1,0,0,0,0.2875,1,0.91225,1,0.887849,0.025634,0.112151,623.6641,3277,77,61,39,11166.901,0.137286,0.265464,0,0,0,0,0,0,0,0,0,0,0.748406,0.817744,0.570359,0.707474,0.663759,v5-shortcut-control-v1
dataset-v5,v3,extraction-v2,ranking-aware-v5,seo_weighted_page_quality_v5,68.4211,64.0,входные двери Нижний Новгород,входные двери,commercial,Нижний Новгород,47,https://tsdveri.ru/catalog/vhodnye-dveri/,tsdveri.ru,7,0,,,product,ok,,..\dataset-v2\artifacts\query--1612efd5351d832f.json,41551f1cedbe1eaf23d3d9c5cc1851f7c5749b28,424161,64.0,6236,60000,895,436,0.487151,5.7374,61,14.6721,7,0,0,0,0,1,70,1,255,0,0,0,38,2,2,0.5,0.5,0,0,10,0.042458,0.5,80,17,40,19,4,49,12.25,127.8571,80,18.994413,60,21.22905,0.016613,0.529843,1,1,7.336066,0,0.264921,0.264921,0,0,0.31614,0.5,0.727273,0.241379,0.292365,0.12834,0.529843,200,1,0,0,1,1,0,0,0,0,1,1,0,0,0,2,0,0,1,0.8,0.5,1,0.86,1,16,1,1,1,1,1,1,1,0,1,1,0,0,1,20,1,1,1,1,1,8,7,0.888889,0.777778,0.888889,1,0.356814,0,0,0,0,0,0,0,0,0,1,0.96175,1,0.927318,0.016613,0.072682,373.2412,1592,73,88,17,7085.1742,0.307096,0.392822,0,0,0,0,0,0,0,0,0,0,0.635929,0.736256,0.343799,0.576635,0.495453,v5-shortcut-control-v1
dataset-v5,v3,extraction-v2,ranking-aware-v5,seo_weighted_page_quality_v5,63.1579,60.7,входные двери Нижний Новгород,входные двери,commercial,Нижний Новгород,47,https://nn-dveri.ru/,nn-dveri.ru,8,0,,,homepage,ok,,..\dataset-v2\artifacts\query--3939bef30d38924c.json,99ab71a0023a087973e1b219e018b3bb7da6a640,27938,60.7,1525,16373,249,146,0.586345,4.8112,13,19.1538,18,1,2,3,6,1,62,0,0,0,0,0,15,0,0,0,0,0,0,13,0.060241,1,22,13,17,1,1,9,9,13.8333,80,28,60,4.016064,0.093141,0.560484,1,1,11.318182,0.333333,0.560484,0,0,0,0.09304,0.4,0.872727,0,0,0.045461,0.560484,200,1,0,0,1,1,1,0,0,0,1,1,1,0,0,0,0,0,1,1,1,1,1,1,3,0,1,1,1,1,0,0,0,0,0,0,0,1,1,0,1,1,1,0.6,6,4,0.666667,0.444444,0.57037,1,0.681879,1,4,0,3,0,0,0,0,0.5,1,0.932556,1,0.431429,0.093141,0.568571,18.0625,195,18,8,13,5023.6288,0.751851,0.726388,0,0,0,0,0,0,0,0,0,0,0.63346,0.708405,0.458312,0.600016,0.583145,v5-shortcut-control-v1
dataset-v5,v3,extraction-v2,ranking-aware-v5,seo_weighted_page_quality_v5,57.8947,72.4,входные двери Нижний Новгород,входные двери,commercial,Нижний Новгород,47,https://nizhniy-novgorod.straj-dveri.ru/,nizhniy-novgorod.straj-dveri.ru,9,0,,,homepage,ok,,..\dataset-v2\artifacts\query--0b121d4b3e1a79c5.json,2735c1593c99af353049cf99642e76ecfd9697c8,175919,72.4,7475,60000,1071,509,0.475257,5.8506,66,16.2273,22,1,3,5,9,1,78,1,176,0,0,0,26,2,2,0.5,0.5,4,0.5,10,0.024276,1,80,24,40,2,21,61,2.904762,48.6818,80,26.143791,60,1.867414,0.067067,0.557069,1,1,4.890411,0.409091,0.557069,0.278535,0.278535,0.25,0.397747,0.7,0.581818,0.786207,0.809213,0.157527,0.557069,200,1,0,0,1,1,0,0,0,0,1,1,1,0,0,0,0,0,1,1,1,1,1,1,1,1,1,1,1,1,0,0,1,0,1,0,0,1,1,0,1,1,1,0.8,6,7,0.666667,0.777778,0.748148,1,0.519906,0,0,0,0,0,0,0,0,0,1,0.937,1,0.436583,0.067067,0.563417,121.6045,1697,14,5,28,4933.5713,0.55561,0.579207,0,0,0,0,0,0,0,0,0,0,0.698134,0.771964,0.559298,0.6866,0.674791,v5-shortcut-control-v1
dataset-v5,v3,extraction-v2,ranking-aware-v5,seo_weighted_page_quality_v5,52.6316,72.9,входные двери Нижний Новгород,входные двери,commercial,Нижний Новгород,47,https://nizhniy-novgorod.mosdveri.ru/,nizhniy-novgorod.mosdveri.ru,10,0,,,homepage,ok,,..\dataset-v2\artifacts\query--75e5704b52d89373.json,20781795669b1f93932b1b1f183f53646dfbbfad,755135,72.9,9600,60000,1600,1200,0.374345,6.053,90,8.4337,36,1,10,12,18,1,107,1,205,0,0,0,42,2,3,0.5,0.5,9,0.5,8,0.008151,1,80,24,40,16,11,61,5.545455,50.5196,80,25.033961,32.020182,3.104987,0.069564,0.547971,1,1,6.744764,0.313725,0.547971,0.273985,0.273985,0.25,0.547971,0.7,0.054545,0.586207,0.271686,0.20513,0.547971,200,1,0,0,1,1,1,0,0,0,1,1,1,0,0,0,0,0,1,1,1,1,1,1,26,1,1,1,1,1,1,1,1,1,1,1,0,1,32,0,1,1,1,0.8,8,9,0.888889,1,0.896296,1,0.476012,2,2,0,2,1,0,0,0,0.425,1,0.91,1,0.695659,0.069564,0.304341,558.8486,3183,46,20,129,6310.48,0.136275,0.264706,0,0,0,0,0,0,0,0,0,0,0.734824,0.794678,0.583278,0.703495,0.671038,v5-shortcut-control-v1
dataset-v5,v3,extraction-v2,ranking-aware-v5,seo_weighted_page_quality_v5,100.0,27.6,входные двери цена Москва,входные двери,commercial,Москва,213,https://lemanapro.ru/catalogue/vhodnye-dveri/,lemanapro.ru,1,0,,,product,ok,,..\dataset-v2\artifacts\query--0e6717af26c94012.json,3ada38fce4741635a157470633d817af52dd88f8,10065,27.6,77,8264,13,13,1,5,1,13,1,1,0,0,1,1,12,0,0,0,0,0,0,0,0,0,0,0,0,0,0,0,1,0,0,0,0,0,0,13,76.923077,0,0,0,0.009318,0,0,0,13,1,0,0,0,0,0,0,0.218182,0,0,0,0,403,0,0,0,0,0,0,0,0,0,0,1,1,0,0,2,0,0,1,0.8,1,0.75,0.71,1,1,0,0,0,0,0,0,0,0,0,0,0,0,0,0,0,0,0,0,0.2,1,0,0.111111,0,0.103704,1,0.536873,0,0,0,0,0,0,0,0,0,1,0.760695,1,0.509236,0.009318,0.490764,8.1094,40,0,2,0,2907.0574,0.97443,0.896033,0,1,0,0,0.05,1,0.45,0.5,0,0,0.095358,0.15643,0.068649,0.193223,0.15643,v5-shortcut-control-v1
dataset-v5,v3,extraction-v2,ranking-aware-v5,seo_weighted_page_quality_v5,89.4737,74.0,входные двери цена Москва,входные двери,commercial,Москва,213,https://mosdvery.ru/categories/vkhodnye-dveri,mosdvery.ru,3,0,,,content,ok,,..\dataset-v2\artifacts\query--d1fe65e8930b2d87.json,540db44a2458b0accce428cc2aeaa40ecda5ee66,1675398,74.0,9600,60000,1600,1200,0.29376,5.9467,90,18.4206,28,1,10,0,14,1,53,1,176,0,0,0,208,2,2,0.5,0.5,5,0.5,34,0.035177,1,80,24,40,20,107,299,2.794393,180,80,28,12.853036,3.382378,0.029776,0.790369,1,1,11.198864,0.5,0.790369,0.395184,0.395184,0.25,0.790369,0.7,0.963636,0.786207,0.827442,0.232178,0.790369,200,1,0,0,1,1,0,0,0,0,1,0,0,0,0,2,0,0,1,0.8,0,1,0.76,1,6,1,1,1,1,1,1,1,1,1,1,1,1,1,56,1,1,1,1,1,9,9,1,1,1,1,0.201764,0,0,0,0,0,0,0,0,0,0,0.36,1,0.754015,0.029776,0.245985,1429.958,7741,26,16,172,9058.2063,0.051429,0.201072,0,1,0,0,0.05,1,0.45,0.5,0,0,0.843197,0.87578,0.734288,0.746813,0.87578,v5-shortcut-control-v1
dataset-v5,v3,extraction-v2,ranking-aware-v5,seo_weighted_page_quality_v5,78.9474,80.2,входные двери цена Москва,входные двери,commercial,Москва,213,https://onixdoor.ru/,onixdoor.ru,5,0,,,homepage,ok,,..\dataset-v2\artifacts\query--0c4ec190de2549ee.json,20c267aad10e45158d87b0fab5fd62b88cf935b7,503319,80.2,9600,60000,1600,891,0.265179,4.9658,90,30.2703,36,1,9,12,18,1,76,1,112,0,0,0,96,2,2,0.5,0.5,13,0.5,19,0.028571,1,80,24,40,0,1,147,147,27.541,80,28,60,0,0.064189,0.686594,1,1,11.546392,0.204918,0.686594,0.343297,0.343297,0.25,0.686594,0.7,0.618182,0.772414,0.952381,0.18207,0.686594,200,1,0,0,1,1,0,0,0,0,1,1,1,0,0,0,0,0,1,1,1,1,1,1,17,1,1,1,1,1,1,1,1,1,1,1,1,1,4,1,1,0,0,1,9,7,1,0.777778,0.925926,1,0.532452,1,1,0,1,0,0,1,0,0.2375,1,0.91,1,0.474887,0.064189,0.525113,341.4014,4188,16,7,169,6837.6518,0.392926,0.457194,0,1,0,0,0.05,1,0.45,0.5,0,0,0.825249,0.869507,0.702024,0.7708,0.869507,v5-shortcut-control-v1
dataset-v5,v3,extraction-v2,ranking-aware-v5,seo_weighted_page_quality_v5,73.6842,68.3,входные двери цена Москва,входные двери,commercial,Москва,213,https://tskdoors.ru/,tskdoors.ru,6,0,,,homepage,ok,,..\dataset-v2\artifacts\query--725e74f59ee4a8c6.json,f66fe790d3de3c32bbf3c82840e2c66109ce37d4,122711,68.3,6252,60000,912,473,0.51864,5.4715,42,21.7143,36,1,10,12,18,1,98,1,109,0,0,0,107,2,2,0.5,0.25,33,0.75,16,0.117325,1,80,24,40,24,0,8,0,8.8544,80,28,57.017544,35.087719,0.072118,0.723259,1,0.75,8.603774,0.495146,0.723259,0.361629,0.542444,0.375,0.439741,0.7625,0.218182,0.751724,0,0.190056,0.542444,200,1,0,0,0,0,0,0,0,0,1,1,0,0,0,0,0,0,1,1,0.5,0.75,0.85,1,2,0,1,1,1,1,1,1,1,1,1,0,0,1,36,0,1,1,1,0.6,8,7,0.888889,0.777778,0.755556,1,0.499702,0,0,0,0,0,0,0,0,0,1,0.91,1,0.491626,0.072118,0.508374,90.2051,1284,20,1,68,11155.4265,0.557245,0.580434,0,1,0,0,0.05,1,0.45,0.5,0,0,0.751411,0.791863,0.618235,0.723911,0.791863,v5-shortcut-control-v1
dataset-v5,v3,extraction-v2,ranking-aware-v5,seo_weighted_page_quality_v5,68.4211,82.2,входные двери цена Москва,входные двери,commercial,Москва,213,https://www.dverimagnat.ru/,dverimagnat.ru,7,0,,,homepage,ok,,..\dataset-v2\artifacts\query--dfeebb559dd8b30a.json,b3fb302746b0ae02c71c84335f4ffcda58a2313f,769333,82.2,9600,60000,1600,796,0.319294,5.3105,90,11.6495,9,1,8,2,11,1,71,1,240,0,0,0,68,2,1,0.5,0.25,4,0.75,5,0.027276,1,80,24,40,3,2,2,1,180,80,15.643803,30.485359,1.203369,0.025862,0.835278,1,1,4.721591,1.222222,0.835278,0.417639,0.626459,0.375,0.835278,0.7625,0.709091,0.344828,0.909212,0.266699,0.835278,200,1,0,0,1,1,0,0,0,0,1,1,1,0,0,0,0,0,1,1,1,1,1,1,3,1,1,1,1,1,1,1,1,1,1,1,0,1,1,1,1,1,1,1,8,9,0.888889,1,0.962963,1,0.394334,1,1,0,1,1,0,0,0,0.2875,1,0.91225,1,0.886853,0.025862,0.113147,628.3252,3372,78,61,39,5329.2203,0.13592,0.26444,0,1,0,0,0.05,1,0.45,0.5,0,0,0.871222,0.904378,0.730048,0.834707,0.904378,v5-shortcut-control-v1
dataset-v5,v3,extraction-v2,ranking-aware-v5,seo_weighted_page_quality_v5,63.1579,78.6,входные двери цена Москва,входные двери,commercial,Москва,213,https://dozor-dveri.ru/catalog/vhodnie-dveri-ekonom/,dozor-dveri.ru,8,0,,,product,ok,,..\dataset-v2\artifacts\query--8dc0c3112e0996ef.json,205ff7f5f0c55fda2665303a00c67bf3686684f7,571808,78.6,9600,60000,1600,632,0.222928,4.8684,90,19.1554,3,1,2,0,3,1,79,1,172,0,0,0,37,2,2,0.5,0.5,2,0.5,14,0.013051,0.75,80,24,40,0,4,83,20.75,180,46.560847,28,60,0,0.037578,0.703516,1,1,21.477273,1,0.527637,0.351758,0.351758,0.25,0.703516,0.6625,0.563636,0.813793,0.326279,0.156833,0.703516,200,1,0,0,1,1,1,0,0,0,1,1,1,0,0,2,0,0,1,0.8,1,1,0.96,1,7,1,1,1,1,1,1,1,1,1,1,0,1,1,47,1,1,1,1,1,9,8,1,0.888889,0.962963,1,0.485568,0,0,0,0,0,0,0,0,0,1,0.91,1,0.475595,0.037578,0.524405,478.335,4639,7,1,254,4235.7994,0.460488,0.507866,0,1,0,0,0.05,1,0.45,0.5,0,0,0.782443,0.840017,0.617544,0.73116,0.840017,v5-shortcut-control-v1
dataset-v5,v3,extraction-v2,ranking-aware-v5,seo_weighted_page_quality_v5,57.8947,75.1,входные двери цена Москва,входные двери,commercial,Москва,213,https://www.dveri-tut.com/vhodnye-dveri/,dveri-tut.com,9,0,,,content,ok,,..\dataset-v2\artifacts\query--52decca43645985d.json,941009b9e4544d789c206b2706b6d052ea0a6a14,302101,75.1,9600,60000,1600,879,0.347294,5.3821,90,19.9291,15,1,1,0,2,1,134,1,284,0,0,0,127,6,2,0.75,0.5,2,0.5,12,0.050178,1,80,24,40,9,6,97,16.166667,168.7333,80,17.384433,60,3.555907,0.111028,0.81789,1,1,3.834848,0.133333,0.81789,0.613417,0.408945,0.375,0.81789,0.7875,0,0.041379,0.327407,0.284048,0.81789,200,1,0,0,1,1,1,0,0,0,1,1,0,0,0,1,0,0,1,0.9,0.5,1,0.88,1,7,1,1,1,1,1,1,1,1,1,1,0,1,1,35,1,1,1,1,1,9,8,1,0.888889,0.962963,1,0.554242,2,2,0,2,1,0,0,1,0.525,1,0.91,1,0.65,0.111028,0.35,161.0039,2875,35,5,44,6109.2604,0.359289,0.431967,0,1,0,0,0.05,1,0.45,0.5,0,0,0.87865,0.905513,0.724834,0.815033,0.905513,v5-shortcut-control-v1
dataset-v5,v3,extraction-v2,ranking-aware-v5,seo_weighted_page_quality_v5,52.6316,77.4,входные двери цена Москва,входные двери,commercial,Москва,213,https://msc.rusdver.net/,msc.rusdver.net,10,0,,,homepage,ok,,..\dataset-v2\artifacts\query--ec818ac818880ecb.json,c21449801b111903e2a1aa00c750fa4e930e2475,728955,77.4,9600,60000,1600,982,0.370008,5.0381,85,31.2235,21,1,6,1,8,1,68,1,179,0,0,0,60,1,0,0.25,0,5,0.5,7,0.022607,1,80,24,40,2,14,218,15.571429,126.381,80,28,24.868124,0.75358,0.032907,0.661146,1,1,4.232855,0.380952,0.661146,0.165287,0.330573,0.125,0.661146,0.6125,0.763636,0.765517,0.75358,0.244629,0.661146,200,1,0,0,1,1,1,0,0,0,1,1,1,0,0,0,0,0,1,1,1,1,1,1,10,1,1,1,1,1,1,1,1,1,1,0,0,1,11,1,1,1,1,1,8,8,0.888889,0.888889,0.925926,1,0.544463,1,4,0,3,1,0,0,1,0.75,1,0.91,1,0.856032,0.032907,0.143968,541.9688,4718,93,1,129,13768.7068,0.281845,0.373884,0,1,0,0,0.05,1,0.45,0.5,0,0,0.781919,0.839165,0.624166,0.727396,0.839165,v5-shortcut-control-v1
dataset-v5,v3,extraction-v2,ranking-aware-v5,seo_weighted_page_quality_v5,100.0,70.2,входные двери цена Санкт-Петербург,входные двери,commercial,Санкт-Петербург,2,https://spb.dveri-tmk.ru/catalog/vhodnye-dveri/,spb.dveri-tmk.ru,1,0,,,product,ok,,..\dataset-v2\artifacts\query--d39f8c4e82e79728.json,130ce7a621b31444003e8fb96bb9c76e721383f2,650441,70.2,9600,60000,1600,1020,0.164888,4.5065,90,8.2261,22,2,4,12,18,1,74,1,249,0,0,0,51,4,2,0.8,0.4,6,0.4,13,0.008244,1,80,24,40,1,3,3,1,180,80,28,23.440026,0.161655,0.090348,0.50311,1,1,8.054688,1.090909,0.50311,0.402488,0.201244,0.32,0.50311,0.78,0.654545,0.282759,0.274814,0.082957,0.50311,200,1,0,0,0,0,0,0,0,0,1,1,1,0,0,2,0,0,1,0.8,1,0.75,0.91,1,3,0,1,0,1,1,1,0,1,1,1,0,0,1,3,1,1,1,1,0.6,6,6,0.666667,0.666667,0.644444,1,0.42716,0,0,0,0,0,0,0,0,0,1,0.91,1,0.56,0.090348,0.44,427.8877,5223,28,11,316,7548.2416,0.261517,0.358638,0,1,0,0,0,1,0.4,0.4,0,0,0.662432,0.672432,0.552636,0.653963,0.672432,v5-shortcut-control-v1
dataset-v5,v3,extraction-v2,ranking-aware-v5,seo_weighted_page_quality_v5,94.7368,27.8,входные двери цена Санкт-Петербург,входные двери,commercial,Санкт-Петербург,2,https://spb.lemanapro.ru/catalogue/vhodnye-dveri/,spb.lemanapro.ru,2,0,,,product,ok,,..\dataset-v2\artifacts\query--42219a4cb27a840b.json,0a6f2486a3e92c89defc2e024f181439c4b8013d,10071,27.8,77,8264,13,13,1,5,1,13,1,1,0,0,1,1,12,0,0,0,0,0,0,0,0,0,0,0,0,0,0,0,1,0,0,0,0,0,0,13,76.923077,0,0,0,0.009318,0.063222,0,0,13,1,0,0,0,0,0.000548,0,0.218182,0,0,0.000457,0,403,0,0,0,0,0,0,0,0,0,0,1,1,0,0,2,0,0,1,0.8,1,0.75,0.71,1,1,0,0,0,0,0,0,0,0,0,0,0,0,0,0,0,0,0,0,0.2,1,0,0.111111,0,0.103704,1,0.536196,0,0,0,0,0,0,0,0,0,1,0.760695,1,0.509236,0.009318,0.490764,8.1094,40,0,2,0,3368.95,0.97443,0.893323,0,1,0,0,0,1,0.4,0.4,0,0,0.108532,0.165213,0.081997,0.20347,0.165213,v5-shortcut-control-v1
dataset-v5,v3,extraction-v2,ranking-aware-v5,seo_weighted_page_quality_v5,89.4737,82.3,входные двери цена Санкт-Петербург,входные двери,commercial,Санкт-Петербург,2,https://spb.dverimagnat.ru/,spb.dverimagnat.ru,3,0,,,homepage,ok,,..\dataset-v2\artifacts\query--afee565060f8bcd9.json,67ff59a55da1240eba7db4a9cff4058728fb10b2,758285,82.3,9600,60000,1600,762,0.308252,5.2864,90,11.6056,9,1,8,2,11,1,81,1,253,0,0,0,80,3,2,0.6,0.4,6,0.8,7,0.032362,1,80,24,33,3,2,2,1,180,80,15.776699,13.349515,1.213592,0.025713,0.733806,1,1,5.096907,1.222222,0.733806,0.440284,0.587045,0.48,0.733806,0.81,0.527273,0.255172,0.921251,0.226197,0.733806,200,1,0,0,1,1,0,0,0,0,1,1,1,0,0,0,0,0,1,1,1,1,1,1,3,1,1,1,1,1,1,1,1,1,1,1,0,1,1,1,1,1,1,1,8,9,0.888889,1,0.962963,1,0.394399,1,1,0,1,1,0,0,0,0.2875,1,0.91225,1,0.887507,0.025713,0.112493,624.166,3287,77,61,39,11000.3633,0.137139,0.265354,0,1,0,0,0,1,0.4,0.4,0,0,0.841678,0.884825,0.687526,0.812679,0.884825,v5-shortcut-control-v1
dataset-v5,v3,extraction-v2,ranking-aware-v5,seo_weighted_page_quality_v5,78.9474,79.0,входные двери цена Санкт-Петербург,входные двери,commercial,Санкт-Петербург,2,https://spb.mall-of-doors.ru/,spb.mall-of-doors.ru,5,0,,,homepage,ok,,..\dataset-v2\artifacts\query--22c10632f9d53246.json,ac0084ad8d8c959f64f21eb7311ff313c4f444e6,952927,79.0,9600,60000,1600,937,0.257559,5.1712,90,17.8333,5,1,5,5,11,1,131,1,191,0,0,0,154,3,5,0.6,0.8,12,0.6,10,0.042331,1,80,24,40,8,6,38,6.333333,180,80,17.86696,25.013744,2.19901,0.029723,0.613739,1,1,5.925081,2.2,0.613739,0.368243,0.368243,0.36,0.613739,0.76,0,0.682759,0.588968,0.158074,0.613739,200,1,0,0,1,1,0,0,0,0,1,1,1,0,0,0,0,0,1,1,1,1,1,1,4,1,1,1,1,1,1,1,1,1,1,0,1,1,1,1,1,1,1,1,9,8,1,0.888889,0.962963,1,0.313824,0,0,0,0,0,0,0,0,0,1,0.91,1,0.869963,0.029723,0.130037,783.8887,4354,99,33,65,9993.4002,0.070345,0.215259,0,1,0,0,0,1,0.4,0.4,0,0,0.80829,0.858945,0.676358,0.762567,0.858945,v5-shortcut-control-v1
dataset-v5,v3,extraction-v2,ranking-aware-v5,seo_weighted_page_quality_v5,73.6842,70.2,входные двери цена Санкт-Петербург,входные двери,commercial,Санкт-Петербург,2,https://dverineva.ru/,dverineva.ru,6,0,,,homepage,ok,,..\dataset-v2\artifacts\query--b6eca37f0ef3b345.json,ab4afe3700b014804ca325d84d9c5596ca63b19f,961943,70.2,9600,60000,1600,1200,0.314663,5.3791,90,8.211,36,2,10,7,18,1,83,1,248,0,0,0,245,3,5,0.4,0.6,6,0.4,13,0.041966,0.8,80,24,40,2,14,117,8.357143,85.8529,72.970195,28,33.059267,0.342583,0.053934,0.612618,1,1,13.704225,0.5,0.490094,0.245047,0.245047,0.16,0.612618,0.61,0.490909,0.289655,0.480895,0.192768,0.612618,200,1,0,0,0,0,0,0,0,0,1,1,1,0,0,0,0,0,1,1,1,0.75,0.95,1,70,1,1,1,1,1,1,1,1,1,1,0,1,1,5,1,1,1,1,1,9,8,1,0.888889,0.962963,1,0.414093,1,1,0,1,1,0,0,0,0.2875,1,0.91,1,0.764038,0.053934,0.235962,749.0625,5116,54,27,212,7152.0688,0.080548,0.222911,0,1,0,0,0,1,0.4,0.4,0,0,0.750196,0.816071,0.622337,0.689754,0.816071,v5-shortcut-control-v1
dataset-v5,v3,extraction-v2,ranking-aware-v5,seo_weighted_page_quality_v5,68.4211,77.5,входные двери цена Санкт-Петербург,входные двери,commercial,Санкт-Петербург,2,https://doors-lux.ru/,doors-lux.ru,7,0,,,homepage,ok,,..\dataset-v2\artifacts\query--87751a863659d52b.json,1bf62a4943f86e0108ff0e95871aa79ed8ecab76,416441,77.5,9600,60000,1600,1200,0.359062,6.0936,90,18.262,36,1,10,12,18,1,103,1,186,0,0,0,269,3,2,0.4,0.4,11,0.6,13,0.054354,1,80,24,40,16,5,63,12.6,86.8246,68.700748,28,17.983431,3.232976,0.142479,0.573348,1,1,14.555882,0.789474,0.573348,0.229339,0.344009,0.24,0.573348,0.69,0.127273,0.717241,0.188186,0.205868,0.573348,200,1,0,0,1,1,1,0,0,0,1,1,1,0,0,0,0,0,1,1,1,1,1,1,2,1,1,1,1,1,1,1,1,1,1,0,1,1,23,1,1,1,1,1,9,8,1,0.888889,0.962963,1,0.566006,1,1,0,1,1,0,0,0,0.2875,1,0.91,1,0.431429,0.142479,0.568571,276.8877,3839,18,2,158,11910.2639,0.447273,0.497955,0,1,0,0,0,1,0.4,0.4,0,0,0.782725,0.840024,0.653297,0.730165,0.840024,v5-shortcut-control-v1
dataset-v5,v3,extraction-v2,ranking-aware-v5,seo_weighted_page_quality_v5,63.1579,74.8,входные двери цена Санкт-Петербург,входные двери,commercial,Санкт-Петербург,2,https://dveri-reg.ru/,dveri-reg.ru,8,0,,,homepage,ok,,..\dataset-v2\artifacts\query--263f0434379c5f81.json,762c3bc6ad0ebbf49491e0edd07604e6df15da20,345557,74.8,9600,60000,1600,772,0.389309,5.8482,69,28.7391,36,1,1,1,3,1,81,1,305,0,0,0,66,3,4,0.4,0.6,1,0.2,14,0.033283,1,80,24,40,1,3,18,6,55.0833,80,28,60,0.504286,0.065747,0.674724,1,1,3.009105,0.083333,0.674724,0.26989,0.134945,0.08,0.674724,0.59,0.527273,0,0.89057,0.262676,0.674724,200,1,0,0,1,1,1,0,0,0,1,1,1,0,0,0,0,0,1,1,1,1,1,1,5,1,1,1,1,1,1,1,1,1,1,0,0,1,4,1,1,1,1,1,8,8,0.888889,0.888889,0.925926,1,0.404956,0,0,0,0,0,0,0,0,0,1,0.91,1,0.66093,0.065747,0.33907,218.2324,2868,31,14,161,11445.8824,0.277672,0.370754,0,1,0,0,0,1,0.4,0.4,0,0,0.782428,0.838822,0.587927,0.723241,0.838822,v5-shortcut-control-v1
dataset-v5,v3,extraction-v2,ranking-aware-v5,seo_weighted_page_quality_v5,57.8947,73.3,входные двери цена Санкт-Петербург,входные двери,commercial,Санкт-Петербург,2,https://www.mk-doors.ru/dveri/vhodnye-dveri/,mk-doors.ru,9,0,,,content,ok,,..\dataset-v2\artifacts\query--2178addd7295e60f.json,a58f4dc9ec22a9db3d159809cd9e17358bc2e742,1181405,73.3,9600,60000,1600,896,0.245681,4.9452,90,36.47,36,1,7,0,8,1,80,1,220,0,0,0,99,3,3,0.6,0.6,6,0.6,15,0.027146,0.8,80,24,40,0,1,5,5,35.4078,80,28,60,0,0.023726,0.543693,1,1,8.068584,0.07767,0.434954,0.326216,0.326216,0.36,0.543693,0.73,0.545455,0.482759,0.723883,0.133575,0.543693,200,1,0,0,1,1,1,0,0,0,1,1,1,0,0,2,0,0,1,0.8,1,1,0.96,1,9,1,1,1,1,1,1,1,1,1,1,0,1,1,3,1,1,1,1,1,9,8,1,0.888889,0.962963,1,0.496469,3,4,0,4,1,0,0,1,0.8,1,0.91,1,0.896201,0.023726,0.103799,980.4141,7879,77,55,329,3372.5657,0.012769,0.172077,0,1,0,0,0,1,0.4,0.4,0,0,0.746105,0.815617,0.60563,0.70173,0.815617,v5-shortcut-control-v1
dataset-v5,v3,extraction-v2,ranking-aware-v5,seo_weighted_page_quality_v5,52.6316,75.3,входные двери цена Санкт-Петербург,входные двери,commercial,Санкт-Петербург,2,https://steelline-spb.ru/catalog/vhodnye-dveri/,steelline-spb.ru,10,0,,,product,ok,,..\dataset-v2\artifacts\query--f9e9f1eb09087659.json,6162d23d78e212c2d3ff51735c53e5f64d6383e8,1065093,75.3,9600,60000,1600,630,0.226374,5.4556,49,38,13,1,5,0,6,1,72,1,192,0,0,0,42,2,6,0.4,0.8,13,0.8,9,0.015092,0.8,80,24,40,1,5,110,22,180,80,28,60,0.359324,0.022361,0.539599,1,1,6.412442,0.461538,0.431679,0.21584,0.431679,0.32,0.539599,0.71,0.690909,0.675862,0.402443,0.122151,0.539599,200,1,0,0,1,1,0,0,0,0,1,1,1,0,0,2,0,0,1,0.8,1,1,0.96,1,8,0,1,1,1,1,1,1,1,1,1,1,1,1,1,1,1,1,1,0.8,9,8,1,0.888889,0.896296,1,0.302435,0,0,0,0,0,0,0,0,0,1,0.91,1,0.902171,0.022361,0.097829,844.6279,6995,105,39,228,13825.2386,0.05255,0.201912,0,1,0,0,0,1,0.4,0.4,0,0,0.722071,0.785113,0.599897,0.686494,0.785113,v5-shortcut-control-v1
dataset-v5,v3,extraction-v2,ranking-aware-v5,seo_weighted_page_quality_v5,100.0,78.0,входные двери цена Екатеринбург,входные двери,commercial,Екатеринбург,54,https://ekb.rusdver.net/,ekb.rusdver.net,1,0,,,homepage,ok,,..\dataset-v2\artifacts\query--af5924c13bf5d0b1.json,980bcab6a85c152cdf4983c90ecd421a6044566a,3269397,78.0,9600,60000,1600,1137,0.348026,5.1809,90,23.3357,34,1,9,1,11,1,75,1,186,0,0,0,84,1,0,0.25,0,5,0.5,7,0.025712,1,80,24,40,2,14,218,15.571429,96.0882,80,28,22.65075,0.612182,0.007335,0.550233,1,1,4.847181,0.323529,0.550233,0.137558,0.275116,0.125,0.550233,0.6125,0.636364,0.717241,0.857055,0.191495,0.550233,200,1,0,0,1,1,1,0,0,0,1,1,1,0,0,0,0,0,1,1,1,1,1,1,11,1,1,1,1,1,1,1,1,1,1,0,0,1,11,1,1,1,1,1,8,8,0.888889,0.888889,0.925926,1,0.491968,1,4,0,4,1,0,0,1,0.8,1,0.91,1,0.967908,0.007335,0.032092,2860.541,23292,134,7,136,13919.4779,0.084375,0.225781,0,1,0,0,0.05,1,0.45,0.5,0,0,0.742614,0.812338,0.569612,0.692667,0.812338,v5-shortcut-control-v1
dataset-v5,v3,extraction-v2,ranking-aware-v5,seo_weighted_page_quality_v5,94.7368,73.6,входные двери цена Екатеринбург,входные двери,commercial,Екатеринбург,54,https://dveron.ru/vhodnye-dveri,dveron.ru,2,0,,,content,ok,,..\dataset-v2\artifacts\query--f7ed9219a1083ba0.json,36a4e6af32e77db1c546e50f93f3cb43424930fc,704253,73.6,9600,60000,1600,896,0.183494,5.4264,90,23.5894,29,1,2,2,5,1,97,1,255,0,0,0,86,2,4,0.5,0.5,6,0.5,11,0.017612,1,80,24,40,24,66,508,7.69697,168.3793,80,19.864837,60,14.130657,0.072975,0.689234,1,1,6.753804,0.172414,0.689234,0.344617,0.344617,0.25,0.689234,0.7,0.236364,0.241379,0.587071,0.12647,0.689234,200,1,0,0,1,1,1,0,0,0,1,1,1,0,0,1,0,0,1,0.9,1,1,0.98,1,11,1,1,1,1,1,1,1,1,1,0,0,0,1,65,1,1,1,1,1,8,7,0.888889,0.777778,0.888889,1,0.378261,0,0,0,0,0,0,0,0,0,1,0.91,1,0.680734,0.072975,0.319266,472.0479,6010,58,31,97,5830.8208,0.161705,0.283779,0,1,0,0,0.05,1,0.45,0.5,0,0,0.804559,0.85602,0.621541,0.756751,0.85602,v5-shortcut-control-v1
dataset-v5,v3,extraction-v2,ranking-aware-v5,seo_weighted_page_quality_v5,89.4737,69.7,входные двери цена Екатеринбург,входные двери,commercial,Екатеринбург,54,https://ekaterinburg.gigant-dveri.ru/,ekaterinburg.gigant-dveri.ru,3,0,,,homepage,ok,,..\dataset-v2\artifacts\query--7eeeb73fd045f167.json,44752c113c83ac1d7b54eab16e5ab3443ef84e82,346572,69.7,9600,60000,1600,930,0.380057,5.1226,90,9.5214,36,1,5,0,6,1,56,1,177,0,0,0,111,1,2,0.25,0.25,4,0.5,18,0.045362,1,80,24,40,24,19,46,2.421053,32.1974,63.751532,28,55.578259,13.077237,0.060064,0.492132,1,1,15.685897,0.078947,0.492132,0.123033,0.246066,0.125,0.492132,0.6125,0.981818,0.77931,0.487944,0.187038,0.492132,200,1,0,0,0,0,0,0,0,0,1,1,1,0,0,0,0,0,1,1,1,0.75,0.95,1,3,1,1,1,1,1,1,1,1,1,1,1,0,1,1,1,1,1,1,1,8,9,0.888889,1,0.962963,1,0.39285,0,0,0,0,0,0,0,0,0,1,0.91,1,0.73722,0.060064,0.26278,269.3965,2579,39,6,146,5027.5098,0.314825,0.398619,0,1,0,0,0.05,1,0.45,0.5,0,0,0.717899,0.794159,0.539714,0.662099,0.794159,v5-shortcut-control-v1
dataset-v5,v3,extraction-v2,ranking-aware-v5,seo_weighted_page_quality_v5,84.2105,66.8,входные двери цена Екатеринбург,входные двери,commercial,Екатеринбург,54,https://ekat.steklodom.com/catalog/vhodnye-dveri/,ekat.steklodom.com,4,0,,,product,ok,,..\dataset-v2\artifacts\query--7667bbaa27dceaf6.json,56e14af19f68f59a905b46e6fb4e6a43724be2db,888209,66.8,9600,60000,1600,571,0.25121,5.0009,90,23.433,36,0,0,9,9,1,85,1,194,0,0,0,50,3,4,0.75,0.5,0,0,14,0.021997,1,80,24,40,6,11,239,21.727273,41.3273,80,28,60,2.639683,0.018514,0.635887,1,1,8.577358,0.163636,0.635887,0.476915,0,0,0.635887,0.6625,0.454545,0.662069,0.733245,0.159741,0.635887,200,1,0,0,0,0,0,0,0,0,1,1,0,0,0,2,0,0,1,0.8,0.5,0.75,0.81,1,3,0,1,1,1,1,0,1,0,1,1,0,0,1,3,1,1,1,1,0.8,7,6,0.777778,0.666667,0.748148,1,0.302176,0,0,0,0,0,0,0,0,0,1,0.91,1,0.919001,0.018514,0.080999,772.75,3368,107,50,210,11580.3341,0.073608,0.217706,0,1,0,0,0.05,1,0.45,0.5,0,0,0.724177,0.782765,0.594217,0.663116,0.782765,v5-shortcut-control-v1
dataset-v5,v3,extraction-v2,ranking-aware-v5,seo_weighted_page_quality_v5,78.9474,26.8,входные двери цена Екатеринбург,входные двери,commercial,Екатеринбург,54,https://ekaterinburg.lemanapro.ru/catalogue/vhodnye-dveri/,ekaterinburg.lemanapro.ru,5,0,,,product,ok,,..\dataset-v2\artifacts\query--47bc0cc4682c0c2e.json,6dccda1ce9497c0f8c7c41bed49f796b934db76b,10091,26.8,77,8264,13,13,1,5,1,13,1,1,0,0,1,1,12,0,0,0,0,0,0,0,0,0,0,0,0,0,0,0,1,0,0,0,0,0,0,13,76.923077,0,0,0,0.009318,0.026137,0,0,13,1,0,0,0,0,0.000227,0,0.218182,0,0,0.000189,0,403,0,0,0,0,0,0,0,0,0,0,1,1,0,0,2,0,0,1,0.8,1,0.75,0.71,1,1,0,0,0,0,0,0,0,0,0,0,0,0,0,0,0,0,0,0,0.2,1,0,0.111111,0,0.103704,1,0.53716,0,0,0,0,0,0,0,0,0,1,0.760695,1,0.509236,0.009318,0.490764,8.1094,40,0,2,0,2867.6681,0.97443,0.897182,0,1,0,0,0.05,1,0.45,0.5,0,0,0.102692,0.161319,0.076079,0.198927,0.161319,v5-shortcut-control-v1
dataset-v5,v3,extraction-v2,ranking-aware-v5,seo_weighted_page_quality_v5,73.6842,76.7,входные двери цена Екатеринбург,входные двери,commercial,Екатеринбург,54,https://dverhome.ru/,dverhome.ru,6,0,,,homepage,ok,,..\dataset-v2\artifacts\query--a2531738d4015ae9.json,63c414daf25ca025b12019ff91ba4c55421e9bf5,317174,76.7,9600,60000,1600,874,0.510514,5.8621,90,14.1488,36,1,0,12,14,1,82,1,155,0,0,0,78,2,2,0.25,0.25,1,0.25,9,0.045561,1,80,14,40,24,4,26,6.5,45.0526,80,8.17757,60,22.780374,0.064074,0.543477,1,1,9.058201,0.368421,0.543477,0.135869,0.135869,0.0625,0.543477,0.55,0.509091,0.931034,0.481308,0.263888,0.543477,200,1,0,0,1,1,1,0,0,0,1,1,1,0,0,0,0,0,1,1,1,1,1,1,3,1,1,1,1,1,1,1,1,1,1,0,1,1,2,1,1,1,1,1,9,8,1,0.888889,0.962963,1,0.636274,2,4,0,6,1,0,1,1,0.85,1,0.9685,1,0.719675,0.064074,0.280325,195.2324,1510,67,30,14,9075.7033,0.378359,0.446269,0,1,0,0,0.05,1,0.45,0.5,0,0,0.750519,0.815377,0.625663,0.683948,0.815377,v5-shortcut-control-v1
dataset-v5,v3,extraction-v2,ranking-aware-v5,seo_weighted_page_quality_v5,68.4211,76.9,входные двери цена Екатеринбург,входные двери,commercial,Екатеринбург,54,https://dvernoyekb.ru/catalog/vhodnye-dveri,dvernoyekb.ru,7,0,,,product,ok,,..\dataset-v2\artifacts\query--ff44643aec698320.json,76e8155b110d742d0fcc451a2f64fa099e1d3247,963761,76.9,9600,60000,1600,649,0.286534,5.0177,25,38,9,1,0,0,1,1,105,1,250,0,0,0,48,2,2,0.5,0.5,2,0.5,33,0.021192,1,80,24,40,0,130,22,0.169231,180,80,23.84106,60,0,0.016707,0.67502,1,1,5.510949,0.111111,0.67502,0.33751,0.33751,0.25,0.67502,0.7,0.090909,0.275862,0.706402,0.193416,0.67502,200,1,0,0,1,1,1,0,0,0,1,1,1,1,1,2,0,0,1,0.8,1,1,0.96,1,10,1,1,1,1,1,1,1,1,1,1,0,0,1,6,0,1,1,1,0.8,8,8,0.888889,0.888889,0.859259,1,0.430738,2,2,0,2,1,0,0,0,0.425,1,0.91,1,0.875479,0.016707,0.124521,834.6738,4864,31,10,54,8761.3525,0.134574,0.263431,0,1,0,0,0.05,1,0.45,0.5,0,0,0.777739,0.823299,0.568283,0.736951,0.823299,v5-shortcut-control-v1
dataset-v5,v3,extraction-v2,ranking-aware-v5,seo_weighted_page_quality_v5,63.1579,78.0,входные двери цена Екатеринбург,входные двери,commercial,Екатеринбург,54,https://ekaterinburg.mall-of-doors.ru/,ekaterinburg.mall-of-doors.ru,8,0,,,homepage,ok,,..\dataset-v2\artifacts\query--007d0d8e8053cdf2.json,f26c3c44b9fd9de1457bc16d6a0c3b1ea23ae824,952511,78.0,9600,60000,1600,931,0.257681,5.181,90,17.7108,5,1,5,5,11,1,128,1,188,0,0,0,139,2,4,0.5,0.75,10,0.5,5,0.038472,1,80,24,40,8,6,38,6.333333,180,80,17.99059,25.186825,2.214226,0.029566,0.65033,1,1,5.884365,2.2,0.65033,0.325165,0.325165,0.25,0.65033,0.7,0,0.703448,0.717594,0.167577,0.65033,200,1,0,0,1,1,0,0,0,0,1,1,1,0,0,0,0,0,1,1,1,1,1,1,4,1,1,1,1,1,1,1,1,1,1,0,1,1,1,1,1,1,1,1,9,8,1,0.888889,0.962963,1,0.313661,0,0,0,0,0,0,0,0,0,1,0.91,1,0.870647,0.029566,0.129353,783.7354,4352,99,33,65,9422.3364,0.07039,0.215292,0,1,0,0,0.05,1,0.45,0.5,0,0,0.812058,0.860395,0.684193,0.758425,0.860395,v5-shortcut-control-v1
dataset-v5,v3,extraction-v2,ranking-aware-v5,seo_weighted_page_quality_v5,57.8947,76.5,входные двери цена Екатеринбург,входные двери,commercial,Екатеринбург,54,https://ekaterenburg.estetdveri.ru/catalog/vkhodnye-dveri/,ekaterenburg.estetdveri.ru,9,0,,,product,ok,,..\dataset-v2\artifacts\query--65d7ab43351e5144.json,0c68f0e02ca61e8da1dcbdef09f5f87a0c88f5dc,623108,76.5,9600,60000,1600,989,0.477778,5.9169,90,13.0189,32,1,1,2,4,1,125,1,217,0,0,0,66,2,3,0.5,0.75,6,0.5,13,0.031884,1,80,24,40,7,0,20,0,64.6875,48.309179,28,27.05314,3.381643,0.027498,0.693694,1,0.75,20.7,0.125,0.693694,0.346847,0.346847,0.25,0.693694,0.7,0,0.503448,0.937198,0.331432,0.520271,200,1,0,0,1,1,0,0,0,0,1,1,1,0,0,2,0,0,1,0.8,1,1,0.96,1,4,1,1,1,0,1,1,1,1,1,1,1,0,1,4,1,1,1,1,1,7,9,0.777778,1,0.925926,1,0.32432,0,0,0,0,0,0,0,0,0,1,0.91,1,0.879698,0.027498,0.120302,548.5078,2001,73,53,72,10120.4332,0.139304,0.266978,0,1,0,0,0.05,1,0.45,0.5,0,0,0.759126,0.827112,0.633132,0.73062,0.827112,v5-shortcut-control-v1
dataset-v5,v3,extraction-v2,ranking-aware-v5,seo_weighted_page_quality_v5,52.6316,75.2,входные двери цена Екатеринбург,входные двери,commercial,Екатеринбург,54,https://ekaterinburg.dverimagnat.ru/kvartirnye-dveri/,ekaterinburg.dverimagnat.ru,10,0,,,content,ok,,..\dataset-v2\artifacts\query--30410413d2718e2b.json,30ab58221b60800610445293f909e39b9fed9c7a,1456563,75.2,9600,60000,1600,923,0.243922,5.194,90,12.3257,12,1,9,6,16,1,98,1,237,0,0,0,100,3,3,0.5,0.5,4,0.5,6,0.026427,1,80,24,40,12,4,42,10.5,180,80,19.556025,15.063425,3.171247,0.019219,0.763755,1,1,6.132901,1.333333,0.763755,0.381877,0.381877,0.25,0.763755,0.7,0.218182,0.365517,0.880902,0.186296,0.763755,200,1,0,0,1,1,0,0,0,0,1,1,1,0,0,1,0,0,1,0.9,1,1,0.98,1,4,1,1,1,1,1,1,1,1,1,1,1,0,1,1,1,1,1,1,1,8,9,0.888889,1,0.962963,1,0.361021,1,1,0,1,1,0,0,0,0.2875,1,0.91,1,0.915917,0.019219,0.084083,1253.6367,5317,107,66,74,6347.4683,0,0.1625,0,1,0,0,0.05,1,0.45,0.5,0,0,0.831666,0.874743,0.675122,0.782181,0.874743,v5-shortcut-control-v1
dataset-v5,v3,extraction-v2,ranking-aware-v5,seo_weighted_page_quality_v5,100.0,82.1,входные двери цена Новосибирск,входные двери,commercial,Новосибирск,65,https://novosibirsk.dverimagnat.ru/,novosibirsk.dverimagnat.ru,1,0,,,homepage,ok,,..\dataset-v2\artifacts\query--e66192ce32892d4d.json,ae023b808d7f85266f18fcf0087273837c8b5f9e,754550,82.1,9600,60000,1600,739,0.303865,5.2911,90,11.5261,9,1,8,2,11,1,77,1,249,0,0,0,68,2,1,0.5,0.25,4,0.75,5,0.027961,1,80,24,18,3,2,2,1,180,80,16.036184,7.401316,1.233553,0.025371,0.756416,1,1,5.174468,1.222222,0.756416,0.378208,0.567312,0.375,0.756416,0.7625,0.6,0.282759,0.932018,0.229848,0.756416,200,1,0,0,1,1,0,0,0,0,1,1,1,0,0,0,0,0,1,1,1,1,1,1,3,1,1,1,1,1,1,1,1,1,1,1,0,1,1,1,1,1,1,1,8,9,0.888889,1,0.962963,1,0.394085,1,1,0,1,1,0,0,0,0.2875,1,0.91225,1,0.889001,0.025371,0.110999,623.084,3259,78,61,39,5500.4267,0.137456,0.265592,0,1,0,0,0.2,1,0.45,0.25,0,0,0.841944,0.883973,0.690039,0.806021,0.883973,v5-shortcut-control-v1
dataset-v5,v3,extraction-v2,ranking-aware-v5,seo_weighted_page_quality_v5,94.7368,77.4,входные двери цена Новосибирск,входные двери,commercial,Новосибирск,65,https://novosibirsk.estetdveri.ru/catalog/vkhodnye-dveri/,novosibirsk.estetdveri.ru,2,0,,,product,ok,,..\dataset-v2\artifacts\query--ca6b59ff112c8246.json,2ea2914f3e688ffb19a0db38d99f112fe1b9851d,620090,77.4,9600,60000,1600,989,0.477778,5.915,90,13.0189,32,1,1,2,4,1,124,1,215,0,0,0,66,2,3,0.5,0.75,6,0.5,13,0.031884,1,80,24,40,7,0,20,0,64.6875,48.309179,28,27.05314,3.381643,0.027616,0.624058,1,0.75,20.7,0.125,0.624058,0.312029,0.312029,0.25,0.624058,0.7,0,0.517241,0.937198,0.298161,0.468044,200,1,0,0,1,1,0,0,0,0,1,1,1,0,0,2,0,0,1,0.8,1,1,0.96,1,4,1,1,1,0,1,1,1,1,1,1,1,0,1,4,1,1,1,1,1,7,9,0.777778,1,0.925926,1,0.324578,0,0,0,0,0,0,0,0,0,1,0.91,1,0.879182,0.027616,0.120818,546.1523,2001,73,53,72,9266.9101,0.139994,0.267495,0,1,0,0,0.2,1,0.45,0.25,0,0,0.73484,0.810269,0.598238,0.707379,0.810269,v5-shortcut-control-v1
dataset-v5,v3,extraction-v2,ranking-aware-v5,seo_weighted_page_quality_v5,89.4737,27.0,входные двери цена Новосибирск,входные двери,commercial,Новосибирск,65,https://novosibirsk.lemanapro.ru/catalogue/vhodnye-dveri/,novosibirsk.lemanapro.ru,3,0,,,product,ok,,..\dataset-v2\artifacts\query--1e60f53167802453.json,23aeb5d8a626b113193c096225b839cd017010d9,10089,27.0,77,8264,13,13,1,5,1,13,1,1,0,0,1,1,12,0,0,0,0,0,0,0,0,0,0,0,0,0,0,0,1,0,0,0,0,0,0,13,76.923077,0,0,0,0.009318,0,0,0,13,1,0,0,0,0,0,0,0.218182,0,0,0,0,403,0,0,0,0,0,0,0,0,0,0,1,1,0,0,2,0,0,1,0.8,1,0.75,0.71,1,1,0,0,0,0,0,0,0,0,0,0,0,0,0,0,0,0,0,0,0.2,1,0,0.111111,0,0.103704,1,0.537772,0,0,0,0,0,0,0,0,0,1,0.760695,1,0.509236,0.009318,0.490764,8.1094,40,0,2,0,2783.7975,0.97443,0.899629,0,1,0,0,0.2,1,0.45,0.25,0,0,0.092622,0.154606,0.065877,0.191095,0.154606,v5-shortcut-control-v1
dataset-v5,v3,extraction-v2,ranking-aware-v5,seo_weighted_page_quality_v5,84.2105,77.3,входные двери цена Новосибирск,входные двери,commercial,Новосибирск,65,https://novosibirsk.mosdveri.ru/,novosibirsk.mosdveri.ru,4,0,,,homepage,ok,,..\dataset-v2\artifacts\query--07d7214f2ea984be.json,1759d9c893cb917c2f4ebbde27882c24e4b6816d,755001,77.3,9600,60000,1600,1200,0.37449,6.055,90,8.4728,36,1,10,12,18,1,103,1,199,0,0,0,70,2,4,0.5,0.75,9,0.5,7,0.013611,1,80,24,40,16,11,61,5.545455,50.4216,80,25.082637,32.082442,3.111025,0.069394,0.64666,1,1,6.731675,0.313725,0.64666,0.32333,0.32333,0.25,0.64666,0.7,0.127273,0.627586,0.453691,0.242167,0.64666,200,1,0,0,1,1,1,0,0,0,1,1,1,0,0,0,0,0,1,1,1,1,1,1,29,1,1,1,1,1,1,1,1,1,1,1,0,1,32,0,1,1,1,0.8,8,9,0.888889,1,0.896296,1,0.475819,2,2,0,2,1,0,0,0,0.425,1,0.91,1,0.696401,0.069394,0.303599,558.9863,3183,46,20,129,6326.9115,0.136234,0.264676,0,1,0,0,0.2,1,0.45,0.25,0,0,0.770723,0.819473,0.631515,0.737173,0.819473,v5-shortcut-control-v1
dataset-v5,v3,extraction-v2,ranking-aware-v5,seo_weighted_page_quality_v5,78.9474,73.6,входные двери цена Новосибирск,входные двери,commercial,Новосибирск,65,https://nsk-dveri.ru/,nsk-dveri.ru,5,0,,,homepage,ok,,..\dataset-v2\artifacts\query--721b89e5e6e2ff37.json,59cc2b682ad82c2e54de172f8d33a85fbe1a96f2,733232,73.6,9600,60000,1600,715,0.373563,6.0758,85,22.5176,1,1,0,7,8,1,79,1,152,0,0,0,80,1,3,0.25,0.5,2,0.5,19,0.041797,0.75,80,22,40,0,2,9,4.5,180,80,11.494253,60,0,0.024811,0.593159,1,1,4.098501,8,0.444869,0.14829,0.296579,0.125,0.593159,0.575,0.563636,0.951724,0.455068,0.221582,0.593159,200,1,0,0,1,1,0,0,0,0,1,1,1,0,0,0,0,0,1,1,1,1,1,1,5,1,1,1,0,1,1,0,1,1,1,1,1,1,4,1,1,1,1,1,7,9,0.777778,1,0.925926,1,0.417069,1,1,0,1,1,0,0,0,0.2875,1,0.9505,1,0.891453,0.024811,0.108547,561.0293,3278,76,49,22,8362.3316,0.212303,0.321727,0,1,0,0,0.2,1,0.45,0.25,0,0,0.695268,0.781849,0.609311,0.663008,0.781849,v5-shortcut-control-v1
dataset-v5,v3,extraction-v2,ranking-aware-v5,seo_weighted_page_quality_v5,73.6842,65.3,входные двери цена Новосибирск,входные двери,commercial,Новосибирск,65,https://shop-nsk.ru/,shop-nsk.ru,6,0,,,homepage,ok,,..\dataset-v2\artifacts\query--3247a31ede2ab4d7.json,243789af19ef3c2fa163d84ef69678d8b6bb85c6,773749,65.3,9600,60000,1600,736,0.372658,5.4922,90,15.8,30,0,8,0,8,1,72,1,310,0,0,0,49,3,8,0.5,0.5,4,0.5,12,0.02481,0.75,80,24,40,24,3,27,9,65.8333,80,15.696203,59.240506,12.658228,0.020556,0.396135,1,1,6.763699,0.266667,0.297101,0.198068,0.198068,0.25,0.396135,0.6625,0.690909,0,0.620253,0.147623,0.396135,200,1,0,0,0,0,0,0,0,0,1,1,1,0,0,0,0,0,1,1,1,0.75,0.95,1,5,1,1,1,1,1,1,1,1,1,1,0,0,1,1,1,1,1,1,1,8,8,0.888889,0.888889,0.925926,1,0.324949,0,0,0,0,0,0,0,0,0,1,0.93025,1,0.910067,0.020556,0.089933,650.2959,3897,98,19,31,10134.9661,0.15615,0.279613,0,1,0,0,0.2,1,0.45,0.25,0,0,0.658453,0.755226,0.467858,0.620516,0.755226,v5-shortcut-control-v1
dataset-v5,v3,extraction-v2,ranking-aware-v5,seo_weighted_page_quality_v5,68.4211,75.3,входные двери цена Новосибирск,входные двери,commercial,Новосибирск,65,https://novosibirsk.metaldveri.ru/,novosibirsk.metaldveri.ru,7,0,,,homepage,ok,,..\dataset-v2\artifacts\query--5febab80319893d4.json,09aaeb6f1db55fefa3d000b69067db04f5e6b77c,363321,75.3,9600,60000,1600,940,0.270893,5.3406,90,14.0486,36,1,5,1,7,1,79,1,242,0,0,0,123,2,2,0.5,0.5,4,0.5,7,0.035447,1,80,24,40,24,3,35,11.666667,51.0294,80,28,60,10.37464,0.11415,0.571753,1,1,6.130742,0.102941,0.571753,0.285876,0.285876,0.25,0.571753,0.7,0.563636,0.331034,0.818444,0.154884,0.571753,200,1,0,0,1,1,1,0,0,0,1,1,0,0,0,0,0,0,1,1,0.5,1,0.9,1,2,1,1,1,1,1,1,1,1,1,1,0,1,1,10,1,1,1,1,1,9,8,1,0.888889,0.962963,1,0.399909,0,0,0,0,0,0,0,0,0,1,0.91,1,0.65,0.11415,0.35,217.8311,2630,77,23,130,5751.8565,0.236182,0.339637,0,1,0,0,0.2,1,0.45,0.25,0,0,0.775225,0.832403,0.639551,0.706861,0.832403,v5-shortcut-control-v1
dataset-v5,v3,extraction-v2,ranking-aware-v5,seo_weighted_page_quality_v5,63.1579,25.1,входные двери цена Новосибирск,входные двери,commercial,Новосибирск,65,https://www.avito.ru/novosibirsk/remont_i_stroitelstvo/dveri/vxodnye-ASgBAgICAkRYnEvYpBSA9Y4D,avito.ru,8,0,,,content,ok,,..\dataset-v2\artifacts\query--06e46da3613ebdc5.json,8bf36ed87b366ac543016fb7b794cd3b9a06ee03,34402,25.1,947,28943,133,90,0.676692,5.8421,12,11.0833,11,0,1,0,1,1,31,0,0,0,0,0,0,0,0,0,0,0,0,0,0,0,1,1,0,1,1,2,2,12.0909,7.518797,7.518797,0,7.518797,0.032719,0.049152,0,0.75,80,0.090909,0,0,0,0,0.004358,0,0.563636,0,0,0.002458,0.036864,429,0,0,0,0,0,0,0,0,0,0,1,1,0,0,4,0,0,1,0.6,1,0.75,0.67,1,1,0,0,0,0,1,0,0,0,1,0,0,0,1,1,1,0,1,1,0.4,2,3,0.222222,0.333333,0.318519,1,0.569567,0,0,0,0,0,0,0,0,0,1,0.879278,1,0.471138,0.032719,0.528862,29.1826,60,5,1,1,5367.7683,0.943504,0.870128,0,1,0,0,0.2,1,0.45,0.25,0,0,0.190228,0.229943,0.077255,0.235452,0.229943,v5-shortcut-control-v1
dataset-v5,v3,extraction-v2,ranking-aware-v5,seo_weighted_page_quality_v5,57.8947,65.2,входные двери цена Новосибирск,входные двери,commercial,Новосибирск,65,https://nsk.d-arsenal.ru/,nsk.d-arsenal.ru,9,0,,,homepage,ok,,..\dataset-v2\artifacts\query--8a96bc09039fae5c.json,f03d6199d74f0d0318ebf377d9420e11761d52a9,294766,65.2,4220,60000,625,314,0.5024,5.6016,25,25,2,0,3,0,3,1,123,1,157,0,0,0,39,3,1,0.5,0.25,0,0,29,0.0624,1,80,17,40,0,4,12,3,180,80,27.2,60,0,0.018368,0.632703,1,1,3.612717,1.5,0.632703,0.316352,0,0,0.263626,0.575,0,0.917241,0,0.110372,0.632703,200,1,0,0,0,0,0,0,0,0,1,1,1,0,0,0,0,0,1,1,1,0.75,0.95,1,1,1,1,1,1,1,1,1,0,1,1,1,0,1,1,1,1,1,1,1,8,8,0.888889,0.888889,0.925926,1,0.367221,0,0,0,0,0,0,0,0,0,1,0.96175,1,0.919642,0.018368,0.080358,231.9033,1726,75,14,17,7548.8091,0.352365,0.426774,0,1,0,0,0.2,1,0.45,0.25,0,0,0.76078,0.822351,0.49297,0.692813,0.822351,v5-shortcut-control-v1
dataset-v5,v3,extraction-v2,ranking-aware-v5,seo_weighted_page_quality_v5,52.6316,56.8,входные двери цена Новосибирск,входные двери,commercial,Новосибирск,65,https://www.novodoor-nsk.ru/,novodoor-nsk.ru,10,0,,,homepage,ok,,..\dataset-v2\artifacts\query--fc3d2fea0e8b01a5.json,63253060418df4b9fe99386080c7d63f3c7fb251,583745,56.8,3199,60000,454,265,0.5837,5.8877,17,26.7059,36,1,0,0,1,1,83,1,308,0,0,0,30,0,2,0,0.25,0,0,8,0.066079,1,59,24,0,0,14,93,6.642857,9.4583,80,28,0,0,0.005736,0.658585,1,0.75,7.694915,0.020833,0.658585,0,0,0,0.199332,0.4,0.490909,0,0,0.096958,0.493939,200,1,0,0,0,0,0,0,0,0,1,1,1,0,0,0,0,0,1,1,1,0.75,0.95,1,1,1,0,1,1,1,0,1,0,1,0,0,0,1,3,1,1,1,1,0.8,6,5,0.666667,0.555556,0.674074,1,0.439344,0,0,0,0,0,0,0,0,0,1,0.92575,1,0.679192,0.005736,0.320808,547.8594,756,12,12,33,4952.5319,0.464423,0.510817,0,1,0,0,0.2,1,0.45,0.25,0,0,0.656829,0.632568,0.435068,0.608746,0.632568,v5-shortcut-control-v1
dataset-v5,v3,extraction-v2,ranking-aware-v5,seo_weighted_page_quality_v5,100.0,81.0,входные двери цена Казань,входные двери,commercial,Казань,43,https://kazan.dverimagnat.ru/,kazan.dverimagnat.ru,1,0,,,homepage,ok,,..\dataset-v2\artifacts\query--a6fa8ca7d8104d09.json,424cdc9ea2059a801292be2fc2fb9c68e3e6af21,754977,81.0,9600,60000,1600,752,0.30883,5.2452,90,11.6507,9,1,8,2,11,1,71,1,232,0,0,0,68,2,1,0.5,0.25,4,0.75,5,0.027926,1,80,24,26,3,2,2,1,180,80,16.016427,10.677618,1.232033,0.025221,0.644253,1,1,5.094142,1.222222,0.644253,0.322126,0.48319,0.375,0.644253,0.7625,0.709091,0.4,0.930869,0.198964,0.644253,200,1,0,0,1,1,0,0,0,0,1,1,1,0,0,0,0,0,1,1,1,1,1,1,3,1,1,1,1,1,1,1,1,1,1,1,0,1,1,1,1,1,1,1,8,9,0.888889,1,0.962963,1,0.393942,1,1,0,1,1,0,0,0,0.2875,1,0.91225,1,0.889657,0.025221,0.110343,622.7119,3271,77,61,39,5424.7459,0.137565,0.265674,0,1,0,0,0.05,1,0.45,0.5,0,0,0.800304,0.85495,0.63572,0.765222,0.85495,v5-shortcut-control-v1
dataset-v5,v3,extraction-v2,ranking-aware-v5,seo_weighted_page_quality_v5,94.7368,27.6,входные двери цена Казань,входные двери,commercial,Казань,43,https://kazan.lemanapro.ru/catalogue/vhodnye-dveri/,kazan.lemanapro.ru,2,0,,,product,ok,,..\dataset-v2\artifacts\query--92499ad9bd812743.json,086f06c334c600d84d5f61a5592876ef93f39500,10076,27.6,77,8264,13,13,1,5,1,13,1,1,0,0,1,1,12,0,0,0,0,0,0,0,0,0,0,0,0,0,0,0,1,0,0,0,0,0,0,13,76.923077,0,0,0,0.009318,0.022348,0,0,13,1,0,0,0,0,0.000194,0,0.218182,0,0,0.000161,0,403,0,0,0,0,0,0,0,0,0,0,1,1,0,0,2,0,0,1,0.8,1,0.75,0.71,1,1,0,0,0,0,0,0,0,0,0,0,0,0,0,0,0,0,0,0,0.2,1,0,0.111111,0,0.103704,1,0.536196,0,0,0,0,0,0,0,0,0,1,0.760695,1,0.509236,0.009318,0.490764,8.1094,40,0,2,0,3041.167,0.97443,0.893323,0,1,0,0,0.05,1,0.45,0.5,0,0,0.102095,0.160922,0.075475,0.198463,0.160922,v5-shortcut-control-v1
dataset-v5,v3,extraction-v2,ranking-aware-v5,seo_weighted_page_quality_v5,89.4737,77.1,входные двери цена Казань,входные двери,commercial,Казань,43,https://kazan.mosdveri.ru/,kazan.mosdveri.ru,3,0,,,homepage,ok,,..\dataset-v2\artifacts\query--a2aa2b174b1999f6.json,a58f3f601a80d1b56fc4a4d0d02666398e5696ae,753982,77.1,9600,60000,1600,1200,0.374393,6.0418,90,8.4239,36,1,10,12,18,1,97,1,195,0,0,0,70,2,4,0.5,0.75,9,0.5,7,0.0136,1,80,24,40,16,11,61,5.545455,50.4608,80,25.063144,32.057509,3.108607,0.069474,0.604636,1,1,6.736911,0.313725,0.604636,0.302318,0.302318,0.25,0.604636,0.7,0.236364,0.655172,0.453339,0.226371,0.604636,200,1,0,0,1,1,1,0,0,0,1,1,1,0,0,0,0,0,1,1,1,1,1,1,29,1,1,1,1,1,1,1,1,1,1,1,0,1,32,0,1,1,1,0.8,8,9,0.888889,1,0.896296,1,0.475953,2,2,0,2,1,0,0,0,0.425,1,0.91,1,0.696053,0.069474,0.303947,558.1201,3183,46,20,129,6643.0863,0.136488,0.264866,0,1,0,0,0.05,1,0.45,0.5,0,0,0.755436,0.808915,0.610972,0.722832,0.808915,v5-shortcut-control-v1
dataset-v5,v3,extraction-v2,ranking-aware-v5,seo_weighted_page_quality_v5,84.2105,25.3,входные двери цена Казань,входные двери,commercial,Казань,43,https://mirdverey-kazan.ru/,mirdverey-kazan.ru,4,0,,,homepage,ok,,..\dataset-v2\artifacts\query--59f4994bb66a094a.json,f34d9829c7162d536da2844f4908d435ac1f56bf,87761,25.3,44,60000,7,7,1,5.2857,1,7,2,0,1,0,1,0,0,0,0,0,0,0,0,0,0,0,0,0,0,0,0,0,0,8,0,0,0,0,0,3.5,0,28,0,0,0.000516,0,0,0.25,7,0.5,0,0,0,0,0,0,0,0,0,0,0,200,1,0,0,0,0,1,1,1,0,0,1,0,0,0,0,0,0,1,1,0.5,0.75,0.65,0,0,0,1,0,0,1,0,0,0,1,0,0,0,0,0,0,0,1,1,0.2,1,4,0.111111,0.444444,0.251852,1,0.5028,0,0,0,0,0,0,0,0,0,1,0.738111,1,0.586314,0.000516,0.413686,83.667,49,3,1,8,2682.5628,0.916859,0.859403,0,1,0,0,0.05,1,0.45,0.5,0,0,0.108499,0.207917,0.066843,0.18828,0.207917,v5-shortcut-control-v1
dataset-v5,v3,extraction-v2,ranking-aware-v5,seo_weighted_page_quality_v5,78.9474,66.1,входные двери цена Казань,входные двери,commercial,Казань,43,https://vhodnye-dveri-kazan.ru/,vhodnye-dveri-kazan.ru,5,0,,,homepage,ok,,..\dataset-v2\artifacts\query--c5cdf52f63ca223a.json,3975b931f503626ccf81f3893f617d702fa33cef,144135,66.1,1980,60000,303,166,0.547855,5.2013,19,15.9474,11,1,0,0,1,1,48,1,313,0,0,0,32,2,2,0.5,0.5,0,0,29,0.105611,0.75,80,24,40,0,0,7,0,27.5455,80,28,60,0,0.017283,0.374279,1,0.75,3.366667,0.090909,0.280709,0.187139,0,0,0.075604,0.5375,0.872727,0,0,0.034517,0.280709,200,1,0,0,1,1,0,0,0,0,1,1,1,0,0,0,0,0,1,1,1,1,1,1,1,1,1,1,1,1,1,0,0,1,1,0,0,1,1,1,1,1,1,1,7,7,0.777778,0.777778,0.851852,1,0.406437,0,0,0,0,0,0,0,0,0,1,0.91,1,0.78296,0.017283,0.21704,115.7588,726,24,20,53,12087.9792,0.448277,0.498708,0,1,0,0,0.05,1,0.45,0.5,0,0,0.597764,0.715772,0.323981,0.580011,0.715772,v5-shortcut-control-v1
dataset-v5,v3,extraction-v2,ranking-aware-v5,seo_weighted_page_quality_v5,73.6842,27.5,входные двери цена Казань,входные двери,commercial,Казань,43,https://kazan.megastroy.com/catalog/dveri-vhodnye,kazan.megastroy.com,6,0,,,product,ok,,..\dataset-v2\artifacts\query--95ec69dbf831c4e5.json,4e0d896534dab1c6450fd3b6f1d4b0de1d50fdc6,3692,27.5,201,1343,29,29,1,5.7586,2,14.5,1,1,0,0,1,1,10,0,0,0,0,0,0,0,0,0,0,0,0,0,0,0,0,1,0,0,0,0,0,29,0,28,0,0,0.149665,0.04574,0,0.25,29,1,0,0,0,0,0.000884,0,0.181818,0,0,0.000737,0.011435,403,0,0,0,0,0,0,0,0,0,0,1,0,0,0,2,0,0,1,0.8,0.5,0.75,0.61,1,1,0,1,0,0,0,0,0,0,0,0,0,0,0,0,0,0,0,0,0.4,2,1,0.222222,0.111111,0.244444,1,0.60635,0,0,0,0,0,0,0,0,0,1,0.775667,1,0.238571,0.149665,0.761429,1.4062,18,3,1,1,3875.5499,0.967737,0.888303,0,1,0,0,0.05,1,0.45,0.5,0,0,0.153215,0.309931,0.071075,0.204421,0.309931,v5-shortcut-control-v1
dataset-v5,v3,extraction-v2,ranking-aware-v5,seo_weighted_page_quality_v5,68.4211,74.1,входные двери цена Казань,входные двери,commercial,Казань,43,https://kzn.rusdver.net/doors/,kzn.rusdver.net,7,0,,,content,ok,,..\dataset-v2\artifacts\query--199088e5b96dd5b9.json,00004f2d4971cec70f0ab6627668a10ccbfdc376,621900,74.1,9600,60000,1600,1062,0.408304,5.4433,90,24.7714,23,1,1,1,3,1,75,1,198,0,0,0,74,2,2,0.5,0.5,2,0.5,8,0.028451,1,80,24,40,4,18,477,26.5,113.087,80,28,28.450596,1.53787,0.038207,0.41992,1,1,6.297821,0.130435,0.41992,0.20996,0.20996,0.25,0.41992,0.7,0.636364,0.634483,0.948353,0.171455,0.41992,200,1,0,0,1,1,1,0,0,0,1,1,1,0,0,1,0,0,1,0.9,1,1,0.98,1,10,1,1,1,1,1,1,1,1,1,0,1,1,1,2,1,1,1,1,1,9,8,1,0.888889,0.962963,1,0.595141,1,4,0,4,1,1,0,1,0.95,1,0.91,1,0.832844,0.038207,0.167156,475.1553,4306,66,6,77,11427.2764,0.254544,0.353408,0,1,0,0,0.05,1,0.45,0.5,0,0,0.726596,0.800855,0.540764,0.674848,0.800855,v5-shortcut-control-v1
dataset-v5,v3,extraction-v2,ranking-aware-v5,seo_weighted_page_quality_v5,63.1579,69.0,входные двери цена Казань,входные двери,commercial,Казань,43,https://kazan.dveri-ideal.ru/vxodnyie-dveri/,kazan.dveri-ideal.ru,8,0,,,content,ok,,..\dataset-v2\artifacts\query--7ea42801ff4acfbc.json,47c39df82939836fbce58664a7fbaf2726837dd2,487804,69.0,9600,60000,1600,1200,0.440229,5.9735,90,27.3922,36,1,9,6,16,1,89,1,183,0,0,0,76,2,3,0.5,0.5,9,0.5,10,0.027201,1,80,24,40,24,6,99,16.5,30.043,80,19.685039,60,23.264137,0.05338,0.362424,1,1,9.872792,0.172043,0.362424,0.181212,0.181212,0.25,0.362424,0.7,0.381818,0.737931,0.906705,0.15955,0.362424,200,1,0,0,1,1,1,0,0,0,1,1,1,0,0,1,0,0,1,0.9,1,1,0.98,1,8,0,1,1,1,1,1,0,1,1,0,1,1,1,6,1,1,1,1,0.8,8,7,0.888889,0.777778,0.822222,1,0.36156,0,0,0,0,0,0,0,0,0,1,0.91,1,0.766464,0.05338,0.233536,385.915,3376,39,17,55,6866.979,0.186939,0.302704,0,1,0,0,0.05,1,0.45,0.5,0,0,0.665682,0.746409,0.553822,0.635227,0.746409,v5-shortcut-control-v1
dataset-v5,v3,extraction-v2,ranking-aware-v5,seo_weighted_page_quality_v5,57.8947,69.9,входные двери цена Казань,входные двери,commercial,Казань,43,https://kazan.ds-doors.ru/catalog/vhodnye-dveri/,kazan.ds-doors.ru,9,0,,,product,ok,,..\dataset-v2\artifacts\query--1151501206e43170.json,451c49148d42e60b74f4f8b5984cd20cbc482c7d,270350,69.9,8193,60000,1223,557,0.455437,5.5029,40,30.575,3,1,1,1,3,1,73,1,82,0,0,0,42,2,0,0.5,0,2,0.5,12,0.034342,1,80,23,40,7,6,76,12.666667,180,80,18.806214,53.965658,5.72363,0.037836,0.385635,1,1,11.873786,1,0.385635,0.192818,0.192818,0.25,0.314421,0.7,0.672727,0.565517,0.855274,0.119333,0.385635,200,1,0,0,1,1,1,0,0,0,1,1,1,0,0,2,0,0,1,0.8,1,1,0.96,1,2,0,1,0,1,1,1,1,1,1,0,0,0,1,4,0,1,1,1,0.4,7,5,0.777778,0.555556,0.577778,1,0.388484,0,0,0,0,0,0,0,0,0,1,0.94825,1,0.834467,0.037836,0.165533,219.1748,1419,70,14,23,9560.306,0.370205,0.440154,0,1,0,0,0.05,1,0.45,0.5,0,0,0.612475,0.623091,0.447676,0.608198,0.623091,v5-shortcut-control-v1
dataset-v5,v3,extraction-v2,ranking-aware-v5,seo_weighted_page_quality_v5,52.6316,71.1,входные двери цена Казань,входные двери,commercial,Казань,43,https://sk-doors.ru/,sk-doors.ru,10,0,,,homepage,ok,,..\dataset-v2\artifacts\query--065b76cf58beaecd.json,91b0f64351735d199499620fa7e6fab334cd1864,355769,71.1,9600,60000,1600,733,0.265291,5.3207,90,15.6989,19,1,3,1,5,1,90,1,237,0,0,0,165,3,0,0.5,0,3,0.25,33,0.059718,1,80,24,40,0,96,295,3.072917,145.4211,73.470865,28,23.887079,0,0.069606,0.503025,1,1,13.610837,0.263158,0.503025,0.251513,0.125756,0.125,0.503025,0.6375,0.363636,0.365517,0.00941,0.133448,0.503025,200,1,0,0,1,1,1,0,0,0,1,1,1,0,0,0,0,0,1,1,1,1,1,1,3,1,1,1,1,1,1,1,1,1,0,0,0,1,3,1,1,1,1,1,8,7,0.888889,0.777778,0.888889,1,0.397028,0,0,0,0,0,0,0,0,0,1,0.91,1,0.682617,0.069606,0.317383,269.3408,2697,34,12,144,6107.818,0.264306,0.36073,0,1,0,0,0.05,1,0.45,0.5,0,0,0.729078,0.803362,0.532,0.682464,0.803362,v5-shortcut-control-v1
dataset-v5,v3,extraction-v2,ranking-aware-v5,seo_weighted_page_quality_v5,100.0,27.6,входные двери цена Краснодар,входные двери,commercial,Краснодар,35,https://krasnodar.lemanapro.ru/catalogue/vhodnye-dveri/,krasnodar.lemanapro.ru,1,0,,,product,ok,,..\dataset-v2\artifacts\query--f3b8d3b55630239b.json,b815440df342242273cf4b10ef38ecbba7b1bb86,10085,27.6,77,8264,13,13,1,5,1,13,1,1,0,0,1,1,12,0,0,0,0,0,0,0,0,0,0,0,0,0,0,0,1,0,0,0,0,0,0,13,76.923077,0,0,0,0.009318,0,0,0,13,1,0,0,0,0,0,0,0.218182,0,0,0,0,403,0,0,0,0,0,0,0,0,0,0,1,1,0,0,2,0,0,1,0.8,1,0.75,0.71,1,1,0,0,0,0,0,0,0,0,0,0,0,0,0,0,0,0,0,0,0.2,1,0,0.111111,0,0.103704,1,0.53833,0,0,0,0,0,0,0,0,0,1,0.760695,1,0.509236,0.009318,0.490764,8.1094,40,0,2,0,2707.2638,0.97443,0.901861,0,1,0,0,0.2,1,0.45,0.25,0,0,0.094056,0.155562,0.067329,0.19221,0.155562,v5-shortcut-control-v1
dataset-v5,v3,extraction-v2,ranking-aware-v5,seo_weighted_page_quality_v5,94.7368,72.6,входные двери цена Краснодар,входные двери,commercial,Краснодар,35,https://dveri-ntd.ru/,dveri-ntd.ru,2,0,,,homepage,ok,,..\dataset-v2\artifacts\query--a03cb3460a371f3a.json,41ad390c6a85d44683b92c054e38215e85b27edb,514407,72.6,9600,60000,1600,675,0.388154,4.9477,64,27.1719,29,1,8,0,9,1,55,1,165,0,0,0,45,0,1,0,0.25,4,0.25,16,0.025877,1,80,24,40,15,0,38,0,59.9655,80,28,60,8.625647,0.026202,0.249337,1,0.75,9.201058,0.310345,0.249337,0,0.062334,0,0.249337,0.4625,1,0.862069,0.862565,0.093501,0.187003,200,1,0,0,1,1,1,0,0,0,1,1,1,0,0,0,0,0,1,1,1,1,1,1,3,1,1,1,1,1,1,1,1,1,1,1,1,1,39,1,1,0,1,1,9,8,1,0.888889,0.962963,1,0.402251,1,1,0,1,1,0,0,0,0.2875,1,0.91,1,0.885368,0.026202,0.114632,412.4561,3428,51,29,100,6542.4831,0.179163,0.296872,0,1,0,0,0.2,1,0.45,0.25,0,0,0.619536,0.727138,0.469443,0.575956,0.727138,v5-shortcut-control-v1
dataset-v5,v3,extraction-v2,ranking-aware-v5,seo_weighted_page_quality_v5,89.4737,72.6,входные двери цена Краснодар,входные двери,commercial,Краснодар,35,https://dveri-estetika.ru/,dveri-estetika.ru,3,0,,,homepage,ok,,..\dataset-v2\artifacts\query--1391d5c33bebe1b4.json,458b8cca9dd1e831d6b3e44fa0df75eababcffdf,447549,72.6,6453,60000,907,368,0.405733,5.9515,24,37.7917,26,2,10,3,16,1,48,1,142,0,0,0,52,1,3,0.25,0.75,4,0.5,17,0.057332,0.75,80,24,40,11,2,14,7,34.8846,80,28,60,12.127894,0.017167,0.402448,1,1,4.031111,0.615385,0.301836,0.100612,0.201224,0.125,0.243347,0.575,0.872727,0.97931,0.066703,0.082278,0.402448,200,1,0,0,1,1,1,0,0,0,1,1,1,0,0,0,0,0,1,1,1,1,1,1,5,1,1,1,0,1,1,1,1,0,1,1,1,1,1,1,1,1,1,1,8,8,0.888889,0.888889,0.925926,1,0.537868,1,4,0,5,1,0,0,1,0.85,1,0.91,1,0.924893,0.017167,0.075107,373.4346,1669,63,51,77,23455.6049,0.205151,0.316363,0,1,0,0,0.2,1,0.45,0.25,0,0,0.653049,0.751796,0.492844,0.617463,0.751796,v5-shortcut-control-v1
dataset-v5,v3,extraction-v2,ranking-aware-v5,seo_weighted_page_quality_v5,84.2105,64.7,входные двери цена Краснодар,входные двери,commercial,Краснодар,35,https://tandoor.ru/,tandoor.ru,4,0,,,homepage,ok,,..\dataset-v2\artifacts\query--024a5aa033413b14.json,12a6485b288e4888d1d3b3618a668f21a5a67885,1469957,64.7,9600,60000,1600,1085,0.399485,6.7979,35,38,34,0,3,0,3,1,103,1,138,0,0,0,96,0,3,0,0.5,0,0,1,0.035346,1,80,24,40,0,27,138,5.111111,79.8824,80,25.773196,60,0,0.017185,0.167268,0.25,1,2.586667,0.088235,0.167268,0,0,0,0.167268,0.2125,0.127273,0.951724,0.821797,0.066821,0.167268,200,1,0,0,1,1,1,0,0,0,1,1,1,0,0,0,0,0,1,1,1,1,1,1,3,0,1,1,1,1,0,1,1,1,1,0,1,1,18,1,1,1,1,0.8,8,7,0.888889,0.777778,0.822222,1,0.286921,0,0,0,0,0,0,0,0,0,1,0.91,1,0.924814,0.017185,0.075186,1248.0566,6750,62,31,70,7320.5183,0,0.1625,0,1,0,0,0.2,1,0.45,0.25,0,0,0.546823,0.664131,0.368223,0.522519,0.664131,v5-shortcut-control-v1
dataset-v5,v3,extraction-v2,ranking-aware-v5,seo_weighted_page_quality_v5,78.9474,76.4,входные двери цена Краснодар,входные двери,commercial,Краснодар,35,https://krasnodar.mosdveri.ru/,krasnodar.mosdveri.ru,5,0,,,homepage,ok,,..\dataset-v2\artifacts\query--481e20f44dd6bdd0.json,27587c0137dc65618ddb5600e46c7fd669325f55,754823,76.4,9600,60000,1600,1200,0.374781,6.0543,90,8.4662,36,1,10,12,18,1,101,1,198,0,0,0,70,2,4,0.5,0.75,9,0.5,7,0.013621,1,80,24,40,16,11,61,5.545455,50.3824,80,25.10216,32.107414,3.113446,0.069359,0.592264,1,1,6.72644,0.313725,0.592264,0.296132,0.296132,0.25,0.592264,0.7,0.163636,0.634483,0.454044,0.221969,0.592264,200,1,0,0,1,1,1,0,0,0,1,1,1,0,0,0,0,0,1,1,1,1,1,1,29,1,1,1,1,1,1,1,1,1,1,1,0,1,32,0,1,1,1,0.8,8,9,0.888889,1,0.896296,1,0.475786,2,2,0,2,1,0,0,0,0.425,1,0.91,1,0.696555,0.069359,0.303445,558.8867,3183,46,20,129,7299.264,0.136264,0.264698,0,1,0,0,0.2,1,0.45,0.25,0,0,0.750936,0.805806,0.604953,0.71861,0.805806,v5-shortcut-control-v1
dataset-v5,v3,extraction-v2,ranking-aware-v5,seo_weighted_page_quality_v5,73.6842,74.6,входные двери цена Краснодар,входные двери,commercial,Краснодар,35,https://krd.rusdver.net/doors/,krd.rusdver.net,6,0,,,content,ok,,..\dataset-v2\artifacts\query--81744a11d1860e70.json,d6e195257a4f476b97aa1a06d01dcaf54618c7de,697790,74.6,9600,60000,1600,1200,0.404677,5.3456,90,27.0088,22,1,1,1,3,1,79,1,202,0,0,0,72,2,2,0.5,0.5,2,0.5,8,0.023384,1,80,24,40,4,18,671,37.277778,139.9545,80,25.3329,24.033777,1.299123,0.039512,0.460442,1,1,7.013667,0.136364,0.460442,0.230221,0.230221,0.25,0.460442,0.7,0.563636,0.606897,0.779474,0.18633,0.460442,200,1,0,0,1,1,1,0,0,0,1,1,1,0,0,1,0,0,1,0.9,1,1,0.98,1,12,1,1,1,1,1,1,1,1,1,0,1,1,1,2,1,1,1,1,1,9,8,1,0.888889,0.962963,1,0.593319,1,4,0,4,1,1,0,1,0.95,1,0.91,1,0.827135,0.039512,0.172865,534.3008,5297,64,6,78,11560.3656,0.237217,0.340413,0,1,0,0,0.2,1,0.45,0.25,0,0,0.741336,0.811036,0.560531,0.688676,0.811036,v5-shortcut-control-v1
dataset-v5,v3,extraction-v2,ranking-aware-v5,seo_weighted_page_quality_v5,68.4211,65.7,входные двери цена Краснодар,входные двери,commercial,Краснодар,35,https://prodverikrd.ru/,prodverikrd.ru,7,0,,,homepage,ok,,..\dataset-v2\artifacts\query--4a3067ee25a5106f.json,7deea22bbc917f329c1e4994fa89ce613c6c1e0e,208042,65.7,4900,60000,785,305,0.388535,5.0497,27,29.0741,1,1,4,0,5,1,48,1,173,0,0,0,32,1,1,0.25,0.25,0,0,21,0.040764,0.75,80,24,40,20,22,83,3.772727,180,80,28,59.872611,25.477707,0.031369,0.131338,1,1,4.197861,5,0.098504,0.032835,0,0,0.068734,0.45,0.872727,0.806897,0.480892,0.022254,0.131338,200,1,0,0,1,1,0,0,0,0,1,1,1,0,0,0,0,0,1,1,1,1,1,1,4,1,1,1,1,1,1,1,0,1,0,0,0,1,1,1,1,0,1,1,8,5,0.888889,0.555556,0.814815,1,0.468866,1,1,0,1,1,0,0,0,0.2875,1,0.91,1,0.759902,0.031369,0.240098,162.0098,1553,27,13,41,4344.1966,0.367153,0.437865,0,1,0,0,0.2,1,0.45,0.25,0,0,0.551379,0.681835,0.302459,0.523842,0.681835,v5-shortcut-control-v1
dataset-v5,v3,extraction-v2,ranking-aware-v5,seo_weighted_page_quality_v5,63.1579,75.8,входные двери цена Краснодар,входные двери,commercial,Краснодар,35,https://modern-dveri.ru/catalog/vkhodnye-dveri/,modern-dveri.ru,8,0,,,product,ok,,..\dataset-v2\artifacts\query--6cf88001e261eeef.json,847bb3aa11f3621117d6f4305c23e48741b0d2c0,1720011,75.8,9600,60000,1600,712,0.158539,5.3888,29,38,3,1,1,1,3,1,61,1,304,0,0,0,142,2,2,0.5,0.5,6,0.5,10,0.031619,1,80,24,40,0,3,204,68,180,80,28,60,0,0.025342,0.483536,1,1,5.240373,1,0.483536,0.241768,0.241768,0.25,0.483536,0.7,0.890909,0,0.94604,0.076659,0.483536,200,1,0,0,1,1,0,0,0,0,1,1,1,0,0,2,0,0,1,0.8,1,1,0.96,1,2,1,1,1,1,1,0,1,1,1,1,0,0,1,5,1,1,1,1,1,7,8,0.777778,0.888889,0.888889,1,0.295843,0,0,0,0,0,0,0,0,0,1,0.91,1,0.889127,0.025342,0.110873,1260.2705,12166,70,35,282,9177.1188,0,0.1625,0,1,0,0,0.2,1,0.45,0.25,0,0,0.708086,0.790188,0.495968,0.671607,0.790188,v5-shortcut-control-v1
dataset-v5,v3,extraction-v2,ranking-aware-v5,seo_weighted_page_quality_v5,57.8947,69.4,входные двери цена Краснодар,входные двери,commercial,Краснодар,35,https://linedoor-yug.ru/,linedoor-yug.ru,9,0,,,homepage,ok,,..\dataset-v2\artifacts\query--5a28d6f0ff64b9ad.json,2548f36507d74219f6fb9ead48fdb28cdef8953c,241168,69.4,9600,60000,1401,407,0.290507,6.4118,82,17.0854,8,1,7,8,16,1,155,1,241,0,0,0,191,4,2,0.75,0.5,2,0.25,33,0.136331,0.75,80,24,40,8,4,29,7.25,175.125,80,28,60,5.710207,0.069477,0.420238,1,1,6.117904,2,0.315179,0.315179,0.10506,0.1875,0.392502,0.6875,0,0.337931,0,0.09502,0.420238,200,1,0,0,1,1,1,0,0,0,1,1,1,0,0,0,0,0,1,1,1,1,1,1,2,1,1,1,0,1,1,1,1,1,1,0,0,1,5,1,1,1,1,1,7,8,0.777778,0.888889,0.888889,1,0.407272,0,0,0,0,0,0,0,0,0,1,0.91,1,0.69604,0.069477,0.30396,162.2598,2161,38,7,162,5991.2577,0.336838,0.415129,0,1,0,0,0.2,1,0.45,0.25,0,0,0.653705,0.754743,0.474844,0.634703,0.754743,v5-shortcut-control-v1
dataset-v5,v3,extraction-v2,ranking-aware-v5,seo_weighted_page_quality_v5,52.6316,74.0,входные двери цена Краснодар,входные двери,commercial,Краснодар,35,https://krasnodar.metaldveri.ru/,krasnodar.metaldveri.ru,10,0,,,homepage,ok,,..\dataset-v2\artifacts\query--9e02485ee65c4980.json,2e5115f26838ed316a9a4a43f71522f2fb6b1e40,363409,74.0,9600,60000,1600,944,0.272046,5.3352,90,14.0486,36,1,5,1,7,1,77,1,240,0,0,0,123,2,2,0.5,0.5,4,0.5,7,0.035447,1,80,24,40,24,3,35,11.666667,51.0294,80,28,60,10.37464,0.114096,0.534357,1,1,6.119929,0.102941,0.534357,0.267178,0.267178,0.25,0.534357,0.7,0.6,0.344828,0.818444,0.14537,0.534357,200,1,0,0,1,1,1,0,0,0,1,1,0,0,0,0,0,0,1,1,0.5,1,0.9,1,2,1,1,1,1,1,1,1,1,1,1,0,1,1,10,1,1,1,1,1,9,8,1,0.888889,0.962963,1,0.39991,0,0,0,0,0,0,0,0,0,1,0.91,1,0.65,0.114096,0.35,217.8193,2630,77,23,130,6164.5433,0.236186,0.339639,0,1,0,0,0.2,1,0.45,0.25,0,0,0.761622,0.823007,0.621815,0.694099,0.823007,v5-shortcut-control-v1
dataset-v5,v3,extraction-v2,ranking-aware-v5,seo_weighted_page_quality_v5,100.0,82.9,входные двери цена Самара,входные двери,commercial,Самара,51,https://samara.dverimagnat.ru/,samara.dverimagnat.ru,1,0,,,homepage,ok,,..\dataset-v2\artifacts\query--260b4b29000bd018.json,b27b34ed164db11d3a147e1a0991dc64df01f27c,753920,82.9,9600,60000,1600,744,0.304046,5.2415,90,10.9731,9,1,8,2,11,1,71,1,239,0,0,0,68,2,1,0.5,0.25,4,0.75,5,0.027789,1,80,24,16,3,2,2,1,180,80,15.937883,6.538619,1.225991,0.025333,0.826908,1,1,5.228632,1.222222,0.826908,0.413454,0.620181,0.375,0.826908,0.7625,0.709091,0.351724,0.926304,0.251418,0.826908,200,1,0,0,1,1,0,0,0,0,1,1,1,0,0,0,0,0,1,1,1,1,1,1,3,1,1,1,1,1,1,1,1,1,1,1,0,1,1,1,1,1,1,1,8,9,0.888889,1,0.962963,1,0.394054,1,1,0,1,1,0,0,0,0.2875,1,0.91225,1,0.88917,0.025333,0.11083,622.8916,3255,78,61,39,7146.0356,0.137512,0.265634,1,0,0,0,0.45,0,0.45,0,0,0,0.868115,0.902212,0.724437,0.831663,0.868115,v5-shortcut-control-v1
dataset-v5,v3,extraction-v2,ranking-aware-v5,seo_weighted_page_quality_v5,94.7368,27.1,входные двери цена Самара,входные двери,commercial,Самара,51,https://samara.lemanapro.ru/catalogue/vhodnye-dveri/,samara.lemanapro.ru,2,0,,,product,ok,,..\dataset-v2\artifacts\query--94b03127d05a3d29.json,2c0d8b1240a40ffaa58f20018800c77c020aba04,10079,27.1,77,8264,13,13,1,5,1,13,1,1,0,0,1,1,12,0,0,0,0,0,0,0,0,0,0,0,0,0,0,0,1,0,0,0,0,0,0,13,76.923077,0,0,0,0.009318,0.031394,0,0,13,1,0,0,0,0,0.000272,0,0.218182,0,0,0.000227,0,403,0,0,0,0,0,0,0,0,0,0,1,1,0,0,2,0,0,1,0.8,1,0.75,0.71,1,1,0,0,0,0,0,0,0,0,0,0,0,0,0,0,0,0,0,0,0.2,1,0,0.111111,0,0.103704,1,0.537014,0,0,0,0,0,0,0,0,0,1,0.760695,1,0.509236,0.009318,0.490764,8.1094,40,0,2,0,2887.7048,0.97443,0.896598,1,0,0,0,0.45,0,0.45,0,0,0,0.10352,0.161871,0.076918,0.199571,0.10352,v5-shortcut-control-v1
dataset-v5,v3,extraction-v2,ranking-aware-v5,seo_weighted_page_quality_v5,89.4737,77.7,входные двери цена Самара,входные двери,commercial,Самара,51,https://samara.metaldveri.ru/,samara.metaldveri.ru,3,0,,,homepage,ok,,..\dataset-v2\artifacts\query--9b6f451436e98d1e.json,9b493a3e9f2bf7706f524fb12143377876e3e259,363147,77.7,9600,60000,1600,941,0.271182,5.3254,90,14.0486,36,1,5,1,7,1,73,1,236,0,0,0,123,2,2,0.5,0.5,4,0.5,7,0.035447,1,80,24,40,24,3,35,11.666667,51.0294,80,28,60,10.37464,0.113958,0.69278,1,1,6.119929,0.102941,0.69278,0.34639,0.34639,0.25,0.69278,0.7,0.672727,0.372414,0.818444,0.187869,0.69278,200,1,0,0,1,1,1,0,0,0,1,1,0,0,0,0,0,0,1,1,0.5,1,0.9,1,2,1,1,1,1,1,1,1,1,1,1,0,1,1,10,1,1,1,1,1,9,8,1,0.888889,0.962963,1,0.399917,0,0,0,0,0,0,0,0,0,1,0.91,1,0.65,0.113958,0.35,217.6807,2630,77,23,130,5358.4442,0.236226,0.339669,1,0,0,0,0.45,0,0.45,0,0,0,0.819249,0.862811,0.697215,0.748161,0.819249,v5-shortcut-control-v1
dataset-v5,v3,extraction-v2,ranking-aware-v5,seo_weighted_page_quality_v5,84.2105,76.5,входные двери цена Самара,входные двери,commercial,Самара,51,https://guardian-smr.ru/,guardian-smr.ru,4,0,,,homepage,ok,,..\dataset-v2\artifacts\query--839273ffaa417a28.json,0149be44517c3e182247a17662ad3b6d60dc3685,870327,76.5,9600,60000,1600,868,0.318649,5.46,79,34.481,1,1,4,3,8,1,54,1,106,0,0,0,44,2,2,0.5,0.5,4,0.5,9,0.016153,0.75,80,24,40,10,1,3,3,180,60.20558,28,26.798825,3.671072,0.022814,0.717133,1,1,16.609756,8,0.53785,0.358567,0.358567,0.25,0.717133,0.6625,0.981818,0.731034,0.403818,0.228514,0.717133,200,1,0,0,1,1,0,0,0,0,1,1,1,0,0,0,0,0,1,1,1,1,1,1,4,0,1,1,1,1,1,1,1,1,0,0,0,1,1,1,1,1,1,0.8,8,6,0.888889,0.666667,0.785185,1,0.464632,1,1,0,1,1,0,0,0,0.2875,1,0.91,1,0.655903,0.022814,0.344097,787.7578,2141,16,13,104,5731.9351,0.205908,0.316931,1,0,0,0,0.45,0,0.45,0,0,0,0.750313,0.806483,0.615105,0.725409,0.750313,v5-shortcut-control-v1
dataset-v5,v3,extraction-v2,ranking-aware-v5,seo_weighted_page_quality_v5,78.9474,75.7,входные двери цена Самара,входные двери,commercial,Самара,51,https://samara.dverizaslon.ru/,samara.dverizaslon.ru,5,0,,,homepage,ok,,..\dataset-v2\artifacts\query--4792363a7b3afbdd.json,910049f70afbb4914b35cc938ab97979027fb7dc,373659,75.7,9600,60000,1600,950,0.321816,5.0688,90,10.0751,20,1,10,3,16,1,96,1,272,0,0,0,92,2,3,0.5,0.5,12,0.5,3,0.031165,1,80,24,40,2,3,118,39.333333,147.6,80,22.01897,40.650407,0.677507,0.075831,0.688088,0.75,1,6.897196,0.8,0.688088,0.344044,0.344044,0.25,0.688088,0.6375,0.254545,0.124138,0.961156,0.221438,0.688088,200,1,0,0,1,1,1,0,0,0,1,1,0,0,0,0,0,0,1,1,0.5,1,0.9,1,12,1,1,1,1,1,1,1,1,1,1,0,0,1,27,0,1,1,1,0.8,8,8,0.888889,0.888889,0.859259,1,0.465124,1,1,0,1,1,0,0,0,0.2875,1,0.91,1,0.668239,0.075831,0.331761,256.0664,2615,51,21,65,8146.9005,0.224981,0.331236,1,0,0,0,0.45,0,0.45,0,0,0,0.771917,0.817882,0.633537,0.722185,0.771917,v5-shortcut-control-v1
dataset-v5,v3,extraction-v2,ranking-aware-v5,seo_weighted_page_quality_v5,73.6842,71.9,входные двери цена Самара,входные двери,commercial,Самара,51,https://sfdoors.ru/,sfdoors.ru,6,0,,,homepage,ok,,..\dataset-v2\artifacts\query--7aaf317ff557eeae.json,beed5df6298a84c8fcb584b613d9abe2a7cca6da,1459121,71.9,9600,60000,1600,770,0.350318,5.0919,90,24.1538,23,1,10,1,18,1,98,1,219,0,0,0,61,1,2,0.25,0.25,7,0.5,8,0.027753,1,80,24,40,0,5,23,4.6,95.5652,80,28,42.766151,0,0.01006,0.678801,1,1,6.890282,0.782609,0.678801,0.1697,0.3394,0.125,0.678801,0.6125,0.218182,0.489655,0.925083,0.237797,0.678801,200,1,0,0,0,0,0,0,0,0,1,1,1,0,0,0,0,0,1,1,1,0.75,0.95,1,12,1,1,1,1,1,1,1,1,1,1,0,1,1,33,1,1,1,1,1,9,8,1,0.888889,0.962963,1,0.371321,0,0,0,0,0,0,0,0,0,1,0.91,1,0.737417,0.01006,0.262583,1347.7588,2163,18,5,165,9740.9727,0.200268,0.312701,1,0,0,0,0.45,0,0.45,0,0,0,0.80405,0.85181,0.68689,0.730549,0.80405,v5-shortcut-control-v1
dataset-v5,v3,extraction-v2,ranking-aware-v5,seo_weighted_page_quality_v5,68.4211,74.1,входные двери цена Самара,входные двери,commercial,Самара,51,https://ds-doors.ru/catalog/vhodnye-dveri/,ds-doors.ru,7,0,,,product,ok,,..\dataset-v2\artifacts\query--fb8a62a5b32d6062.json,6898ad85d95453a6efc82de8fc56c041311da430,275145,74.1,8404,60000,1253,576,0.459697,5.4996,42,29.8333,3,1,1,1,3,1,73,1,82,0,0,0,44,2,0,0.5,0,2,0.5,12,0.035116,1,80,23,40,9,6,76,12.666667,180,80,18.355946,52.673583,7.182761,0.038158,0.652359,1,1,11.933333,1,0.652359,0.32618,0.32618,0.25,0.544937,0.7,0.672727,0.565517,0.829476,0.208755,0.652359,200,1,0,0,1,1,1,0,0,0,1,1,1,0,0,2,0,0,1,0.8,1,1,0.96,1,2,0,1,0,1,1,1,1,1,1,0,0,0,1,4,0,1,1,1,0.4,7,5,0.777778,0.555556,0.577778,1,0.388127,0,0,0,0,0,0,0,0,0,1,0.94825,1,0.833059,0.038158,0.166941,222.9902,1443,70,14,23,11203.7871,0.366421,0.437316,1,0,0,0,0.45,0,0.45,0,0,0,0.709496,0.690105,0.571696,0.699218,0.709496,v5-shortcut-control-v1
dataset-v5,v3,extraction-v2,ranking-aware-v5,seo_weighted_page_quality_v5,63.1579,78.0,входные двери цена Самара,входные двери,commercial,Самара,51,https://samara.mall-of-doors.ru/,samara.mall-of-doors.ru,8,0,,,homepage,ok,,..\dataset-v2\artifacts\query--a15aabe75bde1418.json,e537118a105bb358779bca900ae117a46c1048f7,952437,78.0,9600,60000,1600,930,0.256835,5.1729,90,17.75,5,1,5,5,11,1,121,1,181,0,0,0,143,2,4,0.5,0.75,10,0.5,7,0.039492,1,80,24,40,8,6,38,6.333333,180,80,17.950842,25.131179,2.209334,0.029599,0.702621,1,1,5.897394,2.2,0.702621,0.351311,0.351311,0.25,0.702621,0.7,0,0.751724,0.683605,0.180458,0.702621,200,1,0,0,1,1,0,0,0,0,1,1,1,0,0,0,0,0,1,1,1,1,1,1,5,1,1,1,1,1,1,1,1,1,1,0,1,1,1,1,1,1,1,1,9,8,1,0.888889,0.962963,1,0.3137,0,0,0,0,0,0,0,0,0,1,0.91,1,0.870504,0.029599,0.129496,783.6846,4352,99,33,65,10052.0976,0.070405,0.215304,1,0,0,0,0.45,0,0.45,0,0,0,0.831078,0.873534,0.708943,0.77627,0.831078,v5-shortcut-control-v1
dataset-v5,v3,extraction-v2,ranking-aware-v5,seo_weighted_page_quality_v5,57.8947,76.3,входные двери цена Самара,входные двери,commercial,Самара,51,https://samara.estetdveri.ru/catalog/vkhodnye-dveri/,samara.estetdveri.ru,9,0,,,product,ok,,..\dataset-v2\artifacts\query--421aa2e7b287faa2.json,912a992ee377ecedec732ea234ec3d7ff44538bf,620172,76.3,9600,60000,1600,988,0.478219,5.9076,90,12.9937,32,1,1,2,4,1,118,1,204,0,0,0,64,2,3,0.5,0.75,6,0.5,11,0.030978,1,80,24,40,7,0,20,0,64.5625,48.402711,28,27.105518,3.38819,0.027516,0.712542,1,0.75,20.66,0.125,0.712542,0.356271,0.356271,0.25,0.712542,0.7,0,0.593103,0.967409,0.340751,0.534407,200,1,0,0,1,1,0,0,0,0,1,1,1,0,0,2,0,0,1,0.8,1,1,0.96,1,4,1,1,1,0,1,1,1,1,1,1,1,0,1,4,1,1,1,1,1,7,9,0.777778,1,0.925926,1,0.324458,0,0,0,0,0,0,0,0,0,1,0.91,1,0.87962,0.027516,0.12038,546.3613,1999,73,53,72,10329.5764,0.139933,0.26745,1,0,0,0,0.45,0,0.45,0,0,0,0.765699,0.831671,0.642614,0.736911,0.765699,v5-shortcut-control-v1
dataset-v5,v3,extraction-v2,ranking-aware-v5,seo_weighted_page_quality_v5,52.6316,68.9,входные двери цена Самара,входные двери,commercial,Самара,51,https://vimdveri.ru/catalog/vhodnye-dveri/,vimdveri.ru,10,0,,,product,ok,,..\dataset-v2\artifacts\query--adb40b06f1b0cc41.json,ad85fc4b4319f9c2a41e9459f18dc1edd0fa7f8f,315612,68.9,9600,60000,1600,609,0.333151,5.2172,46,38,36,1,3,4,8,1,46,1,206,0,0,0,41,2,0,0.5,0,2,0.5,23,0.022429,0.75,80,24,40,0,5,108,21.6,21.0115,80,28,46.498906,0,0.048605,0.726955,1,1,9.989071,0.091954,0.545216,0.363478,0.363478,0.25,0.726955,0.6625,0.836364,0.57931,0.560722,0.242186,0.726955,200,1,0,0,0,0,0,0,0,0,1,1,1,0,0,2,0,0,1,0.8,1,0.75,0.91,1,1,1,1,1,1,1,0,0,1,1,0,0,1,1,10,1,1,1,1,1,7,7,0.777778,0.777778,0.851852,1,0.381891,0,0,0,0,0,0,0,0,0,1,0.91,1,0.748781,0.048605,0.251219,250.7861,2399,32,13,108,7673.8721,0.271795,0.366346,1,0,0,0,0.45,0,0.45,0,0,0,0.746184,0.816342,0.673403,0.706271,0.746184,v5-shortcut-control-v1
dataset-v5,v3,extraction-v2,ranking-aware-v5,seo_weighted_page_quality_v5,100.0,72.5,входные двери цена Нижний Новгород,входные двери,commercial,Нижний Новгород,47,https://dveridaromnn.ru/,dveridaromnn.ru,1,0,,,homepage,ok,,..\dataset-v2\artifacts\query--ff8394a48cd2003c.json,3a31c24900d75b74780822d519578cee433245d8,1531070,72.5,9600,60000,1600,669,0.342901,5.2363,90,20.3229,1,2,0,0,7,1,79,1,254,0,0,0,68,3,2,0.4,0.4,6,0.2,11,0.034854,1,80,24,40,3,21,186,8.857143,180,80,23.577652,60,1.537673,0.008738,0.50933,1,1,11.896341,7,0.50933,0.203732,0.101866,0.08,0.50933,0.59,0.563636,0.248276,0.838203,0.17465,0.50933,200,1,0,0,1,1,0,0,0,0,1,1,0,0,0,0,0,0,1,1,0.5,1,0.9,1,10,1,1,1,1,1,0,1,1,1,1,0,0,1,13,1,1,1,1,1,7,8,0.777778,0.888889,0.888889,1,0.277682,0,0,0,0,0,0,0,0,0,1,0.91,1,0.961772,0.008738,0.038228,1404.6201,4159,153,185,46,8345.537,0,0.1625,1,0,0,0,0.4,0,0.4,0,0,0,0.696125,0.778625,0.537829,0.638377,0.696125,v5-shortcut-control-v1
dataset-v5,v3,extraction-v2,ranking-aware-v5,seo_weighted_page_quality_v5,94.7368,78.0,входные двери цена Нижний Новгород,входные двери,commercial,Нижний Новгород,47,https://nigny-novgorod.dverimagnat.ru/,nigny-novgorod.dverimagnat.ru,2,0,,,homepage,ok,,..\dataset-v2\artifacts\query--3f803bb1285d95e8.json,c0645e5b5f47b16e830d8a557b8480d9753284c4,756899,78.0,9600,60000,1600,757,0.30685,5.2712,90,11.4213,9,1,8,2,11,1,81,1,254,0,0,0,72,2,1,0.4,0.2,4,0.6,6,0.029185,1,80,24,28,3,2,2,1,180,80,15.808675,11.349818,1.216052,0.025634,0.651636,1,1,5.139583,1.222222,0.651636,0.260654,0.390982,0.24,0.651636,0.69,0.527273,0.248276,0.972842,0.199955,0.651636,200,1,0,0,1,1,0,0,0,0,1,1,1,0,0,0,0,0,1,1,1,1,1,1,3,1,1,1,1,1,1,1,1,1,1,1,0,1,1,1,1,1,1,1,8,9,0.888889,1,0.962963,1,0.394341,1,1,0,1,1,0,0,0,0.2875,1,0.91225,1,0.887849,0.025634,0.112151,623.665,3277,77,61,39,5453.5061,0.137286,0.265464,1,0,0,0,0.4,0,0.4,0,0,0,0.791144,0.847135,0.627269,0.746705,0.791144,v5-shortcut-control-v1
dataset-v5,v3,extraction-v2,ranking-aware-v5,seo_weighted_page_quality_v5,89.4737,64.6,входные двери цена Нижний Новгород,входные двери,commercial,Нижний Новгород,47,https://tsdveri.ru/catalog/vhodnye-dveri/,tsdveri.ru,3,0,,,product,ok,,..\dataset-v2\artifacts\query--8574b839206cb58c.json,42b51427a63254fa47f5ae42d56d6d748a2b1307,424050,64.6,6236,60000,895,436,0.487151,5.7374,61,14.6721,7,0,0,0,0,1,70,1,255,0,0,0,38,2,2,0.4,0.4,0,0,10,0.042458,0.4,80,17,40,19,4,49,12.25,127.8571,80,18.994413,60,21.22905,0.016617,0.483851,1,1,7.336066,0,0.19354,0.19354,0,0,0.288698,0.45,0.727273,0.241379,0.233892,0.117199,0.483851,200,1,0,0,1,1,0,0,0,0,1,1,0,0,0,2,0,0,1,0.8,0.5,1,0.86,1,16,1,1,1,1,1,1,1,0,1,1,0,0,1,20,1,1,1,1,1,8,7,0.888889,0.777778,0.888889,1,0.356843,0,0,0,0,0,0,0,0,0,1,0.96175,1,0.927301,0.016617,0.072699,373.1562,1591,72,88,17,7647.3085,0.307232,0.392924,1,0,0,0,0.4,0,0.4,0,0,0,0.601719,0.712672,0.307169,0.544845,0.601719,v5-shortcut-control-v1
dataset-v5,v3,extraction-v2,ranking-aware-v5,seo_weighted_page_quality_v5,84.2105,73.0,входные двери цена Нижний Новгород,входные двери,commercial,Нижний Новгород,47,https://sevendoors.ru/,sevendoors.ru,4,0,,,homepage,ok,,..\dataset-v2\artifacts\query--03fb023bf260de7a.json,213ef09368f80bc50ce76780c76df15e6f9bad51,598542,73.0,9600,60000,1600,589,0.256421,5.4732,22,38,36,1,0,3,4,1,70,1,134,0,0,0,135,2,1,0.4,0.2,1,0.2,29,0.058772,0.8,80,24,40,24,53,183,3.45283,29.0759,80,28,60,40,0.034041,0.556011,1,1,2.878446,0.050633,0.444809,0.222404,0.111202,0.08,0.556011,0.56,0.727273,0.924138,0.032738,0.142573,0.556011,200,1,0,0,1,1,0,0,0,0,1,1,1,0,0,0,0,0,1,1,1,1,1,1,2,1,1,1,1,1,1,1,1,1,1,0,0,1,11,1,1,1,1,1,8,8,0.888889,0.888889,0.925926,1,0.409013,1,1,0,1,0,1,0,0,0.2875,1,0.91,1,0.851069,0.034041,0.148931,445.4678,4079,48,22,204,7005.5117,0.169492,0.289619,1,0,0,0,0.4,0,0.4,0,0,0,0.70755,0.788368,0.502473,0.661441,0.70755,v5-shortcut-control-v1
dataset-v5,v3,extraction-v2,ranking-aware-v5,seo_weighted_page_quality_v5,78.9474,62.0,входные двери цена Нижний Новгород,входные двери,commercial,Нижний Новгород,47,https://n-gr.ru/,n-gr.ru,5,0,,,homepage,ok,,..\dataset-v2\artifacts\query--028d459f15855cbf.json,e4735c2ca457b4ce20d8994327e67d6a2bad8408,702587,62.0,9600,60000,1600,512,0.2011,5.6379,32,38,4,0,2,0,2,1,57,1,109,0,0,0,59,1,0,0.2,0,0,0,11,0.023174,0.8,80,24,40,0,2,16,8,180,80,10.60487,22.38806,0,0.035975,0.331314,1,1,2.259095,0.5,0.265051,0.066263,0,0,0.331314,0.44,0.963636,0.751724,0.617963,0.066627,0.331314,200,1,0,0,0,0,0,0,0,0,1,1,1,0,0,0,0,0,1,1,1,0.75,0.95,1,5,1,1,1,1,1,1,1,1,1,1,1,0,1,1,1,1,1,1,1,8,9,0.888889,1,0.962963,1,0.383165,0,0,0,0,0,0,0,0,0,1,0.93925,1,0.765467,0.035975,0.234533,484.0869,4173,29,15,27,12842.8152,0.261838,0.358878,1,0,0,0,0.4,0,0.4,0,0,0,0.614339,0.722351,0.355506,0.563097,0.614339,v5-shortcut-control-v1
dataset-v5,v3,extraction-v2,ranking-aware-v5,seo_weighted_page_quality_v5,73.6842,73.2,входные двери цена Нижний Новгород,входные двери,commercial,Нижний Новгород,47,https://nn.fabrichnie-dveri.ru/,nn.fabrichnie-dveri.ru,6,0,,,homepage,ok,,..\dataset-v2\artifacts\query--61e4ab640c74f714.json,3891e6a2bafaa9e1c970be294fe1b49f36b5422a,213119,73.2,9600,60000,1600,700,0.402299,5.6805,80,21.75,36,1,9,9,18,1,56,1,174,0,0,0,107,1,3,0.2,0.4,11,0.4,38,0.061494,1,80,24,40,0,8,47,5.875,10.5455,80,28,60,0,0.087317,0.412853,1,1,9.775281,0.115152,0.412853,0.082571,0.165141,0.08,0.412853,0.57,0.981818,0.8,0,0.160554,0.412853,200,1,0,0,1,1,1,0,0,0,1,1,1,0,0,0,0,0,1,1,1,1,1,1,2,1,1,1,1,1,1,1,1,1,1,0,1,1,10,1,1,1,1,1,9,8,1,0.888889,0.962963,1,0.52634,2,2,0,2,1,0,0,0,0.425,1,0.91,1,0.65,0.087317,0.35,144.5596,1362,42,12,112,6670.8512,0.343815,0.420361,1,0,0,0,0.4,0,0.4,0,0,0,0.708092,0.787046,0.560387,0.650637,0.708092,v5-shortcut-control-v1
dataset-v5,v3,extraction-v2,ranking-aware-v5,seo_weighted_page_quality_v5,63.1579,74.9,входные двери цена Нижний Новгород,входные двери,commercial,Нижний Новгород,47,https://nizhniy-novgorod.mosdveri.ru/,nizhniy-novgorod.mosdveri.ru,8,0,,,homepage,ok,,..\dataset-v2\artifacts\query--142bef0568b14171.json,29cd8e8059e21197831728ce69728b252c2298f8,754895,74.9,9600,60000,1600,1200,0.374345,6.053,90,8.4337,36,1,10,12,18,1,107,1,205,0,0,0,77,2,4,0.4,0.6,9,0.4,8,0.014943,1,80,24,40,16,11,61,5.545455,50.5196,80,25.033961,32.020182,3.104987,0.069595,0.578417,1,1,6.744764,0.313725,0.578417,0.231367,0.231367,0.16,0.578417,0.64,0.054545,0.586207,0.498092,0.216528,0.578417,200,1,0,0,1,1,1,0,0,0,1,1,1,0,0,0,0,0,1,1,1,1,1,1,26,1,1,1,1,1,1,1,1,1,1,1,1,1,32,0,1,1,1,0.8,9,9,1,1,0.933333,1,0.476059,2,2,0,2,1,0,0,0,0.425,1,0.91,1,0.695522,0.069595,0.304478,558.6123,3183,46,20,129,6010.2755,0.136344,0.264758,1,0,0,0,0.4,0,0.4,0,0,0,0.756595,0.807323,0.648852,0.707972,0.756595,v5-shortcut-control-v1
dataset-v5,v3,extraction-v2,ranking-aware-v5,seo_weighted_page_quality_v5,57.8947,71.7,входные двери цена Нижний Новгород,входные двери,commercial,Нижний Новгород,47,https://nizhniy-novgorod.straj-dveri.ru/,nizhniy-novgorod.straj-dveri.ru,9,0,,,homepage,ok,,..\dataset-v2\artifacts\query--e519baf6ba151cda.json,d9195ade8fdaf95682b4e3bc3f51391f2e3e5fbe,174521,71.7,7396,60000,1060,500,0.471698,5.8509,65,16.3077,22,1,3,5,9,1,78,1,176,0,0,0,27,2,2,0.4,0.4,4,0.4,10,0.025472,1,80,24,40,2,21,61,2.904762,48.1818,80,26.415094,60,1.886792,0.066918,0.489643,1,1,4.840183,0.409091,0.489643,0.195857,0.195857,0.16,0.346014,0.64,0.581818,0.786207,0.849057,0.136012,0.489643,200,1,0,0,1,1,0,0,0,0,1,1,1,0,0,0,0,0,1,1,1,1,1,1,1,1,1,1,1,1,0,1,1,0,1,0,0,1,1,0,1,1,1,0.8,7,7,0.777778,0.777778,0.785185,1,0.519927,0,0,0,0,0,0,0,0,0,1,0.937,1,0.437236,0.066918,0.562764,120.5322,1691,14,5,28,4730.5486,0.556591,0.579943,1,0,0,0,0.4,0,0.4,0,0,0,0.684903,0.760618,0.520287,0.659475,0.684903,v5-shortcut-control-v1
dataset-v5,v3,extraction-v2,ranking-aware-v5,seo_weighted_page_quality_v5,52.6316,13.7,входные двери цена Нижний Новгород,входные двери,commercial,Нижний Новгород,47,https://2gis.ru/n_novgorod/search/Входные двери/rubricId/9972,2gis.ru,10,0,,,content,ok,,..\dataset-v2\artifacts\query--16427e53be83a97a.json,a3c5bcd93edb4bbb2a4712ecf123908cbbbbd9c4,3099,13.7,187,1429,38,36,0.947368,3.7105,5,7.6,6,1,0,0,1,0,0,0,0,0,0,0,0,0,0,0,0,0,0,0,0,0,1,0,0,0,0,0,0,6.3333,26.315789,0,0,0,0.130861,0,0,0,38,0.166667,0,0,0,0,0,0,0,0,0,0,0,403,0,0,0,0,0,0,0,0,0,0,0,0,0,0,5,0,0,1,0.5,0,0.75,0.45,1,1,1,0,0,0,0,0,0,0,0,0,0,0,0,0,0,0,0,0,0.4,1,1,0.111111,0.111111,0.207407,1,0.482253,0,0,0,0,0,0,0,0,0,0,0.225972,1,0.212857,0.130861,0.787143,1.3955,15,1,0,0,2683.2805,0.99221,0.915895,1,0,0,0,0.4,0,0.4,0,0,0,0.096584,0.164264,0.049897,0.140954,0.096584,v5-shortcut-control-v1
dataset-v5,v3,extraction-v2,ranking-aware-v5,seo_weighted_page_quality_v5,100.0,77.5,как выбрать входные двери,входные двери,informational,,,https://www.cian.ru/stati-kak-vybrat-vhodnuju-dver-v-kvartiru-i-dom-340912/,cian.ru,1,0,,,content,ok,,..\dataset-v2\artifacts\query--f44bdaa0bdc7eb4b.json,8a54446240787baaf1a057f019156304d1a4b3f5,840312,77.5,9600,60000,1600,1200,0.505267,5.9566,90,14.1839,36,1,5,12,18,1,63,1,165,0,0,0,47,2,2,0.5,0.5,3,0.75,12,0.019044,1,80,24,40,14,1,4,4,33.3514,47.406807,14.181524,26.742301,5.672609,0.025482,0.642811,1,1,21.094017,0.27027,0.642811,0.321406,0.482108,0.375,0.642811,0.7625,0.854545,0.862069,0.634792,0.324791,0.642811,200,1,0,0,1,1,1,0,0,0,1,1,1,0,0,1,0,0,1,0.9,1,1,0.98,0,0,1,1,1,1,1,0,0,0,1,0,0,1,1,1,1,1,1,1,0.8,6,6,0.666667,0.666667,0.711111,1,0.403791,1,1,0,1,0,0,0,1,0.2375,1,0.92125,1,0.888516,0.025482,0.111484,738.3066,1086,37,11,35,11430.715,0.243241,0.344931,0,0,1,0,0.45,0,0,0,0.45,0,0.738119,0.740427,0.708518,0.729748,0.708518,v5-shortcut-control-v1
dataset-v5,v3,extraction-v2,ranking-aware-v5,seo_weighted_page_quality_v5,100.0,73.0,входные двери отзывы,входные двери,informational,,,https://irecommend.ru/catalog/list/9986-149512,irecommend.ru,1,0,,,product,ok,,..\dataset-v2\artifacts\query--fa9e75af22b6c024.json,34a81ea60726356a1b13afcaadd5f974ac54ee0d,1184756,73.0,9600,60000,1600,1200,0.116092,7.1579,90,20.917,36,2,10,0,18,1,22,1,50,0,0,0,70,3,0,1,0,2,0.666667,23,0.006314,1,80,21,40,3,2,355,177.5,19.9748,80,1.894281,3.788562,0.270612,0.123861,0.649924,1,1,11.933262,0.558559,0.649924,0.649924,0.433283,0.666667,0.649924,0.916667,0.4,0.344828,0.210476,0.075451,0.649924,200,1,0,0,1,1,1,0,0,0,1,1,1,0,0,3,0,0,1,0.7,1,1,0.94,1,12,1,1,1,0,1,1,1,0,1,1,1,1,1,1,0,1,1,1,0.8,8,8,0.888889,0.888889,0.859259,1,0.391089,0,0,0,0,0,0,0,0,0,1,0.95275,1,0.65,0.123861,0.35,846.0322,7325,53,27,21,7432.244,0.132139,0.261604,0,0,1,0,0.533333,0,0,0,0.533333,0,0.801896,0.843779,0.702944,0.78491,0.702944,v5-shortcut-control-v1
dataset-v5,v3,extraction-v2,ranking-aware-v5,seo_weighted_page_quality_v5,94.7368,78.6,входные двери отзывы,входные двери,informational,,,https://gdematerial.ru/dlya-doma/top-10-luchshih-vhodnyh-dverej-rejting-2025-goda/,gdematerial.ru,2,0,,,content,ok,,..\dataset-v2\artifacts\query--60e09009dd568bb1.json,b1a447d2b90b76f81892b9bd4b99abe59098be44,169452,78.6,9600,60000,1600,870,0.356704,6.1952,90,22.3761,36,1,10,12,18,1,52,1,180,0,0,0,74,3,3,1,1,4,0.333333,4,0.03034,1,80,13,40,10,2,2,1,53.0217,41.820418,5.330053,48.790488,4.100041,0.194849,0.391584,1,1,23.911765,0.630435,0.391584,0.391584,0.130528,0.333333,0.391584,0.833333,0.945455,0.758621,0.988657,0.139679,0.391584,200,1,0,0,1,1,1,0,0,0,1,1,1,0,0,2,0,0,1,0.8,1,1,0.96,0,0,0,1,1,1,1,1,1,1,1,1,1,1,1,1,1,1,1,1,0.6,8,8,0.888889,0.888889,0.792593,1,0.706326,1,4,0,4,0,0,0,1,0.65,1,0.97075,1,0.392857,0.194849,0.607143,105.6787,991,15,16,13,5304.7437,0.579881,0.597411,0,0,1,0,0.533333,0,0,0,0.533333,0,0.672023,0.67797,0.580111,0.655714,0.580111,v5-shortcut-control-v1
dataset-v5,v3,extraction-v2,ranking-aware-v5,seo_weighted_page_quality_v5,89.4737,70.1,входные двери отзывы,входные двери,informational,,,https://markakachestva.ru/best-brands/1217-luchshie-proizvoditeli-vhodnyh-dverey.html,markakachestva.ru,3,0,,,content,ok,,..\dataset-v2\artifacts\query--3b85c27391e95f83.json,8a35a5a0834e886d51cbf4cf5c66f463c524b615,522292,70.1,9600,60000,1600,1200,0.465222,6.3193,90,12.3088,36,1,10,1,17,1,54,1,186,0,0,0,62,0,2,0,0.666667,0,0,2,0.017674,1,80,24,40,24,4,24,6,44.9744,48.745724,28,36.77309,9.40707,0.063657,0.613904,0.666667,1,20.51462,0.217949,0.613904,0,0,0,0.613904,0.316667,0.981818,0.717241,0.58913,0.285602,0.613904,200,1,0,0,1,1,0,0,0,0,1,1,1,0,0,2,0,0,1,0.8,1,1,0.96,1,11,0,1,1,1,1,0,0,1,1,1,1,0,1,1,1,1,1,1,0.8,6,8,0.666667,0.888889,0.785185,1,0.478529,2,2,0,2,1,0,0,0,0.425,1,0.91,1,0.721499,0.063657,0.278501,429.5605,1710,45,19,151,12974.9348,0.184152,0.300614,0,0,1,0,0.533333,0,0,0,0.533333,0,0.660288,0.739224,0.563673,0.607104,0.563673,v5-shortcut-control-v1
dataset-v5,v3,extraction-v2,ranking-aware-v5,seo_weighted_page_quality_v5,84.2105,74.6,входные двери отзывы,входные двери,informational,,,https://www.kp.ru/expert/dom/luchshie-vhodnye-dveri-v-kvartiru/,kp.ru,4,0,,,content,ok,,..\dataset-v2\artifacts\query--694857c7cea09b7e.json,1dc3e11d1d7588f3804a61741ab47107af5ece09,417148,74.6,9600,60000,1600,1200,0.300347,6.2227,90,16.5043,36,1,10,12,18,1,192,1,315,0,0,0,68,2,0,0.666667,0,4,0.666667,8,0.011806,0.666667,79,24,40,11,1,1,1,75.7895,13.715278,16.493056,12.326389,1.909722,0.160177,0.530397,1,1,72.911392,0.592105,0.353598,0.353598,0.353598,0.444444,0.530397,0.75,0,0,0.262346,0.159303,0.530397,200,1,0,0,1,1,1,0,0,0,1,1,1,0,0,3,0,0,1,0.7,1,1,0.94,1,5,1,1,1,1,1,1,1,1,1,0,1,1,1,1,0,1,1,1,0.8,9,8,1,0.888889,0.896296,1,0.523492,3,3,0,3,0,0,1,1,0.5125,1,0.91,1,0.65,0.160177,0.35,300.5156,2091,85,30,95,12549.8418,0.211958,0.321469,0,0,1,0,0.533333,0,0,0,0.533333,0,0.704059,0.773519,0.585607,0.675246,0.585607,v5-shortcut-control-v1
dataset-v5,v3,extraction-v2,ranking-aware-v5,seo_weighted_page_quality_v5,78.9474,73.3,входные двери отзывы,входные двери,informational,,,https://otzovik.com/home/doors_and_windows/house_front_doors/,otzovik.com,5,0,,,content,ok,,..\dataset-v2\artifacts\query--9d773b13b2eb9ef2.json,65608dcc62cffc0a05e27bf5ca64aa1c161643a3,157449,73.3,2614,60000,443,153,0.345372,4.7765,31,14.2903,1,1,0,12,18,1,32,0,0,0,0,0,24,3,0,1,0,17,1,16,0.054176,1,80,24,0,2,2,4,2,180,80,28,0,4.514673,0.021642,0.725175,1,0.75,2.76875,31,0.725175,0.725175,0.725175,1,0.214168,1,0.581818,0,0.194131,0.06164,0.543881,200,1,0,0,1,1,0,0,0,0,1,1,1,0,0,3,0,0,1,0.7,1,1,0.94,0,0,0,0,0,0,1,0,1,0,1,1,1,1,1,1,0,1,1,1,0,4,5,0.444444,0.555556,0.333333,1,0.463958,0,0,0,0,0,0,0,0,0,1,0.928,1,0.648174,0.021642,0.351826,121.0898,806,15,14,32,10375.5942,0.551338,0.576004,0,0,1,0,0.533333,0,0,0,0.533333,0,0.659929,0.475551,0.679677,0.750601,0.679677,v5-shortcut-control-v1
dataset-v5,v3,extraction-v2,ranking-aware-v5,seo_weighted_page_quality_v5,73.6842,23.1,входные двери отзывы,входные двери,informational,,,https://www.vseinstrumenti.ru/category/vhodnye-metallicheskie-dveri-176310/otzyvy/,vseinstrumenti.ru,6,0,,,category,ok,,..\dataset-v2\artifacts\query--dcee52b19a3e507b.json,4de491234b81200fb26cf6cf96d0cf24ec43d60c,22719,23.1,549,16322,82,75,0.914634,5.5488,7,11.7143,1,0,0,0,0,0,0,0,0,0,0,0,0,0,0,0,0,0,0,0,0,0,0,1,0,0,0,0,0,82,0,12.195122,0,0,0.033636,0.182383,0,0.25,80,0,0,0,0,0,0.00997,0,0,0,0,0.007599,0.045596,403,0,0,0,0,0,1,0,1,1,0,1,1,0,0,1,9,1,1,0.5,1,0.35,0.57,1,1,0,0,0,0,1,0,0,0,1,0,0,0,0,0,0,0,0,0,0.2,1,1,0.111111,0.111111,0.140741,1,0.554418,0,0,0,0,0,0,0,0,0,1,0.824,1,0.454273,0.033636,0.545727,16.333,74,4,5,1,8316.2224,0.913927,0.847945,0,0,1,0,0.533333,0,0,0,0.533333,0,0.133486,0.17726,0.078058,0.192285,0.078058,v5-shortcut-control-v1
dataset-v5,v3,extraction-v2,ranking-aware-v5,seo_weighted_page_quality_v5,68.4211,25.6,входные двери отзывы,входные двери,informational,,,https://www.ozon.ru/category/vhodnye-dveri-9747/review/,ozon.ru,7,0,,,category,ok,,..\dataset-v2\artifacts\query--b0ce424673efd299.json,ff538e4ec9639f393726f3f99f86c74c33c3e45e,6299,25.6,486,2999,58,46,0.793103,7.2414,1,38,3,1,0,0,1,1,16,0,0,0,0,0,0,0,0,0,0,0,0,0,0,0,1,1,5,0,0,0,0,19.3333,17.241379,17.241379,60,0,0.162054,0.113808,0,0.5,58,0.333333,0,0,0,0,0.004401,0,0.290909,0,0,0.002908,0.056904,403,0,0,0,0,0,1,0,1,1,0,1,1,0,0,3,1,1,1,0.6,1,0.35,0.59,1,1,0,0,1,0,1,0,0,0,1,0,0,0,0,0,0,0,1,1,0.4,2,4,0.222222,0.444444,0.355556,1,0.623007,0,0,0,0,0,0,0,0,0,1,0.81525,1,0.212857,0.162054,0.787143,3.2822,29,1,2,1,2961.5519,0.968019,0.889636,0,0,1,0,0.533333,0,0,0,0.533333,0,0.180014,0.281509,0.080898,0.216674,0.080898,v5-shortcut-control-v1
dataset-v5,v3,extraction-v2,ranking-aware-v5,seo_weighted_page_quality_v5,63.1579,66.2,входные двери отзывы,входные двери,informational,,,https://top-expert.pro/top-10-luchshih-proizvoditelej-vhodnyh-dverej-rejting-nadezhnosti-plyusy-i-minusy/,top-expert.pro,8,0,,,content,ok,,..\dataset-v2\artifacts\query--2ca3ac02e35fe9a8.json,a204b56f25c42deb7c8dba42d146d7ff709da5d6,218723,66.2,9600,60000,1600,942,0.496574,6.5656,90,12.3987,36,1,1,12,17,1,92,1,384,0,0,0,65,0,1,0,0.333333,0,0,4,0.034265,1,53,24,40,24,1,1,1,29.6406,27.938851,16.86874,50.60622,19.504481,0.101257,0.53809,1,1,35.792453,0.265625,0.53809,0,0,0,0.53809,0.4,0.327273,0,0.857846,0.267201,0.53809,200,1,0,0,1,1,1,0,0,0,1,1,1,0,0,1,0,0,1,0.9,1,1,0.98,0,0,0,1,1,0,1,0,0,1,1,1,0,0,1,1,1,1,1,1,0.6,4,7,0.444444,0.777778,0.607407,1,0.647154,1,4,0,5,0,0,0,1,0.7,1,0.928,1,0.547143,0.101257,0.452857,156.3701,746,27,19,32,6242.932,0.460347,0.50776,0,0,1,0,0.533333,0,0,0,0.533333,0,0.58442,0.616885,0.539531,0.569692,0.539531,v5-shortcut-control-v1
dataset-v5,v3,extraction-v2,ranking-aware-v5,seo_weighted_page_quality_v5,57.8947,74.6,входные двери отзывы,входные двери,informational,,,https://homius.ru/reyting-vhodnyih-dverey-v-kvartiru-i-otzyivyi.html,homius.ru,9,0,,,content,ok,,..\dataset-v2\artifacts\query--d0da186142cf1ee4.json,1a3a455a460f1e5ebd8add629ebaf2e6a9c4d163,533131,74.6,9600,60000,1600,1200,0.460224,6.1815,90,11.6594,36,1,10,12,18,1,62,1,179,0,0,0,63,1,2,0.333333,0.666667,9,1,8,0.019577,1,80,24,40,21,4,17,4.25,49.5077,80,18.023617,60,6.525792,0.058229,0.491129,1,1,12.376923,0.538462,0.491129,0.16371,0.491129,0.333333,0.491129,0.766667,0.872727,0.765517,0.652579,0.226029,0.491129,200,1,0,0,1,1,1,0,0,0,1,1,1,0,0,1,0,0,1,0.9,1,1,0.98,0,0,1,1,1,1,1,1,1,1,1,1,1,0,1,1,0,1,1,1,0.6,7,9,0.777778,1,0.792593,1,0.539859,2,4,0,5,0,0,0,1,0.7,1,0.91,1,0.745248,0.058229,0.254752,422.4092,1918,84,48,58,10763.834,0.176247,0.294685,0,0,1,0,0.533333,0,0,0,0.533333,0,0.682796,0.687044,0.569209,0.676707,0.569209,v5-shortcut-control-v1
dataset-v5,v3,extraction-v2,ranking-aware-v5,seo_weighted_page_quality_v5,52.6316,26.4,входные двери отзывы,входные двери,informational,,,https://arghome.ru/blog/vhodnye-dveri-kakie-luchshe-vybrat-otzyvy-professionalov/,arghome.ru,10,0,,,article,ok,,..\dataset-v2\artifacts\query--e2ce9ffbcc02fbd0.json,a527f758a0031884faafe6b8c581bca9b158feea,17012,26.4,136,14203,26,11,0.423077,4.1923,1,26,1,0,1,0,1,0,0,0,0,0,0,0,0,0,0,0,0,0,0,0,0,0,1,0,0,0,0,0,0,26,38.461538,0,0,0,0.009575,0.115074,0,0,26,1,0,0,0,0,0.001995,0,0,0,0,0.000703,0,200,1,0,0,0,0,1,1,1,0,0,1,0,0,0,2,0,0,1,0.8,0.5,0.75,0.61,0,0,0,0,0,0,1,0,0,0,1,0,0,0,0,0,0,0,1,1,0,0,3,0,0.333333,0.111111,1,0.525869,0,0,0,0,0,0,0,0,0,1,0.768889,1,0.559536,0.009575,0.440464,14.1963,32,4,2,0,2361.8495,0.950678,0.894121,0,0,1,0,0.533333,0,0,0,0.533333,0,0.068449,0.062408,0.082146,0.165072,0.082146,v5-shortcut-control-v1
dataset-v5,v3,extraction-v2,ranking-aware-v5,seo_weighted_page_quality_v5,100.0,82.2,кухни на заказ Москва,кухни на заказ,commercial,Москва,213,https://vitakuhni.ru/,vitakuhni.ru,1,0,,,homepage,ok,,..\dataset-v2\artifacts\query--c290eac428c0bddd.json,1305acd45f3fa813443b993cb8ee7808041da3b9,134193,82.2,9217,60000,1298,545,0.419877,5.839,50,25.96,9,1,2,4,7,1,68,1,151,0,0,0,54,4,3,0.75,0.75,3,0.5,19,0.041602,1,80,24,25,24,10,54,5.4,144.2222,80,28,19.260401,40,0.13404,0.736174,1,1,6.555556,0.777778,0.736174,0.55213,0.368087,0.375,0.637036,0.7875,0.763636,0.958621,0.613251,0.222897,0.736174,200,1,0,0,1,1,1,0,0,0,1,1,1,0,0,0,0,0,1,1,1,1,1,1,8,1,1,1,1,1,1,1,1,1,0,0,1,1,33,1,1,1,1,1,9,7,1,0.777778,0.925926,1,0.543676,1,1,0,1,0,1,0,0,0.2875,1,0.91,1,0.56,0.13404,0.44,75.8242,1043,28,7,41,11686.5753,0.499605,0.537204,0,0,0,0,0.5,1,0,0.5,0,0,0.85806,0.894115,0.729822,0.814549,0.780427,v5-shortcut-control-v1
dataset-v5,v3,extraction-v2,ranking-aware-v5,seo_weighted_page_quality_v5,94.7368,73.9,кухни на заказ Москва,кухни на заказ,commercial,Москва,213,https://www.mebelmsk.ru/mebel-na-zakaz/kukhni/,mebelmsk.ru,2,0,,,content,ok,,..\dataset-v2\artifacts\query--74893cce33d21543.json,c0c3ed97e0e9c260d3825cd7a1fc2f6059062f7c,583097,73.9,9600,60000,1600,1200,0.351195,6.001,90,16.0931,36,1,7,1,9,1,92,1,110,0,0,0,110,3,3,0.75,0.75,9,0.75,9,0.027673,0.75,80,24,40,1,4,44,11,62.1094,80,28,60,0.251572,0.076313,0.608623,1,1,9.375,0.140625,0.456467,0.456467,0.456467,0.5625,0.608623,0.8125,0.327273,0.758621,0.691824,0.213745,0.608623,200,1,0,0,1,1,0,0,0,0,1,1,1,0,0,2,0,0,1,0.8,1,1,0.96,1,5,0,1,1,1,1,1,1,1,1,1,0,1,1,4,1,1,1,1,0.8,9,7,1,0.777778,0.859259,1,0.401784,1,0,1,0,0,0,0,0,0,1,0.91,1,0.666131,0.076313,0.333869,398.2803,2986,41,7,155,10545.5731,0.267691,0.363268,0,0,0,0,0.5,1,0,0.5,0,0,0.754365,0.809725,0.648704,0.732165,0.686522,v5-shortcut-control-v1
dataset-v5,v3,extraction-v2,ranking-aware-v5,seo_weighted_page_quality_v5,89.4737,72.8,кухни на заказ Москва,кухни на заказ,commercial,Москва,213,https://www.kuxni.net/,kuxni.net,3,0,,,homepage,ok,,..\dataset-v2\artifacts\query--973017b59bdf3c3a.json,dde94631f82a7b63861d17c01608ad3c1e014f56,810297,72.8,9600,60000,1600,1200,0.217771,4.9701,90,7.719,36,0,0,12,13,1,56,1,130,0,0,0,156,3,2,0.75,0.5,6,0.5,12,0.024797,1,80,24,40,9,4,54,13.5,165.5526,72.325544,24.956287,42.441583,1.430615,0.063146,0.734294,1,1,13.826374,0.342105,0.734294,0.55072,0.367147,0.375,0.734294,0.7875,0.981818,0.896552,0.826578,0.159908,0.734294,200,1,0,0,0,0,0,0,0,0,1,1,1,0,0,0,0,0,1,1,1,0.75,0.95,1,9,0,1,1,1,1,1,1,0,1,1,0,0,1,2,1,1,0,0,0.8,8,4,0.888889,0.444444,0.711111,1,0.392093,0,0,0,0,0,0,0,0,0,1,0.91,1,0.620879,0.063146,0.379121,648.6924,3076,27,26,157,13766.4932,0.155668,0.279251,0,0,0,0,0.5,1,0,0.5,0,0,0.813233,0.8495,0.671166,0.78148,0.765843,v5-shortcut-control-v1
dataset-v5,v3,extraction-v2,ranking-aware-v5,seo_weighted_page_quality_v5,78.9474,77.4,кухни на заказ Москва,кухни на заказ,commercial,Москва,213,https://mebel-renessans.ru/kuhni,mebel-renessans.ru,5,0,,,content,ok,,..\dataset-v2\artifacts\query--25319d0ffeba7f8d.json,1f640c38f71082ff72ed2dd70b165b38bbf30dcc,1007570,77.4,9600,60000,1600,1040,0.299625,5.5854,90,13.5586,36,1,10,12,18,1,130,1,254,0,0,0,121,3,4,0.75,0.75,12,0.75,6,0.03486,1,80,24,40,1,21,344,16.380952,14.7076,80,28,60,0.288101,0.033303,0.753733,1,1,5.406542,0.419492,0.753733,0.5653,0.5653,0.5625,0.753733,0.85,0,0.248276,0.837991,0.225838,0.753733,200,1,0,0,1,1,0,0,0,0,1,1,1,0,0,1,0,0,1,0.9,1,1,0.98,1,10,0,1,1,1,1,1,1,1,1,1,1,1,1,51,1,1,1,1,0.8,9,8,1,0.888889,0.896296,1,0.41175,1,1,0,1,1,0,0,0,0.2875,1,0.91,1,0.854298,0.033303,0.145702,732.9346,5715,88,5,324,4267.1849,0.188398,0.303798,0,0,0,0,0.5,1,0,0.5,0,0,0.85424,0.878945,0.761639,0.827419,0.807812,v5-shortcut-control-v1
dataset-v5,v3,extraction-v2,ranking-aware-v5,seo_weighted_page_quality_v5,73.6842,70.2,кухни на заказ Москва,кухни на заказ,commercial,Москва,213,https://lorena-kuhni.ru/,lorena-kuhni.ru,6,0,,,homepage,ok,,..\dataset-v2\artifacts\query--ae808e9badaf4a77.json,66d9b6eb8d35ec83fe482784c4a5d144292a5118,954966,70.2,9600,60000,1600,927,0.41255,6.134,87,25.8276,36,0,3,0,3,1,65,1,216,0,0,0,62,3,2,0.75,0.5,0,0,8,0.027592,1,80,24,40,17,9,116,12.888889,31.6479,80,28,52.959502,7.565643,0.019327,0.774847,1,1,7.021875,0.042254,0.774847,0.581135,0,0,0.774847,0.6625,0.818182,0.510345,0.919745,0.319663,0.774847,200,1,0,0,0,0,0,0,0,0,1,1,1,0,0,0,0,0,1,1,1,0.75,0.95,1,3,0,1,1,1,1,1,1,1,1,1,0,1,1,13,1,1,1,1,0.8,9,7,1,0.777778,0.859259,1,0.299292,0,0,0,0,0,0,0,0,0,1,0.91,1,0.915445,0.019327,0.084555,841.4404,2692,50,20,72,11558.9428,0.053484,0.202613,0,0,0,0,0.5,1,0,0.5,0,0,0.825492,0.853447,0.705839,0.762841,0.732596,v5-shortcut-control-v1
dataset-v5,v3,extraction-v2,ranking-aware-v5,seo_weighted_page_quality_v5,68.4211,72.1,кухни на заказ Москва,кухни на заказ,commercial,Москва,213,https://www.bestmebelshop.ru/catalog/mebel-dlya-kukhni/category-kukhni-po-individualnym-razmeram/,bestmebelshop.ru,7,0,,,product,ok,,..\dataset-v2\artifacts\query--77d8ff6db0ce3459.json,690565fe3fca7df67b868c114514e42be1910537,963330,72.1,9600,60000,1600,677,0.277005,4.4509,90,14.5476,1,1,0,0,1,1,62,1,143,0,0,0,41,3,3,0.75,0.75,1,0.25,9,0.016776,1,80,24,40,2,4,101,25.25,180,80,28,60,0.818331,0.018012,0.407854,1,1,5.737089,1,0.407854,0.305891,0.101963,0.1875,0.407854,0.725,0.872727,0.986207,0.559193,0.112978,0.407854,200,1,0,0,0,0,1,0,0,0,1,1,1,0,0,3,0,0,1,0.7,1,0.75,0.89,1,6,1,1,1,1,1,1,1,1,1,1,1,1,1,53,1,1,1,1,1,9,9,1,1,1,1,0.504691,3,3,0,3,1,1,0,1,0.8125,1,0.91,1,0.921196,0.018012,0.078804,773.8701,4323,76,24,338,8088.1905,0.07328,0.21746,0,0,0,0,0.5,1,0,0.5,0,0,0.717797,0.792663,0.497316,0.652499,0.588039,v5-shortcut-control-v1
dataset-v5,v3,extraction-v2,ranking-aware-v5,seo_weighted_page_quality_v5,63.1579,81.1,кухни на заказ Москва,кухни на заказ,commercial,Москва,213,https://www.100-kuhon.ru/,100-kuhon.ru,8,0,,,homepage,ok,,..\dataset-v2\artifacts\query--f3bad9eda3b7a37f.json,7d9dbd1bcc2eab103748aa4eaad94840acdd6159,234684,81.1,9600,60000,1600,1200,0.451075,5.6527,90,12.0446,36,1,10,9,18,1,51,1,191,0,0,0,75,3,3,0.75,0.75,6,0.75,3,0.027798,1,80,24,40,3,9,97,10.777778,31.0115,76.352854,22.238695,36.693847,1.111935,0.128385,0.761313,0.75,1,13.097087,0.229885,0.761313,0.570985,0.570985,0.5625,0.761313,0.7875,0.927273,0.682759,0.926612,0.343409,0.761313,200,1,0,0,1,1,0,0,0,0,1,1,1,0,0,0,0,0,1,1,1,1,1,1,6,1,1,1,1,1,1,0,1,1,1,1,0,1,3,1,1,1,1,1,7,9,0.777778,1,0.925926,1,0.488401,0,0,0,0,0,0,0,0,0,1,0.91,1,0.47,0.128385,0.53,161.5234,1509,21,5,60,10810.7152,0.468137,0.513603,0,0,0,0,0.5,1,0,0.5,0,0,0.83315,0.881377,0.715264,0.820965,0.810616,v5-shortcut-control-v1
dataset-v5,v3,extraction-v2,ranking-aware-v5,seo_weighted_page_quality_v5,57.8947,70.6,кухни на заказ Москва,кухни на заказ,commercial,Москва,213,https://zavodkuhnirf.ru/,zavodkuhnirf.ru,9,0,,,homepage,ok,,..\dataset-v2\artifacts\query--06aec8a58a484e78.json,a3c5d5fbd129d88abe6fc7c771e86be7dbe33a9c,251369,70.6,9600,60000,1474,498,0.337856,5.9885,90,13.4,19,1,10,0,11,1,89,1,185,0,0,0,113,2,3,0.5,0.75,5,0.75,23,0.076662,1,80,24,40,5,4,22,5.5,77.5789,80,28,30.529172,3.39213,0.06317,0.699966,1,1,4.89701,0.578947,0.699966,0.349983,0.524975,0.375,0.687833,0.7625,0.381818,0.724138,0,0.193657,0.699966,200,1,0,0,0,0,0,0,0,0,1,1,1,0,0,0,0,0,1,1,1,0.75,0.95,1,8,1,1,1,1,1,1,0,1,1,1,0,0,1,4,1,1,1,1,1,7,8,0.777778,0.888889,0.888889,1,0.488494,0,0,0,0,0,0,0,0,0,1,0.91,1,0.453632,0.06317,0.546368,172.5527,1610,14,10,155,11001.7971,0.446809,0.497607,0,0,0,0,0.5,1,0,0.5,0,0,0.796862,0.852741,0.6544,0.763113,0.743735,v5-shortcut-control-v1
dataset-v5,v3,extraction-v2,ranking-aware-v5,seo_weighted_page_quality_v5,100.0,73.6,кухни на заказ Санкт-Петербург,кухни на заказ,commercial,Санкт-Петербург,2,https://masterskayakuhon.ru/,masterskayakuhon.ru,1,0,,,homepage,ok,,..\dataset-v2\artifacts\query--a5563b24696c0347.json,93fba73b08d169aef30ea8ff28620c675c2a59f0,837339,73.6,9600,60000,1600,1200,0.354324,6.0818,90,13.4339,34,1,10,6,18,1,83,1,230,0,0,0,396,3,5,0.6,0.8,6,0.8,59,0.03784,1,80,24,40,0,8,118,14.75,180,32.967033,27.233636,33.922599,0,0.136388,0.61933,1,1,30.333333,0.676471,0.61933,0.371598,0.495464,0.48,0.61933,0.81,0.490909,0.413793,0.738653,0.219443,0.61933,200,1,0,0,0,0,1,0,0,0,1,1,1,0,0,0,0,0,1,1,1,0.75,0.95,1,2,1,1,0,1,1,1,1,1,1,1,0,1,1,6,1,1,1,1,0.8,8,7,0.888889,0.777778,0.822222,1,0.379721,0,0,0,0,0,0,0,0,0,1,0.91,1,0.65,0.136388,0.35,617.3389,3078,47,15,285,12246.8258,0.128514,0.258885,0,0,0,0,0.4,1,0,0.4,0,0,0.774453,0.762978,0.690332,0.746861,0.724045,v5-shortcut-control-v1
dataset-v5,v3,extraction-v2,ranking-aware-v5,seo_weighted_page_quality_v5,94.7368,79.5,кухни на заказ Санкт-Петербург,кухни на заказ,commercial,Санкт-Петербург,2,https://lenkuhni.ru/,lenkuhni.ru,2,0,,,homepage,ok,,..\dataset-v2\artifacts\query--d2415a8a89ee569b.json,46041782dcb351b1871c453c40a6d82763b23ac1,1013069,79.5,9600,60000,1600,931,0.364669,5.6099,90,15.8571,36,1,1,0,2,1,68,1,227,0,0,0,135,3,5,0.6,0.8,4,0.8,16,0.052879,1,80,24,40,7,15,243,16.2,55.5,80,28,43.869957,2.741872,0.019599,0.69012,1,1,6.334988,0.043478,0.69012,0.414072,0.552096,0.48,0.69012,0.81,0.763636,0.434483,0.237368,0.251665,0.69012,200,1,0,0,1,1,1,0,0,0,1,1,1,0,0,0,0,0,1,1,1,1,1,1,10,1,1,1,1,1,1,1,1,1,1,0,1,1,3,1,1,1,1,1,9,8,1,0.888889,0.962963,1,0.29733,0,0,0,0,0,0,0,0,0,1,0.91,1,0.914252,0.019599,0.085748,882.5908,4153,95,25,176,8968.7801,0.041428,0.193571,0,0,0,0,0.4,1,0,0.4,0,0,0.84523,0.885792,0.677306,0.806101,0.770005,v5-shortcut-control-v1
dataset-v5,v3,extraction-v2,ranking-aware-v5,seo_weighted_page_quality_v5,84.2105,72.3,кухни на заказ Санкт-Петербург,кухни на заказ,commercial,Санкт-Петербург,2,https://lavellakitchen.ru/,lavellakitchen.ru,4,0,,,homepage,ok,,..\dataset-v2\artifacts\query--2e4f88830a933db2.json,536529683e56599523cb779023dd785288f1ca49,456777,72.3,9600,60000,1600,1003,0.455702,5.8046,90,18.4958,34,1,8,2,11,1,105,1,211,0,0,0,109,5,6,0.8,0.6,10,0.6,14,0.049523,1,80,24,40,1,3,29,9.666667,64.7353,80,28,60,0.454339,0.051143,0.607958,1,1,4.59499,0.323529,0.607958,0.486366,0.364775,0.48,0.607958,0.83,0.090909,0.544828,0.349235,0.277048,0.607958,200,1,0,0,0,0,0,0,0,0,1,1,1,0,0,0,0,0,1,1,1,0.75,0.95,1,3,1,1,1,1,1,1,1,1,1,1,1,0,1,1,1,1,1,1,1,8,9,0.888889,1,0.962963,1,0.39768,1,1,0,1,0,0,0,0,0.1375,1,0.91,1,0.77625,0.051143,0.22375,309.6055,2818,56,52,77,11071.8437,0.209295,0.319471,0,0,0,0,0.4,1,0,0.4,0,0,0.792883,0.849588,0.634766,0.756681,0.723911,v5-shortcut-control-v1
dataset-v5,v3,extraction-v2,ranking-aware-v5,seo_weighted_page_quality_v5,78.9474,73.6,кухни на заказ Санкт-Петербург,кухни на заказ,commercial,Санкт-Петербург,2,https://neva-kuhni.ru/,neva-kuhni.ru,5,0,,,homepage,ok,,..\dataset-v2\artifacts\query--f6a193247f4dffa0.json,22dd164abcf60fd47022828d978af38fba0bddb3,1002408,73.6,7926,60000,1159,532,0.459016,5.6911,63,18.3968,8,1,1,7,9,1,59,1,200,0,0,0,59,4,2,0.8,0.4,4,0.6,16,0.050906,1,44,24,40,10,6,66,11,144.875,37.963762,28,60,8.628128,0.008418,0.635316,1,1,26.340909,1.125,0.635316,0.508253,0.38119,0.48,0.490887,0.83,0.927273,0.62069,0.303135,0.187771,0.635316,200,1,0,0,1,1,0,0,0,0,1,1,0,0,0,0,0,0,1,1,0.5,1,0.9,1,4,0,1,1,0,1,1,1,1,1,1,0,0,1,7,1,1,1,1,0.8,7,7,0.777778,0.777778,0.785185,1,0.28439,0,0,0,0,0,0,0,0,0,1,0.91,1,0.963173,0.008418,0.036827,929.6309,2383,88,179,42,7513.3149,0.037647,0.190735,0,0,0,0,0.4,1,0,0.4,0,0,0.7591,0.812726,0.612237,0.734811,0.722745,v5-shortcut-control-v1
dataset-v5,v3,extraction-v2,ranking-aware-v5,seo_weighted_page_quality_v5,73.6842,79.7,кухни на заказ Санкт-Петербург,кухни на заказ,commercial,Санкт-Петербург,2,https://kuhnihome.spb.ru/,kuhnihome.spb.ru,6,0,,,homepage,ok,,..\dataset-v2\artifacts\query--11bc722e3fbdbfc3.json,0e86c9890b80487a4cc2fa318e863f2a95305d8e,357016,79.7,9600,60000,1600,1200,0.379817,4.9108,64,38,5,1,4,3,8,1,50,1,140,0,0,0,171,4,5,0.8,1,7,0.6,35,0.036406,1,80,24,40,4,8,61,7.625,180,22.780498,11.070896,9.367681,0.851607,0.124598,0.628484,1,1,43.897196,1.6,0.628484,0.502787,0.37709,0.48,0.628484,0.83,0.909091,0.965517,0.786459,0.238709,0.628484,200,1,0,0,1,1,1,0,0,0,1,1,1,0,0,0,0,0,1,1,1,1,1,1,2,0,1,1,1,1,1,1,1,1,1,1,0,1,17,0,1,1,1,0.6,8,8,0.888889,0.888889,0.792593,1,0.488014,1,3,0,2,0,0,0,0,0.3625,1,0.91,1,0.65,0.124598,0.35,263.7139,2334,49,24,52,8192.6735,0.22274,0.329555,0,0,0,0,0.4,1,0,0.4,0,0,0.764767,0.804162,0.643691,0.756938,0.747103,v5-shortcut-control-v1
dataset-v5,v3,extraction-v2,ranking-aware-v5,seo_weighted_page_quality_v5,63.1579,72.5,кухни на заказ Санкт-Петербург,кухни на заказ,commercial,Санкт-Петербург,2,https://novakuhni.ru/,novakuhni.ru,8,0,,,homepage,ok,,..\dataset-v2\artifacts\query--026a10e7b29523bc.json,cfd2a7dc471e362ffe4141acf31a4b9aa017c1bb,1111991,72.5,9600,60000,1600,1100,0.413378,5.4119,90,24.8692,36,1,6,0,7,1,67,1,242,0,0,0,91,3,4,0.6,0.8,3,0.6,6,0.034198,1,80,24,40,16,12,93,7.75,32.8519,80,28,52.987599,6.012777,0.018014,0.355196,1,1,10.003759,0.08642,0.355196,0.213118,0.213118,0.36,0.355196,0.76,0.781818,0.331034,0.860078,0.14683,0.355196,200,1,0,0,1,1,1,0,0,0,1,1,1,0,0,0,0,0,1,1,1,1,1,1,7,1,1,0,1,1,1,1,1,1,1,1,1,1,11,1,1,1,1,0.8,8,8,0.888889,0.888889,0.859259,1,0.361476,1,1,0,1,1,0,0,0,0.2875,1,0.91,1,0.921188,0.018014,0.078812,991.7275,4451,43,42,524,12051.6625,0.009455,0.169591,0,0,0,0,0.4,1,0,0.4,0,0,0.6725,0.692241,0.558535,0.649103,0.60551,v5-shortcut-control-v1
dataset-v5,v3,extraction-v2,ranking-aware-v5,seo_weighted_page_quality_v5,57.8947,73.3,кухни на заказ Санкт-Петербург,кухни на заказ,commercial,Санкт-Петербург,2,https://lubimaya-kuhnya.ru/,lubimaya-kuhnya.ru,9,0,,,homepage,ok,,..\dataset-v2\artifacts\query--9684fc90e4682d05.json,203d250599fb81c716a3c4c7b184743585d2c84e,1487579,73.3,9600,60000,1600,770,0.411325,5.4215,90,16.8649,19,1,10,7,18,1,110,1,246,0,0,0,106,6,4,0.8,0.6,7,0.8,13,0.056624,0.8,80,24,40,24,8,68,8.5,98.5263,80,13.354701,55.555556,31.517094,0.009064,0.610327,1,1,5.243697,0.947368,0.488262,0.488262,0.488262,0.64,0.610327,0.85,0,0.303448,0.090028,0.251043,0.610327,200,1,0,0,1,1,1,0,0,0,1,1,0,0,0,0,0,0,1,1,0.5,1,0.9,1,8,1,1,1,1,1,1,1,1,1,1,0,0,1,17,1,1,1,1,1,8,8,0.888889,0.888889,0.925926,1,0.298976,0,0,0,0,0,0,0,0,0,1,0.94375,1,0.960346,0.009064,0.039654,1344.5703,3175,116,150,25,11700.7453,0.066667,0.2125,0,0,0,0,0.4,1,0,0.4,0,0,0.763383,0.829799,0.602335,0.732921,0.690199,v5-shortcut-control-v1
dataset-v5,v3,extraction-v2,ranking-aware-v5,seo_weighted_page_quality_v5,52.6316,71.9,кухни на заказ Санкт-Петербург,кухни на заказ,commercial,Санкт-Петербург,2,https://structurakitchen.ru/,structurakitchen.ru,10,0,,,homepage,ok,,..\dataset-v2\artifacts\query--3f406be85a5db1b2.json,c18fa4c4216165954e34fcc6c0a9bef3da9ae33c,598426,71.9,9202,60000,1322,579,0.437973,5.6452,77,17.1688,24,2,5,5,15,1,60,1,205,0,0,0,64,4,1,0.8,0.2,8,0.8,22,0.048411,0.8,70,24,40,0,4,48,12,55.0833,52.950076,28,60,0,0.016962,0.595091,1,1,18.885714,0.625,0.476073,0.476073,0.476073,0.64,0.524474,0.85,0.909091,0.586207,0.309027,0.191421,0.595091,200,1,0,0,1,1,0,0,0,0,1,1,0,0,0,0,0,0,1,1,0.5,1,0.9,1,7,1,1,1,1,1,0,1,1,1,0,0,0,1,5,1,1,1,1,1,7,7,0.777778,0.777778,0.851852,1,0.316304,0,0,0,0,0,0,0,0,0,1,0.91,1,0.925792,0.016962,0.074208,538.1299,1719,75,92,43,7527.1814,0.158011,0.281008,0,0,0,0,0.4,1,0,0.4,0,0,0.737875,0.813391,0.578567,0.717063,0.683266,v5-shortcut-control-v1
dataset-v5,v3,extraction-v2,ranking-aware-v5,seo_weighted_page_quality_v5,100.0,70.5,кухни на заказ Екатеринбург,кухни на заказ,commercial,Екатеринбург,54,https://kitchenrm.ru/,kitchenrm.ru,1,0,,,homepage,ok,,..\dataset-v2\artifacts\query--0e790d9c52748813.json,8ea25722900ad38d5496290cfd5f9e6e2145ecbf,836328,70.5,9600,60000,1600,950,0.4,5.7095,42,38,7,1,2,0,3,1,68,1,204,0,0,0,58,4,2,0.75,0.5,2,0.25,31,0.024421,1,80,24,36,9,126,251,1.992063,180,80,28,15.157895,3.789474,0.024079,0.584572,1,1,3.699377,0.428571,0.584572,0.438429,0.146143,0.1875,0.584572,0.725,0.763636,0.593103,0.814035,0.233829,0.584572,200,1,0,0,0,0,0,0,0,0,1,1,1,0,0,0,0,0,1,1,1,0.75,0.95,1,3,1,1,1,1,1,1,1,1,1,1,1,0,1,123,1,1,0,0,1,8,7,0.888889,0.777778,0.888889,1,0.334871,0,0,0,0,0,0,0,0,0,1,0.91,1,0.83037,0.024079,0.16963,678.4453,6907,30,23,342,11515.4701,0.129808,0.259856,0,0,0,0,0.5,1,0,0.5,0,0,0.767359,0.829845,0.562184,0.718648,0.67854,v5-shortcut-control-v1
dataset-v5,v3,extraction-v2,ranking-aware-v5,seo_weighted_page_quality_v5,94.7368,79.8,кухни на заказ Екатеринбург,кухни на заказ,commercial,Екатеринбург,54,https://www.lovekuhnya.ru/,lovekuhnya.ru,2,0,,,homepage,ok,,..\dataset-v2\artifacts\query--20503d5be08de361.json,c9f96c7e1bf2bd38732ec01a621606c9bf17a750,1055299,79.8,9600,60000,1600,965,0.288577,5.3122,90,18.3736,36,1,10,4,18,1,109,1,193,0,0,0,302,3,1,0.75,0.25,8,1,24,0.090311,1,80,24,40,8,3,45,15,13.5935,80,28,56.519139,2.392344,0.027054,0.567388,1,1,4.440903,0.073171,0.567388,0.425541,0.567388,0.75,0.567388,0.9125,0.018182,0.668966,0,0.163735,0.567388,200,1,0,0,1,1,1,0,0,0,1,1,1,0,0,0,0,0,1,1,1,1,1,1,25,1,1,1,1,1,1,0,1,1,1,0,1,1,22,1,1,1,1,1,8,8,0.888889,0.888889,0.925926,1,0.583082,2,4,0,6,1,0,0,1,0.85,1,0.91,1,0.740209,0.027054,0.259791,811.7285,3845,24,8,457,12353.8646,0.200046,0.312535,0,0,0,0,0.5,1,0,0.5,0,0,0.794842,0.853636,0.679882,0.776486,0.746398,v5-shortcut-control-v1
dataset-v5,v3,extraction-v2,ranking-aware-v5,seo_weighted_page_quality_v5,89.4737,74.8,кухни на заказ Екатеринбург,кухни на заказ,commercial,Екатеринбург,54,https://ekaterinburg.vernokuhni.ru/,ekaterinburg.vernokuhni.ru,3,0,,,homepage,ok,,..\dataset-v2\artifacts\query--84a0792a3943a2c1.json,303f05c3ce200b70d9c8523cac93bf0380824bb4,475138,74.8,9600,60000,1600,1200,0.26879,5.7418,90,13.3788,2,1,0,5,6,1,99,1,193,0,0,0,141,3,4,0.5,0.75,3,0.75,11,0.029357,1,80,24,38,1,4,28,7,180,74.953154,15.198834,7.911722,0.208203,0.103886,0.571556,1,1,13.341667,3,0.571556,0.285778,0.428667,0.375,0.571556,0.7625,0.2,0.668966,0.978555,0.153629,0.571556,200,1,0,0,1,1,1,0,0,0,1,1,1,0,0,0,0,0,1,1,1,1,1,1,3,0,1,1,0,1,1,0,1,1,1,0,0,1,2,1,1,1,1,0.8,6,7,0.666667,0.777778,0.748148,1,0.393177,0,0,0,0,0,0,0,0,0,1,0.91,1,0.65,0.103886,0.35,340.3906,3152,105,25,73,13076.0089,0.200276,0.312707,0,0,0,0,0.5,1,0,0.5,0,0,0.713315,0.78364,0.597475,0.708779,0.701306,v5-shortcut-control-v1
dataset-v5,v3,extraction-v2,ranking-aware-v5,seo_weighted_page_quality_v5,84.2105,81.0,кухни на заказ Екатеринбург,кухни на заказ,commercial,Екатеринбург,54,https://na-zakaz-mebel.com/,na-zakaz-mebel.com,4,0,,,homepage,ok,,..\dataset-v2\artifacts\query--f5f03df6123b9ef4.json,1150472934ac72c501d40e6f617cd414060d9998,266869,81.0,9600,60000,1600,889,0.416979,5.5924,90,13.9346,36,1,10,12,18,1,46,1,169,0,0,0,106,4,3,1,0.75,28,1,22,0.049719,1,80,24,40,12,3,86,28.666667,12.3237,80,28,45.028143,5.628518,0.091799,0.51346,1,1,9.603604,0.421965,0.51346,0.51346,0.51346,1,0.51346,1,0.836364,0.834483,0.342714,0.214102,0.51346,200,1,0,0,1,1,0,0,0,0,1,1,1,0,0,0,0,0,1,1,1,1,1,1,6,1,1,1,1,1,1,0,1,1,1,0,1,1,2,1,1,1,1,1,8,8,0.888889,0.888889,0.925926,1,0.55677,0,0,0,0,0,0,0,0,0,1,0.91,1,0.264286,0.091799,0.735714,182.835,1841,5,1,109,4033.5145,0.558489,0.581367,0,0,0,0,0.5,1,0,0.5,0,0,0.7866,0.848836,0.673369,0.774706,0.744567,v5-shortcut-control-v1
dataset-v5,v3,extraction-v2,ranking-aware-v5,seo_weighted_page_quality_v5,78.9474,27.0,кухни на заказ Екатеринбург,кухни на заказ,commercial,Екатеринбург,54,https://ekaterinburg.lemanapro.ru/proekt-kuhni/na-zakaz/,ekaterinburg.lemanapro.ru,5,0,,,content,ok,,..\dataset-v2\artifacts\query--0077b54a40611057.json,6ac49f7de4e187a219c299c16fb43fdd44ebc185,10087,27.0,77,8264,13,13,1,5,1,13,1,1,0,0,1,1,12,0,0,0,0,0,0,0,0,0,0,0,0,0,0,0,1,0,0,0,0,0,0,13,76.923077,0,0,0,0.009318,0.084679,0,0,13,1,0,0,0,0,0.000734,0,0.218182,0,0,0.000612,0,403,0,0,0,0,0,0,0,0,0,0,1,1,0,0,2,0,0,1,0.8,1,0.75,0.71,1,1,0,0,0,0,0,0,0,0,0,0,0,0,0,0,0,0,0,0,0.2,1,0,0.111111,0,0.103704,1,0.537402,0,0,0,0,0,0,0,0,0,1,0.760695,1,0.509236,0.009318,0.490764,8.1094,40,0,2,0,2834.5543,0.97443,0.898148,0,0,0,0,0.5,1,0,0.5,0,0,0.111912,0.167466,0.085421,0.206098,0.210069,v5-shortcut-control-v1
dataset-v5,v3,extraction-v2,ranking-aware-v5,seo_weighted_page_quality_v5,73.6842,76.4,кухни на заказ Екатеринбург,кухни на заказ,commercial,Екатеринбург,54,https://е-кухни.рф/,е-кухни.рф,6,0,,,homepage,ok,,..\dataset-v2\artifacts\query--8854a851b6647284.json,a2bf292f3a8f13936ae8734e3a4759c521ff4be3,649875,76.4,9600,60000,1578,597,0.378327,5.5684,85,18.5647,7,2,4,0,6,1,39,1,247,0,0,0,85,3,4,0.75,0.5,10,0.75,21,0.053866,1,80,24,6,3,7,249,35.571429,180,80,28,3.802281,1.901141,0.01808,0.539499,1,1,10.590604,0.857143,0.539499,0.404624,0.404624,0.5625,0.539499,0.85,0.709091,0.296552,0.204478,0.178934,0.539499,200,1,0,0,1,1,0,0,0,0,1,1,1,0,0,0,0,0,1,1,1,1,1,1,3,0,1,1,1,1,1,1,1,1,1,0,1,1,1,1,1,1,1,0.8,9,7,1,0.777778,0.859259,1,0.380357,0,0,0,0,0,0,0,0,0,1,0.91,1,0.715187,0.01808,0.284813,589.165,2851,19,26,199,4723.4227,0.218822,0.326616,0,0,0,0,0.5,1,0,0.5,0,0,0.774347,0.823153,0.658979,0.748416,0.71289,v5-shortcut-control-v1
dataset-v5,v3,extraction-v2,ranking-aware-v5,seo_weighted_page_quality_v5,68.4211,81.8,кухни на заказ Екатеринбург,кухни на заказ,commercial,Екатеринбург,54,https://www.vkuskuhni.ru/,vkuskuhni.ru,7,0,,,homepage,ok,,..\dataset-v2\artifacts\query--756dd324e35cb76b.json,901360dbfe1470c0f71b9b934a070fb40dcf7caf,165360,81.8,9600,60000,1487,744,0.500336,6.0222,78,19.0641,7,1,5,0,6,1,83,1,177,0,0,0,67,3,0,0.75,0,11,0.75,9,0.045057,1,80,24,40,4,6,30,5,180,80,28,60,2.68998,0.108178,0.689096,1,1,9.847682,0.857143,0.689096,0.516822,0.516822,0.5625,0.683124,0.85,0.490909,0.77931,0.498095,0.284826,0.689096,200,1,0,0,1,1,1,0,0,0,1,1,1,0,0,0,0,0,1,1,1,1,1,1,2,1,1,1,1,1,1,1,1,0,1,0,0,1,8,1,1,1,1,1,8,7,0.888889,0.777778,0.888889,1,0.687725,2,4,0,4,1,0,0,1,0.8,1,0.91,1,0.47,0.108178,0.53,106.9268,986,21,14,43,6436.2742,0.464535,0.510901,0,0,0,0,0.5,1,0,0.5,0,0,0.831287,0.878264,0.679758,0.80704,0.783014,v5-shortcut-control-v1
dataset-v5,v3,extraction-v2,ranking-aware-v5,seo_weighted_page_quality_v5,63.1579,27.3,кухни на заказ Екатеринбург,кухни на заказ,commercial,Екатеринбург,54,https://kuhnya-ekb.ru/,kuhnya-ekb.ru,8,0,,,homepage,ok,,..\dataset-v2\artifacts\query--93b0a30e2647ffbf.json,5e52b9d8f5c4409f282fdd85b40810c84559ae0e,34228,27.3,169,32178,27,24,0.888889,5.0741,2,13.5,1,0,0,0,0,1,22,0,0,0,0,0,0,0,0,0,0,0,0,0,0,0,2,1,0,1,0,0,0,27,74.074074,28,0,37.037037,0.005252,0.049797,0,0.25,13.5,0,0,0,0,0,0.000896,0,0.4,0,0,0.000664,0.012449,403,0,0,0,0,0,1,0,0,0,0,1,0,0,0,0,0,0,1,1,0.5,0.75,0.65,1,1,1,0,0,0,0,0,0,0,0,0,0,0,0,0,0,1,1,1,0.4,2,3,0.222222,0.333333,0.318519,1,0.532324,0,0,0,0,0,0,0,0,0,1,0.771222,1,0.527022,0.005252,0.472978,31.5059,47,0,2,1,4543.2918,0.963464,0.885098,0,0,0,0,0.5,1,0,0.5,0,0,0.157215,0.208695,0.061673,0.214849,0.187464,v5-shortcut-control-v1
dataset-v5,v3,extraction-v2,ranking-aware-v5,seo_weighted_page_quality_v5,57.8947,68.8,кухни на заказ Екатеринбург,кухни на заказ,commercial,Екатеринбург,54,https://yutnaya-kuhnya.com/,yutnaya-kuhnya.com,9,0,,,homepage,ok,,..\dataset-v2\artifacts\query--6c9ed73c8e1d29f4.json,48538875bcc4c8a9b993944094f3356b2586fe48,540602,68.8,7334,60000,1119,427,0.381591,5.2851,28,38,36,1,2,0,3,1,47,1,211,0,0,0,61,3,4,0.75,0.75,3,0.75,22,0.054513,1,80,24,40,0,33,40,1.212121,28.6923,80,28,40.214477,0,0.015711,0.685835,1,1,4.643154,0.076923,0.685835,0.514376,0.514376,0.5625,0.511633,0.85,0.854545,0.544828,0.182901,0.162695,0.685835,200,1,0,0,0,0,0,0,0,0,1,1,1,0,0,0,0,0,1,1,1,0.75,0.95,1,12,0,1,1,1,1,0,1,1,1,0,0,0,1,2,1,1,1,1,0.8,7,6,0.777778,0.666667,0.748148,1,0.316024,0,0,0,0,0,0,0,0,0,1,0.91,1,0.931265,0.015711,0.068735,464.8545,3330,55,31,118,6599.0082,0.163812,0.285359,0,0,0,0,0.5,1,0,0.5,0,0,0.785921,0.833265,0.595923,0.773387,0.767735,v5-shortcut-control-v1
dataset-v5,v3,extraction-v2,ranking-aware-v5,seo_weighted_page_quality_v5,52.6316,75.1,кухни на заказ Екатеринбург,кухни на заказ,commercial,Екатеринбург,54,https://dom-mania.ru/,dom-mania.ru,10,0,,,homepage,ok,,..\dataset-v2\artifacts\query--eba0bcea41a1226c.json,a43e65bbc12e901cb82e867e9a1e6e692aa8791b,674963,75.1,6795,60000,996,500,0.502008,5.6275,58,17.1724,36,0,10,12,18,1,30,1,108,0,0,0,44,3,3,0.75,0.75,8,0.75,13,0.044177,1,64,24,10,0,2,10,5,26.9189,64.257028,28,10.040161,0,0.010956,0.661918,1,1,15.5625,1.567568,0.661918,0.496439,0.496439,0.5625,0.439514,0.85,0.545455,0.744828,0.527443,0.183866,0.661918,200,1,0,0,1,1,1,0,0,0,1,1,1,0,0,0,0,0,1,1,1,1,1,1,12,0,1,1,1,1,1,1,1,1,0,0,1,1,5,1,1,1,1,0.8,9,6,1,0.666667,0.822222,1,0.308465,0,0,0,0,0,0,0,0,0,1,0.91,1,0.95207,0.010956,0.04793,617.3721,1511,97,68,74,6578.8346,0.15124,0.27593,0,0,0,0,0.5,1,0,0.5,0,0,0.820943,0.855977,0.684823,0.796389,0.770274,v5-shortcut-control-v1
dataset-v5,v3,extraction-v2,ranking-aware-v5,seo_weighted_page_quality_v5,100.0,79.0,кухни на заказ Новосибирск,кухни на заказ,commercial,Новосибирск,65,https://www.kuhni-nsk.ru/catalog/kuhni/na-zakaz/,kuhni-nsk.ru,1,0,,,product,ok,,..\dataset-v2\artifacts\query--19489ed0ee7ae1e7.json,78366501908d2b2f2faeb95c7b3089fba8cd043c,349422,79.0,9600,60000,1600,814,0.481942,5.2724,90,17.5938,5,1,2,3,6,1,64,1,189,0,0,0,121,3,6,0.75,0.75,12,0.75,40,0.07164,1,80,24,40,24,7,171,24.428571,180,80,28,60,15.393724,0.048211,0.456155,1,1,6.756,1.2,0.456155,0.342116,0.342116,0.5625,0.456155,0.85,0.836364,0.696552,0,0.206283,0.456155,200,1,0,0,1,1,1,0,0,0,1,1,1,0,0,3,0,0,1,0.7,1,1,0.94,1,9,1,1,1,1,1,1,1,1,1,1,0,0,1,4,1,1,1,1,1,8,8,0.888889,0.888889,0.925926,1,0.489916,1,2,0,3,1,0,0,0,0.475,1,0.91,1,0.789078,0.048211,0.210922,236.126,2260,52,12,62,11078.2889,0.268322,0.363742,0,0,0,0,0.25,1,0,0.25,0,0,0.737674,0.810857,0.55892,0.700906,0.657323,v5-shortcut-control-v1
dataset-v5,v3,extraction-v2,ranking-aware-v5,seo_weighted_page_quality_v5,94.7368,71.1,кухни на заказ Новосибирск,кухни на заказ,commercial,Новосибирск,65,https://promebelnsk.ru/kuhni,promebelnsk.ru,2,0,,,content,ok,,..\dataset-v2\artifacts\query--29d3e98fcc44adef.json,25dfa46b11d3af2e719489835141b144c5e80bfe,4949720,71.1,9600,60000,1600,867,0.253361,5.6698,90,27.376,36,1,8,12,18,1,102,1,118,0,0,0,82,4,2,1,0.5,4,0.75,10,0.023963,1,80,24,40,0,27,86,3.185185,10.9679,80,28,13.150205,0,0.005216,0.406043,1,1,7.655481,0.073718,0.406043,0.406043,0.304532,0.75,0.406043,0.9375,0.145455,0.813793,0.798753,0.102875,0.406043,200,1,0,0,1,1,0,0,0,0,1,1,0,0,0,1,0,0,1,0.9,0.5,1,0.88,1,51,1,1,1,1,1,1,1,1,1,1,0,0,1,23,1,1,1,1,1,8,8,0.888889,0.888889,0.925926,1,0.27383,0,0,0,0,0,0,0,0,0,1,0.91,1,0.977181,0.005216,0.022819,4602.123,5798,137,307,105,9897.2043,0,0.1625,0,0,0,0,0.25,1,0,0.25,0,0,0.725332,0.801527,0.53016,0.683963,0.638771,v5-shortcut-control-v1
dataset-v5,v3,extraction-v2,ranking-aware-v5,seo_weighted_page_quality_v5,89.4737,69.3,кухни на заказ Новосибирск,кухни на заказ,commercial,Новосибирск,65,https://alexandr-kuhni.ru/nsk,alexandr-kuhni.ru,3,0,,,content,ok,,..\dataset-v2\artifacts\query--8bcbc9af4e0a67b2.json,b34ea7d17c570a0d9345b141516e1e6bae547852,964109,69.3,9600,60000,1600,770,0.320033,5.0702,90,21.4821,36,1,1,0,2,1,29,1,67,0,0,0,70,3,3,0.75,0.75,2,0.25,16,0.029094,1,72,24,40,24,8,107,13.375,66.8333,29.925187,17.040732,35.743973,39.068994,0.017303,0.59732,1,1,33.416667,0.055556,0.59732,0.44799,0.14933,0.1875,0.59732,0.725,0.527273,0.462069,0.969798,0.191162,0.59732,200,1,0,0,1,1,0,0,0,0,1,1,0,0,0,1,0,0,1,0.9,0.5,1,0.88,1,13,0,1,1,1,1,1,0,1,1,1,1,0,1,10,1,1,1,1,0.8,7,8,0.777778,0.888889,0.822222,1,0.297492,0,0,0,0,0,0,0,0,0,1,0.91,1,0.924299,0.017303,0.075701,879.4346,2498,81,178,41,9430.719,0.055686,0.204265,0,0,0,0,0.25,1,0,0.25,0,0,0.726245,0.787297,0.543637,0.685745,0.664628,v5-shortcut-control-v1
dataset-v5,v3,extraction-v2,ranking-aware-v5,seo_weighted_page_quality_v5,84.2105,76.3,кухни на заказ Новосибирск,кухни на заказ,commercial,Новосибирск,65,https://kuxni-nsk.ru/,kuxni-nsk.ru,4,0,,,homepage,ok,,..\dataset-v2\artifacts\query--115808e4fcd67ef0.json,2fec5a771341871cfe7df7db29e45de3778ff98c,358183,76.3,9600,60000,1600,702,0.382561,5.0616,86,21.3372,36,1,7,11,18,1,67,1,151,0,0,0,44,3,4,0.75,0.75,6,0.75,16,0.023978,1,80,24,40,24,0,0,0,40.7778,80,28,40.871935,40,0.041007,0.399778,1,0.5,11.613924,0.422222,0.399778,0.299834,0.299834,0.5625,0.399778,0.85,0.781818,0.958621,0.799273,0.15294,0.199889,200,1,0,0,1,1,0,0,0,0,1,1,1,0,0,0,0,0,1,1,1,1,1,1,1,0,1,0,1,1,1,1,1,1,1,1,1,1,2,1,1,1,1,0.6,8,7,0.888889,0.777778,0.755556,1,0.480515,0,0,0,0,0,0,0,0,0,1,0.91,1,0.512022,0.041007,0.487978,294.5254,3521,11,2,236,4646.2742,0.482106,0.52408,0,0,0,0,0.25,1,0,0.25,0,0,0.639172,0.659445,0.591501,0.652666,0.647396,v5-shortcut-control-v1
dataset-v5,v3,extraction-v2,ranking-aware-v5,seo_weighted_page_quality_v5,78.9474,76.3,кухни на заказ Новосибирск,кухни на заказ,commercial,Новосибирск,65,https://novosibirsk.vernokuhni.ru/,novosibirsk.vernokuhni.ru,5,0,,,homepage,ok,,..\dataset-v2\artifacts\query--9a259f4bcdd63792.json,a60f91bdeb5415630b4ef3dcbd45cf9b8ab4a9b2,459466,76.3,9600,60000,1600,1200,0.270293,5.8143,90,13.1821,2,1,0,5,6,1,107,1,185,0,0,0,137,3,3,0.75,0.75,3,0.75,11,0.029112,1,80,24,38,1,4,28,7,180,75.010625,15.299618,8.074798,0.212495,0.107159,0.606503,1,1,13.331445,3,0.606503,0.454877,0.454877,0.5625,0.606503,0.85,0.054545,0.724138,0.970392,0.163934,0.606503,200,1,0,0,1,1,1,0,0,0,1,1,1,0,0,0,0,0,1,1,1,1,1,1,1,0,1,1,0,1,1,0,1,1,1,0,0,1,2,1,1,1,1,0.8,6,7,0.666667,0.777778,0.748148,1,0.393895,0,0,0,0,0,0,0,0,0,1,0.91,1,0.65,0.107159,0.35,327.3105,3073,105,25,72,12728.9335,0.204108,0.315581,0,0,0,0,0.25,1,0,0.25,0,0,0.73985,0.803619,0.628043,0.744673,0.744298,v5-shortcut-control-v1
dataset-v5,v3,extraction-v2,ranking-aware-v5,seo_weighted_page_quality_v5,73.6842,73.1,кухни на заказ Новосибирск,кухни на заказ,commercial,Новосибирск,65,https://feniks-kuhni-nsk.ru/,feniks-kuhni-nsk.ru,6,0,,,homepage,ok,,..\dataset-v2\artifacts\query--bac669db0b90c45c.json,70c193cff0c9cb5c20e5c98c3634befe98fcf3b7,878142,73.1,9600,60000,1600,414,0.186655,5.3309,90,19.4561,36,2,10,12,18,1,67,1,167,0,0,0,33,3,3,0.75,0.75,11,0.75,9,0.014878,1,80,24,0,24,0,56,0,3.1416,80,28,0,40,0.018976,0.345232,1,0.5,12.120219,0.053824,0.345232,0.258924,0.258924,0.5625,0.345232,0.85,0.781818,0.848276,0.495942,0.064439,0.172616,200,1,0,0,1,1,0,0,0,0,1,1,1,0,0,0,0,0,1,1,1,1,1,1,16,1,1,1,1,1,1,1,1,1,1,0,0,1,50,1,1,1,1,1,8,8,0.888889,0.888889,0.925926,1,0.33949,1,1,0,0,0,0,0,0,0.0875,1,0.91,1,0.91698,0.018976,0.08302,756.8945,8542,135,8,119,14554.0899,0.153254,0.27744,0,0,0,0,0.25,1,0,0.25,0,0,0.660047,0.760842,0.495755,0.652109,0.621827,v5-shortcut-control-v1
dataset-v5,v3,extraction-v2,ranking-aware-v5,seo_weighted_page_quality_v5,68.4211,72.3,кухни на заказ Новосибирск,кухни на заказ,commercial,Новосибирск,65,https://monolit-kuhni-mebel.ru/,monolit-kuhni-mebel.ru,7,0,,,homepage,ok,,..\dataset-v2\artifacts\query--1334f094b1423da6.json,9cb1ca29c27ac678c4fd98d2012631fe3f9d2a04,318913,72.3,6656,60000,930,504,0.541935,5.9419,78,11.9231,36,1,2,5,8,1,46,1,93,0,0,0,66,3,2,0.75,0.5,9,0.75,22,0.070968,1,7,24,3,24,0,32,0,17.2222,7.526882,28,3.225806,40,0.023542,0.608326,1,0.75,80,0.148148,0.608326,0.456245,0.456245,0.5625,0.377162,0.85,0.836364,0.641379,0,0.170331,0.456245,200,1,0,0,1,1,0,0,0,0,1,1,1,0,0,0,0,0,1,1,1,1,1,1,4,0,1,1,1,1,0,0,1,1,0,0,0,1,5,1,1,1,1,0.8,6,6,0.666667,0.666667,0.711111,1,0.406199,1,1,0,0,0,0,0,0,0.0875,1,0.91,1,0.807006,0.023542,0.192994,282.9385,1443,28,9,93,10472.3851,0.3624,0.4343,0,0,0,0,0.25,1,0,0.25,0,0,0.716419,0.789029,0.597287,0.733325,0.745153,v5-shortcut-control-v1
dataset-v5,v3,extraction-v2,ranking-aware-v5,seo_weighted_page_quality_v5,63.1579,60.0,кухни на заказ Новосибирск,кухни на заказ,commercial,Новосибирск,65,https://artinhomeshop.ru/,artinhomeshop.ru,8,0,,,homepage,ok,,..\dataset-v2\artifacts\query--3e66df9915929601.json,33a22d902afa0967343ea9ad011cd91b82f3fe50,295165,60.0,2982,60000,477,313,0.656184,5.0356,50,9.54,1,0,0,0,0,1,46,0,0,0,0,0,15,3,0,0.75,0,0,0,9,0.031447,1,27,24,40,24,3,33,11,180,56.603774,28,60,40,0.010878,0.539643,1,1,17.666667,0,0.539643,0.404732,0,0,0.171606,0.6625,0.836364,0,0.951782,0.093838,0.539643,200,1,0,0,1,0,0,0,0,0,1,1,0,0,0,0,0,0,1,1,0.5,0,0.7,1,5,1,1,1,1,1,1,0,1,1,1,0,0,1,5,1,1,1,1,1,7,8,0.777778,0.888889,0.888889,1,0.358871,0,0,0,0,0,0,0,0,0,1,0.9415,1,0.952409,0.010878,0.047591,270.5264,950,47,56,26,10328.3023,0.378522,0.446392,0,0,0,0,0.25,1,0,0.25,0,0,0.700635,0.77755,0.403541,0.614672,0.571234,v5-shortcut-control-v1
dataset-v5,v3,extraction-v2,ranking-aware-v5,seo_weighted_page_quality_v5,57.8947,20.0,кухни на заказ Новосибирск,кухни на заказ,commercial,Новосибирск,65,http://mebelin-nsk.ru/kukhni,mebelin-nsk.ru,9,0,,,content,ok,,..\dataset-v2\artifacts\query--f8ea76e63e0be348.json,37935c4f981b802c0a6eb17eaa0c926e1e2d2094,1334,20.0,33,144,7,4,0.571429,3.8571,1,7,1,1,0,0,1,1,13,0,0,0,0,0,0,0,0,0,0,0,0,0,0,0,0,0,0,0,0,0,0,7,0,0,0,0,0.229167,0.036827,0,0,7,1,0,0,0,0,0.000172,0,0.236364,0,0,0.000082,0,404,0,0,0,0,0,0,0,0,0,0,0,0,0,0,1,0,0,1,0.9,0,0.75,0.53,0,0,0,0,0,0,0,0,0,0,0,0,0,0,0,0,0,0,0,0,0,0,0,0,0,0,1,0.486842,0,0,0,0,0,0,0,0,0,0,0.204583,1,0.2,0.229167,0.8,0.1406,8,0,0,0,1937.6997,0.99907,0.942786,0,0,0,0,0.25,1,0,0.25,0,0,0.049525,0.047592,0.062893,0.135686,0.152195,v5-shortcut-control-v1
dataset-v5,v3,extraction-v2,ranking-aware-v5,seo_weighted_page_quality_v5,52.6316,67.7,кухни на заказ Новосибирск,кухни на заказ,commercial,Новосибирск,65,https://kuhni-mebel-nsk.ru/,kuhni-mebel-nsk.ru,10,0,,,homepage,ok,,..\dataset-v2\artifacts\query--d07d33ba9d10af76.json,9a5d3e21f62c5d3376fd433d5fdadeb928c02083,358843,67.7,6216,60000,979,313,0.319714,5.1931,34,28.7941,20,2,0,0,2,1,62,1,62,0,0,0,88,3,3,0.75,0.75,0,0,24,0.089888,1,50,24,1,0,5,192,38.4,48.95,51.072523,28,1.02145,0,0.019463,0.536273,1,1,19.58,0.1,0.536273,0.402205,0,0,0.350008,0.6625,0.872727,0.427586,0,0.093252,0.536273,200,1,0,0,1,1,0,0,0,0,1,1,1,0,0,0,0,0,1,1,1,1,1,1,4,0,1,1,1,1,1,1,1,1,0,0,0,1,1,1,1,1,1,0.8,8,6,0.888889,0.666667,0.785185,1,0.387964,0,0,0,0,0,0,0,0,0,1,0.91,1,0.73485,0.019463,0.26515,322.1855,1920,21,31,115,8860.8422,0.28561,0.376707,0,0,0,0,0.25,1,0,0.25,0,0,0.724178,0.786472,0.478859,0.687829,0.652408,v5-shortcut-control-v1
dataset-v5,v3,extraction-v2,ranking-aware-v5,seo_weighted_page_quality_v5,100.0,64.1,кухни на заказ Казань,кухни на заказ,commercial,Казань,43,https://kuhni-sova.ru/,kuhni-sova.ru,1,0,,,homepage,ok,,..\dataset-v2\artifacts\query--dcfe110ddfff99a3.json,c905f653d4cc535b421817acc318510604b7d6a2,1251115,64.1,9600,60000,1600,802,0.385022,5.2712,90,17.0738,36,0,0,0,0,1,24,1,127,0,0,0,57,2,6,0.5,0.75,0,0,13,0.027364,1,60,24,40,24,6,88,14.666667,46.2889,28.804609,24.003841,32.645223,12.962074,0.011637,0.170982,1,1,34.716667,0,0.170982,0.085491,0,0,0.170982,0.575,0.436364,0.875862,0.912146,0.065832,0.170982,200,1,0,0,1,1,0,0,0,0,1,1,0,0,0,0,0,0,1,1,0.5,1,0.9,1,13,0,1,1,1,1,1,1,1,1,1,0,1,1,5,0,1,1,1,0.6,9,7,1,0.777778,0.792593,1,0.280853,0,0,0,0,0,0,0,0,0,1,0.91,1,0.949087,0.011637,0.050913,1155.7871,3043,95,243,50,7431.1302,0,0.1625,0,0,0,0,0.5,1,0,0.5,0,0,0.57563,0.666644,0.357208,0.533653,0.466981,v5-shortcut-control-v1
dataset-v5,v3,extraction-v2,ranking-aware-v5,seo_weighted_page_quality_v5,78.9474,76.2,кухни на заказ Казань,кухни на заказ,commercial,Казань,43,https://кухни116.рф/,кухни116.рф,5,0,,,homepage,ok,,..\dataset-v2\artifacts\query--d5eef5cdebbaf57e.json,95926da313ef987c274aa8a23691217f561e66a3,563304,76.2,9600,60000,1600,1200,0.367171,6.1986,90,10.8677,36,1,10,11,18,1,33,1,74,1,1,2,136,5,1,1,0.25,9,0.75,18,0.040368,1,80,24,40,24,14,122,8.714286,19.0339,29.979222,28,15.434847,10.982487,0.054601,0.243288,1,1,33.356436,0.141243,0.243288,0.243288,0.182466,0.75,0.243288,0.9375,0.6,0.510345,0.654398,0.089328,0.243288,200,1,0,0,1,1,1,0,0,0,1,1,1,0,0,0,0,0,1,1,1,1,1,1,6,1,1,0,0,1,1,0,1,1,1,0,1,1,12,1,1,1,1,0.8,6,7,0.666667,0.777778,0.748148,1,0.579516,1,4,0,5,1,0,0,1,0.85,1,0.91,1,0.735405,0.054601,0.264595,466.9453,2457,33,19,303,9586.2662,0.174628,0.293471,0,0,0,0,0.5,1,0,0.5,0,0,0.611757,0.653762,0.52194,0.615306,0.590394,v5-shortcut-control-v1
dataset-v5,v3,extraction-v2,ranking-aware-v5,seo_weighted_page_quality_v5,57.8947,62.4,кухни на заказ Казань,кухни на заказ,commercial,Казань,43,https://vekexpress.ru/,vekexpress.ru,9,0,,,homepage,ok,,..\dataset-v2\artifacts\query--c7b97d52c76b681b.json,bb6716d2a50d3e1d737fb78fe5a61f0e3f1ad47f,47975,62.4,3009,30612,382,310,0.811518,6.7225,24,15.9167,12,1,1,0,2,1,90,1,144,0,0,0,17,1,5,0.25,1,1,0.25,12,0.044503,0.75,39,24,8,0,0,0,0,31.8333,80,28,20.942408,0,0.098295,0.624554,1,0.5,9.794872,0.166667,0.468416,0.156139,0.156139,0.0625,0.159053,0.5125,0.363636,0.993103,0.387435,0.107562,0.312277,200,1,0,0,1,1,0,0,0,0,1,1,1,0,0,0,0,0,1,1,1,1,1,1,2,0,0,0,0,0,0,0,0,0,1,1,1,0,0,0,1,1,1,0.2,3,4,0.333333,0.444444,0.325926,1,0.574144,0,0,0,0,0,0,0,0,0,1,0.92125,1,0.302857,0.098295,0.697143,33.4688,334,8,11,35,4676.4468,0.687578,0.678183,0,0,0,0,0.5,1,0,0.5,0,0,0.486465,0.424959,0.47957,0.549356,0.60423,v5-shortcut-control-v1
dataset-v5,v3,extraction-v2,ranking-aware-v5,seo_weighted_page_quality_v5,100.0,77.0,кухни на заказ Краснодар,кухни на заказ,commercial,Краснодар,35,https://kuxni-krd.ru/,kuxni-krd.ru,1,0,,,homepage,ok,,..\dataset-v2\artifacts\query--f8d6a3d92f03a167.json,3d85d367212e01138d898639a9d5835cbb87bfc0,604612,77.0,9600,60000,1600,997,0.360318,5.0795,90,26.3524,36,1,9,12,18,1,65,1,146,0,0,0,57,3,3,0.75,0.75,6,0.75,15,0.0206,1,80,24,40,24,0,0,0,46.1167,80,28,22.045537,36.863029,0.043938,0.354661,1,0.5,3.221187,0.55,0.354661,0.265996,0.265996,0.5625,0.354661,0.85,0.818182,0.993103,0.686664,0.127791,0.177331,200,1,0,0,1,1,0,0,0,0,1,1,1,0,0,0,0,0,1,1,1,1,1,1,1,1,1,1,1,1,1,1,1,1,1,0,1,1,2,0,1,1,1,0.8,9,8,1,0.888889,0.896296,1,0.474871,0,0,0,0,0,0,0,0,0,1,0.91,1,0.499202,0.043938,0.500798,423.6045,4947,11,3,323,4791.4153,0.434915,0.488686,0,0,0,0,0.25,1,0,0.25,0,0,0.663353,0.748194,0.567701,0.655663,0.626247,v5-shortcut-control-v1
dataset-v5,v3,extraction-v2,ranking-aware-v5,seo_weighted_page_quality_v5,94.7368,77.1,кухни на заказ Краснодар,кухни на заказ,commercial,Краснодар,35,https://kuhnidar.ru/,kuhnidar.ru,2,0,,,homepage,ok,,..\dataset-v2\artifacts\query--41ff95c4e648830a.json,fc2b06924e58fd93ec7351637b7211a4eda14725,265259,77.1,9600,60000,1600,648,0.290453,5.4469,90,21.4519,6,1,1,2,4,1,87,1,281,0,0,0,81,3,5,0.75,0.5,10,0.75,10,0.036307,1,80,24,40,4,0,5,0,180,80,28,60,1.792918,0.097613,0.593109,1,0.75,7.996416,0.666667,0.593109,0.444832,0.444832,0.5625,0.593109,0.85,0.418182,0.062069,0.78978,0.17227,0.444832,200,1,0,0,1,1,1,0,0,0,1,1,1,0,0,0,0,0,1,1,1,1,1,1,4,1,1,1,1,1,1,0,1,1,1,0,0,0,0,1,1,1,1,1,6,8,0.666667,0.888889,0.851852,1,0.496511,1,1,0,1,1,0,0,0,0.2875,1,0.91,1,0.611429,0.097613,0.388571,161.752,2316,32,11,87,10836.6272,0.31663,0.399973,0,0,0,0,0.25,1,0,0.25,0,0,0.730856,0.812592,0.596207,0.737476,0.73802,v5-shortcut-control-v1
dataset-v5,v3,extraction-v2,ranking-aware-v5,seo_weighted_page_quality_v5,89.4737,64.0,кухни на заказ Краснодар,кухни на заказ,commercial,Краснодар,35,https://kukhni-vkrasnodare.ru/,kukhni-vkrasnodare.ru,3,0,,,homepage,ok,,..\dataset-v2\artifacts\query--6d4fa3d5d72aeefe.json,91b91ec9da349d37646be154d040bf34ddfa6d95,353434,64.0,3713,60000,568,219,0.385563,5.2887,27,21.037,36,2,1,9,15,1,55,1,82,0,0,0,36,3,0,0.75,0,20,0.5,14,0.06338,0.75,12,24,0,24,0,23,0,6.3111,21.126761,28,0,40,0.011563,0.633661,1,0.5,47.333333,0.166667,0.475246,0.475246,0.316831,0.375,0.239946,0.75,1,0.565517,0,0.077095,0.316831,200,1,0,0,0,0,0,0,0,0,1,1,1,0,0,0,0,0,1,1,1,0.75,0.95,1,4,0,1,0,1,1,0,0,0,1,0,0,0,1,4,1,1,0,0,0.6,5,2,0.555556,0.222222,0.459259,1,0.359035,1,1,0,0,0,0,0,0,0.0875,1,0.91,1,0.949413,0.011563,0.050587,317.4775,1926,56,6,65,7697.5745,0.300739,0.388054,0,0,0,0,0.25,1,0,0.25,0,0,0.602978,0.638511,0.516812,0.645817,0.672635,v5-shortcut-control-v1
dataset-v5,v3,extraction-v2,ranking-aware-v5,seo_weighted_page_quality_v5,84.2105,64.7,кухни на заказ Краснодар,кухни на заказ,commercial,Краснодар,35,https://kitchen-sam.ru/,kitchen-sam.ru,4,0,,,homepage,ok,,..\dataset-v2\artifacts\query--6dc96a7aecb8bc3b.json,bb7492c3fbb443ee77bdf5a9d789fbaf97ae0262,528371,64.7,7504,60000,1087,510,0.469181,5.7038,90,11.2062,8,1,0,0,1,1,49,1,239,0,0,0,49,3,4,0.75,0.75,0,0,12,0.045078,1,80,22,1,0,7,16,2.285714,135.875,80,20.23919,0.919963,0,0.015973,0.173093,1,1,5.972527,0.125,0.173093,0.12982,0,0,0.125435,0.6625,0.890909,0.351724,0.497393,0.049043,0.173093,200,1,0,0,1,1,0,0,0,0,1,1,1,0,0,0,0,0,1,1,1,1,1,1,5,1,1,1,0,1,0,0,1,1,1,0,1,1,1,1,1,1,1,1,6,8,0.666667,0.888889,0.851852,1,0.341407,0,0,0,0,0,0,0,0,0,1,0.9505,1,0.930116,0.015973,0.069884,467.2705,1765,92,18,22,7891.713,0.24366,0.345245,0,0,0,0,0.25,1,0,0.25,0,0,0.574114,0.699766,0.380508,0.560022,0.509405,v5-shortcut-control-v1
dataset-v5,v3,extraction-v2,ranking-aware-v5,seo_weighted_page_quality_v5,78.9474,23.6,кухни на заказ Краснодар,кухни на заказ,commercial,Краснодар,35,https://krasnodar-kuhni-na-zakaz.ru/,krasnodar-kuhni-na-zakaz.ru,5,0,,,homepage,ok,,..\dataset-v2\artifacts\query--2498e0c116cf22d9.json,848f3d718d804954b110d1058978d294abe77eaf,3753,23.6,100,1753,14,12,0.857143,6.1429,1,14,1,0,0,0,0,1,17,0,0,0,0,0,0,0,0,0,0,0,0,0,0,0,2,0,0,0,0,0,0,14,80,0,0,0,0.057045,0,0,0,7,0,0,0,0,0,0,0,0.309091,0,0,0,0,402,0,0,0,0,0,1,0,1,1,0,1,0,0,0,0,0,0,1,1,0.5,0.75,0.65,0,0,0,0,0,0,0,0,0,0,0,0,0,0,0,0,0,0,0,0,0,0,0,0,0,0,1,0.581324,0,0,0,0,0,0,0,0,0,1,0.763889,1,0.326142,0.057045,0.673858,1.8213,23,2,2,0,3611.0343,0.966732,0.887549,0,0,0,0,0.25,1,0,0.25,0,0,0.049125,0.050625,0.049065,0.157375,0.17375,v5-shortcut-control-v1
dataset-v5,v3,extraction-v2,ranking-aware-v5,seo_weighted_page_quality_v5,73.6842,60.4,кухни на заказ Краснодар,кухни на заказ,commercial,Краснодар,35,https://www.kukhni-krasnodar.ru/,kukhni-krasnodar.ru,6,0,,,homepage,ok,,..\dataset-v2\artifacts\query--1b2022d85d4fe37d.json,d7799dfa55ba27eb43dc511e0f61e52de9657b92,382334,60.4,4803,60000,689,328,0.476052,5.7358,23,29.9565,36,0,0,12,18,1,54,1,100,0,0,0,29,3,2,0.75,0.5,3,0.25,15,0.04209,0.75,60,24,0,24,0,24,0,13,80,28,0,40,0.014195,0.495287,1,0.5,11.483333,0.377358,0.371465,0.371465,0.123822,0.1875,0.227502,0.6875,0.981818,0.689655,0.44775,0.090252,0.247643,200,1,0,0,0,0,0,0,0,0,1,1,1,0,0,0,0,0,1,1,1,0.75,0.95,1,3,0,0,0,0,1,1,1,1,1,0,0,0,1,2,0,1,1,1,0.2,5,4,0.555556,0.444444,0.4,1,0.360888,1,1,0,0,0,0,0,0,0.0875,1,0.91,1,0.937895,0.014195,0.062105,336.166,2080,48,6,147,9212.9643,0.295264,0.383948,0,0,0,0,0.25,1,0,0.25,0,0,0.510051,0.440171,0.467873,0.564289,0.596924,v5-shortcut-control-v1
dataset-v5,v3,extraction-v2,ranking-aware-v5,seo_weighted_page_quality_v5,68.4211,74.0,кухни на заказ Краснодар,кухни на заказ,commercial,Краснодар,35,https://www.giuseppe23.ru/,giuseppe23.ru,7,0,,,homepage,ok,,..\dataset-v2\artifacts\query--e56928a4e6a2c968.json,451a10cbda5683ea010b2177300a6304477247e6,2183349,74.0,9600,60000,1600,948,0.381029,5.6905,90,17.0411,24,1,1,1,3,1,58,1,197,0,0,0,68,3,2,0.75,0.5,5,0.75,14,0.027331,1,80,24,40,4,11,194,17.636364,103.6667,70.337621,26.527331,60,1.607717,0.008446,0.55975,1,1,14.217143,0.125,0.55975,0.419812,0.419812,0.5625,0.55975,0.85,0.945455,0.641379,0.91104,0.213281,0.55975,200,1,0,0,1,1,0,0,0,0,1,1,0,0,0,0,0,0,1,1,0.5,1,0.9,1,6,1,1,1,0,1,1,1,1,1,1,0,0,1,27,1,1,1,1,1,7,8,0.777778,0.888889,0.888889,1,0.277363,0,0,0,0,0,0,0,0,0,1,0.91,1,0.963047,0.008446,0.036953,2023.6191,5395,281,394,66,12130.8859,0,0.1625,0,0,0,0,0.25,1,0,0.25,0,0,0.753805,0.822833,0.564179,0.721602,0.694883,v5-shortcut-control-v1
dataset-v5,v3,extraction-v2,ranking-aware-v5,seo_weighted_page_quality_v5,63.1579,70.8,кухни на заказ Краснодар,кухни на заказ,commercial,Краснодар,35,https://krasnodar.marya.ru/,krasnodar.marya.ru,8,0,,,homepage,ok,,..\dataset-v2\artifacts\query--726f0bdde9722b02.json,509dd9c86fb6c7f6b340f518643a705de5c95af7,619301,70.8,9600,60000,1600,873,0.378086,6.4435,72,32.0694,36,1,2,0,3,1,62,1,164,0,0,0,88,3,3,0.75,0.5,4,0.75,17,0.038112,1,80,16,40,4,5,29,5.8,52.4773,80,6.929407,60,1.732352,0.035672,0.449543,1,1,5.816121,0.068182,0.449543,0.337157,0.337157,0.5625,0.449543,0.85,0.872727,0.868966,0.729609,0.169966,0.449543,200,1,0,0,0,0,0,0,0,0,1,1,1,0,0,0,0,0,1,1,1,0.75,0.95,1,4,1,1,1,1,1,1,1,1,1,1,0,0,1,13,1,1,1,1,1,8,8,0.888889,0.888889,0.925926,1,0.504356,3,3,0,1,1,0,0,0,0.4625,1,0.964,1,0.843934,0.035672,0.156066,498.4199,2938,65,4,16,12789.9167,0.363145,0.434859,0,0,0,0,0.25,1,0,0.25,0,0,0.735982,0.809909,0.512342,0.70079,0.656973,v5-shortcut-control-v1
dataset-v5,v3,extraction-v2,ranking-aware-v5,seo_weighted_page_quality_v5,57.8947,56.6,кухни на заказ Краснодар,кухни на заказ,commercial,Краснодар,35,https://kuhni-kook.ru/,kuhni-kook.ru,9,0,,,homepage,ok,,..\dataset-v2\artifacts\query--47833c0602829159.json,18ddf6bdc457c5565d96dcf329ea2713666a4449,303885,56.6,4050,60000,641,374,0.583463,5.1279,56,11.4464,1,0,0,0,0,1,76,1,125,0,0,0,11,3,3,0.75,0.75,0,0,6,0.017161,1,6,15,24,19,0,0,0,180,9.360374,23.400936,37.441498,29.641186,0.014349,0.48405,1,0.5,80,0,0.48405,0.363038,0,0,0.206851,0.6625,0.618182,0.862069,0.572023,0.100575,0.242025,200,1,0,0,1,0,0,0,0,0,1,1,0,0,0,0,0,0,1,1,0.5,0,0.7,1,1,1,1,0,1,1,1,0,1,1,0,0,0,0,0,1,1,1,1,0.8,5,6,0.555556,0.666667,0.674074,1,0.377924,0,0,0,0,0,0,0,0,0,1,0.96625,1,0.937223,0.014349,0.062777,279.1348,822,41,43,15,6951.2182,0.426889,0.482667,0,0,0,0,0.25,1,0,0.25,0,0,0.576204,0.623569,0.392711,0.544378,0.549345,v5-shortcut-control-v1
dataset-v5,v3,extraction-v2,ranking-aware-v5,seo_weighted_page_quality_v5,52.6316,72.7,кухни на заказ Краснодар,кухни на заказ,commercial,Краснодар,35,http://kuhnya-krasnodar.ru/,kuhnya-krasnodar.ru,10,0,,,homepage,ok,,..\dataset-v2\artifacts\query--648d846b5493dcd3.json,bccc19bcb5f52a23afb3245766598f3abdd8f302,937937,72.7,9600,60000,1600,795,0.431831,5.7306,90,18.7857,1,2,0,0,11,1,82,1,170,0,0,0,51,3,2,0.75,0.5,4,0.75,16,0.027702,1,25,15,40,24,4,100,25,180,13.579576,8.147746,39.10918,18.468224,0.01474,0.631108,1,1,73.64,11,0.631108,0.473331,0.473331,0.5625,0.631108,0.85,0.509091,0.827586,0.923411,0.272532,0.631108,200,1,0,0,1,1,0,0,0,0,1,1,0,0,0,0,0,0,1,1,0.5,1,0.9,1,9,0,1,1,0,1,1,0,1,1,1,1,0,1,9,0,1,1,1,0.6,6,8,0.666667,0.888889,0.718519,1,0.325806,0,0,0,0,0,0,0,0,0,1,0.96625,1,0.935514,0.01474,0.064486,864.7695,2157,80,140,15,6714.3972,0.14665,0.272487,0,0,0,0,0.25,1,0,0.25,0,0,0.720966,0.774466,0.644158,0.719565,0.728332,v5-shortcut-control-v1
dataset-v5,v3,extraction-v2,ranking-aware-v5,seo_weighted_page_quality_v5,100.0,27.8,кухни на заказ Самара,кухни на заказ,commercial,Самара,51,https://samara.lemanapro.ru/proekt-kuhni/na-zakaz/,samara.lemanapro.ru,1,0,,,content,ok,,..\dataset-v2\artifacts\query--065176050af85d66.json,701e94224a31eaa2101c6fd1e9feaf667c5ca2ac,10075,27.8,77,8264,13,13,1,5,1,13,1,1,0,0,1,1,12,0,0,0,0,0,0,0,0,0,0,0,0,0,0,0,1,0,0,0,0,0,0,13,76.923077,0,0,0,0.009318,0.055396,0,0,13,1,0,0,0,0,0.00048,0,0.218182,0,0,0.0004,0,403,0,0,0,0,0,0,0,0,0,0,1,1,0,0,2,0,0,1,0.8,1,0.75,0.71,1,1,0,0,0,0,0,0,0,0,0,0,0,0,0,0,0,0,0,0,0.2,1,0,0.111111,0,0.103704,1,0.536196,0,0,0,0,0,0,0,0,0,1,0.760695,1,0.509236,0.009318,0.490764,8.1094,40,0,2,0,9465.4559,0.97443,0.893323,0,0,0,0,0,0,0,0,0,0,0.1073,0.164392,0.080748,0.202511,0.204944,v5-shortcut-control-v1
dataset-v5,v3,extraction-v2,ranking-aware-v5,seo_weighted_page_quality_v5,94.7368,63.8,кухни на заказ Самара,кухни на заказ,commercial,Самара,51,https://samara.fakturamebel.ru/,samara.fakturamebel.ru,2,0,,,homepage,ok,,..\dataset-v2\artifacts\query--6a6caa33494d2d25.json,63677777fac7cb7b59ecb8ef6b6e338865a58d9b,337174,63.8,9600,60000,1600,1200,0.391853,5.6867,90,12.372,4,0,0,0,0,1,23,1,48,0,0,0,73,3,2,0.75,0.5,0,0,22,0.023602,0.75,29,24,31,2,1,5,5,180,9.37601,12.285807,10.022632,0.646621,0.080313,0.477933,1,1,80,0,0.35845,0.35845,0,0,0.477933,0.625,0.418182,0.331034,0.590042,0.187279,0.477933,200,1,0,0,1,1,0,0,0,0,1,1,0,0,0,0,0,0,1,1,0.5,1,0.9,1,4,0,1,0,0,1,1,0,1,1,1,0,0,1,5,0,1,1,1,0.4,5,6,0.555556,0.666667,0.540741,1,0.409042,0,0,0,0,0,0,0,0,0,1,0.9145,1,0.65,0.080313,0.35,277.2324,1469,44,72,38,4605.7041,0.278891,0.371668,0,0,0,0,0,0,0,0,0,0,0.555718,0.585181,0.416426,0.563575,0.558251,v5-shortcut-control-v1
dataset-v5,v3,extraction-v2,ranking-aware-v5,seo_weighted_page_quality_v5,89.4737,72.0,кухни на заказ Самара,кухни на заказ,commercial,Самара,51,https://samara.marya.ru/,samara.marya.ru,3,0,,,homepage,ok,,..\dataset-v2\artifacts\query--b0cccb53af6bf144.json,437d2842a4ea31af48862a39d1fa1f35e4cc4472,623184,72.0,9600,60000,1600,887,0.389035,6.3535,73,31.2329,36,1,0,0,1,1,62,1,160,0,0,0,87,3,3,0.75,0.5,3,0.75,17,0.038158,1,80,16,40,4,5,29,5.8,50.6667,80,7.017544,60,1.754386,0.034505,0.450746,1,1,5.757576,0.022222,0.450746,0.338059,0.338059,0.5625,0.450746,0.85,0.872727,0.896552,0.72807,0.175356,0.450746,200,1,0,0,0,0,0,0,0,0,1,1,1,0,0,0,0,0,1,1,1,0.75,0.95,1,4,1,1,1,1,1,1,1,1,1,1,0,0,1,13,1,1,1,1,1,8,8,0.888889,0.888889,0.925926,1,0.526509,4,4,0,1,1,0,0,0,0.55,1,0.964,1,0.849041,0.034505,0.150959,502.1123,2932,66,3,16,12177.8713,0.371438,0.441079,0,0,0,0,0,0,0,0,0,0,0.73644,0.810231,0.486876,0.701261,0.657537,v5-shortcut-control-v1
dataset-v5,v3,extraction-v2,ranking-aware-v5,seo_weighted_page_quality_v5,84.2105,77.0,кухни на заказ Самара,кухни на заказ,commercial,Самара,51,https://kmsmebel.ru/,kmsmebel.ru,4,0,,,homepage,ok,,..\dataset-v2\artifacts\query--e6f6a13346b8a2c2.json,40d46ca758a46a0ac0938a8b90d3fd5265a02b27,371945,77.0,9600,60000,1600,750,0.427838,5.7148,90,11.1656,1,1,4,1,6,1,39,1,129,0,0,0,56,3,1,0.75,0.25,6,0.75,22,0.031945,0.75,20,24,40,6,4,58,14.5,180,11.409013,13.690816,60,3.422704,0.038197,0.718318,1,1,80,6,0.538739,0.538739,0.538739,0.5625,0.718318,0.8125,0.709091,0.889655,0.701369,0.299299,0.718318,200,1,0,0,1,1,0,0,0,0,1,1,0,0,0,0,0,0,1,1,0.5,1,0.9,1,5,0,1,1,1,1,1,0,1,1,1,0,1,1,4,1,1,1,1,0.8,8,7,0.888889,0.777778,0.822222,1,0.370363,0,0,0,0,0,0,0,0,0,1,0.946,1,0.832889,0.038197,0.167111,326.1152,1866,61,99,24,10725.3947,0.274458,0.368343,0,0,0,0,0,0,0,0,0,0,0.768082,0.819631,0.701464,0.747903,0.718014,v5-shortcut-control-v1
dataset-v5,v3,extraction-v2,ranking-aware-v5,seo_weighted_page_quality_v5,78.9474,71.7,кухни на заказ Самара,кухни на заказ,commercial,Самара,51,https://mebelhall-kitchen.ru/,mebelhall-kitchen.ru,5,0,,,homepage,ok,,..\dataset-v2\artifacts\query--c3c1b1114dbbf60a.json,61c3412ff1de9b53f952b9d198ab05a5aff6b4b0,1444417,71.7,9600,60000,1600,551,0.339495,5.4461,88,18.4432,32,1,3,1,5,1,87,1,128,0,0,0,72,1,3,0.25,0.75,5,0.75,18,0.044362,1,46,24,40,15,8,61,7.625,50.7188,28.342575,16.019717,60,9.242144,0.008133,0.657164,1,1,35.282609,0.15625,0.657164,0.164291,0.492873,0.1875,0.657164,0.675,0.418182,0.882759,0.521257,0.201165,0.657164,200,1,0,0,1,1,0,0,0,0,1,1,0,0,0,0,0,0,1,1,0.5,1,0.9,1,26,1,1,1,0,1,1,1,1,1,1,0,0,1,8,1,1,1,1,1,7,8,0.777778,0.888889,0.888889,1,0.29677,0,0,0,0,0,0,0,0,0,1,0.9415,1,0.964418,0.008133,0.035582,1348.2402,2729,81,202,26,7712.6306,0.063333,0.21,0,0,0,0,0,0,0,0,0,0,0.762811,0.82613,0.606191,0.710561,0.681973,v5-shortcut-control-v1
dataset-v5,v3,extraction-v2,ranking-aware-v5,seo_weighted_page_quality_v5,73.6842,64.4,кухни на заказ Самара,кухни на заказ,commercial,Самара,51,https://kukhni-vsamare.ru/,kukhni-vsamare.ru,6,0,,,homepage,ok,,..\dataset-v2\artifacts\query--8c538f038552fe68.json,8a82e4d68de8754c25edd24385a363ec034b8e82,353281,64.4,3697,60000,568,219,0.385563,5.2606,27,21.037,36,2,1,9,15,1,51,1,78,0,0,0,36,3,0,0.75,0,20,0.5,14,0.06338,0.75,12,24,0,24,0,23,0,6.3111,21.126761,28,0,40,0.011515,0.730619,1,0.5,47.333333,0.166667,0.547964,0.547964,0.36531,0.375,0.276661,0.75,0.927273,0.537931,0,0.088892,0.36531,200,1,0,0,0,0,0,0,0,0,1,1,1,0,0,0,0,0,1,1,1,0.75,0.95,1,4,0,1,0,1,1,0,0,0,1,0,0,0,1,4,1,1,0,0,0.6,5,2,0.555556,0.222222,0.459259,1,0.358989,1,1,0,0,0,0,0,0,0.0875,1,0.91,1,0.94962,0.011515,0.05038,317.3789,1926,56,6,65,8180.8788,0.300768,0.388076,0,0,0,0,0,0,0,0,0,0,0.63352,0.660144,0.551001,0.678056,0.71263,v5-shortcut-control-v1
dataset-v5,v3,extraction-v2,ranking-aware-v5,seo_weighted_page_quality_v5,68.4211,62.5,кухни на заказ Самара,кухни на заказ,commercial,Самара,51,https://kuhnari-samara.ru/,kuhnari-samara.ru,7,0,,,homepage,ok,,..\dataset-v2\artifacts\query--d8d2766e15f80763.json,361d82fc015fd685b8dbf222ea1215081a6a3201,1096720,62.5,9600,60000,1600,1172,0.337752,5.7562,90,11.6835,36,0,0,0,0,1,33,0,0,0,0,0,84,3,0,0.75,0,0,0,15,0.024207,1,80,24,0,1,3,32,10.666667,72.2917,46.397695,28,0,0.288184,0.025459,0.655041,1,0.75,21.552795,0,0.655041,0.491281,0,0,0.655041,0.6625,0.6,0,0.806916,0.221242,0.491281,200,1,0,0,0,0,1,0,0,0,1,1,1,0,0,0,0,0,1,1,1,0.75,0.95,1,8,1,1,1,0,1,0,0,0,1,0,0,1,1,8,1,1,1,1,1,6,6,0.666667,0.666667,0.777778,1,0.399314,0,0,0,0,0,0,0,0,0,1,0.91,1,0.65719,0.025459,0.34281,963.0352,3993,17,3,760,5057.28,0.242593,0.344445,0,0,0,0,0,0,0,0,0,0,0.717761,0.798503,0.601539,0.691566,0.685422,v5-shortcut-control-v1
dataset-v5,v3,extraction-v2,ranking-aware-v5,seo_weighted_page_quality_v5,63.1579,76.9,кухни на заказ Самара,кухни на заказ,commercial,Самара,51,https://samara-kuhni-na-zakaz.ru/,samara-kuhni-na-zakaz.ru,8,0,,,homepage,ok,,..\dataset-v2\artifacts\query--d620da627f343732.json,875435d82b984b43e2ea7f8c3c185540b7832d08,541210,76.9,8818,60000,1249,625,0.5004,5.8911,52,24.0192,36,1,5,0,6,1,62,1,122,0,0,0,58,5,5,0.75,0.75,5,0.75,20,0.046437,1,40,9,13,2,1,6,6,8.9214,32.02562,7.205765,10.408327,1.601281,0.019374,0.662249,1,1,31.225,0.042857,0.662249,0.496687,0.496687,0.5625,0.551433,0.85,0.872727,0.841379,0.452095,0.229948,0.662249,200,1,0,0,1,1,1,0,0,0,1,1,1,0,0,0,0,0,1,1,1,1,1,1,5,1,1,1,0,1,1,1,1,1,1,0,0,1,1,1,1,1,1,1,7,8,0.777778,0.888889,0.888889,1,0.557465,1,4,0,4,0,0,0,1,0.65,1,0.97975,1,0.812381,0.019374,0.187619,451.9082,2449,27,34,9,7111.7233,0.333319,0.412489,0,0,0,0,0,0,0,0,0,0,0.801069,0.858566,0.646128,0.786519,0.770429,v5-shortcut-control-v1
dataset-v5,v3,extraction-v2,ranking-aware-v5,seo_weighted_page_quality_v5,57.8947,62.1,кухни на заказ Самара,кухни на заказ,commercial,Самара,51,https://mebel-kega.ru/kuhni,mebel-kega.ru,9,0,,,content,ok,,..\dataset-v2\artifacts\query--78106707709b23fc.json,00e47891165bf3b2aaf6662d2b72f5bc001b0fd6,167929,62.1,3295,60000,603,243,0.402985,4.1609,26,23.1923,4,1,2,0,3,1,102,1,223,0,0,0,10,2,4,0.25,1,1,0.25,6,0.016584,0.75,80,24,39,4,39,122,3.128205,150.75,80,28,60,6.633499,0.025714,0.568326,1,1,4.568182,0.75,0.426245,0.142081,0.142081,0.0625,0.228467,0.5125,0.145455,0.462069,0.414594,0.076724,0.568326,200,1,0,0,1,1,0,0,0,0,1,1,1,0,0,1,0,0,1,0.9,1,1,0.98,1,3,1,0,0,1,1,0,0,1,1,1,0,0,1,1,0,1,1,1,0.4,4,6,0.444444,0.666667,0.503704,1,0.513644,0,0,0,0,0,0,0,0,0,1,0.91225,1,0.514644,0.025714,0.485356,128.2148,1081,6,2,39,7610.1665,0.65929,0.656968,0,0,0,0,0,0,0,0,0,0,0.555629,0.481645,0.422722,0.573663,0.580456,v5-shortcut-control-v1
dataset-v5,v3,extraction-v2,ranking-aware-v5,seo_weighted_page_quality_v5,52.6316,77.0,кухни на заказ Самара,кухни на заказ,commercial,Самара,51,https://ka2design.ru/,ka2design.ru,10,0,,,homepage,ok,,..\dataset-v2\artifacts\query--a880dee2f4b27ca1.json,85b8cfe56a1f18a3586ebc988882c0708b57ac8a,374164,77.0,9600,60000,1600,1044,0.389262,5.8654,90,17.88,36,1,10,12,18,1,47,1,95,0,0,0,55,3,4,0.75,0.75,4,0.25,17,0.020507,1,80,24,40,24,3,13,4.333333,19.4348,80,28,49.217002,15.287099,0.070643,0.72469,1,1,7.55493,0.224638,0.72469,0.543517,0.181172,0.1875,0.72469,0.725,0.854545,0.655172,0.683569,0.282094,0.72469,200,1,0,0,1,1,0,0,0,0,1,1,1,0,0,0,0,0,1,1,1,1,1,1,4,1,1,1,1,1,0,1,1,1,1,0,0,1,2,1,1,1,1,1,7,8,0.777778,0.888889,0.888889,1,0.433402,0,0,0,0,0,0,0,0,0,1,0.91,1,0.54951,0.070643,0.45049,280.0127,2512,24,16,207,5983.0415,0.280822,0.373117,0,0,0,0,0,0,0,0,0,0,0.802715,0.856937,0.674541,0.769627,0.750964,v5-shortcut-control-v1
dataset-v5,v3,extraction-v2,ranking-aware-v5,seo_weighted_page_quality_v5,100.0,71.0,кухни на заказ Нижний Новгород,кухни на заказ,commercial,Нижний Новгород,47,https://kuhni-52.ru/,kuhni-52.ru,1,0,,,homepage,ok,,..\dataset-v2\artifacts\query--6f52afa9c718f505.json,9cf91d48bf34cb15f83d0523ac8edee09489bdbe,103427,71.0,6773,60000,989,510,0.515672,5.6502,79,12.519,16,1,0,9,10,1,52,1,138,0,0,0,47,3,3,0.6,0.6,3,0.6,15,0.047523,1,80,24,32,0,16,52,3.25,61.8125,80,28,32.355915,0,0.105096,0.609845,1,1,9.419048,0.625,0.609845,0.365907,0.365907,0.36,0.402091,0.76,0.945455,0.951724,0.415908,0.172789,0.609845,200,1,0,0,0,0,0,0,0,0,1,1,1,0,0,0,0,0,1,1,1,0.75,0.95,1,3,0,1,1,1,1,1,1,1,1,1,0,0,1,3,1,1,0,0,0.8,8,5,0.888889,0.555556,0.748148,1,0.511687,0,0,0,0,0,0,0,0,0,1,0.92575,1,0.47,0.105096,0.53,69.8896,760,21,10,33,6780.1247,0.57133,0.590997,0,0,0,0,0,0,0,0,0,0,0.762723,0.813815,0.583159,0.728784,0.702533,v5-shortcut-control-v1
dataset-v5,v3,extraction-v2,ranking-aware-v5,seo_weighted_page_quality_v5,94.7368,74.2,кухни на заказ Нижний Новгород,кухни на заказ,commercial,Нижний Новгород,47,https://kuhni-slavichi.ru/,kuhni-slavichi.ru,2,0,,,homepage,ok,,..\dataset-v2\artifacts\query--aa9ad39d1bc7f938.json,4d07f6c547583c036dbb6606b173e0026bdd58c3,172174,74.2,9600,60000,1600,969,0.414457,5.5997,90,14.3436,36,1,10,12,18,1,57,1,109,0,0,0,158,4,3,0.6,0.6,38,0.6,40,0.067579,1,80,24,40,24,3,11,3.666667,41.75,47.904192,25.66296,32.934132,16.680924,0.19206,0.494774,1,1,20.875,1.142857,0.494774,0.296864,0.296864,0.36,0.494774,0.76,0.963636,0.751724,0,0.205062,0.494774,200,1,0,0,1,1,0,0,0,0,1,1,1,0,0,0,0,0,1,1,1,1,1,1,1,1,1,1,1,1,0,0,1,0,1,0,0,1,16,0,1,0,0,0.8,6,5,0.666667,0.555556,0.674074,1,0.499487,0,0,0,0,0,0,0,0,0,1,0.91,1,0.431429,0.19206,0.568571,94.2422,1012,18,14,60,6151.0603,0.475838,0.519378,0,0,0,0,0,0,0,0,0,0,0.684214,0.763252,0.568403,0.679561,0.666227,v5-shortcut-control-v1
dataset-v5,v3,extraction-v2,ranking-aware-v5,seo_weighted_page_quality_v5,89.4737,62.1,кухни на заказ Нижний Новгород,кухни на заказ,commercial,Нижний Новгород,47,https://kuhni-nn.ru/,kuhni-nn.ru,3,0,,,homepage,ok,,..\dataset-v2\artifacts\query--fd70248b477feb12.json,4f43c42d2058a8d8b6d538fca9e4b7f3558c6956,346895,62.1,9600,60000,1600,915,0.305918,4.788,63,38,36,1,10,2,13,1,33,1,295,0,0,0,78,3,9,0.6,1,10,0.6,16,0.026078,1,80,24,29,24,0,0,0,10.5317,80,28,9.695754,40,0.07924,0.599815,1,0.5,10.72043,0.045775,0.599815,0.359889,0.359889,0.36,0.599815,0.76,0.6,0,0.869274,0.183494,0.299907,200,1,0,0,0,0,0,0,0,0,1,0,0,0,0,0,0,0,1,1,0,0.75,0.75,1,2,1,1,0,1,1,1,0,1,0,0,0,0,0,0,0,1,0,0,0.6,5,3,0.555556,0.333333,0.496296,1,0.396723,0,0,0,0,0,0,0,0,0,0,0.36,1,0.293323,0.07924,0.706677,262.1328,3376,7,6,260,7294.3194,0.476953,0.520215,0,0,0,0,0,0,0,0,0,0,0.614512,0.639731,0.592511,0.611661,0.64317,v5-shortcut-control-v1
dataset-v5,v3,extraction-v2,ranking-aware-v5,seo_weighted_page_quality_v5,84.2105,73.6,кухни на заказ Нижний Новгород,кухни на заказ,commercial,Нижний Новгород,47,https://julison.ru/,julison.ru,4,0,,,homepage,ok,,..\dataset-v2\artifacts\query--18de342367fe3d6d.json,3768e1f43d57768298cd5cdb03e9813f7f5697b7,415725,73.6,9600,60000,1600,432,0.247991,5.3628,90,12.8088,30,1,0,0,1,1,63,1,132,0,0,0,33,3,1,0.6,0.2,3,0.6,13,0.018944,1,80,24,40,3,2,11,5.5,58.0667,72.904707,28,60,1.722158,0.037024,0.352989,1,1,13.716535,0.033333,0.352989,0.211793,0.211793,0.36,0.352989,0.76,0.854545,0.910345,0.631458,0.084717,0.352989,200,1,0,0,1,1,1,0,0,0,1,1,1,0,0,0,0,0,1,1,1,1,1,1,8,1,1,1,0,1,1,1,1,1,1,0,0,1,13,1,1,1,1,1,7,8,0.777778,0.888889,0.888889,1,0.602549,1,4,0,4,1,0,0,1,0.8,1,0.91,1,0.709449,0.037024,0.290551,318.2578,3062,25,9,430,10965.4795,0.329528,0.409646,0,0,0,0,0,0,0,0,0,0,0.671682,0.766671,0.423421,0.648305,0.60455,v5-shortcut-control-v1
dataset-v5,v3,extraction-v2,ranking-aware-v5,seo_weighted_page_quality_v5,78.9474,77.5,кухни на заказ Нижний Новгород,кухни на заказ,commercial,Нижний Новгород,47,https://kuhni-pod-zakaz-nn.ru/,kuhni-pod-zakaz-nn.ru,5,0,,,homepage,ok,,..\dataset-v2\artifacts\query--206016864e091b02.json,ea405700bf8165da0d29cee3c9c11cfaaec77b31,331062,77.5,9600,60000,1600,833,0.419225,5.6613,81,24.5309,36,1,10,0,13,1,64,1,220,0,0,0,43,3,4,0.6,0.6,5,0.6,4,0.021641,1,80,24,40,0,3,38,12.666667,25.1519,80,28,60,0,0.055469,0.615618,0.8,1,10.403141,0.164557,0.615618,0.369371,0.369371,0.36,0.615618,0.71,0.836364,0.482759,0.721355,0.258082,0.615618,200,1,0,0,1,1,0,0,0,0,1,1,1,0,0,0,0,0,1,1,1,1,1,1,2,1,1,0,1,1,1,1,1,1,1,0,1,1,29,1,1,1,1,0.8,8,7,0.888889,0.777778,0.822222,1,0.455076,0,0,0,0,0,0,0,0,0,1,0.91,1,0.525896,0.055469,0.474104,257.4482,3121,17,12,264,21790.4932,0.364933,0.4362,0,0,0,0,0,0,0,0,0,0,0.764487,0.756429,0.684706,0.739746,0.713794,v5-shortcut-control-v1
dataset-v5,v3,extraction-v2,ranking-aware-v5,seo_weighted_page_quality_v5,73.6842,71.9,кухни на заказ Нижний Новгород,кухни на заказ,commercial,Нижний Новгород,47,https://kuxni-nn.ru/,kuxni-nn.ru,6,0,,,homepage,ok,,..\dataset-v2\artifacts\query--8a9e3df879ae0e46.json,4b4718032e57ff436e259c3ab880149c0cfaaf34,339311,71.9,9495,60000,1531,522,0.340954,4.8641,43,35.6047,27,1,6,11,18,1,71,1,155,0,0,0,45,3,4,0.6,0.6,6,0.6,16,0.029393,1,80,24,40,24,0,0,0,56.7037,80,28,48.98759,40,0.034454,0.274199,1,0.5,9.689873,0.666667,0.274199,0.164519,0.164519,0.36,0.274199,0.76,0.709091,0.931034,0.979752,0.079518,0.1371,200,1,0,0,1,1,0,0,0,0,1,1,1,0,0,0,0,0,1,1,1,1,1,1,1,0,1,0,1,1,1,1,1,1,0,0,1,1,2,1,1,1,1,0.6,8,5,0.888889,0.555556,0.681481,1,0.478426,0,0,0,0,0,0,0,0,0,1,0.91,1,0.527836,0.034454,0.472164,280.083,3401,10,2,236,10423.77,0.492052,0.531539,0,0,0,0,0,0,0,0,0,0,0.584265,0.619952,0.513969,0.59071,0.570276,v5-shortcut-control-v1
dataset-v5,v3,extraction-v2,ranking-aware-v5,seo_weighted_page_quality_v5,68.4211,75.8,кухни на заказ Нижний Новгород,кухни на заказ,commercial,Нижний Новгород,47,https://love-kuhnya-na-zakaz-nn.ru/,love-kuhnya-na-zakaz-nn.ru,7,0,,,homepage,ok,,..\dataset-v2\artifacts\query--c492aef99e0946d4.json,0dff5515473b5f3f32292f5d4fd4c1d6f7bb8d52,875125,75.8,9600,60000,1600,879,0.337299,5.5599,64,38,36,1,10,4,18,1,112,1,196,0,0,0,272,3,1,0.6,0.2,10,1,28,0.104375,1,80,24,40,8,3,45,15,14.8068,80,28,60,3.069839,0.025658,0.462011,1,1,3.966514,0.102273,0.462011,0.277207,0.462011,0.6,0.462011,0.86,0,0.648276,0,0.155836,0.462011,200,1,0,0,1,1,1,0,0,0,1,1,1,0,0,0,0,0,1,1,1,1,1,1,7,1,1,1,1,1,1,0,1,1,1,0,1,1,11,1,1,1,1,1,8,8,0.888889,0.888889,0.925926,1,0.588619,2,4,0,6,1,0,0,1,0.85,1,0.91,1,0.746318,0.025658,0.253682,683.1104,3463,24,8,417,13244.8572,0.237727,0.340795,0,0,0,0,0,0,0,0,0,0,0.746619,0.818843,0.62228,0.721349,0.680455,v5-shortcut-control-v1
dataset-v5,v3,extraction-v2,ranking-aware-v5,seo_weighted_page_quality_v5,63.1579,66.1,кухни на заказ Нижний Новгород,кухни на заказ,commercial,Нижний Новгород,47,https://www.kukhni-nizhniy-novgorod.ru/,kukhni-nizhniy-novgorod.ru,8,0,,,homepage,ok,,..\dataset-v2\artifacts\query--ab905ebacdbcf965.json,04aa80578b30f25ea9e4973000847c931e6f0e2d,862776,66.1,9600,60000,1600,1200,0.308684,6.5939,90,14.7318,36,0,0,0,0,1,76,1,199,1,1,1,158,5,1,1,0.2,0,0,10,0.029958,1,80,24,40,24,42,199,4.738095,13.9156,65.036026,28,13.841487,40,0.061496,0.428845,1,1,15.376093,0,0.428845,0.428845,0,0,0.428845,0.75,0.618182,0.627586,0.99861,0.132378,0.428845,200,1,0,0,0,0,1,0,0,0,1,0,1,0,0,0,0,0,1,1,0.5,0.75,0.85,1,7,1,1,1,1,1,1,1,1,1,1,0,0,1,21,1,1,1,1,1,8,8,0.888889,0.888889,0.925926,1,0.215817,0,0,0,0,0,0,0,0,0,0,0.36,1,0.730955,0.061496,0.269045,697.5752,4080,96,253,230,8832.9578,0.095632,0.234224,0,0,0,0,0,0,0,0,0,0,0.705226,0.78448,0.435418,0.644043,0.591009,v5-shortcut-control-v1
dataset-v5,v3,extraction-v2,ranking-aware-v5,seo_weighted_page_quality_v5,57.8947,22.0,кухни на заказ Нижний Новгород,кухни на заказ,commercial,Нижний Новгород,47,https://kuhnyabar.ru/,kuhnyabar.ru,9,0,,,homepage,ok,,..\dataset-v2\artifacts\query--66065ae85eb271a4.json,acb5ae9b9707331f3076993fb25f4064422ba410,2581,22.0,70,708,10,5,0.5,6,1,10,1,0,0,0,0,1,35,0,0,0,0,0,0,0,0,0,0,0,0,0,0,0,1,1,0,1,0,0,0,10,80,28,0,40,0.09887,0.049131,0,0.25,10,0,0,0,0,0,0.000328,0,0.636364,0,0,0.000136,0.012283,402,0,0,0,0,0,0,0,0,0,0,0,0,0,0,0,0,0,1,1,0,0.75,0.55,0,0,0,0,0,0,0,0,0,0,0,0,0,0,0,0,0,0,0,0,0,0,0,0,0,0,1,0.479476,0,0,0,0,0,0,0,0,0,0,0.207472,1,0.2,0.09887,0.8,0.6914,15,0,0,1,2937.1432,0.994797,0.910431,0,0,0,0,0,0,0,0,0,0,0.06885,0.060369,0.053175,0.150012,0.159848,v5-shortcut-control-v1
dataset-v5,v3,extraction-v2,ranking-aware-v5,seo_weighted_page_quality_v5,52.6316,71.0,кухни на заказ Нижний Новгород,кухни на заказ,commercial,Нижний Новгород,47,https://borgostudio.ru/,borgostudio.ru,10,0,,,homepage,ok,,..\dataset-v2\artifacts\query--0864a760700ab112.json,88c29e330548c33a6557a6ac40f6ddf8565e8d18,215751,71.0,6404,60000,916,445,0.485808,5.8745,59,15.5254,36,1,10,0,18,1,56,1,141,0,0,0,61,3,3,0.6,0.6,5,0.4,34,0.066594,1,80,24,40,0,0,0,0,20.8182,80,28,60,0,0.037804,0.438937,1,0.5,6.496454,0.477273,0.438937,0.263362,0.175575,0.24,0.268044,0.71,0.981818,0.972414,0,0.108515,0.219469,200,1,0,0,1,1,1,0,0,0,1,1,1,0,0,0,0,0,1,1,1,1,1,1,3,0,1,1,0,1,1,1,1,1,0,0,1,1,3,1,1,1,1,0.8,8,6,0.888889,0.666667,0.785185,1,0.592067,1,4,0,5,1,0,0,1,0.85,1,0.92125,1,0.834606,0.037804,0.165394,171.249,1119,49,46,35,9997.9541,0.358829,0.431622,0,0,0,0,0,0,0,0,0,0,0.653224,0.741232,0.560604,0.646391,0.628159,v5-shortcut-control-v1
dataset-v5,v3,extraction-v2,ranking-aware-v5,seo_weighted_page_quality_v5,100.0,75.3,кухни на заказ цена Москва,кухни на заказ,commercial,Москва,213,https://www.mebelmsk.ru/mebel-na-zakaz/kukhni/,mebelmsk.ru,1,0,,,content,ok,,..\dataset-v2\artifacts\query--824394a83f6ad6d0.json,73f27edb6462ca72a3f1fb8d62fa70fa407dfad6,583097,75.3,9600,60000,1600,1200,0.350943,6.001,90,16.0931,36,1,7,1,9,1,92,1,110,0,0,0,128,3,3,0.6,0.6,9,0.6,9,0.032201,0.8,80,24,40,1,4,44,11,62.1094,80,28,60,0.251572,0.076313,0.689941,1,1,9.375,0.140625,0.551953,0.413965,0.413965,0.36,0.689941,0.73,0.327273,0.758621,0.7413,0.24213,0.689941,200,1,0,0,1,1,0,0,0,0,1,1,1,0,0,2,0,0,1,0.8,1,1,0.96,1,5,0,1,1,1,1,1,1,1,1,1,0,1,1,4,1,1,1,1,0.8,9,7,1,0.777778,0.859259,1,0.401784,1,0,1,0,0,0,0,0,0,1,0.91,1,0.666131,0.076313,0.333869,398.2803,2986,41,7,155,11156.1235,0.267691,0.363268,0,1,0,0,0.05,1,0.4,0.45,0,0,0.777,0.823656,0.68125,0.74204,0.823656,v5-shortcut-control-v1
dataset-v5,v3,extraction-v2,ranking-aware-v5,seo_weighted_page_quality_v5,94.7368,79.9,кухни на заказ цена Москва,кухни на заказ,commercial,Москва,213,https://mebel-renessans.ru/kuhni,mebel-renessans.ru,2,0,,,content,ok,,..\dataset-v2\artifacts\query--aa013bec1539b9b0.json,636ef5d7c7b5ca5a66962333e593687c85624a99,1007575,79.9,9600,60000,1600,1040,0.299625,5.5854,90,13.5586,36,1,10,12,18,1,130,1,254,0,0,0,123,4,4,0.8,0.6,13,0.8,7,0.035436,1,80,24,40,1,21,344,16.380952,14.7076,80,28,60,0.288101,0.033303,0.800513,1,1,5.406542,0.419492,0.800513,0.64041,0.64041,0.64,0.800513,0.88,0,0.248276,0.818784,0.239854,0.800513,200,1,0,0,1,1,0,0,0,0,1,1,1,0,0,1,0,0,1,0.9,1,1,0.98,1,10,0,1,1,1,1,1,1,1,1,1,1,1,1,51,1,1,1,1,0.8,9,8,1,0.888889,0.896296,1,0.41175,1,1,0,1,1,0,0,0,0.2875,1,0.91,1,0.854299,0.033303,0.145701,732.9395,5715,88,5,324,4277.0786,0.188397,0.303798,0,1,0,0,0.05,1,0.4,0.45,0,0,0.877447,0.895989,0.79027,0.855956,0.895989,v5-shortcut-control-v1
dataset-v5,v3,extraction-v2,ranking-aware-v5,seo_weighted_page_quality_v5,89.4737,73.6,кухни на заказ цена Москва,кухни на заказ,commercial,Москва,213,https://www.bestmebelshop.ru/catalog/mebel-dlya-kukhni/category-kukhni-po-individualnym-razmeram/,bestmebelshop.ru,3,0,,,product,ok,,..\dataset-v2\artifacts\query--38f426449ca87a3c.json,372a33c62a94db5b5abbf4c96c44354d1789bf7c,963220,73.6,9600,60000,1600,677,0.277005,4.4509,90,14.5476,1,1,0,0,1,1,62,1,143,0,0,0,92,3,3,0.6,0.6,1,0.2,9,0.037643,1,80,24,40,2,4,101,25.25,180,80,28,60,0.818331,0.018015,0.35123,1,1,5.737089,1,0.35123,0.210738,0.070246,0.12,0.35123,0.66,0.872727,0.986207,0.745226,0.097292,0.35123,200,1,0,0,0,0,1,0,0,0,1,1,1,0,0,3,0,0,1,0.7,1,0.75,0.89,1,6,1,1,1,1,1,1,1,1,1,1,1,1,1,53,1,1,1,1,1,9,9,1,1,1,1,0.504699,3,3,0,3,1,1,0,1,0.8125,1,0.91,1,0.921185,0.018015,0.078815,773.7666,4322,75,24,338,8492.0557,0.073311,0.217483,0,1,0,0,0.05,1,0.4,0.45,0,0,0.688741,0.771928,0.461848,0.6208,0.771928,v5-shortcut-control-v1
dataset-v5,v3,extraction-v2,ranking-aware-v5,seo_weighted_page_quality_v5,84.2105,79.8,кухни на заказ цена Москва,кухни на заказ,commercial,Москва,213,https://vitakuhni.ru/,vitakuhni.ru,4,0,,,homepage,ok,,..\dataset-v2\artifacts\query--5b5f35c34b386a0e.json,c527eaa2bf7279835100d19aeeb1a678b7d89b55,137363,79.8,9243,60000,1306,548,0.419602,5.817,50,26.12,9,1,2,4,7,1,68,1,151,0,0,0,54,4,3,0.6,0.6,3,0.4,19,0.041348,0.8,80,24,31,24,10,54,5.4,145.1111,80,28,23.7366,40,0.129074,0.731605,1,1,6.59596,0.777778,0.585284,0.438963,0.292642,0.24,0.636984,0.68,0.763636,0.958621,0.497397,0.222733,0.731605,200,1,0,0,1,1,1,0,0,0,1,1,1,0,0,0,0,0,1,1,1,1,1,1,8,1,1,1,1,1,1,1,1,1,0,0,1,1,33,1,1,1,1,1,9,7,1,0.777778,0.925926,1,0.543169,1,1,0,1,0,1,0,0,0.2875,1,0.91,1,0.56,0.129074,0.44,78.6045,1060,28,7,41,7023.6897,0.496902,0.535177,0,1,0,0,0.05,1,0.4,0.45,0,0,0.805909,0.85719,0.677918,0.759603,0.85719,v5-shortcut-control-v1
dataset-v5,v3,extraction-v2,ranking-aware-v5,seo_weighted_page_quality_v5,78.9474,78.5,кухни на заказ цена Москва,кухни на заказ,commercial,Москва,213,https://nedorogo-kuhni.ru/kuhni,nedorogo-kuhni.ru,5,0,,,content,ok,,..\dataset-v2\artifacts\query--516a8612eb74c0da.json,15d4139c6c765044b25d97d79351a4aeaff3e1a1,532146,78.5,9600,60000,1600,1200,0.331888,5.3488,90,15.3256,36,1,3,0,4,1,46,1,211,0,0,0,151,4,3,0.8,0.6,5,0.8,7,0.032734,1,80,24,40,0,11,118,10.727273,88.7115,80,28,60,0,0.101007,0.746808,1,1,4.025305,0.076923,0.746808,0.597446,0.597446,0.64,0.746808,0.88,0.836364,0.544828,0.908881,0.247857,0.746808,200,1,0,0,1,1,0,0,0,0,1,1,0,0,0,1,0,0,1,0.9,0.5,1,0.88,1,6,1,1,1,1,1,1,1,1,1,1,1,1,1,7,0,1,1,1,0.8,9,9,1,1,0.933333,1,0.608313,2,2,0,2,1,0,0,0,0.425,1,0.91,1,0.38,0.101007,0.62,316.5732,5846,14,6,309,11525.3872,0.421004,0.478253,0,1,0,0,0.05,1,0.4,0.45,0,0,0.848574,0.873158,0.731395,0.809617,0.873158,v5-shortcut-control-v1
dataset-v5,v3,extraction-v2,ranking-aware-v5,seo_weighted_page_quality_v5,73.6842,72.2,кухни на заказ цена Москва,кухни на заказ,commercial,Москва,213,https://zavodkuhnirf.ru/,zavodkuhnirf.ru,6,0,,,homepage,ok,,..\dataset-v2\artifacts\query--11f5adb5e6faadaf.json,a6542759f887d15850285d5f2658461502f04b3c,266646,72.2,9600,60000,1560,542,0.347436,5.9506,90,13.1092,19,1,10,0,11,1,89,1,185,0,0,0,117,2,3,0.4,0.6,5,0.6,24,0.075,1,80,24,40,5,4,28,7,82.1053,80,28,32.051282,3.205128,0.062068,0.757252,1,1,5.016077,0.578947,0.757252,0.302901,0.454351,0.24,0.757252,0.69,0.381818,0.724138,0,0.228017,0.757252,200,1,0,0,0,0,0,0,0,0,1,1,1,0,0,0,0,0,1,1,1,0.75,0.95,1,8,1,1,1,1,1,1,0,1,1,1,1,0,1,5,1,1,1,1,1,7,9,0.777778,1,0.925926,1,0.472444,0,0,0,0,0,0,0,0,0,1,0.91,1,0.484168,0.062068,0.515832,184.8154,1710,16,12,156,9711.5949,0.401926,0.463944,0,1,0,0,0.05,1,0.4,0.45,0,0,0.805358,0.856967,0.6733,0.760133,0.856967,v5-shortcut-control-v1
dataset-v5,v3,extraction-v2,ranking-aware-v5,seo_weighted_page_quality_v5,63.1579,71.8,кухни на заказ цена Москва,кухни на заказ,commercial,Москва,213,https://500kuhon.ru/,500kuhon.ru,8,0,,,homepage,ok,,..\dataset-v2\artifacts\query--f2a1687d692f59f5.json,939bde6ae89f62a372454ccaf0cc788618bb2953,395688,71.8,9600,60000,1600,628,0.344298,5.3054,89,20.4944,36,1,10,12,18,1,74,1,189,0,0,0,71,3,3,0.6,0.6,10,0.8,5,0.038925,0.8,80,24,40,14,7,44,6.285714,21.7143,80,28,60,7.675439,0.04016,0.661849,1,1,4.970027,0.52381,0.529479,0.397109,0.529479,0.48,0.661849,0.78,0.654545,0.696552,0.561988,0.227873,0.661849,200,1,0,0,1,0,0,0,0,0,1,1,1,0,0,0,0,0,1,1,1,0,0.8,1,4,1,1,1,1,1,1,1,1,1,0,0,0,1,25,1,1,1,1,1,8,7,0.888889,0.777778,0.888889,1,0.363997,0,0,0,0,0,0,0,0,0,1,0.91,1,0.798586,0.04016,0.201414,298.3809,2149,33,14,131,31921.6667,0.242762,0.344572,0,1,0,0,0.05,1,0.4,0.45,0,0,0.762495,0.8256,0.602787,0.708189,0.8256,v5-shortcut-control-v1
dataset-v5,v3,extraction-v2,ranking-aware-v5,seo_weighted_page_quality_v5,57.8947,80.7,кухни на заказ цена Москва,кухни на заказ,commercial,Москва,213,https://master-kuhni.com/,master-kuhni.com,9,0,,,homepage,ok,,..\dataset-v2\artifacts\query--dbbe18899661cc38.json,8b7dc3f0e610bbd5f773ea08735eb436d906f170,569589,80.7,9600,60000,1600,1077,0.458493,6.2542,90,20.9732,36,1,10,12,18,1,87,1,192,0,0,0,111,4,5,0.6,0.6,20,0.6,15,0.047254,1,80,24,40,5,0,0,0,37.8871,80,28,60,2.128565,0.040546,0.709912,1,0.5,8.017065,0.951613,0.709912,0.425947,0.425947,0.36,0.709912,0.76,0.418182,0.675862,0.424862,0.32549,0.354956,200,1,0,0,1,1,1,0,0,0,1,1,1,0,0,0,0,0,1,1,1,1,1,1,3,0,1,1,1,1,1,1,1,1,1,0,1,1,19,1,1,1,1,0.8,9,7,1,0.777778,0.859259,1,0.557259,3,4,0,6,1,0,1,1,0.85,1,0.91,1,0.822612,0.040546,0.177388,436.2314,2313,77,74,94,12590.5768,0.172198,0.291648,0,1,0,0,0.05,1,0.4,0.45,0,0,0.772625,0.824196,0.739774,0.761684,0.824196,v5-shortcut-control-v1
dataset-v5,v3,extraction-v2,ranking-aware-v5,seo_weighted_page_quality_v5,52.6316,73.8,кухни на заказ цена Москва,кухни на заказ,commercial,Москва,213,https://julis.ru/kitchens/,julis.ru,10,0,,,content,ok,,..\dataset-v2\artifacts\query--cbd48de77fb0b818.json,e49cf207db769146a0f80381633d15bfc980688e,319133,73.8,9600,60000,1600,832,0.391345,5.4182,90,11.9438,36,1,5,0,6,1,98,1,214,0,0,0,105,3,1,0.6,0.2,6,0.6,16,0.049389,1,80,24,40,14,4,22,5.5,33.746,80,28,37.158984,6.585136,0.062998,0.741059,1,1,8.403162,0.095238,0.741059,0.444635,0.444635,0.36,0.741059,0.76,0.218182,0.524138,0.353716,0.29001,0.741059,200,1,0,0,1,1,1,0,0,0,1,1,1,0,0,1,0,0,1,0.9,1,1,0.98,1,2,1,1,1,1,1,1,1,1,1,0,0,0,1,74,0,1,1,1,0.8,8,7,0.888889,0.777778,0.822222,1,0.58042,1,4,0,4,1,0,0,1,0.8,1,0.91,1,0.724385,0.062998,0.275615,234.0811,1991,69,27,145,6326.0724,0.231422,0.336066,0,1,0,0,0.05,1,0.4,0.45,0,0,0.813812,0.850143,0.687898,0.783643,0.850143,v5-shortcut-control-v1
dataset-v5,v3,extraction-v2,ranking-aware-v5,seo_weighted_page_quality_v5,94.7368,70.8,кухни на заказ цена Санкт-Петербург,кухни на заказ,commercial,Санкт-Петербург,2,https://masterskayakuhon.ru/,masterskayakuhon.ru,2,0,,,homepage,ok,,..\dataset-v2\artifacts\query--0a9cdba1456bbeba.json,179f6fb8e7b5a869d9a9922465e230ed61c411b4,836562,70.8,9600,60000,1600,1200,0.354605,6.0795,90,13.4205,34,1,10,6,18,1,83,1,230,0,0,0,420,3,5,0.5,0.666667,6,0.666667,60,0.040122,1,80,24,40,0,8,118,14.75,180,32.957585,27.225831,33.912877,0,0.136474,0.492497,1,1,30.342029,0.676471,0.492497,0.246249,0.328331,0.333333,0.492497,0.741667,0.490909,0.413793,0.662591,0.174642,0.492497,200,1,0,0,0,0,1,0,0,0,1,1,1,0,0,0,0,0,1,1,1,0.75,0.95,1,2,1,1,0,1,1,1,1,1,1,1,0,1,1,6,1,1,1,1,0.8,8,7,0.888889,0.777778,0.822222,1,0.379752,0,0,0,0,0,0,0,0,0,1,0.91,1,0.65,0.136474,0.35,616.791,3080,48,15,285,12266.2877,0.128675,0.259006,0,1,0,0,0.033334,1,0.366667,0.333333,0,0,0.716733,0.721577,0.61709,0.682494,0.721577,v5-shortcut-control-v1
dataset-v5,v3,extraction-v2,ranking-aware-v5,seo_weighted_page_quality_v5,89.4737,80.1,кухни на заказ цена Санкт-Петербург,кухни на заказ,commercial,Санкт-Петербург,2,https://lenkuhni.ru/,lenkuhni.ru,3,0,,,homepage,ok,,..\dataset-v2\artifacts\query--5959900e11475eea.json,7b6a4c511f59390500ce60f702faf2acbcc347cc,1010296,80.1,9600,60000,1600,936,0.366627,5.6099,90,15.8571,36,1,1,0,2,1,68,1,227,0,0,0,136,3,5,0.5,0.666667,4,0.666667,17,0.053271,1,80,24,40,7,15,243,16.2,55.5,80,28,43.869957,2.741872,0.01966,0.75523,1,1,6.334988,0.043478,0.75523,0.377615,0.503487,0.333333,0.75523,0.741667,0.763636,0.434483,0.224311,0.276888,0.75523,200,1,0,0,1,1,1,0,0,0,1,1,1,0,0,0,0,0,1,1,1,1,1,1,11,1,1,1,1,1,1,1,1,1,1,0,1,1,3,1,1,1,1,1,9,8,1,0.888889,0.962963,1,0.297541,0,0,0,0,0,0,0,0,0,1,0.91,1,0.913989,0.01966,0.086011,879.9414,4140,88,25,175,11234.9962,0.042205,0.194154,0,1,0,0,0.033334,1,0.366667,0.333333,0,0,0.857741,0.893028,0.698053,0.808467,0.893028,v5-shortcut-control-v1
dataset-v5,v3,extraction-v2,ranking-aware-v5,seo_weighted_page_quality_v5,78.9474,78.2,кухни на заказ цена Санкт-Петербург,кухни на заказ,commercial,Санкт-Петербург,2,https://kuhnihome.spb.ru/,kuhnihome.spb.ru,5,0,,,homepage,ok,,..\dataset-v2\artifacts\query--56dd4810437a5424.json,a0930e575891d642cbb783cd6658d13ab3f04882,357002,78.2,9600,60000,1600,1200,0.379817,4.9108,64,38,5,1,4,3,8,1,50,1,140,0,0,0,177,4,5,0.666667,0.833333,7,0.5,35,0.037684,1,80,24,40,4,8,61,7.625,180,22.780498,11.070896,9.367681,0.851607,0.124605,0.549089,1,1,43.897196,1.6,0.549089,0.366059,0.274545,0.333333,0.549089,0.758333,0.909091,0.965517,0.743879,0.208553,0.549089,200,1,0,0,1,1,1,0,0,0,1,1,1,0,0,0,0,0,1,1,1,1,1,1,2,0,1,1,1,1,1,1,1,1,1,1,0,1,17,0,1,1,1,0.6,8,8,0.888889,0.888889,0.792593,1,0.488015,1,3,0,2,0,0,0,0,0.3625,1,0.91,1,0.65,0.124605,0.35,263.6992,2334,49,24,52,11149.5855,0.222744,0.329558,0,1,0,0,0.033334,1,0.366667,0.333333,0,0,0.723913,0.77439,0.592866,0.708255,0.77439,v5-shortcut-control-v1
dataset-v5,v3,extraction-v2,ranking-aware-v5,seo_weighted_page_quality_v5,73.6842,74.1,кухни на заказ цена Санкт-Петербург,кухни на заказ,commercial,Санкт-Петербург,2,https://neva-kuhni.ru/,neva-kuhni.ru,6,0,,,homepage,ok,,..\dataset-v2\artifacts\query--79536327b63f2259.json,1b691b250ca9e3ad6ef28a2a1c1048017bd0bf2b,1001849,74.1,7926,60000,1159,532,0.459016,5.6911,63,18.3968,8,1,1,7,9,1,59,1,200,0,0,0,60,4,2,0.666667,0.333333,4,0.5,17,0.051769,1,44,24,40,10,6,66,11,144.875,37.963762,28,60,8.628128,0.008422,0.716238,1,1,26.340909,1.125,0.716238,0.477492,0.358119,0.333333,0.553413,0.758333,0.927273,0.62069,0.274374,0.211688,0.716238,200,1,0,0,1,1,0,0,0,0,1,1,0,0,0,0,0,0,1,1,0.5,1,0.9,1,4,0,1,1,0,1,1,1,1,1,1,0,0,1,7,1,1,1,1,0.8,7,7,0.777778,0.777778,0.785185,1,0.284419,0,0,0,0,0,0,0,0,0,1,0.91,1,0.963155,0.008422,0.036845,929.1914,2380,85,179,42,4249.9452,0.037776,0.190832,0,1,0,0,0.033334,1,0.366667,0.333333,0,0,0.777508,0.824181,0.637414,0.743679,0.824181,v5-shortcut-control-v1
dataset-v5,v3,extraction-v2,ranking-aware-v5,seo_weighted_page_quality_v5,68.4211,67.2,кухни на заказ цена Санкт-Петербург,кухни на заказ,commercial,Санкт-Петербург,2,https://petro-mebel.com/kuhni-na-zakaz/,petro-mebel.com,7,0,,,content,ok,,..\dataset-v2\artifacts\query--b4549fd0cd313a05.json,d86b23d9f9d2d10b19d7476a8f29917efac597d6,215717,67.2,9600,60000,1600,928,0.41633,5.5002,90,13.8447,36,1,2,2,5,1,96,1,294,0,0,0,220,4,4,0.666667,0.5,4,0.5,21,0.098699,1,80,24,40,1,2,7,3.5,58.6579,80,28,60,0.448632,0.127374,0.530416,1,1,9.405063,0.131579,0.530416,0.353611,0.265208,0.333333,0.530416,0.758333,0.254545,0,0,0.220828,0.530416,200,1,0,0,1,1,0,0,0,0,1,1,0,0,0,1,0,0,1,0.9,0.5,1,0.88,1,3,1,1,0,1,1,1,1,1,1,1,0,1,1,4,1,1,0,0,0.8,8,5,0.888889,0.555556,0.748148,1,0.430443,0,0,0,0,0,0,0,0,0,1,0.91,1,0.585714,0.127374,0.414286,132.1035,1589,30,21,112,7195.5509,0.313314,0.397485,0,1,0,0,0.033334,1,0.366667,0.333333,0,0,0.727104,0.727182,0.622703,0.681833,0.727182,v5-shortcut-control-v1
dataset-v5,v3,extraction-v2,ranking-aware-v5,seo_weighted_page_quality_v5,63.1579,74.8,кухни на заказ цена Санкт-Петербург,кухни на заказ,commercial,Санкт-Петербург,2,https://lubimaya-kuhnya.ru/,lubimaya-kuhnya.ru,8,0,,,homepage,ok,,..\dataset-v2\artifacts\query--516c6acebae26d39.json,d29baecb93a3a58f8dc86c9fd31ea09b0c22331b,1487700,74.8,9600,60000,1600,770,0.411325,5.4215,90,16.8649,19,1,10,7,18,1,110,1,246,0,0,0,108,6,4,0.666667,0.5,8,0.833333,13,0.057692,0.833333,80,24,40,24,8,68,8.5,98.5263,80,13.354701,55.555556,31.517094,0.009063,0.643556,1,1,5.243697,0.947368,0.536297,0.429037,0.536297,0.555556,0.643556,0.816667,0,0.303448,0.064103,0.264711,0.643556,200,1,0,0,1,1,1,0,0,0,1,1,0,0,0,0,0,0,1,1,0.5,1,0.9,1,8,1,1,1,1,1,1,1,1,1,1,0,0,1,17,1,1,1,1,1,8,8,0.888889,0.888889,0.925926,1,0.298975,0,0,0,0,0,0,0,0,0,1,0.94375,1,0.96035,0.009063,0.03965,1344.6826,3176,117,150,25,11143.3467,0.066667,0.2125,0,1,0,0,0.033334,1,0.366667,0.333333,0,0,0.775235,0.837357,0.618484,0.739852,0.837357,v5-shortcut-control-v1
dataset-v5,v3,extraction-v2,ranking-aware-v5,seo_weighted_page_quality_v5,57.8947,77.2,кухни на заказ цена Санкт-Петербург,кухни на заказ,commercial,Санкт-Петербург,2,https://spb.vitakuhni.ru/,spb.vitakuhni.ru,9,0,,,homepage,ok,,..\dataset-v2\artifacts\query--f12aebea8ce96452.json,62bbde3252f79ced04c8157a242acf2247e80ece,137926,77.2,9340,60000,1315,550,0.418251,5.8441,51,25.7843,9,1,2,4,7,1,78,1,176,0,0,0,63,5,4,0.666667,0.666667,3,0.333333,21,0.047909,0.833333,80,24,30,24,10,54,5.4,146.1111,80,28,22.813688,40,0.130134,0.655743,1,1,6.675127,0.777778,0.546453,0.437162,0.218581,0.222222,0.574868,0.691667,0.581818,0.786207,0.335868,0.200366,0.655743,200,1,0,0,1,1,1,0,0,0,1,1,1,0,0,0,0,0,1,1,1,1,1,1,7,1,1,1,1,1,1,1,1,1,0,0,1,1,33,1,1,1,1,1,9,7,1,0.777778,0.925926,1,0.543215,1,1,0,1,0,1,0,0,0.2875,1,0.91,1,0.56,0.130134,0.44,78.9102,1057,28,7,41,6555.9656,0.497146,0.535359,0,1,0,0,0.033334,1,0.366667,0.333333,0,0,0.786801,0.843878,0.651982,0.740918,0.843878,v5-shortcut-control-v1
dataset-v5,v3,extraction-v2,ranking-aware-v5,seo_weighted_page_quality_v5,52.6316,69.7,кухни на заказ цена Санкт-Петербург,кухни на заказ,commercial,Санкт-Петербург,2,https://lavellakitchen.ru/,lavellakitchen.ru,10,0,,,homepage,ok,,..\dataset-v2\artifacts\query--8aa1e29c474a8bf5.json,4651a7e33bc58161c037bf4ee0285ef6e550a48d,456705,69.7,9600,60000,1600,1003,0.455702,5.8046,90,18.4958,34,1,8,2,11,1,105,1,211,0,0,0,110,5,6,0.666667,0.5,10,0.5,14,0.049977,1,80,24,40,1,3,29,9.666667,64.7353,80,28,60,0.454339,0.051154,0.533113,1,1,4.59499,0.323529,0.533113,0.355409,0.266556,0.333333,0.533113,0.758333,0.090909,0.544828,0.334091,0.242941,0.533113,200,1,0,0,0,0,0,0,0,0,1,1,1,0,0,0,0,0,1,1,1,0.75,0.95,1,3,1,1,1,1,1,1,1,1,1,1,1,0,1,1,1,1,1,1,1,8,9,0.888889,1,0.962963,1,0.397696,1,1,0,1,0,0,0,0,0.1375,1,0.91,1,0.7762,0.051154,0.2238,309.54,2818,56,52,77,7552.4734,0.209314,0.319485,0,1,0,0,0.033334,1,0.366667,0.333333,0,0,0.753877,0.821152,0.585679,0.710129,0.821152,v5-shortcut-control-v1
dataset-v5,v3,extraction-v2,ranking-aware-v5,seo_weighted_page_quality_v5,100.0,80.4,кухни на заказ цена Екатеринбург,кухни на заказ,commercial,Екатеринбург,54,https://www.lovekuhnya.ru/,lovekuhnya.ru,1,0,,,homepage,ok,,..\dataset-v2\artifacts\query--bb25cf699a0f07ef.json,80ab55ed636637aedb8ad8036b0294bb7125810d,1055319,80.4,9600,60000,1600,965,0.288577,5.3122,90,18.3736,36,1,10,4,18,1,109,1,193,0,0,0,327,3,1,0.6,0.2,8,0.8,24,0.097787,1,80,24,40,8,3,45,15,13.5935,80,28,56.519139,2.392344,0.027054,0.632587,1,1,4.440903,0.073171,0.632587,0.379552,0.50607,0.48,0.632587,0.81,0.018182,0.668966,0,0.18255,0.632587,200,1,0,0,1,1,1,0,0,0,1,1,1,0,0,0,0,0,1,1,1,1,1,1,25,1,1,1,1,1,1,0,1,1,1,0,1,1,22,1,1,1,1,1,8,8,0.888889,0.888889,0.925926,1,0.583079,2,4,0,6,1,0,0,1,0.85,1,0.91,1,0.740212,0.027054,0.259788,811.748,3845,24,8,457,11796.0201,0.20004,0.31253,0,1,0,0,0.05,1,0.4,0.45,0,0,0.803569,0.858103,0.696082,0.774267,0.858103,v5-shortcut-control-v1
dataset-v5,v3,extraction-v2,ranking-aware-v5,seo_weighted_page_quality_v5,94.7368,80.4,кухни на заказ цена Екатеринбург,кухни на заказ,commercial,Екатеринбург,54,https://na-zakaz-mebel.com/,na-zakaz-mebel.com,2,0,,,homepage,ok,,..\dataset-v2\artifacts\query--e0c23ba6126c2080.json,db0f7a22768858a6256ae3df832a7ad1083f0afe,266869,80.4,9600,60000,1600,889,0.416979,5.5924,90,13.9346,36,1,10,12,18,1,46,1,169,0,0,0,146,4,3,0.8,0.6,28,0.8,22,0.06848,1,80,24,40,12,3,86,28.666667,12.3237,80,28,45.028143,5.628518,0.091799,0.535777,1,1,9.603604,0.421965,0.535777,0.428622,0.428622,0.64,0.535777,0.88,0.836364,0.834483,0,0.223408,0.535777,200,1,0,0,1,1,0,0,0,0,1,1,1,0,0,0,0,0,1,1,1,1,1,1,6,1,1,1,1,1,1,0,1,1,1,0,1,1,2,1,1,1,1,1,8,8,0.888889,0.888889,0.925926,1,0.55677,0,0,0,0,0,0,0,0,0,1,0.91,1,0.264286,0.091799,0.735714,182.835,1841,5,1,109,3728.6461,0.558489,0.581367,0,1,0,0,0.05,1,0.4,0.45,0,0,0.777438,0.840763,0.66711,0.754482,0.840763,v5-shortcut-control-v1
dataset-v5,v3,extraction-v2,ranking-aware-v5,seo_weighted_page_quality_v5,89.4737,68.2,кухни на заказ цена Екатеринбург,кухни на заказ,commercial,Екатеринбург,54,https://kitchenrm.ru/,kitchenrm.ru,3,0,,,homepage,ok,,..\dataset-v2\artifacts\query--bf409ce186e8be22.json,ca8bd0d9939b06b10e240f4753a13d9b8e6e57df,836268,68.2,9600,60000,1600,950,0.4,5.7095,42,38,7,1,2,0,3,1,68,1,204,0,0,0,159,4,2,0.6,0.4,2,0.2,31,0.066947,1,80,24,36,9,126,251,1.992063,180,80,28,15.157895,3.789474,0.024081,0.523054,1,1,3.699377,0.428571,0.523054,0.313832,0.104611,0.12,0.523054,0.66,0.763636,0.593103,0,0.209222,0.523054,200,1,0,0,0,0,0,0,0,0,1,1,1,0,0,0,0,0,1,1,1,0.75,0.95,1,3,1,1,1,1,1,1,1,1,1,1,1,0,1,123,1,1,0,0,1,8,7,0.888889,0.777778,0.888889,1,0.334877,0,0,0,0,0,0,0,0,0,1,0.91,1,0.830361,0.024081,0.169639,678.3867,6907,30,23,342,11234.0758,0.129825,0.259869,0,1,0,0,0.05,1,0.4,0.45,0,0,0.73529,0.806646,0.522241,0.681579,0.806646,v5-shortcut-control-v1
dataset-v5,v3,extraction-v2,ranking-aware-v5,seo_weighted_page_quality_v5,84.2105,76.4,кухни на заказ цена Екатеринбург,кухни на заказ,commercial,Екатеринбург,54,https://е-кухни.рф/,е-кухни.рф,4,0,,,homepage,ok,,..\dataset-v2\artifacts\query--2be0cdaa695997d4.json,0f3a8f1b18b1f02435c8bcd2d8b90081711297c7,649875,76.4,9600,60000,1578,597,0.378327,5.5684,85,18.5647,7,2,4,0,6,1,39,1,247,0,0,0,85,3,4,0.6,0.4,10,0.6,21,0.053866,0.8,80,24,6,3,7,249,35.571429,180,80,28,3.802281,1.901141,0.01808,0.623127,1,1,10.590604,0.857143,0.498502,0.373876,0.373876,0.36,0.623127,0.73,0.709091,0.296552,0.163583,0.20667,0.623127,200,1,0,0,1,1,0,0,0,0,1,1,1,0,0,0,0,0,1,1,1,1,1,1,3,0,1,1,1,1,1,1,1,1,1,0,1,1,1,1,1,1,1,0.8,9,7,1,0.777778,0.859259,1,0.380357,0,0,0,0,0,0,0,0,0,1,0.91,1,0.715187,0.01808,0.284813,589.165,2851,19,26,199,4440.6516,0.218822,0.326616,0,1,0,0,0.05,1,0.4,0.45,0,0,0.757048,0.81072,0.651699,0.728956,0.81072,v5-shortcut-control-v1
dataset-v5,v3,extraction-v2,ranking-aware-v5,seo_weighted_page_quality_v5,78.9474,72.6,кухни на заказ цена Екатеринбург,кухни на заказ,commercial,Екатеринбург,54,https://ekaterinburg.vernokuhni.ru/,ekaterinburg.vernokuhni.ru,5,0,,,homepage,ok,,..\dataset-v2\artifacts\query--eeb9f5e1e3a63c60.json,62c4e92b437c188fbed02814794a98310430f1b3,475135,72.6,9600,60000,1600,1200,0.26879,5.7418,90,13.3788,2,1,0,5,6,1,99,1,193,0,0,0,141,3,4,0.4,0.6,3,0.6,11,0.029357,0.8,80,24,38,1,4,28,7,180,74.953154,15.198834,7.911722,0.208203,0.103886,0.585325,1,1,13.341667,3,0.46826,0.23413,0.351195,0.24,0.585325,0.66,0.2,0.668966,0.782844,0.15733,0.585325,200,1,0,0,1,1,1,0,0,0,1,1,1,0,0,0,0,0,1,1,1,1,1,1,3,0,1,1,0,1,1,0,1,1,1,0,0,1,2,1,1,1,1,0.8,6,7,0.666667,0.777778,0.748148,1,0.393177,0,0,0,0,0,0,0,0,0,1,0.91,1,0.65,0.103886,0.35,340.3887,3152,105,25,73,7428.1752,0.200277,0.312708,0,1,0,0,0.05,1,0.4,0.45,0,0,0.673203,0.755444,0.558909,0.667882,0.755444,v5-shortcut-control-v1
dataset-v5,v3,extraction-v2,ranking-aware-v5,seo_weighted_page_quality_v5,73.6842,25.8,кухни на заказ цена Екатеринбург,кухни на заказ,commercial,Екатеринбург,54,https://kuhnya-ekb.ru/,kuhnya-ekb.ru,6,0,,,homepage,ok,,..\dataset-v2\artifacts\query--102b41308b5c051d.json,4fd725c99b87c42cc46506c3b5fc70082149a975,34228,25.8,169,32178,27,24,0.888889,5.0741,2,13.5,1,0,0,0,0,1,22,0,0,0,0,0,0,0,0,0,0,0,0,0,0,0,2,1,0,1,0,0,0,27,74.074074,28,0,37.037037,0.005252,0.081192,0,0.25,13.5,0,0,0,0,0,0.001461,0,0.4,0,0,0.001083,0.020298,403,0,0,0,0,0,1,0,0,0,0,1,0,0,0,0,0,0,1,1,0.5,0.75,0.65,1,1,1,0,0,0,0,0,0,0,0,0,0,0,0,0,0,1,1,1,0.4,2,3,0.222222,0.333333,0.318519,1,0.532324,0,0,0,0,0,0,0,0,0,1,0.771222,1,0.527022,0.005252,0.472978,31.5059,47,0,2,1,4104.9316,0.963464,0.885098,0,1,0,0,0.05,1,0.4,0.45,0,0,0.162631,0.212286,0.066747,0.21893,0.212286,v5-shortcut-control-v1
dataset-v5,v3,extraction-v2,ranking-aware-v5,seo_weighted_page_quality_v5,68.4211,69.1,кухни на заказ цена Екатеринбург,кухни на заказ,commercial,Екатеринбург,54,https://ekat.steklodom.com/mebel-na-zakaz/kuhni/,ekat.steklodom.com,7,0,,,content,ok,,..\dataset-v2\artifacts\query--7c97d1166094f0ff.json,602edc37c37394ce5f404118ccfd69d9c9b88e49,1463589,69.1,9600,60000,1600,949,0.308618,5.0468,90,18.5241,15,1,1,0,2,1,60,1,248,0,0,0,83,4,5,0.6,0.6,3,0.4,15,0.026992,1,80,24,40,3,5,47,9.4,180,80,28,39.02439,0.97561,0.014797,0.529759,1,1,10.865724,0.133333,0.529759,0.317855,0.211904,0.24,0.529759,0.71,0.909091,0.289655,0.899729,0.163493,0.529759,200,1,0,0,0,0,0,0,0,0,1,1,1,0,0,2,0,0,1,0.8,1,0.75,0.91,1,20,1,1,1,1,1,1,1,1,1,1,1,1,1,8,1,1,1,1,1,9,9,1,1,1,1,0.412434,2,3,0,2,0,1,0,0,0.5125,1,0.91,1,0.935263,0.014797,0.064737,1327.9893,4136,86,41,302,12270.5535,0,0.1625,0,1,0,0,0.05,1,0.4,0.45,0,0,0.762072,0.823674,0.570739,0.696897,0.823674,v5-shortcut-control-v1
dataset-v5,v3,extraction-v2,ranking-aware-v5,seo_weighted_page_quality_v5,63.1579,65.5,кухни на заказ цена Екатеринбург,кухни на заказ,commercial,Екатеринбург,54,https://yutnaya-kuhnya.com/,yutnaya-kuhnya.com,8,0,,,homepage,ok,,..\dataset-v2\artifacts\query--39f6487cb46ba5ec.json,2b885e0effe4b4d1e9589439469b8ddb4d34cef2,540722,65.5,7334,60000,1119,427,0.381591,5.2851,28,38,36,1,2,0,3,1,47,1,211,0,0,0,61,3,4,0.6,0.6,3,0.6,22,0.054513,0.8,80,24,40,0,33,40,1.212121,28.6923,80,28,40.214477,0,0.015707,0.574574,1,1,4.643154,0.076923,0.459659,0.344744,0.344744,0.36,0.428632,0.73,0.854545,0.544828,0.146321,0.136302,0.574574,200,1,0,0,0,0,0,0,0,0,1,1,1,0,0,0,0,0,1,1,1,0.75,0.95,1,12,0,1,1,1,1,0,1,1,1,0,0,0,1,2,1,1,1,1,0.8,7,6,0.777778,0.666667,0.748148,1,0.316013,0,0,0,0,0,0,0,0,0,1,0.91,1,0.931283,0.015707,0.068717,464.9717,3330,55,31,118,6965.2616,0.163778,0.285334,0,1,0,0,0.05,1,0.4,0.45,0,0,0.696027,0.769796,0.497917,0.679878,0.769796,v5-shortcut-control-v1
dataset-v5,v3,extraction-v2,ranking-aware-v5,seo_weighted_page_quality_v5,57.8947,78.7,кухни на заказ цена Екатеринбург,кухни на заказ,commercial,Екатеринбург,54,https://www.vkuskuhni.ru/,vkuskuhni.ru,9,0,,,homepage,ok,,..\dataset-v2\artifacts\query--59ddd386cdad97a7.json,8ee0b47f83fe4ae481c44b77723543be1079a7c7,165359,78.7,9600,60000,1487,744,0.500336,6.0222,78,19.0641,7,1,5,0,6,1,83,1,177,0,0,0,67,3,0,0.6,0,11,0.6,9,0.045057,0.8,80,24,40,4,6,30,5,180,80,28,60,2.68998,0.10818,0.648751,1,1,9.847682,0.857143,0.519001,0.389251,0.389251,0.36,0.643128,0.73,0.490909,0.77931,0.398476,0.26815,0.648751,200,1,0,0,1,1,1,0,0,0,1,1,1,0,0,0,0,0,1,1,1,1,1,1,2,1,1,1,1,1,1,1,1,0,1,0,0,1,8,1,1,1,1,1,8,7,0.888889,0.777778,0.888889,1,0.687725,2,4,0,4,1,0,0,1,0.8,1,0.91,1,0.47,0.10818,0.53,106.9258,986,21,14,43,7181.5855,0.464535,0.510901,0,1,0,0,0.05,1,0.4,0.45,0,0,0.765965,0.831947,0.609256,0.73777,0.831947,v5-shortcut-control-v1
dataset-v5,v3,extraction-v2,ranking-aware-v5,seo_weighted_page_quality_v5,52.6316,22.0,кухни на заказ цена Екатеринбург,кухни на заказ,commercial,Екатеринбург,54,https://vk.com/kuhni_shkafy_zakaz,vk.com,10,0,,,content,ok,,..\dataset-v2\artifacts\query--54a2f51ca5533709.json,498168b0d3d6c8c930a7075d23eebda927b96ffb,31773,22.0,171,27161,23,16,0.695652,6.3043,2,11.5,4,0,1,0,1,1,26,0,0,0,0,0,0,0,0,0,0,0,0,0,0,0,2,0,0,0,0,0,0,5.75,80,0,0,0,0.006296,0,0,0,11.5,0.25,0,0,0,0,0,0,0.472727,0,0,0,0,200,1,0,0,0,0,0,1,1,1,0,1,1,0,0,1,6,1,1,0.5,1,0.35,0.57,0,0,0,0,1,0,1,0,0,0,1,0,0,0,0,0,1,1,0,0,0.4,2,2,0.222222,0.222222,0.281481,1,0.527832,0,0,0,0,0,0,0,0,0,1,0.77375,1,0.54817,0.006296,0.45183,26.8506,63,2,1,0,5554.8665,0.96433,0.885748,0,1,0,0,0.05,1,0.4,0.45,0,0,0.124371,0.185256,0.05765,0.179011,0.185256,v5-shortcut-control-v1
dataset-v5,v3,extraction-v2,ranking-aware-v5,seo_weighted_page_quality_v5,100.0,76.7,кухни на заказ цена Новосибирск,кухни на заказ,commercial,Новосибирск,65,https://www.kuhni-nsk.ru/,kuhni-nsk.ru,1,0,,,homepage,ok,,..\dataset-v2\artifacts\query--57b7928a2a7f6bb5.json,5435aad685503ba88496fe018a5d3ffb6c59aeba,178937,76.7,9473,60000,1470,714,0.485714,5.2646,90,15,9,1,1,0,2,1,60,1,153,0,0,0,90,4,3,0.6,0.6,3,0.4,33,0.061224,0.8,80,24,40,1,5,38,7.6,163.3333,80,28,60,0.680272,0.084643,0.471606,1,1,10.808824,0.222222,0.377285,0.282964,0.188642,0.24,0.462174,0.68,0.909091,0.944828,0,0.18707,0.471606,200,1,0,0,1,1,1,0,0,0,1,1,1,0,0,0,0,0,1,1,1,1,1,1,8,1,1,1,1,1,1,1,0,1,1,0,1,1,5,1,1,1,1,1,9,7,1,0.777778,0.925926,1,0.545944,1,2,0,3,1,0,0,0,0.475,1,0.91,1,0.65,0.084643,0.35,121.4375,1082,45,12,45,6740.6801,0.3817,0.448775,0,1,0,0,0.2,1,0.4,0.2,0,0,0.716989,0.795571,0.522512,0.674844,0.795571,v5-shortcut-control-v1
dataset-v5,v3,extraction-v2,ranking-aware-v5,seo_weighted_page_quality_v5,94.7368,75.4,кухни на заказ цена Новосибирск,кухни на заказ,commercial,Новосибирск,65,https://nsk.nedorogo-kuhni.ru/kuhni,nsk.nedorogo-kuhni.ru,2,0,,,content,ok,,..\dataset-v2\artifacts\query--7716ddcc3920418b.json,c4eab11821054461d73f6796de4d8f5eab05d6b9,468399,75.4,9600,60000,1600,1147,0.285323,5.11,90,13.7201,36,1,0,0,1,1,52,1,217,0,0,0,137,4,3,0.8,0.6,3,0.6,7,0.03408,1,80,24,40,0,11,118,10.727273,85.5319,80,28,60,0,0.091328,0.570168,1,1,4.427313,0.021277,0.570168,0.456134,0.342101,0.48,0.570168,0.83,0.945455,0.503448,0.864013,0.162682,0.570168,200,1,0,0,1,1,0,0,0,0,1,1,0,0,0,1,0,0,1,0.9,0.5,1,0.88,1,4,1,1,1,1,1,1,1,1,1,1,0,1,1,7,0,1,1,1,0.8,9,8,1,0.888889,0.896296,1,0.607172,2,2,0,2,1,0,0,0,0.425,1,0.91,1,0.392857,0.091328,0.607143,291.3379,5314,15,5,304,10361.6736,0.432058,0.486544,0,1,0,0,0.2,1,0.4,0.2,0,0,0.772823,0.81878,0.591292,0.724844,0.81878,v5-shortcut-control-v1
dataset-v5,v3,extraction-v2,ranking-aware-v5,seo_weighted_page_quality_v5,89.4737,73.9,кухни на заказ цена Новосибирск,кухни на заказ,commercial,Новосибирск,65,https://novosibirsk.vernokuhni.ru/,novosibirsk.vernokuhni.ru,3,0,,,homepage,ok,,..\dataset-v2\artifacts\query--ff0ebacba4461782.json,5d1b32f1e5db223bd1737bc4d2c339ef1b7ec93b,459466,73.9,9600,60000,1600,1200,0.270293,5.8143,90,13.1821,2,1,0,5,6,1,107,1,185,0,0,0,137,3,3,0.6,0.6,3,0.6,11,0.029112,0.8,80,24,38,1,4,28,7,180,75.010625,15.299618,8.074798,0.212495,0.107159,0.56688,1,1,13.331445,3,0.453504,0.340128,0.340128,0.36,0.56688,0.73,0.054545,0.724138,0.776314,0.153224,0.56688,200,1,0,0,1,1,1,0,0,0,1,1,1,0,0,0,0,0,1,1,1,1,1,1,1,0,1,1,0,1,1,0,1,1,1,0,0,1,2,1,1,1,1,0.8,6,7,0.666667,0.777778,0.748148,1,0.393895,0,0,0,0,0,0,0,0,0,1,0.91,1,0.65,0.107159,0.35,327.3105,3073,105,25,72,11612.3773,0.204108,0.315581,0,1,0,0,0.2,1,0.4,0.2,0,0,0.677474,0.759552,0.561212,0.679607,0.759552,v5-shortcut-control-v1
dataset-v5,v3,extraction-v2,ranking-aware-v5,seo_weighted_page_quality_v5,84.2105,79.1,кухни на заказ цена Новосибирск,кухни на заказ,commercial,Новосибирск,65,https://lovekuhnya-novosib.ru/,lovekuhnya-novosib.ru,4,0,,,homepage,ok,,..\dataset-v2\artifacts\query--6868dddfda2178a0.json,3c16e2d810741c3edd23e08dfc1dfc2dd61008c2,888987,79.1,9600,60000,1600,880,0.32152,5.532,89,30.7528,36,1,10,4,18,1,108,1,192,0,0,0,294,3,1,0.6,0.2,8,0.8,24,0.107417,1,80,24,40,8,3,44,14.666667,14.3298,80,28,60,2.922908,0.026702,0.597975,1,1,4.048817,0.094241,0.597975,0.358785,0.47838,0.48,0.597975,0.81,0.036364,0.675862,0,0.192261,0.597975,200,1,0,0,1,1,1,0,0,0,1,1,1,0,0,0,0,0,1,1,1,1,1,1,10,1,1,1,1,1,1,0,1,1,1,0,1,1,14,1,1,1,1,1,8,8,0.888889,0.888889,0.925926,1,0.584364,2,4,0,6,1,0,0,1,0.85,1,0.91,1,0.767467,0.026702,0.232533,689.3037,3475,26,6,426,12473.4449,0.243234,0.344925,0,1,0,0,0.2,1,0.4,0.2,0,0,0.790538,0.848965,0.681447,0.761132,0.848965,v5-shortcut-control-v1
dataset-v5,v3,extraction-v2,ranking-aware-v5,seo_weighted_page_quality_v5,78.9474,67.5,кухни на заказ цена Новосибирск,кухни на заказ,commercial,Новосибирск,65,https://alexandr-kuhni.ru/nsk,alexandr-kuhni.ru,5,0,,,content,ok,,..\dataset-v2\artifacts\query--d17427087b07d976.json,47f961427259b81c1c7df42fdaf7cbb508d7077a,963838,67.5,9600,60000,1600,770,0.320033,5.0702,90,21.4821,36,1,1,0,2,1,29,1,67,0,0,0,70,3,3,0.6,0.6,2,0.2,16,0.029094,0.8,72,24,40,24,8,104,13,66.8333,29.925187,17.040732,35.743973,39.068994,0.017308,0.608076,1,1,33.416667,0.055556,0.486461,0.364846,0.121615,0.12,0.608076,0.63,0.527273,0.462069,0.775838,0.194605,0.608076,200,1,0,0,1,1,0,0,0,0,1,1,0,0,0,1,0,0,1,0.9,0.5,1,0.88,1,13,0,1,1,1,1,1,0,1,1,1,1,0,1,10,1,1,1,1,0.8,7,8,0.777778,0.888889,0.822222,1,0.297509,0,0,0,0,0,0,0,0,0,1,0.91,1,0.924279,0.017308,0.075721,879.2061,2495,81,178,41,8760.2075,0.055753,0.204315,0,1,0,0,0.2,1,0.4,0.2,0,0,0.685614,0.758866,0.504279,0.645187,0.758866,v5-shortcut-control-v1
dataset-v5,v3,extraction-v2,ranking-aware-v5,seo_weighted_page_quality_v5,73.6842,72.8,кухни на заказ цена Новосибирск,кухни на заказ,commercial,Новосибирск,65,https://feniks-kuhni-nsk.ru/,feniks-kuhni-nsk.ru,6,0,,,homepage,ok,,..\dataset-v2\artifacts\query--911cf1647d476502.json,404accf18ae941ac708722aef384aacc78c6ca29,878154,72.8,9600,60000,1600,414,0.186655,5.3309,90,19.4561,36,2,10,12,18,1,67,1,167,0,0,0,75,3,3,0.6,0.6,11,0.6,9,0.033814,1,80,24,0,24,0,56,0,3.1416,80,28,0,40,0.018976,0.272758,1,0.5,12.120219,0.053824,0.272758,0.163655,0.163655,0.36,0.272758,0.76,0.781818,0.848276,0.872858,0.050912,0.136379,200,1,0,0,1,1,0,0,0,0,1,1,1,0,0,0,0,0,1,1,1,1,1,1,16,1,1,1,1,1,1,1,1,1,1,0,0,1,50,1,1,1,1,1,8,8,0.888889,0.888889,0.925926,1,0.339489,1,1,0,0,0,0,0,0,0.0875,1,0.91,1,0.916981,0.018976,0.083019,756.9062,8542,135,8,119,12607.0608,0.15325,0.277438,0,1,0,0,0.2,1,0.4,0.2,0,0,0.623774,0.734607,0.449887,0.610211,0.734607,v5-shortcut-control-v1
dataset-v5,v3,extraction-v2,ranking-aware-v5,seo_weighted_page_quality_v5,68.4211,67.9,кухни на заказ цена Новосибирск,кухни на заказ,commercial,Новосибирск,65,https://promebelnsk.ru/kuhni,promebelnsk.ru,7,0,,,content,ok,,..\dataset-v2\artifacts\query--22ff10aee586114f.json,3f9fc2aa53c8846d3623d48d8a38ce80adc14f5d,4949720,67.9,9600,60000,1600,867,0.253361,5.6698,90,27.376,36,1,8,12,18,1,102,1,118,0,0,0,84,4,2,0.8,0.4,4,0.6,10,0.024547,1,80,24,40,0,27,86,3.185185,10.9679,80,28,13.150205,0,0.005216,0.27699,1,1,7.655481,0.073718,0.27699,0.221592,0.166194,0.48,0.27699,0.83,0.145455,0.813793,0.818235,0.070178,0.27699,200,1,0,0,1,1,0,0,0,0,1,1,0,0,0,1,0,0,1,0.9,0.5,1,0.88,1,51,1,1,1,1,1,1,1,1,1,1,0,0,1,23,1,1,1,1,1,8,8,0.888889,0.888889,0.925926,1,0.27383,0,0,0,0,0,0,0,0,0,1,0.91,1,0.977181,0.005216,0.022819,4602.123,5798,137,307,105,9269.3085,0,0.1625,0,1,0,0,0.2,1,0.4,0.2,0,0,0.662002,0.755941,0.452583,0.612264,0.755941,v5-shortcut-control-v1
dataset-v5,v3,extraction-v2,ranking-aware-v5,seo_weighted_page_quality_v5,63.1579,72.6,кухни на заказ цена Новосибирск,кухни на заказ,commercial,Новосибирск,65,https://kuxni-nsk.ru/,kuxni-nsk.ru,8,0,,,homepage,ok,,..\dataset-v2\artifacts\query--fafc98579b23a47f.json,8f83c2f33fc1faf5db8d2a41368c14e373a10bcb,358183,72.6,9600,60000,1600,702,0.382561,5.0616,86,21.3372,36,1,7,11,18,1,67,1,151,0,0,0,76,3,4,0.6,0.6,6,0.6,17,0.041417,1,80,24,40,24,0,0,0,40.7778,80,28,40.871935,40,0.041007,0.311975,1,0.5,11.613924,0.422222,0.311975,0.187185,0.187185,0.36,0.311975,0.76,0.781818,0.958621,0.619437,0.11935,0.155988,200,1,0,0,1,1,0,0,0,0,1,1,1,0,0,0,0,0,1,1,1,1,1,1,1,0,1,0,1,1,1,1,1,1,1,1,1,1,2,1,1,1,1,0.6,8,7,0.888889,0.777778,0.755556,1,0.480515,0,0,0,0,0,0,0,0,0,1,0.91,1,0.512022,0.041007,0.487978,294.5254,3521,11,2,236,3699.9787,0.482106,0.52408,0,1,0,0,0.2,1,0.4,0.2,0,0,0.597128,0.62899,0.535767,0.603799,0.62899,v5-shortcut-control-v1
dataset-v5,v3,extraction-v2,ranking-aware-v5,seo_weighted_page_quality_v5,57.8947,13.9,кухни на заказ цена Новосибирск,кухни на заказ,commercial,Новосибирск,65,http://mebelin-nsk.ru/kukhni,mebelin-nsk.ru,9,0,,,content,ok,,..\dataset-v2\artifacts\query--e55e8a81c627952d.json,f8b31cad540e9999a0e476912bf542e3d9ddfc36,1334,13.9,33,144,7,4,0.571429,3.8571,1,7,1,1,0,0,1,1,13,0,0,0,0,0,0,0,0,0,0,0,0,0,0,0,0,0,0,0,0,0,0,7,0,0,0,0,0.229167,0.031871,0,0,7,1,0,0,0,0,0.000149,0,0.236364,0,0,0.000071,0,404,0,0,0,0,0,0,0,0,0,0,0,0,0,0,1,0,0,1,0.9,0,0.75,0.53,0,0,0,0,0,0,0,0,0,0,0,0,0,0,0,0,0,0,0,0,0,0,0,0,0,0,1,0.48905,0,0,0,0,0,0,0,0,0,0,0.204583,1,0.2,0.229167,0.8,0.1406,8,0,0,0,1634.9124,0.99907,0.951618,0,1,0,0,0.2,1,0.4,0.2,0,0,0.048745,0.047071,0.062107,0.135079,0.047071,v5-shortcut-control-v1
dataset-v5,v3,extraction-v2,ranking-aware-v5,seo_weighted_page_quality_v5,52.6316,76.3,кухни на заказ цена Новосибирск,кухни на заказ,commercial,Новосибирск,65,https://www.kuhni-nsk.ru/catalog/kuhni/na-zakaz/,kuhni-nsk.ru,10,0,,,product,ok,,..\dataset-v2\artifacts\query--0564a99dd6845f39.json,f481aaa9230113c1a044aa254e8cd85e4cb0afbb,349813,76.3,9600,60000,1600,815,0.48111,5.2674,90,17.6458,5,1,2,3,6,1,64,1,189,0,0,0,125,3,6,0.6,0.6,12,0.6,40,0.07379,1,80,24,40,24,7,171,24.428571,180,80,28,60,15.348288,0.048286,0.428147,1,1,6.749004,1.2,0.428147,0.256888,0.256888,0.36,0.428147,0.76,0.836364,0.696552,0,0.193855,0.428147,200,1,0,0,1,1,1,0,0,0,1,1,1,0,0,3,0,0,1,0.7,1,1,0.94,1,10,1,1,1,1,1,1,1,1,1,1,0,0,1,4,1,1,1,1,1,8,8,0.888889,0.888889,0.925926,1,0.48999,1,2,0,3,1,0,0,0,0.475,1,0.91,1,0.78875,0.048286,0.21125,236.2676,2260,52,12,62,7237.8071,0.268281,0.363711,0,1,0,0,0.2,1,0.4,0.2,0,0,0.714578,0.793612,0.532093,0.670625,0.793612,v5-shortcut-control-v1
dataset-v5,v3,extraction-v2,ranking-aware-v5,seo_weighted_page_quality_v5,100.0,65.0,кухни на заказ цена Казань,кухни на заказ,commercial,Казань,43,https://kuhni-sova.ru/,kuhni-sova.ru,1,0,,,homepage,ok,,..\dataset-v2\artifacts\query--4d6b1ea0f8d8174b.json,59719cdf01295d6c87af54b3d1592ff3bb948354,1250795,65.0,9600,60000,1600,802,0.385022,5.2712,90,17.0738,36,0,0,0,0,1,24,1,127,0,0,0,57,2,6,0.4,0.6,0,0,13,0.027364,0.8,60,24,40,24,6,87,14.5,46.2889,28.804609,24.003841,32.645223,12.962074,0.01164,0.234175,1,1,34.716667,0,0.18734,0.09367,0,0,0.234175,0.51,0.436364,0.875862,0.729717,0.090162,0.234175,200,1,0,0,1,1,0,0,0,0,1,1,0,0,0,0,0,0,1,1,0.5,1,0.9,1,13,0,1,1,1,1,1,1,1,1,1,0,1,1,5,0,1,1,1,0.6,9,7,1,0.777778,0.792593,1,0.280857,0,0,0,0,0,0,0,0,0,1,0.91,1,0.949074,0.01164,0.050926,1155.4922,3040,94,243,50,7132.8112,0,0.1625,0,1,0,0,0.05,1,0.4,0.45,0,0,0.567671,0.661283,0.357225,0.527092,0.661283,v5-shortcut-control-v1
dataset-v5,v3,extraction-v2,ranking-aware-v5,seo_weighted_page_quality_v5,94.7368,78.1,кухни на заказ цена Казань,кухни на заказ,commercial,Казань,43,https://kuhni-na-zakaz.net/,kuhni-na-zakaz.net,2,0,,,homepage,ok,,..\dataset-v2\artifacts\query--6261fd87768bad95.json,4d4950d693cf2fe5e8e1cc52f765ffa0d8dfb8b0,388221,78.1,9600,60000,1519,680,0.447663,5.8381,90,16.6923,36,1,10,8,18,1,62,1,163,0,0,0,100,4,2,0.8,0.4,13,0.6,14,0.065833,1,80,20,40,16,2,22,11,26.1897,80,13.166557,60,10.533246,0.036407,0.254516,1,1,6.751111,0.758621,0.254516,0.203613,0.15271,0.48,0.254516,0.83,0.872727,0.875862,0,0.09615,0.254516,200,1,0,0,1,1,1,0,0,0,1,1,1,0,0,0,0,0,1,1,1,1,1,1,1,1,1,1,1,1,1,1,1,1,1,0,1,1,16,1,1,1,1,1,9,8,1,0.888889,0.962963,1,0.58822,3,4,0,6,1,0,1,1,0.85,1,0.955,1,0.84072,0.036407,0.15928,296.5117,1755,60,63,20,9335.6296,0.301465,0.388599,0,1,0,0,0.05,1,0.4,0.45,0,0,0.683407,0.772374,0.515306,0.643334,0.772374,v5-shortcut-control-v1
dataset-v5,v3,extraction-v2,ranking-aware-v5,seo_weighted_page_quality_v5,89.4737,67.9,кухни на заказ цена Казань,кухни на заказ,commercial,Казань,43,https://kuhni-express.ru/kazan/catalog,kuhni-express.ru,3,0,,,product,ok,,..\dataset-v2\artifacts\query--f1f42554a0e1ceb4.json,24d07f60b507a2246f68394b1250558b8cf40186,147326,67.9,8819,60000,1335,627,0.469663,5.4801,54,24.7222,16,1,6,7,14,1,69,1,133,0,0,0,87,4,3,0.6,0.6,6,0.6,26,0.065169,1,80,22,40,0,3,6,2,83.4375,80,16.479401,57.677903,0,0.089145,0.479568,1,1,9.206897,0.875,0.479568,0.287741,0.287741,0.36,0.426816,0.76,0.745455,0.917241,0,0.16705,0.479568,200,1,0,0,1,0,0,0,0,0,1,1,1,0,0,2,0,0,1,0.8,1,0,0.76,1,1,0,0,1,0,1,0,0,1,1,1,0,1,1,4,1,1,1,1,0.6,5,6,0.555556,0.666667,0.607407,1,0.530369,0,0,0,0,0,0,0,0,0,1,0.9505,1,0.457143,0.089145,0.542857,103.9678,1028,20,5,22,9844.8722,0.620824,0.628118,0,1,0,0,0.05,1,0.4,0.45,0,0,0.61878,0.594529,0.589806,0.594664,0.594529,v5-shortcut-control-v1
dataset-v5,v3,extraction-v2,ranking-aware-v5,seo_weighted_page_quality_v5,84.2105,75.1,кухни на заказ цена Казань,кухни на заказ,commercial,Казань,43,https://bigmebel-kzn.ru/kuhni/,bigmebel-kzn.ru,4,0,,,content,ok,,..\dataset-v2\artifacts\query--fa537986d09df4f9.json,624d97c4964b0f31490469ac533246a65528ea44,3213963,75.1,9600,60000,1600,1200,0.206157,5.6241,90,14.1012,36,1,0,12,18,1,77,1,179,0,0,0,322,3,3,0.6,0.4,4,0.6,20,0.026865,1,80,24,40,24,8,500,62.5,84.4085,49.724679,28,48.473219,20.190222,0.03041,0.512885,1,1,20.110738,0.140845,0.512885,0.307731,0.307731,0.36,0.512885,0.76,0.6,0.765517,0.895489,0.105735,0.512885,200,1,0,0,1,1,1,0,0,0,1,1,1,0,0,1,0,0,1,0.9,1,1,0.98,1,7,0,1,1,1,1,1,1,1,1,1,0,1,1,49,1,1,1,1,0.8,9,7,1,0.777778,0.859259,1,0.463886,1,4,0,4,0,0,0,1,0.65,1,0.91,1,0.866956,0.03041,0.133044,2698.8887,10747,74,111,934,14998.9396,0,0.1625,0,1,0,0,0.05,1,0.4,0.45,0,0,0.749274,0.803774,0.622993,0.711158,0.803774,v5-shortcut-control-v1
dataset-v5,v3,extraction-v2,ranking-aware-v5,seo_weighted_page_quality_v5,78.9474,62.8,кухни на заказ цена Казань,кухни на заказ,commercial,Казань,43,https://www.kukhni-kazan.ru/,kukhni-kazan.ru,5,0,,,homepage,ok,,..\dataset-v2\artifacts\query--71ea503c7c3eadfb.json,23583f5ad31044baf7f60a8b5e7dc32a15aa5cc0,804104,62.8,9600,60000,1600,510,0.291595,5.7679,90,10.4731,36,2,0,0,3,1,67,1,176,0,0,0,79,4,3,0.8,0.6,3,0.6,20,0.045169,1,80,24,0,24,38,150,3.947368,13.5581,80,28,0,40,0.018026,0.273095,1,0.75,4.818182,0.023256,0.273095,0.218476,0.163857,0.48,0.273095,0.83,0.781818,0.786207,0.494378,0.077377,0.204821,200,1,0,0,0,0,1,0,0,0,1,0,1,0,0,0,0,0,1,1,0.5,0.75,0.85,1,2,1,1,1,0,1,1,1,1,1,1,0,0,1,2,1,1,1,1,1,7,8,0.777778,0.888889,0.888889,1,0.168862,0,0,0,0,0,0,0,0,0,0,0.36,1,0.921135,0.018026,0.078865,686.8369,4235,110,315,387,9229.8518,0.098778,0.236584,0,1,0,0,0.05,1,0.4,0.45,0,0,0.618959,0.727996,0.409188,0.583795,0.727996,v5-shortcut-control-v1
dataset-v5,v3,extraction-v2,ranking-aware-v5,seo_weighted_page_quality_v5,73.6842,66.2,кухни на заказ цена Казань,кухни на заказ,commercial,Казань,43,https://kuhni-kazanzakazz.ru/,kuhni-kazanzakazz.ru,6,0,,,homepage,ok,,..\dataset-v2\artifacts\query--318d35a6e5d032c5.json,a44184ce36e676d7d57ae47bd3db7bbb86eac317,420030,66.2,9600,60000,1435,760,0.529617,5.5603,73,19.6575,36,2,1,8,14,1,51,1,317,0,0,0,55,3,3,0.6,0.6,23,0.6,16,0.038328,0.6,12,24,0,24,0,23,0,22.4219,8.362369,28,0,18.815331,0.026632,0.612684,1,0.5,80,0.21875,0.36761,0.36761,0.36761,0.36,0.586134,0.7,0.927273,0,0.433449,0.258689,0.306342,200,1,0,0,1,1,0,0,0,0,1,1,1,0,0,0,0,0,1,1,1,1,1,1,4,0,1,0,0,1,0,0,1,1,1,0,0,1,4,0,1,1,1,0.4,4,6,0.444444,0.666667,0.503704,1,0.372638,1,1,0,0,0,0,0,0,0.0875,1,0.91,1,0.883484,0.026632,0.116516,369.9033,2072,58,6,64,10660.4093,0.28538,0.376535,0,1,0,0,0.05,1,0.4,0.45,0,0,0.530548,0.577454,0.555269,0.604351,0.577454,v5-shortcut-control-v1
dataset-v5,v3,extraction-v2,ranking-aware-v5,seo_weighted_page_quality_v5,68.4211,71.3,кухни на заказ цена Казань,кухни на заказ,commercial,Казань,43,https://kuhdela.ru/,kuhdela.ru,7,0,,,homepage,ok,,..\dataset-v2\artifacts\query--58921f0e054cbfd0.json,a39c546d11997d0d11a77142f173732b6c1f7f53,1251020,71.3,9600,60000,1600,841,0.37713,5.6502,90,15.4861,7,1,10,12,18,1,90,1,226,0,0,0,106,3,1,0.6,0.2,6,0.6,27,0.047534,0.6,80,24,40,2,10,134,13.4,180,80,11.210762,60,0.896861,0.013532,0.536483,1,1,9.612069,5,0.32189,0.32189,0.32189,0.36,0.536483,0.7,0.363636,0.441379,0.249327,0.202324,0.536483,200,1,0,0,1,1,0,0,0,0,1,1,0,0,0,0,0,0,1,1,0.5,1,0.9,1,28,1,1,1,1,1,0,0,1,1,1,0,1,1,20,1,1,1,1,1,7,8,0.777778,0.888889,0.888889,1,0.303863,0,0,0,0,0,0,0,0,0,1,0.94375,1,0.940798,0.013532,0.059202,1125.1895,3671,137,309,25,11194.6048,0.066667,0.2125,0,1,0,0,0.05,1,0.4,0.45,0,0,0.665875,0.762068,0.573073,0.638912,0.762068,v5-shortcut-control-v1
dataset-v5,v3,extraction-v2,ranking-aware-v5,seo_weighted_page_quality_v5,63.1579,71.4,кухни на заказ цена Казань,кухни на заказ,commercial,Казань,43,https://olan.biz/,olan.biz,8,0,,,homepage,ok,,..\dataset-v2\artifacts\query--76faae44d8c950f3.json,e38aeeae604e589a3f53e681ddc4acf9a03230f2,198316,71.4,9600,60000,1593,615,0.386064,5.8544,90,16.4227,36,2,10,5,18,1,87,1,153,0,0,0,105,3,1,0.6,0.2,9,0.6,22,0.065913,1,80,24,40,0,6,72,12,35.4,66.541117,28,27.620841,0,0.082887,0.27207,1,1,15.028302,0.4,0.27207,0.163242,0.163242,0.36,0.27207,0.76,0.418182,0.944828,0,0.092957,0.27207,200,1,0,0,1,1,1,0,0,0,1,1,1,0,0,0,0,0,1,1,1,1,1,1,1,0,1,1,1,1,1,0,1,1,1,0,0,1,7,0,1,1,1,0.6,7,7,0.777778,0.777778,0.718519,1,0.689344,1,4,0,4,1,0,0,1,0.8,1,0.91,1,0.482857,0.082887,0.517143,142.5205,1055,22,8,65,8498.4862,0.490309,0.530232,0,1,0,0,0.05,1,0.4,0.45,0,0,0.601702,0.690794,0.454622,0.599053,0.690794,v5-shortcut-control-v1
dataset-v5,v3,extraction-v2,ranking-aware-v5,seo_weighted_page_quality_v5,57.8947,78.6,кухни на заказ цена Казань,кухни на заказ,commercial,Казань,43,https://kuhni-mebelyer.ru/,kuhni-mebelyer.ru,9,0,,,homepage,ok,,..\dataset-v2\artifacts\query--601f3d33edffdc20.json,007ee56e0f0758e1a1370bc237ed371f4991afe3,322534,78.6,9600,60000,1600,828,0.401357,5.9855,90,22.6703,36,1,10,12,18,1,53,1,140,0,0,0,93,5,3,1,0.6,12,0.6,9,0.04508,1,80,24,40,18,7,73,10.428571,18.4196,80,28,60,8.725158,0.063647,0.425746,1,1,8.704641,0.5625,0.425746,0.425746,0.255448,0.6,0.425746,0.9,0.963636,0.965517,0.497334,0.170876,0.425746,200,1,0,0,1,1,0,0,0,0,1,1,1,0,0,0,0,0,1,1,1,1,1,1,7,1,1,1,1,1,1,1,1,1,1,1,0,1,51,1,1,1,1,1,8,9,0.888889,1,0.962963,1,0.546326,1,1,0,1,0,0,0,0,0.1375,1,0.91,1,0.412975,0.063647,0.587025,241.7949,1703,11,1,137,27427.6608,0.517707,0.55078,0,1,0,0,0.05,1,0.4,0.45,0,0,0.737625,0.812729,0.55219,0.713566,0.812729,v5-shortcut-control-v1
dataset-v5,v3,extraction-v2,ranking-aware-v5,seo_weighted_page_quality_v5,52.6316,73.4,кухни на заказ цена Казань,кухни на заказ,commercial,Казань,43,https://kuhni.shell-wood.ru/,kuhni.shell-wood.ru,10,0,,,homepage,ok,,..\dataset-v2\artifacts\query--325c525827f2646b.json,fabbee67342b738c30b4cc36f72cc652362646ba,235455,73.4,7996,60000,1211,618,0.510322,5.2915,90,8.8394,1,2,0,0,4,1,37,1,92,0,0,0,49,3,3,0.6,0.6,3,0.4,14,0.040462,1,31,15,40,10,2,12,6,180,25.598679,12.386457,33.856317,8.257638,0.039456,0.575677,1,1,39.064516,4,0.575677,0.345406,0.230271,0.24,0.464763,0.71,0.672727,0.634483,0.651252,0.197649,0.575677,200,1,0,0,1,1,0,0,0,0,1,1,1,0,0,0,0,0,1,1,1,1,1,1,1,1,1,1,1,1,1,0,0,1,0,0,0,1,4,1,1,1,1,1,7,6,0.777778,0.666667,0.814815,1,0.404086,0,0,0,0,0,0,0,0,0,1,0.96625,1,0.827378,0.039456,0.172622,205.6846,1078,45,57,15,5250.2084,0.419963,0.477472,0,1,0,0,0.05,1,0.4,0.45,0,0,0.746234,0.817671,0.553812,0.714945,0.817671,v5-shortcut-control-v1
dataset-v5,v3,extraction-v2,ranking-aware-v5,seo_weighted_page_quality_v5,100.0,76.0,кухни на заказ цена Краснодар,кухни на заказ,commercial,Краснодар,35,https://kuxni-krd.ru/,kuxni-krd.ru,1,0,,,homepage,ok,,..\dataset-v2\artifacts\query--b035ef25ddd31c09.json,55d31fa1f55b237d3c721a6f352435ee019eb8dd,604612,76.0,9600,60000,1600,997,0.360318,5.0795,90,26.3524,36,1,9,12,18,1,65,1,146,0,0,0,97,3,3,0.6,0.6,6,0.6,15,0.035056,1,80,24,40,24,0,0,0,46.1167,80,28,22.045537,36.863029,0.043938,0.278121,1,0.5,3.221187,0.55,0.278121,0.166873,0.166873,0.36,0.278121,0.76,0.818182,0.993103,0.831466,0.100212,0.139061,200,1,0,0,1,1,0,0,0,0,1,1,1,0,0,0,0,0,1,1,1,1,1,1,1,1,1,1,1,1,1,1,1,1,1,0,1,1,2,0,1,1,1,0.8,9,8,1,0.888889,0.896296,1,0.474871,0,0,0,0,0,0,0,0,0,1,0.91,1,0.499202,0.043938,0.500798,423.6045,4947,11,3,323,4310.7777,0.434915,0.488686,0,1,0,0,0.2,1,0.4,0.2,0,0,0.6256,0.72089,0.518219,0.612069,0.72089,v5-shortcut-control-v1
dataset-v5,v3,extraction-v2,ranking-aware-v5,seo_weighted_page_quality_v5,94.7368,58.1,кухни на заказ цена Краснодар,кухни на заказ,commercial,Краснодар,35,https://kuhni-kook.ru/,kuhni-kook.ru,2,0,,,homepage,ok,,..\dataset-v2\artifacts\query--8ae6b1f9765f909a.json,1094b6cf17c3a26d31219129ab247e37d7ee4612,304006,58.1,4050,60000,641,374,0.583463,5.1279,56,11.4464,1,0,0,0,0,1,76,1,125,0,0,0,11,3,3,0.6,0.6,0,0,6,0.017161,0.8,6,15,24,19,0,0,0,180,9.360374,23.400936,37.441498,29.641186,0.014343,0.577552,1,0.5,80,0,0.462042,0.346531,0,0,0.246807,0.58,0.618182,0.862069,0.457618,0.120002,0.288776,200,1,0,0,1,0,0,0,0,0,1,1,0,0,0,0,0,0,1,1,0.5,0,0.7,1,1,1,1,0,1,1,1,0,1,1,0,0,0,0,0,1,1,1,1,0.8,5,6,0.555556,0.666667,0.674074,1,0.37789,0,0,0,0,0,0,0,0,0,1,0.96625,1,0.937249,0.014343,0.062751,279.2471,823,42,43,15,10689.3038,0.426745,0.482559,0,1,0,0,0.2,1,0.4,0.2,0,0,0.565216,0.61592,0.386842,0.533677,0.61592,v5-shortcut-control-v1
dataset-v5,v3,extraction-v2,ranking-aware-v5,seo_weighted_page_quality_v5,89.4737,76.4,кухни на заказ цена Краснодар,кухни на заказ,commercial,Краснодар,35,https://kuhnidar.ru/,kuhnidar.ru,3,0,,,homepage,ok,,..\dataset-v2\artifacts\query--b03772d952e351d5.json,03e1f80a462cb14a6215551dce78f9f909095ab8,268600,76.4,9600,60000,1600,648,0.290453,5.4469,90,21.4519,6,1,1,2,4,1,87,1,281,0,0,0,82,3,5,0.6,0.4,11,0.8,10,0.036755,1,80,24,40,4,0,5,0,180,80,28,60,1.792918,0.09564,0.57274,1,0.75,7.996416,0.666667,0.57274,0.343644,0.458192,0.48,0.57274,0.81,0.418182,0.062069,0.774839,0.166354,0.429555,200,1,0,0,1,1,1,0,0,0,1,1,1,0,0,0,0,0,1,1,1,1,1,1,4,1,1,1,1,1,1,0,1,1,1,0,0,0,0,1,1,1,1,1,6,8,0.666667,0.888889,0.851852,1,0.483484,1,1,0,1,1,0,0,0,0.2875,1,0.91,1,0.65,0.09564,0.35,164.8467,2338,43,11,91,6851.3255,0.29858,0.386435,0,1,0,0,0.2,1,0.4,0.2,0,0,0.717446,0.802559,0.580152,0.719759,0.802559,v5-shortcut-control-v1
dataset-v5,v3,extraction-v2,ranking-aware-v5,seo_weighted_page_quality_v5,84.2105,74.1,кухни на заказ цена Краснодар,кухни на заказ,commercial,Краснодар,35,https://www.giuseppe23.ru/,giuseppe23.ru,4,0,,,homepage,ok,,..\dataset-v2\artifacts\query--6a13fa6c2fd9665a.json,deaa60418402700f0d1b3f1c8085d1eb799f9101,2170838,74.1,9600,60000,1600,948,0.381029,5.6905,90,17.0411,24,1,1,1,3,1,58,1,197,0,0,0,68,3,2,0.6,0.4,5,0.6,14,0.027331,0.8,80,24,40,4,11,194,17.636364,103.6667,70.337621,26.527331,60,1.607717,0.008497,0.641833,1,1,14.217143,0.125,0.513466,0.3851,0.3851,0.36,0.641833,0.73,0.945455,0.641379,0.728832,0.244557,0.641833,200,1,0,0,1,1,0,0,0,0,1,1,0,0,0,0,0,0,1,1,0.5,1,0.9,1,6,1,1,1,0,1,1,1,1,1,1,0,0,1,27,1,1,1,1,1,7,8,0.777778,0.888889,0.888889,1,0.277418,0,0,0,0,0,0,0,0,0,1,0.91,1,0.962827,0.008497,0.037173,2011.832,5284,170,394,66,11720.8104,0,0.1625,0,1,0,0,0.2,1,0.4,0.2,0,0,0.735308,0.809515,0.556001,0.700641,0.809515,v5-shortcut-control-v1
dataset-v5,v3,extraction-v2,ranking-aware-v5,seo_weighted_page_quality_v5,78.9474,60.4,кухни на заказ цена Краснодар,кухни на заказ,commercial,Краснодар,35,https://kukhni-vkrasnodare.ru/,kukhni-vkrasnodare.ru,5,0,,,homepage,ok,,..\dataset-v2\artifacts\query--dc65ac6df8989af7.json,dc81c859b8b3f6b0f0b584a1d74607ef489a5c53,353434,60.4,3713,60000,568,219,0.385563,5.2887,27,21.037,36,2,1,9,15,1,55,1,82,0,0,0,41,3,0,0.6,0,20,0.4,14,0.072183,0.8,12,24,0,24,0,23,0,6.3111,21.126761,28,0,40,0.011563,0.661814,1,0.5,47.333333,0.166667,0.529451,0.397088,0.264726,0.24,0.250607,0.68,1,0.565517,0,0.080521,0.330907,200,1,0,0,0,0,0,0,0,0,1,1,1,0,0,0,0,0,1,1,1,0.75,0.95,1,4,0,1,0,1,1,0,0,0,1,0,0,0,1,4,1,1,0,0,0.6,5,2,0.555556,0.222222,0.459259,1,0.359035,1,1,0,0,0,0,0,0,0.0875,1,0.91,1,0.949413,0.011563,0.050587,317.4775,1926,56,6,65,7850.3074,0.300739,0.388054,0,1,0,0,0.2,1,0.4,0.2,0,0,0.608061,0.640366,0.522954,0.639549,0.640366,v5-shortcut-control-v1
dataset-v5,v3,extraction-v2,ranking-aware-v5,seo_weighted_page_quality_v5,73.6842,72.0,кухни на заказ цена Краснодар,кухни на заказ,commercial,Краснодар,35,https://кухни-розмарин.рф/,кухни-розмарин.рф,6,0,,,homepage,ok,,..\dataset-v2\artifacts\query--c42f8cb6ce49aff5.json,dda6f49bff32db0df18bf77931e7e373339111de,379412,72.0,7054,60000,1006,526,0.522863,5.832,42,23.9524,3,2,3,0,5,1,45,1,115,0,0,0,47,3,0,0.6,0,2,0.2,14,0.04672,0.8,80,24,8,0,3,97,32.333333,180,80,28,7.952286,0,0.02097,0.507592,1,1,5.988095,1.666667,0.406074,0.304555,0.101518,0.12,0.340425,0.63,0.818182,0.793103,0.354142,0.14833,0.507592,200,1,0,0,1,1,0,0,0,0,1,1,1,0,0,0,0,0,1,1,1,1,1,1,6,0,1,1,1,1,1,1,1,1,1,0,0,1,4,1,1,1,1,0.8,8,7,0.888889,0.777778,0.822222,1,0.380177,0,0,0,0,0,0,0,0,0,1,0.91,1,0.753972,0.02097,0.246028,337.9082,2064,23,31,132,6813.5017,0.269575,0.364681,0,1,0,0,0.2,1,0.4,0.2,0,0,0.681751,0.758054,0.483421,0.653938,0.758054,v5-shortcut-control-v1
dataset-v5,v3,extraction-v2,ranking-aware-v5,seo_weighted_page_quality_v5,68.4211,68.3,кухни на заказ цена Краснодар,кухни на заказ,commercial,Краснодар,35,https://novaya-mebel.pro/katalog-mebeli/kuhni/,novaya-mebel.pro,7,0,,,content,ok,,..\dataset-v2\artifacts\query--bc84fb0ddb54c0eb.json,1796ae0df65d294222cc8a68a058b9c62aded86d,232798,68.3,9600,60000,1600,862,0.395413,5.989,89,24.4944,22,1,0,0,1,1,99,1,243,0,0,0,168,3,2,0.6,0.4,3,0.6,17,0.077064,1,80,24,40,12,1,6,6,99.0909,72.477064,24.311927,56.880734,5.504587,0.099356,0.353303,1,1,13.797468,0.045455,0.353303,0.211982,0.211982,0.36,0.353303,0.76,0.2,0.324138,0,0.139701,0.353303,200,1,0,0,1,1,0,0,0,0,1,1,1,0,0,2,0,0,1,0.8,1,1,0.96,1,8,1,1,1,1,1,1,1,1,1,1,0,0,1,21,1,1,1,1,1,8,8,0.888889,0.888889,0.925926,1,0.431099,0,0,0,0,0,0,0,0,0,1,0.91,1,0.624286,0.099356,0.375714,168.3682,1351,33,10,53,5522.7711,0.368241,0.438681,0,1,0,0,0.2,1,0.4,0.2,0,0,0.688499,0.775952,0.42686,0.648519,0.775952,v5-shortcut-control-v1
dataset-v5,v3,extraction-v2,ranking-aware-v5,seo_weighted_page_quality_v5,63.1579,72.0,кухни на заказ цена Краснодар,кухни на заказ,commercial,Краснодар,35,http://kuhnya-krasnodar.ru/,kuhnya-krasnodar.ru,8,0,,,homepage,ok,,..\dataset-v2\artifacts\query--b03f3f1e9d8e9b11.json,31c16fdbd7140da4f5712b3bc8f26a462777a3d1,937918,72.0,9600,60000,1600,795,0.431831,5.7306,90,18.7857,1,2,0,0,11,1,82,1,170,0,0,0,53,3,2,0.6,0.4,4,0.6,16,0.028789,1,25,15,40,24,4,100,25,180,13.579576,8.147746,39.10918,18.468224,0.01474,0.607766,1,1,73.64,11,0.607766,0.36466,0.36466,0.36,0.607766,0.76,0.509091,0.827586,0.959623,0.262452,0.607766,200,1,0,0,1,1,0,0,0,0,1,1,0,0,0,0,0,0,1,1,0.5,1,0.9,1,9,0,1,1,0,1,1,0,1,1,1,1,0,1,9,0,1,1,1,0.6,6,8,0.666667,0.888889,0.718519,1,0.325806,0,0,0,0,0,0,0,0,0,1,0.96625,1,0.935514,0.01474,0.064486,864.7695,2157,80,140,15,10466.9273,0.14665,0.272487,0,1,0,0,0.2,1,0.4,0.2,0,0,0.697827,0.756654,0.617943,0.685658,0.756654,v5-shortcut-control-v1
dataset-v5,v3,extraction-v2,ranking-aware-v5,seo_weighted_page_quality_v5,57.8947,55.9,кухни на заказ цена Краснодар,кухни на заказ,commercial,Краснодар,35,https://www.kukhni-krasnodar.ru/,kukhni-krasnodar.ru,9,0,,,homepage,ok,,..\dataset-v2\artifacts\query--182e078fa157de93.json,6d02aafee31d25104090abae49ccd73c6dca3ee5,382334,55.9,4803,60000,689,328,0.476052,5.7358,23,29.9565,36,0,0,12,18,1,54,1,100,0,0,0,29,3,2,0.6,0.4,3,0.2,15,0.04209,0.6,60,24,0,24,0,24,0,13,80,28,0,40,0.014195,0.638317,1,0.5,11.483333,0.377358,0.38299,0.38299,0.127663,0.12,0.2932,0.6,0.981818,0.689655,0.3582,0.116316,0.319159,200,1,0,0,0,0,0,0,0,0,1,1,1,0,0,0,0,0,1,1,1,0.75,0.95,1,3,0,0,0,0,1,1,1,1,1,0,0,0,1,2,0,1,1,1,0.2,5,4,0.555556,0.444444,0.4,1,0.360888,1,1,0,0,0,0,0,0,0.0875,1,0.91,1,0.937895,0.014195,0.062105,336.166,2080,48,6,147,7934.4747,0.295264,0.383948,0,1,0,0,0.2,1,0.4,0.2,0,0,0.517338,0.445033,0.483194,0.569981,0.445033,v5-shortcut-control-v1
dataset-v5,v3,extraction-v2,ranking-aware-v5,seo_weighted_page_quality_v5,52.6316,70.5,кухни на заказ цена Краснодар,кухни на заказ,commercial,Краснодар,35,https://krasnodarkuhni.ru/,krasnodarkuhni.ru,10,0,,,homepage,ok,,..\dataset-v2\artifacts\query--9a8a0503109e03ba.json,cdd761b4022074811949c624d5812576e9061cdd,152062,70.5,4836,60000,695,357,0.513669,5.7871,34,20.4412,27,1,8,5,14,1,71,1,185,0,0,0,58,3,1,0.6,0.2,7,0.4,21,0.083453,1,48,24,31,0,5,38,7.6,25.7407,69.064748,28,44.604317,0,0.041598,0.517306,1,1,14.479167,0.518519,0.517306,0.310384,0.206922,0.24,0.239685,0.71,0.709091,0.724138,0,0.102599,0.517306,200,1,0,0,1,1,1,0,0,0,1,1,1,0,0,0,0,0,1,1,1,1,1,1,2,0,1,1,0,1,0,0,1,1,1,0,1,1,6,0,1,1,1,0.6,6,7,0.666667,0.777778,0.681481,1,0.610325,1,4,0,4,1,0,0,1,0.8,1,0.91,1,0.753722,0.041598,0.246278,119.0869,826,30,13,58,7034.6653,0.43003,0.485023,0,1,0,0,0.2,1,0.4,0.2,0,0,0.664958,0.735461,0.579787,0.664895,0.735461,v5-shortcut-control-v1
dataset-v5,v3,extraction-v2,ranking-aware-v5,seo_weighted_page_quality_v5,100.0,61.6,кухни на заказ цена Самара,кухни на заказ,commercial,Самара,51,https://samara.fakturamebel.ru/,samara.fakturamebel.ru,1,0,,,homepage,ok,,..\dataset-v2\artifacts\query--86b4a0ec17134468.json,d3f3a7c85100a6355e76d8c5693874486292b98f,337428,61.6,9600,60000,1600,1200,0.391529,5.6883,90,12.372,4,0,0,0,0,1,23,1,48,0,0,0,74,3,2,0.6,0.4,0,0,22,0.023925,0.8,29,24,31,2,1,5,5,180,9.37601,12.285807,10.022632,0.646621,0.080281,0.394885,1,1,80,0,0.315908,0.236931,0,0,0.394885,0.58,0.418182,0.331034,0.638,0.154609,0.394885,200,1,0,0,1,1,0,0,0,0,1,1,0,0,0,0,0,0,1,1,0.5,1,0.9,1,4,0,1,0,0,1,1,0,1,1,1,0,0,1,5,0,1,1,1,0.4,5,6,0.555556,0.666667,0.540741,1,0.409031,0,0,0,0,0,0,0,0,0,1,0.9145,1,0.65,0.080281,0.35,277.4336,1469,44,72,38,4342.2188,0.278832,0.371624,1,0,0,0,0.4,0,0.4,0,0,0,0.528762,0.565899,0.378906,0.533867,0.528762,v5-shortcut-control-v1
dataset-v5,v3,extraction-v2,ranking-aware-v5,seo_weighted_page_quality_v5,94.7368,76.6,кухни на заказ цена Самара,кухни на заказ,commercial,Самара,51,https://samara-kuhni-na-zakaz.ru/,samara-kuhni-na-zakaz.ru,2,0,,,homepage,ok,,..\dataset-v2\artifacts\query--4b86d5a57d6d736b.json,93831e66a36e3fde49d4d690ecf7083976c578c5,541204,76.6,8818,60000,1249,625,0.5004,5.8911,52,24.0192,36,1,5,0,6,1,62,1,122,0,0,0,58,5,5,0.6,0.6,5,0.6,20,0.046437,0.8,40,9,13,2,1,6,6,8.9214,32.02562,7.205765,10.408327,1.601281,0.019374,0.719166,1,1,31.225,0.042857,0.575333,0.4315,0.4315,0.36,0.598826,0.73,0.872727,0.841379,0.361676,0.24971,0.719166,200,1,0,0,1,1,1,0,0,0,1,1,1,0,0,0,0,0,1,1,1,1,1,1,5,1,1,1,0,1,1,1,1,1,1,0,0,1,1,1,1,1,1,1,7,8,0.777778,0.888889,0.888889,1,0.557465,1,4,0,4,0,0,0,1,0.65,1,0.97975,1,0.81238,0.019374,0.18762,451.9023,2449,27,34,9,6040.6443,0.333321,0.412491,1,0,0,0,0.4,0,0.4,0,0,0,0.77047,0.836557,0.621121,0.751993,0.77047,v5-shortcut-control-v1
dataset-v5,v3,extraction-v2,ranking-aware-v5,seo_weighted_page_quality_v5,89.4737,56.7,кухни на заказ цена Самара,кухни на заказ,commercial,Самара,51,https://enli.ru/samara/,enli.ru,3,0,,,content,ok,,..\dataset-v2\artifacts\query--2f945a0a6a38154a.json,428f3dbdb93e92ee0807883cd7f8e2e46e2740b0,90417,56.7,6805,49808,961,400,0.416233,5.9095,49,19.6122,18,1,4,2,7,1,56,1,215,0,0,0,74,1,2,0.2,0.4,6,0.6,20,0.077003,1,80,6,40,20,5,34,6.8,53.3889,80,6.243496,60,20.811655,0.136625,0.279482,1,1,7.688,0.388889,0.279482,0.055896,0.167689,0.12,0.179055,0.62,0.981818,0.517241,0,0.062107,0.279482,200,1,0,0,0,0,1,0,0,0,1,1,1,0,0,1,0,0,1,0.9,1,0.75,0.93,0,0,0,1,1,1,1,1,1,1,0,1,0,0,1,21,0,1,0,0,0.4,7,4,0.777778,0.444444,0.540741,1,0.506151,0,0,0,0,0,0,0,0,0,1,0.9865,1,0.572857,0.136625,0.427143,54.3438,960,29,10,6,10882.1465,0.597948,0.610961,1,0,0,0,0.4,0,0.4,0,0,0,0.561881,0.586839,0.417632,0.552031,0.561881,v5-shortcut-control-v1
dataset-v5,v3,extraction-v2,ranking-aware-v5,seo_weighted_page_quality_v5,84.2105,76.0,кухни на заказ цена Самара,кухни на заказ,commercial,Самара,51,https://samara.kupit-kuhny.ru/,samara.kupit-kuhny.ru,4,0,,,homepage,ok,,..\dataset-v2\artifacts\query--965f14943a319aef.json,19c7e48241a170f62d3078eb3a84675684703726,249639,76.0,9600,60000,1600,655,0.357143,5.247,51,35.9608,36,1,10,0,14,1,42,1,192,0,0,0,133,3,4,0.6,0.4,10,0.6,18,0.072519,1,80,24,40,0,10,78,7.8,9.4536,80,28,60,0,0.068492,0.47382,1,1,11.607595,0.072165,0.47382,0.284292,0.284292,0.36,0.47382,0.76,0.763636,0.675862,0,0.169221,0.47382,200,1,0,0,1,1,1,0,0,0,1,1,1,0,0,0,0,0,1,1,1,1,1,1,1,1,1,1,1,1,1,1,1,1,1,0,0,1,12,1,1,1,1,1,8,8,0.888889,0.888889,0.925926,1,0.554335,2,2,0,2,1,0,0,0,0.425,1,0.91,1,0.571777,0.068492,0.428223,179.8662,1876,25,7,131,25451.5844,0.388823,0.454117,1,0,0,0,0.4,0,0.4,0,0,0,0.73645,0.810346,0.554662,0.701986,0.73645,v5-shortcut-control-v1
dataset-v5,v3,extraction-v2,ranking-aware-v5,seo_weighted_page_quality_v5,78.9474,70.6,кухни на заказ цена Самара,кухни на заказ,commercial,Самара,51,https://samara.vernokuhni.ru/,samara.vernokuhni.ru,5,0,,,homepage,ok,,..\dataset-v2\artifacts\query--1ed8d3b0450b46b7.json,b151e628c2dfda8972d81e5557f9ca40a437a1e6,453645,70.6,9600,60000,1600,1200,0.272137,5.7997,90,13.273,2,1,0,5,6,1,75,1,222,0,0,0,136,4,5,0.6,0.6,1,0.2,12,0.029444,0.8,80,24,38,1,4,28,7,180,76.206971,14.938298,8.226889,0.216497,0.106,0.52785,1,1,13.122159,3,0.42228,0.31671,0.10557,0.12,0.52785,0.63,0.636364,0.468966,0.785163,0.143647,0.52785,200,1,0,0,1,1,0,0,0,0,1,1,1,0,0,0,0,0,1,1,1,1,1,1,2,0,1,1,0,1,1,0,1,1,1,0,0,1,2,1,1,1,1,0.8,6,7,0.666667,0.777778,0.748148,1,0.394079,0,0,0,0,0,0,0,0,0,1,0.91,1,0.65,0.106,0.35,323.9707,3045,105,25,69,7118.1464,0.205087,0.316315,1,0,0,0,0.4,0,0.4,0,0,0,0.648558,0.737733,0.528023,0.640178,0.648558,v5-shortcut-control-v1
dataset-v5,v3,extraction-v2,ranking-aware-v5,seo_weighted_page_quality_v5,68.4211,49.6,кухни на заказ цена Самара,кухни на заказ,commercial,Самара,51,https://dominantm.ru/,dominantm.ru,7,0,,,homepage,ok,,..\dataset-v2\artifacts\query--65d3a76d9beb389e.json,4186c6bfc3cbf517e06eaf2d633027b36cb1c4b8,375941,49.6,5520,60000,795,417,0.524528,5.6516,78,10.1923,36,0,0,0,0,1,23,1,38,0,0,0,28,2,0,0.4,0,0,0,13,0.03522,1,34,16,12,20,4,16,4,22.0833,42.767296,20.125786,15.09434,25.157233,0.015759,0.224092,1,1,23.382353,0,0.224092,0.089637,0,0,0.118769,0.54,0.418182,0.262069,0.825996,0.051915,0.224092,200,1,0,0,0,0,0,0,0,0,1,1,0,0,0,0,0,0,1,1,0.5,0.75,0.85,1,1,0,1,0,0,1,0,0,1,1,0,0,0,1,6,0,1,1,1,0.4,4,5,0.444444,0.555556,0.466667,1,0.368858,0,0,0,0,0,0,0,0,0,1,0.964,1,0.931055,0.015759,0.068945,347.0723,1095,49,34,16,10315.9773,0.373319,0.442489,1,0,0,0,0.4,0,0.4,0,0,0,0.466037,0.522126,0.295449,0.472041,0.466037,v5-shortcut-control-v1
dataset-v5,v3,extraction-v2,ranking-aware-v5,seo_weighted_page_quality_v5,57.8947,26.0,кухни на заказ цена Самара,кухни на заказ,commercial,Самара,51,https://www.avito.ru/samara/mebel_i_interer/kuhnya_na_zakaz_v_samare_s_proektom_pod_pomeschenie_i_ustanovkoy_8029860475,avito.ru,9,0,,,content,ok,,..\dataset-v2\artifacts\query--7fc8d54cc60592c0.json,0f7c304f64c358abdd1a128991b9a421ffe1e10a,34454,26.0,947,28943,133,90,0.676692,5.8421,12,11.0833,11,0,1,0,1,1,31,0,0,0,0,0,4,0,0,0,0,0,0,4,0.030075,0.2,1,1,0,1,1,2,2,12.0909,7.518797,7.518797,0,7.518797,0.032719,0,0.8,0.75,80,0.090909,0,0,0,0,0,0.23,0.563636,0,0.199499,0,0,429,0,0,0,0,0,0,0,0,0,0,1,1,0,0,3,0,0,1,0.7,1,0.75,0.69,1,1,0,0,0,0,1,0,0,0,1,0,0,0,1,1,1,0,1,1,0.4,2,3,0.222222,0.333333,0.318519,1,0.569567,0,0,0,0,0,0,0,0,0,1,0.879278,1,0.471138,0.032719,0.528862,29.1826,60,5,1,1,4910.5942,0.943504,0.870128,1,0,0,0,0.4,0,0.4,0,0,0,0.218528,0.249469,0.107109,0.26186,0.218528,v5-shortcut-control-v1
dataset-v5,v3,extraction-v2,ranking-aware-v5,seo_weighted_page_quality_v5,52.6316,70.4,кухни на заказ цена Самара,кухни на заказ,commercial,Самара,51,https://mebelhall-kitchen.ru/,mebelhall-kitchen.ru,10,0,,,homepage,ok,,..\dataset-v2\artifacts\query--81db04dde610ed1b.json,1c27f438d40f9cd43b8efe46307ef41e2aa7c689,1438398,70.4,9600,60000,1600,551,0.342024,5.4867,88,18.3068,32,1,3,1,5,1,87,1,128,0,0,0,72,1,3,0.2,0.6,5,0.6,20,0.044693,0.8,46,24,40,15,8,61,7.625,50.3438,28.553693,16.139044,60,9.310987,0.008149,0.788556,1,1,35.021739,0.15625,0.630845,0.157711,0.473134,0.12,0.788556,0.59,0.418182,0.882759,0.408194,0.241386,0.788556,200,1,0,0,1,1,0,0,0,0,1,1,0,0,0,0,0,0,1,1,0.5,1,0.9,1,26,1,1,1,0,1,1,1,1,1,1,0,0,1,8,1,1,1,1,1,7,8,0.777778,0.888889,0.888889,1,0.296787,0,0,0,0,0,0,0,0,0,1,0.9415,1,0.96435,0.008149,0.03565,1342.5811,2687,77,202,26,3807.2188,0.063333,0.21,1,0,0,0,0.4,0,0.4,0,0,0,0.761939,0.824941,0.620657,0.705828,0.761939,v5-shortcut-control-v1
dataset-v5,v3,extraction-v2,ranking-aware-v5,seo_weighted_page_quality_v5,100.0,57.0,кухни на заказ цена Нижний Новгород,кухни на заказ,commercial,Нижний Новгород,47,https://kuhni-nn.ru/,kuhni-nn.ru,1,0,,,homepage,ok,,..\dataset-v2\artifacts\query--25fa3b86ac836ea0.json,126081e4cde1d9ed7ee0394f2873e6657881ce1d,346895,57.0,9600,60000,1600,915,0.305918,4.788,63,38,36,1,10,2,13,1,33,1,295,0,0,0,332,3,9,0.5,0.833333,10,0.5,16,0.111,1,80,24,29,24,0,0,0,10.5317,80,28,9.695754,40,0.07924,0.522844,1,0.5,10.72043,0.045775,0.522844,0.261422,0.261422,0.25,0.522844,0.7,0.6,0,0,0.159947,0.261422,200,1,0,0,0,0,0,0,0,0,1,0,0,0,0,0,0,0,1,1,0,0.75,0.75,1,2,1,1,0,1,1,1,0,1,0,0,0,0,0,0,0,1,0,0,0.6,5,3,0.555556,0.333333,0.496296,1,0.396723,0,0,0,0,0,0,0,0,0,0,0.36,1,0.293323,0.07924,0.706677,262.1328,3376,7,6,260,5378.7645,0.476953,0.520215,1,0,0,0,0.366667,0,0.366667,0,0,0,0.579374,0.614186,0.546081,0.570203,0.579374,v5-shortcut-control-v1
dataset-v5,v3,extraction-v2,ranking-aware-v5,seo_weighted_page_quality_v5,94.7368,73.9,кухни на заказ цена Нижний Новгород,кухни на заказ,commercial,Нижний Новгород,47,https://nn.kupit-kuhny.ru/,nn.kupit-kuhny.ru,2,0,,,homepage,ok,,..\dataset-v2\artifacts\query--36b0df3dbe94dabd.json,5e189efc3b38318b0219ce5a7ddae717886410d3,239136,73.9,9600,60000,1600,651,0.356712,5.274,48,38,36,1,10,0,14,1,52,1,202,0,0,0,134,3,4,0.5,0.333333,10,0.5,16,0.073425,1,80,24,40,0,10,78,7.8,9.4072,80,28,60,0,0.072465,0.334483,1,1,11.698718,0.072165,0.334483,0.167241,0.167241,0.25,0.334483,0.7,0.945455,0.606897,0,0.119314,0.334483,200,1,0,0,1,1,1,0,0,0,1,1,1,0,0,0,0,0,1,1,1,1,1,1,1,1,1,1,1,1,1,1,1,1,1,0,0,1,12,1,1,1,1,1,8,8,0.888889,0.888889,0.925926,1,0.578095,2,2,0,2,1,0,0,0,0.425,1,0.91,1,0.502964,0.072465,0.497036,170.5176,1826,21,6,131,13005.3726,0.423794,0.480345,1,0,0,0,0.366667,0,0.366667,0,0,0,0.677168,0.768539,0.478244,0.640642,0.677168,v5-shortcut-control-v1
dataset-v5,v3,extraction-v2,ranking-aware-v5,seo_weighted_page_quality_v5,89.4737,69.7,кухни на заказ цена Нижний Новгород,кухни на заказ,commercial,Нижний Новгород,47,https://первыйкухонный.рф/,первыйкухонный.рф,3,0,,,homepage,ok,,..\dataset-v2\artifacts\query--5260dc0cfd89d13b.json,f310de65bb0821e4a7e9de1ed9006f076ee6f4d1,2054058,69.7,9600,60000,1600,859,0.279531,4.9759,90,22.9328,36,1,1,0,2,1,133,1,66,0,0,0,71,4,3,0.5,0.5,3,0.5,14,0.023104,0.666667,80,24,40,0,15,120,8,18.2917,50.43931,25.056948,21.802799,0,0.010413,0.512883,1,1,19.825806,0.011905,0.341922,0.256441,0.256441,0.25,0.512883,0.65,0,0.455172,0.513432,0.143367,0.512883,200,1,0,0,1,1,0,0,0,0,1,1,1,0,0,0,0,0,1,1,1,1,1,1,25,0,1,0,1,1,1,1,1,1,1,0,0,1,2,1,1,1,1,0.6,7,6,0.777778,0.666667,0.681481,1,0.279514,0,0,0,0,0,0,0,0,0,1,0.91,1,0.954443,0.010413,0.045557,1898.5186,3678,139,182,77,31079.1072,0,0.1625,1,0,0,0,0.366667,0,0.366667,0,0,0,0.628328,0.65004,0.453229,0.629729,0.628328,v5-shortcut-control-v1
dataset-v5,v3,extraction-v2,ranking-aware-v5,seo_weighted_page_quality_v5,84.2105,77.0,кухни на заказ цена Нижний Новгород,кухни на заказ,commercial,Нижний Новгород,47,https://love-kuhnya-na-zakaz-nn.ru/,love-kuhnya-na-zakaz-nn.ru,4,0,,,homepage,ok,,..\dataset-v2\artifacts\query--b4cc2f4cafc60068.json,7deb421586e782e3ea27f3cf134b599be4fa89b6,856888,77.0,9600,60000,1600,865,0.335531,5.5625,62,38,36,1,10,4,18,1,112,1,196,0,0,0,297,3,1,0.5,0.166667,10,0.833333,28,0.115206,1,80,24,40,8,3,44,14.666667,14.6477,80,28,60,3.103181,0.026052,0.519182,1,1,3.929878,0.102273,0.519182,0.259591,0.432652,0.416667,0.519182,0.783333,0,0.648276,0,0.174202,0.519182,200,1,0,0,1,1,1,0,0,0,1,1,1,0,0,0,0,0,1,1,1,1,1,1,6,1,1,1,1,1,1,0,1,1,1,0,1,1,11,1,1,1,1,1,8,8,0.888889,0.888889,0.925926,1,0.606356,2,4,0,6,1,0,0,1,0.85,1,0.91,1,0.706021,0.026052,0.293979,666.127,3385,21,6,417,11294.2021,0.278596,0.371447,1,0,0,0,0.366667,0,0.366667,0,0,0,0.757044,0.825136,0.639483,0.72508,0.757044,v5-shortcut-control-v1
dataset-v5,v3,extraction-v2,ranking-aware-v5,seo_weighted_page_quality_v5,78.9474,77.0,кухни на заказ цена Нижний Новгород,кухни на заказ,commercial,Нижний Новгород,47,https://kntmebel.ru/,kntmebel.ru,5,0,,,homepage,ok,,..\dataset-v2\artifacts\query--ebead3ffd96712f1.json,8b3d605d48d515a622aa28f59c662954017cbb6c,952237,77.0,9600,60000,1442,704,0.488211,5.7899,70,20.6,36,2,10,7,18,1,105,1,172,0,0,0,45,3,1,0.5,0.166667,17,1,17,0.031207,1,80,24,40,9,3,81,27,28.2745,56.865465,21.49792,31.206657,6.241331,0.011555,0.465379,1,1,17.585366,0.607843,0.465379,0.232689,0.465379,0.5,0.447384,0.825,0.090909,0.813793,0.959778,0.182015,0.465379,200,1,0,0,1,1,0,0,0,0,1,1,1,0,0,0,0,0,1,1,1,1,1,1,13,1,1,1,1,1,1,1,1,1,1,0,0,1,5,1,1,1,1,1,8,8,0.888889,0.888889,0.925926,1,0.37488,1,1,0,1,1,0,0,0,0.2875,1,0.93025,1,0.949449,0.011555,0.050551,870.5342,1878,78,126,31,11126.5162,0.091627,0.23122,1,0,0,0,0.366667,0,0.366667,0,0,0,0.743012,0.815907,0.559565,0.715003,0.743012,v5-shortcut-control-v1
dataset-v5,v3,extraction-v2,ranking-aware-v5,seo_weighted_page_quality_v5,73.6842,63.7,кухни на заказ цена Нижний Новгород,кухни на заказ,commercial,Нижний Новгород,47,https://stebelkuhny.ru/,stebelkuhny.ru,6,0,,,homepage,ok,,..\dataset-v2\artifacts\query--98e9933192315443.json,91f6aea7e914321ee338e7f719da7275755aca7f,907520,63.7,9600,60000,1600,658,0.33452,5.4942,90,15.1308,36,1,0,0,1,1,54,1,225,0,0,0,79,0,6,0,0.833333,2,0.333333,10,0.040163,1,80,24,3,1,5,36,7.2,6.5786,59.989832,28,1.525165,0.508388,0.016123,0.427422,1,1,16.669492,0.003344,0.427422,0,0.142474,0,0.427422,0.483333,0.981818,0.448276,0.661244,0.142981,0.427422,200,1,0,0,0,0,0,0,0,0,1,1,1,0,0,0,0,0,1,1,1,0.75,0.95,1,10,1,1,1,1,1,1,1,1,1,0,1,0,1,3,1,1,1,1,1,8,8,0.888889,0.888889,0.925926,1,0.303483,0,0,0,0,0,0,0,0,0,1,0.91,1,0.929464,0.016123,0.070536,829.3457,6370,45,12,143,11173.686,0.094528,0.233396,1,0,0,0,0.366667,0,0.366667,0,0,0,0.677198,0.764613,0.421883,0.614362,0.677198,v5-shortcut-control-v1
dataset-v5,v3,extraction-v2,ranking-aware-v5,seo_weighted_page_quality_v5,68.4211,64.0,кухни на заказ цена Нижний Новгород,кухни на заказ,commercial,Нижний Новгород,47,https://www.kukhni-nizhniy-novgorod.ru/,kukhni-nizhniy-novgorod.ru,7,0,,,homepage,ok,,..\dataset-v2\artifacts\query--50984d23bc51f4e9.json,74b4b69524979f4f966e178bc7f1944223d13788,862776,64.0,9600,60000,1600,1200,0.308684,6.5939,90,14.7318,36,0,0,0,0,1,76,1,199,0,0,0,176,5,1,0.833333,0.166667,0,0,12,0.033371,1,80,24,40,24,42,199,4.738095,13.9156,65.036026,28,13.841487,40,0.061496,0.484832,1,1,15.376093,0,0.484832,0.404027,0,0,0.484832,0.691667,0.618182,0.627586,0.887625,0.14966,0.484832,200,1,0,0,0,0,1,0,0,0,1,0,1,0,0,0,0,0,1,1,0.5,0.75,0.85,1,7,1,1,1,1,1,1,1,1,1,1,0,0,1,21,1,1,1,1,1,8,8,0.888889,0.888889,0.925926,1,0.215817,0,0,0,0,0,0,0,0,0,0,0.36,1,0.730955,0.061496,0.269045,697.5752,4080,96,253,230,7265.5046,0.095632,0.234224,1,0,0,0,0.366667,0,0.366667,0,0,0,0.717521,0.792227,0.454266,0.650604,0.717521,v5-shortcut-control-v1
dataset-v5,v3,extraction-v2,ranking-aware-v5,seo_weighted_page_quality_v5,63.1579,70.5,кухни на заказ цена Нижний Новгород,кухни на заказ,commercial,Нижний Новгород,47,https://kuhni-slavichi.ru/,kuhni-slavichi.ru,8,0,,,homepage,ok,,..\dataset-v2\artifacts\query--66fa076f7272fb9e.json,8c72b19beceafa5f8f11bdeb3a75f9184f483e62,171978,70.5,9600,60000,1600,967,0.414666,5.5943,90,14.3067,36,1,10,12,18,1,57,1,109,0,0,0,160,4,3,0.5,0.5,38,0.5,40,0.068611,1,80,24,40,24,3,11,3.666667,41.6429,48.027444,25.728988,33.018868,16.723842,0.191383,0.456516,1,1,20.821429,1.142857,0.456516,0.228258,0.228258,0.25,0.456516,0.7,0.963636,0.751724,0,0.189301,0.456516,200,1,0,0,1,1,0,0,0,0,1,1,1,0,0,0,0,0,1,1,1,1,1,1,1,1,1,1,1,1,0,0,1,0,1,0,0,1,16,0,1,0,0,0.8,6,5,0.666667,0.555556,0.674074,1,0.499489,0,0,0,0,0,0,0,0,0,1,0.91,1,0.431429,0.191383,0.568571,94.2148,1012,18,14,60,12274.1701,0.475846,0.519385,1,0,0,0,0.366667,0,0.366667,0,0,0,0.661558,0.7467,0.540795,0.652286,0.661558,v5-shortcut-control-v1
dataset-v5,v3,extraction-v2,ranking-aware-v5,seo_weighted_page_quality_v5,57.8947,76.0,кухни на заказ цена Нижний Новгород,кухни на заказ,commercial,Нижний Новгород,47,https://kuhni-pod-zakaz-nn.ru/,kuhni-pod-zakaz-nn.ru,9,0,,,homepage,ok,,..\dataset-v2\artifacts\query--12a80f5580b8eb45.json,838740fe17848356eee486e39ad9908cc7615d1d,331174,76.0,9600,60000,1600,833,0.414634,5.6078,81,24.8025,36,1,10,0,13,1,64,1,220,0,0,0,51,3,4,0.5,0.5,5,0.5,4,0.025386,1,80,24,40,0,3,38,12.666667,25.4304,80,28,60,0,0.055618,0.607704,0.666667,1,10.518325,0.164557,0.607704,0.303852,0.303852,0.25,0.607704,0.616667,0.836364,0.482759,0.846192,0.251975,0.607704,200,1,0,0,1,1,0,0,0,0,1,1,1,0,0,0,0,0,1,1,1,1,1,1,2,1,1,0,1,1,1,1,1,1,1,0,1,1,29,1,1,1,1,0.8,8,7,0.888889,0.777778,0.822222,1,0.455237,0,0,0,0,0,0,0,0,0,1,0.91,1,0.525242,0.055618,0.474758,257.5029,3121,17,12,264,21251.6796,0.364917,0.436188,1,0,0,0,0.366667,0,0.366667,0,0,0,0.749052,0.744686,0.667906,0.718046,0.749052,v5-shortcut-control-v1
dataset-v5,v3,extraction-v2,ranking-aware-v5,seo_weighted_page_quality_v5,52.6316,16.6,кухни на заказ цена Нижний Новгород,кухни на заказ,commercial,Нижний Новгород,47,https://кухни-на-заказ-нижний-новгород.рф/,кухни-на-заказ-нижний-новгород.рф,10,0,,,homepage,ok,,..\dataset-v2\artifacts\query--4afb00b5e69495cf.json,e6e0dac9564458628810a53edc23ee32ef6009e6,3810,16.6,100,1753,14,12,0.857143,6.1429,1,14,1,0,0,0,0,1,17,0,0,0,0,0,0,0,0,0,0,0,0,0,0,0,2,0,0,0,0,0,0,14,80,0,0,0,0.057045,0.077728,0,0,7,0,0,0,0,0,0.000725,0,0.309091,0,0,0.000518,0,402,0,0,0,0,0,1,0,1,1,0,1,0,0,0,0,0,0,1,1,0.5,0.75,0.65,0,0,0,0,0,0,0,0,0,0,0,0,0,0,0,0,0,0,0,0,0,0,0,0,0,0,1,0.581324,0,0,0,0,0,0,0,0,0,1,0.763889,1,0.326142,0.057045,0.673858,1.8213,23,2,2,0,4014.7189,0.966732,0.887549,1,0,0,0,0.366667,0,0.366667,0,0,0,0.065867,0.061786,0.066031,0.170397,0.065867,v5-shortcut-control-v1
dataset-v5,v3,extraction-v2,ranking-aware-v5,seo_weighted_page_quality_v5,100.0,79.3,как выбрать кухни на заказ,кухни на заказ,informational,,,https://vkkuhni.ru/kak-vyibrat-kuhnyu/kak-vyibrat-kuhnyu-na-zakaz-polnyij-gajd-ot-proizvoditelya-s-15-letnim-opyitom.html,vkkuhni.ru,1,0,,,content,ok,,..\dataset-v2\artifacts\query--20babe41ec127a0d.json,f61fe5139c8d39464c9ea0cad2418b591d5cca4f,391351,79.3,9600,60000,1600,1200,0.347586,5.2575,90,11.3129,36,1,10,12,18,1,75,1,142,0,0,0,284,4,3,0.8,0.6,16,1,10,0.03273,1,80,24,40,24,6,38,6.333333,30.2334,26.967846,4.609888,11.294226,3.342169,0.28979,0.720422,1,1,37.081197,0.442509,0.720422,0.576338,0.720422,0.8,0.720422,0.93,0.636364,0.97931,0.908993,0.250408,0.720422,200,1,0,0,0,0,0,0,0,0,1,1,1,0,0,2,0,0,1,0.8,1,0.75,0.91,1,13,1,1,1,1,1,1,1,1,1,1,0,1,1,4,1,1,1,1,1,9,8,1,0.888889,0.962963,1,0.492143,0,0,0,0,0,0,0,0,0,1,0.91,1,0.38,0.28979,0.62,234.0508,2134,14,19,40,5490.542,0.368097,0.438573,0,0,1,0,0.4,0,0,0,0.4,0,0.86974,0.903292,0.757422,0.832902,0.757422,v5-shortcut-control-v1
dataset-v5,v3,extraction-v2,ranking-aware-v5,seo_weighted_page_quality_v5,78.9474,77.1,как выбрать кухни на заказ,кухни на заказ,informational,,,https://zov-mebel.ru/articles/кухня-на-заказ/,zov-mebel.ru,5,0,,,article,ok,,..\dataset-v2\artifacts\query--0030bab1619f5ada.json,256a9da08eda78a85a7fbec2f0287b3e7a34fbc3,131959,77.1,9600,60000,1600,991,0.563709,6.054,90,9.6593,35,1,0,11,12,1,46,1,132,0,0,0,70,4,3,0.8,0.6,11,1,22,0.039818,1,80,12,40,24,4,23,5.75,50.2286,55.745165,6.825939,55.745165,15.92719,0.181462,0.598581,1,1,17.938776,0.342857,0.598581,0.478865,0.598581,0.8,0.598581,0.93,0.836364,0.910345,0.672734,0.329552,0.598581,200,1,0,0,1,0,1,0,0,0,1,1,1,0,0,2,0,0,1,0.8,1,0,0.76,1,2,1,1,1,1,1,1,1,1,1,1,0,0,1,1,0,1,1,1,0.8,8,8,0.888889,0.888889,0.859259,1,0.735139,1,4,0,7,1,0,0,1,0.85,1,0.973,1,0.508571,0.181462,0.491429,81.0518,616,24,12,12,12635.4693,0.618167,0.626125,0,0,1,0,0.4,0,0,0,0.4,0,0.769847,0.817106,0.637279,0.724604,0.637279,v5-shortcut-control-v1
dataset-v5,v3,extraction-v2,ranking-aware-v5,seo_weighted_page_quality_v5,57.8947,72.8,как выбрать кухни на заказ,кухни на заказ,informational,,,https://russia-zov.ru/articles/как-выбрать-кухню/,russia-zov.ru,9,0,,,article,ok,,..\dataset-v2\artifacts\query--b012d719ec234cb8.json,42c405e5f1a6f470673481a460bffd49c1071aa0,171426,72.8,9600,60000,1600,985,0.579412,5.4882,90,11.3333,36,1,10,12,18,1,53,1,120,0,0,0,51,2,3,0.4,0.6,8,0.8,9,0.03,1,80,18,40,24,3,17,5.666667,38.6364,52.941176,10.588235,60,23.529412,0.102328,0.601099,1,1,18.888889,0.75,0.601099,0.24044,0.480879,0.32,0.601099,0.74,0.963636,0.827586,1,0.328935,0.601099,200,1,0,0,1,0,1,0,0,0,1,1,1,0,0,2,0,0,1,0.8,1,0,0.76,1,3,1,1,0,0,1,1,1,1,1,1,0,1,1,1,0,1,1,1,0.6,7,7,0.777778,0.777778,0.718519,1,0.668611,1,4,0,7,1,0,0,1,0.85,1,0.9595,1,0.65,0.102328,0.35,120.4805,763,35,30,18,12125.0897,0.469925,0.514944,0,0,1,0,0.4,0,0,0,0.4,0,0.701106,0.693782,0.668666,0.654492,0.668666,v5-shortcut-control-v1
dataset-v5,v3,extraction-v2,ranking-aware-v5,seo_weighted_page_quality_v5,100.0,73.9,кухни на заказ отзывы,кухни на заказ,informational,,,https://dom.mail.ru/compilations/83549-luchshie-proizvoditeli-kukhon/,dom.mail.ru,1,0,,,content,ok,,..\dataset-v2\artifacts\query--f5fd4f72eb9839ba.json,08800246bc618478700f6ae73e6d62db4788c0f1,852462,73.9,9600,60000,1600,1200,0.40397,5.0538,90,6.3988,36,1,6,12,18,1,141,1,206,0,0,0,80,1,3,0.25,0.75,4,0.25,6,0.018467,1,80,24,40,24,1,1,1,73.4237,24.699908,14.542936,16.389658,5.540166,0.037391,0.535363,1,1,40.485981,0.355932,0.535363,0.133841,0.133841,0.0625,0.535363,0.55,0,0.57931,0.615574,0.216271,0.535363,200,1,0,0,1,1,1,0,0,0,1,1,1,0,0,2,0,0,1,0.8,1,1,0.96,1,48,0,1,1,1,1,1,0,1,1,1,1,1,1,1,1,1,1,1,0.8,8,8,0.888889,0.888889,0.859259,1,0.418714,1,2,0,2,0,0,0,1,0.375,1,0.91,1,0.836413,0.037391,0.163587,733.7725,2026,77,39,63,13633.2872,0.085028,0.226271,0,0,1,0,0.45,0,0,0,0.45,0,0.704404,0.770176,0.613186,0.65169,0.613186,v5-shortcut-control-v1
dataset-v5,v3,extraction-v2,ranking-aware-v5,seo_weighted_page_quality_v5,94.7368,73.9,кухни на заказ отзывы,кухни на заказ,informational,,,https://otzovik.com/reviews/kuhnya_kuhni_na_zakaz/,otzovik.com,2,0,,,content,ok,,..\dataset-v2\artifacts\query--278f8d0824724a87.json,5cf0258ad39bff8a982bced45fcc4679b8f1a0ce,85587,73.9,2163,60000,320,207,0.646875,5.4688,18,17.7778,1,1,1,2,4,1,31,1,107,0,0,0,29,4,0,1,0,6,1,18,0.090625,1,53,8,0,5,3,15,5,180,80,25,0,15.625,0.031353,0.591999,1,0.75,6.037736,4,0.591999,0.591999,0.591999,1,0.126293,1,0.563636,0.737931,0,0.06808,0.443999,200,1,0,0,1,1,0,0,0,0,1,1,1,0,0,2,0,0,1,0.8,1,1,0.96,0,0,0,1,0,0,0,0,0,0,1,1,1,1,1,1,0,1,1,1,0.2,4,6,0.444444,0.666667,0.437037,1,0.511388,0,0,0,0,0,0,0,0,0,1,0.982,1,0.618546,0.031353,0.381454,69.7178,590,16,11,8,10398.2351,0.692799,0.682099,0,0,1,0,0.45,0,0,0,0.45,0,0.63064,0.572995,0.598184,0.70762,0.598184,v5-shortcut-control-v1
dataset-v5,v3,extraction-v2,ranking-aware-v5,seo_weighted_page_quality_v5,89.4737,69.9,кухни на заказ отзывы,кухни на заказ,informational,,,https://reitingkuhni.ru/,reitingkuhni.ru,3,0,,,homepage,ok,,..\dataset-v2\artifacts\query--94e26a351475612e.json,491be28dd68b19b095d0237ff6e68f1db08bd0f7,128911,69.9,9494,60000,1226,652,0.531811,6.5816,73,16.7945,36,1,5,12,18,1,68,1,146,0,0,0,36,3,3,0.75,0.75,10,1,8,0.029364,1,13,24,17,7,0,0,0,26.6522,10.603589,28,13.866232,5.709625,0.10023,0.585484,1,0.5,80,0.521739,0.585484,0.439113,0.585484,0.75,0.478536,0.9125,0.763636,0.993103,0.978793,0.212075,0.292742,200,1,0,0,0,0,1,0,0,0,1,1,0,0,0,0,0,0,1,1,0.5,0.75,0.85,1,1,1,1,1,0,1,1,1,1,1,1,1,1,1,1,0,1,1,1,0.8,8,9,0.888889,1,0.896296,1,0.572289,0,0,0,0,0,0,0,0,0,1,0.919,1,0.302857,0.10023,0.697143,101.2295,778,8,4,36,5358.6629,0.680684,0.673013,0,0,1,0,0.45,0,0,0,0.45,0,0.721926,0.789021,0.666806,0.713078,0.666806,v5-shortcut-control-v1
dataset-v5,v3,extraction-v2,ranking-aware-v5,seo_weighted_page_quality_v5,84.2105,77.8,кухни на заказ отзывы,кухни на заказ,informational,,,https://irecommend.ru/content/izgotovlenie-kukhni-na-zakaz-0,irecommend.ru,4,0,,,content,ok,,..\dataset-v2\artifacts\query--36ae95a604b8251f.json,9ebbd45a260ceb989eb4fbe6c276256dac6f20f3,1241207,77.8,9600,60000,1600,1200,0.136816,7.1158,90,18.2552,36,2,10,0,18,1,54,1,159,0,0,0,143,4,1,1,0.25,6,0.75,16,0.012493,1,80,24,25,4,2,356,178,20.5863,80,8.037742,2.184169,0.349467,0.121175,0.466203,1,1,11.8,0.559353,0.466203,0.466203,0.349652,0.75,0.466203,0.9375,0.981818,0.903448,0.416448,0.063784,0.466203,200,1,0,0,1,1,1,0,0,0,1,1,1,0,0,2,0,0,1,0.8,1,1,0.96,1,1,1,1,1,1,1,1,1,0,1,1,1,1,1,2,0,1,1,1,0.8,9,8,1,0.888889,0.896296,1,0.363211,0,0,0,0,0,0,0,0,0,1,0.91,1,0.65,0.121175,0.35,885.9033,7540,70,31,92,10583.4441,0.040458,0.192844,0,0,1,0,0.45,0,0,0,0.45,0,0.755394,0.809821,0.620344,0.72903,0.620344,v5-shortcut-control-v1
dataset-v5,v3,extraction-v2,ranking-aware-v5,seo_weighted_page_quality_v5,78.9474,72.3,кухни на заказ отзывы,кухни на заказ,informational,,,https://otzyv-remstroy.ru/rating/kuhni-na-zakaz,otzyv-remstroy.ru,5,0,,,content,ok,,..\dataset-v2\artifacts\query--95fff99ebfe24e69.json,79b4d522e913464080f44b8b36839c937a5a695e,499339,72.3,9600,60000,1600,1200,0.321366,6.0092,90,13.6429,36,1,3,5,9,1,80,1,239,0,0,0,352,4,3,1,0.75,1,0.25,11,0.087759,1,80,24,40,23,0,1,0,48.9146,24.682124,16.704064,10.969833,5.734231,0.072207,0.665331,1,0.75,40.515152,0.109756,0.665331,0.665331,0.166333,0.25,0.665331,0.8125,0.545455,0.351724,0,0.213815,0.498998,200,1,0,0,1,1,0,0,0,0,1,1,1,0,0,2,0,0,1,0.8,1,1,0.96,1,3,0,1,1,0,1,1,0,1,1,1,1,1,0,0,0,1,1,1,0.6,6,8,0.666667,0.888889,0.718519,1,0.436465,0,0,0,0,0,0,0,0,0,1,0.91,1,0.51695,0.072207,0.48305,411.4473,2562,22,20,67,7972.6186,0.253745,0.352809,0,0,1,0,0.45,0,0,0,0.45,0,0.706844,0.766987,0.710708,0.721484,0.710708,v5-shortcut-control-v1
dataset-v5,v3,extraction-v2,ranking-aware-v5,seo_weighted_page_quality_v5,73.6842,68.5,кухни на заказ отзывы,кухни на заказ,informational,,,https://nedorogo-kuhni.ru/otzyvy/kuhni,nedorogo-kuhni.ru,6,0,,,content,ok,,..\dataset-v2\artifacts\query--7c296616659cd834.json,ec8b983056a7feb46b4f36317ed22affa3104ef2,115658,68.5,9600,51361,1600,894,0.501402,5.3365,90,14.6148,14,1,0,0,1,1,39,1,173,0,0,0,49,1,3,0.25,0.5,1,0.25,5,0.027482,1,80,24,40,0,8,36,4.5,127.3571,80,19.068985,60,0,0.225151,0.529592,1,1,7.337449,0.071429,0.529592,0.132398,0.132398,0.0625,0.529592,0.55,0.709091,0.806897,0.916059,0.263031,0.529592,200,1,0,0,1,1,0,0,0,0,1,1,0,0,0,2,0,0,1,0.8,0.5,1,0.86,1,3,1,1,1,0,1,1,1,1,0,1,1,0,1,6,0,1,1,1,0.8,7,8,0.777778,0.888889,0.822222,1,0.63966,2,2,0,2,1,0,0,0,0.425,1,0.9235,1,0.405714,0.225151,0.594286,60.4053,967,16,7,34,4533.6924,0.604472,0.615854,0,0,1,0,0.45,0,0,0,0.45,0,0.674152,0.748073,0.481417,0.615263,0.481417,v5-shortcut-control-v1
dataset-v5,v3,extraction-v2,ranking-aware-v5,seo_weighted_page_quality_v5,68.4211,65.3,кухни на заказ отзывы,кухни на заказ,informational,,,https://kuhnimoskvy.ru/reviews.php,kuhnimoskvy.ru,7,0,,,content,ok,,..\dataset-v2\artifacts\query--ecd5e183565c0c1d.json,f24d29f18e6243eabe3f326df2679de1819dc758,66784,65.3,4619,42987,676,419,0.619822,5.5089,59,11.4576,21,1,3,11,15,1,40,1,125,0,0,0,20,4,6,1,1,3,0.5,10,0.029586,1,44,24,4,14,3,10,3.333333,32.1905,65.088757,28,5.91716,20.710059,0.107451,0.470139,1,1,15.363636,0.714286,0.470139,0.470139,0.235069,0.5,0.211876,0.875,0.727273,0.862069,0.986193,0.109438,0.470139,200,1,0,0,0,0,0,0,0,0,1,1,1,0,0,1,0,0,1,0.9,1,0.75,0.93,1,2,1,1,1,0,1,0,0,0,1,1,0,0,1,1,0,1,0,0,0.8,5,5,0.555556,0.555556,0.637037,1,0.510256,0,0,0,0,0,0,0,0,0,1,0.91,1,0.47,0.107451,0.53,45.7793,662,21,8,40,5309.646,0.584699,0.601024,0,0,1,0,0.45,0,0,0,0.45,0,0.665303,0.751163,0.51989,0.668305,0.51989,v5-shortcut-control-v1
dataset-v5,v3,extraction-v2,ranking-aware-v5,seo_weighted_page_quality_v5,63.1579,66.7,кухни на заказ отзывы,кухни на заказ,informational,,,https://www.prostof.ru/otzyvy/,prostof.ru,8,0,,,content,ok,,..\dataset-v2\artifacts\query--136a1dd4cc883775.json,72c850f95723ce0441d2fbc3b9b6274c1d436ba4,300496,66.7,8432,60000,1235,487,0.394332,5.536,90,11.4352,13,1,1,1,3,1,58,1,133,0,0,0,27,6,4,1,0.75,1,0.25,11,0.021862,1,80,24,36,0,6,39,6.5,95,75.303644,28,29.149798,0,0.033164,0.522511,1,1,13.27957,0.230769,0.522511,0.522511,0.130628,0.25,0.430201,0.8125,0.945455,0.917241,0.728745,0.141368,0.522511,200,1,0,0,0,0,0,0,0,0,1,1,1,0,0,1,0,0,1,0.9,1,0.75,0.93,1,2,0,1,1,0,1,1,1,1,1,1,1,0,1,9,1,1,1,1,0.8,7,8,0.777778,0.888889,0.822222,1,0.440496,0,0,0,0,0,0,0,0,0,1,0.91,1,0.636338,0.033164,0.363662,255.8682,1296,18,10,90,8584.4754,0.434431,0.488323,0,0,1,0,0.45,0,0,0,0.45,0,0.715792,0.782634,0.521633,0.692992,0.521633,v5-shortcut-control-v1
dataset-v5,v3,extraction-v2,ranking-aware-v5,seo_weighted_page_quality_v5,57.8947,70.9,кухни на заказ отзывы,кухни на заказ,informational,,,https://pravda-klientov.ru/company/kuhni-na-zakaz,pravda-klientov.ru,9,0,,,content,ok,,..\dataset-v2\artifacts\query--6d2c9d400990e0f0.json,d483cba1e88eb4c0a941473da9d97a2a796b8393,445133,70.9,9600,60000,1600,1200,0.488874,5.722,90,11.8822,1,1,0,0,1,1,56,1,96,0,0,0,187,4,5,1,1,3,0.75,41,0.041199,1,80,24,38,2,3,73,24.333333,180,36.131306,28,8.371888,0.440626,0.114049,0.530059,1,1,27.676829,1,0.530059,0.530059,0.397544,0.75,0.530059,0.9375,0.981818,0.662069,0.626717,0.259132,0.530059,200,1,0,0,0,0,0,0,0,0,1,1,1,0,0,2,0,0,1,0.8,1,0.75,0.91,1,2,1,1,0,1,1,1,1,1,0,1,1,0,1,2,0,1,1,1,0.6,7,7,0.777778,0.777778,0.718519,1,0.501813,2,2,0,2,1,0,0,0,0.425,1,0.91,1,0.65,0.114049,0.35,296.9561,2465,40,23,444,8348.5324,0.213001,0.322251,0,0,1,0,0.45,0,0,0,0.45,0,0.716173,0.710916,0.543007,0.713475,0.543007,v5-shortcut-control-v1
dataset-v5,v3,extraction-v2,ranking-aware-v5,seo_weighted_page_quality_v5,52.6316,77.0,кухни на заказ отзывы,кухни на заказ,informational,,,https://vkkuhni.ru/otzyivyi,vkkuhni.ru,10,0,,,content,ok,,..\dataset-v2\artifacts\query--87105fa3db02608b.json,227498d224e690bf8c832862c0d2f1a2336933bc,137185,77.0,9600,60000,1600,842,0.489535,5.0785,90,18.2979,15,1,5,0,6,1,33,1,44,1,1,1,70,4,2,1,0.5,3,0.75,10,0.040698,1,80,24,12,0,7,45,6.428571,114.6667,80,28,6.976744,0,0.147632,0.682478,1,1,7.350427,0.4,0.682478,0.682478,0.511858,0.75,0.682478,0.9375,0.6,0.303448,0.643411,0.319248,0.682478,200,1,0,0,0,0,0,0,0,0,1,1,1,0,0,1,0,0,1,0.9,1,0.75,0.93,1,7,1,1,1,1,1,1,1,1,1,1,1,0,1,4,1,1,1,1,1,8,9,0.888889,1,0.962963,1,0.541127,0,0,0,0,0,0,0,0,0,1,0.91,1,0.367143,0.147632,0.632857,79.835,1008,13,3,52,4895.9738,0.6122,0.62165,0,0,1,0,0.45,0,0,0,0.45,0,0.837266,0.882363,0.690174,0.812441,0.690174,v5-shortcut-control-v1
dataset-v5,v3,extraction-v2,ranking-aware-v5,seo_weighted_page_quality_v5,100.0,78.4,шкафы-купе Москва,шкафы-купе,commercial,Москва,213,https://good-mebel.com/category/shkafy-kupe/,good-mebel.com,1,0,,,category,ok,,..\dataset-v2\artifacts\query--eb2ee6feb4417f7b.json,968e30bbf032005af6bbe085d877bfc8421fb7e1,3789267,78.4,9600,60000,1600,886,0.239524,4.6231,90,29.126,12,1,0,0,1,1,94,1,199,0,0,0,115,3,4,0.666667,0.666667,1,0.333333,10,0.031089,1,80,24,40,0,2,20,10,180,80,28,60,0,0.00633,0.603633,1,1,3.479774,0.083333,0.603633,0.402422,0.201211,0.222222,0.603633,0.716667,0.290909,0.627586,0.963684,0.144585,0.603633,200,1,0,0,1,1,0,0,0,0,1,1,1,0,0,2,0,0,1,0.8,1,1,0.96,1,5,1,1,1,1,1,1,1,1,1,1,1,1,1,53,1,1,1,1,1,9,9,1,1,1,1,0.275049,0,0,0,0,0,0,0,0,0,1,0.91,1,0.972306,0.00633,0.027694,3344.5752,9856,73,33,438,21528.5096,0,0.1625,0,0,0,0,0.583333,1,0,0.583333,0,0,0.794026,0.847117,0.593,0.73602,0.68718,v5-shortcut-control-v1
dataset-v5,v3,extraction-v2,ranking-aware-v5,seo_weighted_page_quality_v5,94.7368,78.6,шкафы-купе Москва,шкафы-купе,commercial,Москва,213,https://www.shkaf-kupe.ru/category/shkafy-kupe/,shkaf-kupe.ru,2,0,,,category,ok,,..\dataset-v2\artifacts\query--f060111eb3450a24.json,5073e19ee5b86123dc2fb7fdf60911021d7cb4bc,763378,78.6,9600,60000,1600,746,0.238034,4.6161,90,19.1098,10,1,1,0,2,1,72,1,279,0,0,0,145,3,2,0.666667,0.666667,3,0.666667,49,0.046267,1,80,24,40,14,2,53,26.5,180,80,28,60,4.467135,0.031551,0.559843,1,1,3.717675,0.2,0.559843,0.373229,0.373229,0.444444,0.559843,0.8,0.690909,0.075862,0.457775,0.133262,0.559843,200,1,0,0,1,1,0,0,0,0,1,1,1,0,0,2,0,0,1,0.8,1,1,0.96,1,6,1,1,1,1,1,1,1,1,1,1,1,1,1,5,1,1,1,1,1,9,9,1,1,1,1,0.331638,0,0,0,0,0,0,0,0,0,1,0.91,1,0.861964,0.031551,0.138036,591.9912,4933,51,13,345,12735.9369,0.15469,0.278517,0,0,0,0,0.583333,1,0,0.583333,0,0,0.791141,0.846659,0.598587,0.743541,0.695929,v5-shortcut-control-v1
dataset-v5,v3,extraction-v2,ranking-aware-v5,seo_weighted_page_quality_v5,89.4737,75.7,шкафы-купе Москва,шкафы-купе,commercial,Москва,213,https://www.bestmebelshop.ru/catalog/shkafy-kupe/,bestmebelshop.ru,3,0,,,product,ok,,..\dataset-v2\artifacts\query--1d82d5bfbb6abbf6.json,8aad1834d36d1a39d91f1d40e3f3522437dd8f8f,1088418,75.7,9600,60000,1600,849,0.272552,4.4848,90,17.2099,4,1,0,0,1,1,71,1,125,0,0,0,96,2,2,0.666667,0.666667,2,0.666667,5,0.030819,1,80,24,40,1,4,158,39.5,180,80,28,60,0.321027,0.020041,0.500908,1,1,6.544118,0.25,0.500908,0.333939,0.333939,0.444444,0.500908,0.8,0.709091,0.862069,0.972713,0.136524,0.500908,200,1,0,0,0,0,1,0,0,0,1,1,1,0,0,2,0,0,1,0.8,1,0.75,0.91,1,6,1,1,1,1,1,1,1,1,1,1,1,1,1,53,1,1,1,1,1,9,9,1,1,1,1,0.500837,3,3,0,3,1,1,0,1,0.8125,1,0.91,1,0.912322,0.020041,0.087678,884.4238,4702,79,21,337,7813.121,0.040891,0.193168,0,0,0,0,0.583333,1,0,0.583333,0,0,0.764916,0.827063,0.554704,0.709066,0.655659,v5-shortcut-control-v1
dataset-v5,v3,extraction-v2,ranking-aware-v5,seo_weighted_page_quality_v5,84.2105,31.4,шкафы-купе Москва,шкафы-купе,commercial,Москва,213,https://lemanapro.ru/catalogue/shkafy-kupe/,lemanapro.ru,4,0,,,product,ok,,..\dataset-v2\artifacts\query--a0fe4357ad7b0b75.json,1ce708cff92e033e51ef3f2b97b949fb05e03fd6,10061,31.4,77,8264,13,13,1,5,1,13,1,1,0,0,1,1,12,0,0,0,0,0,0,0,0,0,0,0,0,0,0,0,1,0,0,0,0,0,0,13,76.923077,0,0,0,0.009318,0,0,0,13,1,0,0,0,0,0,0,0.218182,0,0,0,0,403,0,0,0,0,0,0,0,0,0,0,1,1,0,0,2,0,0,1,0.8,1,0.75,0.71,1,1,0,0,0,0,0,0,0,0,0,0,0,0,0,0,0,0,0,0,0.2,1,0,0.111111,0,0.103704,1,0.536196,0,0,0,0,0,0,0,0,0,1,0.760695,1,0.509236,0.009318,0.490764,8.1094,40,0,2,0,4076.4445,0.97443,0.893323,0,0,0,0,0.583333,1,0,0.583333,0,0,0.083074,0.148241,0.056203,0.183669,0.178027,v5-shortcut-control-v1
dataset-v5,v3,extraction-v2,ranking-aware-v5,seo_weighted_page_quality_v5,78.9474,77.7,шкафы-купе Москва,шкафы-купе,commercial,Москва,213,https://mosshkafkupe.ru/,mosshkafkupe.ru,5,0,,,homepage,ok,,..\dataset-v2\artifacts\query--cc6c98f6c467a456.json,71bac827c56342096b8789ef8c2c8375b7861150,397793,77.7,9600,60000,1600,1130,0.230942,5.4402,90,14.738,36,2,10,11,18,1,148,1,305,0,0,0,77,3,1,0.666667,0.333333,6,0.333333,15,0.015737,1,80,24,40,24,5,93,18.6,68.9155,80,28,34.743511,8.788065,0.14406,0.671406,1,1,11.171233,0.408451,0.671406,0.447604,0.223802,0.222222,0.671406,0.716667,0,0,0.524559,0.155056,0.671406,200,1,0,0,1,1,1,0,0,0,1,1,1,0,0,0,0,0,1,1,1,1,1,1,32,1,1,0,1,1,1,1,1,1,1,0,1,1,44,1,1,1,1,0.8,8,7,0.888889,0.777778,0.822222,1,0.598204,1,4,0,4,1,0,0,1,0.8,1,0.91,1,0.65,0.14406,0.35,248.8662,2590,46,31,149,6788.0124,0.22709,0.332817,0,0,0,0,0.583333,1,0,0.583333,0,0,0.782063,0.76753,0.694382,0.749302,0.726419,v5-shortcut-control-v1
dataset-v5,v3,extraction-v2,ranking-aware-v5,seo_weighted_page_quality_v5,73.6842,79.0,шкафы-купе Москва,шкафы-купе,commercial,Москва,213,https://mosmobel.ru/,mosmobel.ru,6,0,,,homepage,ok,,..\dataset-v2\artifacts\query--820db601bf850136.json,89472419fc2614a4829c254177336230608438f9,408044,79.0,9439,60000,1334,558,0.418291,5.9475,89,14.9888,3,1,7,0,8,1,87,1,248,0,0,0,24,2,2,0.666667,0.666667,2,0.666667,10,0.017991,1,80,24,40,0,8,49,6.125,180,80,28,60,0,0.029036,0.717273,1,1,3.889213,2.666667,0.717273,0.478182,0.478182,0.444444,0.637895,0.8,0.418182,0.289655,0.5997,0.222355,0.717273,200,1,0,0,1,1,0,0,0,0,1,1,1,0,0,0,0,0,1,1,1,1,1,1,2,1,1,1,1,1,1,1,1,1,1,0,1,1,24,1,1,1,1,1,9,8,1,0.888889,0.962963,1,0.339315,0,0,0,0,0,0,0,0,0,1,0.91,1,0.872969,0.029036,0.127031,327.4023,1744,37,18,137,7920.1126,0.210304,0.320228,0,0,0,0,0.583333,1,0,0.583333,0,0,0.853477,0.891284,0.726429,0.812477,0.777773,v5-shortcut-control-v1
dataset-v5,v3,extraction-v2,ranking-aware-v5,seo_weighted_page_quality_v5,68.4211,72.0,шкафы-купе Москва,шкафы-купе,commercial,Москва,213,https://mebel.ru/catalog/cabinets/shkafy-kupe/,mebel.ru,7,0,,,product,ok,,..\dataset-v2\artifacts\query--eb8c78087725db58.json,84ea2bc9d6f933f47571175926457d1a56881859,969816,72.0,9600,60000,1600,1200,0.339434,5.1928,90,13.3928,20,1,1,5,7,1,62,1,205,0,0,0,142,2,2,0.666667,0.666667,8,0.666667,35,0.029534,1,80,24,40,0,3,139,46.333333,180,80,28,60,0,0.040743,0.582368,1,1,11.420428,0.35,0.582368,0.388245,0.388245,0.444444,0.582368,0.8,0.872727,0.586207,0.98447,0.197676,0.582368,200,1,0,0,0,0,0,0,0,0,1,1,1,0,0,3,0,0,1,0.7,1,0.75,0.89,1,24,0,1,1,1,1,1,1,1,1,1,1,0,1,2,0,1,1,1,0.6,8,8,0.888889,0.888889,0.792593,1,0.437501,0,0,0,0,0,0,0,0,0,1,0.91,1,0.487462,0.040743,0.512538,780.3369,3291,9,104,140,8811.4682,0.219957,0.327468,0,0,0,0,0.583333,1,0,0.583333,0,0,0.733813,0.779297,0.604124,0.704663,0.686816,v5-shortcut-control-v1
dataset-v5,v3,extraction-v2,ranking-aware-v5,seo_weighted_page_quality_v5,57.8947,65.4,шкафы-купе Москва,шкафы-купе,commercial,Москва,213,http://www.kupesalon.ru/,kupesalon.ru,9,0,,,homepage,ok,,..\dataset-v2\artifacts\query--77821361c691828c.json,c064b57192623e4aa6b3107235a3fea2bcb446b5,222551,65.4,9600,60000,1600,376,0.210644,4.9608,34,38,1,1,3,0,4,1,73,1,145,0,0,0,226,3,3,0.666667,0.666667,0,0,39,0.126611,0.666667,80,24,40,12,4,40,10,180,80,28,60,6.722689,0.086174,0.707878,1,1,4.850543,4,0.471919,0.471919,0,0,0.707878,0.583333,0.672727,1,0,0.147868,0.707878,200,1,0,0,1,0,1,0,0,0,1,1,1,0,0,0,0,0,1,1,1,0,0.8,1,1,0,1,1,1,1,1,1,1,1,1,0,0,1,2,0,1,1,1,0.6,8,7,0.888889,0.777778,0.755556,1,0.420752,1,0,1,0,0,0,0,0,0,1,0.91,1,0.637143,0.086174,0.362857,133.6475,1396,34,14,69,27796.2523,0.330199,0.410149,0,0,0,0,0.583333,1,0,0.583333,0,0,0.683251,0.739964,0.530959,0.627835,0.586858,v5-shortcut-control-v1
dataset-v5,v3,extraction-v2,ranking-aware-v5,seo_weighted_page_quality_v5,52.6316,76.4,шкафы-купе Москва,шкафы-купе,commercial,Москва,213,https://shkafy-moskva.ru/tcat/shkafy-kupe/,shkafy-moskva.ru,10,0,,,content,ok,,..\dataset-v2\artifacts\query--f1ac2100f3cbc952.json,9d86d4923e60926ce4742a031fc9ce7b5ce23b70,468703,76.4,9600,60000,1600,1198,0.259363,4.8352,90,38,36,1,5,8,14,1,52,1,305,0,0,0,98,2,3,0.666667,0.666667,11,0.666667,7,0.021217,1,80,24,40,0,6,79,13.166667,57.0247,80,13.639316,54.990258,0,0.099418,0.685233,1,1,9.003899,0.17284,0.685233,0.456822,0.456822,0.444444,0.685233,0.8,0.945455,0,0.707224,0.177724,0.685233,200,1,0,0,1,1,1,0,0,0,1,1,1,0,0,2,0,0,1,0.8,1,1,0.96,1,4,1,1,1,1,1,1,1,1,1,1,1,1,1,47,1,1,1,1,1,9,9,1,1,1,1,0.607508,1,4,0,5,1,0,0,1,0.85,1,0.91,1,0.65,0.099418,0.35,307.0537,2999,89,27,63,8970.6567,0.210043,0.320032,0,0,0,0,0.583333,1,0,0.583333,0,0,0.838162,0.879574,0.714308,0.790562,0.752355,v5-shortcut-control-v1
dataset-v5,v3,extraction-v2,ranking-aware-v5,seo_weighted_page_quality_v5,100.0,78.6,шкафы-купе Санкт-Петербург,шкафы-купе,commercial,Санкт-Петербург,2,https://kupehouse.ru/,kupehouse.ru,1,0,,,homepage,ok,,..\dataset-v2\artifacts\query--0156c256448f6ae5.json,4533e79e7651b68f75157428973978ecaaabd9b9,677043,78.6,9600,60000,1600,688,0.429731,5.7033,82,19.5244,36,1,10,4,18,1,103,1,208,0,0,0,23,3,2,0.75,0.5,2,0.25,10,0.014366,1,80,24,40,18,0,27,0,34.0638,80,28,43.722673,11.242973,0.018885,0.549252,1,0.75,8.168367,0.425532,0.549252,0.411939,0.137313,0.1875,0.549252,0.725,0.127273,0.565517,0.478867,0.209936,0.411939,200,1,0,0,1,1,1,0,0,0,1,1,1,0,0,0,0,0,1,1,1,1,1,1,7,1,1,1,1,1,1,1,1,1,1,1,1,1,5,1,1,1,1,1,9,9,1,1,1,1,0.525782,6,4,0,8,1,0,1,1,0.85,1,0.91,1,0.917377,0.018885,0.082623,577.9648,2837,108,69,110,32034.4867,0.130674,0.260506,0,0,0,0,0.5,1,0,0.5,0,0,0.755331,0.823005,0.647703,0.717152,0.677499,v5-shortcut-control-v1
dataset-v5,v3,extraction-v2,ranking-aware-v5,seo_weighted_page_quality_v5,94.7368,71.5,шкафы-купе Санкт-Петербург,шкафы-купе,commercial,Санкт-Петербург,2,https://nonton.ru/mebel/shkafy/shkafy-kupe/,nonton.ru,2,0,,,content,ok,,..\dataset-v2\artifacts\query--add6200c8dd86f6f.json,b3097a299e2d9f2d1f0d39468ed712aa9fe25f6c,2874601,71.5,9600,60000,1600,732,0.165761,5.0403,58,38,1,1,0,0,1,1,60,1,195,0,0,0,766,3,2,0.75,0.5,3,0.75,24,0.17346,1,80,24,40,4,4,155,38.75,180,80,28,42.346014,0.905797,0.010847,0.456522,1,1,3.726582,1,0.456522,0.342391,0.342391,0.5625,0.456522,0.85,0.909091,0.655172,0,0.075673,0.456522,200,1,0,0,1,1,0,0,0,0,1,1,1,0,0,3,0,0,1,0.7,1,1,0.94,1,2,0,1,1,1,1,1,1,1,1,1,0,0,1,43,1,1,1,1,0.8,8,7,0.888889,0.777778,0.822222,1,0.279989,0,0,0,0,0,0,0,0,0,1,0.91,1,0.952543,0.010847,0.047457,2508.7275,7209,86,22,220,14065.0732,0,0.1625,0,0,0,0,0.5,1,0,0.5,0,0,0.717814,0.783455,0.47675,0.691049,0.657495,v5-shortcut-control-v1
dataset-v5,v3,extraction-v2,ranking-aware-v5,seo_weighted_page_quality_v5,89.4737,74.7,шкафы-купе Санкт-Петербург,шкафы-купе,commercial,Санкт-Петербург,2,https://www.spb.bestmebelshop.ru/catalog/shkafy-kupe/,spb.bestmebelshop.ru,3,0,,,product,ok,,..\dataset-v2\artifacts\query--c12954847885c20a.json,bf1472a9dd984acf847224d312df2c992b312742,1084203,74.7,9600,60000,1600,770,0.256069,4.414,90,18.1145,3,1,0,0,1,1,74,1,169,0,0,0,104,3,3,0.75,0.75,3,0.75,9,0.034586,1,80,24,40,1,4,158,39.5,180,80,28,60,0.332557,0.019133,0.392404,1,1,6.343882,0.333333,0.392404,0.294303,0.294303,0.5625,0.392404,0.85,0.654545,0.834483,0.847134,0.100483,0.392404,200,1,0,0,0,0,1,0,0,0,1,1,1,0,0,2,0,0,1,0.8,1,0.75,0.91,1,6,1,1,1,1,1,1,1,1,1,1,1,1,1,53,1,1,1,1,1,9,9,1,1,1,1,0.499958,3,3,0,3,1,1,0,1,0.8125,1,0.91,1,0.916295,0.019133,0.083705,882.3389,4689,79,21,337,7855.833,0.041502,0.193627,0,0,0,0,0.5,1,0,0.5,0,0,0.730934,0.803788,0.507717,0.678498,0.619189,v5-shortcut-control-v1
dataset-v5,v3,extraction-v2,ranking-aware-v5,seo_weighted_page_quality_v5,84.2105,75.6,шкафы-купе Санкт-Петербург,шкафы-купе,commercial,Санкт-Петербург,2,https://spb.shkaf-kupe.ru/category/shkafy-kupe/,spb.shkaf-kupe.ru,4,0,,,category,ok,,..\dataset-v2\artifacts\query--121035361f0bc1f0.json,de3d607ed8c444e9d3e34a4b63ae4db651a1f1cb,756439,75.6,9600,60000,1600,747,0.237444,4.5702,90,19.1829,10,1,1,0,2,1,82,1,289,0,0,0,146,4,3,0.75,0.75,3,0.5,50,0.046408,1,80,24,40,14,2,52,26,180,80,28,60,4.450095,0.03177,0.425481,1,1,3.73191,0.2,0.425481,0.319111,0.21274,0.375,0.425481,0.7875,0.509091,0.006897,0.453062,0.101028,0.425481,200,1,0,0,1,1,0,0,0,0,1,1,1,0,0,2,0,0,1,0.8,1,1,0.96,1,6,1,1,1,1,1,1,1,1,1,1,1,1,1,5,1,1,1,1,1,9,9,1,1,1,1,0.332232,0,0,0,0,0,0,0,0,0,1,0.91,1,0.861005,0.03177,0.138995,585.5537,4899,51,13,337,12486.0409,0.156576,0.279932,0,0,0,0,0.5,1,0,0.5,0,0,0.738833,0.809841,0.531661,0.689887,0.631557,v5-shortcut-control-v1
dataset-v5,v3,extraction-v2,ranking-aware-v5,seo_weighted_page_quality_v5,78.9474,77.5,шкафы-купе Санкт-Петербург,шкафы-купе,commercial,Санкт-Петербург,2,https://www.kupenadom.ru/,kupenadom.ru,5,0,,,homepage,ok,,..\dataset-v2\artifacts\query--0ac69c0b10ad4302.json,45709a991950b7cacaac15ee0a3883e4bfcfef24,636018,77.5,9600,60000,1600,1200,0.250733,5.4987,90,20.8008,36,1,10,12,18,1,82,1,203,0,0,0,225,3,4,0.75,0.75,48,0.75,8,0.043971,0.75,80,24,40,24,4,121,30.25,113.7111,80,28,60,40,0.082923,0.505609,1,1,8.945804,1.222222,0.379207,0.379207,0.379207,0.5625,0.505609,0.8125,0.509091,0.6,0.400723,0.126773,0.505609,200,1,0,0,1,1,1,0,0,0,1,1,1,0,0,0,0,0,1,1,1,1,1,1,6,1,1,1,1,1,1,1,1,1,1,1,1,1,45,1,1,1,1,1,9,9,1,1,1,1,0.447172,1,1,0,1,0,0,1,0,0.2375,1,0.91,1,0.65,0.082923,0.35,438.3232,3942,76,29,144,8492.9404,0.171585,0.291189,0,0,0,0,0.5,1,0,0.5,0,0,0.741352,0.814836,0.597014,0.71395,0.652454,v5-shortcut-control-v1
dataset-v5,v3,extraction-v2,ranking-aware-v5,seo_weighted_page_quality_v5,73.6842,32.4,шкафы-купе Санкт-Петербург,шкафы-купе,commercial,Санкт-Петербург,2,https://spb.lazurit.com/catalog/668/shkafy-kupe/,spb.lazurit.com,6,0,,,product,ok,,..\dataset-v2\artifacts\query--b0d4f7cb800844dd.json,e1c852bbbc684e920810e0ccad2c5138417ae05a,17560,32.4,459,11664,69,64,0.927536,5.4493,7,9.8571,1,0,0,0,0,1,7,0,0,0,0,0,0,0,0,0,0,0,0,0,0,0,0,1,0,0,1,1,1,69,0,14.492754,0,0,0.039352,0.125265,0,0.75,69,0,0,0,0,0,0.005762,0,0.127273,0,0,0.004454,0.093949,200,1,0,0,0,0,1,0,1,1,0,1,1,0,0,1,10,1,1,0.5,1,0.35,0.57,1,1,0,0,1,0,0,0,0,0,0,0,0,0,1,1,0,0,1,1,0.4,3,3,0.333333,0.333333,0.355556,1,0.578353,0,0,0,0,0,0,0,0,0,1,0.8115,1,0.390693,0.039352,0.609307,11.7373,42,1,1,1,6624.3465,0.973472,0.892604,0,0,0,0,0.5,1,0,0.5,0,0,0.217391,0.304326,0.068095,0.231738,0.178671,v5-shortcut-control-v1
dataset-v5,v3,extraction-v2,ranking-aware-v5,seo_weighted_page_quality_v5,68.4211,67.5,шкафы-купе Санкт-Петербург,шкафы-купе,commercial,Санкт-Петербург,2,https://spb.shkafplus.ru/,spb.shkafplus.ru,7,0,,,homepage,ok,,..\dataset-v2\artifacts\query--adf13dee61200eba.json,06aa89d0cbd604c3d7615978e90d2718a7b5e6e8,168895,67.5,9600,60000,1600,1017,0.4663,6.1944,90,15.8043,17,1,10,3,18,1,116,1,230,0,0,0,79,3,2,0.75,0.5,10,0.5,13,0.036222,1,80,24,34,22,4,32,8,128.2941,80,28,15.589179,10.087116,0.179706,0.395494,1,1,10.536232,1.176471,0.395494,0.296621,0.197747,0.375,0.395494,0.7875,0,0.413793,0.792603,0.184419,0.395494,200,1,0,0,0,0,1,0,0,0,1,1,1,0,0,0,0,0,1,1,1,0.75,0.95,1,2,1,1,0,1,1,1,1,1,1,1,0,0,1,4,1,1,1,1,0.8,7,7,0.777778,0.777778,0.785185,1,0.454361,0,0,0,0,0,0,0,0,0,1,0.91,1,0.547143,0.179706,0.452857,102.1592,1137,27,19,88,4450.7089,0.389451,0.454588,0,0,0,0,0.5,1,0,0.5,0,0,0.666819,0.688701,0.520589,0.646336,0.615501,v5-shortcut-control-v1
dataset-v5,v3,extraction-v2,ranking-aware-v5,seo_weighted_page_quality_v5,63.1579,60.7,шкафы-купе Санкт-Петербург,шкафы-купе,commercial,Санкт-Петербург,2,https://kbyro.ru/,kbyro.ru,8,0,,,homepage,ok,,..\dataset-v2\artifacts\query--fab992df61e0cf06.json,106fc6142ca2a8ad122a869e1d1d406b5b6b57f1,98258,60.7,4801,56322,749,320,0.427236,5.1469,56,13.375,1,0,0,0,0,1,52,1,173,0,0,0,54,2,1,0.5,0.25,0,0,18,0.072096,1,80,16,0,0,0,5,0,180,80,21.361816,0,0,0.085242,0.585308,1,0.5,6.139344,0,0.585308,0.292654,0,0,0.292264,0.575,0.945455,0.806897,0,0.104055,0.292654,200,1,0,0,0,0,0,0,0,0,1,1,1,0,0,0,0,0,1,1,1,0.75,0.95,1,12,1,1,1,1,1,1,1,1,1,0,0,0,1,4,0,1,0,0,0.8,8,5,0.888889,0.555556,0.748148,1,0.548752,0,0,0,0,0,0,0,0,0,1,0.964,1,0.47,0.085242,0.53,58.8438,654,21,2,16,7113.3534,0.718011,0.701008,0,0,0,0,0.5,1,0,0.5,0,0,0.676692,0.75393,0.442536,0.644993,0.630924,v5-shortcut-control-v1
dataset-v5,v3,extraction-v2,ranking-aware-v5,seo_weighted_page_quality_v5,57.8947,74.8,шкафы-купе Санкт-Петербург,шкафы-купе,commercial,Санкт-Петербург,2,https://www.divan.ru/sankt-peterburg/category/shkafy-kupe,divan.ru,9,0,,,category,ok,,..\dataset-v2\artifacts\query--aff00ddd9188d161.json,3ea2159200cd6d6a5f503cc828e7b8aad512c497,2733132,74.8,9600,60000,1600,529,0.24333,4.7084,90,16.9844,2,1,0,0,1,1,92,1,248,0,0,0,78,4,4,0.75,0.75,3,0.75,13,0.035879,1,80,24,40,0,1,2,2,180,80,28,21.159154,0,0.005469,0.415916,1,1,3.924188,0.5,0.415916,0.311937,0.311937,0.5625,0.415916,0.85,0.327273,0.289655,0.804048,0.101205,0.415916,200,1,0,0,1,1,1,0,0,0,1,1,1,0,0,3,0,0,1,0.7,1,1,0.94,1,5,0,1,1,1,1,1,1,1,1,1,1,0,1,96,1,1,1,1,0.8,8,8,0.888889,0.888889,0.859259,1,0.333481,1,1,0,1,0,0,0,1,0.2375,1,0.91,1,0.976074,0.005469,0.023926,2336.5039,6093,237,66,94,28547.684,0,0.1625,0,0,0,0,0.5,1,0,0.5,0,0,0.702358,0.772567,0.461109,0.675137,0.638461,v5-shortcut-control-v1
dataset-v5,v3,extraction-v2,ranking-aware-v5,seo_weighted_page_quality_v5,52.6316,67.2,шкафы-купе Санкт-Петербург,шкафы-купе,commercial,Санкт-Петербург,2,https://www.kupeteka.ru/shkafy-kupe,kupeteka.ru,10,0,,,content,ok,,..\dataset-v2\artifacts\query--a046d9a0134a88b9.json,bbc3786bdd126a371434a118fe254631fd70d5d9,126606,67.2,5817,60000,987,453,0.458967,4.7173,86,11.4767,36,1,2,0,3,1,71,1,176,0,0,0,62,3,2,0.75,0.5,3,0.5,22,0.062817,1,80,24,40,0,0,29,0,27.4167,80,28,60,0,0.069196,0.511592,1,0.75,7.365672,0.083333,0.511592,0.383694,0.255796,0.375,0.336628,0.7875,0.709091,0.786207,0,0.128751,0.383694,200,1,0,0,1,1,0,0,0,0,1,1,1,0,0,1,0,0,1,0.9,1,1,0.98,1,2,1,1,1,1,1,1,1,1,1,0,0,0,1,5,1,1,0,0,1,8,5,0.888889,0.555556,0.814815,1,0.413361,0,0,0,0,0,0,0,0,0,1,0.91,1,0.697266,0.069196,0.302734,87.9814,1267,35,12,45,4841.4119,0.370946,0.440709,0,0,0,0,0.5,1,0,0.5,0,0,0.729939,0.807263,0.504495,0.705307,0.675269,v5-shortcut-control-v1
dataset-v5,v3,extraction-v2,ranking-aware-v5,seo_weighted_page_quality_v5,100.0,32.2,шкафы-купе Екатеринбург,шкафы-купе,commercial,Екатеринбург,54,https://ekaterinburg.lemanapro.ru/catalogue/shkafy-kupe/,ekaterinburg.lemanapro.ru,1,0,,,product,ok,,..\dataset-v2\artifacts\query--8d4dfb1127d6bef7.json,a7de0002706c85ba68e5a732df668cc5ab2c1397,10087,32.2,77,8264,13,13,1,5,1,13,1,1,0,0,1,1,12,0,0,0,0,0,0,0,0,0,0,0,0,0,0,0,1,0,0,0,0,0,0,13,76.923077,0,0,0,0.009318,0,0,0,13,1,0,0,0,0,0,0,0.218182,0,0,0,0,403,0,0,0,0,0,0,0,0,0,0,1,1,0,0,2,0,0,1,0.8,1,0.75,0.71,1,1,0,0,0,0,0,0,0,0,0,0,0,0,0,0,0,0,0,0,0.2,1,0,0.111111,0,0.103704,1,0.536196,0,0,0,0,0,0,0,0,0,1,0.760695,1,0.509236,0.009318,0.490764,8.1094,40,0,2,0,3180.3829,0.97443,0.893323,0,0,0,0,0.583333,1,0,0.583333,0,0,0.087062,0.1509,0.060243,0.186771,0.182458,v5-shortcut-control-v1
dataset-v5,v3,extraction-v2,ranking-aware-v5,seo_weighted_page_quality_v5,94.7368,69.6,шкафы-купе Екатеринбург,шкафы-купе,commercial,Екатеринбург,54,https://kupeural.ru/,kupeural.ru,2,0,,,homepage,ok,,..\dataset-v2\artifacts\query--c436b86f9877c558.json,7a1b2edef6691e5a1eeb246f006270ab236d89e9,449816,69.6,9600,60000,1600,797,0.447501,5.959,90,15.2222,11,1,0,8,9,1,70,1,130,0,0,0,65,3,1,0.666667,0.333333,0,0,21,0.036496,1,80,24,40,1,3,39,13,161.9091,80,28,60,0.561482,0.036451,0.587187,1,1,6.903101,0.818182,0.587187,0.391458,0,0,0.587187,0.633333,0.727273,0.896552,0.783455,0.259993,0.587187,200,1,0,0,0,0,0,0,0,0,1,1,1,0,0,0,0,0,1,1,1,0.75,0.95,1,7,1,1,1,0,1,1,1,1,1,1,1,1,1,1,1,1,1,1,1,8,9,0.888889,1,0.962963,1,0.349941,0,0,0,0,0,0,0,0,0,1,0.91,1,0.840528,0.036451,0.159472,357.4512,1544,42,17,64,8085.0462,0.223722,0.330292,0,0,0,0,0.583333,1,0,0.583333,0,0,0.753826,0.818768,0.652,0.694422,0.649672,v5-shortcut-control-v1
dataset-v5,v3,extraction-v2,ranking-aware-v5,seo_weighted_page_quality_v5,89.4737,73.1,шкафы-купе Екатеринбург,шкафы-купе,commercial,Екатеринбург,54,https://33komoda.ru/catalog/shkafy_kupe/,33komoda.ru,3,0,,,product,ok,,..\dataset-v2\artifacts\query--ef72f9ea190bc192.json,0fe9bb48d079e533cbdbdc35421fa06ba74ebd05,1905782,73.1,9600,60000,1600,841,0.268433,5.8615,62,38,8,1,8,12,18,1,69,1,152,0,0,0,100,2,2,0.666667,0.666667,5,0.666667,6,0.031918,1,80,24,40,0,12,142,11.833333,180,80,28,53.941909,0,0.013105,0.432686,1,1,3.74313,7.375,0.432686,0.288457,0.288457,0.444444,0.432686,0.8,0.745455,0.951724,0.936057,0.116147,0.432686,200,1,0,0,0,0,0,0,0,0,1,1,1,0,0,2,0,0,1,0.8,1,0.75,0.91,1,2,1,1,1,1,1,1,1,1,1,1,0,1,1,5,1,1,1,1,1,9,8,1,0.888889,0.962963,1,0.282459,0,0,0,0,0,0,0,0,0,1,0.91,1,0.942666,0.013105,0.057334,1661.0713,6985,133,46,127,8617.9253,0,0.1625,0,0,0,0,0.583333,1,0,0.583333,0,0,0.739332,0.809155,0.587885,0.683482,0.624959,v5-shortcut-control-v1
dataset-v5,v3,extraction-v2,ranking-aware-v5,seo_weighted_page_quality_v5,84.2105,72.4,шкафы-купе Екатеринбург,шкафы-купе,commercial,Екатеринбург,54,https://www.e-1.ru/city/ekaterinburg/,e-1.ru,4,0,,,content,ok,,..\dataset-v2\artifacts\query--cd7945e62feb8330.json,6c4dbe5bb803f0426550c0041481b92a3eb9bac0,211858,72.4,3949,60000,554,298,0.537906,5.7671,21,26.381,13,1,3,8,12,1,75,1,129,0,0,0,24,2,1,0.666667,0.333333,3,0.666667,10,0.043321,1,80,5,34,3,0,1,0,42.6154,80,9.025271,60,5.415162,0.024504,0.514377,1,0.75,3.794521,0.923077,0.514377,0.342918,0.342918,0.444444,0.189977,0.8,0.636364,0.889655,0.555957,0.085158,0.385783,200,1,0,0,1,1,1,0,0,0,1,1,1,0,0,2,0,0,1,0.8,1,1,0.96,1,8,0,1,1,1,1,1,0,1,1,1,0,1,1,3,1,1,1,1,0.8,8,7,0.888889,0.777778,0.822222,1,0.617638,3,4,0,3,1,0,0,1,0.75,1,0.98875,1,0.892795,0.024504,0.107205,164.9648,648,52,5,5,11082.5287,0.616129,0.624597,0,0,0,0,0.583333,1,0,0.583333,0,0,0.711376,0.780527,0.580044,0.695134,0.67547,v5-shortcut-control-v1
dataset-v5,v3,extraction-v2,ranking-aware-v5,seo_weighted_page_quality_v5,78.9474,67.9,шкафы-купе Екатеринбург,шкафы-купе,commercial,Екатеринбург,54,https://kupi-kupe.ru/,kupi-kupe.ru,5,0,,,homepage,ok,,..\dataset-v2\artifacts\query--6dfe6398f9ded2dd.json,67a771b4f9e50398ac87cbcd5bb04ba7619678be,8688488,67.9,9600,60000,1600,643,0.276084,5.5535,90,21.367,22,2,9,0,11,1,81,1,191,0,0,0,201,3,3,0.666667,0.666667,2,0.666667,43,0.086303,1,80,24,40,0,9,91,10.111111,105.8636,80,28,60,0,0.001879,0.391665,1,1,6.85,0.5,0.391665,0.26111,0.26111,0.444444,0.391665,0.8,0.527273,0.682759,0,0.108133,0.391665,200,1,0,0,0,0,1,0,0,0,1,1,1,0,0,0,0,0,1,1,1,0.75,0.95,1,7,1,1,1,1,1,1,1,1,1,1,1,1,1,1,1,1,1,1,1,9,9,1,1,1,1,0.27018,0,0,0,0,0,0,0,0,0,1,0.91,1,0.991782,0.001879,0.008218,8340.291,11221,112,16,184,16026.4272,0,0.1625,0,0,0,0,0.583333,1,0,0.583333,0,0,0.727249,0.801687,0.571559,0.677999,0.617499,v5-shortcut-control-v1
dataset-v5,v3,extraction-v2,ranking-aware-v5,seo_weighted_page_quality_v5,73.6842,62.9,шкафы-купе Екатеринбург,шкафы-купе,commercial,Екатеринбург,54,http://ekb.kupicupe.ru/,ekb.kupicupe.ru,6,0,,,homepage,ok,,..\dataset-v2\artifacts\query--f935d16fd433853e.json,9bfc27b3bef1f8a238df3845fe8c28e70f6a8f5f,105768,62.9,9600,57186,1600,984,0.496719,5.9218,90,10.4263,36,2,2,0,4,1,27,1,270,0,0,0,47,2,2,0.666667,0.333333,4,0.666667,10,0.023725,1,25,24,4,24,8,40,5,55.0278,12.619889,20.191822,2.019182,20.191822,0.247263,0.526981,1,1,79.24,0.111111,0.526981,0.351321,0.351321,0.444444,0.526981,0.8,0.490909,0.137931,0.790846,0.261761,0.526981,200,1,0,0,0,0,0,0,0,0,1,0,0,0,0,0,0,0,1,1,0,0.75,0.75,1,3,1,1,0,1,1,1,1,1,1,1,0,0,1,1,0,1,1,1,0.6,7,7,0.777778,0.777778,0.718519,1,0.426263,0,0,0,0,0,0,0,0,0,0,0.36,1,0.315714,0.247263,0.684286,68.8174,839,9,4,40,8035.6832,0.664355,0.660766,0,0,0,0,0.583333,1,0,0.583333,0,0,0.681493,0.680708,0.548396,0.639243,0.623392,v5-shortcut-control-v1
dataset-v5,v3,extraction-v2,ranking-aware-v5,seo_weighted_page_quality_v5,68.4211,60.2,шкафы-купе Екатеринбург,шкафы-купе,commercial,Екатеринбург,54,https://www.yapokupayu.ru/blogs/post/gde-kupit-shkaf-v-ekaterinburge,yapokupayu.ru,7,0,,,article,ok,,..\dataset-v2\artifacts\query--b674c9caffbc3837.json,7ae7c4e401a6571b7cea11efa7733ac6741e1ede,260976,60.2,9600,60000,1600,1191,0.45165,5.2943,90,12.4976,36,1,10,12,18,1,72,1,113,0,0,0,30,0,1,0,0.333333,4,0.333333,3,0.011377,0.666667,80,24,40,3,4,11,2.75,37.6714,62.571104,10.997345,42.093288,1.137656,0.099515,0.579235,1,1,15.981818,1,0.386157,0,0.193078,0,0.579235,0.433333,0.690909,0.77931,0.252813,0.261611,0.579235,200,1,0,0,1,1,1,0,0,0,1,1,1,0,0,3,0,0,1,0.7,1,1,0.94,1,24,1,1,1,1,1,1,1,1,1,1,1,0,1,2,1,1,1,1,1,8,9,0.888889,1,0.962963,1,0.424513,0,0,0,0,0,0,0,0,0,1,0.93475,1,0.65,0.099515,0.35,185.5996,1481,83,23,29,12213.5611,0.334403,0.413302,0,0,0,0,0.583333,1,0,0.583333,0,0,0.671769,0.760845,0.509501,0.609149,0.537444,v5-shortcut-control-v1
dataset-v5,v3,extraction-v2,ranking-aware-v5,seo_weighted_page_quality_v5,63.1579,63.1,шкафы-купе Екатеринбург,шкафы-купе,commercial,Екатеринбург,54,https://ekat.steklodom.com/mebel-na-zakaz/shkafy/,ekat.steklodom.com,8,0,,,content,ok,,..\dataset-v2\artifacts\query--652653165603bfad.json,8eb4c58487299cad79b3484c9599ad8638244b9e,1143530,63.1,9600,60000,1600,778,0.285505,4.9086,90,21.2891,14,1,6,0,7,1,90,1,184,0,0,0,30,1,1,0.333333,0.333333,2,0.666667,7,0.011009,1,80,24,40,1,4,44,11,180,80,28,46.238532,0.366972,0.016635,0.437091,1,1,9.945255,0.5,0.437091,0.145697,0.291394,0.222222,0.437091,0.683333,0.363636,0.731034,0.366972,0.124791,0.437091,200,1,0,0,0,0,0,0,0,0,1,1,1,0,0,2,0,0,1,0.8,1,0.75,0.91,1,19,1,1,1,1,1,1,1,1,1,1,1,0,1,6,1,1,1,1,1,8,9,0.888889,1,0.962963,1,0.358195,1,1,0,1,0,1,0,0,0.2875,1,0.91,1,0.927224,0.016635,0.072776,1023.9766,4046,78,47,305,11607.1211,0.000007,0.162505,0,0,0,0,0.583333,1,0,0.583333,0,0,0.70502,0.785348,0.514963,0.650577,0.597062,v5-shortcut-control-v1
dataset-v5,v3,extraction-v2,ranking-aware-v5,seo_weighted_page_quality_v5,57.8947,69.5,шкафы-купе Екатеринбург,шкафы-купе,commercial,Екатеринбург,54,https://www.ekbkupe.ru/,ekbkupe.ru,9,0,,,homepage,ok,,..\dataset-v2\artifacts\query--b9c9b1698f425f31.json,c1438e948cadd449b519a9de425a78a162e9ba22,553760,69.5,9600,60000,1600,834,0.320893,5.9861,90,13.9731,36,1,10,12,18,1,164,1,250,0,0,0,95,2,4,0.666667,0.666667,5,0.666667,32,0.036553,1,80,24,40,24,3,34,11.333333,27.9462,80,28,60,40,0.043588,0.594082,1,1,6.85752,0.849462,0.594082,0.396055,0.396055,0.444444,0.594082,0.8,0,0.275862,0.781583,0.190637,0.594082,200,1,0,0,0,0,0,0,0,0,1,1,1,0,0,0,0,0,1,1,1,0.75,0.95,1,6,1,1,0,1,1,1,1,0,1,1,1,0,1,10,1,1,1,1,0.8,7,7,0.777778,0.777778,0.785185,1,0.34795,0,0,0,0,0,0,0,0,0,1,0.91,1,0.809302,0.043588,0.190698,438.7217,2801,52,36,116,12813.7279,0.171468,0.291101,0,0,0,0,0.583333,1,0,0.583333,0,0,0.743156,0.742322,0.613559,0.723906,0.708587,v5-shortcut-control-v1
dataset-v5,v3,extraction-v2,ranking-aware-v5,seo_weighted_page_quality_v5,52.6316,36.9,шкафы-купе Екатеринбург,шкафы-купе,commercial,Екатеринбург,54,https://gipermarketdom.ru/catalog/shkafy_kupe_gotovye/,gipermarketdom.ru,10,0,,,product,ok,,..\dataset-v2\artifacts\query--9a1b306a6c167584.json,4cd3b4bc8232af3380e63c5a1ffe10216c6dfbbd,25552,36.9,350,20722,52,44,0.846154,5.3077,9,5.7778,1,0,0,1,1,1,2,0,0,0,0,0,0,0,0,0,0,0,0,0,0,0,0,1,0,0,1,3,3,52,0,19.230769,0,0,0.01689,0.092354,0,0.75,52,1,0,0,0,0,0.003202,0,0.036364,0,0,0.002258,0.069266,200,1,0,0,0,0,0,0,0,0,1,1,0,0,0,2,0,0,1,0.8,0.5,0.75,0.81,1,1,0,0,1,0,1,0,0,0,1,0,0,0,1,1,0,0,0,0,0.4,3,2,0.333333,0.222222,0.318519,1,0.523096,0,0,0,0,0,0,0,0,0,1,0.796361,1,0.553248,0.01689,0.446752,20.6621,37,6,4,1,2974.7982,0.914716,0.849272,0,0,0,0,0.583333,1,0,0.583333,0,0,0.230527,0.319745,0.095423,0.286366,0.238912,v5-shortcut-control-v1
dataset-v5,v3,extraction-v2,ranking-aware-v5,seo_weighted_page_quality_v5,100.0,32.1,шкафы-купе Новосибирск,шкафы-купе,commercial,Новосибирск,65,https://novosibirsk.lemanapro.ru/catalogue/shkafy-kupe/,novosibirsk.lemanapro.ru,1,0,,,product,ok,,..\dataset-v2\artifacts\query--1e4ed89f0481dca6.json,4e99ca13d7608a3d149fd197683aabe645270c92,10085,32.1,77,8264,13,13,1,5,1,13,1,1,0,0,1,1,12,0,0,0,0,0,0,0,0,0,0,0,0,0,0,0,1,0,0,0,0,0,0,13,76.923077,0,0,0,0.009318,0,0,0,13,1,0,0,0,0,0,0,0.218182,0,0,0,0,403,0,0,0,0,0,0,0,0,0,0,1,1,0,0,2,0,0,1,0.8,1,0.75,0.71,1,1,0,0,0,0,0,0,0,0,0,0,0,0,0,0,0,0,0,0,0.2,1,0,0.111111,0,0.103704,1,0.536196,0,0,0,0,0,0,0,0,0,1,0.760695,1,0.509236,0.009318,0.490764,8.1094,40,0,2,0,3274.7193,0.97443,0.893323,0,0,0,0,0.333333,1,0,0.333333,0,0,0.077255,0.144362,0.050307,0.179143,0.171561,v5-shortcut-control-v1
dataset-v5,v3,extraction-v2,ranking-aware-v5,seo_weighted_page_quality_v5,94.7368,77.7,шкафы-купе Новосибирск,шкафы-купе,commercial,Новосибирск,65,https://shkaf-kupe-novosibirsk.ru/,shkaf-kupe-novosibirsk.ru,2,0,,,homepage,ok,,..\dataset-v2\artifacts\query--29bf5aeadfb0c51a.json,4a2349d35486722f580f7b780e305a5d58d3af77,569240,77.7,9600,60000,1600,1200,0.43554,5.8838,90,12.0496,36,1,10,0,18,1,94,1,162,0,0,0,83,2,1,0.666667,0.333333,5,0.666667,9,0.026291,0.666667,80,24,40,24,3,57,19,45.1,36.426988,21.856193,35.793475,34.843206,0.046402,0.575074,1,1,27.452174,0.342857,0.383383,0.383383,0.383383,0.444444,0.575074,0.75,0.290909,0.882759,0.58424,0.250468,0.575074,200,1,0,0,1,1,1,0,0,0,1,1,1,0,0,0,0,0,1,1,1,1,1,1,21,1,1,1,1,1,1,1,1,1,1,1,1,1,11,0,1,1,1,0.8,9,9,1,1,0.933333,1,0.492968,2,2,0,2,0,1,0,0,0.425,1,0.91,1,0.681275,0.046402,0.318725,491.1709,2174,26,21,69,6018.5989,0.207531,0.318148,0,0,0,0,0.333333,1,0,0.333333,0,0,0.724088,0.78908,0.62015,0.705547,0.651489,v5-shortcut-control-v1
dataset-v5,v3,extraction-v2,ranking-aware-v5,seo_weighted_page_quality_v5,89.4737,23.4,шкафы-купе Новосибирск,шкафы-купе,commercial,Новосибирск,65,https://4nozhki.ru/tovari/shkafi-kupe/novosibirsk/,4nozhki.ru,3,0,,,content,ok,,..\dataset-v2\artifacts\query--d8b9c07ecb56c8fa.json,b44fd5f0f67a245204feb825f46ea4db7fa489e2,17608,23.4,32,15105,4,4,1,6.75,1,4,2,0,0,0,0,0,0,0,0,0,0,0,0,0,0,0,0,0,0,0,0,0,1,0,0,0,0,0,0,2,80,0,0,0,0.002119,0.212028,0,0,4,0,0,0,0,0,0.000565,0,0,0,0,0.000471,0,200,1,0,0,0,0,0,1,1,0,0,1,0,0,0,3,0,0,1,0.7,0.5,0.75,0.59,0,0,0,0,0,0,1,0,0,0,1,0,0,0,0,0,0,0,0,0,0,0,1,0,0.111111,0.037037,1,0.510874,0,0,0,0,0,0,0,0,0,1,0.754444,1,0.59216,0.002119,0.40784,14.9258,46,4,1,0,3083.2108,0.958284,0.881213,0,0,0,0,0.333333,1,0,0.333333,0,0,0.082069,0.070938,0.082205,0.171998,0.199355,v5-shortcut-control-v1
dataset-v5,v3,extraction-v2,ranking-aware-v5,seo_weighted_page_quality_v5,84.2105,32.7,шкафы-купе Новосибирск,шкафы-купе,commercial,Новосибирск,65,https://nsk.lazurit.com/catalog/668/shkafy-kupe/,nsk.lazurit.com,4,0,,,product,ok,,..\dataset-v2\artifacts\query--7b86c58ed1e3d91c.json,6f19e65671866d8636b6c1d41c08efa90ee7ca23,17520,32.7,459,11644,69,63,0.913043,5.4493,7,9.8571,1,0,0,0,0,1,7,0,0,0,0,0,0,0,0,0,0,0,0,0,0,0,0,1,0,0,1,1,1,69,0,14.492754,0,0,0.039419,0.099799,0,0.75,69,0,0,0,0,0,0.004591,0,0.127273,0,0,0.003493,0.074849,200,1,0,0,0,0,1,0,1,1,0,1,1,0,0,1,10,1,1,0.5,1,0.35,0.57,1,1,0,0,1,0,0,0,0,0,0,0,0,0,1,1,0,0,0,0,0.4,3,1,0.333333,0.111111,0.281481,1,0.578428,0,0,0,0,0,0,0,0,0,1,0.8115,1,0.390397,0.039419,0.609603,11.7178,42,1,1,1,6522.8323,0.973478,0.892608,0,0,0,0,0.333333,1,0,0.333333,0,0,0.212234,0.300936,0.063805,0.228046,0.174215,v5-shortcut-control-v1
dataset-v5,v3,extraction-v2,ranking-aware-v5,seo_weighted_page_quality_v5,78.9474,77.9,шкафы-купе Новосибирск,шкафы-купе,commercial,Новосибирск,65,https://mebelti.com/catalog/shkafy-kupe/,mebelti.com,5,0,,,product,ok,,..\dataset-v2\artifacts\query--79bc63d32711a00f.json,d0451ac9dd393192c8d6f18bc587d5081ee822ff,1229725,77.9,9600,60000,1600,470,0.200512,5.5388,22,38,1,1,1,0,2,1,72,1,213,0,0,0,154,3,4,0.666667,0.666667,2,0.666667,13,0.0657,1,80,24,40,0,3,61,20.333333,180,80,28,60,0,0.017447,0.554463,1,1,2.754407,2,0.554463,0.369642,0.369642,0.444444,0.554463,0.8,0.690909,0.531034,0,0.111176,0.554463,200,1,0,0,1,1,0,0,0,0,1,1,1,0,0,2,0,0,1,0.8,1,1,0.96,1,11,1,1,1,1,1,1,1,1,1,1,1,1,1,18,1,1,1,1,1,9,9,1,1,1,1,0.293579,0,0,0,0,0,0,0,0,0,1,0.91,1,0.92367,0.017447,0.07633,908.0039,7113,111,82,212,7399.1245,0.033983,0.187987,0,0,0,0,0.333333,1,0,0.333333,0,0,0.789124,0.845247,0.593488,0.741524,0.693508,v5-shortcut-control-v1
dataset-v5,v3,extraction-v2,ranking-aware-v5,seo_weighted_page_quality_v5,73.6842,62.3,шкафы-купе Новосибирск,шкафы-купе,commercial,Новосибирск,65,https://mebel-nsk.ru/shkafy/shkafy-kype/,mebel-nsk.ru,6,0,,,content,ok,,..\dataset-v2\artifacts\query--ee4006ece67f698a.json,defbdda055476e4d4804b49502238270af3b5d4e,341297,62.3,9600,60000,1600,859,0.342095,5.0709,30,38,36,1,0,0,1,1,43,1,102,0,0,0,77,2,2,0.666667,0.666667,2,0.666667,21,0.030665,1,80,24,40,0,3,160,53.333333,52.3125,80,28,60,0,0.075026,0.25193,1,1,4.483929,0.020833,0.25193,0.167953,0.167953,0.444444,0.25193,0.8,0.781818,0.703448,0.977831,0.086184,0.25193,200,1,0,0,0,0,1,0,0,0,1,1,1,0,0,2,0,0,1,0.8,1,0.75,0.91,1,4,1,1,1,1,1,1,1,0,1,0,0,0,1,33,1,1,1,1,1,8,6,0.888889,0.666667,0.851852,1,0.582957,1,1,0,1,1,0,0,0,0.2875,1,0.91,1,0.363188,0.075026,0.636812,223.4121,2908,11,8,104,4669.4211,0.44669,0.497517,0,0,0,0,0.333333,1,0,0.333333,0,0,0.651549,0.749207,0.375379,0.605699,0.543618,v5-shortcut-control-v1
dataset-v5,v3,extraction-v2,ranking-aware-v5,seo_weighted_page_quality_v5,68.4211,71.9,шкафы-купе Новосибирск,шкафы-купе,commercial,Новосибирск,65,https://artic-mebel.ru/catalog/shkafy-kupe/,artic-mebel.ru,7,0,,,product,ok,,..\dataset-v2\artifacts\query--48aa16efed37439a.json,ab0824feab78e2ab105be460d5006948659ee286,226235,71.9,2899,60000,414,223,0.538647,5.686,44,9.4091,11,0,10,5,18,1,60,1,156,0,0,0,20,2,2,0.666667,0.333333,8,0.666667,9,0.048309,0.666667,51,14,15,0,0,0,0,37.6364,80,28,36.231884,0,0.0151,0.473737,1,0.5,8.117647,2.090909,0.315825,0.315825,0.315825,0.444444,0.130751,0.75,0.909091,0.924138,0.259796,0.058691,0.236869,200,1,0,0,1,1,1,0,0,0,1,1,1,0,0,2,0,0,1,0.8,1,1,0.96,1,2,0,1,1,1,1,1,1,0,1,1,0,0,1,1,1,1,1,1,0.8,8,6,0.888889,0.666667,0.785185,1,0.586573,1,4,0,4,1,0,0,1,0.8,1,0.9685,1,0.933938,0.0151,0.066062,190.4863,737,38,50,14,6629.2632,0.465638,0.511729,0,0,0,0,0.333333,1,0,0.333333,0,0,0.622374,0.72158,0.44351,0.628495,0.599109,v5-shortcut-control-v1
dataset-v5,v3,extraction-v2,ranking-aware-v5,seo_weighted_page_quality_v5,63.1579,64.8,шкафы-купе Новосибирск,шкафы-купе,commercial,Новосибирск,65,http://www.shkaf54.ru/,shkaf54.ru,8,0,,,homepage,ok,,..\dataset-v2\artifacts\query--3222c74b20c3d56a.json,664e946eb89087f0e72b366104993a90f91f0c88,202145,64.8,9600,60000,1600,593,0.281844,5.0908,78,26.9744,36,1,10,5,18,1,43,1,103,0,0,0,32,2,2,0.666667,0.666667,4,0.666667,19,0.015209,0.666667,80,24,40,24,4,17,4.25,19.1273,80,28,28.041825,40,0.096613,0.427917,1,1,11.56044,0.163636,0.285278,0.285278,0.285278,0.444444,0.427917,0.75,0.781818,0.710345,0.337981,0.120606,0.427917,200,1,0,0,0,0,1,0,0,0,1,1,1,0,0,0,0,0,1,1,1,0.75,0.95,1,2,0,1,0,1,1,1,1,1,0,1,0,0,1,7,0,1,1,1,0.4,7,5,0.777778,0.555556,0.577778,1,0.535741,0,0,0,0,0,0,0,0,0,1,0.91,1,0.328571,0.096613,0.671429,145.7988,1541,10,5,112,7187.6826,0.532045,0.561534,0,0,0,0,0.333333,1,0,0.333333,0,0,0.590297,0.610005,0.479003,0.60228,0.577649,v5-shortcut-control-v1
dataset-v5,v3,extraction-v2,ranking-aware-v5,seo_weighted_page_quality_v5,57.8947,76.8,шкафы-купе Новосибирск,шкафы-купе,commercial,Новосибирск,65,https://www.kuhni-nsk.ru/catalog/shkafy_kupe/,kuhni-nsk.ru,9,0,,,product,ok,,..\dataset-v2\artifacts\query--20bb07d10791e866.json,4caed108f19e3ce65870c98128aef29e9f83d435,136454,76.8,6188,60000,929,478,0.514532,5.4812,50,18.58,3,1,1,0,2,1,85,1,164,0,0,0,37,3,3,0.666667,0.333333,4,0.666667,11,0.039828,1,80,20,40,3,7,39,5.571429,180,80,21.528525,60,3.229279,0.073904,0.501397,1,1,6.542254,0.666667,0.501397,0.334265,0.334265,0.444444,0.310532,0.8,0.454545,0.868966,0.672408,0.133149,0.501397,200,1,0,0,1,1,1,0,0,0,1,1,1,0,0,2,0,0,1,0.8,1,1,0.96,1,9,1,1,1,1,1,1,1,0,1,1,0,0,1,4,1,1,1,1,1,8,7,0.888889,0.777778,0.888889,1,0.57885,1,2,0,3,1,0,0,0,0.475,1,0.955,1,0.676669,0.073904,0.323331,89.4346,810,52,9,20,23641.4653,0.532757,0.562068,0,0,0,0,0.333333,1,0,0.333333,0,0,0.749224,0.818817,0.485259,0.711624,0.669629,v5-shortcut-control-v1
dataset-v5,v3,extraction-v2,ranking-aware-v5,seo_weighted_page_quality_v5,52.6316,73.7,шкафы-купе Новосибирск,шкафы-купе,commercial,Новосибирск,65,https://novosibirsk.mebelgrad.com/catalog/shkafy-kupe-3/,novosibirsk.mebelgrad.com,10,0,,,product,ok,,..\dataset-v2\artifacts\query--40af2bb1a812fe00.json,ac88edfb6ce30eff83b01fd58f1f476e53eccebf,2224153,73.7,9600,60000,1600,606,0.182037,5.4728,90,32.3204,10,1,1,0,2,1,68,1,205,0,0,0,134,2,2,0.666667,0.666667,3,0.666667,10,0.040252,1,80,24,40,0,5,58,11.6,180,80,28,60,0,0.012762,0.376673,1,1,2.887251,0.2,0.376673,0.251115,0.251115,0.444444,0.376673,0.8,0.763636,0.586207,0.658256,0.068568,0.376673,200,1,0,0,1,1,0,0,0,0,1,1,1,0,0,2,0,0,1,0.8,1,1,0.96,1,10,1,1,1,1,1,1,0,1,1,1,1,1,1,1,1,1,1,1,1,8,9,0.888889,1,0.962963,1,0.282083,0,0,0,0,0,0,0,0,0,1,0.91,1,0.944166,0.012762,0.055834,1749.418,11250,109,62,387,10308.4622,0,0.1625,0,0,0,0,0.333333,1,0,0.333333,0,0,0.702452,0.786077,0.507481,0.664852,0.613503,v5-shortcut-control-v1
dataset-v5,v3,extraction-v2,ranking-aware-v5,seo_weighted_page_quality_v5,100.0,32.2,шкафы-купе Казань,шкафы-купе,commercial,Казань,43,https://kazan.lemanapro.ru/catalogue/shkafy-kupe/,kazan.lemanapro.ru,1,0,,,product,ok,,..\dataset-v2\artifacts\query--da642e5407210ddc.json,6c13514df86e5af6740e14f0732e4f8402c7ba04,10073,32.2,77,8264,13,13,1,5,1,13,1,1,0,0,1,1,12,0,0,0,0,0,0,0,0,0,0,0,0,0,0,0,1,0,0,0,0,0,0,13,76.923077,0,0,0,0.009318,0,0,0,13,1,0,0,0,0,0,0,0.218182,0,0,0,0,403,0,0,0,0,0,0,0,0,0,0,1,1,0,0,2,0,0,1,0.8,1,0.75,0.71,1,1,0,0,0,0,0,0,0,0,0,0,0,0,0,0,0,0,0,0,0.2,1,0,0.111111,0,0.103704,1,0.536196,0,0,0,0,0,0,0,0,0,1,0.760695,1,0.509236,0.009318,0.490764,8.1094,40,0,2,0,3022.3739,0.97443,0.893323,0,0,0,0,0.583333,1,0,0.583333,0,0,0.083353,0.148427,0.056485,0.183885,0.178336,v5-shortcut-control-v1
dataset-v5,v3,extraction-v2,ranking-aware-v5,seo_weighted_page_quality_v5,94.7368,63.8,шкафы-купе Казань,шкафы-купе,commercial,Казань,43,https://kazan.nonton.ru/mebel/shkafy/,kazan.nonton.ru,2,0,,,content,ok,,..\dataset-v2\artifacts\query--047e9b33af47252f.json,8593bc81c254ca2680cc4c4b10396386e536cf83,2277587,63.8,9600,60000,1600,759,0.176061,5.0566,75,38,1,1,0,0,1,1,79,1,194,0,0,0,440,0,1,0,0.333333,1,0.333333,15,0.102064,1,80,24,40,4,4,180,45,180,80,28,45.697054,0.927859,0.013767,0.341172,1,1,3.589509,1,0.341172,0,0.113724,0,0.341172,0.483333,0.563636,0.662069,0,0.060067,0.341172,200,1,0,0,1,1,0,0,0,0,1,1,1,0,0,2,0,0,1,0.8,1,1,0.96,1,2,0,1,1,1,1,1,1,1,1,1,0,0,1,42,1,1,1,1,0.8,8,7,0.888889,0.777778,0.822222,1,0.291972,0,0,0,0,0,0,0,0,0,1,0.91,1,0.939767,0.013767,0.060233,1950.1777,7248,80,11,221,14278.6733,0.046875,0.197656,0,0,0,0,0.583333,1,0,0.583333,0,0,0.628698,0.718317,0.376534,0.58355,0.526057,v5-shortcut-control-v1
dataset-v5,v3,extraction-v2,ranking-aware-v5,seo_weighted_page_quality_v5,89.4737,65.3,шкафы-купе Казань,шкафы-купе,commercial,Казань,43,https://kazanshkafkupe.ru/,kazanshkafkupe.ru,3,0,,,homepage,ok,,..\dataset-v2\artifacts\query--231e6037a81f33d4.json,9fb60fd1f75c678d3c09774dc0fda515af9ac09a,216079,65.3,5581,60000,824,356,0.432039,5.6262,38,21.6842,36,1,5,12,18,1,69,1,145,0,0,0,98,2,4,0.666667,0.666667,22,0.666667,18,0.118932,1,43,24,30,1,2,84,42,15.8462,52.184466,28,36.407767,1.213592,0.03096,0.371155,1,1,19.162791,0.384615,0.371155,0.247437,0.247437,0.444444,0.203888,0.8,0.745455,1,0,0.073406,0.371155,200,1,0,0,0,0,1,0,0,0,1,1,1,0,0,0,0,0,1,1,1,0.75,0.95,1,1,1,1,0,1,1,1,1,1,1,0,0,0,1,2,1,1,1,1,0.8,7,6,0.777778,0.666667,0.748148,1,0.381557,0,0,0,0,0,0,0,0,0,1,0.91,1,0.800262,0.03096,0.199738,182.5225,1228,30,20,61,4567.6765,0.338654,0.41649,0,0,0,0,0.583333,1,0,0.583333,0,0,0.659558,0.683803,0.474642,0.640308,0.60827,v5-shortcut-control-v1
dataset-v5,v3,extraction-v2,ranking-aware-v5,seo_weighted_page_quality_v5,84.2105,75.6,шкафы-купе Казань,шкафы-купе,commercial,Казань,43,https://kazan.shkafy-moskva.ru/,kazan.shkafy-moskva.ru,4,0,,,homepage,ok,,..\dataset-v2\artifacts\query--580a001688d7c248.json,32ae4ab017928e246a85904fb0c9d64ccbc57bd6,413394,75.6,9600,60000,1600,882,0.324265,5.3452,90,19.1549,36,1,10,6,18,1,67,1,322,0,0,0,54,1,4,0.333333,0.666667,3,0.666667,6,0.019853,1,80,24,40,0,6,95,15.833333,30.2222,80,28,60,0,0.065843,0.447317,1,1,6.634146,0.2,0.447317,0.149106,0.298211,0.222222,0.447317,0.683333,0.781818,0,0.661765,0.145049,0.447317,200,1,0,0,1,1,1,0,0,0,1,1,1,0,0,0,0,0,1,1,1,1,1,1,5,1,1,1,1,1,1,1,1,1,1,1,1,1,5,1,1,1,1,1,9,9,1,1,1,1,0.580503,1,4,0,4,1,0,0,1,0.8,1,0.91,1,0.711937,0.065843,0.288063,289.2227,2590,78,26,140,8507.8868,0.215267,0.32395,0,0,0,0,0.583333,1,0,0.583333,0,0,0.736152,0.807829,0.589344,0.686303,0.625988,v5-shortcut-control-v1
dataset-v5,v3,extraction-v2,ranking-aware-v5,seo_weighted_page_quality_v5,78.9474,65.6,шкафы-купе Казань,шкафы-купе,commercial,Казань,43,https://www.kazan.bestmebelshop.ru/catalog/shkafy-kupe/,kazan.bestmebelshop.ru,5,0,,,product,ok,,..\dataset-v2\artifacts\query--0674e13e8c698a40.json,0e31ac04b247c9b0cb86dc0a1ba7b5a3bbedad34,1117044,65.6,9600,60000,1600,667,0.219192,4.257,90,19.6323,1,0,0,0,0,1,62,1,132,0,0,0,224,2,2,0.666667,0.666667,0,0,89,0.073612,1,80,24,40,1,4,158,39.5,180,80,28,60,0.328623,0.018194,0.237263,1,1,6.419831,0,0.237263,0.158175,0,0,0.237263,0.633333,0.872727,0.910345,0,0.052006,0.237263,200,1,0,0,0,0,1,0,0,0,1,1,1,0,0,2,0,0,1,0.8,1,0.75,0.91,1,6,1,1,1,1,1,1,1,1,1,1,1,1,1,53,1,1,1,1,1,9,9,1,1,1,1,0.497396,3,3,0,3,1,1,0,1,0.8125,1,0.91,1,0.920401,0.018194,0.079599,910.2861,4693,81,21,343,13970.691,0.033315,0.187486,0,0,0,0,0.583333,1,0,0.583333,0,0,0.646303,0.743111,0.391525,0.584296,0.504534,v5-shortcut-control-v1
dataset-v5,v3,extraction-v2,ranking-aware-v5,seo_weighted_page_quality_v5,73.6842,72.2,шкафы-купе Казань,шкафы-купе,commercial,Казань,43,https://kupeshki.ru/,kupeshki.ru,6,0,,,homepage,ok,,..\dataset-v2\artifacts\query--d219949d68839323.json,f3b26390e451fb8925833e4be3a4e4751e81127d,52953,72.2,2862,36315,428,222,0.518692,5.4322,25,17.12,29,1,8,9,18,1,54,1,239,0,0,0,39,3,2,1,0.666667,11,1,19,0.091121,1,36,1,40,1,0,0,0,14.7586,80,2.336449,60,2.336449,0.07881,0.454953,1,0.5,11.888889,0.62069,0.454953,0.454953,0.454953,1,0.129813,1,0.981818,0.351724,0,0.056111,0.227476,200,1,0,0,1,1,0,0,0,0,1,1,1,0,0,0,0,0,1,1,1,1,1,1,1,1,1,0,1,1,1,0,1,1,1,0,0,0,0,0,1,1,1,0.6,5,7,0.555556,0.777778,0.644444,1,0.640118,0,0,0,0,0,0,0,0,0,1,0.99775,1,0.282347,0.07881,0.717653,38.3916,285,6,1,1,3385.9897,0.910092,0.845069,0,0,0,0,0.583333,1,0,0.583333,0,0,0.619695,0.652381,0.520954,0.676992,0.71385,v5-shortcut-control-v1
dataset-v5,v3,extraction-v2,ranking-aware-v5,seo_weighted_page_quality_v5,68.4211,72.7,шкафы-купе Казань,шкафы-купе,commercial,Казань,43,https://kazan.inmyroom.ru/products/mebel/shkafy/shkafy-kupe,kazan.inmyroom.ru,7,0,,,product,ok,,..\dataset-v2\artifacts\query--41aaf9f977050c5e.json,c60f44ea39958b7d6c1ffc78fd7e48021d416f88,1213872,72.7,9600,60000,1600,716,0.357285,5.1193,52,38,6,1,2,0,3,1,70,1,149,0,0,0,137,1,3,0.333333,0.666667,6,0.666667,4,0.068363,1,80,24,24,1,1,14,14,180,80,28,11.976048,0.499002,0.011916,0.401148,1,1,5.205195,0.5,0.401148,0.133716,0.267432,0.222222,0.401148,0.683333,0.727273,0.972414,0,0.143324,0.401148,200,1,0,0,1,1,1,0,0,0,1,1,1,0,0,4,0,0,1,0.6,1,1,0.92,1,6,0,1,1,1,1,1,1,1,1,1,1,0,1,1,1,1,1,1,0.8,8,8,0.888889,0.888889,0.859259,1,0.353033,1,1,0,1,0,1,0,0,0.2875,1,0.91,1,0.947868,0.011916,0.052132,1056.9951,3657,58,20,97,14616.2144,0,0.1625,0,0,0,0,0.583333,1,0,0.583333,0,0,0.672816,0.749687,0.462107,0.630921,0.585135,v5-shortcut-control-v1
dataset-v5,v3,extraction-v2,ranking-aware-v5,seo_weighted_page_quality_v5,63.1579,72.3,шкафы-купе Казань,шкафы-купе,commercial,Казань,43,https://www.divan.ru/kazan/category/shkafy-kupe,divan.ru,8,0,,,category,ok,,..\dataset-v2\artifacts\query--952e1b8ebc4fc6fb.json,508219a017dbae2254db6ce3bf2a75d35fce918b,2692669,72.3,9600,60000,1600,528,0.295467,4.9894,90,13.9609,2,1,0,0,1,1,82,1,238,0,0,0,73,3,3,0.666667,0.666667,2,0.666667,12,0.040851,1,80,24,3,0,1,2,2,180,80,28,1.678791,0,0.00474,0.346025,1,1,3.503922,0.5,0.346025,0.230683,0.230683,0.444444,0.346025,0.8,0.509091,0.358621,0.638314,0.101501,0.346025,200,1,0,0,1,1,1,0,0,0,1,1,1,0,0,3,0,0,1,0.7,1,1,0.94,1,6,0,1,1,1,1,1,1,1,1,1,1,0,1,53,1,1,1,1,0.8,8,8,0.888889,0.888889,0.859259,1,0.332685,1,1,0,1,0,0,0,1,0.2375,1,0.91,1,0.979261,0.00474,0.020739,2306.8008,5693,249,68,94,14583.2556,0,0.1625,0,0,0,0,0.583333,1,0,0.583333,0,0,0.669309,0.748882,0.422505,0.638409,0.594211,v5-shortcut-control-v1
dataset-v5,v3,extraction-v2,ranking-aware-v5,seo_weighted_page_quality_v5,57.8947,70.9,шкафы-купе Казань,шкафы-купе,commercial,Казань,43,https://shkafkzn.ru/,shkafkzn.ru,9,0,,,homepage,ok,,..\dataset-v2\artifacts\query--5a19bec055a48542.json,f7d6b0392a0efa0798ae511fa6b74aa57d79b765,390571,70.9,9600,60000,1600,683,0.406548,5.1946,90,15.1351,36,1,6,12,18,1,60,1,171,0,0,0,22,1,0,0.333333,0,2,0.666667,9,0.013095,1,80,24,40,24,0,0,0,45.4054,80,28,41.666667,20.238095,0.037267,0.382588,1,0.5,5.201238,0.567568,0.382588,0.127529,0.255059,0.222222,0.382588,0.683333,0.909091,0.82069,0.436508,0.145171,0.191294,200,1,0,0,1,1,0,0,0,0,1,1,1,0,0,0,0,0,1,1,1,1,1,1,0,1,1,1,1,1,1,1,1,1,0,0,1,1,1,0,1,1,1,0.8,9,7,1,0.777778,0.859259,1,0.475751,0,0,0,0,0,0,0,0,0,1,0.91,1,0.528383,0.037267,0.471617,306.7754,3540,11,2,208,5819.5558,0.478517,0.521388,0,0,0,0,0.583333,1,0,0.583333,0,0,0.65121,0.738223,0.560716,0.633718,0.599557,v5-shortcut-control-v1
dataset-v5,v3,extraction-v2,ranking-aware-v5,seo_weighted_page_quality_v5,52.6316,57.0,шкафы-купе Казань,шкафы-купе,commercial,Казань,43,https://sova-mk.ru/shkafy-kupe/,sova-mk.ru,10,0,,,content,ok,,..\dataset-v2\artifacts\query--fee531cd8ee86eaf.json,6a8a9820deeb98373a8b4b63e971102ddd31139a,185565,57.0,3779,60000,532,319,0.599624,5.9286,25,21.28,30,1,5,0,6,1,54,1,137,0,1,1,44,3,4,0.666667,0.666667,12,1,20,0.082707,1,38,24,20,20,1,4,4,17.7333,71.428571,28,37.593985,37.593985,0.023072,0.405854,1,1,14,0.2,0.405854,0.270569,0.405854,0.666667,0.143943,0.883333,0.981818,0.944828,0,0.071926,0.405854,200,1,0,0,0,0,0,0,0,0,1,0,1,0,0,1,0,0,1,0.9,0.5,0.75,0.83,1,2,0,1,1,1,1,0,1,0,1,0,0,1,1,1,0,1,0,0,0.6,8,3,0.888889,0.333333,0.607407,1,0.2438,0,0,0,0,0,0,0,0,0,0,0.38025,1,0.899059,0.023072,0.100941,163.791,510,56,18,31,10896.079,0.442014,0.494011,0,0,0,0,0.583333,1,0,0.583333,0,0,0.674229,0.73707,0.538661,0.641629,0.612746,v5-shortcut-control-v1
dataset-v5,v3,extraction-v2,ranking-aware-v5,seo_weighted_page_quality_v5,100.0,32.1,шкафы-купе Краснодар,шкафы-купе,commercial,Краснодар,35,https://krasnodar.lemanapro.ru/catalogue/shkafy-kupe/,krasnodar.lemanapro.ru,1,0,,,product,ok,,..\dataset-v2\artifacts\query--b7dec3ab098c6a99.json,c8483c46e74d6f0e27c6f454a5d844fbab9556d0,10081,32.1,77,8264,13,13,1,5,1,13,1,1,0,0,1,1,12,0,0,0,0,0,0,0,0,0,0,0,0,0,0,0,1,0,0,0,0,0,0,13,76.923077,0,0,0,0.009318,0,0,0,13,1,0,0,0,0,0,0,0.218182,0,0,0,0,403,0,0,0,0,0,0,0,0,0,0,1,1,0,0,2,0,0,1,0.8,1,0.75,0.71,1,1,0,0,0,0,0,0,0,0,0,0,0,0,0,0,0,0,0,0,0.2,1,0,0.111111,0,0.103704,1,0.536196,0,0,0,0,0,0,0,0,0,1,0.760695,1,0.509236,0.009318,0.490764,8.1094,40,0,2,0,4287.7837,0.97443,0.893323,0,0,0,0,0.333333,1,0,0.333333,0,0,0.076156,0.143629,0.049193,0.178288,0.17034,v5-shortcut-control-v1
dataset-v5,v3,extraction-v2,ranking-aware-v5,seo_weighted_page_quality_v5,94.7368,67.3,шкафы-купе Краснодар,шкафы-купе,commercial,Краснодар,35,https://shkaf-krasnodar.ru/,shkaf-krasnodar.ru,2,0,,,homepage,ok,,..\dataset-v2\artifacts\query--c39308ec98c2016b.json,5f7b55540bd168c56455f449808381595e37cae3,152031,67.3,7316,60000,1165,507,0.435193,5.0678,65,17.9231,36,1,0,0,1,1,77,1,118,0,0,0,16,1,0,0.333333,0,0,0,8,0.013734,1,80,24,40,2,1,22,22,7.3734,80,28,60,1.716738,0.077558,0.440822,1,1,5.271493,0.006329,0.440822,0.146941,0,0,0.342372,0.516667,0.6,0.813793,0.457797,0.124165,0.440822,200,1,0,0,1,1,0,0,0,0,1,1,1,0,0,0,0,0,1,1,1,1,1,1,13,0,1,0,0,0,1,0,1,1,1,1,0,1,2,1,1,1,1,0.6,5,7,0.555556,0.777778,0.644444,1,0.550473,0,0,0,0,0,0,0,0,0,1,0.91,1,0.313539,0.077558,0.686461,102.6436,1484,8,2,109,4970.2252,0.590575,0.605431,0,0,0,0,0.333333,1,0,0.333333,0,0,0.589982,0.622389,0.419697,0.585995,0.577281,v5-shortcut-control-v1
dataset-v5,v3,extraction-v2,ranking-aware-v5,seo_weighted_page_quality_v5,89.4737,58.7,шкафы-купе Краснодар,шкафы-купе,commercial,Краснодар,35,http://tkmebeli.ru/shkafy-kupe,tkmebeli.ru,3,0,,,content,ok,,..\dataset-v2\artifacts\query--e1cbda74f7265f41.json,5e9abac9fb7cf154369c83faf5594ef1ac850101,78724,58.7,7738,39378,1149,459,0.399478,5.4943,90,10.5413,36,1,2,0,3,1,65,1,193,0,0,0,81,1,3,0.333333,0.666667,4,0.666667,32,0.070496,1,80,24,40,1,6,24,4,24.9783,80,28,36.553525,0.870322,0.196506,0.370381,1,1,9.820513,0.065217,0.370381,0.12346,0.246921,0.222222,0.283712,0.683333,0.818182,0.668966,0,0.094447,0.370381,200,1,0,0,0,0,1,0,0,0,1,1,0,0,0,1,0,0,1,0.9,0.5,0.75,0.83,1,3,0,1,0,1,1,1,1,0,1,1,0,0,1,1,1,1,0,0,0.6,7,3,0.777778,0.333333,0.57037,1,0.506771,0,0,0,0,0,0,0,0,0,1,0.919,1,0.521429,0.196506,0.478571,45.5068,657,25,3,36,10974.1998,0.622686,0.629514,0,0,0,0,0.333333,1,0,0.333333,0,0,0.614238,0.63457,0.423069,0.578262,0.547822,v5-shortcut-control-v1
dataset-v5,v3,extraction-v2,ranking-aware-v5,seo_weighted_page_quality_v5,84.2105,24.0,шкафы-купе Краснодар,шкафы-купе,commercial,Краснодар,35,https://4nozhki.ru/tovari/shkafi-kupe/krasnodar/,4nozhki.ru,4,0,,,content,ok,,..\dataset-v2\artifacts\query--43d90a30620a5869.json,d9891fa150b751b0f418b1f717e6869e2a2ffe68,17790,24.0,32,15291,4,4,1,6.75,1,4,2,0,0,0,0,0,0,0,0,0,0,0,0,0,0,0,0,0,0,0,0,0,1,0,0,12,0,0,0,2,80,0,0,40,0.002093,0.357217,0,0,4,0,0,0,0,0,0.000953,0,0,0,0,0.000794,0,200,1,0,0,0,0,0,1,1,0,0,1,0,0,0,3,0,0,1,0.7,0.5,0.75,0.59,0,0,0,0,0,0,1,0,0,0,1,0,0,0,0,0,0,0,0,0,0,0,1,0,0.111111,0.037037,1,0.513525,0,0,0,0,0,0,0,0,0,1,0.754444,1,0.592273,0.002093,0.407727,15.1074,46,4,1,0,2631.182,0.958231,0.891931,0,0,0,0,0.333333,1,0,0.333333,0,0,0.104937,0.086183,0.105165,0.189784,0.224763,v5-shortcut-control-v1
dataset-v5,v3,extraction-v2,ranking-aware-v5,seo_weighted_page_quality_v5,78.9474,70.5,шкафы-купе Краснодар,шкафы-купе,commercial,Краснодар,35,https://www.e-1.ru/city/krasnodar/,e-1.ru,5,0,,,content,ok,,..\dataset-v2\artifacts\query--e9c62ca7d1c1be13.json,3892992e739dc8fbf0705cacb117319002d03913,226717,70.5,4212,60000,616,317,0.51461,5.4805,24,25.6667,16,1,3,11,15,1,72,1,126,0,0,0,24,2,1,0.666667,0.333333,3,0.666667,6,0.038961,1,80,5,34,3,0,1,0,38.5,80,8.116883,55.194805,4.87013,0.024848,0.340485,1,0.75,4.134228,0.9375,0.340485,0.22699,0.22699,0.444444,0.139826,0.8,0.690909,0.868966,0.701299,0.059963,0.255364,200,1,0,0,1,1,1,0,0,0,1,1,1,0,0,2,0,0,1,0.8,1,1,0.96,1,11,0,1,1,1,1,1,0,1,1,1,0,1,1,3,1,1,1,1,0.8,8,7,0.888889,0.777778,0.822222,1,0.617067,3,4,0,3,1,0,0,1,0.75,1,0.98875,1,0.891291,0.024848,0.108709,174.2305,669,55,5,5,10903.2196,0.611081,0.620811,0,0,0,0,0.333333,1,0,0.333333,0,0,0.648775,0.73651,0.515224,0.631228,0.597218,v5-shortcut-control-v1
dataset-v5,v3,extraction-v2,ranking-aware-v5,seo_weighted_page_quality_v5,73.6842,69.7,шкафы-купе Краснодар,шкафы-купе,commercial,Краснодар,35,https://bigmebel-krasnodar.ru/shkafy-kupe/,bigmebel-krasnodar.ru,6,0,,,content,ok,,..\dataset-v2\artifacts\query--2be6bcd93e676a53.json,2c5e83bba8a4b4df7819b35192e25d8c120a4aae,3179975,69.7,9600,60000,1600,1200,0.274755,5.5012,90,22.8373,36,1,0,2,3,1,73,1,191,0,0,0,174,2,4,0.666667,0.666667,3,0.666667,9,0.020318,1,80,24,40,24,8,257,32.125,59.8881,71.929005,28,33.745913,12.260626,0.020436,0.238287,1,1,13.902597,0.020979,0.238287,0.158858,0.158858,0.444444,0.238287,0.8,0.672727,0.682759,0.677254,0.06547,0.238287,200,1,0,0,1,1,1,0,0,0,1,1,1,0,0,1,0,0,1,0.9,1,1,0.98,1,4,1,1,1,1,1,1,1,1,1,1,0,1,1,48,1,1,1,1,1,9,8,1,0.888889,0.962963,1,0.452977,1,4,0,4,0,0,0,1,0.65,1,0.91,1,0.910591,0.020436,0.089409,2787.6885,8003,79,101,714,17142.9405,0,0.1625,0,0,0,0,0.333333,1,0,0.333333,0,0,0.672208,0.7639,0.459127,0.627908,0.556729,v5-shortcut-control-v1
dataset-v5,v3,extraction-v2,ranking-aware-v5,seo_weighted_page_quality_v5,68.4211,74.6,шкафы-купе Краснодар,шкафы-купе,commercial,Краснодар,35,https://mebelpik.ru/shop/shkafy-kupe/,mebelpik.ru,7,0,,,product,ok,,..\dataset-v2\artifacts\query--da7671f788b14d27.json,b3f4beacdecc79c911f08e7b55150c89c740c07f,725803,74.6,9600,60000,1600,526,0.22383,5.5855,67,35.0746,17,1,0,12,18,1,76,1,136,0,0,0,107,1,2,0.333333,0.666667,26,0.666667,4,0.045532,1,80,24,40,24,4,36,9,138.2353,80,22.978723,60,28.510638,0.028613,0.321169,1,1,3.76,1.705882,0.321169,0.107056,0.214113,0.222222,0.321169,0.683333,0.618182,0.937931,0.48227,0.071887,0.321169,200,1,0,0,1,1,1,0,0,0,1,1,1,0,0,2,0,0,1,0.8,1,1,0.96,1,2,1,1,1,1,1,1,0,1,1,1,0,1,1,3,1,1,1,1,1,8,8,0.888889,0.888889,0.925926,1,0.537539,1,4,0,5,1,0,0,1,0.85,1,0.91,1,0.874816,0.028613,0.125184,557.6406,2574,91,73,54,17871.3388,0.136629,0.264972,0,0,0,0,0.333333,1,0,0.333333,0,0,0.667124,0.760492,0.521444,0.623828,0.563477,v5-shortcut-control-v1
dataset-v5,v3,extraction-v2,ranking-aware-v5,seo_weighted_page_quality_v5,63.1579,65.4,шкафы-купе Краснодар,шкафы-купе,commercial,Краснодар,35,https://krasnodar.nonton.ru/mebel/shkafy/shkafy-kupe/,krasnodar.nonton.ru,8,0,,,content,ok,,..\dataset-v2\artifacts\query--7cca6b71d191ee15.json,34caa3bcaafa559cf7f5b78fe92405b6b35ba855,2862411,65.4,9600,60000,1600,733,0.169401,5.0538,57,38,1,1,0,0,1,1,54,1,189,0,0,0,742,2,1,0.666667,0.333333,2,0.666667,17,0.171481,1,80,24,40,4,4,152,38,180,80,28,42.292581,0.924428,0.010693,0.222919,1,1,3.676296,1,0.222919,0.148613,0.148613,0.444444,0.222919,0.8,0.981818,0.696552,0,0.037763,0.222919,200,1,0,0,1,1,0,0,0,0,1,1,1,0,0,3,0,0,1,0.7,1,1,0.94,1,2,0,1,1,1,1,1,1,1,1,1,0,0,1,42,1,1,1,1,0.8,8,7,0.888889,0.777778,0.822222,1,0.279821,0,0,0,0,0,0,0,0,0,1,0.91,1,0.953216,0.010693,0.046784,2499.0439,7148,86,22,220,13880.8991,0,0.1625,0,0,0,0,0.333333,1,0,0.333333,0,0,0.623145,0.716566,0.358843,0.592245,0.538814,v5-shortcut-control-v1
dataset-v5,v3,extraction-v2,ranking-aware-v5,seo_weighted_page_quality_v5,52.6316,70.2,шкафы-купе Краснодар,шкафы-купе,commercial,Краснодар,35,https://shkafkupe-krd.ru/,shkafkupe-krd.ru,10,0,,,homepage,ok,,..\dataset-v2\artifacts\query--3010bc3779612e88.json,8533aae9b680a8997462bbde53176a8c1d8760e3,363168,70.2,9600,60000,1600,1050,0.498102,5.9203,90,13.7778,36,1,8,12,18,1,69,1,174,0,0,0,47,2,1,0.666667,0.333333,2,0.666667,7,0.022296,1,80,24,40,24,0,0,0,19.8868,80,28,37.476281,40,0.069217,0.215569,1,0.5,2.592866,0.283019,0.215569,0.143713,0.143713,0.444444,0.215569,0.8,0.745455,0.8,0.743201,0.107375,0.107785,200,1,0,0,1,1,0,0,0,0,1,1,1,0,0,0,0,0,1,1,1,1,1,1,1,1,1,0,1,1,1,1,1,1,1,1,1,1,1,0,1,1,1,0.6,8,8,0.888889,0.888889,0.792593,1,0.49308,0,0,0,0,0,0,0,0,0,1,0.91,1,0.427176,0.069217,0.572824,233.3994,3044,14,7,188,4604.4749,0.435996,0.489497,0,0,0,0,0.333333,1,0,0.333333,0,0,0.568871,0.609295,0.495469,0.576105,0.552006,v5-shortcut-control-v1
dataset-v5,v3,extraction-v2,ranking-aware-v5,seo_weighted_page_quality_v5,100.0,32.4,шкафы-купе Самара,шкафы-купе,commercial,Самара,51,https://samara.lemanapro.ru/catalogue/shkafy-kupe/,samara.lemanapro.ru,1,0,,,product,ok,,..\dataset-v2\artifacts\query--2e613fa06993860f.json,3c00b8c33af5925dd64859789f0dff2bab17c0d1,10075,32.4,77,8264,13,13,1,5,1,13,1,1,0,0,1,1,12,0,0,0,0,0,0,0,0,0,0,0,0,0,0,0,1,0,0,0,0,0,0,13,76.923077,0,0,0,0.009318,0,0,0,13,1,0,0,0,0,0,0,0.218182,0,0,0,0,403,0,0,0,0,0,0,0,0,0,0,1,1,0,0,2,0,0,1,0.8,1,0.75,0.71,1,1,0,0,0,0,0,0,0,0,0,0,0,0,0,0,0,0,0,0,0.2,1,0,0.111111,0,0.103704,1,0.536196,0,0,0,0,0,0,0,0,0,1,0.760695,1,0.509236,0.009318,0.490764,8.1094,40,0,2,0,3285.6928,0.97443,0.893323,0,0,0,0,0,0,0,0,0,0,0.094243,0.155687,0.067519,0.192356,0.190437,v5-shortcut-control-v1
dataset-v5,v3,extraction-v2,ranking-aware-v5,seo_weighted_page_quality_v5,94.7368,66.0,шкафы-купе Самара,шкафы-купе,commercial,Самара,51,https://sam-mebel.ru/,sam-mebel.ru,2,0,,,homepage,ok,,..\dataset-v2\artifacts\query--d0a58a886118afdd.json,207a112b432b9497668853b941c20dd8a852c91d,927502,66.0,9600,60000,1600,762,0.175414,5.7878,90,17.1024,36,1,3,0,4,1,51,1,200,0,0,0,170,2,5,0.666667,0.666667,8,0.666667,13,0.039134,1,80,24,0,22,31,124,4,68.9524,34.760589,14.27256,0,5.064457,0.037557,0.512098,1,0.75,28.768212,0.063492,0.512098,0.341399,0.341399,0.444444,0.512098,0.8,0.927273,0.62069,0.695519,0.089829,0.384074,200,1,0,0,0,0,1,0,0,0,1,1,0,0,0,0,0,0,1,1,0.5,0.75,0.85,1,1,1,1,0,1,1,1,0,0,1,0,0,0,1,45,1,1,1,1,0.8,6,5,0.666667,0.555556,0.674074,1,0.367727,0,0,0,0,0,0,0,0,0,1,0.91,1,0.694259,0.037557,0.305741,816.8145,3234,24,59,62,9009.9423,0.123556,0.255167,0,0,0,0,0,0,0,0,0,0,0.66148,0.685875,0.529242,0.647071,0.644194,v5-shortcut-control-v1
dataset-v5,v3,extraction-v2,ranking-aware-v5,seo_weighted_page_quality_v5,89.4737,74.2,шкафы-купе Самара,шкафы-купе,commercial,Самара,51,https://www.e-1.ru/city/samara/,e-1.ru,3,0,,,content,ok,,..\dataset-v2\artifacts\query--6e5ec407e3a9e06a.json,02e0bdf553795dd4548c7912e7a254fa595738e9,220865,74.2,4106,60000,604,319,0.528146,5.4387,24,25.1667,15,1,3,10,14,1,68,1,122,0,0,0,23,2,1,0.666667,0.333333,3,0.666667,6,0.038079,1,80,5,34,3,0,1,0,40.2667,80,8.278146,56.291391,4.966887,0.024685,0.549807,1,0.75,4.081081,0.933333,0.549807,0.366538,0.366538,0.444444,0.221389,0.8,0.763636,0.841379,0.730684,0.097438,0.412355,200,1,0,0,1,1,1,0,0,0,1,1,1,0,0,2,0,0,1,0.8,1,1,0.96,1,11,0,1,1,1,1,1,0,1,1,1,0,1,1,3,1,1,1,1,0.8,8,7,0.888889,0.777778,0.822222,1,0.617259,3,4,0,3,1,0,0,1,0.75,1,0.98875,1,0.892001,0.024685,0.107999,170.5361,661,53,5,5,11832.7476,0.613052,0.622289,0,0,0,0,0,0,0,0,0,0,0.724131,0.789495,0.597076,0.708154,0.691413,v5-shortcut-control-v1
dataset-v5,v3,extraction-v2,ranking-aware-v5,seo_weighted_page_quality_v5,84.2105,69.6,шкафы-купе Самара,шкафы-купе,commercial,Самара,51,https://samara.nonton.ru/mebel/shkafy/shkafy-kupe/,samara.nonton.ru,4,0,,,content,ok,,..\dataset-v2\artifacts\query--43e503eb2418744a.json,737cfc75f2e38a0cec163b8c7c3e8123aef136c6,2856731,69.6,9600,60000,1600,730,0.168513,5.0471,57,38,1,1,0,0,1,1,50,1,185,0,0,0,742,2,1,0.666667,0.333333,2,0.666667,17,0.171283,1,80,24,40,4,4,152,38,180,80,28,42.243767,0.923361,0.010716,0.431822,1,1,3.680544,1,0.431822,0.287881,0.287881,0.444444,0.431822,0.8,0.909091,0.724138,0,0.072768,0.431822,200,1,0,0,1,1,0,0,0,0,1,1,1,0,0,3,0,0,1,0.7,1,1,0.94,1,2,0,1,1,1,1,1,1,1,1,1,0,0,1,42,1,1,1,1,0.8,8,7,0.888889,0.777778,0.822222,1,0.279846,0,0,0,0,0,0,0,0,0,1,0.91,1,0.953117,0.010716,0.046883,2493.7607,7126,65,22,218,14130.0672,0,0.1625,0,0,0,0,0,0,0,0,0,0,0.701483,0.771403,0.458094,0.670583,0.63282,v5-shortcut-control-v1
dataset-v5,v3,extraction-v2,ranking-aware-v5,seo_weighted_page_quality_v5,78.9474,71.9,шкафы-купе Самара,шкафы-купе,commercial,Самара,51,https://mebeldom63.ru/cat/shkafyi/shkafy-kupe/,mebeldom63.ru,5,0,,,content,ok,,..\dataset-v2\artifacts\query--b4b0c35968c553c5.json,65ea6a3f6db1dfd4e7a86ffe57af5a36319494f0,246698,71.9,9481,60000,1482,494,0.333333,5.0951,90,9.3797,24,1,10,3,18,1,49,1,151,0,0,0,62,1,1,0.333333,0.333333,43,0.666667,13,0.041835,1,80,24,40,2,2,20,10,61.75,80,28,60,1.349528,0.05567,0.519774,1,1,8.233333,1.916667,0.519774,0.173258,0.346516,0.222222,0.513537,0.683333,0.890909,0.958621,0.605488,0.142649,0.519774,200,1,0,0,1,1,1,0,0,0,1,1,1,0,0,3,0,0,1,0.7,1,1,0.94,1,8,0,1,1,1,1,1,1,1,1,0,0,1,1,40,0,1,1,1,0.6,9,6,1,0.666667,0.755556,1,0.602511,1,4,0,5,1,0,0,1,0.85,1,0.91,1,0.756442,0.05567,0.243558,180.2061,1127,68,37,44,6838.9904,0.325316,0.406487,0,0,0,0,0,0,0,0,0,0,0.717468,0.765993,0.615295,0.675907,0.639074,v5-shortcut-control-v1
dataset-v5,v3,extraction-v2,ranking-aware-v5,seo_weighted_page_quality_v5,73.6842,65.2,шкафы-купе Самара,шкафы-купе,commercial,Самара,51,https://shkafoff.su/,shkafoff.su,6,0,,,homepage,ok,,..\dataset-v2\artifacts\query--974e975f05fb586e.json,92d2a2be34fb982e162203a15e434ca96c2f9cb8,302182,65.2,9600,60000,1600,832,0.474615,5.6982,90,17.1863,36,2,10,5,18,1,43,1,123,0,0,0,13,2,1,0.666667,0.333333,2,0.333333,4,0.007416,0.666667,80,24,20,16,6,19,3.166667,12.0897,80,28,11.409013,9.12721,0.054798,0.530927,1,1,4.829201,0.158621,0.353951,0.353951,0.176976,0.222222,0.530927,0.666667,0.781818,0.848276,0.164797,0.245406,0.530927,200,1,0,0,1,0,0,0,0,0,1,1,1,0,0,0,0,0,1,1,1,0,0.8,1,5,1,1,0,1,1,1,1,1,1,1,0,0,1,2,1,1,1,1,0.8,7,7,0.777778,0.777778,0.785185,1,0.398934,0,0,0,0,0,0,0,0,0,1,0.91,1,0.760258,0.054798,0.239742,226.8252,1175,37,8,68,8151.2515,0.377992,0.445994,0,0,0,0,0,0,0,0,0,0,0.639879,0.666786,0.511801,0.599018,0.552431,v5-shortcut-control-v1
dataset-v5,v3,extraction-v2,ranking-aware-v5,seo_weighted_page_quality_v5,68.4211,67.2,шкафы-купе Самара,шкафы-купе,commercial,Самара,51,https://mebel-kega.ru/shkafy/shkafy-kupe,mebel-kega.ru,7,0,,,content,ok,,..\dataset-v2\artifacts\query--262a7035809864a9.json,90cc4f61f3b6c6557a260df4cb7b256508b500c0,164791,67.2,2829,60000,474,207,0.436709,4.5802,8,38,4,1,2,0,3,1,112,1,220,0,0,0,50,4,5,0.666667,1,2,0.666667,26,0.105485,1,80,24,27,4,39,122,3.128205,118.5,80,28,56.962025,8.438819,0.022062,0.563371,1,1,3.917355,0.75,0.563371,0.375581,0.375581,0.444444,0.178025,0.8,0,0.482759,0,0.064788,0.563371,200,1,0,0,1,1,0,0,0,0,1,1,1,0,0,2,0,0,1,0.8,1,1,0.96,1,3,1,0,0,1,1,0,0,1,1,1,0,1,1,1,0,1,1,1,0.4,5,6,0.555556,0.666667,0.540741,1,0.51041,0,0,0,0,0,0,0,0,0,1,0.91225,1,0.530621,0.022062,0.469379,128.0205,1045,6,2,39,6781.6681,0.663347,0.66001,0,0,0,0,0,0,0,0,0,0,0.652464,0.550085,0.55136,0.674864,0.697517,v5-shortcut-control-v1
dataset-v5,v3,extraction-v2,ranking-aware-v5,seo_weighted_page_quality_v5,63.1579,70.9,шкафы-купе Самара,шкафы-купе,commercial,Самара,51,https://shkafoff-63.ru/shkaf-kupe.php,shkafoff-63.ru,8,0,,,content,ok,,..\dataset-v2\artifacts\query--a7fb26e0ce6df5f7.json,34ac9f889682b0148361b4c1035a0162019024aa,362589,70.9,9600,60000,1600,671,0.419375,5.2,90,16.3265,36,1,3,0,4,1,54,1,104,0,0,0,31,2,2,0.666667,0.666667,2,0.666667,11,0.019375,1,80,24,40,17,2,27,13.5,12.2137,80,28,38.75,10.625,0.039344,0.468281,1,1,3.426124,0.030534,0.468281,0.312187,0.312187,0.444444,0.468281,0.8,0.981818,0.717241,0.645833,0.174565,0.468281,200,1,0,0,1,1,0,0,0,0,1,1,1,0,0,1,0,0,1,0.9,1,1,0.98,1,5,1,1,0,1,1,1,1,1,0,1,0,1,1,1,1,1,1,1,0.8,8,6,0.888889,0.666667,0.785185,1,0.457175,0,0,0,0,0,0,0,0,0,1,0.91,1,0.545013,0.039344,0.454987,274.2471,2584,13,10,199,8206.2538,0.401618,0.463714,0,0,0,0,0,0,0,0,0,0,0.718455,0.724274,0.590199,0.694155,0.660226,v5-shortcut-control-v1
dataset-v5,v3,extraction-v2,ranking-aware-v5,seo_weighted_page_quality_v5,57.8947,67.5,шкафы-купе Самара,шкафы-купе,commercial,Самара,51,https://furnituremodern.ru/samara,furnituremodern.ru,9,0,,,content,ok,,..\dataset-v2\artifacts\query--964063cd15307f98.json,aeb2fc31a89f17ab0f05ece4d3f98a73df8155f0,520314,67.5,9600,60000,1600,1041,0.375948,5.4287,90,20.6642,24,1,1,12,18,1,87,1,231,0,0,0,89,1,3,0.333333,0.666667,0,0,16,0.032142,1,80,24,40,1,2,12,6,115.375,80,28,60,0.361141,0.044526,0.586071,1,1,10.409774,1,0.586071,0.195357,0,0,0.586071,0.516667,0.418182,0.406897,0.928614,0.220332,0.586071,200,1,0,0,1,1,1,0,0,0,1,1,1,0,0,1,0,0,1,0.9,1,1,0.98,1,54,0,1,1,1,1,1,1,1,1,1,1,1,1,1,0,1,1,1,0.6,9,8,1,0.888889,0.82963,1,0.349728,0,0,0,0,0,0,0,0,0,1,0.91,1,0.805197,0.044526,0.194803,425.0273,1879,37,23,122,4930.2625,0.17548,0.29411,0,0,0,0,0,0,0,0,0,0,0.718079,0.764146,0.631405,0.661351,0.621408,v5-shortcut-control-v1
dataset-v5,v3,extraction-v2,ranking-aware-v5,seo_weighted_page_quality_v5,52.6316,55.0,шкафы-купе Самара,шкафы-купе,commercial,Самара,51,https://fabrikasamara.ru/shkafy-kupe,fabrikasamara.ru,10,0,,,content,ok,,..\dataset-v2\artifacts\query--6bbe0f40027df4ab.json,fc993df11f96e983def6461b02d096cea512a04f,173503,55.0,4303,60000,585,359,0.613675,6.1299,38,15.3947,32,1,1,0,2,1,55,1,248,0,0,0,36,2,2,0.666667,0.666667,3,0.666667,11,0.061538,1,53,24,40,4,1,4,4,18.2812,80,28,60,6.837607,0.029815,0.484816,1,1,11.037736,0.0625,0.484816,0.323211,0.323211,0.444444,0.189078,0.8,1,0.289655,0,0.096694,0.484816,200,1,0,0,0,0,0,0,0,0,1,0,1,0,0,1,0,0,1,0.9,0.5,0.75,0.83,1,2,1,1,0,0,1,1,0,1,1,0,0,0,1,1,1,1,1,1,0.8,5,6,0.555556,0.666667,0.674074,1,0.277915,0,0,0,0,0,0,0,0,0,0,0.37125,1,0.792418,0.029815,0.207582,146.5479,447,29,14,35,6954.9178,0.493768,0.532826,0,0,0,0,0,0,0,0,0,0,0.652281,0.678739,0.447933,0.633231,0.626417,v5-shortcut-control-v1
dataset-v5,v3,extraction-v2,ranking-aware-v5,seo_weighted_page_quality_v5,100.0,65.3,шкафы-купе Нижний Новгород,шкафы-купе,commercial,Нижний Новгород,47,https://shkaf-nnov.ru/,shkaf-nnov.ru,1,0,,,homepage,ok,,..\dataset-v2\artifacts\query--e75435172874288b.json,d66d0debb21fb4a5edb4597321b9aab03387b657,86715,65.3,5961,57317,841,476,0.565993,5.7907,70,12.0143,25,1,3,0,4,1,73,0,0,0,0,0,28,4,0,1,0,2,0.5,5,0.033294,1,80,24,40,5,1,7,7,33.64,80,28,52.318668,5.945303,0.104001,0.19552,1,1,10.382716,0.16,0.19552,0.19552,0.09776,0.5,0.109622,0.875,0.672727,0,0.89021,0.051704,0.19552,200,1,0,0,0,0,0,0,0,0,1,1,1,0,0,0,0,0,1,1,1,0.75,0.95,1,7,1,1,1,1,1,1,1,1,0,1,0,0,1,1,1,1,1,1,1,8,7,0.888889,0.777778,0.888889,1,0.479627,0,0,0,0,0,0,0,0,0,1,0.9415,1,0.598571,0.104001,0.401429,61.1729,495,31,12,26,23886.5052,0.550769,0.575577,0,0,0,0,0,0,0,0,0,0,0.641911,0.743665,0.385065,0.604094,0.541622,v5-shortcut-control-v1
dataset-v5,v3,extraction-v2,ranking-aware-v5,seo_weighted_page_quality_v5,94.7368,70.1,шкафы-купе Нижний Новгород,шкафы-купе,commercial,Нижний Новгород,47,https://mastershkaf-nn.ru/,mastershkaf-nn.ru,2,0,,,homepage,ok,,..\dataset-v2\artifacts\query--978f1e9f82d783cd.json,e6134fdf2ae78bfe35cca7c4c7b4700aca691554,420265,70.1,9600,60000,1600,988,0.438721,5.4605,90,11.6684,36,1,7,12,18,1,70,1,191,0,0,0,41,1,0,0.25,0,1,0.25,9,0.018206,1,80,24,40,24,0,0,0,45.04,80,28,43.516874,38.188277,0.049263,0.319672,1,0.5,6.844985,0.46,0.319672,0.079918,0.079918,0.0625,0.319672,0.55,0.727273,0.682759,0.606868,0.140247,0.159836,200,1,0,0,1,1,0,0,0,0,1,1,1,0,0,0,0,0,1,1,1,1,1,1,1,0,1,0,1,1,1,1,1,1,1,1,1,1,1,1,1,1,1,0.6,8,7,0.888889,0.777778,0.755556,1,0.487879,0,0,0,0,0,0,0,0,0,1,0.91,1,0.475905,0.049263,0.524095,324.8369,3789,11,2,211,5031.3199,0.473226,0.51742,0,0,0,0,0,0,0,0,0,0,0.573296,0.610679,0.51529,0.56911,0.543883,v5-shortcut-control-v1
dataset-v5,v3,extraction-v2,ranking-aware-v5,seo_weighted_page_quality_v5,89.4737,69.3,шкафы-купе Нижний Новгород,шкафы-купе,commercial,Нижний Новгород,47,https://www.nn.bestmebelshop.ru/catalog/shkafy-kupe/,nn.bestmebelshop.ru,3,0,,,product,ok,,..\dataset-v2\artifacts\query--9bd5a45511f800b0.json,1c2b160069770413fc52b77ec90ad1f654113954,1121206,69.3,9600,60000,1600,775,0.245021,4.3377,90,19.2866,3,1,0,0,1,1,72,1,145,0,0,0,231,2,2,0.5,0.5,2,0.5,90,0.073032,1,80,24,40,1,4,158,39.5,180,80,28,58.804932,0.316156,0.019171,0.271367,1,1,6.672996,0.333333,0.271367,0.135684,0.135684,0.25,0.271367,0.7,0.690909,1,0,0.06649,0.271367,200,1,0,0,0,0,1,0,0,0,1,1,1,0,0,2,0,0,1,0.8,1,0.75,0.91,1,6,1,1,1,1,1,1,1,1,1,1,1,1,1,53,1,1,1,1,1,9,9,1,1,1,1,0.498331,3,3,0,3,1,1,0,1,0.8125,1,0.91,1,0.916129,0.019171,0.083871,912.7227,4698,79,21,343,10419.272,0.032601,0.186951,0,0,0,0,0,0,0,0,0,0,0.666785,0.757756,0.429806,0.606829,0.532189,v5-shortcut-control-v1
dataset-v5,v3,extraction-v2,ranking-aware-v5,seo_weighted_page_quality_v5,84.2105,59.6,шкафы-купе Нижний Новгород,шкафы-купе,commercial,Нижний Новгород,47,https://sandi-nn.ru/,sandi-nn.ru,4,0,,,homepage,ok,,..\dataset-v2\artifacts\query--b262edd654bcb010.json,922bb224019d8bdf92f379b9fe0002fdd478e5b6,46783,59.6,2088,29339,290,176,0.606897,5.9172,17,17.0588,5,0,2,0,2,1,83,1,222,0,0,0,22,2,0,0.5,0,0,0,22,0.075862,1,62,17,40,1,4,20,5,58,80,28,60,3.448276,0.071168,0.533077,1,1,4.677419,0.4,0.533077,0.266539,0,0,0.103062,0.575,0.490909,0.468966,0,0.052123,0.533077,200,1,0,0,0,0,1,0,0,0,1,1,1,0,0,0,0,0,1,1,1,0.75,0.95,0,0,0,1,1,0,1,1,1,0,1,1,0,0,1,1,0,1,1,1,0.4,6,6,0.666667,0.666667,0.577778,1,0.532413,0,0,0,0,0,0,0,0,0,1,0.96175,1,0.50864,0.071168,0.49136,30.9951,316,21,10,17,4970.5007,0.685392,0.676544,0,0,0,0,0,0,0,0,0,0,0.626036,0.631314,0.421401,0.613299,0.61199,v5-shortcut-control-v1
dataset-v5,v3,extraction-v2,ranking-aware-v5,seo_weighted_page_quality_v5,78.9474,66.0,шкафы-купе Нижний Новгород,шкафы-купе,commercial,Нижний Новгород,47,https://novgorod.spravker.ru/shkafyi-kupe/,novgorod.spravker.ru,5,0,,,content,ok,,..\dataset-v2\artifacts\query--ff258d58a7cd47ca.json,2ff29b5045ecd7632ac6842a458d634430231f43,318802,66.0,9230,60000,1600,437,0.245093,3.8435,90,12.8273,1,1,0,0,1,1,57,1,90,0,0,0,134,2,2,0.5,0.5,2,0.5,20,0.075154,1,80,2,30,1,3,3,1,180,75.154234,1.121705,16.825575,0.560852,0.041214,0.341775,1,1,13.30597,1,0.341775,0.170887,0.170887,0.25,0.341775,0.7,0.963636,0.62069,0,0.082975,0.341775,200,1,0,0,1,1,0,0,0,0,1,1,1,0,0,1,0,0,1,0.9,1,1,0.98,1,88,1,1,1,0,1,0,0,0,1,1,1,1,1,1,0,1,1,1,0.8,6,8,0.666667,0.888889,0.785185,1,0.563107,2,2,0,2,0,0,0,1,0.375,1,0.9955,1,0.639688,0.041214,0.360312,227.0391,1602,21,17,2,7137.6905,0.478818,0.521614,0,0,0,0,0,0,0,0,0,0,0.618171,0.716221,0.468803,0.608181,0.580482,v5-shortcut-control-v1
dataset-v5,v3,extraction-v2,ranking-aware-v5,seo_weighted_page_quality_v5,73.6842,58.2,шкафы-купе Нижний Новгород,шкафы-купе,commercial,Нижний Новгород,47,https://nizhnij-novgorod.jsprav.ru/proizvodstvo-i-prodazha-shkafov-kupe/,nizhnij-novgorod.jsprav.ru,6,0,,,content,ok,,..\dataset-v2\artifacts\query--9a909d7d8096df22.json,cc24e7ab9ed8c09b537dffa7f02ff36206903065,347050,58.2,8540,60000,1242,431,0.347021,5.5709,90,10.9912,1,1,0,0,1,1,97,1,175,0,0,0,107,2,2,0.5,0.5,2,0.5,18,0.086151,1,80,4,40,0,1,1,1,180,80,3.220612,60,0,0.03464,0.268479,1,1,6.179104,1,0.268479,0.13424,0.13424,0.25,0.222301,0.7,0.236364,0.793103,0,0.064286,0.268479,200,1,0,0,0,0,0,0,0,0,1,1,1,0,0,1,0,0,1,0.9,1,0.75,0.93,1,23,0,1,1,0,1,0,1,0,0,1,1,1,1,27,0,1,1,1,0.6,7,6,0.777778,0.666667,0.681481,1,0.689689,4,4,0,4,1,0,0,1,0.8,1,0.991,1,0.57845,0.03464,0.42155,249.7988,1978,14,13,4,10766.1845,0.511608,0.546206,0,0,0,0,0,0,0,0,0,0,0.587384,0.67868,0.423445,0.570794,0.536498,v5-shortcut-control-v1
dataset-v5,v3,extraction-v2,ranking-aware-v5,seo_weighted_page_quality_v5,68.4211,61.9,шкафы-купе Нижний Новгород,шкафы-купе,commercial,Нижний Новгород,47,https://kupe52.ru/,kupe52.ru,7,0,,,homepage,ok,,..\dataset-v2\artifacts\query--014368e78a77866e.json,1466dd7bf279c325a500393186d56a96fe1fcf78,207614,61.9,5423,60000,785,432,0.550318,5.7159,42,18.6905,31,1,1,1,3,1,99,1,174,0,0,0,53,2,1,0.5,0.25,2,0.5,22,0.067516,1,79,22,0,16,1,3,3,25.3226,80,28,0,20.382166,0.030875,0.504805,1,0.75,9.936709,0.096774,0.504805,0.252402,0.252402,0.25,0.264181,0.7,0.2,0.8,0,0.121153,0.378604,200,1,0,0,0,0,0,0,0,0,1,1,1,0,0,0,0,0,1,1,1,0.75,0.95,1,1,0,1,1,1,1,0,0,1,1,0,0,0,1,3,1,1,1,1,0.8,6,6,0.666667,0.666667,0.711111,1,0.410592,0,0,0,0,0,0,0,0,0,1,0.9505,1,0.826352,0.030875,0.173648,176.2197,611,32,19,22,5399.0461,0.474294,0.51822,0,0,0,0,0,0,0,0,0,0,0.652426,0.7406,0.476233,0.645104,0.639482,v5-shortcut-control-v1
dataset-v5,v3,extraction-v2,ranking-aware-v5,seo_weighted_page_quality_v5,63.1579,67.8,шкафы-купе Нижний Новгород,шкафы-купе,commercial,Нижний Новгород,47,https://nizhniynovgorod.mebel-1000.ru/catalogue/korpusnaya-mebel/shkafy-kupe/,nizhniynovgorod.mebel-1000.ru,8,0,,,product,ok,,..\dataset-v2\artifacts\query--eca54d0ae4f4aae3.json,eec9b7a2a2f439f7c6b4f852a67b7cb147628893,277823,67.8,9600,60000,1600,821,0.418664,5.3406,89,22.0337,20,1,5,12,18,1,75,1,205,0,0,0,71,2,2,0.25,0.25,45,1,10,0.036206,1,80,24,40,6,4,14,3.5,98.05,80,28,60,3.059663,0.074705,0.365509,1,1,6.953901,2.65,0.365509,0.091377,0.365509,0.25,0.365509,0.7375,0.636364,0.586207,0.793133,0.153025,0.365509,200,1,0,0,1,0,1,0,0,0,1,1,1,0,0,3,0,0,1,0.7,1,0,0.74,1,6,1,1,1,1,1,1,1,1,1,0,0,0,1,8,1,1,1,1,1,8,7,0.888889,0.777778,0.888889,1,0.402423,0,0,0,0,0,0,0,0,0,1,0.91,1,0.673168,0.074705,0.326832,180.0293,1501,67,32,62,9401.0857,0.280479,0.372859,0,0,0,0,0,0,0,0,0,0,0.672435,0.75919,0.480039,0.595673,0.534876,v5-shortcut-control-v1
dataset-v5,v3,extraction-v2,ranking-aware-v5,seo_weighted_page_quality_v5,57.8947,72.5,шкафы-купе Нижний Новгород,шкафы-купе,commercial,Нижний Новгород,47,https://nizhnovgorod.aristo.ru/,nizhnovgorod.aristo.ru,9,0,,,homepage,ok,,..\dataset-v2\artifacts\query--93dff02cd571d4c9.json,c02da94941b4462606027a246922aaa175f2df0c,1176084,72.5,9600,60000,1600,751,0.281907,6.1637,90,24.8972,20,2,6,12,18,1,102,1,217,0,0,0,69,5,2,1,0.5,2,0.5,19,0.025901,1,80,24,15,1,7,35,5,133.2,80,16.141141,5.630631,0.375375,0.01967,0.464212,1,1,5.403651,1.25,0.464212,0.464212,0.232106,0.5,0.464212,0.875,0.145455,0.503448,0.863363,0.130865,0.464212,200,1,0,0,1,1,0,0,0,0,1,1,1,0,0,0,0,0,1,1,1,1,1,1,4,1,1,1,0,1,0,0,1,1,1,0,0,1,9,1,1,1,1,1,5,8,0.555556,0.888889,0.814815,1,0.364306,1,1,0,1,1,0,0,0,0.2875,1,0.91,1,0.913943,0.01967,0.086057,995.9297,3926,96,63,43,24887.2324,0.01489,0.173668,0,0,0,0,0,0,0,0,0,0,0.688811,0.782837,0.561652,0.693274,0.683001,v5-shortcut-control-v1
dataset-v5,v3,extraction-v2,ranking-aware-v5,seo_weighted_page_quality_v5,52.6316,62.8,шкафы-купе Нижний Новгород,шкафы-купе,commercial,Нижний Новгород,47,https://exline-nn.ru/shkafy-kupe,exline-nn.ru,10,0,,,content,ok,,..\dataset-v2\artifacts\query--6503ea55a264abac.json,400d0ba031825791667c956d9786e2d28deeece1,267782,62.8,9600,60000,1438,572,0.397775,5.614,64,22.4688,23,1,3,1,5,1,56,1,68,0,0,0,82,3,2,0.5,0.5,6,1,18,0.057024,1,80,24,40,7,2,12,6,62.5217,80,28,60,4.867872,0.047216,0.478039,1,1,8.822086,0.217391,0.478039,0.239019,0.478039,0.5,0.45828,0.825,0.981818,0.468966,0.099212,0.15191,0.478039,200,1,0,0,0,0,1,0,0,0,1,1,1,0,0,1,0,0,1,0.9,1,0.75,0.93,1,12,1,1,1,0,1,1,1,1,1,1,0,0,1,4,1,1,1,1,1,7,8,0.777778,0.888889,0.888889,1,0.378676,0,0,0,0,0,0,0,0,0,1,0.91,1,0.79343,0.047216,0.20657,211.7725,1114,51,41,54,9192.7292,0.314179,0.398134,0,0,0,0,0,0,0,0,0,0,0.722032,0.801003,0.542405,0.692568,0.659343,v5-shortcut-control-v1
dataset-v5,v3,extraction-v2,ranking-aware-v5,seo_weighted_page_quality_v5,100.0,80.7,шкафы-купе цена Москва,шкафы-купе,commercial,Москва,213,https://good-mebel.com/category/shkafy-kupe/,good-mebel.com,1,0,,,category,ok,,..\dataset-v2\artifacts\query--06a5e8cae0c157ee.json,2b738949d2399b8ddfddeb11d52b52510396f4e6,3789709,80.7,9600,60000,1600,890,0.239763,4.6212,90,29,12,1,0,0,1,1,94,1,199,0,0,0,123,3,4,0.5,0.5,1,0.25,10,0.033136,1,80,24,40,0,2,20,10,180,80,28,60,0,0.00635,0.769683,1,1,3.488722,0.083333,0.769683,0.384842,0.192421,0.125,0.769683,0.6375,0.290909,0.627586,0.895474,0.184541,0.769683,200,1,0,0,1,1,0,0,0,0,1,1,1,0,0,2,0,0,1,0.8,1,1,0.96,1,5,1,1,1,1,1,1,1,1,1,1,1,1,1,53,1,1,1,1,1,9,9,1,1,1,1,0.27507,0,0,0,0,0,0,0,0,0,1,0.91,1,0.97222,0.00635,0.02778,3344.6719,9857,70,33,438,13330.4291,0,0.1625,0,1,0,0,0.05,1,0.45,0.5,0,0,0.840775,0.87756,0.657827,0.767562,0.87756,v5-shortcut-control-v1
dataset-v5,v3,extraction-v2,ranking-aware-v5,seo_weighted_page_quality_v5,94.7368,78.2,шкафы-купе цена Москва,шкафы-купе,commercial,Москва,213,https://www.shkaf-kupe.ru/category/shkafy-kupe/,shkaf-kupe.ru,2,0,,,category,ok,,..\dataset-v2\artifacts\query--b46c80c1a75e9230.json,3cecb49bdfe5f9b116d0a89620fed358a5055d93,763369,78.2,9600,60000,1600,746,0.238034,4.6161,90,19.1098,10,1,1,0,2,1,72,1,279,0,0,0,146,3,2,0.5,0.5,3,0.5,49,0.046586,1,80,24,40,14,2,53,26.5,180,80,28,60,4.467135,0.031552,0.541338,1,1,3.717675,0.2,0.541338,0.270669,0.270669,0.25,0.541338,0.7,0.690909,0.075862,0.447139,0.128857,0.541338,200,1,0,0,1,1,0,0,0,0,1,1,1,0,0,2,0,0,1,0.8,1,1,0.96,1,6,1,1,1,1,1,1,1,1,1,1,1,1,1,5,1,1,1,1,1,9,9,1,1,1,1,0.331639,0,0,0,0,0,0,0,0,0,1,0.91,1,0.861962,0.031552,0.138038,591.9834,4933,51,13,345,15010.898,0.154692,0.278519,0,1,0,0,0.05,1,0.45,0.5,0,0,0.769112,0.829711,0.574548,0.711332,0.829711,v5-shortcut-control-v1
dataset-v5,v3,extraction-v2,ranking-aware-v5,seo_weighted_page_quality_v5,89.4737,78.0,шкафы-купе цена Москва,шкафы-купе,commercial,Москва,213,https://www.divan.ru/category/shkafy-kupe,divan.ru,3,0,,,category,ok,,..\dataset-v2\artifacts\query--6dce5d64e4a5ac2d.json,d5b332a6a153502f15c0f9c0e1c4a64b66771542,2696269,78.0,9600,60000,1600,517,0.290286,5.0039,90,14.0236,2,1,0,0,1,1,109,1,238,0,0,0,75,3,3,0.5,0.5,2,0.5,12,0.042111,1,80,24,3,0,1,2,2,180,80,28,1.684447,0,0.004732,0.728657,1,1,3.485323,0.5,0.728657,0.364328,0.364328,0.25,0.728657,0.7,0.018182,0.358621,0.596294,0.209286,0.728657,200,1,0,0,1,1,1,0,0,0,1,1,1,0,0,2,0,0,1,0.8,1,1,0.96,1,6,0,1,1,1,1,1,1,1,1,1,1,0,1,53,1,1,1,1,0.8,8,8,0.888889,0.888889,0.859259,1,0.332675,1,1,0,1,0,0,0,1,0.2375,1,0.91,1,0.9793,0.004732,0.0207,2309.5283,5687,241,67,94,14575.0183,0,0.1625,0,1,0,0,0.05,1,0.45,0.5,0,0,0.797249,0.836775,0.593989,0.755254,0.836775,v5-shortcut-control-v1
dataset-v5,v3,extraction-v2,ranking-aware-v5,seo_weighted_page_quality_v5,84.2105,78.1,шкафы-купе цена Москва,шкафы-купе,commercial,Москва,213,https://shkafy-moskva.ru/tcat/shkafy-kupe/,shkafy-moskva.ru,4,0,,,content,ok,,..\dataset-v2\artifacts\query--57be300a85570355.json,0f3176d174c959c4c001a314e763e09157ede6ae,468570,78.1,9600,60000,1600,1198,0.259363,4.8352,90,38,36,1,5,8,14,1,52,1,305,0,0,0,101,2,3,0.5,0.5,11,0.5,7,0.021866,1,80,24,40,0,6,79,13.166667,57.0247,80,13.639316,54.990258,0,0.099463,0.728896,1,1,9.003899,0.17284,0.728896,0.364448,0.364448,0.25,0.728896,0.7,0.945455,0,0.728873,0.189049,0.728896,200,1,0,0,1,1,1,0,0,0,1,1,1,0,0,2,0,0,1,0.8,1,1,0.96,1,4,1,1,1,1,1,1,1,1,1,1,1,1,1,47,1,1,1,1,1,9,9,1,1,1,1,0.607515,1,4,0,5,1,0,0,1,0.85,1,0.91,1,0.65,0.099463,0.35,306.9268,2998,88,27,63,10831.0652,0.21008,0.32006,0,1,0,0,0.05,1,0.45,0.5,0,0,0.837336,0.876835,0.718333,0.775336,0.876835,v5-shortcut-control-v1
dataset-v5,v3,extraction-v2,ranking-aware-v5,seo_weighted_page_quality_v5,78.9474,74.7,шкафы-купе цена Москва,шкафы-купе,commercial,Москва,213,https://www.mebelmsk.ru/catalog/shkafy/kupe/,mebelmsk.ru,5,0,,,product,ok,,..\dataset-v2\artifacts\query--5041ee4fbe3de658.json,90abf40fd3b9d25af4320031badbd53fa4d80708,530160,74.7,9600,60000,1600,532,0.264282,4.7327,27,38,12,1,0,0,1,1,82,1,217,0,0,0,150,2,1,0.25,0.25,2,0.5,18,0.074516,0.75,80,24,40,0,3,117,39,167.75,80,28,60,0,0.034383,0.612914,1,1,3.908738,0.083333,0.459685,0.153228,0.306457,0.125,0.612914,0.575,0.509091,0.503448,0,0.161982,0.612914,200,1,0,0,1,1,0,0,0,0,1,1,1,0,0,3,0,0,1,0.7,1,1,0.94,1,5,0,1,1,1,1,1,1,1,1,1,0,1,1,3,1,1,1,1,0.8,9,7,1,0.777778,0.859259,1,0.427092,1,1,0,1,0,1,0,0,0.2875,1,0.91,1,0.849575,0.034383,0.150425,347.1396,3350,50,9,60,12872.8231,0.263924,0.360443,0,1,0,0,0.05,1,0.45,0.5,0,0,0.716763,0.778806,0.538567,0.663911,0.778806,v5-shortcut-control-v1
dataset-v5,v3,extraction-v2,ranking-aware-v5,seo_weighted_page_quality_v5,73.6842,72.4,шкафы-купе цена Москва,шкафы-купе,commercial,Москва,213,https://kupehouse.ru/moskva/,kupehouse.ru,6,0,,,content,ok,,..\dataset-v2\artifacts\query--07dd3a861b8b2f61.json,dab4b18f2f2e1dc1bf0dd8b9a78e7440b4fbf511,590756,72.4,9586,60000,1422,647,0.454993,5.6125,71,20.0282,36,1,10,0,18,1,81,1,207,0,0,0,16,3,4,0.75,0.75,2,0.25,9,0.011252,0.75,80,24,40,23,4,55,13.75,35.55,80,28,45.007032,16.174402,0.019107,0.55563,1,1,12.473684,0.525,0.416722,0.416722,0.138907,0.1875,0.526737,0.6875,0.527273,0.572414,0.281294,0.199718,0.55563,200,1,0,0,1,1,1,0,0,0,1,1,1,0,0,1,0,0,1,0.9,1,1,0.98,1,5,0,1,1,1,1,1,1,1,1,1,1,1,1,3,1,1,1,1,0.8,9,8,1,0.888889,0.896296,1,0.530304,3,4,0,5,1,0,0,1,0.85,1,0.91,1,0.916406,0.019107,0.083594,500.0684,2645,107,65,88,11145.6306,0.153496,0.277622,0,1,0,0,0.05,1,0.45,0.5,0,0,0.71775,0.782326,0.602122,0.683755,0.782326,v5-shortcut-control-v1
dataset-v5,v3,extraction-v2,ranking-aware-v5,seo_weighted_page_quality_v5,68.4211,76.7,шкафы-купе цена Москва,шкафы-купе,commercial,Москва,213,https://www.mosdommebel.ru/category/shkafy-kupe/,mosdommebel.ru,7,0,,,category,ok,,..\dataset-v2\artifacts\query--d093468c093396d2.json,9bcf8cd96522445e934808ccd5257b162291ff18,2844376,76.7,9600,60000,1600,1200,0.122081,6.1469,90,38,29,1,10,7,18,1,87,1,183,0,0,0,481,3,2,0.75,0.5,8,0.5,5,0.033326,1,80,24,40,0,31,143,4.612903,180,80,12.956419,50.232107,0,0.057752,0.703018,1,1,3.452871,0.655172,0.703018,0.527263,0.351509,0.375,0.703018,0.7875,0.418182,0.737931,0.88912,0.085825,0.703018,200,1,0,0,0,0,0,0,0,0,1,1,1,0,0,2,0,0,1,0.8,1,0.75,0.91,1,10,1,1,1,1,1,1,1,1,1,1,1,1,1,2,1,1,1,1,1,9,9,1,1,1,1,0.331292,0,0,0,0,0,0,0,0,0,1,0.91,1,0.747333,0.057752,0.252667,1858.7715,11919,55,46,187,9438.787,0,0.1625,0,1,0,0,0.05,1,0.45,0.5,0,0,0.838264,0.878049,0.704804,0.780027,0.878049,v5-shortcut-control-v1
dataset-v5,v3,extraction-v2,ranking-aware-v5,seo_weighted_page_quality_v5,63.1579,77.6,шкафы-купе цена Москва,шкафы-купе,commercial,Москва,213,https://dobraya-mebel.ru/shop/shkafi/shkafy-kupe/,dobraya-mebel.ru,8,0,,,product,ok,,..\dataset-v2\artifacts\query--f38c57b6457af54f.json,537a20cb5c8b340712baf1dca27594460bc5f232,694898,77.6,9600,60000,1600,609,0.260034,4.3523,28,38,36,2,3,2,18,1,60,1,220,0,0,0,225,2,5,0.5,0.75,39,0.5,19,0.096072,1,80,24,40,0,2,24,12,37.1746,80,28,52.519214,0,0.023156,0.676496,1,1,7.411392,0.333333,0.676496,0.338248,0.338248,0.25,0.676496,0.7,0.909091,0.482759,0,0.175912,0.676496,200,1,0,0,1,1,0,0,0,0,1,1,1,0,0,3,0,0,1,0.7,1,1,0.94,1,16,1,1,1,1,1,1,1,1,1,1,0,0,1,59,1,1,0,1,1,8,7,0.888889,0.777778,0.888889,1,0.404552,1,1,0,1,1,0,0,0,0.2875,1,0.91,1,0.898693,0.023156,0.101307,565.9238,6907,80,8,122,32747.4067,0.209202,0.319402,0,1,0,0,0.05,1,0.45,0.5,0,0,0.796625,0.84952,0.631855,0.742504,0.84952,v5-shortcut-control-v1
dataset-v5,v3,extraction-v2,ranking-aware-v5,seo_weighted_page_quality_v5,57.8947,72.8,шкафы-купе цена Москва,шкафы-купе,commercial,Москва,213,https://www.fabrika-monolit.ru/shkafy-kupe/,fabrika-monolit.ru,9,0,,,content,ok,,..\dataset-v2\artifacts\query--62b7bc95179f4655.json,4c14ca4d994c8b36d26c63c191de523b861b1ae6,340715,72.8,9600,60000,1600,539,0.296806,4.7726,90,17.1321,36,1,0,1,2,1,122,1,245,0,0,0,264,4,4,0.5,0.5,2,0.5,28,0.145374,1,80,24,10,2,3,65,21.666667,37.0612,80,23.678414,5.506608,1.101322,0.043578,0.749225,1,1,7.352227,0.040816,0.749225,0.374613,0.374613,0.25,0.749225,0.7,0,0.310345,0,0.222375,0.749225,200,1,0,0,1,1,0,0,0,0,1,1,1,0,0,1,0,0,1,0.9,1,1,0.98,1,8,1,1,1,1,1,1,1,1,1,1,0,1,1,40,1,1,1,1,1,9,8,1,0.888889,0.962963,1,0.41984,1,1,0,1,0,0,0,1,0.2375,1,0.91,1,0.809344,0.043578,0.190656,265.4639,2426,49,15,43,4443.802,0.238269,0.341202,0,1,0,0,0.05,1,0.45,0.5,0,0,0.846381,0.883593,0.67967,0.787223,0.883593,v5-shortcut-control-v1
dataset-v5,v3,extraction-v2,ranking-aware-v5,seo_weighted_page_quality_v5,100.0,80.0,шкафы-купе цена Санкт-Петербург,шкафы-купе,commercial,Санкт-Петербург,2,https://kupehouse.ru/,kupehouse.ru,1,0,,,homepage,ok,,..\dataset-v2\artifacts\query--d9afce6f3b25c478.json,f11b982e577a0b4b0579c9a325c4e5d0cde76d24,677753,80.0,9600,60000,1600,688,0.429731,5.7033,82,19.5244,36,1,10,4,18,1,103,1,208,0,0,0,24,4,3,0.8,0.6,2,0.2,11,0.014991,1,80,24,40,18,0,29,0,34.0638,80,28,43.722673,11.242973,0.018864,0.553976,1,0.75,8.168367,0.425532,0.553976,0.443181,0.110795,0.16,0.553976,0.73,0.127273,0.565517,0.499688,0.211742,0.415482,200,1,0,0,1,1,1,0,0,0,1,1,1,0,0,0,0,0,1,1,1,1,1,1,7,1,1,1,1,1,1,1,1,1,1,1,1,1,5,1,1,1,1,1,9,9,1,1,1,1,0.525723,6,4,0,8,1,0,1,1,0.85,1,0.91,1,0.917471,0.018864,0.082529,578.6094,2844,108,70,110,10239.1893,0.130486,0.260364,0,1,0,0,0,1,0.4,0.4,0,0,0.757646,0.824664,0.650682,0.719729,0.824664,v5-shortcut-control-v1
dataset-v5,v3,extraction-v2,ranking-aware-v5,seo_weighted_page_quality_v5,94.7368,70.1,шкафы-купе цена Санкт-Петербург,шкафы-купе,commercial,Санкт-Петербург,2,https://spb.stolplit.ru/internet-magazin/katalog-mebeli/80-shkafy-kupe/,spb.stolplit.ru,2,0,,,content,ok,,..\dataset-v2\artifacts\query--fdb09170c38c63b8.json,d6b63006786c5aa56f52e66b6028511a06391498,2218254,70.1,9600,60000,1600,558,0.309828,4.5269,85,21.1882,12,1,1,0,2,1,46,1,125,0,0,0,67,3,2,0.6,0.4,4,0.6,24,0.037202,1,80,24,40,22,3,108,36,150.0833,80,28,49.972238,12.215436,0.005014,0.414008,1,1,6.455197,0.166667,0.414008,0.248405,0.248405,0.36,0.414008,0.76,0.836364,0.862069,0.759948,0.128271,0.414008,200,1,0,0,1,1,1,0,0,0,1,1,1,0,0,3,0,0,1,0.7,1,1,0.94,1,4,0,1,1,0,1,1,1,1,1,1,1,0,1,1,1,1,1,1,0.8,7,8,0.777778,0.888889,0.822222,1,0.273609,0,0,0,0,0,0,0,0,0,1,0.91,1,0.978065,0.005014,0.021935,2030.3545,7394,113,22,428,11708.6818,0,0.1625,0,1,0,0,0,1,0.4,0.4,0,0,0.66934,0.749964,0.46452,0.645514,0.749964,v5-shortcut-control-v1
dataset-v5,v3,extraction-v2,ranking-aware-v5,seo_weighted_page_quality_v5,89.4737,72.4,шкафы-купе цена Санкт-Петербург,шкафы-купе,commercial,Санкт-Петербург,2,https://nonton.ru/mebel/shkafy/shkafy-kupe/,nonton.ru,3,0,,,content,ok,,..\dataset-v2\artifacts\query--90ea5750b4d26203.json,e879ac97e54966aa4f6e8a859c01d402bec9dc97,2873701,72.4,9600,60000,1600,732,0.165911,5.039,58,38,1,1,0,0,1,1,60,1,195,0,0,0,768,3,2,0.6,0.4,3,0.6,24,0.174071,1,80,24,40,4,4,155,38.75,180,80,28,42.384406,0.906618,0.010838,0.553894,1,1,3.729501,1,0.553894,0.332336,0.332336,0.36,0.553894,0.76,0.909091,0.655172,0,0.091897,0.553894,200,1,0,0,1,1,0,0,0,0,1,1,1,0,0,3,0,0,1,0.7,1,1,0.94,1,2,0,1,1,1,1,1,1,1,1,1,0,0,1,43,1,1,1,1,0.8,8,7,0.888889,0.777778,0.822222,1,0.279979,0,0,0,0,0,0,0,0,0,1,0.91,1,0.952585,0.010838,0.047415,2508.1836,7205,86,22,220,13266.386,0,0.1625,0,1,0,0,0,1,0.4,0.4,0,0,0.741168,0.798555,0.50984,0.706083,0.798555,v5-shortcut-control-v1
dataset-v5,v3,extraction-v2,ranking-aware-v5,seo_weighted_page_quality_v5,84.2105,73.5,шкафы-купе цена Санкт-Петербург,шкафы-купе,commercial,Санкт-Петербург,2,https://www.spb.bestmebelshop.ru/catalog/shkafy-kupe/,spb.bestmebelshop.ru,4,0,,,product,ok,,..\dataset-v2\artifacts\query--cb06ccbbc6d86879.json,39b79267752dab9858939aad85c42ce22ca9fa7f,1084243,73.5,9600,60000,1600,770,0.256069,4.414,90,18.1145,3,1,0,0,1,1,74,1,169,0,0,0,155,3,3,0.6,0.6,3,0.6,9,0.051546,1,80,24,40,1,4,158,39.5,180,80,28,60,0.332557,0.019132,0.365062,1,1,6.343882,0.333333,0.365062,0.219037,0.219037,0.36,0.365062,0.76,0.654545,0.834483,0.281787,0.093481,0.365062,200,1,0,0,0,0,1,0,0,0,1,1,1,0,0,2,0,0,1,0.8,1,0.75,0.91,1,6,1,1,1,1,1,1,1,1,1,1,1,1,1,53,1,1,1,1,1,9,9,1,1,1,1,0.499955,3,3,0,3,1,1,0,1,0.8125,1,0.91,1,0.916298,0.019132,0.083702,882.3711,4690,80,21,337,5574.6707,0.041493,0.19362,0,1,0,0,0,1,0.4,0.4,0,0,0.70873,0.787361,0.482486,0.650395,0.787361,v5-shortcut-control-v1
dataset-v5,v3,extraction-v2,ranking-aware-v5,seo_weighted_page_quality_v5,78.9474,75.3,шкафы-купе цена Санкт-Петербург,шкафы-купе,commercial,Санкт-Петербург,2,https://spb.shkaf-kupe.ru/category/shkafy-kupe/,spb.shkaf-kupe.ru,5,0,,,category,ok,,..\dataset-v2\artifacts\query--bb42d86e9c2e937f.json,1f3b7f6c82bd10a79c1333df7da154ae475bdcc3,756678,75.3,9600,60000,1600,747,0.237444,4.5702,90,19.1829,10,1,1,0,2,1,82,1,289,0,0,0,147,4,3,0.6,0.6,3,0.4,50,0.046726,1,80,24,40,14,2,52,26,180,80,28,60,4.450095,0.031757,0.39185,1,1,3.73191,0.2,0.39185,0.23511,0.15674,0.24,0.39185,0.71,0.509091,0.006897,0.442467,0.093043,0.39185,200,1,0,0,1,1,0,0,0,0,1,1,1,0,0,2,0,0,1,0.8,1,1,0.96,1,6,1,1,1,1,1,1,1,1,1,1,1,1,1,5,1,1,1,1,1,9,9,1,1,1,1,0.332205,0,0,0,0,0,0,0,0,0,1,0.91,1,0.861063,0.031757,0.138937,585.7871,4899,51,13,337,12578.6945,0.156508,0.279881,0,1,0,0,0,1,0.4,0.4,0,0,0.715929,0.793046,0.505109,0.6619,0.793046,v5-shortcut-control-v1
dataset-v5,v3,extraction-v2,ranking-aware-v5,seo_weighted_page_quality_v5,73.6842,77.2,шкафы-купе цена Санкт-Петербург,шкафы-купе,commercial,Санкт-Петербург,2,https://www.kupenadom.ru/,kupenadom.ru,6,0,,,homepage,ok,,..\dataset-v2\artifacts\query--38c7b199a888e8bf.json,51bc1f031a6953e1017ac34ab5401b46f13612b4,635989,77.2,9600,60000,1600,1200,0.250733,5.4987,90,20.8008,36,1,10,12,18,1,82,1,203,0,0,0,250,3,4,0.6,0.6,48,0.6,8,0.048857,0.8,80,24,40,24,4,121,30.25,113.7111,80,28,60,40,0.082929,0.48271,1,1,8.945804,1.222222,0.386168,0.289626,0.289626,0.36,0.48271,0.73,0.509091,0.6,0.297153,0.121031,0.48271,200,1,0,0,1,1,1,0,0,0,1,1,1,0,0,0,0,0,1,1,1,1,1,1,6,1,1,1,1,1,1,1,1,1,1,1,1,1,45,1,1,1,1,1,9,9,1,1,1,1,0.447174,1,1,0,1,0,0,1,0,0.2375,1,0.91,1,0.65,0.082929,0.35,438.2949,3942,76,29,144,9225.9457,0.171593,0.291195,0,1,0,0,0,1,0.4,0.4,0,0,0.728183,0.804099,0.581324,0.690652,0.804099,v5-shortcut-control-v1
dataset-v5,v3,extraction-v2,ranking-aware-v5,seo_weighted_page_quality_v5,68.4211,26.1,шкафы-купе цена Санкт-Петербург,шкафы-купе,commercial,Санкт-Петербург,2,https://spb.lemanapro.ru/catalogue/shkafy-kupe/,spb.lemanapro.ru,7,0,,,product,ok,,..\dataset-v2\artifacts\query--f0acde9aba60a299.json,24f0ea7fbe11bacc4f6e847ee59bf1359d633657,10069,26.1,77,8264,13,13,1,5,1,13,1,1,0,0,1,1,12,0,0,0,0,0,0,0,0,0,0,0,0,0,0,0,1,0,0,0,0,0,0,13,76.923077,0,0,0,0.009318,0,0,0,13,1,0,0,0,0,0,0,0.218182,0,0,0,0,403,0,0,0,0,0,0,0,0,0,0,1,1,0,0,2,0,0,1,0.8,1,0.75,0.71,1,1,0,0,0,0,0,0,0,0,0,0,0,0,0,0,0,0,0,0,0.2,1,0,0.111111,0,0.103704,1,0.538127,0,0,0,0,0,0,0,0,0,1,0.760695,1,0.509236,0.009318,0.490764,8.1094,40,0,2,0,2735.1425,0.97443,0.901048,0,1,0,0,0,1,0.4,0.4,0,0,0.096346,0.157089,0.06965,0.193991,0.157089,v5-shortcut-control-v1
dataset-v5,v3,extraction-v2,ranking-aware-v5,seo_weighted_page_quality_v5,63.1579,63.9,шкафы-купе цена Санкт-Петербург,шкафы-купе,commercial,Санкт-Петербург,2,https://shkaf-v-spb.ru/shkaf-kupe-na-zakaz,shkaf-v-spb.ru,8,0,,,content,ok,,..\dataset-v2\artifacts\query--0b0dee77a6f9aeb5.json,9b6c34bdbe4653792c21a1887c31229a79ce3ba8,1076244,63.9,9600,60000,1600,1200,0.347817,5.9961,90,10.9395,36,1,10,12,18,1,83,1,209,0,0,0,113,2,2,0.4,0.4,34,0.6,12,0.02316,0.8,73,24,34,24,4,85,21.25,19.753,14.962082,20.905923,6.968641,37.917606,0.038611,0.621048,1,1,66.835616,0.202429,0.496838,0.248419,0.372629,0.24,0.621048,0.66,0.490909,0.558621,0.617613,0.216011,0.621048,200,1,0,0,0,0,1,0,0,0,1,1,0,0,0,1,0,0,1,0.9,0.5,0.75,0.83,1,1,1,1,1,1,1,1,1,1,1,1,1,0,1,2,1,1,1,1,1,8,9,0.888889,1,0.962963,1,0.361866,0,0,0,0,0,0,0,0,0,1,0.91,1,0.689647,0.038611,0.310353,944.5098,2822,24,26,102,7806.5987,0.086145,0.227109,0,1,0,0,0,1,0.4,0.4,0,0,0.731342,0.802332,0.566947,0.667292,0.802332,v5-shortcut-control-v1
dataset-v5,v3,extraction-v2,ranking-aware-v5,seo_weighted_page_quality_v5,57.8947,66.8,шкафы-купе цена Санкт-Петербург,шкафы-купе,commercial,Санкт-Петербург,2,https://spb.shkafplus.ru/,spb.shkafplus.ru,9,0,,,homepage,ok,,..\dataset-v2\artifacts\query--c15275789544c284.json,0686a44720df6f4902c4ecdb7002ad5306f56ade,168872,66.8,9600,60000,1600,1016,0.466055,6.1954,90,15.9124,17,1,10,3,18,1,116,1,230,0,0,0,83,3,2,0.6,0.4,10,0.4,13,0.038073,1,80,24,34,22,4,32,8,128.2353,80,28,15.59633,10.091743,0.179649,0.420972,1,1,10.531401,1.176471,0.420972,0.252583,0.168389,0.24,0.420972,0.71,0,0.413793,0.730887,0.196196,0.420972,200,1,0,0,0,0,1,0,0,0,1,1,1,0,0,0,0,0,1,1,1,0.75,0.95,1,2,1,1,0,1,1,1,1,1,1,1,0,0,1,4,1,1,1,1,0.8,7,7,0.777778,0.777778,0.785185,1,0.454362,0,0,0,0,0,0,0,0,0,1,0.91,1,0.547143,0.179649,0.452857,102.1484,1137,27,19,88,3808.8232,0.389455,0.454591,0,1,0,0,0,1,0.4,0.4,0,0,0.665719,0.68706,0.522941,0.639429,0.68706,v5-shortcut-control-v1
dataset-v5,v3,extraction-v2,ranking-aware-v5,seo_weighted_page_quality_v5,52.6316,76.0,шкафы-купе цена Санкт-Петербург,шкафы-купе,commercial,Санкт-Петербург,2,https://sankt-peterburg.good-mebel.com/category/shkafy-kupe/,sankt-peterburg.good-mebel.com,10,0,,,category,ok,,..\dataset-v2\artifacts\query--564bded5ab028fbd.json,d7432c15e18942ae30ee99aa5d6cdac70970ee2e,3752206,76.0,9600,60000,1600,659,0.206583,4.5893,87,36.6667,6,1,0,0,1,1,104,1,209,0,0,0,113,4,5,0.6,0.6,1,0.2,13,0.035423,1,80,24,40,0,2,20,10,180,80,28,60,0,0.005431,0.58873,1,1,2.986891,0.166667,0.58873,0.353238,0.117746,0.12,0.58873,0.66,0.109091,0.558621,0.819227,0.121622,0.58873,200,1,0,0,1,1,0,0,0,0,1,1,1,0,0,2,0,0,1,0.8,1,1,0.96,1,5,1,1,1,1,1,1,1,1,1,1,1,1,1,53,1,1,1,1,1,9,9,1,1,1,1,0.274065,0,0,0,0,0,0,0,0,0,1,0.91,1,0.976239,0.005431,0.023761,3313.8486,9557,70,33,384,12703.3665,0,0.1625,0,1,0,0,0,1,0.4,0.4,0,0,0.77966,0.836128,0.574686,0.715432,0.836128,v5-shortcut-control-v1
dataset-v5,v3,extraction-v2,ranking-aware-v5,seo_weighted_page_quality_v5,100.0,27.4,шкафы-купе цена Екатеринбург,шкафы-купе,commercial,Екатеринбург,54,https://ekaterinburg.lemanapro.ru/catalogue/shkafy-kupe/,ekaterinburg.lemanapro.ru,1,0,,,product,ok,,..\dataset-v2\artifacts\query--8cadac79420927e7.json,ec58073b75421b13af470a4c6a2153044c2467b3,10087,27.4,77,8264,13,13,1,5,1,13,1,1,0,0,1,1,12,0,0,0,0,0,0,0,0,0,0,0,0,0,0,0,1,0,0,0,0,0,0,13,76.923077,0,0,0,0.009318,0,0,0,13,1,0,0,0,0,0,0,0.218182,0,0,0,0,403,0,0,0,0,0,0,0,0,0,0,1,1,0,0,2,0,0,1,0.8,1,0.75,0.71,1,1,0,0,0,0,0,0,0,0,0,0,0,0,0,0,0,0,0,0,0.2,1,0,0.111111,0,0.103704,1,0.536196,0,0,0,0,0,0,0,0,0,1,0.760695,1,0.509236,0.009318,0.490764,8.1094,40,0,2,0,3450.3686,0.97443,0.893323,0,1,0,0,0.05,1,0.45,0.5,0,0,0.089662,0.152633,0.062877,0.188792,0.152633,v5-shortcut-control-v1
dataset-v5,v3,extraction-v2,ranking-aware-v5,seo_weighted_page_quality_v5,94.7368,69.2,шкафы-купе цена Екатеринбург,шкафы-купе,commercial,Екатеринбург,54,https://kupi-kupe.ru/,kupi-kupe.ru,2,0,,,homepage,ok,,..\dataset-v2\artifacts\query--444b0e79d16899bd.json,dd1346df249328fea6edf8367727745517d8dda8,8688394,69.2,9600,60000,1600,643,0.276084,5.5535,90,21.367,22,2,9,0,11,1,81,1,191,0,0,0,202,3,3,0.5,0.5,2,0.5,43,0.086733,1,80,24,40,0,9,91,10.111111,105.8636,80,28,60,0,0.001879,0.410696,1,1,6.85,0.5,0.410696,0.205348,0.205348,0.25,0.410696,0.7,0.527273,0.682759,0,0.113387,0.410696,200,1,0,0,0,0,1,0,0,0,1,1,1,0,0,0,0,0,1,1,1,0.75,0.95,1,7,1,1,1,1,1,1,1,1,1,1,1,1,1,1,1,1,1,1,1,9,9,1,1,1,1,0.27018,0,0,0,0,0,0,0,0,0,1,0.91,1,0.991781,0.001879,0.008219,8340.1348,11221,112,16,184,16866.5492,0,0.1625,0,1,0,0,0.05,1,0.45,0.5,0,0,0.720766,0.796062,0.567228,0.664275,0.796062,v5-shortcut-control-v1
dataset-v5,v3,extraction-v2,ranking-aware-v5,seo_weighted_page_quality_v5,89.4737,71.1,шкафы-купе цена Екатеринбург,шкафы-купе,commercial,Екатеринбург,54,https://33komoda.ru/catalog/shkafy_kupe/,33komoda.ru,3,0,,,product,ok,,..\dataset-v2\artifacts\query--258d1ed5178175ca.json,f33b7292ec82f084abe3bccee132510f4857a15c,1905808,71.1,9600,60000,1600,841,0.268519,5.863,62,38,8,1,8,12,18,1,69,1,152,0,0,0,100,2,2,0.5,0.5,5,0.5,6,0.031928,0.75,80,24,40,0,12,142,11.833333,180,80,28,53.959132,0,0.013104,0.399118,1,1,3.741935,7.375,0.299338,0.199559,0.199559,0.25,0.399118,0.6625,0.745455,0.951724,0.701788,0.107171,0.399118,200,1,0,0,0,0,0,0,0,0,1,1,1,0,0,2,0,0,1,0.8,1,0.75,0.91,1,2,1,1,1,1,1,1,1,1,1,1,0,1,1,5,1,1,1,1,1,9,8,1,0.888889,0.962963,1,0.282457,0,0,0,0,0,0,0,0,0,1,0.91,1,0.942672,0.013104,0.057328,1661.0967,6985,133,46,127,11785.6756,0,0.1625,0,1,0,0,0.05,1,0.45,0.5,0,0,0.676154,0.76512,0.520944,0.621568,0.76512,v5-shortcut-control-v1
dataset-v5,v3,extraction-v2,ranking-aware-v5,seo_weighted_page_quality_v5,84.2105,70.5,шкафы-купе цена Екатеринбург,шкафы-купе,commercial,Екатеринбург,54,https://ekaterinburg.nonton.ru/mebel/shkafy/shkafy-kupe/,ekaterinburg.nonton.ru,4,0,,,content,ok,,..\dataset-v2\artifacts\query--aeadc15ad37f555b.json,c16116489c7e89bce5b92da15ea7caffcb29062c,2845493,70.5,9600,60000,1600,722,0.166283,5.0544,57,38,1,1,0,0,1,1,57,1,192,0,0,0,744,2,1,0.5,0.25,2,0.5,17,0.17135,1,80,24,40,4,4,151,37.75,180,80,28,42.146476,0.921234,0.010804,0.512634,1,1,3.68904,1,0.512634,0.256317,0.256317,0.25,0.512634,0.7,0.963636,0.675862,0,0.085242,0.512634,200,1,0,0,1,1,0,0,0,0,1,1,1,0,0,3,0,0,1,0.7,1,1,0.94,1,2,0,1,1,1,1,1,1,1,1,1,0,0,1,42,1,1,1,1,0.8,8,7,0.888889,0.777778,0.822222,1,0.279942,0,0,0,0,0,0,0,0,0,1,0.91,1,0.952732,0.010804,0.047268,2482.79,7117,84,20,220,14158.236,0,0.1625,0,1,0,0,0.05,1,0.45,0.5,0,0,0.717021,0.780849,0.481594,0.676586,0.780849,v5-shortcut-control-v1
dataset-v5,v3,extraction-v2,ranking-aware-v5,seo_weighted_page_quality_v5,78.9474,69.8,шкафы-купе цена Екатеринбург,шкафы-купе,commercial,Екатеринбург,54,https://www.e-1.ru/city/ekaterinburg/,e-1.ru,5,0,,,content,ok,,..\dataset-v2\artifacts\query--2c5ca27169427e6e.json,2690996ce71c3d50e10b46ab65a606b1016cdf41,211903,69.8,3949,60000,554,298,0.537906,5.7671,21,26.381,13,1,3,8,12,1,75,1,129,0,0,0,24,2,1,0.5,0.25,3,0.5,10,0.043321,0.75,80,5,34,3,0,1,0,42.6154,80,9.025271,60,5.415162,0.024497,0.502214,1,0.75,3.794521,0.923077,0.376661,0.251107,0.251107,0.25,0.185484,0.6625,0.636364,0.889655,0.416968,0.083144,0.376661,200,1,0,0,1,1,1,0,0,0,1,1,1,0,0,2,0,0,1,0.8,1,1,0.96,1,8,0,1,1,1,1,1,0,1,1,1,0,1,1,3,1,1,1,1,0.8,8,7,0.888889,0.777778,0.822222,1,0.617607,3,4,0,3,1,0,0,1,0.75,1,0.98875,1,0.892824,0.024497,0.107176,165.0068,649,53,5,5,11372.1579,0.616005,0.624504,0,1,0,0,0.05,1,0.45,0.5,0,0,0.652347,0.739132,0.520693,0.635603,0.739132,v5-shortcut-control-v1
dataset-v5,v3,extraction-v2,ranking-aware-v5,seo_weighted_page_quality_v5,73.6842,68.0,шкафы-купе цена Екатеринбург,шкафы-купе,commercial,Екатеринбург,54,https://kupeural.ru/,kupeural.ru,6,0,,,homepage,ok,,..\dataset-v2\artifacts\query--90673faf283b4139.json,c15de64d4742aa4bde9cd6b47ed4294d6ee968dc,449794,68.0,9600,60000,1600,797,0.447501,5.959,90,15.2222,11,1,0,8,9,1,70,1,130,0,0,0,65,3,1,0.5,0.25,0,0,21,0.036496,0.75,80,24,40,1,3,39,13,161.9091,80,28,60,0.561482,0.036453,0.643757,1,1,6.903101,0.818182,0.482818,0.321879,0,0,0.643757,0.5375,0.727273,0.896552,0.587591,0.285041,0.643757,200,1,0,0,0,0,0,0,0,0,1,1,1,0,0,0,0,0,1,1,1,0.75,0.95,1,7,1,1,1,0,1,1,1,1,1,1,1,1,1,1,1,1,1,1,1,8,9,0.888889,1,0.962963,1,0.349945,0,0,0,0,0,0,0,0,0,1,0.91,1,0.840518,0.036453,0.159482,357.4297,1544,42,17,64,7524.5214,0.223729,0.330297,0,1,0,0,0.05,1,0.45,0.5,0,0,0.720655,0.795642,0.62636,0.661881,0.795642,v5-shortcut-control-v1
dataset-v5,v3,extraction-v2,ranking-aware-v5,seo_weighted_page_quality_v5,68.4211,60.5,шкафы-купе цена Екатеринбург,шкафы-купе,commercial,Екатеринбург,54,http://ekb.kupicupe.ru/,ekb.kupicupe.ru,7,0,,,homepage,ok,,..\dataset-v2\artifacts\query--d72b0019b0640161.json,0a2119b88377acf298c0d495c9d7ee3bab80dbb8,105769,60.5,9600,57187,1600,984,0.496719,5.9218,90,10.4263,36,2,2,0,4,1,27,1,270,0,0,0,50,2,2,0.5,0.25,4,0.5,10,0.02524,1,25,24,4,24,8,40,5,55.0278,12.619889,20.191822,2.019182,20.191822,0.247259,0.435187,1,1,79.24,0.111111,0.435187,0.217593,0.217593,0.25,0.435187,0.7,0.490909,0.137931,0.841326,0.216166,0.435187,200,1,0,0,0,0,0,0,0,0,1,0,0,0,0,0,0,0,1,1,0,0.75,0.75,1,3,1,1,0,1,1,1,1,1,1,1,0,0,1,1,0,1,1,1,0.6,7,7,0.777778,0.777778,0.718519,1,0.426263,0,0,0,0,0,0,0,0,0,0,0.36,1,0.315714,0.247259,0.684286,68.8184,839,9,4,40,7677.1266,0.664354,0.660766,0,1,0,0,0.05,1,0.45,0.5,0,0,0.633174,0.645716,0.487262,0.583132,0.645716,v5-shortcut-control-v1
dataset-v5,v3,extraction-v2,ranking-aware-v5,seo_weighted_page_quality_v5,63.1579,65.0,шкафы-купе цена Екатеринбург,шкафы-купе,commercial,Екатеринбург,54,https://ekat.steklodom.com/mebel-na-zakaz/shkafy/,ekat.steklodom.com,8,0,,,content,ok,,..\dataset-v2\artifacts\query--406adb6d4471f728.json,009979e29a4b0a587666bfddc79525e9ad2226f2,1469679,65.0,9600,60000,1600,1200,0.274822,4.9007,90,33.6449,16,1,6,0,7,1,90,1,184,0,0,0,31,1,1,0.25,0.25,2,0.5,7,0.006677,1,80,24,40,1,8,62,7.75,180,59.228947,28,60,0.215378,0.022146,0.552197,1,1,16.883636,0.4375,0.552197,0.138049,0.276099,0.125,0.552197,0.6125,0.363636,0.731034,0.222557,0.151756,0.552197,200,1,0,0,0,0,0,0,0,0,1,1,1,0,0,2,0,0,1,0.8,1,0.75,0.91,1,19,1,1,1,1,1,1,1,1,1,1,1,0,1,9,1,1,1,1,1,8,9,0.888889,1,0.962963,1,0.364223,1,1,0,1,0,1,0,0,0.2875,1,0.91,1,0.903109,0.022146,0.096891,1310.9326,7163,76,56,306,12775.6011,0,0.1625,0,1,0,0,0.05,1,0.45,0.5,0,0,0.735885,0.805388,0.558271,0.671007,0.805388,v5-shortcut-control-v1
dataset-v5,v3,extraction-v2,ranking-aware-v5,seo_weighted_page_quality_v5,57.8947,35.6,шкафы-купе цена Екатеринбург,шкафы-купе,commercial,Екатеринбург,54,https://gipermarketdom.ru/catalog/shkafy_kupe_gotovye/,gipermarketdom.ru,9,0,,,product,ok,,..\dataset-v2\artifacts\query--53225f58ad1a2633.json,d4675686b528088ebcd3604a446b3584716775bf,25260,35.6,350,20430,52,45,0.865385,5.3077,9,5.7778,1,0,0,1,1,1,2,0,0,0,0,0,0,0,0,0,0,0,0,0,0,0,0,1,0,0,1,3,3,52,0,19.230769,0,0,0.017132,0.014004,0,0.75,52,1,0,0,0,0,0.000485,0,0.036364,0,0,0.00035,0.010503,200,1,0,0,0,0,0,0,0,0,1,1,0,0,0,2,0,0,1,0.8,0.5,0.75,0.81,1,1,0,0,1,0,1,0,0,0,1,0,0,0,1,1,0,0,1,1,0.4,3,4,0.333333,0.444444,0.392593,1,0.526543,0,0,0,0,0,0,0,0,0,1,0.796361,1,0.552192,0.017132,0.447808,20.377,37,6,4,1,2540.4403,0.9148,0.862004,0,1,0,0,0.05,1,0.45,0.5,0,0,0.214661,0.309314,0.082474,0.275006,0.309314,v5-shortcut-control-v1
dataset-v5,v3,extraction-v2,ranking-aware-v5,seo_weighted_page_quality_v5,100.0,27.4,шкафы-купе цена Новосибирск,шкафы-купе,commercial,Новосибирск,65,https://novosibirsk.lemanapro.ru/catalogue/shkafy-kupe/,novosibirsk.lemanapro.ru,1,0,,,product,ok,,..\dataset-v2\artifacts\query--123c8d670de72cf2.json,15d1b5fd54682f386d21ac0d9dc882564c04f19a,10085,27.4,77,8264,13,13,1,5,1,13,1,1,0,0,1,1,12,0,0,0,0,0,0,0,0,0,0,0,0,0,0,0,1,0,0,0,0,0,0,13,76.923077,0,0,0,0.009318,0,0,0,13,1,0,0,0,0,0,0,0.218182,0,0,0,0,403,0,0,0,0,0,0,0,0,0,0,1,1,0,0,2,0,0,1,0.8,1,0.75,0.71,1,1,0,0,0,0,0,0,0,0,0,0,0,0,0,0,0,0,0,0,0.2,1,0,0.111111,0,0.103704,1,0.536196,0,0,0,0,0,0,0,0,0,1,0.760695,1,0.509236,0.009318,0.490764,8.1094,40,0,2,0,3768.3897,0.97443,0.893323,0,1,0,0,0.2,1,0.45,0.25,0,0,0.079571,0.145905,0.052653,0.180944,0.145905,v5-shortcut-control-v1
dataset-v5,v3,extraction-v2,ranking-aware-v5,seo_weighted_page_quality_v5,94.7368,16.9,шкафы-купе цена Новосибирск,шкафы-купе,commercial,Новосибирск,65,https://4nozhki.ru/tovari/shkafi-kupe/novosibirsk/,4nozhki.ru,2,0,,,content,ok,,..\dataset-v2\artifacts\query--3a81ba1877099d3b.json,1c764153d7193d2be0a854054741332ce1aa67e0,17567,16.9,32,15065,4,4,1,6.75,1,4,2,0,0,0,0,0,0,0,0,0,0,0,0,0,0,0,0,0,0,0,0,0,1,0,0,0,0,0,0,2,80,0,0,0,0.002124,0.073772,0,0,4,0,0,0,0,0,0.000197,0,0,0,0,0.000164,0,200,1,0,0,0,0,0,1,1,0,0,1,0,0,0,3,0,0,1,0.7,0.5,0.75,0.59,0,0,0,0,0,0,1,0,0,0,1,0,0,0,0,0,0,0,0,0,0,0,1,0,0.111111,0.037037,1,0.515541,0,0,0,0,0,0,0,0,0,1,0.754444,1,0.592136,0.002124,0.407864,14.8867,46,4,1,0,2361.137,0.958295,0.899855,0,1,0,0,0.2,1,0.45,0.25,0,0,0.060294,0.056421,0.060341,0.155062,0.056421,v5-shortcut-control-v1
dataset-v5,v3,extraction-v2,ranking-aware-v5,seo_weighted_page_quality_v5,89.4737,65.6,шкафы-купе цена Новосибирск,шкафы-купе,commercial,Новосибирск,65,https://mebelny95.ru/novosibirsk/shkafy/shkafy-kupe,mebelny95.ru,3,0,,,content,ok,,..\dataset-v2\artifacts\query--eafd6534de8dd3c8.json,19254b5f71e025005b19184b83a3f09da17edea9,467403,65.6,9600,60000,1600,890,0.546347,6.2443,13,38,1,1,1,0,2,1,116,1,283,0,0,0,72,3,4,0.75,0.5,2,0.5,18,0.044199,1,80,24,40,24,4,11,2.75,180,80,28,60,17.188459,0.041305,0.327513,1,1,1.801991,2,0.327513,0.245635,0.163756,0.375,0.327513,0.7875,0,0.048276,0.526703,0.161937,0.327513,200,1,0,0,1,1,1,0,0,0,1,1,0,0,0,3,0,0,1,0.7,0.5,1,0.84,0,0,1,1,1,1,1,0,1,0,1,1,0,1,1,1,0,1,1,1,0.6,7,7,0.777778,0.777778,0.718519,1,0.360493,0,0,0,0,0,0,0,0,0,1,0.91,1,0.819292,0.041305,0.180708,292.9111,2598,41,12,50,11301.9705,0.251686,0.351264,0,1,0,0,0.2,1,0.45,0.25,0,0,0.612378,0.634408,0.484678,0.584,0.634408,v5-shortcut-control-v1
dataset-v5,v3,extraction-v2,ranking-aware-v5,seo_weighted_page_quality_v5,84.2105,30.1,шкафы-купе цена Новосибирск,шкафы-купе,commercial,Новосибирск,65,https://nsk.lazurit.com/catalog/668/shkafy-kupe/,nsk.lazurit.com,4,0,,,product,ok,,..\dataset-v2\artifacts\query--231be4adbca897c5.json,cb917e24628777633b11f51889fe5e1c11c4c954,17584,30.1,459,11676,69,64,0.927536,5.4493,7,9.8571,1,0,0,0,0,1,7,0,0,0,0,0,0,0,0,0,0,0,0,0,0,0,0,1,0,0,1,1,1,69,0,14.492754,0,0,0.039311,0.021555,0,0.75,69,0,0,0,0,0,0.000992,0,0.127273,0,0,0.000766,0.016166,200,1,0,0,0,0,1,0,1,1,0,1,1,0,0,1,10,1,1,0.5,1,0.35,0.57,1,1,0,0,1,0,1,0,0,0,0,0,0,0,1,1,0,0,0,0,0.4,3,1,0.333333,0.111111,0.281481,1,0.578308,0,0,0,0,0,0,0,0,0,1,0.8115,1,0.39087,0.039311,0.60913,11.749,42,1,1,1,5970.2662,0.973469,0.892602,0,1,0,0,0.2,1,0.45,0.25,0,0,0.19639,0.290519,0.050651,0.2167,0.290519,v5-shortcut-control-v1
dataset-v5,v3,extraction-v2,ranking-aware-v5,seo_weighted_page_quality_v5,78.9474,76.5,шкафы-купе цена Новосибирск,шкафы-купе,commercial,Новосибирск,65,https://mebelti.com/catalog/shkafy-kupe/,mebelti.com,5,0,,,product,ok,,..\dataset-v2\artifacts\query--152588b67ee83788.json,833505954330b7a2bacd3af5d86731df6ae0f283,1229997,76.5,9600,60000,1600,470,0.200512,5.5388,22,38,1,1,1,0,2,1,72,1,213,0,0,0,157,3,4,0.5,0.5,2,0.5,13,0.06698,1,80,24,40,0,3,61,20.333333,180,80,28,60,0,0.017442,0.462488,1,1,2.754407,2,0.462488,0.231244,0.231244,0.25,0.462488,0.7,0.690909,0.531034,0,0.092734,0.462488,200,1,0,0,1,1,0,0,0,0,1,1,1,0,0,2,0,0,1,0.8,1,1,0.96,1,11,1,1,1,1,1,1,1,1,1,1,1,1,1,18,1,1,1,1,1,9,9,1,1,1,1,0.29356,0,0,0,0,0,0,0,0,0,1,0.91,1,0.923693,0.017442,0.076307,908.2617,7114,111,82,212,6697.0426,0.033908,0.187931,0,1,0,0,0.2,1,0.45,0.25,0,0,0.74043,0.8099,0.535224,0.684424,0.8099,v5-shortcut-control-v1
dataset-v5,v3,extraction-v2,ranking-aware-v5,seo_weighted_page_quality_v5,73.6842,61.8,шкафы-купе цена Новосибирск,шкафы-купе,commercial,Новосибирск,65,https://mebel-nsk.ru/shkafy/shkafy-kype/,mebel-nsk.ru,6,0,,,content,ok,,..\dataset-v2\artifacts\query--016223eb93dfa034.json,5f44d284e423df4b68e7f3bc97cd35c5b28de04a,341296,61.8,9600,60000,1600,859,0.342095,5.0709,30,38,36,1,0,0,1,1,43,1,102,0,0,0,79,2,2,0.5,0.5,2,0.5,21,0.031462,1,80,24,40,0,3,160,53.333333,52.3125,80,28,60,0,0.075026,0.177303,1,1,4.483929,0.020833,0.177303,0.088651,0.088651,0.25,0.177303,0.7,0.781818,0.703448,0.951281,0.060654,0.177303,200,1,0,0,0,0,1,0,0,0,1,1,1,0,0,2,0,0,1,0.8,1,0.75,0.91,1,4,1,1,1,1,1,1,1,0,1,0,0,0,1,33,1,1,1,1,1,8,6,0.888889,0.666667,0.851852,1,0.582957,1,1,0,1,1,0,0,0,0.2875,1,0.91,1,0.363188,0.075026,0.636812,223.4121,2908,11,8,104,4120.667,0.44669,0.497517,0,1,0,0,0.2,1,0.45,0.25,0,0,0.612569,0.721622,0.327365,0.56473,0.721622,v5-shortcut-control-v1
dataset-v5,v3,extraction-v2,ranking-aware-v5,seo_weighted_page_quality_v5,68.4211,77.3,шкафы-купе цена Новосибирск,шкафы-купе,commercial,Новосибирск,65,https://www.kuhni-nsk.ru/catalog/shkafy_kupe/,kuhni-nsk.ru,7,0,,,product,ok,,..\dataset-v2\artifacts\query--fcd92db3d679c091.json,8d963a423c62e7f9d5839e464528cef95a2d56f0,142655,77.3,6188,60000,929,478,0.514532,5.4812,50,18.58,3,1,1,0,2,1,85,1,164,0,0,0,38,3,3,0.5,0.25,4,0.5,11,0.040904,1,80,20,40,3,7,42,6,180,80,21.528525,60,3.229279,0.068979,0.509772,1,1,6.542254,0.666667,0.509772,0.254886,0.254886,0.25,0.315719,0.7,0.454545,0.868966,0.636527,0.135373,0.509772,200,1,0,0,1,1,1,0,0,0,1,1,1,0,0,2,0,0,1,0.8,1,1,0.96,1,9,1,1,1,1,1,1,1,0,1,1,0,0,1,4,1,1,1,1,1,8,7,0.888889,0.777778,0.888889,1,0.567431,1,2,0,3,1,0,0,0,0.475,1,0.955,1,0.698215,0.068979,0.301785,95.2725,831,52,12,20,7018.0767,0.500588,0.537941,0,1,0,0,0.2,1,0.45,0.25,0,0,0.73763,0.80928,0.474155,0.69056,0.80928,v5-shortcut-control-v1
dataset-v5,v3,extraction-v2,ranking-aware-v5,seo_weighted_page_quality_v5,63.1579,76.7,шкафы-купе цена Новосибирск,шкафы-купе,commercial,Новосибирск,65,https://shkaf-kupe-novosibirsk.ru/,shkaf-kupe-novosibirsk.ru,8,0,,,homepage,ok,,..\dataset-v2\artifacts\query--1b6a17b18e0f5025.json,dbd4dd36ce6e00b1f8388e998bbeeff26620cabe,569155,76.7,9600,60000,1600,1200,0.43554,5.8838,90,12.0496,36,1,10,0,18,1,94,1,162,0,0,0,102,2,1,0.5,0.25,5,0.5,11,0.032309,0.75,80,24,40,24,3,57,19,45.1,36.426988,21.856193,35.793475,34.843206,0.046406,0.588762,1,1,27.452174,0.342857,0.441572,0.294381,0.294381,0.25,0.588762,0.6625,0.290909,0.882759,0.692271,0.256429,0.588762,200,1,0,0,1,1,1,0,0,0,1,1,1,0,0,0,0,0,1,1,1,1,1,1,21,1,1,1,1,1,1,1,1,1,1,1,1,1,11,0,1,1,1,0.8,9,9,1,1,0.933333,1,0.492974,2,2,0,2,0,1,0,0,0.425,1,0.91,1,0.68126,0.046406,0.31874,491.1357,2174,26,21,69,5635.2369,0.207541,0.318156,0,1,0,0,0.2,1,0.45,0.25,0,0,0.727228,0.789137,0.625101,0.694411,0.789137,v5-shortcut-control-v1
dataset-v5,v3,extraction-v2,ranking-aware-v5,seo_weighted_page_quality_v5,57.8947,56.8,шкафы-купе цена Новосибирск,шкафы-купе,commercial,Новосибирск,65,https://znatokmebeli.ru/catalog/shkafy-kupe,znatokmebeli.ru,9,0,,,product,ok,,..\dataset-v2\artifacts\query--dab48cac22e84132.json,ba41fa5187439b88496ddcf7c5ccc1d6e395694e,92561,56.8,3598,60000,543,253,0.46593,5.4641,53,10.2453,4,1,0,0,1,1,77,1,138,0,0,0,25,2,2,0.5,0.5,2,0.5,15,0.046041,0.5,80,24,40,10,2,6,3,135.75,80,28,60,18.416206,0.059144,0.464526,1,1,4.309524,0.25,0.232263,0.232263,0.232263,0.25,0.168158,0.625,0.6,0.951724,0.232658,0.065292,0.464526,200,1,0,0,0,0,0,0,0,0,1,1,1,0,0,2,0,0,1,0.8,1,0.75,0.91,0,0,0,1,0,1,1,0,0,0,1,0,0,0,1,1,0,1,1,1,0.2,4,4,0.444444,0.444444,0.362963,1,0.427428,0,0,0,0,0,0,0,0,0,1,0.9235,1,0.72839,0.059144,0.27161,64.3135,571,34,15,34,11570.1003,0.46947,0.514602,0,1,0,0,0.2,1,0.45,0.25,0,0,0.479167,0.461867,0.336006,0.522171,0.461867,v5-shortcut-control-v1
dataset-v5,v3,extraction-v2,ranking-aware-v5,seo_weighted_page_quality_v5,52.6316,64.2,шкафы-купе цена Новосибирск,шкафы-купе,commercial,Новосибирск,65,http://www.shkaf54.ru/,shkaf54.ru,10,0,,,homepage,ok,,..\dataset-v2\artifacts\query--37cf956ed7096935.json,699434a9a19ec6bda34ea1b0ab7ae91ef0df9203,202259,64.2,9600,60000,1600,593,0.281844,5.0908,78,26.9744,36,1,10,5,18,1,43,1,103,0,0,0,100,2,2,0.5,0.5,4,0.5,22,0.047529,0.75,80,24,40,24,4,17,4.25,19.1273,80,28,28.041825,40,0.096534,0.541564,1,1,11.56044,0.163636,0.406173,0.270782,0.270782,0.25,0.541564,0.6625,0.781818,0.710345,0.311787,0.152637,0.541564,200,1,0,0,0,0,1,0,0,0,1,1,1,0,0,0,0,0,1,1,1,0.75,0.95,1,2,0,1,0,1,1,1,1,1,0,1,0,0,1,7,0,1,1,1,0.4,7,5,0.777778,0.555556,0.577778,1,0.535735,0,0,0,0,0,0,0,0,0,1,0.91,1,0.328571,0.096534,0.671429,145.9082,1541,10,5,112,7540.3806,0.532013,0.56151,0,1,0,0,0.2,1,0.45,0.25,0,0,0.627262,0.634039,0.528904,0.626962,0.634039,v5-shortcut-control-v1
dataset-v5,v3,extraction-v2,ranking-aware-v5,seo_weighted_page_quality_v5,100.0,27.4,шкафы-купе цена Казань,шкафы-купе,commercial,Казань,43,https://kazan.lemanapro.ru/catalogue/shkafy-kupe/,kazan.lemanapro.ru,1,0,,,product,ok,,..\dataset-v2\artifacts\query--d7996ec2249ac6d1.json,00f550c68a768e55627eed34d6c3f1c2d9b8679d,10073,27.4,77,8264,13,13,1,5,1,13,1,1,0,0,1,1,12,0,0,0,0,0,0,0,0,0,0,0,0,0,0,0,1,0,0,0,0,0,0,13,76.923077,0,0,0,0.009318,0,0,0,13,1,0,0,0,0,0,0,0.218182,0,0,0,0,403,0,0,0,0,0,0,0,0,0,0,1,1,0,0,2,0,0,1,0.8,1,0.75,0.71,1,1,0,0,0,0,0,0,0,0,0,0,0,0,0,0,0,0,0,0,0.2,1,0,0.111111,0,0.103704,1,0.536196,0,0,0,0,0,0,0,0,0,1,0.760695,1,0.509236,0.009318,0.490764,8.1094,40,0,2,0,3215.5246,0.97443,0.893323,0,1,0,0,0.05,1,0.45,0.5,0,0,0.088377,0.151776,0.061576,0.187793,0.151776,v5-shortcut-control-v1
dataset-v5,v3,extraction-v2,ranking-aware-v5,seo_weighted_page_quality_v5,94.7368,65.7,шкафы-купе цена Казань,шкафы-купе,commercial,Казань,43,https://kazanshkafkupe.ru/,kazanshkafkupe.ru,2,0,,,homepage,ok,,..\dataset-v2\artifacts\query--d1606f94e05e9a43.json,17f0fc553a330a81fd8a23fa7269446659f41631,216086,65.7,5581,60000,824,356,0.432039,5.6262,38,21.6842,36,1,5,12,18,1,69,1,145,0,0,0,98,2,4,0.5,0.5,22,0.5,18,0.118932,0.75,43,24,30,1,2,84,42,15.8462,52.184466,28,36.407767,1.213592,0.030959,0.558016,1,1,19.162791,0.384615,0.418512,0.279008,0.279008,0.25,0.306537,0.6625,0.745455,1,0,0.110363,0.558016,200,1,0,0,0,0,1,0,0,0,1,1,1,0,0,0,0,0,1,1,1,0.75,0.95,1,1,1,1,0,1,1,1,1,1,1,0,0,0,1,2,1,1,1,1,0.8,7,6,0.777778,0.666667,0.748148,1,0.381555,0,0,0,0,0,0,0,0,0,1,0.91,1,0.800267,0.030959,0.199733,182.5293,1228,30,20,61,4375.0189,0.338652,0.416489,0,1,0,0,0.05,1,0.45,0.5,0,0,0.672784,0.692864,0.495462,0.652216,0.692864,v5-shortcut-control-v1
dataset-v5,v3,extraction-v2,ranking-aware-v5,seo_weighted_page_quality_v5,89.4737,68.9,шкафы-купе цена Казань,шкафы-купе,commercial,Казань,43,https://www.kazan.bestmebelshop.ru/catalog/shkafy-kupe/,kazan.bestmebelshop.ru,3,0,,,product,ok,,..\dataset-v2\artifacts\query--adac2086bab825b1.json,9c6024749adc650401a880a62c300943bdbde417,1116916,68.9,9600,60000,1600,667,0.219192,4.257,90,19.6323,1,0,0,0,0,1,62,1,132,0,0,0,275,2,2,0.5,0.5,0,0,89,0.090371,1,80,24,40,1,4,158,39.5,180,80,28,60,0.328623,0.018196,0.346062,1,1,6.419831,0,0.346062,0.173031,0,0,0.346062,0.575,0.872727,0.910345,0,0.075854,0.346062,200,1,0,0,0,0,1,0,0,0,1,1,1,0,0,2,0,0,1,0.8,1,0.75,0.91,1,6,1,1,1,1,1,1,1,1,1,1,1,1,1,53,1,1,1,1,1,9,9,1,1,1,1,0.497405,3,3,0,3,1,1,0,1,0.8125,1,0.91,1,0.920391,0.018196,0.079609,910.165,4692,80,21,343,7204.5145,0.03335,0.187512,0,1,0,0,0.05,1,0.45,0.5,0,0,0.677514,0.763832,0.434302,0.607996,0.763832,v5-shortcut-control-v1
dataset-v5,v3,extraction-v2,ranking-aware-v5,seo_weighted_page_quality_v5,84.2105,76.1,шкафы-купе цена Казань,шкафы-купе,commercial,Казань,43,https://kazan.inmyroom.ru/products/mebel/shkafy/shkafy-kupe,kazan.inmyroom.ru,4,0,,,product,ok,,..\dataset-v2\artifacts\query--b320c0029d846937.json,7463e2d85c6ee4edd9dd956f659e6804492ad8c7,1424258,76.1,9600,60000,1600,739,0.359611,5.1294,52,38,6,1,2,0,3,1,70,1,149,0,0,0,138,1,3,0.25,0.5,6,0.5,4,0.067153,1,80,24,35,5,2,17,8.5,180,80,28,17.03163,2.43309,0.010224,0.545452,1,1,5.337662,0.5,0.545452,0.136363,0.272726,0.125,0.545452,0.6125,0.727273,0.972414,0,0.19615,0.545452,200,1,0,0,1,1,1,0,0,0,1,1,1,0,0,4,0,0,1,0.6,1,1,0.92,1,6,0,1,1,1,1,1,1,1,1,1,1,0,1,1,1,1,1,1,0.8,8,8,0.888889,0.888889,0.859259,1,0.351182,1,1,0,1,0,1,0,0,0.2875,1,0.91,1,0.955271,0.010224,0.044729,1260.6123,3872,58,28,98,12820.2576,0,0.1625,0,1,0,0,0.05,1,0.45,0.5,0,0,0.71432,0.777081,0.521494,0.66137,0.777081,v5-shortcut-control-v1
dataset-v5,v3,extraction-v2,ranking-aware-v5,seo_weighted_page_quality_v5,78.9474,65.6,шкафы-купе цена Казань,шкафы-купе,commercial,Казань,43,https://kazan.nonton.ru/mebel/shkafy/,kazan.nonton.ru,5,0,,,content,ok,,..\dataset-v2\artifacts\query--0d00d6e17d3be857.json,7a47ebc8c82b76399e086d67431ece15dd815a98,2869896,65.6,9600,60000,1600,759,0.176061,5.0566,75,38,1,1,0,0,1,1,79,1,194,0,0,0,442,0,1,0,0.25,1,0.25,15,0.102528,1,80,24,40,4,4,180,45,180,80,28,45.697054,0.927859,0.010648,0.436674,1,1,3.589509,1,0.436674,0,0.109169,0,0.436674,0.4625,0.563636,0.662069,0,0.076881,0.436674,200,1,0,0,1,1,0,0,0,0,1,1,1,0,0,2,0,0,1,0.8,1,1,0.96,1,2,0,1,1,1,1,1,1,1,1,1,0,0,1,42,1,1,1,1,0.8,8,7,0.888889,0.777778,0.822222,1,0.279772,0,0,0,0,0,0,0,0,0,1,0.91,1,0.953414,0.010648,0.046586,2506.7002,7435,84,20,221,14167.848,0,0.1625,0,1,0,0,0.05,1,0.45,0.5,0,0,0.658203,0.737702,0.415695,0.604602,0.737702,v5-shortcut-control-v1
dataset-v5,v3,extraction-v2,ranking-aware-v5,seo_weighted_page_quality_v5,73.6842,67.4,шкафы-купе цена Казань,шкафы-купе,commercial,Казань,43,https://мафа-мебель.рф/catalog/shkafy-kupe-shkafy/,мафа-мебель.рф,6,0,,,product,ok,,..\dataset-v2\artifacts\query--63d4c848f999ec53.json,4b69a2580a5ca63c2c503cdab175fd6a9ae92480,115027,67.4,5097,60000,713,353,0.495091,5.9046,37,19.2703,36,1,3,1,5,1,50,1,164,0,0,0,44,2,2,0.5,0.5,6,0.75,16,0.061711,1,80,24,11,20,5,5,1,16.5814,80,28,15.42777,28.050491,0.064896,0.457915,1,1,6.094017,0.116279,0.457915,0.228958,0.343436,0.375,0.217662,0.7625,0.909091,0.868966,0,0.089802,0.457915,200,1,0,0,0,0,0,0,0,0,1,1,1,0,0,2,0,0,1,0.8,1,0.75,0.91,1,3,1,1,1,1,1,1,1,1,1,0,0,0,1,12,1,1,0,0,1,8,5,0.888889,0.555556,0.814815,1,0.415178,0,0,0,0,0,0,0,0,0,1,0.91225,1,0.71608,0.064896,0.28392,82.1094,839,60,16,39,11681.8492,0.402722,0.464542,0,1,0,0,0.05,1,0.45,0.5,0,0,0.723701,0.799311,0.484142,0.675167,0.799311,v5-shortcut-control-v1
dataset-v5,v3,extraction-v2,ranking-aware-v5,seo_weighted_page_quality_v5,68.4211,73.0,шкафы-купе цена Казань,шкафы-купе,commercial,Казань,43,https://www.divan.ru/kazan/category/shkafy-kupe,divan.ru,7,0,,,category,ok,,..\dataset-v2\artifacts\query--f77487ee57c7d230.json,1070a6511b06cc76f9e280b968a63bab3595fe2f,2699938,73.0,9600,60000,1600,528,0.295467,4.9894,90,13.9609,2,1,0,0,1,1,82,1,238,0,0,0,75,3,3,0.5,0.5,2,0.5,12,0.04197,1,80,24,3,0,1,2,2,180,80,28,1.678791,0,0.004726,0.384481,1,1,3.503922,0.5,0.384481,0.192241,0.192241,0.25,0.384481,0.7,0.509091,0.358621,0.601007,0.112781,0.384481,200,1,0,0,1,1,1,0,0,0,1,1,1,0,0,3,0,0,1,0.7,1,1,0.94,1,6,0,1,1,1,1,1,1,1,1,1,1,0,1,53,1,1,1,1,0.8,8,8,0.888889,0.888889,0.859259,1,0.332669,1,1,0,1,0,0,0,1,0.2375,1,0.91,1,0.979324,0.004726,0.020676,2313.7891,5693,243,71,96,12577.6205,0,0.1625,0,1,0,0,0.05,1,0.45,0.5,0,0,0.670405,0.748651,0.428031,0.632854,0.748651,v5-shortcut-control-v1
dataset-v5,v3,extraction-v2,ranking-aware-v5,seo_weighted_page_quality_v5,63.1579,75.6,шкафы-купе цена Казань,шкафы-купе,commercial,Казань,43,https://kazan.good-mebel.com/category/shkafy-kupe/,kazan.good-mebel.com,8,0,,,category,ok,,..\dataset-v2\artifacts\query--56ed62aecd1e311e.json,3ec2cd884caf27f8ba8cde5f2b153ad357192f51,3759850,75.6,9600,60000,1600,642,0.198454,4.5975,83,38,6,1,0,0,1,1,94,1,199,0,0,0,108,3,4,0.5,0.5,1,0.25,8,0.033385,1,80,24,40,0,2,20,10,180,80,28,60,0,0.005493,0.515982,1,1,3.031865,0.166667,0.515982,0.257991,0.128996,0.125,0.515982,0.6375,0.290909,0.627586,0.887172,0.102399,0.515982,200,1,0,0,1,1,0,0,0,0,1,1,1,0,0,2,0,0,1,0.8,1,1,0.96,1,5,1,1,1,1,1,1,1,1,1,1,1,1,1,53,1,1,1,1,1,9,9,1,1,1,1,0.274133,0,0,0,0,0,0,0,0,0,1,0.91,1,0.975968,0.005493,0.024032,3320.7803,9540,71,33,375,13121.234,0,0.1625,0,1,0,0,0.05,1,0.45,0.5,0,0,0.750394,0.815721,0.537293,0.686694,0.815721,v5-shortcut-control-v1
dataset-v5,v3,extraction-v2,ranking-aware-v5,seo_weighted_page_quality_v5,57.8947,67.1,шкафы-купе цена Казань,шкафы-купе,commercial,Казань,43,https://mebeldan.ru/catalog/shkafy-kupe/,mebeldan.ru,9,0,,,product,ok,,..\dataset-v2\artifacts\query--c31facc126470e2b.json,52b12031a7fb07560f457a0a0f848a8049b9fd81,206277,67.1,9600,60000,1600,997,0.508155,5.7197,90,11.6786,21,1,2,12,18,1,86,1,161,0,0,0,60,3,2,0.5,0.25,4,0.5,22,0.030581,0.75,80,24,40,0,8,110,13.75,93.4286,79.510703,28,53.51682,0,0.097087,0.493208,1,1,12.576923,1.047619,0.369906,0.246604,0.246604,0.25,0.493208,0.6625,0.436364,0.889655,0.735474,0.250626,0.493208,200,1,0,0,0,0,1,0,0,0,1,1,0,0,0,2,0,0,1,0.8,0.5,0.75,0.81,1,3,1,1,1,1,1,0,0,1,1,1,0,0,1,2,1,1,1,1,1,6,8,0.666667,0.888889,0.851852,1,0.47951,0,0,0,0,0,0,0,0,0,1,0.91,1,0.457143,0.097087,0.542857,147.9102,1418,20,14,74,7542.5353,0.403576,0.465182,0,1,0,0,0.05,1,0.45,0.5,0,0,0.639483,0.741246,0.509015,0.596868,0.741246,v5-shortcut-control-v1
dataset-v5,v3,extraction-v2,ranking-aware-v5,seo_weighted_page_quality_v5,52.6316,66.7,шкафы-купе цена Казань,шкафы-купе,commercial,Казань,43,https://meggamebel.ru/catalog/shkafy/shkafy-kupe/,meggamebel.ru,10,0,,,product,ok,,..\dataset-v2\artifacts\query--78fca7b3e7a4cf95.json,6baecf445f79301627bddfceced9defbca925c01,400449,66.7,6090,60000,927,349,0.376483,5.3765,42,22.0714,36,1,0,0,1,1,75,1,132,0,0,0,67,5,3,0.75,0.75,2,0.5,11,0.072276,0.75,80,24,40,0,6,90,15,21.0682,80,28,60,0,0.019712,0.222144,1,1,2.82622,0.022727,0.166608,0.166608,0.111072,0.375,0.137285,0.75,0.636364,0.910345,0,0.043071,0.222144,200,1,0,0,1,1,1,0,0,0,1,1,1,0,0,3,0,0,1,0.7,1,1,0.94,1,3,0,1,1,1,1,0,1,0,1,0,0,0,1,1,1,1,1,1,0.8,7,5,0.777778,0.555556,0.711111,1,0.329012,1,0,1,0,0,0,0,0,0,1,0.91,1,0.913761,0.019712,0.086239,308.0723,2524,71,56,76,7184.6065,0.209744,0.319808,0,1,0,0,0.05,1,0.45,0.5,0,0,0.56919,0.681281,0.313583,0.554845,0.681281,v5-shortcut-control-v1
dataset-v5,v3,extraction-v2,ranking-aware-v5,seo_weighted_page_quality_v5,100.0,27.4,шкафы-купе цена Краснодар,шкафы-купе,commercial,Краснодар,35,https://krasnodar.lemanapro.ru/catalogue/shkafy-kupe/,krasnodar.lemanapro.ru,1,0,,,product,ok,,..\dataset-v2\artifacts\query--8e97ec88181e3b5b.json,7b836a2ba1c3f385692dda96c2d9d0cdeb3844f0,10081,27.4,77,8264,13,13,1,5,1,13,1,1,0,0,1,1,12,0,0,0,0,0,0,0,0,0,0,0,0,0,0,0,1,0,0,0,0,0,0,13,76.923077,0,0,0,0.009318,0,0,0,13,1,0,0,0,0,0,0,0.218182,0,0,0,0,403,0,0,0,0,0,0,0,0,0,0,1,1,0,0,2,0,0,1,0.8,1,0.75,0.71,1,1,0,0,0,0,0,0,0,0,0,0,0,0,0,0,0,0,0,0,0.2,1,0,0.111111,0,0.103704,1,0.536196,0,0,0,0,0,0,0,0,0,1,0.760695,1,0.509236,0.009318,0.490764,8.1094,40,0,2,0,3049.5618,0.97443,0.893323,0,1,0,0,0.2,1,0.45,0.25,0,0,0.082221,0.147673,0.055339,0.183005,0.147673,v5-shortcut-control-v1
dataset-v5,v3,extraction-v2,ranking-aware-v5,seo_weighted_page_quality_v5,94.7368,17.5,шкафы-купе цена Краснодар,шкафы-купе,commercial,Краснодар,35,https://4nozhki.ru/tovari/shkafi-kupe/krasnodar/,4nozhki.ru,2,0,,,content,ok,,..\dataset-v2\artifacts\query--47efe3a98498ec2e.json,41d7ba3cae40cf42d132e203d7926a25d3ea06de,17598,17.5,32,15099,4,4,1,6.75,1,4,2,0,0,0,0,0,0,0,0,0,0,0,0,0,0,0,0,0,0,0,0,0,1,0,0,0,0,0,0,2,80,0,0,0,0.002119,0.189875,0,0,4,0,0,0,0,0,0.000506,0,0,0,0,0.000422,0,200,1,0,0,0,0,0,1,1,0,0,1,0,0,0,3,0,0,1,0.7,0.5,0.75,0.59,0,0,0,0,0,0,1,0,0,0,1,0,0,0,0,0,0,0,0,0,0,0,1,0,0.111111,0.037037,1,0.513929,0,0,0,0,0,0,0,0,0,1,0.754444,1,0.592156,0.002119,0.407844,14.9199,46,4,1,0,2581.3222,0.958286,0.893426,0,1,0,0,0.2,1,0.45,0.25,0,0,0.07858,0.068612,0.078702,0.169285,0.068612,v5-shortcut-control-v1
dataset-v5,v3,extraction-v2,ranking-aware-v5,seo_weighted_page_quality_v5,89.4737,25.3,шкафы-купе цена Краснодар,шкафы-купе,commercial,Краснодар,35,https://www.avito.ru/krasnodar/mebel_i_interer/shkafy_komodyi_stellazhi-ASgBAgICAURaqAI?q=шкаф+купе,avito.ru,3,0,,,content,ok,,..\dataset-v2\artifacts\query--bf2b2e376fdc5353.json,9bbf3ef353298d5e4c30e7510d4f976b475bcd76,34462,25.3,947,28943,133,90,0.676692,5.8421,12,11.0833,11,0,1,0,1,1,31,0,0,0,0,0,0,0,0,0,0,0,0,0,0,0,1,1,0,1,1,2,2,12.0909,7.518797,7.518797,0,7.518797,0.032719,0,0,0.75,80,0.090909,0,0,0,0,0,0,0.563636,0,0,0,0,429,0,0,0,0,0,0,0,0,0,0,1,1,0,0,3,1,1,1,0.6,1,0.35,0.59,1,1,0,0,0,0,1,0,0,0,1,0,0,0,1,1,1,0,1,1,0.4,2,3,0.222222,0.333333,0.318519,1,0.569567,0,0,0,0,0,0,0,0,0,1,0.879278,1,0.471138,0.032719,0.528862,29.1826,60,5,1,1,5311.3859,0.943504,0.870128,0,1,0,0,0.2,1,0.45,0.25,0,0,0.163278,0.209965,0.052977,0.201081,0.209965,v5-shortcut-control-v1
dataset-v5,v3,extraction-v2,ranking-aware-v5,seo_weighted_page_quality_v5,84.2105,55.3,шкафы-купе цена Краснодар,шкафы-купе,commercial,Краснодар,35,http://tkmebeli.ru/shkafy-kupe,tkmebeli.ru,4,0,,,content,ok,,..\dataset-v2\artifacts\query--fef01d00575a49da.json,6ff23c75e0217926203521825d107b64aeb5f73e,89645,55.3,7780,49772,1154,463,0.401213,5.5026,90,10.5872,36,1,2,0,3,1,65,1,193,0,0,0,81,1,3,0.25,0.5,4,0.5,32,0.070191,0.75,80,24,40,1,6,24,4,25.087,80,28,36.395147,0.866551,0.156313,0.357739,1,1,9.779661,0.065217,0.268304,0.089435,0.178869,0.125,0.275221,0.575,0.818182,0.668966,0,0.092018,0.357739,200,1,0,0,0,0,1,0,0,0,1,1,0,0,0,1,0,0,1,0.9,0.5,0.75,0.83,1,3,0,1,0,1,1,1,1,0,1,1,0,0,1,1,1,1,0,0,0.6,7,3,0.777778,0.333333,0.57037,1,0.503621,0,0,0,0,0,0,0,0,0,1,0.919,1,0.521429,0.156313,0.478571,55.6934,697,25,4,36,11317.74,0.605882,0.616912,0,1,0,0,0.2,1,0.45,0.25,0,0,0.564437,0.600296,0.372546,0.532366,0.600296,v5-shortcut-control-v1
dataset-v5,v3,extraction-v2,ranking-aware-v5,seo_weighted_page_quality_v5,78.9474,68.3,шкафы-купе цена Краснодар,шкафы-купе,commercial,Краснодар,35,https://krasnodar.nonton.ru/mebel/shkafy/shkafy-kupe/,krasnodar.nonton.ru,5,0,,,content,ok,,..\dataset-v2\artifacts\query--877f186301311cf2.json,63359b71ffb7c63b4560381b39e39ad23442f61c,2856947,68.3,9600,60000,1600,733,0.169401,5.0538,57,38,1,1,0,0,1,1,54,1,189,0,0,0,744,2,1,0.5,0.25,2,0.5,17,0.171944,1,80,24,40,4,4,152,38,180,80,28,42.292581,0.924428,0.010716,0.361619,1,1,3.676296,1,0.361619,0.18081,0.18081,0.25,0.361619,0.7,0.981818,0.696552,0,0.061259,0.361619,200,1,0,0,1,1,0,0,0,0,1,1,1,0,0,3,0,0,1,0.7,1,1,0.94,1,2,0,1,1,1,1,1,1,1,1,1,0,0,1,42,1,1,1,1,0.8,8,7,0.888889,0.777778,0.822222,1,0.279845,0,0,0,0,0,0,0,0,0,1,0.91,1,0.953119,0.010716,0.046881,2493.96,7121,65,22,218,13382.9381,0,0.1625,0,1,0,0,0.2,1,0.45,0.25,0,0,0.662089,0.742907,0.411703,0.625053,0.742907,v5-shortcut-control-v1
dataset-v5,v3,extraction-v2,ranking-aware-v5,seo_weighted_page_quality_v5,68.4211,75.8,шкафы-купе цена Краснодар,шкафы-купе,commercial,Краснодар,35,https://mebelpik.ru/shop/shkafy-kupe/,mebelpik.ru,7,0,,,product,ok,,..\dataset-v2\artifacts\query--f6bf2339ae32c2c1.json,e00d494bc208d18e71abcd32c7dc4d77321ee99c,725802,75.8,9600,60000,1600,526,0.22383,5.5855,67,35.0746,17,1,0,12,18,1,76,1,136,0,0,0,108,1,2,0.25,0.5,27,0.75,4,0.045957,1,80,24,40,24,4,36,9,138.2353,80,22.978723,60,28.510638,0.028613,0.295417,1,1,3.76,1.705882,0.295417,0.073854,0.221563,0.1875,0.295417,0.675,0.618182,0.937931,0.468085,0.066123,0.295417,200,1,0,0,1,1,1,0,0,0,1,1,1,0,0,2,0,0,1,0.8,1,1,0.96,1,2,1,1,1,1,1,1,0,1,1,1,0,1,1,3,1,1,1,1,1,8,8,0.888889,0.888889,0.925926,1,0.537539,1,4,0,5,1,0,0,1,0.85,1,0.91,1,0.874816,0.028613,0.125184,557.6406,2574,91,73,54,7446.6426,0.136629,0.264972,0,1,0,0,0.2,1,0.45,0.25,0,0,0.656854,0.75337,0.508422,0.613999,0.75337,v5-shortcut-control-v1
dataset-v5,v3,extraction-v2,ranking-aware-v5,seo_weighted_page_quality_v5,63.1579,64.8,шкафы-купе цена Краснодар,шкафы-купе,commercial,Краснодар,35,https://shkaf-krasnodar.ru/,shkaf-krasnodar.ru,8,0,,,homepage,ok,,..\dataset-v2\artifacts\query--cbc6b60b87f8ff89.json,bc87869222b2a92d589493611a259774d338202a,152031,64.8,7316,60000,1165,507,0.435193,5.0678,65,17.9231,36,1,0,0,1,1,77,1,118,0,0,0,16,1,0,0.25,0,0,0,8,0.013734,0.75,80,24,40,2,1,22,22,7.3734,80,28,60,1.716738,0.077558,0.536215,1,1,5.271493,0.006329,0.402161,0.134054,0,0,0.41646,0.45,0.6,0.813793,0.343348,0.151034,0.536215,200,1,0,0,1,1,0,0,0,0,1,1,1,0,0,0,0,0,1,1,1,1,1,1,13,0,1,0,0,0,1,0,1,1,1,1,0,1,2,1,1,1,1,0.6,5,7,0.555556,0.777778,0.644444,1,0.550473,0,0,0,0,0,0,0,0,0,1,0.91,1,0.313539,0.077558,0.686461,102.6436,1484,8,2,109,4782.3753,0.590575,0.605431,0,1,0,0,0.2,1,0.45,0.25,0,0,0.577397,0.6136,0.414986,0.573543,0.6136,v5-shortcut-control-v1
dataset-v5,v3,extraction-v2,ranking-aware-v5,seo_weighted_page_quality_v5,57.8947,63.2,шкафы-купе цена Краснодар,шкафы-купе,commercial,Краснодар,35,https://krasnodar.arkomebel.ru/shkafy-2/shkafy-kupe/,krasnodar.arkomebel.ru,9,0,,,content,ok,,..\dataset-v2\artifacts\query--13f0695fa21f054f.json,f679174512586e205e403f257e878c7a25c0b54e,330746,63.2,7975,60000,1438,272,0.189152,4.4145,90,15.4624,36,1,0,2,3,1,64,1,172,0,0,0,59,2,4,0.5,0.5,2,0.5,15,0.041029,0.75,80,24,40,0,2,10,5,32.6818,80,28,60,0,0.031045,0.117226,1,1,7.04902,0.068182,0.087919,0.058613,0.058613,0.25,0.112381,0.6625,0.836364,0.813793,0.47427,0.017714,0.117226,200,1,0,0,1,1,0,0,0,0,1,1,1,0,0,2,0,0,1,0.8,1,1,0.96,1,8,0,1,1,1,1,1,1,1,1,1,0,0,1,40,1,1,1,1,0.8,8,7,0.888889,0.777778,0.822222,1,0.369516,0,0,0,0,0,0,0,0,0,1,0.91,1,0.787036,0.031045,0.212964,264.4883,2545,29,16,375,6585.8943,0.256799,0.355099,0,1,0,0,0.2,1,0.45,0.25,0,0,0.545669,0.663705,0.296494,0.523914,0.663705,v5-shortcut-control-v1
dataset-v5,v3,extraction-v2,ranking-aware-v5,seo_weighted_page_quality_v5,52.6316,64.5,шкафы-купе цена Краснодар,шкафы-купе,commercial,Краснодар,35,https://kalenich-home.ru/shkafy_kupe/,kalenich-home.ru,10,0,,,content,ok,,..\dataset-v2\artifacts\query--2a38f4e13566eaef.json,90c62788f57b5b70b6fbfc3ad9d7f59118049e87,874220,64.5,9600,60000,1600,708,0.313969,5.4177,46,38,23,1,6,2,9,1,72,1,184,0,0,0,161,2,2,0.5,0.5,13,0.5,3,0.071397,0.75,80,24,40,4,3,54,18,98.0435,80,28,60,1.773836,0.0202,0.139804,0.75,1,8.17029,0.391304,0.104853,0.069902,0.069902,0.25,0.139804,0.6,0.690909,0.731034,0,0.043894,0.139804,200,1,0,0,1,1,1,0,0,0,1,1,1,0,0,1,0,0,1,0.9,1,1,0.98,1,4,1,1,1,1,1,1,1,1,1,1,0,0,1,1,1,1,1,1,1,8,8,0.888889,0.888889,0.925926,1,0.364706,1,1,0,1,0,0,0,1,0.2375,1,0.91,1,0.911627,0.0202,0.088373,748.876,3248,73,47,67,12390.3365,0.080603,0.222952,0,1,0,0,0.2,1,0.45,0.25,0,0,0.569272,0.694354,0.345723,0.5417,0.694354,v5-shortcut-control-v1
dataset-v5,v3,extraction-v2,ranking-aware-v5,seo_weighted_page_quality_v5,100.0,27.1,шкафы-купе цена Самара,шкафы-купе,commercial,Самара,51,https://samara.lemanapro.ru/catalogue/shkafy-kupe/,samara.lemanapro.ru,1,0,,,product,ok,,..\dataset-v2\artifacts\query--994b1cd808b53ad2.json,a32b2058e1e091e609413b7d914a45a4a88e97d5,10075,27.1,77,8264,13,13,1,5,1,13,1,1,0,0,1,1,12,0,0,0,0,0,0,0,0,0,0,0,0,0,0,0,1,0,0,0,0,0,0,13,76.923077,0,0,0,0.009318,0,0,0,13,1,0,0,0,0,0,0,0.218182,0,0,0,0,403,0,0,0,0,0,0,0,0,0,0,1,1,0,0,2,0,0,1,0.8,1,0.75,0.71,1,1,0,0,0,0,0,0,0,0,0,0,0,0,0,0,0,0,0,0,0.2,1,0,0.111111,0,0.103704,1,0.536196,0,0,0,0,0,0,0,0,0,1,0.760695,1,0.509236,0.009318,0.490764,8.1094,40,0,2,0,3231.2364,0.97443,0.893323,1,0,0,0,0.45,0,0.45,0,0,0,0.094975,0.156175,0.068261,0.192925,0.094975,v5-shortcut-control-v1
dataset-v5,v3,extraction-v2,ranking-aware-v5,seo_weighted_page_quality_v5,94.7368,63.4,шкафы-купе цена Самара,шкафы-купе,commercial,Самара,51,https://sam-mebel.ru/,sam-mebel.ru,2,0,,,homepage,ok,,..\dataset-v2\artifacts\query--0142c78c459b028e.json,bf29a3bf09bc8aad0d9d7b78977af52820461bf9,758319,63.4,9600,60000,1600,755,0.174244,5.787,90,17.0591,36,1,3,0,4,1,51,1,200,0,0,0,170,2,5,0.5,0.5,8,0.5,13,0.039234,0.75,80,24,0,22,31,124,4,68.7778,34.156474,26.540503,0,5.077314,0.047533,0.549527,1,0.75,29.277027,0.063492,0.412145,0.274763,0.274763,0.25,0.549527,0.6625,0.927273,0.62069,0.519155,0.095752,0.412145,200,1,0,0,0,0,1,0,0,0,1,1,0,0,0,0,0,0,1,1,0.5,0.75,0.85,1,1,1,1,0,1,1,1,0,0,1,0,0,0,1,45,1,1,1,1,0.8,6,5,0.666667,0.555556,0.674074,1,0.396267,0,0,0,0,0,0,0,0,0,1,0.91,1,0.624899,0.047533,0.375101,651.9248,3277,22,53,115,11197.5788,0.183292,0.299969,1,0,0,0,0.45,0,0.45,0,0,0,0.618442,0.655613,0.490471,0.603134,0.618442,v5-shortcut-control-v1
dataset-v5,v3,extraction-v2,ranking-aware-v5,seo_weighted_page_quality_v5,89.4737,72.2,шкафы-купе цена Самара,шкафы-купе,commercial,Самара,51,https://mebeldom63.ru/cat/shkafyi/shkafy-kupe/,mebeldom63.ru,3,0,,,content,ok,,..\dataset-v2\artifacts\query--3e184b6a014fbce3.json,610219db00aa2575ca80564c05afd60a0975c079,246698,72.2,9481,60000,1482,494,0.333333,5.0951,90,9.3797,24,1,10,3,18,1,49,1,151,0,0,0,64,1,1,0.25,0.25,43,0.5,14,0.043185,1,80,24,40,2,2,20,10,61.75,80,28,60,1.349528,0.05567,0.530118,1,1,8.233333,1.916667,0.530118,0.132529,0.265059,0.125,0.523757,0.6125,0.890909,0.958621,0.560504,0.145488,0.530118,200,1,0,0,1,1,1,0,0,0,1,1,1,0,0,3,0,0,1,0.7,1,1,0.94,1,8,0,1,1,1,1,1,1,1,1,0,0,1,1,40,0,1,1,1,0.6,9,6,1,0.666667,0.755556,1,0.602511,1,4,0,5,1,0,0,1,0.85,1,0.91,1,0.756442,0.05567,0.243558,180.2061,1127,68,37,44,6056.8754,0.325316,0.406487,1,0,0,0,0.45,0,0.45,0,0,0,0.710536,0.760022,0.609513,0.661518,0.710536,v5-shortcut-control-v1
dataset-v5,v3,extraction-v2,ranking-aware-v5,seo_weighted_page_quality_v5,84.2105,71.1,шкафы-купе цена Самара,шкафы-купе,commercial,Самара,51,https://www.e-1.ru/city/samara/,e-1.ru,4,0,,,content,ok,,..\dataset-v2\artifacts\query--c0fb522bdbd17ec4.json,f380d3a6322b1ef41d96b74729bed374b702a73c,220911,71.1,4106,60000,604,319,0.528146,5.4387,24,25.1667,15,1,3,10,14,1,68,1,122,0,0,0,23,2,1,0.5,0.25,3,0.5,6,0.038079,0.75,80,5,34,3,0,1,0,40.2667,80,8.278146,56.291391,4.966887,0.024679,0.568434,1,0.75,4.081081,0.933333,0.426326,0.284217,0.284217,0.25,0.228889,0.6625,0.763636,0.841379,0.548013,0.100739,0.426326,200,1,0,0,1,1,1,0,0,0,1,1,1,0,0,2,0,0,1,0.8,1,1,0.96,1,11,0,1,1,1,1,1,0,1,1,1,0,1,1,3,1,1,1,1,0.8,8,7,0.888889,0.777778,0.822222,1,0.617229,3,4,0,3,1,0,0,1,0.75,1,0.98875,1,0.89203,0.024679,0.10797,170.5791,662,54,5,5,10985.5224,0.612928,0.622196,1,0,0,0,0.45,0,0.45,0,0,0,0.673579,0.753907,0.547133,0.656255,0.673579,v5-shortcut-control-v1
dataset-v5,v3,extraction-v2,ranking-aware-v5,seo_weighted_page_quality_v5,78.9474,65.2,шкафы-купе цена Самара,шкафы-купе,commercial,Самара,51,https://mebel-kega.ru/shkafy/shkafy-kupe,mebel-kega.ru,5,0,,,content,ok,,..\dataset-v2\artifacts\query--da94c57b28246ac8.json,92fd72e975831cba5b14faeed3f5462530c65ef9,164791,65.2,2829,60000,474,207,0.436709,4.5802,8,38,4,1,2,0,3,1,112,1,220,0,0,0,51,4,5,0.5,0.75,2,0.5,27,0.107595,1,80,24,27,4,39,122,3.128205,118.5,80,28,56.962025,8.438819,0.022062,0.590991,1,1,3.917355,0.75,0.590991,0.295496,0.295496,0.25,0.186753,0.7,0,0.482759,0,0.067964,0.590991,200,1,0,0,1,1,0,0,0,0,1,1,1,0,0,2,0,0,1,0.8,1,1,0.96,1,3,1,0,0,1,1,0,0,1,1,1,0,1,1,1,0,1,1,1,0.4,5,6,0.555556,0.666667,0.540741,1,0.51041,0,0,0,0,0,0,0,0,0,1,0.91225,1,0.530621,0.022062,0.469379,128.0205,1045,6,2,39,5523.3465,0.663347,0.66001,1,0,0,0,0.45,0,0.45,0,0,0,0.647173,0.544687,0.546015,0.658276,0.647173,v5-shortcut-control-v1
dataset-v5,v3,extraction-v2,ranking-aware-v5,seo_weighted_page_quality_v5,73.6842,24.6,шкафы-купе цена Самара,шкафы-купе,commercial,Самара,51,https://www.avito.ru/samara?q=шкаф+купе,avito.ru,6,0,,,content,ok,,..\dataset-v2\artifacts\query--1068bebce72de447.json,301df938d3f1a2953dad98e3de511841e52740bc,34342,24.6,947,28943,133,90,0.676692,5.8421,12,11.0833,11,0,1,0,1,1,31,0,0,0,0,0,0,0,0,0,0,0,0,0,0,0,1,1,0,1,1,2,2,12.0909,7.518797,7.518797,0,7.518797,0.032719,0,0,0.75,80,0.090909,0,0,0,0,0,0,0.563636,0,0,0,0,429,0,0,0,0,0,0,0,0,0,0,1,1,0,0,1,1,1,1,0.8,1,0.35,0.63,1,1,0,0,0,0,1,0,0,0,1,0,0,0,1,1,1,0,1,1,0.4,2,3,0.222222,0.333333,0.318519,1,0.569567,0,0,0,0,0,0,0,0,0,1,0.879278,1,0.471138,0.032719,0.528862,29.1826,60,5,1,1,4725.2522,0.943504,0.870128,1,0,0,0,0.45,0,0.45,0,0,0,0.173937,0.218103,0.06267,0.21625,0.173937,v5-shortcut-control-v1
dataset-v5,v3,extraction-v2,ranking-aware-v5,seo_weighted_page_quality_v5,68.4211,72.0,шкафы-купе цена Самара,шкафы-купе,commercial,Самара,51,https://samara.bestmebelshop.ru/catalog/shkafy-kupe/,samara.bestmebelshop.ru,7,0,,,product,ok,,..\dataset-v2\artifacts\query--6e4f69f705359e18.json,b5e2cabf7b4c1e6d62c855ba66064c613a400851,1115075,72.0,9600,60000,1600,674,0.221274,4.2633,90,19.9085,1,1,0,0,1,1,71,1,123,0,0,0,277,2,2,0.5,0.5,2,0.5,89,0.090939,1,80,24,40,1,4,158,39.5,180,80,28,60,0.328299,0.018268,0.416551,1,1,6.42616,1,0.416551,0.208276,0.208276,0.25,0.416551,0.7,0.709091,0.848276,0,0.092172,0.416551,200,1,0,0,0,0,1,0,0,0,1,1,1,0,0,2,0,0,1,0.8,1,0.75,0.91,1,6,1,1,1,1,1,1,1,1,1,1,1,1,1,53,1,1,1,1,1,9,9,1,1,1,1,0.497575,3,3,0,3,1,1,0,1,0.8125,1,0.91,1,0.920077,0.018268,0.079923,908.5127,4679,79,21,336,11831.4381,0.033834,0.187876,1,0,0,0,0.45,0,0.45,0,0,0,0.719595,0.794233,0.497314,0.656373,0.719595,v5-shortcut-control-v1
dataset-v5,v3,extraction-v2,ranking-aware-v5,seo_weighted_page_quality_v5,63.1579,68.3,шкафы-купе цена Самара,шкафы-купе,commercial,Самара,51,https://mariya-mebell.ru/product-category/shkafy-kupe/,mariya-mebell.ru,8,0,,,product,ok,,..\dataset-v2\artifacts\query--53343983a28b5a5f.json,a17a057fc355b54e9cd2ff2ec4d9b4e06814fada,337820,68.3,5685,60000,901,391,0.433962,5.212,31,29.0645,36,1,6,0,7,1,71,1,233,0,0,0,129,3,3,0.5,0.5,4,0.5,35,0.143174,1,80,24,26,0,6,40,6.666667,14.0781,80,28,28.856826,0,0.022097,0.413111,1,1,2.887821,0.109375,0.413111,0.206556,0.206556,0.25,0.248142,0.7,0.709091,0.393103,0,0.089737,0.413111,200,1,0,0,1,1,1,0,0,0,1,1,1,0,0,2,0,0,1,0.8,1,1,0.96,1,1,1,1,0,1,1,0,0,0,1,0,0,0,1,2,0,1,1,1,0.6,5,5,0.555556,0.555556,0.57037,1,0.49688,1,4,0,4,0,0,0,1,0.65,1,0.91,1,0.903324,0.022097,0.096676,257.8506,2103,65,31,86,7848.8054,0.224458,0.330843,1,0,0,0,0.45,0,0.45,0,0,0,0.602469,0.632494,0.483191,0.607574,0.602469,v5-shortcut-control-v1
dataset-v5,v3,extraction-v2,ranking-aware-v5,seo_weighted_page_quality_v5,57.8947,64.8,шкафы-купе цена Самара,шкафы-купе,commercial,Самара,51,https://felicitamebel.ru/shkafy-kupe-v-samare-na-zakaz/,felicitamebel.ru,9,0,,,content,ok,,..\dataset-v2\artifacts\query--c091972d82b228e0.json,50530684bdcd7da5cf0e71e2325121143d420a96,186135,64.8,6963,60000,927,500,0.539374,6.2697,55,16.8545,20,0,6,0,6,1,52,1,127,0,0,0,48,1,3,0.25,0.75,6,0.5,20,0.05178,0.75,80,24,39,24,1,1,1,46.35,80,28,42.071197,25.889968,0.055741,0.544788,1,1,6.058824,0.3,0.408591,0.136197,0.272394,0.125,0.336679,0.575,0.945455,0.875862,0.205502,0.15133,0.544788,200,1,0,0,1,1,1,0,0,0,1,1,1,0,0,1,0,0,1,0.9,1,1,0.98,1,2,0,1,0,1,1,1,0,1,1,0,0,0,1,1,1,1,1,1,0.6,6,5,0.666667,0.555556,0.607407,1,0.726069,1,4,0,5,1,0,0,1,0.85,1,0.91,1,0.396135,0.055741,0.603865,135.0352,1049,7,21,110,8347.6862,0.503883,0.540412,1,0,0,0,0.45,0,0.45,0,0,0,0.617837,0.641906,0.490444,0.61397,0.617837,v5-shortcut-control-v1
dataset-v5,v3,extraction-v2,ranking-aware-v5,seo_weighted_page_quality_v5,52.6316,73.5,шкафы-купе цена Самара,шкафы-купе,commercial,Самара,51,https://bigmebel-samara.ru/shkafy-kupe/,bigmebel-samara.ru,10,0,,,content,ok,,..\dataset-v2\artifacts\query--3aa6b5f90cb18ecf.json,f63482f921ac0115c8575a0c4a7df910cf5b46f9,3172960,73.5,9600,60000,1600,1200,0.274737,5.4944,90,22.861,36,1,0,2,3,1,69,1,187,0,0,0,181,2,4,0.5,0.5,3,0.5,9,0.02117,1,80,24,40,24,8,257,32.125,59.7902,72.046784,28,33.80117,12.280702,0.020424,0.644151,1,1,13.87987,0.020979,0.644151,0.322076,0.322076,0.25,0.644151,0.7,0.745455,0.710345,0.705653,0.176972,0.644151,200,1,0,0,1,1,1,0,0,0,1,1,1,0,0,1,0,0,1,0.9,1,1,0.98,1,4,0,1,1,1,1,1,1,1,1,1,0,1,1,48,1,1,1,1,0.8,9,7,1,0.777778,0.859259,1,0.452964,1,4,0,4,0,0,0,1,0.65,1,0.91,1,0.910644,0.020424,0.089356,2782.1182,8000,79,98,716,13249.5174,0,0.1625,1,0,0,0,0.45,0,0.45,0,0,0,0.78816,0.829693,0.640929,0.741367,0.78816,v5-shortcut-control-v1
dataset-v5,v3,extraction-v2,ranking-aware-v5,seo_weighted_page_quality_v5,100.0,66.5,шкафы-купе цена Нижний Новгород,шкафы-купе,commercial,Нижний Новгород,47,https://shkaf-nnov.ru/,shkaf-nnov.ru,1,0,,,homepage,ok,,..\dataset-v2\artifacts\query--65a7d517fb33b496.json,d1408cd42ae95de27b5b10ac3f6fbe429dd71419,61039,66.5,4708,35833,692,382,0.552023,5.4899,62,11.1613,19,1,3,0,4,1,73,0,0,0,0,0,28,4,0,0.8,0,2,0.4,19,0.040462,0.8,74,24,40,5,1,7,7,36.4211,80,28,59.248555,7.225434,0.131387,0.50358,1,1,9.351351,0.210526,0.402864,0.402864,0.201432,0.32,0.232318,0.75,0.672727,0,0.521002,0.106871,0.50358,200,1,0,0,0,0,0,0,0,0,1,1,1,0,0,0,0,0,1,1,1,0.75,0.95,1,7,1,1,1,1,1,1,1,1,0,1,0,0,1,1,0,1,1,1,0.8,8,7,0.888889,0.777778,0.822222,1,0.491082,0,0,0,0,0,0,0,0,0,1,0.9415,1,0.585714,0.131387,0.414286,39.168,462,30,9,26,26387.1726,0.594721,0.608541,1,0,0,0,0.4,0,0.4,0,0,0,0.693876,0.767,0.462344,0.669123,0.693876,v5-shortcut-control-v1
dataset-v5,v3,extraction-v2,ranking-aware-v5,seo_weighted_page_quality_v5,94.7368,26.1,шкафы-купе цена Нижний Новгород,шкафы-купе,commercial,Нижний Новгород,47,https://www.avito.ru/nizhniy_novgorod?q=шкафы+купе,avito.ru,2,0,,,content,ok,,..\dataset-v2\artifacts\query--9666853291eeb4ed.json,bdc72e3b124540a5e80b43b30eaa249590de42fb,34370,26.1,947,28943,133,90,0.676692,5.8421,12,11.0833,11,0,1,0,1,1,31,0,0,0,0,0,0,0,0,0,0,0,0,0,0,0,1,1,0,1,1,2,2,12.0909,7.518797,7.518797,0,7.518797,0.032719,0.046464,0,0.75,80,0.090909,0,0,0,0,0.00412,0,0.563636,0,0,0.002323,0.034848,429,0,0,0,0,0,0,0,0,0,0,1,1,0,0,1,1,1,1,0.8,1,0.35,0.63,1,1,0,0,0,0,1,0,0,0,1,0,0,0,1,1,1,0,1,1,0.4,2,3,0.222222,0.333333,0.318519,1,0.569567,0,0,0,0,0,0,0,0,0,1,0.879278,1,0.471138,0.032719,0.528862,29.1826,60,5,1,1,4451.9783,0.943504,0.870128,1,0,0,0,0.4,0,0.4,0,0,0,0.186384,0.226285,0.073482,0.225162,0.186384,v5-shortcut-control-v1
dataset-v5,v3,extraction-v2,ranking-aware-v5,seo_weighted_page_quality_v5,89.4737,16.7,шкафы-купе цена Нижний Новгород,шкафы-купе,commercial,Нижний Новгород,47,https://4nozhki.ru/tovari/shkafi-kupe/nigniy-novgorod/,4nozhki.ru,3,0,,,content,ok,,..\dataset-v2\artifacts\query--d7a60f8f7a99b82f.json,e0f1d35a6f6c02d4b042846fc5764099a2c028ed,17632,16.7,32,15121,4,4,1,6.75,1,4,2,0,0,0,0,0,0,0,0,0,0,0,0,0,0,0,0,0,0,0,0,0,1,0,0,0,0,0,0,2,80,0,0,0,0.002116,0.094863,0,0,4,0,0,0,0,0,0.000253,0,0,0,0,0.000211,0,200,1,0,0,0,0,0,1,1,0,0,1,0,0,0,3,0,0,1,0.7,0.5,0.75,0.59,0,0,0,0,0,0,1,0,0,0,1,0,0,0,0,0,0,0,0,0,0,0,1,0,0.111111,0.037037,1,0.515019,0,0,0,0,0,0,0,0,0,1,0.754444,1,0.59217,0.002116,0.40783,14.9414,46,4,1,0,2431.0404,0.958279,0.897804,1,0,0,0,0.4,0,0.4,0,0,0,0.063616,0.058636,0.063677,0.157646,0.063616,v5-shortcut-control-v1
dataset-v5,v3,extraction-v2,ranking-aware-v5,seo_weighted_page_quality_v5,84.2105,70.6,шкафы-купе цена Нижний Новгород,шкафы-купе,commercial,Нижний Новгород,47,https://www.nn.bestmebelshop.ru/catalog/shkafy-kupe/,nn.bestmebelshop.ru,4,0,,,product,ok,,..\dataset-v2\artifacts\query--d10c06c868edb668.json,0cfe5f19defa27a04cde9ff875e1aac1af9bd2d5,1121350,70.6,9600,60000,1600,775,0.245021,4.3377,90,19.2866,3,1,0,0,1,1,72,1,145,0,0,0,282,2,2,0.4,0.4,2,0.4,90,0.089156,1,80,24,40,1,4,158,39.5,180,80,28,58.804932,0.316156,0.019168,0.357205,1,1,6.672996,0.333333,0.357205,0.142882,0.142882,0.16,0.357205,0.64,0.690909,1,0,0.087523,0.357205,200,1,0,0,0,0,1,0,0,0,1,1,1,0,0,2,0,0,1,0.8,1,0.75,0.91,1,6,1,1,1,1,1,1,1,1,1,1,1,1,1,53,1,1,1,1,1,9,9,1,1,1,1,0.49832,3,3,0,3,1,1,0,1,0.8125,1,0.91,1,0.916141,0.019168,0.083859,912.8574,4699,80,21,343,7107.9958,0.032561,0.186921,1,0,0,0,0.4,0,0.4,0,0,0,0.690197,0.773312,0.46261,0.624688,0.690197,v5-shortcut-control-v1
dataset-v5,v3,extraction-v2,ranking-aware-v5,seo_weighted_page_quality_v5,78.9474,66.4,шкафы-купе цена Нижний Новгород,шкафы-купе,commercial,Нижний Новгород,47,https://nn.stolplit.ru/internet-magazin/katalog-mebeli/80-shkafy-kupe/,nn.stolplit.ru,5,0,,,content,ok,,..\dataset-v2\artifacts\query--2f14182fc378ecc7.json,c12fab428ffd0886c51de4d3b9e4b829dbb5eb0b,2202555,66.4,9600,60000,1600,560,0.311457,4.5261,81,22.1975,13,1,1,0,2,1,81,1,210,0,0,0,66,4,4,0.4,0.4,3,0.4,19,0.036707,1,80,24,40,21,3,104,34.666667,138.3077,80,28,50.611791,11.679644,0.005046,0.437873,1,1,6.538182,0.153846,0.437873,0.175149,0.175149,0.16,0.437873,0.64,0.527273,0.551724,0.776418,0.136227,0.437873,200,1,0,0,1,1,1,0,0,0,1,1,1,0,0,3,0,0,1,0.7,1,1,0.94,1,7,0,1,1,0,1,1,1,1,1,1,1,0,1,1,1,1,1,1,0.8,7,8,0.777778,0.888889,0.822222,1,0.273644,0,0,0,0,0,0,0,0,0,1,0.91,1,0.977924,0.005046,0.022076,2015.8799,7343,113,22,435,11941.1784,0,0.1625,1,0,0,0,0.4,0,0.4,0,0,0,0.661471,0.74301,0.459514,0.628007,0.661471,v5-shortcut-control-v1
dataset-v5,v3,extraction-v2,ranking-aware-v5,seo_weighted_page_quality_v5,73.6842,73.2,шкафы-купе цена Нижний Новгород,шкафы-купе,commercial,Нижний Новгород,47,https://nizhnij-novgorod.good-mebel.com/category/shkafy-kupe/,nizhnij-novgorod.good-mebel.com,6,0,,,category,ok,,..\dataset-v2\artifacts\query--ae229402b076cc6f.json,d3b2f54fcb60f4015abe6efc1fd219688d109aa1,3694312,73.2,9600,60000,1600,652,0.201421,4.6002,85,38,6,1,0,0,1,1,104,1,210,0,0,0,116,3,4,0.4,0.4,1,0.2,12,0.035836,1,80,24,40,0,2,20,10,180,80,28,60,0,0.005615,0.425244,1,1,3.030899,0.166667,0.425244,0.170098,0.085049,0.08,0.425244,0.59,0.109091,0.551724,0.805478,0.085653,0.425244,200,1,0,0,1,1,0,0,0,0,1,1,1,0,0,2,0,0,1,0.8,1,1,0.96,1,5,1,1,1,1,1,1,1,1,1,1,1,1,1,53,1,1,1,1,1,9,9,1,1,1,1,0.274266,0,0,0,0,0,0,0,0,0,1,0.91,1,0.975435,0.005615,0.024565,3259.0986,9544,64,31,384,12067.6152,0,0.1625,1,0,0,0,0.4,0,0.4,0,0,0,0.711561,0.788521,0.489192,0.647749,0.711561,v5-shortcut-control-v1
dataset-v5,v3,extraction-v2,ranking-aware-v5,seo_weighted_page_quality_v5,68.4211,66.2,шкафы-купе цена Нижний Новгород,шкафы-купе,commercial,Нижний Новгород,47,https://nizhniynovgorod.mebel-1000.ru/catalogue/korpusnaya-mebel/shkafy-kupe/,nizhniynovgorod.mebel-1000.ru,7,0,,,product,ok,,..\dataset-v2\artifacts\query--1b0ed3149cb6a65d.json,0626a7de66d3ef332c612a133498797b2095e95d,277845,66.2,9600,60000,1600,821,0.418664,5.3406,89,22.0337,20,1,5,12,18,1,75,1,205,0,0,0,71,2,2,0.2,0.2,45,0.8,10,0.036206,0.8,80,24,40,6,4,14,3.5,98.05,80,28,60,3.059663,0.074695,0.303876,1,1,6.953901,2.65,0.243101,0.060775,0.243101,0.16,0.303876,0.64,0.636364,0.586207,0.634506,0.127222,0.303876,200,1,0,0,1,0,1,0,0,0,1,1,1,0,0,3,0,0,1,0.7,1,0,0.74,1,6,1,1,1,1,1,1,1,1,1,0,0,0,1,8,1,1,1,1,1,8,7,0.888889,0.777778,0.888889,1,0.402411,0,0,0,0,0,0,0,0,0,1,0.91,1,0.67321,0.074695,0.32679,180.0508,1501,67,32,62,8357.5736,0.280473,0.372855,1,0,0,0,0.4,0,0.4,0,0,0,0.613664,0.718557,0.413241,0.540279,0.613664,v5-shortcut-control-v1
dataset-v5,v3,extraction-v2,ranking-aware-v5,seo_weighted_page_quality_v5,63.1579,60.9,шкафы-купе цена Нижний Новгород,шкафы-купе,commercial,Нижний Новгород,47,https://nizhny-novgorod.mebelion.ru/mebel/shkafy-kupe/,nizhny-novgorod.mebelion.ru,8,0,,,content,ok,,..\dataset-v2\artifacts\query--be3ebf454bff2b93.json,c4c527ddb9a5447b4e3cb5d8b9a16c917c4ad235,1164716,60.9,9600,60000,1600,935,0.349402,5.4626,90,19.6765,5,1,1,12,18,1,99,1,196,0,0,0,89,5,7,0.6,1,8,0.4,16,0.033259,0.6,80,24,40,7,2,92,46,180,80,28,60,2.615845,0.020496,0.281397,1,1,2.519774,93.4,0.168838,0.168838,0.112559,0.24,0.281397,0.65,0.2,0.648276,0.534828,0.098321,0.281397,200,1,0,0,1,1,0,0,0,0,1,0,1,0,0,2,0,0,1,0.8,0.5,1,0.86,1,12,0,1,0,1,1,1,1,1,1,1,0,0,1,1,0,1,1,1,0.4,7,6,0.777778,0.666667,0.614815,1,0.272094,1,1,0,1,0,1,0,0,0.2875,0,0.36,1,0.858902,0.020496,0.141098,861.251,6958,31,4,737,12625.6173,0.183038,0.299779,1,0,0,0,0.4,0,0.4,0,0,0,0.513356,0.55342,0.387667,0.507161,0.513356,v5-shortcut-control-v1
dataset-v5,v3,extraction-v2,ranking-aware-v5,seo_weighted_page_quality_v5,57.8947,72.4,шкафы-купе цена Нижний Новгород,шкафы-купе,commercial,Нижний Новгород,47,https://nn.kupit-shkaf.ru/,nn.kupit-shkaf.ru,9,0,,,homepage,ok,,..\dataset-v2\artifacts\query--849780d1b3518edb.json,2a236b00bbbd582cbd1f1d9d7bd2aa7b6d6e5cd6,254067,72.4,9600,60000,1447,549,0.379406,5.5024,36,38,36,1,10,0,11,1,55,1,181,0,0,0,83,1,2,0.2,0.2,2,0.2,6,0.05736,1,80,24,40,0,9,74,8.222222,8.3642,80,28,60,0,0.053154,0.477154,1,1,10.190141,0.063584,0.477154,0.095431,0.095431,0.04,0.460295,0.52,1,0.751724,0.087998,0.145532,0.477154,200,1,0,0,1,1,0,0,0,0,1,1,1,0,0,0,0,0,1,1,1,1,1,1,1,1,1,1,1,1,1,1,1,1,1,0,1,1,10,1,1,1,1,1,9,8,1,0.888889,0.962963,1,0.565471,2,2,0,2,1,0,0,0,0.425,1,0.91,1,0.561735,0.053154,0.438265,187.6582,1674,19,7,121,4610.3776,0.434826,0.488619,1,0,0,0,0.4,0,0.4,0,0,0,0.723202,0.796423,0.576478,0.657742,0.723202,v5-shortcut-control-v1
dataset-v5,v3,extraction-v2,ranking-aware-v5,seo_weighted_page_quality_v5,52.6316,57.0,шкафы-купе цена Нижний Новгород,шкафы-купе,commercial,Нижний Новгород,47,https://nizhnij-novgorod.jsprav.ru/proizvodstvo-i-prodazha-shkafov-kupe/,nizhnij-novgorod.jsprav.ru,10,0,,,content,ok,,..\dataset-v2\artifacts\query--e490af172381cfdd.json,56d96e85c237429143254cd203485747bc80aa2f,346665,57.0,8540,60000,1242,431,0.347021,5.5709,90,10.9912,1,1,0,0,1,1,97,1,175,0,0,0,108,2,2,0.4,0.4,2,0.4,18,0.086957,1,80,4,40,0,1,1,1,180,80,3.220612,60,0,0.034692,0.280746,1,1,6.179104,1,0.280746,0.112298,0.112298,0.16,0.232458,0.64,0.236364,0.793103,0,0.067223,0.280746,200,1,0,0,0,0,0,0,0,0,1,1,1,0,0,1,0,0,1,0.9,1,0.75,0.93,1,23,0,1,1,0,1,0,1,0,0,1,1,1,1,27,0,1,1,1,0.6,7,6,0.777778,0.666667,0.681481,1,0.695809,4,4,0,4,1,0,0,1,0.8,1,0.991,1,0.565366,0.034692,0.434634,249.4395,1976,13,12,4,7254.3589,0.526803,0.557602,1,0,0,0,0.4,0,0.4,0,0,0,0.584551,0.676267,0.421651,0.565094,0.584551,v5-shortcut-control-v1
dataset-v5,v3,extraction-v2,ranking-aware-v5,seo_weighted_page_quality_v5,100.0,72.5,как выбрать шкафы-купе,шкафы-купе,informational,,,http://www.realto.ru/journal/articles/kak-vybrat-shkaf-kupe-v-kvartiru-obzor-mehanizmov-i-sistem-hraneniya/,realto.ru,1,0,,,article,ok,,..\dataset-v2\artifacts\query--04c8c5c3972c1fcf.json,ac4d4fad1693a83b45f7848d99839ad83186e92a,349044,72.5,9600,60000,1600,937,0.453753,6.0949,90,14.1438,16,1,7,12,18,1,80,1,150,0,0,0,21,3,1,0.75,0.25,4,0.75,3,0.010169,1,80,24,40,23,5,22,4.4,129.0625,80,16.464891,60,11.138015,0.058743,0.50078,0.75,1,8.162055,1.5,0.50078,0.375585,0.375585,0.5625,0.50078,0.7875,0.545455,0.965517,0.338983,0.22723,0.50078,200,1,0,0,1,1,0,0,0,0,1,0,1,0,0,3,0,0,1,0.7,0.5,1,0.84,1,2,1,1,1,0,1,0,1,0,1,0,0,0,1,2,1,1,1,1,1,6,6,0.666667,0.666667,0.777778,1,0.273055,0,0,0,0,0,0,0,0,0,0,0.3735,1,0.691571,0.058743,0.308429,262.9111,1369,31,20,34,12802.1431,0.330388,0.410291,0,0,1,0,0.45,0,0,0,0.45,0,0.700784,0.785822,0.568114,0.669268,0.568114,v5-shortcut-control-v1
dataset-v5,v3,extraction-v2,ranking-aware-v5,seo_weighted_page_quality_v5,94.7368,77.4,как выбрать шкафы-купе,шкафы-купе,informational,,,https://www.artis21.ru/blog/kak-vybrat-shkaf-kupe-vidy-razmery-materialy-i-napolnenie/,artis21.ru,2,0,,,article,ok,,..\dataset-v2\artifacts\query--33d76849db092a67.json,f7983ea5b32081a424f45e205e77a1d6321a31be,290057,77.4,9600,60000,1600,1200,0.485235,5.9384,90,13.7839,36,1,8,4,13,1,47,1,160,0,0,0,70,3,3,0.75,0.75,9,0.75,14,0.02552,1,80,13,40,24,3,4,1.333333,26.8922,75.100255,4.739336,60,13.488881,0.100455,0.560869,1,1,13.315534,0.127451,0.560869,0.420652,0.420652,0.5625,0.560869,0.85,0.854545,0.896552,0.85065,0.272153,0.560869,200,1,0,0,1,1,0,0,0,0,1,1,1,0,0,2,0,0,1,0.8,1,1,0.96,1,5,1,1,0,0,1,1,1,1,1,1,0,0,1,1,1,1,1,1,0.8,6,7,0.666667,0.777778,0.748148,1,0.451612,0,0,0,0,0,0,0,0,0,1,0.97075,1,0.65,0.100455,0.35,207.459,1119,62,15,13,11918.5159,0.430929,0.485697,0,0,1,0,0.45,0,0,0,0.45,0,0.719181,0.728083,0.616709,0.716891,0.616709,v5-shortcut-control-v1
dataset-v5,v3,extraction-v2,ranking-aware-v5,seo_weighted_page_quality_v5,89.4737,81.3,как выбрать шкафы-купе,шкафы-купе,informational,,,https://www.mebelmsk.ru/stati/sovety-eksperta/kak_vybrat_shkaf_kupe/,mebelmsk.ru,3,0,,,content,ok,,..\dataset-v2\artifacts\query--50338ed684e962e4.json,5f7e541e484c3919ecc81caf162cc3b4fede3212,331866,81.3,9600,60000,1600,1067,0.486548,6.1272,90,18.275,13,1,10,12,18,1,93,1,185,0,0,0,85,3,3,0.75,0.5,11,1,19,0.03876,1,80,24,40,0,3,24,8,168.6923,80,11.855905,60,0,0.070384,0.727697,1,1,7.028846,2.307692,0.727697,0.545773,0.727697,0.75,0.727697,0.9125,0.309091,0.724138,0.70801,0.35406,0.727697,200,1,0,0,1,1,0,0,0,0,1,1,1,0,0,3,0,0,1,0.7,1,1,0.94,1,4,0,1,1,0,1,1,1,1,1,1,0,1,1,4,1,1,1,1,0.8,8,7,0.888889,0.777778,0.822222,1,0.414618,0,0,0,0,0,0,0,0,0,1,0.9415,1,0.69207,0.070384,0.30793,244.4326,1467,89,18,26,6865.9943,0.328722,0.409042,0,0,1,0,0.45,0,0,0,0.45,0,0.832112,0.865372,0.772815,0.818064,0.772815,v5-shortcut-control-v1
dataset-v5,v3,extraction-v2,ranking-aware-v5,seo_weighted_page_quality_v5,84.2105,69.8,как выбрать шкафы-купе,шкафы-купе,informational,,,https://nadivan.ru/blog/kak-vybrat-shkaf-kupe/,nadivan.ru,4,0,,,article,ok,,..\dataset-v2\artifacts\query--3e76176434713faf.json,3ed9f79576f57984cc6ad8d0b37aec37d552f694,533785,69.8,9600,60000,1600,1167,0.412951,6.4621,90,18,36,1,5,8,14,1,44,1,168,0,0,0,92,3,5,0.75,0.75,12,0.75,7,0.032555,1,80,24,40,12,23,35,1.521739,47.1,80,28,60,4.246285,0.0579,0.37449,1,1,5.037433,0.233333,0.37449,0.280867,0.280867,0.5625,0.37449,0.85,0.8,0.841379,0.914838,0.154646,0.37449,200,1,0,0,0,0,1,0,0,0,1,1,1,0,0,2,0,0,1,0.8,1,0.75,0.91,1,3,1,1,1,1,1,1,1,1,1,0,0,0,1,1,1,1,1,1,1,8,7,0.888889,0.777778,0.888889,1,0.404731,0,0,0,0,0,0,0,0,0,1,0.91,1,0.630972,0.0579,0.369028,392.1865,3884,26,21,167,5814.8013,0.23653,0.339897,0,0,1,0,0.45,0,0,0,0.45,0,0.704115,0.786485,0.512632,0.661478,0.512632,v5-shortcut-control-v1
dataset-v5,v3,extraction-v2,ranking-aware-v5,seo_weighted_page_quality_v5,78.9474,73.6,как выбрать шкафы-купе,шкафы-купе,informational,,,https://mebelino-mebel.ru/articles/vybiraem-shkaf-kupe-material-konfiguratsiya-furnitura/,mebelino-mebel.ru,5,0,,,article,ok,,..\dataset-v2\artifacts\query--e5dbf12a5e09a858.json,2199f087330a6643f33f96880da2af000fd5648f,1097656,73.6,9600,60000,1600,1200,0.473914,6.0504,90,29.0763,36,1,1,0,2,1,46,1,168,0,0,0,160,1,4,0.25,0.75,2,0.25,25,0.046634,1,80,24,40,24,6,35,5.833333,60.193,80,8.743806,60,7.286505,0.027678,0.521495,1,1,3.984901,0.035088,0.521495,0.130374,0.130374,0.0625,0.521495,0.55,0.836364,0.841379,0.445546,0.247144,0.521495,200,1,0,0,1,1,0,0,0,0,1,1,1,0,0,2,0,0,1,0.8,1,1,0.96,1,7,1,1,1,0,1,1,1,1,1,1,1,1,1,7,1,1,1,1,1,8,9,0.888889,1,0.962963,1,0.465669,1,1,0,1,0,1,0,0,0.2875,1,0.9325,1,0.711767,0.027678,0.288233,894.6709,3571,22,6,30,5635.4801,0.255925,0.354444,0,0,1,0,0.45,0,0,0,0.45,0,0.719594,0.794425,0.557637,0.65766,0.557637,v5-shortcut-control-v1
dataset-v5,v3,extraction-v2,ranking-aware-v5,seo_weighted_page_quality_v5,68.4211,70.5,как выбрать шкафы-купе,шкафы-купе,informational,,,https://mebelmrya.ru/blog/kak-pravilno-vybrat-shkaf-kupe-prakticheskoe-rukovodstvo,mebelmrya.ru,7,0,,,article,ok,,..\dataset-v2\artifacts\query--c749cade013ec4fe.json,7a2bc2836fa16123fde7f8354384b282b9e59191,50549,70.5,5209,27539,706,435,0.616147,6.17,41,17.2195,36,1,9,4,14,1,76,1,155,0,0,0,33,3,4,0.75,0.75,9,0.75,19,0.046742,1,36,6,40,16,1,7,7,16.0455,50.991501,8.498584,60,22.66289,0.18915,0.730285,1,1,19.611111,0.318182,0.730285,0.547714,0.547714,0.5625,0.343721,0.85,0.618182,0.931034,0.441926,0.176486,0.730285,200,1,0,0,0,0,0,0,0,0,1,1,1,0,0,2,0,0,1,0.8,1,0.75,0.91,1,3,1,1,0,0,1,0,0,0,1,0,0,1,1,2,1,1,1,1,0.8,5,5,0.555556,0.555556,0.637037,1,0.595351,1,1,0,1,0,0,0,1,0.2375,1,0.9865,1,0.521429,0.18915,0.478571,31.5371,327,25,11,6,6410.6819,0.688445,0.678834,0,0,1,0,0.45,0,0,0,0.45,0,0.75954,0.756883,0.685022,0.760906,0.685022,v5-shortcut-control-v1
dataset-v5,v3,extraction-v2,ranking-aware-v5,seo_weighted_page_quality_v5,63.1579,78.3,как выбрать шкафы-купе,шкафы-купе,informational,,,https://rewood-mebel.ru/buyers/blog/kak_vybrat_shkaf_kupe_vidy_razmery_i_sovety_po_vyboru/,rewood-mebel.ru,8,0,,,article,ok,,..\dataset-v2\artifacts\query--8b2629a941a81e5c.json,ac832efe877919d7c4b164b1d25b1df095961661,270199,78.3,9600,60000,1584,759,0.479167,6.2399,88,18,36,1,5,5,11,1,74,1,231,0,0,0,80,3,3,0.75,0.75,6,0.75,24,0.050505,1,80,24,40,0,5,12,2.4,36.8372,80,17.676768,44.191919,0,0.058033,0.677903,1,1,8.081633,0.255814,0.677903,0.508427,0.508427,0.5625,0.677903,0.85,0.654545,0.406897,0.316498,0.285849,0.677903,200,1,0,0,1,1,1,0,0,0,1,1,1,0,0,3,0,0,1,0.7,1,1,0.94,1,5,1,1,1,0,1,1,1,0,1,1,0,1,1,4,1,1,1,1,1,8,7,0.888889,0.777778,0.888889,1,0.4611,0,0,0,0,0,0,0,0,0,1,0.937,1,0.656107,0.058033,0.343893,208.083,853,28,6,28,10893.86,0.534677,0.563508,0,0,1,0,0.45,0,0,0,0.45,0,0.822077,0.870313,0.730611,0.787803,0.730611,v5-shortcut-control-v1
dataset-v5,v3,extraction-v2,ranking-aware-v5,seo_weighted_page_quality_v5,57.8947,77.4,как выбрать шкафы-купе,шкафы-купе,informational,,,http://shkafy-spb.ru/about/articles/kak-vybrat-shkaf-kupe/,shkafy-spb.ru,9,0,,,article,ok,,..\dataset-v2\artifacts\query--1a548ee9127e3c38.json,569a86bc6c06d4c72fb8c57514d8aa53a05cea0a,291408,77.4,9600,60000,1600,991,0.43618,6.1994,90,21.434,36,1,10,0,15,1,62,1,343,0,0,0,123,3,4,0.75,0.75,15,0.75,30,0.054137,1,80,24,40,20,5,42,8.4,15.4558,80,11.003521,60,8.802817,0.083433,0.676592,1,1,8.414815,0.102041,0.676592,0.507444,0.507444,0.5625,0.676592,0.85,0.872727,0,0.195423,0.295116,0.676592,200,1,0,0,1,1,1,0,0,0,1,1,1,0,0,3,0,0,1,0.7,1,1,0.94,1,3,0,1,1,0,1,1,1,1,1,1,0,1,1,7,1,1,1,1,0.8,8,7,0.888889,0.777778,0.822222,1,0.54021,1,0,1,0,0,0,0,0,0,1,0.94375,1,0.392857,0.083433,0.607143,210.7588,1216,15,4,25,6155.4047,0.596596,0.609947,0,0,1,0,0.45,0,0,0,0.45,0,0.801578,0.842461,0.731119,0.77729,0.731119,v5-shortcut-control-v1
dataset-v5,v3,extraction-v2,ranking-aware-v5,seo_weighted_page_quality_v5,100.0,70.0,шкафы-купе отзывы,шкафы-купе,informational,,,https://irecommend.ru/catalog/list/9986-312289,irecommend.ru,1,0,,,product,ok,,..\dataset-v2\artifacts\query--adce0307dca9cd1d.json,8608e88d1df83c4f3d227a031bc5689a23e2f3f2,1188018,70.0,9600,60000,1600,1200,0.117853,7.1385,90,21.2615,36,2,10,0,18,1,18,1,133,0,0,0,72,2,0,0.666667,0,1,0.333333,19,0.006463,1,80,21,40,3,2,355,177.5,20.0739,80,1.88493,3.769859,0.269276,0.124002,0.640729,1,1,12.005388,0.558559,0.640729,0.427153,0.213576,0.222222,0.640729,0.716667,0.327273,0.917241,0.215421,0.075512,0.640729,200,1,0,0,1,1,1,0,0,0,1,1,1,0,0,3,0,0,1,0.7,1,1,0.94,1,13,1,1,1,0,1,1,1,0,1,1,1,1,1,1,0,1,1,1,0.8,8,8,0.888889,0.888889,0.859259,1,0.391017,0,0,0,0,0,0,0,0,0,1,0.95275,1,0.65,0.124002,0.35,847.3311,7324,53,27,21,10413.8064,0.131758,0.261319,0,0,1,0,0.533333,0,0,0,0.533333,0,0.765916,0.814834,0.666236,0.723868,0.666236,v5-shortcut-control-v1
dataset-v5,v3,extraction-v2,ranking-aware-v5,seo_weighted_page_quality_v5,94.7368,63.7,шкафы-купе отзывы,шкафы-купе,informational,,,https://reviews.yandex.ru/shop/zakazkupe.ru,reviews.yandex.ru,2,0,,,product,ok,,..\dataset-v2\artifacts\query--1c9731647e5a5d9a.json,a110f347c5a6ec54e1ce105fec929c6c485a16d5,879080,63.7,9600,60000,1600,1200,0.181549,6.2562,90,14.187,1,0,1,4,5,1,18,1,222,0,0,0,58,1,0,0.333333,0,1,0.333333,11,0.008589,1,80,24,25,0,1,5,5,180,14.363986,3.850141,3.702058,0,0.079073,0.409795,1,1,69.618557,5,0.409795,0.136598,0.136598,0.111111,0.409795,0.6,0.327273,0.468966,0.286293,0.074398,0.409795,200,1,0,0,1,1,0,0,0,0,1,1,1,0,0,2,0,0,1,0.8,1,1,0.96,1,27,0,1,1,0,1,1,0,1,1,1,1,1,1,1,1,1,1,1,0.8,7,8,0.777778,0.888889,0.822222,1,0.503409,1,1,0,1,0,0,0,0,0.1375,1,0.9415,1,0.461199,0.079073,0.538801,723.3164,1303,20,14,26,11578.9255,0.311111,0.395833,0,0,1,0,0.533333,0,0,0,0.533333,0,0.647653,0.733551,0.536031,0.615612,0.536031,v5-shortcut-control-v1
dataset-v5,v3,extraction-v2,ranking-aware-v5,seo_weighted_page_quality_v5,89.4737,80.6,шкафы-купе отзывы,шкафы-купе,informational,,,https://otzovik.com/reviews/shkaf-kupe_centr_shkafov-kupe/,otzovik.com,3,0,,,content,ok,,..\dataset-v2\artifacts\query--c5e8cbd5ddd255cf.json,3bda7ae02175286ba22a1b7d62bb0fa834b02db9,325455,80.6,9600,60000,1600,889,0.392668,5.568,90,13.4762,5,1,1,12,18,1,38,1,186,0,0,0,50,3,0,0.666667,0,8,1,15,0.022085,1,80,24,0,24,3,15,5,180,80,25.618375,0,30.477032,0.064473,0.713594,1,0.75,8.641221,7.2,0.713594,0.475729,0.713594,0.666667,0.713594,0.883333,0.690909,0.717241,0.73616,0.280205,0.535195,200,1,0,0,1,1,0,0,0,0,1,1,1,0,0,2,0,0,1,0.8,1,1,0.96,0,0,0,1,0,1,1,1,1,0,1,1,1,1,1,1,0,1,1,1,0.2,7,6,0.777778,0.666667,0.548148,1,0.455875,0,0,0,0,0,0,0,0,0,1,0.91,1,0.499359,0.064473,0.500641,248.1631,2305,18,15,58,10251.0127,0.333814,0.41286,0,0,1,0,0.533333,0,0,0,0.533333,0,0.71773,0.628089,0.754146,0.755587,0.754146,v5-shortcut-control-v1
dataset-v5,v3,extraction-v2,ranking-aware-v5,seo_weighted_page_quality_v5,78.9474,45.0,шкафы-купе отзывы,шкафы-купе,informational,,,https://dzen.ru/a/aDXaTPAPd1NqNsY5,dzen.ru,5,0,,,content,ok,,..\dataset-v2\artifacts\query--c11a8eed9148fc86.json,5723d883f3fbc38ed4a1277b4be67e3c49ad90e5,2717046,45.0,9600,60000,1600,1200,0.420558,5.5435,90,15.0242,36,1,7,0,8,1,89,1,132,0,0,0,63,1,1,0.333333,0.333333,2,0.333333,6,0.016908,1,71,6,40,24,1,1,1,31.8462,19.055287,1.610306,37.037037,11.003757,0.009956,0.413465,1,1,52.478873,0.068376,0.413465,0.137822,0.137822,0.111111,0.413465,0.6,0.381818,0.910345,0.563607,0.173886,0.413465,200,1,0,0,1,1,1,0,1,0,0,0,1,0,0,2,0,0,1,0.8,0.5,1,0.66,1,3,0,1,1,1,1,1,1,1,1,1,1,1,1,2,1,1,1,1,0.8,9,8,1,0.888889,0.896296,1,0.191288,0,0,0,0,0,0,0,0,0,0,0.4365,1,0.956442,0.009956,0.043558,2540.876,1752,40,13,6,15125.6841,0.163458,0.285093,0,0,1,0,0.533333,0,0,0,0.533333,0,0.664196,0.734682,0.53814,0.562491,0.53814,v5-shortcut-control-v1
dataset-v5,v3,extraction-v2,ranking-aware-v5,seo_weighted_page_quality_v5,73.6842,22.7,шкафы-купе отзывы,шкафы-купе,informational,,,https://2gis.ru/ekaterinburg/firm/70000001088861605/tab/reviews,2gis.ru,6,0,,,content,ok,,..\dataset-v2\artifacts\query--c7b31c0e0f5f971f.json,5b04f9bc5572f144a1ab37201aa7eae81e31f5d2,3029,22.7,187,1429,38,36,0.947368,3.7105,5,7.6,6,1,0,0,1,0,0,0,0,0,0,0,0,0,0,0,0,0,0,0,0,0,1,0,0,0,0,0,0,6.3333,26.315789,0,0,0,0.130861,0.08061,0,0,38,0.166667,0,0,0,0,0.002042,0,0,0,0,0.001612,0,403,0,0,0,0,0,0,0,0,0,0,0,0,0,0,5,0,0,1,0.5,0,0.75,0.45,1,1,1,0,0,0,0,0,0,0,0,0,0,0,0,0,0,0,0,0,0.4,1,1,0.111111,0.111111,0.207407,1,0.487208,0,0,0,0,0,0,0,0,0,0,0.225972,1,0.212857,0.130861,0.787143,1.3955,15,1,0,0,2003.7505,0.99221,0.935715,0,0,1,0,0.533333,0,0,0,0.533333,0,0.109821,0.173089,0.063634,0.15125,0.063634,v5-shortcut-control-v1
dataset-v5,v3,extraction-v2,ranking-aware-v5,seo_weighted_page_quality_v5,68.4211,65.7,шкафы-купе отзывы,шкафы-купе,informational,,,https://mebel.ru/reviews/catalog/cabinets/shkafy-kupe/,mebel.ru,7,0,,,product,ok,,..\dataset-v2\artifacts\query--7a62806901d5029a.json,c04387e41cca67ce69246d06e306c2872371507f,675882,65.7,9600,60000,1600,1200,0.388555,5.2726,90,8.4335,36,1,0,1,2,1,59,1,71,0,1,1,139,3,3,1,1,4,1,35,0.026079,1,80,24,40,0,2,8,4,67.4684,43.15197,21.388368,22.326454,0,0.072476,0.514126,1,1,23.173913,0.025316,0.514126,0.514126,0.514126,1,0.514126,1,0.927273,0.489655,0.869293,0.199766,0.514126,200,1,0,0,0,0,0,0,0,0,1,1,1,0,0,4,0,0,1,0.6,1,0.75,0.87,1,12,0,1,0,1,1,1,1,1,1,1,1,0,1,1,0,1,1,1,0.4,7,7,0.777778,0.777778,0.651852,1,0.485353,0,0,0,0,0,0,0,0,0,1,0.91,1,0.348633,0.072476,0.651367,541.0635,2978,9,76,114,7321.4012,0.290057,0.380043,0,0,1,0,0.533333,0,0,0,0.533333,0,0.69614,0.683301,0.547909,0.702826,0.547909,v5-shortcut-control-v1
dataset-v5,v3,extraction-v2,ranking-aware-v5,seo_weighted_page_quality_v5,63.1579,70.7,шкафы-купе отзывы,шкафы-купе,informational,,,https://nedorogo-kuhni.ru/otzyvy/shkafy-kupe,nedorogo-kuhni.ru,8,0,,,content,ok,,..\dataset-v2\artifacts\query--efda9435ef0677c6.json,fc125d71310f05eea3c2458f7ba21d995c0e0377,109390,70.7,9600,49649,1466,780,0.53206,5.427,80,18.325,14,1,0,0,1,1,44,1,182,0,1,1,33,2,4,0.666667,1,2,0.666667,6,0.02251,1,80,24,40,0,8,36,4.5,104.7143,80,23.19236,60,0,0.194203,0.479976,1,1,6.032922,0.071429,0.479976,0.319984,0.319984,0.444444,0.469097,0.8,0.8,0.744828,0.750341,0.20799,0.479976,200,1,0,0,1,1,0,0,0,0,1,1,0,0,0,2,0,0,1,0.8,0.5,1,0.86,1,3,1,1,1,0,1,1,1,1,0,1,1,0,1,6,0,1,1,1,0.8,7,8,0.777778,0.888889,0.822222,1,0.64577,2,2,0,2,1,0,0,0,0.425,1,0.9235,1,0.392857,0.194203,0.607143,57.2939,972,15,6,34,4769.1372,0.619917,0.627438,0,0,1,0,0.533333,0,0,0,0.533333,0,0.692941,0.764944,0.488108,0.658841,0.488108,v5-shortcut-control-v1
dataset-v5,v3,extraction-v2,ranking-aware-v5,seo_weighted_page_quality_v5,57.8947,60.6,шкафы-купе отзывы,шкафы-купе,informational,,,https://vyboroved.ru/reyting/luchshie-shkafy-kupe,vyboroved.ru,9,0,,,content,ok,,..\dataset-v2\artifacts\query--947b6e0c8376487a.json,574422410d679be97d9bbc4a9c336972cd003e68,254415,60.6,9600,60000,1600,1200,0.471846,5.9191,90,13.8227,36,1,4,12,18,1,36,1,103,0,0,0,45,1,2,0.333333,0.666667,10,0.666667,2,0.016037,0.666667,80,21,40,13,2,9,4.5,32.6279,80,7.483963,60,4.632929,0.132772,0.198113,0.666667,1,11.889831,0.22093,0.132075,0.066038,0.132075,0.222222,0.198113,0.55,0.654545,0.710345,0.356379,0.093479,0.198113,200,1,0,0,1,1,0,0,0,0,1,1,0,0,0,2,0,0,1,0.8,0.5,1,0.86,0,0,0,1,1,0,1,0,0,0,1,0,1,0,1,2,1,1,1,1,0.6,4,6,0.444444,0.666667,0.57037,1,0.466364,1,1,0,1,0,0,0,0,0.1375,1,0.95275,1,0.65,0.132772,0.35,164.043,1635,67,21,21,7145.679,0.350274,0.425206,0,0,1,0,0.533333,0,0,0,0.533333,0,0.444837,0.523525,0.351903,0.459101,0.351903,v5-shortcut-control-v1
dataset-v5,v3,extraction-v2,ranking-aware-v5,seo_weighted_page_quality_v5,52.6316,70.4,шкафы-купе отзывы,шкафы-купе,informational,,,https://dtf.ru/luchshii-rating/3297100-top-10-shkafov-kupe-reiting-luchshih,dtf.ru,10,0,,,content,ok,,..\dataset-v2\artifacts\query--bea0aa4fe7e87c01.json,d75d799f843a45415e1bd1184d0a49437d82aab4,808862,70.4,9600,60000,1600,1200,0.356772,5.1857,90,17.4403,36,1,10,0,18,1,48,1,526,0,0,0,43,1,3,0.333333,0.666667,8,0.333333,6,0.010146,0.666667,80,24,40,2,0,0,0,71.8305,44.360547,28,14.157622,0.471921,0.045107,0.54079,1,0.5,22.542553,0.338983,0.360527,0.180263,0.180263,0.111111,0.54079,0.55,0.872727,0,0.225473,0.192939,0.270395,200,1,0,0,1,1,0,0,0,0,1,1,1,0,0,2,0,0,1,0.8,1,1,0.96,1,36,1,1,1,1,1,0,0,1,1,0,1,1,1,1,1,1,1,1,1,7,8,0.777778,0.888889,0.888889,1,0.571895,1,3,0,2,0,0,0,1,0.4625,1,0.91,1,0.481227,0.045107,0.518773,639.5332,4106,10,10,297,10437.1289,0.311744,0.396308,0,0,1,0,0.533333,0,0,0,0.533333,0,0.612825,0.72708,0.565465,0.600175,0.565465,v5-shortcut-control-v1
dataset-v5,v3,extraction-v2,ranking-aware-v5,seo_weighted_page_quality_v5,100.0,73.4,ремонт квартир Санкт-Петербург,ремонт квартир,commercial,Санкт-Петербург,2,https://remont.spb.ru/,remont.spb.ru,1,0,,,homepage,ok,,..\dataset-v2\artifacts\query--fe159a9005bdcc7d.json,4bba74d047defe53c00d6493a5651f8fa9a0a25c,774532,73.4,9600,60000,1600,1200,0.288388,5.6523,90,10.2193,36,1,10,0,17,1,68,1,225,0,0,0,137,3,4,0.75,0.75,6,0.75,27,0.020849,0.75,80,24,40,24,10,122,12.2,22.9755,77.005022,28,43.068026,31.197687,0.082414,0.492303,1,1,12.986166,0.059441,0.369227,0.369227,0.369227,0.5625,0.492303,0.8125,0.763636,0.448276,0.52123,0.141974,0.492303,200,1,0,0,0,0,0,0,0,0,1,1,1,0,0,0,0,0,1,1,1,0.75,0.95,1,10,0,1,1,1,1,1,1,1,1,1,1,0,1,19,1,1,1,1,0.8,8,8,0.888889,0.888889,0.859259,1,0.683266,4,4,0,4,1,1,0,0,0.85,1,0.91,1,0.431429,0.082414,0.568571,574.249,5682,18,6,502,10805.9879,0.322656,0.404492,0,1,0,0,0.05,1,0.45,0.5,0,0,0.692537,0.767393,0.528958,0.676652,0.767393,v5-shortcut-control-v1
dataset-v5,v3,extraction-v2,ranking-aware-v5,seo_weighted_page_quality_v5,94.7368,74.3,ремонт квартир Санкт-Петербург,ремонт квартир,commercial,Санкт-Петербург,2,https://vc.ru/life/2792273-35-luchshih-kompaniy-po-remontu-kvartir-v-sankt-peterburge,vc.ru,2,0,,,content,ok,,..\dataset-v2\artifacts\query--b8f6f5a076d1c2e3.json,edb07900535ea7aefc6211e3007a6b83c7bb7d5a,1067593,74.3,9600,60000,1600,1200,0.322097,5.3949,90,11.5414,36,1,10,12,18,1,91,1,128,0,0,0,209,2,3,0.5,0.75,59,0.75,7,0.026788,0.75,80,24,40,24,0,0,0,41.2804,21.276596,25.762625,26.788003,27.17252,0.069283,0.539071,1,0.5,47,0.238095,0.404303,0.269535,0.404303,0.375,0.539071,0.725,0.345455,0.882759,0.6697,0.173633,0.269535,200,1,0,0,1,1,0,0,0,0,1,1,1,0,0,2,0,0,1,0.8,1,1,0.96,1,11,0,1,1,1,1,1,1,1,0,1,1,1,1,3,1,1,1,1,0.8,9,7,1,0.777778,0.859259,1,0.594709,1,3,0,2,0,0,0,1,0.4625,1,0.91,1,0.375459,0.069283,0.624541,833.584,4720,10,6,201,31808.9435,0.292393,0.381795,0,1,0,0,0.05,1,0.45,0.5,0,0,0.670747,0.753219,0.60088,0.662059,0.753219,v5-shortcut-control-v1
dataset-v5,v3,extraction-v2,ranking-aware-v5,seo_weighted_page_quality_v5,89.4737,79.7,ремонт квартир Санкт-Петербург,ремонт квартир,commercial,Санкт-Петербург,2,https://remontvspb.ru/,remontvspb.ru,3,0,,,homepage,ok,,..\dataset-v2\artifacts\query--4af2313e73481ece.json,d2bfa6954238882ce97e5c930046c59e64dbe47c,2068370,79.7,9600,60000,1600,1200,0.40993,5.9104,90,25.2137,36,0,10,12,18,1,90,1,200,0,0,0,102,3,0,0.75,0,19,0.75,34,0.030881,0.75,80,24,40,7,6,62,10.333333,71.8043,59.642749,28,51.771117,2.119285,0.012021,0.62748,1,1,16.766497,0.913043,0.47061,0.47061,0.47061,0.5625,0.62748,0.8125,0.363636,0.62069,0.727975,0.257223,0.62748,200,1,0,0,1,1,0,0,0,0,1,1,1,0,0,0,0,0,1,1,1,1,1,1,5,1,1,1,1,1,1,1,1,1,1,1,1,1,7,1,1,1,1,1,9,9,1,1,1,1,0.36172,1,1,0,1,1,0,0,0,0.2875,1,0.91,1,0.921694,0.012021,0.078306,1931.8867,2336,33,72,307,4434.6164,0.011429,0.171072,0,1,0,0,0.05,1,0.45,0.5,0,0,0.784312,0.845228,0.665377,0.759043,0.845228,v5-shortcut-control-v1
dataset-v5,v3,extraction-v2,ranking-aware-v5,seo_weighted_page_quality_v5,84.2105,76.3,ремонт квартир Санкт-Петербург,ремонт квартир,commercial,Санкт-Петербург,2,https://www.kp.ru/russia/sankt-peterburg/luchshie-kompanii-po-remontu-kvartir-v-sankt-peterburge/,kp.ru,4,0,,,content,ok,,..\dataset-v2\artifacts\query--ecfe27f30fc8b5f4.json,335e8e62f5887cac23f9f1d644515719c3c0aca4,258551,76.3,9600,60000,1600,1200,0.456003,6.0607,90,12.145,36,1,5,12,18,1,211,1,251,0,0,0,75,3,3,0.5,0.5,11,0.75,14,0.02357,1,80,22,40,24,4,6,1.5,58.9259,36.140792,6.913891,23.570082,13.513514,0.141285,0.617052,1,1,27.669565,0.481481,0.617052,0.308526,0.462789,0.375,0.617052,0.7625,0,0.268966,0.785669,0.281377,0.617052,200,1,0,0,1,1,1,0,0,0,1,1,1,0,0,3,0,0,1,0.7,1,1,0.94,1,13,1,1,1,1,1,0,1,1,1,1,1,1,1,2,1,1,1,1,1,8,9,0.888889,1,0.962963,1,0.53486,2,2,0,2,0,0,1,1,0.375,1,0.9505,1,0.65,0.141285,0.35,180.7979,1096,49,75,22,21828.3248,0.401921,0.463941,0,1,0,0,0.05,1,0.45,0.5,0,0,0.785256,0.842962,0.688385,0.740478,0.842962,v5-shortcut-control-v1
dataset-v5,v3,extraction-v2,ranking-aware-v5,seo_weighted_page_quality_v5,78.9474,75.8,ремонт квартир Санкт-Петербург,ремонт квартир,commercial,Санкт-Петербург,2,https://uslugi.yandex.ru/2-saint-petersburg/category/remont-i-stroitelstvo/remont-kvartir-i-domov--1816,uslugi.yandex.ru,5,0,,,category,ok,,..\dataset-v2\artifacts\query--2b3afd85fe45c9bf.json,1226606363cb3640ecf5c53fc8f9217c9e497cdd,2426857,75.8,9600,60000,1600,650,0.36031,6.0621,90,14.6667,1,0,0,9,9,1,134,1,195,0,0,0,142,3,3,0.75,0.75,0,0,11,0.078714,1,80,13,7,0,0,2,0,180,80,7.206208,3.880266,0,0.006754,0.620869,1,0.75,3.742739,9,0.620869,0.465652,0,0,0.620869,0.6625,0,0.655172,0,0.223706,0.465652,200,1,0,0,1,1,0,0,0,0,1,1,1,0,0,4,0,0,1,0.6,1,1,0.92,1,4,1,1,1,1,1,1,1,1,1,1,1,1,0,0,1,1,1,1,1,8,9,0.888889,1,0.962963,1,0.476324,3,3,0,3,0,1,1,1,0.6625,1,0.97075,1,0.970452,0.006754,0.029548,2156.5811,2602,64,26,13,11225.5688,0.106667,0.2425,0,1,0,0,0.05,1,0.45,0.5,0,0,0.743561,0.812955,0.664388,0.693313,0.812955,v5-shortcut-control-v1
dataset-v5,v3,extraction-v2,ranking-aware-v5,seo_weighted_page_quality_v5,73.6842,71.1,ремонт квартир Санкт-Петербург,ремонт квартир,commercial,Санкт-Петербург,2,https://profi.ru/geo-spb/remont/remont-kvartir/,profi.ru,6,0,,,content,ok,,..\dataset-v2\artifacts\query--c1c3121d91846e02.json,246a82424e4d4e240cf525687368941431d82802,1329384,71.1,9600,60000,1600,1200,0.290109,5.6969,90,10.1644,36,1,6,12,18,1,98,1,284,0,0,0,288,3,3,0.75,0.75,6,0.75,17,0.038186,0.75,80,24,27,0,0,1,0,13.864,40.17502,13.789446,3.579952,0,0.049806,0.467929,1,0.75,24.891089,0.068015,0.350947,0.350947,0.350947,0.5625,0.467929,0.8125,0.218182,0.041379,0.545346,0.13575,0.350947,200,1,0,0,1,1,0,0,0,0,1,1,1,1,1,3,0,0,1,0.7,1,1,0.94,1,3,0,1,1,1,1,0,0,1,1,1,1,1,1,20,1,1,1,1,0.8,7,8,0.777778,0.888889,0.822222,1,0.488225,1,3,0,3,0,1,0,1,0.6625,1,0.91,1,0.7821,0.049806,0.2179,1123.6836,4673,52,16,104,10873.0315,0,0.1625,0,1,0,0,0.05,1,0.45,0.5,0,0,0.641101,0.734228,0.576844,0.644149,0.734228,v5-shortcut-control-v1
dataset-v5,v3,extraction-v2,ranking-aware-v5,seo_weighted_page_quality_v5,68.4211,81.2,ремонт квартир Санкт-Петербург,ремонт квартир,commercial,Санкт-Петербург,2,https://restroymaster.ru/,restroymaster.ru,7,0,,,homepage,ok,,..\dataset-v2\artifacts\query--b20a7fbd078f3343.json,042351dc93afb0d98ea47dea346cc11832949ddf,267830,81.2,9600,60000,1600,996,0.441294,5.58,90,12.4011,36,1,10,1,18,1,68,1,186,0,0,0,68,3,4,0.75,0.75,3,0.5,16,0.030128,1,80,24,40,0,11,67,6.090909,62.6944,58.484714,28,24.368631,0,0.080844,0.641045,1,1,17.098485,0.5,0.641045,0.480784,0.320522,0.375,0.641045,0.7875,0.763636,0.717241,0.995717,0.282889,0.641045,200,1,0,0,1,1,0,0,0,0,1,1,1,0,0,0,0,0,1,1,1,1,1,1,8,1,1,1,1,1,0,1,1,1,1,0,1,1,14,1,1,1,1,1,8,8,0.888889,0.888889,0.925926,1,0.536399,2,2,0,2,1,0,1,0,0.525,1,0.91,1,0.65,0.080844,0.35,199.8232,1596,62,25,101,7533.1905,0.264125,0.360594,0,1,0,0,0.05,1,0.45,0.5,0,0,0.802565,0.856822,0.707795,0.769411,0.856822,v5-shortcut-control-v1
dataset-v5,v3,extraction-v2,ranking-aware-v5,seo_weighted_page_quality_v5,63.1579,81.8,ремонт квартир Санкт-Петербург,ремонт квартир,commercial,Санкт-Петербург,2,https://art-a.ru/,art-a.ru,8,0,,,homepage,ok,,..\dataset-v2\artifacts\query--82c3bf7a999082e2.json,642732e04222d5c6df86f6f79fd55834d3ff627b,405627,81.8,9600,60000,1600,1200,0.369191,5.3738,90,14.0565,36,1,10,10,18,1,49,1,114,0,0,0,79,3,2,0.75,0.5,17,0.75,11,0.022662,1,80,24,40,6,2,20,10,39.1685,66.26506,28,39.300057,1.72117,0.07761,0.647911,1,1,15.090909,0.292135,0.647911,0.485933,0.485933,0.5625,0.647911,0.85,0.890909,0.786207,0.755403,0.239203,0.647911,200,1,0,0,1,1,0,0,0,0,1,1,1,0,0,0,0,0,1,1,1,1,1,1,11,1,1,1,1,1,0,1,1,0,1,1,1,1,9,1,1,1,1,1,8,8,0.888889,0.888889,0.925926,1,0.58583,1,1,0,1,0,0,1,0,0.2375,1,0.91,1,0.326169,0.07761,0.673831,311.0459,2744,9,3,172,11450.3785,0.47932,0.52199,0,1,0,0,0.05,1,0.45,0.5,0,0,0.815611,0.867221,0.716148,0.7909,0.867221,v5-shortcut-control-v1
dataset-v5,v3,extraction-v2,ranking-aware-v5,seo_weighted_page_quality_v5,57.8947,77.5,ремонт квартир Санкт-Петербург,ремонт квартир,commercial,Санкт-Петербург,2,https://remontsanktpeterburg.ru/,remontsanktpeterburg.ru,9,0,,,homepage,ok,,..\dataset-v2\artifacts\query--72a6f2c71a9f648d.json,4affe60415e1fc2adf79209bd6856c805213b3cc,149906,77.5,4771,60000,670,371,0.553731,5.9448,40,16.75,36,1,10,12,18,1,65,1,167,0,0,0,24,3,3,0.75,0.75,7,0.75,12,0.035821,1,56,24,10,1,6,46,7.666667,15.9524,80,28,14.925373,1.492537,0.040546,0.61607,1,1,11.964286,0.690476,0.61607,0.462052,0.462052,0.5625,0.275178,0.85,0.818182,0.848276,0.80597,0.126979,0.61607,200,1,0,0,1,1,1,0,0,0,1,1,1,0,0,0,0,0,1,1,1,1,1,1,5,1,1,1,1,1,0,0,1,1,1,0,0,1,9,0,1,1,1,0.8,6,8,0.666667,0.888889,0.785185,1,0.690249,1,4,0,4,1,0,0,1,0.8,1,0.91675,1,0.55261,0.040546,0.44739,119.3154,715,14,11,37,5459.8417,0.579142,0.596857,0,1,0,0,0.05,1,0.45,0.5,0,0,0.743492,0.806184,0.58029,0.748422,0.806184,v5-shortcut-control-v1
dataset-v5,v3,extraction-v2,ranking-aware-v5,seo_weighted_page_quality_v5,52.6316,69.6,ремонт квартир Санкт-Петербург,ремонт квартир,commercial,Санкт-Петербург,2,https://spb.remokey.ru/,spb.remokey.ru,10,0,,,homepage,ok,,..\dataset-v2\artifacts\query--547163129cd91535.json,5fb82cd07d8af526cc43a69fd94e6da7ab1bd55c,134067,69.6,8028,60000,1128,585,0.518617,5.9335,52,21.6923,11,0,1,8,9,1,42,1,34,0,0,0,51,3,2,0.75,0.5,3,0.5,16,0.045213,1,80,24,40,12,1,5,5,102.5455,78.014184,28,60,10.638298,0.086348,0.583433,1,1,12.818182,0.818182,0.583433,0.437575,0.291716,0.375,0.438742,0.7875,0.763636,0.234483,0.492908,0.189616,0.583433,200,1,0,0,1,1,1,0,0,0,1,1,1,0,0,0,0,0,1,1,1,1,1,1,3,0,0,1,0,1,0,1,1,1,0,0,0,1,1,0,1,1,1,0.4,5,5,0.555556,0.555556,0.503704,1,0.646136,1,4,0,4,1,0,0,1,0.8,1,0.9235,1,0.65,0.086348,0.35,98.7441,809,50,11,34,11048.6829,0.464724,0.511043,0,1,0,0,0.05,1,0.45,0.5,0,0,0.661069,0.616807,0.59024,0.688131,0.616807,v5-shortcut-control-v1
dataset-v5,v3,extraction-v2,ranking-aware-v5,seo_weighted_page_quality_v5,100.0,77.5,ремонт квартир Екатеринбург,ремонт квартир,commercial,Екатеринбург,54,https://remonty-ekb.ru/,remonty-ekb.ru,1,0,,,homepage,ok,,..\dataset-v2\artifacts\query--c07ee6c953da26a5.json,fb2afac3b18621d3fb3a739e626e1c6291b3b446,73590,77.5,5053,42110,734,356,0.485014,5.7071,41,17.9024,12,1,0,0,1,1,63,1,117,0,1,1,34,2,2,0.666667,0.666667,3,1,22,0.046322,1,80,24,40,0,2,8,4,61.1667,80,28,60,0,0.119995,0.647814,1,1,6.168067,0.083333,0.647814,0.431876,0.647814,0.666667,0.316997,0.883333,0.854545,0.806897,0.455949,0.128123,0.647814,200,1,0,0,1,1,0,0,0,0,1,1,1,0,0,0,0,0,1,1,1,1,1,1,2,1,1,1,0,1,0,1,1,1,1,0,0,1,4,1,1,0,0,1,6,6,0.666667,0.666667,0.777778,1,0.5862,0,0,0,0,0,0,0,0,0,1,0.9325,1,0.302857,0.119995,0.697143,45.4844,768,8,2,30,5914.0569,0.736877,0.715158,0,1,0,0,0.05,1,0.533333,0.583333,0,0,0.781408,0.847029,0.535627,0.781698,0.847029,v5-shortcut-control-v1
dataset-v5,v3,extraction-v2,ranking-aware-v5,seo_weighted_page_quality_v5,94.7368,27.1,ремонт квартир Екатеринбург,ремонт квартир,commercial,Екатеринбург,54,https://www.avito.ru/ekaterinburg/predlozheniya_uslug/remont_i_otdelka/remont_kvartir_i_domov_pod_klyuch-ASgBAgICAkSYC8CfAcQVwPUB,avito.ru,2,0,,,content,ok,,..\dataset-v2\artifacts\query--0de1ea149854030b.json,22680b73b9c763034f1e112a7d46557165698f4b,34470,27.1,947,28939,133,90,0.676692,5.8421,12,11.0833,11,0,1,0,1,1,31,0,0,0,0,0,0,0,0,0,0,0,0,0,0,0,1,1,0,1,1,2,2,12.0909,7.518797,7.518797,0,7.518797,0.032724,0.108989,0,0.75,80,0.090909,0,0,0,0,0.009664,0,0.563636,0,0,0.005449,0.081742,429,0,0,0,0,0,0,0,0,0,0,1,1,0,0,4,0,0,1,0.6,1,0.75,0.67,1,1,0,0,0,0,1,0,0,0,1,0,0,0,1,1,1,0,1,1,0.4,2,3,0.222222,0.333333,0.318519,1,0.569572,0,0,0,0,0,0,0,0,0,1,0.879278,1,0.471118,0.032724,0.528882,29.1787,60,5,1,1,5596.2058,0.943505,0.870129,0,1,0,0,0.05,1,0.533333,0.583333,0,0,0.202345,0.237909,0.087781,0.244128,0.237909,v5-shortcut-control-v1
dataset-v5,v3,extraction-v2,ranking-aware-v5,seo_weighted_page_quality_v5,89.4737,75.5,ремонт квартир Екатеринбург,ремонт квартир,commercial,Екатеринбург,54,https://printsipremonta.ru/,printsipremonta.ru,3,0,,,homepage,ok,,..\dataset-v2\artifacts\query--94dbb2165bfcf8f2.json,a0b05147ed6e0f4eb3c6fa860b6c74ff60c85387,561987,75.5,9600,60000,1600,955,0.375541,6.0751,90,13.7459,28,1,10,4,18,1,67,1,264,0,0,0,76,2,2,0.666667,0.666667,7,0.666667,16,0.029886,1,80,24,40,3,4,35,8.75,90.8214,80,28,60,1.179709,0.040576,0.666275,1,1,9.524345,0.714286,0.666275,0.444183,0.444183,0.444444,0.666275,0.8,0.781818,0.17931,0.996199,0.250213,0.666275,200,1,0,0,0,0,0,0,0,0,1,1,1,0,0,0,0,0,1,1,1,0.75,0.95,1,4,1,1,1,1,1,0,1,1,1,1,0,1,1,14,1,1,1,1,1,8,8,0.888889,0.888889,0.925926,1,0.377659,0,0,0,0,0,0,0,0,0,1,0.91,1,0.719625,0.040576,0.280375,462.0508,1841,27,26,77,9226.1089,0.210348,0.320261,0,1,0,0,0.05,1,0.533333,0.583333,0,0,0.810228,0.861272,0.713556,0.770978,0.861272,v5-shortcut-control-v1
dataset-v5,v3,extraction-v2,ranking-aware-v5,seo_weighted_page_quality_v5,84.2105,74.7,ремонт квартир Екатеринбург,ремонт квартир,commercial,Екатеринбург,54,https://uslugi.yandex.ru/54-yekaterinburg/category/remont-i-stroitelstvo/remont-kvartir-i-domov--1816,uslugi.yandex.ru,4,0,,,category,ok,,..\dataset-v2\artifacts\query--3dce23a2f6239e78.json,e7b4e30ea5182d087b1e980faa5b45185e367e38,2144524,74.7,7889,60000,1129,404,0.357839,5.7857,74,15.2568,1,0,0,4,4,1,131,1,193,0,0,0,93,2,2,0.666667,0.666667,0,0,9,0.082374,1,80,14,7,0,0,2,0,180,80,12.400354,6.200177,0,0.004496,0.600536,1,0.75,2.417559,4,0.600536,0.400357,0,0,0.452003,0.633333,0,0.668966,0,0.134787,0.450402,200,1,0,0,1,1,0,0,0,0,1,1,1,0,0,4,0,0,1,0.6,1,1,0.92,1,4,1,1,1,1,1,1,1,1,1,1,1,1,0,0,1,1,1,1,1,8,9,0.888889,1,0.962963,1,0.472667,3,3,0,3,0,1,1,1,0.6625,1,0.9685,1,0.980332,0.004496,0.019668,1902.8086,2473,65,26,14,11134.7371,0.103333,0.24,0,1,0,0,0.05,1,0.533333,0.583333,0,0,0.732082,0.804525,0.592846,0.679198,0.804525,v5-shortcut-control-v1
dataset-v5,v3,extraction-v2,ranking-aware-v5,seo_weighted_page_quality_v5,78.9474,67.9,ремонт квартир Екатеринбург,ремонт квартир,commercial,Екатеринбург,54,https://remontproekb.ru/,remontproekb.ru,5,0,,,homepage,ok,,..\dataset-v2\artifacts\query--f905bf761ff70006.json,a2fec99bd418306643ed5503c919ab5b9161c27f,669319,67.9,8045,60000,1199,563,0.469558,5.548,72,16.6528,1,1,7,5,13,1,67,1,49,0,0,0,21,2,1,0.666667,0.333333,1,0.333333,4,0.017515,1,79,10,40,6,6,59,9.833333,180,65.88824,8.340284,60,5.00417,0.013022,0.605458,1,1,15.177215,13,0.605458,0.403639,0.201819,0.222222,0.483963,0.716667,0.781818,0.337931,0.58382,0.189374,0.605458,200,1,0,0,1,0,0,0,0,0,1,1,0,0,0,0,0,0,1,1,0.5,0,0.7,1,7,1,1,1,1,1,0,1,1,1,0,0,0,1,10,1,1,1,1,1,7,7,0.777778,0.777778,0.851852,1,0.343803,0,0,0,0,0,0,0,0,0,1,0.9775,1,0.943027,0.013022,0.056973,611.0459,2251,91,132,10,6956.4596,0.237649,0.340737,0,1,0,0,0.05,1,0.533333,0.583333,0,0,0.733242,0.801128,0.567394,0.6523,0.801128,v5-shortcut-control-v1
dataset-v5,v3,extraction-v2,ranking-aware-v5,seo_weighted_page_quality_v5,73.6842,79.0,ремонт квартир Екатеринбург,ремонт квартир,commercial,Екатеринбург,54,https://ekb.metrygroup.ru/,ekb.metrygroup.ru,6,0,,,homepage,ok,,..\dataset-v2\artifacts\query--1cab30a1d8e44512.json,7bdc6be4165b3aff95d5ad3679e5e109e6c64ed0,344746,79.0,9600,60000,1600,1154,0.40477,6.0203,90,16.8698,36,1,10,12,18,1,57,1,228,0,0,0,43,2,2,0.666667,0.666667,9,0.666667,10,0.015082,1,65,24,40,0,3,12,4,17.7081,22.799018,28,39.284462,0,0.088368,0.573424,1,1,43.861538,0.192547,0.573424,0.382283,0.382283,0.444444,0.573424,0.8,0.963636,0.427586,0.502748,0.232105,0.573424,200,1,0,0,1,1,1,0,0,0,1,1,1,0,0,0,0,0,1,1,1,1,1,1,5,1,1,1,1,1,1,1,1,1,1,0,1,1,8,1,1,1,1,1,9,8,1,0.888889,0.962963,1,0.425214,0,0,0,0,0,0,0,0,0,1,0.91,1,0.65,0.088368,0.35,266.0371,1302,35,6,98,10432.2246,0.371143,0.440857,0,1,0,0,0.05,1,0.533333,0.583333,0,0,0.799534,0.853524,0.673261,0.758534,0.853524,v5-shortcut-control-v1
dataset-v5,v3,extraction-v2,ranking-aware-v5,seo_weighted_page_quality_v5,68.4211,78.0,ремонт квартир Екатеринбург,ремонт квартир,commercial,Екатеринбург,54,https://arca-sk.ru/,arca-sk.ru,7,0,,,homepage,ok,,..\dataset-v2\artifacts\query--974f956e1c93e9c7.json,d93c86a228d342651cf9e7a094881a602ecd8736,4188686,78.0,9600,60000,1600,1200,0.330648,5.6028,90,14.5237,1,1,10,12,18,1,44,1,121,0,0,0,62,2,2,0.666667,0.666667,5,0.333333,8,0.011891,1,80,24,40,24,2,91,45.5,180,22.823168,28,60,22.439586,0.009089,0.574044,1,1,43.815126,90,0.574044,0.382696,0.191348,0.222222,0.574044,0.716667,0.8,0.834483,0.396369,0.189807,0.574044,200,1,0,0,1,1,0,0,0,0,1,1,1,0,0,0,0,0,1,1,1,1,1,1,4,1,1,1,1,1,1,1,1,1,1,0,1,1,7,1,1,1,1,1,9,8,1,0.888889,0.962963,1,0.278066,0,0,0,0,0,0,0,0,0,1,0.91,1,0.960236,0.009089,0.039764,3905.3271,5896,127,244,174,12060.7383,0,0.1625,0,1,0,0,0.05,1,0.533333,0.583333,0,0,0.786526,0.842946,0.655226,0.735712,0.842946,v5-shortcut-control-v1
dataset-v5,v3,extraction-v2,ranking-aware-v5,seo_weighted_page_quality_v5,63.1579,81.3,ремонт квартир Екатеринбург,ремонт квартир,commercial,Екатеринбург,54,https://ekaterinburg.proff-remont.ru/,ekaterinburg.proff-remont.ru,8,0,,,homepage,ok,,..\dataset-v2\artifacts\query--6f921e06955e268b.json,7ab2f05ef349e3d7acc68dc6b4d8cff8b7cb00fd,1028383,81.3,9600,60000,1600,1200,0.310888,5.8948,90,12.9793,36,1,10,12,18,1,79,1,220,0,0,0,114,2,1,0.666667,0.333333,18,0.666667,35,0.018147,1,80,24,40,1,6,57,9.5,174.5,47.118752,19.261382,20.057307,0.159185,0.060629,0.681305,1,1,21.222973,0.888889,0.681305,0.454203,0.454203,0.444444,0.681305,0.8,0.563636,0.482759,0.604903,0.21181,0.681305,200,1,0,0,1,1,0,0,0,0,1,1,1,0,0,0,0,0,1,1,1,1,1,1,12,1,1,1,1,1,1,1,1,1,1,0,1,1,21,1,1,1,1,1,9,8,1,0.888889,0.962963,1,0.446711,1,1,0,1,0,0,1,0,0.2375,1,0.91,1,0.619034,0.060629,0.380966,763.1865,4781,26,16,121,7314.6541,0.127839,0.258379,0,1,0,0,0.05,1,0.533333,0.583333,0,0,0.839989,0.881843,0.719911,0.798989,0.881843,v5-shortcut-control-v1
dataset-v5,v3,extraction-v2,ranking-aware-v5,seo_weighted_page_quality_v5,57.8947,72.7,ремонт квартир Екатеринбург,ремонт квартир,commercial,Екатеринбург,54,https://www.kp.ru/russia/ekaterinburg/luchshie-kompanii-po-remontu-kvartir-v-ekaterinburge/,kp.ru,9,0,,,content,ok,,..\dataset-v2\artifacts\query--37cba12349db9995.json,128356e6bcf5525419dd0a5b69bdd39ccc923f7a,218497,72.7,9600,60000,1600,1200,0.48801,6.1319,90,11.0708,36,1,7,12,18,1,208,1,251,0,0,0,42,2,2,0.333333,0.333333,6,0.666667,7,0.016787,1,80,19,40,23,4,6,1.5,53.234,38.768985,7.593925,27.577938,9.192646,0.132016,0.631521,1,1,25.793814,0.468085,0.631521,0.210507,0.421014,0.222222,0.631521,0.683333,0,0.268966,0.559552,0.308188,0.631521,200,1,0,0,1,1,1,0,0,0,1,1,1,0,0,3,0,0,1,0.7,1,1,0.94,1,1,0,1,1,1,1,1,0,1,1,1,1,1,1,1,1,1,1,1,0.8,8,8,0.888889,0.888889,0.859259,1,0.543051,2,2,0,2,0,0,1,1,0.375,1,0.95725,1,0.65,0.132016,0.35,154.1875,944,48,74,19,8833.7488,0.436606,0.489954,0,1,0,0,0.05,1,0.533333,0.583333,0,0,0.757976,0.80893,0.685481,0.713622,0.80893,v5-shortcut-control-v1
dataset-v5,v3,extraction-v2,ranking-aware-v5,seo_weighted_page_quality_v5,52.6316,24.8,ремонт квартир Екатеринбург,ремонт квартир,commercial,Екатеринбург,54,https://www.remont-uralec.ru/,remont-uralec.ru,10,0,,,homepage,ok,,..\dataset-v2\artifacts\query--151e2a44556df19e.json,91501943e865ee059f9ab9759f6c3dfa64778c15,34242,24.8,169,32178,27,24,0.888889,5.0741,2,13.5,1,0,0,0,0,1,22,0,0,0,0,0,0,0,0,0,0,0,0,0,0,0,2,1,0,1,0,0,0,27,74.074074,28,0,37.037037,0.005252,0.086861,0,0.25,13.5,0,0,0,0,0,0.001563,0,0.4,0,0,0.001158,0.021715,403,0,0,0,0,0,1,0,0,0,0,1,0,0,0,0,0,0,1,1,0.5,0.75,0.65,1,1,1,0,0,0,0,0,0,0,0,0,0,0,0,0,0,1,1,1,0.4,2,3,0.222222,0.333333,0.318519,1,0.532324,0,0,0,0,0,0,0,0,0,1,0.771222,1,0.527022,0.005252,0.472978,31.5059,47,0,2,1,5441.9575,0.963464,0.885098,0,1,0,0,0.05,1,0.533333,0.583333,0,0,0.163608,0.212935,0.067663,0.219667,0.212935,v5-shortcut-control-v1
dataset-v5,v3,extraction-v2,ranking-aware-v5,seo_weighted_page_quality_v5,100.0,82.7,ремонт квартир Новосибирск,ремонт квартир,commercial,Новосибирск,65,https://stroikaveka54.ru/,stroikaveka54.ru,1,0,,,homepage,ok,,..\dataset-v2\artifacts\query--816b9c556188394b.json,0b08c4b1f86f3bf8cc63b0f309dbef19d36451df,565856,82.7,9600,60000,1600,834,0.365469,5.947,90,13.1908,36,1,10,7,18,1,53,1,124,0,0,0,64,2,2,0.666667,0.666667,8,0.666667,31,0.028046,1,80,21,40,5,13,259,19.923077,22.1553,63.978966,9.202454,49.956179,2.19106,0.034533,0.578182,1,1,15.630137,0.174757,0.578182,0.385455,0.385455,0.444444,0.578182,0.8,0.963636,0.855172,0.934852,0.211308,0.578182,200,1,0,0,1,1,1,0,0,0,1,1,1,0,0,0,0,0,1,1,1,1,1,1,5,1,1,1,1,1,0,1,1,1,1,0,1,1,1,1,1,1,1,1,8,8,0.888889,0.888889,0.925926,1,0.57393,5,4,0,6,1,0,1,1,0.85,1,0.95275,1,0.848917,0.034533,0.151083,480.6553,2125,64,45,21,3519.3919,0.239183,0.341887,0,1,0,0,0.2,1,0.533333,0.333333,0,0,0.781318,0.842273,0.67293,0.750318,0.842273,v5-shortcut-control-v1
dataset-v5,v3,extraction-v2,ranking-aware-v5,seo_weighted_page_quality_v5,78.9474,81.7,ремонт квартир Новосибирск,ремонт квартир,commercial,Новосибирск,65,https://nsk.proff-remont.ru/,nsk.proff-remont.ru,5,0,,,homepage,ok,,..\dataset-v2\artifacts\query--403b8067ec7f604a.json,079d2f2ffae135ec280e75ffae1f7bd022104d3a,1019027,81.7,9600,60000,1600,1200,0.307779,5.8985,90,13.1263,36,1,10,12,18,1,78,1,220,0,0,0,116,2,1,0.666667,0.333333,18,0.666667,35,0.018605,1,80,24,40,1,6,57,9.5,173.1944,46.351243,18.283881,19.887731,0.160385,0.060708,0.650543,1,1,21.574394,0.888889,0.650543,0.433695,0.433695,0.444444,0.650543,0.8,0.581818,0.482759,0.620155,0.200223,0.650543,200,1,0,0,1,1,0,0,0,0,1,1,1,0,0,0,0,0,1,1,1,1,1,1,11,1,1,1,1,1,1,1,1,1,1,0,1,1,21,1,1,1,1,1,9,8,1,0.888889,0.962963,1,0.447134,1,1,0,1,0,0,1,0,0.2375,1,0.91,1,0.618687,0.060708,0.381313,757.0615,4747,26,16,114,6409.0699,0.129633,0.259725,0,1,0,0,0.2,1,0.533333,0.333333,0,0,0.828454,0.873768,0.704524,0.787454,0.873768,v5-shortcut-control-v1
dataset-v5,v3,extraction-v2,ranking-aware-v5,seo_weighted_page_quality_v5,100.0,79.0,ремонт квартир Казань,ремонт квартир,commercial,Казань,43,https://rembrigada116.ru/,rembrigada116.ru,1,0,,,homepage,ok,,..\dataset-v2\artifacts\query--a34613b4b26f3097.json,819f99c6ef56f7f3541d5d4fc9dc2e3cb2fe1b7c,343289,79.0,9600,60000,1600,1187,0.422721,5.7949,90,13.901,36,1,5,2,8,1,82,1,151,0,0,0,100,2,2,0.666667,0.666667,6,0.666667,30,0.035613,1,80,24,40,24,5,52,10.4,70.2,79.059829,13.176638,18.518519,12.108262,0.083131,0.302058,1,1,12.648649,0.2,0.302058,0.201372,0.201372,0.444444,0.302058,0.8,0.509091,0.958621,0.812915,0.127686,0.302058,200,1,0,0,1,1,1,0,0,0,1,1,1,0,0,0,0,0,1,1,1,1,1,1,7,1,1,1,1,1,1,1,1,1,1,0,1,1,7,1,1,1,1,1,9,8,1,0.888889,0.962963,1,0.649944,1,4,0,4,0,0,0,1,0.65,1,0.91675,1,0.444286,0.083131,0.555714,250.3643,2061,19,8,37,12553.1065,0.419746,0.47731,0,1,0,0,0.05,1,0.533333,0.583333,0,0,0.697772,0.78229,0.537259,0.656772,0.78229,v5-shortcut-control-v1
dataset-v5,v3,extraction-v2,ranking-aware-v5,seo_weighted_page_quality_v5,94.7368,74.5,ремонт квартир Казань,ремонт квартир,commercial,Казань,43,https://uslugi.yandex.ru/43-kazan/category/remont-i-stroitelstvo/remont-kvartir-i-domov--1816,uslugi.yandex.ru,2,0,,,category,ok,,..\dataset-v2\artifacts\query--99813900464d4c65.json,ff09527f9653f02feacdd8158b1546824f9df953,2813384,74.5,9280,60000,1348,534,0.396142,5.6484,81,16.642,1,0,0,2,2,1,124,1,186,0,0,0,113,2,2,0.666667,0.666667,0,0,11,0.083828,1,80,20,7,0,0,2,0,180,80,14.836795,5.192878,0,0.004124,0.522517,1,0.75,2.213465,2,0.522517,0.348345,0,0,0.469569,0.633333,0,0.717241,0,0.155013,0.391888,200,1,0,0,1,1,0,0,0,0,1,1,1,0,0,4,0,0,1,0.6,1,1,0.92,1,4,1,1,1,1,1,1,1,1,1,1,1,1,0,0,1,1,1,1,1,8,9,0.888889,1,0.962963,1,0.465136,3,3,0,3,0,1,1,1,0.6625,1,0.955,1,0.981956,0.004124,0.018044,2523.9053,2874,66,26,20,12266.4969,0.083333,0.225,0,1,0,0,0.05,1,0.533333,0.583333,0,0,0.705556,0.786337,0.54805,0.655207,0.786337,v5-shortcut-control-v1
dataset-v5,v3,extraction-v2,ranking-aware-v5,seo_weighted_page_quality_v5,89.4737,80.5,ремонт квартир Казань,ремонт квартир,commercial,Казань,43,https://kazan.proff-remont.ru/,kazan.proff-remont.ru,3,0,,,homepage,ok,,..\dataset-v2\artifacts\query--f7ebfe3292b61672.json,156bbf946f5e0a1a6b8fea2c4cc33fdcda747819,1011192,80.5,9600,60000,1600,1200,0.309524,5.8884,90,13.1799,36,1,10,12,18,1,72,1,213,0,0,0,116,2,1,0.666667,0.333333,18,0.666667,35,0.018413,1,80,24,40,1,6,56,9.333333,170.2703,46.190476,18.412698,20,0.15873,0.062012,0.518861,1,1,21.649485,0.864865,0.518861,0.345907,0.345907,0.444444,0.518861,0.8,0.690909,0.531034,0.613757,0.1606,0.518861,200,1,0,0,1,1,0,0,0,0,1,1,1,0,0,0,0,0,1,1,1,1,1,1,12,1,1,1,1,1,1,1,1,1,1,0,1,1,21,1,1,1,1,1,9,8,1,0.888889,0.962963,1,0.454309,1,1,0,1,0,0,1,0,0.2375,1,0.91,1,0.612981,0.062012,0.387019,748.417,4756,26,13,116,11441.1865,0.160291,0.282718,0,1,0,0,0.05,1,0.533333,0.583333,0,0,0.779073,0.839201,0.639854,0.738073,0.839201,v5-shortcut-control-v1
dataset-v5,v3,extraction-v2,ranking-aware-v5,seo_weighted_page_quality_v5,84.2105,74.2,ремонт квартир Казань,ремонт квартир,commercial,Казань,43,https://remont116.ru/,remont116.ru,4,0,,,homepage,ok,,..\dataset-v2\artifacts\query--f9369b3ee8adddf3.json,16dac8f24b78da43daa2ae43363f298fe37e95a0,164098,74.2,9600,60000,1600,533,0.320505,5.7348,90,11.964,36,1,1,1,3,1,53,1,161,0,0,0,85,2,3,0.666667,0.666667,5,0.666667,14,0.051112,1,80,24,36,0,6,66,11,18.6854,63.138906,28,21.647625,0,0.117088,0.454447,1,1,15.838095,0.033708,0.454447,0.302965,0.302965,0.444444,0.454447,0.8,0.963636,0.889655,0.296252,0.134567,0.454447,200,1,0,0,1,1,1,0,0,0,1,1,0,0,0,0,0,0,1,1,0.5,1,0.9,1,2,1,1,1,0,1,1,0,1,1,1,0,0,1,1,1,1,1,1,1,6,8,0.666667,0.888889,0.851852,1,0.612085,1,4,0,3,0,0,0,1,0.6,1,0.91,1,0.521429,0.117088,0.478571,106.9688,1165,25,24,51,11304.8077,0.39636,0.45977,0,1,0,0,0.05,1,0.533333,0.583333,0,0,0.686668,0.776542,0.499171,0.659168,0.776542,v5-shortcut-control-v1
dataset-v5,v3,extraction-v2,ranking-aware-v5,seo_weighted_page_quality_v5,78.9474,26.7,ремонт квартир Казань,ремонт квартир,commercial,Казань,43,https://www.avito.ru/kazan/predlozheniya_uslug/remont_i_otdelka/remont_kvartir_i_domov_pod_klyuch-ASgBAgICAkSYC8CfAcQVwPUB,avito.ru,5,0,,,content,ok,,..\dataset-v2\artifacts\query--92c56556255a6811.json,f769524288adf0e1b68d241ab41a984832e656e7,34458,26.7,946,28942,133,90,0.676692,5.8346,12,11.0833,11,0,1,0,1,1,31,0,0,0,0,0,0,0,0,0,0,0,0,0,0,0,1,1,0,1,1,2,2,12.0909,7.518797,7.518797,0,7.518797,0.032686,0.175376,0,0.75,80,0.090909,0,0,0,0,0.01555,0,0.563636,0,0,0.008769,0.131532,429,0,0,0,0,0,0,0,0,0,0,1,1,0,0,4,0,0,1,0.6,1,0.75,0.67,1,1,0,0,0,0,1,0,0,0,1,0,0,0,1,1,1,0,1,1,0.4,2,3,0.222222,0.333333,0.318519,1,0.569496,0,0,0,0,0,0,0,0,0,1,0.879139,1,0.471284,0.032686,0.528716,29.1816,60,5,1,1,4940.0736,0.943504,0.870128,0,1,0,0,0.05,1,0.533333,0.583333,0,0,0.215789,0.246747,0.099459,0.253754,0.246747,v5-shortcut-control-v1
dataset-v5,v3,extraction-v2,ranking-aware-v5,seo_weighted_page_quality_v5,73.6842,75.0,ремонт квартир Казань,ремонт квартир,commercial,Казань,43,https://remont-kvartir-kazan.ru/,remont-kvartir-kazan.ru,6,0,,,homepage,ok,,..\dataset-v2\artifacts\query--789814bfee3007ac.json,f4dcf4f1e830a6a289c943bd9b2f29fbc15c8fe0,453802,75.0,7698,60000,1045,609,0.582775,6.1464,90,11.117,29,1,5,5,11,1,47,1,127,0,0,0,40,2,1,0.666667,0.333333,2,0.666667,12,0.038278,1,76,24,38,10,5,45,9,36.0345,72.727273,28,36.363636,9.569378,0.018861,0.509325,1,1,13.75,0.37931,0.509325,0.33955,0.33955,0.444444,0.35483,0.8,0.854545,0.875862,0.724083,0.172322,0.509325,200,1,0,0,1,1,1,0,0,0,1,1,0,0,0,0,0,0,1,1,0.5,1,0.9,1,3,0,1,1,1,1,0,1,1,0,1,0,0,1,17,1,1,1,1,0.8,7,6,0.777778,0.666667,0.748148,1,0.656679,1,4,0,4,1,0,0,1,0.8,1,0.91,1,0.634627,0.018861,0.365373,406.0762,774,13,7,41,10975.9319,0.518455,0.551341,0,1,0,0,0.05,1,0.533333,0.583333,0,0,0.707247,0.775948,0.547042,0.679747,0.775948,v5-shortcut-control-v1
dataset-v5,v3,extraction-v2,ranking-aware-v5,seo_weighted_page_quality_v5,68.4211,14.3,ремонт квартир Казань,ремонт квартир,commercial,Казань,43,https://profi.ru/geo-kzn/remont/remont-kvartir/,profi.ru,7,0,,,content,ok,,..\dataset-v2\artifacts\query--3d443447d4fd24e9.json,7c33ccd6f660d2fd72cbbd80b60209252308c86b,9075,14.3,93,7190,13,11,0.846154,6.0769,1,13,1,0,0,0,0,0,0,1,8,0,0,0,0,0,0,0,0,0,0,0,0,0,1,1,0,0,0,0,0,13,76.923077,28,0,0,0.012935,0.07972,0,0.25,13,0,0,0,0,0,0.000691,0,0,0.055172,0,0.000487,0.01993,418,0,0,0,0,0,0,0,0,0,0,1,0,0,0,3,0,0,1,0.7,0.5,0.75,0.59,0,0,0,0,0,0,0,0,0,0,0,0,0,0,0,0,0,0,0,0,0,0,0,0,0,0,1,0.54177,0,0,0,0,0,0,0,0,0,1,0.760667,1,0.493411,0.012935,0.506589,7.1025,19,0,1,1,9824.9217,0.9831,0.899825,0,1,0,0,0.05,1,0.533333,0.583333,0,0,0.077427,0.067168,0.061386,0.163889,0.067168,v5-shortcut-control-v1
dataset-v5,v3,extraction-v2,ranking-aware-v5,seo_weighted_page_quality_v5,57.8947,66.0,ремонт квартир Казань,ремонт квартир,commercial,Казань,43,https://kazan-remonts.ru/,kazan-remonts.ru,9,0,,,homepage,ok,,..\dataset-v2\artifacts\query--a41f2333d0fb994b.json,d3ae3b0fedc2e0a0fd3ae9ac8f2c5b4e5c988bb2,140200,66.0,7378,60000,981,491,0.50051,6.3129,50,19.62,23,1,1,0,2,1,42,1,113,0,0,0,79,2,7,0.666667,1,2,0.666667,41,0.08053,1,80,8,40,0,2,3,1.5,42.6522,80,8.154944,60,0,0.080175,0.461206,1,1,5.39011,0.086957,0.461206,0.307471,0.307471,0.444444,0.301629,0.8,0.763636,0.77931,0,0.125807,0.461206,200,1,0,0,0,0,0,0,0,0,1,1,1,0,0,0,0,0,1,1,1,0.75,0.95,1,1,1,1,1,1,1,0,1,0,1,0,1,0,1,1,0,1,1,1,0.8,7,7,0.777778,0.777778,0.785185,1,0.468576,0,0,0,0,0,0,0,0,0,1,0.982,1,0.65,0.080175,0.35,96.4639,798,43,33,8,4626.9177,0.506406,0.542304,0,1,0,0,0.05,1,0.533333,0.583333,0,0,0.693327,0.767442,0.469646,0.674077,0.767442,v5-shortcut-control-v1
dataset-v5,v3,extraction-v2,ranking-aware-v5,seo_weighted_page_quality_v5,52.6316,69.9,ремонт квартир Казань,ремонт квартир,commercial,Казань,43,https://bikservis.com/remont-kvartir/,bikservis.com,10,0,,,content,ok,,..\dataset-v2\artifacts\query--770e5f391ef56f16.json,42bb236e5cd771ddb7d7ced7c7d59a9aefbd0b40,722354,69.9,9600,60000,1387,641,0.462149,6.3403,61,22.7377,36,1,2,6,9,1,73,1,162,0,0,0,31,2,2,0.666667,0.666667,2,0.666667,5,0.02235,1,80,24,40,0,27,403,14.925926,16.5119,80,28,50.468637,0,0.017452,0.301846,1,1,3.602597,0.107143,0.301846,0.201231,0.201231,0.444444,0.279107,0.8,0.672727,0.882759,0.745013,0.107491,0.301846,200,1,0,0,1,1,0,0,0,0,1,1,1,0,0,1,0,0,1,0.9,1,1,0.98,1,5,1,1,1,1,1,1,1,1,1,1,0,0,1,2,1,1,1,1,1,8,8,0.888889,0.888889,0.925926,1,0.446899,2,2,0,2,1,0,0,1,0.525,1,0.91,1,0.923646,0.017452,0.076354,602.3574,3535,68,13,73,12409.9628,0.151653,0.27624,0,1,0,0,0.05,1,0.533333,0.583333,0,0,0.676042,0.768085,0.469905,0.641742,0.768085,v5-shortcut-control-v1
dataset-v5,v3,extraction-v2,ranking-aware-v5,seo_weighted_page_quality_v5,100.0,78.0,ремонт квартир Краснодар,ремонт квартир,commercial,Краснодар,35,https://podklyuch23.ru/,podklyuch23.ru,1,0,,,homepage,ok,,..\dataset-v2\artifacts\query--17a1c41c6d893d86.json,410fad2b16a563d894ef04fd0201277720b5ed68,549239,78.0,9600,60000,1600,599,0.364799,5.7186,88,18.6591,36,1,7,4,12,1,59,1,271,0,0,0,138,2,3,0.666667,0.666667,3,0.666667,32,0.084044,1,80,24,40,21,5,27,5.4,44.3784,80,27.405603,60,12.789281,0.02505,0.458324,1,1,7.077586,0.324324,0.458324,0.305549,0.305549,0.444444,0.458324,0.8,0.927273,0.131034,0,0.15252,0.458324,200,1,0,0,1,1,1,0,0,0,1,1,1,0,0,0,0,0,1,1,1,1,1,1,4,1,1,1,1,1,0,1,1,1,1,0,1,1,5,1,1,1,1,1,8,8,0.888889,0.888889,0.925926,1,0.539515,1,4,0,5,1,0,0,1,0.85,1,0.91,1,0.890405,0.02505,0.109595,450.7246,2248,95,55,45,8778.0436,0.167952,0.288464,0,1,0,0,0.2,1,0.533333,0.333333,0,0,0.736371,0.81081,0.61134,0.705371,0.81081,v5-shortcut-control-v1
dataset-v5,v3,extraction-v2,ranking-aware-v5,seo_weighted_page_quality_v5,94.7368,81.9,ремонт квартир Краснодар,ремонт квартир,commercial,Краснодар,35,https://uslugi.yandex.ru/35-krasnodar/category?text=ремонт+квартир,uslugi.yandex.ru,2,0,,,category,ok,,..\dataset-v2\artifacts\query--38b5abe0e1968d2e.json,4442a8dcf893fd0d6a617351b9343498b6290272,2600903,81.9,9600,60000,1600,706,0.378349,5.9148,90,10.9123,1,1,0,4,5,1,84,1,137,0,0,0,113,2,2,0.666667,0.666667,4,0.666667,9,0.060557,1,80,20,3,0,0,2,0,180,80,10.718114,1.607717,0,0.006544,0.568551,1,0.75,1.792507,5,0.568551,0.379034,0.379034,0.444444,0.568551,0.8,0.472727,0.944828,0,0.215111,0.426413,200,1,0,0,1,1,0,0,0,0,1,1,1,0,0,2,1,1,1,0.7,1,1,0.94,1,3,0,1,1,1,1,1,1,1,1,1,1,1,1,1,1,1,1,1,0.8,9,8,1,0.888889,0.896296,1,0.473056,3,3,0,3,0,1,1,1,0.6625,1,0.955,1,0.97137,0.006544,0.02863,2326.2812,4225,84,13,20,5105.461,0.111458,0.246094,0,1,0,0,0.2,1,0.533333,0.333333,0,0,0.749228,0.805089,0.650721,0.720092,0.805089,v5-shortcut-control-v1
dataset-v5,v3,extraction-v2,ranking-aware-v5,seo_weighted_page_quality_v5,89.4737,72.0,ремонт квартир Краснодар,ремонт квартир,commercial,Краснодар,35,https://www.kp.ru/russia/krasnodar/luchshie-kompanii-po-remontu-kvartir-v-krasnodare/,kp.ru,3,0,,,content,ok,,..\dataset-v2\artifacts\query--1ac60dc56f66a1f7.json,7d5516738a63fcfab9063b60236df122105264c3,246357,72.0,9600,60000,1600,1200,0.459348,6.0367,90,12.5647,36,1,5,12,18,1,205,1,245,0,0,0,43,2,2,0.333333,0.333333,5,0.333333,7,0.014751,1,80,24,40,24,4,6,1.5,56.0577,37.392796,10.977702,22.984563,12.692967,0.133453,0.556717,1,1,26.743119,0.403846,0.556717,0.185572,0.185572,0.111111,0.556717,0.6,0,0.310345,0.49171,0.255727,0.556717,200,1,0,0,1,1,1,0,0,0,1,1,1,0,0,3,0,0,1,0.7,1,1,0.94,1,7,0,1,1,1,1,1,0,1,1,1,1,1,1,1,1,1,1,1,0.8,8,8,0.888889,0.888889,0.859259,1,0.523838,2,2,0,2,0,0,1,1,0.375,1,0.928,1,0.65,0.133453,0.35,173.9854,1073,48,74,32,14859.306,0.373139,0.442354,0,1,0,0,0.2,1,0.533333,0.333333,0,0,0.717793,0.779662,0.633017,0.66584,0.779662,v5-shortcut-control-v1
dataset-v5,v3,extraction-v2,ranking-aware-v5,seo_weighted_page_quality_v5,84.2105,71.8,ремонт квартир Краснодар,ремонт квартир,commercial,Краснодар,35,https://vc.ru/life/2874800-kompanii-po-remontu-kvartir-v-krasnodare,vc.ru,4,0,,,content,ok,,..\dataset-v2\artifacts\query--e2df3df49301d43a.json,dd1d2e668970cbf2e8accb964a1cb35c3de61abd,672428,71.8,9600,60000,1600,1200,0.417923,5.6504,90,14.9475,36,1,9,12,18,1,200,1,144,0,0,0,85,1,3,0.333333,0.666667,4,0.333333,4,0.017551,0.666667,80,24,40,11,0,0,0,60.5375,37.167045,25.810448,9.704728,2.271319,0.073232,0.548308,1,0.5,26.905556,0.5,0.365539,0.182769,0.182769,0.111111,0.548308,0.55,0,0.993103,0.390025,0.22915,0.274154,200,1,0,0,1,1,0,0,0,0,1,1,1,0,0,2,0,0,1,0.8,1,1,0.96,1,12,1,1,1,1,1,1,1,1,0,1,1,1,1,3,1,1,1,1,1,9,8,1,0.888889,0.962963,1,0.605695,1,3,0,2,0,0,0,1,0.4625,1,0.91,1,0.37104,0.073232,0.62896,506.1963,2940,11,10,125,10572.7281,0.345093,0.42132,0,1,0,0,0.2,1,0.533333,0.333333,0,0,0.654968,0.753555,0.57278,0.622154,0.753555,v5-shortcut-control-v1
dataset-v5,v3,extraction-v2,ranking-aware-v5,seo_weighted_page_quality_v5,57.8947,73.7,ремонт квартир Краснодар,ремонт квартир,commercial,Краснодар,35,https://timestroykrd.ru/,timestroykrd.ru,9,0,,,homepage,ok,,..\dataset-v2\artifacts\query--2fe64345c3f08347.json,8dfbe0af9760ec8820dc5b9ff47836ef1efe795c,375041,73.7,9600,60000,1600,871,0.521245,5.6439,90,15.1909,36,2,10,12,18,1,49,1,91,0,0,0,26,2,1,0.666667,0.333333,7,1,8,0.01556,1,25,24,3,24,0,25,0,28.8103,14.961101,28,1.795332,40,0.036637,0.518471,1,0.75,66.84,0.724138,0.518471,0.345647,0.518471,0.666667,0.518471,0.883333,0.890909,0.627586,0.518652,0.250882,0.388853,200,1,0,0,1,1,0,0,0,0,1,1,1,0,0,0,0,0,1,1,1,1,1,1,6,0,1,1,1,1,0,0,1,1,0,0,0,1,1,1,1,1,1,0.8,6,6,0.666667,0.666667,0.711111,1,0.385134,1,1,0,0,0,0,0,0,0.0875,1,0.91,1,0.839713,0.036637,0.160287,320.6162,1771,58,7,55,20535.3969,0.293667,0.38275,0,1,0,0,0.2,1,0.533333,0.333333,0,0,0.688834,0.770048,0.603195,0.707926,0.770048,v5-shortcut-control-v1
dataset-v5,v3,extraction-v2,ranking-aware-v5,seo_weighted_page_quality_v5,100.0,27.2,ремонт квартир Самара,ремонт квартир,commercial,Самара,51,https://www.avito.ru/samara/predlozheniya_uslug/remont_i_otdelka-ASgBAgICAUSYC8CfAQ,avito.ru,1,0,,,content,ok,,..\dataset-v2\artifacts\query--229c0feaf980ec06.json,6a20f7cd8846731d71c47923ed13b017e34fbcc1,34658,27.2,947,28943,133,90,0.676692,5.8421,12,11.0833,11,0,1,0,1,1,31,0,0,0,0,0,0,0,0,0,0,0,0,0,0,0,1,1,0,1,1,2,2,12.0909,7.518797,7.518797,0,7.518797,0.032719,0.12078,0,0.75,80,0.090909,0,0,0,0,0.010709,0,0.563636,0,0,0.006039,0.090585,429,0,0,0,0,0,0,0,0,0,0,1,1,0,0,3,0,0,1,0.7,1,0.75,0.69,1,1,0,0,0,0,1,0,0,0,1,0,0,0,1,1,1,0,1,1,0.4,2,3,0.222222,0.333333,0.318519,1,0.569567,0,0,0,0,0,0,0,0,0,1,0.879278,1,0.471138,0.032719,0.528862,29.1826,60,5,1,1,6015.2495,0.943504,0.870128,1,0,0,0,0.533333,0,0.533333,0,0,0,0.206383,0.241129,0.091505,0.250788,0.206383,v5-shortcut-control-v1
dataset-v5,v3,extraction-v2,ranking-aware-v5,seo_weighted_page_quality_v5,94.7368,83.2,ремонт квартир Самара,ремонт квартир,commercial,Самара,51,https://remontkvsamara.ru/,remontkvsamara.ru,2,0,,,homepage,ok,,..\dataset-v2\artifacts\query--c211d9e63c326ca6.json,7c638ed30881a3e473db4ca8ee06aef3b11bb6b4,182478,83.2,6155,60000,886,429,0.484199,5.7133,56,15.8214,36,1,9,12,18,1,64,1,191,0,1,1,32,2,2,0.666667,0.666667,10,0.666667,11,0.036117,1,55,22,15,0,2,7,3.5,18.0816,62.076749,24.8307,16.930023,0,0.044146,0.803536,1,1,16.109091,0.530612,0.803536,0.535691,0.535691,0.444444,0.474622,0.8,0.836364,0.682759,0.796087,0.191509,0.803536,200,1,0,0,1,1,1,0,0,0,1,1,1,1,1,0,0,0,1,1,1,1,1,1,2,0,1,1,1,1,0,1,1,1,1,1,1,1,6,1,1,1,1,0.8,8,8,0.888889,0.888889,0.859259,1,0.698485,4,4,0,4,0,0,1,1,0.65,1,0.9505,1,0.498289,0.044146,0.501711,143.5088,792,11,3,22,5640.1746,0.705641,0.691731,1,0,0,0,0.533333,0,0.533333,0,0,0,0.845826,0.873928,0.727042,0.824826,0.845826,v5-shortcut-control-v1
dataset-v5,v3,extraction-v2,ranking-aware-v5,seo_weighted_page_quality_v5,89.4737,83.4,ремонт квартир Самара,ремонт квартир,commercial,Самара,51,https://samara.proff-remont.ru/,samara.proff-remont.ru,3,0,,,homepage,ok,,..\dataset-v2\artifacts\query--d57e2527f9fb1282.json,987c4f94e959fa9958c3e671908ad73b49ab4b57,1021879,83.4,9600,60000,1600,1200,0.308751,5.8995,90,13.16,36,1,10,12,18,1,72,1,210,0,0,0,116,2,1,0.666667,0.333333,18,0.666667,35,0.018557,1,80,24,40,1,6,57,9.5,173.6389,46.552552,18.557031,20.156775,0.159974,0.060701,0.737796,1,1,21.4811,0.888889,0.737796,0.491864,0.491864,0.444444,0.737796,0.8,0.690909,0.551724,0.618568,0.227795,0.737796,200,1,0,0,1,1,0,0,0,0,1,1,1,0,0,0,0,0,1,1,1,1,1,1,11,1,1,1,1,1,1,1,1,1,1,0,1,1,21,1,1,1,1,1,9,8,1,0.888889,0.962963,1,0.447018,1,1,0,1,0,0,1,0,0.2375,1,0.91,1,0.618717,0.060701,0.381283,759.0361,4766,26,16,116,7599.9409,0.129055,0.259291,1,0,0,0,0.533333,0,0.533333,0,0,0,0.861174,0.896671,0.747533,0.820173,0.861174,v5-shortcut-control-v1
dataset-v5,v3,extraction-v2,ranking-aware-v5,seo_weighted_page_quality_v5,84.2105,82.3,ремонт квартир Самара,ремонт квартир,commercial,Самара,51,https://uslugi.yandex.ru/51-samara/category?text=ремонт+квартир,uslugi.yandex.ru,4,0,,,category,ok,,..\dataset-v2\artifacts\query--7f85b3bf6c9babc3.json,d18e2c1e73c13dcdb85736f8e6af27dc758cac4a,3261944,82.3,7537,60000,1082,434,0.401109,5.7311,86,12.5814,1,1,0,7,8,1,79,1,133,0,0,0,49,2,2,0.666667,0.666667,4,0.666667,9,0.045287,1,80,11,6,0,0,2,0,180,80,10.166359,5.545287,0,0.003107,0.745781,1,0.75,3.582781,8,0.745781,0.497187,0.497187,0.444444,0.537957,0.8,0.563636,0.917241,0.49045,0.179816,0.559336,200,1,0,0,1,1,0,0,0,0,1,1,1,0,0,2,1,1,1,0.7,1,1,0.94,1,3,1,1,1,1,1,1,1,1,1,1,1,1,0,0,1,1,1,1,1,8,9,0.888889,1,0.962963,1,0.474711,3,3,0,3,0,1,1,1,0.6625,1,0.97525,1,0.986405,0.003107,0.013595,2944.6777,1998,64,26,11,11976.9358,0.113333,0.2475,1,0,0,0,0.533333,0,0.533333,0,0,0,0.813031,0.864951,0.711363,0.785224,0.813031,v5-shortcut-control-v1
dataset-v5,v3,extraction-v2,ranking-aware-v5,seo_weighted_page_quality_v5,78.9474,62.0,ремонт квартир Самара,ремонт квартир,commercial,Самара,51,https://remont063.ru/,remont063.ru,5,0,,,homepage,ok,,..\dataset-v2\artifacts\query--663d305bd44c36eb.json,0aef83e808dc8de02bef9308c6726c3c10385fe8,137919,62.0,9600,60000,1600,691,0.381136,6.0552,90,16.0442,14,1,4,0,5,1,65,1,152,0,0,0,50,2,2,0.666667,0.666667,0,0,20,0.027579,1,80,24,40,0,0,0,0,129.5,80,28,60,0,0.174537,0.326448,1,0.5,10.856287,0.357143,0.326448,0.217632,0,0,0.326448,0.633333,0.818182,0.951724,0.919287,0.124421,0.163224,200,1,0,0,0,0,0,0,0,0,1,1,0,0,0,0,0,0,1,1,0.5,0.75,0.85,1,1,1,1,1,1,1,0,1,1,1,1,0,0,0,0,1,1,1,1,1,6,8,0.666667,0.888889,0.851852,1,0.530602,0,0,0,0,0,0,0,0,0,1,0.91,1,0.392857,0.174537,0.607143,85.1465,919,15,5,60,11170.0253,0.590354,0.605266,1,0,0,0,0.533333,0,0.533333,0,0,0,0.573221,0.697418,0.440727,0.547643,0.573221,v5-shortcut-control-v1
dataset-v5,v3,extraction-v2,ranking-aware-v5,seo_weighted_page_quality_v5,73.6842,75.8,ремонт квартир Самара,ремонт квартир,commercial,Самара,51,https://masterrem63.ru/,masterrem63.ru,6,0,,,homepage,ok,,..\dataset-v2\artifacts\query--27115c143fc334d3.json,6695d7ae262ecc95c4c81716393e0b5de8b48e11,1086964,75.8,9600,60000,1600,1146,0.366603,6.5934,90,12.0231,5,1,7,2,10,1,91,1,92,0,0,0,45,2,1,0.666667,0.333333,9,0.666667,14,0.014395,1,80,12,40,13,1,20,20,180,34.229047,3.838772,13.115803,4.158669,0.024897,0.747836,1,1,29.214953,2,0.747836,0.498557,0.498557,0.444444,0.747836,0.8,0.345455,0.634483,0.479846,0.274159,0.747836,200,1,0,0,1,1,0,0,0,0,1,1,1,0,0,0,0,0,1,1,1,1,1,1,15,1,1,1,0,1,0,0,1,1,0,0,0,1,4,1,1,1,1,1,5,7,0.555556,0.777778,0.777778,1,0.336522,0,0,0,0,0,0,0,0,0,1,0.973,1,0.891075,0.024897,0.108925,977.7461,1692,73,83,12,7771.8152,0.135551,0.264163,1,0,0,0,0.533333,0,0.533333,0,0,0,0.784939,0.849307,0.697664,0.783938,0.784939,v5-shortcut-control-v1
dataset-v5,v3,extraction-v2,ranking-aware-v5,seo_weighted_page_quality_v5,68.4211,80.6,ремонт квартир Самара,ремонт квартир,commercial,Самара,51,https://proremont-safe.ru/,proremont-safe.ru,7,0,,,homepage,ok,,..\dataset-v2\artifacts\query--3273ad90fc0fa99f.json,7a791dc4435cc6560206508cd49e2797eb14c43f,2500339,80.6,9600,60000,1600,1200,0.313555,6.5351,90,10.9727,1,1,10,12,18,1,62,1,183,0,0,0,31,2,1,0.666667,0.333333,10,0.666667,6,0.005507,1,80,18,40,11,3,54,18,180,20.429917,3.197726,12.790904,1.954166,0.019133,0.806183,1,1,48.947826,102,0.806183,0.537455,0.537455,0.444444,0.806183,0.8,0.872727,0.737931,0.183573,0.252783,0.806183,200,1,0,0,1,1,0,0,0,0,1,1,0,0,0,0,0,0,1,1,0.5,1,0.9,1,5,1,1,1,1,1,1,1,1,1,1,0,1,1,3,1,1,1,1,1,9,8,1,0.888889,0.962963,1,0.390176,1,1,0,1,1,0,0,0,0.2875,1,0.9595,1,0.916294,0.019133,0.083706,2275.8154,3511,139,136,18,6772.9797,0.09,0.23,1,0,0,0,0.533333,0,0.533333,0,0,0,0.878569,0.906373,0.773397,0.821069,0.878569,v5-shortcut-control-v1
dataset-v5,v3,extraction-v2,ranking-aware-v5,seo_weighted_page_quality_v5,63.1579,80.6,ремонт квартир Самара,ремонт квартир,commercial,Самара,51,https://remontoff-samara.ru/,remontoff-samara.ru,8,0,,,homepage,ok,,..\dataset-v2\artifacts\query--b7e71b0915675167.json,b999a03c69ce8958588f5b204d1ef2cc92e12186,565021,80.6,9600,60000,1600,1006,0.370807,6.0638,90,22.9915,36,1,10,12,18,1,51,1,138,1,1,3,105,3,4,1,1,18,1,22,0.038703,1,80,24,40,7,13,171,13.153846,18.972,63.029856,25.801696,55.657943,2.58017,0.042144,0.369125,1,1,15.865497,0.223776,0.369125,0.369125,0.369125,1,0.369125,1,0.927273,0.951724,0.709915,0.136874,0.369125,200,1,0,0,1,1,0,0,0,0,1,1,1,0,0,0,0,0,1,1,1,1,1,1,9,0,1,1,1,1,0,1,1,1,1,0,1,1,1,1,1,1,1,0.8,8,7,0.888889,0.777778,0.822222,1,0.450703,2,2,0,2,1,0,0,0,0.425,1,0.91,1,0.815618,0.042144,0.184382,473.6436,3203,38,38,70,9493.2804,0.161237,0.283428,1,0,0,0,0.533333,0,0.533333,0,0,0,0.709227,0.780201,0.595182,0.700838,0.709227,v5-shortcut-control-v1
dataset-v5,v3,extraction-v2,ranking-aware-v5,seo_weighted_page_quality_v5,57.8947,78.4,ремонт квартир Самара,ремонт квартир,commercial,Самара,51,https://remo63.ru/,remo63.ru,9,0,,,homepage,ok,,..\dataset-v2\artifacts\query--af27e7aa778a0447.json,842f0a387c63d8e7ea54ab9a0d74c2bd1079a11d,187216,78.4,9600,60000,1600,889,0.413296,6.1139,90,15.1479,36,1,10,12,18,1,70,1,232,0,0,0,76,2,2,0.666667,0.333333,10,0.666667,22,0.035332,1,80,15,40,8,9,28,3.111111,56.6053,75.313808,6.973501,60,3.7192,0.134702,0.690757,1,1,13.277778,0.868421,0.690757,0.460505,0.460505,0.444444,0.690757,0.8,0.727273,0.4,0.822253,0.285487,0.690757,200,1,0,0,1,1,0,0,0,0,1,1,1,0,0,0,0,0,1,1,1,1,1,1,1,1,1,1,0,1,1,1,1,1,1,0,1,1,12,0,1,1,1,0.8,8,8,0.888889,0.888889,0.859259,1,0.58302,0,0,0,0,0,0,0,0,0,1,0.96625,1,0.315714,0.134702,0.684286,126.8613,1271,9,3,15,3766.6725,0.692058,0.681543,1,0,0,0,0.533333,0,0.533333,0,0,0,0.803534,0.844324,0.733053,0.782534,0.803534,v5-shortcut-control-v1
dataset-v5,v3,extraction-v2,ranking-aware-v5,seo_weighted_page_quality_v5,52.6316,79.8,ремонт квартир Самара,ремонт квартир,commercial,Самара,51,https://um-samara.ru/,um-samara.ru,10,0,,,homepage,ok,,..\dataset-v2\artifacts\query--929f7b63aacc66a8.json,17f2a4ec4c384aee1ee9dc20a1ec0888a5b61045,1439224,79.8,9600,60000,1600,1133,0.187056,6.337,90,17.9733,36,2,10,12,18,1,49,1,136,0,1,2,120,2,7,0.666667,1,23,1,21,0.019812,1,80,24,40,24,82,1047,12.768293,7.4502,64.388311,8.750206,29.222387,12.712564,0.039351,0.657014,1,1,15.530769,0.110701,0.657014,0.438009,0.657014,0.666667,0.657014,0.883333,0.890909,0.937931,0.660393,0.122899,0.657014,200,1,0,0,1,1,0,0,0,0,1,1,1,0,0,0,0,0,1,1,1,1,1,1,15,1,1,1,1,1,1,1,1,1,1,0,0,1,16,1,1,1,1,1,8,8,0.888889,0.888889,0.925926,1,0.417415,2,2,0,2,1,0,0,0,0.425,1,0.91,1,0.82784,0.039351,0.17216,1188.1846,8642,56,33,53,13471.5622,0,0.1625,1,0,0,0,0.533333,0,0.533333,0,0,0,0.82495,0.874536,0.652259,0.805424,0.82495,v5-shortcut-control-v1
dataset-v5,v3,extraction-v2,ranking-aware-v5,seo_weighted_page_quality_v5,100.0,78.2,ремонт квартир Нижний Новгород,ремонт квартир,commercial,Нижний Новгород,47,https://nizhniy-novgorod.proff-remont.ru/,nizhniy-novgorod.proff-remont.ru,1,0,,,homepage,ok,,..\dataset-v2\artifacts\query--049d4d4f8487594f.json,45d7fb71dab7c551760505b5d597700154dfc10d,989462,78.2,9600,60000,1600,1200,0.305622,5.9186,90,12.9464,36,1,10,12,18,1,81,1,224,0,0,0,120,2,1,0.5,0.25,18,0.5,36,0.019111,1,80,24,40,1,6,57,9.5,165.2368,46.026437,18.474279,19.748368,0.159261,0.064029,0.474026,1,1,21.726644,0.842105,0.474026,0.237013,0.237013,0.25,0.474026,0.7,0.527273,0.455172,0.637044,0.144873,0.474026,200,1,0,0,1,1,0,0,0,0,1,1,1,0,0,0,0,0,1,1,1,1,1,1,10,1,1,1,1,1,1,1,1,1,1,0,1,1,21,1,1,1,1,1,9,8,1,0.888889,0.962963,1,0.452424,1,1,0,1,0,0,1,0,0.2375,1,0.91,1,0.60416,0.064029,0.39584,726.8887,4687,26,16,116,12110.6077,0.138473,0.266355,1,0,0,0,0.45,0,0.45,0,0,0,0.747927,0.816099,0.603234,0.698261,0.747927,v5-shortcut-control-v1
dataset-v5,v3,extraction-v2,ranking-aware-v5,seo_weighted_page_quality_v5,94.7368,72.7,ремонт квартир Нижний Новгород,ремонт квартир,commercial,Нижний Новгород,47,https://nn.korona-remont.ru/,nn.korona-remont.ru,2,0,,,homepage,ok,,..\dataset-v2\artifacts\query--a84e5643419b4953.json,0a4c2b9846fae6d9998328859755cc15551391d3,272120,72.7,9600,60000,1600,742,0.424242,5.677,90,17.6667,36,1,3,0,4,1,96,0,0,0,0,0,129,2,0,0.5,0,6,0.5,52,0.073756,1,80,24,40,4,4,33,8.25,19.0109,80,28,60,2.287021,0.060939,0.421818,1,1,6.752896,0.043478,0.421818,0.210909,0.210909,0.25,0.421818,0.7,0.254545,0,0,0.173883,0.421818,200,1,0,0,1,1,0,0,0,0,1,1,1,0,0,0,0,0,1,1,1,1,1,1,7,1,1,1,1,1,1,1,1,1,1,0,1,1,10,1,1,1,1,1,9,8,1,0.888889,0.962963,1,0.416238,0,0,0,0,0,0,0,0,0,1,0.91,1,0.694822,0.060939,0.305178,202.3916,1264,32,9,74,6407.5472,0.383029,0.449772,1,0,0,0,0.45,0,0.45,0,0,0,0.728936,0.802982,0.556881,0.680445,0.728936,v5-shortcut-control-v1
dataset-v5,v3,extraction-v2,ranking-aware-v5,seo_weighted_page_quality_v5,89.4737,75.7,ремонт квартир Нижний Новгород,ремонт квартир,commercial,Нижний Новгород,47,https://remo152.ru/,remo152.ru,3,0,,,homepage,ok,,..\dataset-v2\artifacts\query--d06755a08e614750.json,06b5d08ab1491e84d82e9016e355d288113c81be,185593,75.7,9600,60000,1600,856,0.401689,5.9897,90,15.7852,36,1,10,9,18,1,81,1,252,0,0,0,79,2,2,0.5,0.25,10,0.5,23,0.037072,1,80,15,40,8,9,28,3.111111,56.0789,76.020648,7.038949,60,3.754106,0.131847,0.53523,1,1,13.154321,0.868421,0.53523,0.267615,0.267615,0.25,0.53523,0.7,0.527273,0.262069,0.764273,0.214996,0.53523,200,1,0,0,1,1,0,0,0,0,1,1,1,0,0,0,0,0,1,1,1,1,1,1,1,1,1,1,0,1,1,1,1,1,1,0,1,1,12,0,1,1,1,0.8,8,8,0.888889,0.888889,0.859259,1,0.583126,0,0,0,0,0,0,0,0,0,1,0.96625,1,0.315714,0.131847,0.684286,126.0664,1268,9,3,15,3929.2158,0.692624,0.681968,1,0,0,0,0.45,0,0.45,0,0,0,0.73019,0.791477,0.638808,0.699147,0.73019,v5-shortcut-control-v1
dataset-v5,v3,extraction-v2,ranking-aware-v5,seo_weighted_page_quality_v5,84.2105,72.6,ремонт квартир Нижний Новгород,ремонт квартир,commercial,Нижний Новгород,47,https://uslugi.yandex.ru/47-nizhny-novgorod/category/remont-i-stroitelstvo/remont-kvartir-i-domov--1816,uslugi.yandex.ru,4,0,,,category,ok,,..\dataset-v2\artifacts\query--674f734a5a05a3fe.json,87c52b327648cafc35fec26cdd53814400d0f33f,2519180,72.6,8234,60000,1161,432,0.372093,5.9182,74,15.6892,1,0,0,5,5,1,134,1,196,0,0,0,96,2,2,0.5,0.5,0,0,7,0.082687,1,80,20,7,0,0,2,0,180,80,17.226529,6.029285,0,0.004081,0.548416,1,0.75,2.939241,5,0.548416,0.274208,0,0,0.424474,0.575,0,0.648276,0,0.13162,0.411312,200,1,0,0,1,1,0,0,0,0,1,1,1,0,0,4,0,0,1,0.6,1,1,0.92,1,4,1,1,1,1,1,1,1,1,1,1,1,1,0,0,1,1,1,1,1,8,9,0.888889,1,0.962963,1,0.465088,3,3,0,3,0,1,1,1,0.6625,1,0.955,1,0.982146,0.004081,0.017854,2255.8652,2218,63,26,20,11366.8478,0.083333,0.225,1,0,0,0,0.45,0,0.45,0,0,0,0.705684,0.785447,0.577893,0.648805,0.705684,v5-shortcut-control-v1
dataset-v5,v3,extraction-v2,ranking-aware-v5,seo_weighted_page_quality_v5,78.9474,25.8,ремонт квартир Нижний Новгород,ремонт квартир,commercial,Нижний Новгород,47,https://www.avito.ru/nizhniy_novgorod/predlozheniya_uslug?q=ремонт+квартир,avito.ru,5,0,,,content,ok,,..\dataset-v2\artifacts\query--1cacbf4cd2a21801.json,3584fb6574c1428eac3c19bfb0d423005c9b9620,34442,25.8,947,28943,133,90,0.676692,5.8421,12,11.0833,11,0,1,0,1,1,31,0,0,0,0,0,0,0,0,0,0,0,0,0,0,0,1,1,0,1,1,2,2,12.0909,7.518797,7.518797,0,7.518797,0.032719,0.154003,0,0.75,80,0.090909,0,0,0,0,0.013655,0,0.563636,0,0,0.0077,0.115502,429,0,0,0,0,0,0,0,0,0,0,1,1,0,0,2,1,1,1,0.7,1,0.35,0.61,1,1,0,0,0,0,1,0,0,0,1,0,0,0,1,1,1,0,1,1,0.4,2,3,0.222222,0.333333,0.318519,1,0.569567,0,0,0,0,0,0,0,0,0,1,0.879278,1,0.471138,0.032719,0.528862,29.1826,60,5,1,1,5466.0747,0.943504,0.870128,1,0,0,0,0.45,0,0.45,0,0,0,0.206511,0.238952,0.09075,0.235805,0.206511,v5-shortcut-control-v1
dataset-v5,v3,extraction-v2,ranking-aware-v5,seo_weighted_page_quality_v5,73.6842,68.9,ремонт квартир Нижний Новгород,ремонт квартир,commercial,Нижний Новгород,47,https://comfort52.ru/,comfort52.ru,6,0,,,homepage,ok,,..\dataset-v2\artifacts\query--1ce1b0317c09b7af.json,32bbf649fb8a4beae7df9634adc212a1da78a67a,1820372,68.9,9600,60000,1600,1200,0.327641,6.2113,90,15.3105,36,1,1,1,3,1,42,1,209,0,0,0,50,2,1,0.5,0.25,3,0.25,18,0.010672,1,47,24,40,15,13,188,14.461538,35.4924,10.032017,24.759872,13.874066,3.201708,0.021339,0.519811,1,1,80,0.022727,0.519811,0.259906,0.129953,0.125,0.519811,0.6375,0.763636,0.558621,0.355745,0.170312,0.519811,200,1,0,0,1,1,0,0,0,0,1,1,0,0,0,0,0,0,1,1,0.5,1,0.9,1,22,1,1,0,1,1,0,1,1,1,1,0,0,1,13,1,1,1,1,0.8,6,7,0.666667,0.777778,0.748148,1,0.291465,0,0,0,0,0,0,0,0,0,1,0.91,1,0.906641,0.021339,0.093359,1658.9863,3778,144,168,116,8754.0225,0,0.1625,1,0,0,0,0.45,0,0.45,0,0,0,0.666808,0.686704,0.50883,0.633065,0.666808,v5-shortcut-control-v1
dataset-v5,v3,extraction-v2,ranking-aware-v5,seo_weighted_page_quality_v5,68.4211,69.1,ремонт квартир Нижний Новгород,ремонт квартир,commercial,Нижний Новгород,47,https://max-dar.ru/,max-dar.ru,7,0,,,homepage,ok,,..\dataset-v2\artifacts\query--c8d19e22c265f58d.json,f4526ce6a9acbc5838a19eb4d22e3558a57cbae0,1502458,69.1,9600,60000,1600,1169,0.375281,6.6212,90,14.976,5,1,10,1,13,1,110,1,85,0,0,0,51,2,1,0.5,0.25,9,0.5,12,0.016372,1,80,21,40,13,0,0,0,180,33.707865,6.741573,27.608347,4.173355,0.018064,0.584239,1,0.5,29.666667,2.6,0.584239,0.292119,0.292119,0.25,0.584239,0.7,0,0.586207,0.545746,0.219254,0.292119,200,1,0,0,1,1,0,0,0,0,1,1,0,0,0,0,0,0,1,1,0.5,1,0.9,1,4,1,1,1,0,1,0,0,1,1,0,0,0,1,9,1,1,1,1,1,5,7,0.555556,0.777778,0.777778,1,0.31357,0,0,0,0,0,0,0,0,0,1,0.95275,1,0.920968,0.018064,0.079032,1367.1475,4571,123,111,21,12144.6735,0.08,0.2225,1,0,0,0,0.45,0,0.45,0,0,0,0.65224,0.755836,0.592817,0.647358,0.65224,v5-shortcut-control-v1
dataset-v5,v3,extraction-v2,ranking-aware-v5,seo_weighted_page_quality_v5,63.1579,75.3,ремонт квартир Нижний Новгород,ремонт квартир,commercial,Нижний Новгород,47,https://remontstroynn.ru/,remontstroynn.ru,8,0,,,homepage,ok,,..\dataset-v2\artifacts\query--977b823201d26df3.json,81280c29f4a31ae86d3d6dbc534fda42377160f4,240815,75.3,9600,60000,1600,1099,0.464105,5.9865,90,17.5407,36,2,10,12,18,1,52,1,132,0,0,0,52,2,3,0.5,0.5,16,0.5,8,0.021959,1,80,24,40,0,4,67,16.75,33.8286,80,28,35.050676,0,0.114876,0.247935,1,1,10.524444,0.914286,0.247935,0.123967,0.123967,0.25,0.247935,0.7,0.945455,0.910345,0.731982,0.115068,0.247935,200,1,0,0,1,1,1,0,0,0,1,1,1,0,0,0,0,0,1,1,1,1,1,1,3,1,1,1,1,1,1,1,1,1,1,1,1,1,8,1,1,1,1,1,9,9,1,1,1,1,0.664483,1,4,0,5,1,0,0,0,0.75,1,0.91,1,0.47,0.114876,0.53,159.5547,1556,21,11,210,8768.2454,0.407242,0.467931,1,0,0,0,0.45,0,0.45,0,0,0,0.665686,0.759294,0.499329,0.621108,0.665686,v5-shortcut-control-v1
dataset-v5,v3,extraction-v2,ranking-aware-v5,seo_weighted_page_quality_v5,57.8947,67.4,ремонт квартир Нижний Новгород,ремонт квартир,commercial,Нижний Новгород,47,https://profi.ru/geo-nnov/remont/remont-kvartir/,profi.ru,9,0,,,content,ok,,..\dataset-v2\artifacts\query--ac08512299caa104.json,241fd1bfcffcdd084db7194173cfa98eb6f665bb,1241326,67.4,9600,60000,1600,1200,0.299218,5.7557,90,9.475,36,1,7,12,18,1,97,1,284,0,0,0,288,2,2,0.5,0.5,4,0.5,16,0.045984,1,80,24,27,0,0,1,0,11.6847,45.665017,16.765129,4.311033,0,0.043947,0.315315,1,0.75,21.898601,0.070896,0.315315,0.157658,0.157658,0.25,0.315315,0.7,0.236364,0.041379,0.467188,0.094348,0.236486,200,1,0,0,1,1,0,0,0,0,1,1,1,1,1,3,0,0,1,0.7,1,1,0.94,1,3,0,1,1,1,1,0,1,1,1,1,1,1,1,20,1,1,1,1,0.8,8,8,0.888889,0.888889,0.859259,1,0.481817,1,3,0,3,0,1,0,1,0.6625,1,0.91,1,0.807733,0.043947,0.192267,1057.499,4442,52,16,105,11340.6798,0,0.1625,1,0,0,0,0.45,0,0.45,0,0,0,0.625516,0.718942,0.521793,0.599386,0.625516,v5-shortcut-control-v1
dataset-v5,v3,extraction-v2,ranking-aware-v5,seo_weighted_page_quality_v5,52.6316,71.5,ремонт квартир Нижний Новгород,ремонт квартир,commercial,Нижний Новгород,47,https://tpk-nn.com/services/remont/remont-kvartir/,tpk-nn.com,10,0,,,category,ok,,..\dataset-v2\artifacts\query--bb1b42ab1ad4483b.json,a7e5fd78a71d08f9ac23ce90e409f0b0fbd47c2f,82503,71.5,5364,53222,747,381,0.51004,6.0174,40,18.675,25,1,5,0,6,1,65,1,194,0,0,0,37,4,3,1,0.75,6,1,19,0.049531,1,50,8,40,0,2,18,9,29.88,66.934404,10.709505,56.2249,0,0.100785,0.620358,1,1,14.94,0.24,0.620358,0.620358,0.620358,1,0.308938,1,0.818182,0.662069,0.348951,0.131309,0.620358,200,1,0,0,0,0,1,0,0,0,1,1,1,0,0,3,0,0,1,0.7,1,0.75,0.89,1,3,1,1,1,0,1,0,1,1,1,1,0,0,1,6,0,1,1,1,0.8,6,8,0.666667,0.888889,0.785185,1,0.622033,1,1,0,1,1,0,0,0,0.2875,1,0.982,1,0.495714,0.100785,0.504286,57.0811,467,23,4,8,7407.6496,0.735793,0.714345,1,0,0,0,0.45,0,0.45,0,0,0,0.760017,0.817727,0.601804,0.764783,0.760017,v5-shortcut-control-v1
dataset-v5,v3,extraction-v2,ranking-aware-v5,seo_weighted_page_quality_v5,100.0,76.7,ремонт квартир цена Москва,ремонт квартир,commercial,Москва,213,https://titanremont.ru/price,titanremont.ru,1,0,,,content,ok,,..\dataset-v2\artifacts\query--3ac5209ac7214fa8.json,69aec03b366e2085c4846f32074b959724f407e0,281379,76.7,9600,60000,1600,852,0.334118,5.38,90,17.3469,36,1,3,4,8,1,97,1,120,0,0,0,34,2,2,0.5,0.5,6,0.5,15,0.013333,1,80,24,40,0,10,296,29.6,55.4348,80,14.117647,45.490196,0,0.110206,0.765262,1,1,5,0.173913,0.765262,0.382631,0.382631,0.25,0.765262,0.7,0.236364,0.827586,0.444444,0.255688,0.765262,200,1,0,0,1,1,0,0,0,0,1,1,1,0,0,1,0,0,1,0.9,1,1,0.98,1,3,1,1,1,1,1,0,1,0,1,1,0,1,1,15,1,1,1,1,1,8,7,0.888889,0.777778,0.888889,1,0.487801,0,0,0,0,0,0,0,0,0,1,0.919,1,0.444286,0.110206,0.555714,169.4844,3549,19,11,36,13924.0469,0.41865,0.476488,0,1,0,0,0.2,1,0.7,0.5,0,0,0.832214,0.875122,0.744118,0.782696,0.875122,v5-shortcut-control-v1
dataset-v5,v3,extraction-v2,ranking-aware-v5,seo_weighted_page_quality_v5,94.7368,69.0,ремонт квартир цена Москва,ремонт квартир,commercial,Москва,213,https://www.remontprofi.ru/remont-kvartir-pod-klyuch/,remontprofi.ru,2,0,,,content,ok,,..\dataset-v2\artifacts\query--598f46f671c76702.json,075495559a08a04e8ffd1e38a76c12e0e3966d8d,321749,69.0,9600,60000,1600,1180,0.422182,5.9925,90,13.0607,36,1,7,10,18,1,78,1,199,0,0,0,63,2,2,0.5,0.5,8,0.5,12,0.02254,0.75,80,24,40,10,5,39,7.8,46.5833,80,28,60,3.577818,0.102165,0.605183,1,1,7.075949,0.3,0.453887,0.302592,0.302592,0.25,0.605183,0.6625,0.581818,0.627586,0.563506,0.255498,0.605183,200,1,0,0,0,0,1,0,0,0,1,1,1,0,0,1,0,0,1,0.9,1,0.75,0.93,1,4,1,1,1,1,1,0,1,1,1,1,1,1,1,13,1,1,1,1,1,8,9,0.888889,1,0.962963,1,0.472247,1,1,0,1,0,1,0,0,0.2875,1,0.91,1,0.65,0.102165,0.35,209.4014,2720,77,44,112,13941.1098,0.238652,0.341489,0,1,0,0,0.2,1,0.7,0.5,0,0,0.726965,0.80218,0.626039,0.68233,0.80218,v5-shortcut-control-v1
dataset-v5,v3,extraction-v2,ranking-aware-v5,seo_weighted_page_quality_v5,89.4737,76.5,ремонт квартир цена Москва,ремонт квартир,commercial,Москва,213,https://remont-f.ru/remont-kvartir-pod-kluch/price.php,remont-f.ru,3,0,,,content,ok,,..\dataset-v2\artifacts\query--bc344fe73a756aef.json,e1f4199b8d7b960547a2d5a8dce2798d88734b8c,422407,76.5,9600,60000,1600,1200,0.265975,5.2202,90,6.75,18,1,2,8,11,1,95,1,197,0,0,0,63,2,3,0.5,0.5,4,0.5,10,0.012821,1,80,19,40,1,8,392,49,180,32.560033,3.866504,25.641026,0.2035,0.114059,0.761147,1,1,30.7125,0.611111,0.761147,0.380574,0.380574,0.25,0.761147,0.7,0.272727,0.641379,0.42735,0.202446,0.761147,200,1,0,0,1,1,0,0,0,0,1,1,1,0,0,2,0,0,1,0.8,1,1,0.96,1,2,1,1,1,1,1,0,1,1,1,1,0,1,1,11,1,1,1,1,1,8,8,0.888889,0.888889,0.925926,1,0.50853,0,0,0,0,0,0,0,0,0,1,0.95725,1,0.457143,0.114059,0.542857,305.5869,4403,20,4,19,4776.1329,0.495354,0.534015,0,1,0,0,0.2,1,0.7,0.5,0,0,0.829067,0.872438,0.734253,0.776342,0.872438,v5-shortcut-control-v1
dataset-v5,v3,extraction-v2,ranking-aware-v5,seo_weighted_page_quality_v5,84.2105,77.2,ремонт квартир цена Москва,ремонт квартир,commercial,Москва,213,https://r-total.ru/prays-list/,r-total.ru,4,0,,,content,ok,,..\dataset-v2\artifacts\query--30575c2013d21ce0.json,6f387ba45399a70e0f67fbd52ab801ae00418184,334725,77.2,9600,60000,1600,699,0.425182,5.635,39,38,26,1,8,8,17,1,102,1,227,0,0,0,56,3,2,0.75,0.25,5,0.75,30,0.034063,1,70,5,40,3,4,27,6.75,63.2308,42.579075,3.041363,26.76399,1.824818,0.038759,0.849862,1,1,23.485714,0.653846,0.849862,0.637397,0.637397,0.5625,0.849862,0.85,0.145455,0.434483,0.864558,0.33003,0.849862,200,1,0,0,1,1,0,0,0,0,1,1,1,0,0,1,0,0,1,0.9,1,1,0.98,1,4,0,1,1,0,1,0,1,1,1,1,0,1,1,3,1,1,1,1,0.8,7,7,0.777778,0.777778,0.785185,1,0.455453,0,0,0,0,0,0,0,0,0,1,0.98875,1,0.714714,0.038759,0.285286,291.0527,1194,26,11,5,5851.5347,0.513701,0.547776,0,1,0,0,0.2,1,0.7,0.5,0,0,0.850829,0.879719,0.818421,0.84509,0.879719,v5-shortcut-control-v1
dataset-v5,v3,extraction-v2,ranking-aware-v5,seo_weighted_page_quality_v5,52.6316,18.7,ремонт квартир цена Москва,ремонт квартир,commercial,Москва,213,https://studia-remontov.ru/,studia-remontov.ru,10,0,,,homepage,ok,,..\dataset-v2\artifacts\query--18f6b778de83d3b6.json,9571c0ed8541095d307895a9558a651155d4b00b,17442,18.7,82,14507,11,11,1,6.4545,1,11,3,0,1,0,1,0,0,0,0,0,0,0,0,0,0,0,0,0,0,0,0,0,1,0,0,0,0,0,0,3.6667,80,0,0,0,0.005652,0.013113,0,0,11,0.333333,0,0,0,0,0.000096,0,0,0,0,0.00008,0,200,1,0,0,0,0,1,1,1,0,0,1,0,0,0,0,0,0,1,1,0.5,0.75,0.65,0,0,0,0,0,0,1,0,0,0,1,0,0,0,0,0,0,0,0,0,0,0,1,0,0.111111,0.037037,1,0.517145,0,0,0,0,0,0,0,0,0,1,0.761389,1,0.563842,0.005652,0.436158,14.4883,52,3,3,0,13965.5279,0.94471,0.871032,0,1,0,0,0.2,1,0.7,0.5,0,0,0.05569,0.055002,0.069047,0.162481,0.055002,v5-shortcut-control-v1
dataset-v5,v3,extraction-v2,ranking-aware-v5,seo_weighted_page_quality_v5,100.0,72.0,ремонт квартир цена Санкт-Петербург,ремонт квартир,commercial,Санкт-Петербург,2,https://remont.spb.ru/,remont.spb.ru,1,0,,,homepage,ok,,..\dataset-v2\artifacts\query--6e65d5a5df8dfc5d.json,630ce9da7e34b8b9bdfaeb4145463f47f4fa3b0f,774535,72.0,9600,60000,1600,1200,0.288388,5.6523,90,10.2193,36,1,10,0,17,1,68,1,225,0,0,0,144,3,4,0.6,0.6,6,0.6,27,0.021914,0.8,80,24,40,24,10,122,12.2,22.9755,77.005022,28,43.068026,31.197687,0.082414,0.458503,1,1,12.986166,0.059441,0.366802,0.275102,0.275102,0.36,0.458503,0.73,0.763636,0.448276,0.584386,0.132227,0.458503,200,1,0,0,0,0,0,0,0,0,1,1,1,0,0,0,0,0,1,1,1,0.75,0.95,1,10,0,1,1,1,1,1,1,1,1,1,1,0,1,19,1,1,1,1,0.8,8,8,0.888889,0.888889,0.859259,1,0.683265,4,4,0,4,1,1,0,0,0.85,1,0.91,1,0.431429,0.082414,0.568571,574.252,5682,18,6,502,10436.5193,0.322655,0.404491,0,1,0,0,0.2,1,0.6,0.4,0,0,0.675634,0.754091,0.508181,0.64995,0.754091,v5-shortcut-control-v1
dataset-v5,v3,extraction-v2,ranking-aware-v5,seo_weighted_page_quality_v5,78.9474,70.4,ремонт квартир цена Санкт-Петербург,ремонт квартир,commercial,Санкт-Петербург,2,https://www.prorabneva.ru/price,prorabneva.ru,5,0,,,content,ok,,..\dataset-v2\artifacts\query--63fb7f9c6e8e4f49.json,e427c5d7f16d06d8a94b36008c9d7196a5bc1f66,662061,70.4,9600,60000,1600,1200,0.229924,5.4022,90,6.5124,27,1,4,3,8,1,63,1,208,0,0,0,63,2,2,0.4,0.4,6,0.4,31,0.008546,1,80,24,40,8,3,25,8.333333,180,15.056972,4.069452,26.994031,1.085187,0.096776,0.775331,1,1,66.414414,0.296296,0.775331,0.310132,0.310132,0.16,0.775331,0.64,0.854545,0.565517,0.284862,0.178267,0.775331,200,1,0,0,0,0,0,0,0,0,1,1,1,0,0,1,0,0,1,0.9,1,0.75,0.93,1,4,1,1,1,1,1,1,1,1,1,1,0,1,1,3,1,1,1,1,1,9,8,1,0.888889,0.962963,1,0.472989,1,1,0,1,1,0,0,0,0.2875,1,0.9325,1,0.65,0.096776,0.35,532.9727,4482,38,14,30,12881.8273,0.212606,0.321955,0,1,0,0,0.2,1,0.6,0.4,0,0,0.841118,0.877193,0.724537,0.763856,0.877193,v5-shortcut-control-v1
dataset-v5,v3,extraction-v2,ranking-aware-v5,seo_weighted_page_quality_v5,57.8947,78.4,ремонт квартир цена Санкт-Петербург,ремонт квартир,commercial,Санкт-Петербург,2,https://spb.proff-remont.ru/ceny/,spb.proff-remont.ru,9,0,,,content,ok,,..\dataset-v2\artifacts\query--e6a4b11de63a4b67.json,c6e4ccdaf780d459b17f87be76e82faae54ed500,716199,78.4,9600,60000,1600,1200,0.297261,5.8292,90,12.4014,36,2,10,12,18,1,64,1,228,0,0,0,119,3,3,0.6,0.6,19,0.6,38,0.022793,1,80,24,40,1,5,50,10,130.525,49.607355,14.748133,22.4095,0.191534,0.077241,0.727547,1,1,20.158301,0.65,0.727547,0.436528,0.436528,0.36,0.727547,0.76,0.836364,0.427586,0.759752,0.216271,0.727547,200,1,0,0,1,1,0,0,0,0,1,1,1,0,0,1,0,0,1,0.9,1,1,0.98,1,8,1,1,1,1,1,1,1,1,1,1,0,1,1,19,1,1,1,1,1,9,8,1,0.888889,0.962963,1,0.509398,2,2,0,2,0,0,1,1,0.375,1,0.91,1,0.559213,0.077241,0.440787,500.5273,4187,27,16,77,7090.8926,0.199075,0.311806,0,1,0,0,0.2,1,0.6,0.4,0,0,0.848806,0.886657,0.732962,0.798758,0.886657,v5-shortcut-control-v1
