query,url,page_target_score,ranking_target_score,critical_search_score,rank_prior_score,quality_band,d50_focus_query,label_source,labeler,notes
натяжные потолки Москва,https://www.potolkoff.ru/,72.0,77.8225,67.8833,100.0,medium,False,seo_weighted_page_quality_v5,d51_query_preference_rubric_v1,deterministic_expert_rubric=true; human_label=false; page_score_carried_from_dataset_v4=true; ranking_target_used_for_preferences=true
натяжные потолки Москва,https://rumexpert.ru/,81.9,84.7161,84.4206,92.5,medium,False,seo_weighted_page_quality_v5,d51_query_preference_rubric_v1,deterministic_expert_rubric=true; human_label=false; page_score_carried_from_dataset_v4=true; ranking_target_used_for_preferences=true
натяжные потолки Москва,https://100potolkov.ru/,69.0,72.5125,67.8833,85.0,medium,False,seo_weighted_page_quality_v5,d51_query_preference_rubric_v1,deterministic_expert_rubric=true; human_label=false; page_score_carried_from_dataset_v4=true; ranking_target_used_for_preferences=true
натяжные потолки Москва,https://potolki-nova.ru/,64.4,67.7861,66.8875,77.5,low,False,seo_weighted_page_quality_v5,d51_query_preference_rubric_v1,deterministic_expert_rubric=true; human_label=false; page_score_carried_from_dataset_v4=true; ranking_target_used_for_preferences=true
натяжные потолки Москва,https://masterpotolkov.com/,70.5,71.4682,77.7214,70.0,medium,False,seo_weighted_page_quality_v5,d51_query_preference_rubric_v1,deterministic_expert_rubric=true; human_label=false; page_score_carried_from_dataset_v4=true; ranking_target_used_for_preferences=true
натяжные потолки Москва,https://7nebo-nf.ru/,80.0,76.4342,83.0615,62.5,medium,False,seo_weighted_page_quality_v5,d51_query_preference_rubric_v1,deterministic_expert_rubric=true; human_label=false; page_score_carried_from_dataset_v4=true; ranking_target_used_for_preferences=true
натяжные потолки Москва,https://potolok24moscow.ru/,65.9,63.1716,64.4241,55.0,medium,False,seo_weighted_page_quality_v5,d51_query_preference_rubric_v1,deterministic_expert_rubric=true; human_label=false; page_score_carried_from_dataset_v4=true; ranking_target_used_for_preferences=true
натяжные потолки Москва,https://remexp.ru/,76.2,69.4622,75.2879,47.5,medium,False,seo_weighted_page_quality_v5,d51_query_preference_rubric_v1,deterministic_expert_rubric=true; human_label=false; page_score_carried_from_dataset_v4=true; ranking_target_used_for_preferences=true
натяжные потолки Москва,https://master-bobr.ru/,71.7,65.8976,81.6239,40.0,medium,False,seo_weighted_page_quality_v5,d51_query_preference_rubric_v1,deterministic_expert_rubric=true; human_label=false; page_score_carried_from_dataset_v4=true; ranking_target_used_for_preferences=true
натяжные потолки Москва,https://star-potolok.ru/,76.5,66.838,79.5536,32.5,medium,False,seo_weighted_page_quality_v5,d51_query_preference_rubric_v1,deterministic_expert_rubric=true; human_label=false; page_score_carried_from_dataset_v4=true; ranking_target_used_for_preferences=true
натяжные потолки Санкт-Петербург,https://potolok-peter.ru/,73.9,79.5328,71.4321,100.0,medium,False,seo_weighted_page_quality_v5,d51_query_preference_rubric_v1,deterministic_expert_rubric=true; human_label=false; page_score_carried_from_dataset_v4=true; ranking_target_used_for_preferences=true
натяжные потолки Санкт-Петербург,https://evita-potolki.ru/,78.7,81.8077,78.2582,92.5,medium,False,seo_weighted_page_quality_v5,d51_query_preference_rubric_v1,deterministic_expert_rubric=true; human_label=false; page_score_carried_from_dataset_v4=true; ranking_target_used_for_preferences=true
натяжные потолки Санкт-Петербург,https://spbpotolok.com/,69.6,74.1722,76.4682,85.0,medium,False,seo_weighted_page_quality_v5,d51_query_preference_rubric_v1,deterministic_expert_rubric=true; human_label=false; page_score_carried_from_dataset_v4=true; ranking_target_used_for_preferences=true
натяжные потолки Санкт-Петербург,https://potolki-sankt-peterburg.ru/,71.1,72.4461,70.2605,77.5,medium,False,seo_weighted_page_quality_v5,d51_query_preference_rubric_v1,deterministic_expert_rubric=true; human_label=false; page_score_carried_from_dataset_v4=true; ranking_target_used_for_preferences=true
натяжные потолки Санкт-Петербург,https://potolkilider.ru/,76.5,75.4634,79.5561,70.0,medium,False,seo_weighted_page_quality_v5,d51_query_preference_rubric_v1,deterministic_expert_rubric=true; human_label=false; page_score_carried_from_dataset_v4=true; ranking_target_used_for_preferences=true
натяжные потолки Санкт-Петербург,https://master-plus.spb.ru/natyazhnye-potolki/,62.1,63.3582,69.8746,62.5,low,False,seo_weighted_page_quality_v5,d51_query_preference_rubric_v1,deterministic_expert_rubric=true; human_label=false; page_score_carried_from_dataset_v4=true; ranking_target_used_for_preferences=true
натяжные потолки Санкт-Петербург,https://potolki-spb.ru/,75.8,71.5877,79.611,55.0,medium,False,seo_weighted_page_quality_v5,d51_query_preference_rubric_v1,deterministic_expert_rubric=true; human_label=false; page_score_carried_from_dataset_v4=true; ranking_target_used_for_preferences=true
натяжные потолки Санкт-Петербург,https://tuspb.ru/,69.6,66.096,80.1268,47.5,medium,False,seo_weighted_page_quality_v5,d51_query_preference_rubric_v1,deterministic_expert_rubric=true; human_label=false; page_score_carried_from_dataset_v4=true; ranking_target_used_for_preferences=true
натяжные потолки Санкт-Петербург,https://markakachestva.ru/amenities/3782-luchshie-firmy-natjazhnyh-potolkov-v-sankt-peterburge.html,67.2,62.0014,74.2497,40.0,medium,False,seo_weighted_page_quality_v5,d51_query_preference_rubric_v1,deterministic_expert_rubric=true; human_label=false; page_score_carried_from_dataset_v4=true; ranking_target_used_for_preferences=true
натяжные потолки Санкт-Петербург,https://metrpotolok.ru/,70.0,61.9079,73.553,32.5,medium,False,seo_weighted_page_quality_v5,d51_query_preference_rubric_v1,deterministic_expert_rubric=true; human_label=false; page_score_carried_from_dataset_v4=true; ranking_target_used_for_preferences=true
натяжные потолки Екатеринбург,https://ekat.steklodom.com/ceiling/,66.1,75.1271,74.3006,100.0,medium,False,seo_weighted_page_quality_v5,d51_query_preference_rubric_v1,deterministic_expert_rubric=true; human_label=false; page_score_carried_from_dataset_v4=true; ranking_target_used_for_preferences=true
натяжные потолки Екатеринбург,https://markakachestva.ru/amenities/9043-luchshie-firmy-natjazhnyh-potolkov-v-ekaterinburge-rejting.html,62.2,69.1429,62.0259,92.5,low,False,seo_weighted_page_quality_v5,d51_query_preference_rubric_v1,deterministic_expert_rubric=true; human_label=false; page_score_carried_from_dataset_v4=true; ranking_target_used_for_preferences=true
натяжные потолки Екатеринбург,https://luxpotolok.pro/,80.6,81.8023,81.8689,85.0,medium,False,seo_weighted_page_quality_v5,d51_query_preference_rubric_v1,deterministic_expert_rubric=true; human_label=false; page_score_carried_from_dataset_v4=true; ranking_target_used_for_preferences=true
натяжные потолки Екатеринбург,https://natyazhniepotolkiekb.ru/,78.9,78.9331,81.2674,77.5,medium,False,seo_weighted_page_quality_v5,d51_query_preference_rubric_v1,deterministic_expert_rubric=true; human_label=false; page_score_carried_from_dataset_v4=true; ranking_target_used_for_preferences=true
натяжные потолки Екатеринбург,https://ekapotolok.ru/,68.1,69.3447,73.4849,70.0,medium,False,seo_weighted_page_quality_v5,d51_query_preference_rubric_v1,deterministic_expert_rubric=true; human_label=false; page_score_carried_from_dataset_v4=true; ranking_target_used_for_preferences=true
натяжные потолки Екатеринбург,https://vipceiling.ru/ekb/,68.1,67.9839,75.9125,62.5,medium,False,seo_weighted_page_quality_v5,d51_query_preference_rubric_v1,deterministic_expert_rubric=true; human_label=false; page_score_carried_from_dataset_v4=true; ranking_target_used_for_preferences=true
натяжные потолки Екатеринбург,https://potolokmt.ru/,71.4,68.6345,78.1103,55.0,medium,False,seo_weighted_page_quality_v5,d51_query_preference_rubric_v1,deterministic_expert_rubric=true; human_label=false; page_score_carried_from_dataset_v4=true; ranking_target_used_for_preferences=true
натяжные потолки Екатеринбург,https://tehnos24.ru/,65.5,60.1018,68.6123,40.0,medium,False,seo_weighted_page_quality_v5,d51_query_preference_rubric_v1,deterministic_expert_rubric=true; human_label=false; page_score_carried_from_dataset_v4=true; ranking_target_used_for_preferences=true
натяжные потолки Екатеринбург,https://potolok-eka.ru/,72.9,64.5461,79.1539,32.5,medium,False,seo_weighted_page_quality_v5,d51_query_preference_rubric_v1,deterministic_expert_rubric=true; human_label=false; page_score_carried_from_dataset_v4=true; ranking_target_used_for_preferences=true
натяжные потолки Новосибирск,https://sibirpotolki.ru/,77.2,83.0726,81.3907,100.0,medium,True,seo_weighted_page_quality_v5,d51_query_preference_rubric_v1,deterministic_expert_rubric=true; human_label=false; page_score_carried_from_dataset_v4=true; ranking_target_used_for_preferences=true
натяжные потолки Новосибирск,https://vipceiling.ru/nsk/,68.2,74.7054,74.3096,92.5,medium,True,seo_weighted_page_quality_v5,d51_query_preference_rubric_v1,deterministic_expert_rubric=true; human_label=false; page_score_carried_from_dataset_v4=true; ranking_target_used_for_preferences=true
натяжные потолки Новосибирск,https://новосибирск.натяжные-потолки24.рф/,74.3,77.3446,78.1906,85.0,medium,True,seo_weighted_page_quality_v5,d51_query_preference_rubric_v1,deterministic_expert_rubric=true; human_label=false; page_score_carried_from_dataset_v4=true; ranking_target_used_for_preferences=true
натяжные потолки Новосибирск,https://mirpotolkov-54.ru/,82.0,81.1712,83.3747,77.5,medium,True,seo_weighted_page_quality_v5,d51_query_preference_rubric_v1,deterministic_expert_rubric=true; human_label=false; page_score_carried_from_dataset_v4=true; ranking_target_used_for_preferences=true
натяжные потолки Новосибирск,https://alansa.ru/,83.9,80.5316,82.7576,70.0,medium,True,seo_weighted_page_quality_v5,d51_query_preference_rubric_v1,deterministic_expert_rubric=true; human_label=false; page_score_carried_from_dataset_v4=true; ranking_target_used_for_preferences=true
натяжные потолки Новосибирск,https://averno.ru/,74.0,71.5679,75.4192,62.5,medium,True,seo_weighted_page_quality_v5,d51_query_preference_rubric_v1,deterministic_expert_rubric=true; human_label=false; page_score_carried_from_dataset_v4=true; ranking_target_used_for_preferences=true
натяжные потолки Новосибирск,https://nskpotolki.ru/,77.6,72.5181,78.3743,55.0,medium,True,seo_weighted_page_quality_v5,d51_query_preference_rubric_v1,deterministic_expert_rubric=true; human_label=false; page_score_carried_from_dataset_v4=true; ranking_target_used_for_preferences=true
натяжные потолки Новосибирск,https://www.avanta-nsk.ru/,67.9,65.0273,80.0284,47.5,medium,True,seo_weighted_page_quality_v5,d51_query_preference_rubric_v1,deterministic_expert_rubric=true; human_label=false; page_score_carried_from_dataset_v4=true; ranking_target_used_for_preferences=true
натяжные потолки Новосибирск,https://milana-novosib.ru/,75.0,67.5911,79.2737,40.0,medium,True,seo_weighted_page_quality_v5,d51_query_preference_rubric_v1,deterministic_expert_rubric=true; human_label=false; page_score_carried_from_dataset_v4=true; ranking_target_used_for_preferences=true
натяжные потолки Новосибирск,https://potolok-v-novosibirske.ru/,59.4,54.7492,69.6413,32.5,low,True,seo_weighted_page_quality_v5,d51_query_preference_rubric_v1,deterministic_expert_rubric=true; human_label=false; page_score_carried_from_dataset_v4=true; ranking_target_used_for_preferences=true
натяжные потолки Казань,https://kazan-potolki.ru/,76.7,81.7174,74.4229,100.0,medium,False,seo_weighted_page_quality_v5,d51_query_preference_rubric_v1,deterministic_expert_rubric=true; human_label=false; page_score_carried_from_dataset_v4=true; ranking_target_used_for_preferences=true
натяжные потолки Казань,https://www.potolki-servis.ru/,67.2,73.7389,71.9992,92.5,medium,False,seo_weighted_page_quality_v5,d51_query_preference_rubric_v1,deterministic_expert_rubric=true; human_label=false; page_score_carried_from_dataset_v4=true; ranking_target_used_for_preferences=true
натяжные потолки Казань,https://kazan.natpotolok.ru/,79.7,81.0211,80.3809,85.0,medium,False,seo_weighted_page_quality_v5,d51_query_preference_rubric_v1,deterministic_expert_rubric=true; human_label=false; page_score_carried_from_dataset_v4=true; ranking_target_used_for_preferences=true
натяжные потолки Казань,https://potolki-real.ru/,74.3,75.1763,75.2355,77.5,medium,False,seo_weighted_page_quality_v5,d51_query_preference_rubric_v1,deterministic_expert_rubric=true; human_label=false; page_score_carried_from_dataset_v4=true; ranking_target_used_for_preferences=true
натяжные потолки Казань,https://kazanpotolok.ru/,70.8,71.3984,76.0161,70.0,medium,False,seo_weighted_page_quality_v5,d51_query_preference_rubric_v1,deterministic_expert_rubric=true; human_label=false; page_score_carried_from_dataset_v4=true; ranking_target_used_for_preferences=true
натяжные потолки Казань,https://kazan.potolki-natyazhniye.ru/,71.3,69.4573,72.5084,62.5,medium,False,seo_weighted_page_quality_v5,d51_query_preference_rubric_v1,deterministic_expert_rubric=true; human_label=false; page_score_carried_from_dataset_v4=true; ranking_target_used_for_preferences=true
натяжные потолки Казань,https://kazan.otproffi-potolki.ru/,70.2,66.8852,71.4081,55.0,medium,False,seo_weighted_page_quality_v5,d51_query_preference_rubric_v1,deterministic_expert_rubric=true; human_label=false; page_score_carried_from_dataset_v4=true; ranking_target_used_for_preferences=true
натяжные потолки Казань,https://rtpotolki.ru/,69.2,65.1553,75.5088,47.5,medium,False,seo_weighted_page_quality_v5,d51_query_preference_rubric_v1,deterministic_expert_rubric=true; human_label=false; page_score_carried_from_dataset_v4=true; ranking_target_used_for_preferences=true
натяжные потолки Казань,https://kazan.potolok-montaz.ru/,75.8,68.186,79.9335,40.0,medium,False,seo_weighted_page_quality_v5,d51_query_preference_rubric_v1,deterministic_expert_rubric=true; human_label=false; page_score_carried_from_dataset_v4=true; ranking_target_used_for_preferences=true
натяжные потолки Казань,https://woodceilings.ru/,60.9,54.7196,63.2439,32.5,low,False,seo_weighted_page_quality_v5,d51_query_preference_rubric_v1,deterministic_expert_rubric=true; human_label=false; page_score_carried_from_dataset_v4=true; ranking_target_used_for_preferences=true
натяжные потолки Краснодар,https://potolki-93.ru/ceny,60.1,70.7817,70.1314,100.0,low,False,seo_weighted_page_quality_v5,d51_query_preference_rubric_v1,deterministic_expert_rubric=true; human_label=false; page_score_carried_from_dataset_v4=true; ranking_target_used_for_preferences=true
натяжные потолки Краснодар,https://potolkito.ru/,75.4,79.4791,76.3739,92.5,medium,False,seo_weighted_page_quality_v5,d51_query_preference_rubric_v1,deterministic_expert_rubric=true; human_label=false; page_score_carried_from_dataset_v4=true; ranking_target_used_for_preferences=true
натяжные потолки Краснодар,https://o-potolki.ru/krasnodar,69.1,74.7271,82.2342,85.0,medium,False,seo_weighted_page_quality_v5,d51_query_preference_rubric_v1,deterministic_expert_rubric=true; human_label=false; page_score_carried_from_dataset_v4=true; ranking_target_used_for_preferences=true
натяжные потолки Краснодар,https://ka-potolki.ru/,65.3,69.1525,72.2766,77.5,medium,False,seo_weighted_page_quality_v5,d51_query_preference_rubric_v1,deterministic_expert_rubric=true; human_label=false; page_score_carried_from_dataset_v4=true; ranking_target_used_for_preferences=true
натяжные потолки Краснодар,https://potolki-ts.ru/krasnodar,67.7,69.2524,74.5227,70.0,medium,False,seo_weighted_page_quality_v5,d51_query_preference_rubric_v1,deterministic_expert_rubric=true; human_label=false; page_score_carried_from_dataset_v4=true; ranking_target_used_for_preferences=true
натяжные потолки Краснодар,http://potolki-kuban.ru/,62.7,63.985,71.5731,62.5,low,False,seo_weighted_page_quality_v5,d51_query_preference_rubric_v1,deterministic_expert_rubric=true; human_label=false; page_score_carried_from_dataset_v4=true; ranking_target_used_for_preferences=true
натяжные потолки Краснодар,https://potolki193.ru/,63.8,60.9256,58.1304,55.0,low,False,seo_weighted_page_quality_v5,d51_query_preference_rubric_v1,deterministic_expert_rubric=true; human_label=false; page_score_carried_from_dataset_v4=true; ranking_target_used_for_preferences=true
натяжные потолки Краснодар,https://nova-yug.ru/,69.1,65.3271,77.0672,47.5,medium,False,seo_weighted_page_quality_v5,d51_query_preference_rubric_v1,deterministic_expert_rubric=true; human_label=false; page_score_carried_from_dataset_v4=true; ranking_target_used_for_preferences=true
натяжные потолки Краснодар,https://www.potolkimk.ru/,66.1,61.167,73.2332,40.0,medium,False,seo_weighted_page_quality_v5,d51_query_preference_rubric_v1,deterministic_expert_rubric=true; human_label=false; page_score_carried_from_dataset_v4=true; ranking_target_used_for_preferences=true
натяжные потолки Краснодар,https://moi-potolki23.ru/,57.4,53.8761,72.0873,32.5,low,False,seo_weighted_page_quality_v5,d51_query_preference_rubric_v1,deterministic_expert_rubric=true; human_label=false; page_score_carried_from_dataset_v4=true; ranking_target_used_for_preferences=true
натяжные потолки Самара,https://самара.натяжные-потолки24.рф/,77.7,83.5511,82.5142,100.0,medium,False,seo_weighted_page_quality_v5,d51_query_preference_rubric_v1,deterministic_expert_rubric=true; human_label=false; page_score_carried_from_dataset_v4=true; ranking_target_used_for_preferences=true
натяжные потолки Самара,https://potolkikiger.ru/samara,72.2,78.1882,80.9945,92.5,medium,False,seo_weighted_page_quality_v5,d51_query_preference_rubric_v1,deterministic_expert_rubric=true; human_label=false; page_score_carried_from_dataset_v4=true; ranking_target_used_for_preferences=true
натяжные потолки Самара,https://potolki-sam.ru/,68.2,73.566,78.2133,85.0,medium,False,seo_weighted_page_quality_v5,d51_query_preference_rubric_v1,deterministic_expert_rubric=true; human_label=false; page_score_carried_from_dataset_v4=true; ranking_target_used_for_preferences=true
натяжные потолки Самара,https://potolkius.ru/,74.3,76.2474,82.3763,77.5,medium,False,seo_weighted_page_quality_v5,d51_query_preference_rubric_v1,deterministic_expert_rubric=true; human_label=false; page_score_carried_from_dataset_v4=true; ranking_target_used_for_preferences=true
натяжные потолки Самара,https://www.potolkoffsam.ru/,73.6,72.6159,72.5596,70.0,medium,False,seo_weighted_page_quality_v5,d51_query_preference_rubric_v1,deterministic_expert_rubric=true; human_label=false; page_score_carried_from_dataset_v4=true; ranking_target_used_for_preferences=true
натяжные потолки Самара,https://potolki-63.ru/,79.2,76.0378,83.7252,62.5,medium,False,seo_weighted_page_quality_v5,d51_query_preference_rubric_v1,deterministic_expert_rubric=true; human_label=false; page_score_carried_from_dataset_v4=true; ranking_target_used_for_preferences=true
натяжные потолки Самара,https://studiostyle63.ru/,68.2,66.6325,77.9901,55.0,medium,False,seo_weighted_page_quality_v5,d51_query_preference_rubric_v1,deterministic_expert_rubric=true; human_label=false; page_score_carried_from_dataset_v4=true; ranking_target_used_for_preferences=true
натяжные потолки Самара,https://smartpotolki.ru/,74.5,69.134,80.1269,47.5,medium,False,seo_weighted_page_quality_v5,d51_query_preference_rubric_v1,deterministic_expert_rubric=true; human_label=false; page_score_carried_from_dataset_v4=true; ranking_target_used_for_preferences=true
натяжные потолки Самара,https://potolki-samara.info/,72.2,65.9646,80.0039,40.0,medium,False,seo_weighted_page_quality_v5,d51_query_preference_rubric_v1,deterministic_expert_rubric=true; human_label=false; page_score_carried_from_dataset_v4=true; ranking_target_used_for_preferences=true
натяжные потолки Самара,https://потолкисамара.рф/,68.6,59.9349,66.1858,32.5,medium,False,seo_weighted_page_quality_v5,d51_query_preference_rubric_v1,deterministic_expert_rubric=true; human_label=false; page_score_carried_from_dataset_v4=true; ranking_target_used_for_preferences=true
натяжные потолки Нижний Новгород,https://nn-decor.ru/,74.5,80.0578,72.4519,100.0,medium,False,seo_weighted_page_quality_v5,d51_query_preference_rubric_v1,deterministic_expert_rubric=true; human_label=false; page_score_carried_from_dataset_v4=true; ranking_target_used_for_preferences=true
натяжные потолки Нижний Новгород,https://нижний.натяжные-потолки24.рф/,72.8,77.5507,74.2647,92.5,medium,False,seo_weighted_page_quality_v5,d51_query_preference_rubric_v1,deterministic_expert_rubric=true; human_label=false; page_score_carried_from_dataset_v4=true; ranking_target_used_for_preferences=true
натяжные потолки Нижний Новгород,https://nnpotolok.ru/,76.5,78.0486,73.7908,85.0,medium,False,seo_weighted_page_quality_v5,d51_query_preference_rubric_v1,deterministic_expert_rubric=true; human_label=false; page_score_carried_from_dataset_v4=true; ranking_target_used_for_preferences=true
натяжные потолки Нижний Новгород,https://potolki-d.ru/,64.5,68.6409,72.1723,77.5,low,False,seo_weighted_page_quality_v5,d51_query_preference_rubric_v1,deterministic_expert_rubric=true; human_label=false; page_score_carried_from_dataset_v4=true; ranking_target_used_for_preferences=true
натяжные потолки Нижний Новгород,https://potolki-nng.ru/,61.3,64.1027,66.6449,70.0,low,False,seo_weighted_page_quality_v5,d51_query_preference_rubric_v1,deterministic_expert_rubric=true; human_label=false; page_score_carried_from_dataset_v4=true; ranking_target_used_for_preferences=true
натяжные потолки Нижний Новгород,https://tandempotolki.ru/,75.4,72.3075,74.5634,62.5,medium,False,seo_weighted_page_quality_v5,d51_query_preference_rubric_v1,deterministic_expert_rubric=true; human_label=false; page_score_carried_from_dataset_v4=true; ranking_target_used_for_preferences=true
натяжные потолки Нижний Новгород,https://nebosvod-nn.ru/,69.9,66.4688,69.8723,55.0,medium,False,seo_weighted_page_quality_v5,d51_query_preference_rubric_v1,deterministic_expert_rubric=true; human_label=false; page_score_carried_from_dataset_v4=true; ranking_target_used_for_preferences=true
натяжные потолки Нижний Новгород,https://uslugi.yandex.ru/47-nizhny-novgorod/category?text=натяжные+потолки,71.2,65.3837,68.7649,47.5,medium,False,seo_weighted_page_quality_v5,d51_query_preference_rubric_v1,deterministic_expert_rubric=true; human_label=false; page_score_carried_from_dataset_v4=true; ranking_target_used_for_preferences=true
натяжные потолки Нижний Новгород,https://2gis.ru/n_novgorod/search/Продажа / монтаж потолков/rubricId/584,17.6,22.0472,12.9011,40.0,blocked,False,seo_weighted_page_quality_v5,d51_query_preference_rubric_v1,deterministic_expert_rubric=true; human_label=false; page_score_carried_from_dataset_v4=true; ranking_target_used_for_preferences=true
натяжные потолки Нижний Новгород,https://atlantispotolki.ru/,71.0,62.0609,70.4394,32.5,medium,False,seo_weighted_page_quality_v5,d51_query_preference_rubric_v1,deterministic_expert_rubric=true; human_label=false; page_score_carried_from_dataset_v4=true; ranking_target_used_for_preferences=true
натяжные потолки цена Москва,https://www.potolkoff.ru/price/,78.4,84.3314,84.823,100.0,medium,False,seo_weighted_page_quality_v5,d51_query_preference_rubric_v1,deterministic_expert_rubric=true; human_label=false; page_score_carried_from_dataset_v4=true; ranking_target_used_for_preferences=true
натяжные потолки цена Москва,https://100potolkov.ru/tseny/,75.4,80.3604,82.2491,92.5,medium,False,seo_weighted_page_quality_v5,d51_query_preference_rubric_v1,deterministic_expert_rubric=true; human_label=false; page_score_carried_from_dataset_v4=true; ranking_target_used_for_preferences=true
натяжные потолки цена Москва,https://potolki-nova.ru/,74.9,78.0626,80.4972,85.0,medium,False,seo_weighted_page_quality_v5,d51_query_preference_rubric_v1,deterministic_expert_rubric=true; human_label=false; page_score_carried_from_dataset_v4=true; ranking_target_used_for_preferences=true
натяжные потолки цена Москва,https://моипотолки.рф/msk,69.6,71.9678,73.2717,77.5,medium,False,seo_weighted_page_quality_v5,d51_query_preference_rubric_v1,deterministic_expert_rubric=true; human_label=false; page_score_carried_from_dataset_v4=true; ranking_target_used_for_preferences=true
натяжные потолки цена Москва,https://potolok.net/ceny,80.7,79.4745,88.9368,70.0,medium,False,seo_weighted_page_quality_v5,d51_query_preference_rubric_v1,deterministic_expert_rubric=true; human_label=false; page_score_carried_from_dataset_v4=true; ranking_target_used_for_preferences=true
натяжные потолки цена Москва,https://vipceiling.ru/moscow/price/,72.4,71.3362,80.488,62.5,medium,False,seo_weighted_page_quality_v5,d51_query_preference_rubric_v1,deterministic_expert_rubric=true; human_label=false; page_score_carried_from_dataset_v4=true; ranking_target_used_for_preferences=true
натяжные потолки цена Москва,https://www.potolkini.ru/ceny-na-natyazhnye-potolki/,74.6,71.0302,80.8543,55.0,medium,False,seo_weighted_page_quality_v5,d51_query_preference_rubric_v1,deterministic_expert_rubric=true; human_label=false; page_score_carried_from_dataset_v4=true; ranking_target_used_for_preferences=true
натяжные потолки цена Москва,https://masterpotolkov.com/,70.8,66.6451,78.8276,47.5,medium,False,seo_weighted_page_quality_v5,d51_query_preference_rubric_v1,deterministic_expert_rubric=true; human_label=false; page_score_carried_from_dataset_v4=true; ranking_target_used_for_preferences=true
натяжные потолки цена Москва,https://natpotolok.ru/,83.7,74.9098,92.1055,40.0,medium,False,seo_weighted_page_quality_v5,d51_query_preference_rubric_v1,deterministic_expert_rubric=true; human_label=false; page_score_carried_from_dataset_v4=true; ranking_target_used_for_preferences=true
натяжные потолки цена Москва,https://uslugi.yandex.ru/213-moscow/category?text=натяжные+потолки,78.0,67.3506,76.7708,32.5,medium,False,seo_weighted_page_quality_v5,d51_query_preference_rubric_v1,deterministic_expert_rubric=true; human_label=false; page_score_carried_from_dataset_v4=true; ranking_target_used_for_preferences=true
натяжные потолки цена Санкт-Петербург,https://evita-potolki.ru/,78.7,83.2554,76.4092,100.0,medium,False,seo_weighted_page_quality_v5,d51_query_preference_rubric_v1,deterministic_expert_rubric=true; human_label=false; page_score_carried_from_dataset_v4=true; ranking_target_used_for_preferences=true
натяжные потолки цена Санкт-Петербург,https://master-plus.spb.ru/natyazhnye-potolki/,66.1,73.5561,75.3271,92.5,medium,False,seo_weighted_page_quality_v5,d51_query_preference_rubric_v1,deterministic_expert_rubric=true; human_label=false; page_score_carried_from_dataset_v4=true; ranking_target_used_for_preferences=true
натяжные потолки цена Санкт-Петербург,https://potolok-peter.ru/,73.2,75.0516,67.4508,85.0,medium,False,seo_weighted_page_quality_v5,d51_query_preference_rubric_v1,deterministic_expert_rubric=true; human_label=false; page_score_carried_from_dataset_v4=true; ranking_target_used_for_preferences=true
натяжные потолки цена Санкт-Петербург,https://okna-leningrad.ru/potolki/,67.5,71.1153,76.269,77.5,medium,False,seo_weighted_page_quality_v5,d51_query_preference_rubric_v1,deterministic_expert_rubric=true; human_label=false; page_score_carried_from_dataset_v4=true; ranking_target_used_for_preferences=true
натяжные потолки цена Санкт-Петербург,https://моипотолки.рф/spb,66.8,66.3094,70.1227,62.5,medium,False,seo_weighted_page_quality_v5,d51_query_preference_rubric_v1,deterministic_expert_rubric=true; human_label=false; page_score_carried_from_dataset_v4=true; ranking_target_used_for_preferences=true
натяжные потолки цена Санкт-Петербург,https://tuspb.ru/,71.5,69.3847,82.698,55.0,medium,False,seo_weighted_page_quality_v5,d51_query_preference_rubric_v1,deterministic_expert_rubric=true; human_label=false; page_score_carried_from_dataset_v4=true; ranking_target_used_for_preferences=true
натяжные потолки цена Санкт-Петербург,https://potolki-sankt-peterburg.ru/,68.6,63.2936,65.5776,47.5,medium,False,seo_weighted_page_quality_v5,d51_query_preference_rubric_v1,deterministic_expert_rubric=true; human_label=false; page_score_carried_from_dataset_v4=true; ranking_target_used_for_preferences=true
натяжные потолки цена Санкт-Петербург,https://spbpotolok.com/,70.4,64.6573,78.7284,40.0,medium,False,seo_weighted_page_quality_v5,d51_query_preference_rubric_v1,deterministic_expert_rubric=true; human_label=false; page_score_carried_from_dataset_v4=true; ranking_target_used_for_preferences=true
натяжные потолки цена Санкт-Петербург,https://potolki-spb.ru/,71.1,62.1954,70.9224,32.5,medium,False,seo_weighted_page_quality_v5,d51_query_preference_rubric_v1,deterministic_expert_rubric=true; human_label=false; page_score_carried_from_dataset_v4=true; ranking_target_used_for_preferences=true
натяжные потолки цена Екатеринбург,https://ekat.steklodom.com/ceiling/,69.4,77.7435,78.1035,100.0,medium,False,seo_weighted_page_quality_v5,d51_query_preference_rubric_v1,deterministic_expert_rubric=true; human_label=false; page_score_carried_from_dataset_v4=true; ranking_target_used_for_preferences=true
натяжные потолки цена Екатеринбург,https://markakachestva.ru/amenities/9043-luchshie-firmy-natjazhnyh-potolkov-v-ekaterinburge-rejting.html,64.0,70.5975,64.2833,92.5,low,False,seo_weighted_page_quality_v5,d51_query_preference_rubric_v1,deterministic_expert_rubric=true; human_label=false; page_score_carried_from_dataset_v4=true; ranking_target_used_for_preferences=true
натяжные потолки цена Екатеринбург,https://natyazhniepotolkiekb.ru/,75.7,78.4732,79.9283,85.0,medium,False,seo_weighted_page_quality_v5,d51_query_preference_rubric_v1,deterministic_expert_rubric=true; human_label=false; page_score_carried_from_dataset_v4=true; ranking_target_used_for_preferences=true
натяжные потолки цена Екатеринбург,https://luxpotolok.pro/,78.2,78.0413,78.215,77.5,medium,False,seo_weighted_page_quality_v5,d51_query_preference_rubric_v1,deterministic_expert_rubric=true; human_label=false; page_score_carried_from_dataset_v4=true; ranking_target_used_for_preferences=true
натяжные потолки цена Екатеринбург,https://potolki-ekburg.ru/ceny,61.9,65.702,74.8266,70.0,low,False,seo_weighted_page_quality_v5,d51_query_preference_rubric_v1,deterministic_expert_rubric=true; human_label=false; page_score_carried_from_dataset_v4=true; ranking_target_used_for_preferences=true
натяжные потолки цена Екатеринбург,https://моипотолки.рф/ekaterinburg,66.8,66.2631,69.8137,62.5,medium,False,seo_weighted_page_quality_v5,d51_query_preference_rubric_v1,deterministic_expert_rubric=true; human_label=false; page_score_carried_from_dataset_v4=true; ranking_target_used_for_preferences=true
натяжные потолки цена Екатеринбург,https://ekapotolok.ru/,66.5,64.3704,69.9357,55.0,medium,False,seo_weighted_page_quality_v5,d51_query_preference_rubric_v1,deterministic_expert_rubric=true; human_label=false; page_score_carried_from_dataset_v4=true; ranking_target_used_for_preferences=true
натяжные потолки цена Екатеринбург,https://vipceiling.ru/ekb/price/,71.6,67.0655,78.3234,47.5,medium,False,seo_weighted_page_quality_v5,d51_query_preference_rubric_v1,deterministic_expert_rubric=true; human_label=false; page_score_carried_from_dataset_v4=true; ranking_target_used_for_preferences=true
натяжные потолки цена Екатеринбург,https://ekb.potolochnik24.ru/,77.4,68.8313,77.6221,40.0,medium,False,seo_weighted_page_quality_v5,d51_query_preference_rubric_v1,deterministic_expert_rubric=true; human_label=false; page_score_carried_from_dataset_v4=true; ranking_target_used_for_preferences=true
натяжные потолки цена Екатеринбург,https://potolokmt.ru/,69.4,61.8743,75.8087,32.5,medium,False,seo_weighted_page_quality_v5,d51_query_preference_rubric_v1,deterministic_expert_rubric=true; human_label=false; page_score_carried_from_dataset_v4=true; ranking_target_used_for_preferences=true
натяжные потолки цена Новосибирск,https://sibirpotolki.ru/,75.6,82.1477,81.8379,100.0,medium,False,seo_weighted_page_quality_v5,d51_query_preference_rubric_v1,deterministic_expert_rubric=true; human_label=false; page_score_carried_from_dataset_v4=true; ranking_target_used_for_preferences=true
натяжные потолки цена Новосибирск,https://новосибирск.натяжные-потолки24.рф/,76.7,80.7354,79.3757,92.5,medium,False,seo_weighted_page_quality_v5,d51_query_preference_rubric_v1,deterministic_expert_rubric=true; human_label=false; page_score_carried_from_dataset_v4=true; ranking_target_used_for_preferences=true
натяжные потолки цена Новосибирск,https://mirpotolkov-54.ru/,76.9,79.1698,79.6122,85.0,medium,False,seo_weighted_page_quality_v5,d51_query_preference_rubric_v1,deterministic_expert_rubric=true; human_label=false; page_score_carried_from_dataset_v4=true; ranking_target_used_for_preferences=true
натяжные потолки цена Новосибирск,https://alansa.ru/,82.9,81.8697,84.3115,77.5,medium,False,seo_weighted_page_quality_v5,d51_query_preference_rubric_v1,deterministic_expert_rubric=true; human_label=false; page_score_carried_from_dataset_v4=true; ranking_target_used_for_preferences=true
натяжные потолки цена Новосибирск,https://potolki-novosib.ru/ceny,61.7,65.454,74.0003,70.0,low,False,seo_weighted_page_quality_v5,d51_query_preference_rubric_v1,deterministic_expert_rubric=true; human_label=false; page_score_carried_from_dataset_v4=true; ranking_target_used_for_preferences=true
натяжные потолки цена Новосибирск,https://averno.ru/,70.3,66.346,67.4001,55.0,medium,False,seo_weighted_page_quality_v5,d51_query_preference_rubric_v1,deterministic_expert_rubric=true; human_label=false; page_score_carried_from_dataset_v4=true; ranking_target_used_for_preferences=true
натяжные потолки цена Новосибирск,https://potolkisib.ru/,65.5,62.6073,73.8151,47.5,medium,False,seo_weighted_page_quality_v5,d51_query_preference_rubric_v1,deterministic_expert_rubric=true; human_label=false; page_score_carried_from_dataset_v4=true; ranking_target_used_for_preferences=true
натяжные потолки цена Новосибирск,https://novosibirsk-potolki.ru/,74.7,67.4265,79.4169,40.0,medium,False,seo_weighted_page_quality_v5,d51_query_preference_rubric_v1,deterministic_expert_rubric=true; human_label=false; page_score_carried_from_dataset_v4=true; ranking_target_used_for_preferences=true
натяжные потолки цена Новосибирск,https://nsk-dekor.ru/,65.2,59.026,74.18,32.5,medium,False,seo_weighted_page_quality_v5,d51_query_preference_rubric_v1,deterministic_expert_rubric=true; human_label=false; page_score_carried_from_dataset_v4=true; ranking_target_used_for_preferences=true
натяжные потолки цена Казань,https://kazan-potolki.ru/,78.2,82.6677,74.5578,100.0,medium,False,seo_weighted_page_quality_v5,d51_query_preference_rubric_v1,deterministic_expert_rubric=true; human_label=false; page_score_carried_from_dataset_v4=true; ranking_target_used_for_preferences=true
натяжные потолки цена Казань,https://моипотолки.рф/kazan,66.4,72.5486,67.3704,92.5,medium,False,seo_weighted_page_quality_v5,d51_query_preference_rubric_v1,deterministic_expert_rubric=true; human_label=false; page_score_carried_from_dataset_v4=true; ranking_target_used_for_preferences=true
натяжные потолки цена Казань,https://kazanpotolok.ru/,72.8,76.1726,76.5772,85.0,medium,False,seo_weighted_page_quality_v5,d51_query_preference_rubric_v1,deterministic_expert_rubric=true; human_label=false; page_score_carried_from_dataset_v4=true; ranking_target_used_for_preferences=true
натяжные потолки цена Казань,https://potolki-real.ru/,75.0,75.2925,73.1164,77.5,medium,False,seo_weighted_page_quality_v5,d51_query_preference_rubric_v1,deterministic_expert_rubric=true; human_label=false; page_score_carried_from_dataset_v4=true; ranking_target_used_for_preferences=true
натяжные потолки цена Казань,https://potolok-montazh.com/ru/kazan/prices,69.5,70.0261,72.2406,70.0,medium,False,seo_weighted_page_quality_v5,d51_query_preference_rubric_v1,deterministic_expert_rubric=true; human_label=false; page_score_carried_from_dataset_v4=true; ranking_target_used_for_preferences=true
натяжные потолки цена Казань,https://profi.ru/geo-kzn/remont/potolki/montazh-natyazhnyh-potolkov/price/,67.0,66.0487,67.558,62.5,medium,False,seo_weighted_page_quality_v5,d51_query_preference_rubric_v1,deterministic_expert_rubric=true; human_label=false; page_score_carried_from_dataset_v4=true; ranking_target_used_for_preferences=true
натяжные потолки цена Казань,https://www.potolki-servis.ru/,68.7,66.4997,75.0379,55.0,medium,False,seo_weighted_page_quality_v5,d51_query_preference_rubric_v1,deterministic_expert_rubric=true; human_label=false; page_score_carried_from_dataset_v4=true; ranking_target_used_for_preferences=true
натяжные потолки цена Казань,https://potolki-ts.ru/kazan,64.6,61.1782,68.0083,47.5,low,False,seo_weighted_page_quality_v5,d51_query_preference_rubric_v1,deterministic_expert_rubric=true; human_label=false; page_score_carried_from_dataset_v4=true; ranking_target_used_for_preferences=true
натяжные потолки цена Казань,https://kazan.natpotolok.ru/,77.8,69.925,83.2601,40.0,medium,False,seo_weighted_page_quality_v5,d51_query_preference_rubric_v1,deterministic_expert_rubric=true; human_label=false; page_score_carried_from_dataset_v4=true; ranking_target_used_for_preferences=true
натяжные потолки цена Казань,https://kazan.potolki-natyazhniye.ru/,71.1,62.5202,73.0881,32.5,medium,False,seo_weighted_page_quality_v5,d51_query_preference_rubric_v1,deterministic_expert_rubric=true; human_label=false; page_score_carried_from_dataset_v4=true; ranking_target_used_for_preferences=true
натяжные потолки цена Краснодар,https://potolki-93.ru/ceny,61.6,71.8254,70.8892,100.0,low,False,seo_weighted_page_quality_v5,d51_query_preference_rubric_v1,deterministic_expert_rubric=true; human_label=false; page_score_carried_from_dataset_v4=true; ranking_target_used_for_preferences=true
натяжные потолки цена Краснодар,https://o-potolki.ru/krasnodar,70.5,77.6516,84.4439,92.5,medium,False,seo_weighted_page_quality_v5,d51_query_preference_rubric_v1,deterministic_expert_rubric=true; human_label=false; page_score_carried_from_dataset_v4=true; ranking_target_used_for_preferences=true
натяжные потолки цена Краснодар,https://vipceiling.ru/krasnodar/price/,70.4,74.373,74.4997,85.0,medium,False,seo_weighted_page_quality_v5,d51_query_preference_rubric_v1,deterministic_expert_rubric=true; human_label=false; page_score_carried_from_dataset_v4=true; ranking_target_used_for_preferences=true
натяжные потолки цена Краснодар,https://potolki-ts.ru/krasnodar,67.3,70.0939,70.286,77.5,medium,False,seo_weighted_page_quality_v5,d51_query_preference_rubric_v1,deterministic_expert_rubric=true; human_label=false; page_score_carried_from_dataset_v4=true; ranking_target_used_for_preferences=true
натяжные потолки цена Краснодар,https://potolkito.ru/,75.7,74.5524,76.7896,70.0,medium,False,seo_weighted_page_quality_v5,d51_query_preference_rubric_v1,deterministic_expert_rubric=true; human_label=false; page_score_carried_from_dataset_v4=true; ranking_target_used_for_preferences=true
натяжные потолки цена Краснодар,http://potolki-kuban.ru/,62.9,63.8304,69.7159,62.5,low,False,seo_weighted_page_quality_v5,d51_query_preference_rubric_v1,deterministic_expert_rubric=true; human_label=false; page_score_carried_from_dataset_v4=true; ranking_target_used_for_preferences=true
натяжные потолки цена Краснодар,https://potolok2000001.ru/,70.2,66.663,69.9268,55.0,medium,False,seo_weighted_page_quality_v5,d51_query_preference_rubric_v1,deterministic_expert_rubric=true; human_label=false; page_score_carried_from_dataset_v4=true; ranking_target_used_for_preferences=true
натяжные потолки цена Краснодар,https://msdcorp.ru/,69.4,64.6106,71.0506,47.5,medium,False,seo_weighted_page_quality_v5,d51_query_preference_rubric_v1,deterministic_expert_rubric=true; human_label=false; page_score_carried_from_dataset_v4=true; ranking_target_used_for_preferences=true
натяжные потолки цена Краснодар,https://potolok-kras.ru/,73.2,66.2097,77.5046,40.0,medium,False,seo_weighted_page_quality_v5,d51_query_preference_rubric_v1,deterministic_expert_rubric=true; human_label=false; page_score_carried_from_dataset_v4=true; ranking_target_used_for_preferences=true
натяжные потолки цена Краснодар,https://potolok-ns.ru/,63.9,57.2117,67.4579,32.5,low,False,seo_weighted_page_quality_v5,d51_query_preference_rubric_v1,deterministic_expert_rubric=true; human_label=false; page_score_carried_from_dataset_v4=true; ranking_target_used_for_preferences=true
натяжные потолки цена Самара,https://самара.натяжные-потолки24.рф/,78.6,84.0667,82.2312,100.0,medium,False,seo_weighted_page_quality_v5,d51_query_preference_rubric_v1,deterministic_expert_rubric=true; human_label=false; page_score_carried_from_dataset_v4=true; ranking_target_used_for_preferences=true
натяжные потолки цена Самара,https://potolkikiger.ru/samara,73.2,79.0313,82.4821,92.5,medium,False,seo_weighted_page_quality_v5,d51_query_preference_rubric_v1,deterministic_expert_rubric=true; human_label=false; page_score_carried_from_dataset_v4=true; ranking_target_used_for_preferences=true
натяжные потолки цена Самара,https://potolki-s.ru/ceny,65.6,72.3786,81.0442,85.0,medium,False,seo_weighted_page_quality_v5,d51_query_preference_rubric_v1,deterministic_expert_rubric=true; human_label=false; page_score_carried_from_dataset_v4=true; ranking_target_used_for_preferences=true
натяжные потолки цена Самара,https://smartpotolki.ru/,74.0,75.1586,76.3572,77.5,medium,False,seo_weighted_page_quality_v5,d51_query_preference_rubric_v1,deterministic_expert_rubric=true; human_label=false; page_score_carried_from_dataset_v4=true; ranking_target_used_for_preferences=true
натяжные потолки цена Самара,https://potolki-63.ru/,77.8,76.3459,80.0662,70.0,medium,False,seo_weighted_page_quality_v5,d51_query_preference_rubric_v1,deterministic_expert_rubric=true; human_label=false; page_score_carried_from_dataset_v4=true; ranking_target_used_for_preferences=true
натяжные потолки цена Самара,https://www.potolkoffsam.ru/,72.0,69.5618,70.3117,62.5,medium,False,seo_weighted_page_quality_v5,d51_query_preference_rubric_v1,deterministic_expert_rubric=true; human_label=false; page_score_carried_from_dataset_v4=true; ranking_target_used_for_preferences=true
натяжные потолки цена Самара,https://potolkius.ru/,74.1,71.0043,82.7489,55.0,medium,False,seo_weighted_page_quality_v5,d51_query_preference_rubric_v1,deterministic_expert_rubric=true; human_label=false; page_score_carried_from_dataset_v4=true; ranking_target_used_for_preferences=true
натяжные потолки цена Самара,https://potolki-samara.info/,72.7,67.7851,78.5738,47.5,medium,False,seo_weighted_page_quality_v5,d51_query_preference_rubric_v1,deterministic_expert_rubric=true; human_label=false; page_score_carried_from_dataset_v4=true; ranking_target_used_for_preferences=true
натяжные потолки цена Самара,https://potolkiorion-samara.ru/,67.8,61.6377,69.3444,40.0,medium,False,seo_weighted_page_quality_v5,d51_query_preference_rubric_v1,deterministic_expert_rubric=true; human_label=false; page_score_carried_from_dataset_v4=true; ranking_target_used_for_preferences=true
натяжные потолки цена Самара,https://potolki-sam.ru/ceny.html,62.2,57.2617,74.8178,32.5,low,False,seo_weighted_page_quality_v5,d51_query_preference_rubric_v1,deterministic_expert_rubric=true; human_label=false; page_score_carried_from_dataset_v4=true; ranking_target_used_for_preferences=true
натяжные потолки цена Нижний Новгород,https://nn-decor.ru/,75.0,80.2987,71.9916,100.0,medium,False,seo_weighted_page_quality_v5,d51_query_preference_rubric_v1,deterministic_expert_rubric=true; human_label=false; page_score_carried_from_dataset_v4=true; ranking_target_used_for_preferences=true
натяжные потолки цена Нижний Новгород,https://нижний.натяжные-потолки24.рф/,74.2,78.5038,74.8322,92.5,medium,False,seo_weighted_page_quality_v5,d51_query_preference_rubric_v1,deterministic_expert_rubric=true; human_label=false; page_score_carried_from_dataset_v4=true; ranking_target_used_for_preferences=true
натяжные потолки цена Нижний Новгород,https://nnpotolok.ru/,77.4,78.6277,73.9316,85.0,medium,False,seo_weighted_page_quality_v5,d51_query_preference_rubric_v1,deterministic_expert_rubric=true; human_label=false; page_score_carried_from_dataset_v4=true; ranking_target_used_for_preferences=true
натяжные потолки цена Нижний Новгород,https://potolki-d.ru/,66.9,70.5502,74.9814,77.5,medium,False,seo_weighted_page_quality_v5,d51_query_preference_rubric_v1,deterministic_expert_rubric=true; human_label=false; page_score_carried_from_dataset_v4=true; ranking_target_used_for_preferences=true
натяжные потолки цена Нижний Новгород,https://potolki-nng.ru/,58.6,61.9174,63.2359,70.0,low,False,seo_weighted_page_quality_v5,d51_query_preference_rubric_v1,deterministic_expert_rubric=true; human_label=false; page_score_carried_from_dataset_v4=true; ranking_target_used_for_preferences=true
натяжные потолки цена Нижний Новгород,https://bh-nn.ru/,71.6,69.8132,73.6415,62.5,medium,False,seo_weighted_page_quality_v5,d51_query_preference_rubric_v1,deterministic_expert_rubric=true; human_label=false; page_score_carried_from_dataset_v4=true; ranking_target_used_for_preferences=true
натяжные потолки цена Нижний Новгород,https://atlantispotolki.ru/,69.3,65.3166,64.6705,55.0,medium,False,seo_weighted_page_quality_v5,d51_query_preference_rubric_v1,deterministic_expert_rubric=true; human_label=false; page_score_carried_from_dataset_v4=true; ranking_target_used_for_preferences=true
натяжные потолки цена Нижний Новгород,https://www.avito.ru/nizhniy_novgorod/predlozheniya_uslug/remont_i_otdelka/potolki-ASgBAgICAkSYC8CfAcQVzvr9Ag?q=натяжные+потолки,24.2,27.6862,11.7148,47.5,blocked,False,seo_weighted_page_quality_v5,d51_query_preference_rubric_v1,deterministic_expert_rubric=true; human_label=false; page_score_carried_from_dataset_v4=true; ranking_target_used_for_preferences=true
натяжные потолки цена Нижний Новгород,https://vipceiling.ru/nn/price/,67.6,61.9108,71.9919,40.0,medium,False,seo_weighted_page_quality_v5,d51_query_preference_rubric_v1,deterministic_expert_rubric=true; human_label=false; page_score_carried_from_dataset_v4=true; ranking_target_used_for_preferences=true
натяжные потолки цена Нижний Новгород,https://novpotoloknn.ru/,65.1,57.2806,62.9575,32.5,medium,False,seo_weighted_page_quality_v5,d51_query_preference_rubric_v1,deterministic_expert_rubric=true; human_label=false; page_score_carried_from_dataset_v4=true; ranking_target_used_for_preferences=true
как выбрать натяжные потолки,https://markakachestva.ru/article/1180-kakoy-natyazhnoy-potolok-vybrat.html,73.3,79.5776,74.2107,100.0,medium,False,seo_weighted_page_quality_v5,d51_query_preference_rubric_v1,deterministic_expert_rubric=true; human_label=false; page_score_carried_from_dataset_v4=true; ranking_target_used_for_preferences=true
как выбрать натяжные потолки,https://geometrium-school.ru/blog/kakie-byvayut-natyazhnye-potolki-tipy-materialy-rekomendaczii-po-vyboru/,77.3,75.9417,79.4383,70.0,medium,False,seo_weighted_page_quality_v5,d51_query_preference_rubric_v1,deterministic_expert_rubric=true; human_label=false; page_score_carried_from_dataset_v4=true; ranking_target_used_for_preferences=true
как выбрать натяжные потолки,https://pikabu.ru/story/kakie_natyazhnyie_potolki_vyibrat_v_kvartiru_v_2026_godu_matovyie_glyantsevyie_ili_satinovyie_13921758,67.9,62.0385,71.6035,40.0,medium,False,seo_weighted_page_quality_v5,d51_query_preference_rubric_v1,deterministic_expert_rubric=true; human_label=false; page_score_carried_from_dataset_v4=true; ranking_target_used_for_preferences=true
натяжные потолки отзывы,https://irecommend.ru/content/natyazhnoi-potolok,69.6,76.3524,68.0024,100.0,medium,True,seo_weighted_page_quality_v5,d51_query_preference_rubric_v1,deterministic_expert_rubric=true; human_label=false; page_score_carried_from_dataset_v4=true; ranking_target_used_for_preferences=true
натяжные потолки отзывы,https://vipceiling.ru/moscow/reviews/,60.8,67.6669,57.9727,92.5,low,True,seo_weighted_page_quality_v5,d51_query_preference_rubric_v1,deterministic_expert_rubric=true; human_label=false; page_score_carried_from_dataset_v4=true; ranking_target_used_for_preferences=true
натяжные потолки отзывы,https://vyboroved.ru/reyting/2047-luchshie-natyazhnye-potolki.html,60.8,65.7325,56.5768,85.0,low,True,seo_weighted_page_quality_v5,d51_query_preference_rubric_v1,deterministic_expert_rubric=true; human_label=false; page_score_carried_from_dataset_v4=true; ranking_target_used_for_preferences=true
натяжные потолки отзывы,https://mixline-shop.ru/blog/natyazhnye-potolki-plyusy-i-minusy,71.2,73.7172,78.3214,77.5,medium,True,seo_weighted_page_quality_v5,d51_query_preference_rubric_v1,deterministic_expert_rubric=true; human_label=false; page_score_carried_from_dataset_v4=true; ranking_target_used_for_preferences=true
натяжные потолки отзывы,https://tehnos24.ru/otzyvy/,61.4,63.7305,63.75,70.0,low,True,seo_weighted_page_quality_v5,d51_query_preference_rubric_v1,deterministic_expert_rubric=true; human_label=false; page_score_carried_from_dataset_v4=true; ranking_target_used_for_preferences=true
натяжные потолки отзывы,https://dzen.ru/a/ZCMvlrAxjCnYTjHZ,45.0,51.4094,60.8961,62.5,low,True,seo_weighted_page_quality_v5,d51_query_preference_rubric_v1,deterministic_expert_rubric=true; human_label=false; page_score_carried_from_dataset_v4=true; ranking_target_used_for_preferences=true
натяжные потолки отзывы,https://psmith.ru/about/potolki-reviews,69.6,66.3,69.9864,55.0,medium,True,seo_weighted_page_quality_v5,d51_query_preference_rubric_v1,deterministic_expert_rubric=true; human_label=false; page_score_carried_from_dataset_v4=true; ranking_target_used_for_preferences=true
натяжные потолки отзывы,https://kaskadagenstvo.ru/natyazhnye-potolki-otzyvy-nedostatki-problemy/,72.9,67.5757,76.3516,47.5,medium,True,seo_weighted_page_quality_v5,d51_query_preference_rubric_v1,deterministic_expert_rubric=true; human_label=false; page_score_carried_from_dataset_v4=true; ranking_target_used_for_preferences=true
натяжные потолки отзывы,https://onello.ru/natyazhnye-potolki-dostoinstva-i-nedostatki-otzyvy/,69.7,63.9039,76.5992,40.0,medium,True,seo_weighted_page_quality_v5,d51_query_preference_rubric_v1,deterministic_expert_rubric=true; human_label=false; page_score_carried_from_dataset_v4=true; ranking_target_used_for_preferences=true
натяжные потолки отзывы,https://nwlife.ru/o-kompanii/article/plyusyi-i-minusyi-natyazhnyix-potolkov/,68.1,59.8334,67.576,32.5,medium,True,seo_weighted_page_quality_v5,d51_query_preference_rubric_v1,deterministic_expert_rubric=true; human_label=false; page_score_carried_from_dataset_v4=true; ranking_target_used_for_preferences=true
пластиковые окна Москва,https://www.fabrikaokon.ru/,84.0,87.8494,85.1296,100.0,medium,False,seo_weighted_page_quality_v5,d51_query_preference_rubric_v1,deterministic_expert_rubric=true; human_label=false; page_score_carried_from_dataset_v4=true; ranking_target_used_for_preferences=true
пластиковые окна Москва,https://www.mosokna.ru/,78.8,82.3388,81.3855,92.5,medium,False,seo_weighted_page_quality_v5,d51_query_preference_rubric_v1,deterministic_expert_rubric=true; human_label=false; page_score_carried_from_dataset_v4=true; ranking_target_used_for_preferences=true
пластиковые окна Москва,https://www.okno-moskva.ru/,83.9,84.5026,86.2304,85.0,medium,False,seo_weighted_page_quality_v5,d51_query_preference_rubric_v1,deterministic_expert_rubric=true; human_label=false; page_score_carried_from_dataset_v4=true; ranking_target_used_for_preferences=true
пластиковые окна Москва,https://rusokna.ru/,82.8,82.2079,86.9792,77.5,medium,False,seo_weighted_page_quality_v5,d51_query_preference_rubric_v1,deterministic_expert_rubric=true; human_label=false; page_score_carried_from_dataset_v4=true; ranking_target_used_for_preferences=true
пластиковые окна Москва,https://mosplastokna.ru/,72.8,73.7494,83.4227,70.0,medium,False,seo_weighted_page_quality_v5,d51_query_preference_rubric_v1,deterministic_expert_rubric=true; human_label=false; page_score_carried_from_dataset_v4=true; ranking_target_used_for_preferences=true
пластиковые окна Москва,https://oknober.ru/,27.0,35.139,26.8269,62.5,blocked,False,seo_weighted_page_quality_v5,d51_query_preference_rubric_v1,deterministic_expert_rubric=true; human_label=false; page_score_carried_from_dataset_v4=true; ranking_target_used_for_preferences=true
пластиковые окна Москва,https://lemanapro.ru/catalogue/plastikovye-okna/,30.6,34.0906,16.4575,55.0,blocked,False,seo_weighted_page_quality_v5,d51_query_preference_rubric_v1,deterministic_expert_rubric=true; human_label=false; page_score_carried_from_dataset_v4=true; ranking_target_used_for_preferences=true
пластиковые окна Москва,https://fokus-komforta.ru/,80.0,72.929,82.6931,47.5,medium,False,seo_weighted_page_quality_v5,d51_query_preference_rubric_v1,deterministic_expert_rubric=true; human_label=false; page_score_carried_from_dataset_v4=true; ranking_target_used_for_preferences=true
пластиковые окна Москва,https://okno.ru/,74.3,67.3917,80.8379,40.0,medium,False,seo_weighted_page_quality_v5,d51_query_preference_rubric_v1,deterministic_expert_rubric=true; human_label=false; page_score_carried_from_dataset_v4=true; ranking_target_used_for_preferences=true
пластиковые окна Москва,https://www.melke.ru/,73.8,65.1916,79.7376,32.5,medium,False,seo_weighted_page_quality_v5,d51_query_preference_rubric_v1,deterministic_expert_rubric=true; human_label=false; page_score_carried_from_dataset_v4=true; ranking_target_used_for_preferences=true
пластиковые окна Санкт-Петербург,https://zavod-plastikovih-okon.ru/,73.6,80.348,78.1066,100.0,medium,False,seo_weighted_page_quality_v5,d51_query_preference_rubric_v1,deterministic_expert_rubric=true; human_label=false; page_score_carried_from_dataset_v4=true; ranking_target_used_for_preferences=true
пластиковые окна Санкт-Петербург,https://markakachestva.ru/amenities/2860-luchshie-firmy-plastikovyh-okon-spb.html,69.4,73.4598,72.5451,85.0,medium,False,seo_weighted_page_quality_v5,d51_query_preference_rubric_v1,deterministic_expert_rubric=true; human_label=false; page_score_carried_from_dataset_v4=true; ranking_target_used_for_preferences=true
пластиковые окна Санкт-Петербург,https://okna-spb.ru/,71.6,72.8083,70.6088,77.5,medium,False,seo_weighted_page_quality_v5,d51_query_preference_rubric_v1,deterministic_expert_rubric=true; human_label=false; page_score_carried_from_dataset_v4=true; ranking_target_used_for_preferences=true
пластиковые окна Санкт-Петербург,https://okna-centre.ru/,79.5,78.2928,86.0185,70.0,medium,False,seo_weighted_page_quality_v5,d51_query_preference_rubric_v1,deterministic_expert_rubric=true; human_label=false; page_score_carried_from_dataset_v4=true; ranking_target_used_for_preferences=true
пластиковые окна Санкт-Петербург,https://spb.okna-plastikovyye.ru/,75.2,72.3345,75.57,62.5,medium,False,seo_weighted_page_quality_v5,d51_query_preference_rubric_v1,deterministic_expert_rubric=true; human_label=false; page_score_carried_from_dataset_v4=true; ranking_target_used_for_preferences=true
пластиковые окна Санкт-Петербург,https://spb.oknafactoria.ru/,26.6,33.1117,26.4646,55.0,blocked,False,seo_weighted_page_quality_v5,d51_query_preference_rubric_v1,deterministic_expert_rubric=true; human_label=false; page_score_carried_from_dataset_v4=true; ranking_target_used_for_preferences=true
пластиковые окна Санкт-Петербург,https://zavod-okna-pvh.ru/,80.0,73.4082,85.8877,47.5,medium,False,seo_weighted_page_quality_v5,d51_query_preference_rubric_v1,deterministic_expert_rubric=true; human_label=false; page_score_carried_from_dataset_v4=true; ranking_target_used_for_preferences=true
пластиковые окна Санкт-Петербург,https://okna.spb.ru/,76.3,68.9797,83.158,40.0,medium,False,seo_weighted_page_quality_v5,d51_query_preference_rubric_v1,deterministic_expert_rubric=true; human_label=false; page_score_carried_from_dataset_v4=true; ranking_target_used_for_preferences=true
пластиковые окна Санкт-Петербург,https://zavodokon-spb.ru/,57.9,51.9148,56.945,32.5,low,False,seo_weighted_page_quality_v5,d51_query_preference_rubric_v1,deterministic_expert_rubric=true; human_label=false; page_score_carried_from_dataset_v4=true; ranking_target_used_for_preferences=true
пластиковые окна Екатеринбург,https://ekb.okna-olkon.ru/,76.4,83.1081,84.9339,100.0,medium,False,seo_weighted_page_quality_v5,d51_query_preference_rubric_v1,deterministic_expert_rubric=true; human_label=false; page_score_carried_from_dataset_v4=true; ranking_target_used_for_preferences=true
пластиковые окна Екатеринбург,https://plastikovye-okna-ekb.ru/,78.3,69.8388,80.6184,40.0,medium,False,seo_weighted_page_quality_v5,d51_query_preference_rubric_v1,deterministic_expert_rubric=true; human_label=false; page_score_carried_from_dataset_v4=true; ranking_target_used_for_preferences=true
пластиковые окна Новосибирск,https://oknazavr.ru/novosibirsk/plastikovye-okna/,69.8,78.3663,80.6022,100.0,medium,False,seo_weighted_page_quality_v5,d51_query_preference_rubric_v1,deterministic_expert_rubric=true; human_label=false; page_score_carried_from_dataset_v4=true; ranking_target_used_for_preferences=true
пластиковые окна Новосибирск,https://novosibirsk.okna-plastikovyye.ru/,75.8,79.1227,72.345,92.5,medium,False,seo_weighted_page_quality_v5,d51_query_preference_rubric_v1,deterministic_expert_rubric=true; human_label=false; page_score_carried_from_dataset_v4=true; ranking_target_used_for_preferences=true
пластиковые окна Новосибирск,https://mirokon-nsk.ru/,76.0,79.3826,84.7505,85.0,medium,False,seo_weighted_page_quality_v5,d51_query_preference_rubric_v1,deterministic_expert_rubric=true; human_label=false; page_score_carried_from_dataset_v4=true; ranking_target_used_for_preferences=true
пластиковые окна Новосибирск,https://bfk.ru/,66.6,69.8589,71.6127,77.5,medium,False,seo_weighted_page_quality_v5,d51_query_preference_rubric_v1,deterministic_expert_rubric=true; human_label=false; page_score_carried_from_dataset_v4=true; ranking_target_used_for_preferences=true
пластиковые окна Новосибирск,https://novosibirsk.fabrikauyuta.ru/,78.2,76.8691,81.9005,70.0,medium,False,seo_weighted_page_quality_v5,d51_query_preference_rubric_v1,deterministic_expert_rubric=true; human_label=false; page_score_carried_from_dataset_v4=true; ranking_target_used_for_preferences=true
пластиковые окна Новосибирск,https://plastikovye-okna-nsk.ru/,78.4,74.9259,79.6194,62.5,medium,False,seo_weighted_page_quality_v5,d51_query_preference_rubric_v1,deterministic_expert_rubric=true; human_label=false; page_score_carried_from_dataset_v4=true; ranking_target_used_for_preferences=true
пластиковые окна Новосибирск,https://oknasibirinsk.ru/,78.3,73.7214,83.5028,55.0,medium,False,seo_weighted_page_quality_v5,d51_query_preference_rubric_v1,deterministic_expert_rubric=true; human_label=false; page_score_carried_from_dataset_v4=true; ranking_target_used_for_preferences=true
пластиковые окна Новосибирск,https://oknaveka.com/,75.2,69.4158,79.1123,47.5,medium,False,seo_weighted_page_quality_v5,d51_query_preference_rubric_v1,deterministic_expert_rubric=true; human_label=false; page_score_carried_from_dataset_v4=true; ranking_target_used_for_preferences=true
пластиковые окна Новосибирск,https://orgzz.ru/novosibirsk/plastikovye_okna/district/centralnyy,70.8,66.0859,86.5995,40.0,medium,False,seo_weighted_page_quality_v5,d51_query_preference_rubric_v1,deterministic_expert_rubric=true; human_label=false; page_score_carried_from_dataset_v4=true; ranking_target_used_for_preferences=true
пластиковые окна Новосибирск,https://oknasiber.ru/,63.5,58.0451,74.6675,32.5,low,False,seo_weighted_page_quality_v5,d51_query_preference_rubric_v1,deterministic_expert_rubric=true; human_label=false; page_score_carried_from_dataset_v4=true; ranking_target_used_for_preferences=true
пластиковые окна Казань,https://plastikovye-okna-kazan.ru/,80.8,85.2216,80.8371,100.0,medium,False,seo_weighted_page_quality_v5,d51_query_preference_rubric_v1,deterministic_expert_rubric=true; human_label=false; page_score_carried_from_dataset_v4=true; ranking_target_used_for_preferences=true
пластиковые окна Казань,https://vottakieokna.ru/,72.1,77.7203,78.2888,92.5,medium,False,seo_weighted_page_quality_v5,d51_query_preference_rubric_v1,deterministic_expert_rubric=true; human_label=false; page_score_carried_from_dataset_v4=true; ranking_target_used_for_preferences=true
пластиковые окна Казань,https://oknaxxi-kazan.ru/,67.0,72.3184,74.8559,85.0,medium,False,seo_weighted_page_quality_v5,d51_query_preference_rubric_v1,deterministic_expert_rubric=true; human_label=false; page_score_carried_from_dataset_v4=true; ranking_target_used_for_preferences=true
пластиковые окна Казань,https://kazan-ihlas.ru/,84.1,83.477,90.0667,77.5,medium,False,seo_weighted_page_quality_v5,d51_query_preference_rubric_v1,deterministic_expert_rubric=true; human_label=false; page_score_carried_from_dataset_v4=true; ranking_target_used_for_preferences=true
пластиковые окна Казань,https://oknamoll.ru/,71.6,70.9669,69.8325,70.0,medium,False,seo_weighted_page_quality_v5,d51_query_preference_rubric_v1,deterministic_expert_rubric=true; human_label=false; page_score_carried_from_dataset_v4=true; ranking_target_used_for_preferences=true
пластиковые окна Казань,https://www.okna-rubin.ru/,78.8,75.0725,78.9435,62.5,medium,False,seo_weighted_page_quality_v5,d51_query_preference_rubric_v1,deterministic_expert_rubric=true; human_label=false; page_score_carried_from_dataset_v4=true; ranking_target_used_for_preferences=true
пластиковые окна Казань,https://kazan.zavodplast-eco.ru/,76.8,72.1668,79.3386,55.0,medium,False,seo_weighted_page_quality_v5,d51_query_preference_rubric_v1,deterministic_expert_rubric=true; human_label=false; page_score_carried_from_dataset_v4=true; ranking_target_used_for_preferences=true
пластиковые окна Казань,https://oknamall.ru/,60.7,57.6925,60.8901,47.5,low,False,seo_weighted_page_quality_v5,d51_query_preference_rubric_v1,deterministic_expert_rubric=true; human_label=false; page_score_carried_from_dataset_v4=true; ranking_target_used_for_preferences=true
пластиковые окна Казань,https://oknakazan.com/,60.9,56.4406,63.2172,40.0,low,False,seo_weighted_page_quality_v5,d51_query_preference_rubric_v1,deterministic_expert_rubric=true; human_label=false; page_score_carried_from_dataset_v4=true; ranking_target_used_for_preferences=true
пластиковые окна Казань,https://kazanskiye-okna.ru/,59.6,54.1853,65.0552,32.5,low,False,seo_weighted_page_quality_v5,d51_query_preference_rubric_v1,deterministic_expert_rubric=true; human_label=false; page_score_carried_from_dataset_v4=true; ranking_target_used_for_preferences=true
пластиковые окна Краснодар,https://okna-zavod-krasnodar.ru/,77.3,83.3324,82.709,100.0,medium,False,seo_weighted_page_quality_v5,d51_query_preference_rubric_v1,deterministic_expert_rubric=true; human_label=false; page_score_carried_from_dataset_v4=true; ranking_target_used_for_preferences=true
пластиковые окна Краснодар,https://markakachestva.ru/amenities/6129-luchshie-firmy-plastikovyh-okon-krasnodara-rejting.html,67.5,73.3026,67.8509,92.5,medium,False,seo_weighted_page_quality_v5,d51_query_preference_rubric_v1,deterministic_expert_rubric=true; human_label=false; page_score_carried_from_dataset_v4=true; ranking_target_used_for_preferences=true
пластиковые окна Краснодар,https://krasnodar.vekaregion.ru/,73.9,77.2355,79.1165,85.0,medium,False,seo_weighted_page_quality_v5,d51_query_preference_rubric_v1,deterministic_expert_rubric=true; human_label=false; page_score_carried_from_dataset_v4=true; ranking_target_used_for_preferences=true
пластиковые окна Краснодар,https://okna-pvh-krasnodar.ru/,75.5,75.9404,75.3691,77.5,medium,False,seo_weighted_page_quality_v5,d51_query_preference_rubric_v1,deterministic_expert_rubric=true; human_label=false; page_score_carried_from_dataset_v4=true; ranking_target_used_for_preferences=true
пластиковые окна Краснодар,https://vekazavod.ru/,69.9,70.6991,75.074,70.0,medium,False,seo_weighted_page_quality_v5,d51_query_preference_rubric_v1,deterministic_expert_rubric=true; human_label=false; page_score_carried_from_dataset_v4=true; ranking_target_used_for_preferences=true
пластиковые окна Краснодар,https://krasnodar.delaem-okna.ru/,78.5,75.5161,83.1406,62.5,medium,False,seo_weighted_page_quality_v5,d51_query_preference_rubric_v1,deterministic_expert_rubric=true; human_label=false; page_score_carried_from_dataset_v4=true; ranking_target_used_for_preferences=true
пластиковые окна Краснодар,https://krasnodar.oknatrade.ru/catalog/plastikovye-okna/,69.3,66.7151,73.9943,55.0,medium,False,seo_weighted_page_quality_v5,d51_query_preference_rubric_v1,deterministic_expert_rubric=true; human_label=false; page_score_carried_from_dataset_v4=true; ranking_target_used_for_preferences=true
пластиковые окна Краснодар,https://okna-193.ru/,67.4,64.2023,76.5951,47.5,medium,False,seo_weighted_page_quality_v5,d51_query_preference_rubric_v1,deterministic_expert_rubric=true; human_label=false; page_score_carried_from_dataset_v4=true; ranking_target_used_for_preferences=true
пластиковые окна Краснодар,https://1oknozavod.ru/,66.3,61.364,73.7202,40.0,medium,False,seo_weighted_page_quality_v5,d51_query_preference_rubric_v1,deterministic_expert_rubric=true; human_label=false; page_score_carried_from_dataset_v4=true; ranking_target_used_for_preferences=true
пластиковые окна Краснодар,https://gornica-okna.ru/,70.6,62.7148,76.4518,32.5,medium,False,seo_weighted_page_quality_v5,d51_query_preference_rubric_v1,deterministic_expert_rubric=true; human_label=false; page_score_carried_from_dataset_v4=true; ranking_target_used_for_preferences=true
пластиковые окна Самара,https://okna-sok.ru/,83.1,87.9818,89.7321,100.0,medium,False,seo_weighted_page_quality_v5,d51_query_preference_rubric_v1,deterministic_expert_rubric=true; human_label=false; page_score_carried_from_dataset_v4=true; ranking_target_used_for_preferences=true
пластиковые окна Самара,https://oknasravni.ru/samara,73.1,78.8933,81.9757,92.5,medium,False,seo_weighted_page_quality_v5,d51_query_preference_rubric_v1,deterministic_expert_rubric=true; human_label=false; page_score_carried_from_dataset_v4=true; ranking_target_used_for_preferences=true
пластиковые окна Самара,https://oknazavr.ru/samara/plastikovye-okna/,72.0,77.0538,85.7585,85.0,medium,False,seo_weighted_page_quality_v5,d51_query_preference_rubric_v1,deterministic_expert_rubric=true; human_label=false; page_score_carried_from_dataset_v4=true; ranking_target_used_for_preferences=true
пластиковые окна Самара,https://samara.okna-plastikovyye.ru/,74.5,74.9514,72.9095,77.5,medium,False,seo_weighted_page_quality_v5,d51_query_preference_rubric_v1,deterministic_expert_rubric=true; human_label=false; page_score_carried_from_dataset_v4=true; ranking_target_used_for_preferences=true
пластиковые окна Самара,https://azbukaokon63.ru/,73.8,73.9498,80.6255,70.0,medium,False,seo_weighted_page_quality_v5,d51_query_preference_rubric_v1,deterministic_expert_rubric=true; human_label=false; page_score_carried_from_dataset_v4=true; ranking_target_used_for_preferences=true
пластиковые окна Самара,https://samara.delaem-okna.ru/,80.7,77.3472,86.2547,62.5,medium,False,seo_weighted_page_quality_v5,d51_query_preference_rubric_v1,deterministic_expert_rubric=true; human_label=false; page_score_carried_from_dataset_v4=true; ranking_target_used_for_preferences=true
пластиковые окна Самара,https://npik.ru/,79.1,74.2122,83.4681,55.0,medium,False,seo_weighted_page_quality_v5,d51_query_preference_rubric_v1,deterministic_expert_rubric=true; human_label=false; page_score_carried_from_dataset_v4=true; ranking_target_used_for_preferences=true
пластиковые окна Самара,https://mirokon-samara.ru/,68.3,65.4489,81.1861,47.5,medium,False,seo_weighted_page_quality_v5,d51_query_preference_rubric_v1,deterministic_expert_rubric=true; human_label=false; page_score_carried_from_dataset_v4=true; ranking_target_used_for_preferences=true
пластиковые окна Самара,https://www.avito.ru/samara/remont_i_stroitelstvo/plastikovye_okna_8099668986,27.3,28.7236,17.3174,40.0,blocked,False,seo_weighted_page_quality_v5,d51_query_preference_rubric_v1,deterministic_expert_rubric=true; human_label=false; page_score_carried_from_dataset_v4=true; ranking_target_used_for_preferences=true
пластиковые окна Самара,https://smr.okna-olkon.ru/,75.8,67.5376,87.1108,32.5,medium,False,seo_weighted_page_quality_v5,d51_query_preference_rubric_v1,deterministic_expert_rubric=true; human_label=false; page_score_carried_from_dataset_v4=true; ranking_target_used_for_preferences=true
пластиковые окна Нижний Новгород,https://www.oknakompas.ru/,73.1,79.5853,75.0889,100.0,medium,False,seo_weighted_page_quality_v5,d51_query_preference_rubric_v1,deterministic_expert_rubric=true; human_label=false; page_score_carried_from_dataset_v4=true; ranking_target_used_for_preferences=true
пластиковые окна Нижний Новгород,https://oknazavr.ru/nizhniy-novgorod/plastikovye-okna/,67.3,74.6225,77.477,92.5,medium,False,seo_weighted_page_quality_v5,d51_query_preference_rubric_v1,deterministic_expert_rubric=true; human_label=false; page_score_carried_from_dataset_v4=true; ranking_target_used_for_preferences=true
пластиковые окна Нижний Новгород,https://nn.okna-plastikovyye.ru/,73.7,75.8904,70.9762,85.0,medium,False,seo_weighted_page_quality_v5,d51_query_preference_rubric_v1,deterministic_expert_rubric=true; human_label=false; page_score_carried_from_dataset_v4=true; ranking_target_used_for_preferences=true
пластиковые окна Нижний Новгород,https://окна-саксэс.рф/,76.5,76.758,76.6869,77.5,medium,False,seo_weighted_page_quality_v5,d51_query_preference_rubric_v1,deterministic_expert_rubric=true; human_label=false; page_score_carried_from_dataset_v4=true; ranking_target_used_for_preferences=true
пластиковые окна Нижний Новгород,https://akonta.ru/,79.5,77.8958,83.3723,70.0,medium,False,seo_weighted_page_quality_v5,d51_query_preference_rubric_v1,deterministic_expert_rubric=true; human_label=false; page_score_carried_from_dataset_v4=true; ranking_target_used_for_preferences=true
пластиковые окна Нижний Новгород,https://profinn52.ru/,62.5,63.7637,70.9248,62.5,low,False,seo_weighted_page_quality_v5,d51_query_preference_rubric_v1,deterministic_expert_rubric=true; human_label=false; page_score_carried_from_dataset_v4=true; ranking_target_used_for_preferences=true
пластиковые окна Нижний Новгород,https://prizma-okna.ru/,68.4,66.3691,75.407,55.0,medium,False,seo_weighted_page_quality_v5,d51_query_preference_rubric_v1,deterministic_expert_rubric=true; human_label=false; page_score_carried_from_dataset_v4=true; ranking_target_used_for_preferences=true
пластиковые окна Нижний Новгород,https://okna-navsegda.ru/,73.9,68.4111,77.7873,47.5,medium,False,seo_weighted_page_quality_v5,d51_query_preference_rubric_v1,deterministic_expert_rubric=true; human_label=false; page_score_carried_from_dataset_v4=true; ranking_target_used_for_preferences=true
пластиковые окна Нижний Новгород,https://schtandart-nn.ru/,69.8,64.0046,76.8577,40.0,medium,False,seo_weighted_page_quality_v5,d51_query_preference_rubric_v1,deterministic_expert_rubric=true; human_label=false; page_score_carried_from_dataset_v4=true; ranking_target_used_for_preferences=true
пластиковые окна Нижний Новгород,https://nn.zavod-okna-pvh.ru/,75.3,65.8778,78.1117,32.5,medium,False,seo_weighted_page_quality_v5,d51_query_preference_rubric_v1,deterministic_expert_rubric=true; human_label=false; page_score_carried_from_dataset_v4=true; ranking_target_used_for_preferences=true
пластиковые окна цена Москва,https://oknafoster.ru/plastikovye-okna-ceny/,82.1,87.353,89.6732,100.0,medium,False,seo_weighted_page_quality_v5,d51_query_preference_rubric_v1,deterministic_expert_rubric=true; human_label=false; page_score_carried_from_dataset_v4=true; ranking_target_used_for_preferences=true
пластиковые окна цена Москва,https://lemanapro.ru/catalogue/plastikovye-okna/,27.2,40.559,16.1331,92.5,blocked,False,seo_weighted_page_quality_v5,d51_query_preference_rubric_v1,deterministic_expert_rubric=true; human_label=false; page_score_carried_from_dataset_v4=true; ranking_target_used_for_preferences=true
пластиковые окна цена Москва,https://www.veka.ru/calc,60.2,66.852,66.5197,85.0,low,False,seo_weighted_page_quality_v5,d51_query_preference_rubric_v1,deterministic_expert_rubric=true; human_label=false; page_score_carried_from_dataset_v4=true; ranking_target_used_for_preferences=true
пластиковые окна цена Москва,https://o-kno.ru/,78.0,79.7711,90.5739,77.5,medium,False,seo_weighted_page_quality_v5,d51_query_preference_rubric_v1,deterministic_expert_rubric=true; human_label=false; page_score_carried_from_dataset_v4=true; ranking_target_used_for_preferences=true
пластиковые окна цена Москва,https://www.fabrikaokon.ru/price-b.html,80.9,79.3781,87.4671,70.0,medium,False,seo_weighted_page_quality_v5,d51_query_preference_rubric_v1,deterministic_expert_rubric=true; human_label=false; page_score_carried_from_dataset_v4=true; ranking_target_used_for_preferences=true
пластиковые окна цена Москва,https://mosplastokna.ru/,72.5,71.7067,82.5449,62.5,medium,False,seo_weighted_page_quality_v5,d51_query_preference_rubric_v1,deterministic_expert_rubric=true; human_label=false; page_score_carried_from_dataset_v4=true; ranking_target_used_for_preferences=true
пластиковые окна цена Москва,https://www.mosokna.ru/,77.3,72.6232,80.315,55.0,medium,False,seo_weighted_page_quality_v5,d51_query_preference_rubric_v1,deterministic_expert_rubric=true; human_label=false; page_score_carried_from_dataset_v4=true; ranking_target_used_for_preferences=true
пластиковые окна цена Москва,https://www.oknaprosvet.ru/,74.7,69.5151,81.8407,47.5,medium,False,seo_weighted_page_quality_v5,d51_query_preference_rubric_v1,deterministic_expert_rubric=true; human_label=false; page_score_carried_from_dataset_v4=true; ranking_target_used_for_preferences=true
пластиковые окна цена Москва,https://www.melke.ru/,74.4,67.1824,79.0293,40.0,medium,False,seo_weighted_page_quality_v5,d51_query_preference_rubric_v1,deterministic_expert_rubric=true; human_label=false; page_score_carried_from_dataset_v4=true; ranking_target_used_for_preferences=true
пластиковые окна цена Москва,https://okno.ru/kalkulyator-okon/,65.0,58.4843,71.3956,32.5,medium,False,seo_weighted_page_quality_v5,d51_query_preference_rubric_v1,deterministic_expert_rubric=true; human_label=false; page_score_carried_from_dataset_v4=true; ranking_target_used_for_preferences=true
пластиковые окна цена Санкт-Петербург,https://zavod-plastikovih-okon.ru/,73.5,79.9267,75.7116,100.0,medium,False,seo_weighted_page_quality_v5,d51_query_preference_rubric_v1,deterministic_expert_rubric=true; human_label=false; page_score_carried_from_dataset_v4=true; ranking_target_used_for_preferences=true
пластиковые окна цена Санкт-Петербург,https://spb.oknafactoria.ru/,22.6,38.965,24.5203,92.5,blocked,False,seo_weighted_page_quality_v5,d51_query_preference_rubric_v1,deterministic_expert_rubric=true; human_label=false; page_score_carried_from_dataset_v4=true; ranking_target_used_for_preferences=true
пластиковые окна цена Санкт-Петербург,https://okna-spb.ru/,71.3,74.1253,69.1285,85.0,medium,False,seo_weighted_page_quality_v5,d51_query_preference_rubric_v1,deterministic_expert_rubric=true; human_label=false; page_score_carried_from_dataset_v4=true; ranking_target_used_for_preferences=true
пластиковые окна цена Санкт-Петербург,https://oknasravni.ru/sankt-peterburg,69.2,72.5716,78.9504,77.5,medium,False,seo_weighted_page_quality_v5,d51_query_preference_rubric_v1,deterministic_expert_rubric=true; human_label=false; page_score_carried_from_dataset_v4=true; ranking_target_used_for_preferences=true
пластиковые окна цена Санкт-Петербург,https://petrookna.ru/price,65.4,67.9057,75.0512,70.0,medium,False,seo_weighted_page_quality_v5,d51_query_preference_rubric_v1,deterministic_expert_rubric=true; human_label=false; page_score_carried_from_dataset_v4=true; ranking_target_used_for_preferences=true
пластиковые окна цена Санкт-Петербург,https://zavod-okon-spb.ru/,66.2,65.8992,69.8681,62.5,medium,False,seo_weighted_page_quality_v5,d51_query_preference_rubric_v1,deterministic_expert_rubric=true; human_label=false; page_score_carried_from_dataset_v4=true; ranking_target_used_for_preferences=true
пластиковые окна цена Санкт-Петербург,https://zavod-okna-pvh.ru/,79.4,74.4351,83.714,55.0,medium,False,seo_weighted_page_quality_v5,d51_query_preference_rubric_v1,deterministic_expert_rubric=true; human_label=false; page_score_carried_from_dataset_v4=true; ranking_target_used_for_preferences=true
пластиковые окна цена Санкт-Петербург,https://spb.okna-tseny.ru/,74.7,69.8187,83.8646,47.5,medium,False,seo_weighted_page_quality_v5,d51_query_preference_rubric_v1,deterministic_expert_rubric=true; human_label=false; page_score_carried_from_dataset_v4=true; ranking_target_used_for_preferences=true
пластиковые окна цена Санкт-Петербург,https://okna-centre.ru/,76.9,69.3499,83.1463,40.0,medium,False,seo_weighted_page_quality_v5,d51_query_preference_rubric_v1,deterministic_expert_rubric=true; human_label=false; page_score_carried_from_dataset_v4=true; ranking_target_used_for_preferences=true
пластиковые окна цена Санкт-Петербург,https://ostekleniespb.ru/,83.2,72.1552,87.3079,32.5,medium,False,seo_weighted_page_quality_v5,d51_query_preference_rubric_v1,deterministic_expert_rubric=true; human_label=false; page_score_carried_from_dataset_v4=true; ranking_target_used_for_preferences=true
пластиковые окна цена Екатеринбург,https://oknazavr.ru/ekaterinburg/plastikovye-okna/,70.0,78.5425,80.9497,100.0,medium,False,seo_weighted_page_quality_v5,d51_query_preference_rubric_v1,deterministic_expert_rubric=true; human_label=false; page_score_carried_from_dataset_v4=true; ranking_target_used_for_preferences=true
пластиковые окна цена Екатеринбург,https://ekb.okna-olkon.ru/,74.8,79.8973,81.6419,92.5,medium,False,seo_weighted_page_quality_v5,d51_query_preference_rubric_v1,deterministic_expert_rubric=true; human_label=false; page_score_carried_from_dataset_v4=true; ranking_target_used_for_preferences=true
пластиковые окна цена Екатеринбург,https://ekat.steklodom.com/windowsconstructor/,61.6,64.3312,66.9282,70.0,low,False,seo_weighted_page_quality_v5,d51_query_preference_rubric_v1,deterministic_expert_rubric=true; human_label=false; page_score_carried_from_dataset_v4=true; ranking_target_used_for_preferences=true
пластиковые окна цена Екатеринбург,https://svoiokna96.ru/,63.7,64.0186,67.664,62.5,low,False,seo_weighted_page_quality_v5,d51_query_preference_rubric_v1,deterministic_expert_rubric=true; human_label=false; page_score_carried_from_dataset_v4=true; ranking_target_used_for_preferences=true
пластиковые окна цена Екатеринбург,https://oknasravni.ru/ekaterinburg,66.5,61.8072,75.8482,40.0,medium,False,seo_weighted_page_quality_v5,d51_query_preference_rubric_v1,deterministic_expert_rubric=true; human_label=false; page_score_carried_from_dataset_v4=true; ranking_target_used_for_preferences=true
пластиковые окна цена Новосибирск,https://novosibirsk.okna-plastikovyye.ru/,76.4,81.0689,71.3394,100.0,medium,False,seo_weighted_page_quality_v5,d51_query_preference_rubric_v1,deterministic_expert_rubric=true; human_label=false; page_score_carried_from_dataset_v4=true; ranking_target_used_for_preferences=true
пластиковые окна цена Новосибирск,https://oknazavr.ru/novosibirsk/plastikovye-okna/,69.2,76.2022,80.1548,92.5,medium,False,seo_weighted_page_quality_v5,d51_query_preference_rubric_v1,deterministic_expert_rubric=true; human_label=false; page_score_carried_from_dataset_v4=true; ranking_target_used_for_preferences=true
пластиковые окна цена Новосибирск,https://novosibirsk.zavod-okna-pvh.ru/,78.0,79.8358,79.5051,85.0,medium,False,seo_weighted_page_quality_v5,d51_query_preference_rubric_v1,deterministic_expert_rubric=true; human_label=false; page_score_carried_from_dataset_v4=true; ranking_target_used_for_preferences=true
пластиковые окна цена Новосибирск,https://r-okna.com/,78.0,78.2236,80.2575,77.5,medium,False,seo_weighted_page_quality_v5,d51_query_preference_rubric_v1,deterministic_expert_rubric=true; human_label=false; page_score_carried_from_dataset_v4=true; ranking_target_used_for_preferences=true
пластиковые окна цена Новосибирск,https://oknasravni.ru/novosibirsk,66.4,68.5159,74.9861,70.0,medium,False,seo_weighted_page_quality_v5,d51_query_preference_rubric_v1,deterministic_expert_rubric=true; human_label=false; page_score_carried_from_dataset_v4=true; ranking_target_used_for_preferences=true
пластиковые окна цена Новосибирск,https://mirokon-nsk.ru/,68.7,68.892,79.487,62.5,medium,False,seo_weighted_page_quality_v5,d51_query_preference_rubric_v1,deterministic_expert_rubric=true; human_label=false; page_score_carried_from_dataset_v4=true; ranking_target_used_for_preferences=true
пластиковые окна цена Новосибирск,https://oknaveka.com/,75.1,70.6312,76.1283,55.0,medium,False,seo_weighted_page_quality_v5,d51_query_preference_rubric_v1,deterministic_expert_rubric=true; human_label=false; page_score_carried_from_dataset_v4=true; ranking_target_used_for_preferences=true
пластиковые окна цена Новосибирск,https://plastikovye-okna-nsk.ru/,77.8,70.8636,78.0175,47.5,medium,False,seo_weighted_page_quality_v5,d51_query_preference_rubric_v1,deterministic_expert_rubric=true; human_label=false; page_score_carried_from_dataset_v4=true; ranking_target_used_for_preferences=true
пластиковые окна цена Новосибирск,https://sitc.ru/novosibirsk/okna/,70.7,65.0849,80.3391,40.0,medium,False,seo_weighted_page_quality_v5,d51_query_preference_rubric_v1,deterministic_expert_rubric=true; human_label=false; page_score_carried_from_dataset_v4=true; ranking_target_used_for_preferences=true
пластиковые окна цена Новосибирск,https://novosibirsk.lemanapro.ru/catalogue/plastikovye-okna/,25.1,25.4555,16.1233,32.5,blocked,False,seo_weighted_page_quality_v5,d51_query_preference_rubric_v1,deterministic_expert_rubric=true; human_label=false; page_score_carried_from_dataset_v4=true; ranking_target_used_for_preferences=true
пластиковые окна цена Казань,https://plastikovye-okna-kazan.ru/,81.9,85.9915,81.4232,100.0,medium,False,seo_weighted_page_quality_v5,d51_query_preference_rubric_v1,deterministic_expert_rubric=true; human_label=false; page_score_carried_from_dataset_v4=true; ranking_target_used_for_preferences=true
пластиковые окна цена Казань,https://vottakieokna.ru/,69.5,75.0285,71.0898,92.5,medium,False,seo_weighted_page_quality_v5,d51_query_preference_rubric_v1,deterministic_expert_rubric=true; human_label=false; page_score_carried_from_dataset_v4=true; ranking_target_used_for_preferences=true
пластиковые окна цена Казань,https://kazan.okna-plastikovyye.ru/,73.5,75.0458,66.1723,85.0,medium,False,seo_weighted_page_quality_v5,d51_query_preference_rubric_v1,deterministic_expert_rubric=true; human_label=false; page_score_carried_from_dataset_v4=true; ranking_target_used_for_preferences=true
пластиковые окна цена Казань,https://oknazavr.ru/kazan/,59.9,62.9646,64.844,70.0,low,False,seo_weighted_page_quality_v5,d51_query_preference_rubric_v1,deterministic_expert_rubric=true; human_label=false; page_score_carried_from_dataset_v4=true; ranking_target_used_for_preferences=true
пластиковые окна цена Казань,https://www.okna-rubin.ru/,76.1,73.1959,77.5929,62.5,medium,False,seo_weighted_page_quality_v5,d51_query_preference_rubric_v1,deterministic_expert_rubric=true; human_label=false; page_score_carried_from_dataset_v4=true; ranking_target_used_for_preferences=true
пластиковые окна цена Казань,https://oknamall.ru/,60.6,59.2539,60.2129,55.0,low,False,seo_weighted_page_quality_v5,d51_query_preference_rubric_v1,deterministic_expert_rubric=true; human_label=false; page_score_carried_from_dataset_v4=true; ranking_target_used_for_preferences=true
пластиковые окна цена Казань,https://kazan-ihlas.ru/,78.6,72.5837,86.1778,47.5,medium,False,seo_weighted_page_quality_v5,d51_query_preference_rubric_v1,deterministic_expert_rubric=true; human_label=false; page_score_carried_from_dataset_v4=true; ranking_target_used_for_preferences=true
пластиковые окна цена Казань,https://kazan.essokna.ru/,78.5,70.1996,82.1972,40.0,medium,False,seo_weighted_page_quality_v5,d51_query_preference_rubric_v1,deterministic_expert_rubric=true; human_label=false; page_score_carried_from_dataset_v4=true; ranking_target_used_for_preferences=true
пластиковые окна цена Казань,https://kazan.zavod-okna-pvh.ru/,73.5,64.2582,74.7545,32.5,medium,False,seo_weighted_page_quality_v5,d51_query_preference_rubric_v1,deterministic_expert_rubric=true; human_label=false; page_score_carried_from_dataset_v4=true; ranking_target_used_for_preferences=true
пластиковые окна цена Краснодар,https://okna-zavod-krasnodar.ru/,77.0,82.9184,81.189,100.0,medium,False,seo_weighted_page_quality_v5,d51_query_preference_rubric_v1,deterministic_expert_rubric=true; human_label=false; page_score_carried_from_dataset_v4=true; ranking_target_used_for_preferences=true
пластиковые окна цена Краснодар,https://oknazavr.ru/krasnodar/plastikovye-okna/,68.8,75.8931,79.7473,92.5,medium,False,seo_weighted_page_quality_v5,d51_query_preference_rubric_v1,deterministic_expert_rubric=true; human_label=false; page_score_carried_from_dataset_v4=true; ranking_target_used_for_preferences=true
пластиковые окна цена Краснодар,https://krasnodar.delaem-okna.ru/,80.4,81.9513,83.6888,85.0,medium,False,seo_weighted_page_quality_v5,d51_query_preference_rubric_v1,deterministic_expert_rubric=true; human_label=false; page_score_carried_from_dataset_v4=true; ranking_target_used_for_preferences=true
пластиковые окна цена Краснодар,https://krasnodar.okna-tseny.ru/,74.3,75.9858,80.6321,77.5,medium,False,seo_weighted_page_quality_v5,d51_query_preference_rubric_v1,deterministic_expert_rubric=true; human_label=false; page_score_carried_from_dataset_v4=true; ranking_target_used_for_preferences=true
пластиковые окна цена Краснодар,https://krasnodar.oknatrade.ru/catalog/plastikovye-okna/,70.0,70.4962,73.308,70.0,medium,False,seo_weighted_page_quality_v5,d51_query_preference_rubric_v1,deterministic_expert_rubric=true; human_label=false; page_score_carried_from_dataset_v4=true; ranking_target_used_for_preferences=true
пластиковые окна цена Краснодар,https://krasnodar.zavod-okna-pvh.ru/,75.7,72.8189,76.7326,62.5,medium,False,seo_weighted_page_quality_v5,d51_query_preference_rubric_v1,deterministic_expert_rubric=true; human_label=false; page_score_carried_from_dataset_v4=true; ranking_target_used_for_preferences=true
пластиковые окна цена Краснодар,https://oknasravni.ru/krasnodar,66.2,65.0033,75.3956,55.0,medium,False,seo_weighted_page_quality_v5,d51_query_preference_rubric_v1,deterministic_expert_rubric=true; human_label=false; page_score_carried_from_dataset_v4=true; ranking_target_used_for_preferences=true
пластиковые окна цена Краснодар,https://okna-193.ru/,70.2,66.4844,80.2358,47.5,medium,False,seo_weighted_page_quality_v5,d51_query_preference_rubric_v1,deterministic_expert_rubric=true; human_label=false; page_score_carried_from_dataset_v4=true; ranking_target_used_for_preferences=true
пластиковые окна цена Краснодар,https://glas-okna.ru/plastikovye-okna/,67.6,61.9359,72.1591,40.0,medium,False,seo_weighted_page_quality_v5,d51_query_preference_rubric_v1,deterministic_expert_rubric=true; human_label=false; page_score_carried_from_dataset_v4=true; ranking_target_used_for_preferences=true
пластиковые окна цена Краснодар,https://krasnodar.okna-plastikovyye.ru/,70.6,61.1462,65.9944,32.5,medium,False,seo_weighted_page_quality_v5,d51_query_preference_rubric_v1,deterministic_expert_rubric=true; human_label=false; page_score_carried_from_dataset_v4=true; ranking_target_used_for_preferences=true
пластиковые окна цена Самара,https://oknasravni.ru/samara,70.1,78.4283,79.7756,100.0,medium,False,seo_weighted_page_quality_v5,d51_query_preference_rubric_v1,deterministic_expert_rubric=true; human_label=false; page_score_carried_from_dataset_v4=true; ranking_target_used_for_preferences=true
пластиковые окна цена Самара,https://oknazavr.ru/samara/plastikovye-okna/,71.7,78.4588,84.8653,92.5,medium,False,seo_weighted_page_quality_v5,d51_query_preference_rubric_v1,deterministic_expert_rubric=true; human_label=false; page_score_carried_from_dataset_v4=true; ranking_target_used_for_preferences=true
пластиковые окна цена Самара,https://azbukaokon63.ru/,74.8,77.9627,80.2447,85.0,medium,False,seo_weighted_page_quality_v5,d51_query_preference_rubric_v1,deterministic_expert_rubric=true; human_label=false; page_score_carried_from_dataset_v4=true; ranking_target_used_for_preferences=true
пластиковые окна цена Самара,https://okna-sok.ru/,80.7,80.6785,85.4632,77.5,medium,False,seo_weighted_page_quality_v5,d51_query_preference_rubric_v1,deterministic_expert_rubric=true; human_label=false; page_score_carried_from_dataset_v4=true; ranking_target_used_for_preferences=true
пластиковые окна цена Самара,https://samara.okna-plastikovyye.ru/,74.2,72.865,71.7398,70.0,medium,False,seo_weighted_page_quality_v5,d51_query_preference_rubric_v1,deterministic_expert_rubric=true; human_label=false; page_score_carried_from_dataset_v4=true; ranking_target_used_for_preferences=true
пластиковые окна цена Самара,https://smr.okna-olkon.ru/,74.1,72.6095,81.9498,62.5,medium,False,seo_weighted_page_quality_v5,d51_query_preference_rubric_v1,deterministic_expert_rubric=true; human_label=false; page_score_carried_from_dataset_v4=true; ranking_target_used_for_preferences=true
пластиковые окна цена Самара,https://npik.ru/,80.3,75.0854,84.3295,55.0,medium,False,seo_weighted_page_quality_v5,d51_query_preference_rubric_v1,deterministic_expert_rubric=true; human_label=false; page_score_carried_from_dataset_v4=true; ranking_target_used_for_preferences=true
пластиковые окна цена Самара,https://samara.delaem-okna.ru/,80.9,74.0722,86.5943,47.5,medium,False,seo_weighted_page_quality_v5,d51_query_preference_rubric_v1,deterministic_expert_rubric=true; human_label=false; page_score_carried_from_dataset_v4=true; ranking_target_used_for_preferences=true
пластиковые окна цена Самара,https://mirokon-samara.ru/,65.9,61.7667,78.0582,40.0,medium,False,seo_weighted_page_quality_v5,d51_query_preference_rubric_v1,deterministic_expert_rubric=true; human_label=false; page_score_carried_from_dataset_v4=true; ranking_target_used_for_preferences=true
пластиковые окна цена Самара,https://www.avito.ru/samara/remont_i_stroitelstvo/plastikovye_okna_8099668986,24.3,25.0317,16.6043,32.5,blocked,False,seo_weighted_page_quality_v5,d51_query_preference_rubric_v1,deterministic_expert_rubric=true; human_label=false; page_score_carried_from_dataset_v4=true; ranking_target_used_for_preferences=true
пластиковые окна цена Нижний Новгород,https://www.oknakompas.ru/,72.7,77.4695,74.1366,92.5,medium,False,seo_weighted_page_quality_v5,d51_query_preference_rubric_v1,deterministic_expert_rubric=true; human_label=false; page_score_carried_from_dataset_v4=true; ranking_target_used_for_preferences=true
пластиковые окна цена Нижний Новгород,https://окна-саксэс.рф/,77.6,79.1388,76.5117,85.0,medium,False,seo_weighted_page_quality_v5,d51_query_preference_rubric_v1,deterministic_expert_rubric=true; human_label=false; page_score_carried_from_dataset_v4=true; ranking_target_used_for_preferences=true
пластиковые окна цена Нижний Новгород,https://nn.okna-plastikovyye.ru/,72.2,72.7771,67.9209,77.5,medium,False,seo_weighted_page_quality_v5,d51_query_preference_rubric_v1,deterministic_expert_rubric=true; human_label=false; page_score_carried_from_dataset_v4=true; ranking_target_used_for_preferences=true
пластиковые окна цена Нижний Новгород,https://akonta.ru/,78.0,76.6414,81.2091,70.0,medium,False,seo_weighted_page_quality_v5,d51_query_preference_rubric_v1,deterministic_expert_rubric=true; human_label=false; page_score_carried_from_dataset_v4=true; ranking_target_used_for_preferences=true
пластиковые окна цена Нижний Новгород,https://nizhniy.essokna.ru/,80.1,76.6986,84.4104,62.5,medium,False,seo_weighted_page_quality_v5,d51_query_preference_rubric_v1,deterministic_expert_rubric=true; human_label=false; page_score_carried_from_dataset_v4=true; ranking_target_used_for_preferences=true
пластиковые окна цена Нижний Новгород,https://domokna52.ru/ceny/ceny-na-plastikovye-okna/,69.8,67.3184,75.9493,55.0,medium,False,seo_weighted_page_quality_v5,d51_query_preference_rubric_v1,deterministic_expert_rubric=true; human_label=false; page_score_carried_from_dataset_v4=true; ranking_target_used_for_preferences=true
пластиковые окна цена Нижний Новгород,https://oknavnizhnemnovgorode.ru/,69.0,64.727,73.48,47.5,medium,False,seo_weighted_page_quality_v5,d51_query_preference_rubric_v1,deterministic_expert_rubric=true; human_label=false; page_score_carried_from_dataset_v4=true; ranking_target_used_for_preferences=true
пластиковые окна цена Нижний Новгород,https://nizhnijnovgorod.delaem-okna.ru/,76.8,68.857,80.2737,40.0,medium,False,seo_weighted_page_quality_v5,d51_query_preference_rubric_v1,deterministic_expert_rubric=true; human_label=false; page_score_carried_from_dataset_v4=true; ranking_target_used_for_preferences=true
пластиковые окна цена Нижний Новгород,https://prizma-okna.ru/,64.8,58.0289,69.186,32.5,low,False,seo_weighted_page_quality_v5,d51_query_preference_rubric_v1,deterministic_expert_rubric=true; human_label=false; page_score_carried_from_dataset_v4=true; ranking_target_used_for_preferences=true
как выбрать пластиковые окна,https://dom.mail.ru/articles/77101-kak-pravilno-vybrat-plastikovye-okna/,82.3,87.8948,92.4587,100.0,medium,False,seo_weighted_page_quality_v5,d51_query_preference_rubric_v1,deterministic_expert_rubric=true; human_label=false; page_score_carried_from_dataset_v4=true; ranking_target_used_for_preferences=true
как выбрать пластиковые окна,https://news.ru/society/kak-vybrat-plastikovye-okna-polnyj-gajd-po-materialam-vidam-i-furniture,72.7,78.0485,77.9969,92.5,medium,False,seo_weighted_page_quality_v5,d51_query_preference_rubric_v1,deterministic_expert_rubric=true; human_label=false; page_score_carried_from_dataset_v4=true; ranking_target_used_for_preferences=true
как выбрать пластиковые окна,https://okonti.ru/articles/kak-vybrat-plastikovye-okna-v-kvartiru/,87.2,86.8401,88.1742,85.0,high,False,seo_weighted_page_quality_v5,d51_query_preference_rubric_v1,deterministic_expert_rubric=true; human_label=false; page_score_carried_from_dataset_v4=true; ranking_target_used_for_preferences=true
как выбрать пластиковые окна,https://www.metronews.ru/partners/novosti-partnerov-255/reviews/kak-vybrat-plastikovye-okna-polnoe-rukovodstvo-dlya-pokupatelya-2187979/,81.1,81.1894,87.2157,77.5,medium,False,seo_weighted_page_quality_v5,d51_query_preference_rubric_v1,deterministic_expert_rubric=true; human_label=false; page_score_carried_from_dataset_v4=true; ranking_target_used_for_preferences=true
как выбрать пластиковые окна,https://mossetka.ru/Articles/Post/kak-vybrat-plastikovye-okna-pravilno,81.8,79.7201,86.0274,70.0,medium,False,seo_weighted_page_quality_v5,d51_query_preference_rubric_v1,deterministic_expert_rubric=true; human_label=false; page_score_carried_from_dataset_v4=true; ranking_target_used_for_preferences=true
как выбрать пластиковые окна,https://www.kp.ru/expert/stroitelstvo/luchshie-plastikovye-okna/,72.4,70.996,78.2203,62.5,medium,False,seo_weighted_page_quality_v5,d51_query_preference_rubric_v1,deterministic_expert_rubric=true; human_label=false; page_score_carried_from_dataset_v4=true; ranking_target_used_for_preferences=true
как выбрать пластиковые окна,https://geometrium-school.ru/blog/kak-vybrat-plastikovye-okna/,86.0,79.1535,87.8899,55.0,high,False,seo_weighted_page_quality_v5,d51_query_preference_rubric_v1,deterministic_expert_rubric=true; human_label=false; page_score_carried_from_dataset_v4=true; ranking_target_used_for_preferences=true
как выбрать пластиковые окна,https://okna-kpi.ru/vse-ob-oknakh/kak-vybrat-standartnye-razmery-i-vidy-plastikovyh-okon/,70.1,65.7371,75.6672,47.5,medium,False,seo_weighted_page_quality_v5,d51_query_preference_rubric_v1,deterministic_expert_rubric=true; human_label=false; page_score_carried_from_dataset_v4=true; ranking_target_used_for_preferences=true
как выбрать пластиковые окна,https://www.ivd.ru/stroitelstvo-i-remont/okna/kak-vybrat-plastikovye-okna-4-vazhnyh-momenta-kotorye-nuzhno-uchest-44801,74.4,68.329,86.6733,40.0,medium,False,seo_weighted_page_quality_v5,d51_query_preference_rubric_v1,deterministic_expert_rubric=true; human_label=false; page_score_carried_from_dataset_v4=true; ranking_target_used_for_preferences=true
как выбрать пластиковые окна,https://www.veka.ru/spravochnik/articles/windows/kakie-plastikovye-okna-luchshe,74.4,66.4092,85.3747,32.5,medium,False,seo_weighted_page_quality_v5,d51_query_preference_rubric_v1,deterministic_expert_rubric=true; human_label=false; page_score_carried_from_dataset_v4=true; ranking_target_used_for_preferences=true
пластиковые окна отзывы,https://otzovikon.com/subject/188/plastikovye-okna,76.9,83.7059,86.8528,100.0,medium,True,seo_weighted_page_quality_v5,d51_query_preference_rubric_v1,deterministic_expert_rubric=true; human_label=false; page_score_carried_from_dataset_v4=true; ranking_target_used_for_preferences=true
пластиковые окна отзывы,https://vyboroved.ru/reyting/luchshie-plastikovye-okna,63.3,69.694,61.1534,92.5,low,True,seo_weighted_page_quality_v5,d51_query_preference_rubric_v1,deterministic_expert_rubric=true; human_label=false; page_score_carried_from_dataset_v4=true; ranking_target_used_for_preferences=true
пластиковые окна отзывы,https://www.kp.ru/expert/stroitelstvo/luchshie-plastikovye-okna/,72.5,75.8332,75.5547,85.0,medium,True,seo_weighted_page_quality_v5,d51_query_preference_rubric_v1,deterministic_expert_rubric=true; human_label=false; page_score_carried_from_dataset_v4=true; ranking_target_used_for_preferences=true
пластиковые окна отзывы,https://kupiokno.ru/otziv,32.6,43.9915,39.6965,77.5,blocked,True,seo_weighted_page_quality_v5,d51_query_preference_rubric_v1,deterministic_expert_rubric=true; human_label=false; page_score_carried_from_dataset_v4=true; ranking_target_used_for_preferences=true
пластиковые окна отзывы,https://irecommend.ru/catalog/list/9986-9990,72.5,73.9842,86.2278,70.0,medium,True,seo_weighted_page_quality_v5,d51_query_preference_rubric_v1,deterministic_expert_rubric=true; human_label=false; page_score_carried_from_dataset_v4=true; ranking_target_used_for_preferences=true
пластиковые окна отзывы,https://ratingplastic.ru/,72.7,71.3853,79.5755,62.5,medium,True,seo_weighted_page_quality_v5,d51_query_preference_rubric_v1,deterministic_expert_rubric=true; human_label=false; page_score_carried_from_dataset_v4=true; ranking_target_used_for_preferences=true
пластиковые окна отзывы,https://www.ozon.ru/category/plastikovye-okna-34491/review/,25.7,30.3137,11.5313,55.0,blocked,True,seo_weighted_page_quality_v5,d51_query_preference_rubric_v1,deterministic_expert_rubric=true; human_label=false; page_score_carried_from_dataset_v4=true; ranking_target_used_for_preferences=true
пластиковые окна отзывы,https://oknarating.ru/plastika-okon/opinions,62.1,60.0157,70.5911,47.5,low,True,seo_weighted_page_quality_v5,d51_query_preference_rubric_v1,deterministic_expert_rubric=true; human_label=false; page_score_carried_from_dataset_v4=true; ranking_target_used_for_preferences=true
пластиковые окна отзывы,https://www.oknamedia.ru/otzyvy,35.9,37.5166,40.3905,40.0,blocked,True,seo_weighted_page_quality_v5,d51_query_preference_rubric_v1,deterministic_expert_rubric=true; human_label=false; page_score_carried_from_dataset_v4=true; ranking_target_used_for_preferences=true
пластиковые окна отзывы,https://www.fabrikaokon.ru/otzyvy.html,73.4,65.1522,81.1281,32.5,medium,True,seo_weighted_page_quality_v5,d51_query_preference_rubric_v1,deterministic_expert_rubric=true; human_label=false; page_score_carried_from_dataset_v4=true; ranking_target_used_for_preferences=true
входные двери Москва,https://lemanapro.ru/catalogue/vhodnye-dveri/,32.3,45.4999,16.4927,100.0,blocked,False,seo_weighted_page_quality_v5,d51_query_preference_rubric_v1,deterministic_expert_rubric=true; human_label=false; page_score_carried_from_dataset_v4=true; ranking_target_used_for_preferences=true
входные двери Москва,https://100-dverei.ru/,81.1,84.5273,86.4684,92.5,medium,False,seo_weighted_page_quality_v5,d51_query_preference_rubric_v1,deterministic_expert_rubric=true; human_label=false; page_score_carried_from_dataset_v4=true; ranking_target_used_for_preferences=true
входные двери Москва,https://169.ru/vhodnye-dveri/,78.9,81.2262,85.0544,85.0,medium,False,seo_weighted_page_quality_v5,d51_query_preference_rubric_v1,deterministic_expert_rubric=true; human_label=false; page_score_carried_from_dataset_v4=true; ranking_target_used_for_preferences=true
входные двери Москва,https://dveri-komandor.ru/,76.2,77.4673,82.6555,77.5,medium,False,seo_weighted_page_quality_v5,d51_query_preference_rubric_v1,deterministic_expert_rubric=true; human_label=false; page_score_carried_from_dataset_v4=true; ranking_target_used_for_preferences=true
входные двери Москва,https://www.moscow-steel.ru/,80.7,77.1907,85.2115,62.5,medium,False,seo_weighted_page_quality_v5,d51_query_preference_rubric_v1,deterministic_expert_rubric=true; human_label=false; page_score_carried_from_dataset_v4=true; ranking_target_used_for_preferences=true
входные двери Москва,https://mosdvery.ru/categories/vkhodnye-dveri,73.0,70.4499,83.5994,55.0,medium,False,seo_weighted_page_quality_v5,d51_query_preference_rubric_v1,deterministic_expert_rubric=true; human_label=false; page_score_carried_from_dataset_v4=true; ranking_target_used_for_preferences=true
входные двери Москва,https://dverin.pro/,79.3,73.1461,87.0337,47.5,medium,False,seo_weighted_page_quality_v5,d51_query_preference_rubric_v1,deterministic_expert_rubric=true; human_label=false; page_score_carried_from_dataset_v4=true; ranking_target_used_for_preferences=true
входные двери Москва,https://dverid.ru/,77.1,69.6614,84.3957,40.0,medium,False,seo_weighted_page_quality_v5,d51_query_preference_rubric_v1,deterministic_expert_rubric=true; human_label=false; page_score_carried_from_dataset_v4=true; ranking_target_used_for_preferences=true
входные двери Москва,https://doorstreet.ru/,74.3,66.0727,83.5446,32.5,medium,False,seo_weighted_page_quality_v5,d51_query_preference_rubric_v1,deterministic_expert_rubric=true; human_label=false; page_score_carried_from_dataset_v4=true; ranking_target_used_for_preferences=true
входные двери Санкт-Петербург,https://spb.dveri-tmk.ru/catalog/vhodnye-dveri/,71.6,79.0205,77.5234,100.0,medium,False,seo_weighted_page_quality_v5,d51_query_preference_rubric_v1,deterministic_expert_rubric=true; human_label=false; page_score_carried_from_dataset_v4=true; ranking_target_used_for_preferences=true
входные двери Санкт-Петербург,https://spb.dverimagnat.ru/,79.5,83.0416,83.1772,92.5,medium,False,seo_weighted_page_quality_v5,d51_query_preference_rubric_v1,deterministic_expert_rubric=true; human_label=false; page_score_carried_from_dataset_v4=true; ranking_target_used_for_preferences=true
входные двери Санкт-Петербург,https://spb.lemanapro.ru/catalogue/vhodnye-dveri/,32.4,42.233,17.3001,85.0,blocked,False,seo_weighted_page_quality_v5,d51_query_preference_rubric_v1,deterministic_expert_rubric=true; human_label=false; page_score_carried_from_dataset_v4=true; ranking_target_used_for_preferences=true
входные двери Санкт-Петербург,https://slavnie.ru/catalog/vkhodnye_dveri/,74.2,76.0108,81.2119,77.5,medium,False,seo_weighted_page_quality_v5,d51_query_preference_rubric_v1,deterministic_expert_rubric=true; human_label=false; page_score_carried_from_dataset_v4=true; ranking_target_used_for_preferences=true
входные двери Санкт-Петербург,https://guardian-spb.ru/,74.2,73.9875,79.2232,70.0,medium,False,seo_weighted_page_quality_v5,d51_query_preference_rubric_v1,deterministic_expert_rubric=true; human_label=false; page_score_carried_from_dataset_v4=true; ranking_target_used_for_preferences=true
входные двери Санкт-Петербург,https://www.mk-doors.ru/dveri/vhodnye-dveri/,75.9,72.2,83.2801,55.0,medium,False,seo_weighted_page_quality_v5,d51_query_preference_rubric_v1,deterministic_expert_rubric=true; human_label=false; page_score_carried_from_dataset_v4=true; ranking_target_used_for_preferences=true
входные двери Санкт-Петербург,https://doorsmetallic.ru/,75.0,69.1273,78.0152,47.5,medium,False,seo_weighted_page_quality_v5,d51_query_preference_rubric_v1,deterministic_expert_rubric=true; human_label=false; page_score_carried_from_dataset_v4=true; ranking_target_used_for_preferences=true
входные двери Санкт-Петербург,https://spb.mall-of-doors.ru/catalog/dveri-v-dom/,79.1,71.0131,85.1407,40.0,medium,False,seo_weighted_page_quality_v5,d51_query_preference_rubric_v1,deterministic_expert_rubric=true; human_label=false; page_score_carried_from_dataset_v4=true; ranking_target_used_for_preferences=true
входные двери Санкт-Петербург,https://vhodniedveri-spb.ru/,73.6,65.4907,82.558,32.5,medium,False,seo_weighted_page_quality_v5,d51_query_preference_rubric_v1,deterministic_expert_rubric=true; human_label=false; page_score_carried_from_dataset_v4=true; ranking_target_used_for_preferences=true
входные двери Екатеринбург,https://ekb.dvernayamarka.ru/,73.9,80.4561,77.5876,100.0,medium,True,seo_weighted_page_quality_v5,d51_query_preference_rubric_v1,deterministic_expert_rubric=true; human_label=false; page_score_carried_from_dataset_v4=true; ranking_target_used_for_preferences=true
входные двери Екатеринбург,https://ekat.steklodom.com/catalog/vhodnye-dveri/,63.0,70.3642,66.8612,92.5,low,True,seo_weighted_page_quality_v5,d51_query_preference_rubric_v1,deterministic_expert_rubric=true; human_label=false; page_score_carried_from_dataset_v4=true; ranking_target_used_for_preferences=true
входные двери Екатеринбург,https://dveron.ru/vhodnye-dveri,73.4,77.6074,83.6628,85.0,medium,True,seo_weighted_page_quality_v5,d51_query_preference_rubric_v1,deterministic_expert_rubric=true; human_label=false; page_score_carried_from_dataset_v4=true; ranking_target_used_for_preferences=true
входные двери Екатеринбург,https://sidoorov.ru/,71.4,73.7124,77.4627,77.5,medium,True,seo_weighted_page_quality_v5,d51_query_preference_rubric_v1,deterministic_expert_rubric=true; human_label=false; page_score_carried_from_dataset_v4=true; ranking_target_used_for_preferences=true
входные двери Екатеринбург,https://ekb.rusdver.net/,75.8,74.5435,76.3164,70.0,medium,True,seo_weighted_page_quality_v5,d51_query_preference_rubric_v1,deterministic_expert_rubric=true; human_label=false; page_score_carried_from_dataset_v4=true; ranking_target_used_for_preferences=true
входные двери Екатеринбург,https://ekaterinburg.mall-of-doors.ru/,79.0,75.8783,83.489,62.5,medium,True,seo_weighted_page_quality_v5,d51_query_preference_rubric_v1,deterministic_expert_rubric=true; human_label=false; page_score_carried_from_dataset_v4=true; ranking_target_used_for_preferences=true
входные двери Екатеринбург,https://door4u.ru/,66.6,64.6439,71.346,55.0,medium,True,seo_weighted_page_quality_v5,d51_query_preference_rubric_v1,deterministic_expert_rubric=true; human_label=false; page_score_carried_from_dataset_v4=true; ranking_target_used_for_preferences=true
входные двери Екатеринбург,https://ekaterinburg.lemanapro.ru/catalogue/vhodnye-dveri/,30.8,32.5409,16.7991,47.5,blocked,True,seo_weighted_page_quality_v5,d51_query_preference_rubric_v1,deterministic_expert_rubric=true; human_label=false; page_score_carried_from_dataset_v4=true; ranking_target_used_for_preferences=true
входные двери Екатеринбург,https://dverhome.ru/,75.0,66.7875,73.9166,40.0,medium,True,seo_weighted_page_quality_v5,d51_query_preference_rubric_v1,deterministic_expert_rubric=true; human_label=false; page_score_carried_from_dataset_v4=true; ranking_target_used_for_preferences=true
входные двери Екатеринбург,https://ekaterinburg.dverimagnat.ru/,77.5,68.0093,83.2284,32.5,medium,True,seo_weighted_page_quality_v5,d51_query_preference_rubric_v1,deterministic_expert_rubric=true; human_label=false; page_score_carried_from_dataset_v4=true; ranking_target_used_for_preferences=true
входные двери Новосибирск,https://novosibirsk.dverimagnat.ru/,79.5,84.7998,83.3985,100.0,medium,False,seo_weighted_page_quality_v5,d51_query_preference_rubric_v1,deterministic_expert_rubric=true; human_label=false; page_score_carried_from_dataset_v4=true; ranking_target_used_for_preferences=true
входные двери Новосибирск,https://фабрикадверей.рф/,65.6,72.2088,68.4122,92.5,medium,False,seo_weighted_page_quality_v5,d51_query_preference_rubric_v1,deterministic_expert_rubric=true; human_label=false; page_score_carried_from_dataset_v4=true; ranking_target_used_for_preferences=true
входные двери Новосибирск,https://almaz-nsk.com/,74.0,77.3988,79.7923,85.0,medium,False,seo_weighted_page_quality_v5,d51_query_preference_rubric_v1,deterministic_expert_rubric=true; human_label=false; page_score_carried_from_dataset_v4=true; ranking_target_used_for_preferences=true
входные двери Новосибирск,https://novosibirsk.estetdveri.ru/catalog/vkhodnye-dveri/,77.5,78.257,82.5468,77.5,medium,False,seo_weighted_page_quality_v5,d51_query_preference_rubric_v1,deterministic_expert_rubric=true; human_label=false; page_score_carried_from_dataset_v4=true; ranking_target_used_for_preferences=true
входные двери Новосибирск,https://novosibirsk.mosdveri.ru/,76.4,75.758,81.933,70.0,medium,False,seo_weighted_page_quality_v5,d51_query_preference_rubric_v1,deterministic_expert_rubric=true; human_label=false; page_score_carried_from_dataset_v4=true; ranking_target_used_for_preferences=true
входные двери Новосибирск,https://nsk-dveri.ru/,75.7,73.297,79.9197,62.5,medium,False,seo_weighted_page_quality_v5,d51_query_preference_rubric_v1,deterministic_expert_rubric=true; human_label=false; page_score_carried_from_dataset_v4=true; ranking_target_used_for_preferences=true
входные двери Новосибирск,https://centurion-door.ru/,69.4,66.7727,73.9644,55.0,medium,False,seo_weighted_page_quality_v5,d51_query_preference_rubric_v1,deterministic_expert_rubric=true; human_label=false; page_score_carried_from_dataset_v4=true; ranking_target_used_for_preferences=true
входные двери Новосибирск,https://novosibirsk.metaldveri.ru/,75.0,69.5427,80.7849,47.5,medium,False,seo_weighted_page_quality_v5,d51_query_preference_rubric_v1,deterministic_expert_rubric=true; human_label=false; page_score_carried_from_dataset_v4=true; ranking_target_used_for_preferences=true
входные двери Новосибирск,https://shop-nsk.ru/,68.3,63.2427,77.978,40.0,medium,False,seo_weighted_page_quality_v5,d51_query_preference_rubric_v1,deterministic_expert_rubric=true; human_label=false; page_score_carried_from_dataset_v4=true; ranking_target_used_for_preferences=true
входные двери Новосибирск,https://dveri-nso.ru/cat/vhodnye-dveri/,73.8,65.605,82.4932,32.5,medium,False,seo_weighted_page_quality_v5,d51_query_preference_rubric_v1,deterministic_expert_rubric=true; human_label=false; page_score_carried_from_dataset_v4=true; ranking_target_used_for_preferences=true
входные двери Казань,https://mirdverey-kazan.ru/,30.2,45.8585,27.5636,100.0,blocked,False,seo_weighted_page_quality_v5,d51_query_preference_rubric_v1,deterministic_expert_rubric=true; human_label=false; page_score_carried_from_dataset_v4=true; ranking_target_used_for_preferences=true
входные двери Казань,https://kazan.dverimagnat.ru/,77.7,76.4986,81.497,70.0,medium,False,seo_weighted_page_quality_v5,d51_query_preference_rubric_v1,deterministic_expert_rubric=true; human_label=false; page_score_carried_from_dataset_v4=true; ranking_target_used_for_preferences=true
входные двери Казань,https://kzn.doorsstore.ru/,63.5,56.8736,55.3575,40.0,low,False,seo_weighted_page_quality_v5,d51_query_preference_rubric_v1,deterministic_expert_rubric=true; human_label=false; page_score_carried_from_dataset_v4=true; ranking_target_used_for_preferences=true
входные двери Краснодар,https://dveri-estetika.ru/,74.9,80.815,75.8467,100.0,medium,False,seo_weighted_page_quality_v5,d51_query_preference_rubric_v1,deterministic_expert_rubric=true; human_label=false; page_score_carried_from_dataset_v4=true; ranking_target_used_for_preferences=true
входные двери Краснодар,https://prodverikrd.ru/,67.1,72.1209,61.6262,92.5,medium,False,seo_weighted_page_quality_v5,d51_query_preference_rubric_v1,deterministic_expert_rubric=true; human_label=false; page_score_carried_from_dataset_v4=true; ranking_target_used_for_preferences=true
входные двери Краснодар,https://krasnodar.lemanapro.ru/catalogue/vhodnye-dveri/,31.7,41.6755,16.4764,85.0,blocked,False,seo_weighted_page_quality_v5,d51_query_preference_rubric_v1,deterministic_expert_rubric=true; human_label=false; page_score_carried_from_dataset_v4=true; ranking_target_used_for_preferences=true
входные двери Краснодар,https://dverka123.ru/,81.1,80.9683,85.7423,77.5,medium,False,seo_weighted_page_quality_v5,d51_query_preference_rubric_v1,deterministic_expert_rubric=true; human_label=false; page_score_carried_from_dataset_v4=true; ranking_target_used_for_preferences=true
входные двери Краснодар,https://dveri-ntd.ru/,70.6,69.547,64.5001,70.0,medium,False,seo_weighted_page_quality_v5,d51_query_preference_rubric_v1,deterministic_expert_rubric=true; human_label=false; page_score_carried_from_dataset_v4=true; ranking_target_used_for_preferences=true
входные двери Краснодар,https://modern-dveri.ru/catalog/vkhodnye-dveri/,78.2,75.1495,81.9365,62.5,medium,False,seo_weighted_page_quality_v5,d51_query_preference_rubric_v1,deterministic_expert_rubric=true; human_label=false; page_score_carried_from_dataset_v4=true; ranking_target_used_for_preferences=true
входные двери Краснодар,https://krasnodar.mall-of-doors.ru/catalog/,74.4,69.9158,74.2519,55.0,medium,False,seo_weighted_page_quality_v5,d51_query_preference_rubric_v1,deterministic_expert_rubric=true; human_label=false; page_score_carried_from_dataset_v4=true; ranking_target_used_for_preferences=true
входные двери Краснодар,https://krd.doorsstore.ru/,63.8,58.8133,55.549,47.5,low,False,seo_weighted_page_quality_v5,d51_query_preference_rubric_v1,deterministic_expert_rubric=true; human_label=false; page_score_carried_from_dataset_v4=true; ranking_target_used_for_preferences=true
входные двери Краснодар,https://dveriarkada.ru/,70.8,63.7046,70.7238,40.0,medium,False,seo_weighted_page_quality_v5,d51_query_preference_rubric_v1,deterministic_expert_rubric=true; human_label=false; page_score_carried_from_dataset_v4=true; ranking_target_used_for_preferences=true
входные двери Краснодар,https://goroddverei23.ru/catalog/vkhodnye-dveri/,75.2,65.7233,77.4957,32.5,medium,False,seo_weighted_page_quality_v5,d51_query_preference_rubric_v1,deterministic_expert_rubric=true; human_label=false; page_score_carried_from_dataset_v4=true; ranking_target_used_for_preferences=true
входные двери Самара,https://samara.dverimagnat.ru/,80.7,85.7756,84.9438,100.0,medium,False,seo_weighted_page_quality_v5,d51_query_preference_rubric_v1,deterministic_expert_rubric=true; human_label=false; page_score_carried_from_dataset_v4=true; ranking_target_used_for_preferences=true
входные двери Самара,https://samara.lemanapro.ru/catalogue/vhodnye-dveri/,32.4,43.8993,16.909,92.5,blocked,False,seo_weighted_page_quality_v5,d51_query_preference_rubric_v1,deterministic_expert_rubric=true; human_label=false; page_score_carried_from_dataset_v4=true; ranking_target_used_for_preferences=true
входные двери Самара,https://guardian-smr.ru/,77.8,79.7349,79.6592,85.0,medium,False,seo_weighted_page_quality_v5,d51_query_preference_rubric_v1,deterministic_expert_rubric=true; human_label=false; page_score_carried_from_dataset_v4=true; ranking_target_used_for_preferences=true
входные двери Самара,https://sfdoors.ru/,71.7,73.7159,76.246,77.5,medium,False,seo_weighted_page_quality_v5,d51_query_preference_rubric_v1,deterministic_expert_rubric=true; human_label=false; page_score_carried_from_dataset_v4=true; ranking_target_used_for_preferences=true
входные двери Самара,https://samara.metaldveri.ru/,77.6,76.7115,83.3301,70.0,medium,False,seo_weighted_page_quality_v5,d51_query_preference_rubric_v1,deterministic_expert_rubric=true; human_label=false; page_score_carried_from_dataset_v4=true; ranking_target_used_for_preferences=true
входные двери Самара,https://enter63.ru/,69.0,69.3892,81.5616,62.5,medium,False,seo_weighted_page_quality_v5,d51_query_preference_rubric_v1,deterministic_expert_rubric=true; human_label=false; page_score_carried_from_dataset_v4=true; ranking_target_used_for_preferences=true
входные двери Самара,https://yadoma-sam.ru/,75.3,71.5489,81.4196,55.0,medium,False,seo_weighted_page_quality_v5,d51_query_preference_rubric_v1,deterministic_expert_rubric=true; human_label=false; page_score_carried_from_dataset_v4=true; ranking_target_used_for_preferences=true
входные двери Самара,https://ds-doors.ru/catalog/vhodnye-dveri/,75.4,69.9514,81.8557,47.5,medium,False,seo_weighted_page_quality_v5,d51_query_preference_rubric_v1,deterministic_expert_rubric=true; human_label=false; page_score_carried_from_dataset_v4=true; ranking_target_used_for_preferences=true
входные двери Самара,https://dveri-shops.ru/samara,74.5,67.6554,81.7696,40.0,medium,False,seo_weighted_page_quality_v5,d51_query_preference_rubric_v1,deterministic_expert_rubric=true; human_label=false; page_score_carried_from_dataset_v4=true; ranking_target_used_for_preferences=true
входные двери Самара,https://ferroni-doors163.ru/,61.7,57.0514,75.4825,32.5,low,False,seo_weighted_page_quality_v5,d51_query_preference_rubric_v1,deterministic_expert_rubric=true; human_label=false; page_score_carried_from_dataset_v4=true; ranking_target_used_for_preferences=true
входные двери Нижний Новгород,https://dveridaromnn.ru/,73.1,79.3795,73.717,100.0,medium,True,seo_weighted_page_quality_v5,d51_query_preference_rubric_v1,deterministic_expert_rubric=true; human_label=false; page_score_carried_from_dataset_v4=true; ranking_target_used_for_preferences=true
входные двери Нижний Новгород,https://n-gr.ru/,64.1,70.4438,62.8453,92.5,low,True,seo_weighted_page_quality_v5,d51_query_preference_rubric_v1,deterministic_expert_rubric=true; human_label=false; page_score_carried_from_dataset_v4=true; ranking_target_used_for_preferences=true
входные двери Нижний Новгород,https://nizhny-novgorod.doorsstore.ru/,65.5,68.6124,56.3493,85.0,medium,True,seo_weighted_page_quality_v5,d51_query_preference_rubric_v1,deterministic_expert_rubric=true; human_label=false; page_score_carried_from_dataset_v4=true; ranking_target_used_for_preferences=true
входные двери Нижний Новгород,https://nn.fabrichnie-dveri.ru/,74.0,74.5937,72.5916,77.5,medium,True,seo_weighted_page_quality_v5,d51_query_preference_rubric_v1,deterministic_expert_rubric=true; human_label=false; page_score_carried_from_dataset_v4=true; ranking_target_used_for_preferences=true
входные двери Нижний Новгород,https://sevendoors.ru/,73.8,73.0968,74.9386,70.0,medium,True,seo_weighted_page_quality_v5,d51_query_preference_rubric_v1,deterministic_expert_rubric=true; human_label=false; page_score_carried_from_dataset_v4=true; ranking_target_used_for_preferences=true
входные двери Нижний Новгород,https://nigny-novgorod.dverimagnat.ru/,75.2,72.5856,77.2441,62.5,medium,True,seo_weighted_page_quality_v5,d51_query_preference_rubric_v1,deterministic_expert_rubric=true; human_label=false; page_score_carried_from_dataset_v4=true; ranking_target_used_for_preferences=true
входные двери Нижний Новгород,https://tsdveri.ru/catalog/vhodnye-dveri/,64.0,61.5553,61.5022,55.0,low,True,seo_weighted_page_quality_v5,d51_query_preference_rubric_v1,deterministic_expert_rubric=true; human_label=false; page_score_carried_from_dataset_v4=true; ranking_target_used_for_preferences=true
входные двери Нижний Новгород,https://nn-dveri.ru/,60.7,58.6152,67.0411,47.5,low,True,seo_weighted_page_quality_v5,d51_query_preference_rubric_v1,deterministic_expert_rubric=true; human_label=false; page_score_carried_from_dataset_v4=true; ranking_target_used_for_preferences=true
входные двери Нижний Новгород,https://nizhniy-novgorod.straj-dveri.ru/,72.4,65.7714,77.8893,40.0,medium,True,seo_weighted_page_quality_v5,d51_query_preference_rubric_v1,deterministic_expert_rubric=true; human_label=false; page_score_carried_from_dataset_v4=true; ranking_target_used_for_preferences=true
входные двери Нижний Новгород,https://nizhniy-novgorod.mosdveri.ru/,72.9,64.3235,77.6698,32.5,medium,True,seo_weighted_page_quality_v5,d51_query_preference_rubric_v1,deterministic_expert_rubric=true; human_label=false; page_score_carried_from_dataset_v4=true; ranking_target_used_for_preferences=true
входные двери цена Москва,https://lemanapro.ru/catalogue/vhodnye-dveri/,27.6,42.5366,16.1643,100.0,blocked,False,seo_weighted_page_quality_v5,d51_query_preference_rubric_v1,deterministic_expert_rubric=true; human_label=false; page_score_carried_from_dataset_v4=true; ranking_target_used_for_preferences=true
входные двери цена Москва,https://mosdvery.ru/categories/vkhodnye-dveri,74.0,77.7548,82.1652,85.0,medium,False,seo_weighted_page_quality_v5,d51_query_preference_rubric_v1,deterministic_expert_rubric=true; human_label=false; page_score_carried_from_dataset_v4=true; ranking_target_used_for_preferences=true
входные двери цена Москва,https://onixdoor.ru/,80.2,78.188,82.427,70.0,medium,False,seo_weighted_page_quality_v5,d51_query_preference_rubric_v1,deterministic_expert_rubric=true; human_label=false; page_score_carried_from_dataset_v4=true; ranking_target_used_for_preferences=true
входные двери цена Москва,https://tskdoors.ru/,68.3,68.8536,80.8838,62.5,medium,False,seo_weighted_page_quality_v5,d51_query_preference_rubric_v1,deterministic_expert_rubric=true; human_label=false; page_score_carried_from_dataset_v4=true; ranking_target_used_for_preferences=true
входные двери цена Москва,https://www.dverimagnat.ru/,82.2,76.8514,88.2493,55.0,medium,False,seo_weighted_page_quality_v5,d51_query_preference_rubric_v1,deterministic_expert_rubric=true; human_label=false; page_score_carried_from_dataset_v4=true; ranking_target_used_for_preferences=true
входные двери цена Москва,https://dozor-dveri.ru/catalog/vhodnie-dveri-ekonom/,78.6,71.3288,77.8117,47.5,medium,False,seo_weighted_page_quality_v5,d51_query_preference_rubric_v1,deterministic_expert_rubric=true; human_label=false; page_score_carried_from_dataset_v4=true; ranking_target_used_for_preferences=true
входные двери цена Москва,https://www.dveri-tut.com/vhodnye-dveri/,75.1,68.7689,86.7129,40.0,medium,False,seo_weighted_page_quality_v5,d51_query_preference_rubric_v1,deterministic_expert_rubric=true; human_label=false; page_score_carried_from_dataset_v4=true; ranking_target_used_for_preferences=true
входные двери цена Москва,https://msc.rusdver.net/,77.4,67.3302,79.1146,32.5,medium,False,seo_weighted_page_quality_v5,d51_query_preference_rubric_v1,deterministic_expert_rubric=true; human_label=false; page_score_carried_from_dataset_v4=true; ranking_target_used_for_preferences=true
входные двери цена Санкт-Петербург,https://spb.dveri-tmk.ru/catalog/vhodnye-dveri/,70.2,77.832,75.3865,100.0,medium,False,seo_weighted_page_quality_v5,d51_query_preference_rubric_v1,deterministic_expert_rubric=true; human_label=false; page_score_carried_from_dataset_v4=true; ranking_target_used_for_preferences=true
входные двери цена Санкт-Петербург,https://spb.lemanapro.ru/catalogue/vhodnye-dveri/,27.8,41.0437,16.8843,92.5,blocked,False,seo_weighted_page_quality_v5,d51_query_preference_rubric_v1,deterministic_expert_rubric=true; human_label=false; page_score_carried_from_dataset_v4=true; ranking_target_used_for_preferences=true
входные двери цена Санкт-Петербург,https://spb.dverimagnat.ru/,82.3,83.7047,87.5244,85.0,medium,False,seo_weighted_page_quality_v5,d51_query_preference_rubric_v1,deterministic_expert_rubric=true; human_label=false; page_score_carried_from_dataset_v4=true; ranking_target_used_for_preferences=true
входные двери цена Санкт-Петербург,https://spb.mall-of-doors.ru/,79.0,77.5096,82.8642,70.0,medium,False,seo_weighted_page_quality_v5,d51_query_preference_rubric_v1,deterministic_expert_rubric=true; human_label=false; page_score_carried_from_dataset_v4=true; ranking_target_used_for_preferences=true
входные двери цена Санкт-Петербург,https://dverineva.ru/,70.2,68.7272,72.1878,62.5,medium,False,seo_weighted_page_quality_v5,d51_query_preference_rubric_v1,deterministic_expert_rubric=true; human_label=false; page_score_carried_from_dataset_v4=true; ranking_target_used_for_preferences=true
входные двери цена Санкт-Петербург,https://doors-lux.ru/,77.5,72.6801,79.8672,55.0,medium,False,seo_weighted_page_quality_v5,d51_query_preference_rubric_v1,deterministic_expert_rubric=true; human_label=false; page_score_carried_from_dataset_v4=true; ranking_target_used_for_preferences=true
входные двери цена Санкт-Петербург,https://dveri-reg.ru/,74.8,68.9834,77.8827,47.5,medium,False,seo_weighted_page_quality_v5,d51_query_preference_rubric_v1,deterministic_expert_rubric=true; human_label=false; page_score_carried_from_dataset_v4=true; ranking_target_used_for_preferences=true
входные двери цена Санкт-Петербург,https://www.mk-doors.ru/dveri/vhodnye-dveri/,73.3,66.2774,77.5426,40.0,medium,False,seo_weighted_page_quality_v5,d51_query_preference_rubric_v1,deterministic_expert_rubric=true; human_label=false; page_score_carried_from_dataset_v4=true; ranking_target_used_for_preferences=true
входные двери цена Санкт-Петербург,https://steelline-spb.ru/catalog/vhodnye-dveri/,75.3,65.7356,77.1639,32.5,medium,False,seo_weighted_page_quality_v5,d51_query_preference_rubric_v1,deterministic_expert_rubric=true; human_label=false; page_score_carried_from_dataset_v4=true; ranking_target_used_for_preferences=true
входные двери цена Екатеринбург,https://ekb.rusdver.net/,78.0,82.8542,76.628,100.0,medium,False,seo_weighted_page_quality_v5,d51_query_preference_rubric_v1,deterministic_expert_rubric=true; human_label=false; page_score_carried_from_dataset_v4=true; ranking_target_used_for_preferences=true
входные двери цена Екатеринбург,https://dveron.ru/vhodnye-dveri,73.6,79.2287,82.1449,92.5,medium,False,seo_weighted_page_quality_v5,d51_query_preference_rubric_v1,deterministic_expert_rubric=true; human_label=false; page_score_carried_from_dataset_v4=true; ranking_target_used_for_preferences=true
входные двери цена Екатеринбург,https://ekaterinburg.gigant-dveri.ru/,69.7,73.6066,72.2842,85.0,medium,False,seo_weighted_page_quality_v5,d51_query_preference_rubric_v1,deterministic_expert_rubric=true; human_label=false; page_score_carried_from_dataset_v4=true; ranking_target_used_for_preferences=true
входные двери цена Екатеринбург,https://ekat.steklodom.com/catalog/vhodnye-dveri/,66.8,70.2878,73.6454,77.5,medium,False,seo_weighted_page_quality_v5,d51_query_preference_rubric_v1,deterministic_expert_rubric=true; human_label=false; page_score_carried_from_dataset_v4=true; ranking_target_used_for_preferences=true
входные двери цена Екатеринбург,https://ekaterinburg.lemanapro.ru/catalogue/vhodnye-dveri/,26.8,35.1872,16.4746,70.0,blocked,False,seo_weighted_page_quality_v5,d51_query_preference_rubric_v1,deterministic_expert_rubric=true; human_label=false; page_score_carried_from_dataset_v4=true; ranking_target_used_for_preferences=true
входные двери цена Екатеринбург,https://dverhome.ru/,76.7,73.0325,74.0233,62.5,medium,False,seo_weighted_page_quality_v5,d51_query_preference_rubric_v1,deterministic_expert_rubric=true; human_label=false; page_score_carried_from_dataset_v4=true; ranking_target_used_for_preferences=true
входные двери цена Екатеринбург,https://dvernoyekb.ru/catalog/vhodnye-dveri,76.9,72.528,81.3334,55.0,medium,False,seo_weighted_page_quality_v5,d51_query_preference_rubric_v1,deterministic_expert_rubric=true; human_label=false; page_score_carried_from_dataset_v4=true; ranking_target_used_for_preferences=true
входные двери цена Екатеринбург,https://ekaterinburg.mall-of-doors.ru/,78.0,71.5266,81.6105,47.5,medium,False,seo_weighted_page_quality_v5,d51_query_preference_rubric_v1,deterministic_expert_rubric=true; human_label=false; page_score_carried_from_dataset_v4=true; ranking_target_used_for_preferences=true
входные двери цена Екатеринбург,https://ekaterenburg.estetdveri.ru/catalog/vkhodnye-dveri/,76.5,68.8918,81.745,40.0,medium,False,seo_weighted_page_quality_v5,d51_query_preference_rubric_v1,deterministic_expert_rubric=true; human_label=false; page_score_carried_from_dataset_v4=true; ranking_target_used_for_preferences=true
входные двери цена Екатеринбург,https://ekaterinburg.dverimagnat.ru/kvartirnye-dveri/,75.2,66.6724,83.8225,32.5,medium,False,seo_weighted_page_quality_v5,d51_query_preference_rubric_v1,deterministic_expert_rubric=true; human_label=false; page_score_carried_from_dataset_v4=true; ranking_target_used_for_preferences=true
входные двери цена Новосибирск,https://novosibirsk.dverimagnat.ru/,82.1,86.8722,86.4681,100.0,medium,False,seo_weighted_page_quality_v5,d51_query_preference_rubric_v1,deterministic_expert_rubric=true; human_label=false; page_score_carried_from_dataset_v4=true; ranking_target_used_for_preferences=true
входные двери цена Новосибирск,https://novosibirsk.estetdveri.ru/catalog/vkhodnye-dveri/,77.4,81.2906,80.1839,92.5,medium,False,seo_weighted_page_quality_v5,d51_query_preference_rubric_v1,deterministic_expert_rubric=true; human_label=false; page_score_carried_from_dataset_v4=true; ranking_target_used_for_preferences=true
входные двери цена Новосибирск,https://novosibirsk.lemanapro.ru/catalogue/vhodnye-dveri/,27.0,38.7119,16.1461,85.0,blocked,False,seo_weighted_page_quality_v5,d51_query_preference_rubric_v1,deterministic_expert_rubric=true; human_label=false; page_score_carried_from_dataset_v4=true; ranking_target_used_for_preferences=true
входные двери цена Новосибирск,https://novosibirsk.mosdveri.ru/,77.3,77.9202,81.1279,77.5,medium,False,seo_weighted_page_quality_v5,d51_query_preference_rubric_v1,deterministic_expert_rubric=true; human_label=false; page_score_carried_from_dataset_v4=true; ranking_target_used_for_preferences=true
входные двери цена Новосибирск,https://nsk-dveri.ru/,73.6,72.7118,73.1988,70.0,medium,False,seo_weighted_page_quality_v5,d51_query_preference_rubric_v1,deterministic_expert_rubric=true; human_label=false; page_score_carried_from_dataset_v4=true; ranking_target_used_for_preferences=true
входные двери цена Новосибирск,https://shop-nsk.ru/,65.3,65.2087,68.9846,62.5,medium,False,seo_weighted_page_quality_v5,d51_query_preference_rubric_v1,deterministic_expert_rubric=true; human_label=false; page_score_carried_from_dataset_v4=true; ranking_target_used_for_preferences=true
входные двери цена Новосибирск,https://novosibirsk.metaldveri.ru/,75.3,71.1499,78.7591,55.0,medium,False,seo_weighted_page_quality_v5,d51_query_preference_rubric_v1,deterministic_expert_rubric=true; human_label=false; page_score_carried_from_dataset_v4=true; ranking_target_used_for_preferences=true
входные двери цена Новосибирск,https://www.avito.ru/novosibirsk/remont_i_stroitelstvo/dveri/vxodnye-ASgBAgICAkRYnEvYpBSA9Y4D,25.1,29.0356,16.9909,47.5,blocked,False,seo_weighted_page_quality_v5,d51_query_preference_rubric_v1,deterministic_expert_rubric=true; human_label=false; page_score_carried_from_dataset_v4=true; ranking_target_used_for_preferences=true
входные двери цена Новосибирск,https://nsk.d-arsenal.ru/,65.2,60.5556,72.8776,40.0,medium,False,seo_weighted_page_quality_v5,d51_query_preference_rubric_v1,deterministic_expert_rubric=true; human_label=false; page_score_carried_from_dataset_v4=true; ranking_target_used_for_preferences=true
входные двери цена Новосибирск,https://www.novodoor-nsk.ru/,56.8,52.6656,66.4974,32.5,low,False,seo_weighted_page_quality_v5,d51_query_preference_rubric_v1,deterministic_expert_rubric=true; human_label=false; page_score_carried_from_dataset_v4=true; ranking_target_used_for_preferences=true
входные двери цена Казань,https://kazan.dverimagnat.ru/,81.0,85.8102,83.9346,100.0,medium,False,seo_weighted_page_quality_v5,d51_query_preference_rubric_v1,deterministic_expert_rubric=true; human_label=false; page_score_carried_from_dataset_v4=true; ranking_target_used_for_preferences=true
входные двери цена Казань,https://kazan.lemanapro.ru/catalogue/vhodnye-dveri/,27.6,40.8519,16.4327,92.5,blocked,False,seo_weighted_page_quality_v5,d51_query_preference_rubric_v1,deterministic_expert_rubric=true; human_label=false; page_score_carried_from_dataset_v4=true; ranking_target_used_for_preferences=true
входные двери цена Казань,https://kazan.mosdveri.ru/,77.1,79.3793,80.1819,85.0,medium,False,seo_weighted_page_quality_v5,d51_query_preference_rubric_v1,deterministic_expert_rubric=true; human_label=false; page_score_carried_from_dataset_v4=true; ranking_target_used_for_preferences=true
входные двери цена Казань,https://mirdverey-kazan.ru/,25.3,37.4229,26.0792,77.5,blocked,False,seo_weighted_page_quality_v5,d51_query_preference_rubric_v1,deterministic_expert_rubric=true; human_label=false; page_score_carried_from_dataset_v4=true; ranking_target_used_for_preferences=true
входные двери цена Казань,https://vhodnye-dveri-kazan.ru/,66.1,67.0131,66.2076,70.0,medium,False,seo_weighted_page_quality_v5,d51_query_preference_rubric_v1,deterministic_expert_rubric=true; human_label=false; page_score_carried_from_dataset_v4=true; ranking_target_used_for_preferences=true
входные двери цена Казань,https://kazan.megastroy.com/catalog/dveri-vhodnye,27.5,33.9985,17.1567,62.5,blocked,False,seo_weighted_page_quality_v5,d51_query_preference_rubric_v1,deterministic_expert_rubric=true; human_label=false; page_score_carried_from_dataset_v4=true; ranking_target_used_for_preferences=true
входные двери цена Казань,https://kzn.rusdver.net/doors/,74.1,70.023,76.2069,55.0,medium,False,seo_weighted_page_quality_v5,d51_query_preference_rubric_v1,deterministic_expert_rubric=true; human_label=false; page_score_carried_from_dataset_v4=true; ranking_target_used_for_preferences=true
входные двери цена Казань,https://kazan.dveri-ideal.ru/vxodnyie-dveri/,69.0,64.8819,74.5126,47.5,medium,False,seo_weighted_page_quality_v5,d51_query_preference_rubric_v1,deterministic_expert_rubric=true; human_label=false; page_score_carried_from_dataset_v4=true; ranking_target_used_for_preferences=true
входные двери цена Казань,https://kazan.ds-doors.ru/catalog/vhodnye-dveri/,69.9,63.5695,73.5436,40.0,medium,False,seo_weighted_page_quality_v5,d51_query_preference_rubric_v1,deterministic_expert_rubric=true; human_label=false; page_score_carried_from_dataset_v4=true; ranking_target_used_for_preferences=true
входные двери цена Казань,https://sk-doors.ru/,71.1,62.8961,75.5941,32.5,medium,False,seo_weighted_page_quality_v5,d51_query_preference_rubric_v1,deterministic_expert_rubric=true; human_label=false; page_score_carried_from_dataset_v4=true; ranking_target_used_for_preferences=true
входные двери цена Краснодар,https://krasnodar.lemanapro.ru/catalogue/vhodnye-dveri/,27.6,42.5353,16.1556,100.0,blocked,False,seo_weighted_page_quality_v5,d51_query_preference_rubric_v1,deterministic_expert_rubric=true; human_label=false; page_score_carried_from_dataset_v4=true; ranking_target_used_for_preferences=true
входные двери цена Краснодар,https://dveri-ntd.ru/,72.6,76.0007,64.7581,92.5,medium,False,seo_weighted_page_quality_v5,d51_query_preference_rubric_v1,deterministic_expert_rubric=true; human_label=false; page_score_carried_from_dataset_v4=true; ranking_target_used_for_preferences=true
входные двери цена Краснодар,https://dveri-estetika.ru/,72.6,74.9961,69.5608,85.0,medium,False,seo_weighted_page_quality_v5,d51_query_preference_rubric_v1,deterministic_expert_rubric=true; human_label=false; page_score_carried_from_dataset_v4=true; ranking_target_used_for_preferences=true
входные двери цена Краснодар,https://tandoor.ru/,64.7,66.937,59.9867,77.5,low,False,seo_weighted_page_quality_v5,d51_query_preference_rubric_v1,deterministic_expert_rubric=true; human_label=false; page_score_carried_from_dataset_v4=true; ranking_target_used_for_preferences=true
входные двери цена Краснодар,https://krasnodar.mosdveri.ru/,76.4,75.4535,79.9033,70.0,medium,False,seo_weighted_page_quality_v5,d51_query_preference_rubric_v1,deterministic_expert_rubric=true; human_label=false; page_score_carried_from_dataset_v4=true; ranking_target_used_for_preferences=true
входные двери цена Краснодар,https://krd.rusdver.net/doors/,74.6,72.1949,77.1192,62.5,medium,False,seo_weighted_page_quality_v5,d51_query_preference_rubric_v1,deterministic_expert_rubric=true; human_label=false; page_score_carried_from_dataset_v4=true; ranking_target_used_for_preferences=true
входные двери цена Краснодар,https://prodverikrd.ru/,65.7,62.2515,59.1168,55.0,medium,False,seo_weighted_page_quality_v5,d51_query_preference_rubric_v1,deterministic_expert_rubric=true; human_label=false; page_score_carried_from_dataset_v4=true; ranking_target_used_for_preferences=true
входные двери цена Краснодар,https://modern-dveri.ru/catalog/vkhodnye-dveri/,75.8,69.4969,77.1726,47.5,medium,False,seo_weighted_page_quality_v5,d51_query_preference_rubric_v1,deterministic_expert_rubric=true; human_label=false; page_score_carried_from_dataset_v4=true; ranking_target_used_for_preferences=true
входные двери цена Краснодар,https://linedoor-yug.ru/,69.4,63.0882,72.4016,40.0,medium,False,seo_weighted_page_quality_v5,d51_query_preference_rubric_v1,deterministic_expert_rubric=true; human_label=false; page_score_carried_from_dataset_v4=true; ranking_target_used_for_preferences=true
входные двери цена Краснодар,https://krasnodar.metaldveri.ru/,74.0,65.0426,77.9172,32.5,medium,False,seo_weighted_page_quality_v5,d51_query_preference_rubric_v1,deterministic_expert_rubric=true; human_label=false; page_score_carried_from_dataset_v4=true; ranking_target_used_for_preferences=true
входные двери цена Самара,https://samara.dverimagnat.ru/,82.9,87.5559,87.7193,100.0,medium,False,seo_weighted_page_quality_v5,d51_query_preference_rubric_v1,deterministic_expert_rubric=true; human_label=false; page_score_carried_from_dataset_v4=true; ranking_target_used_for_preferences=true
входные двери цена Самара,https://samara.lemanapro.ru/catalogue/vhodnye-dveri/,27.1,40.4694,15.9491,92.5,blocked,False,seo_weighted_page_quality_v5,d51_query_preference_rubric_v1,deterministic_expert_rubric=true; human_label=false; page_score_carried_from_dataset_v4=true; ranking_target_used_for_preferences=true
входные двери цена Самара,https://samara.metaldveri.ru/,77.7,79.8812,81.0481,85.0,medium,False,seo_weighted_page_quality_v5,d51_query_preference_rubric_v1,deterministic_expert_rubric=true; human_label=false; page_score_carried_from_dataset_v4=true; ranking_target_used_for_preferences=true
входные двери цена Самара,https://guardian-smr.ru/,76.5,76.8879,77.553,77.5,medium,False,seo_weighted_page_quality_v5,d51_query_preference_rubric_v1,deterministic_expert_rubric=true; human_label=false; page_score_carried_from_dataset_v4=true; ranking_target_used_for_preferences=true
входные двери цена Самара,https://samara.dverizaslon.ru/,75.7,75.1061,80.4809,70.0,medium,False,seo_weighted_page_quality_v5,d51_query_preference_rubric_v1,deterministic_expert_rubric=true; human_label=false; page_score_carried_from_dataset_v4=true; ranking_target_used_for_preferences=true
входные двери цена Самара,https://sfdoors.ru/,71.9,70.3705,76.1165,62.5,medium,False,seo_weighted_page_quality_v5,d51_query_preference_rubric_v1,deterministic_expert_rubric=true; human_label=false; page_score_carried_from_dataset_v4=true; ranking_target_used_for_preferences=true
входные двери цена Самара,https://ds-doors.ru/catalog/vhodnye-dveri/,74.1,70.5533,79.7421,55.0,medium,False,seo_weighted_page_quality_v5,d51_query_preference_rubric_v1,deterministic_expert_rubric=true; human_label=false; page_score_carried_from_dataset_v4=true; ranking_target_used_for_preferences=true
входные двери цена Самара,https://samara.mall-of-doors.ru/,78.0,71.6395,82.3632,47.5,medium,False,seo_weighted_page_quality_v5,d51_query_preference_rubric_v1,deterministic_expert_rubric=true; human_label=false; page_score_carried_from_dataset_v4=true; ranking_target_used_for_preferences=true
входные двери цена Самара,https://samara.estetdveri.ru/catalog/vkhodnye-dveri/,76.3,68.7322,81.5078,40.0,medium,False,seo_weighted_page_quality_v5,d51_query_preference_rubric_v1,deterministic_expert_rubric=true; human_label=false; page_score_carried_from_dataset_v4=true; ranking_target_used_for_preferences=true
входные двери цена Самара,https://vimdveri.ru/catalog/vhodnye-dveri/,68.9,61.3355,74.2835,32.5,medium,False,seo_weighted_page_quality_v5,d51_query_preference_rubric_v1,deterministic_expert_rubric=true; human_label=false; page_score_carried_from_dataset_v4=true; ranking_target_used_for_preferences=true
входные двери цена Нижний Новгород,https://dveridaromnn.ru/,72.5,78.7722,72.1479,100.0,medium,False,seo_weighted_page_quality_v5,d51_query_preference_rubric_v1,deterministic_expert_rubric=true; human_label=false; page_score_carried_from_dataset_v4=true; ranking_target_used_for_preferences=true
входные двери цена Нижний Новгород,https://nigny-novgorod.dverimagnat.ru/,78.0,81.7766,80.9442,92.5,medium,False,seo_weighted_page_quality_v5,d51_query_preference_rubric_v1,deterministic_expert_rubric=true; human_label=false; page_score_carried_from_dataset_v4=true; ranking_target_used_for_preferences=true
входные двери цена Нижний Новгород,https://tsdveri.ru/catalog/vhodnye-dveri/,64.6,68.5107,59.3911,85.0,low,False,seo_weighted_page_quality_v5,d51_query_preference_rubric_v1,deterministic_expert_rubric=true; human_label=false; page_score_carried_from_dataset_v4=true; ranking_target_used_for_preferences=true
входные двери цена Нижний Новгород,https://sevendoors.ru/,73.0,73.7476,71.0837,77.5,medium,False,seo_weighted_page_quality_v5,d51_query_preference_rubric_v1,deterministic_expert_rubric=true; human_label=false; page_score_carried_from_dataset_v4=true; ranking_target_used_for_preferences=true
входные двери цена Нижний Новгород,https://n-gr.ru/,62.0,63.4061,59.107,70.0,low,False,seo_weighted_page_quality_v5,d51_query_preference_rubric_v1,deterministic_expert_rubric=true; human_label=false; page_score_carried_from_dataset_v4=true; ranking_target_used_for_preferences=true
входные двери цена Нижний Новгород,https://nn.fabrichnie-dveri.ru/,73.2,70.4597,71.338,62.5,medium,False,seo_weighted_page_quality_v5,d51_query_preference_rubric_v1,deterministic_expert_rubric=true; human_label=false; page_score_carried_from_dataset_v4=true; ranking_target_used_for_preferences=true
входные двери цена Нижний Новгород,https://nizhniy-novgorod.mosdveri.ru/,74.9,68.9331,77.1343,47.5,medium,False,seo_weighted_page_quality_v5,d51_query_preference_rubric_v1,deterministic_expert_rubric=true; human_label=false; page_score_carried_from_dataset_v4=true; ranking_target_used_for_preferences=true
входные двери цена Нижний Новгород,https://nizhniy-novgorod.straj-dveri.ru/,71.7,64.8503,74.6419,40.0,medium,False,seo_weighted_page_quality_v5,d51_query_preference_rubric_v1,deterministic_expert_rubric=true; human_label=false; page_score_carried_from_dataset_v4=true; ranking_target_used_for_preferences=true
входные двери цена Нижний Новгород,https://2gis.ru/n_novgorod/search/Входные двери/rubricId/9972,13.7,17.9139,12.9658,32.5,blocked,False,seo_weighted_page_quality_v5,d51_query_preference_rubric_v1,deterministic_expert_rubric=true; human_label=false; page_score_carried_from_dataset_v4=true; ranking_target_used_for_preferences=true
как выбрать входные двери,https://www.cian.ru/stati-kak-vybrat-vhodnuju-dver-v-kvartiru-i-dom-340912/,77.5,83.3862,82.2414,100.0,medium,False,seo_weighted_page_quality_v5,d51_query_preference_rubric_v1,deterministic_expert_rubric=true; human_label=false; page_score_carried_from_dataset_v4=true; ranking_target_used_for_preferences=true
входные двери отзывы,https://irecommend.ru/catalog/list/9986-149512,73.0,81.1742,86.0946,100.0,medium,False,seo_weighted_page_quality_v5,d51_query_preference_rubric_v1,deterministic_expert_rubric=true; human_label=false; page_score_carried_from_dataset_v4=true; ranking_target_used_for_preferences=true
входные двери отзывы,https://gdematerial.ru/dlya-doma/top-10-luchshih-vhodnyh-dverej-rejting-2025-goda/,78.6,81.4919,76.5661,92.5,medium,False,seo_weighted_page_quality_v5,d51_query_preference_rubric_v1,deterministic_expert_rubric=true; human_label=false; page_score_carried_from_dataset_v4=true; ranking_target_used_for_preferences=true
входные двери отзывы,https://markakachestva.ru/best-brands/1217-luchshie-proizvoditeli-vhodnyh-dverey.html,70.1,73.1392,67.5148,85.0,medium,False,seo_weighted_page_quality_v5,d51_query_preference_rubric_v1,deterministic_expert_rubric=true; human_label=false; page_score_carried_from_dataset_v4=true; ranking_target_used_for_preferences=true
входные двери отзывы,https://www.kp.ru/expert/dom/luchshie-vhodnye-dveri-v-kvartiru/,74.6,75.1914,74.096,77.5,medium,False,seo_weighted_page_quality_v5,d51_query_preference_rubric_v1,deterministic_expert_rubric=true; human_label=false; page_score_carried_from_dataset_v4=true; ranking_target_used_for_preferences=true
входные двери отзывы,https://otzovik.com/home/doors_and_windows/house_front_doors/,73.3,75.151,90.7003,70.0,medium,False,seo_weighted_page_quality_v5,d51_query_preference_rubric_v1,deterministic_expert_rubric=true; human_label=false; page_score_carried_from_dataset_v4=true; ranking_target_used_for_preferences=true
входные двери отзывы,https://www.vseinstrumenti.ru/category/vhodnye-metallicheskie-dveri-176310/otzyvy/,23.1,30.4677,11.8044,62.5,blocked,False,seo_weighted_page_quality_v5,d51_query_preference_rubric_v1,deterministic_expert_rubric=true; human_label=false; page_score_carried_from_dataset_v4=true; ranking_target_used_for_preferences=true
входные двери отзывы,https://www.ozon.ru/category/vhodnye-dveri-9747/review/,25.6,30.2241,11.3471,55.0,blocked,False,seo_weighted_page_quality_v5,d51_query_preference_rubric_v1,deterministic_expert_rubric=true; human_label=false; page_score_carried_from_dataset_v4=true; ranking_target_used_for_preferences=true
входные двери отзывы,https://top-expert.pro/top-10-luchshih-proizvoditelej-vhodnyh-dverej-rejting-nadezhnosti-plyusy-i-minusy/,66.2,61.8626,65.9571,47.5,medium,False,seo_weighted_page_quality_v5,d51_query_preference_rubric_v1,deterministic_expert_rubric=true; human_label=false; page_score_carried_from_dataset_v4=true; ranking_target_used_for_preferences=true
входные двери отзывы,https://homius.ru/reyting-vhodnyih-dverey-v-kvartiru-i-otzyivyi.html,74.6,67.2492,78.648,40.0,medium,False,seo_weighted_page_quality_v5,d51_query_preference_rubric_v1,deterministic_expert_rubric=true; human_label=false; page_score_carried_from_dataset_v4=true; ranking_target_used_for_preferences=true
входные двери отзывы,https://arghome.ru/blog/vhodnye-dveri-kakie-luchshe-vybrat-otzyvy-professionalov/,26.4,27.6788,25.5722,32.5,blocked,False,seo_weighted_page_quality_v5,d51_query_preference_rubric_v1,deterministic_expert_rubric=true; human_label=false; page_score_carried_from_dataset_v4=true; ranking_target_used_for_preferences=true
кухни на заказ Москва,https://vitakuhni.ru/,82.2,86.7182,85.0277,100.0,medium,False,seo_weighted_page_quality_v5,d51_query_preference_rubric_v1,deterministic_expert_rubric=true; human_label=false; page_score_carried_from_dataset_v4=true; ranking_target_used_for_preferences=true
кухни на заказ Москва,https://www.mebelmsk.ru/mebel-na-zakaz/kukhni/,73.9,79.0354,79.6161,92.5,medium,False,seo_weighted_page_quality_v5,d51_query_preference_rubric_v1,deterministic_expert_rubric=true; human_label=false; page_score_carried_from_dataset_v4=true; ranking_target_used_for_preferences=true
кухни на заказ Москва,https://www.kuxni.net/,72.8,76.9626,81.8443,85.0,medium,False,seo_weighted_page_quality_v5,d51_query_preference_rubric_v1,deterministic_expert_rubric=true; human_label=false; page_score_carried_from_dataset_v4=true; ranking_target_used_for_preferences=true
кухни на заказ Москва,https://mebel-renessans.ru/kuhni,77.4,77.2809,87.9528,70.0,medium,False,seo_weighted_page_quality_v5,d51_query_preference_rubric_v1,deterministic_expert_rubric=true; human_label=false; page_score_carried_from_dataset_v4=true; ranking_target_used_for_preferences=true
кухни на заказ Москва,https://lorena-kuhni.ru/,70.2,69.4974,77.3229,62.5,medium,False,seo_weighted_page_quality_v5,d51_query_preference_rubric_v1,deterministic_expert_rubric=true; human_label=false; page_score_carried_from_dataset_v4=true; ranking_target_used_for_preferences=true
кухни на заказ Москва,https://www.bestmebelshop.ru/catalog/mebel-dlya-kukhni/category-kukhni-po-individualnym-razmeram/,72.1,67.9176,70.4375,55.0,medium,False,seo_weighted_page_quality_v5,d51_query_preference_rubric_v1,deterministic_expert_rubric=true; human_label=false; page_score_carried_from_dataset_v4=true; ranking_target_used_for_preferences=true
кухни на заказ Москва,https://www.100-kuhon.ru/,81.1,74.4569,88.3324,47.5,medium,False,seo_weighted_page_quality_v5,d51_query_preference_rubric_v1,deterministic_expert_rubric=true; human_label=false; page_score_carried_from_dataset_v4=true; ranking_target_used_for_preferences=true
кухни на заказ Москва,https://zavodkuhnirf.ru/,70.6,65.1125,80.9367,40.0,medium,False,seo_weighted_page_quality_v5,d51_query_preference_rubric_v1,deterministic_expert_rubric=true; human_label=false; page_score_carried_from_dataset_v4=true; ranking_target_used_for_preferences=true
кухни на заказ Санкт-Петербург,https://masterskayakuhon.ru/,73.6,80.7261,80.627,100.0,medium,False,seo_weighted_page_quality_v5,d51_query_preference_rubric_v1,deterministic_expert_rubric=true; human_label=false; page_score_carried_from_dataset_v4=true; ranking_target_used_for_preferences=true
кухни на заказ Санкт-Петербург,https://lenkuhni.ru/,79.5,83.3904,85.5025,92.5,medium,False,seo_weighted_page_quality_v5,d51_query_preference_rubric_v1,deterministic_expert_rubric=true; human_label=false; page_score_carried_from_dataset_v4=true; ranking_target_used_for_preferences=true
кухни на заказ Санкт-Петербург,https://lavellakitchen.ru/,72.3,74.7107,80.3983,77.5,medium,False,seo_weighted_page_quality_v5,d51_query_preference_rubric_v1,deterministic_expert_rubric=true; human_label=false; page_score_carried_from_dataset_v4=true; ranking_target_used_for_preferences=true
кухни на заказ Санкт-Петербург,https://neva-kuhni.ru/,73.6,74.1721,82.9338,70.0,medium,False,seo_weighted_page_quality_v5,d51_query_preference_rubric_v1,deterministic_expert_rubric=true; human_label=false; page_score_carried_from_dataset_v4=true; ranking_target_used_for_preferences=true
кухни на заказ Санкт-Петербург,https://kuhnihome.spb.ru/,79.7,76.3951,84.0407,62.5,medium,False,seo_weighted_page_quality_v5,d51_query_preference_rubric_v1,deterministic_expert_rubric=true; human_label=false; page_score_carried_from_dataset_v4=true; ranking_target_used_for_preferences=true
кухни на заказ Санкт-Петербург,https://novakuhni.ru/,72.5,67.1489,75.159,47.5,medium,False,seo_weighted_page_quality_v5,d51_query_preference_rubric_v1,deterministic_expert_rubric=true; human_label=false; page_score_carried_from_dataset_v4=true; ranking_target_used_for_preferences=true
кухни на заказ Санкт-Петербург,https://lubimaya-kuhnya.ru/,73.3,66.7792,80.8879,40.0,medium,False,seo_weighted_page_quality_v5,d51_query_preference_rubric_v1,deterministic_expert_rubric=true; human_label=false; page_score_carried_from_dataset_v4=true; ranking_target_used_for_preferences=true
кухни на заказ Санкт-Петербург,https://structurakitchen.ru/,71.9,64.1346,80.5443,32.5,medium,False,seo_weighted_page_quality_v5,d51_query_preference_rubric_v1,deterministic_expert_rubric=true; human_label=false; page_score_carried_from_dataset_v4=true; ranking_target_used_for_preferences=true
кухни на заказ Екатеринбург,https://kitchenrm.ru/,70.5,78.0315,75.4768,100.0,medium,True,seo_weighted_page_quality_v5,d51_query_preference_rubric_v1,deterministic_expert_rubric=true; human_label=false; page_score_carried_from_dataset_v4=true; ranking_target_used_for_preferences=true
кухни на заказ Екатеринбург,https://www.lovekuhnya.ru/,79.8,83.6978,86.3117,92.5,medium,True,seo_weighted_page_quality_v5,d51_query_preference_rubric_v1,deterministic_expert_rubric=true; human_label=false; page_score_carried_from_dataset_v4=true; ranking_target_used_for_preferences=true
кухни на заказ Екатеринбург,https://ekaterinburg.vernokuhni.ru/,74.8,78.0676,80.9442,85.0,medium,True,seo_weighted_page_quality_v5,d51_query_preference_rubric_v1,deterministic_expert_rubric=true; human_label=false; page_score_carried_from_dataset_v4=true; ranking_target_used_for_preferences=true
кухни на заказ Екатеринбург,https://na-zakaz-mebel.com/,81.0,81.2022,87.7149,77.5,medium,True,seo_weighted_page_quality_v5,d51_query_preference_rubric_v1,deterministic_expert_rubric=true; human_label=false; page_score_carried_from_dataset_v4=true; ranking_target_used_for_preferences=true
кухни на заказ Екатеринбург,https://ekaterinburg.lemanapro.ru/proekt-kuhni/na-zakaz/,27.0,35.4721,17.5475,70.0,blocked,True,seo_weighted_page_quality_v5,d51_query_preference_rubric_v1,deterministic_expert_rubric=true; human_label=false; page_score_carried_from_dataset_v4=true; ranking_target_used_for_preferences=true
кухни на заказ Екатеринбург,https://е-кухни.рф/,76.4,74.1808,82.9189,62.5,medium,True,seo_weighted_page_quality_v5,d51_query_preference_rubric_v1,deterministic_expert_rubric=true; human_label=false; page_score_carried_from_dataset_v4=true; ranking_target_used_for_preferences=true
кухни на заказ Екатеринбург,https://www.vkuskuhni.ru/,81.8,76.3578,86.6121,55.0,medium,True,seo_weighted_page_quality_v5,d51_query_preference_rubric_v1,deterministic_expert_rubric=true; human_label=false; page_score_carried_from_dataset_v4=true; ranking_target_used_for_preferences=true
кухни на заказ Екатеринбург,https://kuhnya-ekb.ru/,27.3,30.3069,16.3726,47.5,blocked,True,seo_weighted_page_quality_v5,d51_query_preference_rubric_v1,deterministic_expert_rubric=true; human_label=false; page_score_carried_from_dataset_v4=true; ranking_target_used_for_preferences=true
кухни на заказ Екатеринбург,https://yutnaya-kuhnya.com/,68.8,64.3651,83.394,40.0,medium,True,seo_weighted_page_quality_v5,d51_query_preference_rubric_v1,deterministic_expert_rubric=true; human_label=false; page_score_carried_from_dataset_v4=true; ranking_target_used_for_preferences=true
кухни на заказ Екатеринбург,https://dom-mania.ru/,75.1,66.9282,85.9411,32.5,medium,True,seo_weighted_page_quality_v5,d51_query_preference_rubric_v1,deterministic_expert_rubric=true; human_label=false; page_score_carried_from_dataset_v4=true; ranking_target_used_for_preferences=true
кухни на заказ Новосибирск,https://www.kuhni-nsk.ru/catalog/kuhni/na-zakaz/,79.0,83.9944,80.0963,100.0,medium,False,seo_weighted_page_quality_v5,d51_query_preference_rubric_v1,deterministic_expert_rubric=true; human_label=false; page_score_carried_from_dataset_v4=true; ranking_target_used_for_preferences=true
кухни на заказ Новосибирск,https://promebelnsk.ru/kuhni,71.1,77.4783,80.8086,92.5,medium,False,seo_weighted_page_quality_v5,d51_query_preference_rubric_v1,deterministic_expert_rubric=true; human_label=false; page_score_carried_from_dataset_v4=true; ranking_target_used_for_preferences=true
кухни на заказ Новосибирск,https://alexandr-kuhni.ru/nsk,69.3,74.1249,77.3927,85.0,medium,False,seo_weighted_page_quality_v5,d51_query_preference_rubric_v1,deterministic_expert_rubric=true; human_label=false; page_score_carried_from_dataset_v4=true; ranking_target_used_for_preferences=true
кухни на заказ Новосибирск,https://kuxni-nsk.ru/,76.3,77.0514,79.4695,77.5,medium,False,seo_weighted_page_quality_v5,d51_query_preference_rubric_v1,deterministic_expert_rubric=true; human_label=false; page_score_carried_from_dataset_v4=true; ranking_target_used_for_preferences=true
кухни на заказ Новосибирск,https://novosibirsk.vernokuhni.ru/,76.3,76.092,84.573,70.0,medium,False,seo_weighted_page_quality_v5,d51_query_preference_rubric_v1,deterministic_expert_rubric=true; human_label=false; page_score_carried_from_dataset_v4=true; ranking_target_used_for_preferences=true
кухни на заказ Новосибирск,https://feniks-kuhni-nsk.ru/,73.1,71.4154,78.1229,62.5,medium,False,seo_weighted_page_quality_v5,d51_query_preference_rubric_v1,deterministic_expert_rubric=true; human_label=false; page_score_carried_from_dataset_v4=true; ranking_target_used_for_preferences=true
кухни на заказ Новосибирск,https://monolit-kuhni-mebel.ru/,72.3,70.1687,84.618,55.0,medium,False,seo_weighted_page_quality_v5,d51_query_preference_rubric_v1,deterministic_expert_rubric=true; human_label=false; page_score_carried_from_dataset_v4=true; ranking_target_used_for_preferences=true
кухни на заказ Новосибирск,https://artinhomeshop.ru/,60.0,57.2758,61.0052,47.5,low,False,seo_weighted_page_quality_v5,d51_query_preference_rubric_v1,deterministic_expert_rubric=true; human_label=false; page_score_carried_from_dataset_v4=true; ranking_target_used_for_preferences=true
кухни на заказ Новосибирск,http://mebelin-nsk.ru/kukhni,20.0,23.8035,14.6902,40.0,blocked,False,seo_weighted_page_quality_v5,d51_query_preference_rubric_v1,deterministic_expert_rubric=true; human_label=false; page_score_carried_from_dataset_v4=true; ranking_target_used_for_preferences=true
кухни на заказ Новосибирск,https://kuhni-mebel-nsk.ru/,67.7,60.6614,74.7495,32.5,medium,False,seo_weighted_page_quality_v5,d51_query_preference_rubric_v1,deterministic_expert_rubric=true; human_label=false; page_score_carried_from_dataset_v4=true; ranking_target_used_for_preferences=true
кухни на заказ Казань,https://kuhni-sova.ru/,64.1,72.0554,62.0894,100.0,low,False,seo_weighted_page_quality_v5,d51_query_preference_rubric_v1,deterministic_expert_rubric=true; human_label=false; page_score_carried_from_dataset_v4=true; ranking_target_used_for_preferences=true
кухни на заказ Казань,https://кухни116.рф/,76.2,75.0845,78.2697,70.0,medium,False,seo_weighted_page_quality_v5,d51_query_preference_rubric_v1,deterministic_expert_rubric=true; human_label=false; page_score_carried_from_dataset_v4=true; ranking_target_used_for_preferences=true
кухни на заказ Казань,https://vekexpress.ru/,62.4,58.3088,69.472,40.0,low,False,seo_weighted_page_quality_v5,d51_query_preference_rubric_v1,deterministic_expert_rubric=true; human_label=false; page_score_carried_from_dataset_v4=true; ranking_target_used_for_preferences=true
кухни на заказ Краснодар,https://kuxni-krd.ru/,77.0,82.4934,78.3557,100.0,medium,False,seo_weighted_page_quality_v5,d51_query_preference_rubric_v1,deterministic_expert_rubric=true; human_label=false; page_score_carried_from_dataset_v4=true; ranking_target_used_for_preferences=true
кухни на заказ Краснодар,https://kuhnidar.ru/,77.1,81.7134,84.2424,92.5,medium,False,seo_weighted_page_quality_v5,d51_query_preference_rubric_v1,deterministic_expert_rubric=true; human_label=false; page_score_carried_from_dataset_v4=true; ranking_target_used_for_preferences=true
кухни на заказ Краснодар,https://kukhni-vkrasnodare.ru/,64.0,70.4523,74.8154,85.0,low,False,seo_weighted_page_quality_v5,d51_query_preference_rubric_v1,deterministic_expert_rubric=true; human_label=false; page_score_carried_from_dataset_v4=true; ranking_target_used_for_preferences=true
кухни на заказ Краснодар,https://kitchen-sam.ru/,64.7,67.8474,66.0559,77.5,low,False,seo_weighted_page_quality_v5,d51_query_preference_rubric_v1,deterministic_expert_rubric=true; human_label=false; page_score_carried_from_dataset_v4=true; ranking_target_used_for_preferences=true
кухни на заказ Краснодар,https://krasnodar-kuhni-na-zakaz.ru/,23.6,33.0926,15.7375,70.0,blocked,False,seo_weighted_page_quality_v5,d51_query_preference_rubric_v1,deterministic_expert_rubric=true; human_label=false; page_score_carried_from_dataset_v4=true; ranking_target_used_for_preferences=true
кухни на заказ Краснодар,https://www.kukhni-krasnodar.ru/,60.4,62.1935,69.1368,62.5,low,False,seo_weighted_page_quality_v5,d51_query_preference_rubric_v1,deterministic_expert_rubric=true; human_label=false; page_score_carried_from_dataset_v4=true; ranking_target_used_for_preferences=true
кухни на заказ Краснодар,https://www.giuseppe23.ru/,74.0,70.8516,82.1438,55.0,medium,False,seo_weighted_page_quality_v5,d51_query_preference_rubric_v1,deterministic_expert_rubric=true; human_label=false; page_score_carried_from_dataset_v4=true; ranking_target_used_for_preferences=true
кухни на заказ Краснодар,https://krasnodar.marya.ru/,70.8,66.4551,77.5606,47.5,medium,False,seo_weighted_page_quality_v5,d51_query_preference_rubric_v1,deterministic_expert_rubric=true; human_label=false; page_score_carried_from_dataset_v4=true; ranking_target_used_for_preferences=true
кухни на заказ Краснодар,https://kuhni-kook.ru/,56.6,53.2432,59.6745,40.0,low,False,seo_weighted_page_quality_v5,d51_query_preference_rubric_v1,deterministic_expert_rubric=true; human_label=false; page_score_carried_from_dataset_v4=true; ranking_target_used_for_preferences=true
кухни на заказ Краснодар,http://kuhnya-krasnodar.ru/,72.7,65.1348,83.9055,32.5,medium,False,seo_weighted_page_quality_v5,d51_query_preference_rubric_v1,deterministic_expert_rubric=true; human_label=false; page_score_carried_from_dataset_v4=true; ranking_target_used_for_preferences=true
кухни на заказ Самара,https://samara.lemanapro.ru/proekt-kuhni/na-zakaz/,27.8,42.8165,17.2034,100.0,blocked,False,seo_weighted_page_quality_v5,d51_query_preference_rubric_v1,deterministic_expert_rubric=true; human_label=false; page_score_carried_from_dataset_v4=true; ranking_target_used_for_preferences=true
кухни на заказ Самара,https://samara.fakturamebel.ru/,63.8,71.023,67.9463,92.5,low,False,seo_weighted_page_quality_v5,d51_query_preference_rubric_v1,deterministic_expert_rubric=true; human_label=false; page_score_carried_from_dataset_v4=true; ranking_target_used_for_preferences=true
кухни на заказ Самара,https://samara.marya.ru/,72.0,75.8285,77.5903,85.0,medium,False,seo_weighted_page_quality_v5,d51_query_preference_rubric_v1,deterministic_expert_rubric=true; human_label=false; page_score_carried_from_dataset_v4=true; ranking_target_used_for_preferences=true
кухни на заказ Самара,https://kmsmebel.ru/,77.0,77.7526,81.2507,77.5,medium,False,seo_weighted_page_quality_v5,d51_query_preference_rubric_v1,deterministic_expert_rubric=true; human_label=false; page_score_carried_from_dataset_v4=true; ranking_target_used_for_preferences=true
кухни на заказ Самара,https://mebelhall-kitchen.ru/,71.7,72.3985,78.963,70.0,medium,False,seo_weighted_page_quality_v5,d51_query_preference_rubric_v1,deterministic_expert_rubric=true; human_label=false; page_score_carried_from_dataset_v4=true; ranking_target_used_for_preferences=true
кухни на заказ Самара,https://kukhni-vsamare.ru/,64.4,65.8398,76.9121,62.5,low,False,seo_weighted_page_quality_v5,d51_query_preference_rubric_v1,deterministic_expert_rubric=true; human_label=false; page_score_carried_from_dataset_v4=true; ranking_target_used_for_preferences=true
кухни на заказ Самара,https://kuhnari-samara.ru/,62.5,62.5683,74.455,55.0,low,False,seo_weighted_page_quality_v5,d51_query_preference_rubric_v1,deterministic_expert_rubric=true; human_label=false; page_score_carried_from_dataset_v4=true; ranking_target_used_for_preferences=true
кухни на заказ Самара,https://samara-kuhni-na-zakaz.ru/,76.9,71.4954,85.9493,47.5,medium,False,seo_weighted_page_quality_v5,d51_query_preference_rubric_v1,deterministic_expert_rubric=true; human_label=false; page_score_carried_from_dataset_v4=true; ranking_target_used_for_preferences=true
кухни на заказ Самара,https://mebel-kega.ru/kuhni,62.1,57.9095,68.0503,40.0,low,False,seo_weighted_page_quality_v5,d51_query_preference_rubric_v1,deterministic_expert_rubric=true; human_label=false; page_score_carried_from_dataset_v4=true; ranking_target_used_for_preferences=true
кухни на заказ Самара,https://ka2design.ru/,77.0,67.5155,82.0034,32.5,medium,False,seo_weighted_page_quality_v5,d51_query_preference_rubric_v1,deterministic_expert_rubric=true; human_label=false; page_score_carried_from_dataset_v4=true; ranking_target_used_for_preferences=true
кухни на заказ Нижний Новгород,https://kuhni-52.ru/,71.0,78.7533,78.2222,100.0,medium,True,seo_weighted_page_quality_v5,d51_query_preference_rubric_v1,deterministic_expert_rubric=true; human_label=false; page_score_carried_from_dataset_v4=true; ranking_target_used_for_preferences=true
кухни на заказ Нижний Новгород,https://kuhni-slavichi.ru/,74.2,79.0627,78.5577,92.5,medium,True,seo_weighted_page_quality_v5,d51_query_preference_rubric_v1,deterministic_expert_rubric=true; human_label=false; page_score_carried_from_dataset_v4=true; ranking_target_used_for_preferences=true
кухни на заказ Нижний Новгород,https://kuhni-nn.ru/,62.1,69.3662,75.428,85.0,low,True,seo_weighted_page_quality_v5,d51_query_preference_rubric_v1,deterministic_expert_rubric=true; human_label=false; page_score_carried_from_dataset_v4=true; ranking_target_used_for_preferences=true
кухни на заказ Нижний Новгород,https://julison.ru/,73.6,74.7228,75.1053,77.5,medium,True,seo_weighted_page_quality_v5,d51_query_preference_rubric_v1,deterministic_expert_rubric=true; human_label=false; page_score_carried_from_dataset_v4=true; ranking_target_used_for_preferences=true
кухни на заказ Нижний Новгород,https://kuhni-pod-zakaz-nn.ru/,77.5,76.3675,81.4503,70.0,medium,True,seo_weighted_page_quality_v5,d51_query_preference_rubric_v1,deterministic_expert_rubric=true; human_label=false; page_score_carried_from_dataset_v4=true; ranking_target_used_for_preferences=true
кухни на заказ Нижний Новгород,https://kuxni-nn.ru/,71.9,69.931,73.1867,62.5,medium,True,seo_weighted_page_quality_v5,d51_query_preference_rubric_v1,deterministic_expert_rubric=true; human_label=false; page_score_carried_from_dataset_v4=true; ranking_target_used_for_preferences=true
кухни на заказ Нижний Новгород,https://love-kuhnya-na-zakaz-nn.ru/,75.8,71.9527,82.0448,55.0,medium,True,seo_weighted_page_quality_v5,d51_query_preference_rubric_v1,deterministic_expert_rubric=true; human_label=false; page_score_carried_from_dataset_v4=true; ranking_target_used_for_preferences=true
кухни на заказ Нижний Новгород,https://www.kukhni-nizhniy-novgorod.ru/,66.1,62.48,70.487,47.5,medium,True,seo_weighted_page_quality_v5,d51_query_preference_rubric_v1,deterministic_expert_rubric=true; human_label=false; page_score_carried_from_dataset_v4=true; ranking_target_used_for_preferences=true
кухни на заказ Нижний Новгород,https://kuhnyabar.ru/,22.0,25.1035,15.0898,40.0,blocked,True,seo_weighted_page_quality_v5,d51_query_preference_rubric_v1,deterministic_expert_rubric=true; human_label=false; page_score_carried_from_dataset_v4=true; ranking_target_used_for_preferences=true
кухни на заказ Нижний Новгород,https://borgostudio.ru/,71.0,62.754,75.0603,32.5,medium,True,seo_weighted_page_quality_v5,d51_query_preference_rubric_v1,deterministic_expert_rubric=true; human_label=false; page_score_carried_from_dataset_v4=true; ranking_target_used_for_preferences=true
кухни на заказ цена Москва,https://www.mebelmsk.ru/mebel-na-zakaz/kukhni/,75.3,81.7243,80.2555,100.0,medium,False,seo_weighted_page_quality_v5,d51_query_preference_rubric_v1,deterministic_expert_rubric=true; human_label=false; page_score_carried_from_dataset_v4=true; ranking_target_used_for_preferences=true
кухни на заказ цена Москва,https://mebel-renessans.ru/kuhni,79.9,84.4285,90.7702,92.5,medium,False,seo_weighted_page_quality_v5,d51_query_preference_rubric_v1,deterministic_expert_rubric=true; human_label=false; page_score_carried_from_dataset_v4=true; ranking_target_used_for_preferences=true
кухни на заказ цена Москва,https://www.bestmebelshop.ru/catalog/mebel-dlya-kukhni/category-kukhni-po-individualnym-razmeram/,73.6,75.5536,69.1439,85.0,medium,False,seo_weighted_page_quality_v5,d51_query_preference_rubric_v1,deterministic_expert_rubric=true; human_label=false; page_score_carried_from_dataset_v4=true; ranking_target_used_for_preferences=true
кухни на заказ цена Москва,https://vitakuhni.ru/,79.8,79.2621,79.7408,77.5,medium,False,seo_weighted_page_quality_v5,d51_query_preference_rubric_v1,deterministic_expert_rubric=true; human_label=false; page_score_carried_from_dataset_v4=true; ranking_target_used_for_preferences=true
кухни на заказ цена Москва,https://nedorogo-kuhni.ru/kuhni,78.5,78.0402,88.4677,70.0,medium,False,seo_weighted_page_quality_v5,d51_query_preference_rubric_v1,deterministic_expert_rubric=true; human_label=false; page_score_carried_from_dataset_v4=true; ranking_target_used_for_preferences=true
кухни на заказ цена Москва,https://zavodkuhnirf.ru/,72.2,71.2462,80.7147,62.5,medium,False,seo_weighted_page_quality_v5,d51_query_preference_rubric_v1,deterministic_expert_rubric=true; human_label=false; page_score_carried_from_dataset_v4=true; ranking_target_used_for_preferences=true
кухни на заказ цена Москва,https://500kuhon.ru/,71.8,65.9664,70.1693,47.5,medium,False,seo_weighted_page_quality_v5,d51_query_preference_rubric_v1,deterministic_expert_rubric=true; human_label=false; page_score_carried_from_dataset_v4=true; ranking_target_used_for_preferences=true
кухни на заказ цена Москва,https://master-kuhni.com/,80.7,71.9,84.4402,40.0,medium,False,seo_weighted_page_quality_v5,d51_query_preference_rubric_v1,deterministic_expert_rubric=true; human_label=false; page_score_carried_from_dataset_v4=true; ranking_target_used_for_preferences=true
кухни на заказ цена Москва,https://julis.ru/kitchens/,73.8,65.9994,85.1226,32.5,medium,False,seo_weighted_page_quality_v5,d51_query_preference_rubric_v1,deterministic_expert_rubric=true; human_label=false; page_score_carried_from_dataset_v4=true; ranking_target_used_for_preferences=true
кухни на заказ цена Санкт-Петербург,https://masterskayakuhon.ru/,70.8,76.5309,75.7324,92.5,medium,False,seo_weighted_page_quality_v5,d51_query_preference_rubric_v1,deterministic_expert_rubric=true; human_label=false; page_score_carried_from_dataset_v4=true; ranking_target_used_for_preferences=true
кухни на заказ цена Санкт-Петербург,https://lenkuhni.ru/,80.1,82.0672,85.7015,85.0,medium,False,seo_weighted_page_quality_v5,d51_query_preference_rubric_v1,deterministic_expert_rubric=true; human_label=false; page_score_carried_from_dataset_v4=true; ranking_target_used_for_preferences=true
кухни на заказ цена Санкт-Петербург,https://kuhnihome.spb.ru/,78.2,76.6429,80.3924,70.0,medium,False,seo_weighted_page_quality_v5,d51_query_preference_rubric_v1,deterministic_expert_rubric=true; human_label=false; page_score_carried_from_dataset_v4=true; ranking_target_used_for_preferences=true
кухни на заказ цена Санкт-Петербург,https://neva-kuhni.ru/,74.1,72.802,83.2332,62.5,medium,False,seo_weighted_page_quality_v5,d51_query_preference_rubric_v1,deterministic_expert_rubric=true; human_label=false; page_score_carried_from_dataset_v4=true; ranking_target_used_for_preferences=true
кухни на заказ цена Санкт-Петербург,https://petro-mebel.com/kuhni-na-zakaz/,67.2,66.066,78.3468,55.0,medium,False,seo_weighted_page_quality_v5,d51_query_preference_rubric_v1,deterministic_expert_rubric=true; human_label=false; page_score_carried_from_dataset_v4=true; ranking_target_used_for_preferences=true
кухни на заказ цена Санкт-Петербург,https://lubimaya-kuhnya.ru/,74.8,69.6768,82.5054,47.5,medium,False,seo_weighted_page_quality_v5,d51_query_preference_rubric_v1,deterministic_expert_rubric=true; human_label=false; page_score_carried_from_dataset_v4=true; ranking_target_used_for_preferences=true
кухни на заказ цена Санкт-Петербург,https://spb.vitakuhni.ru/,77.2,68.8831,78.7941,40.0,medium,False,seo_weighted_page_quality_v5,d51_query_preference_rubric_v1,deterministic_expert_rubric=true; human_label=false; page_score_carried_from_dataset_v4=true; ranking_target_used_for_preferences=true
кухни на заказ цена Санкт-Петербург,https://lavellakitchen.ru/,69.7,62.3201,77.5404,32.5,medium,False,seo_weighted_page_quality_v5,d51_query_preference_rubric_v1,deterministic_expert_rubric=true; human_label=false; page_score_carried_from_dataset_v4=true; ranking_target_used_for_preferences=true
кухни на заказ цена Екатеринбург,https://www.lovekuhnya.ru/,80.4,85.6329,85.2328,100.0,medium,False,seo_weighted_page_quality_v5,d51_query_preference_rubric_v1,deterministic_expert_rubric=true; human_label=false; page_score_carried_from_dataset_v4=true; ranking_target_used_for_preferences=true
кухни на заказ цена Екатеринбург,https://na-zakaz-mebel.com/,80.4,83.8915,85.1232,92.5,medium,False,seo_weighted_page_quality_v5,d51_query_preference_rubric_v1,deterministic_expert_rubric=true; human_label=false; page_score_carried_from_dataset_v4=true; ranking_target_used_for_preferences=true
кухни на заказ цена Екатеринбург,https://kitchenrm.ru/,68.2,72.8631,73.5275,85.0,medium,False,seo_weighted_page_quality_v5,d51_query_preference_rubric_v1,deterministic_expert_rubric=true; human_label=false; page_score_carried_from_dataset_v4=true; ranking_target_used_for_preferences=true
кухни на заказ цена Екатеринбург,https://е-кухни.рф/,76.4,77.0915,79.3235,77.5,medium,False,seo_weighted_page_quality_v5,d51_query_preference_rubric_v1,deterministic_expert_rubric=true; human_label=false; page_score_carried_from_dataset_v4=true; ranking_target_used_for_preferences=true
кухни на заказ цена Екатеринбург,https://ekaterinburg.vernokuhni.ru/,72.6,72.5255,76.0903,70.0,medium,False,seo_weighted_page_quality_v5,d51_query_preference_rubric_v1,deterministic_expert_rubric=true; human_label=false; page_score_carried_from_dataset_v4=true; ranking_target_used_for_preferences=true
кухни на заказ цена Екатеринбург,https://kuhnya-ekb.ru/,25.8,32.9112,16.9348,62.5,blocked,False,seo_weighted_page_quality_v5,d51_query_preference_rubric_v1,deterministic_expert_rubric=true; human_label=false; page_score_carried_from_dataset_v4=true; ranking_target_used_for_preferences=true
кухни на заказ цена Екатеринбург,https://ekat.steklodom.com/mebel-na-zakaz/kuhni/,69.1,66.8068,75.4319,55.0,medium,False,seo_weighted_page_quality_v5,d51_query_preference_rubric_v1,deterministic_expert_rubric=true; human_label=false; page_score_carried_from_dataset_v4=true; ranking_target_used_for_preferences=true
кухни на заказ цена Екатеринбург,https://yutnaya-kuhnya.com/,65.5,62.791,75.0403,47.5,medium,False,seo_weighted_page_quality_v5,d51_query_preference_rubric_v1,deterministic_expert_rubric=true; human_label=false; page_score_carried_from_dataset_v4=true; ranking_target_used_for_preferences=true
кухни на заказ цена Екатеринбург,https://www.vkuskuhni.ru/,78.7,69.9935,79.997,40.0,medium,False,seo_weighted_page_quality_v5,d51_query_preference_rubric_v1,deterministic_expert_rubric=true; human_label=false; page_score_carried_from_dataset_v4=true; ranking_target_used_for_preferences=true
кухни на заказ цена Екатеринбург,https://vk.com/kuhni_shkafy_zakaz,22.0,24.2729,21.0526,32.5,blocked,False,seo_weighted_page_quality_v5,d51_query_preference_rubric_v1,deterministic_expert_rubric=true; human_label=false; page_score_carried_from_dataset_v4=true; ranking_target_used_for_preferences=true
кухни на заказ цена Новосибирск,https://www.kuhni-nsk.ru/,76.7,81.7207,74.4446,100.0,medium,False,seo_weighted_page_quality_v5,d51_query_preference_rubric_v1,deterministic_expert_rubric=true; human_label=false; page_score_carried_from_dataset_v4=true; ranking_target_used_for_preferences=true
кухни на заказ цена Новосибирск,https://nsk.nedorogo-kuhni.ru/kuhni,75.4,80.3817,82.3912,92.5,medium,False,seo_weighted_page_quality_v5,d51_query_preference_rubric_v1,deterministic_expert_rubric=true; human_label=false; page_score_carried_from_dataset_v4=true; ranking_target_used_for_preferences=true
кухни на заказ цена Новосибирск,https://novosibirsk.vernokuhni.ru/,73.9,77.0379,77.7994,85.0,medium,False,seo_weighted_page_quality_v5,d51_query_preference_rubric_v1,deterministic_expert_rubric=true; human_label=false; page_score_carried_from_dataset_v4=true; ranking_target_used_for_preferences=true
кухни на заказ цена Новосибирск,https://lovekuhnya-novosib.ru/,79.1,79.5344,84.4491,77.5,medium,False,seo_weighted_page_quality_v5,d51_query_preference_rubric_v1,deterministic_expert_rubric=true; human_label=false; page_score_carried_from_dataset_v4=true; ranking_target_used_for_preferences=true
кухни на заказ цена Новосибирск,https://alexandr-kuhni.ru/nsk,67.5,68.9501,73.334,70.0,medium,False,seo_weighted_page_quality_v5,d51_query_preference_rubric_v1,deterministic_expert_rubric=true; human_label=false; page_score_carried_from_dataset_v4=true; ranking_target_used_for_preferences=true
кухни на заказ цена Новосибирск,https://feniks-kuhni-nsk.ru/,72.8,70.7312,74.8012,62.5,medium,False,seo_weighted_page_quality_v5,d51_query_preference_rubric_v1,deterministic_expert_rubric=true; human_label=false; page_score_carried_from_dataset_v4=true; ranking_target_used_for_preferences=true
кухни на заказ цена Новосибирск,https://promebelnsk.ru/kuhni,67.9,66.1329,75.8992,55.0,medium,False,seo_weighted_page_quality_v5,d51_query_preference_rubric_v1,deterministic_expert_rubric=true; human_label=false; page_score_carried_from_dataset_v4=true; ranking_target_used_for_preferences=true
кухни на заказ цена Новосибирск,https://kuxni-nsk.ru/,72.6,67.1164,74.5294,47.5,medium,False,seo_weighted_page_quality_v5,d51_query_preference_rubric_v1,deterministic_expert_rubric=true; human_label=false; page_score_carried_from_dataset_v4=true; ranking_target_used_for_preferences=true
кухни на заказ цена Новосибирск,http://mebelin-nsk.ru/kukhni,13.9,19.8564,13.5894,40.0,blocked,False,seo_weighted_page_quality_v5,d51_query_preference_rubric_v1,deterministic_expert_rubric=true; human_label=false; page_score_carried_from_dataset_v4=true; ranking_target_used_for_preferences=true
кухни на заказ цена Новосибирск,https://www.kuhni-nsk.ru/catalog/kuhni/na-zakaz/,76.3,66.4659,77.8991,32.5,medium,False,seo_weighted_page_quality_v5,d51_query_preference_rubric_v1,deterministic_expert_rubric=true; human_label=false; page_score_carried_from_dataset_v4=true; ranking_target_used_for_preferences=true
кухни на заказ цена Казань,https://kuhni-sova.ru/,65.0,72.5742,61.828,100.0,medium,False,seo_weighted_page_quality_v5,d51_query_preference_rubric_v1,deterministic_expert_rubric=true; human_label=false; page_score_carried_from_dataset_v4=true; ranking_target_used_for_preferences=true
кухни на заказ цена Казань,https://kuhni-na-zakaz.net/,78.1,81.2191,76.8141,92.5,medium,False,seo_weighted_page_quality_v5,d51_query_preference_rubric_v1,deterministic_expert_rubric=true; human_label=false; page_score_carried_from_dataset_v4=true; ranking_target_used_for_preferences=true
кухни на заказ цена Казань,https://kuhni-express.ru/kazan/catalog,67.9,71.4185,65.1367,85.0,medium,False,seo_weighted_page_quality_v5,d51_query_preference_rubric_v1,deterministic_expert_rubric=true; human_label=false; page_score_carried_from_dataset_v4=true; ranking_target_used_for_preferences=true
кухни на заказ цена Казань,https://bigmebel-kzn.ru/kuhni/,75.1,76.4013,80.0954,77.5,medium,False,seo_weighted_page_quality_v5,d51_query_preference_rubric_v1,deterministic_expert_rubric=true; human_label=false; page_score_carried_from_dataset_v4=true; ranking_target_used_for_preferences=true
кухни на заказ цена Казань,https://www.kukhni-kazan.ru/,62.8,65.9473,72.7419,70.0,low,False,seo_weighted_page_quality_v5,d51_query_preference_rubric_v1,deterministic_expert_rubric=true; human_label=false; page_score_carried_from_dataset_v4=true; ranking_target_used_for_preferences=true
кухни на заказ цена Казань,https://kuhni-kazanzakazz.ru/,66.2,66.4556,73.5775,62.5,medium,False,seo_weighted_page_quality_v5,d51_query_preference_rubric_v1,deterministic_expert_rubric=true; human_label=false; page_score_carried_from_dataset_v4=true; ranking_target_used_for_preferences=true
кухни на заказ цена Казань,https://kuhdela.ru/,71.3,67.8367,73.2044,55.0,medium,False,seo_weighted_page_quality_v5,d51_query_preference_rubric_v1,deterministic_expert_rubric=true; human_label=false; page_score_carried_from_dataset_v4=true; ranking_target_used_for_preferences=true
кухни на заказ цена Казань,https://olan.biz/,71.4,66.3454,74.3493,47.5,medium,False,seo_weighted_page_quality_v5,d51_query_preference_rubric_v1,deterministic_expert_rubric=true; human_label=false; page_score_carried_from_dataset_v4=true; ranking_target_used_for_preferences=true
кухни на заказ цена Казань,https://kuhni-mebelyer.ru/,78.6,70.3283,82.6422,40.0,medium,False,seo_weighted_page_quality_v5,d51_query_preference_rubric_v1,deterministic_expert_rubric=true; human_label=false; page_score_carried_from_dataset_v4=true; ranking_target_used_for_preferences=true
кухни на заказ цена Казань,https://kuhni.shell-wood.ru/,73.4,64.9365,79.6903,32.5,medium,False,seo_weighted_page_quality_v5,d51_query_preference_rubric_v1,deterministic_expert_rubric=true; human_label=false; page_score_carried_from_dataset_v4=true; ranking_target_used_for_preferences=true
кухни на заказ цена Краснодар,https://kuxni-krd.ru/,76.0,81.3357,74.7713,100.0,medium,False,seo_weighted_page_quality_v5,d51_query_preference_rubric_v1,deterministic_expert_rubric=true; human_label=false; page_score_carried_from_dataset_v4=true; ranking_target_used_for_preferences=true
кухни на заказ цена Краснодар,https://kuhni-kook.ru/,58.1,65.9303,57.5551,92.5,low,False,seo_weighted_page_quality_v5,d51_query_preference_rubric_v1,deterministic_expert_rubric=true; human_label=false; page_score_carried_from_dataset_v4=true; ranking_target_used_for_preferences=true
кухни на заказ цена Краснодар,https://kuhnidar.ru/,76.4,79.4401,83.4804,85.0,medium,False,seo_weighted_page_quality_v5,d51_query_preference_rubric_v1,deterministic_expert_rubric=true; human_label=false; page_score_carried_from_dataset_v4=true; ranking_target_used_for_preferences=true
кухни на заказ цена Краснодар,https://www.giuseppe23.ru/,74.1,75.5642,78.6481,77.5,medium,False,seo_weighted_page_quality_v5,d51_query_preference_rubric_v1,deterministic_expert_rubric=true; human_label=false; page_score_carried_from_dataset_v4=true; ranking_target_used_for_preferences=true
кухни на заказ цена Краснодар,https://kukhni-vkrasnodare.ru/,60.4,64.5454,73.3163,70.0,low,False,seo_weighted_page_quality_v5,d51_query_preference_rubric_v1,deterministic_expert_rubric=true; human_label=false; page_score_carried_from_dataset_v4=true; ranking_target_used_for_preferences=true
кухни на заказ цена Краснодар,https://кухни-розмарин.рф/,72.0,69.9226,72.7172,62.5,medium,False,seo_weighted_page_quality_v5,d51_query_preference_rubric_v1,deterministic_expert_rubric=true; human_label=false; page_score_carried_from_dataset_v4=true; ranking_target_used_for_preferences=true
кухни на заказ цена Краснодар,https://novaya-mebel.pro/katalog-mebeli/kuhni/,68.3,66.4598,76.4256,55.0,medium,False,seo_weighted_page_quality_v5,d51_query_preference_rubric_v1,deterministic_expert_rubric=true; human_label=false; page_score_carried_from_dataset_v4=true; ranking_target_used_for_preferences=true
кухни на заказ цена Краснодар,http://kuhnya-krasnodar.ru/,72.0,67.6733,80.7219,47.5,medium,False,seo_weighted_page_quality_v5,d51_query_preference_rubric_v1,deterministic_expert_rubric=true; human_label=false; page_score_carried_from_dataset_v4=true; ranking_target_used_for_preferences=true
кухни на заказ цена Краснодар,https://www.kukhni-krasnodar.ru/,55.9,53.7075,65.6634,40.0,low,False,seo_weighted_page_quality_v5,d51_query_preference_rubric_v1,deterministic_expert_rubric=true; human_label=false; page_score_carried_from_dataset_v4=true; ranking_target_used_for_preferences=true
кухни на заказ цена Краснодар,https://krasnodarkuhni.ru/,70.5,62.8401,77.7007,32.5,medium,False,seo_weighted_page_quality_v5,d51_query_preference_rubric_v1,deterministic_expert_rubric=true; human_label=false; page_score_carried_from_dataset_v4=true; ranking_target_used_for_preferences=true
кухни на заказ цена Самара,https://samara.fakturamebel.ru/,61.6,71.0013,65.3956,100.0,low,False,seo_weighted_page_quality_v5,d51_query_preference_rubric_v1,deterministic_expert_rubric=true; human_label=false; page_score_carried_from_dataset_v4=true; ranking_target_used_for_preferences=true
кухни на заказ цена Самара,https://samara-kuhni-na-zakaz.ru/,76.6,80.8645,80.6497,92.5,medium,False,seo_weighted_page_quality_v5,d51_query_preference_rubric_v1,deterministic_expert_rubric=true; human_label=false; page_score_carried_from_dataset_v4=true; ranking_target_used_for_preferences=true
кухни на заказ цена Самара,https://enli.ru/samara/,56.7,64.6053,66.0084,85.0,low,False,seo_weighted_page_quality_v5,d51_query_preference_rubric_v1,deterministic_expert_rubric=true; human_label=false; page_score_carried_from_dataset_v4=true; ranking_target_used_for_preferences=true
кухни на заказ цена Самара,https://samara.kupit-kuhny.ru/,76.0,76.7711,78.8409,77.5,medium,False,seo_weighted_page_quality_v5,d51_query_preference_rubric_v1,deterministic_expert_rubric=true; human_label=false; page_score_carried_from_dataset_v4=true; ranking_target_used_for_preferences=true
кухни на заказ цена Самара,https://samara.vernokuhni.ru/,70.6,70.67,71.9869,70.0,medium,False,seo_weighted_page_quality_v5,d51_query_preference_rubric_v1,deterministic_expert_rubric=true; human_label=false; page_score_carried_from_dataset_v4=true; ranking_target_used_for_preferences=true
кухни на заказ цена Самара,https://dominantm.ru/,49.6,52.2733,59.1422,55.0,low,False,seo_weighted_page_quality_v5,d51_query_preference_rubric_v1,deterministic_expert_rubric=true; human_label=false; page_score_carried_from_dataset_v4=true; ranking_target_used_for_preferences=true
кухни на заказ цена Самара,https://www.avito.ru/samara/mebel_i_interer/kuhnya_na_zakaz_v_samare_s_proektom_pod_pomeschenie_i_ustanovkoy_8029860475,26.0,28.1078,18.5853,40.0,blocked,False,seo_weighted_page_quality_v5,d51_query_preference_rubric_v1,deterministic_expert_rubric=true; human_label=false; page_score_carried_from_dataset_v4=true; ranking_target_used_for_preferences=true
кухни на заказ цена Самара,https://mebelhall-kitchen.ru/,70.4,62.645,76.8134,32.5,medium,False,seo_weighted_page_quality_v5,d51_query_preference_rubric_v1,deterministic_expert_rubric=true; human_label=false; page_score_carried_from_dataset_v4=true; ranking_target_used_for_preferences=true
кухни на заказ цена Нижний Новгород,https://kuhni-nn.ru/,57.0,69.0276,71.2506,100.0,low,False,seo_weighted_page_quality_v5,d51_query_preference_rubric_v1,deterministic_expert_rubric=true; human_label=false; page_score_carried_from_dataset_v4=true; ranking_target_used_for_preferences=true
кухни на заказ цена Нижний Новгород,https://nn.kupit-kuhny.ru/,73.9,78.1122,73.4613,92.5,medium,False,seo_weighted_page_quality_v5,d51_query_preference_rubric_v1,deterministic_expert_rubric=true; human_label=false; page_score_carried_from_dataset_v4=true; ranking_target_used_for_preferences=true
кухни на заказ цена Нижний Новгород,https://первыйкухонный.рф/,69.7,73.4887,71.498,85.0,medium,False,seo_weighted_page_quality_v5,d51_query_preference_rubric_v1,deterministic_expert_rubric=true; human_label=false; page_score_carried_from_dataset_v4=true; ranking_target_used_for_preferences=true
кухни на заказ цена Нижний Новгород,https://love-kuhnya-na-zakaz-nn.ru/,77.0,77.7581,81.2874,77.5,medium,False,seo_weighted_page_quality_v5,d51_query_preference_rubric_v1,deterministic_expert_rubric=true; human_label=false; page_score_carried_from_dataset_v4=true; ranking_target_used_for_preferences=true
кухни на заказ цена Нижний Новгород,https://kntmebel.ru/,77.0,76.1007,81.7377,70.0,medium,False,seo_weighted_page_quality_v5,d51_query_preference_rubric_v1,deterministic_expert_rubric=true; human_label=false; page_score_carried_from_dataset_v4=true; ranking_target_used_for_preferences=true
кухни на заказ цена Нижний Новгород,https://stebelkuhny.ru/,63.7,63.7171,65.6538,62.5,low,False,seo_weighted_page_quality_v5,d51_query_preference_rubric_v1,deterministic_expert_rubric=true; human_label=false; page_score_carried_from_dataset_v4=true; ranking_target_used_for_preferences=true
кухни на заказ цена Нижний Новгород,https://www.kukhni-nizhniy-novgorod.ru/,64.0,63.0108,71.2052,55.0,low,False,seo_weighted_page_quality_v5,d51_query_preference_rubric_v1,deterministic_expert_rubric=true; human_label=false; page_score_carried_from_dataset_v4=true; ranking_target_used_for_preferences=true
кухни на заказ цена Нижний Новгород,https://kuhni-slavichi.ru/,70.5,65.9969,75.7459,47.5,medium,False,seo_weighted_page_quality_v5,d51_query_preference_rubric_v1,deterministic_expert_rubric=true; human_label=false; page_score_carried_from_dataset_v4=true; ranking_target_used_for_preferences=true
кухни на заказ цена Нижний Новгород,https://kuhni-pod-zakaz-nn.ru/,76.0,68.2667,79.6446,40.0,medium,False,seo_weighted_page_quality_v5,d51_query_preference_rubric_v1,deterministic_expert_rubric=true; human_label=false; page_score_carried_from_dataset_v4=true; ranking_target_used_for_preferences=true
кухни на заказ цена Нижний Новгород,https://кухни-на-заказ-нижний-новгород.рф/,16.6,20.0824,15.436,32.5,blocked,False,seo_weighted_page_quality_v5,d51_query_preference_rubric_v1,deterministic_expert_rubric=true; human_label=false; page_score_carried_from_dataset_v4=true; ranking_target_used_for_preferences=true
как выбрать кухни на заказ,https://vkkuhni.ru/kak-vyibrat-kuhnyu/kak-vyibrat-kuhnyu-na-zakaz-polnyij-gajd-ot-proizvoditelya-s-15-letnim-opyitom.html,79.3,85.1534,86.5827,100.0,medium,False,seo_weighted_page_quality_v5,d51_query_preference_rubric_v1,deterministic_expert_rubric=true; human_label=false; page_score_carried_from_dataset_v4=true; ranking_target_used_for_preferences=true
как выбрать кухни на заказ,https://zov-mebel.ru/articles/кухня-на-заказ/,77.1,74.9937,73.9444,70.0,medium,False,seo_weighted_page_quality_v5,d51_query_preference_rubric_v1,deterministic_expert_rubric=true; human_label=false; page_score_carried_from_dataset_v4=true; ranking_target_used_for_preferences=true
как выбрать кухни на заказ,https://russia-zov.ru/articles/как-выбрать-кухню/,72.8,64.5823,68.3086,40.0,medium,False,seo_weighted_page_quality_v5,d51_query_preference_rubric_v1,deterministic_expert_rubric=true; human_label=false; page_score_carried_from_dataset_v4=true; ranking_target_used_for_preferences=true
кухни на заказ отзывы,https://dom.mail.ru/compilations/83549-luchshie-proizvoditeli-kukhon/,73.9,79.5339,71.4391,100.0,medium,False,seo_weighted_page_quality_v5,d51_query_preference_rubric_v1,deterministic_expert_rubric=true; human_label=false; page_score_carried_from_dataset_v4=true; ranking_target_used_for_preferences=true
кухни на заказ отзывы,https://otzovik.com/reviews/kuhnya_kuhni_na_zakaz/,73.9,80.2063,87.4218,92.5,medium,False,seo_weighted_page_quality_v5,d51_query_preference_rubric_v1,deterministic_expert_rubric=true; human_label=false; page_score_carried_from_dataset_v4=true; ranking_target_used_for_preferences=true
кухни на заказ отзывы,https://reitingkuhni.ru/,69.9,75.1697,81.8777,85.0,medium,False,seo_weighted_page_quality_v5,d51_query_preference_rubric_v1,deterministic_expert_rubric=true; human_label=false; page_score_carried_from_dataset_v4=true; ranking_target_used_for_preferences=true
кухни на заказ отзывы,https://irecommend.ru/content/izgotovlenie-kukhni-na-zakaz-0,77.8,78.4551,82.6275,77.5,medium,False,seo_weighted_page_quality_v5,d51_query_preference_rubric_v1,deterministic_expert_rubric=true; human_label=false; page_score_carried_from_dataset_v4=true; ranking_target_used_for_preferences=true
кухни на заказ отзывы,https://otzyv-remstroy.ru/rating/kuhni-na-zakaz,72.3,73.3031,82.5137,70.0,medium,False,seo_weighted_page_quality_v5,d51_query_preference_rubric_v1,deterministic_expert_rubric=true; human_label=false; page_score_carried_from_dataset_v4=true; ranking_target_used_for_preferences=true
кухни на заказ отзывы,https://nedorogo-kuhni.ru/otzyvy/kuhni,68.5,67.1959,69.006,62.5,medium,False,seo_weighted_page_quality_v5,d51_query_preference_rubric_v1,deterministic_expert_rubric=true; human_label=false; page_score_carried_from_dataset_v4=true; ranking_target_used_for_preferences=true
кухни на заказ отзывы,https://kuhnimoskvy.ru/reviews.php,65.3,64.5963,76.4017,55.0,medium,False,seo_weighted_page_quality_v5,d51_query_preference_rubric_v1,deterministic_expert_rubric=true; human_label=false; page_score_carried_from_dataset_v4=true; ranking_target_used_for_preferences=true
кухни на заказ отзывы,https://www.prostof.ru/otzyvy/,66.7,63.524,74.9665,47.5,medium,False,seo_weighted_page_quality_v5,d51_query_preference_rubric_v1,deterministic_expert_rubric=true; human_label=false; page_score_carried_from_dataset_v4=true; ranking_target_used_for_preferences=true
кухни на заказ отзывы,https://pravda-klientov.ru/company/kuhni-na-zakaz,70.9,65.1777,80.1313,40.0,medium,False,seo_weighted_page_quality_v5,d51_query_preference_rubric_v1,deterministic_expert_rubric=true; human_label=false; page_score_carried_from_dataset_v4=true; ranking_target_used_for_preferences=true
кухни на заказ отзывы,https://vkkuhni.ru/otzyivyi,77.0,67.9427,84.8513,32.5,medium,False,seo_weighted_page_quality_v5,d51_query_preference_rubric_v1,deterministic_expert_rubric=true; human_label=false; page_score_carried_from_dataset_v4=true; ranking_target_used_for_preferences=true
шкафы-купе Москва,https://good-mebel.com/category/shkafy-kupe/,78.4,83.3897,78.5445,100.0,medium,False,seo_weighted_page_quality_v5,d51_query_preference_rubric_v1,deterministic_expert_rubric=true; human_label=false; page_score_carried_from_dataset_v4=true; ranking_target_used_for_preferences=true
шкафы-купе Москва,https://www.shkaf-kupe.ru/category/shkafy-kupe/,78.6,82.1704,81.0895,92.5,medium,False,seo_weighted_page_quality_v5,d51_query_preference_rubric_v1,deterministic_expert_rubric=true; human_label=false; page_score_carried_from_dataset_v4=true; ranking_target_used_for_preferences=true
шкафы-купе Москва,https://www.bestmebelshop.ru/catalog/shkafy-kupe/,75.7,77.9602,76.5081,85.0,medium,False,seo_weighted_page_quality_v5,d51_query_preference_rubric_v1,deterministic_expert_rubric=true; human_label=false; page_score_carried_from_dataset_v4=true; ranking_target_used_for_preferences=true
шкафы-купе Москва,https://lemanapro.ru/catalogue/shkafy-kupe/,31.4,39.75,16.3803,77.5,blocked,False,seo_weighted_page_quality_v5,d51_query_preference_rubric_v1,deterministic_expert_rubric=true; human_label=false; page_score_carried_from_dataset_v4=true; ranking_target_used_for_preferences=true
шкафы-купе Москва,https://mosshkafkupe.ru/,77.7,76.3778,80.6923,70.0,medium,False,seo_weighted_page_quality_v5,d51_query_preference_rubric_v1,deterministic_expert_rubric=true; human_label=false; page_score_carried_from_dataset_v4=true; ranking_target_used_for_preferences=true
шкафы-купе Москва,https://mosmobel.ru/,79.0,76.1735,85.4565,62.5,medium,False,seo_weighted_page_quality_v5,d51_query_preference_rubric_v1,deterministic_expert_rubric=true; human_label=false; page_score_carried_from_dataset_v4=true; ranking_target_used_for_preferences=true
шкафы-купе Москва,https://mebel.ru/catalog/cabinets/shkafy-kupe/,72.0,69.0273,78.2489,55.0,medium,False,seo_weighted_page_quality_v5,d51_query_preference_rubric_v1,deterministic_expert_rubric=true; human_label=false; page_score_carried_from_dataset_v4=true; ranking_target_used_for_preferences=true
шкафы-купе Москва,http://www.kupesalon.ru/,65.4,58.598,58.9999,40.0,medium,False,seo_weighted_page_quality_v5,d51_query_preference_rubric_v1,deterministic_expert_rubric=true; human_label=false; page_score_carried_from_dataset_v4=true; ranking_target_used_for_preferences=true
шкафы-купе Москва,https://shkafy-moskva.ru/tcat/shkafy-kupe/,76.4,67.4672,84.1615,32.5,medium,False,seo_weighted_page_quality_v5,d51_query_preference_rubric_v1,deterministic_expert_rubric=true; human_label=false; page_score_carried_from_dataset_v4=true; ranking_target_used_for_preferences=true
шкафы-купе Санкт-Петербург,https://kupehouse.ru/,78.6,83.396,77.76,100.0,medium,False,seo_weighted_page_quality_v5,d51_query_preference_rubric_v1,deterministic_expert_rubric=true; human_label=false; page_score_carried_from_dataset_v4=true; ranking_target_used_for_preferences=true
шкафы-купе Санкт-Петербург,https://nonton.ru/mebel/shkafy/shkafy-kupe/,71.5,77.6208,80.1054,92.5,medium,False,seo_weighted_page_quality_v5,d51_query_preference_rubric_v1,deterministic_expert_rubric=true; human_label=false; page_score_carried_from_dataset_v4=true; ranking_target_used_for_preferences=true
шкафы-купе Санкт-Петербург,https://www.spb.bestmebelshop.ru/catalog/shkafy-kupe/,74.7,77.21,75.64,85.0,medium,False,seo_weighted_page_quality_v5,d51_query_preference_rubric_v1,deterministic_expert_rubric=true; human_label=false; page_score_carried_from_dataset_v4=true; ranking_target_used_for_preferences=true
шкафы-купе Санкт-Петербург,https://spb.shkaf-kupe.ru/category/shkafy-kupe/,75.6,76.2358,76.9252,77.5,medium,False,seo_weighted_page_quality_v5,d51_query_preference_rubric_v1,deterministic_expert_rubric=true; human_label=false; page_score_carried_from_dataset_v4=true; ranking_target_used_for_preferences=true
шкафы-купе Санкт-Петербург,https://www.kupenadom.ru/,77.5,75.8309,77.8727,70.0,medium,False,seo_weighted_page_quality_v5,d51_query_preference_rubric_v1,deterministic_expert_rubric=true; human_label=false; page_score_carried_from_dataset_v4=true; ranking_target_used_for_preferences=true
шкафы-купе Санкт-Петербург,https://spb.lazurit.com/catalog/668/shkafy-kupe/,32.4,37.7989,22.2394,62.5,blocked,False,seo_weighted_page_quality_v5,d51_query_preference_rubric_v1,deterministic_expert_rubric=true; human_label=false; page_score_carried_from_dataset_v4=true; ranking_target_used_for_preferences=true
шкафы-купе Санкт-Петербург,https://spb.shkafplus.ru/,67.5,65.5347,73.5649,55.0,medium,False,seo_weighted_page_quality_v5,d51_query_preference_rubric_v1,deterministic_expert_rubric=true; human_label=false; page_score_carried_from_dataset_v4=true; ranking_target_used_for_preferences=true
шкафы-купе Санкт-Петербург,https://kbyro.ru/,60.7,59.0613,70.0154,47.5,low,False,seo_weighted_page_quality_v5,d51_query_preference_rubric_v1,deterministic_expert_rubric=true; human_label=false; page_score_carried_from_dataset_v4=true; ranking_target_used_for_preferences=true
шкафы-купе Санкт-Петербург,https://www.divan.ru/sankt-peterburg/category/shkafy-kupe,74.8,67.4414,79.1029,40.0,medium,False,seo_weighted_page_quality_v5,d51_query_preference_rubric_v1,deterministic_expert_rubric=true; human_label=false; page_score_carried_from_dataset_v4=true; ranking_target_used_for_preferences=true
шкафы-купе Санкт-Петербург,https://www.kupeteka.ru/shkafy-kupe,67.2,61.0317,79.2845,32.5,medium,False,seo_weighted_page_quality_v5,d51_query_preference_rubric_v1,deterministic_expert_rubric=true; human_label=false; page_score_carried_from_dataset_v4=true; ranking_target_used_for_preferences=true
шкафы-купе Екатеринбург,https://ekaterinburg.lemanapro.ru/catalogue/shkafy-kupe/,32.2,45.4277,16.4246,100.0,blocked,False,seo_weighted_page_quality_v5,d51_query_preference_rubric_v1,deterministic_expert_rubric=true; human_label=false; page_score_carried_from_dataset_v4=true; ranking_target_used_for_preferences=true
шкафы-купе Екатеринбург,https://kupeural.ru/,69.6,75.2131,71.9071,92.5,medium,False,seo_weighted_page_quality_v5,d51_query_preference_rubric_v1,deterministic_expert_rubric=true; human_label=false; page_score_carried_from_dataset_v4=true; ranking_target_used_for_preferences=true
шкафы-купе Екатеринбург,https://33komoda.ru/catalog/shkafy_kupe/,73.1,76.0975,74.8367,85.0,medium,False,seo_weighted_page_quality_v5,d51_query_preference_rubric_v1,deterministic_expert_rubric=true; human_label=false; page_score_carried_from_dataset_v4=true; ranking_target_used_for_preferences=true
шкафы-купе Екатеринбург,https://www.e-1.ru/city/ekaterinburg/,72.4,74.7093,79.9756,77.5,medium,False,seo_weighted_page_quality_v5,d51_query_preference_rubric_v1,deterministic_expert_rubric=true; human_label=false; page_score_carried_from_dataset_v4=true; ranking_target_used_for_preferences=true
шкафы-купе Екатеринбург,https://kupi-kupe.ru/,67.9,69.3492,74.3416,70.0,medium,False,seo_weighted_page_quality_v5,d51_query_preference_rubric_v1,deterministic_expert_rubric=true; human_label=false; page_score_carried_from_dataset_v4=true; ranking_target_used_for_preferences=true
шкафы-купе Екатеринбург,http://ekb.kupicupe.ru/,62.9,64.639,75.1069,62.5,low,False,seo_weighted_page_quality_v5,d51_query_preference_rubric_v1,deterministic_expert_rubric=true; human_label=false; page_score_carried_from_dataset_v4=true; ranking_target_used_for_preferences=true
шкафы-купе Екатеринбург,https://www.yapokupayu.ru/blogs/post/gde-kupit-shkaf-v-ekaterinburge,60.2,59.6383,64.4284,55.0,low,False,seo_weighted_page_quality_v5,d51_query_preference_rubric_v1,deterministic_expert_rubric=true; human_label=false; page_score_carried_from_dataset_v4=true; ranking_target_used_for_preferences=true
шкафы-купе Екатеринбург,https://ekat.steklodom.com/mebel-na-zakaz/shkafy/,63.1,60.7439,71.3124,47.5,low,False,seo_weighted_page_quality_v5,d51_query_preference_rubric_v1,deterministic_expert_rubric=true; human_label=false; page_score_carried_from_dataset_v4=true; ranking_target_used_for_preferences=true
шкафы-купе Екатеринбург,https://www.ekbkupe.ru/,69.5,64.1851,79.3008,40.0,medium,False,seo_weighted_page_quality_v5,d51_query_preference_rubric_v1,deterministic_expert_rubric=true; human_label=false; page_score_carried_from_dataset_v4=true; ranking_target_used_for_preferences=true
шкафы-купе Екатеринбург,https://gipermarketdom.ru/catalog/shkafy_kupe_gotovye/,36.9,36.1899,38.9127,32.5,blocked,False,seo_weighted_page_quality_v5,d51_query_preference_rubric_v1,deterministic_expert_rubric=true; human_label=false; page_score_carried_from_dataset_v4=true; ranking_target_used_for_preferences=true
шкафы-купе Новосибирск,https://novosibirsk.lemanapro.ru/catalogue/shkafy-kupe/,32.1,45.3493,16.3156,100.0,blocked,False,seo_weighted_page_quality_v5,d51_query_preference_rubric_v1,deterministic_expert_rubric=true; human_label=false; page_score_carried_from_dataset_v4=true; ranking_target_used_for_preferences=true
шкафы-купе Новосибирск,https://shkaf-kupe-novosibirsk.ru/,77.7,80.8639,76.0995,92.5,medium,False,seo_weighted_page_quality_v5,d51_query_preference_rubric_v1,deterministic_expert_rubric=true; human_label=false; page_score_carried_from_dataset_v4=true; ranking_target_used_for_preferences=true
шкафы-купе Новосибирск,https://4nozhki.ru/tovari/shkafi-kupe/novosibirsk/,23.4,38.1851,27.5138,85.0,blocked,False,seo_weighted_page_quality_v5,d51_query_preference_rubric_v1,deterministic_expert_rubric=true; human_label=false; page_score_carried_from_dataset_v4=true; ranking_target_used_for_preferences=true
шкафы-купе Новосибирск,https://nsk.lazurit.com/catalog/668/shkafy-kupe/,32.7,41.39,21.9401,77.5,blocked,False,seo_weighted_page_quality_v5,d51_query_preference_rubric_v1,deterministic_expert_rubric=true; human_label=false; page_score_carried_from_dataset_v4=true; ranking_target_used_for_preferences=true
шкафы-купе Новосибирск,https://mebelti.com/catalog/shkafy-kupe/,77.9,76.5417,80.9577,70.0,medium,False,seo_weighted_page_quality_v5,d51_query_preference_rubric_v1,deterministic_expert_rubric=true; human_label=false; page_score_carried_from_dataset_v4=true; ranking_target_used_for_preferences=true
шкафы-купе Новосибирск,https://mebel-nsk.ru/shkafy/shkafy-kype/,62.3,63.5622,70.4081,62.5,low,False,seo_weighted_page_quality_v5,d51_query_preference_rubric_v1,deterministic_expert_rubric=true; human_label=false; page_score_carried_from_dataset_v4=true; ranking_target_used_for_preferences=true
шкафы-купе Новосибирск,https://artic-mebel.ru/catalog/shkafy-kupe/,71.9,68.251,73.4867,55.0,medium,False,seo_weighted_page_quality_v5,d51_query_preference_rubric_v1,deterministic_expert_rubric=true; human_label=false; page_score_carried_from_dataset_v4=true; ranking_target_used_for_preferences=true
шкафы-купе Новосибирск,http://www.shkaf54.ru/,64.8,61.5873,69.9085,47.5,low,False,seo_weighted_page_quality_v5,d51_query_preference_rubric_v1,deterministic_expert_rubric=true; human_label=false; page_score_carried_from_dataset_v4=true; ranking_target_used_for_preferences=true
шкафы-купе Новосибирск,https://www.kuhni-nsk.ru/catalog/shkafy_kupe/,76.8,68.7646,79.6576,40.0,medium,False,seo_weighted_page_quality_v5,d51_query_preference_rubric_v1,deterministic_expert_rubric=true; human_label=false; page_score_carried_from_dataset_v4=true; ranking_target_used_for_preferences=true
шкафы-купе Новосибирск,https://novosibirsk.mebelgrad.com/catalog/shkafy-kupe-3/,73.7,64.6593,76.6018,32.5,medium,False,seo_weighted_page_quality_v5,d51_query_preference_rubric_v1,deterministic_expert_rubric=true; human_label=false; page_score_carried_from_dataset_v4=true; ranking_target_used_for_preferences=true
шкафы-купе Казань,https://kazan.lemanapro.ru/catalogue/shkafy-kupe/,32.2,45.4215,16.3834,100.0,blocked,False,seo_weighted_page_quality_v5,d51_query_preference_rubric_v1,deterministic_expert_rubric=true; human_label=false; page_score_carried_from_dataset_v4=true; ranking_target_used_for_preferences=true
шкафы-купе Казань,https://kazan.nonton.ru/mebel/shkafy/,63.8,70.5836,65.0173,92.5,low,False,seo_weighted_page_quality_v5,d51_query_preference_rubric_v1,deterministic_expert_rubric=true; human_label=false; page_score_carried_from_dataset_v4=true; ranking_target_used_for_preferences=true
шкафы-купе Казань,https://kazanshkafkupe.ru/,65.3,71.1119,73.8391,85.0,medium,False,seo_weighted_page_quality_v5,d51_query_preference_rubric_v1,deterministic_expert_rubric=true; human_label=false; page_score_carried_from_dataset_v4=true; ranking_target_used_for_preferences=true
шкафы-купе Казань,https://kazan.shkafy-moskva.ru/,75.6,75.9779,75.2062,77.5,medium,False,seo_weighted_page_quality_v5,d51_query_preference_rubric_v1,deterministic_expert_rubric=true; human_label=false; page_score_carried_from_dataset_v4=true; ranking_target_used_for_preferences=true
шкафы-купе Казань,https://www.kazan.bestmebelshop.ru/catalog/shkafy-kupe/,65.6,66.2306,63.0573,70.0,medium,False,seo_weighted_page_quality_v5,d51_query_preference_rubric_v1,deterministic_expert_rubric=true; human_label=false; page_score_carried_from_dataset_v4=true; ranking_target_used_for_preferences=true
шкафы-купе Казань,https://kupeshki.ru/,72.2,72.0746,86.2376,62.5,medium,False,seo_weighted_page_quality_v5,d51_query_preference_rubric_v1,deterministic_expert_rubric=true; human_label=false; page_score_carried_from_dataset_v4=true; ranking_target_used_for_preferences=true
шкафы-купе Казань,https://kazan.inmyroom.ru/products/mebel/shkafy/shkafy-kupe,72.7,68.6851,73.0743,55.0,medium,False,seo_weighted_page_quality_v5,d51_query_preference_rubric_v1,deterministic_expert_rubric=true; human_label=false; page_score_carried_from_dataset_v4=true; ranking_target_used_for_preferences=true
шкафы-купе Казань,https://www.divan.ru/kazan/category/shkafy-kupe,72.3,67.0904,75.596,47.5,medium,False,seo_weighted_page_quality_v5,d51_query_preference_rubric_v1,deterministic_expert_rubric=true; human_label=false; page_score_carried_from_dataset_v4=true; ranking_target_used_for_preferences=true
шкафы-купе Казань,https://shkafkzn.ru/,70.9,64.2051,73.6473,40.0,medium,False,seo_weighted_page_quality_v5,d51_query_preference_rubric_v1,deterministic_expert_rubric=true; human_label=false; page_score_carried_from_dataset_v4=true; ranking_target_used_for_preferences=true
шкафы-купе Казань,https://sova-mk.ru/shkafy-kupe/,57.0,54.3217,76.7112,32.5,low,False,seo_weighted_page_quality_v5,d51_query_preference_rubric_v1,deterministic_expert_rubric=true; human_label=false; page_score_carried_from_dataset_v4=true; ranking_target_used_for_preferences=true
шкафы-купе Краснодар,https://krasnodar.lemanapro.ru/catalogue/shkafy-kupe/,32.1,45.3475,16.3034,100.0,blocked,True,seo_weighted_page_quality_v5,d51_query_preference_rubric_v1,deterministic_expert_rubric=true; human_label=false; page_score_carried_from_dataset_v4=true; ranking_target_used_for_preferences=true
шкафы-купе Краснодар,https://shkaf-krasnodar.ru/,67.3,73.1894,67.9226,92.5,medium,True,seo_weighted_page_quality_v5,d51_query_preference_rubric_v1,deterministic_expert_rubric=true; human_label=false; page_score_carried_from_dataset_v4=true; ranking_target_used_for_preferences=true
шкафы-купе Краснодар,http://tkmebeli.ru/shkafy-kupe,58.7,66.2469,68.6858,85.0,low,True,seo_weighted_page_quality_v5,d51_query_preference_rubric_v1,deterministic_expert_rubric=true; human_label=false; page_score_carried_from_dataset_v4=true; ranking_target_used_for_preferences=true
шкафы-купе Краснодар,https://4nozhki.ru/tovari/shkafi-kupe/krasnodar/,24.0,37.088,29.2198,77.5,blocked,True,seo_weighted_page_quality_v5,d51_query_preference_rubric_v1,deterministic_expert_rubric=true; human_label=false; page_score_carried_from_dataset_v4=true; ranking_target_used_for_preferences=true
шкафы-купе Краснодар,https://www.e-1.ru/city/krasnodar/,70.5,71.1673,75.7152,70.0,medium,True,seo_weighted_page_quality_v5,d51_query_preference_rubric_v1,deterministic_expert_rubric=true; human_label=false; page_score_carried_from_dataset_v4=true; ranking_target_used_for_preferences=true
шкафы-купе Краснодар,https://bigmebel-krasnodar.ru/shkafy-kupe/,69.7,68.609,73.4664,62.5,medium,True,seo_weighted_page_quality_v5,d51_query_preference_rubric_v1,deterministic_expert_rubric=true; human_label=false; page_score_carried_from_dataset_v4=true; ranking_target_used_for_preferences=true
шкафы-купе Краснодар,https://mebelpik.ru/shop/shkafy-kupe/,74.6,69.6507,71.6581,55.0,medium,True,seo_weighted_page_quality_v5,d51_query_preference_rubric_v1,deterministic_expert_rubric=true; human_label=false; page_score_carried_from_dataset_v4=true; ranking_target_used_for_preferences=true
шкафы-купе Краснодар,https://krasnodar.nonton.ru/mebel/shkafy/shkafy-kupe/,65.4,62.36,72.5799,47.5,medium,True,seo_weighted_page_quality_v5,d51_query_preference_rubric_v1,deterministic_expert_rubric=true; human_label=false; page_score_carried_from_dataset_v4=true; ranking_target_used_for_preferences=true
шкафы-купе Краснодар,https://shkafkupe-krd.ru/,70.2,61.9737,73.1648,32.5,medium,True,seo_weighted_page_quality_v5,d51_query_preference_rubric_v1,deterministic_expert_rubric=true; human_label=false; page_score_carried_from_dataset_v4=true; ranking_target_used_for_preferences=true
шкафы-купе Самара,https://samara.lemanapro.ru/catalogue/shkafy-kupe/,32.4,45.5637,16.5044,100.0,blocked,False,seo_weighted_page_quality_v5,d51_query_preference_rubric_v1,deterministic_expert_rubric=true; human_label=false; page_score_carried_from_dataset_v4=true; ranking_target_used_for_preferences=true
шкафы-купе Самара,https://sam-mebel.ru/,66.0,73.5976,76.0172,92.5,medium,False,seo_weighted_page_quality_v5,d51_query_preference_rubric_v1,deterministic_expert_rubric=true; human_label=false; page_score_carried_from_dataset_v4=true; ranking_target_used_for_preferences=true
шкафы-купе Самара,https://www.e-1.ru/city/samara/,74.2,77.6805,80.8436,85.0,medium,False,seo_weighted_page_quality_v5,d51_query_preference_rubric_v1,deterministic_expert_rubric=true; human_label=false; page_score_carried_from_dataset_v4=true; ranking_target_used_for_preferences=true
шкафы-купе Самара,https://samara.nonton.ru/mebel/shkafy/shkafy-kupe/,69.6,72.6317,77.698,77.5,medium,False,seo_weighted_page_quality_v5,d51_query_preference_rubric_v1,deterministic_expert_rubric=true; human_label=false; page_score_carried_from_dataset_v4=true; ranking_target_used_for_preferences=true
шкафы-купе Самара,https://mebeldom63.ru/cat/shkafyi/shkafy-kupe/,71.9,72.1059,76.1862,70.0,medium,False,seo_weighted_page_quality_v5,d51_query_preference_rubric_v1,deterministic_expert_rubric=true; human_label=false; page_score_carried_from_dataset_v4=true; ranking_target_used_for_preferences=true
шкафы-купе Самара,https://shkafoff.su/,65.2,63.655,59.0398,62.5,medium,False,seo_weighted_page_quality_v5,d51_query_preference_rubric_v1,deterministic_expert_rubric=true; human_label=false; page_score_carried_from_dataset_v4=true; ranking_target_used_for_preferences=true
шкафы-купе Самара,https://mebel-kega.ru/shkafy/shkafy-kupe,67.2,66.4904,81.1759,55.0,medium,False,seo_weighted_page_quality_v5,d51_query_preference_rubric_v1,deterministic_expert_rubric=true; human_label=false; page_score_carried_from_dataset_v4=true; ranking_target_used_for_preferences=true
шкафы-купе Самара,https://shkafoff-63.ru/shkaf-kupe.php,70.9,66.7482,79.1012,47.5,medium,False,seo_weighted_page_quality_v5,d51_query_preference_rubric_v1,deterministic_expert_rubric=true; human_label=false; page_score_carried_from_dataset_v4=true; ranking_target_used_for_preferences=true
шкафы-купе Самара,https://furnituremodern.ru/samara,67.5,61.7103,71.0688,40.0,medium,False,seo_weighted_page_quality_v5,d51_query_preference_rubric_v1,deterministic_expert_rubric=true; human_label=false; page_score_carried_from_dataset_v4=true; ranking_target_used_for_preferences=true
шкафы-купе Самара,https://fabrikasamara.ru/shkafy-kupe,55.0,52.8391,75.0938,32.5,low,False,seo_weighted_page_quality_v5,d51_query_preference_rubric_v1,deterministic_expert_rubric=true; human_label=false; page_score_carried_from_dataset_v4=true; ranking_target_used_for_preferences=true
шкафы-купе Нижний Новгород,https://shkaf-nnov.ru/,65.3,74.185,71.3266,100.0,medium,False,seo_weighted_page_quality_v5,d51_query_preference_rubric_v1,deterministic_expert_rubric=true; human_label=false; page_score_carried_from_dataset_v4=true; ranking_target_used_for_preferences=true
шкафы-купе Нижний Новгород,https://mastershkaf-nn.ru/,70.1,74.7618,66.8323,92.5,medium,False,seo_weighted_page_quality_v5,d51_query_preference_rubric_v1,deterministic_expert_rubric=true; human_label=false; page_score_carried_from_dataset_v4=true; ranking_target_used_for_preferences=true
шкафы-купе Нижний Новгород,https://www.nn.bestmebelshop.ru/catalog/shkafy-kupe/,69.3,72.6184,67.3492,85.0,medium,False,seo_weighted_page_quality_v5,d51_query_preference_rubric_v1,deterministic_expert_rubric=true; human_label=false; page_score_carried_from_dataset_v4=true; ranking_target_used_for_preferences=true
шкафы-купе Нижний Новгород,https://sandi-nn.ru/,59.6,65.0942,68.7814,77.5,low,False,seo_weighted_page_quality_v5,d51_query_preference_rubric_v1,deterministic_expert_rubric=true; human_label=false; page_score_carried_from_dataset_v4=true; ranking_target_used_for_preferences=true
шкафы-купе Нижний Новгород,https://novgorod.spravker.ru/shkafyi-kupe/,66.0,67.886,72.4403,70.0,medium,False,seo_weighted_page_quality_v5,d51_query_preference_rubric_v1,deterministic_expert_rubric=true; human_label=false; page_score_carried_from_dataset_v4=true; ranking_target_used_for_preferences=true
шкафы-купе Нижний Новгород,https://nizhnij-novgorod.jsprav.ru/proizvodstvo-i-prodazha-shkafov-kupe/,58.2,60.5892,67.5346,62.5,low,False,seo_weighted_page_quality_v5,d51_query_preference_rubric_v1,deterministic_expert_rubric=true; human_label=false; page_score_carried_from_dataset_v4=true; ranking_target_used_for_preferences=true
шкафы-купе Нижний Новгород,https://kupe52.ru/,61.9,62.0516,73.4909,55.0,low,False,seo_weighted_page_quality_v5,d51_query_preference_rubric_v1,deterministic_expert_rubric=true; human_label=false; page_score_carried_from_dataset_v4=true; ranking_target_used_for_preferences=true
шкафы-купе Нижний Новгород,https://nizhniynovgorod.mebel-1000.ru/catalogue/korpusnaya-mebel/shkafy-kupe/,67.8,62.3448,62.5589,47.5,medium,False,seo_weighted_page_quality_v5,d51_query_preference_rubric_v1,deterministic_expert_rubric=true; human_label=false; page_score_carried_from_dataset_v4=true; ranking_target_used_for_preferences=true
шкафы-купе Нижний Новгород,https://nizhnovgorod.aristo.ru/,72.5,66.3171,81.1143,40.0,medium,False,seo_weighted_page_quality_v5,d51_query_preference_rubric_v1,deterministic_expert_rubric=true; human_label=false; page_score_carried_from_dataset_v4=true; ranking_target_used_for_preferences=true
шкафы-купе Нижний Новгород,https://exline-nn.ru/shkafy-kupe,62.8,58.1041,77.9542,32.5,low,False,seo_weighted_page_quality_v5,d51_query_preference_rubric_v1,deterministic_expert_rubric=true; human_label=false; page_score_carried_from_dataset_v4=true; ranking_target_used_for_preferences=true
шкафы-купе цена Москва,https://good-mebel.com/category/shkafy-kupe/,80.7,85.2244,81.2693,100.0,medium,False,seo_weighted_page_quality_v5,d51_query_preference_rubric_v1,deterministic_expert_rubric=true; human_label=false; page_score_carried_from_dataset_v4=true; ranking_target_used_for_preferences=true
шкафы-купе цена Москва,https://www.shkaf-kupe.ru/category/shkafy-kupe/,78.2,81.5676,78.7239,92.5,medium,False,seo_weighted_page_quality_v5,d51_query_preference_rubric_v1,deterministic_expert_rubric=true; human_label=false; page_score_carried_from_dataset_v4=true; ranking_target_used_for_preferences=true
шкафы-купе цена Москва,https://www.divan.ru/category/shkafy-kupe,78.0,80.2911,82.5409,85.0,medium,False,seo_weighted_page_quality_v5,d51_query_preference_rubric_v1,deterministic_expert_rubric=true; human_label=false; page_score_carried_from_dataset_v4=true; ranking_target_used_for_preferences=true
шкафы-купе цена Москва,https://shkafy-moskva.ru/tcat/shkafy-kupe/,78.1,78.6889,82.9463,77.5,medium,False,seo_weighted_page_quality_v5,d51_query_preference_rubric_v1,deterministic_expert_rubric=true; human_label=false; page_score_carried_from_dataset_v4=true; ranking_target_used_for_preferences=true
шкафы-купе цена Москва,https://www.mebelmsk.ru/catalog/shkafy/kupe/,74.7,73.3511,72.9141,70.0,medium,False,seo_weighted_page_quality_v5,d51_query_preference_rubric_v1,deterministic_expert_rubric=true; human_label=false; page_score_carried_from_dataset_v4=true; ranking_target_used_for_preferences=true
шкафы-купе цена Москва,https://kupehouse.ru/moskva/,72.4,70.49,74.8468,62.5,medium,False,seo_weighted_page_quality_v5,d51_query_preference_rubric_v1,deterministic_expert_rubric=true; human_label=false; page_score_carried_from_dataset_v4=true; ranking_target_used_for_preferences=true
шкафы-купе цена Москва,https://www.mosdommebel.ru/category/shkafy-kupe/,76.7,72.4951,81.9408,55.0,medium,False,seo_weighted_page_quality_v5,d51_query_preference_rubric_v1,deterministic_expert_rubric=true; human_label=false; page_score_carried_from_dataset_v4=true; ranking_target_used_for_preferences=true
шкафы-купе цена Москва,https://dobraya-mebel.ru/shop/shkafi/shkafy-kupe/,77.6,71.2508,81.4251,47.5,medium,False,seo_weighted_page_quality_v5,d51_query_preference_rubric_v1,deterministic_expert_rubric=true; human_label=false; page_score_carried_from_dataset_v4=true; ranking_target_used_for_preferences=true
шкафы-купе цена Москва,https://www.fabrika-monolit.ru/shkafy-kupe/,72.8,66.8791,83.6204,40.0,medium,False,seo_weighted_page_quality_v5,d51_query_preference_rubric_v1,deterministic_expert_rubric=true; human_label=false; page_score_carried_from_dataset_v4=true; ranking_target_used_for_preferences=true
шкафы-купе цена Санкт-Петербург,https://kupehouse.ru/,80.0,84.4989,79.3262,100.0,medium,False,seo_weighted_page_quality_v5,d51_query_preference_rubric_v1,deterministic_expert_rubric=true; human_label=false; page_score_carried_from_dataset_v4=true; ranking_target_used_for_preferences=true
шкафы-купе цена Санкт-Петербург,https://spb.stolplit.ru/internet-magazin/katalog-mebeli/80-shkafy-kupe/,70.1,76.314,77.1798,92.5,medium,False,seo_weighted_page_quality_v5,d51_query_preference_rubric_v1,deterministic_expert_rubric=true; human_label=false; page_score_carried_from_dataset_v4=true; ranking_target_used_for_preferences=true
шкафы-купе цена Санкт-Петербург,https://nonton.ru/mebel/shkafy/shkafy-kupe/,72.4,76.5075,80.4634,85.0,medium,False,seo_weighted_page_quality_v5,d51_query_preference_rubric_v1,deterministic_expert_rubric=true; human_label=false; page_score_carried_from_dataset_v4=true; ranking_target_used_for_preferences=true
шкафы-купе цена Санкт-Петербург,https://www.spb.bestmebelshop.ru/catalog/shkafy-kupe/,73.5,74.4612,73.7749,77.5,medium,False,seo_weighted_page_quality_v5,d51_query_preference_rubric_v1,deterministic_expert_rubric=true; human_label=false; page_score_carried_from_dataset_v4=true; ranking_target_used_for_preferences=true
шкафы-купе цена Санкт-Петербург,https://spb.shkaf-kupe.ru/category/shkafy-kupe/,75.3,74.0911,75.3675,70.0,medium,False,seo_weighted_page_quality_v5,d51_query_preference_rubric_v1,deterministic_expert_rubric=true; human_label=false; page_score_carried_from_dataset_v4=true; ranking_target_used_for_preferences=true
шкафы-купе цена Санкт-Петербург,https://www.kupenadom.ru/,77.2,73.7485,76.7298,62.5,medium,False,seo_weighted_page_quality_v5,d51_query_preference_rubric_v1,deterministic_expert_rubric=true; human_label=false; page_score_carried_from_dataset_v4=true; ranking_target_used_for_preferences=true
шкафы-купе цена Санкт-Петербург,https://spb.lemanapro.ru/catalogue/shkafy-kupe/,26.1,31.2576,16.1709,55.0,blocked,False,seo_weighted_page_quality_v5,d51_query_preference_rubric_v1,deterministic_expert_rubric=true; human_label=false; page_score_carried_from_dataset_v4=true; ranking_target_used_for_preferences=true
шкафы-купе цена Санкт-Петербург,https://shkaf-v-spb.ru/shkaf-kupe-na-zakaz,63.9,61.4933,73.0022,47.5,low,False,seo_weighted_page_quality_v5,d51_query_preference_rubric_v1,deterministic_expert_rubric=true; human_label=false; page_score_carried_from_dataset_v4=true; ranking_target_used_for_preferences=true
шкафы-купе цена Санкт-Петербург,https://spb.shkafplus.ru/,66.8,61.4595,72.29,40.0,medium,False,seo_weighted_page_quality_v5,d51_query_preference_rubric_v1,deterministic_expert_rubric=true; human_label=false; page_score_carried_from_dataset_v4=true; ranking_target_used_for_preferences=true
шкафы-купе цена Санкт-Петербург,https://sankt-peterburg.good-mebel.com/category/shkafy-kupe/,76.0,66.2554,77.7359,32.5,medium,False,seo_weighted_page_quality_v5,d51_query_preference_rubric_v1,deterministic_expert_rubric=true; human_label=false; page_score_carried_from_dataset_v4=true; ranking_target_used_for_preferences=true
шкафы-купе цена Екатеринбург,https://ekaterinburg.lemanapro.ru/catalogue/shkafy-kupe/,27.4,42.4069,16.1263,100.0,blocked,False,seo_weighted_page_quality_v5,d51_query_preference_rubric_v1,deterministic_expert_rubric=true; human_label=false; page_score_carried_from_dataset_v4=true; ranking_target_used_for_preferences=true
шкафы-купе цена Екатеринбург,https://kupi-kupe.ru/,69.2,75.1552,73.1745,92.5,medium,False,seo_weighted_page_quality_v5,d51_query_preference_rubric_v1,deterministic_expert_rubric=true; human_label=false; page_score_carried_from_dataset_v4=true; ranking_target_used_for_preferences=true
шкафы-купе цена Екатеринбург,https://33komoda.ru/catalog/shkafy_kupe/,71.1,73.9424,68.7358,85.0,medium,False,seo_weighted_page_quality_v5,d51_query_preference_rubric_v1,deterministic_expert_rubric=true; human_label=false; page_score_carried_from_dataset_v4=true; ranking_target_used_for_preferences=true
шкафы-купе цена Екатеринбург,https://ekaterinburg.nonton.ru/mebel/shkafy/shkafy-kupe/,70.5,73.1542,77.4612,77.5,medium,False,seo_weighted_page_quality_v5,d51_query_preference_rubric_v1,deterministic_expert_rubric=true; human_label=false; page_score_carried_from_dataset_v4=true; ranking_target_used_for_preferences=true
шкафы-купе цена Екатеринбург,https://www.e-1.ru/city/ekaterinburg/,69.8,70.368,73.2801,70.0,medium,False,seo_weighted_page_quality_v5,d51_query_preference_rubric_v1,deterministic_expert_rubric=true; human_label=false; page_score_carried_from_dataset_v4=true; ranking_target_used_for_preferences=true
шкафы-купе цена Екатеринбург,https://kupeural.ru/,68.0,66.8433,68.7222,62.5,medium,False,seo_weighted_page_quality_v5,d51_query_preference_rubric_v1,deterministic_expert_rubric=true; human_label=false; page_score_carried_from_dataset_v4=true; ranking_target_used_for_preferences=true
шкафы-купе цена Екатеринбург,http://ekb.kupicupe.ru/,60.5,60.6841,70.1609,55.0,low,False,seo_weighted_page_quality_v5,d51_query_preference_rubric_v1,deterministic_expert_rubric=true; human_label=false; page_score_carried_from_dataset_v4=true; ranking_target_used_for_preferences=true
шкафы-купе цена Екатеринбург,https://ekat.steklodom.com/mebel-na-zakaz/shkafy/,65.0,62.2047,73.1978,47.5,medium,False,seo_weighted_page_quality_v5,d51_query_preference_rubric_v1,deterministic_expert_rubric=true; human_label=false; page_score_carried_from_dataset_v4=true; ranking_target_used_for_preferences=true
шкафы-купе цена Екатеринбург,https://gipermarketdom.ru/catalog/shkafy_kupe_gotovye/,35.6,37.097,38.8332,40.0,blocked,False,seo_weighted_page_quality_v5,d51_query_preference_rubric_v1,deterministic_expert_rubric=true; human_label=false; page_score_carried_from_dataset_v4=true; ranking_target_used_for_preferences=true
шкафы-купе цена Новосибирск,https://novosibirsk.lemanapro.ru/catalogue/shkafy-kupe/,27.4,42.3969,16.059,100.0,blocked,False,seo_weighted_page_quality_v5,d51_query_preference_rubric_v1,deterministic_expert_rubric=true; human_label=false; page_score_carried_from_dataset_v4=true; ranking_target_used_for_preferences=true
шкафы-купе цена Новосибирск,https://4nozhki.ru/tovari/shkafi-kupe/novosibirsk/,16.9,35.4583,24.7019,92.5,blocked,False,seo_weighted_page_quality_v5,d51_query_preference_rubric_v1,deterministic_expert_rubric=true; human_label=false; page_score_carried_from_dataset_v4=true; ranking_target_used_for_preferences=true
шкафы-купе цена Новосибирск,https://mebelny95.ru/novosibirsk/shkafy/shkafy-kupe,65.6,71.2912,73.7943,85.0,medium,False,seo_weighted_page_quality_v5,d51_query_preference_rubric_v1,deterministic_expert_rubric=true; human_label=false; page_score_carried_from_dataset_v4=true; ranking_target_used_for_preferences=true
шкафы-купе цена Новосибирск,https://nsk.lazurit.com/catalog/668/shkafy-kupe/,30.1,39.8351,22.3207,77.5,blocked,False,seo_weighted_page_quality_v5,d51_query_preference_rubric_v1,deterministic_expert_rubric=true; human_label=false; page_score_carried_from_dataset_v4=true; ranking_target_used_for_preferences=true
шкафы-купе цена Новосибирск,https://mebelti.com/catalog/shkafy-kupe/,76.5,75.0723,76.9488,70.0,medium,False,seo_weighted_page_quality_v5,d51_query_preference_rubric_v1,deterministic_expert_rubric=true; human_label=false; page_score_carried_from_dataset_v4=true; ranking_target_used_for_preferences=true
шкафы-купе цена Новосибирск,https://mebel-nsk.ru/shkafy/shkafy-kype/,61.8,62.7953,67.3623,62.5,low,False,seo_weighted_page_quality_v5,d51_query_preference_rubric_v1,deterministic_expert_rubric=true; human_label=false; page_score_carried_from_dataset_v4=true; ranking_target_used_for_preferences=true
шкафы-купе цена Новосибирск,https://www.kuhni-nsk.ru/catalog/shkafy_kupe/,77.3,72.2592,77.8882,55.0,medium,False,seo_weighted_page_quality_v5,d51_query_preference_rubric_v1,deterministic_expert_rubric=true; human_label=false; page_score_carried_from_dataset_v4=true; ranking_target_used_for_preferences=true
шкафы-купе цена Новосибирск,https://shkaf-kupe-novosibirsk.ru/,76.7,69.8332,75.6947,47.5,medium,False,seo_weighted_page_quality_v5,d51_query_preference_rubric_v1,deterministic_expert_rubric=true; human_label=false; page_score_carried_from_dataset_v4=true; ranking_target_used_for_preferences=true
шкафы-купе цена Новосибирск,https://znatokmebeli.ru/catalog/shkafy-kupe,56.8,53.894,63.1866,40.0,low,False,seo_weighted_page_quality_v5,d51_query_preference_rubric_v1,deterministic_expert_rubric=true; human_label=false; page_score_carried_from_dataset_v4=true; ranking_target_used_for_preferences=true
шкафы-купе цена Новосибирск,http://www.shkaf54.ru/,64.2,57.8267,70.3178,32.5,low,False,seo_weighted_page_quality_v5,d51_query_preference_rubric_v1,deterministic_expert_rubric=true; human_label=false; page_score_carried_from_dataset_v4=true; ranking_target_used_for_preferences=true
шкафы-купе цена Казань,https://kazan.lemanapro.ru/catalogue/shkafy-kupe/,27.4,42.4057,16.1178,100.0,blocked,False,seo_weighted_page_quality_v5,d51_query_preference_rubric_v1,deterministic_expert_rubric=true; human_label=false; page_score_carried_from_dataset_v4=true; ranking_target_used_for_preferences=true
шкафы-купе цена Казань,https://kazanshkafkupe.ru/,65.7,72.6881,71.1939,92.5,medium,False,seo_weighted_page_quality_v5,d51_query_preference_rubric_v1,deterministic_expert_rubric=true; human_label=false; page_score_carried_from_dataset_v4=true; ranking_target_used_for_preferences=true
шкафы-купе цена Казань,https://www.kazan.bestmebelshop.ru/catalog/shkafy-kupe/,68.9,72.1919,66.1596,85.0,medium,False,seo_weighted_page_quality_v5,d51_query_preference_rubric_v1,deterministic_expert_rubric=true; human_label=false; page_score_carried_from_dataset_v4=true; ranking_target_used_for_preferences=true
шкафы-купе цена Казань,https://kazan.inmyroom.ru/products/mebel/shkafy/shkafy-kupe,76.1,76.314,75.3799,77.5,medium,False,seo_weighted_page_quality_v5,d51_query_preference_rubric_v1,deterministic_expert_rubric=true; human_label=false; page_score_carried_from_dataset_v4=true; ranking_target_used_for_preferences=true
шкафы-купе цена Казань,https://kazan.nonton.ru/mebel/shkafy/,65.6,67.0036,68.2105,70.0,medium,False,seo_weighted_page_quality_v5,d51_query_preference_rubric_v1,deterministic_expert_rubric=true; human_label=false; page_score_carried_from_dataset_v4=true; ranking_target_used_for_preferences=true
шкафы-купе цена Казань,https://мафа-мебель.рф/catalog/shkafy-kupe-shkafy/,67.4,67.6007,76.2514,62.5,medium,False,seo_weighted_page_quality_v5,d51_query_preference_rubric_v1,deterministic_expert_rubric=true; human_label=false; page_score_carried_from_dataset_v4=true; ranking_target_used_for_preferences=true
шкафы-купе цена Казань,https://www.divan.ru/kazan/category/shkafy-kupe,73.0,69.0964,74.5761,55.0,medium,False,seo_weighted_page_quality_v5,d51_query_preference_rubric_v1,deterministic_expert_rubric=true; human_label=false; page_score_carried_from_dataset_v4=true; ranking_target_used_for_preferences=true
шкафы-купе цена Казань,https://kazan.good-mebel.com/category/shkafy-kupe/,75.6,69.1335,75.5769,47.5,medium,False,seo_weighted_page_quality_v5,d51_query_preference_rubric_v1,deterministic_expert_rubric=true; human_label=false; page_score_carried_from_dataset_v4=true; ranking_target_used_for_preferences=true
шкафы-купе цена Казань,https://mebeldan.ru/catalog/shkafy-kupe/,67.1,61.1735,69.1436,40.0,medium,False,seo_weighted_page_quality_v5,d51_query_preference_rubric_v1,deterministic_expert_rubric=true; human_label=false; page_score_carried_from_dataset_v4=true; ranking_target_used_for_preferences=true
шкафы-купе цена Казань,https://meggamebel.ru/catalog/shkafy/shkafy-kupe/,66.7,59.344,70.1003,32.5,medium,False,seo_weighted_page_quality_v5,d51_query_preference_rubric_v1,deterministic_expert_rubric=true; human_label=false; page_score_carried_from_dataset_v4=true; ranking_target_used_for_preferences=true
шкафы-купе цена Краснодар,https://krasnodar.lemanapro.ru/catalogue/shkafy-kupe/,27.4,42.3995,16.0767,100.0,blocked,False,seo_weighted_page_quality_v5,d51_query_preference_rubric_v1,deterministic_expert_rubric=true; human_label=false; page_score_carried_from_dataset_v4=true; ranking_target_used_for_preferences=true
шкафы-купе цена Краснодар,https://4nozhki.ru/tovari/shkafi-kupe/krasnodar/,17.5,36.0227,25.9849,92.5,blocked,False,seo_weighted_page_quality_v5,d51_query_preference_rubric_v1,deterministic_expert_rubric=true; human_label=false; page_score_carried_from_dataset_v4=true; ranking_target_used_for_preferences=true
шкафы-купе цена Краснодар,https://www.avito.ru/krasnodar/mebel_i_interer/shkafy_komodyi_stellazhi-ASgBAgICAURaqAI?q=шкаф+купе,25.3,36.9609,11.4996,85.0,blocked,False,seo_weighted_page_quality_v5,d51_query_preference_rubric_v1,deterministic_expert_rubric=true; human_label=false; page_score_carried_from_dataset_v4=true; ranking_target_used_for_preferences=true
шкафы-купе цена Краснодар,http://tkmebeli.ru/shkafy-kupe,55.3,61.5705,63.0634,77.5,low,False,seo_weighted_page_quality_v5,d51_query_preference_rubric_v1,deterministic_expert_rubric=true; human_label=false; page_score_carried_from_dataset_v4=true; ranking_target_used_for_preferences=true
шкафы-купе цена Краснодар,https://krasnodar.nonton.ru/mebel/shkafy/shkafy-kupe/,68.3,69.5552,74.0615,70.0,medium,False,seo_weighted_page_quality_v5,d51_query_preference_rubric_v1,deterministic_expert_rubric=true; human_label=false; page_score_carried_from_dataset_v4=true; ranking_target_used_for_preferences=true
шкафы-купе цена Краснодар,https://mebelpik.ru/shop/shkafy-kupe/,75.8,70.6023,73.042,55.0,medium,False,seo_weighted_page_quality_v5,d51_query_preference_rubric_v1,deterministic_expert_rubric=true; human_label=false; page_score_carried_from_dataset_v4=true; ranking_target_used_for_preferences=true
шкафы-купе цена Краснодар,https://shkaf-krasnodar.ru/,64.8,60.929,65.5198,47.5,low,False,seo_weighted_page_quality_v5,d51_query_preference_rubric_v1,deterministic_expert_rubric=true; human_label=false; page_score_carried_from_dataset_v4=true; ranking_target_used_for_preferences=true
шкафы-купе цена Краснодар,https://krasnodar.arkomebel.ru/shkafy-2/shkafy-kupe/,63.2,58.2523,65.7885,40.0,low,False,seo_weighted_page_quality_v5,d51_query_preference_rubric_v1,deterministic_expert_rubric=true; human_label=false; page_score_carried_from_dataset_v4=true; ranking_target_used_for_preferences=true
шкафы-купе цена Краснодар,https://kalenich-home.ru/shkafy_kupe/,64.5,57.4685,66.6901,32.5,low,False,seo_weighted_page_quality_v5,d51_query_preference_rubric_v1,deterministic_expert_rubric=true; human_label=false; page_score_carried_from_dataset_v4=true; ranking_target_used_for_preferences=true
шкафы-купе цена Самара,https://samara.lemanapro.ru/catalogue/shkafy-kupe/,27.1,42.1345,15.5498,100.0,blocked,False,seo_weighted_page_quality_v5,d51_query_preference_rubric_v1,deterministic_expert_rubric=true; human_label=false; page_score_carried_from_dataset_v4=true; ranking_target_used_for_preferences=true
шкафы-купе цена Самара,https://sam-mebel.ru/,63.4,70.9782,69.3011,92.5,low,False,seo_weighted_page_quality_v5,d51_query_preference_rubric_v1,deterministic_expert_rubric=true; human_label=false; page_score_carried_from_dataset_v4=true; ranking_target_used_for_preferences=true
шкафы-купе цена Самара,https://mebeldom63.ru/cat/shkafyi/shkafy-kupe/,72.2,75.5052,74.6077,85.0,medium,False,seo_weighted_page_quality_v5,d51_query_preference_rubric_v1,deterministic_expert_rubric=true; human_label=false; page_score_carried_from_dataset_v4=true; ranking_target_used_for_preferences=true
шкафы-купе цена Самара,https://www.e-1.ru/city/samara/,71.1,72.9745,73.7834,77.5,medium,False,seo_weighted_page_quality_v5,d51_query_preference_rubric_v1,deterministic_expert_rubric=true; human_label=false; page_score_carried_from_dataset_v4=true; ranking_target_used_for_preferences=true
шкафы-купе цена Самара,https://mebel-kega.ru/shkafy/shkafy-kupe,65.2,68.2077,77.8915,70.0,medium,False,seo_weighted_page_quality_v5,d51_query_preference_rubric_v1,deterministic_expert_rubric=true; human_label=false; page_score_carried_from_dataset_v4=true; ranking_target_used_for_preferences=true
шкафы-купе цена Самара,https://www.avito.ru/samara?q=шкаф+купе,24.6,31.3579,11.5394,62.5,blocked,False,seo_weighted_page_quality_v5,d51_query_preference_rubric_v1,deterministic_expert_rubric=true; human_label=false; page_score_carried_from_dataset_v4=true; ranking_target_used_for_preferences=true
шкафы-купе цена Самара,https://samara.bestmebelshop.ru/catalog/shkafy-kupe/,72.0,68.109,72.127,55.0,medium,False,seo_weighted_page_quality_v5,d51_query_preference_rubric_v1,deterministic_expert_rubric=true; human_label=false; page_score_carried_from_dataset_v4=true; ranking_target_used_for_preferences=true
шкафы-купе цена Самара,https://mariya-mebell.ru/product-category/shkafy-kupe/,68.3,64.354,73.8869,47.5,medium,False,seo_weighted_page_quality_v5,d51_query_preference_rubric_v1,deterministic_expert_rubric=true; human_label=false; page_score_carried_from_dataset_v4=true; ranking_target_used_for_preferences=true
шкафы-купе цена Самара,https://felicitamebel.ru/shkafy-kupe-v-samare-na-zakaz/,64.8,59.9528,70.5122,40.0,low,False,seo_weighted_page_quality_v5,d51_query_preference_rubric_v1,deterministic_expert_rubric=true; human_label=false; page_score_carried_from_dataset_v4=true; ranking_target_used_for_preferences=true
шкафы-купе цена Самара,https://bigmebel-samara.ru/shkafy-kupe/,73.5,65.1297,80.5646,32.5,medium,False,seo_weighted_page_quality_v5,d51_query_preference_rubric_v1,deterministic_expert_rubric=true; human_label=false; page_score_carried_from_dataset_v4=true; ranking_target_used_for_preferences=true
шкафы-купе цена Нижний Новгород,https://shkaf-nnov.ru/,66.5,75.1805,73.0032,100.0,medium,True,seo_weighted_page_quality_v5,d51_query_preference_rubric_v1,deterministic_expert_rubric=true; human_label=false; page_score_carried_from_dataset_v4=true; ranking_target_used_for_preferences=true
шкафы-купе цена Нижний Новгород,https://www.avito.ru/nizhniy_novgorod?q=шкафы+купе,26.1,39.2763,12.1285,92.5,blocked,True,seo_weighted_page_quality_v5,d51_query_preference_rubric_v1,deterministic_expert_rubric=true; human_label=false; page_score_carried_from_dataset_v4=true; ranking_target_used_for_preferences=true
шкафы-купе цена Нижний Новгород,https://4nozhki.ru/tovari/shkafi-kupe/nigniy-novgorod/,16.7,33.6517,24.9848,85.0,blocked,True,seo_weighted_page_quality_v5,d51_query_preference_rubric_v1,deterministic_expert_rubric=true; human_label=false; page_score_carried_from_dataset_v4=true; ranking_target_used_for_preferences=true
шкафы-купе цена Нижний Новгород,https://www.nn.bestmebelshop.ru/catalog/shkafy-kupe/,70.6,71.8939,68.6461,77.5,medium,True,seo_weighted_page_quality_v5,d51_query_preference_rubric_v1,deterministic_expert_rubric=true; human_label=false; page_score_carried_from_dataset_v4=true; ranking_target_used_for_preferences=true
шкафы-купе цена Нижний Новгород,https://nn.stolplit.ru/internet-magazin/katalog-mebeli/80-shkafy-kupe/,66.4,68.1838,72.7722,70.0,medium,True,seo_weighted_page_quality_v5,d51_query_preference_rubric_v1,deterministic_expert_rubric=true; human_label=false; page_score_carried_from_dataset_v4=true; ranking_target_used_for_preferences=true
шкафы-купе цена Нижний Новгород,https://nizhnij-novgorod.good-mebel.com/category/shkafy-kupe/,73.2,70.4421,71.2205,62.5,medium,True,seo_weighted_page_quality_v5,d51_query_preference_rubric_v1,deterministic_expert_rubric=true; human_label=false; page_score_carried_from_dataset_v4=true; ranking_target_used_for_preferences=true
шкафы-купе цена Нижний Новгород,https://nizhniynovgorod.mebel-1000.ru/catalogue/korpusnaya-mebel/shkafy-kupe/,66.2,62.245,57.0064,55.0,medium,True,seo_weighted_page_quality_v5,d51_query_preference_rubric_v1,deterministic_expert_rubric=true; human_label=false; page_score_carried_from_dataset_v4=true; ranking_target_used_for_preferences=true
шкафы-купе цена Нижний Новгород,https://nizhny-novgorod.mebelion.ru/mebel/shkafy-kupe/,60.9,58.3184,64.2359,47.5,low,True,seo_weighted_page_quality_v5,d51_query_preference_rubric_v1,deterministic_expert_rubric=true; human_label=false; page_score_carried_from_dataset_v4=true; ranking_target_used_for_preferences=true
шкафы-купе цена Нижний Новгород,https://nn.kupit-shkaf.ru/,72.4,64.7043,70.7751,40.0,medium,True,seo_weighted_page_quality_v5,d51_query_preference_rubric_v1,deterministic_expert_rubric=true; human_label=false; page_score_carried_from_dataset_v4=true; ranking_target_used_for_preferences=true
шкафы-купе цена Нижний Новгород,https://nizhnij-novgorod.jsprav.ru/proizvodstvo-i-prodazha-shkafov-kupe/,57.0,52.7541,66.2604,32.5,low,True,seo_weighted_page_quality_v5,d51_query_preference_rubric_v1,deterministic_expert_rubric=true; human_label=false; page_score_carried_from_dataset_v4=true; ranking_target_used_for_preferences=true
как выбрать шкафы-купе,http://www.realto.ru/journal/articles/kak-vybrat-shkaf-kupe-v-kvartiru-obzor-mehanizmov-i-sistem-hraneniya/,72.5,79.8145,79.0967,100.0,medium,False,seo_weighted_page_quality_v5,d51_query_preference_rubric_v1,deterministic_expert_rubric=true; human_label=false; page_score_carried_from_dataset_v4=true; ranking_target_used_for_preferences=true
как выбрать шкафы-купе,https://www.artis21.ru/blog/kak-vybrat-shkaf-kupe-vidy-razmery-materialy-i-napolnenie/,77.4,81.5607,81.9845,92.5,medium,False,seo_weighted_page_quality_v5,d51_query_preference_rubric_v1,deterministic_expert_rubric=true; human_label=false; page_score_carried_from_dataset_v4=true; ranking_target_used_for_preferences=true
как выбрать шкафы-купе,https://www.mebelmsk.ru/stati/sovety-eksperta/kak_vybrat_shkaf_kupe/,81.3,83.3333,89.1821,85.0,medium,False,seo_weighted_page_quality_v5,d51_query_preference_rubric_v1,deterministic_expert_rubric=true; human_label=false; page_score_carried_from_dataset_v4=true; ranking_target_used_for_preferences=true
как выбрать шкафы-купе,https://nadivan.ru/blog/kak-vybrat-shkaf-kupe/,69.8,72.2334,74.2161,77.5,medium,False,seo_weighted_page_quality_v5,d51_query_preference_rubric_v1,deterministic_expert_rubric=true; human_label=false; page_score_carried_from_dataset_v4=true; ranking_target_used_for_preferences=true
как выбрать шкафы-купе,https://mebelino-mebel.ru/articles/vybiraem-shkaf-kupe-material-konfiguratsiya-furnitura/,73.6,72.3229,70.6063,70.0,medium,False,seo_weighted_page_quality_v5,d51_query_preference_rubric_v1,deterministic_expert_rubric=true; human_label=false; page_score_carried_from_dataset_v4=true; ranking_target_used_for_preferences=true
как выбрать шкафы-купе,https://mebelmrya.ru/blog/kak-pravilno-vybrat-shkaf-kupe-prakticheskoe-rukovodstvo,70.5,68.8184,83.0559,55.0,medium,False,seo_weighted_page_quality_v5,d51_query_preference_rubric_v1,deterministic_expert_rubric=true; human_label=false; page_score_carried_from_dataset_v4=true; ranking_target_used_for_preferences=true
как выбрать шкафы-купе,https://rewood-mebel.ru/buyers/blog/kak_vybrat_shkaf_kupe_vidy_razmery_i_sovety_po_vyboru/,78.3,72.2606,85.2642,47.5,medium,False,seo_weighted_page_quality_v5,d51_query_preference_rubric_v1,deterministic_expert_rubric=true; human_label=false; page_score_carried_from_dataset_v4=true; ranking_target_used_for_preferences=true
как выбрать шкафы-купе,http://shkafy-spb.ru/about/articles/kak-vybrat-shkaf-kupe/,77.4,69.9745,85.243,40.0,medium,False,seo_weighted_page_quality_v5,d51_query_preference_rubric_v1,deterministic_expert_rubric=true; human_label=false; page_score_carried_from_dataset_v4=true; ranking_target_used_for_preferences=true
шкафы-купе отзывы,https://irecommend.ru/catalog/list/9986-312289,70.0,78.2315,78.8769,100.0,medium,False,seo_weighted_page_quality_v5,d51_query_preference_rubric_v1,deterministic_expert_rubric=true; human_label=false; page_score_carried_from_dataset_v4=true; ranking_target_used_for_preferences=true
шкафы-купе отзывы,https://reviews.yandex.ru/shop/zakazkupe.ru,63.7,71.2424,69.8229,92.5,low,False,seo_weighted_page_quality_v5,d51_query_preference_rubric_v1,deterministic_expert_rubric=true; human_label=false; page_score_carried_from_dataset_v4=true; ranking_target_used_for_preferences=true
шкафы-купе отзывы,https://otzovik.com/reviews/shkaf-kupe_centr_shkafov-kupe/,80.6,82.734,88.08,85.0,medium,False,seo_weighted_page_quality_v5,d51_query_preference_rubric_v1,deterministic_expert_rubric=true; human_label=false; page_score_carried_from_dataset_v4=true; ranking_target_used_for_preferences=true
шкафы-купе отзывы,https://dzen.ru/a/aDXaTPAPd1NqNsY5,45.0,52.5376,56.9174,70.0,low,False,seo_weighted_page_quality_v5,d51_query_preference_rubric_v1,deterministic_expert_rubric=true; human_label=false; page_score_carried_from_dataset_v4=true; ranking_target_used_for_preferences=true
шкафы-купе отзывы,https://2gis.ru/ekaterinburg/firm/70000001088861605/tab/reviews,22.7,30.4654,13.4424,62.5,blocked,False,seo_weighted_page_quality_v5,d51_query_preference_rubric_v1,deterministic_expert_rubric=true; human_label=false; page_score_carried_from_dataset_v4=true; ranking_target_used_for_preferences=true
шкафы-купе отзывы,https://mebel.ru/reviews/catalog/cabinets/shkafy-kupe/,65.7,65.6782,81.9616,55.0,medium,False,seo_weighted_page_quality_v5,d51_query_preference_rubric_v1,deterministic_expert_rubric=true; human_label=false; page_score_carried_from_dataset_v4=true; ranking_target_used_for_preferences=true
шкафы-купе отзывы,https://nedorogo-kuhni.ru/otzyvy/shkafy-kupe,70.7,66.2211,76.4139,47.5,medium,False,seo_weighted_page_quality_v5,d51_query_preference_rubric_v1,deterministic_expert_rubric=true; human_label=false; page_score_carried_from_dataset_v4=true; ranking_target_used_for_preferences=true
шкафы-купе отзывы,https://vyboroved.ru/reyting/luchshie-shkafy-kupe,60.6,56.0851,62.0876,40.0,low,False,seo_weighted_page_quality_v5,d51_query_preference_rubric_v1,deterministic_expert_rubric=true; human_label=false; page_score_carried_from_dataset_v4=true; ranking_target_used_for_preferences=true
шкафы-купе отзывы,https://dtf.ru/luchshii-rating/3297100-top-10-shkafov-kupe-reiting-luchshih,70.4,61.2632,67.6012,32.5,medium,False,seo_weighted_page_quality_v5,d51_query_preference_rubric_v1,deterministic_expert_rubric=true; human_label=false; page_score_carried_from_dataset_v4=true; ranking_target_used_for_preferences=true
ремонт квартир Санкт-Петербург,https://remont.spb.ru/,73.4,79.8764,75.7892,100.0,medium,False,seo_weighted_page_quality_v5,d51_query_preference_rubric_v1,deterministic_expert_rubric=true; human_label=false; page_score_carried_from_dataset_v4=true; ranking_target_used_for_preferences=true
ремонт квартир Санкт-Петербург,https://vc.ru/life/2792273-35-luchshih-kompaniy-po-remontu-kvartir-v-sankt-peterburge,74.3,78.8259,76.5659,92.5,medium,False,seo_weighted_page_quality_v5,d51_query_preference_rubric_v1,deterministic_expert_rubric=true; human_label=false; page_score_carried_from_dataset_v4=true; ranking_target_used_for_preferences=true
ремонт квартир Санкт-Петербург,https://remontvspb.ru/,79.7,81.254,81.9332,85.0,medium,False,seo_weighted_page_quality_v5,d51_query_preference_rubric_v1,deterministic_expert_rubric=true; human_label=false; page_score_carried_from_dataset_v4=true; ranking_target_used_for_preferences=true
ремонт квартир Санкт-Петербург,https://www.kp.ru/russia/sankt-peterburg/luchshie-kompanii-po-remontu-kvartir-v-sankt-peterburge/,76.3,77.5316,82.6707,77.5,medium,False,seo_weighted_page_quality_v5,d51_query_preference_rubric_v1,deterministic_expert_rubric=true; human_label=false; page_score_carried_from_dataset_v4=true; ranking_target_used_for_preferences=true
ремонт квартир Санкт-Петербург,https://uslugi.yandex.ru/2-saint-petersburg/category/remont-i-stroitelstvo/remont-kvartir-i-domov--1816,75.8,74.683,77.2469,70.0,medium,False,seo_weighted_page_quality_v5,d51_query_preference_rubric_v1,deterministic_expert_rubric=true; human_label=false; page_score_carried_from_dataset_v4=true; ranking_target_used_for_preferences=true
ремонт квартир Санкт-Петербург,https://profi.ru/geo-spb/remont/remont-kvartir/,71.1,70.0717,77.431,62.5,medium,False,seo_weighted_page_quality_v5,d51_query_preference_rubric_v1,deterministic_expert_rubric=true; human_label=false; page_score_carried_from_dataset_v4=true; ranking_target_used_for_preferences=true
ремонт квартир Санкт-Петербург,https://restroymaster.ru/,81.2,75.5774,83.8891,55.0,medium,False,seo_weighted_page_quality_v5,d51_query_preference_rubric_v1,deterministic_expert_rubric=true; human_label=false; page_score_carried_from_dataset_v4=true; ranking_target_used_for_preferences=true
ремонт квартир Санкт-Петербург,https://art-a.ru/,81.8,74.6356,86.6304,47.5,medium,False,seo_weighted_page_quality_v5,d51_query_preference_rubric_v1,deterministic_expert_rubric=true; human_label=false; page_score_carried_from_dataset_v4=true; ranking_target_used_for_preferences=true
ремонт квартир Санкт-Петербург,https://remontsanktpeterburg.ru/,77.5,70.0575,85.3832,40.0,medium,False,seo_weighted_page_quality_v5,d51_query_preference_rubric_v1,deterministic_expert_rubric=true; human_label=false; page_score_carried_from_dataset_v4=true; ranking_target_used_for_preferences=true
ремонт квартир Санкт-Петербург,https://spb.remokey.ru/,69.6,62.6775,80.3367,32.5,medium,False,seo_weighted_page_quality_v5,d51_query_preference_rubric_v1,deterministic_expert_rubric=true; human_label=false; page_score_carried_from_dataset_v4=true; ranking_target_used_for_preferences=true
ремонт квартир Екатеринбург,https://remonty-ekb.ru/,77.5,84.264,88.0932,100.0,medium,False,seo_weighted_page_quality_v5,d51_query_preference_rubric_v1,deterministic_expert_rubric=true; human_label=false; page_score_carried_from_dataset_v4=true; ranking_target_used_for_preferences=true
ремонт квартир Екатеринбург,https://www.avito.ru/ekaterinburg/predlozheniya_uslug/remont_i_otdelka/remont_kvartir_i_domov_pod_klyuch-ASgBAgICAkSYC8CfAcQVwPUB,27.1,40.7273,17.669,92.5,blocked,False,seo_weighted_page_quality_v5,d51_query_preference_rubric_v1,deterministic_expert_rubric=true; human_label=false; page_score_carried_from_dataset_v4=true; ranking_target_used_for_preferences=true
ремонт квартир Екатеринбург,https://printsipremonta.ru/,75.5,78.7007,82.2716,85.0,medium,False,seo_weighted_page_quality_v5,d51_query_preference_rubric_v1,deterministic_expert_rubric=true; human_label=false; page_score_carried_from_dataset_v4=true; ranking_target_used_for_preferences=true
ремонт квартир Екатеринбург,https://uslugi.yandex.ru/54-yekaterinburg/category/remont-i-stroitelstvo/remont-kvartir-i-domov--1816,74.7,75.5274,75.9226,77.5,medium,False,seo_weighted_page_quality_v5,d51_query_preference_rubric_v1,deterministic_expert_rubric=true; human_label=false; page_score_carried_from_dataset_v4=true; ranking_target_used_for_preferences=true
ремонт квартир Екатеринбург,https://remontproekb.ru/,67.9,68.2661,67.1204,70.0,medium,False,seo_weighted_page_quality_v5,d51_query_preference_rubric_v1,deterministic_expert_rubric=true; human_label=false; page_score_carried_from_dataset_v4=true; ranking_target_used_for_preferences=true
ремонт квартир Екатеринбург,https://ekb.metrygroup.ru/,79.0,75.8556,83.3371,62.5,medium,False,seo_weighted_page_quality_v5,d51_query_preference_rubric_v1,deterministic_expert_rubric=true; human_label=false; page_score_carried_from_dataset_v4=true; ranking_target_used_for_preferences=true
ремонт квартир Екатеринбург,https://arca-sk.ru/,78.0,72.9966,79.9103,55.0,medium,False,seo_weighted_page_quality_v5,d51_query_preference_rubric_v1,deterministic_expert_rubric=true; human_label=false; page_score_carried_from_dataset_v4=true; ranking_target_used_for_preferences=true
ремонт квартир Екатеринбург,https://ekaterinburg.proff-remont.ru/,81.3,74.1977,85.7779,47.5,medium,False,seo_weighted_page_quality_v5,d51_query_preference_rubric_v1,deterministic_expert_rubric=true; human_label=false; page_score_carried_from_dataset_v4=true; ranking_target_used_for_preferences=true
ремонт квартир Екатеринбург,https://www.kp.ru/russia/ekaterinburg/luchshie-kompanii-po-remontu-kvartir-v-ekaterinburge/,72.7,66.292,80.1197,40.0,medium,False,seo_weighted_page_quality_v5,d51_query_preference_rubric_v1,deterministic_expert_rubric=true; human_label=false; page_score_carried_from_dataset_v4=true; ranking_target_used_for_preferences=true
ремонт квартир Екатеринбург,https://www.remont-uralec.ru/,24.8,25.4007,16.998,32.5,blocked,False,seo_weighted_page_quality_v5,d51_query_preference_rubric_v1,deterministic_expert_rubric=true; human_label=false; page_score_carried_from_dataset_v4=true; ranking_target_used_for_preferences=true
ремонт квартир Новосибирск,https://stroikaveka54.ru/,82.7,86.772,83.3197,100.0,medium,False,seo_weighted_page_quality_v5,d51_query_preference_rubric_v1,deterministic_expert_rubric=true; human_label=false; page_score_carried_from_dataset_v4=true; ranking_target_used_for_preferences=true
ремонт квартир Новосибирск,https://nsk.proff-remont.ru/,81.7,79.5163,85.0819,70.0,medium,False,seo_weighted_page_quality_v5,d51_query_preference_rubric_v1,deterministic_expert_rubric=true; human_label=false; page_score_carried_from_dataset_v4=true; ranking_target_used_for_preferences=true
ремонт квартир Казань,https://rembrigada116.ru/,79.0,83.5596,77.1974,100.0,medium,False,seo_weighted_page_quality_v5,d51_query_preference_rubric_v1,deterministic_expert_rubric=true; human_label=false; page_score_carried_from_dataset_v4=true; ranking_target_used_for_preferences=true
ремонт квартир Казань,https://uslugi.yandex.ru/43-kazan/category/remont-i-stroitelstvo/remont-kvartir-i-domov--1816,74.5,78.5921,74.1804,92.5,medium,False,seo_weighted_page_quality_v5,d51_query_preference_rubric_v1,deterministic_expert_rubric=true; human_label=false; page_score_carried_from_dataset_v4=true; ranking_target_used_for_preferences=true
ремонт квартир Казань,https://kazan.proff-remont.ru/,80.5,81.7754,82.1026,85.0,medium,False,seo_weighted_page_quality_v5,d51_query_preference_rubric_v1,deterministic_expert_rubric=true; human_label=false; page_score_carried_from_dataset_v4=true; ranking_target_used_for_preferences=true
ремонт квартир Казань,https://remont116.ru/,74.2,75.7072,79.1877,77.5,medium,False,seo_weighted_page_quality_v5,d51_query_preference_rubric_v1,deterministic_expert_rubric=true; human_label=false; page_score_carried_from_dataset_v4=true; ranking_target_used_for_preferences=true
ремонт квартир Казань,https://www.avito.ru/kazan/predlozheniya_uslug/remont_i_otdelka/remont_kvartir_i_domov_pod_klyuch-ASgBAgICAkSYC8CfAcQVwPUB,26.7,35.4172,18.4212,70.0,blocked,False,seo_weighted_page_quality_v5,d51_query_preference_rubric_v1,deterministic_expert_rubric=true; human_label=false; page_score_carried_from_dataset_v4=true; ranking_target_used_for_preferences=true
ремонт квартир Казань,https://remont-kvartir-kazan.ru/,75.0,72.9169,80.2793,62.5,medium,False,seo_weighted_page_quality_v5,d51_query_preference_rubric_v1,deterministic_expert_rubric=true; human_label=false; page_score_carried_from_dataset_v4=true; ranking_target_used_for_preferences=true
ремонт квартир Казань,https://profi.ru/geo-kzn/remont/remont-kvartir/,14.3,23.7463,14.8689,55.0,blocked,False,seo_weighted_page_quality_v5,d51_query_preference_rubric_v1,deterministic_expert_rubric=true; human_label=false; page_score_carried_from_dataset_v4=true; ranking_target_used_for_preferences=true
ремонт квартир Казань,https://kazan-remonts.ru/,66.0,61.7048,77.2319,40.0,medium,False,seo_weighted_page_quality_v5,d51_query_preference_rubric_v1,deterministic_expert_rubric=true; human_label=false; page_score_carried_from_dataset_v4=true; ranking_target_used_for_preferences=true
ремонт квартир Казань,https://bikservis.com/remont-kvartir/,69.9,62.3407,76.8511,32.5,medium,False,seo_weighted_page_quality_v5,d51_query_preference_rubric_v1,deterministic_expert_rubric=true; human_label=false; page_score_carried_from_dataset_v4=true; ranking_target_used_for_preferences=true
ремонт квартир Краснодар,https://podklyuch23.ru/,78.0,83.4512,80.6079,100.0,medium,False,seo_weighted_page_quality_v5,d51_query_preference_rubric_v1,deterministic_expert_rubric=true; human_label=false; page_score_carried_from_dataset_v4=true; ranking_target_used_for_preferences=true
ремонт квартир Краснодар,https://uslugi.yandex.ru/35-krasnodar/category?text=ремонт+квартир,81.9,84.3763,82.1552,92.5,medium,False,seo_weighted_page_quality_v5,d51_query_preference_rubric_v1,deterministic_expert_rubric=true; human_label=false; page_score_carried_from_dataset_v4=true; ranking_target_used_for_preferences=true
ремонт квартир Краснодар,https://www.kp.ru/russia/krasnodar/luchshie-kompanii-po-remontu-kvartir-v-krasnodare/,72.0,75.4396,74.9976,85.0,medium,False,seo_weighted_page_quality_v5,d51_query_preference_rubric_v1,deterministic_expert_rubric=true; human_label=false; page_score_carried_from_dataset_v4=true; ranking_target_used_for_preferences=true
ремонт квартир Краснодар,https://vc.ru/life/2874800-kompanii-po-remontu-kvartir-v-krasnodare,71.8,72.7821,69.6073,77.5,medium,False,seo_weighted_page_quality_v5,d51_query_preference_rubric_v1,deterministic_expert_rubric=true; human_label=false; page_score_carried_from_dataset_v4=true; ranking_target_used_for_preferences=true
ремонт квартир Краснодар,https://timestroykrd.ru/,73.7,67.6045,84.7366,40.0,medium,False,seo_weighted_page_quality_v5,d51_query_preference_rubric_v1,deterministic_expert_rubric=true; human_label=false; page_score_carried_from_dataset_v4=true; ranking_target_used_for_preferences=true
ремонт квартир Самара,https://www.avito.ru/samara/predlozheniya_uslug/remont_i_otdelka-ASgBAgICAUSYC8CfAQ,27.2,42.5147,17.6716,100.0,blocked,False,seo_weighted_page_quality_v5,d51_query_preference_rubric_v1,deterministic_expert_rubric=true; human_label=false; page_score_carried_from_dataset_v4=true; ranking_target_used_for_preferences=true
ремонт квартир Самара,https://remontkvsamara.ru/,83.2,86.0383,87.8623,92.5,medium,False,seo_weighted_page_quality_v5,d51_query_preference_rubric_v1,deterministic_expert_rubric=true; human_label=false; page_score_carried_from_dataset_v4=true; ranking_target_used_for_preferences=true
ремонт квартир Самара,https://samara.proff-remont.ru/,83.4,84.2632,86.701,85.0,medium,False,seo_weighted_page_quality_v5,d51_query_preference_rubric_v1,deterministic_expert_rubric=true; human_label=false; page_score_carried_from_dataset_v4=true; ranking_target_used_for_preferences=true
ремонт квартир Самара,https://uslugi.yandex.ru/51-samara/category?text=ремонт+квартир,82.3,81.7179,85.7793,77.5,medium,False,seo_weighted_page_quality_v5,d51_query_preference_rubric_v1,deterministic_expert_rubric=true; human_label=false; page_score_carried_from_dataset_v4=true; ranking_target_used_for_preferences=true
ремонт квартир Самара,https://remont063.ru/,62.0,64.2792,64.9278,70.0,low,False,seo_weighted_page_quality_v5,d51_query_preference_rubric_v1,deterministic_expert_rubric=true; human_label=false; page_score_carried_from_dataset_v4=true; ranking_target_used_for_preferences=true
ремонт квартир Самара,https://masterrem63.ru/,75.8,74.2919,86.1394,62.5,medium,False,seo_weighted_page_quality_v5,d51_query_preference_rubric_v1,deterministic_expert_rubric=true; human_label=false; page_score_carried_from_dataset_v4=true; ranking_target_used_for_preferences=true
ремонт квартир Самара,https://proremont-safe.ru/,80.6,75.7084,87.2427,55.0,medium,False,seo_weighted_page_quality_v5,d51_query_preference_rubric_v1,deterministic_expert_rubric=true; human_label=false; page_score_carried_from_dataset_v4=true; ranking_target_used_for_preferences=true
ремонт квартир Самара,https://remontoff-samara.ru/,80.6,73.5682,84.4748,47.5,medium,False,seo_weighted_page_quality_v5,d51_query_preference_rubric_v1,deterministic_expert_rubric=true; human_label=false; page_score_carried_from_dataset_v4=true; ranking_target_used_for_preferences=true
ремонт квартир Самара,https://remo63.ru/,78.4,70.5856,85.1838,40.0,medium,False,seo_weighted_page_quality_v5,d51_query_preference_rubric_v1,deterministic_expert_rubric=true; human_label=false; page_score_carried_from_dataset_v4=true; ranking_target_used_for_preferences=true
ремонт квартир Самара,https://um-samara.ru/,79.8,70.1595,88.0564,32.5,medium,False,seo_weighted_page_quality_v5,d51_query_preference_rubric_v1,deterministic_expert_rubric=true; human_label=false; page_score_carried_from_dataset_v4=true; ranking_target_used_for_preferences=true
ремонт квартир Нижний Новгород,https://nizhniy-novgorod.proff-remont.ru/,78.2,83.028,76.9598,100.0,medium,False,seo_weighted_page_quality_v5,d51_query_preference_rubric_v1,deterministic_expert_rubric=true; human_label=false; page_score_carried_from_dataset_v4=true; ranking_target_used_for_preferences=true
ремонт квартир Нижний Новгород,https://nn.korona-remont.ru/,72.7,77.7079,75.7257,92.5,medium,False,seo_weighted_page_quality_v5,d51_query_preference_rubric_v1,deterministic_expert_rubric=true; human_label=false; page_score_carried_from_dataset_v4=true; ranking_target_used_for_preferences=true
ремонт квартир Нижний Новгород,https://remo152.ru/,75.7,78.185,78.0065,85.0,medium,False,seo_weighted_page_quality_v5,d51_query_preference_rubric_v1,deterministic_expert_rubric=true; human_label=false; page_score_carried_from_dataset_v4=true; ranking_target_used_for_preferences=true
ремонт квартир Нижний Новгород,https://uslugi.yandex.ru/47-nizhny-novgorod/category/remont-i-stroitelstvo/remont-kvartir-i-domov--1816,72.6,73.6708,72.2252,77.5,medium,False,seo_weighted_page_quality_v5,d51_query_preference_rubric_v1,deterministic_expert_rubric=true; human_label=false; page_score_carried_from_dataset_v4=true; ranking_target_used_for_preferences=true
ремонт квартир Нижний Новгород,https://www.avito.ru/nizhniy_novgorod/predlozheniya_uslug?q=ремонт+квартир,25.8,34.0768,13.2051,70.0,blocked,False,seo_weighted_page_quality_v5,d51_query_preference_rubric_v1,deterministic_expert_rubric=true; human_label=false; page_score_carried_from_dataset_v4=true; ranking_target_used_for_preferences=true
ремонт квартир Нижний Новгород,https://comfort52.ru/,68.9,68.1276,73.5643,62.5,medium,False,seo_weighted_page_quality_v5,d51_query_preference_rubric_v1,deterministic_expert_rubric=true; human_label=false; page_score_carried_from_dataset_v4=true; ranking_target_used_for_preferences=true
ремонт квартир Нижний Новгород,https://max-dar.ru/,69.1,67.0731,77.2072,55.0,medium,False,seo_weighted_page_quality_v5,d51_query_preference_rubric_v1,deterministic_expert_rubric=true; human_label=false; page_score_carried_from_dataset_v4=true; ranking_target_used_for_preferences=true
ремонт квартир Нижний Новгород,https://remontstroynn.ru/,75.3,68.3533,71.6156,47.5,medium,False,seo_weighted_page_quality_v5,d51_query_preference_rubric_v1,deterministic_expert_rubric=true; human_label=false; page_score_carried_from_dataset_v4=true; ranking_target_used_for_preferences=true
ремонт квартир Нижний Новгород,https://profi.ru/geo-nnov/remont/remont-kvartir/,67.4,61.7822,71.9615,40.0,medium,False,seo_weighted_page_quality_v5,d51_query_preference_rubric_v1,deterministic_expert_rubric=true; human_label=false; page_score_carried_from_dataset_v4=true; ranking_target_used_for_preferences=true
ремонт квартир Нижний Новгород,https://tpk-nn.com/services/remont/remont-kvartir/,71.5,64.7661,86.4073,32.5,medium,False,seo_weighted_page_quality_v5,d51_query_preference_rubric_v1,deterministic_expert_rubric=true; human_label=false; page_score_carried_from_dataset_v4=true; ranking_target_used_for_preferences=true
ремонт квартир цена Москва,https://titanremont.ru/price,76.7,83.1325,83.8565,100.0,medium,False,seo_weighted_page_quality_v5,d51_query_preference_rubric_v1,deterministic_expert_rubric=true; human_label=false; page_score_carried_from_dataset_v4=true; ranking_target_used_for_preferences=true
ремонт квартир цена Москва,https://www.remontprofi.ru/remont-kvartir-pod-klyuch/,69.0,74.9919,72.9125,92.5,medium,False,seo_weighted_page_quality_v5,d51_query_preference_rubric_v1,deterministic_expert_rubric=true; human_label=false; page_score_carried_from_dataset_v4=true; ranking_target_used_for_preferences=true
ремонт квартир цена Москва,https://remont-f.ru/remont-kvartir-pod-kluch/price.php,76.5,79.5121,83.5473,85.0,medium,False,seo_weighted_page_quality_v5,d51_query_preference_rubric_v1,deterministic_expert_rubric=true; human_label=false; page_score_carried_from_dataset_v4=true; ranking_target_used_for_preferences=true
ремонт квартир цена Москва,https://r-total.ru/prays-list/,77.2,79.2782,90.5944,77.5,medium,False,seo_weighted_page_quality_v5,d51_query_preference_rubric_v1,deterministic_expert_rubric=true; human_label=false; page_score_carried_from_dataset_v4=true; ranking_target_used_for_preferences=true
ремонт квартир цена Москва,https://studia-remontov.ru/,18.7,22.7712,24.6812,32.5,blocked,False,seo_weighted_page_quality_v5,d51_query_preference_rubric_v1,deterministic_expert_rubric=true; human_label=false; page_score_carried_from_dataset_v4=true; ranking_target_used_for_preferences=true
ремонт квартир цена Санкт-Петербург,https://remont.spb.ru/,72.0,78.5591,72.794,100.0,medium,False,seo_weighted_page_quality_v5,d51_query_preference_rubric_v1,deterministic_expert_rubric=true; human_label=false; page_score_carried_from_dataset_v4=true; ranking_target_used_for_preferences=true
ремонт квартир цена Санкт-Петербург,https://www.prorabneva.ru/price,70.4,71.6098,79.0785,70.0,medium,False,seo_weighted_page_quality_v5,d51_query_preference_rubric_v1,deterministic_expert_rubric=true; human_label=false; page_score_carried_from_dataset_v4=true; ranking_target_used_for_preferences=true
ремонт квартир цена Санкт-Петербург,https://spb.proff-remont.ru/ceny/,78.4,70.5906,85.2175,40.0,medium,False,seo_weighted_page_quality_v5,d51_query_preference_rubric_v1,deterministic_expert_rubric=true; human_label=false; page_score_carried_from_dataset_v4=true; ranking_target_used_for_preferences=true
