query,winner_url,loser_url,preference_strength,usable_for_training,weight,winner_page_score,loser_page_score,winner_ranking_target,loser_ranking_target,target_margin,winner_rank,loser_rank,serp_rank_delta,label_source,labeler,reason,patterns,d50_focus_query
входные двери Екатеринбург,https://dveron.ru/vhodnye-dveri,https://dverhome.ru/,strong,True,1.25,73.4,75.0,77.6074,66.7875,10.8199,3,9,6,query_preference_rubric_v5,d51_query_preference_rubric_v1,d50_top3_recovery,rank_prior_disagreement,True
входные двери Екатеринбург,https://dveron.ru/vhodnye-dveri,https://ekaterinburg.dverimagnat.ru/,strong,True,1.25,73.4,77.5,77.6074,68.0093,9.5981,3,10,7,query_preference_rubric_v5,d51_query_preference_rubric_v1,d50_top3_recovery,rank_prior_disagreement,True
входные двери Екатеринбург,https://dveron.ru/vhodnye-dveri,https://ekaterinburg.mall-of-doors.ru/,strong,True,1.25,73.4,79.0,77.6074,75.8783,1.7291,3,6,3,query_preference_rubric_v5,d51_query_preference_rubric_v1,d50_top3_recovery,rank_prior_disagreement,True
входные двери Екатеринбург,https://dveron.ru/vhodnye-dveri,https://ekb.rusdver.net/,strong,True,1.25,73.4,75.8,77.6074,74.5435,3.0639,3,5,2,query_preference_rubric_v5,d51_query_preference_rubric_v1,d50_top3_recovery,rank_prior_disagreement|shortcut_text_volume,True
входные двери Екатеринбург,https://ekat.steklodom.com/catalog/vhodnye-dveri/,https://dverhome.ru/,weak,True,0.65,63.0,75.0,70.3642,66.7875,3.5767,2,9,7,query_preference_rubric_v5,d51_query_preference_rubric_v1,d50_top3_recovery,rank_prior_disagreement,True
входные двери Екатеринбург,https://ekat.steklodom.com/catalog/vhodnye-dveri/,https://ekaterinburg.dverimagnat.ru/,uncertain,False,0.0,63.0,77.5,70.3642,68.0093,2.3549,2,10,8,query_preference_rubric_v5,d51_query_preference_rubric_v1,d50_top3_conflict_manual_review,rank_prior_disagreement,True
входные двери Екатеринбург,https://ekaterinburg.mall-of-doors.ru/,https://ekat.steklodom.com/catalog/vhodnye-dveri/,uncertain,False,0.0,79.0,63.0,75.8783,70.3642,5.5141,6,2,-4,query_preference_rubric_v5,d51_query_preference_rubric_v1,d50_top3_conflict_manual_review,rank_prior_disagreement,True
входные двери Екатеринбург,https://ekb.dvernayamarka.ru/,https://dverhome.ru/,strong,True,1.25,73.9,75.0,80.4561,66.7875,13.6686,1,9,8,query_preference_rubric_v5,d51_query_preference_rubric_v1,d50_top3_recovery,rank_prior_disagreement,True
входные двери Екатеринбург,https://ekb.dvernayamarka.ru/,https://ekaterinburg.dverimagnat.ru/,weak,True,0.65,73.9,77.5,80.4561,68.0093,12.4468,1,10,9,query_preference_rubric_v5,d51_query_preference_rubric_v1,d50_top3_recovery,rank_prior_disagreement,True
входные двери Екатеринбург,https://ekb.dvernayamarka.ru/,https://ekaterinburg.mall-of-doors.ru/,weak,True,0.65,73.9,79.0,80.4561,75.8783,4.5778,1,6,5,query_preference_rubric_v5,d51_query_preference_rubric_v1,d50_top3_recovery,rank_prior_disagreement,True
входные двери Екатеринбург,https://ekb.dvernayamarka.ru/,https://ekb.rusdver.net/,strong,True,1.25,73.9,75.8,80.4561,74.5435,5.9126,1,5,4,query_preference_rubric_v5,d51_query_preference_rubric_v1,d50_top3_recovery,rank_prior_disagreement|shortcut_text_volume,True
входные двери Екатеринбург,https://ekb.rusdver.net/,https://ekat.steklodom.com/catalog/vhodnye-dveri/,uncertain,False,0.0,75.8,63.0,74.5435,70.3642,4.1793,5,2,-3,query_preference_rubric_v5,d51_query_preference_rubric_v1,d50_top3_conflict_manual_review,rank_prior_disagreement|shortcut_text_volume,True
входные двери Екатеринбург,https://door4u.ru/,https://ekaterinburg.lemanapro.ru/catalogue/vhodnye-dveri/,strong,True,1.0,66.6,30.8,64.6439,32.5409,32.103,7,8,1,query_preference_rubric_v5,d51_query_preference_rubric_v1,ranking_target_margin,,True
входные двери Екатеринбург,https://dverhome.ru/,https://door4u.ru/,uncertain,False,0.0,75.0,66.6,66.7875,64.6439,2.1436,9,7,-2,query_preference_rubric_v5,d51_query_preference_rubric_v1,ranking_target_margin,,True
входные двери Екатеринбург,https://dverhome.ru/,https://ekaterinburg.lemanapro.ru/catalogue/vhodnye-dveri/,strong,True,1.0,75.0,30.8,66.7875,32.5409,34.2466,9,8,-1,query_preference_rubric_v5,d51_query_preference_rubric_v1,ranking_target_margin,,True
входные двери Екатеринбург,https://dveron.ru/vhodnye-dveri,https://door4u.ru/,strong,True,1.0,73.4,66.6,77.6074,64.6439,12.9635,3,7,4,query_preference_rubric_v5,d51_query_preference_rubric_v1,ranking_target_margin,,True
входные двери Екатеринбург,https://dveron.ru/vhodnye-dveri,https://ekat.steklodom.com/catalog/vhodnye-dveri/,weak,True,0.5,73.4,63.0,77.6074,70.3642,7.2432,3,2,-1,query_preference_rubric_v5,d51_query_preference_rubric_v1,ranking_target_margin,,True
входные двери Екатеринбург,https://dveron.ru/vhodnye-dveri,https://ekaterinburg.lemanapro.ru/catalogue/vhodnye-dveri/,strong,True,1.0,73.4,30.8,77.6074,32.5409,45.0665,3,8,5,query_preference_rubric_v5,d51_query_preference_rubric_v1,ranking_target_margin,,True
входные двери Екатеринбург,https://dveron.ru/vhodnye-dveri,https://sidoorov.ru/,uncertain,False,0.0,73.4,71.4,77.6074,73.7124,3.895,3,4,1,query_preference_rubric_v5,d51_query_preference_rubric_v1,ranking_target_margin,,True
входные двери Екатеринбург,https://ekat.steklodom.com/catalog/vhodnye-dveri/,https://door4u.ru/,weak,True,0.5,63.0,66.6,70.3642,64.6439,5.7203,2,7,5,query_preference_rubric_v5,d51_query_preference_rubric_v1,ranking_target_margin,,True
входные двери Екатеринбург,https://ekat.steklodom.com/catalog/vhodnye-dveri/,https://ekaterinburg.lemanapro.ru/catalogue/vhodnye-dveri/,strong,True,1.0,63.0,30.8,70.3642,32.5409,37.8233,2,8,6,query_preference_rubric_v5,d51_query_preference_rubric_v1,ranking_target_margin,,True
входные двери Екатеринбург,https://ekaterinburg.dverimagnat.ru/,https://door4u.ru/,uncertain,False,0.0,77.5,66.6,68.0093,64.6439,3.3654,10,7,-3,query_preference_rubric_v5,d51_query_preference_rubric_v1,ranking_target_margin,,True
входные двери Екатеринбург,https://ekaterinburg.dverimagnat.ru/,https://ekaterinburg.lemanapro.ru/catalogue/vhodnye-dveri/,strong,True,1.0,77.5,30.8,68.0093,32.5409,35.4684,10,8,-2,query_preference_rubric_v5,d51_query_preference_rubric_v1,ranking_target_margin,,True
входные двери Екатеринбург,https://ekaterinburg.mall-of-doors.ru/,https://door4u.ru/,strong,True,1.0,79.0,66.6,75.8783,64.6439,11.2344,6,7,1,query_preference_rubric_v5,d51_query_preference_rubric_v1,ranking_target_margin,,True
входные двери Екатеринбург,https://ekaterinburg.mall-of-doors.ru/,https://dverhome.ru/,strong,True,1.0,79.0,75.0,75.8783,66.7875,9.0908,6,9,3,query_preference_rubric_v5,d51_query_preference_rubric_v1,ranking_target_margin,,True
входные двери Екатеринбург,https://ekaterinburg.mall-of-doors.ru/,https://ekaterinburg.dverimagnat.ru/,weak,True,0.5,79.0,77.5,75.8783,68.0093,7.869,6,10,4,query_preference_rubric_v5,d51_query_preference_rubric_v1,ranking_target_margin,,True
входные двери Екатеринбург,https://ekaterinburg.mall-of-doors.ru/,https://ekaterinburg.lemanapro.ru/catalogue/vhodnye-dveri/,strong,True,1.0,79.0,30.8,75.8783,32.5409,43.3374,6,8,2,query_preference_rubric_v5,d51_query_preference_rubric_v1,ranking_target_margin,,True
входные двери Екатеринбург,https://ekaterinburg.mall-of-doors.ru/,https://sidoorov.ru/,uncertain,False,0.0,79.0,71.4,75.8783,73.7124,2.1659,6,4,-2,query_preference_rubric_v5,d51_query_preference_rubric_v1,ranking_target_margin,,True
входные двери Екатеринбург,https://ekb.dvernayamarka.ru/,https://door4u.ru/,strong,True,1.0,73.9,66.6,80.4561,64.6439,15.8122,1,7,6,query_preference_rubric_v5,d51_query_preference_rubric_v1,ranking_target_margin,,True
входные двери Екатеринбург,https://ekb.dvernayamarka.ru/,https://dveron.ru/vhodnye-dveri,uncertain,False,0.0,73.9,73.4,80.4561,77.6074,2.8487,1,3,2,query_preference_rubric_v5,d51_query_preference_rubric_v1,ranking_target_margin,,True
входные двери Екатеринбург,https://ekb.dvernayamarka.ru/,https://ekat.steklodom.com/catalog/vhodnye-dveri/,strong,True,1.0,73.9,63.0,80.4561,70.3642,10.0919,1,2,1,query_preference_rubric_v5,d51_query_preference_rubric_v1,ranking_target_margin,,True
входные двери Екатеринбург,https://ekb.dvernayamarka.ru/,https://ekaterinburg.lemanapro.ru/catalogue/vhodnye-dveri/,strong,True,1.0,73.9,30.8,80.4561,32.5409,47.9152,1,8,7,query_preference_rubric_v5,d51_query_preference_rubric_v1,ranking_target_margin,,True
входные двери Екатеринбург,https://ekb.dvernayamarka.ru/,https://sidoorov.ru/,weak,True,0.5,73.9,71.4,80.4561,73.7124,6.7437,1,4,3,query_preference_rubric_v5,d51_query_preference_rubric_v1,ranking_target_margin,,True
входные двери Екатеринбург,https://ekb.rusdver.net/,https://door4u.ru/,strong,True,1.0,75.8,66.6,74.5435,64.6439,9.8996,5,7,2,query_preference_rubric_v5,d51_query_preference_rubric_v1,ranking_target_margin,,True
входные двери Екатеринбург,https://ekb.rusdver.net/,https://dverhome.ru/,weak,True,0.5,75.8,75.0,74.5435,66.7875,7.756,5,9,4,query_preference_rubric_v5,d51_query_preference_rubric_v1,ranking_target_margin,,True
входные двери Екатеринбург,https://ekb.rusdver.net/,https://ekaterinburg.dverimagnat.ru/,weak,True,0.5,75.8,77.5,74.5435,68.0093,6.5342,5,10,5,query_preference_rubric_v5,d51_query_preference_rubric_v1,ranking_target_margin,,True
входные двери Екатеринбург,https://ekb.rusdver.net/,https://ekaterinburg.lemanapro.ru/catalogue/vhodnye-dveri/,strong,True,1.0,75.8,30.8,74.5435,32.5409,42.0026,5,8,3,query_preference_rubric_v5,d51_query_preference_rubric_v1,ranking_target_margin,,True
входные двери Екатеринбург,https://sidoorov.ru/,https://door4u.ru/,strong,True,1.0,71.4,66.6,73.7124,64.6439,9.0685,4,7,3,query_preference_rubric_v5,d51_query_preference_rubric_v1,ranking_target_margin,,True
входные двери Екатеринбург,https://sidoorov.ru/,https://dverhome.ru/,weak,True,0.5,71.4,75.0,73.7124,66.7875,6.9249,4,9,5,query_preference_rubric_v5,d51_query_preference_rubric_v1,ranking_target_margin,,True
входные двери Екатеринбург,https://sidoorov.ru/,https://ekat.steklodom.com/catalog/vhodnye-dveri/,uncertain,False,0.0,71.4,63.0,73.7124,70.3642,3.3482,4,2,-2,query_preference_rubric_v5,d51_query_preference_rubric_v1,ranking_target_margin,,True
входные двери Екатеринбург,https://sidoorov.ru/,https://ekaterinburg.dverimagnat.ru/,weak,True,0.5,71.4,77.5,73.7124,68.0093,5.7031,4,10,6,query_preference_rubric_v5,d51_query_preference_rubric_v1,ranking_target_margin,,True
входные двери Екатеринбург,https://sidoorov.ru/,https://ekaterinburg.lemanapro.ru/catalogue/vhodnye-dveri/,strong,True,1.0,71.4,30.8,73.7124,32.5409,41.1715,4,8,4,query_preference_rubric_v5,d51_query_preference_rubric_v1,ranking_target_margin,,True
входные двери Казань,https://kazan.dverimagnat.ru/,https://kzn.doorsstore.ru/,strong,True,1.0,77.7,63.5,76.4986,56.8736,19.625,5,9,4,query_preference_rubric_v5,d51_query_preference_rubric_v1,ranking_target_margin,,False
входные двери Казань,https://kazan.dverimagnat.ru/,https://mirdverey-kazan.ru/,strong,True,1.0,77.7,30.2,76.4986,45.8585,30.6401,5,1,-4,query_preference_rubric_v5,d51_query_preference_rubric_v1,ranking_target_margin,,False
входные двери Казань,https://kzn.doorsstore.ru/,https://mirdverey-kazan.ru/,strong,True,1.0,63.5,30.2,56.8736,45.8585,11.0151,9,1,-8,query_preference_rubric_v5,d51_query_preference_rubric_v1,ranking_target_margin,,False
входные двери Краснодар,https://dveri-estetika.ru/,https://dveri-ntd.ru/,strong,True,1.0,74.9,70.6,80.815,69.547,11.268,1,5,4,query_preference_rubric_v5,d51_query_preference_rubric_v1,ranking_target_margin,,False
входные двери Краснодар,https://dveri-estetika.ru/,https://dveriarkada.ru/,strong,True,1.0,74.9,70.8,80.815,63.7046,17.1104,1,9,8,query_preference_rubric_v5,d51_query_preference_rubric_v1,ranking_target_margin,,False
входные двери Краснодар,https://dveri-estetika.ru/,https://goroddverei23.ru/catalog/vkhodnye-dveri/,strong,True,1.0,74.9,75.2,80.815,65.7233,15.0917,1,10,9,query_preference_rubric_v5,d51_query_preference_rubric_v1,ranking_target_margin,,False
входные двери Краснодар,https://dveri-estetika.ru/,https://krasnodar.lemanapro.ru/catalogue/vhodnye-dveri/,strong,True,1.0,74.9,31.7,80.815,41.6755,39.1395,1,3,2,query_preference_rubric_v5,d51_query_preference_rubric_v1,ranking_target_margin,,False
входные двери Краснодар,https://dveri-estetika.ru/,https://krasnodar.mall-of-doors.ru/catalog/,strong,True,1.0,74.9,74.4,80.815,69.9158,10.8992,1,7,6,query_preference_rubric_v5,d51_query_preference_rubric_v1,ranking_target_margin,,False
входные двери Краснодар,https://dveri-estetika.ru/,https://krd.doorsstore.ru/,strong,True,1.0,74.9,63.8,80.815,58.8133,22.0017,1,8,7,query_preference_rubric_v5,d51_query_preference_rubric_v1,ranking_target_margin,,False
входные двери Краснодар,https://dveri-estetika.ru/,https://modern-dveri.ru/catalog/vkhodnye-dveri/,weak,True,0.5,74.9,78.2,80.815,75.1495,5.6655,1,6,5,query_preference_rubric_v5,d51_query_preference_rubric_v1,ranking_target_margin,,False
входные двери Краснодар,https://dveri-estetika.ru/,https://prodverikrd.ru/,strong,True,1.0,74.9,67.1,80.815,72.1209,8.6941,1,2,1,query_preference_rubric_v5,d51_query_preference_rubric_v1,ranking_target_margin,,False
входные двери Краснодар,https://dveri-ntd.ru/,https://dveriarkada.ru/,weak,True,0.5,70.6,70.8,69.547,63.7046,5.8424,5,9,4,query_preference_rubric_v5,d51_query_preference_rubric_v1,ranking_target_margin,,False
входные двери Краснодар,https://dveri-ntd.ru/,https://goroddverei23.ru/catalog/vkhodnye-dveri/,uncertain,False,0.0,70.6,75.2,69.547,65.7233,3.8237,5,10,5,query_preference_rubric_v5,d51_query_preference_rubric_v1,ranking_target_margin,,False
входные двери Краснодар,https://dveri-ntd.ru/,https://krasnodar.lemanapro.ru/catalogue/vhodnye-dveri/,strong,True,1.0,70.6,31.7,69.547,41.6755,27.8715,5,3,-2,query_preference_rubric_v5,d51_query_preference_rubric_v1,ranking_target_margin,,False
входные двери Краснодар,https://dveri-ntd.ru/,https://krd.doorsstore.ru/,strong,True,1.0,70.6,63.8,69.547,58.8133,10.7337,5,8,3,query_preference_rubric_v5,d51_query_preference_rubric_v1,ranking_target_margin,,False
входные двери Краснодар,https://dveriarkada.ru/,https://krasnodar.lemanapro.ru/catalogue/vhodnye-dveri/,strong,True,1.0,70.8,31.7,63.7046,41.6755,22.0291,9,3,-6,query_preference_rubric_v5,d51_query_preference_rubric_v1,ranking_target_margin,,False
входные двери Краснодар,https://dveriarkada.ru/,https://krd.doorsstore.ru/,weak,True,0.5,70.8,63.8,63.7046,58.8133,4.8913,9,8,-1,query_preference_rubric_v5,d51_query_preference_rubric_v1,ranking_target_margin,,False
входные двери Краснодар,https://dverka123.ru/,https://dveri-ntd.ru/,strong,True,1.0,81.1,70.6,80.9683,69.547,11.4213,4,5,1,query_preference_rubric_v5,d51_query_preference_rubric_v1,ranking_target_margin,,False
входные двери Краснодар,https://dverka123.ru/,https://dveriarkada.ru/,strong,True,1.0,81.1,70.8,80.9683,63.7046,17.2637,4,9,5,query_preference_rubric_v5,d51_query_preference_rubric_v1,ranking_target_margin,,False
входные двери Краснодар,https://dverka123.ru/,https://goroddverei23.ru/catalog/vkhodnye-dveri/,strong,True,1.0,81.1,75.2,80.9683,65.7233,15.245,4,10,6,query_preference_rubric_v5,d51_query_preference_rubric_v1,ranking_target_margin,,False
входные двери Краснодар,https://dverka123.ru/,https://krasnodar.lemanapro.ru/catalogue/vhodnye-dveri/,strong,True,1.0,81.1,31.7,80.9683,41.6755,39.2928,4,3,-1,query_preference_rubric_v5,d51_query_preference_rubric_v1,ranking_target_margin,,False
входные двери Краснодар,https://dverka123.ru/,https://krasnodar.mall-of-doors.ru/catalog/,strong,True,1.0,81.1,74.4,80.9683,69.9158,11.0525,4,7,3,query_preference_rubric_v5,d51_query_preference_rubric_v1,ranking_target_margin,,False
входные двери Краснодар,https://dverka123.ru/,https://krd.doorsstore.ru/,strong,True,1.0,81.1,63.8,80.9683,58.8133,22.155,4,8,4,query_preference_rubric_v5,d51_query_preference_rubric_v1,ranking_target_margin,,False
входные двери Краснодар,https://dverka123.ru/,https://modern-dveri.ru/catalog/vkhodnye-dveri/,weak,True,0.5,81.1,78.2,80.9683,75.1495,5.8188,4,6,2,query_preference_rubric_v5,d51_query_preference_rubric_v1,ranking_target_margin,,False
входные двери Краснодар,https://dverka123.ru/,https://prodverikrd.ru/,strong,True,1.0,81.1,67.1,80.9683,72.1209,8.8474,4,2,-2,query_preference_rubric_v5,d51_query_preference_rubric_v1,ranking_target_margin,,False
входные двери Краснодар,https://goroddverei23.ru/catalog/vkhodnye-dveri/,https://dveriarkada.ru/,uncertain,False,0.0,75.2,70.8,65.7233,63.7046,2.0187,10,9,-1,query_preference_rubric_v5,d51_query_preference_rubric_v1,ranking_target_margin,,False
входные двери Краснодар,https://goroddverei23.ru/catalog/vkhodnye-dveri/,https://krasnodar.lemanapro.ru/catalogue/vhodnye-dveri/,strong,True,1.0,75.2,31.7,65.7233,41.6755,24.0478,10,3,-7,query_preference_rubric_v5,d51_query_preference_rubric_v1,ranking_target_margin,,False
входные двери Краснодар,https://goroddverei23.ru/catalog/vkhodnye-dveri/,https://krd.doorsstore.ru/,weak,True,0.5,75.2,63.8,65.7233,58.8133,6.91,10,8,-2,query_preference_rubric_v5,d51_query_preference_rubric_v1,ranking_target_margin,,False
входные двери Краснодар,https://krasnodar.mall-of-doors.ru/catalog/,https://dveriarkada.ru/,weak,True,0.5,74.4,70.8,69.9158,63.7046,6.2112,7,9,2,query_preference_rubric_v5,d51_query_preference_rubric_v1,ranking_target_margin,,False
входные двери Краснодар,https://krasnodar.mall-of-doors.ru/catalog/,https://goroddverei23.ru/catalog/vkhodnye-dveri/,weak,True,0.5,74.4,75.2,69.9158,65.7233,4.1925,7,10,3,query_preference_rubric_v5,d51_query_preference_rubric_v1,ranking_target_margin,,False
входные двери Краснодар,https://krasnodar.mall-of-doors.ru/catalog/,https://krasnodar.lemanapro.ru/catalogue/vhodnye-dveri/,strong,True,1.0,74.4,31.7,69.9158,41.6755,28.2403,7,3,-4,query_preference_rubric_v5,d51_query_preference_rubric_v1,ranking_target_margin,,False
входные двери Краснодар,https://krasnodar.mall-of-doors.ru/catalog/,https://krd.doorsstore.ru/,strong,True,1.0,74.4,63.8,69.9158,58.8133,11.1025,7,8,1,query_preference_rubric_v5,d51_query_preference_rubric_v1,ranking_target_margin,,False
входные двери Краснодар,https://krd.doorsstore.ru/,https://krasnodar.lemanapro.ru/catalogue/vhodnye-dveri/,strong,True,1.0,63.8,31.7,58.8133,41.6755,17.1378,8,3,-5,query_preference_rubric_v5,d51_query_preference_rubric_v1,ranking_target_margin,,False
входные двери Краснодар,https://modern-dveri.ru/catalog/vkhodnye-dveri/,https://dveri-ntd.ru/,weak,True,0.5,78.2,70.6,75.1495,69.547,5.6025,6,5,-1,query_preference_rubric_v5,d51_query_preference_rubric_v1,ranking_target_margin,,False
входные двери Краснодар,https://modern-dveri.ru/catalog/vkhodnye-dveri/,https://dveriarkada.ru/,strong,True,1.0,78.2,70.8,75.1495,63.7046,11.4449,6,9,3,query_preference_rubric_v5,d51_query_preference_rubric_v1,ranking_target_margin,,False
входные двери Краснодар,https://modern-dveri.ru/catalog/vkhodnye-dveri/,https://goroddverei23.ru/catalog/vkhodnye-dveri/,strong,True,1.0,78.2,75.2,75.1495,65.7233,9.4262,6,10,4,query_preference_rubric_v5,d51_query_preference_rubric_v1,ranking_target_margin,,False
входные двери Краснодар,https://modern-dveri.ru/catalog/vkhodnye-dveri/,https://krasnodar.lemanapro.ru/catalogue/vhodnye-dveri/,strong,True,1.0,78.2,31.7,75.1495,41.6755,33.474,6,3,-3,query_preference_rubric_v5,d51_query_preference_rubric_v1,ranking_target_margin,,False
входные двери Краснодар,https://modern-dveri.ru/catalog/vkhodnye-dveri/,https://krasnodar.mall-of-doors.ru/catalog/,weak,True,0.5,78.2,74.4,75.1495,69.9158,5.2337,6,7,1,query_preference_rubric_v5,d51_query_preference_rubric_v1,ranking_target_margin,,False
входные двери Краснодар,https://modern-dveri.ru/catalog/vkhodnye-dveri/,https://krd.doorsstore.ru/,strong,True,1.0,78.2,63.8,75.1495,58.8133,16.3362,6,8,2,query_preference_rubric_v5,d51_query_preference_rubric_v1,ranking_target_margin,,False
входные двери Краснодар,https://modern-dveri.ru/catalog/vkhodnye-dveri/,https://prodverikrd.ru/,uncertain,False,0.0,78.2,67.1,75.1495,72.1209,3.0286,6,2,-4,query_preference_rubric_v5,d51_query_preference_rubric_v1,ranking_target_margin,,False
входные двери Краснодар,https://prodverikrd.ru/,https://dveri-ntd.ru/,uncertain,False,0.0,67.1,70.6,72.1209,69.547,2.5739,2,5,3,query_preference_rubric_v5,d51_query_preference_rubric_v1,ranking_target_margin,,False
входные двери Краснодар,https://prodverikrd.ru/,https://dveriarkada.ru/,strong,True,1.0,67.1,70.8,72.1209,63.7046,8.4163,2,9,7,query_preference_rubric_v5,d51_query_preference_rubric_v1,ranking_target_margin,,False
входные двери Краснодар,https://prodverikrd.ru/,https://goroddverei23.ru/catalog/vkhodnye-dveri/,weak,True,0.5,67.1,75.2,72.1209,65.7233,6.3976,2,10,8,query_preference_rubric_v5,d51_query_preference_rubric_v1,ranking_target_margin,,False
входные двери Краснодар,https://prodverikrd.ru/,https://krasnodar.lemanapro.ru/catalogue/vhodnye-dveri/,strong,True,1.0,67.1,31.7,72.1209,41.6755,30.4454,2,3,1,query_preference_rubric_v5,d51_query_preference_rubric_v1,ranking_target_margin,,False
входные двери Краснодар,https://prodverikrd.ru/,https://krasnodar.mall-of-doors.ru/catalog/,uncertain,False,0.0,67.1,74.4,72.1209,69.9158,2.2051,2,7,5,query_preference_rubric_v5,d51_query_preference_rubric_v1,ranking_target_margin,,False
входные двери Краснодар,https://prodverikrd.ru/,https://krd.doorsstore.ru/,strong,True,1.0,67.1,63.8,72.1209,58.8133,13.3076,2,8,6,query_preference_rubric_v5,d51_query_preference_rubric_v1,ranking_target_margin,,False
входные двери Москва,https://100-dverei.ru/,https://169.ru/vhodnye-dveri/,uncertain,False,0.0,81.1,78.9,84.5273,81.2262,3.3011,2,3,1,query_preference_rubric_v5,d51_query_preference_rubric_v1,ranking_target_margin,,False
входные двери Москва,https://100-dverei.ru/,https://doorstreet.ru/,strong,True,1.0,81.1,74.3,84.5273,66.0727,18.4546,2,10,8,query_preference_rubric_v5,d51_query_preference_rubric_v1,ranking_target_margin,,False
входные двери Москва,https://100-dverei.ru/,https://dveri-komandor.ru/,weak,True,0.5,81.1,76.2,84.5273,77.4673,7.06,2,4,2,query_preference_rubric_v5,d51_query_preference_rubric_v1,ranking_target_margin,,False
входные двери Москва,https://100-dverei.ru/,https://dverid.ru/,strong,True,1.0,81.1,77.1,84.5273,69.6614,14.8659,2,9,7,query_preference_rubric_v5,d51_query_preference_rubric_v1,ranking_target_margin,,False
входные двери Москва,https://100-dverei.ru/,https://dverin.pro/,strong,True,1.0,81.1,79.3,84.5273,73.1461,11.3812,2,8,6,query_preference_rubric_v5,d51_query_preference_rubric_v1,ranking_target_margin,,False
входные двери Москва,https://100-dverei.ru/,https://lemanapro.ru/catalogue/vhodnye-dveri/,strong,True,1.0,81.1,32.3,84.5273,45.4999,39.0274,2,1,-1,query_preference_rubric_v5,d51_query_preference_rubric_v1,ranking_target_margin,,False
входные двери Москва,https://100-dverei.ru/,https://mosdvery.ru/categories/vkhodnye-dveri,strong,True,1.0,81.1,73.0,84.5273,70.4499,14.0774,2,7,5,query_preference_rubric_v5,d51_query_preference_rubric_v1,ranking_target_margin,,False
входные двери Москва,https://100-dverei.ru/,https://www.moscow-steel.ru/,weak,True,0.5,81.1,80.7,84.5273,77.1907,7.3366,2,6,4,query_preference_rubric_v5,d51_query_preference_rubric_v1,ranking_target_margin,,False
входные двери Москва,https://169.ru/vhodnye-dveri/,https://doorstreet.ru/,strong,True,1.0,78.9,74.3,81.2262,66.0727,15.1535,3,10,7,query_preference_rubric_v5,d51_query_preference_rubric_v1,ranking_target_margin,,False
входные двери Москва,https://169.ru/vhodnye-dveri/,https://dveri-komandor.ru/,uncertain,False,0.0,78.9,76.2,81.2262,77.4673,3.7589,3,4,1,query_preference_rubric_v5,d51_query_preference_rubric_v1,ranking_target_margin,,False
входные двери Москва,https://169.ru/vhodnye-dveri/,https://dverid.ru/,strong,True,1.0,78.9,77.1,81.2262,69.6614,11.5648,3,9,6,query_preference_rubric_v5,d51_query_preference_rubric_v1,ranking_target_margin,,False
входные двери Москва,https://169.ru/vhodnye-dveri/,https://dverin.pro/,strong,True,1.0,78.9,79.3,81.2262,73.1461,8.0801,3,8,5,query_preference_rubric_v5,d51_query_preference_rubric_v1,ranking_target_margin,,False
входные двери Москва,https://169.ru/vhodnye-dveri/,https://lemanapro.ru/catalogue/vhodnye-dveri/,strong,True,1.0,78.9,32.3,81.2262,45.4999,35.7263,3,1,-2,query_preference_rubric_v5,d51_query_preference_rubric_v1,ranking_target_margin,,False
входные двери Москва,https://169.ru/vhodnye-dveri/,https://mosdvery.ru/categories/vkhodnye-dveri,strong,True,1.0,78.9,73.0,81.2262,70.4499,10.7763,3,7,4,query_preference_rubric_v5,d51_query_preference_rubric_v1,ranking_target_margin,,False
входные двери Москва,https://169.ru/vhodnye-dveri/,https://www.moscow-steel.ru/,weak,True,0.5,78.9,80.7,81.2262,77.1907,4.0355,3,6,3,query_preference_rubric_v5,d51_query_preference_rubric_v1,ranking_target_margin,,False
входные двери Москва,https://doorstreet.ru/,https://lemanapro.ru/catalogue/vhodnye-dveri/,strong,True,1.0,74.3,32.3,66.0727,45.4999,20.5728,10,1,-9,query_preference_rubric_v5,d51_query_preference_rubric_v1,ranking_target_margin,,False
входные двери Москва,https://dveri-komandor.ru/,https://doorstreet.ru/,strong,True,1.0,76.2,74.3,77.4673,66.0727,11.3946,4,10,6,query_preference_rubric_v5,d51_query_preference_rubric_v1,ranking_target_margin,,False
входные двери Москва,https://dveri-komandor.ru/,https://dverid.ru/,weak,True,0.5,76.2,77.1,77.4673,69.6614,7.8059,4,9,5,query_preference_rubric_v5,d51_query_preference_rubric_v1,ranking_target_margin,,False
входные двери Москва,https://dveri-komandor.ru/,https://dverin.pro/,weak,True,0.5,76.2,79.3,77.4673,73.1461,4.3212,4,8,4,query_preference_rubric_v5,d51_query_preference_rubric_v1,ranking_target_margin,,False
входные двери Москва,https://dveri-komandor.ru/,https://lemanapro.ru/catalogue/vhodnye-dveri/,strong,True,1.0,76.2,32.3,77.4673,45.4999,31.9674,4,1,-3,query_preference_rubric_v5,d51_query_preference_rubric_v1,ranking_target_margin,,False
входные двери Москва,https://dveri-komandor.ru/,https://mosdvery.ru/categories/vkhodnye-dveri,weak,True,0.5,76.2,73.0,77.4673,70.4499,7.0174,4,7,3,query_preference_rubric_v5,d51_query_preference_rubric_v1,ranking_target_margin,,False
входные двери Москва,https://dverid.ru/,https://doorstreet.ru/,uncertain,False,0.0,77.1,74.3,69.6614,66.0727,3.5887,9,10,1,query_preference_rubric_v5,d51_query_preference_rubric_v1,ranking_target_margin,,False
входные двери Москва,https://dverid.ru/,https://lemanapro.ru/catalogue/vhodnye-dveri/,strong,True,1.0,77.1,32.3,69.6614,45.4999,24.1615,9,1,-8,query_preference_rubric_v5,d51_query_preference_rubric_v1,ranking_target_margin,,False
входные двери Москва,https://dverin.pro/,https://doorstreet.ru/,weak,True,0.5,79.3,74.3,73.1461,66.0727,7.0734,8,10,2,query_preference_rubric_v5,d51_query_preference_rubric_v1,ranking_target_margin,,False
входные двери Москва,https://dverin.pro/,https://dverid.ru/,uncertain,False,0.0,79.3,77.1,73.1461,69.6614,3.4847,8,9,1,query_preference_rubric_v5,d51_query_preference_rubric_v1,ranking_target_margin,,False
входные двери Москва,https://dverin.pro/,https://lemanapro.ru/catalogue/vhodnye-dveri/,strong,True,1.0,79.3,32.3,73.1461,45.4999,27.6462,8,1,-7,query_preference_rubric_v5,d51_query_preference_rubric_v1,ranking_target_margin,,False
входные двери Москва,https://dverin.pro/,https://mosdvery.ru/categories/vkhodnye-dveri,uncertain,False,0.0,79.3,73.0,73.1461,70.4499,2.6962,8,7,-1,query_preference_rubric_v5,d51_query_preference_rubric_v1,ranking_target_margin,,False
входные двери Москва,https://mosdvery.ru/categories/vkhodnye-dveri,https://doorstreet.ru/,weak,True,0.5,73.0,74.3,70.4499,66.0727,4.3772,7,10,3,query_preference_rubric_v5,d51_query_preference_rubric_v1,ranking_target_margin,,False
входные двери Москва,https://mosdvery.ru/categories/vkhodnye-dveri,https://lemanapro.ru/catalogue/vhodnye-dveri/,strong,True,1.0,73.0,32.3,70.4499,45.4999,24.95,7,1,-6,query_preference_rubric_v5,d51_query_preference_rubric_v1,ranking_target_margin,,False
входные двери Москва,https://www.moscow-steel.ru/,https://doorstreet.ru/,strong,True,1.0,80.7,74.3,77.1907,66.0727,11.118,6,10,4,query_preference_rubric_v5,d51_query_preference_rubric_v1,ranking_target_margin,,False
входные двери Москва,https://www.moscow-steel.ru/,https://dverid.ru/,weak,True,0.5,80.7,77.1,77.1907,69.6614,7.5293,6,9,3,query_preference_rubric_v5,d51_query_preference_rubric_v1,ranking_target_margin,,False
входные двери Москва,https://www.moscow-steel.ru/,https://dverin.pro/,weak,True,0.5,80.7,79.3,77.1907,73.1461,4.0446,6,8,2,query_preference_rubric_v5,d51_query_preference_rubric_v1,ranking_target_margin,,False
входные двери Москва,https://www.moscow-steel.ru/,https://lemanapro.ru/catalogue/vhodnye-dveri/,strong,True,1.0,80.7,32.3,77.1907,45.4999,31.6908,6,1,-5,query_preference_rubric_v5,d51_query_preference_rubric_v1,ranking_target_margin,,False
входные двери Москва,https://www.moscow-steel.ru/,https://mosdvery.ru/categories/vkhodnye-dveri,weak,True,0.5,80.7,73.0,77.1907,70.4499,6.7408,6,7,1,query_preference_rubric_v5,d51_query_preference_rubric_v1,ranking_target_margin,,False
входные двери Нижний Новгород,https://dveridaromnn.ru/,https://nigny-novgorod.dverimagnat.ru/,strong,True,1.25,73.1,75.2,79.3795,72.5856,6.7939,1,6,5,query_preference_rubric_v5,d51_query_preference_rubric_v1,d50_top3_recovery,rank_prior_disagreement|shortcut_text_volume,True
входные двери Нижний Новгород,https://dveridaromnn.ru/,https://nizhniy-novgorod.mosdveri.ru/,strong,True,1.25,73.1,72.9,79.3795,64.3235,15.056,1,10,9,query_preference_rubric_v5,d51_query_preference_rubric_v1,d50_top3_recovery,rank_prior_disagreement|shortcut_text_volume,True
входные двери Нижний Новгород,https://dveridaromnn.ru/,https://nn.fabrichnie-dveri.ru/,strong,True,1.25,73.1,74.0,79.3795,74.5937,4.7858,1,4,3,query_preference_rubric_v5,d51_query_preference_rubric_v1,d50_top3_recovery,rank_prior_disagreement|shortcut_text_volume,True
входные двери Нижний Новгород,https://n-gr.ru/,https://nigny-novgorod.dverimagnat.ru/,weak,True,0.65,64.1,75.2,70.4438,72.5856,-2.1418,2,6,4,query_preference_rubric_v5,d51_query_preference_rubric_v1,d50_top3_recovery,rank_prior_disagreement|shortcut_text_volume,True
входные двери Нижний Новгород,https://n-gr.ru/,https://nizhniy-novgorod.mosdveri.ru/,weak,True,0.65,64.1,72.9,70.4438,64.3235,6.1203,2,10,8,query_preference_rubric_v5,d51_query_preference_rubric_v1,d50_top3_recovery,rank_prior_disagreement|shortcut_text_volume,True
входные двери Нижний Новгород,https://n-gr.ru/,https://nn.fabrichnie-dveri.ru/,weak,True,0.65,64.1,74.0,70.4438,74.5937,-4.1499,2,4,2,query_preference_rubric_v5,d51_query_preference_rubric_v1,d50_top3_recovery,rank_prior_disagreement|shortcut_text_volume,True
входные двери Нижний Новгород,https://nizhny-novgorod.doorsstore.ru/,https://nigny-novgorod.dverimagnat.ru/,weak,True,0.65,65.5,75.2,68.6124,72.5856,-3.9732,3,6,3,query_preference_rubric_v5,d51_query_preference_rubric_v1,d50_top3_recovery,rank_prior_disagreement|shortcut_text_volume,True
входные двери Нижний Новгород,https://nizhny-novgorod.doorsstore.ru/,https://nizhniy-novgorod.mosdveri.ru/,weak,True,0.65,65.5,72.9,68.6124,64.3235,4.2889,3,10,7,query_preference_rubric_v5,d51_query_preference_rubric_v1,d50_top3_recovery,rank_prior_disagreement|shortcut_text_volume,True
входные двери Нижний Новгород,https://nizhny-novgorod.doorsstore.ru/,https://nn.fabrichnie-dveri.ru/,weak,True,0.65,65.5,74.0,68.6124,74.5937,-5.9813,3,4,1,query_preference_rubric_v5,d51_query_preference_rubric_v1,d50_top3_recovery,rank_prior_disagreement|shortcut_text_volume,True
входные двери Нижний Новгород,https://dveridaromnn.ru/,https://n-gr.ru/,strong,True,1.0,73.1,64.1,79.3795,70.4438,8.9357,1,2,1,query_preference_rubric_v5,d51_query_preference_rubric_v1,ranking_target_margin,,True
входные двери Нижний Новгород,https://dveridaromnn.ru/,https://nizhniy-novgorod.straj-dveri.ru/,strong,True,1.0,73.1,72.4,79.3795,65.7714,13.6081,1,9,8,query_preference_rubric_v5,d51_query_preference_rubric_v1,ranking_target_margin,,True
входные двери Нижний Новгород,https://dveridaromnn.ru/,https://nizhny-novgorod.doorsstore.ru/,strong,True,1.0,73.1,65.5,79.3795,68.6124,10.7671,1,3,2,query_preference_rubric_v5,d51_query_preference_rubric_v1,ranking_target_margin,,True
входные двери Нижний Новгород,https://dveridaromnn.ru/,https://nn-dveri.ru/,strong,True,1.0,73.1,60.7,79.3795,58.6152,20.7643,1,8,7,query_preference_rubric_v5,d51_query_preference_rubric_v1,ranking_target_margin,,True
входные двери Нижний Новгород,https://dveridaromnn.ru/,https://sevendoors.ru/,weak,True,0.5,73.1,73.8,79.3795,73.0968,6.2827,1,5,4,query_preference_rubric_v5,d51_query_preference_rubric_v1,ranking_target_margin,,True
входные двери Нижний Новгород,https://dveridaromnn.ru/,https://tsdveri.ru/catalog/vhodnye-dveri/,strong,True,1.0,73.1,64.0,79.3795,61.5553,17.8242,1,7,6,query_preference_rubric_v5,d51_query_preference_rubric_v1,ranking_target_margin,,True
входные двери Нижний Новгород,https://n-gr.ru/,https://nizhniy-novgorod.straj-dveri.ru/,weak,True,0.5,64.1,72.4,70.4438,65.7714,4.6724,2,9,7,query_preference_rubric_v5,d51_query_preference_rubric_v1,ranking_target_margin,,True
входные двери Нижний Новгород,https://n-gr.ru/,https://nn-dveri.ru/,strong,True,1.0,64.1,60.7,70.4438,58.6152,11.8286,2,8,6,query_preference_rubric_v5,d51_query_preference_rubric_v1,ranking_target_margin,,True
входные двери Нижний Новгород,https://n-gr.ru/,https://tsdveri.ru/catalog/vhodnye-dveri/,strong,True,1.0,64.1,64.0,70.4438,61.5553,8.8885,2,7,5,query_preference_rubric_v5,d51_query_preference_rubric_v1,ranking_target_margin,,True
входные двери Нижний Новгород,https://nigny-novgorod.dverimagnat.ru/,https://n-gr.ru/,uncertain,False,0.0,75.2,64.1,72.5856,70.4438,2.1418,6,2,-4,query_preference_rubric_v5,d51_query_preference_rubric_v1,ranking_target_margin,,True
входные двери Нижний Новгород,https://nigny-novgorod.dverimagnat.ru/,https://nizhniy-novgorod.mosdveri.ru/,strong,True,1.0,75.2,72.9,72.5856,64.3235,8.2621,6,10,4,query_preference_rubric_v5,d51_query_preference_rubric_v1,ranking_target_margin,,True
входные двери Нижний Новгород,https://nigny-novgorod.dverimagnat.ru/,https://nizhniy-novgorod.straj-dveri.ru/,weak,True,0.5,75.2,72.4,72.5856,65.7714,6.8142,6,9,3,query_preference_rubric_v5,d51_query_preference_rubric_v1,ranking_target_margin,,True
входные двери Нижний Новгород,https://nigny-novgorod.dverimagnat.ru/,https://nizhny-novgorod.doorsstore.ru/,uncertain,False,0.0,75.2,65.5,72.5856,68.6124,3.9732,6,3,-3,query_preference_rubric_v5,d51_query_preference_rubric_v1,ranking_target_margin,,True
входные двери Нижний Новгород,https://nigny-novgorod.dverimagnat.ru/,https://nn-dveri.ru/,strong,True,1.0,75.2,60.7,72.5856,58.6152,13.9704,6,8,2,query_preference_rubric_v5,d51_query_preference_rubric_v1,ranking_target_margin,,True
входные двери Нижний Новгород,https://nigny-novgorod.dverimagnat.ru/,https://tsdveri.ru/catalog/vhodnye-dveri/,strong,True,1.0,75.2,64.0,72.5856,61.5553,11.0303,6,7,1,query_preference_rubric_v5,d51_query_preference_rubric_v1,ranking_target_margin,,True
входные двери Нижний Новгород,https://nizhniy-novgorod.mosdveri.ru/,https://nn-dveri.ru/,weak,True,0.5,72.9,60.7,64.3235,58.6152,5.7083,10,8,-2,query_preference_rubric_v5,d51_query_preference_rubric_v1,ranking_target_margin,,True
входные двери Нижний Новгород,https://nizhniy-novgorod.mosdveri.ru/,https://tsdveri.ru/catalog/vhodnye-dveri/,uncertain,False,0.0,72.9,64.0,64.3235,61.5553,2.7682,10,7,-3,query_preference_rubric_v5,d51_query_preference_rubric_v1,ranking_target_margin,,True
входные двери Нижний Новгород,https://nizhniy-novgorod.straj-dveri.ru/,https://nn-dveri.ru/,weak,True,0.5,72.4,60.7,65.7714,58.6152,7.1562,9,8,-1,query_preference_rubric_v5,d51_query_preference_rubric_v1,ranking_target_margin,,True
входные двери Нижний Новгород,https://nizhniy-novgorod.straj-dveri.ru/,https://tsdveri.ru/catalog/vhodnye-dveri/,weak,True,0.5,72.4,64.0,65.7714,61.5553,4.2161,9,7,-2,query_preference_rubric_v5,d51_query_preference_rubric_v1,ranking_target_margin,,True
входные двери Нижний Новгород,https://nizhny-novgorod.doorsstore.ru/,https://nizhniy-novgorod.straj-dveri.ru/,uncertain,False,0.0,65.5,72.4,68.6124,65.7714,2.841,3,9,6,query_preference_rubric_v5,d51_query_preference_rubric_v1,ranking_target_margin,,True
входные двери Нижний Новгород,https://nizhny-novgorod.doorsstore.ru/,https://nn-dveri.ru/,strong,True,1.0,65.5,60.7,68.6124,58.6152,9.9972,3,8,5,query_preference_rubric_v5,d51_query_preference_rubric_v1,ranking_target_margin,,True
входные двери Нижний Новгород,https://nizhny-novgorod.doorsstore.ru/,https://tsdveri.ru/catalog/vhodnye-dveri/,weak,True,0.5,65.5,64.0,68.6124,61.5553,7.0571,3,7,4,query_preference_rubric_v5,d51_query_preference_rubric_v1,ranking_target_margin,,True
входные двери Нижний Новгород,https://nn.fabrichnie-dveri.ru/,https://n-gr.ru/,weak,True,0.5,74.0,64.1,74.5937,70.4438,4.1499,4,2,-2,query_preference_rubric_v5,d51_query_preference_rubric_v1,ranking_target_margin,,True
входные двери Нижний Новгород,https://nn.fabrichnie-dveri.ru/,https://nigny-novgorod.dverimagnat.ru/,uncertain,False,0.0,74.0,75.2,74.5937,72.5856,2.0081,4,6,2,query_preference_rubric_v5,d51_query_preference_rubric_v1,ranking_target_margin,,True
входные двери Нижний Новгород,https://nn.fabrichnie-dveri.ru/,https://nizhniy-novgorod.mosdveri.ru/,strong,True,1.0,74.0,72.9,74.5937,64.3235,10.2702,4,10,6,query_preference_rubric_v5,d51_query_preference_rubric_v1,ranking_target_margin,,True
входные двери Нижний Новгород,https://nn.fabrichnie-dveri.ru/,https://nizhniy-novgorod.straj-dveri.ru/,strong,True,1.0,74.0,72.4,74.5937,65.7714,8.8223,4,9,5,query_preference_rubric_v5,d51_query_preference_rubric_v1,ranking_target_margin,,True
входные двери Нижний Новгород,https://nn.fabrichnie-dveri.ru/,https://nizhny-novgorod.doorsstore.ru/,weak,True,0.5,74.0,65.5,74.5937,68.6124,5.9813,4,3,-1,query_preference_rubric_v5,d51_query_preference_rubric_v1,ranking_target_margin,,True
входные двери Нижний Новгород,https://nn.fabrichnie-dveri.ru/,https://nn-dveri.ru/,strong,True,1.0,74.0,60.7,74.5937,58.6152,15.9785,4,8,4,query_preference_rubric_v5,d51_query_preference_rubric_v1,ranking_target_margin,,True
входные двери Нижний Новгород,https://nn.fabrichnie-dveri.ru/,https://tsdveri.ru/catalog/vhodnye-dveri/,strong,True,1.0,74.0,64.0,74.5937,61.5553,13.0384,4,7,3,query_preference_rubric_v5,d51_query_preference_rubric_v1,ranking_target_margin,,True
входные двери Нижний Новгород,https://sevendoors.ru/,https://n-gr.ru/,uncertain,False,0.0,73.8,64.1,73.0968,70.4438,2.653,5,2,-3,query_preference_rubric_v5,d51_query_preference_rubric_v1,ranking_target_margin,,True
входные двери Нижний Новгород,https://sevendoors.ru/,https://nizhniy-novgorod.mosdveri.ru/,strong,True,1.0,73.8,72.9,73.0968,64.3235,8.7733,5,10,5,query_preference_rubric_v5,d51_query_preference_rubric_v1,ranking_target_margin,,True
входные двери Нижний Новгород,https://sevendoors.ru/,https://nizhniy-novgorod.straj-dveri.ru/,weak,True,0.5,73.8,72.4,73.0968,65.7714,7.3254,5,9,4,query_preference_rubric_v5,d51_query_preference_rubric_v1,ranking_target_margin,,True
входные двери Нижний Новгород,https://sevendoors.ru/,https://nizhny-novgorod.doorsstore.ru/,weak,True,0.5,73.8,65.5,73.0968,68.6124,4.4844,5,3,-2,query_preference_rubric_v5,d51_query_preference_rubric_v1,ranking_target_margin,,True
входные двери Нижний Новгород,https://sevendoors.ru/,https://nn-dveri.ru/,strong,True,1.0,73.8,60.7,73.0968,58.6152,14.4816,5,8,3,query_preference_rubric_v5,d51_query_preference_rubric_v1,ranking_target_margin,,True
входные двери Нижний Новгород,https://sevendoors.ru/,https://tsdveri.ru/catalog/vhodnye-dveri/,strong,True,1.0,73.8,64.0,73.0968,61.5553,11.5415,5,7,2,query_preference_rubric_v5,d51_query_preference_rubric_v1,ranking_target_margin,,True
входные двери Нижний Новгород,https://tsdveri.ru/catalog/vhodnye-dveri/,https://nn-dveri.ru/,uncertain,False,0.0,64.0,60.7,61.5553,58.6152,2.9401,7,8,1,query_preference_rubric_v5,d51_query_preference_rubric_v1,ranking_target_margin,,True
входные двери Новосибирск,https://almaz-nsk.com/,https://centurion-door.ru/,strong,True,1.0,74.0,69.4,77.3988,66.7727,10.6261,3,7,4,query_preference_rubric_v5,d51_query_preference_rubric_v1,ranking_target_margin,,False
входные двери Новосибирск,https://almaz-nsk.com/,https://dveri-nso.ru/cat/vhodnye-dveri/,strong,True,1.0,74.0,73.8,77.3988,65.605,11.7938,3,10,7,query_preference_rubric_v5,d51_query_preference_rubric_v1,ranking_target_margin,,False
входные двери Новосибирск,https://almaz-nsk.com/,https://novosibirsk.metaldveri.ru/,weak,True,0.5,74.0,75.0,77.3988,69.5427,7.8561,3,8,5,query_preference_rubric_v5,d51_query_preference_rubric_v1,ranking_target_margin,,False
входные двери Новосибирск,https://almaz-nsk.com/,https://nsk-dveri.ru/,weak,True,0.5,74.0,75.7,77.3988,73.297,4.1018,3,6,3,query_preference_rubric_v5,d51_query_preference_rubric_v1,ranking_target_margin,,False
входные двери Новосибирск,https://almaz-nsk.com/,https://shop-nsk.ru/,strong,True,1.0,74.0,68.3,77.3988,63.2427,14.1561,3,9,6,query_preference_rubric_v5,d51_query_preference_rubric_v1,ranking_target_margin,,False
входные двери Новосибирск,https://almaz-nsk.com/,https://фабрикадверей.рф/,weak,True,0.5,74.0,65.6,77.3988,72.2088,5.19,3,2,-1,query_preference_rubric_v5,d51_query_preference_rubric_v1,ranking_target_margin,,False
входные двери Новосибирск,https://centurion-door.ru/,https://shop-nsk.ru/,uncertain,False,0.0,69.4,68.3,66.7727,63.2427,3.53,7,9,2,query_preference_rubric_v5,d51_query_preference_rubric_v1,ranking_target_margin,,False
входные двери Новосибирск,https://dveri-nso.ru/cat/vhodnye-dveri/,https://shop-nsk.ru/,uncertain,False,0.0,73.8,68.3,65.605,63.2427,2.3623,10,9,-1,query_preference_rubric_v5,d51_query_preference_rubric_v1,ranking_target_margin,,False
входные двери Новосибирск,https://novosibirsk.dverimagnat.ru/,https://almaz-nsk.com/,weak,True,0.5,79.5,74.0,84.7998,77.3988,7.401,1,3,2,query_preference_rubric_v5,d51_query_preference_rubric_v1,ranking_target_margin,,False
входные двери Новосибирск,https://novosibirsk.dverimagnat.ru/,https://centurion-door.ru/,strong,True,1.0,79.5,69.4,84.7998,66.7727,18.0271,1,7,6,query_preference_rubric_v5,d51_query_preference_rubric_v1,ranking_target_margin,,False
входные двери Новосибирск,https://novosibirsk.dverimagnat.ru/,https://dveri-nso.ru/cat/vhodnye-dveri/,strong,True,1.0,79.5,73.8,84.7998,65.605,19.1948,1,10,9,query_preference_rubric_v5,d51_query_preference_rubric_v1,ranking_target_margin,,False
входные двери Новосибирск,https://novosibirsk.dverimagnat.ru/,https://novosibirsk.estetdveri.ru/catalog/vkhodnye-dveri/,weak,True,0.5,79.5,77.5,84.7998,78.257,6.5428,1,4,3,query_preference_rubric_v5,d51_query_preference_rubric_v1,ranking_target_margin,,False
входные двери Новосибирск,https://novosibirsk.dverimagnat.ru/,https://novosibirsk.metaldveri.ru/,strong,True,1.0,79.5,75.0,84.7998,69.5427,15.2571,1,8,7,query_preference_rubric_v5,d51_query_preference_rubric_v1,ranking_target_margin,,False
входные двери Новосибирск,https://novosibirsk.dverimagnat.ru/,https://novosibirsk.mosdveri.ru/,strong,True,1.0,79.5,76.4,84.7998,75.758,9.0418,1,5,4,query_preference_rubric_v5,d51_query_preference_rubric_v1,ranking_target_margin,,False
входные двери Новосибирск,https://novosibirsk.dverimagnat.ru/,https://nsk-dveri.ru/,strong,True,1.0,79.5,75.7,84.7998,73.297,11.5028,1,6,5,query_preference_rubric_v5,d51_query_preference_rubric_v1,ranking_target_margin,,False
входные двери Новосибирск,https://novosibirsk.dverimagnat.ru/,https://shop-nsk.ru/,strong,True,1.0,79.5,68.3,84.7998,63.2427,21.5571,1,9,8,query_preference_rubric_v5,d51_query_preference_rubric_v1,ranking_target_margin,,False
входные двери Новосибирск,https://novosibirsk.dverimagnat.ru/,https://фабрикадверей.рф/,strong,True,1.0,79.5,65.6,84.7998,72.2088,12.591,1,2,1,query_preference_rubric_v5,d51_query_preference_rubric_v1,ranking_target_margin,,False
входные двери Новосибирск,https://novosibirsk.estetdveri.ru/catalog/vkhodnye-dveri/,https://centurion-door.ru/,strong,True,1.0,77.5,69.4,78.257,66.7727,11.4843,4,7,3,query_preference_rubric_v5,d51_query_preference_rubric_v1,ranking_target_margin,,False
входные двери Новосибирск,https://novosibirsk.estetdveri.ru/catalog/vkhodnye-dveri/,https://dveri-nso.ru/cat/vhodnye-dveri/,strong,True,1.0,77.5,73.8,78.257,65.605,12.652,4,10,6,query_preference_rubric_v5,d51_query_preference_rubric_v1,ranking_target_margin,,False
входные двери Новосибирск,https://novosibirsk.estetdveri.ru/catalog/vkhodnye-dveri/,https://novosibirsk.metaldveri.ru/,strong,True,1.0,77.5,75.0,78.257,69.5427,8.7143,4,8,4,query_preference_rubric_v5,d51_query_preference_rubric_v1,ranking_target_margin,,False
входные двери Новосибирск,https://novosibirsk.estetdveri.ru/catalog/vkhodnye-dveri/,https://novosibirsk.mosdveri.ru/,uncertain,False,0.0,77.5,76.4,78.257,75.758,2.499,4,5,1,query_preference_rubric_v5,d51_query_preference_rubric_v1,ranking_target_margin,,False
входные двери Новосибирск,https://novosibirsk.estetdveri.ru/catalog/vkhodnye-dveri/,https://nsk-dveri.ru/,weak,True,0.5,77.5,75.7,78.257,73.297,4.96,4,6,2,query_preference_rubric_v5,d51_query_preference_rubric_v1,ranking_target_margin,,False
входные двери Новосибирск,https://novosibirsk.estetdveri.ru/catalog/vkhodnye-dveri/,https://shop-nsk.ru/,strong,True,1.0,77.5,68.3,78.257,63.2427,15.0143,4,9,5,query_preference_rubric_v5,d51_query_preference_rubric_v1,ranking_target_margin,,False
входные двери Новосибирск,https://novosibirsk.estetdveri.ru/catalog/vkhodnye-dveri/,https://фабрикадверей.рф/,weak,True,0.5,77.5,65.6,78.257,72.2088,6.0482,4,2,-2,query_preference_rubric_v5,d51_query_preference_rubric_v1,ranking_target_margin,,False
входные двери Новосибирск,https://novosibirsk.metaldveri.ru/,https://centurion-door.ru/,uncertain,False,0.0,75.0,69.4,69.5427,66.7727,2.77,8,7,-1,query_preference_rubric_v5,d51_query_preference_rubric_v1,ranking_target_margin,,False
входные двери Новосибирск,https://novosibirsk.metaldveri.ru/,https://dveri-nso.ru/cat/vhodnye-dveri/,uncertain,False,0.0,75.0,73.8,69.5427,65.605,3.9377,8,10,2,query_preference_rubric_v5,d51_query_preference_rubric_v1,ranking_target_margin,,False
входные двери Новосибирск,https://novosibirsk.metaldveri.ru/,https://shop-nsk.ru/,weak,True,0.5,75.0,68.3,69.5427,63.2427,6.3,8,9,1,query_preference_rubric_v5,d51_query_preference_rubric_v1,ranking_target_margin,,False
входные двери Новосибирск,https://novosibirsk.mosdveri.ru/,https://centurion-door.ru/,strong,True,1.0,76.4,69.4,75.758,66.7727,8.9853,5,7,2,query_preference_rubric_v5,d51_query_preference_rubric_v1,ranking_target_margin,,False
входные двери Новосибирск,https://novosibirsk.mosdveri.ru/,https://dveri-nso.ru/cat/vhodnye-dveri/,strong,True,1.0,76.4,73.8,75.758,65.605,10.153,5,10,5,query_preference_rubric_v5,d51_query_preference_rubric_v1,ranking_target_margin,,False
входные двери Новосибирск,https://novosibirsk.mosdveri.ru/,https://novosibirsk.metaldveri.ru/,weak,True,0.5,76.4,75.0,75.758,69.5427,6.2153,5,8,3,query_preference_rubric_v5,d51_query_preference_rubric_v1,ranking_target_margin,,False
входные двери Новосибирск,https://novosibirsk.mosdveri.ru/,https://nsk-dveri.ru/,uncertain,False,0.0,76.4,75.7,75.758,73.297,2.461,5,6,1,query_preference_rubric_v5,d51_query_preference_rubric_v1,ranking_target_margin,,False
входные двери Новосибирск,https://novosibirsk.mosdveri.ru/,https://shop-nsk.ru/,strong,True,1.0,76.4,68.3,75.758,63.2427,12.5153,5,9,4,query_preference_rubric_v5,d51_query_preference_rubric_v1,ranking_target_margin,,False
входные двери Новосибирск,https://novosibirsk.mosdveri.ru/,https://фабрикадверей.рф/,uncertain,False,0.0,76.4,65.6,75.758,72.2088,3.5492,5,2,-3,query_preference_rubric_v5,d51_query_preference_rubric_v1,ranking_target_margin,,False
входные двери Новосибирск,https://nsk-dveri.ru/,https://centurion-door.ru/,weak,True,0.5,75.7,69.4,73.297,66.7727,6.5243,6,7,1,query_preference_rubric_v5,d51_query_preference_rubric_v1,ranking_target_margin,,False
входные двери Новосибирск,https://nsk-dveri.ru/,https://dveri-nso.ru/cat/vhodnye-dveri/,weak,True,0.5,75.7,73.8,73.297,65.605,7.692,6,10,4,query_preference_rubric_v5,d51_query_preference_rubric_v1,ranking_target_margin,,False
входные двери Новосибирск,https://nsk-dveri.ru/,https://novosibirsk.metaldveri.ru/,uncertain,False,0.0,75.7,75.0,73.297,69.5427,3.7543,6,8,2,query_preference_rubric_v5,d51_query_preference_rubric_v1,ranking_target_margin,,False
входные двери Новосибирск,https://nsk-dveri.ru/,https://shop-nsk.ru/,strong,True,1.0,75.7,68.3,73.297,63.2427,10.0543,6,9,3,query_preference_rubric_v5,d51_query_preference_rubric_v1,ranking_target_margin,,False
входные двери Новосибирск,https://фабрикадверей.рф/,https://centurion-door.ru/,weak,True,0.5,65.6,69.4,72.2088,66.7727,5.4361,2,7,5,query_preference_rubric_v5,d51_query_preference_rubric_v1,ranking_target_margin,,False
входные двери Новосибирск,https://фабрикадверей.рф/,https://dveri-nso.ru/cat/vhodnye-dveri/,weak,True,0.5,65.6,73.8,72.2088,65.605,6.6038,2,10,8,query_preference_rubric_v5,d51_query_preference_rubric_v1,ranking_target_margin,,False
входные двери Новосибирск,https://фабрикадверей.рф/,https://novosibirsk.metaldveri.ru/,uncertain,False,0.0,65.6,75.0,72.2088,69.5427,2.6661,2,8,6,query_preference_rubric_v5,d51_query_preference_rubric_v1,ranking_target_margin,,False
входные двери Новосибирск,https://фабрикадверей.рф/,https://shop-nsk.ru/,strong,True,1.0,65.6,68.3,72.2088,63.2427,8.9661,2,9,7,query_preference_rubric_v5,d51_query_preference_rubric_v1,ranking_target_margin,,False
входные двери Самара,https://ds-doors.ru/catalog/vhodnye-dveri/,https://dveri-shops.ru/samara,uncertain,False,0.0,75.4,74.5,69.9514,67.6554,2.296,8,9,1,query_preference_rubric_v5,d51_query_preference_rubric_v1,ranking_target_margin,,False
входные двери Самара,https://ds-doors.ru/catalog/vhodnye-dveri/,https://ferroni-doors163.ru/,strong,True,1.0,75.4,61.7,69.9514,57.0514,12.9,8,10,2,query_preference_rubric_v5,d51_query_preference_rubric_v1,ranking_target_margin,,False
входные двери Самара,https://ds-doors.ru/catalog/vhodnye-dveri/,https://samara.lemanapro.ru/catalogue/vhodnye-dveri/,strong,True,1.0,75.4,32.4,69.9514,43.8993,26.0521,8,2,-6,query_preference_rubric_v5,d51_query_preference_rubric_v1,ranking_target_margin,,False
входные двери Самара,https://dveri-shops.ru/samara,https://ferroni-doors163.ru/,strong,True,1.0,74.5,61.7,67.6554,57.0514,10.604,9,10,1,query_preference_rubric_v5,d51_query_preference_rubric_v1,ranking_target_margin,,False
входные двери Самара,https://dveri-shops.ru/samara,https://samara.lemanapro.ru/catalogue/vhodnye-dveri/,strong,True,1.0,74.5,32.4,67.6554,43.8993,23.7561,9,2,-7,query_preference_rubric_v5,d51_query_preference_rubric_v1,ranking_target_margin,,False
входные двери Самара,https://enter63.ru/,https://ferroni-doors163.ru/,strong,True,1.0,69.0,61.7,69.3892,57.0514,12.3378,6,10,4,query_preference_rubric_v5,d51_query_preference_rubric_v1,ranking_target_margin,,False
входные двери Самара,https://enter63.ru/,https://samara.lemanapro.ru/catalogue/vhodnye-dveri/,strong,True,1.0,69.0,32.4,69.3892,43.8993,25.4899,6,2,-4,query_preference_rubric_v5,d51_query_preference_rubric_v1,ranking_target_margin,,False
входные двери Самара,https://ferroni-doors163.ru/,https://samara.lemanapro.ru/catalogue/vhodnye-dveri/,strong,True,1.0,61.7,32.4,57.0514,43.8993,13.1521,10,2,-8,query_preference_rubric_v5,d51_query_preference_rubric_v1,ranking_target_margin,,False
входные двери Самара,https://guardian-smr.ru/,https://ds-doors.ru/catalog/vhodnye-dveri/,strong,True,1.0,77.8,75.4,79.7349,69.9514,9.7835,3,8,5,query_preference_rubric_v5,d51_query_preference_rubric_v1,ranking_target_margin,,False
входные двери Самара,https://guardian-smr.ru/,https://dveri-shops.ru/samara,strong,True,1.0,77.8,74.5,79.7349,67.6554,12.0795,3,9,6,query_preference_rubric_v5,d51_query_preference_rubric_v1,ranking_target_margin,,False
входные двери Самара,https://guardian-smr.ru/,https://enter63.ru/,strong,True,1.0,77.8,69.0,79.7349,69.3892,10.3457,3,6,3,query_preference_rubric_v5,d51_query_preference_rubric_v1,ranking_target_margin,,False
входные двери Самара,https://guardian-smr.ru/,https://ferroni-doors163.ru/,strong,True,1.0,77.8,61.7,79.7349,57.0514,22.6835,3,10,7,query_preference_rubric_v5,d51_query_preference_rubric_v1,ranking_target_margin,,False
входные двери Самара,https://guardian-smr.ru/,https://samara.lemanapro.ru/catalogue/vhodnye-dveri/,strong,True,1.0,77.8,32.4,79.7349,43.8993,35.8356,3,2,-1,query_preference_rubric_v5,d51_query_preference_rubric_v1,ranking_target_margin,,False
входные двери Самара,https://guardian-smr.ru/,https://samara.metaldveri.ru/,uncertain,False,0.0,77.8,77.6,79.7349,76.7115,3.0234,3,5,2,query_preference_rubric_v5,d51_query_preference_rubric_v1,ranking_target_margin,,False
входные двери Самара,https://guardian-smr.ru/,https://sfdoors.ru/,weak,True,0.5,77.8,71.7,79.7349,73.7159,6.019,3,4,1,query_preference_rubric_v5,d51_query_preference_rubric_v1,ranking_target_margin,,False
входные двери Самара,https://guardian-smr.ru/,https://yadoma-sam.ru/,strong,True,1.0,77.8,75.3,79.7349,71.5489,8.186,3,7,4,query_preference_rubric_v5,d51_query_preference_rubric_v1,ranking_target_margin,,False
входные двери Самара,https://samara.dverimagnat.ru/,https://ds-doors.ru/catalog/vhodnye-dveri/,strong,True,1.0,80.7,75.4,85.7756,69.9514,15.8242,1,8,7,query_preference_rubric_v5,d51_query_preference_rubric_v1,ranking_target_margin,,False
входные двери Самара,https://samara.dverimagnat.ru/,https://dveri-shops.ru/samara,strong,True,1.0,80.7,74.5,85.7756,67.6554,18.1202,1,9,8,query_preference_rubric_v5,d51_query_preference_rubric_v1,ranking_target_margin,,False
входные двери Самара,https://samara.dverimagnat.ru/,https://enter63.ru/,strong,True,1.0,80.7,69.0,85.7756,69.3892,16.3864,1,6,5,query_preference_rubric_v5,d51_query_preference_rubric_v1,ranking_target_margin,,False
входные двери Самара,https://samara.dverimagnat.ru/,https://ferroni-doors163.ru/,strong,True,1.0,80.7,61.7,85.7756,57.0514,28.7242,1,10,9,query_preference_rubric_v5,d51_query_preference_rubric_v1,ranking_target_margin,,False
входные двери Самара,https://samara.dverimagnat.ru/,https://guardian-smr.ru/,weak,True,0.5,80.7,77.8,85.7756,79.7349,6.0407,1,3,2,query_preference_rubric_v5,d51_query_preference_rubric_v1,ranking_target_margin,,False
входные двери Самара,https://samara.dverimagnat.ru/,https://samara.lemanapro.ru/catalogue/vhodnye-dveri/,strong,True,1.0,80.7,32.4,85.7756,43.8993,41.8763,1,2,1,query_preference_rubric_v5,d51_query_preference_rubric_v1,ranking_target_margin,,False
входные двери Самара,https://samara.dverimagnat.ru/,https://samara.metaldveri.ru/,strong,True,1.0,80.7,77.6,85.7756,76.7115,9.0641,1,5,4,query_preference_rubric_v5,d51_query_preference_rubric_v1,ranking_target_margin,,False
входные двери Самара,https://samara.dverimagnat.ru/,https://sfdoors.ru/,strong,True,1.0,80.7,71.7,85.7756,73.7159,12.0597,1,4,3,query_preference_rubric_v5,d51_query_preference_rubric_v1,ranking_target_margin,,False
входные двери Самара,https://samara.dverimagnat.ru/,https://yadoma-sam.ru/,strong,True,1.0,80.7,75.3,85.7756,71.5489,14.2267,1,7,6,query_preference_rubric_v5,d51_query_preference_rubric_v1,ranking_target_margin,,False
входные двери Самара,https://samara.metaldveri.ru/,https://ds-doors.ru/catalog/vhodnye-dveri/,weak,True,0.5,77.6,75.4,76.7115,69.9514,6.7601,5,8,3,query_preference_rubric_v5,d51_query_preference_rubric_v1,ranking_target_margin,,False
входные двери Самара,https://samara.metaldveri.ru/,https://dveri-shops.ru/samara,strong,True,1.0,77.6,74.5,76.7115,67.6554,9.0561,5,9,4,query_preference_rubric_v5,d51_query_preference_rubric_v1,ranking_target_margin,,False
входные двери Самара,https://samara.metaldveri.ru/,https://enter63.ru/,weak,True,0.5,77.6,69.0,76.7115,69.3892,7.3223,5,6,1,query_preference_rubric_v5,d51_query_preference_rubric_v1,ranking_target_margin,,False
входные двери Самара,https://samara.metaldveri.ru/,https://ferroni-doors163.ru/,strong,True,1.0,77.6,61.7,76.7115,57.0514,19.6601,5,10,5,query_preference_rubric_v5,d51_query_preference_rubric_v1,ranking_target_margin,,False
входные двери Самара,https://samara.metaldveri.ru/,https://samara.lemanapro.ru/catalogue/vhodnye-dveri/,strong,True,1.0,77.6,32.4,76.7115,43.8993,32.8122,5,2,-3,query_preference_rubric_v5,d51_query_preference_rubric_v1,ranking_target_margin,,False
входные двери Самара,https://samara.metaldveri.ru/,https://sfdoors.ru/,uncertain,False,0.0,77.6,71.7,76.7115,73.7159,2.9956,5,4,-1,query_preference_rubric_v5,d51_query_preference_rubric_v1,ranking_target_margin,,False
входные двери Самара,https://samara.metaldveri.ru/,https://yadoma-sam.ru/,weak,True,0.5,77.6,75.3,76.7115,71.5489,5.1626,5,7,2,query_preference_rubric_v5,d51_query_preference_rubric_v1,ranking_target_margin,,False
входные двери Самара,https://sfdoors.ru/,https://ds-doors.ru/catalog/vhodnye-dveri/,uncertain,False,0.0,71.7,75.4,73.7159,69.9514,3.7645,4,8,4,query_preference_rubric_v5,d51_query_preference_rubric_v1,ranking_target_margin,,False
входные двери Самара,https://sfdoors.ru/,https://dveri-shops.ru/samara,weak,True,0.5,71.7,74.5,73.7159,67.6554,6.0605,4,9,5,query_preference_rubric_v5,d51_query_preference_rubric_v1,ranking_target_margin,,False
входные двери Самара,https://sfdoors.ru/,https://enter63.ru/,weak,True,0.5,71.7,69.0,73.7159,69.3892,4.3267,4,6,2,query_preference_rubric_v5,d51_query_preference_rubric_v1,ranking_target_margin,,False
входные двери Самара,https://sfdoors.ru/,https://ferroni-doors163.ru/,strong,True,1.0,71.7,61.7,73.7159,57.0514,16.6645,4,10,6,query_preference_rubric_v5,d51_query_preference_rubric_v1,ranking_target_margin,,False
входные двери Самара,https://sfdoors.ru/,https://samara.lemanapro.ru/catalogue/vhodnye-dveri/,strong,True,1.0,71.7,32.4,73.7159,43.8993,29.8166,4,2,-2,query_preference_rubric_v5,d51_query_preference_rubric_v1,ranking_target_margin,,False
входные двери Самара,https://sfdoors.ru/,https://yadoma-sam.ru/,uncertain,False,0.0,71.7,75.3,73.7159,71.5489,2.167,4,7,3,query_preference_rubric_v5,d51_query_preference_rubric_v1,ranking_target_margin,,False
входные двери Самара,https://yadoma-sam.ru/,https://dveri-shops.ru/samara,uncertain,False,0.0,75.3,74.5,71.5489,67.6554,3.8935,7,9,2,query_preference_rubric_v5,d51_query_preference_rubric_v1,ranking_target_margin,,False
входные двери Самара,https://yadoma-sam.ru/,https://enter63.ru/,uncertain,False,0.0,75.3,69.0,71.5489,69.3892,2.1597,7,6,-1,query_preference_rubric_v5,d51_query_preference_rubric_v1,ranking_target_margin,,False
входные двери Самара,https://yadoma-sam.ru/,https://ferroni-doors163.ru/,strong,True,1.0,75.3,61.7,71.5489,57.0514,14.4975,7,10,3,query_preference_rubric_v5,d51_query_preference_rubric_v1,ranking_target_margin,,False
входные двери Самара,https://yadoma-sam.ru/,https://samara.lemanapro.ru/catalogue/vhodnye-dveri/,strong,True,1.0,75.3,32.4,71.5489,43.8993,27.6496,7,2,-5,query_preference_rubric_v5,d51_query_preference_rubric_v1,ranking_target_margin,,False
входные двери Санкт-Петербург,https://doorsmetallic.ru/,https://spb.lemanapro.ru/catalogue/vhodnye-dveri/,strong,True,1.0,75.0,32.4,69.1273,42.233,26.8943,8,3,-5,query_preference_rubric_v5,d51_query_preference_rubric_v1,ranking_target_margin,,False
входные двери Санкт-Петербург,https://doorsmetallic.ru/,https://vhodniedveri-spb.ru/,uncertain,False,0.0,75.0,73.6,69.1273,65.4907,3.6366,8,10,2,query_preference_rubric_v5,d51_query_preference_rubric_v1,ranking_target_margin,,False
входные двери Санкт-Петербург,https://guardian-spb.ru/,https://doorsmetallic.ru/,weak,True,0.5,74.2,75.0,73.9875,69.1273,4.8602,5,8,3,query_preference_rubric_v5,d51_query_preference_rubric_v1,ranking_target_margin,,False
входные двери Санкт-Петербург,https://guardian-spb.ru/,https://spb.lemanapro.ru/catalogue/vhodnye-dveri/,strong,True,1.0,74.2,32.4,73.9875,42.233,31.7545,5,3,-2,query_preference_rubric_v5,d51_query_preference_rubric_v1,ranking_target_margin,,False
входные двери Санкт-Петербург,https://guardian-spb.ru/,https://spb.mall-of-doors.ru/catalog/dveri-v-dom/,uncertain,False,0.0,74.2,79.1,73.9875,71.0131,2.9744,5,9,4,query_preference_rubric_v5,d51_query_preference_rubric_v1,ranking_target_margin,,False
входные двери Санкт-Петербург,https://guardian-spb.ru/,https://vhodniedveri-spb.ru/,strong,True,1.0,74.2,73.6,73.9875,65.4907,8.4968,5,10,5,query_preference_rubric_v5,d51_query_preference_rubric_v1,ranking_target_margin,,False
входные двери Санкт-Петербург,https://slavnie.ru/catalog/vkhodnye_dveri/,https://doorsmetallic.ru/,weak,True,0.5,74.2,75.0,76.0108,69.1273,6.8835,4,8,4,query_preference_rubric_v5,d51_query_preference_rubric_v1,ranking_target_margin,,False
входные двери Санкт-Петербург,https://slavnie.ru/catalog/vkhodnye_dveri/,https://guardian-spb.ru/,uncertain,False,0.0,74.2,74.2,76.0108,73.9875,2.0233,4,5,1,query_preference_rubric_v5,d51_query_preference_rubric_v1,ranking_target_margin,,False
входные двери Санкт-Петербург,https://slavnie.ru/catalog/vkhodnye_dveri/,https://spb.lemanapro.ru/catalogue/vhodnye-dveri/,strong,True,1.0,74.2,32.4,76.0108,42.233,33.7778,4,3,-1,query_preference_rubric_v5,d51_query_preference_rubric_v1,ranking_target_margin,,False
входные двери Санкт-Петербург,https://slavnie.ru/catalog/vkhodnye_dveri/,https://spb.mall-of-doors.ru/catalog/dveri-v-dom/,weak,True,0.5,74.2,79.1,76.0108,71.0131,4.9977,4,9,5,query_preference_rubric_v5,d51_query_preference_rubric_v1,ranking_target_margin,,False
входные двери Санкт-Петербург,https://slavnie.ru/catalog/vkhodnye_dveri/,https://vhodniedveri-spb.ru/,strong,True,1.0,74.2,73.6,76.0108,65.4907,10.5201,4,10,6,query_preference_rubric_v5,d51_query_preference_rubric_v1,ranking_target_margin,,False
входные двери Санкт-Петербург,https://slavnie.ru/catalog/vkhodnye_dveri/,https://www.mk-doors.ru/dveri/vhodnye-dveri/,uncertain,False,0.0,74.2,75.9,76.0108,72.2,3.8108,4,7,3,query_preference_rubric_v5,d51_query_preference_rubric_v1,ranking_target_margin,,False
входные двери Санкт-Петербург,https://spb.dveri-tmk.ru/catalog/vhodnye-dveri/,https://doorsmetallic.ru/,strong,True,1.0,71.6,75.0,79.0205,69.1273,9.8932,1,8,7,query_preference_rubric_v5,d51_query_preference_rubric_v1,ranking_target_margin,,False
входные двери Санкт-Петербург,https://spb.dveri-tmk.ru/catalog/vhodnye-dveri/,https://guardian-spb.ru/,weak,True,0.5,71.6,74.2,79.0205,73.9875,5.033,1,5,4,query_preference_rubric_v5,d51_query_preference_rubric_v1,ranking_target_margin,,False
входные двери Санкт-Петербург,https://spb.dveri-tmk.ru/catalog/vhodnye-dveri/,https://slavnie.ru/catalog/vkhodnye_dveri/,uncertain,False,0.0,71.6,74.2,79.0205,76.0108,3.0097,1,4,3,query_preference_rubric_v5,d51_query_preference_rubric_v1,ranking_target_margin,,False
входные двери Санкт-Петербург,https://spb.dveri-tmk.ru/catalog/vhodnye-dveri/,https://spb.lemanapro.ru/catalogue/vhodnye-dveri/,strong,True,1.0,71.6,32.4,79.0205,42.233,36.7875,1,3,2,query_preference_rubric_v5,d51_query_preference_rubric_v1,ranking_target_margin,,False
входные двери Санкт-Петербург,https://spb.dveri-tmk.ru/catalog/vhodnye-dveri/,https://spb.mall-of-doors.ru/catalog/dveri-v-dom/,strong,True,1.0,71.6,79.1,79.0205,71.0131,8.0074,1,9,8,query_preference_rubric_v5,d51_query_preference_rubric_v1,ranking_target_margin,,False
входные двери Санкт-Петербург,https://spb.dveri-tmk.ru/catalog/vhodnye-dveri/,https://vhodniedveri-spb.ru/,strong,True,1.0,71.6,73.6,79.0205,65.4907,13.5298,1,10,9,query_preference_rubric_v5,d51_query_preference_rubric_v1,ranking_target_margin,,False
входные двери Санкт-Петербург,https://spb.dveri-tmk.ru/catalog/vhodnye-dveri/,https://www.mk-doors.ru/dveri/vhodnye-dveri/,weak,True,0.5,71.6,75.9,79.0205,72.2,6.8205,1,7,6,query_preference_rubric_v5,d51_query_preference_rubric_v1,ranking_target_margin,,False
входные двери Санкт-Петербург,https://spb.dverimagnat.ru/,https://doorsmetallic.ru/,strong,True,1.0,79.5,75.0,83.0416,69.1273,13.9143,2,8,6,query_preference_rubric_v5,d51_query_preference_rubric_v1,ranking_target_margin,,False
входные двери Санкт-Петербург,https://spb.dverimagnat.ru/,https://guardian-spb.ru/,strong,True,1.0,79.5,74.2,83.0416,73.9875,9.0541,2,5,3,query_preference_rubric_v5,d51_query_preference_rubric_v1,ranking_target_margin,,False
входные двери Санкт-Петербург,https://spb.dverimagnat.ru/,https://slavnie.ru/catalog/vkhodnye_dveri/,weak,True,0.5,79.5,74.2,83.0416,76.0108,7.0308,2,4,2,query_preference_rubric_v5,d51_query_preference_rubric_v1,ranking_target_margin,,False
входные двери Санкт-Петербург,https://spb.dverimagnat.ru/,https://spb.dveri-tmk.ru/catalog/vhodnye-dveri/,weak,True,0.5,79.5,71.6,83.0416,79.0205,4.0211,2,1,-1,query_preference_rubric_v5,d51_query_preference_rubric_v1,ranking_target_margin,,False
входные двери Санкт-Петербург,https://spb.dverimagnat.ru/,https://spb.lemanapro.ru/catalogue/vhodnye-dveri/,strong,True,1.0,79.5,32.4,83.0416,42.233,40.8086,2,3,1,query_preference_rubric_v5,d51_query_preference_rubric_v1,ranking_target_margin,,False
входные двери Санкт-Петербург,https://spb.dverimagnat.ru/,https://spb.mall-of-doors.ru/catalog/dveri-v-dom/,strong,True,1.0,79.5,79.1,83.0416,71.0131,12.0285,2,9,7,query_preference_rubric_v5,d51_query_preference_rubric_v1,ranking_target_margin,,False
входные двери Санкт-Петербург,https://spb.dverimagnat.ru/,https://vhodniedveri-spb.ru/,strong,True,1.0,79.5,73.6,83.0416,65.4907,17.5509,2,10,8,query_preference_rubric_v5,d51_query_preference_rubric_v1,ranking_target_margin,,False
входные двери Санкт-Петербург,https://spb.dverimagnat.ru/,https://www.mk-doors.ru/dveri/vhodnye-dveri/,strong,True,1.0,79.5,75.9,83.0416,72.2,10.8416,2,7,5,query_preference_rubric_v5,d51_query_preference_rubric_v1,ranking_target_margin,,False
входные двери Санкт-Петербург,https://spb.mall-of-doors.ru/catalog/dveri-v-dom/,https://spb.lemanapro.ru/catalogue/vhodnye-dveri/,strong,True,1.0,79.1,32.4,71.0131,42.233,28.7801,9,3,-6,query_preference_rubric_v5,d51_query_preference_rubric_v1,ranking_target_margin,,False
входные двери Санкт-Петербург,https://spb.mall-of-doors.ru/catalog/dveri-v-dom/,https://vhodniedveri-spb.ru/,weak,True,0.5,79.1,73.6,71.0131,65.4907,5.5224,9,10,1,query_preference_rubric_v5,d51_query_preference_rubric_v1,ranking_target_margin,,False
входные двери Санкт-Петербург,https://vhodniedveri-spb.ru/,https://spb.lemanapro.ru/catalogue/vhodnye-dveri/,strong,True,1.0,73.6,32.4,65.4907,42.233,23.2577,10,3,-7,query_preference_rubric_v5,d51_query_preference_rubric_v1,ranking_target_margin,,False
входные двери Санкт-Петербург,https://www.mk-doors.ru/dveri/vhodnye-dveri/,https://doorsmetallic.ru/,uncertain,False,0.0,75.9,75.0,72.2,69.1273,3.0727,7,8,1,query_preference_rubric_v5,d51_query_preference_rubric_v1,ranking_target_margin,,False
входные двери Санкт-Петербург,https://www.mk-doors.ru/dveri/vhodnye-dveri/,https://spb.lemanapro.ru/catalogue/vhodnye-dveri/,strong,True,1.0,75.9,32.4,72.2,42.233,29.967,7,3,-4,query_preference_rubric_v5,d51_query_preference_rubric_v1,ranking_target_margin,,False
входные двери Санкт-Петербург,https://www.mk-doors.ru/dveri/vhodnye-dveri/,https://vhodniedveri-spb.ru/,weak,True,0.5,75.9,73.6,72.2,65.4907,6.7093,7,10,3,query_preference_rubric_v5,d51_query_preference_rubric_v1,ranking_target_margin,,False
входные двери отзывы,https://gdematerial.ru/dlya-doma/top-10-luchshih-vhodnyh-dverej-rejting-2025-goda/,https://arghome.ru/blog/vhodnye-dveri-kakie-luchshe-vybrat-otzyvy-professionalov/,strong,True,1.0,78.6,26.4,81.4919,27.6788,53.8131,2,10,8,query_preference_rubric_v5,d51_query_preference_rubric_v1,ranking_target_margin,,False
входные двери отзывы,https://gdematerial.ru/dlya-doma/top-10-luchshih-vhodnyh-dverej-rejting-2025-goda/,https://homius.ru/reyting-vhodnyih-dverey-v-kvartiru-i-otzyivyi.html,strong,True,1.0,78.6,74.6,81.4919,67.2492,14.2427,2,9,7,query_preference_rubric_v5,d51_query_preference_rubric_v1,ranking_target_margin,,False
входные двери отзывы,https://gdematerial.ru/dlya-doma/top-10-luchshih-vhodnyh-dverej-rejting-2025-goda/,https://markakachestva.ru/best-brands/1217-luchshie-proizvoditeli-vhodnyh-dverey.html,strong,True,1.0,78.6,70.1,81.4919,73.1392,8.3527,2,3,1,query_preference_rubric_v5,d51_query_preference_rubric_v1,ranking_target_margin,,False
входные двери отзывы,https://gdematerial.ru/dlya-doma/top-10-luchshih-vhodnyh-dverej-rejting-2025-goda/,https://otzovik.com/home/doors_and_windows/house_front_doors/,weak,True,0.5,78.6,73.3,81.4919,75.151,6.3409,2,5,3,query_preference_rubric_v5,d51_query_preference_rubric_v1,ranking_target_margin,,False
входные двери отзывы,https://gdematerial.ru/dlya-doma/top-10-luchshih-vhodnyh-dverej-rejting-2025-goda/,https://top-expert.pro/top-10-luchshih-proizvoditelej-vhodnyh-dverej-rejting-nadezhnosti-plyusy-i-minusy/,strong,True,1.0,78.6,66.2,81.4919,61.8626,19.6293,2,8,6,query_preference_rubric_v5,d51_query_preference_rubric_v1,ranking_target_margin,,False
входные двери отзывы,https://gdematerial.ru/dlya-doma/top-10-luchshih-vhodnyh-dverej-rejting-2025-goda/,https://www.kp.ru/expert/dom/luchshie-vhodnye-dveri-v-kvartiru/,weak,True,0.5,78.6,74.6,81.4919,75.1914,6.3005,2,4,2,query_preference_rubric_v5,d51_query_preference_rubric_v1,ranking_target_margin,,False
входные двери отзывы,https://gdematerial.ru/dlya-doma/top-10-luchshih-vhodnyh-dverej-rejting-2025-goda/,https://www.ozon.ru/category/vhodnye-dveri-9747/review/,strong,True,1.0,78.6,25.6,81.4919,30.2241,51.2678,2,7,5,query_preference_rubric_v5,d51_query_preference_rubric_v1,ranking_target_margin,,False
входные двери отзывы,https://gdematerial.ru/dlya-doma/top-10-luchshih-vhodnyh-dverej-rejting-2025-goda/,https://www.vseinstrumenti.ru/category/vhodnye-metallicheskie-dveri-176310/otzyvy/,strong,True,1.0,78.6,23.1,81.4919,30.4677,51.0242,2,6,4,query_preference_rubric_v5,d51_query_preference_rubric_v1,ranking_target_margin,,False
входные двери отзывы,https://homius.ru/reyting-vhodnyih-dverey-v-kvartiru-i-otzyivyi.html,https://arghome.ru/blog/vhodnye-dveri-kakie-luchshe-vybrat-otzyvy-professionalov/,strong,True,1.0,74.6,26.4,67.2492,27.6788,39.5704,9,10,1,query_preference_rubric_v5,d51_query_preference_rubric_v1,ranking_target_margin,,False
входные двери отзывы,https://homius.ru/reyting-vhodnyih-dverey-v-kvartiru-i-otzyivyi.html,https://top-expert.pro/top-10-luchshih-proizvoditelej-vhodnyh-dverej-rejting-nadezhnosti-plyusy-i-minusy/,weak,True,0.5,74.6,66.2,67.2492,61.8626,5.3866,9,8,-1,query_preference_rubric_v5,d51_query_preference_rubric_v1,ranking_target_margin,,False
входные двери отзывы,https://homius.ru/reyting-vhodnyih-dverey-v-kvartiru-i-otzyivyi.html,https://www.ozon.ru/category/vhodnye-dveri-9747/review/,strong,True,1.0,74.6,25.6,67.2492,30.2241,37.0251,9,7,-2,query_preference_rubric_v5,d51_query_preference_rubric_v1,ranking_target_margin,,False
входные двери отзывы,https://homius.ru/reyting-vhodnyih-dverey-v-kvartiru-i-otzyivyi.html,https://www.vseinstrumenti.ru/category/vhodnye-metallicheskie-dveri-176310/otzyvy/,strong,True,1.0,74.6,23.1,67.2492,30.4677,36.7815,9,6,-3,query_preference_rubric_v5,d51_query_preference_rubric_v1,ranking_target_margin,,False
входные двери отзывы,https://irecommend.ru/catalog/list/9986-149512,https://arghome.ru/blog/vhodnye-dveri-kakie-luchshe-vybrat-otzyvy-professionalov/,strong,True,1.0,73.0,26.4,81.1742,27.6788,53.4954,1,10,9,query_preference_rubric_v5,d51_query_preference_rubric_v1,ranking_target_margin,,False
входные двери отзывы,https://irecommend.ru/catalog/list/9986-149512,https://homius.ru/reyting-vhodnyih-dverey-v-kvartiru-i-otzyivyi.html,strong,True,1.0,73.0,74.6,81.1742,67.2492,13.925,1,9,8,query_preference_rubric_v5,d51_query_preference_rubric_v1,ranking_target_margin,,False
входные двери отзывы,https://irecommend.ru/catalog/list/9986-149512,https://markakachestva.ru/best-brands/1217-luchshie-proizvoditeli-vhodnyh-dverey.html,strong,True,1.0,73.0,70.1,81.1742,73.1392,8.035,1,3,2,query_preference_rubric_v5,d51_query_preference_rubric_v1,ranking_target_margin,,False
входные двери отзывы,https://irecommend.ru/catalog/list/9986-149512,https://otzovik.com/home/doors_and_windows/house_front_doors/,weak,True,0.5,73.0,73.3,81.1742,75.151,6.0232,1,5,4,query_preference_rubric_v5,d51_query_preference_rubric_v1,ranking_target_margin,,False
входные двери отзывы,https://irecommend.ru/catalog/list/9986-149512,https://top-expert.pro/top-10-luchshih-proizvoditelej-vhodnyh-dverej-rejting-nadezhnosti-plyusy-i-minusy/,strong,True,1.0,73.0,66.2,81.1742,61.8626,19.3116,1,8,7,query_preference_rubric_v5,d51_query_preference_rubric_v1,ranking_target_margin,,False
входные двери отзывы,https://irecommend.ru/catalog/list/9986-149512,https://www.kp.ru/expert/dom/luchshie-vhodnye-dveri-v-kvartiru/,weak,True,0.5,73.0,74.6,81.1742,75.1914,5.9828,1,4,3,query_preference_rubric_v5,d51_query_preference_rubric_v1,ranking_target_margin,,False
входные двери отзывы,https://irecommend.ru/catalog/list/9986-149512,https://www.ozon.ru/category/vhodnye-dveri-9747/review/,strong,True,1.0,73.0,25.6,81.1742,30.2241,50.9501,1,7,6,query_preference_rubric_v5,d51_query_preference_rubric_v1,ranking_target_margin,,False
входные двери отзывы,https://irecommend.ru/catalog/list/9986-149512,https://www.vseinstrumenti.ru/category/vhodnye-metallicheskie-dveri-176310/otzyvy/,strong,True,1.0,73.0,23.1,81.1742,30.4677,50.7065,1,6,5,query_preference_rubric_v5,d51_query_preference_rubric_v1,ranking_target_margin,,False
входные двери отзывы,https://markakachestva.ru/best-brands/1217-luchshie-proizvoditeli-vhodnyh-dverey.html,https://arghome.ru/blog/vhodnye-dveri-kakie-luchshe-vybrat-otzyvy-professionalov/,strong,True,1.0,70.1,26.4,73.1392,27.6788,45.4604,3,10,7,query_preference_rubric_v5,d51_query_preference_rubric_v1,ranking_target_margin,,False
входные двери отзывы,https://markakachestva.ru/best-brands/1217-luchshie-proizvoditeli-vhodnyh-dverey.html,https://homius.ru/reyting-vhodnyih-dverey-v-kvartiru-i-otzyivyi.html,weak,True,0.5,70.1,74.6,73.1392,67.2492,5.89,3,9,6,query_preference_rubric_v5,d51_query_preference_rubric_v1,ranking_target_margin,,False
входные двери отзывы,https://markakachestva.ru/best-brands/1217-luchshie-proizvoditeli-vhodnyh-dverey.html,https://top-expert.pro/top-10-luchshih-proizvoditelej-vhodnyh-dverej-rejting-nadezhnosti-plyusy-i-minusy/,strong,True,1.0,70.1,66.2,73.1392,61.8626,11.2766,3,8,5,query_preference_rubric_v5,d51_query_preference_rubric_v1,ranking_target_margin,,False
входные двери отзывы,https://markakachestva.ru/best-brands/1217-luchshie-proizvoditeli-vhodnyh-dverey.html,https://www.ozon.ru/category/vhodnye-dveri-9747/review/,strong,True,1.0,70.1,25.6,73.1392,30.2241,42.9151,3,7,4,query_preference_rubric_v5,d51_query_preference_rubric_v1,ranking_target_margin,,False
входные двери отзывы,https://markakachestva.ru/best-brands/1217-luchshie-proizvoditeli-vhodnyh-dverey.html,https://www.vseinstrumenti.ru/category/vhodnye-metallicheskie-dveri-176310/otzyvy/,strong,True,1.0,70.1,23.1,73.1392,30.4677,42.6715,3,6,3,query_preference_rubric_v5,d51_query_preference_rubric_v1,ranking_target_margin,,False
входные двери отзывы,https://otzovik.com/home/doors_and_windows/house_front_doors/,https://arghome.ru/blog/vhodnye-dveri-kakie-luchshe-vybrat-otzyvy-professionalov/,strong,True,1.0,73.3,26.4,75.151,27.6788,47.4722,5,10,5,query_preference_rubric_v5,d51_query_preference_rubric_v1,ranking_target_margin,,False
входные двери отзывы,https://otzovik.com/home/doors_and_windows/house_front_doors/,https://homius.ru/reyting-vhodnyih-dverey-v-kvartiru-i-otzyivyi.html,weak,True,0.5,73.3,74.6,75.151,67.2492,7.9018,5,9,4,query_preference_rubric_v5,d51_query_preference_rubric_v1,ranking_target_margin,,False
входные двери отзывы,https://otzovik.com/home/doors_and_windows/house_front_doors/,https://markakachestva.ru/best-brands/1217-luchshie-proizvoditeli-vhodnyh-dverey.html,uncertain,False,0.0,73.3,70.1,75.151,73.1392,2.0118,5,3,-2,query_preference_rubric_v5,d51_query_preference_rubric_v1,ranking_target_margin,,False
входные двери отзывы,https://otzovik.com/home/doors_and_windows/house_front_doors/,https://top-expert.pro/top-10-luchshih-proizvoditelej-vhodnyh-dverej-rejting-nadezhnosti-plyusy-i-minusy/,strong,True,1.0,73.3,66.2,75.151,61.8626,13.2884,5,8,3,query_preference_rubric_v5,d51_query_preference_rubric_v1,ranking_target_margin,,False
входные двери отзывы,https://otzovik.com/home/doors_and_windows/house_front_doors/,https://www.ozon.ru/category/vhodnye-dveri-9747/review/,strong,True,1.0,73.3,25.6,75.151,30.2241,44.9269,5,7,2,query_preference_rubric_v5,d51_query_preference_rubric_v1,ranking_target_margin,,False
входные двери отзывы,https://otzovik.com/home/doors_and_windows/house_front_doors/,https://www.vseinstrumenti.ru/category/vhodnye-metallicheskie-dveri-176310/otzyvy/,strong,True,1.0,73.3,23.1,75.151,30.4677,44.6833,5,6,1,query_preference_rubric_v5,d51_query_preference_rubric_v1,ranking_target_margin,,False
входные двери отзывы,https://top-expert.pro/top-10-luchshih-proizvoditelej-vhodnyh-dverej-rejting-nadezhnosti-plyusy-i-minusy/,https://arghome.ru/blog/vhodnye-dveri-kakie-luchshe-vybrat-otzyvy-professionalov/,strong,True,1.0,66.2,26.4,61.8626,27.6788,34.1838,8,10,2,query_preference_rubric_v5,d51_query_preference_rubric_v1,ranking_target_margin,,False
входные двери отзывы,https://top-expert.pro/top-10-luchshih-proizvoditelej-vhodnyh-dverej-rejting-nadezhnosti-plyusy-i-minusy/,https://www.ozon.ru/category/vhodnye-dveri-9747/review/,strong,True,1.0,66.2,25.6,61.8626,30.2241,31.6385,8,7,-1,query_preference_rubric_v5,d51_query_preference_rubric_v1,ranking_target_margin,,False
входные двери отзывы,https://top-expert.pro/top-10-luchshih-proizvoditelej-vhodnyh-dverej-rejting-nadezhnosti-plyusy-i-minusy/,https://www.vseinstrumenti.ru/category/vhodnye-metallicheskie-dveri-176310/otzyvy/,strong,True,1.0,66.2,23.1,61.8626,30.4677,31.3949,8,6,-2,query_preference_rubric_v5,d51_query_preference_rubric_v1,ranking_target_margin,,False
входные двери отзывы,https://www.kp.ru/expert/dom/luchshie-vhodnye-dveri-v-kvartiru/,https://arghome.ru/blog/vhodnye-dveri-kakie-luchshe-vybrat-otzyvy-professionalov/,strong,True,1.0,74.6,26.4,75.1914,27.6788,47.5126,4,10,6,query_preference_rubric_v5,d51_query_preference_rubric_v1,ranking_target_margin,,False
входные двери отзывы,https://www.kp.ru/expert/dom/luchshie-vhodnye-dveri-v-kvartiru/,https://homius.ru/reyting-vhodnyih-dverey-v-kvartiru-i-otzyivyi.html,weak,True,0.5,74.6,74.6,75.1914,67.2492,7.9422,4,9,5,query_preference_rubric_v5,d51_query_preference_rubric_v1,ranking_target_margin,,False
входные двери отзывы,https://www.kp.ru/expert/dom/luchshie-vhodnye-dveri-v-kvartiru/,https://markakachestva.ru/best-brands/1217-luchshie-proizvoditeli-vhodnyh-dverey.html,uncertain,False,0.0,74.6,70.1,75.1914,73.1392,2.0522,4,3,-1,query_preference_rubric_v5,d51_query_preference_rubric_v1,ranking_target_margin,,False
входные двери отзывы,https://www.kp.ru/expert/dom/luchshie-vhodnye-dveri-v-kvartiru/,https://top-expert.pro/top-10-luchshih-proizvoditelej-vhodnyh-dverej-rejting-nadezhnosti-plyusy-i-minusy/,strong,True,1.0,74.6,66.2,75.1914,61.8626,13.3288,4,8,4,query_preference_rubric_v5,d51_query_preference_rubric_v1,ranking_target_margin,,False
входные двери отзывы,https://www.kp.ru/expert/dom/luchshie-vhodnye-dveri-v-kvartiru/,https://www.ozon.ru/category/vhodnye-dveri-9747/review/,strong,True,1.0,74.6,25.6,75.1914,30.2241,44.9673,4,7,3,query_preference_rubric_v5,d51_query_preference_rubric_v1,ranking_target_margin,,False
входные двери отзывы,https://www.kp.ru/expert/dom/luchshie-vhodnye-dveri-v-kvartiru/,https://www.vseinstrumenti.ru/category/vhodnye-metallicheskie-dveri-176310/otzyvy/,strong,True,1.0,74.6,23.1,75.1914,30.4677,44.7237,4,6,2,query_preference_rubric_v5,d51_query_preference_rubric_v1,ranking_target_margin,,False
входные двери отзывы,https://www.ozon.ru/category/vhodnye-dveri-9747/review/,https://arghome.ru/blog/vhodnye-dveri-kakie-luchshe-vybrat-otzyvy-professionalov/,uncertain,False,0.0,25.6,26.4,30.2241,27.6788,2.5453,7,10,3,query_preference_rubric_v5,d51_query_preference_rubric_v1,ranking_target_margin,,False
входные двери отзывы,https://www.vseinstrumenti.ru/category/vhodnye-metallicheskie-dveri-176310/otzyvy/,https://arghome.ru/blog/vhodnye-dveri-kakie-luchshe-vybrat-otzyvy-professionalov/,uncertain,False,0.0,23.1,26.4,30.4677,27.6788,2.7889,6,10,4,query_preference_rubric_v5,d51_query_preference_rubric_v1,ranking_target_margin,,False
входные двери цена Екатеринбург,https://dverhome.ru/,https://ekat.steklodom.com/catalog/vhodnye-dveri/,uncertain,False,0.0,76.7,66.8,73.0325,70.2878,2.7447,6,4,-2,query_preference_rubric_v5,d51_query_preference_rubric_v1,ranking_target_margin,,False
входные двери цена Екатеринбург,https://dverhome.ru/,https://ekaterenburg.estetdveri.ru/catalog/vkhodnye-dveri/,weak,True,0.5,76.7,76.5,73.0325,68.8918,4.1407,6,9,3,query_preference_rubric_v5,d51_query_preference_rubric_v1,ranking_target_margin,,False
входные двери цена Екатеринбург,https://dverhome.ru/,https://ekaterinburg.dverimagnat.ru/kvartirnye-dveri/,weak,True,0.5,76.7,75.2,73.0325,66.6724,6.3601,6,10,4,query_preference_rubric_v5,d51_query_preference_rubric_v1,ranking_target_margin,,False
входные двери цена Екатеринбург,https://dverhome.ru/,https://ekaterinburg.lemanapro.ru/catalogue/vhodnye-dveri/,strong,True,1.0,76.7,26.8,73.0325,35.1872,37.8453,6,5,-1,query_preference_rubric_v5,d51_query_preference_rubric_v1,ranking_target_margin,,False
входные двери цена Екатеринбург,https://dvernoyekb.ru/catalog/vhodnye-dveri,https://ekat.steklodom.com/catalog/vhodnye-dveri/,uncertain,False,0.0,76.9,66.8,72.528,70.2878,2.2402,7,4,-3,query_preference_rubric_v5,d51_query_preference_rubric_v1,ranking_target_margin,,False
входные двери цена Екатеринбург,https://dvernoyekb.ru/catalog/vhodnye-dveri,https://ekaterenburg.estetdveri.ru/catalog/vkhodnye-dveri/,uncertain,False,0.0,76.9,76.5,72.528,68.8918,3.6362,7,9,2,query_preference_rubric_v5,d51_query_preference_rubric_v1,ranking_target_margin,,False
входные двери цена Екатеринбург,https://dvernoyekb.ru/catalog/vhodnye-dveri,https://ekaterinburg.dverimagnat.ru/kvartirnye-dveri/,weak,True,0.5,76.9,75.2,72.528,66.6724,5.8556,7,10,3,query_preference_rubric_v5,d51_query_preference_rubric_v1,ranking_target_margin,,False
входные двери цена Екатеринбург,https://dvernoyekb.ru/catalog/vhodnye-dveri,https://ekaterinburg.lemanapro.ru/catalogue/vhodnye-dveri/,strong,True,1.0,76.9,26.8,72.528,35.1872,37.3408,7,5,-2,query_preference_rubric_v5,d51_query_preference_rubric_v1,ranking_target_margin,,False
входные двери цена Екатеринбург,https://dveron.ru/vhodnye-dveri,https://dverhome.ru/,weak,True,0.5,73.6,76.7,79.2287,73.0325,6.1962,2,6,4,query_preference_rubric_v5,d51_query_preference_rubric_v1,ranking_target_margin,,False
входные двери цена Екатеринбург,https://dveron.ru/vhodnye-dveri,https://dvernoyekb.ru/catalog/vhodnye-dveri,weak,True,0.5,73.6,76.9,79.2287,72.528,6.7007,2,7,5,query_preference_rubric_v5,d51_query_preference_rubric_v1,ranking_target_margin,,False
входные двери цена Екатеринбург,https://dveron.ru/vhodnye-dveri,https://ekat.steklodom.com/catalog/vhodnye-dveri/,strong,True,1.0,73.6,66.8,79.2287,70.2878,8.9409,2,4,2,query_preference_rubric_v5,d51_query_preference_rubric_v1,ranking_target_margin,,False
входные двери цена Екатеринбург,https://dveron.ru/vhodnye-dveri,https://ekaterenburg.estetdveri.ru/catalog/vkhodnye-dveri/,strong,True,1.0,73.6,76.5,79.2287,68.8918,10.3369,2,9,7,query_preference_rubric_v5,d51_query_preference_rubric_v1,ranking_target_margin,,False
входные двери цена Екатеринбург,https://dveron.ru/vhodnye-dveri,https://ekaterinburg.dverimagnat.ru/kvartirnye-dveri/,strong,True,1.0,73.6,75.2,79.2287,66.6724,12.5563,2,10,8,query_preference_rubric_v5,d51_query_preference_rubric_v1,ranking_target_margin,,False
входные двери цена Екатеринбург,https://dveron.ru/vhodnye-dveri,https://ekaterinburg.gigant-dveri.ru/,weak,True,0.5,73.6,69.7,79.2287,73.6066,5.6221,2,3,1,query_preference_rubric_v5,d51_query_preference_rubric_v1,ranking_target_margin,,False
входные двери цена Екатеринбург,https://dveron.ru/vhodnye-dveri,https://ekaterinburg.lemanapro.ru/catalogue/vhodnye-dveri/,strong,True,1.0,73.6,26.8,79.2287,35.1872,44.0415,2,5,3,query_preference_rubric_v5,d51_query_preference_rubric_v1,ranking_target_margin,,False
входные двери цена Екатеринбург,https://dveron.ru/vhodnye-dveri,https://ekaterinburg.mall-of-doors.ru/,weak,True,0.5,73.6,78.0,79.2287,71.5266,7.7021,2,8,6,query_preference_rubric_v5,d51_query_preference_rubric_v1,ranking_target_margin,,False
входные двери цена Екатеринбург,https://ekat.steklodom.com/catalog/vhodnye-dveri/,https://ekaterinburg.dverimagnat.ru/kvartirnye-dveri/,uncertain,False,0.0,66.8,75.2,70.2878,66.6724,3.6154,4,10,6,query_preference_rubric_v5,d51_query_preference_rubric_v1,ranking_target_margin,,False
входные двери цена Екатеринбург,https://ekat.steklodom.com/catalog/vhodnye-dveri/,https://ekaterinburg.lemanapro.ru/catalogue/vhodnye-dveri/,strong,True,1.0,66.8,26.8,70.2878,35.1872,35.1006,4,5,1,query_preference_rubric_v5,d51_query_preference_rubric_v1,ranking_target_margin,,False
входные двери цена Екатеринбург,https://ekaterenburg.estetdveri.ru/catalog/vkhodnye-dveri/,https://ekaterinburg.dverimagnat.ru/kvartirnye-dveri/,uncertain,False,0.0,76.5,75.2,68.8918,66.6724,2.2194,9,10,1,query_preference_rubric_v5,d51_query_preference_rubric_v1,ranking_target_margin,,False
входные двери цена Екатеринбург,https://ekaterenburg.estetdveri.ru/catalog/vkhodnye-dveri/,https://ekaterinburg.lemanapro.ru/catalogue/vhodnye-dveri/,strong,True,1.0,76.5,26.8,68.8918,35.1872,33.7046,9,5,-4,query_preference_rubric_v5,d51_query_preference_rubric_v1,ranking_target_margin,,False
входные двери цена Екатеринбург,https://ekaterinburg.dverimagnat.ru/kvartirnye-dveri/,https://ekaterinburg.lemanapro.ru/catalogue/vhodnye-dveri/,strong,True,1.0,75.2,26.8,66.6724,35.1872,31.4852,10,5,-5,query_preference_rubric_v5,d51_query_preference_rubric_v1,ranking_target_margin,,False
входные двери цена Екатеринбург,https://ekaterinburg.gigant-dveri.ru/,https://ekat.steklodom.com/catalog/vhodnye-dveri/,uncertain,False,0.0,69.7,66.8,73.6066,70.2878,3.3188,3,4,1,query_preference_rubric_v5,d51_query_preference_rubric_v1,ranking_target_margin,,False
входные двери цена Екатеринбург,https://ekaterinburg.gigant-dveri.ru/,https://ekaterenburg.estetdveri.ru/catalog/vkhodnye-dveri/,weak,True,0.5,69.7,76.5,73.6066,68.8918,4.7148,3,9,6,query_preference_rubric_v5,d51_query_preference_rubric_v1,ranking_target_margin,,False
входные двери цена Екатеринбург,https://ekaterinburg.gigant-dveri.ru/,https://ekaterinburg.dverimagnat.ru/kvartirnye-dveri/,weak,True,0.5,69.7,75.2,73.6066,66.6724,6.9342,3,10,7,query_preference_rubric_v5,d51_query_preference_rubric_v1,ranking_target_margin,,False
входные двери цена Екатеринбург,https://ekaterinburg.gigant-dveri.ru/,https://ekaterinburg.lemanapro.ru/catalogue/vhodnye-dveri/,strong,True,1.0,69.7,26.8,73.6066,35.1872,38.4194,3,5,2,query_preference_rubric_v5,d51_query_preference_rubric_v1,ranking_target_margin,,False
входные двери цена Екатеринбург,https://ekaterinburg.gigant-dveri.ru/,https://ekaterinburg.mall-of-doors.ru/,uncertain,False,0.0,69.7,78.0,73.6066,71.5266,2.08,3,8,5,query_preference_rubric_v5,d51_query_preference_rubric_v1,ranking_target_margin,,False
входные двери цена Екатеринбург,https://ekaterinburg.mall-of-doors.ru/,https://ekaterenburg.estetdveri.ru/catalog/vkhodnye-dveri/,uncertain,False,0.0,78.0,76.5,71.5266,68.8918,2.6348,8,9,1,query_preference_rubric_v5,d51_query_preference_rubric_v1,ranking_target_margin,,False
входные двери цена Екатеринбург,https://ekaterinburg.mall-of-doors.ru/,https://ekaterinburg.dverimagnat.ru/kvartirnye-dveri/,weak,True,0.5,78.0,75.2,71.5266,66.6724,4.8542,8,10,2,query_preference_rubric_v5,d51_query_preference_rubric_v1,ranking_target_margin,,False
входные двери цена Екатеринбург,https://ekaterinburg.mall-of-doors.ru/,https://ekaterinburg.lemanapro.ru/catalogue/vhodnye-dveri/,strong,True,1.0,78.0,26.8,71.5266,35.1872,36.3394,8,5,-3,query_preference_rubric_v5,d51_query_preference_rubric_v1,ranking_target_margin,,False
входные двери цена Екатеринбург,https://ekb.rusdver.net/,https://dverhome.ru/,strong,True,1.0,78.0,76.7,82.8542,73.0325,9.8217,1,6,5,query_preference_rubric_v5,d51_query_preference_rubric_v1,ranking_target_margin,,False
входные двери цена Екатеринбург,https://ekb.rusdver.net/,https://dvernoyekb.ru/catalog/vhodnye-dveri,strong,True,1.0,78.0,76.9,82.8542,72.528,10.3262,1,7,6,query_preference_rubric_v5,d51_query_preference_rubric_v1,ranking_target_margin,,False
входные двери цена Екатеринбург,https://ekb.rusdver.net/,https://dveron.ru/vhodnye-dveri,uncertain,False,0.0,78.0,73.6,82.8542,79.2287,3.6255,1,2,1,query_preference_rubric_v5,d51_query_preference_rubric_v1,ranking_target_margin,,False
входные двери цена Екатеринбург,https://ekb.rusdver.net/,https://ekat.steklodom.com/catalog/vhodnye-dveri/,strong,True,1.0,78.0,66.8,82.8542,70.2878,12.5664,1,4,3,query_preference_rubric_v5,d51_query_preference_rubric_v1,ranking_target_margin,,False
входные двери цена Екатеринбург,https://ekb.rusdver.net/,https://ekaterenburg.estetdveri.ru/catalog/vkhodnye-dveri/,strong,True,1.0,78.0,76.5,82.8542,68.8918,13.9624,1,9,8,query_preference_rubric_v5,d51_query_preference_rubric_v1,ranking_target_margin,,False
входные двери цена Екатеринбург,https://ekb.rusdver.net/,https://ekaterinburg.dverimagnat.ru/kvartirnye-dveri/,strong,True,1.0,78.0,75.2,82.8542,66.6724,16.1818,1,10,9,query_preference_rubric_v5,d51_query_preference_rubric_v1,ranking_target_margin,,False
входные двери цена Екатеринбург,https://ekb.rusdver.net/,https://ekaterinburg.gigant-dveri.ru/,strong,True,1.0,78.0,69.7,82.8542,73.6066,9.2476,1,3,2,query_preference_rubric_v5,d51_query_preference_rubric_v1,ranking_target_margin,,False
входные двери цена Екатеринбург,https://ekb.rusdver.net/,https://ekaterinburg.lemanapro.ru/catalogue/vhodnye-dveri/,strong,True,1.0,78.0,26.8,82.8542,35.1872,47.667,1,5,4,query_preference_rubric_v5,d51_query_preference_rubric_v1,ranking_target_margin,,False
входные двери цена Екатеринбург,https://ekb.rusdver.net/,https://ekaterinburg.mall-of-doors.ru/,strong,True,1.0,78.0,78.0,82.8542,71.5266,11.3276,1,8,7,query_preference_rubric_v5,d51_query_preference_rubric_v1,ranking_target_margin,,False
входные двери цена Казань,https://kazan.ds-doors.ru/catalog/vhodnye-dveri/,https://kazan.lemanapro.ru/catalogue/vhodnye-dveri/,strong,True,1.0,69.9,27.6,63.5695,40.8519,22.7176,9,2,-7,query_preference_rubric_v5,d51_query_preference_rubric_v1,ranking_target_margin,,False
входные двери цена Казань,https://kazan.ds-doors.ru/catalog/vhodnye-dveri/,https://kazan.megastroy.com/catalog/dveri-vhodnye,strong,True,1.0,69.9,27.5,63.5695,33.9985,29.571,9,6,-3,query_preference_rubric_v5,d51_query_preference_rubric_v1,ranking_target_margin,,False
входные двери цена Казань,https://kazan.ds-doors.ru/catalog/vhodnye-dveri/,https://mirdverey-kazan.ru/,strong,True,1.0,69.9,25.3,63.5695,37.4229,26.1466,9,4,-5,query_preference_rubric_v5,d51_query_preference_rubric_v1,ranking_target_margin,,False
входные двери цена Казань,https://kazan.dveri-ideal.ru/vxodnyie-dveri/,https://kazan.lemanapro.ru/catalogue/vhodnye-dveri/,strong,True,1.0,69.0,27.6,64.8819,40.8519,24.03,8,2,-6,query_preference_rubric_v5,d51_query_preference_rubric_v1,ranking_target_margin,,False
входные двери цена Казань,https://kazan.dveri-ideal.ru/vxodnyie-dveri/,https://kazan.megastroy.com/catalog/dveri-vhodnye,strong,True,1.0,69.0,27.5,64.8819,33.9985,30.8834,8,6,-2,query_preference_rubric_v5,d51_query_preference_rubric_v1,ranking_target_margin,,False
входные двери цена Казань,https://kazan.dveri-ideal.ru/vxodnyie-dveri/,https://mirdverey-kazan.ru/,strong,True,1.0,69.0,25.3,64.8819,37.4229,27.459,8,4,-4,query_preference_rubric_v5,d51_query_preference_rubric_v1,ranking_target_margin,,False
входные двери цена Казань,https://kazan.dverimagnat.ru/,https://kazan.ds-doors.ru/catalog/vhodnye-dveri/,strong,True,1.0,81.0,69.9,85.8102,63.5695,22.2407,1,9,8,query_preference_rubric_v5,d51_query_preference_rubric_v1,ranking_target_margin,,False
входные двери цена Казань,https://kazan.dverimagnat.ru/,https://kazan.dveri-ideal.ru/vxodnyie-dveri/,strong,True,1.0,81.0,69.0,85.8102,64.8819,20.9283,1,8,7,query_preference_rubric_v5,d51_query_preference_rubric_v1,ranking_target_margin,,False
входные двери цена Казань,https://kazan.dverimagnat.ru/,https://kazan.lemanapro.ru/catalogue/vhodnye-dveri/,strong,True,1.0,81.0,27.6,85.8102,40.8519,44.9583,1,2,1,query_preference_rubric_v5,d51_query_preference_rubric_v1,ranking_target_margin,,False
входные двери цена Казань,https://kazan.dverimagnat.ru/,https://kazan.megastroy.com/catalog/dveri-vhodnye,strong,True,1.0,81.0,27.5,85.8102,33.9985,51.8117,1,6,5,query_preference_rubric_v5,d51_query_preference_rubric_v1,ranking_target_margin,,False
входные двери цена Казань,https://kazan.dverimagnat.ru/,https://kazan.mosdveri.ru/,weak,True,0.5,81.0,77.1,85.8102,79.3793,6.4309,1,3,2,query_preference_rubric_v5,d51_query_preference_rubric_v1,ranking_target_margin,,False
входные двери цена Казань,https://kazan.dverimagnat.ru/,https://kzn.rusdver.net/doors/,strong,True,1.0,81.0,74.1,85.8102,70.023,15.7872,1,7,6,query_preference_rubric_v5,d51_query_preference_rubric_v1,ranking_target_margin,,False
входные двери цена Казань,https://kazan.dverimagnat.ru/,https://mirdverey-kazan.ru/,strong,True,1.0,81.0,25.3,85.8102,37.4229,48.3873,1,4,3,query_preference_rubric_v5,d51_query_preference_rubric_v1,ranking_target_margin,,False
входные двери цена Казань,https://kazan.dverimagnat.ru/,https://sk-doors.ru/,strong,True,1.0,81.0,71.1,85.8102,62.8961,22.9141,1,10,9,query_preference_rubric_v5,d51_query_preference_rubric_v1,ranking_target_margin,,False
входные двери цена Казань,https://kazan.dverimagnat.ru/,https://vhodnye-dveri-kazan.ru/,strong,True,1.0,81.0,66.1,85.8102,67.0131,18.7971,1,5,4,query_preference_rubric_v5,d51_query_preference_rubric_v1,ranking_target_margin,,False
входные двери цена Казань,https://kazan.lemanapro.ru/catalogue/vhodnye-dveri/,https://kazan.megastroy.com/catalog/dveri-vhodnye,weak,True,0.5,27.6,27.5,40.8519,33.9985,6.8534,2,6,4,query_preference_rubric_v5,d51_query_preference_rubric_v1,ranking_target_margin,,False
входные двери цена Казань,https://kazan.lemanapro.ru/catalogue/vhodnye-dveri/,https://mirdverey-kazan.ru/,uncertain,False,0.0,27.6,25.3,40.8519,37.4229,3.429,2,4,2,query_preference_rubric_v5,d51_query_preference_rubric_v1,ranking_target_margin,,False
входные двери цена Казань,https://kazan.mosdveri.ru/,https://kazan.ds-doors.ru/catalog/vhodnye-dveri/,strong,True,1.0,77.1,69.9,79.3793,63.5695,15.8098,3,9,6,query_preference_rubric_v5,d51_query_preference_rubric_v1,ranking_target_margin,,False
входные двери цена Казань,https://kazan.mosdveri.ru/,https://kazan.dveri-ideal.ru/vxodnyie-dveri/,strong,True,1.0,77.1,69.0,79.3793,64.8819,14.4974,3,8,5,query_preference_rubric_v5,d51_query_preference_rubric_v1,ranking_target_margin,,False
входные двери цена Казань,https://kazan.mosdveri.ru/,https://kazan.lemanapro.ru/catalogue/vhodnye-dveri/,strong,True,1.0,77.1,27.6,79.3793,40.8519,38.5274,3,2,-1,query_preference_rubric_v5,d51_query_preference_rubric_v1,ranking_target_margin,,False
входные двери цена Казань,https://kazan.mosdveri.ru/,https://kazan.megastroy.com/catalog/dveri-vhodnye,strong,True,1.0,77.1,27.5,79.3793,33.9985,45.3808,3,6,3,query_preference_rubric_v5,d51_query_preference_rubric_v1,ranking_target_margin,,False
входные двери цена Казань,https://kazan.mosdveri.ru/,https://kzn.rusdver.net/doors/,strong,True,1.0,77.1,74.1,79.3793,70.023,9.3563,3,7,4,query_preference_rubric_v5,d51_query_preference_rubric_v1,ranking_target_margin,,False
входные двери цена Казань,https://kazan.mosdveri.ru/,https://mirdverey-kazan.ru/,strong,True,1.0,77.1,25.3,79.3793,37.4229,41.9564,3,4,1,query_preference_rubric_v5,d51_query_preference_rubric_v1,ranking_target_margin,,False
входные двери цена Казань,https://kazan.mosdveri.ru/,https://sk-doors.ru/,strong,True,1.0,77.1,71.1,79.3793,62.8961,16.4832,3,10,7,query_preference_rubric_v5,d51_query_preference_rubric_v1,ranking_target_margin,,False
входные двери цена Казань,https://kazan.mosdveri.ru/,https://vhodnye-dveri-kazan.ru/,strong,True,1.0,77.1,66.1,79.3793,67.0131,12.3662,3,5,2,query_preference_rubric_v5,d51_query_preference_rubric_v1,ranking_target_margin,,False
входные двери цена Казань,https://kzn.rusdver.net/doors/,https://kazan.ds-doors.ru/catalog/vhodnye-dveri/,weak,True,0.5,74.1,69.9,70.023,63.5695,6.4535,7,9,2,query_preference_rubric_v5,d51_query_preference_rubric_v1,ranking_target_margin,,False
входные двери цена Казань,https://kzn.rusdver.net/doors/,https://kazan.dveri-ideal.ru/vxodnyie-dveri/,weak,True,0.5,74.1,69.0,70.023,64.8819,5.1411,7,8,1,query_preference_rubric_v5,d51_query_preference_rubric_v1,ranking_target_margin,,False
входные двери цена Казань,https://kzn.rusdver.net/doors/,https://kazan.lemanapro.ru/catalogue/vhodnye-dveri/,strong,True,1.0,74.1,27.6,70.023,40.8519,29.1711,7,2,-5,query_preference_rubric_v5,d51_query_preference_rubric_v1,ranking_target_margin,,False
входные двери цена Казань,https://kzn.rusdver.net/doors/,https://kazan.megastroy.com/catalog/dveri-vhodnye,strong,True,1.0,74.1,27.5,70.023,33.9985,36.0245,7,6,-1,query_preference_rubric_v5,d51_query_preference_rubric_v1,ranking_target_margin,,False
входные двери цена Казань,https://kzn.rusdver.net/doors/,https://mirdverey-kazan.ru/,strong,True,1.0,74.1,25.3,70.023,37.4229,32.6001,7,4,-3,query_preference_rubric_v5,d51_query_preference_rubric_v1,ranking_target_margin,,False
входные двери цена Казань,https://kzn.rusdver.net/doors/,https://sk-doors.ru/,weak,True,0.5,74.1,71.1,70.023,62.8961,7.1269,7,10,3,query_preference_rubric_v5,d51_query_preference_rubric_v1,ranking_target_margin,,False
входные двери цена Казань,https://kzn.rusdver.net/doors/,https://vhodnye-dveri-kazan.ru/,uncertain,False,0.0,74.1,66.1,70.023,67.0131,3.0099,7,5,-2,query_preference_rubric_v5,d51_query_preference_rubric_v1,ranking_target_margin,,False
входные двери цена Казань,https://mirdverey-kazan.ru/,https://kazan.megastroy.com/catalog/dveri-vhodnye,uncertain,False,0.0,25.3,27.5,37.4229,33.9985,3.4244,4,6,2,query_preference_rubric_v5,d51_query_preference_rubric_v1,ranking_target_margin,,False
входные двери цена Казань,https://sk-doors.ru/,https://kazan.lemanapro.ru/catalogue/vhodnye-dveri/,strong,True,1.0,71.1,27.6,62.8961,40.8519,22.0442,10,2,-8,query_preference_rubric_v5,d51_query_preference_rubric_v1,ranking_target_margin,,False
входные двери цена Казань,https://sk-doors.ru/,https://kazan.megastroy.com/catalog/dveri-vhodnye,strong,True,1.0,71.1,27.5,62.8961,33.9985,28.8976,10,6,-4,query_preference_rubric_v5,d51_query_preference_rubric_v1,ranking_target_margin,,False
входные двери цена Казань,https://sk-doors.ru/,https://mirdverey-kazan.ru/,strong,True,1.0,71.1,25.3,62.8961,37.4229,25.4732,10,4,-6,query_preference_rubric_v5,d51_query_preference_rubric_v1,ranking_target_margin,,False
входные двери цена Казань,https://vhodnye-dveri-kazan.ru/,https://kazan.ds-doors.ru/catalog/vhodnye-dveri/,uncertain,False,0.0,66.1,69.9,67.0131,63.5695,3.4436,5,9,4,query_preference_rubric_v5,d51_query_preference_rubric_v1,ranking_target_margin,,False
входные двери цена Казань,https://vhodnye-dveri-kazan.ru/,https://kazan.dveri-ideal.ru/vxodnyie-dveri/,uncertain,False,0.0,66.1,69.0,67.0131,64.8819,2.1312,5,8,3,query_preference_rubric_v5,d51_query_preference_rubric_v1,ranking_target_margin,,False
входные двери цена Казань,https://vhodnye-dveri-kazan.ru/,https://kazan.lemanapro.ru/catalogue/vhodnye-dveri/,strong,True,1.0,66.1,27.6,67.0131,40.8519,26.1612,5,2,-3,query_preference_rubric_v5,d51_query_preference_rubric_v1,ranking_target_margin,,False
входные двери цена Казань,https://vhodnye-dveri-kazan.ru/,https://kazan.megastroy.com/catalog/dveri-vhodnye,strong,True,1.0,66.1,27.5,67.0131,33.9985,33.0146,5,6,1,query_preference_rubric_v5,d51_query_preference_rubric_v1,ranking_target_margin,,False
входные двери цена Казань,https://vhodnye-dveri-kazan.ru/,https://mirdverey-kazan.ru/,strong,True,1.0,66.1,25.3,67.0131,37.4229,29.5902,5,4,-1,query_preference_rubric_v5,d51_query_preference_rubric_v1,ranking_target_margin,,False
входные двери цена Казань,https://vhodnye-dveri-kazan.ru/,https://sk-doors.ru/,weak,True,0.5,66.1,71.1,67.0131,62.8961,4.117,5,10,5,query_preference_rubric_v5,d51_query_preference_rubric_v1,ranking_target_margin,,False
входные двери цена Краснодар,https://dveri-estetika.ru/,https://krasnodar.lemanapro.ru/catalogue/vhodnye-dveri/,strong,True,1.0,72.6,27.6,74.9961,42.5353,32.4608,3,1,-2,query_preference_rubric_v5,d51_query_preference_rubric_v1,ranking_target_margin,,False
входные двери цена Краснодар,https://dveri-estetika.ru/,https://krasnodar.metaldveri.ru/,strong,True,1.0,72.6,74.0,74.9961,65.0426,9.9535,3,10,7,query_preference_rubric_v5,d51_query_preference_rubric_v1,ranking_target_margin,,False
входные двери цена Краснодар,https://dveri-estetika.ru/,https://krd.rusdver.net/doors/,uncertain,False,0.0,72.6,74.6,74.9961,72.1949,2.8012,3,6,3,query_preference_rubric_v5,d51_query_preference_rubric_v1,ranking_target_margin,,False
входные двери цена Краснодар,https://dveri-estetika.ru/,https://linedoor-yug.ru/,strong,True,1.0,72.6,69.4,74.9961,63.0882,11.9079,3,9,6,query_preference_rubric_v5,d51_query_preference_rubric_v1,ranking_target_margin,,False
входные двери цена Краснодар,https://dveri-estetika.ru/,https://modern-dveri.ru/catalog/vkhodnye-dveri/,weak,True,0.5,72.6,75.8,74.9961,69.4969,5.4992,3,8,5,query_preference_rubric_v5,d51_query_preference_rubric_v1,ranking_target_margin,,False
входные двери цена Краснодар,https://dveri-estetika.ru/,https://prodverikrd.ru/,strong,True,1.0,72.6,65.7,74.9961,62.2515,12.7446,3,7,4,query_preference_rubric_v5,d51_query_preference_rubric_v1,ranking_target_margin,,False
входные двери цена Краснодар,https://dveri-estetika.ru/,https://tandoor.ru/,strong,True,1.0,72.6,64.7,74.9961,66.937,8.0591,3,4,1,query_preference_rubric_v5,d51_query_preference_rubric_v1,ranking_target_margin,,False
входные двери цена Краснодар,https://dveri-ntd.ru/,https://krasnodar.lemanapro.ru/catalogue/vhodnye-dveri/,strong,True,1.0,72.6,27.6,76.0007,42.5353,33.4654,2,1,-1,query_preference_rubric_v5,d51_query_preference_rubric_v1,ranking_target_margin,,False
входные двери цена Краснодар,https://dveri-ntd.ru/,https://krasnodar.metaldveri.ru/,strong,True,1.0,72.6,74.0,76.0007,65.0426,10.9581,2,10,8,query_preference_rubric_v5,d51_query_preference_rubric_v1,ranking_target_margin,,False
входные двери цена Краснодар,https://dveri-ntd.ru/,https://krd.rusdver.net/doors/,uncertain,False,0.0,72.6,74.6,76.0007,72.1949,3.8058,2,6,4,query_preference_rubric_v5,d51_query_preference_rubric_v1,ranking_target_margin,,False
входные двери цена Краснодар,https://dveri-ntd.ru/,https://linedoor-yug.ru/,strong,True,1.0,72.6,69.4,76.0007,63.0882,12.9125,2,9,7,query_preference_rubric_v5,d51_query_preference_rubric_v1,ranking_target_margin,,False
входные двери цена Краснодар,https://dveri-ntd.ru/,https://modern-dveri.ru/catalog/vkhodnye-dveri/,weak,True,0.5,72.6,75.8,76.0007,69.4969,6.5038,2,8,6,query_preference_rubric_v5,d51_query_preference_rubric_v1,ranking_target_margin,,False
входные двери цена Краснодар,https://dveri-ntd.ru/,https://prodverikrd.ru/,strong,True,1.0,72.6,65.7,76.0007,62.2515,13.7492,2,7,5,query_preference_rubric_v5,d51_query_preference_rubric_v1,ranking_target_margin,,False
входные двери цена Краснодар,https://dveri-ntd.ru/,https://tandoor.ru/,strong,True,1.0,72.6,64.7,76.0007,66.937,9.0637,2,4,2,query_preference_rubric_v5,d51_query_preference_rubric_v1,ranking_target_margin,,False
входные двери цена Краснодар,https://krasnodar.metaldveri.ru/,https://krasnodar.lemanapro.ru/catalogue/vhodnye-dveri/,strong,True,1.0,74.0,27.6,65.0426,42.5353,22.5073,10,1,-9,query_preference_rubric_v5,d51_query_preference_rubric_v1,ranking_target_margin,,False
входные двери цена Краснодар,https://krasnodar.metaldveri.ru/,https://prodverikrd.ru/,uncertain,False,0.0,74.0,65.7,65.0426,62.2515,2.7911,10,7,-3,query_preference_rubric_v5,d51_query_preference_rubric_v1,ranking_target_margin,,False
входные двери цена Краснодар,https://krasnodar.mosdveri.ru/,https://krasnodar.lemanapro.ru/catalogue/vhodnye-dveri/,strong,True,1.0,76.4,27.6,75.4535,42.5353,32.9182,5,1,-4,query_preference_rubric_v5,d51_query_preference_rubric_v1,ranking_target_margin,,False
входные двери цена Краснодар,https://krasnodar.mosdveri.ru/,https://krasnodar.metaldveri.ru/,strong,True,1.0,76.4,74.0,75.4535,65.0426,10.4109,5,10,5,query_preference_rubric_v5,d51_query_preference_rubric_v1,ranking_target_margin,,False
входные двери цена Краснодар,https://krasnodar.mosdveri.ru/,https://krd.rusdver.net/doors/,uncertain,False,0.0,76.4,74.6,75.4535,72.1949,3.2586,5,6,1,query_preference_rubric_v5,d51_query_preference_rubric_v1,ranking_target_margin,,False
входные двери цена Краснодар,https://krasnodar.mosdveri.ru/,https://linedoor-yug.ru/,strong,True,1.0,76.4,69.4,75.4535,63.0882,12.3653,5,9,4,query_preference_rubric_v5,d51_query_preference_rubric_v1,ranking_target_margin,,False
входные двери цена Краснодар,https://krasnodar.mosdveri.ru/,https://modern-dveri.ru/catalog/vkhodnye-dveri/,weak,True,0.5,76.4,75.8,75.4535,69.4969,5.9566,5,8,3,query_preference_rubric_v5,d51_query_preference_rubric_v1,ranking_target_margin,,False
входные двери цена Краснодар,https://krasnodar.mosdveri.ru/,https://prodverikrd.ru/,strong,True,1.0,76.4,65.7,75.4535,62.2515,13.202,5,7,2,query_preference_rubric_v5,d51_query_preference_rubric_v1,ranking_target_margin,,False
входные двери цена Краснодар,https://krasnodar.mosdveri.ru/,https://tandoor.ru/,strong,True,1.0,76.4,64.7,75.4535,66.937,8.5165,5,4,-1,query_preference_rubric_v5,d51_query_preference_rubric_v1,ranking_target_margin,,False
входные двери цена Краснодар,https://krd.rusdver.net/doors/,https://krasnodar.lemanapro.ru/catalogue/vhodnye-dveri/,strong,True,1.0,74.6,27.6,72.1949,42.5353,29.6596,6,1,-5,query_preference_rubric_v5,d51_query_preference_rubric_v1,ranking_target_margin,,False
входные двери цена Краснодар,https://krd.rusdver.net/doors/,https://krasnodar.metaldveri.ru/,weak,True,0.5,74.6,74.0,72.1949,65.0426,7.1523,6,10,4,query_preference_rubric_v5,d51_query_preference_rubric_v1,ranking_target_margin,,False
входные двери цена Краснодар,https://krd.rusdver.net/doors/,https://linedoor-yug.ru/,strong,True,1.0,74.6,69.4,72.1949,63.0882,9.1067,6,9,3,query_preference_rubric_v5,d51_query_preference_rubric_v1,ranking_target_margin,,False
входные двери цена Краснодар,https://krd.rusdver.net/doors/,https://modern-dveri.ru/catalog/vkhodnye-dveri/,uncertain,False,0.0,74.6,75.8,72.1949,69.4969,2.698,6,8,2,query_preference_rubric_v5,d51_query_preference_rubric_v1,ranking_target_margin,,False
входные двери цена Краснодар,https://krd.rusdver.net/doors/,https://prodverikrd.ru/,strong,True,1.0,74.6,65.7,72.1949,62.2515,9.9434,6,7,1,query_preference_rubric_v5,d51_query_preference_rubric_v1,ranking_target_margin,,False
входные двери цена Краснодар,https://krd.rusdver.net/doors/,https://tandoor.ru/,weak,True,0.5,74.6,64.7,72.1949,66.937,5.2579,6,4,-2,query_preference_rubric_v5,d51_query_preference_rubric_v1,ranking_target_margin,,False
входные двери цена Краснодар,https://linedoor-yug.ru/,https://krasnodar.lemanapro.ru/catalogue/vhodnye-dveri/,strong,True,1.0,69.4,27.6,63.0882,42.5353,20.5529,9,1,-8,query_preference_rubric_v5,d51_query_preference_rubric_v1,ranking_target_margin,,False
входные двери цена Краснодар,https://modern-dveri.ru/catalog/vkhodnye-dveri/,https://krasnodar.lemanapro.ru/catalogue/vhodnye-dveri/,strong,True,1.0,75.8,27.6,69.4969,42.5353,26.9616,8,1,-7,query_preference_rubric_v5,d51_query_preference_rubric_v1,ranking_target_margin,,False
входные двери цена Краснодар,https://modern-dveri.ru/catalog/vkhodnye-dveri/,https://krasnodar.metaldveri.ru/,weak,True,0.5,75.8,74.0,69.4969,65.0426,4.4543,8,10,2,query_preference_rubric_v5,d51_query_preference_rubric_v1,ranking_target_margin,,False
входные двери цена Краснодар,https://modern-dveri.ru/catalog/vkhodnye-dveri/,https://linedoor-yug.ru/,weak,True,0.5,75.8,69.4,69.4969,63.0882,6.4087,8,9,1,query_preference_rubric_v5,d51_query_preference_rubric_v1,ranking_target_margin,,False
входные двери цена Краснодар,https://modern-dveri.ru/catalog/vkhodnye-dveri/,https://prodverikrd.ru/,weak,True,0.5,75.8,65.7,69.4969,62.2515,7.2454,8,7,-1,query_preference_rubric_v5,d51_query_preference_rubric_v1,ranking_target_margin,,False
входные двери цена Краснодар,https://modern-dveri.ru/catalog/vkhodnye-dveri/,https://tandoor.ru/,uncertain,False,0.0,75.8,64.7,69.4969,66.937,2.5599,8,4,-4,query_preference_rubric_v5,d51_query_preference_rubric_v1,ranking_target_margin,,False
входные двери цена Краснодар,https://prodverikrd.ru/,https://krasnodar.lemanapro.ru/catalogue/vhodnye-dveri/,strong,True,1.0,65.7,27.6,62.2515,42.5353,19.7162,7,1,-6,query_preference_rubric_v5,d51_query_preference_rubric_v1,ranking_target_margin,,False
входные двери цена Краснодар,https://tandoor.ru/,https://krasnodar.lemanapro.ru/catalogue/vhodnye-dveri/,strong,True,1.0,64.7,27.6,66.937,42.5353,24.4017,4,1,-3,query_preference_rubric_v5,d51_query_preference_rubric_v1,ranking_target_margin,,False
входные двери цена Краснодар,https://tandoor.ru/,https://linedoor-yug.ru/,uncertain,False,0.0,64.7,69.4,66.937,63.0882,3.8488,4,9,5,query_preference_rubric_v5,d51_query_preference_rubric_v1,ranking_target_margin,,False
входные двери цена Краснодар,https://tandoor.ru/,https://prodverikrd.ru/,weak,True,0.5,64.7,65.7,66.937,62.2515,4.6855,4,7,3,query_preference_rubric_v5,d51_query_preference_rubric_v1,ranking_target_margin,,False
входные двери цена Москва,https://dozor-dveri.ru/catalog/vhodnie-dveri-ekonom/,https://lemanapro.ru/catalogue/vhodnye-dveri/,strong,True,1.0,78.6,27.6,71.3288,42.5366,28.7922,8,1,-7,query_preference_rubric_v5,d51_query_preference_rubric_v1,ranking_target_margin,,False
входные двери цена Москва,https://dozor-dveri.ru/catalog/vhodnie-dveri-ekonom/,https://msc.rusdver.net/,uncertain,False,0.0,78.6,77.4,71.3288,67.3302,3.9986,8,10,2,query_preference_rubric_v5,d51_query_preference_rubric_v1,ranking_target_margin,,False
входные двери цена Москва,https://dozor-dveri.ru/catalog/vhodnie-dveri-ekonom/,https://tskdoors.ru/,uncertain,False,0.0,78.6,68.3,71.3288,68.8536,2.4752,8,6,-2,query_preference_rubric_v5,d51_query_preference_rubric_v1,ranking_target_margin,,False
входные двери цена Москва,https://dozor-dveri.ru/catalog/vhodnie-dveri-ekonom/,https://www.dveri-tut.com/vhodnye-dveri/,uncertain,False,0.0,78.6,75.1,71.3288,68.7689,2.5599,8,9,1,query_preference_rubric_v5,d51_query_preference_rubric_v1,ranking_target_margin,,False
входные двери цена Москва,https://mosdvery.ru/categories/vkhodnye-dveri,https://dozor-dveri.ru/catalog/vhodnie-dveri-ekonom/,weak,True,0.5,74.0,78.6,77.7548,71.3288,6.426,3,8,5,query_preference_rubric_v5,d51_query_preference_rubric_v1,ranking_target_margin,,False
входные двери цена Москва,https://mosdvery.ru/categories/vkhodnye-dveri,https://lemanapro.ru/catalogue/vhodnye-dveri/,strong,True,1.0,74.0,27.6,77.7548,42.5366,35.2182,3,1,-2,query_preference_rubric_v5,d51_query_preference_rubric_v1,ranking_target_margin,,False
входные двери цена Москва,https://mosdvery.ru/categories/vkhodnye-dveri,https://msc.rusdver.net/,strong,True,1.0,74.0,77.4,77.7548,67.3302,10.4246,3,10,7,query_preference_rubric_v5,d51_query_preference_rubric_v1,ranking_target_margin,,False
входные двери цена Москва,https://mosdvery.ru/categories/vkhodnye-dveri,https://tskdoors.ru/,strong,True,1.0,74.0,68.3,77.7548,68.8536,8.9012,3,6,3,query_preference_rubric_v5,d51_query_preference_rubric_v1,ranking_target_margin,,False
входные двери цена Москва,https://mosdvery.ru/categories/vkhodnye-dveri,https://www.dveri-tut.com/vhodnye-dveri/,strong,True,1.0,74.0,75.1,77.7548,68.7689,8.9859,3,9,6,query_preference_rubric_v5,d51_query_preference_rubric_v1,ranking_target_margin,,False
входные двери цена Москва,https://msc.rusdver.net/,https://lemanapro.ru/catalogue/vhodnye-dveri/,strong,True,1.0,77.4,27.6,67.3302,42.5366,24.7936,10,1,-9,query_preference_rubric_v5,d51_query_preference_rubric_v1,ranking_target_margin,,False
входные двери цена Москва,https://onixdoor.ru/,https://dozor-dveri.ru/catalog/vhodnie-dveri-ekonom/,weak,True,0.5,80.2,78.6,78.188,71.3288,6.8592,5,8,3,query_preference_rubric_v5,d51_query_preference_rubric_v1,ranking_target_margin,,False
входные двери цена Москва,https://onixdoor.ru/,https://lemanapro.ru/catalogue/vhodnye-dveri/,strong,True,1.0,80.2,27.6,78.188,42.5366,35.6514,5,1,-4,query_preference_rubric_v5,d51_query_preference_rubric_v1,ranking_target_margin,,False
входные двери цена Москва,https://onixdoor.ru/,https://msc.rusdver.net/,strong,True,1.0,80.2,77.4,78.188,67.3302,10.8578,5,10,5,query_preference_rubric_v5,d51_query_preference_rubric_v1,ranking_target_margin,,False
входные двери цена Москва,https://onixdoor.ru/,https://tskdoors.ru/,strong,True,1.0,80.2,68.3,78.188,68.8536,9.3344,5,6,1,query_preference_rubric_v5,d51_query_preference_rubric_v1,ranking_target_margin,,False
входные двери цена Москва,https://onixdoor.ru/,https://www.dveri-tut.com/vhodnye-dveri/,strong,True,1.0,80.2,75.1,78.188,68.7689,9.4191,5,9,4,query_preference_rubric_v5,d51_query_preference_rubric_v1,ranking_target_margin,,False
входные двери цена Москва,https://tskdoors.ru/,https://lemanapro.ru/catalogue/vhodnye-dveri/,strong,True,1.0,68.3,27.6,68.8536,42.5366,26.317,6,1,-5,query_preference_rubric_v5,d51_query_preference_rubric_v1,ranking_target_margin,,False
входные двери цена Москва,https://www.dveri-tut.com/vhodnye-dveri/,https://lemanapro.ru/catalogue/vhodnye-dveri/,strong,True,1.0,75.1,27.6,68.7689,42.5366,26.2323,9,1,-8,query_preference_rubric_v5,d51_query_preference_rubric_v1,ranking_target_margin,,False
входные двери цена Москва,https://www.dverimagnat.ru/,https://dozor-dveri.ru/catalog/vhodnie-dveri-ekonom/,weak,True,0.5,82.2,78.6,76.8514,71.3288,5.5226,7,8,1,query_preference_rubric_v5,d51_query_preference_rubric_v1,ranking_target_margin,,False
входные двери цена Москва,https://www.dverimagnat.ru/,https://lemanapro.ru/catalogue/vhodnye-dveri/,strong,True,1.0,82.2,27.6,76.8514,42.5366,34.3148,7,1,-6,query_preference_rubric_v5,d51_query_preference_rubric_v1,ranking_target_margin,,False
входные двери цена Москва,https://www.dverimagnat.ru/,https://msc.rusdver.net/,strong,True,1.0,82.2,77.4,76.8514,67.3302,9.5212,7,10,3,query_preference_rubric_v5,d51_query_preference_rubric_v1,ranking_target_margin,,False
входные двери цена Москва,https://www.dverimagnat.ru/,https://tskdoors.ru/,weak,True,0.5,82.2,68.3,76.8514,68.8536,7.9978,7,6,-1,query_preference_rubric_v5,d51_query_preference_rubric_v1,ranking_target_margin,,False
входные двери цена Москва,https://www.dverimagnat.ru/,https://www.dveri-tut.com/vhodnye-dveri/,strong,True,1.0,82.2,75.1,76.8514,68.7689,8.0825,7,9,2,query_preference_rubric_v5,d51_query_preference_rubric_v1,ranking_target_margin,,False
входные двери цена Нижний Новгород,https://dveridaromnn.ru/,https://2gis.ru/n_novgorod/search/Входные двери/rubricId/9972,strong,True,1.0,72.5,13.7,78.7722,17.9139,60.8583,1,10,9,query_preference_rubric_v5,d51_query_preference_rubric_v1,ranking_target_margin,,False
входные двери цена Нижний Новгород,https://dveridaromnn.ru/,https://n-gr.ru/,strong,True,1.0,72.5,62.0,78.7722,63.4061,15.3661,1,5,4,query_preference_rubric_v5,d51_query_preference_rubric_v1,ranking_target_margin,,False
входные двери цена Нижний Новгород,https://dveridaromnn.ru/,https://nizhniy-novgorod.mosdveri.ru/,strong,True,1.0,72.5,74.9,78.7722,68.9331,9.8391,1,8,7,query_preference_rubric_v5,d51_query_preference_rubric_v1,ranking_target_margin,,False
входные двери цена Нижний Новгород,https://dveridaromnn.ru/,https://nizhniy-novgorod.straj-dveri.ru/,strong,True,1.0,72.5,71.7,78.7722,64.8503,13.9219,1,9,8,query_preference_rubric_v5,d51_query_preference_rubric_v1,ranking_target_margin,,False
входные двери цена Нижний Новгород,https://dveridaromnn.ru/,https://nn.fabrichnie-dveri.ru/,strong,True,1.0,72.5,73.2,78.7722,70.4597,8.3125,1,6,5,query_preference_rubric_v5,d51_query_preference_rubric_v1,ranking_target_margin,,False
входные двери цена Нижний Новгород,https://dveridaromnn.ru/,https://sevendoors.ru/,weak,True,0.5,72.5,73.0,78.7722,73.7476,5.0246,1,4,3,query_preference_rubric_v5,d51_query_preference_rubric_v1,ranking_target_margin,,False
входные двери цена Нижний Новгород,https://dveridaromnn.ru/,https://tsdveri.ru/catalog/vhodnye-dveri/,strong,True,1.0,72.5,64.6,78.7722,68.5107,10.2615,1,3,2,query_preference_rubric_v5,d51_query_preference_rubric_v1,ranking_target_margin,,False
входные двери цена Нижний Новгород,https://n-gr.ru/,https://2gis.ru/n_novgorod/search/Входные двери/rubricId/9972,strong,True,1.0,62.0,13.7,63.4061,17.9139,45.4922,5,10,5,query_preference_rubric_v5,d51_query_preference_rubric_v1,ranking_target_margin,,False
входные двери цена Нижний Новгород,https://nigny-novgorod.dverimagnat.ru/,https://2gis.ru/n_novgorod/search/Входные двери/rubricId/9972,strong,True,1.0,78.0,13.7,81.7766,17.9139,63.8627,2,10,8,query_preference_rubric_v5,d51_query_preference_rubric_v1,ranking_target_margin,,False
входные двери цена Нижний Новгород,https://nigny-novgorod.dverimagnat.ru/,https://dveridaromnn.ru/,uncertain,False,0.0,78.0,72.5,81.7766,78.7722,3.0044,2,1,-1,query_preference_rubric_v5,d51_query_preference_rubric_v1,ranking_target_margin,,False
входные двери цена Нижний Новгород,https://nigny-novgorod.dverimagnat.ru/,https://n-gr.ru/,strong,True,1.0,78.0,62.0,81.7766,63.4061,18.3705,2,5,3,query_preference_rubric_v5,d51_query_preference_rubric_v1,ranking_target_margin,,False
входные двери цена Нижний Новгород,https://nigny-novgorod.dverimagnat.ru/,https://nizhniy-novgorod.mosdveri.ru/,strong,True,1.0,78.0,74.9,81.7766,68.9331,12.8435,2,8,6,query_preference_rubric_v5,d51_query_preference_rubric_v1,ranking_target_margin,,False
входные двери цена Нижний Новгород,https://nigny-novgorod.dverimagnat.ru/,https://nizhniy-novgorod.straj-dveri.ru/,strong,True,1.0,78.0,71.7,81.7766,64.8503,16.9263,2,9,7,query_preference_rubric_v5,d51_query_preference_rubric_v1,ranking_target_margin,,False
входные двери цена Нижний Новгород,https://nigny-novgorod.dverimagnat.ru/,https://nn.fabrichnie-dveri.ru/,strong,True,1.0,78.0,73.2,81.7766,70.4597,11.3169,2,6,4,query_preference_rubric_v5,d51_query_preference_rubric_v1,ranking_target_margin,,False
входные двери цена Нижний Новгород,https://nigny-novgorod.dverimagnat.ru/,https://sevendoors.ru/,strong,True,1.0,78.0,73.0,81.7766,73.7476,8.029,2,4,2,query_preference_rubric_v5,d51_query_preference_rubric_v1,ranking_target_margin,,False
входные двери цена Нижний Новгород,https://nigny-novgorod.dverimagnat.ru/,https://tsdveri.ru/catalog/vhodnye-dveri/,strong,True,1.0,78.0,64.6,81.7766,68.5107,13.2659,2,3,1,query_preference_rubric_v5,d51_query_preference_rubric_v1,ranking_target_margin,,False
входные двери цена Нижний Новгород,https://nizhniy-novgorod.mosdveri.ru/,https://2gis.ru/n_novgorod/search/Входные двери/rubricId/9972,strong,True,1.0,74.9,13.7,68.9331,17.9139,51.0192,8,10,2,query_preference_rubric_v5,d51_query_preference_rubric_v1,ranking_target_margin,,False
входные двери цена Нижний Новгород,https://nizhniy-novgorod.mosdveri.ru/,https://n-gr.ru/,weak,True,0.5,74.9,62.0,68.9331,63.4061,5.527,8,5,-3,query_preference_rubric_v5,d51_query_preference_rubric_v1,ranking_target_margin,,False
входные двери цена Нижний Новгород,https://nizhniy-novgorod.mosdveri.ru/,https://nizhniy-novgorod.straj-dveri.ru/,weak,True,0.5,74.9,71.7,68.9331,64.8503,4.0828,8,9,1,query_preference_rubric_v5,d51_query_preference_rubric_v1,ranking_target_margin,,False
входные двери цена Нижний Новгород,https://nizhniy-novgorod.straj-dveri.ru/,https://2gis.ru/n_novgorod/search/Входные двери/rubricId/9972,strong,True,1.0,71.7,13.7,64.8503,17.9139,46.9364,9,10,1,query_preference_rubric_v5,d51_query_preference_rubric_v1,ranking_target_margin,,False
входные двери цена Нижний Новгород,https://nn.fabrichnie-dveri.ru/,https://2gis.ru/n_novgorod/search/Входные двери/rubricId/9972,strong,True,1.0,73.2,13.7,70.4597,17.9139,52.5458,6,10,4,query_preference_rubric_v5,d51_query_preference_rubric_v1,ranking_target_margin,,False
входные двери цена Нижний Новгород,https://nn.fabrichnie-dveri.ru/,https://n-gr.ru/,weak,True,0.5,73.2,62.0,70.4597,63.4061,7.0536,6,5,-1,query_preference_rubric_v5,d51_query_preference_rubric_v1,ranking_target_margin,,False
входные двери цена Нижний Новгород,https://nn.fabrichnie-dveri.ru/,https://nizhniy-novgorod.straj-dveri.ru/,weak,True,0.5,73.2,71.7,70.4597,64.8503,5.6094,6,9,3,query_preference_rubric_v5,d51_query_preference_rubric_v1,ranking_target_margin,,False
входные двери цена Нижний Новгород,https://sevendoors.ru/,https://2gis.ru/n_novgorod/search/Входные двери/rubricId/9972,strong,True,1.0,73.0,13.7,73.7476,17.9139,55.8337,4,10,6,query_preference_rubric_v5,d51_query_preference_rubric_v1,ranking_target_margin,,False
входные двери цена Нижний Новгород,https://sevendoors.ru/,https://n-gr.ru/,strong,True,1.0,73.0,62.0,73.7476,63.4061,10.3415,4,5,1,query_preference_rubric_v5,d51_query_preference_rubric_v1,ranking_target_margin,,False
входные двери цена Нижний Новгород,https://sevendoors.ru/,https://nizhniy-novgorod.mosdveri.ru/,weak,True,0.5,73.0,74.9,73.7476,68.9331,4.8145,4,8,4,query_preference_rubric_v5,d51_query_preference_rubric_v1,ranking_target_margin,,False
входные двери цена Нижний Новгород,https://sevendoors.ru/,https://nizhniy-novgorod.straj-dveri.ru/,strong,True,1.0,73.0,71.7,73.7476,64.8503,8.8973,4,9,5,query_preference_rubric_v5,d51_query_preference_rubric_v1,ranking_target_margin,,False
входные двери цена Нижний Новгород,https://sevendoors.ru/,https://nn.fabrichnie-dveri.ru/,uncertain,False,0.0,73.0,73.2,73.7476,70.4597,3.2879,4,6,2,query_preference_rubric_v5,d51_query_preference_rubric_v1,ranking_target_margin,,False
входные двери цена Нижний Новгород,https://sevendoors.ru/,https://tsdveri.ru/catalog/vhodnye-dveri/,weak,True,0.5,73.0,64.6,73.7476,68.5107,5.2369,4,3,-1,query_preference_rubric_v5,d51_query_preference_rubric_v1,ranking_target_margin,,False
входные двери цена Нижний Новгород,https://tsdveri.ru/catalog/vhodnye-dveri/,https://2gis.ru/n_novgorod/search/Входные двери/rubricId/9972,strong,True,1.0,64.6,13.7,68.5107,17.9139,50.5968,3,10,7,query_preference_rubric_v5,d51_query_preference_rubric_v1,ranking_target_margin,,False
входные двери цена Нижний Новгород,https://tsdveri.ru/catalog/vhodnye-dveri/,https://n-gr.ru/,weak,True,0.5,64.6,62.0,68.5107,63.4061,5.1046,3,5,2,query_preference_rubric_v5,d51_query_preference_rubric_v1,ranking_target_margin,,False
входные двери цена Нижний Новгород,https://tsdveri.ru/catalog/vhodnye-dveri/,https://nizhniy-novgorod.straj-dveri.ru/,uncertain,False,0.0,64.6,71.7,68.5107,64.8503,3.6604,3,9,6,query_preference_rubric_v5,d51_query_preference_rubric_v1,ranking_target_margin,,False
входные двери цена Новосибирск,https://novosibirsk.dverimagnat.ru/,https://novosibirsk.estetdveri.ru/catalog/vkhodnye-dveri/,weak,True,0.5,82.1,77.4,86.8722,81.2906,5.5816,1,2,1,query_preference_rubric_v5,d51_query_preference_rubric_v1,ranking_target_margin,,False
входные двери цена Новосибирск,https://novosibirsk.dverimagnat.ru/,https://novosibirsk.lemanapro.ru/catalogue/vhodnye-dveri/,strong,True,1.0,82.1,27.0,86.8722,38.7119,48.1603,1,3,2,query_preference_rubric_v5,d51_query_preference_rubric_v1,ranking_target_margin,,False
входные двери цена Новосибирск,https://novosibirsk.dverimagnat.ru/,https://novosibirsk.metaldveri.ru/,strong,True,1.0,82.1,75.3,86.8722,71.1499,15.7223,1,7,6,query_preference_rubric_v5,d51_query_preference_rubric_v1,ranking_target_margin,,False
входные двери цена Новосибирск,https://novosibirsk.dverimagnat.ru/,https://novosibirsk.mosdveri.ru/,strong,True,1.0,82.1,77.3,86.8722,77.9202,8.952,1,4,3,query_preference_rubric_v5,d51_query_preference_rubric_v1,ranking_target_margin,,False
входные двери цена Новосибирск,https://novosibirsk.dverimagnat.ru/,https://nsk-dveri.ru/,strong,True,1.0,82.1,73.6,86.8722,72.7118,14.1604,1,5,4,query_preference_rubric_v5,d51_query_preference_rubric_v1,ranking_target_margin,,False
входные двери цена Новосибирск,https://novosibirsk.dverimagnat.ru/,https://nsk.d-arsenal.ru/,strong,True,1.0,82.1,65.2,86.8722,60.5556,26.3166,1,9,8,query_preference_rubric_v5,d51_query_preference_rubric_v1,ranking_target_margin,,False
входные двери цена Новосибирск,https://novosibirsk.dverimagnat.ru/,https://shop-nsk.ru/,strong,True,1.0,82.1,65.3,86.8722,65.2087,21.6635,1,6,5,query_preference_rubric_v5,d51_query_preference_rubric_v1,ranking_target_margin,,False
входные двери цена Новосибирск,https://novosibirsk.dverimagnat.ru/,https://www.avito.ru/novosibirsk/remont_i_stroitelstvo/dveri/vxodnye-ASgBAgICAkRYnEvYpBSA9Y4D,strong,True,1.0,82.1,25.1,86.8722,29.0356,57.8366,1,8,7,query_preference_rubric_v5,d51_query_preference_rubric_v1,ranking_target_margin,,False
входные двери цена Новосибирск,https://novosibirsk.dverimagnat.ru/,https://www.novodoor-nsk.ru/,strong,True,1.0,82.1,56.8,86.8722,52.6656,34.2066,1,10,9,query_preference_rubric_v5,d51_query_preference_rubric_v1,ranking_target_margin,,False
входные двери цена Новосибирск,https://novosibirsk.estetdveri.ru/catalog/vkhodnye-dveri/,https://novosibirsk.lemanapro.ru/catalogue/vhodnye-dveri/,strong,True,1.0,77.4,27.0,81.2906,38.7119,42.5787,2,3,1,query_preference_rubric_v5,d51_query_preference_rubric_v1,ranking_target_margin,,False
входные двери цена Новосибирск,https://novosibirsk.estetdveri.ru/catalog/vkhodnye-dveri/,https://novosibirsk.metaldveri.ru/,strong,True,1.0,77.4,75.3,81.2906,71.1499,10.1407,2,7,5,query_preference_rubric_v5,d51_query_preference_rubric_v1,ranking_target_margin,,False
входные двери цена Новосибирск,https://novosibirsk.estetdveri.ru/catalog/vkhodnye-dveri/,https://novosibirsk.mosdveri.ru/,uncertain,False,0.0,77.4,77.3,81.2906,77.9202,3.3704,2,4,2,query_preference_rubric_v5,d51_query_preference_rubric_v1,ranking_target_margin,,False
входные двери цена Новосибирск,https://novosibirsk.estetdveri.ru/catalog/vkhodnye-dveri/,https://nsk-dveri.ru/,strong,True,1.0,77.4,73.6,81.2906,72.7118,8.5788,2,5,3,query_preference_rubric_v5,d51_query_preference_rubric_v1,ranking_target_margin,,False
входные двери цена Новосибирск,https://novosibirsk.estetdveri.ru/catalog/vkhodnye-dveri/,https://nsk.d-arsenal.ru/,strong,True,1.0,77.4,65.2,81.2906,60.5556,20.735,2,9,7,query_preference_rubric_v5,d51_query_preference_rubric_v1,ranking_target_margin,,False
входные двери цена Новосибирск,https://novosibirsk.estetdveri.ru/catalog/vkhodnye-dveri/,https://shop-nsk.ru/,strong,True,1.0,77.4,65.3,81.2906,65.2087,16.0819,2,6,4,query_preference_rubric_v5,d51_query_preference_rubric_v1,ranking_target_margin,,False
входные двери цена Новосибирск,https://novosibirsk.estetdveri.ru/catalog/vkhodnye-dveri/,https://www.avito.ru/novosibirsk/remont_i_stroitelstvo/dveri/vxodnye-ASgBAgICAkRYnEvYpBSA9Y4D,strong,True,1.0,77.4,25.1,81.2906,29.0356,52.255,2,8,6,query_preference_rubric_v5,d51_query_preference_rubric_v1,ranking_target_margin,,False
входные двери цена Новосибирск,https://novosibirsk.estetdveri.ru/catalog/vkhodnye-dveri/,https://www.novodoor-nsk.ru/,strong,True,1.0,77.4,56.8,81.2906,52.6656,28.625,2,10,8,query_preference_rubric_v5,d51_query_preference_rubric_v1,ranking_target_margin,,False
входные двери цена Новосибирск,https://novosibirsk.lemanapro.ru/catalogue/vhodnye-dveri/,https://www.avito.ru/novosibirsk/remont_i_stroitelstvo/dveri/vxodnye-ASgBAgICAkRYnEvYpBSA9Y4D,strong,True,1.0,27.0,25.1,38.7119,29.0356,9.6763,3,8,5,query_preference_rubric_v5,d51_query_preference_rubric_v1,ranking_target_margin,,False
входные двери цена Новосибирск,https://novosibirsk.metaldveri.ru/,https://novosibirsk.lemanapro.ru/catalogue/vhodnye-dveri/,strong,True,1.0,75.3,27.0,71.1499,38.7119,32.438,7,3,-4,query_preference_rubric_v5,d51_query_preference_rubric_v1,ranking_target_margin,,False
входные двери цена Новосибирск,https://novosibirsk.metaldveri.ru/,https://nsk.d-arsenal.ru/,strong,True,1.0,75.3,65.2,71.1499,60.5556,10.5943,7,9,2,query_preference_rubric_v5,d51_query_preference_rubric_v1,ranking_target_margin,,False
входные двери цена Новосибирск,https://novosibirsk.metaldveri.ru/,https://shop-nsk.ru/,weak,True,0.5,75.3,65.3,71.1499,65.2087,5.9412,7,6,-1,query_preference_rubric_v5,d51_query_preference_rubric_v1,ranking_target_margin,,False
входные двери цена Новосибирск,https://novosibirsk.metaldveri.ru/,https://www.avito.ru/novosibirsk/remont_i_stroitelstvo/dveri/vxodnye-ASgBAgICAkRYnEvYpBSA9Y4D,strong,True,1.0,75.3,25.1,71.1499,29.0356,42.1143,7,8,1,query_preference_rubric_v5,d51_query_preference_rubric_v1,ranking_target_margin,,False
входные двери цена Новосибирск,https://novosibirsk.metaldveri.ru/,https://www.novodoor-nsk.ru/,strong,True,1.0,75.3,56.8,71.1499,52.6656,18.4843,7,10,3,query_preference_rubric_v5,d51_query_preference_rubric_v1,ranking_target_margin,,False
входные двери цена Новосибирск,https://novosibirsk.mosdveri.ru/,https://novosibirsk.lemanapro.ru/catalogue/vhodnye-dveri/,strong,True,1.0,77.3,27.0,77.9202,38.7119,39.2083,4,3,-1,query_preference_rubric_v5,d51_query_preference_rubric_v1,ranking_target_margin,,False
входные двери цена Новосибирск,https://novosibirsk.mosdveri.ru/,https://novosibirsk.metaldveri.ru/,weak,True,0.5,77.3,75.3,77.9202,71.1499,6.7703,4,7,3,query_preference_rubric_v5,d51_query_preference_rubric_v1,ranking_target_margin,,False
входные двери цена Новосибирск,https://novosibirsk.mosdveri.ru/,https://nsk-dveri.ru/,weak,True,0.5,77.3,73.6,77.9202,72.7118,5.2084,4,5,1,query_preference_rubric_v5,d51_query_preference_rubric_v1,ranking_target_margin,,False
входные двери цена Новосибирск,https://novosibirsk.mosdveri.ru/,https://nsk.d-arsenal.ru/,strong,True,1.0,77.3,65.2,77.9202,60.5556,17.3646,4,9,5,query_preference_rubric_v5,d51_query_preference_rubric_v1,ranking_target_margin,,False
входные двери цена Новосибирск,https://novosibirsk.mosdveri.ru/,https://shop-nsk.ru/,strong,True,1.0,77.3,65.3,77.9202,65.2087,12.7115,4,6,2,query_preference_rubric_v5,d51_query_preference_rubric_v1,ranking_target_margin,,False
входные двери цена Новосибирск,https://novosibirsk.mosdveri.ru/,https://www.avito.ru/novosibirsk/remont_i_stroitelstvo/dveri/vxodnye-ASgBAgICAkRYnEvYpBSA9Y4D,strong,True,1.0,77.3,25.1,77.9202,29.0356,48.8846,4,8,4,query_preference_rubric_v5,d51_query_preference_rubric_v1,ranking_target_margin,,False
входные двери цена Новосибирск,https://novosibirsk.mosdveri.ru/,https://www.novodoor-nsk.ru/,strong,True,1.0,77.3,56.8,77.9202,52.6656,25.2546,4,10,6,query_preference_rubric_v5,d51_query_preference_rubric_v1,ranking_target_margin,,False
входные двери цена Новосибирск,https://nsk-dveri.ru/,https://novosibirsk.lemanapro.ru/catalogue/vhodnye-dveri/,strong,True,1.0,73.6,27.0,72.7118,38.7119,33.9999,5,3,-2,query_preference_rubric_v5,d51_query_preference_rubric_v1,ranking_target_margin,,False
входные двери цена Новосибирск,https://nsk-dveri.ru/,https://nsk.d-arsenal.ru/,strong,True,1.0,73.6,65.2,72.7118,60.5556,12.1562,5,9,4,query_preference_rubric_v5,d51_query_preference_rubric_v1,ranking_target_margin,,False
входные двери цена Новосибирск,https://nsk-dveri.ru/,https://shop-nsk.ru/,weak,True,0.5,73.6,65.3,72.7118,65.2087,7.5031,5,6,1,query_preference_rubric_v5,d51_query_preference_rubric_v1,ranking_target_margin,,False
входные двери цена Новосибирск,https://nsk-dveri.ru/,https://www.avito.ru/novosibirsk/remont_i_stroitelstvo/dveri/vxodnye-ASgBAgICAkRYnEvYpBSA9Y4D,strong,True,1.0,73.6,25.1,72.7118,29.0356,43.6762,5,8,3,query_preference_rubric_v5,d51_query_preference_rubric_v1,ranking_target_margin,,False
входные двери цена Новосибирск,https://nsk-dveri.ru/,https://www.novodoor-nsk.ru/,strong,True,1.0,73.6,56.8,72.7118,52.6656,20.0462,5,10,5,query_preference_rubric_v5,d51_query_preference_rubric_v1,ranking_target_margin,,False
входные двери цена Новосибирск,https://nsk.d-arsenal.ru/,https://novosibirsk.lemanapro.ru/catalogue/vhodnye-dveri/,strong,True,1.0,65.2,27.0,60.5556,38.7119,21.8437,9,3,-6,query_preference_rubric_v5,d51_query_preference_rubric_v1,ranking_target_margin,,False
входные двери цена Новосибирск,https://nsk.d-arsenal.ru/,https://www.avito.ru/novosibirsk/remont_i_stroitelstvo/dveri/vxodnye-ASgBAgICAkRYnEvYpBSA9Y4D,strong,True,1.0,65.2,25.1,60.5556,29.0356,31.52,9,8,-1,query_preference_rubric_v5,d51_query_preference_rubric_v1,ranking_target_margin,,False
входные двери цена Новосибирск,https://nsk.d-arsenal.ru/,https://www.novodoor-nsk.ru/,weak,True,0.5,65.2,56.8,60.5556,52.6656,7.89,9,10,1,query_preference_rubric_v5,d51_query_preference_rubric_v1,ranking_target_margin,,False
входные двери цена Новосибирск,https://shop-nsk.ru/,https://novosibirsk.lemanapro.ru/catalogue/vhodnye-dveri/,strong,True,1.0,65.3,27.0,65.2087,38.7119,26.4968,6,3,-3,query_preference_rubric_v5,d51_query_preference_rubric_v1,ranking_target_margin,,False
входные двери цена Новосибирск,https://shop-nsk.ru/,https://nsk.d-arsenal.ru/,weak,True,0.5,65.3,65.2,65.2087,60.5556,4.6531,6,9,3,query_preference_rubric_v5,d51_query_preference_rubric_v1,ranking_target_margin,,False
входные двери цена Новосибирск,https://shop-nsk.ru/,https://www.avito.ru/novosibirsk/remont_i_stroitelstvo/dveri/vxodnye-ASgBAgICAkRYnEvYpBSA9Y4D,strong,True,1.0,65.3,25.1,65.2087,29.0356,36.1731,6,8,2,query_preference_rubric_v5,d51_query_preference_rubric_v1,ranking_target_margin,,False
входные двери цена Новосибирск,https://shop-nsk.ru/,https://www.novodoor-nsk.ru/,strong,True,1.0,65.3,56.8,65.2087,52.6656,12.5431,6,10,4,query_preference_rubric_v5,d51_query_preference_rubric_v1,ranking_target_margin,,False
входные двери цена Новосибирск,https://www.novodoor-nsk.ru/,https://novosibirsk.lemanapro.ru/catalogue/vhodnye-dveri/,strong,True,1.0,56.8,27.0,52.6656,38.7119,13.9537,10,3,-7,query_preference_rubric_v5,d51_query_preference_rubric_v1,ranking_target_margin,,False
входные двери цена Новосибирск,https://www.novodoor-nsk.ru/,https://www.avito.ru/novosibirsk/remont_i_stroitelstvo/dveri/vxodnye-ASgBAgICAkRYnEvYpBSA9Y4D,strong,True,1.0,56.8,25.1,52.6656,29.0356,23.63,10,8,-2,query_preference_rubric_v5,d51_query_preference_rubric_v1,ranking_target_margin,,False
входные двери цена Самара,https://ds-doors.ru/catalog/vhodnye-dveri/,https://samara.lemanapro.ru/catalogue/vhodnye-dveri/,strong,True,1.0,74.1,27.1,70.5533,40.4694,30.0839,7,2,-5,query_preference_rubric_v5,d51_query_preference_rubric_v1,ranking_target_margin,,False
входные двери цена Самара,https://ds-doors.ru/catalog/vhodnye-dveri/,https://vimdveri.ru/catalog/vhodnye-dveri/,strong,True,1.0,74.1,68.9,70.5533,61.3355,9.2178,7,10,3,query_preference_rubric_v5,d51_query_preference_rubric_v1,ranking_target_margin,,False
входные двери цена Самара,https://guardian-smr.ru/,https://ds-doors.ru/catalog/vhodnye-dveri/,weak,True,0.5,76.5,74.1,76.8879,70.5533,6.3346,4,7,3,query_preference_rubric_v5,d51_query_preference_rubric_v1,ranking_target_margin,,False
входные двери цена Самара,https://guardian-smr.ru/,https://samara.estetdveri.ru/catalog/vkhodnye-dveri/,strong,True,1.0,76.5,76.3,76.8879,68.7322,8.1557,4,9,5,query_preference_rubric_v5,d51_query_preference_rubric_v1,ranking_target_margin,,False
входные двери цена Самара,https://guardian-smr.ru/,https://samara.lemanapro.ru/catalogue/vhodnye-dveri/,strong,True,1.0,76.5,27.1,76.8879,40.4694,36.4185,4,2,-2,query_preference_rubric_v5,d51_query_preference_rubric_v1,ranking_target_margin,,False
входные двери цена Самара,https://guardian-smr.ru/,https://samara.mall-of-doors.ru/,weak,True,0.5,76.5,78.0,76.8879,71.6395,5.2484,4,8,4,query_preference_rubric_v5,d51_query_preference_rubric_v1,ranking_target_margin,,False
входные двери цена Самара,https://guardian-smr.ru/,https://sfdoors.ru/,weak,True,0.5,76.5,71.9,76.8879,70.3705,6.5174,4,6,2,query_preference_rubric_v5,d51_query_preference_rubric_v1,ranking_target_margin,,False
входные двери цена Самара,https://guardian-smr.ru/,https://vimdveri.ru/catalog/vhodnye-dveri/,strong,True,1.0,76.5,68.9,76.8879,61.3355,15.5524,4,10,6,query_preference_rubric_v5,d51_query_preference_rubric_v1,ranking_target_margin,,False
входные двери цена Самара,https://samara.dverimagnat.ru/,https://ds-doors.ru/catalog/vhodnye-dveri/,strong,True,1.0,82.9,74.1,87.5559,70.5533,17.0026,1,7,6,query_preference_rubric_v5,d51_query_preference_rubric_v1,ranking_target_margin,,False
входные двери цена Самара,https://samara.dverimagnat.ru/,https://guardian-smr.ru/,strong,True,1.0,82.9,76.5,87.5559,76.8879,10.668,1,4,3,query_preference_rubric_v5,d51_query_preference_rubric_v1,ranking_target_margin,,False
входные двери цена Самара,https://samara.dverimagnat.ru/,https://samara.dverizaslon.ru/,strong,True,1.0,82.9,75.7,87.5559,75.1061,12.4498,1,5,4,query_preference_rubric_v5,d51_query_preference_rubric_v1,ranking_target_margin,,False
входные двери цена Самара,https://samara.dverimagnat.ru/,https://samara.estetdveri.ru/catalog/vkhodnye-dveri/,strong,True,1.0,82.9,76.3,87.5559,68.7322,18.8237,1,9,8,query_preference_rubric_v5,d51_query_preference_rubric_v1,ranking_target_margin,,False
входные двери цена Самара,https://samara.dverimagnat.ru/,https://samara.lemanapro.ru/catalogue/vhodnye-dveri/,strong,True,1.0,82.9,27.1,87.5559,40.4694,47.0865,1,2,1,query_preference_rubric_v5,d51_query_preference_rubric_v1,ranking_target_margin,,False
входные двери цена Самара,https://samara.dverimagnat.ru/,https://samara.mall-of-doors.ru/,strong,True,1.0,82.9,78.0,87.5559,71.6395,15.9164,1,8,7,query_preference_rubric_v5,d51_query_preference_rubric_v1,ranking_target_margin,,False
входные двери цена Самара,https://samara.dverimagnat.ru/,https://samara.metaldveri.ru/,weak,True,0.5,82.9,77.7,87.5559,79.8812,7.6747,1,3,2,query_preference_rubric_v5,d51_query_preference_rubric_v1,ranking_target_margin,,False
входные двери цена Самара,https://samara.dverimagnat.ru/,https://sfdoors.ru/,strong,True,1.0,82.9,71.9,87.5559,70.3705,17.1854,1,6,5,query_preference_rubric_v5,d51_query_preference_rubric_v1,ranking_target_margin,,False
входные двери цена Самара,https://samara.dverimagnat.ru/,https://vimdveri.ru/catalog/vhodnye-dveri/,strong,True,1.0,82.9,68.9,87.5559,61.3355,26.2204,1,10,9,query_preference_rubric_v5,d51_query_preference_rubric_v1,ranking_target_margin,,False
входные двери цена Самара,https://samara.dverizaslon.ru/,https://ds-doors.ru/catalog/vhodnye-dveri/,weak,True,0.5,75.7,74.1,75.1061,70.5533,4.5528,5,7,2,query_preference_rubric_v5,d51_query_preference_rubric_v1,ranking_target_margin,,False
входные двери цена Самара,https://samara.dverizaslon.ru/,https://samara.estetdveri.ru/catalog/vkhodnye-dveri/,weak,True,0.5,75.7,76.3,75.1061,68.7322,6.3739,5,9,4,query_preference_rubric_v5,d51_query_preference_rubric_v1,ranking_target_margin,,False
входные двери цена Самара,https://samara.dverizaslon.ru/,https://samara.lemanapro.ru/catalogue/vhodnye-dveri/,strong,True,1.0,75.7,27.1,75.1061,40.4694,34.6367,5,2,-3,query_preference_rubric_v5,d51_query_preference_rubric_v1,ranking_target_margin,,False
входные двери цена Самара,https://samara.dverizaslon.ru/,https://samara.mall-of-doors.ru/,uncertain,False,0.0,75.7,78.0,75.1061,71.6395,3.4666,5,8,3,query_preference_rubric_v5,d51_query_preference_rubric_v1,ranking_target_margin,,False
входные двери цена Самара,https://samara.dverizaslon.ru/,https://sfdoors.ru/,weak,True,0.5,75.7,71.9,75.1061,70.3705,4.7356,5,6,1,query_preference_rubric_v5,d51_query_preference_rubric_v1,ranking_target_margin,,False
входные двери цена Самара,https://samara.dverizaslon.ru/,https://vimdveri.ru/catalog/vhodnye-dveri/,strong,True,1.0,75.7,68.9,75.1061,61.3355,13.7706,5,10,5,query_preference_rubric_v5,d51_query_preference_rubric_v1,ranking_target_margin,,False
входные двери цена Самара,https://samara.estetdveri.ru/catalog/vkhodnye-dveri/,https://samara.lemanapro.ru/catalogue/vhodnye-dveri/,strong,True,1.0,76.3,27.1,68.7322,40.4694,28.2628,9,2,-7,query_preference_rubric_v5,d51_query_preference_rubric_v1,ranking_target_margin,,False
входные двери цена Самара,https://samara.estetdveri.ru/catalog/vkhodnye-dveri/,https://vimdveri.ru/catalog/vhodnye-dveri/,weak,True,0.5,76.3,68.9,68.7322,61.3355,7.3967,9,10,1,query_preference_rubric_v5,d51_query_preference_rubric_v1,ranking_target_margin,,False
входные двери цена Самара,https://samara.mall-of-doors.ru/,https://samara.estetdveri.ru/catalog/vkhodnye-dveri/,uncertain,False,0.0,78.0,76.3,71.6395,68.7322,2.9073,8,9,1,query_preference_rubric_v5,d51_query_preference_rubric_v1,ranking_target_margin,,False
входные двери цена Самара,https://samara.mall-of-doors.ru/,https://samara.lemanapro.ru/catalogue/vhodnye-dveri/,strong,True,1.0,78.0,27.1,71.6395,40.4694,31.1701,8,2,-6,query_preference_rubric_v5,d51_query_preference_rubric_v1,ranking_target_margin,,False
входные двери цена Самара,https://samara.mall-of-doors.ru/,https://vimdveri.ru/catalog/vhodnye-dveri/,strong,True,1.0,78.0,68.9,71.6395,61.3355,10.304,8,10,2,query_preference_rubric_v5,d51_query_preference_rubric_v1,ranking_target_margin,,False
входные двери цена Самара,https://samara.metaldveri.ru/,https://ds-doors.ru/catalog/vhodnye-dveri/,strong,True,1.0,77.7,74.1,79.8812,70.5533,9.3279,3,7,4,query_preference_rubric_v5,d51_query_preference_rubric_v1,ranking_target_margin,,False
входные двери цена Самара,https://samara.metaldveri.ru/,https://guardian-smr.ru/,uncertain,False,0.0,77.7,76.5,79.8812,76.8879,2.9933,3,4,1,query_preference_rubric_v5,d51_query_preference_rubric_v1,ranking_target_margin,,False
входные двери цена Самара,https://samara.metaldveri.ru/,https://samara.dverizaslon.ru/,weak,True,0.5,77.7,75.7,79.8812,75.1061,4.7751,3,5,2,query_preference_rubric_v5,d51_query_preference_rubric_v1,ranking_target_margin,,False
входные двери цена Самара,https://samara.metaldveri.ru/,https://samara.estetdveri.ru/catalog/vkhodnye-dveri/,strong,True,1.0,77.7,76.3,79.8812,68.7322,11.149,3,9,6,query_preference_rubric_v5,d51_query_preference_rubric_v1,ranking_target_margin,,False
входные двери цена Самара,https://samara.metaldveri.ru/,https://samara.lemanapro.ru/catalogue/vhodnye-dveri/,strong,True,1.0,77.7,27.1,79.8812,40.4694,39.4118,3,2,-1,query_preference_rubric_v5,d51_query_preference_rubric_v1,ranking_target_margin,,False
входные двери цена Самара,https://samara.metaldveri.ru/,https://samara.mall-of-doors.ru/,strong,True,1.0,77.7,78.0,79.8812,71.6395,8.2417,3,8,5,query_preference_rubric_v5,d51_query_preference_rubric_v1,ranking_target_margin,,False
входные двери цена Самара,https://samara.metaldveri.ru/,https://sfdoors.ru/,strong,True,1.0,77.7,71.9,79.8812,70.3705,9.5107,3,6,3,query_preference_rubric_v5,d51_query_preference_rubric_v1,ranking_target_margin,,False
входные двери цена Самара,https://samara.metaldveri.ru/,https://vimdveri.ru/catalog/vhodnye-dveri/,strong,True,1.0,77.7,68.9,79.8812,61.3355,18.5457,3,10,7,query_preference_rubric_v5,d51_query_preference_rubric_v1,ranking_target_margin,,False
входные двери цена Самара,https://sfdoors.ru/,https://samara.lemanapro.ru/catalogue/vhodnye-dveri/,strong,True,1.0,71.9,27.1,70.3705,40.4694,29.9011,6,2,-4,query_preference_rubric_v5,d51_query_preference_rubric_v1,ranking_target_margin,,False
входные двери цена Самара,https://sfdoors.ru/,https://vimdveri.ru/catalog/vhodnye-dveri/,strong,True,1.0,71.9,68.9,70.3705,61.3355,9.035,6,10,4,query_preference_rubric_v5,d51_query_preference_rubric_v1,ranking_target_margin,,False
входные двери цена Самара,https://vimdveri.ru/catalog/vhodnye-dveri/,https://samara.lemanapro.ru/catalogue/vhodnye-dveri/,strong,True,1.0,68.9,27.1,61.3355,40.4694,20.8661,10,2,-8,query_preference_rubric_v5,d51_query_preference_rubric_v1,ranking_target_margin,,False
входные двери цена Санкт-Петербург,https://doors-lux.ru/,https://dveri-reg.ru/,uncertain,False,0.0,77.5,74.8,72.6801,68.9834,3.6967,7,8,1,query_preference_rubric_v5,d51_query_preference_rubric_v1,ranking_target_margin,,False
входные двери цена Санкт-Петербург,https://doors-lux.ru/,https://dverineva.ru/,uncertain,False,0.0,77.5,70.2,72.6801,68.7272,3.9529,7,6,-1,query_preference_rubric_v5,d51_query_preference_rubric_v1,ranking_target_margin,,False
входные двери цена Санкт-Петербург,https://doors-lux.ru/,https://spb.lemanapro.ru/catalogue/vhodnye-dveri/,strong,True,1.0,77.5,27.8,72.6801,41.0437,31.6364,7,2,-5,query_preference_rubric_v5,d51_query_preference_rubric_v1,ranking_target_margin,,False
входные двери цена Санкт-Петербург,https://doors-lux.ru/,https://steelline-spb.ru/catalog/vhodnye-dveri/,weak,True,0.5,77.5,75.3,72.6801,65.7356,6.9445,7,10,3,query_preference_rubric_v5,d51_query_preference_rubric_v1,ranking_target_margin,,False
входные двери цена Санкт-Петербург,https://doors-lux.ru/,https://www.mk-doors.ru/dveri/vhodnye-dveri/,weak,True,0.5,77.5,73.3,72.6801,66.2774,6.4027,7,9,2,query_preference_rubric_v5,d51_query_preference_rubric_v1,ranking_target_margin,,False
входные двери цена Санкт-Петербург,https://dveri-reg.ru/,https://spb.lemanapro.ru/catalogue/vhodnye-dveri/,strong,True,1.0,74.8,27.8,68.9834,41.0437,27.9397,8,2,-6,query_preference_rubric_v5,d51_query_preference_rubric_v1,ranking_target_margin,,False
входные двери цена Санкт-Петербург,https://dveri-reg.ru/,https://steelline-spb.ru/catalog/vhodnye-dveri/,uncertain,False,0.0,74.8,75.3,68.9834,65.7356,3.2478,8,10,2,query_preference_rubric_v5,d51_query_preference_rubric_v1,ranking_target_margin,,False
входные двери цена Санкт-Петербург,https://dveri-reg.ru/,https://www.mk-doors.ru/dveri/vhodnye-dveri/,uncertain,False,0.0,74.8,73.3,68.9834,66.2774,2.706,8,9,1,query_preference_rubric_v5,d51_query_preference_rubric_v1,ranking_target_margin,,False
входные двери цена Санкт-Петербург,https://dverineva.ru/,https://spb.lemanapro.ru/catalogue/vhodnye-dveri/,strong,True,1.0,70.2,27.8,68.7272,41.0437,27.6835,6,2,-4,query_preference_rubric_v5,d51_query_preference_rubric_v1,ranking_target_margin,,False
входные двери цена Санкт-Петербург,https://dverineva.ru/,https://steelline-spb.ru/catalog/vhodnye-dveri/,uncertain,False,0.0,70.2,75.3,68.7272,65.7356,2.9916,6,10,4,query_preference_rubric_v5,d51_query_preference_rubric_v1,ranking_target_margin,,False
входные двери цена Санкт-Петербург,https://dverineva.ru/,https://www.mk-doors.ru/dveri/vhodnye-dveri/,uncertain,False,0.0,70.2,73.3,68.7272,66.2774,2.4498,6,9,3,query_preference_rubric_v5,d51_query_preference_rubric_v1,ranking_target_margin,,False
входные двери цена Санкт-Петербург,https://spb.dveri-tmk.ru/catalog/vhodnye-dveri/,https://doors-lux.ru/,weak,True,0.5,70.2,77.5,77.832,72.6801,5.1519,1,7,6,query_preference_rubric_v5,d51_query_preference_rubric_v1,ranking_target_margin,,False
входные двери цена Санкт-Петербург,https://spb.dveri-tmk.ru/catalog/vhodnye-dveri/,https://dveri-reg.ru/,strong,True,1.0,70.2,74.8,77.832,68.9834,8.8486,1,8,7,query_preference_rubric_v5,d51_query_preference_rubric_v1,ranking_target_margin,,False
входные двери цена Санкт-Петербург,https://spb.dveri-tmk.ru/catalog/vhodnye-dveri/,https://dverineva.ru/,strong,True,1.0,70.2,70.2,77.832,68.7272,9.1048,1,6,5,query_preference_rubric_v5,d51_query_preference_rubric_v1,ranking_target_margin,,False
входные двери цена Санкт-Петербург,https://spb.dveri-tmk.ru/catalog/vhodnye-dveri/,https://spb.lemanapro.ru/catalogue/vhodnye-dveri/,strong,True,1.0,70.2,27.8,77.832,41.0437,36.7883,1,2,1,query_preference_rubric_v5,d51_query_preference_rubric_v1,ranking_target_margin,,False
входные двери цена Санкт-Петербург,https://spb.dveri-tmk.ru/catalog/vhodnye-dveri/,https://steelline-spb.ru/catalog/vhodnye-dveri/,strong,True,1.0,70.2,75.3,77.832,65.7356,12.0964,1,10,9,query_preference_rubric_v5,d51_query_preference_rubric_v1,ranking_target_margin,,False
входные двери цена Санкт-Петербург,https://spb.dveri-tmk.ru/catalog/vhodnye-dveri/,https://www.mk-doors.ru/dveri/vhodnye-dveri/,strong,True,1.0,70.2,73.3,77.832,66.2774,11.5546,1,9,8,query_preference_rubric_v5,d51_query_preference_rubric_v1,ranking_target_margin,,False
входные двери цена Санкт-Петербург,https://spb.dverimagnat.ru/,https://doors-lux.ru/,strong,True,1.0,82.3,77.5,83.7047,72.6801,11.0246,3,7,4,query_preference_rubric_v5,d51_query_preference_rubric_v1,ranking_target_margin,,False
входные двери цена Санкт-Петербург,https://spb.dverimagnat.ru/,https://dveri-reg.ru/,strong,True,1.0,82.3,74.8,83.7047,68.9834,14.7213,3,8,5,query_preference_rubric_v5,d51_query_preference_rubric_v1,ranking_target_margin,,False
входные двери цена Санкт-Петербург,https://spb.dverimagnat.ru/,https://dverineva.ru/,strong,True,1.0,82.3,70.2,83.7047,68.7272,14.9775,3,6,3,query_preference_rubric_v5,d51_query_preference_rubric_v1,ranking_target_margin,,False
входные двери цена Санкт-Петербург,https://spb.dverimagnat.ru/,https://spb.dveri-tmk.ru/catalog/vhodnye-dveri/,weak,True,0.5,82.3,70.2,83.7047,77.832,5.8727,3,1,-2,query_preference_rubric_v5,d51_query_preference_rubric_v1,ranking_target_margin,,False
входные двери цена Санкт-Петербург,https://spb.dverimagnat.ru/,https://spb.lemanapro.ru/catalogue/vhodnye-dveri/,strong,True,1.0,82.3,27.8,83.7047,41.0437,42.661,3,2,-1,query_preference_rubric_v5,d51_query_preference_rubric_v1,ranking_target_margin,,False
входные двери цена Санкт-Петербург,https://spb.dverimagnat.ru/,https://spb.mall-of-doors.ru/,weak,True,0.5,82.3,79.0,83.7047,77.5096,6.1951,3,5,2,query_preference_rubric_v5,d51_query_preference_rubric_v1,ranking_target_margin,,False
входные двери цена Санкт-Петербург,https://spb.dverimagnat.ru/,https://steelline-spb.ru/catalog/vhodnye-dveri/,strong,True,1.0,82.3,75.3,83.7047,65.7356,17.9691,3,10,7,query_preference_rubric_v5,d51_query_preference_rubric_v1,ranking_target_margin,,False
входные двери цена Санкт-Петербург,https://spb.dverimagnat.ru/,https://www.mk-doors.ru/dveri/vhodnye-dveri/,strong,True,1.0,82.3,73.3,83.7047,66.2774,17.4273,3,9,6,query_preference_rubric_v5,d51_query_preference_rubric_v1,ranking_target_margin,,False
входные двери цена Санкт-Петербург,https://spb.mall-of-doors.ru/,https://doors-lux.ru/,weak,True,0.5,79.0,77.5,77.5096,72.6801,4.8295,5,7,2,query_preference_rubric_v5,d51_query_preference_rubric_v1,ranking_target_margin,,False
входные двери цена Санкт-Петербург,https://spb.mall-of-doors.ru/,https://dveri-reg.ru/,strong,True,1.0,79.0,74.8,77.5096,68.9834,8.5262,5,8,3,query_preference_rubric_v5,d51_query_preference_rubric_v1,ranking_target_margin,,False
входные двери цена Санкт-Петербург,https://spb.mall-of-doors.ru/,https://dverineva.ru/,strong,True,1.0,79.0,70.2,77.5096,68.7272,8.7824,5,6,1,query_preference_rubric_v5,d51_query_preference_rubric_v1,ranking_target_margin,,False
входные двери цена Санкт-Петербург,https://spb.mall-of-doors.ru/,https://spb.lemanapro.ru/catalogue/vhodnye-dveri/,strong,True,1.0,79.0,27.8,77.5096,41.0437,36.4659,5,2,-3,query_preference_rubric_v5,d51_query_preference_rubric_v1,ranking_target_margin,,False
входные двери цена Санкт-Петербург,https://spb.mall-of-doors.ru/,https://steelline-spb.ru/catalog/vhodnye-dveri/,strong,True,1.0,79.0,75.3,77.5096,65.7356,11.774,5,10,5,query_preference_rubric_v5,d51_query_preference_rubric_v1,ranking_target_margin,,False
входные двери цена Санкт-Петербург,https://spb.mall-of-doors.ru/,https://www.mk-doors.ru/dveri/vhodnye-dveri/,strong,True,1.0,79.0,73.3,77.5096,66.2774,11.2322,5,9,4,query_preference_rubric_v5,d51_query_preference_rubric_v1,ranking_target_margin,,False
входные двери цена Санкт-Петербург,https://steelline-spb.ru/catalog/vhodnye-dveri/,https://spb.lemanapro.ru/catalogue/vhodnye-dveri/,strong,True,1.0,75.3,27.8,65.7356,41.0437,24.6919,10,2,-8,query_preference_rubric_v5,d51_query_preference_rubric_v1,ranking_target_margin,,False
входные двери цена Санкт-Петербург,https://www.mk-doors.ru/dveri/vhodnye-dveri/,https://spb.lemanapro.ru/catalogue/vhodnye-dveri/,strong,True,1.0,73.3,27.8,66.2774,41.0437,25.2337,9,2,-7,query_preference_rubric_v5,d51_query_preference_rubric_v1,ranking_target_margin,,False
как выбрать кухни на заказ,https://vkkuhni.ru/kak-vyibrat-kuhnyu/kak-vyibrat-kuhnyu-na-zakaz-polnyij-gajd-ot-proizvoditelya-s-15-letnim-opyitom.html,https://russia-zov.ru/articles/как-выбрать-кухню/,strong,True,1.0,79.3,72.8,85.1534,64.5823,20.5711,1,9,8,query_preference_rubric_v5,d51_query_preference_rubric_v1,ranking_target_margin,,False
как выбрать кухни на заказ,https://vkkuhni.ru/kak-vyibrat-kuhnyu/kak-vyibrat-kuhnyu-na-zakaz-polnyij-gajd-ot-proizvoditelya-s-15-letnim-opyitom.html,https://zov-mebel.ru/articles/кухня-на-заказ/,strong,True,1.0,79.3,77.1,85.1534,74.9937,10.1597,1,5,4,query_preference_rubric_v5,d51_query_preference_rubric_v1,ranking_target_margin,,False
как выбрать кухни на заказ,https://zov-mebel.ru/articles/кухня-на-заказ/,https://russia-zov.ru/articles/как-выбрать-кухню/,strong,True,1.0,77.1,72.8,74.9937,64.5823,10.4114,5,9,4,query_preference_rubric_v5,d51_query_preference_rubric_v1,ranking_target_margin,,False
как выбрать натяжные потолки,https://geometrium-school.ru/blog/kakie-byvayut-natyazhnye-potolki-tipy-materialy-rekomendaczii-po-vyboru/,https://pikabu.ru/story/kakie_natyazhnyie_potolki_vyibrat_v_kvartiru_v_2026_godu_matovyie_glyantsevyie_ili_satinovyie_13921758,strong,True,1.0,77.3,67.9,75.9417,62.0385,13.9032,5,9,4,query_preference_rubric_v5,d51_query_preference_rubric_v1,ranking_target_margin,,False
как выбрать натяжные потолки,https://markakachestva.ru/article/1180-kakoy-natyazhnoy-potolok-vybrat.html,https://geometrium-school.ru/blog/kakie-byvayut-natyazhnye-potolki-tipy-materialy-rekomendaczii-po-vyboru/,uncertain,False,0.0,73.3,77.3,79.5776,75.9417,3.6359,1,5,4,query_preference_rubric_v5,d51_query_preference_rubric_v1,ranking_target_margin,,False
как выбрать натяжные потолки,https://markakachestva.ru/article/1180-kakoy-natyazhnoy-potolok-vybrat.html,https://pikabu.ru/story/kakie_natyazhnyie_potolki_vyibrat_v_kvartiru_v_2026_godu_matovyie_glyantsevyie_ili_satinovyie_13921758,strong,True,1.0,73.3,67.9,79.5776,62.0385,17.5391,1,9,8,query_preference_rubric_v5,d51_query_preference_rubric_v1,ranking_target_margin,,False
как выбрать пластиковые окна,https://dom.mail.ru/articles/77101-kak-pravilno-vybrat-plastikovye-okna/,https://geometrium-school.ru/blog/kak-vybrat-plastikovye-okna/,strong,True,1.0,82.3,86.0,87.8948,79.1535,8.7413,1,7,6,query_preference_rubric_v5,d51_query_preference_rubric_v1,ranking_target_margin,,False
как выбрать пластиковые окна,https://dom.mail.ru/articles/77101-kak-pravilno-vybrat-plastikovye-okna/,https://mossetka.ru/Articles/Post/kak-vybrat-plastikovye-okna-pravilno,strong,True,1.0,82.3,81.8,87.8948,79.7201,8.1747,1,5,4,query_preference_rubric_v5,d51_query_preference_rubric_v1,ranking_target_margin,,False
как выбрать пластиковые окна,https://dom.mail.ru/articles/77101-kak-pravilno-vybrat-plastikovye-okna/,https://news.ru/society/kak-vybrat-plastikovye-okna-polnyj-gajd-po-materialam-vidam-i-furniture,strong,True,1.0,82.3,72.7,87.8948,78.0485,9.8463,1,2,1,query_preference_rubric_v5,d51_query_preference_rubric_v1,ranking_target_margin,,False
как выбрать пластиковые окна,https://dom.mail.ru/articles/77101-kak-pravilno-vybrat-plastikovye-okna/,https://okna-kpi.ru/vse-ob-oknakh/kak-vybrat-standartnye-razmery-i-vidy-plastikovyh-okon/,strong,True,1.0,82.3,70.1,87.8948,65.7371,22.1577,1,8,7,query_preference_rubric_v5,d51_query_preference_rubric_v1,ranking_target_margin,,False
как выбрать пластиковые окна,https://dom.mail.ru/articles/77101-kak-pravilno-vybrat-plastikovye-okna/,https://www.ivd.ru/stroitelstvo-i-remont/okna/kak-vybrat-plastikovye-okna-4-vazhnyh-momenta-kotorye-nuzhno-uchest-44801,strong,True,1.0,82.3,74.4,87.8948,68.329,19.5658,1,9,8,query_preference_rubric_v5,d51_query_preference_rubric_v1,ranking_target_margin,,False
как выбрать пластиковые окна,https://dom.mail.ru/articles/77101-kak-pravilno-vybrat-plastikovye-okna/,https://www.kp.ru/expert/stroitelstvo/luchshie-plastikovye-okna/,strong,True,1.0,82.3,72.4,87.8948,70.996,16.8988,1,6,5,query_preference_rubric_v5,d51_query_preference_rubric_v1,ranking_target_margin,,False
как выбрать пластиковые окна,https://dom.mail.ru/articles/77101-kak-pravilno-vybrat-plastikovye-okna/,https://www.metronews.ru/partners/novosti-partnerov-255/reviews/kak-vybrat-plastikovye-okna-polnoe-rukovodstvo-dlya-pokupatelya-2187979/,weak,True,0.5,82.3,81.1,87.8948,81.1894,6.7054,1,4,3,query_preference_rubric_v5,d51_query_preference_rubric_v1,ranking_target_margin,,False
как выбрать пластиковые окна,https://dom.mail.ru/articles/77101-kak-pravilno-vybrat-plastikovye-okna/,https://www.veka.ru/spravochnik/articles/windows/kakie-plastikovye-okna-luchshe,strong,True,1.0,82.3,74.4,87.8948,66.4092,21.4856,1,10,9,query_preference_rubric_v5,d51_query_preference_rubric_v1,ranking_target_margin,,False
как выбрать пластиковые окна,https://geometrium-school.ru/blog/kak-vybrat-plastikovye-okna/,https://okna-kpi.ru/vse-ob-oknakh/kak-vybrat-standartnye-razmery-i-vidy-plastikovyh-okon/,strong,True,1.0,86.0,70.1,79.1535,65.7371,13.4164,7,8,1,query_preference_rubric_v5,d51_query_preference_rubric_v1,ranking_target_margin,,False
как выбрать пластиковые окна,https://geometrium-school.ru/blog/kak-vybrat-plastikovye-okna/,https://www.ivd.ru/stroitelstvo-i-remont/okna/kak-vybrat-plastikovye-okna-4-vazhnyh-momenta-kotorye-nuzhno-uchest-44801,strong,True,1.0,86.0,74.4,79.1535,68.329,10.8245,7,9,2,query_preference_rubric_v5,d51_query_preference_rubric_v1,ranking_target_margin,,False
как выбрать пластиковые окна,https://geometrium-school.ru/blog/kak-vybrat-plastikovye-okna/,https://www.kp.ru/expert/stroitelstvo/luchshie-plastikovye-okna/,strong,True,1.0,86.0,72.4,79.1535,70.996,8.1575,7,6,-1,query_preference_rubric_v5,d51_query_preference_rubric_v1,ranking_target_margin,,False
как выбрать пластиковые окна,https://geometrium-school.ru/blog/kak-vybrat-plastikovye-okna/,https://www.veka.ru/spravochnik/articles/windows/kakie-plastikovye-okna-luchshe,strong,True,1.0,86.0,74.4,79.1535,66.4092,12.7443,7,10,3,query_preference_rubric_v5,d51_query_preference_rubric_v1,ranking_target_margin,,False
как выбрать пластиковые окна,https://mossetka.ru/Articles/Post/kak-vybrat-plastikovye-okna-pravilno,https://okna-kpi.ru/vse-ob-oknakh/kak-vybrat-standartnye-razmery-i-vidy-plastikovyh-okon/,strong,True,1.0,81.8,70.1,79.7201,65.7371,13.983,5,8,3,query_preference_rubric_v5,d51_query_preference_rubric_v1,ranking_target_margin,,False
как выбрать пластиковые окна,https://mossetka.ru/Articles/Post/kak-vybrat-plastikovye-okna-pravilno,https://www.ivd.ru/stroitelstvo-i-remont/okna/kak-vybrat-plastikovye-okna-4-vazhnyh-momenta-kotorye-nuzhno-uchest-44801,strong,True,1.0,81.8,74.4,79.7201,68.329,11.3911,5,9,4,query_preference_rubric_v5,d51_query_preference_rubric_v1,ranking_target_margin,,False
как выбрать пластиковые окна,https://mossetka.ru/Articles/Post/kak-vybrat-plastikovye-okna-pravilno,https://www.kp.ru/expert/stroitelstvo/luchshie-plastikovye-okna/,strong,True,1.0,81.8,72.4,79.7201,70.996,8.7241,5,6,1,query_preference_rubric_v5,d51_query_preference_rubric_v1,ranking_target_margin,,False
как выбрать пластиковые окна,https://mossetka.ru/Articles/Post/kak-vybrat-plastikovye-okna-pravilno,https://www.veka.ru/spravochnik/articles/windows/kakie-plastikovye-okna-luchshe,strong,True,1.0,81.8,74.4,79.7201,66.4092,13.3109,5,10,5,query_preference_rubric_v5,d51_query_preference_rubric_v1,ranking_target_margin,,False
как выбрать пластиковые окна,https://news.ru/society/kak-vybrat-plastikovye-okna-polnyj-gajd-po-materialam-vidam-i-furniture,https://okna-kpi.ru/vse-ob-oknakh/kak-vybrat-standartnye-razmery-i-vidy-plastikovyh-okon/,strong,True,1.0,72.7,70.1,78.0485,65.7371,12.3114,2,8,6,query_preference_rubric_v5,d51_query_preference_rubric_v1,ranking_target_margin,,False
как выбрать пластиковые окна,https://news.ru/society/kak-vybrat-plastikovye-okna-polnyj-gajd-po-materialam-vidam-i-furniture,https://www.ivd.ru/stroitelstvo-i-remont/okna/kak-vybrat-plastikovye-okna-4-vazhnyh-momenta-kotorye-nuzhno-uchest-44801,strong,True,1.0,72.7,74.4,78.0485,68.329,9.7195,2,9,7,query_preference_rubric_v5,d51_query_preference_rubric_v1,ranking_target_margin,,False
как выбрать пластиковые окна,https://news.ru/society/kak-vybrat-plastikovye-okna-polnyj-gajd-po-materialam-vidam-i-furniture,https://www.kp.ru/expert/stroitelstvo/luchshie-plastikovye-okna/,weak,True,0.5,72.7,72.4,78.0485,70.996,7.0525,2,6,4,query_preference_rubric_v5,d51_query_preference_rubric_v1,ranking_target_margin,,False
как выбрать пластиковые окна,https://news.ru/society/kak-vybrat-plastikovye-okna-polnyj-gajd-po-materialam-vidam-i-furniture,https://www.veka.ru/spravochnik/articles/windows/kakie-plastikovye-okna-luchshe,strong,True,1.0,72.7,74.4,78.0485,66.4092,11.6393,2,10,8,query_preference_rubric_v5,d51_query_preference_rubric_v1,ranking_target_margin,,False
как выбрать пластиковые окна,https://okonti.ru/articles/kak-vybrat-plastikovye-okna-v-kvartiru/,https://geometrium-school.ru/blog/kak-vybrat-plastikovye-okna/,weak,True,0.5,87.2,86.0,86.8401,79.1535,7.6866,3,7,4,query_preference_rubric_v5,d51_query_preference_rubric_v1,ranking_target_margin,,False
как выбрать пластиковые окна,https://okonti.ru/articles/kak-vybrat-plastikovye-okna-v-kvartiru/,https://mossetka.ru/Articles/Post/kak-vybrat-plastikovye-okna-pravilno,weak,True,0.5,87.2,81.8,86.8401,79.7201,7.12,3,5,2,query_preference_rubric_v5,d51_query_preference_rubric_v1,ranking_target_margin,,False
как выбрать пластиковые окна,https://okonti.ru/articles/kak-vybrat-plastikovye-okna-v-kvartiru/,https://news.ru/society/kak-vybrat-plastikovye-okna-polnyj-gajd-po-materialam-vidam-i-furniture,strong,True,1.0,87.2,72.7,86.8401,78.0485,8.7916,3,2,-1,query_preference_rubric_v5,d51_query_preference_rubric_v1,ranking_target_margin,,False
как выбрать пластиковые окна,https://okonti.ru/articles/kak-vybrat-plastikovye-okna-v-kvartiru/,https://okna-kpi.ru/vse-ob-oknakh/kak-vybrat-standartnye-razmery-i-vidy-plastikovyh-okon/,strong,True,1.0,87.2,70.1,86.8401,65.7371,21.103,3,8,5,query_preference_rubric_v5,d51_query_preference_rubric_v1,ranking_target_margin,,False
как выбрать пластиковые окна,https://okonti.ru/articles/kak-vybrat-plastikovye-okna-v-kvartiru/,https://www.ivd.ru/stroitelstvo-i-remont/okna/kak-vybrat-plastikovye-okna-4-vazhnyh-momenta-kotorye-nuzhno-uchest-44801,strong,True,1.0,87.2,74.4,86.8401,68.329,18.5111,3,9,6,query_preference_rubric_v5,d51_query_preference_rubric_v1,ranking_target_margin,,False
как выбрать пластиковые окна,https://okonti.ru/articles/kak-vybrat-plastikovye-okna-v-kvartiru/,https://www.kp.ru/expert/stroitelstvo/luchshie-plastikovye-okna/,strong,True,1.0,87.2,72.4,86.8401,70.996,15.8441,3,6,3,query_preference_rubric_v5,d51_query_preference_rubric_v1,ranking_target_margin,,False
как выбрать пластиковые окна,https://okonti.ru/articles/kak-vybrat-plastikovye-okna-v-kvartiru/,https://www.metronews.ru/partners/novosti-partnerov-255/reviews/kak-vybrat-plastikovye-okna-polnoe-rukovodstvo-dlya-pokupatelya-2187979/,weak,True,0.5,87.2,81.1,86.8401,81.1894,5.6507,3,4,1,query_preference_rubric_v5,d51_query_preference_rubric_v1,ranking_target_margin,,False
как выбрать пластиковые окна,https://okonti.ru/articles/kak-vybrat-plastikovye-okna-v-kvartiru/,https://www.veka.ru/spravochnik/articles/windows/kakie-plastikovye-okna-luchshe,strong,True,1.0,87.2,74.4,86.8401,66.4092,20.4309,3,10,7,query_preference_rubric_v5,d51_query_preference_rubric_v1,ranking_target_margin,,False
как выбрать пластиковые окна,https://www.ivd.ru/stroitelstvo-i-remont/okna/kak-vybrat-plastikovye-okna-4-vazhnyh-momenta-kotorye-nuzhno-uchest-44801,https://okna-kpi.ru/vse-ob-oknakh/kak-vybrat-standartnye-razmery-i-vidy-plastikovyh-okon/,uncertain,False,0.0,74.4,70.1,68.329,65.7371,2.5919,9,8,-1,query_preference_rubric_v5,d51_query_preference_rubric_v1,ranking_target_margin,,False
как выбрать пластиковые окна,https://www.kp.ru/expert/stroitelstvo/luchshie-plastikovye-okna/,https://okna-kpi.ru/vse-ob-oknakh/kak-vybrat-standartnye-razmery-i-vidy-plastikovyh-okon/,weak,True,0.5,72.4,70.1,70.996,65.7371,5.2589,6,8,2,query_preference_rubric_v5,d51_query_preference_rubric_v1,ranking_target_margin,,False
как выбрать пластиковые окна,https://www.kp.ru/expert/stroitelstvo/luchshie-plastikovye-okna/,https://www.ivd.ru/stroitelstvo-i-remont/okna/kak-vybrat-plastikovye-okna-4-vazhnyh-momenta-kotorye-nuzhno-uchest-44801,uncertain,False,0.0,72.4,74.4,70.996,68.329,2.667,6,9,3,query_preference_rubric_v5,d51_query_preference_rubric_v1,ranking_target_margin,,False
как выбрать пластиковые окна,https://www.kp.ru/expert/stroitelstvo/luchshie-plastikovye-okna/,https://www.veka.ru/spravochnik/articles/windows/kakie-plastikovye-okna-luchshe,weak,True,0.5,72.4,74.4,70.996,66.4092,4.5868,6,10,4,query_preference_rubric_v5,d51_query_preference_rubric_v1,ranking_target_margin,,False
как выбрать пластиковые окна,https://www.metronews.ru/partners/novosti-partnerov-255/reviews/kak-vybrat-plastikovye-okna-polnoe-rukovodstvo-dlya-pokupatelya-2187979/,https://geometrium-school.ru/blog/kak-vybrat-plastikovye-okna/,uncertain,False,0.0,81.1,86.0,81.1894,79.1535,2.0359,4,7,3,query_preference_rubric_v5,d51_query_preference_rubric_v1,ranking_target_margin,,False
как выбрать пластиковые окна,https://www.metronews.ru/partners/novosti-partnerov-255/reviews/kak-vybrat-plastikovye-okna-polnoe-rukovodstvo-dlya-pokupatelya-2187979/,https://news.ru/society/kak-vybrat-plastikovye-okna-polnyj-gajd-po-materialam-vidam-i-furniture,uncertain,False,0.0,81.1,72.7,81.1894,78.0485,3.1409,4,2,-2,query_preference_rubric_v5,d51_query_preference_rubric_v1,ranking_target_margin,,False
как выбрать пластиковые окна,https://www.metronews.ru/partners/novosti-partnerov-255/reviews/kak-vybrat-plastikovye-okna-polnoe-rukovodstvo-dlya-pokupatelya-2187979/,https://okna-kpi.ru/vse-ob-oknakh/kak-vybrat-standartnye-razmery-i-vidy-plastikovyh-okon/,strong,True,1.0,81.1,70.1,81.1894,65.7371,15.4523,4,8,4,query_preference_rubric_v5,d51_query_preference_rubric_v1,ranking_target_margin,,False
как выбрать пластиковые окна,https://www.metronews.ru/partners/novosti-partnerov-255/reviews/kak-vybrat-plastikovye-okna-polnoe-rukovodstvo-dlya-pokupatelya-2187979/,https://www.ivd.ru/stroitelstvo-i-remont/okna/kak-vybrat-plastikovye-okna-4-vazhnyh-momenta-kotorye-nuzhno-uchest-44801,strong,True,1.0,81.1,74.4,81.1894,68.329,12.8604,4,9,5,query_preference_rubric_v5,d51_query_preference_rubric_v1,ranking_target_margin,,False
как выбрать пластиковые окна,https://www.metronews.ru/partners/novosti-partnerov-255/reviews/kak-vybrat-plastikovye-okna-polnoe-rukovodstvo-dlya-pokupatelya-2187979/,https://www.kp.ru/expert/stroitelstvo/luchshie-plastikovye-okna/,strong,True,1.0,81.1,72.4,81.1894,70.996,10.1934,4,6,2,query_preference_rubric_v5,d51_query_preference_rubric_v1,ranking_target_margin,,False
как выбрать пластиковые окна,https://www.metronews.ru/partners/novosti-partnerov-255/reviews/kak-vybrat-plastikovye-okna-polnoe-rukovodstvo-dlya-pokupatelya-2187979/,https://www.veka.ru/spravochnik/articles/windows/kakie-plastikovye-okna-luchshe,strong,True,1.0,81.1,74.4,81.1894,66.4092,14.7802,4,10,6,query_preference_rubric_v5,d51_query_preference_rubric_v1,ranking_target_margin,,False
как выбрать шкафы-купе,http://www.realto.ru/journal/articles/kak-vybrat-shkaf-kupe-v-kvartiru-obzor-mehanizmov-i-sistem-hraneniya/,http://shkafy-spb.ru/about/articles/kak-vybrat-shkaf-kupe/,strong,True,1.0,72.5,77.4,79.8145,69.9745,9.84,1,9,8,query_preference_rubric_v5,d51_query_preference_rubric_v1,ranking_target_margin,,False
как выбрать шкафы-купе,http://www.realto.ru/journal/articles/kak-vybrat-shkaf-kupe-v-kvartiru-obzor-mehanizmov-i-sistem-hraneniya/,https://mebelino-mebel.ru/articles/vybiraem-shkaf-kupe-material-konfiguratsiya-furnitura/,weak,True,0.5,72.5,73.6,79.8145,72.3229,7.4916,1,5,4,query_preference_rubric_v5,d51_query_preference_rubric_v1,ranking_target_margin,,False
как выбрать шкафы-купе,http://www.realto.ru/journal/articles/kak-vybrat-shkaf-kupe-v-kvartiru-obzor-mehanizmov-i-sistem-hraneniya/,https://mebelmrya.ru/blog/kak-pravilno-vybrat-shkaf-kupe-prakticheskoe-rukovodstvo,strong,True,1.0,72.5,70.5,79.8145,68.8184,10.9961,1,7,6,query_preference_rubric_v5,d51_query_preference_rubric_v1,ranking_target_margin,,False
как выбрать шкафы-купе,http://www.realto.ru/journal/articles/kak-vybrat-shkaf-kupe-v-kvartiru-obzor-mehanizmov-i-sistem-hraneniya/,https://nadivan.ru/blog/kak-vybrat-shkaf-kupe/,weak,True,0.5,72.5,69.8,79.8145,72.2334,7.5811,1,4,3,query_preference_rubric_v5,d51_query_preference_rubric_v1,ranking_target_margin,,False
как выбрать шкафы-купе,http://www.realto.ru/journal/articles/kak-vybrat-shkaf-kupe-v-kvartiru-obzor-mehanizmov-i-sistem-hraneniya/,https://rewood-mebel.ru/buyers/blog/kak_vybrat_shkaf_kupe_vidy_razmery_i_sovety_po_vyboru/,weak,True,0.5,72.5,78.3,79.8145,72.2606,7.5539,1,8,7,query_preference_rubric_v5,d51_query_preference_rubric_v1,ranking_target_margin,,False
как выбрать шкафы-купе,https://mebelino-mebel.ru/articles/vybiraem-shkaf-kupe-material-konfiguratsiya-furnitura/,http://shkafy-spb.ru/about/articles/kak-vybrat-shkaf-kupe/,uncertain,False,0.0,73.6,77.4,72.3229,69.9745,2.3484,5,9,4,query_preference_rubric_v5,d51_query_preference_rubric_v1,ranking_target_margin,,False
как выбрать шкафы-купе,https://mebelino-mebel.ru/articles/vybiraem-shkaf-kupe-material-konfiguratsiya-furnitura/,https://mebelmrya.ru/blog/kak-pravilno-vybrat-shkaf-kupe-prakticheskoe-rukovodstvo,uncertain,False,0.0,73.6,70.5,72.3229,68.8184,3.5045,5,7,2,query_preference_rubric_v5,d51_query_preference_rubric_v1,ranking_target_margin,,False
как выбрать шкафы-купе,https://nadivan.ru/blog/kak-vybrat-shkaf-kupe/,http://shkafy-spb.ru/about/articles/kak-vybrat-shkaf-kupe/,uncertain,False,0.0,69.8,77.4,72.2334,69.9745,2.2589,4,9,5,query_preference_rubric_v5,d51_query_preference_rubric_v1,ranking_target_margin,,False
как выбрать шкафы-купе,https://nadivan.ru/blog/kak-vybrat-shkaf-kupe/,https://mebelmrya.ru/blog/kak-pravilno-vybrat-shkaf-kupe-prakticheskoe-rukovodstvo,uncertain,False,0.0,69.8,70.5,72.2334,68.8184,3.415,4,7,3,query_preference_rubric_v5,d51_query_preference_rubric_v1,ranking_target_margin,,False
как выбрать шкафы-купе,https://rewood-mebel.ru/buyers/blog/kak_vybrat_shkaf_kupe_vidy_razmery_i_sovety_po_vyboru/,http://shkafy-spb.ru/about/articles/kak-vybrat-shkaf-kupe/,uncertain,False,0.0,78.3,77.4,72.2606,69.9745,2.2861,8,9,1,query_preference_rubric_v5,d51_query_preference_rubric_v1,ranking_target_margin,,False
как выбрать шкафы-купе,https://rewood-mebel.ru/buyers/blog/kak_vybrat_shkaf_kupe_vidy_razmery_i_sovety_po_vyboru/,https://mebelmrya.ru/blog/kak-pravilno-vybrat-shkaf-kupe-prakticheskoe-rukovodstvo,uncertain,False,0.0,78.3,70.5,72.2606,68.8184,3.4422,8,7,-1,query_preference_rubric_v5,d51_query_preference_rubric_v1,ranking_target_margin,,False
как выбрать шкафы-купе,https://www.artis21.ru/blog/kak-vybrat-shkaf-kupe-vidy-razmery-materialy-i-napolnenie/,http://shkafy-spb.ru/about/articles/kak-vybrat-shkaf-kupe/,strong,True,1.0,77.4,77.4,81.5607,69.9745,11.5862,2,9,7,query_preference_rubric_v5,d51_query_preference_rubric_v1,ranking_target_margin,,False
как выбрать шкафы-купе,https://www.artis21.ru/blog/kak-vybrat-shkaf-kupe-vidy-razmery-materialy-i-napolnenie/,https://mebelino-mebel.ru/articles/vybiraem-shkaf-kupe-material-konfiguratsiya-furnitura/,strong,True,1.0,77.4,73.6,81.5607,72.3229,9.2378,2,5,3,query_preference_rubric_v5,d51_query_preference_rubric_v1,ranking_target_margin,,False
как выбрать шкафы-купе,https://www.artis21.ru/blog/kak-vybrat-shkaf-kupe-vidy-razmery-materialy-i-napolnenie/,https://mebelmrya.ru/blog/kak-pravilno-vybrat-shkaf-kupe-prakticheskoe-rukovodstvo,strong,True,1.0,77.4,70.5,81.5607,68.8184,12.7423,2,7,5,query_preference_rubric_v5,d51_query_preference_rubric_v1,ranking_target_margin,,False
как выбрать шкафы-купе,https://www.artis21.ru/blog/kak-vybrat-shkaf-kupe-vidy-razmery-materialy-i-napolnenie/,https://nadivan.ru/blog/kak-vybrat-shkaf-kupe/,strong,True,1.0,77.4,69.8,81.5607,72.2334,9.3273,2,4,2,query_preference_rubric_v5,d51_query_preference_rubric_v1,ranking_target_margin,,False
как выбрать шкафы-купе,https://www.artis21.ru/blog/kak-vybrat-shkaf-kupe-vidy-razmery-materialy-i-napolnenie/,https://rewood-mebel.ru/buyers/blog/kak_vybrat_shkaf_kupe_vidy_razmery_i_sovety_po_vyboru/,strong,True,1.0,77.4,78.3,81.5607,72.2606,9.3001,2,8,6,query_preference_rubric_v5,d51_query_preference_rubric_v1,ranking_target_margin,,False
как выбрать шкафы-купе,https://www.mebelmsk.ru/stati/sovety-eksperta/kak_vybrat_shkaf_kupe/,http://shkafy-spb.ru/about/articles/kak-vybrat-shkaf-kupe/,strong,True,1.0,81.3,77.4,83.3333,69.9745,13.3588,3,9,6,query_preference_rubric_v5,d51_query_preference_rubric_v1,ranking_target_margin,,False
как выбрать шкафы-купе,https://www.mebelmsk.ru/stati/sovety-eksperta/kak_vybrat_shkaf_kupe/,http://www.realto.ru/journal/articles/kak-vybrat-shkaf-kupe-v-kvartiru-obzor-mehanizmov-i-sistem-hraneniya/,uncertain,False,0.0,81.3,72.5,83.3333,79.8145,3.5188,3,1,-2,query_preference_rubric_v5,d51_query_preference_rubric_v1,ranking_target_margin,,False
как выбрать шкафы-купе,https://www.mebelmsk.ru/stati/sovety-eksperta/kak_vybrat_shkaf_kupe/,https://mebelino-mebel.ru/articles/vybiraem-shkaf-kupe-material-konfiguratsiya-furnitura/,strong,True,1.0,81.3,73.6,83.3333,72.3229,11.0104,3,5,2,query_preference_rubric_v5,d51_query_preference_rubric_v1,ranking_target_margin,,False
как выбрать шкафы-купе,https://www.mebelmsk.ru/stati/sovety-eksperta/kak_vybrat_shkaf_kupe/,https://mebelmrya.ru/blog/kak-pravilno-vybrat-shkaf-kupe-prakticheskoe-rukovodstvo,strong,True,1.0,81.3,70.5,83.3333,68.8184,14.5149,3,7,4,query_preference_rubric_v5,d51_query_preference_rubric_v1,ranking_target_margin,,False
как выбрать шкафы-купе,https://www.mebelmsk.ru/stati/sovety-eksperta/kak_vybrat_shkaf_kupe/,https://nadivan.ru/blog/kak-vybrat-shkaf-kupe/,strong,True,1.0,81.3,69.8,83.3333,72.2334,11.0999,3,4,1,query_preference_rubric_v5,d51_query_preference_rubric_v1,ranking_target_margin,,False
как выбрать шкафы-купе,https://www.mebelmsk.ru/stati/sovety-eksperta/kak_vybrat_shkaf_kupe/,https://rewood-mebel.ru/buyers/blog/kak_vybrat_shkaf_kupe_vidy_razmery_i_sovety_po_vyboru/,strong,True,1.0,81.3,78.3,83.3333,72.2606,11.0727,3,8,5,query_preference_rubric_v5,d51_query_preference_rubric_v1,ranking_target_margin,,False
кухни на заказ Екатеринбург,https://ekaterinburg.vernokuhni.ru/,https://dom-mania.ru/,strong,True,1.25,74.8,75.1,78.0676,66.9282,11.1394,3,10,7,query_preference_rubric_v5,d51_query_preference_rubric_v1,d50_top3_recovery,rank_prior_disagreement,True
кухни на заказ Екатеринбург,https://ekaterinburg.vernokuhni.ru/,https://na-zakaz-mebel.com/,weak,True,0.65,74.8,81.0,78.0676,81.2022,-3.1346,3,4,1,query_preference_rubric_v5,d51_query_preference_rubric_v1,d50_top3_recovery,rank_prior_disagreement,True
кухни на заказ Екатеринбург,https://ekaterinburg.vernokuhni.ru/,https://www.vkuskuhni.ru/,weak,True,0.65,74.8,81.8,78.0676,76.3578,1.7098,3,7,4,query_preference_rubric_v5,d51_query_preference_rubric_v1,d50_top3_recovery,rank_prior_disagreement,True
кухни на заказ Екатеринбург,https://kitchenrm.ru/,https://dom-mania.ru/,weak,True,0.65,70.5,75.1,78.0315,66.9282,11.1033,1,10,9,query_preference_rubric_v5,d51_query_preference_rubric_v1,d50_top3_recovery,rank_prior_disagreement,True
кухни на заказ Екатеринбург,https://kitchenrm.ru/,https://na-zakaz-mebel.com/,weak,True,0.65,70.5,81.0,78.0315,81.2022,-3.1707,1,4,3,query_preference_rubric_v5,d51_query_preference_rubric_v1,d50_top3_recovery,rank_prior_disagreement,True
кухни на заказ Екатеринбург,https://kitchenrm.ru/,https://www.vkuskuhni.ru/,weak,True,0.65,70.5,81.8,78.0315,76.3578,1.6737,1,7,6,query_preference_rubric_v5,d51_query_preference_rubric_v1,d50_top3_recovery,rank_prior_disagreement,True
кухни на заказ Екатеринбург,https://www.lovekuhnya.ru/,https://dom-mania.ru/,strong,True,1.25,79.8,75.1,83.6978,66.9282,16.7696,2,10,8,query_preference_rubric_v5,d51_query_preference_rubric_v1,d50_top3_recovery,rank_prior_disagreement,True
кухни на заказ Екатеринбург,https://www.lovekuhnya.ru/,https://na-zakaz-mebel.com/,strong,True,1.25,79.8,81.0,83.6978,81.2022,2.4956,2,4,2,query_preference_rubric_v5,d51_query_preference_rubric_v1,d50_top3_recovery,rank_prior_disagreement,True
кухни на заказ Екатеринбург,https://www.lovekuhnya.ru/,https://www.vkuskuhni.ru/,strong,True,1.25,79.8,81.8,83.6978,76.3578,7.34,2,7,5,query_preference_rubric_v5,d51_query_preference_rubric_v1,d50_top3_recovery,rank_prior_disagreement,True
кухни на заказ Екатеринбург,https://dom-mania.ru/,https://ekaterinburg.lemanapro.ru/proekt-kuhni/na-zakaz/,strong,True,1.0,75.1,27.0,66.9282,35.4721,31.4561,10,5,-5,query_preference_rubric_v5,d51_query_preference_rubric_v1,ranking_target_margin,,True
кухни на заказ Екатеринбург,https://dom-mania.ru/,https://kuhnya-ekb.ru/,strong,True,1.0,75.1,27.3,66.9282,30.3069,36.6213,10,8,-2,query_preference_rubric_v5,d51_query_preference_rubric_v1,ranking_target_margin,,True
кухни на заказ Екатеринбург,https://dom-mania.ru/,https://yutnaya-kuhnya.com/,uncertain,False,0.0,75.1,68.8,66.9282,64.3651,2.5631,10,9,-1,query_preference_rubric_v5,d51_query_preference_rubric_v1,ranking_target_margin,,True
кухни на заказ Екатеринбург,https://ekaterinburg.lemanapro.ru/proekt-kuhni/na-zakaz/,https://kuhnya-ekb.ru/,weak,True,0.5,27.0,27.3,35.4721,30.3069,5.1652,5,8,3,query_preference_rubric_v5,d51_query_preference_rubric_v1,ranking_target_margin,,True
кухни на заказ Екатеринбург,https://ekaterinburg.vernokuhni.ru/,https://ekaterinburg.lemanapro.ru/proekt-kuhni/na-zakaz/,strong,True,1.0,74.8,27.0,78.0676,35.4721,42.5955,3,5,2,query_preference_rubric_v5,d51_query_preference_rubric_v1,ranking_target_margin,,True
кухни на заказ Екатеринбург,https://ekaterinburg.vernokuhni.ru/,https://kuhnya-ekb.ru/,strong,True,1.0,74.8,27.3,78.0676,30.3069,47.7607,3,8,5,query_preference_rubric_v5,d51_query_preference_rubric_v1,ranking_target_margin,,True
кухни на заказ Екатеринбург,https://ekaterinburg.vernokuhni.ru/,https://yutnaya-kuhnya.com/,strong,True,1.0,74.8,68.8,78.0676,64.3651,13.7025,3,9,6,query_preference_rubric_v5,d51_query_preference_rubric_v1,ranking_target_margin,,True
кухни на заказ Екатеринбург,https://ekaterinburg.vernokuhni.ru/,https://е-кухни.рф/,uncertain,False,0.0,74.8,76.4,78.0676,74.1808,3.8868,3,6,3,query_preference_rubric_v5,d51_query_preference_rubric_v1,ranking_target_margin,,True
кухни на заказ Екатеринбург,https://kitchenrm.ru/,https://ekaterinburg.lemanapro.ru/proekt-kuhni/na-zakaz/,strong,True,1.0,70.5,27.0,78.0315,35.4721,42.5594,1,5,4,query_preference_rubric_v5,d51_query_preference_rubric_v1,ranking_target_margin,,True
кухни на заказ Екатеринбург,https://kitchenrm.ru/,https://kuhnya-ekb.ru/,strong,True,1.0,70.5,27.3,78.0315,30.3069,47.7246,1,8,7,query_preference_rubric_v5,d51_query_preference_rubric_v1,ranking_target_margin,,True
кухни на заказ Екатеринбург,https://kitchenrm.ru/,https://yutnaya-kuhnya.com/,strong,True,1.0,70.5,68.8,78.0315,64.3651,13.6664,1,9,8,query_preference_rubric_v5,d51_query_preference_rubric_v1,ranking_target_margin,,True
кухни на заказ Екатеринбург,https://kitchenrm.ru/,https://е-кухни.рф/,uncertain,False,0.0,70.5,76.4,78.0315,74.1808,3.8507,1,6,5,query_preference_rubric_v5,d51_query_preference_rubric_v1,ranking_target_margin,,True
кухни на заказ Екатеринбург,https://na-zakaz-mebel.com/,https://dom-mania.ru/,strong,True,1.0,81.0,75.1,81.2022,66.9282,14.274,4,10,6,query_preference_rubric_v5,d51_query_preference_rubric_v1,ranking_target_margin,,True
кухни на заказ Екатеринбург,https://na-zakaz-mebel.com/,https://ekaterinburg.lemanapro.ru/proekt-kuhni/na-zakaz/,strong,True,1.0,81.0,27.0,81.2022,35.4721,45.7301,4,5,1,query_preference_rubric_v5,d51_query_preference_rubric_v1,ranking_target_margin,,True
кухни на заказ Екатеринбург,https://na-zakaz-mebel.com/,https://ekaterinburg.vernokuhni.ru/,uncertain,False,0.0,81.0,74.8,81.2022,78.0676,3.1346,4,3,-1,query_preference_rubric_v5,d51_query_preference_rubric_v1,ranking_target_margin,,True
кухни на заказ Екатеринбург,https://na-zakaz-mebel.com/,https://kitchenrm.ru/,uncertain,False,0.0,81.0,70.5,81.2022,78.0315,3.1707,4,1,-3,query_preference_rubric_v5,d51_query_preference_rubric_v1,ranking_target_margin,,True
кухни на заказ Екатеринбург,https://na-zakaz-mebel.com/,https://kuhnya-ekb.ru/,strong,True,1.0,81.0,27.3,81.2022,30.3069,50.8953,4,8,4,query_preference_rubric_v5,d51_query_preference_rubric_v1,ranking_target_margin,,True
кухни на заказ Екатеринбург,https://na-zakaz-mebel.com/,https://www.vkuskuhni.ru/,weak,True,0.5,81.0,81.8,81.2022,76.3578,4.8444,4,7,3,query_preference_rubric_v5,d51_query_preference_rubric_v1,ranking_target_margin,,True
кухни на заказ Екатеринбург,https://na-zakaz-mebel.com/,https://yutnaya-kuhnya.com/,strong,True,1.0,81.0,68.8,81.2022,64.3651,16.8371,4,9,5,query_preference_rubric_v5,d51_query_preference_rubric_v1,ranking_target_margin,,True
кухни на заказ Екатеринбург,https://na-zakaz-mebel.com/,https://е-кухни.рф/,weak,True,0.5,81.0,76.4,81.2022,74.1808,7.0214,4,6,2,query_preference_rubric_v5,d51_query_preference_rubric_v1,ranking_target_margin,,True
кухни на заказ Екатеринбург,https://www.lovekuhnya.ru/,https://ekaterinburg.lemanapro.ru/proekt-kuhni/na-zakaz/,strong,True,1.0,79.8,27.0,83.6978,35.4721,48.2257,2,5,3,query_preference_rubric_v5,d51_query_preference_rubric_v1,ranking_target_margin,,True
кухни на заказ Екатеринбург,https://www.lovekuhnya.ru/,https://ekaterinburg.vernokuhni.ru/,weak,True,0.5,79.8,74.8,83.6978,78.0676,5.6302,2,3,1,query_preference_rubric_v5,d51_query_preference_rubric_v1,ranking_target_margin,,True
кухни на заказ Екатеринбург,https://www.lovekuhnya.ru/,https://kitchenrm.ru/,weak,True,0.5,79.8,70.5,83.6978,78.0315,5.6663,2,1,-1,query_preference_rubric_v5,d51_query_preference_rubric_v1,ranking_target_margin,,True
кухни на заказ Екатеринбург,https://www.lovekuhnya.ru/,https://kuhnya-ekb.ru/,strong,True,1.0,79.8,27.3,83.6978,30.3069,53.3909,2,8,6,query_preference_rubric_v5,d51_query_preference_rubric_v1,ranking_target_margin,,True
кухни на заказ Екатеринбург,https://www.lovekuhnya.ru/,https://yutnaya-kuhnya.com/,strong,True,1.0,79.8,68.8,83.6978,64.3651,19.3327,2,9,7,query_preference_rubric_v5,d51_query_preference_rubric_v1,ranking_target_margin,,True
кухни на заказ Екатеринбург,https://www.lovekuhnya.ru/,https://е-кухни.рф/,strong,True,1.0,79.8,76.4,83.6978,74.1808,9.517,2,6,4,query_preference_rubric_v5,d51_query_preference_rubric_v1,ranking_target_margin,,True
кухни на заказ Екатеринбург,https://www.vkuskuhni.ru/,https://dom-mania.ru/,strong,True,1.0,81.8,75.1,76.3578,66.9282,9.4296,7,10,3,query_preference_rubric_v5,d51_query_preference_rubric_v1,ranking_target_margin,,True
кухни на заказ Екатеринбург,https://www.vkuskuhni.ru/,https://ekaterinburg.lemanapro.ru/proekt-kuhni/na-zakaz/,strong,True,1.0,81.8,27.0,76.3578,35.4721,40.8857,7,5,-2,query_preference_rubric_v5,d51_query_preference_rubric_v1,ranking_target_margin,,True
кухни на заказ Екатеринбург,https://www.vkuskuhni.ru/,https://kuhnya-ekb.ru/,strong,True,1.0,81.8,27.3,76.3578,30.3069,46.0509,7,8,1,query_preference_rubric_v5,d51_query_preference_rubric_v1,ranking_target_margin,,True
кухни на заказ Екатеринбург,https://www.vkuskuhni.ru/,https://yutnaya-kuhnya.com/,strong,True,1.0,81.8,68.8,76.3578,64.3651,11.9927,7,9,2,query_preference_rubric_v5,d51_query_preference_rubric_v1,ranking_target_margin,,True
кухни на заказ Екатеринбург,https://www.vkuskuhni.ru/,https://е-кухни.рф/,uncertain,False,0.0,81.8,76.4,76.3578,74.1808,2.177,7,6,-1,query_preference_rubric_v5,d51_query_preference_rubric_v1,ranking_target_margin,,True
кухни на заказ Екатеринбург,https://yutnaya-kuhnya.com/,https://ekaterinburg.lemanapro.ru/proekt-kuhni/na-zakaz/,strong,True,1.0,68.8,27.0,64.3651,35.4721,28.893,9,5,-4,query_preference_rubric_v5,d51_query_preference_rubric_v1,ranking_target_margin,,True
кухни на заказ Екатеринбург,https://yutnaya-kuhnya.com/,https://kuhnya-ekb.ru/,strong,True,1.0,68.8,27.3,64.3651,30.3069,34.0582,9,8,-1,query_preference_rubric_v5,d51_query_preference_rubric_v1,ranking_target_margin,,True
кухни на заказ Екатеринбург,https://е-кухни.рф/,https://dom-mania.ru/,weak,True,0.5,76.4,75.1,74.1808,66.9282,7.2526,6,10,4,query_preference_rubric_v5,d51_query_preference_rubric_v1,ranking_target_margin,,True
кухни на заказ Екатеринбург,https://е-кухни.рф/,https://ekaterinburg.lemanapro.ru/proekt-kuhni/na-zakaz/,strong,True,1.0,76.4,27.0,74.1808,35.4721,38.7087,6,5,-1,query_preference_rubric_v5,d51_query_preference_rubric_v1,ranking_target_margin,,True
кухни на заказ Екатеринбург,https://е-кухни.рф/,https://kuhnya-ekb.ru/,strong,True,1.0,76.4,27.3,74.1808,30.3069,43.8739,6,8,2,query_preference_rubric_v5,d51_query_preference_rubric_v1,ranking_target_margin,,True
кухни на заказ Екатеринбург,https://е-кухни.рф/,https://yutnaya-kuhnya.com/,strong,True,1.0,76.4,68.8,74.1808,64.3651,9.8157,6,9,3,query_preference_rubric_v5,d51_query_preference_rubric_v1,ranking_target_margin,,True
кухни на заказ Казань,https://kuhni-sova.ru/,https://vekexpress.ru/,strong,True,1.0,64.1,62.4,72.0554,58.3088,13.7466,1,9,8,query_preference_rubric_v5,d51_query_preference_rubric_v1,ranking_target_margin,,False
кухни на заказ Казань,https://кухни116.рф/,https://kuhni-sova.ru/,uncertain,False,0.0,76.2,64.1,75.0845,72.0554,3.0291,5,1,-4,query_preference_rubric_v5,d51_query_preference_rubric_v1,ranking_target_margin,,False
кухни на заказ Казань,https://кухни116.рф/,https://vekexpress.ru/,strong,True,1.0,76.2,62.4,75.0845,58.3088,16.7757,5,9,4,query_preference_rubric_v5,d51_query_preference_rubric_v1,ranking_target_margin,,False
кухни на заказ Краснодар,http://kuhnya-krasnodar.ru/,https://krasnodar-kuhni-na-zakaz.ru/,strong,True,1.0,72.7,23.6,65.1348,33.0926,32.0422,10,5,-5,query_preference_rubric_v5,d51_query_preference_rubric_v1,ranking_target_margin,,False
кухни на заказ Краснодар,http://kuhnya-krasnodar.ru/,https://kuhni-kook.ru/,strong,True,1.0,72.7,56.6,65.1348,53.2432,11.8916,10,9,-1,query_preference_rubric_v5,d51_query_preference_rubric_v1,ranking_target_margin,,False
кухни на заказ Краснодар,http://kuhnya-krasnodar.ru/,https://www.kukhni-krasnodar.ru/,uncertain,False,0.0,72.7,60.4,65.1348,62.1935,2.9413,10,6,-4,query_preference_rubric_v5,d51_query_preference_rubric_v1,ranking_target_margin,,False
кухни на заказ Краснодар,https://kitchen-sam.ru/,http://kuhnya-krasnodar.ru/,uncertain,False,0.0,64.7,72.7,67.8474,65.1348,2.7126,4,10,6,query_preference_rubric_v5,d51_query_preference_rubric_v1,ranking_target_margin,,False
кухни на заказ Краснодар,https://kitchen-sam.ru/,https://krasnodar-kuhni-na-zakaz.ru/,strong,True,1.0,64.7,23.6,67.8474,33.0926,34.7548,4,5,1,query_preference_rubric_v5,d51_query_preference_rubric_v1,ranking_target_margin,,False
кухни на заказ Краснодар,https://kitchen-sam.ru/,https://kuhni-kook.ru/,strong,True,1.0,64.7,56.6,67.8474,53.2432,14.6042,4,9,5,query_preference_rubric_v5,d51_query_preference_rubric_v1,ranking_target_margin,,False
кухни на заказ Краснодар,https://kitchen-sam.ru/,https://www.kukhni-krasnodar.ru/,weak,True,0.5,64.7,60.4,67.8474,62.1935,5.6539,4,6,2,query_preference_rubric_v5,d51_query_preference_rubric_v1,ranking_target_margin,,False
кухни на заказ Краснодар,https://krasnodar.marya.ru/,https://krasnodar-kuhni-na-zakaz.ru/,strong,True,1.0,70.8,23.6,66.4551,33.0926,33.3625,8,5,-3,query_preference_rubric_v5,d51_query_preference_rubric_v1,ranking_target_margin,,False
кухни на заказ Краснодар,https://krasnodar.marya.ru/,https://kuhni-kook.ru/,strong,True,1.0,70.8,56.6,66.4551,53.2432,13.2119,8,9,1,query_preference_rubric_v5,d51_query_preference_rubric_v1,ranking_target_margin,,False
кухни на заказ Краснодар,https://krasnodar.marya.ru/,https://www.kukhni-krasnodar.ru/,weak,True,0.5,70.8,60.4,66.4551,62.1935,4.2616,8,6,-2,query_preference_rubric_v5,d51_query_preference_rubric_v1,ranking_target_margin,,False
кухни на заказ Краснодар,https://kuhni-kook.ru/,https://krasnodar-kuhni-na-zakaz.ru/,strong,True,1.0,56.6,23.6,53.2432,33.0926,20.1506,9,5,-4,query_preference_rubric_v5,d51_query_preference_rubric_v1,ranking_target_margin,,False
кухни на заказ Краснодар,https://kuhnidar.ru/,http://kuhnya-krasnodar.ru/,strong,True,1.0,77.1,72.7,81.7134,65.1348,16.5786,2,10,8,query_preference_rubric_v5,d51_query_preference_rubric_v1,ranking_target_margin,,False
кухни на заказ Краснодар,https://kuhnidar.ru/,https://kitchen-sam.ru/,strong,True,1.0,77.1,64.7,81.7134,67.8474,13.866,2,4,2,query_preference_rubric_v5,d51_query_preference_rubric_v1,ranking_target_margin,,False
кухни на заказ Краснодар,https://kuhnidar.ru/,https://krasnodar-kuhni-na-zakaz.ru/,strong,True,1.0,77.1,23.6,81.7134,33.0926,48.6208,2,5,3,query_preference_rubric_v5,d51_query_preference_rubric_v1,ranking_target_margin,,False
кухни на заказ Краснодар,https://kuhnidar.ru/,https://krasnodar.marya.ru/,strong,True,1.0,77.1,70.8,81.7134,66.4551,15.2583,2,8,6,query_preference_rubric_v5,d51_query_preference_rubric_v1,ranking_target_margin,,False
кухни на заказ Краснодар,https://kuhnidar.ru/,https://kuhni-kook.ru/,strong,True,1.0,77.1,56.6,81.7134,53.2432,28.4702,2,9,7,query_preference_rubric_v5,d51_query_preference_rubric_v1,ranking_target_margin,,False
кухни на заказ Краснодар,https://kuhnidar.ru/,https://kukhni-vkrasnodare.ru/,strong,True,1.0,77.1,64.0,81.7134,70.4523,11.2611,2,3,1,query_preference_rubric_v5,d51_query_preference_rubric_v1,ranking_target_margin,,False
кухни на заказ Краснодар,https://kuhnidar.ru/,https://www.giuseppe23.ru/,strong,True,1.0,77.1,74.0,81.7134,70.8516,10.8618,2,7,5,query_preference_rubric_v5,d51_query_preference_rubric_v1,ranking_target_margin,,False
кухни на заказ Краснодар,https://kuhnidar.ru/,https://www.kukhni-krasnodar.ru/,strong,True,1.0,77.1,60.4,81.7134,62.1935,19.5199,2,6,4,query_preference_rubric_v5,d51_query_preference_rubric_v1,ranking_target_margin,,False
кухни на заказ Краснодар,https://kukhni-vkrasnodare.ru/,http://kuhnya-krasnodar.ru/,weak,True,0.5,64.0,72.7,70.4523,65.1348,5.3175,3,10,7,query_preference_rubric_v5,d51_query_preference_rubric_v1,ranking_target_margin,,False
кухни на заказ Краснодар,https://kukhni-vkrasnodare.ru/,https://kitchen-sam.ru/,uncertain,False,0.0,64.0,64.7,70.4523,67.8474,2.6049,3,4,1,query_preference_rubric_v5,d51_query_preference_rubric_v1,ranking_target_margin,,False
кухни на заказ Краснодар,https://kukhni-vkrasnodare.ru/,https://krasnodar-kuhni-na-zakaz.ru/,strong,True,1.0,64.0,23.6,70.4523,33.0926,37.3597,3,5,2,query_preference_rubric_v5,d51_query_preference_rubric_v1,ranking_target_margin,,False
кухни на заказ Краснодар,https://kukhni-vkrasnodare.ru/,https://krasnodar.marya.ru/,uncertain,False,0.0,64.0,70.8,70.4523,66.4551,3.9972,3,8,5,query_preference_rubric_v5,d51_query_preference_rubric_v1,ranking_target_margin,,False
кухни на заказ Краснодар,https://kukhni-vkrasnodare.ru/,https://kuhni-kook.ru/,strong,True,1.0,64.0,56.6,70.4523,53.2432,17.2091,3,9,6,query_preference_rubric_v5,d51_query_preference_rubric_v1,ranking_target_margin,,False
кухни на заказ Краснодар,https://kukhni-vkrasnodare.ru/,https://www.kukhni-krasnodar.ru/,strong,True,1.0,64.0,60.4,70.4523,62.1935,8.2588,3,6,3,query_preference_rubric_v5,d51_query_preference_rubric_v1,ranking_target_margin,,False
кухни на заказ Краснодар,https://kuxni-krd.ru/,http://kuhnya-krasnodar.ru/,strong,True,1.0,77.0,72.7,82.4934,65.1348,17.3586,1,10,9,query_preference_rubric_v5,d51_query_preference_rubric_v1,ranking_target_margin,,False
кухни на заказ Краснодар,https://kuxni-krd.ru/,https://kitchen-sam.ru/,strong,True,1.0,77.0,64.7,82.4934,67.8474,14.646,1,4,3,query_preference_rubric_v5,d51_query_preference_rubric_v1,ranking_target_margin,,False
кухни на заказ Краснодар,https://kuxni-krd.ru/,https://krasnodar-kuhni-na-zakaz.ru/,strong,True,1.0,77.0,23.6,82.4934,33.0926,49.4008,1,5,4,query_preference_rubric_v5,d51_query_preference_rubric_v1,ranking_target_margin,,False
кухни на заказ Краснодар,https://kuxni-krd.ru/,https://krasnodar.marya.ru/,strong,True,1.0,77.0,70.8,82.4934,66.4551,16.0383,1,8,7,query_preference_rubric_v5,d51_query_preference_rubric_v1,ranking_target_margin,,False
кухни на заказ Краснодар,https://kuxni-krd.ru/,https://kuhni-kook.ru/,strong,True,1.0,77.0,56.6,82.4934,53.2432,29.2502,1,9,8,query_preference_rubric_v5,d51_query_preference_rubric_v1,ranking_target_margin,,False
кухни на заказ Краснодар,https://kuxni-krd.ru/,https://kukhni-vkrasnodare.ru/,strong,True,1.0,77.0,64.0,82.4934,70.4523,12.0411,1,3,2,query_preference_rubric_v5,d51_query_preference_rubric_v1,ranking_target_margin,,False
кухни на заказ Краснодар,https://kuxni-krd.ru/,https://www.giuseppe23.ru/,strong,True,1.0,77.0,74.0,82.4934,70.8516,11.6418,1,7,6,query_preference_rubric_v5,d51_query_preference_rubric_v1,ranking_target_margin,,False
кухни на заказ Краснодар,https://kuxni-krd.ru/,https://www.kukhni-krasnodar.ru/,strong,True,1.0,77.0,60.4,82.4934,62.1935,20.2999,1,6,5,query_preference_rubric_v5,d51_query_preference_rubric_v1,ranking_target_margin,,False
кухни на заказ Краснодар,https://www.giuseppe23.ru/,http://kuhnya-krasnodar.ru/,weak,True,0.5,74.0,72.7,70.8516,65.1348,5.7168,7,10,3,query_preference_rubric_v5,d51_query_preference_rubric_v1,ranking_target_margin,,False
кухни на заказ Краснодар,https://www.giuseppe23.ru/,https://kitchen-sam.ru/,uncertain,False,0.0,74.0,64.7,70.8516,67.8474,3.0042,7,4,-3,query_preference_rubric_v5,d51_query_preference_rubric_v1,ranking_target_margin,,False
кухни на заказ Краснодар,https://www.giuseppe23.ru/,https://krasnodar-kuhni-na-zakaz.ru/,strong,True,1.0,74.0,23.6,70.8516,33.0926,37.759,7,5,-2,query_preference_rubric_v5,d51_query_preference_rubric_v1,ranking_target_margin,,False
кухни на заказ Краснодар,https://www.giuseppe23.ru/,https://krasnodar.marya.ru/,weak,True,0.5,74.0,70.8,70.8516,66.4551,4.3965,7,8,1,query_preference_rubric_v5,d51_query_preference_rubric_v1,ranking_target_margin,,False
кухни на заказ Краснодар,https://www.giuseppe23.ru/,https://kuhni-kook.ru/,strong,True,1.0,74.0,56.6,70.8516,53.2432,17.6084,7,9,2,query_preference_rubric_v5,d51_query_preference_rubric_v1,ranking_target_margin,,False
кухни на заказ Краснодар,https://www.giuseppe23.ru/,https://www.kukhni-krasnodar.ru/,strong,True,1.0,74.0,60.4,70.8516,62.1935,8.6581,7,6,-1,query_preference_rubric_v5,d51_query_preference_rubric_v1,ranking_target_margin,,False
кухни на заказ Краснодар,https://www.kukhni-krasnodar.ru/,https://krasnodar-kuhni-na-zakaz.ru/,strong,True,1.0,60.4,23.6,62.1935,33.0926,29.1009,6,5,-1,query_preference_rubric_v5,d51_query_preference_rubric_v1,ranking_target_margin,,False
кухни на заказ Краснодар,https://www.kukhni-krasnodar.ru/,https://kuhni-kook.ru/,strong,True,1.0,60.4,56.6,62.1935,53.2432,8.9503,6,9,3,query_preference_rubric_v5,d51_query_preference_rubric_v1,ranking_target_margin,,False
кухни на заказ Москва,https://lorena-kuhni.ru/,https://zavodkuhnirf.ru/,weak,True,0.5,70.2,70.6,69.4974,65.1125,4.3849,6,9,3,query_preference_rubric_v5,d51_query_preference_rubric_v1,ranking_target_margin,,False
кухни на заказ Москва,https://mebel-renessans.ru/kuhni,https://lorena-kuhni.ru/,weak,True,0.5,77.4,70.2,77.2809,69.4974,7.7835,5,6,1,query_preference_rubric_v5,d51_query_preference_rubric_v1,ranking_target_margin,,False
кухни на заказ Москва,https://mebel-renessans.ru/kuhni,https://www.100-kuhon.ru/,uncertain,False,0.0,77.4,81.1,77.2809,74.4569,2.824,5,8,3,query_preference_rubric_v5,d51_query_preference_rubric_v1,ranking_target_margin,,False
кухни на заказ Москва,https://mebel-renessans.ru/kuhni,https://www.bestmebelshop.ru/catalog/mebel-dlya-kukhni/category-kukhni-po-individualnym-razmeram/,strong,True,1.0,77.4,72.1,77.2809,67.9176,9.3633,5,7,2,query_preference_rubric_v5,d51_query_preference_rubric_v1,ranking_target_margin,,False
кухни на заказ Москва,https://mebel-renessans.ru/kuhni,https://zavodkuhnirf.ru/,strong,True,1.0,77.4,70.6,77.2809,65.1125,12.1684,5,9,4,query_preference_rubric_v5,d51_query_preference_rubric_v1,ranking_target_margin,,False
кухни на заказ Москва,https://vitakuhni.ru/,https://lorena-kuhni.ru/,strong,True,1.0,82.2,70.2,86.7182,69.4974,17.2208,1,6,5,query_preference_rubric_v5,d51_query_preference_rubric_v1,ranking_target_margin,,False
кухни на заказ Москва,https://vitakuhni.ru/,https://mebel-renessans.ru/kuhni,strong,True,1.0,82.2,77.4,86.7182,77.2809,9.4373,1,5,4,query_preference_rubric_v5,d51_query_preference_rubric_v1,ranking_target_margin,,False
кухни на заказ Москва,https://vitakuhni.ru/,https://www.100-kuhon.ru/,strong,True,1.0,82.2,81.1,86.7182,74.4569,12.2613,1,8,7,query_preference_rubric_v5,d51_query_preference_rubric_v1,ranking_target_margin,,False
кухни на заказ Москва,https://vitakuhni.ru/,https://www.bestmebelshop.ru/catalog/mebel-dlya-kukhni/category-kukhni-po-individualnym-razmeram/,strong,True,1.0,82.2,72.1,86.7182,67.9176,18.8006,1,7,6,query_preference_rubric_v5,d51_query_preference_rubric_v1,ranking_target_margin,,False
кухни на заказ Москва,https://vitakuhni.ru/,https://www.kuxni.net/,strong,True,1.0,82.2,72.8,86.7182,76.9626,9.7556,1,3,2,query_preference_rubric_v5,d51_query_preference_rubric_v1,ranking_target_margin,,False
кухни на заказ Москва,https://vitakuhni.ru/,https://www.mebelmsk.ru/mebel-na-zakaz/kukhni/,weak,True,0.5,82.2,73.9,86.7182,79.0354,7.6828,1,2,1,query_preference_rubric_v5,d51_query_preference_rubric_v1,ranking_target_margin,,False
кухни на заказ Москва,https://vitakuhni.ru/,https://zavodkuhnirf.ru/,strong,True,1.0,82.2,70.6,86.7182,65.1125,21.6057,1,9,8,query_preference_rubric_v5,d51_query_preference_rubric_v1,ranking_target_margin,,False
кухни на заказ Москва,https://www.100-kuhon.ru/,https://lorena-kuhni.ru/,weak,True,0.5,81.1,70.2,74.4569,69.4974,4.9595,8,6,-2,query_preference_rubric_v5,d51_query_preference_rubric_v1,ranking_target_margin,,False
кухни на заказ Москва,https://www.100-kuhon.ru/,https://www.bestmebelshop.ru/catalog/mebel-dlya-kukhni/category-kukhni-po-individualnym-razmeram/,weak,True,0.5,81.1,72.1,74.4569,67.9176,6.5393,8,7,-1,query_preference_rubric_v5,d51_query_preference_rubric_v1,ranking_target_margin,,False
кухни на заказ Москва,https://www.100-kuhon.ru/,https://zavodkuhnirf.ru/,strong,True,1.0,81.1,70.6,74.4569,65.1125,9.3444,8,9,1,query_preference_rubric_v5,d51_query_preference_rubric_v1,ranking_target_margin,,False
кухни на заказ Москва,https://www.bestmebelshop.ru/catalog/mebel-dlya-kukhni/category-kukhni-po-individualnym-razmeram/,https://zavodkuhnirf.ru/,uncertain,False,0.0,72.1,70.6,67.9176,65.1125,2.8051,7,9,2,query_preference_rubric_v5,d51_query_preference_rubric_v1,ranking_target_margin,,False
кухни на заказ Москва,https://www.kuxni.net/,https://lorena-kuhni.ru/,weak,True,0.5,72.8,70.2,76.9626,69.4974,7.4652,3,6,3,query_preference_rubric_v5,d51_query_preference_rubric_v1,ranking_target_margin,,False
кухни на заказ Москва,https://www.kuxni.net/,https://www.100-kuhon.ru/,uncertain,False,0.0,72.8,81.1,76.9626,74.4569,2.5057,3,8,5,query_preference_rubric_v5,d51_query_preference_rubric_v1,ranking_target_margin,,False
кухни на заказ Москва,https://www.kuxni.net/,https://www.bestmebelshop.ru/catalog/mebel-dlya-kukhni/category-kukhni-po-individualnym-razmeram/,strong,True,1.0,72.8,72.1,76.9626,67.9176,9.045,3,7,4,query_preference_rubric_v5,d51_query_preference_rubric_v1,ranking_target_margin,,False
кухни на заказ Москва,https://www.kuxni.net/,https://zavodkuhnirf.ru/,strong,True,1.0,72.8,70.6,76.9626,65.1125,11.8501,3,9,6,query_preference_rubric_v5,d51_query_preference_rubric_v1,ranking_target_margin,,False
кухни на заказ Москва,https://www.mebelmsk.ru/mebel-na-zakaz/kukhni/,https://lorena-kuhni.ru/,strong,True,1.0,73.9,70.2,79.0354,69.4974,9.538,2,6,4,query_preference_rubric_v5,d51_query_preference_rubric_v1,ranking_target_margin,,False
кухни на заказ Москва,https://www.mebelmsk.ru/mebel-na-zakaz/kukhni/,https://www.100-kuhon.ru/,weak,True,0.5,73.9,81.1,79.0354,74.4569,4.5785,2,8,6,query_preference_rubric_v5,d51_query_preference_rubric_v1,ranking_target_margin,,False
кухни на заказ Москва,https://www.mebelmsk.ru/mebel-na-zakaz/kukhni/,https://www.bestmebelshop.ru/catalog/mebel-dlya-kukhni/category-kukhni-po-individualnym-razmeram/,strong,True,1.0,73.9,72.1,79.0354,67.9176,11.1178,2,7,5,query_preference_rubric_v5,d51_query_preference_rubric_v1,ranking_target_margin,,False
кухни на заказ Москва,https://www.mebelmsk.ru/mebel-na-zakaz/kukhni/,https://www.kuxni.net/,uncertain,False,0.0,73.9,72.8,79.0354,76.9626,2.0728,2,3,1,query_preference_rubric_v5,d51_query_preference_rubric_v1,ranking_target_margin,,False
кухни на заказ Москва,https://www.mebelmsk.ru/mebel-na-zakaz/kukhni/,https://zavodkuhnirf.ru/,strong,True,1.0,73.9,70.6,79.0354,65.1125,13.9229,2,9,7,query_preference_rubric_v5,d51_query_preference_rubric_v1,ranking_target_margin,,False
кухни на заказ Нижний Новгород,https://kuhni-52.ru/,https://julison.ru/,strong,True,1.25,71.0,73.6,78.7533,74.7228,4.0305,1,4,3,query_preference_rubric_v5,d51_query_preference_rubric_v1,d50_top3_recovery,rank_prior_disagreement,True
кухни на заказ Нижний Новгород,https://kuhni-52.ru/,https://kuhni-pod-zakaz-nn.ru/,weak,True,0.65,71.0,77.5,78.7533,76.3675,2.3858,1,5,4,query_preference_rubric_v5,d51_query_preference_rubric_v1,d50_top3_recovery,rank_prior_disagreement,True
кухни на заказ Нижний Новгород,https://kuhni-52.ru/,https://love-kuhnya-na-zakaz-nn.ru/,weak,True,0.65,71.0,75.8,78.7533,71.9527,6.8006,1,7,6,query_preference_rubric_v5,d51_query_preference_rubric_v1,d50_top3_recovery,rank_prior_disagreement,True
кухни на заказ Нижний Новгород,https://kuhni-nn.ru/,https://julison.ru/,strong,True,1.25,62.1,73.6,69.3662,74.7228,-5.3566,3,4,1,query_preference_rubric_v5,d51_query_preference_rubric_v1,d50_top3_recovery,rank_prior_disagreement,True
кухни на заказ Нижний Новгород,https://kuhni-nn.ru/,https://kuhni-pod-zakaz-nn.ru/,weak,True,0.65,62.1,77.5,69.3662,76.3675,-7.0013,3,5,2,query_preference_rubric_v5,d51_query_preference_rubric_v1,d50_top3_recovery,rank_prior_disagreement,True
кухни на заказ Нижний Новгород,https://kuhni-nn.ru/,https://love-kuhnya-na-zakaz-nn.ru/,weak,True,0.65,62.1,75.8,69.3662,71.9527,-2.5865,3,7,4,query_preference_rubric_v5,d51_query_preference_rubric_v1,d50_top3_recovery,rank_prior_disagreement,True
кухни на заказ Нижний Новгород,https://kuhni-slavichi.ru/,https://julison.ru/,strong,True,1.25,74.2,73.6,79.0627,74.7228,4.3399,2,4,2,query_preference_rubric_v5,d51_query_preference_rubric_v1,d50_top3_recovery,rank_prior_disagreement,True
кухни на заказ Нижний Новгород,https://kuhni-slavichi.ru/,https://kuhni-pod-zakaz-nn.ru/,weak,True,0.65,74.2,77.5,79.0627,76.3675,2.6952,2,5,3,query_preference_rubric_v5,d51_query_preference_rubric_v1,d50_top3_recovery,rank_prior_disagreement,True
кухни на заказ Нижний Новгород,https://kuhni-slavichi.ru/,https://love-kuhnya-na-zakaz-nn.ru/,strong,True,1.25,74.2,75.8,79.0627,71.9527,7.11,2,7,5,query_preference_rubric_v5,d51_query_preference_rubric_v1,d50_top3_recovery,rank_prior_disagreement,True
кухни на заказ Нижний Новгород,https://borgostudio.ru/,https://kuhnyabar.ru/,strong,True,1.0,71.0,22.0,62.754,25.1035,37.6505,10,9,-1,query_preference_rubric_v5,d51_query_preference_rubric_v1,ranking_target_margin,,True
кухни на заказ Нижний Новгород,https://julison.ru/,https://borgostudio.ru/,strong,True,1.0,73.6,71.0,74.7228,62.754,11.9688,4,10,6,query_preference_rubric_v5,d51_query_preference_rubric_v1,ranking_target_margin,,True
кухни на заказ Нижний Новгород,https://julison.ru/,https://kuhni-nn.ru/,weak,True,0.5,73.6,62.1,74.7228,69.3662,5.3566,4,3,-1,query_preference_rubric_v5,d51_query_preference_rubric_v1,ranking_target_margin,,True
кухни на заказ Нижний Новгород,https://julison.ru/,https://kuhnyabar.ru/,strong,True,1.0,73.6,22.0,74.7228,25.1035,49.6193,4,9,5,query_preference_rubric_v5,d51_query_preference_rubric_v1,ranking_target_margin,,True
кухни на заказ Нижний Новгород,https://julison.ru/,https://kuxni-nn.ru/,weak,True,0.5,73.6,71.9,74.7228,69.931,4.7918,4,6,2,query_preference_rubric_v5,d51_query_preference_rubric_v1,ranking_target_margin,,True
кухни на заказ Нижний Новгород,https://julison.ru/,https://love-kuhnya-na-zakaz-nn.ru/,uncertain,False,0.0,73.6,75.8,74.7228,71.9527,2.7701,4,7,3,query_preference_rubric_v5,d51_query_preference_rubric_v1,ranking_target_margin,,True
кухни на заказ Нижний Новгород,https://julison.ru/,https://www.kukhni-nizhniy-novgorod.ru/,strong,True,1.0,73.6,66.1,74.7228,62.48,12.2428,4,8,4,query_preference_rubric_v5,d51_query_preference_rubric_v1,ranking_target_margin,,True
кухни на заказ Нижний Новгород,https://kuhni-52.ru/,https://borgostudio.ru/,strong,True,1.0,71.0,71.0,78.7533,62.754,15.9993,1,10,9,query_preference_rubric_v5,d51_query_preference_rubric_v1,ranking_target_margin,,True
кухни на заказ Нижний Новгород,https://kuhni-52.ru/,https://kuhni-nn.ru/,strong,True,1.0,71.0,62.1,78.7533,69.3662,9.3871,1,3,2,query_preference_rubric_v5,d51_query_preference_rubric_v1,ranking_target_margin,,True
кухни на заказ Нижний Новгород,https://kuhni-52.ru/,https://kuhnyabar.ru/,strong,True,1.0,71.0,22.0,78.7533,25.1035,53.6498,1,9,8,query_preference_rubric_v5,d51_query_preference_rubric_v1,ranking_target_margin,,True
кухни на заказ Нижний Новгород,https://kuhni-52.ru/,https://kuxni-nn.ru/,strong,True,1.0,71.0,71.9,78.7533,69.931,8.8223,1,6,5,query_preference_rubric_v5,d51_query_preference_rubric_v1,ranking_target_margin,,True
кухни на заказ Нижний Новгород,https://kuhni-52.ru/,https://www.kukhni-nizhniy-novgorod.ru/,strong,True,1.0,71.0,66.1,78.7533,62.48,16.2733,1,8,7,query_preference_rubric_v5,d51_query_preference_rubric_v1,ranking_target_margin,,True
кухни на заказ Нижний Новгород,https://kuhni-nn.ru/,https://borgostudio.ru/,weak,True,0.5,62.1,71.0,69.3662,62.754,6.6122,3,10,7,query_preference_rubric_v5,d51_query_preference_rubric_v1,ranking_target_margin,,True
кухни на заказ Нижний Новгород,https://kuhni-nn.ru/,https://kuhnyabar.ru/,strong,True,1.0,62.1,22.0,69.3662,25.1035,44.2627,3,9,6,query_preference_rubric_v5,d51_query_preference_rubric_v1,ranking_target_margin,,True
кухни на заказ Нижний Новгород,https://kuhni-nn.ru/,https://www.kukhni-nizhniy-novgorod.ru/,weak,True,0.5,62.1,66.1,69.3662,62.48,6.8862,3,8,5,query_preference_rubric_v5,d51_query_preference_rubric_v1,ranking_target_margin,,True
кухни на заказ Нижний Новгород,https://kuhni-pod-zakaz-nn.ru/,https://borgostudio.ru/,strong,True,1.0,77.5,71.0,76.3675,62.754,13.6135,5,10,5,query_preference_rubric_v5,d51_query_preference_rubric_v1,ranking_target_margin,,True
кухни на заказ Нижний Новгород,https://kuhni-pod-zakaz-nn.ru/,https://kuhni-nn.ru/,weak,True,0.5,77.5,62.1,76.3675,69.3662,7.0013,5,3,-2,query_preference_rubric_v5,d51_query_preference_rubric_v1,ranking_target_margin,,True
кухни на заказ Нижний Новгород,https://kuhni-pod-zakaz-nn.ru/,https://kuhnyabar.ru/,strong,True,1.0,77.5,22.0,76.3675,25.1035,51.264,5,9,4,query_preference_rubric_v5,d51_query_preference_rubric_v1,ranking_target_margin,,True
кухни на заказ Нижний Новгород,https://kuhni-pod-zakaz-nn.ru/,https://kuxni-nn.ru/,weak,True,0.5,77.5,71.9,76.3675,69.931,6.4365,5,6,1,query_preference_rubric_v5,d51_query_preference_rubric_v1,ranking_target_margin,,True
кухни на заказ Нижний Новгород,https://kuhni-pod-zakaz-nn.ru/,https://love-kuhnya-na-zakaz-nn.ru/,weak,True,0.5,77.5,75.8,76.3675,71.9527,4.4148,5,7,2,query_preference_rubric_v5,d51_query_preference_rubric_v1,ranking_target_margin,,True
кухни на заказ Нижний Новгород,https://kuhni-pod-zakaz-nn.ru/,https://www.kukhni-nizhniy-novgorod.ru/,strong,True,1.0,77.5,66.1,76.3675,62.48,13.8875,5,8,3,query_preference_rubric_v5,d51_query_preference_rubric_v1,ranking_target_margin,,True
кухни на заказ Нижний Новгород,https://kuhni-slavichi.ru/,https://borgostudio.ru/,strong,True,1.0,74.2,71.0,79.0627,62.754,16.3087,2,10,8,query_preference_rubric_v5,d51_query_preference_rubric_v1,ranking_target_margin,,True
кухни на заказ Нижний Новгород,https://kuhni-slavichi.ru/,https://kuhni-nn.ru/,strong,True,1.0,74.2,62.1,79.0627,69.3662,9.6965,2,3,1,query_preference_rubric_v5,d51_query_preference_rubric_v1,ranking_target_margin,,True
кухни на заказ Нижний Новгород,https://kuhni-slavichi.ru/,https://kuhnyabar.ru/,strong,True,1.0,74.2,22.0,79.0627,25.1035,53.9592,2,9,7,query_preference_rubric_v5,d51_query_preference_rubric_v1,ranking_target_margin,,True
кухни на заказ Нижний Новгород,https://kuhni-slavichi.ru/,https://kuxni-nn.ru/,strong,True,1.0,74.2,71.9,79.0627,69.931,9.1317,2,6,4,query_preference_rubric_v5,d51_query_preference_rubric_v1,ranking_target_margin,,True
кухни на заказ Нижний Новгород,https://kuhni-slavichi.ru/,https://www.kukhni-nizhniy-novgorod.ru/,strong,True,1.0,74.2,66.1,79.0627,62.48,16.5827,2,8,6,query_preference_rubric_v5,d51_query_preference_rubric_v1,ranking_target_margin,,True
кухни на заказ Нижний Новгород,https://kuxni-nn.ru/,https://borgostudio.ru/,weak,True,0.5,71.9,71.0,69.931,62.754,7.177,6,10,4,query_preference_rubric_v5,d51_query_preference_rubric_v1,ranking_target_margin,,True
кухни на заказ Нижний Новгород,https://kuxni-nn.ru/,https://kuhnyabar.ru/,strong,True,1.0,71.9,22.0,69.931,25.1035,44.8275,6,9,3,query_preference_rubric_v5,d51_query_preference_rubric_v1,ranking_target_margin,,True
кухни на заказ Нижний Новгород,https://kuxni-nn.ru/,https://www.kukhni-nizhniy-novgorod.ru/,weak,True,0.5,71.9,66.1,69.931,62.48,7.451,6,8,2,query_preference_rubric_v5,d51_query_preference_rubric_v1,ranking_target_margin,,True
кухни на заказ Нижний Новгород,https://love-kuhnya-na-zakaz-nn.ru/,https://borgostudio.ru/,strong,True,1.0,75.8,71.0,71.9527,62.754,9.1987,7,10,3,query_preference_rubric_v5,d51_query_preference_rubric_v1,ranking_target_margin,,True
кухни на заказ Нижний Новгород,https://love-kuhnya-na-zakaz-nn.ru/,https://kuhni-nn.ru/,uncertain,False,0.0,75.8,62.1,71.9527,69.3662,2.5865,7,3,-4,query_preference_rubric_v5,d51_query_preference_rubric_v1,ranking_target_margin,,True
кухни на заказ Нижний Новгород,https://love-kuhnya-na-zakaz-nn.ru/,https://kuhnyabar.ru/,strong,True,1.0,75.8,22.0,71.9527,25.1035,46.8492,7,9,2,query_preference_rubric_v5,d51_query_preference_rubric_v1,ranking_target_margin,,True
кухни на заказ Нижний Новгород,https://love-kuhnya-na-zakaz-nn.ru/,https://kuxni-nn.ru/,uncertain,False,0.0,75.8,71.9,71.9527,69.931,2.0217,7,6,-1,query_preference_rubric_v5,d51_query_preference_rubric_v1,ranking_target_margin,,True
кухни на заказ Нижний Новгород,https://love-kuhnya-na-zakaz-nn.ru/,https://www.kukhni-nizhniy-novgorod.ru/,strong,True,1.0,75.8,66.1,71.9527,62.48,9.4727,7,8,1,query_preference_rubric_v5,d51_query_preference_rubric_v1,ranking_target_margin,,True
кухни на заказ Нижний Новгород,https://www.kukhni-nizhniy-novgorod.ru/,https://kuhnyabar.ru/,strong,True,1.0,66.1,22.0,62.48,25.1035,37.3765,8,9,1,query_preference_rubric_v5,d51_query_preference_rubric_v1,ranking_target_margin,,True
кухни на заказ Новосибирск,https://alexandr-kuhni.ru/nsk,http://mebelin-nsk.ru/kukhni,strong,True,1.0,69.3,20.0,74.1249,23.8035,50.3214,3,9,6,query_preference_rubric_v5,d51_query_preference_rubric_v1,ranking_target_margin,,False
кухни на заказ Новосибирск,https://alexandr-kuhni.ru/nsk,https://artinhomeshop.ru/,strong,True,1.0,69.3,60.0,74.1249,57.2758,16.8491,3,8,5,query_preference_rubric_v5,d51_query_preference_rubric_v1,ranking_target_margin,,False
кухни на заказ Новосибирск,https://alexandr-kuhni.ru/nsk,https://feniks-kuhni-nsk.ru/,uncertain,False,0.0,69.3,73.1,74.1249,71.4154,2.7095,3,6,3,query_preference_rubric_v5,d51_query_preference_rubric_v1,ranking_target_margin,,False
кухни на заказ Новосибирск,https://alexandr-kuhni.ru/nsk,https://kuhni-mebel-nsk.ru/,strong,True,1.0,69.3,67.7,74.1249,60.6614,13.4635,3,10,7,query_preference_rubric_v5,d51_query_preference_rubric_v1,ranking_target_margin,,False
кухни на заказ Новосибирск,https://alexandr-kuhni.ru/nsk,https://monolit-kuhni-mebel.ru/,uncertain,False,0.0,69.3,72.3,74.1249,70.1687,3.9562,3,7,4,query_preference_rubric_v5,d51_query_preference_rubric_v1,ranking_target_margin,,False
кухни на заказ Новосибирск,https://artinhomeshop.ru/,http://mebelin-nsk.ru/kukhni,strong,True,1.0,60.0,20.0,57.2758,23.8035,33.4723,8,9,1,query_preference_rubric_v5,d51_query_preference_rubric_v1,ranking_target_margin,,False
кухни на заказ Новосибирск,https://feniks-kuhni-nsk.ru/,http://mebelin-nsk.ru/kukhni,strong,True,1.0,73.1,20.0,71.4154,23.8035,47.6119,6,9,3,query_preference_rubric_v5,d51_query_preference_rubric_v1,ranking_target_margin,,False
кухни на заказ Новосибирск,https://feniks-kuhni-nsk.ru/,https://artinhomeshop.ru/,strong,True,1.0,73.1,60.0,71.4154,57.2758,14.1396,6,8,2,query_preference_rubric_v5,d51_query_preference_rubric_v1,ranking_target_margin,,False
кухни на заказ Новосибирск,https://feniks-kuhni-nsk.ru/,https://kuhni-mebel-nsk.ru/,strong,True,1.0,73.1,67.7,71.4154,60.6614,10.754,6,10,4,query_preference_rubric_v5,d51_query_preference_rubric_v1,ranking_target_margin,,False
кухни на заказ Новосибирск,https://kuhni-mebel-nsk.ru/,http://mebelin-nsk.ru/kukhni,strong,True,1.0,67.7,20.0,60.6614,23.8035,36.8579,10,9,-1,query_preference_rubric_v5,d51_query_preference_rubric_v1,ranking_target_margin,,False
кухни на заказ Новосибирск,https://kuhni-mebel-nsk.ru/,https://artinhomeshop.ru/,uncertain,False,0.0,67.7,60.0,60.6614,57.2758,3.3856,10,8,-2,query_preference_rubric_v5,d51_query_preference_rubric_v1,ranking_target_margin,,False
кухни на заказ Новосибирск,https://kuxni-nsk.ru/,http://mebelin-nsk.ru/kukhni,strong,True,1.0,76.3,20.0,77.0514,23.8035,53.2479,4,9,5,query_preference_rubric_v5,d51_query_preference_rubric_v1,ranking_target_margin,,False
кухни на заказ Новосибирск,https://kuxni-nsk.ru/,https://alexandr-kuhni.ru/nsk,uncertain,False,0.0,76.3,69.3,77.0514,74.1249,2.9265,4,3,-1,query_preference_rubric_v5,d51_query_preference_rubric_v1,ranking_target_margin,,False
кухни на заказ Новосибирск,https://kuxni-nsk.ru/,https://artinhomeshop.ru/,strong,True,1.0,76.3,60.0,77.0514,57.2758,19.7756,4,8,4,query_preference_rubric_v5,d51_query_preference_rubric_v1,ranking_target_margin,,False
кухни на заказ Новосибирск,https://kuxni-nsk.ru/,https://feniks-kuhni-nsk.ru/,weak,True,0.5,76.3,73.1,77.0514,71.4154,5.636,4,6,2,query_preference_rubric_v5,d51_query_preference_rubric_v1,ranking_target_margin,,False
кухни на заказ Новосибирск,https://kuxni-nsk.ru/,https://kuhni-mebel-nsk.ru/,strong,True,1.0,76.3,67.7,77.0514,60.6614,16.39,4,10,6,query_preference_rubric_v5,d51_query_preference_rubric_v1,ranking_target_margin,,False
кухни на заказ Новосибирск,https://kuxni-nsk.ru/,https://monolit-kuhni-mebel.ru/,weak,True,0.5,76.3,72.3,77.0514,70.1687,6.8827,4,7,3,query_preference_rubric_v5,d51_query_preference_rubric_v1,ranking_target_margin,,False
кухни на заказ Новосибирск,https://monolit-kuhni-mebel.ru/,http://mebelin-nsk.ru/kukhni,strong,True,1.0,72.3,20.0,70.1687,23.8035,46.3652,7,9,2,query_preference_rubric_v5,d51_query_preference_rubric_v1,ranking_target_margin,,False
кухни на заказ Новосибирск,https://monolit-kuhni-mebel.ru/,https://artinhomeshop.ru/,strong,True,1.0,72.3,60.0,70.1687,57.2758,12.8929,7,8,1,query_preference_rubric_v5,d51_query_preference_rubric_v1,ranking_target_margin,,False
кухни на заказ Новосибирск,https://monolit-kuhni-mebel.ru/,https://kuhni-mebel-nsk.ru/,strong,True,1.0,72.3,67.7,70.1687,60.6614,9.5073,7,10,3,query_preference_rubric_v5,d51_query_preference_rubric_v1,ranking_target_margin,,False
кухни на заказ Новосибирск,https://novosibirsk.vernokuhni.ru/,http://mebelin-nsk.ru/kukhni,strong,True,1.0,76.3,20.0,76.092,23.8035,52.2885,5,9,4,query_preference_rubric_v5,d51_query_preference_rubric_v1,ranking_target_margin,,False
кухни на заказ Новосибирск,https://novosibirsk.vernokuhni.ru/,https://artinhomeshop.ru/,strong,True,1.0,76.3,60.0,76.092,57.2758,18.8162,5,8,3,query_preference_rubric_v5,d51_query_preference_rubric_v1,ranking_target_margin,,False
кухни на заказ Новосибирск,https://novosibirsk.vernokuhni.ru/,https://feniks-kuhni-nsk.ru/,weak,True,0.5,76.3,73.1,76.092,71.4154,4.6766,5,6,1,query_preference_rubric_v5,d51_query_preference_rubric_v1,ranking_target_margin,,False
кухни на заказ Новосибирск,https://novosibirsk.vernokuhni.ru/,https://kuhni-mebel-nsk.ru/,strong,True,1.0,76.3,67.7,76.092,60.6614,15.4306,5,10,5,query_preference_rubric_v5,d51_query_preference_rubric_v1,ranking_target_margin,,False
кухни на заказ Новосибирск,https://novosibirsk.vernokuhni.ru/,https://monolit-kuhni-mebel.ru/,weak,True,0.5,76.3,72.3,76.092,70.1687,5.9233,5,7,2,query_preference_rubric_v5,d51_query_preference_rubric_v1,ranking_target_margin,,False
кухни на заказ Новосибирск,https://promebelnsk.ru/kuhni,http://mebelin-nsk.ru/kukhni,strong,True,1.0,71.1,20.0,77.4783,23.8035,53.6748,2,9,7,query_preference_rubric_v5,d51_query_preference_rubric_v1,ranking_target_margin,,False
кухни на заказ Новосибирск,https://promebelnsk.ru/kuhni,https://alexandr-kuhni.ru/nsk,uncertain,False,0.0,71.1,69.3,77.4783,74.1249,3.3534,2,3,1,query_preference_rubric_v5,d51_query_preference_rubric_v1,ranking_target_margin,,False
кухни на заказ Новосибирск,https://promebelnsk.ru/kuhni,https://artinhomeshop.ru/,strong,True,1.0,71.1,60.0,77.4783,57.2758,20.2025,2,8,6,query_preference_rubric_v5,d51_query_preference_rubric_v1,ranking_target_margin,,False
кухни на заказ Новосибирск,https://promebelnsk.ru/kuhni,https://feniks-kuhni-nsk.ru/,weak,True,0.5,71.1,73.1,77.4783,71.4154,6.0629,2,6,4,query_preference_rubric_v5,d51_query_preference_rubric_v1,ranking_target_margin,,False
кухни на заказ Новосибирск,https://promebelnsk.ru/kuhni,https://kuhni-mebel-nsk.ru/,strong,True,1.0,71.1,67.7,77.4783,60.6614,16.8169,2,10,8,query_preference_rubric_v5,d51_query_preference_rubric_v1,ranking_target_margin,,False
кухни на заказ Новосибирск,https://promebelnsk.ru/kuhni,https://monolit-kuhni-mebel.ru/,weak,True,0.5,71.1,72.3,77.4783,70.1687,7.3096,2,7,5,query_preference_rubric_v5,d51_query_preference_rubric_v1,ranking_target_margin,,False
кухни на заказ Новосибирск,https://www.kuhni-nsk.ru/catalog/kuhni/na-zakaz/,http://mebelin-nsk.ru/kukhni,strong,True,1.0,79.0,20.0,83.9944,23.8035,60.1909,1,9,8,query_preference_rubric_v5,d51_query_preference_rubric_v1,ranking_target_margin,,False
кухни на заказ Новосибирск,https://www.kuhni-nsk.ru/catalog/kuhni/na-zakaz/,https://alexandr-kuhni.ru/nsk,strong,True,1.0,79.0,69.3,83.9944,74.1249,9.8695,1,3,2,query_preference_rubric_v5,d51_query_preference_rubric_v1,ranking_target_margin,,False
кухни на заказ Новосибирск,https://www.kuhni-nsk.ru/catalog/kuhni/na-zakaz/,https://artinhomeshop.ru/,strong,True,1.0,79.0,60.0,83.9944,57.2758,26.7186,1,8,7,query_preference_rubric_v5,d51_query_preference_rubric_v1,ranking_target_margin,,False
кухни на заказ Новосибирск,https://www.kuhni-nsk.ru/catalog/kuhni/na-zakaz/,https://feniks-kuhni-nsk.ru/,strong,True,1.0,79.0,73.1,83.9944,71.4154,12.579,1,6,5,query_preference_rubric_v5,d51_query_preference_rubric_v1,ranking_target_margin,,False
кухни на заказ Новосибирск,https://www.kuhni-nsk.ru/catalog/kuhni/na-zakaz/,https://kuhni-mebel-nsk.ru/,strong,True,1.0,79.0,67.7,83.9944,60.6614,23.333,1,10,9,query_preference_rubric_v5,d51_query_preference_rubric_v1,ranking_target_margin,,False
кухни на заказ Новосибирск,https://www.kuhni-nsk.ru/catalog/kuhni/na-zakaz/,https://kuxni-nsk.ru/,weak,True,0.5,79.0,76.3,83.9944,77.0514,6.943,1,4,3,query_preference_rubric_v5,d51_query_preference_rubric_v1,ranking_target_margin,,False
кухни на заказ Новосибирск,https://www.kuhni-nsk.ru/catalog/kuhni/na-zakaz/,https://monolit-kuhni-mebel.ru/,strong,True,1.0,79.0,72.3,83.9944,70.1687,13.8257,1,7,6,query_preference_rubric_v5,d51_query_preference_rubric_v1,ranking_target_margin,,False
кухни на заказ Новосибирск,https://www.kuhni-nsk.ru/catalog/kuhni/na-zakaz/,https://novosibirsk.vernokuhni.ru/,weak,True,0.5,79.0,76.3,83.9944,76.092,7.9024,1,5,4,query_preference_rubric_v5,d51_query_preference_rubric_v1,ranking_target_margin,,False
кухни на заказ Новосибирск,https://www.kuhni-nsk.ru/catalog/kuhni/na-zakaz/,https://promebelnsk.ru/kuhni,weak,True,0.5,79.0,71.1,83.9944,77.4783,6.5161,1,2,1,query_preference_rubric_v5,d51_query_preference_rubric_v1,ranking_target_margin,,False
кухни на заказ Самара,https://ka2design.ru/,https://kuhnari-samara.ru/,weak,True,0.5,77.0,62.5,67.5155,62.5683,4.9472,10,7,-3,query_preference_rubric_v5,d51_query_preference_rubric_v1,ranking_target_margin,,False
кухни на заказ Самара,https://ka2design.ru/,https://mebel-kega.ru/kuhni,strong,True,1.0,77.0,62.1,67.5155,57.9095,9.606,10,9,-1,query_preference_rubric_v5,d51_query_preference_rubric_v1,ranking_target_margin,,False
кухни на заказ Самара,https://ka2design.ru/,https://samara.lemanapro.ru/proekt-kuhni/na-zakaz/,strong,True,1.0,77.0,27.8,67.5155,42.8165,24.699,10,1,-9,query_preference_rubric_v5,d51_query_preference_rubric_v1,ranking_target_margin,,False
кухни на заказ Самара,https://kmsmebel.ru/,https://ka2design.ru/,strong,True,1.0,77.0,77.0,77.7526,67.5155,10.2371,4,10,6,query_preference_rubric_v5,d51_query_preference_rubric_v1,ranking_target_margin,,False
кухни на заказ Самара,https://kmsmebel.ru/,https://kuhnari-samara.ru/,strong,True,1.0,77.0,62.5,77.7526,62.5683,15.1843,4,7,3,query_preference_rubric_v5,d51_query_preference_rubric_v1,ranking_target_margin,,False
кухни на заказ Самара,https://kmsmebel.ru/,https://kukhni-vsamare.ru/,strong,True,1.0,77.0,64.4,77.7526,65.8398,11.9128,4,6,2,query_preference_rubric_v5,d51_query_preference_rubric_v1,ranking_target_margin,,False
кухни на заказ Самара,https://kmsmebel.ru/,https://mebel-kega.ru/kuhni,strong,True,1.0,77.0,62.1,77.7526,57.9095,19.8431,4,9,5,query_preference_rubric_v5,d51_query_preference_rubric_v1,ranking_target_margin,,False
кухни на заказ Самара,https://kmsmebel.ru/,https://mebelhall-kitchen.ru/,weak,True,0.5,77.0,71.7,77.7526,72.3985,5.3541,4,5,1,query_preference_rubric_v5,d51_query_preference_rubric_v1,ranking_target_margin,,False
кухни на заказ Самара,https://kmsmebel.ru/,https://samara-kuhni-na-zakaz.ru/,weak,True,0.5,77.0,76.9,77.7526,71.4954,6.2572,4,8,4,query_preference_rubric_v5,d51_query_preference_rubric_v1,ranking_target_margin,,False
кухни на заказ Самара,https://kmsmebel.ru/,https://samara.fakturamebel.ru/,weak,True,0.5,77.0,63.8,77.7526,71.023,6.7296,4,2,-2,query_preference_rubric_v5,d51_query_preference_rubric_v1,ranking_target_margin,,False
кухни на заказ Самара,https://kmsmebel.ru/,https://samara.lemanapro.ru/proekt-kuhni/na-zakaz/,strong,True,1.0,77.0,27.8,77.7526,42.8165,34.9361,4,1,-3,query_preference_rubric_v5,d51_query_preference_rubric_v1,ranking_target_margin,,False
кухни на заказ Самара,https://kuhnari-samara.ru/,https://mebel-kega.ru/kuhni,weak,True,0.5,62.5,62.1,62.5683,57.9095,4.6588,7,9,2,query_preference_rubric_v5,d51_query_preference_rubric_v1,ranking_target_margin,,False
кухни на заказ Самара,https://kuhnari-samara.ru/,https://samara.lemanapro.ru/proekt-kuhni/na-zakaz/,strong,True,1.0,62.5,27.8,62.5683,42.8165,19.7518,7,1,-6,query_preference_rubric_v5,d51_query_preference_rubric_v1,ranking_target_margin,,False
кухни на заказ Самара,https://kukhni-vsamare.ru/,https://kuhnari-samara.ru/,uncertain,False,0.0,64.4,62.5,65.8398,62.5683,3.2715,6,7,1,query_preference_rubric_v5,d51_query_preference_rubric_v1,ranking_target_margin,,False
кухни на заказ Самара,https://kukhni-vsamare.ru/,https://mebel-kega.ru/kuhni,weak,True,0.5,64.4,62.1,65.8398,57.9095,7.9303,6,9,3,query_preference_rubric_v5,d51_query_preference_rubric_v1,ranking_target_margin,,False
кухни на заказ Самара,https://kukhni-vsamare.ru/,https://samara.lemanapro.ru/proekt-kuhni/na-zakaz/,strong,True,1.0,64.4,27.8,65.8398,42.8165,23.0233,6,1,-5,query_preference_rubric_v5,d51_query_preference_rubric_v1,ranking_target_margin,,False
кухни на заказ Самара,https://mebel-kega.ru/kuhni,https://samara.lemanapro.ru/proekt-kuhni/na-zakaz/,strong,True,1.0,62.1,27.8,57.9095,42.8165,15.093,9,1,-8,query_preference_rubric_v5,d51_query_preference_rubric_v1,ranking_target_margin,,False
кухни на заказ Самара,https://mebelhall-kitchen.ru/,https://ka2design.ru/,weak,True,0.5,71.7,77.0,72.3985,67.5155,4.883,5,10,5,query_preference_rubric_v5,d51_query_preference_rubric_v1,ranking_target_margin,,False
кухни на заказ Самара,https://mebelhall-kitchen.ru/,https://kuhnari-samara.ru/,strong,True,1.0,71.7,62.5,72.3985,62.5683,9.8302,5,7,2,query_preference_rubric_v5,d51_query_preference_rubric_v1,ranking_target_margin,,False
кухни на заказ Самара,https://mebelhall-kitchen.ru/,https://kukhni-vsamare.ru/,weak,True,0.5,71.7,64.4,72.3985,65.8398,6.5587,5,6,1,query_preference_rubric_v5,d51_query_preference_rubric_v1,ranking_target_margin,,False
кухни на заказ Самара,https://mebelhall-kitchen.ru/,https://mebel-kega.ru/kuhni,strong,True,1.0,71.7,62.1,72.3985,57.9095,14.489,5,9,4,query_preference_rubric_v5,d51_query_preference_rubric_v1,ranking_target_margin,,False
кухни на заказ Самара,https://mebelhall-kitchen.ru/,https://samara.lemanapro.ru/proekt-kuhni/na-zakaz/,strong,True,1.0,71.7,27.8,72.3985,42.8165,29.582,5,1,-4,query_preference_rubric_v5,d51_query_preference_rubric_v1,ranking_target_margin,,False
кухни на заказ Самара,https://samara-kuhni-na-zakaz.ru/,https://ka2design.ru/,uncertain,False,0.0,76.9,77.0,71.4954,67.5155,3.9799,8,10,2,query_preference_rubric_v5,d51_query_preference_rubric_v1,ranking_target_margin,,False
кухни на заказ Самара,https://samara-kuhni-na-zakaz.ru/,https://kuhnari-samara.ru/,strong,True,1.0,76.9,62.5,71.4954,62.5683,8.9271,8,7,-1,query_preference_rubric_v5,d51_query_preference_rubric_v1,ranking_target_margin,,False
кухни на заказ Самара,https://samara-kuhni-na-zakaz.ru/,https://kukhni-vsamare.ru/,weak,True,0.5,76.9,64.4,71.4954,65.8398,5.6556,8,6,-2,query_preference_rubric_v5,d51_query_preference_rubric_v1,ranking_target_margin,,False
кухни на заказ Самара,https://samara-kuhni-na-zakaz.ru/,https://mebel-kega.ru/kuhni,strong,True,1.0,76.9,62.1,71.4954,57.9095,13.5859,8,9,1,query_preference_rubric_v5,d51_query_preference_rubric_v1,ranking_target_margin,,False
кухни на заказ Самара,https://samara-kuhni-na-zakaz.ru/,https://samara.lemanapro.ru/proekt-kuhni/na-zakaz/,strong,True,1.0,76.9,27.8,71.4954,42.8165,28.6789,8,1,-7,query_preference_rubric_v5,d51_query_preference_rubric_v1,ranking_target_margin,,False
кухни на заказ Самара,https://samara.fakturamebel.ru/,https://ka2design.ru/,uncertain,False,0.0,63.8,77.0,71.023,67.5155,3.5075,2,10,8,query_preference_rubric_v5,d51_query_preference_rubric_v1,ranking_target_margin,,False
кухни на заказ Самара,https://samara.fakturamebel.ru/,https://kuhnari-samara.ru/,strong,True,1.0,63.8,62.5,71.023,62.5683,8.4547,2,7,5,query_preference_rubric_v5,d51_query_preference_rubric_v1,ranking_target_margin,,False
кухни на заказ Самара,https://samara.fakturamebel.ru/,https://kukhni-vsamare.ru/,weak,True,0.5,63.8,64.4,71.023,65.8398,5.1832,2,6,4,query_preference_rubric_v5,d51_query_preference_rubric_v1,ranking_target_margin,,False
кухни на заказ Самара,https://samara.fakturamebel.ru/,https://mebel-kega.ru/kuhni,strong,True,1.0,63.8,62.1,71.023,57.9095,13.1135,2,9,7,query_preference_rubric_v5,d51_query_preference_rubric_v1,ranking_target_margin,,False
кухни на заказ Самара,https://samara.fakturamebel.ru/,https://samara.lemanapro.ru/proekt-kuhni/na-zakaz/,strong,True,1.0,63.8,27.8,71.023,42.8165,28.2065,2,1,-1,query_preference_rubric_v5,d51_query_preference_rubric_v1,ranking_target_margin,,False
кухни на заказ Самара,https://samara.marya.ru/,https://ka2design.ru/,strong,True,1.0,72.0,77.0,75.8285,67.5155,8.313,3,10,7,query_preference_rubric_v5,d51_query_preference_rubric_v1,ranking_target_margin,,False
кухни на заказ Самара,https://samara.marya.ru/,https://kuhnari-samara.ru/,strong,True,1.0,72.0,62.5,75.8285,62.5683,13.2602,3,7,4,query_preference_rubric_v5,d51_query_preference_rubric_v1,ranking_target_margin,,False
кухни на заказ Самара,https://samara.marya.ru/,https://kukhni-vsamare.ru/,strong,True,1.0,72.0,64.4,75.8285,65.8398,9.9887,3,6,3,query_preference_rubric_v5,d51_query_preference_rubric_v1,ranking_target_margin,,False
кухни на заказ Самара,https://samara.marya.ru/,https://mebel-kega.ru/kuhni,strong,True,1.0,72.0,62.1,75.8285,57.9095,17.919,3,9,6,query_preference_rubric_v5,d51_query_preference_rubric_v1,ranking_target_margin,,False
кухни на заказ Самара,https://samara.marya.ru/,https://mebelhall-kitchen.ru/,uncertain,False,0.0,72.0,71.7,75.8285,72.3985,3.43,3,5,2,query_preference_rubric_v5,d51_query_preference_rubric_v1,ranking_target_margin,,False
кухни на заказ Самара,https://samara.marya.ru/,https://samara-kuhni-na-zakaz.ru/,weak,True,0.5,72.0,76.9,75.8285,71.4954,4.3331,3,8,5,query_preference_rubric_v5,d51_query_preference_rubric_v1,ranking_target_margin,,False
кухни на заказ Самара,https://samara.marya.ru/,https://samara.fakturamebel.ru/,weak,True,0.5,72.0,63.8,75.8285,71.023,4.8055,3,2,-1,query_preference_rubric_v5,d51_query_preference_rubric_v1,ranking_target_margin,,False
кухни на заказ Самара,https://samara.marya.ru/,https://samara.lemanapro.ru/proekt-kuhni/na-zakaz/,strong,True,1.0,72.0,27.8,75.8285,42.8165,33.012,3,1,-2,query_preference_rubric_v5,d51_query_preference_rubric_v1,ranking_target_margin,,False
кухни на заказ Санкт-Петербург,https://kuhnihome.spb.ru/,https://lubimaya-kuhnya.ru/,strong,True,1.0,79.7,73.3,76.3951,66.7792,9.6159,6,9,3,query_preference_rubric_v5,d51_query_preference_rubric_v1,ranking_target_margin,,False
кухни на заказ Санкт-Петербург,https://kuhnihome.spb.ru/,https://neva-kuhni.ru/,uncertain,False,0.0,79.7,73.6,76.3951,74.1721,2.223,6,5,-1,query_preference_rubric_v5,d51_query_preference_rubric_v1,ranking_target_margin,,False
кухни на заказ Санкт-Петербург,https://kuhnihome.spb.ru/,https://novakuhni.ru/,strong,True,1.0,79.7,72.5,76.3951,67.1489,9.2462,6,8,2,query_preference_rubric_v5,d51_query_preference_rubric_v1,ranking_target_margin,,False
кухни на заказ Санкт-Петербург,https://kuhnihome.spb.ru/,https://structurakitchen.ru/,strong,True,1.0,79.7,71.9,76.3951,64.1346,12.2605,6,10,4,query_preference_rubric_v5,d51_query_preference_rubric_v1,ranking_target_margin,,False
кухни на заказ Санкт-Петербург,https://lavellakitchen.ru/,https://lubimaya-kuhnya.ru/,weak,True,0.5,72.3,73.3,74.7107,66.7792,7.9315,4,9,5,query_preference_rubric_v5,d51_query_preference_rubric_v1,ranking_target_margin,,False
кухни на заказ Санкт-Петербург,https://lavellakitchen.ru/,https://novakuhni.ru/,weak,True,0.5,72.3,72.5,74.7107,67.1489,7.5618,4,8,4,query_preference_rubric_v5,d51_query_preference_rubric_v1,ranking_target_margin,,False
кухни на заказ Санкт-Петербург,https://lavellakitchen.ru/,https://structurakitchen.ru/,strong,True,1.0,72.3,71.9,74.7107,64.1346,10.5761,4,10,6,query_preference_rubric_v5,d51_query_preference_rubric_v1,ranking_target_margin,,False
кухни на заказ Санкт-Петербург,https://lenkuhni.ru/,https://kuhnihome.spb.ru/,weak,True,0.5,79.5,79.7,83.3904,76.3951,6.9953,2,6,4,query_preference_rubric_v5,d51_query_preference_rubric_v1,ranking_target_margin,,False
кухни на заказ Санкт-Петербург,https://lenkuhni.ru/,https://lavellakitchen.ru/,strong,True,1.0,79.5,72.3,83.3904,74.7107,8.6797,2,4,2,query_preference_rubric_v5,d51_query_preference_rubric_v1,ranking_target_margin,,False
кухни на заказ Санкт-Петербург,https://lenkuhni.ru/,https://lubimaya-kuhnya.ru/,strong,True,1.0,79.5,73.3,83.3904,66.7792,16.6112,2,9,7,query_preference_rubric_v5,d51_query_preference_rubric_v1,ranking_target_margin,,False
кухни на заказ Санкт-Петербург,https://lenkuhni.ru/,https://masterskayakuhon.ru/,uncertain,False,0.0,79.5,73.6,83.3904,80.7261,2.6643,2,1,-1,query_preference_rubric_v5,d51_query_preference_rubric_v1,ranking_target_margin,,False
кухни на заказ Санкт-Петербург,https://lenkuhni.ru/,https://neva-kuhni.ru/,strong,True,1.0,79.5,73.6,83.3904,74.1721,9.2183,2,5,3,query_preference_rubric_v5,d51_query_preference_rubric_v1,ranking_target_margin,,False
кухни на заказ Санкт-Петербург,https://lenkuhni.ru/,https://novakuhni.ru/,strong,True,1.0,79.5,72.5,83.3904,67.1489,16.2415,2,8,6,query_preference_rubric_v5,d51_query_preference_rubric_v1,ranking_target_margin,,False
кухни на заказ Санкт-Петербург,https://lenkuhni.ru/,https://structurakitchen.ru/,strong,True,1.0,79.5,71.9,83.3904,64.1346,19.2558,2,10,8,query_preference_rubric_v5,d51_query_preference_rubric_v1,ranking_target_margin,,False
кухни на заказ Санкт-Петербург,https://lubimaya-kuhnya.ru/,https://structurakitchen.ru/,uncertain,False,0.0,73.3,71.9,66.7792,64.1346,2.6446,9,10,1,query_preference_rubric_v5,d51_query_preference_rubric_v1,ranking_target_margin,,False
кухни на заказ Санкт-Петербург,https://masterskayakuhon.ru/,https://kuhnihome.spb.ru/,weak,True,0.5,73.6,79.7,80.7261,76.3951,4.331,1,6,5,query_preference_rubric_v5,d51_query_preference_rubric_v1,ranking_target_margin,,False
кухни на заказ Санкт-Петербург,https://masterskayakuhon.ru/,https://lavellakitchen.ru/,weak,True,0.5,73.6,72.3,80.7261,74.7107,6.0154,1,4,3,query_preference_rubric_v5,d51_query_preference_rubric_v1,ranking_target_margin,,False
кухни на заказ Санкт-Петербург,https://masterskayakuhon.ru/,https://lubimaya-kuhnya.ru/,strong,True,1.0,73.6,73.3,80.7261,66.7792,13.9469,1,9,8,query_preference_rubric_v5,d51_query_preference_rubric_v1,ranking_target_margin,,False
кухни на заказ Санкт-Петербург,https://masterskayakuhon.ru/,https://neva-kuhni.ru/,weak,True,0.5,73.6,73.6,80.7261,74.1721,6.554,1,5,4,query_preference_rubric_v5,d51_query_preference_rubric_v1,ranking_target_margin,,False
кухни на заказ Санкт-Петербург,https://masterskayakuhon.ru/,https://novakuhni.ru/,strong,True,1.0,73.6,72.5,80.7261,67.1489,13.5772,1,8,7,query_preference_rubric_v5,d51_query_preference_rubric_v1,ranking_target_margin,,False
кухни на заказ Санкт-Петербург,https://masterskayakuhon.ru/,https://structurakitchen.ru/,strong,True,1.0,73.6,71.9,80.7261,64.1346,16.5915,1,10,9,query_preference_rubric_v5,d51_query_preference_rubric_v1,ranking_target_margin,,False
кухни на заказ Санкт-Петербург,https://neva-kuhni.ru/,https://lubimaya-kuhnya.ru/,weak,True,0.5,73.6,73.3,74.1721,66.7792,7.3929,5,9,4,query_preference_rubric_v5,d51_query_preference_rubric_v1,ranking_target_margin,,False
кухни на заказ Санкт-Петербург,https://neva-kuhni.ru/,https://novakuhni.ru/,weak,True,0.5,73.6,72.5,74.1721,67.1489,7.0232,5,8,3,query_preference_rubric_v5,d51_query_preference_rubric_v1,ranking_target_margin,,False
кухни на заказ Санкт-Петербург,https://neva-kuhni.ru/,https://structurakitchen.ru/,strong,True,1.0,73.6,71.9,74.1721,64.1346,10.0375,5,10,5,query_preference_rubric_v5,d51_query_preference_rubric_v1,ranking_target_margin,,False
кухни на заказ Санкт-Петербург,https://novakuhni.ru/,https://structurakitchen.ru/,uncertain,False,0.0,72.5,71.9,67.1489,64.1346,3.0143,8,10,2,query_preference_rubric_v5,d51_query_preference_rubric_v1,ranking_target_margin,,False
кухни на заказ отзывы,https://dom.mail.ru/compilations/83549-luchshie-proizvoditeli-kukhon/,https://kuhnimoskvy.ru/reviews.php,strong,True,1.0,73.9,65.3,79.5339,64.5963,14.9376,1,7,6,query_preference_rubric_v5,d51_query_preference_rubric_v1,ranking_target_margin,,False
кухни на заказ отзывы,https://dom.mail.ru/compilations/83549-luchshie-proizvoditeli-kukhon/,https://nedorogo-kuhni.ru/otzyvy/kuhni,strong,True,1.0,73.9,68.5,79.5339,67.1959,12.338,1,6,5,query_preference_rubric_v5,d51_query_preference_rubric_v1,ranking_target_margin,,False
кухни на заказ отзывы,https://dom.mail.ru/compilations/83549-luchshie-proizvoditeli-kukhon/,https://otzyv-remstroy.ru/rating/kuhni-na-zakaz,weak,True,0.5,73.9,72.3,79.5339,73.3031,6.2308,1,5,4,query_preference_rubric_v5,d51_query_preference_rubric_v1,ranking_target_margin,,False
кухни на заказ отзывы,https://dom.mail.ru/compilations/83549-luchshie-proizvoditeli-kukhon/,https://pravda-klientov.ru/company/kuhni-na-zakaz,strong,True,1.0,73.9,70.9,79.5339,65.1777,14.3562,1,9,8,query_preference_rubric_v5,d51_query_preference_rubric_v1,ranking_target_margin,,False
кухни на заказ отзывы,https://dom.mail.ru/compilations/83549-luchshie-proizvoditeli-kukhon/,https://reitingkuhni.ru/,weak,True,0.5,73.9,69.9,79.5339,75.1697,4.3642,1,3,2,query_preference_rubric_v5,d51_query_preference_rubric_v1,ranking_target_margin,,False
кухни на заказ отзывы,https://dom.mail.ru/compilations/83549-luchshie-proizvoditeli-kukhon/,https://vkkuhni.ru/otzyivyi,strong,True,1.0,73.9,77.0,79.5339,67.9427,11.5912,1,10,9,query_preference_rubric_v5,d51_query_preference_rubric_v1,ranking_target_margin,,False
кухни на заказ отзывы,https://dom.mail.ru/compilations/83549-luchshie-proizvoditeli-kukhon/,https://www.prostof.ru/otzyvy/,strong,True,1.0,73.9,66.7,79.5339,63.524,16.0099,1,8,7,query_preference_rubric_v5,d51_query_preference_rubric_v1,ranking_target_margin,,False
кухни на заказ отзывы,https://irecommend.ru/content/izgotovlenie-kukhni-na-zakaz-0,https://kuhnimoskvy.ru/reviews.php,strong,True,1.0,77.8,65.3,78.4551,64.5963,13.8588,4,7,3,query_preference_rubric_v5,d51_query_preference_rubric_v1,ranking_target_margin,,False
кухни на заказ отзывы,https://irecommend.ru/content/izgotovlenie-kukhni-na-zakaz-0,https://nedorogo-kuhni.ru/otzyvy/kuhni,strong,True,1.0,77.8,68.5,78.4551,67.1959,11.2592,4,6,2,query_preference_rubric_v5,d51_query_preference_rubric_v1,ranking_target_margin,,False
кухни на заказ отзывы,https://irecommend.ru/content/izgotovlenie-kukhni-na-zakaz-0,https://otzyv-remstroy.ru/rating/kuhni-na-zakaz,weak,True,0.5,77.8,72.3,78.4551,73.3031,5.152,4,5,1,query_preference_rubric_v5,d51_query_preference_rubric_v1,ranking_target_margin,,False
кухни на заказ отзывы,https://irecommend.ru/content/izgotovlenie-kukhni-na-zakaz-0,https://pravda-klientov.ru/company/kuhni-na-zakaz,strong,True,1.0,77.8,70.9,78.4551,65.1777,13.2774,4,9,5,query_preference_rubric_v5,d51_query_preference_rubric_v1,ranking_target_margin,,False
кухни на заказ отзывы,https://irecommend.ru/content/izgotovlenie-kukhni-na-zakaz-0,https://reitingkuhni.ru/,uncertain,False,0.0,77.8,69.9,78.4551,75.1697,3.2854,4,3,-1,query_preference_rubric_v5,d51_query_preference_rubric_v1,ranking_target_margin,,False
кухни на заказ отзывы,https://irecommend.ru/content/izgotovlenie-kukhni-na-zakaz-0,https://vkkuhni.ru/otzyivyi,strong,True,1.0,77.8,77.0,78.4551,67.9427,10.5124,4,10,6,query_preference_rubric_v5,d51_query_preference_rubric_v1,ranking_target_margin,,False
кухни на заказ отзывы,https://irecommend.ru/content/izgotovlenie-kukhni-na-zakaz-0,https://www.prostof.ru/otzyvy/,strong,True,1.0,77.8,66.7,78.4551,63.524,14.9311,4,8,4,query_preference_rubric_v5,d51_query_preference_rubric_v1,ranking_target_margin,,False
кухни на заказ отзывы,https://nedorogo-kuhni.ru/otzyvy/kuhni,https://kuhnimoskvy.ru/reviews.php,uncertain,False,0.0,68.5,65.3,67.1959,64.5963,2.5996,6,7,1,query_preference_rubric_v5,d51_query_preference_rubric_v1,ranking_target_margin,,False
кухни на заказ отзывы,https://nedorogo-kuhni.ru/otzyvy/kuhni,https://pravda-klientov.ru/company/kuhni-na-zakaz,uncertain,False,0.0,68.5,70.9,67.1959,65.1777,2.0182,6,9,3,query_preference_rubric_v5,d51_query_preference_rubric_v1,ranking_target_margin,,False
кухни на заказ отзывы,https://nedorogo-kuhni.ru/otzyvy/kuhni,https://www.prostof.ru/otzyvy/,uncertain,False,0.0,68.5,66.7,67.1959,63.524,3.6719,6,8,2,query_preference_rubric_v5,d51_query_preference_rubric_v1,ranking_target_margin,,False
кухни на заказ отзывы,https://otzovik.com/reviews/kuhnya_kuhni_na_zakaz/,https://kuhnimoskvy.ru/reviews.php,strong,True,1.0,73.9,65.3,80.2063,64.5963,15.61,2,7,5,query_preference_rubric_v5,d51_query_preference_rubric_v1,ranking_target_margin,,False
кухни на заказ отзывы,https://otzovik.com/reviews/kuhnya_kuhni_na_zakaz/,https://nedorogo-kuhni.ru/otzyvy/kuhni,strong,True,1.0,73.9,68.5,80.2063,67.1959,13.0104,2,6,4,query_preference_rubric_v5,d51_query_preference_rubric_v1,ranking_target_margin,,False
кухни на заказ отзывы,https://otzovik.com/reviews/kuhnya_kuhni_na_zakaz/,https://otzyv-remstroy.ru/rating/kuhni-na-zakaz,weak,True,0.5,73.9,72.3,80.2063,73.3031,6.9032,2,5,3,query_preference_rubric_v5,d51_query_preference_rubric_v1,ranking_target_margin,,False
кухни на заказ отзывы,https://otzovik.com/reviews/kuhnya_kuhni_na_zakaz/,https://pravda-klientov.ru/company/kuhni-na-zakaz,strong,True,1.0,73.9,70.9,80.2063,65.1777,15.0286,2,9,7,query_preference_rubric_v5,d51_query_preference_rubric_v1,ranking_target_margin,,False
кухни на заказ отзывы,https://otzovik.com/reviews/kuhnya_kuhni_na_zakaz/,https://reitingkuhni.ru/,weak,True,0.5,73.9,69.9,80.2063,75.1697,5.0366,2,3,1,query_preference_rubric_v5,d51_query_preference_rubric_v1,ranking_target_margin,,False
кухни на заказ отзывы,https://otzovik.com/reviews/kuhnya_kuhni_na_zakaz/,https://vkkuhni.ru/otzyivyi,strong,True,1.0,73.9,77.0,80.2063,67.9427,12.2636,2,10,8,query_preference_rubric_v5,d51_query_preference_rubric_v1,ranking_target_margin,,False
кухни на заказ отзывы,https://otzovik.com/reviews/kuhnya_kuhni_na_zakaz/,https://www.prostof.ru/otzyvy/,strong,True,1.0,73.9,66.7,80.2063,63.524,16.6823,2,8,6,query_preference_rubric_v5,d51_query_preference_rubric_v1,ranking_target_margin,,False
кухни на заказ отзывы,https://otzyv-remstroy.ru/rating/kuhni-na-zakaz,https://kuhnimoskvy.ru/reviews.php,strong,True,1.0,72.3,65.3,73.3031,64.5963,8.7068,5,7,2,query_preference_rubric_v5,d51_query_preference_rubric_v1,ranking_target_margin,,False
кухни на заказ отзывы,https://otzyv-remstroy.ru/rating/kuhni-na-zakaz,https://nedorogo-kuhni.ru/otzyvy/kuhni,weak,True,0.5,72.3,68.5,73.3031,67.1959,6.1072,5,6,1,query_preference_rubric_v5,d51_query_preference_rubric_v1,ranking_target_margin,,False
кухни на заказ отзывы,https://otzyv-remstroy.ru/rating/kuhni-na-zakaz,https://pravda-klientov.ru/company/kuhni-na-zakaz,strong,True,1.0,72.3,70.9,73.3031,65.1777,8.1254,5,9,4,query_preference_rubric_v5,d51_query_preference_rubric_v1,ranking_target_margin,,False
кухни на заказ отзывы,https://otzyv-remstroy.ru/rating/kuhni-na-zakaz,https://vkkuhni.ru/otzyivyi,weak,True,0.5,72.3,77.0,73.3031,67.9427,5.3604,5,10,5,query_preference_rubric_v5,d51_query_preference_rubric_v1,ranking_target_margin,,False
кухни на заказ отзывы,https://otzyv-remstroy.ru/rating/kuhni-na-zakaz,https://www.prostof.ru/otzyvy/,strong,True,1.0,72.3,66.7,73.3031,63.524,9.7791,5,8,3,query_preference_rubric_v5,d51_query_preference_rubric_v1,ranking_target_margin,,False
кухни на заказ отзывы,https://reitingkuhni.ru/,https://kuhnimoskvy.ru/reviews.php,strong,True,1.0,69.9,65.3,75.1697,64.5963,10.5734,3,7,4,query_preference_rubric_v5,d51_query_preference_rubric_v1,ranking_target_margin,,False
кухни на заказ отзывы,https://reitingkuhni.ru/,https://nedorogo-kuhni.ru/otzyvy/kuhni,weak,True,0.5,69.9,68.5,75.1697,67.1959,7.9738,3,6,3,query_preference_rubric_v5,d51_query_preference_rubric_v1,ranking_target_margin,,False
кухни на заказ отзывы,https://reitingkuhni.ru/,https://pravda-klientov.ru/company/kuhni-na-zakaz,strong,True,1.0,69.9,70.9,75.1697,65.1777,9.992,3,9,6,query_preference_rubric_v5,d51_query_preference_rubric_v1,ranking_target_margin,,False
кухни на заказ отзывы,https://reitingkuhni.ru/,https://vkkuhni.ru/otzyivyi,weak,True,0.5,69.9,77.0,75.1697,67.9427,7.227,3,10,7,query_preference_rubric_v5,d51_query_preference_rubric_v1,ranking_target_margin,,False
кухни на заказ отзывы,https://reitingkuhni.ru/,https://www.prostof.ru/otzyvy/,strong,True,1.0,69.9,66.7,75.1697,63.524,11.6457,3,8,5,query_preference_rubric_v5,d51_query_preference_rubric_v1,ranking_target_margin,,False
кухни на заказ отзывы,https://vkkuhni.ru/otzyivyi,https://kuhnimoskvy.ru/reviews.php,uncertain,False,0.0,77.0,65.3,67.9427,64.5963,3.3464,10,7,-3,query_preference_rubric_v5,d51_query_preference_rubric_v1,ranking_target_margin,,False
кухни на заказ отзывы,https://vkkuhni.ru/otzyivyi,https://pravda-klientov.ru/company/kuhni-na-zakaz,uncertain,False,0.0,77.0,70.9,67.9427,65.1777,2.765,10,9,-1,query_preference_rubric_v5,d51_query_preference_rubric_v1,ranking_target_margin,,False
кухни на заказ отзывы,https://vkkuhni.ru/otzyivyi,https://www.prostof.ru/otzyvy/,weak,True,0.5,77.0,66.7,67.9427,63.524,4.4187,10,8,-2,query_preference_rubric_v5,d51_query_preference_rubric_v1,ranking_target_margin,,False
кухни на заказ цена Екатеринбург,https://ekat.steklodom.com/mebel-na-zakaz/kuhni/,https://kuhnya-ekb.ru/,strong,True,1.0,69.1,25.8,66.8068,32.9112,33.8956,7,6,-1,query_preference_rubric_v5,d51_query_preference_rubric_v1,ranking_target_margin,,False
кухни на заказ цена Екатеринбург,https://ekat.steklodom.com/mebel-na-zakaz/kuhni/,https://vk.com/kuhni_shkafy_zakaz,strong,True,1.0,69.1,22.0,66.8068,24.2729,42.5339,7,10,3,query_preference_rubric_v5,d51_query_preference_rubric_v1,ranking_target_margin,,False
кухни на заказ цена Екатеринбург,https://ekat.steklodom.com/mebel-na-zakaz/kuhni/,https://yutnaya-kuhnya.com/,weak,True,0.5,69.1,65.5,66.8068,62.791,4.0158,7,8,1,query_preference_rubric_v5,d51_query_preference_rubric_v1,ranking_target_margin,,False
кухни на заказ цена Екатеринбург,https://ekaterinburg.vernokuhni.ru/,https://ekat.steklodom.com/mebel-na-zakaz/kuhni/,weak,True,0.5,72.6,69.1,72.5255,66.8068,5.7187,5,7,2,query_preference_rubric_v5,d51_query_preference_rubric_v1,ranking_target_margin,,False
кухни на заказ цена Екатеринбург,https://ekaterinburg.vernokuhni.ru/,https://kuhnya-ekb.ru/,strong,True,1.0,72.6,25.8,72.5255,32.9112,39.6143,5,6,1,query_preference_rubric_v5,d51_query_preference_rubric_v1,ranking_target_margin,,False
кухни на заказ цена Екатеринбург,https://ekaterinburg.vernokuhni.ru/,https://vk.com/kuhni_shkafy_zakaz,strong,True,1.0,72.6,22.0,72.5255,24.2729,48.2526,5,10,5,query_preference_rubric_v5,d51_query_preference_rubric_v1,ranking_target_margin,,False
кухни на заказ цена Екатеринбург,https://ekaterinburg.vernokuhni.ru/,https://www.vkuskuhni.ru/,uncertain,False,0.0,72.6,78.7,72.5255,69.9935,2.532,5,9,4,query_preference_rubric_v5,d51_query_preference_rubric_v1,ranking_target_margin,,False
кухни на заказ цена Екатеринбург,https://ekaterinburg.vernokuhni.ru/,https://yutnaya-kuhnya.com/,strong,True,1.0,72.6,65.5,72.5255,62.791,9.7345,5,8,3,query_preference_rubric_v5,d51_query_preference_rubric_v1,ranking_target_margin,,False
кухни на заказ цена Екатеринбург,https://kitchenrm.ru/,https://ekat.steklodom.com/mebel-na-zakaz/kuhni/,weak,True,0.5,68.2,69.1,72.8631,66.8068,6.0563,3,7,4,query_preference_rubric_v5,d51_query_preference_rubric_v1,ranking_target_margin,,False
кухни на заказ цена Екатеринбург,https://kitchenrm.ru/,https://kuhnya-ekb.ru/,strong,True,1.0,68.2,25.8,72.8631,32.9112,39.9519,3,6,3,query_preference_rubric_v5,d51_query_preference_rubric_v1,ranking_target_margin,,False
кухни на заказ цена Екатеринбург,https://kitchenrm.ru/,https://vk.com/kuhni_shkafy_zakaz,strong,True,1.0,68.2,22.0,72.8631,24.2729,48.5902,3,10,7,query_preference_rubric_v5,d51_query_preference_rubric_v1,ranking_target_margin,,False
кухни на заказ цена Екатеринбург,https://kitchenrm.ru/,https://www.vkuskuhni.ru/,uncertain,False,0.0,68.2,78.7,72.8631,69.9935,2.8696,3,9,6,query_preference_rubric_v5,d51_query_preference_rubric_v1,ranking_target_margin,,False
кухни на заказ цена Екатеринбург,https://kitchenrm.ru/,https://yutnaya-kuhnya.com/,strong,True,1.0,68.2,65.5,72.8631,62.791,10.0721,3,8,5,query_preference_rubric_v5,d51_query_preference_rubric_v1,ranking_target_margin,,False
кухни на заказ цена Екатеринбург,https://kuhnya-ekb.ru/,https://vk.com/kuhni_shkafy_zakaz,strong,True,1.0,25.8,22.0,32.9112,24.2729,8.6383,6,10,4,query_preference_rubric_v5,d51_query_preference_rubric_v1,ranking_target_margin,,False
кухни на заказ цена Екатеринбург,https://na-zakaz-mebel.com/,https://ekat.steklodom.com/mebel-na-zakaz/kuhni/,strong,True,1.0,80.4,69.1,83.8915,66.8068,17.0847,2,7,5,query_preference_rubric_v5,d51_query_preference_rubric_v1,ranking_target_margin,,False
кухни на заказ цена Екатеринбург,https://na-zakaz-mebel.com/,https://ekaterinburg.vernokuhni.ru/,strong,True,1.0,80.4,72.6,83.8915,72.5255,11.366,2,5,3,query_preference_rubric_v5,d51_query_preference_rubric_v1,ranking_target_margin,,False
кухни на заказ цена Екатеринбург,https://na-zakaz-mebel.com/,https://kitchenrm.ru/,strong,True,1.0,80.4,68.2,83.8915,72.8631,11.0284,2,3,1,query_preference_rubric_v5,d51_query_preference_rubric_v1,ranking_target_margin,,False
кухни на заказ цена Екатеринбург,https://na-zakaz-mebel.com/,https://kuhnya-ekb.ru/,strong,True,1.0,80.4,25.8,83.8915,32.9112,50.9803,2,6,4,query_preference_rubric_v5,d51_query_preference_rubric_v1,ranking_target_margin,,False
кухни на заказ цена Екатеринбург,https://na-zakaz-mebel.com/,https://vk.com/kuhni_shkafy_zakaz,strong,True,1.0,80.4,22.0,83.8915,24.2729,59.6186,2,10,8,query_preference_rubric_v5,d51_query_preference_rubric_v1,ranking_target_margin,,False
кухни на заказ цена Екатеринбург,https://na-zakaz-mebel.com/,https://www.vkuskuhni.ru/,strong,True,1.0,80.4,78.7,83.8915,69.9935,13.898,2,9,7,query_preference_rubric_v5,d51_query_preference_rubric_v1,ranking_target_margin,,False
кухни на заказ цена Екатеринбург,https://na-zakaz-mebel.com/,https://yutnaya-kuhnya.com/,strong,True,1.0,80.4,65.5,83.8915,62.791,21.1005,2,8,6,query_preference_rubric_v5,d51_query_preference_rubric_v1,ranking_target_margin,,False
кухни на заказ цена Екатеринбург,https://na-zakaz-mebel.com/,https://е-кухни.рф/,weak,True,0.5,80.4,76.4,83.8915,77.0915,6.8,2,4,2,query_preference_rubric_v5,d51_query_preference_rubric_v1,ranking_target_margin,,False
кухни на заказ цена Екатеринбург,https://www.lovekuhnya.ru/,https://ekat.steklodom.com/mebel-na-zakaz/kuhni/,strong,True,1.0,80.4,69.1,85.6329,66.8068,18.8261,1,7,6,query_preference_rubric_v5,d51_query_preference_rubric_v1,ranking_target_margin,,False
кухни на заказ цена Екатеринбург,https://www.lovekuhnya.ru/,https://ekaterinburg.vernokuhni.ru/,strong,True,1.0,80.4,72.6,85.6329,72.5255,13.1074,1,5,4,query_preference_rubric_v5,d51_query_preference_rubric_v1,ranking_target_margin,,False
кухни на заказ цена Екатеринбург,https://www.lovekuhnya.ru/,https://kitchenrm.ru/,strong,True,1.0,80.4,68.2,85.6329,72.8631,12.7698,1,3,2,query_preference_rubric_v5,d51_query_preference_rubric_v1,ranking_target_margin,,False
кухни на заказ цена Екатеринбург,https://www.lovekuhnya.ru/,https://kuhnya-ekb.ru/,strong,True,1.0,80.4,25.8,85.6329,32.9112,52.7217,1,6,5,query_preference_rubric_v5,d51_query_preference_rubric_v1,ranking_target_margin,,False
кухни на заказ цена Екатеринбург,https://www.lovekuhnya.ru/,https://vk.com/kuhni_shkafy_zakaz,strong,True,1.0,80.4,22.0,85.6329,24.2729,61.36,1,10,9,query_preference_rubric_v5,d51_query_preference_rubric_v1,ranking_target_margin,,False
кухни на заказ цена Екатеринбург,https://www.lovekuhnya.ru/,https://www.vkuskuhni.ru/,strong,True,1.0,80.4,78.7,85.6329,69.9935,15.6394,1,9,8,query_preference_rubric_v5,d51_query_preference_rubric_v1,ranking_target_margin,,False
кухни на заказ цена Екатеринбург,https://www.lovekuhnya.ru/,https://yutnaya-kuhnya.com/,strong,True,1.0,80.4,65.5,85.6329,62.791,22.8419,1,8,7,query_preference_rubric_v5,d51_query_preference_rubric_v1,ranking_target_margin,,False
кухни на заказ цена Екатеринбург,https://www.lovekuhnya.ru/,https://е-кухни.рф/,strong,True,1.0,80.4,76.4,85.6329,77.0915,8.5414,1,4,3,query_preference_rubric_v5,d51_query_preference_rubric_v1,ranking_target_margin,,False
кухни на заказ цена Екатеринбург,https://www.vkuskuhni.ru/,https://ekat.steklodom.com/mebel-na-zakaz/kuhni/,uncertain,False,0.0,78.7,69.1,69.9935,66.8068,3.1867,9,7,-2,query_preference_rubric_v5,d51_query_preference_rubric_v1,ranking_target_margin,,False
кухни на заказ цена Екатеринбург,https://www.vkuskuhni.ru/,https://kuhnya-ekb.ru/,strong,True,1.0,78.7,25.8,69.9935,32.9112,37.0823,9,6,-3,query_preference_rubric_v5,d51_query_preference_rubric_v1,ranking_target_margin,,False
кухни на заказ цена Екатеринбург,https://www.vkuskuhni.ru/,https://vk.com/kuhni_shkafy_zakaz,strong,True,1.0,78.7,22.0,69.9935,24.2729,45.7206,9,10,1,query_preference_rubric_v5,d51_query_preference_rubric_v1,ranking_target_margin,,False
кухни на заказ цена Екатеринбург,https://www.vkuskuhni.ru/,https://yutnaya-kuhnya.com/,weak,True,0.5,78.7,65.5,69.9935,62.791,7.2025,9,8,-1,query_preference_rubric_v5,d51_query_preference_rubric_v1,ranking_target_margin,,False
кухни на заказ цена Екатеринбург,https://yutnaya-kuhnya.com/,https://kuhnya-ekb.ru/,strong,True,1.0,65.5,25.8,62.791,32.9112,29.8798,8,6,-2,query_preference_rubric_v5,d51_query_preference_rubric_v1,ranking_target_margin,,False
кухни на заказ цена Екатеринбург,https://yutnaya-kuhnya.com/,https://vk.com/kuhni_shkafy_zakaz,strong,True,1.0,65.5,22.0,62.791,24.2729,38.5181,8,10,2,query_preference_rubric_v5,d51_query_preference_rubric_v1,ranking_target_margin,,False
кухни на заказ цена Екатеринбург,https://е-кухни.рф/,https://ekat.steklodom.com/mebel-na-zakaz/kuhni/,strong,True,1.0,76.4,69.1,77.0915,66.8068,10.2847,4,7,3,query_preference_rubric_v5,d51_query_preference_rubric_v1,ranking_target_margin,,False
кухни на заказ цена Екатеринбург,https://е-кухни.рф/,https://ekaterinburg.vernokuhni.ru/,weak,True,0.5,76.4,72.6,77.0915,72.5255,4.566,4,5,1,query_preference_rubric_v5,d51_query_preference_rubric_v1,ranking_target_margin,,False
кухни на заказ цена Екатеринбург,https://е-кухни.рф/,https://kitchenrm.ru/,weak,True,0.5,76.4,68.2,77.0915,72.8631,4.2284,4,3,-1,query_preference_rubric_v5,d51_query_preference_rubric_v1,ranking_target_margin,,False
кухни на заказ цена Екатеринбург,https://е-кухни.рф/,https://kuhnya-ekb.ru/,strong,True,1.0,76.4,25.8,77.0915,32.9112,44.1803,4,6,2,query_preference_rubric_v5,d51_query_preference_rubric_v1,ranking_target_margin,,False
кухни на заказ цена Екатеринбург,https://е-кухни.рф/,https://vk.com/kuhni_shkafy_zakaz,strong,True,1.0,76.4,22.0,77.0915,24.2729,52.8186,4,10,6,query_preference_rubric_v5,d51_query_preference_rubric_v1,ranking_target_margin,,False
кухни на заказ цена Екатеринбург,https://е-кухни.рф/,https://www.vkuskuhni.ru/,weak,True,0.5,76.4,78.7,77.0915,69.9935,7.098,4,9,5,query_preference_rubric_v5,d51_query_preference_rubric_v1,ranking_target_margin,,False
кухни на заказ цена Екатеринбург,https://е-кухни.рф/,https://yutnaya-kuhnya.com/,strong,True,1.0,76.4,65.5,77.0915,62.791,14.3005,4,8,4,query_preference_rubric_v5,d51_query_preference_rubric_v1,ranking_target_margin,,False
кухни на заказ цена Казань,https://bigmebel-kzn.ru/kuhni/,https://kuhdela.ru/,strong,True,1.0,75.1,71.3,76.4013,67.8367,8.5646,4,7,3,query_preference_rubric_v5,d51_query_preference_rubric_v1,ranking_target_margin,,False
кухни на заказ цена Казань,https://bigmebel-kzn.ru/kuhni/,https://kuhni-express.ru/kazan/catalog,weak,True,0.5,75.1,67.9,76.4013,71.4185,4.9828,4,3,-1,query_preference_rubric_v5,d51_query_preference_rubric_v1,ranking_target_margin,,False
кухни на заказ цена Казань,https://bigmebel-kzn.ru/kuhni/,https://kuhni-kazanzakazz.ru/,strong,True,1.0,75.1,66.2,76.4013,66.4556,9.9457,4,6,2,query_preference_rubric_v5,d51_query_preference_rubric_v1,ranking_target_margin,,False
кухни на заказ цена Казань,https://bigmebel-kzn.ru/kuhni/,https://kuhni-mebelyer.ru/,weak,True,0.5,75.1,78.6,76.4013,70.3283,6.073,4,9,5,query_preference_rubric_v5,d51_query_preference_rubric_v1,ranking_target_margin,,False
кухни на заказ цена Казань,https://bigmebel-kzn.ru/kuhni/,https://kuhni-sova.ru/,uncertain,False,0.0,75.1,65.0,76.4013,72.5742,3.8271,4,1,-3,query_preference_rubric_v5,d51_query_preference_rubric_v1,ranking_target_margin,,False
кухни на заказ цена Казань,https://bigmebel-kzn.ru/kuhni/,https://kuhni.shell-wood.ru/,strong,True,1.0,75.1,73.4,76.4013,64.9365,11.4648,4,10,6,query_preference_rubric_v5,d51_query_preference_rubric_v1,ranking_target_margin,,False
кухни на заказ цена Казань,https://bigmebel-kzn.ru/kuhni/,https://olan.biz/,strong,True,1.0,75.1,71.4,76.4013,66.3454,10.0559,4,8,4,query_preference_rubric_v5,d51_query_preference_rubric_v1,ranking_target_margin,,False
кухни на заказ цена Казань,https://bigmebel-kzn.ru/kuhni/,https://www.kukhni-kazan.ru/,strong,True,1.0,75.1,62.8,76.4013,65.9473,10.454,4,5,1,query_preference_rubric_v5,d51_query_preference_rubric_v1,ranking_target_margin,,False
кухни на заказ цена Казань,https://kuhdela.ru/,https://kuhni.shell-wood.ru/,uncertain,False,0.0,71.3,73.4,67.8367,64.9365,2.9002,7,10,3,query_preference_rubric_v5,d51_query_preference_rubric_v1,ranking_target_margin,,False
кухни на заказ цена Казань,https://kuhni-express.ru/kazan/catalog,https://kuhdela.ru/,uncertain,False,0.0,67.9,71.3,71.4185,67.8367,3.5818,3,7,4,query_preference_rubric_v5,d51_query_preference_rubric_v1,ranking_target_margin,,False
кухни на заказ цена Казань,https://kuhni-express.ru/kazan/catalog,https://kuhni-kazanzakazz.ru/,weak,True,0.5,67.9,66.2,71.4185,66.4556,4.9629,3,6,3,query_preference_rubric_v5,d51_query_preference_rubric_v1,ranking_target_margin,,False
кухни на заказ цена Казань,https://kuhni-express.ru/kazan/catalog,https://kuhni.shell-wood.ru/,weak,True,0.5,67.9,73.4,71.4185,64.9365,6.482,3,10,7,query_preference_rubric_v5,d51_query_preference_rubric_v1,ranking_target_margin,,False
кухни на заказ цена Казань,https://kuhni-express.ru/kazan/catalog,https://olan.biz/,weak,True,0.5,67.9,71.4,71.4185,66.3454,5.0731,3,8,5,query_preference_rubric_v5,d51_query_preference_rubric_v1,ranking_target_margin,,False
кухни на заказ цена Казань,https://kuhni-express.ru/kazan/catalog,https://www.kukhni-kazan.ru/,weak,True,0.5,67.9,62.8,71.4185,65.9473,5.4712,3,5,2,query_preference_rubric_v5,d51_query_preference_rubric_v1,ranking_target_margin,,False
кухни на заказ цена Казань,https://kuhni-mebelyer.ru/,https://kuhdela.ru/,uncertain,False,0.0,78.6,71.3,70.3283,67.8367,2.4916,9,7,-2,query_preference_rubric_v5,d51_query_preference_rubric_v1,ranking_target_margin,,False
кухни на заказ цена Казань,https://kuhni-mebelyer.ru/,https://kuhni-kazanzakazz.ru/,uncertain,False,0.0,78.6,66.2,70.3283,66.4556,3.8727,9,6,-3,query_preference_rubric_v5,d51_query_preference_rubric_v1,ranking_target_margin,,False
кухни на заказ цена Казань,https://kuhni-mebelyer.ru/,https://kuhni.shell-wood.ru/,weak,True,0.5,78.6,73.4,70.3283,64.9365,5.3918,9,10,1,query_preference_rubric_v5,d51_query_preference_rubric_v1,ranking_target_margin,,False
кухни на заказ цена Казань,https://kuhni-mebelyer.ru/,https://olan.biz/,uncertain,False,0.0,78.6,71.4,70.3283,66.3454,3.9829,9,8,-1,query_preference_rubric_v5,d51_query_preference_rubric_v1,ranking_target_margin,,False
кухни на заказ цена Казань,https://kuhni-mebelyer.ru/,https://www.kukhni-kazan.ru/,weak,True,0.5,78.6,62.8,70.3283,65.9473,4.381,9,5,-4,query_preference_rubric_v5,d51_query_preference_rubric_v1,ranking_target_margin,,False
кухни на заказ цена Казань,https://kuhni-na-zakaz.net/,https://bigmebel-kzn.ru/kuhni/,weak,True,0.5,78.1,75.1,81.2191,76.4013,4.8178,2,4,2,query_preference_rubric_v5,d51_query_preference_rubric_v1,ranking_target_margin,,False
кухни на заказ цена Казань,https://kuhni-na-zakaz.net/,https://kuhdela.ru/,strong,True,1.0,78.1,71.3,81.2191,67.8367,13.3824,2,7,5,query_preference_rubric_v5,d51_query_preference_rubric_v1,ranking_target_margin,,False
кухни на заказ цена Казань,https://kuhni-na-zakaz.net/,https://kuhni-express.ru/kazan/catalog,strong,True,1.0,78.1,67.9,81.2191,71.4185,9.8006,2,3,1,query_preference_rubric_v5,d51_query_preference_rubric_v1,ranking_target_margin,,False
кухни на заказ цена Казань,https://kuhni-na-zakaz.net/,https://kuhni-kazanzakazz.ru/,strong,True,1.0,78.1,66.2,81.2191,66.4556,14.7635,2,6,4,query_preference_rubric_v5,d51_query_preference_rubric_v1,ranking_target_margin,,False
кухни на заказ цена Казань,https://kuhni-na-zakaz.net/,https://kuhni-mebelyer.ru/,strong,True,1.0,78.1,78.6,81.2191,70.3283,10.8908,2,9,7,query_preference_rubric_v5,d51_query_preference_rubric_v1,ranking_target_margin,,False
кухни на заказ цена Казань,https://kuhni-na-zakaz.net/,https://kuhni-sova.ru/,strong,True,1.0,78.1,65.0,81.2191,72.5742,8.6449,2,1,-1,query_preference_rubric_v5,d51_query_preference_rubric_v1,ranking_target_margin,,False
кухни на заказ цена Казань,https://kuhni-na-zakaz.net/,https://kuhni.shell-wood.ru/,strong,True,1.0,78.1,73.4,81.2191,64.9365,16.2826,2,10,8,query_preference_rubric_v5,d51_query_preference_rubric_v1,ranking_target_margin,,False
кухни на заказ цена Казань,https://kuhni-na-zakaz.net/,https://olan.biz/,strong,True,1.0,78.1,71.4,81.2191,66.3454,14.8737,2,8,6,query_preference_rubric_v5,d51_query_preference_rubric_v1,ranking_target_margin,,False
кухни на заказ цена Казань,https://kuhni-na-zakaz.net/,https://www.kukhni-kazan.ru/,strong,True,1.0,78.1,62.8,81.2191,65.9473,15.2718,2,5,3,query_preference_rubric_v5,d51_query_preference_rubric_v1,ranking_target_margin,,False
кухни на заказ цена Казань,https://kuhni-sova.ru/,https://kuhdela.ru/,weak,True,0.5,65.0,71.3,72.5742,67.8367,4.7375,1,7,6,query_preference_rubric_v5,d51_query_preference_rubric_v1,ranking_target_margin,,False
кухни на заказ цена Казань,https://kuhni-sova.ru/,https://kuhni-kazanzakazz.ru/,weak,True,0.5,65.0,66.2,72.5742,66.4556,6.1186,1,6,5,query_preference_rubric_v5,d51_query_preference_rubric_v1,ranking_target_margin,,False
кухни на заказ цена Казань,https://kuhni-sova.ru/,https://kuhni-mebelyer.ru/,uncertain,False,0.0,65.0,78.6,72.5742,70.3283,2.2459,1,9,8,query_preference_rubric_v5,d51_query_preference_rubric_v1,ranking_target_margin,,False
кухни на заказ цена Казань,https://kuhni-sova.ru/,https://kuhni.shell-wood.ru/,weak,True,0.5,65.0,73.4,72.5742,64.9365,7.6377,1,10,9,query_preference_rubric_v5,d51_query_preference_rubric_v1,ranking_target_margin,,False
кухни на заказ цена Казань,https://kuhni-sova.ru/,https://olan.biz/,weak,True,0.5,65.0,71.4,72.5742,66.3454,6.2288,1,8,7,query_preference_rubric_v5,d51_query_preference_rubric_v1,ranking_target_margin,,False
кухни на заказ цена Казань,https://kuhni-sova.ru/,https://www.kukhni-kazan.ru/,weak,True,0.5,65.0,62.8,72.5742,65.9473,6.6269,1,5,4,query_preference_rubric_v5,d51_query_preference_rubric_v1,ranking_target_margin,,False
кухни на заказ цена Краснодар,http://kuhnya-krasnodar.ru/,https://krasnodarkuhni.ru/,weak,True,0.5,72.0,70.5,67.6733,62.8401,4.8332,8,10,2,query_preference_rubric_v5,d51_query_preference_rubric_v1,ranking_target_margin,,False
кухни на заказ цена Краснодар,http://kuhnya-krasnodar.ru/,https://kukhni-vkrasnodare.ru/,uncertain,False,0.0,72.0,60.4,67.6733,64.5454,3.1279,8,5,-3,query_preference_rubric_v5,d51_query_preference_rubric_v1,ranking_target_margin,,False
кухни на заказ цена Краснодар,http://kuhnya-krasnodar.ru/,https://www.kukhni-krasnodar.ru/,strong,True,1.0,72.0,55.9,67.6733,53.7075,13.9658,8,9,1,query_preference_rubric_v5,d51_query_preference_rubric_v1,ranking_target_margin,,False
кухни на заказ цена Краснодар,https://krasnodarkuhni.ru/,https://www.kukhni-krasnodar.ru/,strong,True,1.0,70.5,55.9,62.8401,53.7075,9.1326,10,9,-1,query_preference_rubric_v5,d51_query_preference_rubric_v1,ranking_target_margin,,False
кухни на заказ цена Краснодар,https://kuhni-kook.ru/,https://krasnodarkuhni.ru/,uncertain,False,0.0,58.1,70.5,65.9303,62.8401,3.0902,2,10,8,query_preference_rubric_v5,d51_query_preference_rubric_v1,ranking_target_margin,,False
кухни на заказ цена Краснодар,https://kuhni-kook.ru/,https://www.kukhni-krasnodar.ru/,strong,True,1.0,58.1,55.9,65.9303,53.7075,12.2228,2,9,7,query_preference_rubric_v5,d51_query_preference_rubric_v1,ranking_target_margin,,False
кухни на заказ цена Краснодар,https://kuhnidar.ru/,http://kuhnya-krasnodar.ru/,strong,True,1.0,76.4,72.0,79.4401,67.6733,11.7668,3,8,5,query_preference_rubric_v5,d51_query_preference_rubric_v1,ranking_target_margin,,False
кухни на заказ цена Краснодар,https://kuhnidar.ru/,https://krasnodarkuhni.ru/,strong,True,1.0,76.4,70.5,79.4401,62.8401,16.6,3,10,7,query_preference_rubric_v5,d51_query_preference_rubric_v1,ranking_target_margin,,False
кухни на заказ цена Краснодар,https://kuhnidar.ru/,https://kuhni-kook.ru/,strong,True,1.0,76.4,58.1,79.4401,65.9303,13.5098,3,2,-1,query_preference_rubric_v5,d51_query_preference_rubric_v1,ranking_target_margin,,False
кухни на заказ цена Краснодар,https://kuhnidar.ru/,https://kukhni-vkrasnodare.ru/,strong,True,1.0,76.4,60.4,79.4401,64.5454,14.8947,3,5,2,query_preference_rubric_v5,d51_query_preference_rubric_v1,ranking_target_margin,,False
кухни на заказ цена Краснодар,https://kuhnidar.ru/,https://novaya-mebel.pro/katalog-mebeli/kuhni/,strong,True,1.0,76.4,68.3,79.4401,66.4598,12.9803,3,7,4,query_preference_rubric_v5,d51_query_preference_rubric_v1,ranking_target_margin,,False
кухни на заказ цена Краснодар,https://kuhnidar.ru/,https://www.giuseppe23.ru/,uncertain,False,0.0,76.4,74.1,79.4401,75.5642,3.8759,3,4,1,query_preference_rubric_v5,d51_query_preference_rubric_v1,ranking_target_margin,,False
кухни на заказ цена Краснодар,https://kuhnidar.ru/,https://www.kukhni-krasnodar.ru/,strong,True,1.0,76.4,55.9,79.4401,53.7075,25.7326,3,9,6,query_preference_rubric_v5,d51_query_preference_rubric_v1,ranking_target_margin,,False
кухни на заказ цена Краснодар,https://kuhnidar.ru/,https://кухни-розмарин.рф/,strong,True,1.0,76.4,72.0,79.4401,69.9226,9.5175,3,6,3,query_preference_rubric_v5,d51_query_preference_rubric_v1,ranking_target_margin,,False
кухни на заказ цена Краснодар,https://kukhni-vkrasnodare.ru/,https://www.kukhni-krasnodar.ru/,strong,True,1.0,60.4,55.9,64.5454,53.7075,10.8379,5,9,4,query_preference_rubric_v5,d51_query_preference_rubric_v1,ranking_target_margin,,False
кухни на заказ цена Краснодар,https://kuxni-krd.ru/,http://kuhnya-krasnodar.ru/,strong,True,1.0,76.0,72.0,81.3357,67.6733,13.6624,1,8,7,query_preference_rubric_v5,d51_query_preference_rubric_v1,ranking_target_margin,,False
кухни на заказ цена Краснодар,https://kuxni-krd.ru/,https://krasnodarkuhni.ru/,strong,True,1.0,76.0,70.5,81.3357,62.8401,18.4956,1,10,9,query_preference_rubric_v5,d51_query_preference_rubric_v1,ranking_target_margin,,False
кухни на заказ цена Краснодар,https://kuxni-krd.ru/,https://kuhni-kook.ru/,strong,True,1.0,76.0,58.1,81.3357,65.9303,15.4054,1,2,1,query_preference_rubric_v5,d51_query_preference_rubric_v1,ranking_target_margin,,False
кухни на заказ цена Краснодар,https://kuxni-krd.ru/,https://kukhni-vkrasnodare.ru/,strong,True,1.0,76.0,60.4,81.3357,64.5454,16.7903,1,5,4,query_preference_rubric_v5,d51_query_preference_rubric_v1,ranking_target_margin,,False
кухни на заказ цена Краснодар,https://kuxni-krd.ru/,https://novaya-mebel.pro/katalog-mebeli/kuhni/,strong,True,1.0,76.0,68.3,81.3357,66.4598,14.8759,1,7,6,query_preference_rubric_v5,d51_query_preference_rubric_v1,ranking_target_margin,,False
кухни на заказ цена Краснодар,https://kuxni-krd.ru/,https://www.giuseppe23.ru/,weak,True,0.5,76.0,74.1,81.3357,75.5642,5.7715,1,4,3,query_preference_rubric_v5,d51_query_preference_rubric_v1,ranking_target_margin,,False
кухни на заказ цена Краснодар,https://kuxni-krd.ru/,https://www.kukhni-krasnodar.ru/,strong,True,1.0,76.0,55.9,81.3357,53.7075,27.6282,1,9,8,query_preference_rubric_v5,d51_query_preference_rubric_v1,ranking_target_margin,,False
кухни на заказ цена Краснодар,https://kuxni-krd.ru/,https://кухни-розмарин.рф/,strong,True,1.0,76.0,72.0,81.3357,69.9226,11.4131,1,6,5,query_preference_rubric_v5,d51_query_preference_rubric_v1,ranking_target_margin,,False
кухни на заказ цена Краснодар,https://novaya-mebel.pro/katalog-mebeli/kuhni/,https://krasnodarkuhni.ru/,uncertain,False,0.0,68.3,70.5,66.4598,62.8401,3.6197,7,10,3,query_preference_rubric_v5,d51_query_preference_rubric_v1,ranking_target_margin,,False
кухни на заказ цена Краснодар,https://novaya-mebel.pro/katalog-mebeli/kuhni/,https://www.kukhni-krasnodar.ru/,strong,True,1.0,68.3,55.9,66.4598,53.7075,12.7523,7,9,2,query_preference_rubric_v5,d51_query_preference_rubric_v1,ranking_target_margin,,False
кухни на заказ цена Краснодар,https://www.giuseppe23.ru/,http://kuhnya-krasnodar.ru/,weak,True,0.5,74.1,72.0,75.5642,67.6733,7.8909,4,8,4,query_preference_rubric_v5,d51_query_preference_rubric_v1,ranking_target_margin,,False
кухни на заказ цена Краснодар,https://www.giuseppe23.ru/,https://krasnodarkuhni.ru/,strong,True,1.0,74.1,70.5,75.5642,62.8401,12.7241,4,10,6,query_preference_rubric_v5,d51_query_preference_rubric_v1,ranking_target_margin,,False
кухни на заказ цена Краснодар,https://www.giuseppe23.ru/,https://kuhni-kook.ru/,strong,True,1.0,74.1,58.1,75.5642,65.9303,9.6339,4,2,-2,query_preference_rubric_v5,d51_query_preference_rubric_v1,ranking_target_margin,,False
кухни на заказ цена Краснодар,https://www.giuseppe23.ru/,https://kukhni-vkrasnodare.ru/,strong,True,1.0,74.1,60.4,75.5642,64.5454,11.0188,4,5,1,query_preference_rubric_v5,d51_query_preference_rubric_v1,ranking_target_margin,,False
кухни на заказ цена Краснодар,https://www.giuseppe23.ru/,https://novaya-mebel.pro/katalog-mebeli/kuhni/,strong,True,1.0,74.1,68.3,75.5642,66.4598,9.1044,4,7,3,query_preference_rubric_v5,d51_query_preference_rubric_v1,ranking_target_margin,,False
кухни на заказ цена Краснодар,https://www.giuseppe23.ru/,https://www.kukhni-krasnodar.ru/,strong,True,1.0,74.1,55.9,75.5642,53.7075,21.8567,4,9,5,query_preference_rubric_v5,d51_query_preference_rubric_v1,ranking_target_margin,,False
кухни на заказ цена Краснодар,https://www.giuseppe23.ru/,https://кухни-розмарин.рф/,weak,True,0.5,74.1,72.0,75.5642,69.9226,5.6416,4,6,2,query_preference_rubric_v5,d51_query_preference_rubric_v1,ranking_target_margin,,False
кухни на заказ цена Краснодар,https://кухни-розмарин.рф/,http://kuhnya-krasnodar.ru/,uncertain,False,0.0,72.0,72.0,69.9226,67.6733,2.2493,6,8,2,query_preference_rubric_v5,d51_query_preference_rubric_v1,ranking_target_margin,,False
кухни на заказ цена Краснодар,https://кухни-розмарин.рф/,https://krasnodarkuhni.ru/,weak,True,0.5,72.0,70.5,69.9226,62.8401,7.0825,6,10,4,query_preference_rubric_v5,d51_query_preference_rubric_v1,ranking_target_margin,,False
кухни на заказ цена Краснодар,https://кухни-розмарин.рф/,https://kuhni-kook.ru/,uncertain,False,0.0,72.0,58.1,69.9226,65.9303,3.9923,6,2,-4,query_preference_rubric_v5,d51_query_preference_rubric_v1,ranking_target_margin,,False
кухни на заказ цена Краснодар,https://кухни-розмарин.рф/,https://kukhni-vkrasnodare.ru/,weak,True,0.5,72.0,60.4,69.9226,64.5454,5.3772,6,5,-1,query_preference_rubric_v5,d51_query_preference_rubric_v1,ranking_target_margin,,False
кухни на заказ цена Краснодар,https://кухни-розмарин.рф/,https://novaya-mebel.pro/katalog-mebeli/kuhni/,uncertain,False,0.0,72.0,68.3,69.9226,66.4598,3.4628,6,7,1,query_preference_rubric_v5,d51_query_preference_rubric_v1,ranking_target_margin,,False
кухни на заказ цена Краснодар,https://кухни-розмарин.рф/,https://www.kukhni-krasnodar.ru/,strong,True,1.0,72.0,55.9,69.9226,53.7075,16.2151,6,9,3,query_preference_rubric_v5,d51_query_preference_rubric_v1,ranking_target_margin,,False
кухни на заказ цена Москва,https://master-kuhni.com/,https://500kuhon.ru/,weak,True,0.5,80.7,71.8,71.9,65.9664,5.9336,9,8,-1,query_preference_rubric_v5,d51_query_preference_rubric_v1,ranking_target_margin,,False
кухни на заказ цена Москва,https://master-kuhni.com/,https://julis.ru/kitchens/,weak,True,0.5,80.7,73.8,71.9,65.9994,5.9006,9,10,1,query_preference_rubric_v5,d51_query_preference_rubric_v1,ranking_target_margin,,False
кухни на заказ цена Москва,https://mebel-renessans.ru/kuhni,https://500kuhon.ru/,strong,True,1.0,79.9,71.8,84.4285,65.9664,18.4621,2,8,6,query_preference_rubric_v5,d51_query_preference_rubric_v1,ranking_target_margin,,False
кухни на заказ цена Москва,https://mebel-renessans.ru/kuhni,https://julis.ru/kitchens/,strong,True,1.0,79.9,73.8,84.4285,65.9994,18.4291,2,10,8,query_preference_rubric_v5,d51_query_preference_rubric_v1,ranking_target_margin,,False
кухни на заказ цена Москва,https://mebel-renessans.ru/kuhni,https://master-kuhni.com/,strong,True,1.0,79.9,80.7,84.4285,71.9,12.5285,2,9,7,query_preference_rubric_v5,d51_query_preference_rubric_v1,ranking_target_margin,,False
кухни на заказ цена Москва,https://mebel-renessans.ru/kuhni,https://nedorogo-kuhni.ru/kuhni,weak,True,0.5,79.9,78.5,84.4285,78.0402,6.3883,2,5,3,query_preference_rubric_v5,d51_query_preference_rubric_v1,ranking_target_margin,,False
кухни на заказ цена Москва,https://mebel-renessans.ru/kuhni,https://vitakuhni.ru/,weak,True,0.5,79.9,79.8,84.4285,79.2621,5.1664,2,4,2,query_preference_rubric_v5,d51_query_preference_rubric_v1,ranking_target_margin,,False
кухни на заказ цена Москва,https://mebel-renessans.ru/kuhni,https://www.bestmebelshop.ru/catalog/mebel-dlya-kukhni/category-kukhni-po-individualnym-razmeram/,strong,True,1.0,79.9,73.6,84.4285,75.5536,8.8749,2,3,1,query_preference_rubric_v5,d51_query_preference_rubric_v1,ranking_target_margin,,False
кухни на заказ цена Москва,https://mebel-renessans.ru/kuhni,https://www.mebelmsk.ru/mebel-na-zakaz/kukhni/,uncertain,False,0.0,79.9,75.3,84.4285,81.7243,2.7042,2,1,-1,query_preference_rubric_v5,d51_query_preference_rubric_v1,ranking_target_margin,,False
кухни на заказ цена Москва,https://mebel-renessans.ru/kuhni,https://zavodkuhnirf.ru/,strong,True,1.0,79.9,72.2,84.4285,71.2462,13.1823,2,6,4,query_preference_rubric_v5,d51_query_preference_rubric_v1,ranking_target_margin,,False
кухни на заказ цена Москва,https://nedorogo-kuhni.ru/kuhni,https://500kuhon.ru/,strong,True,1.0,78.5,71.8,78.0402,65.9664,12.0738,5,8,3,query_preference_rubric_v5,d51_query_preference_rubric_v1,ranking_target_margin,,False
кухни на заказ цена Москва,https://nedorogo-kuhni.ru/kuhni,https://julis.ru/kitchens/,strong,True,1.0,78.5,73.8,78.0402,65.9994,12.0408,5,10,5,query_preference_rubric_v5,d51_query_preference_rubric_v1,ranking_target_margin,,False
кухни на заказ цена Москва,https://nedorogo-kuhni.ru/kuhni,https://master-kuhni.com/,weak,True,0.5,78.5,80.7,78.0402,71.9,6.1402,5,9,4,query_preference_rubric_v5,d51_query_preference_rubric_v1,ranking_target_margin,,False
кухни на заказ цена Москва,https://nedorogo-kuhni.ru/kuhni,https://www.bestmebelshop.ru/catalog/mebel-dlya-kukhni/category-kukhni-po-individualnym-razmeram/,uncertain,False,0.0,78.5,73.6,78.0402,75.5536,2.4866,5,3,-2,query_preference_rubric_v5,d51_query_preference_rubric_v1,ranking_target_margin,,False
кухни на заказ цена Москва,https://nedorogo-kuhni.ru/kuhni,https://zavodkuhnirf.ru/,weak,True,0.5,78.5,72.2,78.0402,71.2462,6.794,5,6,1,query_preference_rubric_v5,d51_query_preference_rubric_v1,ranking_target_margin,,False
кухни на заказ цена Москва,https://vitakuhni.ru/,https://500kuhon.ru/,strong,True,1.0,79.8,71.8,79.2621,65.9664,13.2957,4,8,4,query_preference_rubric_v5,d51_query_preference_rubric_v1,ranking_target_margin,,False
кухни на заказ цена Москва,https://vitakuhni.ru/,https://julis.ru/kitchens/,strong,True,1.0,79.8,73.8,79.2621,65.9994,13.2627,4,10,6,query_preference_rubric_v5,d51_query_preference_rubric_v1,ranking_target_margin,,False
кухни на заказ цена Москва,https://vitakuhni.ru/,https://master-kuhni.com/,weak,True,0.5,79.8,80.7,79.2621,71.9,7.3621,4,9,5,query_preference_rubric_v5,d51_query_preference_rubric_v1,ranking_target_margin,,False
кухни на заказ цена Москва,https://vitakuhni.ru/,https://www.bestmebelshop.ru/catalog/mebel-dlya-kukhni/category-kukhni-po-individualnym-razmeram/,uncertain,False,0.0,79.8,73.6,79.2621,75.5536,3.7085,4,3,-1,query_preference_rubric_v5,d51_query_preference_rubric_v1,ranking_target_margin,,False
кухни на заказ цена Москва,https://vitakuhni.ru/,https://zavodkuhnirf.ru/,strong,True,1.0,79.8,72.2,79.2621,71.2462,8.0159,4,6,2,query_preference_rubric_v5,d51_query_preference_rubric_v1,ranking_target_margin,,False
кухни на заказ цена Москва,https://www.bestmebelshop.ru/catalog/mebel-dlya-kukhni/category-kukhni-po-individualnym-razmeram/,https://500kuhon.ru/,strong,True,1.0,73.6,71.8,75.5536,65.9664,9.5872,3,8,5,query_preference_rubric_v5,d51_query_preference_rubric_v1,ranking_target_margin,,False
кухни на заказ цена Москва,https://www.bestmebelshop.ru/catalog/mebel-dlya-kukhni/category-kukhni-po-individualnym-razmeram/,https://julis.ru/kitchens/,strong,True,1.0,73.6,73.8,75.5536,65.9994,9.5542,3,10,7,query_preference_rubric_v5,d51_query_preference_rubric_v1,ranking_target_margin,,False
кухни на заказ цена Москва,https://www.bestmebelshop.ru/catalog/mebel-dlya-kukhni/category-kukhni-po-individualnym-razmeram/,https://master-kuhni.com/,uncertain,False,0.0,73.6,80.7,75.5536,71.9,3.6536,3,9,6,query_preference_rubric_v5,d51_query_preference_rubric_v1,ranking_target_margin,,False
кухни на заказ цена Москва,https://www.bestmebelshop.ru/catalog/mebel-dlya-kukhni/category-kukhni-po-individualnym-razmeram/,https://zavodkuhnirf.ru/,weak,True,0.5,73.6,72.2,75.5536,71.2462,4.3074,3,6,3,query_preference_rubric_v5,d51_query_preference_rubric_v1,ranking_target_margin,,False
кухни на заказ цена Москва,https://www.mebelmsk.ru/mebel-na-zakaz/kukhni/,https://500kuhon.ru/,strong,True,1.0,75.3,71.8,81.7243,65.9664,15.7579,1,8,7,query_preference_rubric_v5,d51_query_preference_rubric_v1,ranking_target_margin,,False
кухни на заказ цена Москва,https://www.mebelmsk.ru/mebel-na-zakaz/kukhni/,https://julis.ru/kitchens/,strong,True,1.0,75.3,73.8,81.7243,65.9994,15.7249,1,10,9,query_preference_rubric_v5,d51_query_preference_rubric_v1,ranking_target_margin,,False
кухни на заказ цена Москва,https://www.mebelmsk.ru/mebel-na-zakaz/kukhni/,https://master-kuhni.com/,strong,True,1.0,75.3,80.7,81.7243,71.9,9.8243,1,9,8,query_preference_rubric_v5,d51_query_preference_rubric_v1,ranking_target_margin,,False
кухни на заказ цена Москва,https://www.mebelmsk.ru/mebel-na-zakaz/kukhni/,https://nedorogo-kuhni.ru/kuhni,uncertain,False,0.0,75.3,78.5,81.7243,78.0402,3.6841,1,5,4,query_preference_rubric_v5,d51_query_preference_rubric_v1,ranking_target_margin,,False
кухни на заказ цена Москва,https://www.mebelmsk.ru/mebel-na-zakaz/kukhni/,https://vitakuhni.ru/,uncertain,False,0.0,75.3,79.8,81.7243,79.2621,2.4622,1,4,3,query_preference_rubric_v5,d51_query_preference_rubric_v1,ranking_target_margin,,False
кухни на заказ цена Москва,https://www.mebelmsk.ru/mebel-na-zakaz/kukhni/,https://www.bestmebelshop.ru/catalog/mebel-dlya-kukhni/category-kukhni-po-individualnym-razmeram/,weak,True,0.5,75.3,73.6,81.7243,75.5536,6.1707,1,3,2,query_preference_rubric_v5,d51_query_preference_rubric_v1,ranking_target_margin,,False
кухни на заказ цена Москва,https://www.mebelmsk.ru/mebel-na-zakaz/kukhni/,https://zavodkuhnirf.ru/,strong,True,1.0,75.3,72.2,81.7243,71.2462,10.4781,1,6,5,query_preference_rubric_v5,d51_query_preference_rubric_v1,ranking_target_margin,,False
кухни на заказ цена Москва,https://zavodkuhnirf.ru/,https://500kuhon.ru/,weak,True,0.5,72.2,71.8,71.2462,65.9664,5.2798,6,8,2,query_preference_rubric_v5,d51_query_preference_rubric_v1,ranking_target_margin,,False
кухни на заказ цена Москва,https://zavodkuhnirf.ru/,https://julis.ru/kitchens/,weak,True,0.5,72.2,73.8,71.2462,65.9994,5.2468,6,10,4,query_preference_rubric_v5,d51_query_preference_rubric_v1,ranking_target_margin,,False
кухни на заказ цена Нижний Новгород,https://kntmebel.ru/,https://kuhni-nn.ru/,weak,True,0.5,77.0,57.0,76.1007,69.0276,7.0731,5,1,-4,query_preference_rubric_v5,d51_query_preference_rubric_v1,ranking_target_margin,,False
кухни на заказ цена Нижний Новгород,https://kntmebel.ru/,https://kuhni-pod-zakaz-nn.ru/,weak,True,0.5,77.0,76.0,76.1007,68.2667,7.834,5,9,4,query_preference_rubric_v5,d51_query_preference_rubric_v1,ranking_target_margin,,False
кухни на заказ цена Нижний Новгород,https://kntmebel.ru/,https://kuhni-slavichi.ru/,strong,True,1.0,77.0,70.5,76.1007,65.9969,10.1038,5,8,3,query_preference_rubric_v5,d51_query_preference_rubric_v1,ranking_target_margin,,False
кухни на заказ цена Нижний Новгород,https://kntmebel.ru/,https://stebelkuhny.ru/,strong,True,1.0,77.0,63.7,76.1007,63.7171,12.3836,5,6,1,query_preference_rubric_v5,d51_query_preference_rubric_v1,ranking_target_margin,,False
кухни на заказ цена Нижний Новгород,https://kntmebel.ru/,https://www.kukhni-nizhniy-novgorod.ru/,strong,True,1.0,77.0,64.0,76.1007,63.0108,13.0899,5,7,2,query_preference_rubric_v5,d51_query_preference_rubric_v1,ranking_target_margin,,False
кухни на заказ цена Нижний Новгород,https://kntmebel.ru/,https://кухни-на-заказ-нижний-новгород.рф/,strong,True,1.0,77.0,16.6,76.1007,20.0824,56.0183,5,10,5,query_preference_rubric_v5,d51_query_preference_rubric_v1,ranking_target_margin,,False
кухни на заказ цена Нижний Новгород,https://kntmebel.ru/,https://первыйкухонный.рф/,uncertain,False,0.0,77.0,69.7,76.1007,73.4887,2.612,5,3,-2,query_preference_rubric_v5,d51_query_preference_rubric_v1,ranking_target_margin,,False
кухни на заказ цена Нижний Новгород,https://kuhni-nn.ru/,https://kuhni-slavichi.ru/,uncertain,False,0.0,57.0,70.5,69.0276,65.9969,3.0307,1,8,7,query_preference_rubric_v5,d51_query_preference_rubric_v1,ranking_target_margin,,False
кухни на заказ цена Нижний Новгород,https://kuhni-nn.ru/,https://stebelkuhny.ru/,weak,True,0.5,57.0,63.7,69.0276,63.7171,5.3105,1,6,5,query_preference_rubric_v5,d51_query_preference_rubric_v1,ranking_target_margin,,False
кухни на заказ цена Нижний Новгород,https://kuhni-nn.ru/,https://www.kukhni-nizhniy-novgorod.ru/,weak,True,0.5,57.0,64.0,69.0276,63.0108,6.0168,1,7,6,query_preference_rubric_v5,d51_query_preference_rubric_v1,ranking_target_margin,,False
кухни на заказ цена Нижний Новгород,https://kuhni-nn.ru/,https://кухни-на-заказ-нижний-новгород.рф/,strong,True,1.0,57.0,16.6,69.0276,20.0824,48.9452,1,10,9,query_preference_rubric_v5,d51_query_preference_rubric_v1,ranking_target_margin,,False
кухни на заказ цена Нижний Новгород,https://kuhni-pod-zakaz-nn.ru/,https://kuhni-slavichi.ru/,uncertain,False,0.0,76.0,70.5,68.2667,65.9969,2.2698,9,8,-1,query_preference_rubric_v5,d51_query_preference_rubric_v1,ranking_target_margin,,False
кухни на заказ цена Нижний Новгород,https://kuhni-pod-zakaz-nn.ru/,https://stebelkuhny.ru/,weak,True,0.5,76.0,63.7,68.2667,63.7171,4.5496,9,6,-3,query_preference_rubric_v5,d51_query_preference_rubric_v1,ranking_target_margin,,False
кухни на заказ цена Нижний Новгород,https://kuhni-pod-zakaz-nn.ru/,https://www.kukhni-nizhniy-novgorod.ru/,weak,True,0.5,76.0,64.0,68.2667,63.0108,5.2559,9,7,-2,query_preference_rubric_v5,d51_query_preference_rubric_v1,ranking_target_margin,,False
кухни на заказ цена Нижний Новгород,https://kuhni-pod-zakaz-nn.ru/,https://кухни-на-заказ-нижний-новгород.рф/,strong,True,1.0,76.0,16.6,68.2667,20.0824,48.1843,9,10,1,query_preference_rubric_v5,d51_query_preference_rubric_v1,ranking_target_margin,,False
кухни на заказ цена Нижний Новгород,https://kuhni-slavichi.ru/,https://stebelkuhny.ru/,uncertain,False,0.0,70.5,63.7,65.9969,63.7171,2.2798,8,6,-2,query_preference_rubric_v5,d51_query_preference_rubric_v1,ranking_target_margin,,False
кухни на заказ цена Нижний Новгород,https://kuhni-slavichi.ru/,https://www.kukhni-nizhniy-novgorod.ru/,uncertain,False,0.0,70.5,64.0,65.9969,63.0108,2.9861,8,7,-1,query_preference_rubric_v5,d51_query_preference_rubric_v1,ranking_target_margin,,False
кухни на заказ цена Нижний Новгород,https://kuhni-slavichi.ru/,https://кухни-на-заказ-нижний-новгород.рф/,strong,True,1.0,70.5,16.6,65.9969,20.0824,45.9145,8,10,2,query_preference_rubric_v5,d51_query_preference_rubric_v1,ranking_target_margin,,False
кухни на заказ цена Нижний Новгород,https://love-kuhnya-na-zakaz-nn.ru/,https://kuhni-nn.ru/,strong,True,1.0,77.0,57.0,77.7581,69.0276,8.7305,4,1,-3,query_preference_rubric_v5,d51_query_preference_rubric_v1,ranking_target_margin,,False
кухни на заказ цена Нижний Новгород,https://love-kuhnya-na-zakaz-nn.ru/,https://kuhni-pod-zakaz-nn.ru/,strong,True,1.0,77.0,76.0,77.7581,68.2667,9.4914,4,9,5,query_preference_rubric_v5,d51_query_preference_rubric_v1,ranking_target_margin,,False
кухни на заказ цена Нижний Новгород,https://love-kuhnya-na-zakaz-nn.ru/,https://kuhni-slavichi.ru/,strong,True,1.0,77.0,70.5,77.7581,65.9969,11.7612,4,8,4,query_preference_rubric_v5,d51_query_preference_rubric_v1,ranking_target_margin,,False
кухни на заказ цена Нижний Новгород,https://love-kuhnya-na-zakaz-nn.ru/,https://stebelkuhny.ru/,strong,True,1.0,77.0,63.7,77.7581,63.7171,14.041,4,6,2,query_preference_rubric_v5,d51_query_preference_rubric_v1,ranking_target_margin,,False
кухни на заказ цена Нижний Новгород,https://love-kuhnya-na-zakaz-nn.ru/,https://www.kukhni-nizhniy-novgorod.ru/,strong,True,1.0,77.0,64.0,77.7581,63.0108,14.7473,4,7,3,query_preference_rubric_v5,d51_query_preference_rubric_v1,ranking_target_margin,,False
кухни на заказ цена Нижний Новгород,https://love-kuhnya-na-zakaz-nn.ru/,https://кухни-на-заказ-нижний-новгород.рф/,strong,True,1.0,77.0,16.6,77.7581,20.0824,57.6757,4,10,6,query_preference_rubric_v5,d51_query_preference_rubric_v1,ranking_target_margin,,False
кухни на заказ цена Нижний Новгород,https://love-kuhnya-na-zakaz-nn.ru/,https://первыйкухонный.рф/,weak,True,0.5,77.0,69.7,77.7581,73.4887,4.2694,4,3,-1,query_preference_rubric_v5,d51_query_preference_rubric_v1,ranking_target_margin,,False
кухни на заказ цена Нижний Новгород,https://nn.kupit-kuhny.ru/,https://kntmebel.ru/,uncertain,False,0.0,73.9,77.0,78.1122,76.1007,2.0115,2,5,3,query_preference_rubric_v5,d51_query_preference_rubric_v1,ranking_target_margin,,False
кухни на заказ цена Нижний Новгород,https://nn.kupit-kuhny.ru/,https://kuhni-nn.ru/,strong,True,1.0,73.9,57.0,78.1122,69.0276,9.0846,2,1,-1,query_preference_rubric_v5,d51_query_preference_rubric_v1,ranking_target_margin,,False
кухни на заказ цена Нижний Новгород,https://nn.kupit-kuhny.ru/,https://kuhni-pod-zakaz-nn.ru/,strong,True,1.0,73.9,76.0,78.1122,68.2667,9.8455,2,9,7,query_preference_rubric_v5,d51_query_preference_rubric_v1,ranking_target_margin,,False
кухни на заказ цена Нижний Новгород,https://nn.kupit-kuhny.ru/,https://kuhni-slavichi.ru/,strong,True,1.0,73.9,70.5,78.1122,65.9969,12.1153,2,8,6,query_preference_rubric_v5,d51_query_preference_rubric_v1,ranking_target_margin,,False
кухни на заказ цена Нижний Новгород,https://nn.kupit-kuhny.ru/,https://stebelkuhny.ru/,strong,True,1.0,73.9,63.7,78.1122,63.7171,14.3951,2,6,4,query_preference_rubric_v5,d51_query_preference_rubric_v1,ranking_target_margin,,False
кухни на заказ цена Нижний Новгород,https://nn.kupit-kuhny.ru/,https://www.kukhni-nizhniy-novgorod.ru/,strong,True,1.0,73.9,64.0,78.1122,63.0108,15.1014,2,7,5,query_preference_rubric_v5,d51_query_preference_rubric_v1,ranking_target_margin,,False
кухни на заказ цена Нижний Новгород,https://nn.kupit-kuhny.ru/,https://кухни-на-заказ-нижний-новгород.рф/,strong,True,1.0,73.9,16.6,78.1122,20.0824,58.0298,2,10,8,query_preference_rubric_v5,d51_query_preference_rubric_v1,ranking_target_margin,,False
кухни на заказ цена Нижний Новгород,https://nn.kupit-kuhny.ru/,https://первыйкухонный.рф/,weak,True,0.5,73.9,69.7,78.1122,73.4887,4.6235,2,3,1,query_preference_rubric_v5,d51_query_preference_rubric_v1,ranking_target_margin,,False
кухни на заказ цена Нижний Новгород,https://stebelkuhny.ru/,https://кухни-на-заказ-нижний-новгород.рф/,strong,True,1.0,63.7,16.6,63.7171,20.0824,43.6347,6,10,4,query_preference_rubric_v5,d51_query_preference_rubric_v1,ranking_target_margin,,False
кухни на заказ цена Нижний Новгород,https://www.kukhni-nizhniy-novgorod.ru/,https://кухни-на-заказ-нижний-новгород.рф/,strong,True,1.0,64.0,16.6,63.0108,20.0824,42.9284,7,10,3,query_preference_rubric_v5,d51_query_preference_rubric_v1,ranking_target_margin,,False
кухни на заказ цена Нижний Новгород,https://первыйкухонный.рф/,https://kuhni-nn.ru/,weak,True,0.5,69.7,57.0,73.4887,69.0276,4.4611,3,1,-2,query_preference_rubric_v5,d51_query_preference_rubric_v1,ranking_target_margin,,False
кухни на заказ цена Нижний Новгород,https://первыйкухонный.рф/,https://kuhni-pod-zakaz-nn.ru/,weak,True,0.5,69.7,76.0,73.4887,68.2667,5.222,3,9,6,query_preference_rubric_v5,d51_query_preference_rubric_v1,ranking_target_margin,,False
кухни на заказ цена Нижний Новгород,https://первыйкухонный.рф/,https://kuhni-slavichi.ru/,weak,True,0.5,69.7,70.5,73.4887,65.9969,7.4918,3,8,5,query_preference_rubric_v5,d51_query_preference_rubric_v1,ranking_target_margin,,False
кухни на заказ цена Нижний Новгород,https://первыйкухонный.рф/,https://stebelkuhny.ru/,strong,True,1.0,69.7,63.7,73.4887,63.7171,9.7716,3,6,3,query_preference_rubric_v5,d51_query_preference_rubric_v1,ranking_target_margin,,False
кухни на заказ цена Нижний Новгород,https://первыйкухонный.рф/,https://www.kukhni-nizhniy-novgorod.ru/,strong,True,1.0,69.7,64.0,73.4887,63.0108,10.4779,3,7,4,query_preference_rubric_v5,d51_query_preference_rubric_v1,ranking_target_margin,,False
кухни на заказ цена Нижний Новгород,https://первыйкухонный.рф/,https://кухни-на-заказ-нижний-новгород.рф/,strong,True,1.0,69.7,16.6,73.4887,20.0824,53.4063,3,10,7,query_preference_rubric_v5,d51_query_preference_rubric_v1,ranking_target_margin,,False
кухни на заказ цена Новосибирск,https://alexandr-kuhni.ru/nsk,http://mebelin-nsk.ru/kukhni,strong,True,1.0,67.5,13.9,68.9501,19.8564,49.0937,5,9,4,query_preference_rubric_v5,d51_query_preference_rubric_v1,ranking_target_margin,,False
кухни на заказ цена Новосибирск,https://alexandr-kuhni.ru/nsk,https://promebelnsk.ru/kuhni,uncertain,False,0.0,67.5,67.9,68.9501,66.1329,2.8172,5,7,2,query_preference_rubric_v5,d51_query_preference_rubric_v1,ranking_target_margin,,False
кухни на заказ цена Новосибирск,https://alexandr-kuhni.ru/nsk,https://www.kuhni-nsk.ru/catalog/kuhni/na-zakaz/,uncertain,False,0.0,67.5,76.3,68.9501,66.4659,2.4842,5,10,5,query_preference_rubric_v5,d51_query_preference_rubric_v1,ranking_target_margin,,False
кухни на заказ цена Новосибирск,https://feniks-kuhni-nsk.ru/,http://mebelin-nsk.ru/kukhni,strong,True,1.0,72.8,13.9,70.7312,19.8564,50.8748,6,9,3,query_preference_rubric_v5,d51_query_preference_rubric_v1,ranking_target_margin,,False
кухни на заказ цена Новосибирск,https://feniks-kuhni-nsk.ru/,https://kuxni-nsk.ru/,uncertain,False,0.0,72.8,72.6,70.7312,67.1164,3.6148,6,8,2,query_preference_rubric_v5,d51_query_preference_rubric_v1,ranking_target_margin,,False
кухни на заказ цена Новосибирск,https://feniks-kuhni-nsk.ru/,https://promebelnsk.ru/kuhni,weak,True,0.5,72.8,67.9,70.7312,66.1329,4.5983,6,7,1,query_preference_rubric_v5,d51_query_preference_rubric_v1,ranking_target_margin,,False
кухни на заказ цена Новосибирск,https://feniks-kuhni-nsk.ru/,https://www.kuhni-nsk.ru/catalog/kuhni/na-zakaz/,weak,True,0.5,72.8,76.3,70.7312,66.4659,4.2653,6,10,4,query_preference_rubric_v5,d51_query_preference_rubric_v1,ranking_target_margin,,False
кухни на заказ цена Новосибирск,https://kuxni-nsk.ru/,http://mebelin-nsk.ru/kukhni,strong,True,1.0,72.6,13.9,67.1164,19.8564,47.26,8,9,1,query_preference_rubric_v5,d51_query_preference_rubric_v1,ranking_target_margin,,False
кухни на заказ цена Новосибирск,https://lovekuhnya-novosib.ru/,http://mebelin-nsk.ru/kukhni,strong,True,1.0,79.1,13.9,79.5344,19.8564,59.678,4,9,5,query_preference_rubric_v5,d51_query_preference_rubric_v1,ranking_target_margin,,False
кухни на заказ цена Новосибирск,https://lovekuhnya-novosib.ru/,https://alexandr-kuhni.ru/nsk,strong,True,1.0,79.1,67.5,79.5344,68.9501,10.5843,4,5,1,query_preference_rubric_v5,d51_query_preference_rubric_v1,ranking_target_margin,,False
кухни на заказ цена Новосибирск,https://lovekuhnya-novosib.ru/,https://feniks-kuhni-nsk.ru/,strong,True,1.0,79.1,72.8,79.5344,70.7312,8.8032,4,6,2,query_preference_rubric_v5,d51_query_preference_rubric_v1,ranking_target_margin,,False
кухни на заказ цена Новосибирск,https://lovekuhnya-novosib.ru/,https://kuxni-nsk.ru/,strong,True,1.0,79.1,72.6,79.5344,67.1164,12.418,4,8,4,query_preference_rubric_v5,d51_query_preference_rubric_v1,ranking_target_margin,,False
кухни на заказ цена Новосибирск,https://lovekuhnya-novosib.ru/,https://novosibirsk.vernokuhni.ru/,uncertain,False,0.0,79.1,73.9,79.5344,77.0379,2.4965,4,3,-1,query_preference_rubric_v5,d51_query_preference_rubric_v1,ranking_target_margin,,False
кухни на заказ цена Новосибирск,https://lovekuhnya-novosib.ru/,https://promebelnsk.ru/kuhni,strong,True,1.0,79.1,67.9,79.5344,66.1329,13.4015,4,7,3,query_preference_rubric_v5,d51_query_preference_rubric_v1,ranking_target_margin,,False
кухни на заказ цена Новосибирск,https://lovekuhnya-novosib.ru/,https://www.kuhni-nsk.ru/catalog/kuhni/na-zakaz/,strong,True,1.0,79.1,76.3,79.5344,66.4659,13.0685,4,10,6,query_preference_rubric_v5,d51_query_preference_rubric_v1,ranking_target_margin,,False
кухни на заказ цена Новосибирск,https://novosibirsk.vernokuhni.ru/,http://mebelin-nsk.ru/kukhni,strong,True,1.0,73.9,13.9,77.0379,19.8564,57.1815,3,9,6,query_preference_rubric_v5,d51_query_preference_rubric_v1,ranking_target_margin,,False
кухни на заказ цена Новосибирск,https://novosibirsk.vernokuhni.ru/,https://alexandr-kuhni.ru/nsk,strong,True,1.0,73.9,67.5,77.0379,68.9501,8.0878,3,5,2,query_preference_rubric_v5,d51_query_preference_rubric_v1,ranking_target_margin,,False
кухни на заказ цена Новосибирск,https://novosibirsk.vernokuhni.ru/,https://feniks-kuhni-nsk.ru/,weak,True,0.5,73.9,72.8,77.0379,70.7312,6.3067,3,6,3,query_preference_rubric_v5,d51_query_preference_rubric_v1,ranking_target_margin,,False
кухни на заказ цена Новосибирск,https://novosibirsk.vernokuhni.ru/,https://kuxni-nsk.ru/,strong,True,1.0,73.9,72.6,77.0379,67.1164,9.9215,3,8,5,query_preference_rubric_v5,d51_query_preference_rubric_v1,ranking_target_margin,,False
кухни на заказ цена Новосибирск,https://novosibirsk.vernokuhni.ru/,https://promebelnsk.ru/kuhni,strong,True,1.0,73.9,67.9,77.0379,66.1329,10.905,3,7,4,query_preference_rubric_v5,d51_query_preference_rubric_v1,ranking_target_margin,,False
кухни на заказ цена Новосибирск,https://novosibirsk.vernokuhni.ru/,https://www.kuhni-nsk.ru/catalog/kuhni/na-zakaz/,strong,True,1.0,73.9,76.3,77.0379,66.4659,10.572,3,10,7,query_preference_rubric_v5,d51_query_preference_rubric_v1,ranking_target_margin,,False
кухни на заказ цена Новосибирск,https://nsk.nedorogo-kuhni.ru/kuhni,http://mebelin-nsk.ru/kukhni,strong,True,1.0,75.4,13.9,80.3817,19.8564,60.5253,2,9,7,query_preference_rubric_v5,d51_query_preference_rubric_v1,ranking_target_margin,,False
кухни на заказ цена Новосибирск,https://nsk.nedorogo-kuhni.ru/kuhni,https://alexandr-kuhni.ru/nsk,strong,True,1.0,75.4,67.5,80.3817,68.9501,11.4316,2,5,3,query_preference_rubric_v5,d51_query_preference_rubric_v1,ranking_target_margin,,False
кухни на заказ цена Новосибирск,https://nsk.nedorogo-kuhni.ru/kuhni,https://feniks-kuhni-nsk.ru/,strong,True,1.0,75.4,72.8,80.3817,70.7312,9.6505,2,6,4,query_preference_rubric_v5,d51_query_preference_rubric_v1,ranking_target_margin,,False
кухни на заказ цена Новосибирск,https://nsk.nedorogo-kuhni.ru/kuhni,https://kuxni-nsk.ru/,strong,True,1.0,75.4,72.6,80.3817,67.1164,13.2653,2,8,6,query_preference_rubric_v5,d51_query_preference_rubric_v1,ranking_target_margin,,False
кухни на заказ цена Новосибирск,https://nsk.nedorogo-kuhni.ru/kuhni,https://novosibirsk.vernokuhni.ru/,uncertain,False,0.0,75.4,73.9,80.3817,77.0379,3.3438,2,3,1,query_preference_rubric_v5,d51_query_preference_rubric_v1,ranking_target_margin,,False
кухни на заказ цена Новосибирск,https://nsk.nedorogo-kuhni.ru/kuhni,https://promebelnsk.ru/kuhni,strong,True,1.0,75.4,67.9,80.3817,66.1329,14.2488,2,7,5,query_preference_rubric_v5,d51_query_preference_rubric_v1,ranking_target_margin,,False
кухни на заказ цена Новосибирск,https://nsk.nedorogo-kuhni.ru/kuhni,https://www.kuhni-nsk.ru/catalog/kuhni/na-zakaz/,strong,True,1.0,75.4,76.3,80.3817,66.4659,13.9158,2,10,8,query_preference_rubric_v5,d51_query_preference_rubric_v1,ranking_target_margin,,False
кухни на заказ цена Новосибирск,https://promebelnsk.ru/kuhni,http://mebelin-nsk.ru/kukhni,strong,True,1.0,67.9,13.9,66.1329,19.8564,46.2765,7,9,2,query_preference_rubric_v5,d51_query_preference_rubric_v1,ranking_target_margin,,False
кухни на заказ цена Новосибирск,https://www.kuhni-nsk.ru/,http://mebelin-nsk.ru/kukhni,strong,True,1.0,76.7,13.9,81.7207,19.8564,61.8643,1,9,8,query_preference_rubric_v5,d51_query_preference_rubric_v1,ranking_target_margin,,False
кухни на заказ цена Новосибирск,https://www.kuhni-nsk.ru/,https://alexandr-kuhni.ru/nsk,strong,True,1.0,76.7,67.5,81.7207,68.9501,12.7706,1,5,4,query_preference_rubric_v5,d51_query_preference_rubric_v1,ranking_target_margin,,False
кухни на заказ цена Новосибирск,https://www.kuhni-nsk.ru/,https://feniks-kuhni-nsk.ru/,strong,True,1.0,76.7,72.8,81.7207,70.7312,10.9895,1,6,5,query_preference_rubric_v5,d51_query_preference_rubric_v1,ranking_target_margin,,False
кухни на заказ цена Новосибирск,https://www.kuhni-nsk.ru/,https://kuxni-nsk.ru/,strong,True,1.0,76.7,72.6,81.7207,67.1164,14.6043,1,8,7,query_preference_rubric_v5,d51_query_preference_rubric_v1,ranking_target_margin,,False
кухни на заказ цена Новосибирск,https://www.kuhni-nsk.ru/,https://lovekuhnya-novosib.ru/,uncertain,False,0.0,76.7,79.1,81.7207,79.5344,2.1863,1,4,3,query_preference_rubric_v5,d51_query_preference_rubric_v1,ranking_target_margin,,False
кухни на заказ цена Новосибирск,https://www.kuhni-nsk.ru/,https://novosibirsk.vernokuhni.ru/,weak,True,0.5,76.7,73.9,81.7207,77.0379,4.6828,1,3,2,query_preference_rubric_v5,d51_query_preference_rubric_v1,ranking_target_margin,,False
кухни на заказ цена Новосибирск,https://www.kuhni-nsk.ru/,https://promebelnsk.ru/kuhni,strong,True,1.0,76.7,67.9,81.7207,66.1329,15.5878,1,7,6,query_preference_rubric_v5,d51_query_preference_rubric_v1,ranking_target_margin,,False
кухни на заказ цена Новосибирск,https://www.kuhni-nsk.ru/,https://www.kuhni-nsk.ru/catalog/kuhni/na-zakaz/,strong,True,1.0,76.7,76.3,81.7207,66.4659,15.2548,1,10,9,query_preference_rubric_v5,d51_query_preference_rubric_v1,ranking_target_margin,,False
кухни на заказ цена Новосибирск,https://www.kuhni-nsk.ru/catalog/kuhni/na-zakaz/,http://mebelin-nsk.ru/kukhni,strong,True,1.0,76.3,13.9,66.4659,19.8564,46.6095,10,9,-1,query_preference_rubric_v5,d51_query_preference_rubric_v1,ranking_target_margin,,False
кухни на заказ цена Самара,https://dominantm.ru/,https://www.avito.ru/samara/mebel_i_interer/kuhnya_na_zakaz_v_samare_s_proektom_pod_pomeschenie_i_ustanovkoy_8029860475,strong,True,1.0,49.6,26.0,52.2733,28.1078,24.1655,7,9,2,query_preference_rubric_v5,d51_query_preference_rubric_v1,ranking_target_margin,,False
кухни на заказ цена Самара,https://enli.ru/samara/,https://dominantm.ru/,strong,True,1.0,56.7,49.6,64.6053,52.2733,12.332,3,7,4,query_preference_rubric_v5,d51_query_preference_rubric_v1,ranking_target_margin,,False
кухни на заказ цена Самара,https://enli.ru/samara/,https://www.avito.ru/samara/mebel_i_interer/kuhnya_na_zakaz_v_samare_s_proektom_pod_pomeschenie_i_ustanovkoy_8029860475,strong,True,1.0,56.7,26.0,64.6053,28.1078,36.4975,3,9,6,query_preference_rubric_v5,d51_query_preference_rubric_v1,ranking_target_margin,,False
кухни на заказ цена Самара,https://mebelhall-kitchen.ru/,https://dominantm.ru/,strong,True,1.0,70.4,49.6,62.645,52.2733,10.3717,10,7,-3,query_preference_rubric_v5,d51_query_preference_rubric_v1,ranking_target_margin,,False
кухни на заказ цена Самара,https://mebelhall-kitchen.ru/,https://www.avito.ru/samara/mebel_i_interer/kuhnya_na_zakaz_v_samare_s_proektom_pod_pomeschenie_i_ustanovkoy_8029860475,strong,True,1.0,70.4,26.0,62.645,28.1078,34.5372,10,9,-1,query_preference_rubric_v5,d51_query_preference_rubric_v1,ranking_target_margin,,False
кухни на заказ цена Самара,https://samara-kuhni-na-zakaz.ru/,https://dominantm.ru/,strong,True,1.0,76.6,49.6,80.8645,52.2733,28.5912,2,7,5,query_preference_rubric_v5,d51_query_preference_rubric_v1,ranking_target_margin,,False
кухни на заказ цена Самара,https://samara-kuhni-na-zakaz.ru/,https://enli.ru/samara/,strong,True,1.0,76.6,56.7,80.8645,64.6053,16.2592,2,3,1,query_preference_rubric_v5,d51_query_preference_rubric_v1,ranking_target_margin,,False
кухни на заказ цена Самара,https://samara-kuhni-na-zakaz.ru/,https://mebelhall-kitchen.ru/,strong,True,1.0,76.6,70.4,80.8645,62.645,18.2195,2,10,8,query_preference_rubric_v5,d51_query_preference_rubric_v1,ranking_target_margin,,False
кухни на заказ цена Самара,https://samara-kuhni-na-zakaz.ru/,https://samara.fakturamebel.ru/,strong,True,1.0,76.6,61.6,80.8645,71.0013,9.8632,2,1,-1,query_preference_rubric_v5,d51_query_preference_rubric_v1,ranking_target_margin,,False
кухни на заказ цена Самара,https://samara-kuhni-na-zakaz.ru/,https://samara.kupit-kuhny.ru/,weak,True,0.5,76.6,76.0,80.8645,76.7711,4.0934,2,4,2,query_preference_rubric_v5,d51_query_preference_rubric_v1,ranking_target_margin,,False
кухни на заказ цена Самара,https://samara-kuhni-na-zakaz.ru/,https://samara.vernokuhni.ru/,strong,True,1.0,76.6,70.6,80.8645,70.67,10.1945,2,5,3,query_preference_rubric_v5,d51_query_preference_rubric_v1,ranking_target_margin,,False
кухни на заказ цена Самара,https://samara-kuhni-na-zakaz.ru/,https://www.avito.ru/samara/mebel_i_interer/kuhnya_na_zakaz_v_samare_s_proektom_pod_pomeschenie_i_ustanovkoy_8029860475,strong,True,1.0,76.6,26.0,80.8645,28.1078,52.7567,2,9,7,query_preference_rubric_v5,d51_query_preference_rubric_v1,ranking_target_margin,,False
кухни на заказ цена Самара,https://samara.fakturamebel.ru/,https://dominantm.ru/,strong,True,1.0,61.6,49.6,71.0013,52.2733,18.728,1,7,6,query_preference_rubric_v5,d51_query_preference_rubric_v1,ranking_target_margin,,False
кухни на заказ цена Самара,https://samara.fakturamebel.ru/,https://enli.ru/samara/,weak,True,0.5,61.6,56.7,71.0013,64.6053,6.396,1,3,2,query_preference_rubric_v5,d51_query_preference_rubric_v1,ranking_target_margin,,False
кухни на заказ цена Самара,https://samara.fakturamebel.ru/,https://mebelhall-kitchen.ru/,strong,True,1.0,61.6,70.4,71.0013,62.645,8.3563,1,10,9,query_preference_rubric_v5,d51_query_preference_rubric_v1,ranking_target_margin,,False
кухни на заказ цена Самара,https://samara.fakturamebel.ru/,https://www.avito.ru/samara/mebel_i_interer/kuhnya_na_zakaz_v_samare_s_proektom_pod_pomeschenie_i_ustanovkoy_8029860475,strong,True,1.0,61.6,26.0,71.0013,28.1078,42.8935,1,9,8,query_preference_rubric_v5,d51_query_preference_rubric_v1,ranking_target_margin,,False
кухни на заказ цена Самара,https://samara.kupit-kuhny.ru/,https://dominantm.ru/,strong,True,1.0,76.0,49.6,76.7711,52.2733,24.4978,4,7,3,query_preference_rubric_v5,d51_query_preference_rubric_v1,ranking_target_margin,,False
кухни на заказ цена Самара,https://samara.kupit-kuhny.ru/,https://enli.ru/samara/,strong,True,1.0,76.0,56.7,76.7711,64.6053,12.1658,4,3,-1,query_preference_rubric_v5,d51_query_preference_rubric_v1,ranking_target_margin,,False
кухни на заказ цена Самара,https://samara.kupit-kuhny.ru/,https://mebelhall-kitchen.ru/,strong,True,1.0,76.0,70.4,76.7711,62.645,14.1261,4,10,6,query_preference_rubric_v5,d51_query_preference_rubric_v1,ranking_target_margin,,False
кухни на заказ цена Самара,https://samara.kupit-kuhny.ru/,https://samara.fakturamebel.ru/,weak,True,0.5,76.0,61.6,76.7711,71.0013,5.7698,4,1,-3,query_preference_rubric_v5,d51_query_preference_rubric_v1,ranking_target_margin,,False
кухни на заказ цена Самара,https://samara.kupit-kuhny.ru/,https://samara.vernokuhni.ru/,weak,True,0.5,76.0,70.6,76.7711,70.67,6.1011,4,5,1,query_preference_rubric_v5,d51_query_preference_rubric_v1,ranking_target_margin,,False
кухни на заказ цена Самара,https://samara.kupit-kuhny.ru/,https://www.avito.ru/samara/mebel_i_interer/kuhnya_na_zakaz_v_samare_s_proektom_pod_pomeschenie_i_ustanovkoy_8029860475,strong,True,1.0,76.0,26.0,76.7711,28.1078,48.6633,4,9,5,query_preference_rubric_v5,d51_query_preference_rubric_v1,ranking_target_margin,,False
кухни на заказ цена Самара,https://samara.vernokuhni.ru/,https://dominantm.ru/,strong,True,1.0,70.6,49.6,70.67,52.2733,18.3967,5,7,2,query_preference_rubric_v5,d51_query_preference_rubric_v1,ranking_target_margin,,False
кухни на заказ цена Самара,https://samara.vernokuhni.ru/,https://enli.ru/samara/,weak,True,0.5,70.6,56.7,70.67,64.6053,6.0647,5,3,-2,query_preference_rubric_v5,d51_query_preference_rubric_v1,ranking_target_margin,,False
кухни на заказ цена Самара,https://samara.vernokuhni.ru/,https://mebelhall-kitchen.ru/,strong,True,1.0,70.6,70.4,70.67,62.645,8.025,5,10,5,query_preference_rubric_v5,d51_query_preference_rubric_v1,ranking_target_margin,,False
кухни на заказ цена Самара,https://samara.vernokuhni.ru/,https://www.avito.ru/samara/mebel_i_interer/kuhnya_na_zakaz_v_samare_s_proektom_pod_pomeschenie_i_ustanovkoy_8029860475,strong,True,1.0,70.6,26.0,70.67,28.1078,42.5622,5,9,4,query_preference_rubric_v5,d51_query_preference_rubric_v1,ranking_target_margin,,False
кухни на заказ цена Санкт-Петербург,https://kuhnihome.spb.ru/,https://lavellakitchen.ru/,strong,True,1.0,78.2,69.7,76.6429,62.3201,14.3228,5,10,5,query_preference_rubric_v5,d51_query_preference_rubric_v1,ranking_target_margin,,False
кухни на заказ цена Санкт-Петербург,https://kuhnihome.spb.ru/,https://lubimaya-kuhnya.ru/,weak,True,0.5,78.2,74.8,76.6429,69.6768,6.9661,5,8,3,query_preference_rubric_v5,d51_query_preference_rubric_v1,ranking_target_margin,,False
кухни на заказ цена Санкт-Петербург,https://kuhnihome.spb.ru/,https://neva-kuhni.ru/,uncertain,False,0.0,78.2,74.1,76.6429,72.802,3.8409,5,6,1,query_preference_rubric_v5,d51_query_preference_rubric_v1,ranking_target_margin,,False
кухни на заказ цена Санкт-Петербург,https://kuhnihome.spb.ru/,https://petro-mebel.com/kuhni-na-zakaz/,strong,True,1.0,78.2,67.2,76.6429,66.066,10.5769,5,7,2,query_preference_rubric_v5,d51_query_preference_rubric_v1,ranking_target_margin,,False
кухни на заказ цена Санкт-Петербург,https://kuhnihome.spb.ru/,https://spb.vitakuhni.ru/,weak,True,0.5,78.2,77.2,76.6429,68.8831,7.7598,5,9,4,query_preference_rubric_v5,d51_query_preference_rubric_v1,ranking_target_margin,,False
кухни на заказ цена Санкт-Петербург,https://lenkuhni.ru/,https://kuhnihome.spb.ru/,weak,True,0.5,80.1,78.2,82.0672,76.6429,5.4243,3,5,2,query_preference_rubric_v5,d51_query_preference_rubric_v1,ranking_target_margin,,False
кухни на заказ цена Санкт-Петербург,https://lenkuhni.ru/,https://lavellakitchen.ru/,strong,True,1.0,80.1,69.7,82.0672,62.3201,19.7471,3,10,7,query_preference_rubric_v5,d51_query_preference_rubric_v1,ranking_target_margin,,False
кухни на заказ цена Санкт-Петербург,https://lenkuhni.ru/,https://lubimaya-kuhnya.ru/,strong,True,1.0,80.1,74.8,82.0672,69.6768,12.3904,3,8,5,query_preference_rubric_v5,d51_query_preference_rubric_v1,ranking_target_margin,,False
кухни на заказ цена Санкт-Петербург,https://lenkuhni.ru/,https://masterskayakuhon.ru/,weak,True,0.5,80.1,70.8,82.0672,76.5309,5.5363,3,2,-1,query_preference_rubric_v5,d51_query_preference_rubric_v1,ranking_target_margin,,False
кухни на заказ цена Санкт-Петербург,https://lenkuhni.ru/,https://neva-kuhni.ru/,strong,True,1.0,80.1,74.1,82.0672,72.802,9.2652,3,6,3,query_preference_rubric_v5,d51_query_preference_rubric_v1,ranking_target_margin,,False
кухни на заказ цена Санкт-Петербург,https://lenkuhni.ru/,https://petro-mebel.com/kuhni-na-zakaz/,strong,True,1.0,80.1,67.2,82.0672,66.066,16.0012,3,7,4,query_preference_rubric_v5,d51_query_preference_rubric_v1,ranking_target_margin,,False
кухни на заказ цена Санкт-Петербург,https://lenkuhni.ru/,https://spb.vitakuhni.ru/,strong,True,1.0,80.1,77.2,82.0672,68.8831,13.1841,3,9,6,query_preference_rubric_v5,d51_query_preference_rubric_v1,ranking_target_margin,,False
кухни на заказ цена Санкт-Петербург,https://lubimaya-kuhnya.ru/,https://lavellakitchen.ru/,weak,True,0.5,74.8,69.7,69.6768,62.3201,7.3567,8,10,2,query_preference_rubric_v5,d51_query_preference_rubric_v1,ranking_target_margin,,False
кухни на заказ цена Санкт-Петербург,https://lubimaya-kuhnya.ru/,https://petro-mebel.com/kuhni-na-zakaz/,uncertain,False,0.0,74.8,67.2,69.6768,66.066,3.6108,8,7,-1,query_preference_rubric_v5,d51_query_preference_rubric_v1,ranking_target_margin,,False
кухни на заказ цена Санкт-Петербург,https://masterskayakuhon.ru/,https://lavellakitchen.ru/,strong,True,1.0,70.8,69.7,76.5309,62.3201,14.2108,2,10,8,query_preference_rubric_v5,d51_query_preference_rubric_v1,ranking_target_margin,,False
кухни на заказ цена Санкт-Петербург,https://masterskayakuhon.ru/,https://lubimaya-kuhnya.ru/,weak,True,0.5,70.8,74.8,76.5309,69.6768,6.8541,2,8,6,query_preference_rubric_v5,d51_query_preference_rubric_v1,ranking_target_margin,,False
кухни на заказ цена Санкт-Петербург,https://masterskayakuhon.ru/,https://neva-kuhni.ru/,uncertain,False,0.0,70.8,74.1,76.5309,72.802,3.7289,2,6,4,query_preference_rubric_v5,d51_query_preference_rubric_v1,ranking_target_margin,,False
кухни на заказ цена Санкт-Петербург,https://masterskayakuhon.ru/,https://petro-mebel.com/kuhni-na-zakaz/,strong,True,1.0,70.8,67.2,76.5309,66.066,10.4649,2,7,5,query_preference_rubric_v5,d51_query_preference_rubric_v1,ranking_target_margin,,False
кухни на заказ цена Санкт-Петербург,https://masterskayakuhon.ru/,https://spb.vitakuhni.ru/,weak,True,0.5,70.8,77.2,76.5309,68.8831,7.6478,2,9,7,query_preference_rubric_v5,d51_query_preference_rubric_v1,ranking_target_margin,,False
кухни на заказ цена Санкт-Петербург,https://neva-kuhni.ru/,https://lavellakitchen.ru/,strong,True,1.0,74.1,69.7,72.802,62.3201,10.4819,6,10,4,query_preference_rubric_v5,d51_query_preference_rubric_v1,ranking_target_margin,,False
кухни на заказ цена Санкт-Петербург,https://neva-kuhni.ru/,https://lubimaya-kuhnya.ru/,uncertain,False,0.0,74.1,74.8,72.802,69.6768,3.1252,6,8,2,query_preference_rubric_v5,d51_query_preference_rubric_v1,ranking_target_margin,,False
кухни на заказ цена Санкт-Петербург,https://neva-kuhni.ru/,https://petro-mebel.com/kuhni-na-zakaz/,weak,True,0.5,74.1,67.2,72.802,66.066,6.736,6,7,1,query_preference_rubric_v5,d51_query_preference_rubric_v1,ranking_target_margin,,False
кухни на заказ цена Санкт-Петербург,https://neva-kuhni.ru/,https://spb.vitakuhni.ru/,uncertain,False,0.0,74.1,77.2,72.802,68.8831,3.9189,6,9,3,query_preference_rubric_v5,d51_query_preference_rubric_v1,ranking_target_margin,,False
кухни на заказ цена Санкт-Петербург,https://petro-mebel.com/kuhni-na-zakaz/,https://lavellakitchen.ru/,uncertain,False,0.0,67.2,69.7,66.066,62.3201,3.7459,7,10,3,query_preference_rubric_v5,d51_query_preference_rubric_v1,ranking_target_margin,,False
кухни на заказ цена Санкт-Петербург,https://spb.vitakuhni.ru/,https://lavellakitchen.ru/,weak,True,0.5,77.2,69.7,68.8831,62.3201,6.563,9,10,1,query_preference_rubric_v5,d51_query_preference_rubric_v1,ranking_target_margin,,False
кухни на заказ цена Санкт-Петербург,https://spb.vitakuhni.ru/,https://petro-mebel.com/kuhni-na-zakaz/,uncertain,False,0.0,77.2,67.2,68.8831,66.066,2.8171,9,7,-2,query_preference_rubric_v5,d51_query_preference_rubric_v1,ranking_target_margin,,False
натяжные потолки Екатеринбург,https://ekapotolok.ru/,https://potolok-eka.ru/,weak,True,0.5,68.1,72.9,69.3447,64.5461,4.7986,5,10,5,query_preference_rubric_v5,d51_query_preference_rubric_v1,ranking_target_margin,,False
натяжные потолки Екатеринбург,https://ekapotolok.ru/,https://tehnos24.ru/,strong,True,1.0,68.1,65.5,69.3447,60.1018,9.2429,5,9,4,query_preference_rubric_v5,d51_query_preference_rubric_v1,ranking_target_margin,,False
натяжные потолки Екатеринбург,https://ekat.steklodom.com/ceiling/,https://ekapotolok.ru/,weak,True,0.5,66.1,68.1,75.1271,69.3447,5.7824,1,5,4,query_preference_rubric_v5,d51_query_preference_rubric_v1,ranking_target_margin,,False
натяжные потолки Екатеринбург,https://ekat.steklodom.com/ceiling/,https://markakachestva.ru/amenities/9043-luchshie-firmy-natjazhnyh-potolkov-v-ekaterinburge-rejting.html,weak,True,0.5,66.1,62.2,75.1271,69.1429,5.9842,1,2,1,query_preference_rubric_v5,d51_query_preference_rubric_v1,ranking_target_margin,,False
натяжные потолки Екатеринбург,https://ekat.steklodom.com/ceiling/,https://potolok-eka.ru/,strong,True,1.0,66.1,72.9,75.1271,64.5461,10.581,1,10,9,query_preference_rubric_v5,d51_query_preference_rubric_v1,ranking_target_margin,,False
натяжные потолки Екатеринбург,https://ekat.steklodom.com/ceiling/,https://potolokmt.ru/,weak,True,0.5,66.1,71.4,75.1271,68.6345,6.4926,1,7,6,query_preference_rubric_v5,d51_query_preference_rubric_v1,ranking_target_margin,,False
натяжные потолки Екатеринбург,https://ekat.steklodom.com/ceiling/,https://tehnos24.ru/,strong,True,1.0,66.1,65.5,75.1271,60.1018,15.0253,1,9,8,query_preference_rubric_v5,d51_query_preference_rubric_v1,ranking_target_margin,,False
натяжные потолки Екатеринбург,https://ekat.steklodom.com/ceiling/,https://vipceiling.ru/ekb/,weak,True,0.5,66.1,68.1,75.1271,67.9839,7.1432,1,6,5,query_preference_rubric_v5,d51_query_preference_rubric_v1,ranking_target_margin,,False
натяжные потолки Екатеринбург,https://luxpotolok.pro/,https://ekapotolok.ru/,strong,True,1.0,80.6,68.1,81.8023,69.3447,12.4576,3,5,2,query_preference_rubric_v5,d51_query_preference_rubric_v1,ranking_target_margin,,False
натяжные потолки Екатеринбург,https://luxpotolok.pro/,https://ekat.steklodom.com/ceiling/,weak,True,0.5,80.6,66.1,81.8023,75.1271,6.6752,3,1,-2,query_preference_rubric_v5,d51_query_preference_rubric_v1,ranking_target_margin,,False
натяжные потолки Екатеринбург,https://luxpotolok.pro/,https://markakachestva.ru/amenities/9043-luchshie-firmy-natjazhnyh-potolkov-v-ekaterinburge-rejting.html,strong,True,1.0,80.6,62.2,81.8023,69.1429,12.6594,3,2,-1,query_preference_rubric_v5,d51_query_preference_rubric_v1,ranking_target_margin,,False
натяжные потолки Екатеринбург,https://luxpotolok.pro/,https://natyazhniepotolkiekb.ru/,uncertain,False,0.0,80.6,78.9,81.8023,78.9331,2.8692,3,4,1,query_preference_rubric_v5,d51_query_preference_rubric_v1,ranking_target_margin,,False
натяжные потолки Екатеринбург,https://luxpotolok.pro/,https://potolok-eka.ru/,strong,True,1.0,80.6,72.9,81.8023,64.5461,17.2562,3,10,7,query_preference_rubric_v5,d51_query_preference_rubric_v1,ranking_target_margin,,False
натяжные потолки Екатеринбург,https://luxpotolok.pro/,https://potolokmt.ru/,strong,True,1.0,80.6,71.4,81.8023,68.6345,13.1678,3,7,4,query_preference_rubric_v5,d51_query_preference_rubric_v1,ranking_target_margin,,False
натяжные потолки Екатеринбург,https://luxpotolok.pro/,https://tehnos24.ru/,strong,True,1.0,80.6,65.5,81.8023,60.1018,21.7005,3,9,6,query_preference_rubric_v5,d51_query_preference_rubric_v1,ranking_target_margin,,False
натяжные потолки Екатеринбург,https://luxpotolok.pro/,https://vipceiling.ru/ekb/,strong,True,1.0,80.6,68.1,81.8023,67.9839,13.8184,3,6,3,query_preference_rubric_v5,d51_query_preference_rubric_v1,ranking_target_margin,,False
натяжные потолки Екатеринбург,https://markakachestva.ru/amenities/9043-luchshie-firmy-natjazhnyh-potolkov-v-ekaterinburge-rejting.html,https://potolok-eka.ru/,weak,True,0.5,62.2,72.9,69.1429,64.5461,4.5968,2,10,8,query_preference_rubric_v5,d51_query_preference_rubric_v1,ranking_target_margin,,False
натяжные потолки Екатеринбург,https://markakachestva.ru/amenities/9043-luchshie-firmy-natjazhnyh-potolkov-v-ekaterinburge-rejting.html,https://tehnos24.ru/,strong,True,1.0,62.2,65.5,69.1429,60.1018,9.0411,2,9,7,query_preference_rubric_v5,d51_query_preference_rubric_v1,ranking_target_margin,,False
натяжные потолки Екатеринбург,https://natyazhniepotolkiekb.ru/,https://ekapotolok.ru/,strong,True,1.0,78.9,68.1,78.9331,69.3447,9.5884,4,5,1,query_preference_rubric_v5,d51_query_preference_rubric_v1,ranking_target_margin,,False
натяжные потолки Екатеринбург,https://natyazhniepotolkiekb.ru/,https://ekat.steklodom.com/ceiling/,uncertain,False,0.0,78.9,66.1,78.9331,75.1271,3.806,4,1,-3,query_preference_rubric_v5,d51_query_preference_rubric_v1,ranking_target_margin,,False
натяжные потолки Екатеринбург,https://natyazhniepotolkiekb.ru/,https://markakachestva.ru/amenities/9043-luchshie-firmy-natjazhnyh-potolkov-v-ekaterinburge-rejting.html,strong,True,1.0,78.9,62.2,78.9331,69.1429,9.7902,4,2,-2,query_preference_rubric_v5,d51_query_preference_rubric_v1,ranking_target_margin,,False
натяжные потолки Екатеринбург,https://natyazhniepotolkiekb.ru/,https://potolok-eka.ru/,strong,True,1.0,78.9,72.9,78.9331,64.5461,14.387,4,10,6,query_preference_rubric_v5,d51_query_preference_rubric_v1,ranking_target_margin,,False
натяжные потолки Екатеринбург,https://natyazhniepotolkiekb.ru/,https://potolokmt.ru/,strong,True,1.0,78.9,71.4,78.9331,68.6345,10.2986,4,7,3,query_preference_rubric_v5,d51_query_preference_rubric_v1,ranking_target_margin,,False
натяжные потолки Екатеринбург,https://natyazhniepotolkiekb.ru/,https://tehnos24.ru/,strong,True,1.0,78.9,65.5,78.9331,60.1018,18.8313,4,9,5,query_preference_rubric_v5,d51_query_preference_rubric_v1,ranking_target_margin,,False
натяжные потолки Екатеринбург,https://natyazhniepotolkiekb.ru/,https://vipceiling.ru/ekb/,strong,True,1.0,78.9,68.1,78.9331,67.9839,10.9492,4,6,2,query_preference_rubric_v5,d51_query_preference_rubric_v1,ranking_target_margin,,False
натяжные потолки Екатеринбург,https://potolok-eka.ru/,https://tehnos24.ru/,weak,True,0.5,72.9,65.5,64.5461,60.1018,4.4443,10,9,-1,query_preference_rubric_v5,d51_query_preference_rubric_v1,ranking_target_margin,,False
натяжные потолки Екатеринбург,https://potolokmt.ru/,https://potolok-eka.ru/,weak,True,0.5,71.4,72.9,68.6345,64.5461,4.0884,7,10,3,query_preference_rubric_v5,d51_query_preference_rubric_v1,ranking_target_margin,,False
натяжные потолки Екатеринбург,https://potolokmt.ru/,https://tehnos24.ru/,strong,True,1.0,71.4,65.5,68.6345,60.1018,8.5327,7,9,2,query_preference_rubric_v5,d51_query_preference_rubric_v1,ranking_target_margin,,False
натяжные потолки Екатеринбург,https://vipceiling.ru/ekb/,https://potolok-eka.ru/,uncertain,False,0.0,68.1,72.9,67.9839,64.5461,3.4378,6,10,4,query_preference_rubric_v5,d51_query_preference_rubric_v1,ranking_target_margin,,False
натяжные потолки Екатеринбург,https://vipceiling.ru/ekb/,https://tehnos24.ru/,weak,True,0.5,68.1,65.5,67.9839,60.1018,7.8821,6,9,3,query_preference_rubric_v5,d51_query_preference_rubric_v1,ranking_target_margin,,False
натяжные потолки Казань,https://kazan-potolki.ru/,https://kazan.otproffi-potolki.ru/,strong,True,1.0,76.7,70.2,81.7174,66.8852,14.8322,1,7,6,query_preference_rubric_v5,d51_query_preference_rubric_v1,ranking_target_margin,,False
натяжные потолки Казань,https://kazan-potolki.ru/,https://kazan.potolki-natyazhniye.ru/,strong,True,1.0,76.7,71.3,81.7174,69.4573,12.2601,1,6,5,query_preference_rubric_v5,d51_query_preference_rubric_v1,ranking_target_margin,,False
натяжные потолки Казань,https://kazan-potolki.ru/,https://kazan.potolok-montaz.ru/,strong,True,1.0,76.7,75.8,81.7174,68.186,13.5314,1,9,8,query_preference_rubric_v5,d51_query_preference_rubric_v1,ranking_target_margin,,False
натяжные потолки Казань,https://kazan-potolki.ru/,https://kazanpotolok.ru/,strong,True,1.0,76.7,70.8,81.7174,71.3984,10.319,1,5,4,query_preference_rubric_v5,d51_query_preference_rubric_v1,ranking_target_margin,,False
натяжные потолки Казань,https://kazan-potolki.ru/,https://potolki-real.ru/,weak,True,0.5,76.7,74.3,81.7174,75.1763,6.5411,1,4,3,query_preference_rubric_v5,d51_query_preference_rubric_v1,ranking_target_margin,,False
натяжные потолки Казань,https://kazan-potolki.ru/,https://rtpotolki.ru/,strong,True,1.0,76.7,69.2,81.7174,65.1553,16.5621,1,8,7,query_preference_rubric_v5,d51_query_preference_rubric_v1,ranking_target_margin,,False
натяжные потолки Казань,https://kazan-potolki.ru/,https://woodceilings.ru/,strong,True,1.0,76.7,60.9,81.7174,54.7196,26.9978,1,10,9,query_preference_rubric_v5,d51_query_preference_rubric_v1,ranking_target_margin,,False
натяжные потолки Казань,https://kazan-potolki.ru/,https://www.potolki-servis.ru/,weak,True,0.5,76.7,67.2,81.7174,73.7389,7.9785,1,2,1,query_preference_rubric_v5,d51_query_preference_rubric_v1,ranking_target_margin,,False
натяжные потолки Казань,https://kazan.natpotolok.ru/,https://kazan.otproffi-potolki.ru/,strong,True,1.0,79.7,70.2,81.0211,66.8852,14.1359,3,7,4,query_preference_rubric_v5,d51_query_preference_rubric_v1,ranking_target_margin,,False
натяжные потолки Казань,https://kazan.natpotolok.ru/,https://kazan.potolki-natyazhniye.ru/,strong,True,1.0,79.7,71.3,81.0211,69.4573,11.5638,3,6,3,query_preference_rubric_v5,d51_query_preference_rubric_v1,ranking_target_margin,,False
натяжные потолки Казань,https://kazan.natpotolok.ru/,https://kazan.potolok-montaz.ru/,strong,True,1.0,79.7,75.8,81.0211,68.186,12.8351,3,9,6,query_preference_rubric_v5,d51_query_preference_rubric_v1,ranking_target_margin,,False
натяжные потолки Казань,https://kazan.natpotolok.ru/,https://kazanpotolok.ru/,strong,True,1.0,79.7,70.8,81.0211,71.3984,9.6227,3,5,2,query_preference_rubric_v5,d51_query_preference_rubric_v1,ranking_target_margin,,False
натяжные потолки Казань,https://kazan.natpotolok.ru/,https://potolki-real.ru/,weak,True,0.5,79.7,74.3,81.0211,75.1763,5.8448,3,4,1,query_preference_rubric_v5,d51_query_preference_rubric_v1,ranking_target_margin,,False
натяжные потолки Казань,https://kazan.natpotolok.ru/,https://rtpotolki.ru/,strong,True,1.0,79.7,69.2,81.0211,65.1553,15.8658,3,8,5,query_preference_rubric_v5,d51_query_preference_rubric_v1,ranking_target_margin,,False
натяжные потолки Казань,https://kazan.natpotolok.ru/,https://woodceilings.ru/,strong,True,1.0,79.7,60.9,81.0211,54.7196,26.3015,3,10,7,query_preference_rubric_v5,d51_query_preference_rubric_v1,ranking_target_margin,,False
натяжные потолки Казань,https://kazan.natpotolok.ru/,https://www.potolki-servis.ru/,weak,True,0.5,79.7,67.2,81.0211,73.7389,7.2822,3,2,-1,query_preference_rubric_v5,d51_query_preference_rubric_v1,ranking_target_margin,,False
натяжные потолки Казань,https://kazan.otproffi-potolki.ru/,https://woodceilings.ru/,strong,True,1.0,70.2,60.9,66.8852,54.7196,12.1656,7,10,3,query_preference_rubric_v5,d51_query_preference_rubric_v1,ranking_target_margin,,False
натяжные потолки Казань,https://kazan.potolki-natyazhniye.ru/,https://kazan.otproffi-potolki.ru/,uncertain,False,0.0,71.3,70.2,69.4573,66.8852,2.5721,6,7,1,query_preference_rubric_v5,d51_query_preference_rubric_v1,ranking_target_margin,,False
натяжные потолки Казань,https://kazan.potolki-natyazhniye.ru/,https://rtpotolki.ru/,weak,True,0.5,71.3,69.2,69.4573,65.1553,4.302,6,8,2,query_preference_rubric_v5,d51_query_preference_rubric_v1,ranking_target_margin,,False
натяжные потолки Казань,https://kazan.potolki-natyazhniye.ru/,https://woodceilings.ru/,strong,True,1.0,71.3,60.9,69.4573,54.7196,14.7377,6,10,4,query_preference_rubric_v5,d51_query_preference_rubric_v1,ranking_target_margin,,False
натяжные потолки Казань,https://kazan.potolok-montaz.ru/,https://rtpotolki.ru/,uncertain,False,0.0,75.8,69.2,68.186,65.1553,3.0307,9,8,-1,query_preference_rubric_v5,d51_query_preference_rubric_v1,ranking_target_margin,,False
натяжные потолки Казань,https://kazan.potolok-montaz.ru/,https://woodceilings.ru/,strong,True,1.0,75.8,60.9,68.186,54.7196,13.4664,9,10,1,query_preference_rubric_v5,d51_query_preference_rubric_v1,ranking_target_margin,,False
натяжные потолки Казань,https://kazanpotolok.ru/,https://kazan.otproffi-potolki.ru/,weak,True,0.5,70.8,70.2,71.3984,66.8852,4.5132,5,7,2,query_preference_rubric_v5,d51_query_preference_rubric_v1,ranking_target_margin,,False
натяжные потолки Казань,https://kazanpotolok.ru/,https://kazan.potolok-montaz.ru/,uncertain,False,0.0,70.8,75.8,71.3984,68.186,3.2124,5,9,4,query_preference_rubric_v5,d51_query_preference_rubric_v1,ranking_target_margin,,False
натяжные потолки Казань,https://kazanpotolok.ru/,https://rtpotolki.ru/,weak,True,0.5,70.8,69.2,71.3984,65.1553,6.2431,5,8,3,query_preference_rubric_v5,d51_query_preference_rubric_v1,ranking_target_margin,,False
натяжные потолки Казань,https://kazanpotolok.ru/,https://woodceilings.ru/,strong,True,1.0,70.8,60.9,71.3984,54.7196,16.6788,5,10,5,query_preference_rubric_v5,d51_query_preference_rubric_v1,ranking_target_margin,,False
натяжные потолки Казань,https://potolki-real.ru/,https://kazan.otproffi-potolki.ru/,strong,True,1.0,74.3,70.2,75.1763,66.8852,8.2911,4,7,3,query_preference_rubric_v5,d51_query_preference_rubric_v1,ranking_target_margin,,False
натяжные потолки Казань,https://potolki-real.ru/,https://kazan.potolki-natyazhniye.ru/,weak,True,0.5,74.3,71.3,75.1763,69.4573,5.719,4,6,2,query_preference_rubric_v5,d51_query_preference_rubric_v1,ranking_target_margin,,False
натяжные потолки Казань,https://potolki-real.ru/,https://kazan.potolok-montaz.ru/,weak,True,0.5,74.3,75.8,75.1763,68.186,6.9903,4,9,5,query_preference_rubric_v5,d51_query_preference_rubric_v1,ranking_target_margin,,False
натяжные потолки Казань,https://potolki-real.ru/,https://kazanpotolok.ru/,uncertain,False,0.0,74.3,70.8,75.1763,71.3984,3.7779,4,5,1,query_preference_rubric_v5,d51_query_preference_rubric_v1,ranking_target_margin,,False
натяжные потолки Казань,https://potolki-real.ru/,https://rtpotolki.ru/,strong,True,1.0,74.3,69.2,75.1763,65.1553,10.021,4,8,4,query_preference_rubric_v5,d51_query_preference_rubric_v1,ranking_target_margin,,False
натяжные потолки Казань,https://potolki-real.ru/,https://woodceilings.ru/,strong,True,1.0,74.3,60.9,75.1763,54.7196,20.4567,4,10,6,query_preference_rubric_v5,d51_query_preference_rubric_v1,ranking_target_margin,,False
натяжные потолки Казань,https://rtpotolki.ru/,https://woodceilings.ru/,strong,True,1.0,69.2,60.9,65.1553,54.7196,10.4357,8,10,2,query_preference_rubric_v5,d51_query_preference_rubric_v1,ranking_target_margin,,False
натяжные потолки Казань,https://www.potolki-servis.ru/,https://kazan.otproffi-potolki.ru/,weak,True,0.5,67.2,70.2,73.7389,66.8852,6.8537,2,7,5,query_preference_rubric_v5,d51_query_preference_rubric_v1,ranking_target_margin,,False
натяжные потолки Казань,https://www.potolki-servis.ru/,https://kazan.potolki-natyazhniye.ru/,weak,True,0.5,67.2,71.3,73.7389,69.4573,4.2816,2,6,4,query_preference_rubric_v5,d51_query_preference_rubric_v1,ranking_target_margin,,False
натяжные потолки Казань,https://www.potolki-servis.ru/,https://kazan.potolok-montaz.ru/,weak,True,0.5,67.2,75.8,73.7389,68.186,5.5529,2,9,7,query_preference_rubric_v5,d51_query_preference_rubric_v1,ranking_target_margin,,False
натяжные потолки Казань,https://www.potolki-servis.ru/,https://kazanpotolok.ru/,uncertain,False,0.0,67.2,70.8,73.7389,71.3984,2.3405,2,5,3,query_preference_rubric_v5,d51_query_preference_rubric_v1,ranking_target_margin,,False
натяжные потолки Казань,https://www.potolki-servis.ru/,https://rtpotolki.ru/,strong,True,1.0,67.2,69.2,73.7389,65.1553,8.5836,2,8,6,query_preference_rubric_v5,d51_query_preference_rubric_v1,ranking_target_margin,,False
натяжные потолки Казань,https://www.potolki-servis.ru/,https://woodceilings.ru/,strong,True,1.0,67.2,60.9,73.7389,54.7196,19.0193,2,10,8,query_preference_rubric_v5,d51_query_preference_rubric_v1,ranking_target_margin,,False
натяжные потолки Краснодар,http://potolki-kuban.ru/,https://moi-potolki23.ru/,strong,True,1.0,62.7,57.4,63.985,53.8761,10.1089,6,10,4,query_preference_rubric_v5,d51_query_preference_rubric_v1,ranking_target_margin,,False
натяжные потолки Краснодар,http://potolki-kuban.ru/,https://potolki193.ru/,uncertain,False,0.0,62.7,63.8,63.985,60.9256,3.0594,6,7,1,query_preference_rubric_v5,d51_query_preference_rubric_v1,ranking_target_margin,,False
натяжные потолки Краснодар,http://potolki-kuban.ru/,https://www.potolkimk.ru/,uncertain,False,0.0,62.7,66.1,63.985,61.167,2.818,6,9,3,query_preference_rubric_v5,d51_query_preference_rubric_v1,ranking_target_margin,,False
натяжные потолки Краснодар,https://ka-potolki.ru/,http://potolki-kuban.ru/,weak,True,0.5,65.3,62.7,69.1525,63.985,5.1675,4,6,2,query_preference_rubric_v5,d51_query_preference_rubric_v1,ranking_target_margin,,False
натяжные потолки Краснодар,https://ka-potolki.ru/,https://moi-potolki23.ru/,strong,True,1.0,65.3,57.4,69.1525,53.8761,15.2764,4,10,6,query_preference_rubric_v5,d51_query_preference_rubric_v1,ranking_target_margin,,False
натяжные потолки Краснодар,https://ka-potolki.ru/,https://nova-yug.ru/,uncertain,False,0.0,65.3,69.1,69.1525,65.3271,3.8254,4,8,4,query_preference_rubric_v5,d51_query_preference_rubric_v1,ranking_target_margin,,False
натяжные потолки Краснодар,https://ka-potolki.ru/,https://potolki193.ru/,strong,True,1.0,65.3,63.8,69.1525,60.9256,8.2269,4,7,3,query_preference_rubric_v5,d51_query_preference_rubric_v1,ranking_target_margin,,False
натяжные потолки Краснодар,https://ka-potolki.ru/,https://www.potolkimk.ru/,weak,True,0.5,65.3,66.1,69.1525,61.167,7.9855,4,9,5,query_preference_rubric_v5,d51_query_preference_rubric_v1,ranking_target_margin,,False
натяжные потолки Краснодар,https://nova-yug.ru/,https://moi-potolki23.ru/,strong,True,1.0,69.1,57.4,65.3271,53.8761,11.451,8,10,2,query_preference_rubric_v5,d51_query_preference_rubric_v1,ranking_target_margin,,False
натяжные потолки Краснодар,https://nova-yug.ru/,https://potolki193.ru/,weak,True,0.5,69.1,63.8,65.3271,60.9256,4.4015,8,7,-1,query_preference_rubric_v5,d51_query_preference_rubric_v1,ranking_target_margin,,False
натяжные потолки Краснодар,https://nova-yug.ru/,https://www.potolkimk.ru/,weak,True,0.5,69.1,66.1,65.3271,61.167,4.1601,8,9,1,query_preference_rubric_v5,d51_query_preference_rubric_v1,ranking_target_margin,,False
натяжные потолки Краснодар,https://o-potolki.ru/krasnodar,http://potolki-kuban.ru/,strong,True,1.0,69.1,62.7,74.7271,63.985,10.7421,3,6,3,query_preference_rubric_v5,d51_query_preference_rubric_v1,ranking_target_margin,,False
натяжные потолки Краснодар,https://o-potolki.ru/krasnodar,https://ka-potolki.ru/,weak,True,0.5,69.1,65.3,74.7271,69.1525,5.5746,3,4,1,query_preference_rubric_v5,d51_query_preference_rubric_v1,ranking_target_margin,,False
натяжные потолки Краснодар,https://o-potolki.ru/krasnodar,https://moi-potolki23.ru/,strong,True,1.0,69.1,57.4,74.7271,53.8761,20.851,3,10,7,query_preference_rubric_v5,d51_query_preference_rubric_v1,ranking_target_margin,,False
натяжные потолки Краснодар,https://o-potolki.ru/krasnodar,https://nova-yug.ru/,strong,True,1.0,69.1,69.1,74.7271,65.3271,9.4,3,8,5,query_preference_rubric_v5,d51_query_preference_rubric_v1,ranking_target_margin,,False
натяжные потолки Краснодар,https://o-potolki.ru/krasnodar,https://potolki-93.ru/ceny,uncertain,False,0.0,69.1,60.1,74.7271,70.7817,3.9454,3,1,-2,query_preference_rubric_v5,d51_query_preference_rubric_v1,ranking_target_margin,,False
натяжные потолки Краснодар,https://o-potolki.ru/krasnodar,https://potolki-ts.ru/krasnodar,weak,True,0.5,69.1,67.7,74.7271,69.2524,5.4747,3,5,2,query_preference_rubric_v5,d51_query_preference_rubric_v1,ranking_target_margin,,False
натяжные потолки Краснодар,https://o-potolki.ru/krasnodar,https://potolki193.ru/,strong,True,1.0,69.1,63.8,74.7271,60.9256,13.8015,3,7,4,query_preference_rubric_v5,d51_query_preference_rubric_v1,ranking_target_margin,,False
натяжные потолки Краснодар,https://o-potolki.ru/krasnodar,https://www.potolkimk.ru/,strong,True,1.0,69.1,66.1,74.7271,61.167,13.5601,3,9,6,query_preference_rubric_v5,d51_query_preference_rubric_v1,ranking_target_margin,,False
натяжные потолки Краснодар,https://potolki-93.ru/ceny,http://potolki-kuban.ru/,weak,True,0.5,60.1,62.7,70.7817,63.985,6.7967,1,6,5,query_preference_rubric_v5,d51_query_preference_rubric_v1,ranking_target_margin,,False
натяжные потолки Краснодар,https://potolki-93.ru/ceny,https://moi-potolki23.ru/,strong,True,1.0,60.1,57.4,70.7817,53.8761,16.9056,1,10,9,query_preference_rubric_v5,d51_query_preference_rubric_v1,ranking_target_margin,,False
натяжные потолки Краснодар,https://potolki-93.ru/ceny,https://nova-yug.ru/,weak,True,0.5,60.1,69.1,70.7817,65.3271,5.4546,1,8,7,query_preference_rubric_v5,d51_query_preference_rubric_v1,ranking_target_margin,,False
натяжные потолки Краснодар,https://potolki-93.ru/ceny,https://potolki193.ru/,strong,True,1.0,60.1,63.8,70.7817,60.9256,9.8561,1,7,6,query_preference_rubric_v5,d51_query_preference_rubric_v1,ranking_target_margin,,False
натяжные потолки Краснодар,https://potolki-93.ru/ceny,https://www.potolkimk.ru/,strong,True,1.0,60.1,66.1,70.7817,61.167,9.6147,1,9,8,query_preference_rubric_v5,d51_query_preference_rubric_v1,ranking_target_margin,,False
натяжные потолки Краснодар,https://potolki-ts.ru/krasnodar,http://potolki-kuban.ru/,weak,True,0.5,67.7,62.7,69.2524,63.985,5.2674,5,6,1,query_preference_rubric_v5,d51_query_preference_rubric_v1,ranking_target_margin,,False
натяжные потолки Краснодар,https://potolki-ts.ru/krasnodar,https://moi-potolki23.ru/,strong,True,1.0,67.7,57.4,69.2524,53.8761,15.3763,5,10,5,query_preference_rubric_v5,d51_query_preference_rubric_v1,ranking_target_margin,,False
натяжные потолки Краснодар,https://potolki-ts.ru/krasnodar,https://nova-yug.ru/,uncertain,False,0.0,67.7,69.1,69.2524,65.3271,3.9253,5,8,3,query_preference_rubric_v5,d51_query_preference_rubric_v1,ranking_target_margin,,False
натяжные потолки Краснодар,https://potolki-ts.ru/krasnodar,https://potolki193.ru/,strong,True,1.0,67.7,63.8,69.2524,60.9256,8.3268,5,7,2,query_preference_rubric_v5,d51_query_preference_rubric_v1,ranking_target_margin,,False
натяжные потолки Краснодар,https://potolki-ts.ru/krasnodar,https://www.potolkimk.ru/,strong,True,1.0,67.7,66.1,69.2524,61.167,8.0854,5,9,4,query_preference_rubric_v5,d51_query_preference_rubric_v1,ranking_target_margin,,False
натяжные потолки Краснодар,https://potolki193.ru/,https://moi-potolki23.ru/,weak,True,0.5,63.8,57.4,60.9256,53.8761,7.0495,7,10,3,query_preference_rubric_v5,d51_query_preference_rubric_v1,ranking_target_margin,,False
натяжные потолки Краснодар,https://potolkito.ru/,http://potolki-kuban.ru/,strong,True,1.0,75.4,62.7,79.4791,63.985,15.4941,2,6,4,query_preference_rubric_v5,d51_query_preference_rubric_v1,ranking_target_margin,,False
натяжные потолки Краснодар,https://potolkito.ru/,https://ka-potolki.ru/,strong,True,1.0,75.4,65.3,79.4791,69.1525,10.3266,2,4,2,query_preference_rubric_v5,d51_query_preference_rubric_v1,ranking_target_margin,,False
натяжные потолки Краснодар,https://potolkito.ru/,https://moi-potolki23.ru/,strong,True,1.0,75.4,57.4,79.4791,53.8761,25.603,2,10,8,query_preference_rubric_v5,d51_query_preference_rubric_v1,ranking_target_margin,,False
натяжные потолки Краснодар,https://potolkito.ru/,https://nova-yug.ru/,strong,True,1.0,75.4,69.1,79.4791,65.3271,14.152,2,8,6,query_preference_rubric_v5,d51_query_preference_rubric_v1,ranking_target_margin,,False
натяжные потолки Краснодар,https://potolkito.ru/,https://o-potolki.ru/krasnodar,weak,True,0.5,75.4,69.1,79.4791,74.7271,4.752,2,3,1,query_preference_rubric_v5,d51_query_preference_rubric_v1,ranking_target_margin,,False
натяжные потолки Краснодар,https://potolkito.ru/,https://potolki-93.ru/ceny,strong,True,1.0,75.4,60.1,79.4791,70.7817,8.6974,2,1,-1,query_preference_rubric_v5,d51_query_preference_rubric_v1,ranking_target_margin,,False
натяжные потолки Краснодар,https://potolkito.ru/,https://potolki-ts.ru/krasnodar,strong,True,1.0,75.4,67.7,79.4791,69.2524,10.2267,2,5,3,query_preference_rubric_v5,d51_query_preference_rubric_v1,ranking_target_margin,,False
натяжные потолки Краснодар,https://potolkito.ru/,https://potolki193.ru/,strong,True,1.0,75.4,63.8,79.4791,60.9256,18.5535,2,7,5,query_preference_rubric_v5,d51_query_preference_rubric_v1,ranking_target_margin,,False
натяжные потолки Краснодар,https://potolkito.ru/,https://www.potolkimk.ru/,strong,True,1.0,75.4,66.1,79.4791,61.167,18.3121,2,9,7,query_preference_rubric_v5,d51_query_preference_rubric_v1,ranking_target_margin,,False
натяжные потолки Краснодар,https://www.potolkimk.ru/,https://moi-potolki23.ru/,weak,True,0.5,66.1,57.4,61.167,53.8761,7.2909,9,10,1,query_preference_rubric_v5,d51_query_preference_rubric_v1,ranking_target_margin,,False
натяжные потолки Москва,https://100potolkov.ru/,https://master-bobr.ru/,weak,True,0.5,69.0,71.7,72.5125,65.8976,6.6149,3,9,6,query_preference_rubric_v5,d51_query_preference_rubric_v1,ranking_target_margin,,False
натяжные потолки Москва,https://100potolkov.ru/,https://potolki-nova.ru/,weak,True,0.5,69.0,64.4,72.5125,67.7861,4.7264,3,4,1,query_preference_rubric_v5,d51_query_preference_rubric_v1,ranking_target_margin,,False
натяжные потолки Москва,https://100potolkov.ru/,https://potolok24moscow.ru/,strong,True,1.0,69.0,65.9,72.5125,63.1716,9.3409,3,7,4,query_preference_rubric_v5,d51_query_preference_rubric_v1,ranking_target_margin,,False
натяжные потолки Москва,https://100potolkov.ru/,https://remexp.ru/,uncertain,False,0.0,69.0,76.2,72.5125,69.4622,3.0503,3,8,5,query_preference_rubric_v5,d51_query_preference_rubric_v1,ranking_target_margin,,False
натяжные потолки Москва,https://100potolkov.ru/,https://star-potolok.ru/,weak,True,0.5,69.0,76.5,72.5125,66.838,5.6745,3,10,7,query_preference_rubric_v5,d51_query_preference_rubric_v1,ranking_target_margin,,False
натяжные потолки Москва,https://7nebo-nf.ru/,https://100potolkov.ru/,uncertain,False,0.0,80.0,69.0,76.4342,72.5125,3.9217,6,3,-3,query_preference_rubric_v5,d51_query_preference_rubric_v1,ranking_target_margin,,False
натяжные потолки Москва,https://7nebo-nf.ru/,https://master-bobr.ru/,strong,True,1.0,80.0,71.7,76.4342,65.8976,10.5366,6,9,3,query_preference_rubric_v5,d51_query_preference_rubric_v1,ranking_target_margin,,False
натяжные потолки Москва,https://7nebo-nf.ru/,https://masterpotolkov.com/,weak,True,0.5,80.0,70.5,76.4342,71.4682,4.966,6,5,-1,query_preference_rubric_v5,d51_query_preference_rubric_v1,ranking_target_margin,,False
натяжные потолки Москва,https://7nebo-nf.ru/,https://potolki-nova.ru/,strong,True,1.0,80.0,64.4,76.4342,67.7861,8.6481,6,4,-2,query_preference_rubric_v5,d51_query_preference_rubric_v1,ranking_target_margin,,False
натяжные потолки Москва,https://7nebo-nf.ru/,https://potolok24moscow.ru/,strong,True,1.0,80.0,65.9,76.4342,63.1716,13.2626,6,7,1,query_preference_rubric_v5,d51_query_preference_rubric_v1,ranking_target_margin,,False
натяжные потолки Москва,https://7nebo-nf.ru/,https://remexp.ru/,weak,True,0.5,80.0,76.2,76.4342,69.4622,6.972,6,8,2,query_preference_rubric_v5,d51_query_preference_rubric_v1,ranking_target_margin,,False
натяжные потолки Москва,https://7nebo-nf.ru/,https://star-potolok.ru/,strong,True,1.0,80.0,76.5,76.4342,66.838,9.5962,6,10,4,query_preference_rubric_v5,d51_query_preference_rubric_v1,ranking_target_margin,,False
натяжные потолки Москва,https://master-bobr.ru/,https://potolok24moscow.ru/,uncertain,False,0.0,71.7,65.9,65.8976,63.1716,2.726,9,7,-2,query_preference_rubric_v5,d51_query_preference_rubric_v1,ranking_target_margin,,False
натяжные потолки Москва,https://masterpotolkov.com/,https://master-bobr.ru/,weak,True,0.5,70.5,71.7,71.4682,65.8976,5.5706,5,9,4,query_preference_rubric_v5,d51_query_preference_rubric_v1,ranking_target_margin,,False
натяжные потолки Москва,https://masterpotolkov.com/,https://potolki-nova.ru/,uncertain,False,0.0,70.5,64.4,71.4682,67.7861,3.6821,5,4,-1,query_preference_rubric_v5,d51_query_preference_rubric_v1,ranking_target_margin,,False
натяжные потолки Москва,https://masterpotolkov.com/,https://potolok24moscow.ru/,strong,True,1.0,70.5,65.9,71.4682,63.1716,8.2966,5,7,2,query_preference_rubric_v5,d51_query_preference_rubric_v1,ranking_target_margin,,False
натяжные потолки Москва,https://masterpotolkov.com/,https://remexp.ru/,uncertain,False,0.0,70.5,76.2,71.4682,69.4622,2.006,5,8,3,query_preference_rubric_v5,d51_query_preference_rubric_v1,ranking_target_margin,,False
натяжные потолки Москва,https://masterpotolkov.com/,https://star-potolok.ru/,weak,True,0.5,70.5,76.5,71.4682,66.838,4.6302,5,10,5,query_preference_rubric_v5,d51_query_preference_rubric_v1,ranking_target_margin,,False
натяжные потолки Москва,https://potolki-nova.ru/,https://potolok24moscow.ru/,weak,True,0.5,64.4,65.9,67.7861,63.1716,4.6145,4,7,3,query_preference_rubric_v5,d51_query_preference_rubric_v1,ranking_target_margin,,False
натяжные потолки Москва,https://remexp.ru/,https://master-bobr.ru/,uncertain,False,0.0,76.2,71.7,69.4622,65.8976,3.5646,8,9,1,query_preference_rubric_v5,d51_query_preference_rubric_v1,ranking_target_margin,,False
натяжные потолки Москва,https://remexp.ru/,https://potolok24moscow.ru/,weak,True,0.5,76.2,65.9,69.4622,63.1716,6.2906,8,7,-1,query_preference_rubric_v5,d51_query_preference_rubric_v1,ranking_target_margin,,False
натяжные потолки Москва,https://remexp.ru/,https://star-potolok.ru/,uncertain,False,0.0,76.2,76.5,69.4622,66.838,2.6242,8,10,2,query_preference_rubric_v5,d51_query_preference_rubric_v1,ranking_target_margin,,False
натяжные потолки Москва,https://rumexpert.ru/,https://100potolkov.ru/,strong,True,1.0,81.9,69.0,84.7161,72.5125,12.2036,2,3,1,query_preference_rubric_v5,d51_query_preference_rubric_v1,ranking_target_margin,,False
натяжные потолки Москва,https://rumexpert.ru/,https://7nebo-nf.ru/,strong,True,1.0,81.9,80.0,84.7161,76.4342,8.2819,2,6,4,query_preference_rubric_v5,d51_query_preference_rubric_v1,ranking_target_margin,,False
натяжные потолки Москва,https://rumexpert.ru/,https://master-bobr.ru/,strong,True,1.0,81.9,71.7,84.7161,65.8976,18.8185,2,9,7,query_preference_rubric_v5,d51_query_preference_rubric_v1,ranking_target_margin,,False
натяжные потолки Москва,https://rumexpert.ru/,https://masterpotolkov.com/,strong,True,1.0,81.9,70.5,84.7161,71.4682,13.2479,2,5,3,query_preference_rubric_v5,d51_query_preference_rubric_v1,ranking_target_margin,,False
натяжные потолки Москва,https://rumexpert.ru/,https://potolki-nova.ru/,strong,True,1.0,81.9,64.4,84.7161,67.7861,16.93,2,4,2,query_preference_rubric_v5,d51_query_preference_rubric_v1,ranking_target_margin,,False
натяжные потолки Москва,https://rumexpert.ru/,https://potolok24moscow.ru/,strong,True,1.0,81.9,65.9,84.7161,63.1716,21.5445,2,7,5,query_preference_rubric_v5,d51_query_preference_rubric_v1,ranking_target_margin,,False
натяжные потолки Москва,https://rumexpert.ru/,https://remexp.ru/,strong,True,1.0,81.9,76.2,84.7161,69.4622,15.2539,2,8,6,query_preference_rubric_v5,d51_query_preference_rubric_v1,ranking_target_margin,,False
натяжные потолки Москва,https://rumexpert.ru/,https://star-potolok.ru/,strong,True,1.0,81.9,76.5,84.7161,66.838,17.8781,2,10,8,query_preference_rubric_v5,d51_query_preference_rubric_v1,ranking_target_margin,,False
натяжные потолки Москва,https://rumexpert.ru/,https://www.potolkoff.ru/,weak,True,0.5,81.9,72.0,84.7161,77.8225,6.8936,2,1,-1,query_preference_rubric_v5,d51_query_preference_rubric_v1,ranking_target_margin,,False
натяжные потолки Москва,https://star-potolok.ru/,https://potolok24moscow.ru/,uncertain,False,0.0,76.5,65.9,66.838,63.1716,3.6664,10,7,-3,query_preference_rubric_v5,d51_query_preference_rubric_v1,ranking_target_margin,,False
натяжные потолки Москва,https://www.potolkoff.ru/,https://100potolkov.ru/,weak,True,0.5,72.0,69.0,77.8225,72.5125,5.31,1,3,2,query_preference_rubric_v5,d51_query_preference_rubric_v1,ranking_target_margin,,False
натяжные потолки Москва,https://www.potolkoff.ru/,https://master-bobr.ru/,strong,True,1.0,72.0,71.7,77.8225,65.8976,11.9249,1,9,8,query_preference_rubric_v5,d51_query_preference_rubric_v1,ranking_target_margin,,False
натяжные потолки Москва,https://www.potolkoff.ru/,https://masterpotolkov.com/,weak,True,0.5,72.0,70.5,77.8225,71.4682,6.3543,1,5,4,query_preference_rubric_v5,d51_query_preference_rubric_v1,ranking_target_margin,,False
натяжные потолки Москва,https://www.potolkoff.ru/,https://potolki-nova.ru/,strong,True,1.0,72.0,64.4,77.8225,67.7861,10.0364,1,4,3,query_preference_rubric_v5,d51_query_preference_rubric_v1,ranking_target_margin,,False
натяжные потолки Москва,https://www.potolkoff.ru/,https://potolok24moscow.ru/,strong,True,1.0,72.0,65.9,77.8225,63.1716,14.6509,1,7,6,query_preference_rubric_v5,d51_query_preference_rubric_v1,ranking_target_margin,,False
натяжные потолки Москва,https://www.potolkoff.ru/,https://remexp.ru/,strong,True,1.0,72.0,76.2,77.8225,69.4622,8.3603,1,8,7,query_preference_rubric_v5,d51_query_preference_rubric_v1,ranking_target_margin,,False
натяжные потолки Москва,https://www.potolkoff.ru/,https://star-potolok.ru/,strong,True,1.0,72.0,76.5,77.8225,66.838,10.9845,1,10,9,query_preference_rubric_v5,d51_query_preference_rubric_v1,ranking_target_margin,,False
натяжные потолки Нижний Новгород,https://atlantispotolki.ru/,https://2gis.ru/n_novgorod/search/Продажа / монтаж потолков/rubricId/584,strong,True,1.0,71.0,17.6,62.0609,22.0472,40.0137,10,9,-1,query_preference_rubric_v5,d51_query_preference_rubric_v1,ranking_target_margin,,False
натяжные потолки Нижний Новгород,https://nebosvod-nn.ru/,https://2gis.ru/n_novgorod/search/Продажа / монтаж потолков/rubricId/584,strong,True,1.0,69.9,17.6,66.4688,22.0472,44.4216,7,9,2,query_preference_rubric_v5,d51_query_preference_rubric_v1,ranking_target_margin,,False
натяжные потолки Нижний Новгород,https://nebosvod-nn.ru/,https://atlantispotolki.ru/,weak,True,0.5,69.9,71.0,66.4688,62.0609,4.4079,7,10,3,query_preference_rubric_v5,d51_query_preference_rubric_v1,ranking_target_margin,,False
натяжные потолки Нижний Новгород,https://nebosvod-nn.ru/,https://potolki-nng.ru/,uncertain,False,0.0,69.9,61.3,66.4688,64.1027,2.3661,7,5,-2,query_preference_rubric_v5,d51_query_preference_rubric_v1,ranking_target_margin,,False
натяжные потолки Нижний Новгород,https://nn-decor.ru/,https://2gis.ru/n_novgorod/search/Продажа / монтаж потолков/rubricId/584,strong,True,1.0,74.5,17.6,80.0578,22.0472,58.0106,1,9,8,query_preference_rubric_v5,d51_query_preference_rubric_v1,ranking_target_margin,,False
натяжные потолки Нижний Новгород,https://nn-decor.ru/,https://atlantispotolki.ru/,strong,True,1.0,74.5,71.0,80.0578,62.0609,17.9969,1,10,9,query_preference_rubric_v5,d51_query_preference_rubric_v1,ranking_target_margin,,False
натяжные потолки Нижний Новгород,https://nn-decor.ru/,https://nebosvod-nn.ru/,strong,True,1.0,74.5,69.9,80.0578,66.4688,13.589,1,7,6,query_preference_rubric_v5,d51_query_preference_rubric_v1,ranking_target_margin,,False
натяжные потолки Нижний Новгород,https://nn-decor.ru/,https://nnpotolok.ru/,uncertain,False,0.0,74.5,76.5,80.0578,78.0486,2.0092,1,3,2,query_preference_rubric_v5,d51_query_preference_rubric_v1,ranking_target_margin,,False
натяжные потолки Нижний Новгород,https://nn-decor.ru/,https://potolki-d.ru/,strong,True,1.0,74.5,64.5,80.0578,68.6409,11.4169,1,4,3,query_preference_rubric_v5,d51_query_preference_rubric_v1,ranking_target_margin,,False
натяжные потолки Нижний Новгород,https://nn-decor.ru/,https://potolki-nng.ru/,strong,True,1.0,74.5,61.3,80.0578,64.1027,15.9551,1,5,4,query_preference_rubric_v5,d51_query_preference_rubric_v1,ranking_target_margin,,False
натяжные потолки Нижний Новгород,https://nn-decor.ru/,https://tandempotolki.ru/,weak,True,0.5,74.5,75.4,80.0578,72.3075,7.7503,1,6,5,query_preference_rubric_v5,d51_query_preference_rubric_v1,ranking_target_margin,,False
натяжные потолки Нижний Новгород,https://nn-decor.ru/,https://uslugi.yandex.ru/47-nizhny-novgorod/category?text=натяжные+потолки,strong,True,1.0,74.5,71.2,80.0578,65.3837,14.6741,1,8,7,query_preference_rubric_v5,d51_query_preference_rubric_v1,ranking_target_margin,,False
натяжные потолки Нижний Новгород,https://nn-decor.ru/,https://нижний.натяжные-потолки24.рф/,uncertain,False,0.0,74.5,72.8,80.0578,77.5507,2.5071,1,2,1,query_preference_rubric_v5,d51_query_preference_rubric_v1,ranking_target_margin,,False
натяжные потолки Нижний Новгород,https://nnpotolok.ru/,https://2gis.ru/n_novgorod/search/Продажа / монтаж потолков/rubricId/584,strong,True,1.0,76.5,17.6,78.0486,22.0472,56.0014,3,9,6,query_preference_rubric_v5,d51_query_preference_rubric_v1,ranking_target_margin,,False
натяжные потолки Нижний Новгород,https://nnpotolok.ru/,https://atlantispotolki.ru/,strong,True,1.0,76.5,71.0,78.0486,62.0609,15.9877,3,10,7,query_preference_rubric_v5,d51_query_preference_rubric_v1,ranking_target_margin,,False
натяжные потолки Нижний Новгород,https://nnpotolok.ru/,https://nebosvod-nn.ru/,strong,True,1.0,76.5,69.9,78.0486,66.4688,11.5798,3,7,4,query_preference_rubric_v5,d51_query_preference_rubric_v1,ranking_target_margin,,False
натяжные потолки Нижний Новгород,https://nnpotolok.ru/,https://potolki-d.ru/,strong,True,1.0,76.5,64.5,78.0486,68.6409,9.4077,3,4,1,query_preference_rubric_v5,d51_query_preference_rubric_v1,ranking_target_margin,,False
натяжные потолки Нижний Новгород,https://nnpotolok.ru/,https://potolki-nng.ru/,strong,True,1.0,76.5,61.3,78.0486,64.1027,13.9459,3,5,2,query_preference_rubric_v5,d51_query_preference_rubric_v1,ranking_target_margin,,False
натяжные потолки Нижний Новгород,https://nnpotolok.ru/,https://tandempotolki.ru/,weak,True,0.5,76.5,75.4,78.0486,72.3075,5.7411,3,6,3,query_preference_rubric_v5,d51_query_preference_rubric_v1,ranking_target_margin,,False
натяжные потолки Нижний Новгород,https://nnpotolok.ru/,https://uslugi.yandex.ru/47-nizhny-novgorod/category?text=натяжные+потолки,strong,True,1.0,76.5,71.2,78.0486,65.3837,12.6649,3,8,5,query_preference_rubric_v5,d51_query_preference_rubric_v1,ranking_target_margin,,False
натяжные потолки Нижний Новгород,https://potolki-d.ru/,https://2gis.ru/n_novgorod/search/Продажа / монтаж потолков/rubricId/584,strong,True,1.0,64.5,17.6,68.6409,22.0472,46.5937,4,9,5,query_preference_rubric_v5,d51_query_preference_rubric_v1,ranking_target_margin,,False
натяжные потолки Нижний Новгород,https://potolki-d.ru/,https://atlantispotolki.ru/,weak,True,0.5,64.5,71.0,68.6409,62.0609,6.58,4,10,6,query_preference_rubric_v5,d51_query_preference_rubric_v1,ranking_target_margin,,False
натяжные потолки Нижний Новгород,https://potolki-d.ru/,https://nebosvod-nn.ru/,uncertain,False,0.0,64.5,69.9,68.6409,66.4688,2.1721,4,7,3,query_preference_rubric_v5,d51_query_preference_rubric_v1,ranking_target_margin,,False
натяжные потолки Нижний Новгород,https://potolki-d.ru/,https://potolki-nng.ru/,weak,True,0.5,64.5,61.3,68.6409,64.1027,4.5382,4,5,1,query_preference_rubric_v5,d51_query_preference_rubric_v1,ranking_target_margin,,False
натяжные потолки Нижний Новгород,https://potolki-d.ru/,https://uslugi.yandex.ru/47-nizhny-novgorod/category?text=натяжные+потолки,uncertain,False,0.0,64.5,71.2,68.6409,65.3837,3.2572,4,8,4,query_preference_rubric_v5,d51_query_preference_rubric_v1,ranking_target_margin,,False
натяжные потолки Нижний Новгород,https://potolki-nng.ru/,https://2gis.ru/n_novgorod/search/Продажа / монтаж потолков/rubricId/584,strong,True,1.0,61.3,17.6,64.1027,22.0472,42.0555,5,9,4,query_preference_rubric_v5,d51_query_preference_rubric_v1,ranking_target_margin,,False
натяжные потолки Нижний Новгород,https://potolki-nng.ru/,https://atlantispotolki.ru/,uncertain,False,0.0,61.3,71.0,64.1027,62.0609,2.0418,5,10,5,query_preference_rubric_v5,d51_query_preference_rubric_v1,ranking_target_margin,,False
натяжные потолки Нижний Новгород,https://tandempotolki.ru/,https://2gis.ru/n_novgorod/search/Продажа / монтаж потолков/rubricId/584,strong,True,1.0,75.4,17.6,72.3075,22.0472,50.2603,6,9,3,query_preference_rubric_v5,d51_query_preference_rubric_v1,ranking_target_margin,,False
натяжные потолки Нижний Новгород,https://tandempotolki.ru/,https://atlantispotolki.ru/,strong,True,1.0,75.4,71.0,72.3075,62.0609,10.2466,6,10,4,query_preference_rubric_v5,d51_query_preference_rubric_v1,ranking_target_margin,,False
натяжные потолки Нижний Новгород,https://tandempotolki.ru/,https://nebosvod-nn.ru/,weak,True,0.5,75.4,69.9,72.3075,66.4688,5.8387,6,7,1,query_preference_rubric_v5,d51_query_preference_rubric_v1,ranking_target_margin,,False
натяжные потолки Нижний Новгород,https://tandempotolki.ru/,https://potolki-d.ru/,uncertain,False,0.0,75.4,64.5,72.3075,68.6409,3.6666,6,4,-2,query_preference_rubric_v5,d51_query_preference_rubric_v1,ranking_target_margin,,False
натяжные потолки Нижний Новгород,https://tandempotolki.ru/,https://potolki-nng.ru/,strong,True,1.0,75.4,61.3,72.3075,64.1027,8.2048,6,5,-1,query_preference_rubric_v5,d51_query_preference_rubric_v1,ranking_target_margin,,False
натяжные потолки Нижний Новгород,https://tandempotolki.ru/,https://uslugi.yandex.ru/47-nizhny-novgorod/category?text=натяжные+потолки,weak,True,0.5,75.4,71.2,72.3075,65.3837,6.9238,6,8,2,query_preference_rubric_v5,d51_query_preference_rubric_v1,ranking_target_margin,,False
натяжные потолки Нижний Новгород,https://uslugi.yandex.ru/47-nizhny-novgorod/category?text=натяжные+потолки,https://2gis.ru/n_novgorod/search/Продажа / монтаж потолков/rubricId/584,strong,True,1.0,71.2,17.6,65.3837,22.0472,43.3365,8,9,1,query_preference_rubric_v5,d51_query_preference_rubric_v1,ranking_target_margin,,False
натяжные потолки Нижний Новгород,https://uslugi.yandex.ru/47-nizhny-novgorod/category?text=натяжные+потолки,https://atlantispotolki.ru/,uncertain,False,0.0,71.2,71.0,65.3837,62.0609,3.3228,8,10,2,query_preference_rubric_v5,d51_query_preference_rubric_v1,ranking_target_margin,,False
натяжные потолки Нижний Новгород,https://нижний.натяжные-потолки24.рф/,https://2gis.ru/n_novgorod/search/Продажа / монтаж потолков/rubricId/584,strong,True,1.0,72.8,17.6,77.5507,22.0472,55.5035,2,9,7,query_preference_rubric_v5,d51_query_preference_rubric_v1,ranking_target_margin,,False
натяжные потолки Нижний Новгород,https://нижний.натяжные-потолки24.рф/,https://atlantispotolki.ru/,strong,True,1.0,72.8,71.0,77.5507,62.0609,15.4898,2,10,8,query_preference_rubric_v5,d51_query_preference_rubric_v1,ranking_target_margin,,False
натяжные потолки Нижний Новгород,https://нижний.натяжные-потолки24.рф/,https://nebosvod-nn.ru/,strong,True,1.0,72.8,69.9,77.5507,66.4688,11.0819,2,7,5,query_preference_rubric_v5,d51_query_preference_rubric_v1,ranking_target_margin,,False
натяжные потолки Нижний Новгород,https://нижний.натяжные-потолки24.рф/,https://potolki-d.ru/,strong,True,1.0,72.8,64.5,77.5507,68.6409,8.9098,2,4,2,query_preference_rubric_v5,d51_query_preference_rubric_v1,ranking_target_margin,,False
натяжные потолки Нижний Новгород,https://нижний.натяжные-потолки24.рф/,https://potolki-nng.ru/,strong,True,1.0,72.8,61.3,77.5507,64.1027,13.448,2,5,3,query_preference_rubric_v5,d51_query_preference_rubric_v1,ranking_target_margin,,False
натяжные потолки Нижний Новгород,https://нижний.натяжные-потолки24.рф/,https://tandempotolki.ru/,weak,True,0.5,72.8,75.4,77.5507,72.3075,5.2432,2,6,4,query_preference_rubric_v5,d51_query_preference_rubric_v1,ranking_target_margin,,False
натяжные потолки Нижний Новгород,https://нижний.натяжные-потолки24.рф/,https://uslugi.yandex.ru/47-nizhny-novgorod/category?text=натяжные+потолки,strong,True,1.0,72.8,71.2,77.5507,65.3837,12.167,2,8,6,query_preference_rubric_v5,d51_query_preference_rubric_v1,ranking_target_margin,,False
натяжные потолки Новосибирск,https://alansa.ru/,https://vipceiling.ru/nsk/,uncertain,False,0.0,83.9,68.2,80.5316,74.7054,5.8262,5,2,-3,query_preference_rubric_v5,d51_query_preference_rubric_v1,d50_top3_conflict_manual_review,rank_prior_disagreement|shortcut_text_volume,True
натяжные потолки Новосибирск,https://mirpotolkov-54.ru/,https://vipceiling.ru/nsk/,uncertain,False,0.0,82.0,68.2,81.1712,74.7054,6.4658,4,2,-2,query_preference_rubric_v5,d51_query_preference_rubric_v1,d50_top3_conflict_manual_review,rank_prior_disagreement|shortcut_text_volume,True
натяжные потолки Новосибирск,https://sibirpotolki.ru/,https://alansa.ru/,weak,True,0.65,77.2,83.9,83.0726,80.5316,2.541,1,5,4,query_preference_rubric_v5,d51_query_preference_rubric_v1,d50_top3_recovery,rank_prior_disagreement|shortcut_text_volume,True
натяжные потолки Новосибирск,https://sibirpotolki.ru/,https://mirpotolkov-54.ru/,weak,True,0.65,77.2,82.0,83.0726,81.1712,1.9014,1,4,3,query_preference_rubric_v5,d51_query_preference_rubric_v1,d50_top3_recovery,rank_prior_disagreement|shortcut_text_volume,True
натяжные потолки Новосибирск,https://sibirpotolki.ru/,https://nskpotolki.ru/,strong,True,1.25,77.2,77.6,83.0726,72.5181,10.5545,1,7,6,query_preference_rubric_v5,d51_query_preference_rubric_v1,d50_top3_recovery,rank_prior_disagreement|shortcut_text_volume,True
натяжные потолки Новосибирск,https://vipceiling.ru/nsk/,https://nskpotolki.ru/,weak,True,0.65,68.2,77.6,74.7054,72.5181,2.1873,2,7,5,query_preference_rubric_v5,d51_query_preference_rubric_v1,d50_top3_recovery,rank_prior_disagreement|shortcut_text_volume,True
натяжные потолки Новосибирск,https://новосибирск.натяжные-потолки24.рф/,https://alansa.ru/,weak,True,0.65,74.3,83.9,77.3446,80.5316,-3.187,3,5,2,query_preference_rubric_v5,d51_query_preference_rubric_v1,d50_top3_recovery,rank_prior_disagreement|shortcut_text_volume,True
натяжные потолки Новосибирск,https://новосибирск.натяжные-потолки24.рф/,https://mirpotolkov-54.ru/,weak,True,0.65,74.3,82.0,77.3446,81.1712,-3.8266,3,4,1,query_preference_rubric_v5,d51_query_preference_rubric_v1,d50_top3_recovery,rank_prior_disagreement|shortcut_text_volume,True
натяжные потолки Новосибирск,https://новосибирск.натяжные-потолки24.рф/,https://nskpotolki.ru/,weak,True,0.65,74.3,77.6,77.3446,72.5181,4.8265,3,7,4,query_preference_rubric_v5,d51_query_preference_rubric_v1,d50_top3_recovery,rank_prior_disagreement|shortcut_text_volume,True
натяжные потолки Новосибирск,https://alansa.ru/,https://averno.ru/,strong,True,1.0,83.9,74.0,80.5316,71.5679,8.9637,5,6,1,query_preference_rubric_v5,d51_query_preference_rubric_v1,ranking_target_margin,,True
натяжные потолки Новосибирск,https://alansa.ru/,https://milana-novosib.ru/,strong,True,1.0,83.9,75.0,80.5316,67.5911,12.9405,5,9,4,query_preference_rubric_v5,d51_query_preference_rubric_v1,ranking_target_margin,,True
натяжные потолки Новосибирск,https://alansa.ru/,https://nskpotolki.ru/,strong,True,1.0,83.9,77.6,80.5316,72.5181,8.0135,5,7,2,query_preference_rubric_v5,d51_query_preference_rubric_v1,ranking_target_margin,,True
натяжные потолки Новосибирск,https://alansa.ru/,https://potolok-v-novosibirske.ru/,strong,True,1.0,83.9,59.4,80.5316,54.7492,25.7824,5,10,5,query_preference_rubric_v5,d51_query_preference_rubric_v1,ranking_target_margin,,True
натяжные потолки Новосибирск,https://alansa.ru/,https://www.avanta-nsk.ru/,strong,True,1.0,83.9,67.9,80.5316,65.0273,15.5043,5,8,3,query_preference_rubric_v5,d51_query_preference_rubric_v1,ranking_target_margin,,True
натяжные потолки Новосибирск,https://alansa.ru/,https://новосибирск.натяжные-потолки24.рф/,uncertain,False,0.0,83.9,74.3,80.5316,77.3446,3.187,5,3,-2,query_preference_rubric_v5,d51_query_preference_rubric_v1,ranking_target_margin,,True
натяжные потолки Новосибирск,https://averno.ru/,https://milana-novosib.ru/,uncertain,False,0.0,74.0,75.0,71.5679,67.5911,3.9768,6,9,3,query_preference_rubric_v5,d51_query_preference_rubric_v1,ranking_target_margin,,True
натяжные потолки Новосибирск,https://averno.ru/,https://potolok-v-novosibirske.ru/,strong,True,1.0,74.0,59.4,71.5679,54.7492,16.8187,6,10,4,query_preference_rubric_v5,d51_query_preference_rubric_v1,ranking_target_margin,,True
натяжные потолки Новосибирск,https://averno.ru/,https://www.avanta-nsk.ru/,weak,True,0.5,74.0,67.9,71.5679,65.0273,6.5406,6,8,2,query_preference_rubric_v5,d51_query_preference_rubric_v1,ranking_target_margin,,True
натяжные потолки Новосибирск,https://milana-novosib.ru/,https://potolok-v-novosibirske.ru/,strong,True,1.0,75.0,59.4,67.5911,54.7492,12.8419,9,10,1,query_preference_rubric_v5,d51_query_preference_rubric_v1,ranking_target_margin,,True
натяжные потолки Новосибирск,https://milana-novosib.ru/,https://www.avanta-nsk.ru/,uncertain,False,0.0,75.0,67.9,67.5911,65.0273,2.5638,9,8,-1,query_preference_rubric_v5,d51_query_preference_rubric_v1,ranking_target_margin,,True
натяжные потолки Новосибирск,https://mirpotolkov-54.ru/,https://averno.ru/,strong,True,1.0,82.0,74.0,81.1712,71.5679,9.6033,4,6,2,query_preference_rubric_v5,d51_query_preference_rubric_v1,ranking_target_margin,,True
натяжные потолки Новосибирск,https://mirpotolkov-54.ru/,https://milana-novosib.ru/,strong,True,1.0,82.0,75.0,81.1712,67.5911,13.5801,4,9,5,query_preference_rubric_v5,d51_query_preference_rubric_v1,ranking_target_margin,,True
натяжные потолки Новосибирск,https://mirpotolkov-54.ru/,https://nskpotolki.ru/,strong,True,1.0,82.0,77.6,81.1712,72.5181,8.6531,4,7,3,query_preference_rubric_v5,d51_query_preference_rubric_v1,ranking_target_margin,,True
натяжные потолки Новосибирск,https://mirpotolkov-54.ru/,https://potolok-v-novosibirske.ru/,strong,True,1.0,82.0,59.4,81.1712,54.7492,26.422,4,10,6,query_preference_rubric_v5,d51_query_preference_rubric_v1,ranking_target_margin,,True
натяжные потолки Новосибирск,https://mirpotolkov-54.ru/,https://www.avanta-nsk.ru/,strong,True,1.0,82.0,67.9,81.1712,65.0273,16.1439,4,8,4,query_preference_rubric_v5,d51_query_preference_rubric_v1,ranking_target_margin,,True
натяжные потолки Новосибирск,https://mirpotolkov-54.ru/,https://новосибирск.натяжные-потолки24.рф/,uncertain,False,0.0,82.0,74.3,81.1712,77.3446,3.8266,4,3,-1,query_preference_rubric_v5,d51_query_preference_rubric_v1,ranking_target_margin,,True
натяжные потолки Новосибирск,https://nskpotolki.ru/,https://milana-novosib.ru/,weak,True,0.5,77.6,75.0,72.5181,67.5911,4.927,7,9,2,query_preference_rubric_v5,d51_query_preference_rubric_v1,ranking_target_margin,,True
натяжные потолки Новосибирск,https://nskpotolki.ru/,https://potolok-v-novosibirske.ru/,strong,True,1.0,77.6,59.4,72.5181,54.7492,17.7689,7,10,3,query_preference_rubric_v5,d51_query_preference_rubric_v1,ranking_target_margin,,True
натяжные потолки Новосибирск,https://nskpotolki.ru/,https://www.avanta-nsk.ru/,weak,True,0.5,77.6,67.9,72.5181,65.0273,7.4908,7,8,1,query_preference_rubric_v5,d51_query_preference_rubric_v1,ranking_target_margin,,True
натяжные потолки Новосибирск,https://sibirpotolki.ru/,https://averno.ru/,strong,True,1.0,77.2,74.0,83.0726,71.5679,11.5047,1,6,5,query_preference_rubric_v5,d51_query_preference_rubric_v1,ranking_target_margin,,True
натяжные потолки Новосибирск,https://sibirpotolki.ru/,https://milana-novosib.ru/,strong,True,1.0,77.2,75.0,83.0726,67.5911,15.4815,1,9,8,query_preference_rubric_v5,d51_query_preference_rubric_v1,ranking_target_margin,,True
натяжные потолки Новосибирск,https://sibirpotolki.ru/,https://potolok-v-novosibirske.ru/,strong,True,1.0,77.2,59.4,83.0726,54.7492,28.3234,1,10,9,query_preference_rubric_v5,d51_query_preference_rubric_v1,ranking_target_margin,,True
натяжные потолки Новосибирск,https://sibirpotolki.ru/,https://vipceiling.ru/nsk/,strong,True,1.0,77.2,68.2,83.0726,74.7054,8.3672,1,2,1,query_preference_rubric_v5,d51_query_preference_rubric_v1,ranking_target_margin,,True
натяжные потолки Новосибирск,https://sibirpotolki.ru/,https://www.avanta-nsk.ru/,strong,True,1.0,77.2,67.9,83.0726,65.0273,18.0453,1,8,7,query_preference_rubric_v5,d51_query_preference_rubric_v1,ranking_target_margin,,True
натяжные потолки Новосибирск,https://sibirpotolki.ru/,https://новосибирск.натяжные-потолки24.рф/,weak,True,0.5,77.2,74.3,83.0726,77.3446,5.728,1,3,2,query_preference_rubric_v5,d51_query_preference_rubric_v1,ranking_target_margin,,True
натяжные потолки Новосибирск,https://vipceiling.ru/nsk/,https://averno.ru/,uncertain,False,0.0,68.2,74.0,74.7054,71.5679,3.1375,2,6,4,query_preference_rubric_v5,d51_query_preference_rubric_v1,ranking_target_margin,,True
натяжные потолки Новосибирск,https://vipceiling.ru/nsk/,https://milana-novosib.ru/,weak,True,0.5,68.2,75.0,74.7054,67.5911,7.1143,2,9,7,query_preference_rubric_v5,d51_query_preference_rubric_v1,ranking_target_margin,,True
натяжные потолки Новосибирск,https://vipceiling.ru/nsk/,https://potolok-v-novosibirske.ru/,strong,True,1.0,68.2,59.4,74.7054,54.7492,19.9562,2,10,8,query_preference_rubric_v5,d51_query_preference_rubric_v1,ranking_target_margin,,True
натяжные потолки Новосибирск,https://vipceiling.ru/nsk/,https://www.avanta-nsk.ru/,strong,True,1.0,68.2,67.9,74.7054,65.0273,9.6781,2,8,6,query_preference_rubric_v5,d51_query_preference_rubric_v1,ranking_target_margin,,True
натяжные потолки Новосибирск,https://www.avanta-nsk.ru/,https://potolok-v-novosibirske.ru/,strong,True,1.0,67.9,59.4,65.0273,54.7492,10.2781,8,10,2,query_preference_rubric_v5,d51_query_preference_rubric_v1,ranking_target_margin,,True
натяжные потолки Новосибирск,https://новосибирск.натяжные-потолки24.рф/,https://averno.ru/,weak,True,0.5,74.3,74.0,77.3446,71.5679,5.7767,3,6,3,query_preference_rubric_v5,d51_query_preference_rubric_v1,ranking_target_margin,,True
натяжные потолки Новосибирск,https://новосибирск.натяжные-потолки24.рф/,https://milana-novosib.ru/,strong,True,1.0,74.3,75.0,77.3446,67.5911,9.7535,3,9,6,query_preference_rubric_v5,d51_query_preference_rubric_v1,ranking_target_margin,,True
натяжные потолки Новосибирск,https://новосибирск.натяжные-потолки24.рф/,https://potolok-v-novosibirske.ru/,strong,True,1.0,74.3,59.4,77.3446,54.7492,22.5954,3,10,7,query_preference_rubric_v5,d51_query_preference_rubric_v1,ranking_target_margin,,True
натяжные потолки Новосибирск,https://новосибирск.натяжные-потолки24.рф/,https://vipceiling.ru/nsk/,uncertain,False,0.0,74.3,68.2,77.3446,74.7054,2.6392,3,2,-1,query_preference_rubric_v5,d51_query_preference_rubric_v1,ranking_target_margin,,True
натяжные потолки Новосибирск,https://новосибирск.натяжные-потолки24.рф/,https://www.avanta-nsk.ru/,strong,True,1.0,74.3,67.9,77.3446,65.0273,12.3173,3,8,5,query_preference_rubric_v5,d51_query_preference_rubric_v1,ranking_target_margin,,True
натяжные потолки Самара,https://potolki-63.ru/,https://potolki-sam.ru/,uncertain,False,0.0,79.2,68.2,76.0378,73.566,2.4718,6,3,-3,query_preference_rubric_v5,d51_query_preference_rubric_v1,ranking_target_margin,,False
натяжные потолки Самара,https://potolki-63.ru/,https://potolki-samara.info/,strong,True,1.0,79.2,72.2,76.0378,65.9646,10.0732,6,9,3,query_preference_rubric_v5,d51_query_preference_rubric_v1,ranking_target_margin,,False
натяжные потолки Самара,https://potolki-63.ru/,https://smartpotolki.ru/,weak,True,0.5,79.2,74.5,76.0378,69.134,6.9038,6,8,2,query_preference_rubric_v5,d51_query_preference_rubric_v1,ranking_target_margin,,False
натяжные потолки Самара,https://potolki-63.ru/,https://studiostyle63.ru/,strong,True,1.0,79.2,68.2,76.0378,66.6325,9.4053,6,7,1,query_preference_rubric_v5,d51_query_preference_rubric_v1,ranking_target_margin,,False
натяжные потолки Самара,https://potolki-63.ru/,https://www.potolkoffsam.ru/,uncertain,False,0.0,79.2,73.6,76.0378,72.6159,3.4219,6,5,-1,query_preference_rubric_v5,d51_query_preference_rubric_v1,ranking_target_margin,,False
натяжные потолки Самара,https://potolki-63.ru/,https://потолкисамара.рф/,strong,True,1.0,79.2,68.6,76.0378,59.9349,16.1029,6,10,4,query_preference_rubric_v5,d51_query_preference_rubric_v1,ranking_target_margin,,False
натяжные потолки Самара,https://potolki-sam.ru/,https://potolki-samara.info/,weak,True,0.5,68.2,72.2,73.566,65.9646,7.6014,3,9,6,query_preference_rubric_v5,d51_query_preference_rubric_v1,ranking_target_margin,,False
натяжные потолки Самара,https://potolki-sam.ru/,https://smartpotolki.ru/,weak,True,0.5,68.2,74.5,73.566,69.134,4.432,3,8,5,query_preference_rubric_v5,d51_query_preference_rubric_v1,ranking_target_margin,,False
натяжные потолки Самара,https://potolki-sam.ru/,https://studiostyle63.ru/,weak,True,0.5,68.2,68.2,73.566,66.6325,6.9335,3,7,4,query_preference_rubric_v5,d51_query_preference_rubric_v1,ranking_target_margin,,False
натяжные потолки Самара,https://potolki-sam.ru/,https://потолкисамара.рф/,strong,True,1.0,68.2,68.6,73.566,59.9349,13.6311,3,10,7,query_preference_rubric_v5,d51_query_preference_rubric_v1,ranking_target_margin,,False
натяжные потолки Самара,https://potolki-samara.info/,https://потолкисамара.рф/,weak,True,0.5,72.2,68.6,65.9646,59.9349,6.0297,9,10,1,query_preference_rubric_v5,d51_query_preference_rubric_v1,ranking_target_margin,,False
натяжные потолки Самара,https://potolkikiger.ru/samara,https://potolki-63.ru/,uncertain,False,0.0,72.2,79.2,78.1882,76.0378,2.1504,2,6,4,query_preference_rubric_v5,d51_query_preference_rubric_v1,ranking_target_margin,,False
натяжные потолки Самара,https://potolkikiger.ru/samara,https://potolki-sam.ru/,weak,True,0.5,72.2,68.2,78.1882,73.566,4.6222,2,3,1,query_preference_rubric_v5,d51_query_preference_rubric_v1,ranking_target_margin,,False
натяжные потолки Самара,https://potolkikiger.ru/samara,https://potolki-samara.info/,strong,True,1.0,72.2,72.2,78.1882,65.9646,12.2236,2,9,7,query_preference_rubric_v5,d51_query_preference_rubric_v1,ranking_target_margin,,False
натяжные потолки Самара,https://potolkikiger.ru/samara,https://smartpotolki.ru/,strong,True,1.0,72.2,74.5,78.1882,69.134,9.0542,2,8,6,query_preference_rubric_v5,d51_query_preference_rubric_v1,ranking_target_margin,,False
натяжные потолки Самара,https://potolkikiger.ru/samara,https://studiostyle63.ru/,strong,True,1.0,72.2,68.2,78.1882,66.6325,11.5557,2,7,5,query_preference_rubric_v5,d51_query_preference_rubric_v1,ranking_target_margin,,False
натяжные потолки Самара,https://potolkikiger.ru/samara,https://www.potolkoffsam.ru/,weak,True,0.5,72.2,73.6,78.1882,72.6159,5.5723,2,5,3,query_preference_rubric_v5,d51_query_preference_rubric_v1,ranking_target_margin,,False
натяжные потолки Самара,https://potolkikiger.ru/samara,https://потолкисамара.рф/,strong,True,1.0,72.2,68.6,78.1882,59.9349,18.2533,2,10,8,query_preference_rubric_v5,d51_query_preference_rubric_v1,ranking_target_margin,,False
натяжные потолки Самара,https://potolkius.ru/,https://potolki-sam.ru/,uncertain,False,0.0,74.3,68.2,76.2474,73.566,2.6814,4,3,-1,query_preference_rubric_v5,d51_query_preference_rubric_v1,ranking_target_margin,,False
натяжные потолки Самара,https://potolkius.ru/,https://potolki-samara.info/,strong,True,1.0,74.3,72.2,76.2474,65.9646,10.2828,4,9,5,query_preference_rubric_v5,d51_query_preference_rubric_v1,ranking_target_margin,,False
натяжные потолки Самара,https://potolkius.ru/,https://smartpotolki.ru/,weak,True,0.5,74.3,74.5,76.2474,69.134,7.1134,4,8,4,query_preference_rubric_v5,d51_query_preference_rubric_v1,ranking_target_margin,,False
натяжные потолки Самара,https://potolkius.ru/,https://studiostyle63.ru/,strong,True,1.0,74.3,68.2,76.2474,66.6325,9.6149,4,7,3,query_preference_rubric_v5,d51_query_preference_rubric_v1,ranking_target_margin,,False
натяжные потолки Самара,https://potolkius.ru/,https://www.potolkoffsam.ru/,uncertain,False,0.0,74.3,73.6,76.2474,72.6159,3.6315,4,5,1,query_preference_rubric_v5,d51_query_preference_rubric_v1,ranking_target_margin,,False
натяжные потолки Самара,https://potolkius.ru/,https://потолкисамара.рф/,strong,True,1.0,74.3,68.6,76.2474,59.9349,16.3125,4,10,6,query_preference_rubric_v5,d51_query_preference_rubric_v1,ranking_target_margin,,False
натяжные потолки Самара,https://smartpotolki.ru/,https://potolki-samara.info/,uncertain,False,0.0,74.5,72.2,69.134,65.9646,3.1694,8,9,1,query_preference_rubric_v5,d51_query_preference_rubric_v1,ranking_target_margin,,False
натяжные потолки Самара,https://smartpotolki.ru/,https://studiostyle63.ru/,uncertain,False,0.0,74.5,68.2,69.134,66.6325,2.5015,8,7,-1,query_preference_rubric_v5,d51_query_preference_rubric_v1,ranking_target_margin,,False
натяжные потолки Самара,https://smartpotolki.ru/,https://потолкисамара.рф/,strong,True,1.0,74.5,68.6,69.134,59.9349,9.1991,8,10,2,query_preference_rubric_v5,d51_query_preference_rubric_v1,ranking_target_margin,,False
натяжные потолки Самара,https://studiostyle63.ru/,https://потолкисамара.рф/,weak,True,0.5,68.2,68.6,66.6325,59.9349,6.6976,7,10,3,query_preference_rubric_v5,d51_query_preference_rubric_v1,ranking_target_margin,,False
натяжные потолки Самара,https://www.potolkoffsam.ru/,https://potolki-samara.info/,weak,True,0.5,73.6,72.2,72.6159,65.9646,6.6513,5,9,4,query_preference_rubric_v5,d51_query_preference_rubric_v1,ranking_target_margin,,False
натяжные потолки Самара,https://www.potolkoffsam.ru/,https://smartpotolki.ru/,uncertain,False,0.0,73.6,74.5,72.6159,69.134,3.4819,5,8,3,query_preference_rubric_v5,d51_query_preference_rubric_v1,ranking_target_margin,,False
натяжные потолки Самара,https://www.potolkoffsam.ru/,https://studiostyle63.ru/,weak,True,0.5,73.6,68.2,72.6159,66.6325,5.9834,5,7,2,query_preference_rubric_v5,d51_query_preference_rubric_v1,ranking_target_margin,,False
натяжные потолки Самара,https://www.potolkoffsam.ru/,https://потолкисамара.рф/,strong,True,1.0,73.6,68.6,72.6159,59.9349,12.681,5,10,5,query_preference_rubric_v5,d51_query_preference_rubric_v1,ranking_target_margin,,False
натяжные потолки Самара,https://самара.натяжные-потолки24.рф/,https://potolki-63.ru/,weak,True,0.5,77.7,79.2,83.5511,76.0378,7.5133,1,6,5,query_preference_rubric_v5,d51_query_preference_rubric_v1,ranking_target_margin,,False
натяжные потолки Самара,https://самара.натяжные-потолки24.рф/,https://potolki-sam.ru/,strong,True,1.0,77.7,68.2,83.5511,73.566,9.9851,1,3,2,query_preference_rubric_v5,d51_query_preference_rubric_v1,ranking_target_margin,,False
натяжные потолки Самара,https://самара.натяжные-потолки24.рф/,https://potolki-samara.info/,strong,True,1.0,77.7,72.2,83.5511,65.9646,17.5865,1,9,8,query_preference_rubric_v5,d51_query_preference_rubric_v1,ranking_target_margin,,False
натяжные потолки Самара,https://самара.натяжные-потолки24.рф/,https://potolkikiger.ru/samara,weak,True,0.5,77.7,72.2,83.5511,78.1882,5.3629,1,2,1,query_preference_rubric_v5,d51_query_preference_rubric_v1,ranking_target_margin,,False
натяжные потолки Самара,https://самара.натяжные-потолки24.рф/,https://potolkius.ru/,weak,True,0.5,77.7,74.3,83.5511,76.2474,7.3037,1,4,3,query_preference_rubric_v5,d51_query_preference_rubric_v1,ranking_target_margin,,False
натяжные потолки Самара,https://самара.натяжные-потолки24.рф/,https://smartpotolki.ru/,strong,True,1.0,77.7,74.5,83.5511,69.134,14.4171,1,8,7,query_preference_rubric_v5,d51_query_preference_rubric_v1,ranking_target_margin,,False
натяжные потолки Самара,https://самара.натяжные-потолки24.рф/,https://studiostyle63.ru/,strong,True,1.0,77.7,68.2,83.5511,66.6325,16.9186,1,7,6,query_preference_rubric_v5,d51_query_preference_rubric_v1,ranking_target_margin,,False
натяжные потолки Самара,https://самара.натяжные-потолки24.рф/,https://www.potolkoffsam.ru/,strong,True,1.0,77.7,73.6,83.5511,72.6159,10.9352,1,5,4,query_preference_rubric_v5,d51_query_preference_rubric_v1,ranking_target_margin,,False
натяжные потолки Самара,https://самара.натяжные-потолки24.рф/,https://потолкисамара.рф/,strong,True,1.0,77.7,68.6,83.5511,59.9349,23.6162,1,10,9,query_preference_rubric_v5,d51_query_preference_rubric_v1,ranking_target_margin,,False
натяжные потолки Санкт-Петербург,https://evita-potolki.ru/,https://markakachestva.ru/amenities/3782-luchshie-firmy-natjazhnyh-potolkov-v-sankt-peterburge.html,strong,True,1.0,78.7,67.2,81.8077,62.0014,19.8063,2,9,7,query_preference_rubric_v5,d51_query_preference_rubric_v1,ranking_target_margin,,False
натяжные потолки Санкт-Петербург,https://evita-potolki.ru/,https://master-plus.spb.ru/natyazhnye-potolki/,strong,True,1.0,78.7,62.1,81.8077,63.3582,18.4495,2,6,4,query_preference_rubric_v5,d51_query_preference_rubric_v1,ranking_target_margin,,False
натяжные потолки Санкт-Петербург,https://evita-potolki.ru/,https://metrpotolok.ru/,strong,True,1.0,78.7,70.0,81.8077,61.9079,19.8998,2,10,8,query_preference_rubric_v5,d51_query_preference_rubric_v1,ranking_target_margin,,False
натяжные потолки Санкт-Петербург,https://evita-potolki.ru/,https://potolki-sankt-peterburg.ru/,strong,True,1.0,78.7,71.1,81.8077,72.4461,9.3616,2,4,2,query_preference_rubric_v5,d51_query_preference_rubric_v1,ranking_target_margin,,False
натяжные потолки Санкт-Петербург,https://evita-potolki.ru/,https://potolki-spb.ru/,strong,True,1.0,78.7,75.8,81.8077,71.5877,10.22,2,7,5,query_preference_rubric_v5,d51_query_preference_rubric_v1,ranking_target_margin,,False
натяжные потолки Санкт-Петербург,https://evita-potolki.ru/,https://potolkilider.ru/,weak,True,0.5,78.7,76.5,81.8077,75.4634,6.3443,2,5,3,query_preference_rubric_v5,d51_query_preference_rubric_v1,ranking_target_margin,,False
натяжные потолки Санкт-Петербург,https://evita-potolki.ru/,https://potolok-peter.ru/,uncertain,False,0.0,78.7,73.9,81.8077,79.5328,2.2749,2,1,-1,query_preference_rubric_v5,d51_query_preference_rubric_v1,ranking_target_margin,,False
натяжные потолки Санкт-Петербург,https://evita-potolki.ru/,https://spbpotolok.com/,weak,True,0.5,78.7,69.6,81.8077,74.1722,7.6355,2,3,1,query_preference_rubric_v5,d51_query_preference_rubric_v1,ranking_target_margin,,False
натяжные потолки Санкт-Петербург,https://evita-potolki.ru/,https://tuspb.ru/,strong,True,1.0,78.7,69.6,81.8077,66.096,15.7117,2,8,6,query_preference_rubric_v5,d51_query_preference_rubric_v1,ranking_target_margin,,False
натяжные потолки Санкт-Петербург,https://potolki-sankt-peterburg.ru/,https://markakachestva.ru/amenities/3782-luchshie-firmy-natjazhnyh-potolkov-v-sankt-peterburge.html,strong,True,1.0,71.1,67.2,72.4461,62.0014,10.4447,4,9,5,query_preference_rubric_v5,d51_query_preference_rubric_v1,ranking_target_margin,,False
натяжные потолки Санкт-Петербург,https://potolki-sankt-peterburg.ru/,https://master-plus.spb.ru/natyazhnye-potolki/,strong,True,1.0,71.1,62.1,72.4461,63.3582,9.0879,4,6,2,query_preference_rubric_v5,d51_query_preference_rubric_v1,ranking_target_margin,,False
натяжные потолки Санкт-Петербург,https://potolki-sankt-peterburg.ru/,https://metrpotolok.ru/,strong,True,1.0,71.1,70.0,72.4461,61.9079,10.5382,4,10,6,query_preference_rubric_v5,d51_query_preference_rubric_v1,ranking_target_margin,,False
натяжные потолки Санкт-Петербург,https://potolki-sankt-peterburg.ru/,https://tuspb.ru/,weak,True,0.5,71.1,69.6,72.4461,66.096,6.3501,4,8,4,query_preference_rubric_v5,d51_query_preference_rubric_v1,ranking_target_margin,,False
натяжные потолки Санкт-Петербург,https://potolki-spb.ru/,https://markakachestva.ru/amenities/3782-luchshie-firmy-natjazhnyh-potolkov-v-sankt-peterburge.html,strong,True,1.0,75.8,67.2,71.5877,62.0014,9.5863,7,9,2,query_preference_rubric_v5,d51_query_preference_rubric_v1,ranking_target_margin,,False
натяжные потолки Санкт-Петербург,https://potolki-spb.ru/,https://master-plus.spb.ru/natyazhnye-potolki/,strong,True,1.0,75.8,62.1,71.5877,63.3582,8.2295,7,6,-1,query_preference_rubric_v5,d51_query_preference_rubric_v1,ranking_target_margin,,False
натяжные потолки Санкт-Петербург,https://potolki-spb.ru/,https://metrpotolok.ru/,strong,True,1.0,75.8,70.0,71.5877,61.9079,9.6798,7,10,3,query_preference_rubric_v5,d51_query_preference_rubric_v1,ranking_target_margin,,False
натяжные потолки Санкт-Петербург,https://potolki-spb.ru/,https://tuspb.ru/,weak,True,0.5,75.8,69.6,71.5877,66.096,5.4917,7,8,1,query_preference_rubric_v5,d51_query_preference_rubric_v1,ranking_target_margin,,False
натяжные потолки Санкт-Петербург,https://potolkilider.ru/,https://markakachestva.ru/amenities/3782-luchshie-firmy-natjazhnyh-potolkov-v-sankt-peterburge.html,strong,True,1.0,76.5,67.2,75.4634,62.0014,13.462,5,9,4,query_preference_rubric_v5,d51_query_preference_rubric_v1,ranking_target_margin,,False
натяжные потолки Санкт-Петербург,https://potolkilider.ru/,https://master-plus.spb.ru/natyazhnye-potolki/,strong,True,1.0,76.5,62.1,75.4634,63.3582,12.1052,5,6,1,query_preference_rubric_v5,d51_query_preference_rubric_v1,ranking_target_margin,,False
натяжные потолки Санкт-Петербург,https://potolkilider.ru/,https://metrpotolok.ru/,strong,True,1.0,76.5,70.0,75.4634,61.9079,13.5555,5,10,5,query_preference_rubric_v5,d51_query_preference_rubric_v1,ranking_target_margin,,False
натяжные потолки Санкт-Петербург,https://potolkilider.ru/,https://potolki-sankt-peterburg.ru/,uncertain,False,0.0,76.5,71.1,75.4634,72.4461,3.0173,5,4,-1,query_preference_rubric_v5,d51_query_preference_rubric_v1,ranking_target_margin,,False
натяжные потолки Санкт-Петербург,https://potolkilider.ru/,https://potolki-spb.ru/,uncertain,False,0.0,76.5,75.8,75.4634,71.5877,3.8757,5,7,2,query_preference_rubric_v5,d51_query_preference_rubric_v1,ranking_target_margin,,False
натяжные потолки Санкт-Петербург,https://potolkilider.ru/,https://tuspb.ru/,strong,True,1.0,76.5,69.6,75.4634,66.096,9.3674,5,8,3,query_preference_rubric_v5,d51_query_preference_rubric_v1,ranking_target_margin,,False
натяжные потолки Санкт-Петербург,https://potolok-peter.ru/,https://markakachestva.ru/amenities/3782-luchshie-firmy-natjazhnyh-potolkov-v-sankt-peterburge.html,strong,True,1.0,73.9,67.2,79.5328,62.0014,17.5314,1,9,8,query_preference_rubric_v5,d51_query_preference_rubric_v1,ranking_target_margin,,False
натяжные потолки Санкт-Петербург,https://potolok-peter.ru/,https://master-plus.spb.ru/natyazhnye-potolki/,strong,True,1.0,73.9,62.1,79.5328,63.3582,16.1746,1,6,5,query_preference_rubric_v5,d51_query_preference_rubric_v1,ranking_target_margin,,False
натяжные потолки Санкт-Петербург,https://potolok-peter.ru/,https://metrpotolok.ru/,strong,True,1.0,73.9,70.0,79.5328,61.9079,17.6249,1,10,9,query_preference_rubric_v5,d51_query_preference_rubric_v1,ranking_target_margin,,False
натяжные потолки Санкт-Петербург,https://potolok-peter.ru/,https://potolki-sankt-peterburg.ru/,weak,True,0.5,73.9,71.1,79.5328,72.4461,7.0867,1,4,3,query_preference_rubric_v5,d51_query_preference_rubric_v1,ranking_target_margin,,False
натяжные потолки Санкт-Петербург,https://potolok-peter.ru/,https://potolki-spb.ru/,weak,True,0.5,73.9,75.8,79.5328,71.5877,7.9451,1,7,6,query_preference_rubric_v5,d51_query_preference_rubric_v1,ranking_target_margin,,False
натяжные потолки Санкт-Петербург,https://potolok-peter.ru/,https://potolkilider.ru/,weak,True,0.5,73.9,76.5,79.5328,75.4634,4.0694,1,5,4,query_preference_rubric_v5,d51_query_preference_rubric_v1,ranking_target_margin,,False
натяжные потолки Санкт-Петербург,https://potolok-peter.ru/,https://spbpotolok.com/,weak,True,0.5,73.9,69.6,79.5328,74.1722,5.3606,1,3,2,query_preference_rubric_v5,d51_query_preference_rubric_v1,ranking_target_margin,,False
натяжные потолки Санкт-Петербург,https://potolok-peter.ru/,https://tuspb.ru/,strong,True,1.0,73.9,69.6,79.5328,66.096,13.4368,1,8,7,query_preference_rubric_v5,d51_query_preference_rubric_v1,ranking_target_margin,,False
натяжные потолки Санкт-Петербург,https://spbpotolok.com/,https://markakachestva.ru/amenities/3782-luchshie-firmy-natjazhnyh-potolkov-v-sankt-peterburge.html,strong,True,1.0,69.6,67.2,74.1722,62.0014,12.1708,3,9,6,query_preference_rubric_v5,d51_query_preference_rubric_v1,ranking_target_margin,,False
натяжные потолки Санкт-Петербург,https://spbpotolok.com/,https://master-plus.spb.ru/natyazhnye-potolki/,strong,True,1.0,69.6,62.1,74.1722,63.3582,10.814,3,6,3,query_preference_rubric_v5,d51_query_preference_rubric_v1,ranking_target_margin,,False
натяжные потолки Санкт-Петербург,https://spbpotolok.com/,https://metrpotolok.ru/,strong,True,1.0,69.6,70.0,74.1722,61.9079,12.2643,3,10,7,query_preference_rubric_v5,d51_query_preference_rubric_v1,ranking_target_margin,,False
натяжные потолки Санкт-Петербург,https://spbpotolok.com/,https://potolki-spb.ru/,uncertain,False,0.0,69.6,75.8,74.1722,71.5877,2.5845,3,7,4,query_preference_rubric_v5,d51_query_preference_rubric_v1,ranking_target_margin,,False
натяжные потолки Санкт-Петербург,https://spbpotolok.com/,https://tuspb.ru/,strong,True,1.0,69.6,69.6,74.1722,66.096,8.0762,3,8,5,query_preference_rubric_v5,d51_query_preference_rubric_v1,ranking_target_margin,,False
натяжные потолки Санкт-Петербург,https://tuspb.ru/,https://markakachestva.ru/amenities/3782-luchshie-firmy-natjazhnyh-potolkov-v-sankt-peterburge.html,weak,True,0.5,69.6,67.2,66.096,62.0014,4.0946,8,9,1,query_preference_rubric_v5,d51_query_preference_rubric_v1,ranking_target_margin,,False
натяжные потолки Санкт-Петербург,https://tuspb.ru/,https://master-plus.spb.ru/natyazhnye-potolki/,uncertain,False,0.0,69.6,62.1,66.096,63.3582,2.7378,8,6,-2,query_preference_rubric_v5,d51_query_preference_rubric_v1,ranking_target_margin,,False
натяжные потолки Санкт-Петербург,https://tuspb.ru/,https://metrpotolok.ru/,weak,True,0.5,69.6,70.0,66.096,61.9079,4.1881,8,10,2,query_preference_rubric_v5,d51_query_preference_rubric_v1,ranking_target_margin,,False
натяжные потолки отзывы,https://irecommend.ru/content/natyazhnoi-potolok,https://kaskadagenstvo.ru/natyazhnye-potolki-otzyvy-nedostatki-problemy/,weak,True,0.65,69.6,72.9,76.3524,67.5757,8.7767,1,8,7,query_preference_rubric_v5,d51_query_preference_rubric_v1,d50_top3_recovery,aggregator_or_marketplace_distortion|rank_prior_disagreement|shortcut_text_volume,True
натяжные потолки отзывы,https://irecommend.ru/content/natyazhnoi-potolok,https://mixline-shop.ru/blog/natyazhnye-potolki-plyusy-i-minusy,strong,True,1.25,69.6,71.2,76.3524,73.7172,2.6352,1,4,3,query_preference_rubric_v5,d51_query_preference_rubric_v1,d50_top3_recovery,aggregator_or_marketplace_distortion|rank_prior_disagreement|shortcut_text_volume,True
натяжные потолки отзывы,https://irecommend.ru/content/natyazhnoi-potolok,https://onello.ru/natyazhnye-potolki-dostoinstva-i-nedostatki-otzyvy/,strong,True,1.25,69.6,69.7,76.3524,63.9039,12.4485,1,9,8,query_preference_rubric_v5,d51_query_preference_rubric_v1,d50_top3_recovery,aggregator_or_marketplace_distortion|rank_prior_disagreement|shortcut_text_volume,True
натяжные потолки отзывы,https://irecommend.ru/content/natyazhnoi-potolok,https://psmith.ru/about/potolki-reviews,strong,True,1.25,69.6,69.6,76.3524,66.3,10.0524,1,7,6,query_preference_rubric_v5,d51_query_preference_rubric_v1,d50_top3_recovery,aggregator_or_marketplace_distortion|rank_prior_disagreement,True
натяжные потолки отзывы,https://kaskadagenstvo.ru/natyazhnye-potolki-otzyvy-nedostatki-problemy/,https://vyboroved.ru/reyting/2047-luchshie-natyazhnye-potolki.html,uncertain,False,0.0,72.9,60.8,67.5757,65.7325,1.8432,8,3,-5,query_preference_rubric_v5,d51_query_preference_rubric_v1,d50_top3_conflict_manual_review,aggregator_or_marketplace_distortion|rank_prior_disagreement|shortcut_text_volume,True
натяжные потолки отзывы,https://vipceiling.ru/moscow/reviews/,https://kaskadagenstvo.ru/natyazhnye-potolki-otzyvy-nedostatki-problemy/,uncertain,False,0.0,60.8,72.9,67.6669,67.5757,0.0912,2,8,6,query_preference_rubric_v5,d51_query_preference_rubric_v1,d50_top3_conflict_manual_review,aggregator_or_marketplace_distortion|rank_prior_disagreement|shortcut_text_volume,True
натяжные потолки отзывы,https://vipceiling.ru/moscow/reviews/,https://mixline-shop.ru/blog/natyazhnye-potolki-plyusy-i-minusy,weak,True,0.65,60.8,71.2,67.6669,73.7172,-6.0503,2,4,2,query_preference_rubric_v5,d51_query_preference_rubric_v1,d50_top3_recovery,aggregator_or_marketplace_distortion|rank_prior_disagreement|shortcut_text_volume,True
натяжные потолки отзывы,https://vipceiling.ru/moscow/reviews/,https://onello.ru/natyazhnye-potolki-dostoinstva-i-nedostatki-otzyvy/,weak,True,0.65,60.8,69.7,67.6669,63.9039,3.763,2,9,7,query_preference_rubric_v5,d51_query_preference_rubric_v1,d50_top3_recovery,aggregator_or_marketplace_distortion|rank_prior_disagreement|shortcut_text_volume,True
натяжные потолки отзывы,https://vipceiling.ru/moscow/reviews/,https://psmith.ru/about/potolki-reviews,weak,True,0.65,60.8,69.6,67.6669,66.3,1.3669,2,7,5,query_preference_rubric_v5,d51_query_preference_rubric_v1,d50_top3_recovery,aggregator_or_marketplace_distortion|rank_prior_disagreement,True
натяжные потолки отзывы,https://vyboroved.ru/reyting/2047-luchshie-natyazhnye-potolki.html,https://mixline-shop.ru/blog/natyazhnye-potolki-plyusy-i-minusy,weak,True,0.65,60.8,71.2,65.7325,73.7172,-7.9847,3,4,1,query_preference_rubric_v5,d51_query_preference_rubric_v1,d50_top3_recovery,aggregator_or_marketplace_distortion|rank_prior_disagreement|shortcut_text_volume,True
натяжные потолки отзывы,https://vyboroved.ru/reyting/2047-luchshie-natyazhnye-potolki.html,https://onello.ru/natyazhnye-potolki-dostoinstva-i-nedostatki-otzyvy/,weak,True,0.65,60.8,69.7,65.7325,63.9039,1.8286,3,9,6,query_preference_rubric_v5,d51_query_preference_rubric_v1,d50_top3_recovery,aggregator_or_marketplace_distortion|rank_prior_disagreement|shortcut_text_volume,True
натяжные потолки отзывы,https://vyboroved.ru/reyting/2047-luchshie-natyazhnye-potolki.html,https://psmith.ru/about/potolki-reviews,weak,True,0.65,60.8,69.6,65.7325,66.3,-0.5675,3,7,4,query_preference_rubric_v5,d51_query_preference_rubric_v1,d50_top3_recovery,aggregator_or_marketplace_distortion|rank_prior_disagreement,True
натяжные потолки отзывы,https://irecommend.ru/content/natyazhnoi-potolok,https://dzen.ru/a/ZCMvlrAxjCnYTjHZ,strong,True,1.0,69.6,45.0,76.3524,51.4094,24.943,1,6,5,query_preference_rubric_v5,d51_query_preference_rubric_v1,ranking_target_margin,,True
натяжные потолки отзывы,https://irecommend.ru/content/natyazhnoi-potolok,https://nwlife.ru/o-kompanii/article/plyusyi-i-minusyi-natyazhnyix-potolkov/,strong,True,1.0,69.6,68.1,76.3524,59.8334,16.519,1,10,9,query_preference_rubric_v5,d51_query_preference_rubric_v1,ranking_target_margin,,True
натяжные потолки отзывы,https://irecommend.ru/content/natyazhnoi-potolok,https://tehnos24.ru/otzyvy/,strong,True,1.0,69.6,61.4,76.3524,63.7305,12.6219,1,5,4,query_preference_rubric_v5,d51_query_preference_rubric_v1,ranking_target_margin,,True
натяжные потолки отзывы,https://irecommend.ru/content/natyazhnoi-potolok,https://vipceiling.ru/moscow/reviews/,strong,True,1.0,69.6,60.8,76.3524,67.6669,8.6855,1,2,1,query_preference_rubric_v5,d51_query_preference_rubric_v1,ranking_target_margin,,True
натяжные потолки отзывы,https://irecommend.ru/content/natyazhnoi-potolok,https://vyboroved.ru/reyting/2047-luchshie-natyazhnye-potolki.html,strong,True,1.0,69.6,60.8,76.3524,65.7325,10.6199,1,3,2,query_preference_rubric_v5,d51_query_preference_rubric_v1,ranking_target_margin,,True
натяжные потолки отзывы,https://kaskadagenstvo.ru/natyazhnye-potolki-otzyvy-nedostatki-problemy/,https://dzen.ru/a/ZCMvlrAxjCnYTjHZ,strong,True,1.0,72.9,45.0,67.5757,51.4094,16.1663,8,6,-2,query_preference_rubric_v5,d51_query_preference_rubric_v1,ranking_target_margin,,True
натяжные потолки отзывы,https://kaskadagenstvo.ru/natyazhnye-potolki-otzyvy-nedostatki-problemy/,https://nwlife.ru/o-kompanii/article/plyusyi-i-minusyi-natyazhnyix-potolkov/,weak,True,0.5,72.9,68.1,67.5757,59.8334,7.7423,8,10,2,query_preference_rubric_v5,d51_query_preference_rubric_v1,ranking_target_margin,,True
натяжные потолки отзывы,https://kaskadagenstvo.ru/natyazhnye-potolki-otzyvy-nedostatki-problemy/,https://onello.ru/natyazhnye-potolki-dostoinstva-i-nedostatki-otzyvy/,uncertain,False,0.0,72.9,69.7,67.5757,63.9039,3.6718,8,9,1,query_preference_rubric_v5,d51_query_preference_rubric_v1,ranking_target_margin,,True
натяжные потолки отзывы,https://kaskadagenstvo.ru/natyazhnye-potolki-otzyvy-nedostatki-problemy/,https://tehnos24.ru/otzyvy/,uncertain,False,0.0,72.9,61.4,67.5757,63.7305,3.8452,8,5,-3,query_preference_rubric_v5,d51_query_preference_rubric_v1,ranking_target_margin,,True
натяжные потолки отзывы,https://mixline-shop.ru/blog/natyazhnye-potolki-plyusy-i-minusy,https://dzen.ru/a/ZCMvlrAxjCnYTjHZ,strong,True,1.0,71.2,45.0,73.7172,51.4094,22.3078,4,6,2,query_preference_rubric_v5,d51_query_preference_rubric_v1,ranking_target_margin,,True
натяжные потолки отзывы,https://mixline-shop.ru/blog/natyazhnye-potolki-plyusy-i-minusy,https://kaskadagenstvo.ru/natyazhnye-potolki-otzyvy-nedostatki-problemy/,weak,True,0.5,71.2,72.9,73.7172,67.5757,6.1415,4,8,4,query_preference_rubric_v5,d51_query_preference_rubric_v1,ranking_target_margin,,True
натяжные потолки отзывы,https://mixline-shop.ru/blog/natyazhnye-potolki-plyusy-i-minusy,https://nwlife.ru/o-kompanii/article/plyusyi-i-minusyi-natyazhnyix-potolkov/,strong,True,1.0,71.2,68.1,73.7172,59.8334,13.8838,4,10,6,query_preference_rubric_v5,d51_query_preference_rubric_v1,ranking_target_margin,,True
натяжные потолки отзывы,https://mixline-shop.ru/blog/natyazhnye-potolki-plyusy-i-minusy,https://onello.ru/natyazhnye-potolki-dostoinstva-i-nedostatki-otzyvy/,strong,True,1.0,71.2,69.7,73.7172,63.9039,9.8133,4,9,5,query_preference_rubric_v5,d51_query_preference_rubric_v1,ranking_target_margin,,True
натяжные потолки отзывы,https://mixline-shop.ru/blog/natyazhnye-potolki-plyusy-i-minusy,https://psmith.ru/about/potolki-reviews,weak,True,0.5,71.2,69.6,73.7172,66.3,7.4172,4,7,3,query_preference_rubric_v5,d51_query_preference_rubric_v1,ranking_target_margin,,True
натяжные потолки отзывы,https://mixline-shop.ru/blog/natyazhnye-potolki-plyusy-i-minusy,https://tehnos24.ru/otzyvy/,strong,True,1.0,71.2,61.4,73.7172,63.7305,9.9867,4,5,1,query_preference_rubric_v5,d51_query_preference_rubric_v1,ranking_target_margin,,True
натяжные потолки отзывы,https://mixline-shop.ru/blog/natyazhnye-potolki-plyusy-i-minusy,https://vipceiling.ru/moscow/reviews/,weak,True,0.5,71.2,60.8,73.7172,67.6669,6.0503,4,2,-2,query_preference_rubric_v5,d51_query_preference_rubric_v1,ranking_target_margin,,True
натяжные потолки отзывы,https://mixline-shop.ru/blog/natyazhnye-potolki-plyusy-i-minusy,https://vyboroved.ru/reyting/2047-luchshie-natyazhnye-potolki.html,weak,True,0.5,71.2,60.8,73.7172,65.7325,7.9847,4,3,-1,query_preference_rubric_v5,d51_query_preference_rubric_v1,ranking_target_margin,,True
натяжные потолки отзывы,https://nwlife.ru/o-kompanii/article/plyusyi-i-minusyi-natyazhnyix-potolkov/,https://dzen.ru/a/ZCMvlrAxjCnYTjHZ,strong,True,1.0,68.1,45.0,59.8334,51.4094,8.424,10,6,-4,query_preference_rubric_v5,d51_query_preference_rubric_v1,ranking_target_margin,,True
натяжные потолки отзывы,https://onello.ru/natyazhnye-potolki-dostoinstva-i-nedostatki-otzyvy/,https://dzen.ru/a/ZCMvlrAxjCnYTjHZ,strong,True,1.0,69.7,45.0,63.9039,51.4094,12.4945,9,6,-3,query_preference_rubric_v5,d51_query_preference_rubric_v1,ranking_target_margin,,True
натяжные потолки отзывы,https://onello.ru/natyazhnye-potolki-dostoinstva-i-nedostatki-otzyvy/,https://nwlife.ru/o-kompanii/article/plyusyi-i-minusyi-natyazhnyix-potolkov/,weak,True,0.5,69.7,68.1,63.9039,59.8334,4.0705,9,10,1,query_preference_rubric_v5,d51_query_preference_rubric_v1,ranking_target_margin,,True
натяжные потолки отзывы,https://psmith.ru/about/potolki-reviews,https://dzen.ru/a/ZCMvlrAxjCnYTjHZ,strong,True,1.0,69.6,45.0,66.3,51.4094,14.8906,7,6,-1,query_preference_rubric_v5,d51_query_preference_rubric_v1,ranking_target_margin,,True
натяжные потолки отзывы,https://psmith.ru/about/potolki-reviews,https://nwlife.ru/o-kompanii/article/plyusyi-i-minusyi-natyazhnyix-potolkov/,weak,True,0.5,69.6,68.1,66.3,59.8334,6.4666,7,10,3,query_preference_rubric_v5,d51_query_preference_rubric_v1,ranking_target_margin,,True
натяжные потолки отзывы,https://psmith.ru/about/potolki-reviews,https://onello.ru/natyazhnye-potolki-dostoinstva-i-nedostatki-otzyvy/,uncertain,False,0.0,69.6,69.7,66.3,63.9039,2.3961,7,9,2,query_preference_rubric_v5,d51_query_preference_rubric_v1,ranking_target_margin,,True
натяжные потолки отзывы,https://psmith.ru/about/potolki-reviews,https://tehnos24.ru/otzyvy/,uncertain,False,0.0,69.6,61.4,66.3,63.7305,2.5695,7,5,-2,query_preference_rubric_v5,d51_query_preference_rubric_v1,ranking_target_margin,,True
натяжные потолки отзывы,https://tehnos24.ru/otzyvy/,https://dzen.ru/a/ZCMvlrAxjCnYTjHZ,strong,True,1.0,61.4,45.0,63.7305,51.4094,12.3211,5,6,1,query_preference_rubric_v5,d51_query_preference_rubric_v1,ranking_target_margin,,True
натяжные потолки отзывы,https://tehnos24.ru/otzyvy/,https://nwlife.ru/o-kompanii/article/plyusyi-i-minusyi-natyazhnyix-potolkov/,uncertain,False,0.0,61.4,68.1,63.7305,59.8334,3.8971,5,10,5,query_preference_rubric_v5,d51_query_preference_rubric_v1,ranking_target_margin,,True
натяжные потолки отзывы,https://vipceiling.ru/moscow/reviews/,https://dzen.ru/a/ZCMvlrAxjCnYTjHZ,strong,True,1.0,60.8,45.0,67.6669,51.4094,16.2575,2,6,4,query_preference_rubric_v5,d51_query_preference_rubric_v1,ranking_target_margin,,True
натяжные потолки отзывы,https://vipceiling.ru/moscow/reviews/,https://nwlife.ru/o-kompanii/article/plyusyi-i-minusyi-natyazhnyix-potolkov/,weak,True,0.5,60.8,68.1,67.6669,59.8334,7.8335,2,10,8,query_preference_rubric_v5,d51_query_preference_rubric_v1,ranking_target_margin,,True
натяжные потолки отзывы,https://vipceiling.ru/moscow/reviews/,https://tehnos24.ru/otzyvy/,uncertain,False,0.0,60.8,61.4,67.6669,63.7305,3.9364,2,5,3,query_preference_rubric_v5,d51_query_preference_rubric_v1,ranking_target_margin,,True
натяжные потолки отзывы,https://vyboroved.ru/reyting/2047-luchshie-natyazhnye-potolki.html,https://dzen.ru/a/ZCMvlrAxjCnYTjHZ,strong,True,1.0,60.8,45.0,65.7325,51.4094,14.3231,3,6,3,query_preference_rubric_v5,d51_query_preference_rubric_v1,ranking_target_margin,,True
натяжные потолки отзывы,https://vyboroved.ru/reyting/2047-luchshie-natyazhnye-potolki.html,https://nwlife.ru/o-kompanii/article/plyusyi-i-minusyi-natyazhnyix-potolkov/,weak,True,0.5,60.8,68.1,65.7325,59.8334,5.8991,3,10,7,query_preference_rubric_v5,d51_query_preference_rubric_v1,ranking_target_margin,,True
натяжные потолки отзывы,https://vyboroved.ru/reyting/2047-luchshie-natyazhnye-potolki.html,https://tehnos24.ru/otzyvy/,uncertain,False,0.0,60.8,61.4,65.7325,63.7305,2.002,3,5,2,query_preference_rubric_v5,d51_query_preference_rubric_v1,ranking_target_margin,,True
натяжные потолки цена Екатеринбург,https://ekapotolok.ru/,https://potolokmt.ru/,uncertain,False,0.0,66.5,69.4,64.3704,61.8743,2.4961,7,10,3,query_preference_rubric_v5,d51_query_preference_rubric_v1,ranking_target_margin,,False
натяжные потолки цена Екатеринбург,https://ekat.steklodom.com/ceiling/,https://ekapotolok.ru/,strong,True,1.0,69.4,66.5,77.7435,64.3704,13.3731,1,7,6,query_preference_rubric_v5,d51_query_preference_rubric_v1,ranking_target_margin,,False
натяжные потолки цена Екатеринбург,https://ekat.steklodom.com/ceiling/,https://ekb.potolochnik24.ru/,strong,True,1.0,69.4,77.4,77.7435,68.8313,8.9122,1,9,8,query_preference_rubric_v5,d51_query_preference_rubric_v1,ranking_target_margin,,False
натяжные потолки цена Екатеринбург,https://ekat.steklodom.com/ceiling/,https://markakachestva.ru/amenities/9043-luchshie-firmy-natjazhnyh-potolkov-v-ekaterinburge-rejting.html,weak,True,0.5,69.4,64.0,77.7435,70.5975,7.146,1,2,1,query_preference_rubric_v5,d51_query_preference_rubric_v1,ranking_target_margin,,False
натяжные потолки цена Екатеринбург,https://ekat.steklodom.com/ceiling/,https://potolki-ekburg.ru/ceny,strong,True,1.0,69.4,61.9,77.7435,65.702,12.0415,1,5,4,query_preference_rubric_v5,d51_query_preference_rubric_v1,ranking_target_margin,,False
натяжные потолки цена Екатеринбург,https://ekat.steklodom.com/ceiling/,https://potolokmt.ru/,strong,True,1.0,69.4,69.4,77.7435,61.8743,15.8692,1,10,9,query_preference_rubric_v5,d51_query_preference_rubric_v1,ranking_target_margin,,False
натяжные потолки цена Екатеринбург,https://ekat.steklodom.com/ceiling/,https://vipceiling.ru/ekb/price/,strong,True,1.0,69.4,71.6,77.7435,67.0655,10.678,1,8,7,query_preference_rubric_v5,d51_query_preference_rubric_v1,ranking_target_margin,,False
натяжные потолки цена Екатеринбург,https://ekat.steklodom.com/ceiling/,https://моипотолки.рф/ekaterinburg,strong,True,1.0,69.4,66.8,77.7435,66.2631,11.4804,1,6,5,query_preference_rubric_v5,d51_query_preference_rubric_v1,ranking_target_margin,,False
натяжные потолки цена Екатеринбург,https://ekb.potolochnik24.ru/,https://ekapotolok.ru/,weak,True,0.5,77.4,66.5,68.8313,64.3704,4.4609,9,7,-2,query_preference_rubric_v5,d51_query_preference_rubric_v1,ranking_target_margin,,False
натяжные потолки цена Екатеринбург,https://ekb.potolochnik24.ru/,https://potolki-ekburg.ru/ceny,uncertain,False,0.0,77.4,61.9,68.8313,65.702,3.1293,9,5,-4,query_preference_rubric_v5,d51_query_preference_rubric_v1,ranking_target_margin,,False
натяжные потолки цена Екатеринбург,https://ekb.potolochnik24.ru/,https://potolokmt.ru/,weak,True,0.5,77.4,69.4,68.8313,61.8743,6.957,9,10,1,query_preference_rubric_v5,d51_query_preference_rubric_v1,ranking_target_margin,,False
натяжные потолки цена Екатеринбург,https://ekb.potolochnik24.ru/,https://моипотолки.рф/ekaterinburg,uncertain,False,0.0,77.4,66.8,68.8313,66.2631,2.5682,9,6,-3,query_preference_rubric_v5,d51_query_preference_rubric_v1,ranking_target_margin,,False
натяжные потолки цена Екатеринбург,https://luxpotolok.pro/,https://ekapotolok.ru/,strong,True,1.0,78.2,66.5,78.0413,64.3704,13.6709,4,7,3,query_preference_rubric_v5,d51_query_preference_rubric_v1,ranking_target_margin,,False
натяжные потолки цена Екатеринбург,https://luxpotolok.pro/,https://ekb.potolochnik24.ru/,strong,True,1.0,78.2,77.4,78.0413,68.8313,9.21,4,9,5,query_preference_rubric_v5,d51_query_preference_rubric_v1,ranking_target_margin,,False
натяжные потолки цена Екатеринбург,https://luxpotolok.pro/,https://markakachestva.ru/amenities/9043-luchshie-firmy-natjazhnyh-potolkov-v-ekaterinburge-rejting.html,weak,True,0.5,78.2,64.0,78.0413,70.5975,7.4438,4,2,-2,query_preference_rubric_v5,d51_query_preference_rubric_v1,ranking_target_margin,,False
натяжные потолки цена Екатеринбург,https://luxpotolok.pro/,https://potolki-ekburg.ru/ceny,strong,True,1.0,78.2,61.9,78.0413,65.702,12.3393,4,5,1,query_preference_rubric_v5,d51_query_preference_rubric_v1,ranking_target_margin,,False
натяжные потолки цена Екатеринбург,https://luxpotolok.pro/,https://potolokmt.ru/,strong,True,1.0,78.2,69.4,78.0413,61.8743,16.167,4,10,6,query_preference_rubric_v5,d51_query_preference_rubric_v1,ranking_target_margin,,False
натяжные потолки цена Екатеринбург,https://luxpotolok.pro/,https://vipceiling.ru/ekb/price/,strong,True,1.0,78.2,71.6,78.0413,67.0655,10.9758,4,8,4,query_preference_rubric_v5,d51_query_preference_rubric_v1,ranking_target_margin,,False
натяжные потолки цена Екатеринбург,https://luxpotolok.pro/,https://моипотолки.рф/ekaterinburg,strong,True,1.0,78.2,66.8,78.0413,66.2631,11.7782,4,6,2,query_preference_rubric_v5,d51_query_preference_rubric_v1,ranking_target_margin,,False
натяжные потолки цена Екатеринбург,https://markakachestva.ru/amenities/9043-luchshie-firmy-natjazhnyh-potolkov-v-ekaterinburge-rejting.html,https://ekapotolok.ru/,weak,True,0.5,64.0,66.5,70.5975,64.3704,6.2271,2,7,5,query_preference_rubric_v5,d51_query_preference_rubric_v1,ranking_target_margin,,False
натяжные потолки цена Екатеринбург,https://markakachestva.ru/amenities/9043-luchshie-firmy-natjazhnyh-potolkov-v-ekaterinburge-rejting.html,https://potolki-ekburg.ru/ceny,weak,True,0.5,64.0,61.9,70.5975,65.702,4.8955,2,5,3,query_preference_rubric_v5,d51_query_preference_rubric_v1,ranking_target_margin,,False
натяжные потолки цена Екатеринбург,https://markakachestva.ru/amenities/9043-luchshie-firmy-natjazhnyh-potolkov-v-ekaterinburge-rejting.html,https://potolokmt.ru/,strong,True,1.0,64.0,69.4,70.5975,61.8743,8.7232,2,10,8,query_preference_rubric_v5,d51_query_preference_rubric_v1,ranking_target_margin,,False
натяжные потолки цена Екатеринбург,https://markakachestva.ru/amenities/9043-luchshie-firmy-natjazhnyh-potolkov-v-ekaterinburge-rejting.html,https://vipceiling.ru/ekb/price/,uncertain,False,0.0,64.0,71.6,70.5975,67.0655,3.532,2,8,6,query_preference_rubric_v5,d51_query_preference_rubric_v1,ranking_target_margin,,False
натяжные потолки цена Екатеринбург,https://markakachestva.ru/amenities/9043-luchshie-firmy-natjazhnyh-potolkov-v-ekaterinburge-rejting.html,https://моипотолки.рф/ekaterinburg,weak,True,0.5,64.0,66.8,70.5975,66.2631,4.3344,2,6,4,query_preference_rubric_v5,d51_query_preference_rubric_v1,ranking_target_margin,,False
натяжные потолки цена Екатеринбург,https://natyazhniepotolkiekb.ru/,https://ekapotolok.ru/,strong,True,1.0,75.7,66.5,78.4732,64.3704,14.1028,3,7,4,query_preference_rubric_v5,d51_query_preference_rubric_v1,ranking_target_margin,,False
натяжные потолки цена Екатеринбург,https://natyazhniepotolkiekb.ru/,https://ekb.potolochnik24.ru/,strong,True,1.0,75.7,77.4,78.4732,68.8313,9.6419,3,9,6,query_preference_rubric_v5,d51_query_preference_rubric_v1,ranking_target_margin,,False
натяжные потолки цена Екатеринбург,https://natyazhniepotolkiekb.ru/,https://markakachestva.ru/amenities/9043-luchshie-firmy-natjazhnyh-potolkov-v-ekaterinburge-rejting.html,weak,True,0.5,75.7,64.0,78.4732,70.5975,7.8757,3,2,-1,query_preference_rubric_v5,d51_query_preference_rubric_v1,ranking_target_margin,,False
натяжные потолки цена Екатеринбург,https://natyazhniepotolkiekb.ru/,https://potolki-ekburg.ru/ceny,strong,True,1.0,75.7,61.9,78.4732,65.702,12.7712,3,5,2,query_preference_rubric_v5,d51_query_preference_rubric_v1,ranking_target_margin,,False
натяжные потолки цена Екатеринбург,https://natyazhniepotolkiekb.ru/,https://potolokmt.ru/,strong,True,1.0,75.7,69.4,78.4732,61.8743,16.5989,3,10,7,query_preference_rubric_v5,d51_query_preference_rubric_v1,ranking_target_margin,,False
натяжные потолки цена Екатеринбург,https://natyazhniepotolkiekb.ru/,https://vipceiling.ru/ekb/price/,strong,True,1.0,75.7,71.6,78.4732,67.0655,11.4077,3,8,5,query_preference_rubric_v5,d51_query_preference_rubric_v1,ranking_target_margin,,False
натяжные потолки цена Екатеринбург,https://natyazhniepotolkiekb.ru/,https://моипотолки.рф/ekaterinburg,strong,True,1.0,75.7,66.8,78.4732,66.2631,12.2101,3,6,3,query_preference_rubric_v5,d51_query_preference_rubric_v1,ranking_target_margin,,False
натяжные потолки цена Екатеринбург,https://potolki-ekburg.ru/ceny,https://potolokmt.ru/,uncertain,False,0.0,61.9,69.4,65.702,61.8743,3.8277,5,10,5,query_preference_rubric_v5,d51_query_preference_rubric_v1,ranking_target_margin,,False
натяжные потолки цена Екатеринбург,https://vipceiling.ru/ekb/price/,https://ekapotolok.ru/,uncertain,False,0.0,71.6,66.5,67.0655,64.3704,2.6951,8,7,-1,query_preference_rubric_v5,d51_query_preference_rubric_v1,ranking_target_margin,,False
натяжные потолки цена Екатеринбург,https://vipceiling.ru/ekb/price/,https://potolokmt.ru/,weak,True,0.5,71.6,69.4,67.0655,61.8743,5.1912,8,10,2,query_preference_rubric_v5,d51_query_preference_rubric_v1,ranking_target_margin,,False
натяжные потолки цена Екатеринбург,https://моипотолки.рф/ekaterinburg,https://potolokmt.ru/,weak,True,0.5,66.8,69.4,66.2631,61.8743,4.3888,6,10,4,query_preference_rubric_v5,d51_query_preference_rubric_v1,ranking_target_margin,,False
натяжные потолки цена Казань,https://kazan-potolki.ru/,https://kazan.natpotolok.ru/,strong,True,1.0,78.2,77.8,82.6677,69.925,12.7427,1,9,8,query_preference_rubric_v5,d51_query_preference_rubric_v1,ranking_target_margin,,False
натяжные потолки цена Казань,https://kazan-potolki.ru/,https://kazan.potolki-natyazhniye.ru/,strong,True,1.0,78.2,71.1,82.6677,62.5202,20.1475,1,10,9,query_preference_rubric_v5,d51_query_preference_rubric_v1,ranking_target_margin,,False
натяжные потолки цена Казань,https://kazan-potolki.ru/,https://kazanpotolok.ru/,weak,True,0.5,78.2,72.8,82.6677,76.1726,6.4951,1,3,2,query_preference_rubric_v5,d51_query_preference_rubric_v1,ranking_target_margin,,False
натяжные потолки цена Казань,https://kazan-potolki.ru/,https://potolki-real.ru/,weak,True,0.5,78.2,75.0,82.6677,75.2925,7.3752,1,4,3,query_preference_rubric_v5,d51_query_preference_rubric_v1,ranking_target_margin,,False
натяжные потолки цена Казань,https://kazan-potolki.ru/,https://potolki-ts.ru/kazan,strong,True,1.0,78.2,64.6,82.6677,61.1782,21.4895,1,8,7,query_preference_rubric_v5,d51_query_preference_rubric_v1,ranking_target_margin,,False
натяжные потолки цена Казань,https://kazan-potolki.ru/,https://potolok-montazh.com/ru/kazan/prices,strong,True,1.0,78.2,69.5,82.6677,70.0261,12.6416,1,5,4,query_preference_rubric_v5,d51_query_preference_rubric_v1,ranking_target_margin,,False
натяжные потолки цена Казань,https://kazan-potolki.ru/,https://profi.ru/geo-kzn/remont/potolki/montazh-natyazhnyh-potolkov/price/,strong,True,1.0,78.2,67.0,82.6677,66.0487,16.619,1,6,5,query_preference_rubric_v5,d51_query_preference_rubric_v1,ranking_target_margin,,False
натяжные потолки цена Казань,https://kazan-potolki.ru/,https://www.potolki-servis.ru/,strong,True,1.0,78.2,68.7,82.6677,66.4997,16.168,1,7,6,query_preference_rubric_v5,d51_query_preference_rubric_v1,ranking_target_margin,,False
натяжные потолки цена Казань,https://kazan-potolki.ru/,https://моипотолки.рф/kazan,strong,True,1.0,78.2,66.4,82.6677,72.5486,10.1191,1,2,1,query_preference_rubric_v5,d51_query_preference_rubric_v1,ranking_target_margin,,False
натяжные потолки цена Казань,https://kazan.natpotolok.ru/,https://kazan.potolki-natyazhniye.ru/,weak,True,0.5,77.8,71.1,69.925,62.5202,7.4048,9,10,1,query_preference_rubric_v5,d51_query_preference_rubric_v1,ranking_target_margin,,False
натяжные потолки цена Казань,https://kazan.natpotolok.ru/,https://potolki-ts.ru/kazan,strong,True,1.0,77.8,64.6,69.925,61.1782,8.7468,9,8,-1,query_preference_rubric_v5,d51_query_preference_rubric_v1,ranking_target_margin,,False
натяжные потолки цена Казань,https://kazan.natpotolok.ru/,https://profi.ru/geo-kzn/remont/potolki/montazh-natyazhnyh-potolkov/price/,uncertain,False,0.0,77.8,67.0,69.925,66.0487,3.8763,9,6,-3,query_preference_rubric_v5,d51_query_preference_rubric_v1,ranking_target_margin,,False
натяжные потолки цена Казань,https://kazan.natpotolok.ru/,https://www.potolki-servis.ru/,uncertain,False,0.0,77.8,68.7,69.925,66.4997,3.4253,9,7,-2,query_preference_rubric_v5,d51_query_preference_rubric_v1,ranking_target_margin,,False
натяжные потолки цена Казань,https://kazanpotolok.ru/,https://kazan.natpotolok.ru/,weak,True,0.5,72.8,77.8,76.1726,69.925,6.2476,3,9,6,query_preference_rubric_v5,d51_query_preference_rubric_v1,ranking_target_margin,,False
натяжные потолки цена Казань,https://kazanpotolok.ru/,https://kazan.potolki-natyazhniye.ru/,strong,True,1.0,72.8,71.1,76.1726,62.5202,13.6524,3,10,7,query_preference_rubric_v5,d51_query_preference_rubric_v1,ranking_target_margin,,False
натяжные потолки цена Казань,https://kazanpotolok.ru/,https://potolki-ts.ru/kazan,strong,True,1.0,72.8,64.6,76.1726,61.1782,14.9944,3,8,5,query_preference_rubric_v5,d51_query_preference_rubric_v1,ranking_target_margin,,False
натяжные потолки цена Казань,https://kazanpotolok.ru/,https://potolok-montazh.com/ru/kazan/prices,weak,True,0.5,72.8,69.5,76.1726,70.0261,6.1465,3,5,2,query_preference_rubric_v5,d51_query_preference_rubric_v1,ranking_target_margin,,False
натяжные потолки цена Казань,https://kazanpotolok.ru/,https://profi.ru/geo-kzn/remont/potolki/montazh-natyazhnyh-potolkov/price/,strong,True,1.0,72.8,67.0,76.1726,66.0487,10.1239,3,6,3,query_preference_rubric_v5,d51_query_preference_rubric_v1,ranking_target_margin,,False
натяжные потолки цена Казань,https://kazanpotolok.ru/,https://www.potolki-servis.ru/,strong,True,1.0,72.8,68.7,76.1726,66.4997,9.6729,3,7,4,query_preference_rubric_v5,d51_query_preference_rubric_v1,ranking_target_margin,,False
натяжные потолки цена Казань,https://kazanpotolok.ru/,https://моипотолки.рф/kazan,uncertain,False,0.0,72.8,66.4,76.1726,72.5486,3.624,3,2,-1,query_preference_rubric_v5,d51_query_preference_rubric_v1,ranking_target_margin,,False
натяжные потолки цена Казань,https://potolki-real.ru/,https://kazan.natpotolok.ru/,weak,True,0.5,75.0,77.8,75.2925,69.925,5.3675,4,9,5,query_preference_rubric_v5,d51_query_preference_rubric_v1,ranking_target_margin,,False
натяжные потолки цена Казань,https://potolki-real.ru/,https://kazan.potolki-natyazhniye.ru/,strong,True,1.0,75.0,71.1,75.2925,62.5202,12.7723,4,10,6,query_preference_rubric_v5,d51_query_preference_rubric_v1,ranking_target_margin,,False
натяжные потолки цена Казань,https://potolki-real.ru/,https://potolki-ts.ru/kazan,strong,True,1.0,75.0,64.6,75.2925,61.1782,14.1143,4,8,4,query_preference_rubric_v5,d51_query_preference_rubric_v1,ranking_target_margin,,False
натяжные потолки цена Казань,https://potolki-real.ru/,https://potolok-montazh.com/ru/kazan/prices,weak,True,0.5,75.0,69.5,75.2925,70.0261,5.2664,4,5,1,query_preference_rubric_v5,d51_query_preference_rubric_v1,ranking_target_margin,,False
натяжные потолки цена Казань,https://potolki-real.ru/,https://profi.ru/geo-kzn/remont/potolki/montazh-natyazhnyh-potolkov/price/,strong,True,1.0,75.0,67.0,75.2925,66.0487,9.2438,4,6,2,query_preference_rubric_v5,d51_query_preference_rubric_v1,ranking_target_margin,,False
натяжные потолки цена Казань,https://potolki-real.ru/,https://www.potolki-servis.ru/,strong,True,1.0,75.0,68.7,75.2925,66.4997,8.7928,4,7,3,query_preference_rubric_v5,d51_query_preference_rubric_v1,ranking_target_margin,,False
натяжные потолки цена Казань,https://potolki-real.ru/,https://моипотолки.рф/kazan,uncertain,False,0.0,75.0,66.4,75.2925,72.5486,2.7439,4,2,-2,query_preference_rubric_v5,d51_query_preference_rubric_v1,ranking_target_margin,,False
натяжные потолки цена Казань,https://potolok-montazh.com/ru/kazan/prices,https://kazan.potolki-natyazhniye.ru/,weak,True,0.5,69.5,71.1,70.0261,62.5202,7.5059,5,10,5,query_preference_rubric_v5,d51_query_preference_rubric_v1,ranking_target_margin,,False
натяжные потолки цена Казань,https://potolok-montazh.com/ru/kazan/prices,https://potolki-ts.ru/kazan,strong,True,1.0,69.5,64.6,70.0261,61.1782,8.8479,5,8,3,query_preference_rubric_v5,d51_query_preference_rubric_v1,ranking_target_margin,,False
натяжные потолки цена Казань,https://potolok-montazh.com/ru/kazan/prices,https://profi.ru/geo-kzn/remont/potolki/montazh-natyazhnyh-potolkov/price/,uncertain,False,0.0,69.5,67.0,70.0261,66.0487,3.9774,5,6,1,query_preference_rubric_v5,d51_query_preference_rubric_v1,ranking_target_margin,,False
натяжные потолки цена Казань,https://potolok-montazh.com/ru/kazan/prices,https://www.potolki-servis.ru/,uncertain,False,0.0,69.5,68.7,70.0261,66.4997,3.5264,5,7,2,query_preference_rubric_v5,d51_query_preference_rubric_v1,ranking_target_margin,,False
натяжные потолки цена Казань,https://profi.ru/geo-kzn/remont/potolki/montazh-natyazhnyh-potolkov/price/,https://kazan.potolki-natyazhniye.ru/,uncertain,False,0.0,67.0,71.1,66.0487,62.5202,3.5285,6,10,4,query_preference_rubric_v5,d51_query_preference_rubric_v1,ranking_target_margin,,False
натяжные потолки цена Казань,https://profi.ru/geo-kzn/remont/potolki/montazh-natyazhnyh-potolkov/price/,https://potolki-ts.ru/kazan,weak,True,0.5,67.0,64.6,66.0487,61.1782,4.8705,6,8,2,query_preference_rubric_v5,d51_query_preference_rubric_v1,ranking_target_margin,,False
натяжные потолки цена Казань,https://www.potolki-servis.ru/,https://kazan.potolki-natyazhniye.ru/,uncertain,False,0.0,68.7,71.1,66.4997,62.5202,3.9795,7,10,3,query_preference_rubric_v5,d51_query_preference_rubric_v1,ranking_target_margin,,False
натяжные потолки цена Казань,https://www.potolki-servis.ru/,https://potolki-ts.ru/kazan,weak,True,0.5,68.7,64.6,66.4997,61.1782,5.3215,7,8,1,query_preference_rubric_v5,d51_query_preference_rubric_v1,ranking_target_margin,,False
натяжные потолки цена Казань,https://моипотолки.рф/kazan,https://kazan.natpotolok.ru/,uncertain,False,0.0,66.4,77.8,72.5486,69.925,2.6236,2,9,7,query_preference_rubric_v5,d51_query_preference_rubric_v1,ranking_target_margin,,False
натяжные потолки цена Казань,https://моипотолки.рф/kazan,https://kazan.potolki-natyazhniye.ru/,strong,True,1.0,66.4,71.1,72.5486,62.5202,10.0284,2,10,8,query_preference_rubric_v5,d51_query_preference_rubric_v1,ranking_target_margin,,False
натяжные потолки цена Казань,https://моипотолки.рф/kazan,https://potolki-ts.ru/kazan,strong,True,1.0,66.4,64.6,72.5486,61.1782,11.3704,2,8,6,query_preference_rubric_v5,d51_query_preference_rubric_v1,ranking_target_margin,,False
натяжные потолки цена Казань,https://моипотолки.рф/kazan,https://potolok-montazh.com/ru/kazan/prices,uncertain,False,0.0,66.4,69.5,72.5486,70.0261,2.5225,2,5,3,query_preference_rubric_v5,d51_query_preference_rubric_v1,ranking_target_margin,,False
натяжные потолки цена Казань,https://моипотолки.рф/kazan,https://profi.ru/geo-kzn/remont/potolki/montazh-natyazhnyh-potolkov/price/,weak,True,0.5,66.4,67.0,72.5486,66.0487,6.4999,2,6,4,query_preference_rubric_v5,d51_query_preference_rubric_v1,ranking_target_margin,,False
натяжные потолки цена Казань,https://моипотолки.рф/kazan,https://www.potolki-servis.ru/,weak,True,0.5,66.4,68.7,72.5486,66.4997,6.0489,2,7,5,query_preference_rubric_v5,d51_query_preference_rubric_v1,ranking_target_margin,,False
натяжные потолки цена Краснодар,http://potolki-kuban.ru/,https://potolok-ns.ru/,weak,True,0.5,62.9,63.9,63.8304,57.2117,6.6187,6,10,4,query_preference_rubric_v5,d51_query_preference_rubric_v1,ranking_target_margin,,False
натяжные потолки цена Краснодар,https://msdcorp.ru/,https://potolok-ns.ru/,weak,True,0.5,69.4,63.9,64.6106,57.2117,7.3989,8,10,2,query_preference_rubric_v5,d51_query_preference_rubric_v1,ranking_target_margin,,False
натяжные потолки цена Краснодар,https://o-potolki.ru/krasnodar,http://potolki-kuban.ru/,strong,True,1.0,70.5,62.9,77.6516,63.8304,13.8212,2,6,4,query_preference_rubric_v5,d51_query_preference_rubric_v1,ranking_target_margin,,False
натяжные потолки цена Краснодар,https://o-potolki.ru/krasnodar,https://msdcorp.ru/,strong,True,1.0,70.5,69.4,77.6516,64.6106,13.041,2,8,6,query_preference_rubric_v5,d51_query_preference_rubric_v1,ranking_target_margin,,False
натяжные потолки цена Краснодар,https://o-potolki.ru/krasnodar,https://potolki-93.ru/ceny,weak,True,0.5,70.5,61.6,77.6516,71.8254,5.8262,2,1,-1,query_preference_rubric_v5,d51_query_preference_rubric_v1,ranking_target_margin,,False
натяжные потолки цена Краснодар,https://o-potolki.ru/krasnodar,https://potolki-ts.ru/krasnodar,weak,True,0.5,70.5,67.3,77.6516,70.0939,7.5577,2,4,2,query_preference_rubric_v5,d51_query_preference_rubric_v1,ranking_target_margin,,False
натяжные потолки цена Краснодар,https://o-potolki.ru/krasnodar,https://potolkito.ru/,uncertain,False,0.0,70.5,75.7,77.6516,74.5524,3.0992,2,5,3,query_preference_rubric_v5,d51_query_preference_rubric_v1,ranking_target_margin,,False
натяжные потолки цена Краснодар,https://o-potolki.ru/krasnodar,https://potolok-kras.ru/,strong,True,1.0,70.5,73.2,77.6516,66.2097,11.4419,2,9,7,query_preference_rubric_v5,d51_query_preference_rubric_v1,ranking_target_margin,,False
натяжные потолки цена Краснодар,https://o-potolki.ru/krasnodar,https://potolok-ns.ru/,strong,True,1.0,70.5,63.9,77.6516,57.2117,20.4399,2,10,8,query_preference_rubric_v5,d51_query_preference_rubric_v1,ranking_target_margin,,False
натяжные потолки цена Краснодар,https://o-potolki.ru/krasnodar,https://potolok2000001.ru/,strong,True,1.0,70.5,70.2,77.6516,66.663,10.9886,2,7,5,query_preference_rubric_v5,d51_query_preference_rubric_v1,ranking_target_margin,,False
натяжные потолки цена Краснодар,https://o-potolki.ru/krasnodar,https://vipceiling.ru/krasnodar/price/,uncertain,False,0.0,70.5,70.4,77.6516,74.373,3.2786,2,3,1,query_preference_rubric_v5,d51_query_preference_rubric_v1,ranking_target_margin,,False
натяжные потолки цена Краснодар,https://potolki-93.ru/ceny,http://potolki-kuban.ru/,weak,True,0.5,61.6,62.9,71.8254,63.8304,7.995,1,6,5,query_preference_rubric_v5,d51_query_preference_rubric_v1,ranking_target_margin,,False
натяжные потолки цена Краснодар,https://potolki-93.ru/ceny,https://msdcorp.ru/,weak,True,0.5,61.6,69.4,71.8254,64.6106,7.2148,1,8,7,query_preference_rubric_v5,d51_query_preference_rubric_v1,ranking_target_margin,,False
натяжные потолки цена Краснодар,https://potolki-93.ru/ceny,https://potolok-kras.ru/,weak,True,0.5,61.6,73.2,71.8254,66.2097,5.6157,1,9,8,query_preference_rubric_v5,d51_query_preference_rubric_v1,ranking_target_margin,,False
натяжные потолки цена Краснодар,https://potolki-93.ru/ceny,https://potolok-ns.ru/,strong,True,1.0,61.6,63.9,71.8254,57.2117,14.6137,1,10,9,query_preference_rubric_v5,d51_query_preference_rubric_v1,ranking_target_margin,,False
натяжные потолки цена Краснодар,https://potolki-93.ru/ceny,https://potolok2000001.ru/,weak,True,0.5,61.6,70.2,71.8254,66.663,5.1624,1,7,6,query_preference_rubric_v5,d51_query_preference_rubric_v1,ranking_target_margin,,False
натяжные потолки цена Краснодар,https://potolki-ts.ru/krasnodar,http://potolki-kuban.ru/,weak,True,0.5,67.3,62.9,70.0939,63.8304,6.2635,4,6,2,query_preference_rubric_v5,d51_query_preference_rubric_v1,ranking_target_margin,,False
натяжные потолки цена Краснодар,https://potolki-ts.ru/krasnodar,https://msdcorp.ru/,weak,True,0.5,67.3,69.4,70.0939,64.6106,5.4833,4,8,4,query_preference_rubric_v5,d51_query_preference_rubric_v1,ranking_target_margin,,False
натяжные потолки цена Краснодар,https://potolki-ts.ru/krasnodar,https://potolok-kras.ru/,uncertain,False,0.0,67.3,73.2,70.0939,66.2097,3.8842,4,9,5,query_preference_rubric_v5,d51_query_preference_rubric_v1,ranking_target_margin,,False
натяжные потолки цена Краснодар,https://potolki-ts.ru/krasnodar,https://potolok-ns.ru/,strong,True,1.0,67.3,63.9,70.0939,57.2117,12.8822,4,10,6,query_preference_rubric_v5,d51_query_preference_rubric_v1,ranking_target_margin,,False
натяжные потолки цена Краснодар,https://potolki-ts.ru/krasnodar,https://potolok2000001.ru/,uncertain,False,0.0,67.3,70.2,70.0939,66.663,3.4309,4,7,3,query_preference_rubric_v5,d51_query_preference_rubric_v1,ranking_target_margin,,False
натяжные потолки цена Краснодар,https://potolkito.ru/,http://potolki-kuban.ru/,strong,True,1.0,75.7,62.9,74.5524,63.8304,10.722,5,6,1,query_preference_rubric_v5,d51_query_preference_rubric_v1,ranking_target_margin,,False
натяжные потолки цена Краснодар,https://potolkito.ru/,https://msdcorp.ru/,strong,True,1.0,75.7,69.4,74.5524,64.6106,9.9418,5,8,3,query_preference_rubric_v5,d51_query_preference_rubric_v1,ranking_target_margin,,False
натяжные потолки цена Краснодар,https://potolkito.ru/,https://potolki-93.ru/ceny,uncertain,False,0.0,75.7,61.6,74.5524,71.8254,2.727,5,1,-4,query_preference_rubric_v5,d51_query_preference_rubric_v1,ranking_target_margin,,False
натяжные потолки цена Краснодар,https://potolkito.ru/,https://potolki-ts.ru/krasnodar,weak,True,0.5,75.7,67.3,74.5524,70.0939,4.4585,5,4,-1,query_preference_rubric_v5,d51_query_preference_rubric_v1,ranking_target_margin,,False
натяжные потолки цена Краснодар,https://potolkito.ru/,https://potolok-kras.ru/,strong,True,1.0,75.7,73.2,74.5524,66.2097,8.3427,5,9,4,query_preference_rubric_v5,d51_query_preference_rubric_v1,ranking_target_margin,,False
натяжные потолки цена Краснодар,https://potolkito.ru/,https://potolok-ns.ru/,strong,True,1.0,75.7,63.9,74.5524,57.2117,17.3407,5,10,5,query_preference_rubric_v5,d51_query_preference_rubric_v1,ranking_target_margin,,False
натяжные потолки цена Краснодар,https://potolkito.ru/,https://potolok2000001.ru/,weak,True,0.5,75.7,70.2,74.5524,66.663,7.8894,5,7,2,query_preference_rubric_v5,d51_query_preference_rubric_v1,ranking_target_margin,,False
натяжные потолки цена Краснодар,https://potolok-kras.ru/,http://potolki-kuban.ru/,uncertain,False,0.0,73.2,62.9,66.2097,63.8304,2.3793,9,6,-3,query_preference_rubric_v5,d51_query_preference_rubric_v1,ranking_target_margin,,False
натяжные потолки цена Краснодар,https://potolok-kras.ru/,https://potolok-ns.ru/,strong,True,1.0,73.2,63.9,66.2097,57.2117,8.998,9,10,1,query_preference_rubric_v5,d51_query_preference_rubric_v1,ranking_target_margin,,False
натяжные потолки цена Краснодар,https://potolok2000001.ru/,http://potolki-kuban.ru/,uncertain,False,0.0,70.2,62.9,66.663,63.8304,2.8326,7,6,-1,query_preference_rubric_v5,d51_query_preference_rubric_v1,ranking_target_margin,,False
натяжные потолки цена Краснодар,https://potolok2000001.ru/,https://msdcorp.ru/,uncertain,False,0.0,70.2,69.4,66.663,64.6106,2.0524,7,8,1,query_preference_rubric_v5,d51_query_preference_rubric_v1,ranking_target_margin,,False
натяжные потолки цена Краснодар,https://potolok2000001.ru/,https://potolok-ns.ru/,strong,True,1.0,70.2,63.9,66.663,57.2117,9.4513,7,10,3,query_preference_rubric_v5,d51_query_preference_rubric_v1,ranking_target_margin,,False
натяжные потолки цена Краснодар,https://vipceiling.ru/krasnodar/price/,http://potolki-kuban.ru/,strong,True,1.0,70.4,62.9,74.373,63.8304,10.5426,3,6,3,query_preference_rubric_v5,d51_query_preference_rubric_v1,ranking_target_margin,,False
натяжные потолки цена Краснодар,https://vipceiling.ru/krasnodar/price/,https://msdcorp.ru/,strong,True,1.0,70.4,69.4,74.373,64.6106,9.7624,3,8,5,query_preference_rubric_v5,d51_query_preference_rubric_v1,ranking_target_margin,,False
натяжные потолки цена Краснодар,https://vipceiling.ru/krasnodar/price/,https://potolki-93.ru/ceny,uncertain,False,0.0,70.4,61.6,74.373,71.8254,2.5476,3,1,-2,query_preference_rubric_v5,d51_query_preference_rubric_v1,ranking_target_margin,,False
натяжные потолки цена Краснодар,https://vipceiling.ru/krasnodar/price/,https://potolki-ts.ru/krasnodar,weak,True,0.5,70.4,67.3,74.373,70.0939,4.2791,3,4,1,query_preference_rubric_v5,d51_query_preference_rubric_v1,ranking_target_margin,,False
натяжные потолки цена Краснодар,https://vipceiling.ru/krasnodar/price/,https://potolok-kras.ru/,strong,True,1.0,70.4,73.2,74.373,66.2097,8.1633,3,9,6,query_preference_rubric_v5,d51_query_preference_rubric_v1,ranking_target_margin,,False
натяжные потолки цена Краснодар,https://vipceiling.ru/krasnodar/price/,https://potolok-ns.ru/,strong,True,1.0,70.4,63.9,74.373,57.2117,17.1613,3,10,7,query_preference_rubric_v5,d51_query_preference_rubric_v1,ranking_target_margin,,False
натяжные потолки цена Краснодар,https://vipceiling.ru/krasnodar/price/,https://potolok2000001.ru/,weak,True,0.5,70.4,70.2,74.373,66.663,7.71,3,7,4,query_preference_rubric_v5,d51_query_preference_rubric_v1,ranking_target_margin,,False
натяжные потолки цена Москва,https://100potolkov.ru/tseny/,https://masterpotolkov.com/,strong,True,1.0,75.4,70.8,80.3604,66.6451,13.7153,2,8,6,query_preference_rubric_v5,d51_query_preference_rubric_v1,ranking_target_margin,,False
натяжные потолки цена Москва,https://100potolkov.ru/tseny/,https://natpotolok.ru/,weak,True,0.5,75.4,83.7,80.3604,74.9098,5.4506,2,9,7,query_preference_rubric_v5,d51_query_preference_rubric_v1,ranking_target_margin,,False
натяжные потолки цена Москва,https://100potolkov.ru/tseny/,https://potolki-nova.ru/,uncertain,False,0.0,75.4,74.9,80.3604,78.0626,2.2978,2,3,1,query_preference_rubric_v5,d51_query_preference_rubric_v1,ranking_target_margin,,False
натяжные потолки цена Москва,https://100potolkov.ru/tseny/,https://uslugi.yandex.ru/213-moscow/category?text=натяжные+потолки,strong,True,1.0,75.4,78.0,80.3604,67.3506,13.0098,2,10,8,query_preference_rubric_v5,d51_query_preference_rubric_v1,ranking_target_margin,,False
натяжные потолки цена Москва,https://100potolkov.ru/tseny/,https://vipceiling.ru/moscow/price/,strong,True,1.0,75.4,72.4,80.3604,71.3362,9.0242,2,6,4,query_preference_rubric_v5,d51_query_preference_rubric_v1,ranking_target_margin,,False
натяжные потолки цена Москва,https://100potolkov.ru/tseny/,https://www.potolkini.ru/ceny-na-natyazhnye-potolki/,strong,True,1.0,75.4,74.6,80.3604,71.0302,9.3302,2,7,5,query_preference_rubric_v5,d51_query_preference_rubric_v1,ranking_target_margin,,False
натяжные потолки цена Москва,https://100potolkov.ru/tseny/,https://моипотолки.рф/msk,strong,True,1.0,75.4,69.6,80.3604,71.9678,8.3926,2,4,2,query_preference_rubric_v5,d51_query_preference_rubric_v1,ranking_target_margin,,False
натяжные потолки цена Москва,https://natpotolok.ru/,https://masterpotolkov.com/,strong,True,1.0,83.7,70.8,74.9098,66.6451,8.2647,9,8,-1,query_preference_rubric_v5,d51_query_preference_rubric_v1,ranking_target_margin,,False
натяжные потолки цена Москва,https://natpotolok.ru/,https://uslugi.yandex.ru/213-moscow/category?text=натяжные+потолки,weak,True,0.5,83.7,78.0,74.9098,67.3506,7.5592,9,10,1,query_preference_rubric_v5,d51_query_preference_rubric_v1,ranking_target_margin,,False
натяжные потолки цена Москва,https://natpotolok.ru/,https://vipceiling.ru/moscow/price/,uncertain,False,0.0,83.7,72.4,74.9098,71.3362,3.5736,9,6,-3,query_preference_rubric_v5,d51_query_preference_rubric_v1,ranking_target_margin,,False
натяжные потолки цена Москва,https://natpotolok.ru/,https://www.potolkini.ru/ceny-na-natyazhnye-potolki/,uncertain,False,0.0,83.7,74.6,74.9098,71.0302,3.8796,9,7,-2,query_preference_rubric_v5,d51_query_preference_rubric_v1,ranking_target_margin,,False
натяжные потолки цена Москва,https://natpotolok.ru/,https://моипотолки.рф/msk,uncertain,False,0.0,83.7,69.6,74.9098,71.9678,2.942,9,4,-5,query_preference_rubric_v5,d51_query_preference_rubric_v1,ranking_target_margin,,False
натяжные потолки цена Москва,https://potolki-nova.ru/,https://masterpotolkov.com/,strong,True,1.0,74.9,70.8,78.0626,66.6451,11.4175,3,8,5,query_preference_rubric_v5,d51_query_preference_rubric_v1,ranking_target_margin,,False
натяжные потолки цена Москва,https://potolki-nova.ru/,https://natpotolok.ru/,uncertain,False,0.0,74.9,83.7,78.0626,74.9098,3.1528,3,9,6,query_preference_rubric_v5,d51_query_preference_rubric_v1,ranking_target_margin,,False
натяжные потолки цена Москва,https://potolki-nova.ru/,https://uslugi.yandex.ru/213-moscow/category?text=натяжные+потолки,strong,True,1.0,74.9,78.0,78.0626,67.3506,10.712,3,10,7,query_preference_rubric_v5,d51_query_preference_rubric_v1,ranking_target_margin,,False
натяжные потолки цена Москва,https://potolki-nova.ru/,https://vipceiling.ru/moscow/price/,weak,True,0.5,74.9,72.4,78.0626,71.3362,6.7264,3,6,3,query_preference_rubric_v5,d51_query_preference_rubric_v1,ranking_target_margin,,False
натяжные потолки цена Москва,https://potolki-nova.ru/,https://www.potolkini.ru/ceny-na-natyazhnye-potolki/,weak,True,0.5,74.9,74.6,78.0626,71.0302,7.0324,3,7,4,query_preference_rubric_v5,d51_query_preference_rubric_v1,ranking_target_margin,,False
натяжные потолки цена Москва,https://potolki-nova.ru/,https://моипотолки.рф/msk,weak,True,0.5,74.9,69.6,78.0626,71.9678,6.0948,3,4,1,query_preference_rubric_v5,d51_query_preference_rubric_v1,ranking_target_margin,,False
натяжные потолки цена Москва,https://potolok.net/ceny,https://masterpotolkov.com/,strong,True,1.0,80.7,70.8,79.4745,66.6451,12.8294,5,8,3,query_preference_rubric_v5,d51_query_preference_rubric_v1,ranking_target_margin,,False
натяжные потолки цена Москва,https://potolok.net/ceny,https://natpotolok.ru/,weak,True,0.5,80.7,83.7,79.4745,74.9098,4.5647,5,9,4,query_preference_rubric_v5,d51_query_preference_rubric_v1,ranking_target_margin,,False
натяжные потолки цена Москва,https://potolok.net/ceny,https://uslugi.yandex.ru/213-moscow/category?text=натяжные+потолки,strong,True,1.0,80.7,78.0,79.4745,67.3506,12.1239,5,10,5,query_preference_rubric_v5,d51_query_preference_rubric_v1,ranking_target_margin,,False
натяжные потолки цена Москва,https://potolok.net/ceny,https://vipceiling.ru/moscow/price/,strong,True,1.0,80.7,72.4,79.4745,71.3362,8.1383,5,6,1,query_preference_rubric_v5,d51_query_preference_rubric_v1,ranking_target_margin,,False
натяжные потолки цена Москва,https://potolok.net/ceny,https://www.potolkini.ru/ceny-na-natyazhnye-potolki/,strong,True,1.0,80.7,74.6,79.4745,71.0302,8.4443,5,7,2,query_preference_rubric_v5,d51_query_preference_rubric_v1,ranking_target_margin,,False
натяжные потолки цена Москва,https://potolok.net/ceny,https://моипотолки.рф/msk,weak,True,0.5,80.7,69.6,79.4745,71.9678,7.5067,5,4,-1,query_preference_rubric_v5,d51_query_preference_rubric_v1,ranking_target_margin,,False
натяжные потолки цена Москва,https://vipceiling.ru/moscow/price/,https://masterpotolkov.com/,weak,True,0.5,72.4,70.8,71.3362,66.6451,4.6911,6,8,2,query_preference_rubric_v5,d51_query_preference_rubric_v1,ranking_target_margin,,False
натяжные потолки цена Москва,https://vipceiling.ru/moscow/price/,https://uslugi.yandex.ru/213-moscow/category?text=натяжные+потолки,uncertain,False,0.0,72.4,78.0,71.3362,67.3506,3.9856,6,10,4,query_preference_rubric_v5,d51_query_preference_rubric_v1,ranking_target_margin,,False
натяжные потолки цена Москва,https://www.potolkini.ru/ceny-na-natyazhnye-potolki/,https://masterpotolkov.com/,weak,True,0.5,74.6,70.8,71.0302,66.6451,4.3851,7,8,1,query_preference_rubric_v5,d51_query_preference_rubric_v1,ranking_target_margin,,False
натяжные потолки цена Москва,https://www.potolkini.ru/ceny-na-natyazhnye-potolki/,https://uslugi.yandex.ru/213-moscow/category?text=натяжные+потолки,uncertain,False,0.0,74.6,78.0,71.0302,67.3506,3.6796,7,10,3,query_preference_rubric_v5,d51_query_preference_rubric_v1,ranking_target_margin,,False
натяжные потолки цена Москва,https://www.potolkoff.ru/price/,https://100potolkov.ru/tseny/,uncertain,False,0.0,78.4,75.4,84.3314,80.3604,3.971,1,2,1,query_preference_rubric_v5,d51_query_preference_rubric_v1,ranking_target_margin,,False
натяжные потолки цена Москва,https://www.potolkoff.ru/price/,https://masterpotolkov.com/,strong,True,1.0,78.4,70.8,84.3314,66.6451,17.6863,1,8,7,query_preference_rubric_v5,d51_query_preference_rubric_v1,ranking_target_margin,,False
натяжные потолки цена Москва,https://www.potolkoff.ru/price/,https://natpotolok.ru/,strong,True,1.0,78.4,83.7,84.3314,74.9098,9.4216,1,9,8,query_preference_rubric_v5,d51_query_preference_rubric_v1,ranking_target_margin,,False
натяжные потолки цена Москва,https://www.potolkoff.ru/price/,https://potolki-nova.ru/,weak,True,0.5,78.4,74.9,84.3314,78.0626,6.2688,1,3,2,query_preference_rubric_v5,d51_query_preference_rubric_v1,ranking_target_margin,,False
натяжные потолки цена Москва,https://www.potolkoff.ru/price/,https://potolok.net/ceny,weak,True,0.5,78.4,80.7,84.3314,79.4745,4.8569,1,5,4,query_preference_rubric_v5,d51_query_preference_rubric_v1,ranking_target_margin,,False
натяжные потолки цена Москва,https://www.potolkoff.ru/price/,https://uslugi.yandex.ru/213-moscow/category?text=натяжные+потолки,strong,True,1.0,78.4,78.0,84.3314,67.3506,16.9808,1,10,9,query_preference_rubric_v5,d51_query_preference_rubric_v1,ranking_target_margin,,False
натяжные потолки цена Москва,https://www.potolkoff.ru/price/,https://vipceiling.ru/moscow/price/,strong,True,1.0,78.4,72.4,84.3314,71.3362,12.9952,1,6,5,query_preference_rubric_v5,d51_query_preference_rubric_v1,ranking_target_margin,,False
натяжные потолки цена Москва,https://www.potolkoff.ru/price/,https://www.potolkini.ru/ceny-na-natyazhnye-potolki/,strong,True,1.0,78.4,74.6,84.3314,71.0302,13.3012,1,7,6,query_preference_rubric_v5,d51_query_preference_rubric_v1,ranking_target_margin,,False
натяжные потолки цена Москва,https://www.potolkoff.ru/price/,https://моипотолки.рф/msk,strong,True,1.0,78.4,69.6,84.3314,71.9678,12.3636,1,4,3,query_preference_rubric_v5,d51_query_preference_rubric_v1,ranking_target_margin,,False
натяжные потолки цена Москва,https://моипотолки.рф/msk,https://masterpotolkov.com/,weak,True,0.5,69.6,70.8,71.9678,66.6451,5.3227,4,8,4,query_preference_rubric_v5,d51_query_preference_rubric_v1,ranking_target_margin,,False
натяжные потолки цена Москва,https://моипотолки.рф/msk,https://uslugi.yandex.ru/213-moscow/category?text=натяжные+потолки,weak,True,0.5,69.6,78.0,71.9678,67.3506,4.6172,4,10,6,query_preference_rubric_v5,d51_query_preference_rubric_v1,ranking_target_margin,,False
натяжные потолки цена Нижний Новгород,https://atlantispotolki.ru/,https://novpotoloknn.ru/,strong,True,1.0,69.3,65.1,65.3166,57.2806,8.036,7,10,3,query_preference_rubric_v5,d51_query_preference_rubric_v1,ranking_target_margin,,False
натяжные потолки цена Нижний Новгород,https://atlantispotolki.ru/,https://potolki-nng.ru/,uncertain,False,0.0,69.3,58.6,65.3166,61.9174,3.3992,7,5,-2,query_preference_rubric_v5,d51_query_preference_rubric_v1,ranking_target_margin,,False
натяжные потолки цена Нижний Новгород,https://atlantispotolki.ru/,https://vipceiling.ru/nn/price/,uncertain,False,0.0,69.3,67.6,65.3166,61.9108,3.4058,7,9,2,query_preference_rubric_v5,d51_query_preference_rubric_v1,ranking_target_margin,,False
натяжные потолки цена Нижний Новгород,https://atlantispotolki.ru/,https://www.avito.ru/nizhniy_novgorod/predlozheniya_uslug/remont_i_otdelka/potolki-ASgBAgICAkSYC8CfAcQVzvr9Ag?q=натяжные+потолки,strong,True,1.0,69.3,24.2,65.3166,27.6862,37.6304,7,8,1,query_preference_rubric_v5,d51_query_preference_rubric_v1,ranking_target_margin,,False
натяжные потолки цена Нижний Новгород,https://bh-nn.ru/,https://atlantispotolki.ru/,weak,True,0.5,71.6,69.3,69.8132,65.3166,4.4966,6,7,1,query_preference_rubric_v5,d51_query_preference_rubric_v1,ranking_target_margin,,False
натяжные потолки цена Нижний Новгород,https://bh-nn.ru/,https://novpotoloknn.ru/,strong,True,1.0,71.6,65.1,69.8132,57.2806,12.5326,6,10,4,query_preference_rubric_v5,d51_query_preference_rubric_v1,ranking_target_margin,,False
натяжные потолки цена Нижний Новгород,https://bh-nn.ru/,https://potolki-nng.ru/,weak,True,0.5,71.6,58.6,69.8132,61.9174,7.8958,6,5,-1,query_preference_rubric_v5,d51_query_preference_rubric_v1,ranking_target_margin,,False
натяжные потолки цена Нижний Новгород,https://bh-nn.ru/,https://vipceiling.ru/nn/price/,weak,True,0.5,71.6,67.6,69.8132,61.9108,7.9024,6,9,3,query_preference_rubric_v5,d51_query_preference_rubric_v1,ranking_target_margin,,False
натяжные потолки цена Нижний Новгород,https://bh-nn.ru/,https://www.avito.ru/nizhniy_novgorod/predlozheniya_uslug/remont_i_otdelka/potolki-ASgBAgICAkSYC8CfAcQVzvr9Ag?q=натяжные+потолки,strong,True,1.0,71.6,24.2,69.8132,27.6862,42.127,6,8,2,query_preference_rubric_v5,d51_query_preference_rubric_v1,ranking_target_margin,,False
натяжные потолки цена Нижний Новгород,https://nn-decor.ru/,https://atlantispotolki.ru/,strong,True,1.0,75.0,69.3,80.2987,65.3166,14.9821,1,7,6,query_preference_rubric_v5,d51_query_preference_rubric_v1,ranking_target_margin,,False
натяжные потолки цена Нижний Новгород,https://nn-decor.ru/,https://bh-nn.ru/,strong,True,1.0,75.0,71.6,80.2987,69.8132,10.4855,1,6,5,query_preference_rubric_v5,d51_query_preference_rubric_v1,ranking_target_margin,,False
натяжные потолки цена Нижний Новгород,https://nn-decor.ru/,https://novpotoloknn.ru/,strong,True,1.0,75.0,65.1,80.2987,57.2806,23.0181,1,10,9,query_preference_rubric_v5,d51_query_preference_rubric_v1,ranking_target_margin,,False
натяжные потолки цена Нижний Новгород,https://nn-decor.ru/,https://potolki-d.ru/,strong,True,1.0,75.0,66.9,80.2987,70.5502,9.7485,1,4,3,query_preference_rubric_v5,d51_query_preference_rubric_v1,ranking_target_margin,,False
натяжные потолки цена Нижний Новгород,https://nn-decor.ru/,https://potolki-nng.ru/,strong,True,1.0,75.0,58.6,80.2987,61.9174,18.3813,1,5,4,query_preference_rubric_v5,d51_query_preference_rubric_v1,ranking_target_margin,,False
натяжные потолки цена Нижний Новгород,https://nn-decor.ru/,https://vipceiling.ru/nn/price/,strong,True,1.0,75.0,67.6,80.2987,61.9108,18.3879,1,9,8,query_preference_rubric_v5,d51_query_preference_rubric_v1,ranking_target_margin,,False
натяжные потолки цена Нижний Новгород,https://nn-decor.ru/,https://www.avito.ru/nizhniy_novgorod/predlozheniya_uslug/remont_i_otdelka/potolki-ASgBAgICAkSYC8CfAcQVzvr9Ag?q=натяжные+потолки,strong,True,1.0,75.0,24.2,80.2987,27.6862,52.6125,1,8,7,query_preference_rubric_v5,d51_query_preference_rubric_v1,ranking_target_margin,,False
натяжные потолки цена Нижний Новгород,https://nnpotolok.ru/,https://atlantispotolki.ru/,strong,True,1.0,77.4,69.3,78.6277,65.3166,13.3111,3,7,4,query_preference_rubric_v5,d51_query_preference_rubric_v1,ranking_target_margin,,False
натяжные потолки цена Нижний Новгород,https://nnpotolok.ru/,https://bh-nn.ru/,strong,True,1.0,77.4,71.6,78.6277,69.8132,8.8145,3,6,3,query_preference_rubric_v5,d51_query_preference_rubric_v1,ranking_target_margin,,False
натяжные потолки цена Нижний Новгород,https://nnpotolok.ru/,https://novpotoloknn.ru/,strong,True,1.0,77.4,65.1,78.6277,57.2806,21.3471,3,10,7,query_preference_rubric_v5,d51_query_preference_rubric_v1,ranking_target_margin,,False
натяжные потолки цена Нижний Новгород,https://nnpotolok.ru/,https://potolki-d.ru/,strong,True,1.0,77.4,66.9,78.6277,70.5502,8.0775,3,4,1,query_preference_rubric_v5,d51_query_preference_rubric_v1,ranking_target_margin,,False
натяжные потолки цена Нижний Новгород,https://nnpotolok.ru/,https://potolki-nng.ru/,strong,True,1.0,77.4,58.6,78.6277,61.9174,16.7103,3,5,2,query_preference_rubric_v5,d51_query_preference_rubric_v1,ranking_target_margin,,False
натяжные потолки цена Нижний Новгород,https://nnpotolok.ru/,https://vipceiling.ru/nn/price/,strong,True,1.0,77.4,67.6,78.6277,61.9108,16.7169,3,9,6,query_preference_rubric_v5,d51_query_preference_rubric_v1,ranking_target_margin,,False
натяжные потолки цена Нижний Новгород,https://nnpotolok.ru/,https://www.avito.ru/nizhniy_novgorod/predlozheniya_uslug/remont_i_otdelka/potolki-ASgBAgICAkSYC8CfAcQVzvr9Ag?q=натяжные+потолки,strong,True,1.0,77.4,24.2,78.6277,27.6862,50.9415,3,8,5,query_preference_rubric_v5,d51_query_preference_rubric_v1,ranking_target_margin,,False
натяжные потолки цена Нижний Новгород,https://novpotoloknn.ru/,https://www.avito.ru/nizhniy_novgorod/predlozheniya_uslug/remont_i_otdelka/potolki-ASgBAgICAkSYC8CfAcQVzvr9Ag?q=натяжные+потолки,strong,True,1.0,65.1,24.2,57.2806,27.6862,29.5944,10,8,-2,query_preference_rubric_v5,d51_query_preference_rubric_v1,ranking_target_margin,,False
натяжные потолки цена Нижний Новгород,https://potolki-d.ru/,https://atlantispotolki.ru/,weak,True,0.5,66.9,69.3,70.5502,65.3166,5.2336,4,7,3,query_preference_rubric_v5,d51_query_preference_rubric_v1,ranking_target_margin,,False
натяжные потолки цена Нижний Новгород,https://potolki-d.ru/,https://novpotoloknn.ru/,strong,True,1.0,66.9,65.1,70.5502,57.2806,13.2696,4,10,6,query_preference_rubric_v5,d51_query_preference_rubric_v1,ranking_target_margin,,False
натяжные потолки цена Нижний Новгород,https://potolki-d.ru/,https://potolki-nng.ru/,strong,True,1.0,66.9,58.6,70.5502,61.9174,8.6328,4,5,1,query_preference_rubric_v5,d51_query_preference_rubric_v1,ranking_target_margin,,False
натяжные потолки цена Нижний Новгород,https://potolki-d.ru/,https://vipceiling.ru/nn/price/,strong,True,1.0,66.9,67.6,70.5502,61.9108,8.6394,4,9,5,query_preference_rubric_v5,d51_query_preference_rubric_v1,ranking_target_margin,,False
натяжные потолки цена Нижний Новгород,https://potolki-d.ru/,https://www.avito.ru/nizhniy_novgorod/predlozheniya_uslug/remont_i_otdelka/potolki-ASgBAgICAkSYC8CfAcQVzvr9Ag?q=натяжные+потолки,strong,True,1.0,66.9,24.2,70.5502,27.6862,42.864,4,8,4,query_preference_rubric_v5,d51_query_preference_rubric_v1,ranking_target_margin,,False
натяжные потолки цена Нижний Новгород,https://potolki-nng.ru/,https://novpotoloknn.ru/,weak,True,0.5,58.6,65.1,61.9174,57.2806,4.6368,5,10,5,query_preference_rubric_v5,d51_query_preference_rubric_v1,ranking_target_margin,,False
натяжные потолки цена Нижний Новгород,https://potolki-nng.ru/,https://www.avito.ru/nizhniy_novgorod/predlozheniya_uslug/remont_i_otdelka/potolki-ASgBAgICAkSYC8CfAcQVzvr9Ag?q=натяжные+потолки,strong,True,1.0,58.6,24.2,61.9174,27.6862,34.2312,5,8,3,query_preference_rubric_v5,d51_query_preference_rubric_v1,ranking_target_margin,,False
натяжные потолки цена Нижний Новгород,https://vipceiling.ru/nn/price/,https://novpotoloknn.ru/,weak,True,0.5,67.6,65.1,61.9108,57.2806,4.6302,9,10,1,query_preference_rubric_v5,d51_query_preference_rubric_v1,ranking_target_margin,,False
натяжные потолки цена Нижний Новгород,https://vipceiling.ru/nn/price/,https://www.avito.ru/nizhniy_novgorod/predlozheniya_uslug/remont_i_otdelka/potolki-ASgBAgICAkSYC8CfAcQVzvr9Ag?q=натяжные+потолки,strong,True,1.0,67.6,24.2,61.9108,27.6862,34.2246,9,8,-1,query_preference_rubric_v5,d51_query_preference_rubric_v1,ranking_target_margin,,False
натяжные потолки цена Нижний Новгород,https://нижний.натяжные-потолки24.рф/,https://atlantispotolki.ru/,strong,True,1.0,74.2,69.3,78.5038,65.3166,13.1872,2,7,5,query_preference_rubric_v5,d51_query_preference_rubric_v1,ranking_target_margin,,False
натяжные потолки цена Нижний Новгород,https://нижний.натяжные-потолки24.рф/,https://bh-nn.ru/,strong,True,1.0,74.2,71.6,78.5038,69.8132,8.6906,2,6,4,query_preference_rubric_v5,d51_query_preference_rubric_v1,ranking_target_margin,,False
натяжные потолки цена Нижний Новгород,https://нижний.натяжные-потолки24.рф/,https://novpotoloknn.ru/,strong,True,1.0,74.2,65.1,78.5038,57.2806,21.2232,2,10,8,query_preference_rubric_v5,d51_query_preference_rubric_v1,ranking_target_margin,,False
натяжные потолки цена Нижний Новгород,https://нижний.натяжные-потолки24.рф/,https://potolki-d.ru/,weak,True,0.5,74.2,66.9,78.5038,70.5502,7.9536,2,4,2,query_preference_rubric_v5,d51_query_preference_rubric_v1,ranking_target_margin,,False
натяжные потолки цена Нижний Новгород,https://нижний.натяжные-потолки24.рф/,https://potolki-nng.ru/,strong,True,1.0,74.2,58.6,78.5038,61.9174,16.5864,2,5,3,query_preference_rubric_v5,d51_query_preference_rubric_v1,ranking_target_margin,,False
натяжные потолки цена Нижний Новгород,https://нижний.натяжные-потолки24.рф/,https://vipceiling.ru/nn/price/,strong,True,1.0,74.2,67.6,78.5038,61.9108,16.593,2,9,7,query_preference_rubric_v5,d51_query_preference_rubric_v1,ranking_target_margin,,False
натяжные потолки цена Нижний Новгород,https://нижний.натяжные-потолки24.рф/,https://www.avito.ru/nizhniy_novgorod/predlozheniya_uslug/remont_i_otdelka/potolki-ASgBAgICAkSYC8CfAcQVzvr9Ag?q=натяжные+потолки,strong,True,1.0,74.2,24.2,78.5038,27.6862,50.8176,2,8,6,query_preference_rubric_v5,d51_query_preference_rubric_v1,ranking_target_margin,,False
натяжные потолки цена Новосибирск,https://alansa.ru/,https://averno.ru/,strong,True,1.0,82.9,70.3,81.8697,66.346,15.5237,4,7,3,query_preference_rubric_v5,d51_query_preference_rubric_v1,ranking_target_margin,,False
натяжные потолки цена Новосибирск,https://alansa.ru/,https://mirpotolkov-54.ru/,uncertain,False,0.0,82.9,76.9,81.8697,79.1698,2.6999,4,3,-1,query_preference_rubric_v5,d51_query_preference_rubric_v1,ranking_target_margin,,False
натяжные потолки цена Новосибирск,https://alansa.ru/,https://novosibirsk-potolki.ru/,strong,True,1.0,82.9,74.7,81.8697,67.4265,14.4432,4,9,5,query_preference_rubric_v5,d51_query_preference_rubric_v1,ranking_target_margin,,False
натяжные потолки цена Новосибирск,https://alansa.ru/,https://nsk-dekor.ru/,strong,True,1.0,82.9,65.2,81.8697,59.026,22.8437,4,10,6,query_preference_rubric_v5,d51_query_preference_rubric_v1,ranking_target_margin,,False
натяжные потолки цена Новосибирск,https://alansa.ru/,https://potolki-novosib.ru/ceny,strong,True,1.0,82.9,61.7,81.8697,65.454,16.4157,4,5,1,query_preference_rubric_v5,d51_query_preference_rubric_v1,ranking_target_margin,,False
натяжные потолки цена Новосибирск,https://alansa.ru/,https://potolkisib.ru/,strong,True,1.0,82.9,65.5,81.8697,62.6073,19.2624,4,8,4,query_preference_rubric_v5,d51_query_preference_rubric_v1,ranking_target_margin,,False
натяжные потолки цена Новосибирск,https://averno.ru/,https://nsk-dekor.ru/,weak,True,0.5,70.3,65.2,66.346,59.026,7.32,7,10,3,query_preference_rubric_v5,d51_query_preference_rubric_v1,ranking_target_margin,,False
натяжные потолки цена Новосибирск,https://averno.ru/,https://potolkisib.ru/,uncertain,False,0.0,70.3,65.5,66.346,62.6073,3.7387,7,8,1,query_preference_rubric_v5,d51_query_preference_rubric_v1,ranking_target_margin,,False
натяжные потолки цена Новосибирск,https://mirpotolkov-54.ru/,https://averno.ru/,strong,True,1.0,76.9,70.3,79.1698,66.346,12.8238,3,7,4,query_preference_rubric_v5,d51_query_preference_rubric_v1,ranking_target_margin,,False
натяжные потолки цена Новосибирск,https://mirpotolkov-54.ru/,https://novosibirsk-potolki.ru/,strong,True,1.0,76.9,74.7,79.1698,67.4265,11.7433,3,9,6,query_preference_rubric_v5,d51_query_preference_rubric_v1,ranking_target_margin,,False
натяжные потолки цена Новосибирск,https://mirpotolkov-54.ru/,https://nsk-dekor.ru/,strong,True,1.0,76.9,65.2,79.1698,59.026,20.1438,3,10,7,query_preference_rubric_v5,d51_query_preference_rubric_v1,ranking_target_margin,,False
натяжные потолки цена Новосибирск,https://mirpotolkov-54.ru/,https://potolki-novosib.ru/ceny,strong,True,1.0,76.9,61.7,79.1698,65.454,13.7158,3,5,2,query_preference_rubric_v5,d51_query_preference_rubric_v1,ranking_target_margin,,False
натяжные потолки цена Новосибирск,https://mirpotolkov-54.ru/,https://potolkisib.ru/,strong,True,1.0,76.9,65.5,79.1698,62.6073,16.5625,3,8,5,query_preference_rubric_v5,d51_query_preference_rubric_v1,ranking_target_margin,,False
натяжные потолки цена Новосибирск,https://novosibirsk-potolki.ru/,https://nsk-dekor.ru/,strong,True,1.0,74.7,65.2,67.4265,59.026,8.4005,9,10,1,query_preference_rubric_v5,d51_query_preference_rubric_v1,ranking_target_margin,,False
натяжные потолки цена Новосибирск,https://novosibirsk-potolki.ru/,https://potolkisib.ru/,weak,True,0.5,74.7,65.5,67.4265,62.6073,4.8192,9,8,-1,query_preference_rubric_v5,d51_query_preference_rubric_v1,ranking_target_margin,,False
натяжные потолки цена Новосибирск,https://potolki-novosib.ru/ceny,https://nsk-dekor.ru/,weak,True,0.5,61.7,65.2,65.454,59.026,6.428,5,10,5,query_preference_rubric_v5,d51_query_preference_rubric_v1,ranking_target_margin,,False
натяжные потолки цена Новосибирск,https://potolki-novosib.ru/ceny,https://potolkisib.ru/,uncertain,False,0.0,61.7,65.5,65.454,62.6073,2.8467,5,8,3,query_preference_rubric_v5,d51_query_preference_rubric_v1,ranking_target_margin,,False
натяжные потолки цена Новосибирск,https://potolkisib.ru/,https://nsk-dekor.ru/,uncertain,False,0.0,65.5,65.2,62.6073,59.026,3.5813,8,10,2,query_preference_rubric_v5,d51_query_preference_rubric_v1,ranking_target_margin,,False
натяжные потолки цена Новосибирск,https://sibirpotolki.ru/,https://averno.ru/,strong,True,1.0,75.6,70.3,82.1477,66.346,15.8017,1,7,6,query_preference_rubric_v5,d51_query_preference_rubric_v1,ranking_target_margin,,False
натяжные потолки цена Новосибирск,https://sibirpotolki.ru/,https://mirpotolkov-54.ru/,uncertain,False,0.0,75.6,76.9,82.1477,79.1698,2.9779,1,3,2,query_preference_rubric_v5,d51_query_preference_rubric_v1,ranking_target_margin,,False
натяжные потолки цена Новосибирск,https://sibirpotolki.ru/,https://novosibirsk-potolki.ru/,strong,True,1.0,75.6,74.7,82.1477,67.4265,14.7212,1,9,8,query_preference_rubric_v5,d51_query_preference_rubric_v1,ranking_target_margin,,False
натяжные потолки цена Новосибирск,https://sibirpotolki.ru/,https://nsk-dekor.ru/,strong,True,1.0,75.6,65.2,82.1477,59.026,23.1217,1,10,9,query_preference_rubric_v5,d51_query_preference_rubric_v1,ranking_target_margin,,False
натяжные потолки цена Новосибирск,https://sibirpotolki.ru/,https://potolki-novosib.ru/ceny,strong,True,1.0,75.6,61.7,82.1477,65.454,16.6937,1,5,4,query_preference_rubric_v5,d51_query_preference_rubric_v1,ranking_target_margin,,False
натяжные потолки цена Новосибирск,https://sibirpotolki.ru/,https://potolkisib.ru/,strong,True,1.0,75.6,65.5,82.1477,62.6073,19.5404,1,8,7,query_preference_rubric_v5,d51_query_preference_rubric_v1,ranking_target_margin,,False
натяжные потолки цена Новосибирск,https://новосибирск.натяжные-потолки24.рф/,https://averno.ru/,strong,True,1.0,76.7,70.3,80.7354,66.346,14.3894,2,7,5,query_preference_rubric_v5,d51_query_preference_rubric_v1,ranking_target_margin,,False
натяжные потолки цена Новосибирск,https://новосибирск.натяжные-потолки24.рф/,https://novosibirsk-potolki.ru/,strong,True,1.0,76.7,74.7,80.7354,67.4265,13.3089,2,9,7,query_preference_rubric_v5,d51_query_preference_rubric_v1,ranking_target_margin,,False
натяжные потолки цена Новосибирск,https://новосибирск.натяжные-потолки24.рф/,https://nsk-dekor.ru/,strong,True,1.0,76.7,65.2,80.7354,59.026,21.7094,2,10,8,query_preference_rubric_v5,d51_query_preference_rubric_v1,ranking_target_margin,,False
натяжные потолки цена Новосибирск,https://новосибирск.натяжные-потолки24.рф/,https://potolki-novosib.ru/ceny,strong,True,1.0,76.7,61.7,80.7354,65.454,15.2814,2,5,3,query_preference_rubric_v5,d51_query_preference_rubric_v1,ranking_target_margin,,False
натяжные потолки цена Новосибирск,https://новосибирск.натяжные-потолки24.рф/,https://potolkisib.ru/,strong,True,1.0,76.7,65.5,80.7354,62.6073,18.1281,2,8,6,query_preference_rubric_v5,d51_query_preference_rubric_v1,ranking_target_margin,,False
натяжные потолки цена Самара,https://potolki-63.ru/,https://potolki-s.ru/ceny,uncertain,False,0.0,77.8,65.6,76.3459,72.3786,3.9673,5,3,-2,query_preference_rubric_v5,d51_query_preference_rubric_v1,ranking_target_margin,,False
натяжные потолки цена Самара,https://potolki-63.ru/,https://potolki-sam.ru/ceny.html,strong,True,1.0,77.8,62.2,76.3459,57.2617,19.0842,5,10,5,query_preference_rubric_v5,d51_query_preference_rubric_v1,ranking_target_margin,,False
натяжные потолки цена Самара,https://potolki-63.ru/,https://potolki-samara.info/,strong,True,1.0,77.8,72.7,76.3459,67.7851,8.5608,5,8,3,query_preference_rubric_v5,d51_query_preference_rubric_v1,ranking_target_margin,,False
натяжные потолки цена Самара,https://potolki-63.ru/,https://potolkiorion-samara.ru/,strong,True,1.0,77.8,67.8,76.3459,61.6377,14.7082,5,9,4,query_preference_rubric_v5,d51_query_preference_rubric_v1,ranking_target_margin,,False
натяжные потолки цена Самара,https://potolki-63.ru/,https://potolkius.ru/,weak,True,0.5,77.8,74.1,76.3459,71.0043,5.3416,5,7,2,query_preference_rubric_v5,d51_query_preference_rubric_v1,ranking_target_margin,,False
натяжные потолки цена Самара,https://potolki-63.ru/,https://www.potolkoffsam.ru/,weak,True,0.5,77.8,72.0,76.3459,69.5618,6.7841,5,6,1,query_preference_rubric_v5,d51_query_preference_rubric_v1,ranking_target_margin,,False
натяжные потолки цена Самара,https://potolki-s.ru/ceny,https://potolki-sam.ru/ceny.html,strong,True,1.0,65.6,62.2,72.3786,57.2617,15.1169,3,10,7,query_preference_rubric_v5,d51_query_preference_rubric_v1,ranking_target_margin,,False
натяжные потолки цена Самара,https://potolki-s.ru/ceny,https://potolki-samara.info/,weak,True,0.5,65.6,72.7,72.3786,67.7851,4.5935,3,8,5,query_preference_rubric_v5,d51_query_preference_rubric_v1,ranking_target_margin,,False
натяжные потолки цена Самара,https://potolki-s.ru/ceny,https://potolkiorion-samara.ru/,strong,True,1.0,65.6,67.8,72.3786,61.6377,10.7409,3,9,6,query_preference_rubric_v5,d51_query_preference_rubric_v1,ranking_target_margin,,False
натяжные потолки цена Самара,https://potolki-s.ru/ceny,https://www.potolkoffsam.ru/,uncertain,False,0.0,65.6,72.0,72.3786,69.5618,2.8168,3,6,3,query_preference_rubric_v5,d51_query_preference_rubric_v1,ranking_target_margin,,False
натяжные потолки цена Самара,https://potolki-samara.info/,https://potolki-sam.ru/ceny.html,strong,True,1.0,72.7,62.2,67.7851,57.2617,10.5234,8,10,2,query_preference_rubric_v5,d51_query_preference_rubric_v1,ranking_target_margin,,False
натяжные потолки цена Самара,https://potolki-samara.info/,https://potolkiorion-samara.ru/,weak,True,0.5,72.7,67.8,67.7851,61.6377,6.1474,8,9,1,query_preference_rubric_v5,d51_query_preference_rubric_v1,ranking_target_margin,,False
натяжные потолки цена Самара,https://potolkikiger.ru/samara,https://potolki-63.ru/,uncertain,False,0.0,73.2,77.8,79.0313,76.3459,2.6854,2,5,3,query_preference_rubric_v5,d51_query_preference_rubric_v1,ranking_target_margin,,False
натяжные потолки цена Самара,https://potolkikiger.ru/samara,https://potolki-s.ru/ceny,weak,True,0.5,73.2,65.6,79.0313,72.3786,6.6527,2,3,1,query_preference_rubric_v5,d51_query_preference_rubric_v1,ranking_target_margin,,False
натяжные потолки цена Самара,https://potolkikiger.ru/samara,https://potolki-sam.ru/ceny.html,strong,True,1.0,73.2,62.2,79.0313,57.2617,21.7696,2,10,8,query_preference_rubric_v5,d51_query_preference_rubric_v1,ranking_target_margin,,False
натяжные потолки цена Самара,https://potolkikiger.ru/samara,https://potolki-samara.info/,strong,True,1.0,73.2,72.7,79.0313,67.7851,11.2462,2,8,6,query_preference_rubric_v5,d51_query_preference_rubric_v1,ranking_target_margin,,False
натяжные потолки цена Самара,https://potolkikiger.ru/samara,https://potolkiorion-samara.ru/,strong,True,1.0,73.2,67.8,79.0313,61.6377,17.3936,2,9,7,query_preference_rubric_v5,d51_query_preference_rubric_v1,ranking_target_margin,,False
натяжные потолки цена Самара,https://potolkikiger.ru/samara,https://potolkius.ru/,strong,True,1.0,73.2,74.1,79.0313,71.0043,8.027,2,7,5,query_preference_rubric_v5,d51_query_preference_rubric_v1,ranking_target_margin,,False
натяжные потолки цена Самара,https://potolkikiger.ru/samara,https://smartpotolki.ru/,uncertain,False,0.0,73.2,74.0,79.0313,75.1586,3.8727,2,4,2,query_preference_rubric_v5,d51_query_preference_rubric_v1,ranking_target_margin,,False
натяжные потолки цена Самара,https://potolkikiger.ru/samara,https://www.potolkoffsam.ru/,strong,True,1.0,73.2,72.0,79.0313,69.5618,9.4695,2,6,4,query_preference_rubric_v5,d51_query_preference_rubric_v1,ranking_target_margin,,False
натяжные потолки цена Самара,https://potolkiorion-samara.ru/,https://potolki-sam.ru/ceny.html,weak,True,0.5,67.8,62.2,61.6377,57.2617,4.376,9,10,1,query_preference_rubric_v5,d51_query_preference_rubric_v1,ranking_target_margin,,False
натяжные потолки цена Самара,https://potolkius.ru/,https://potolki-sam.ru/ceny.html,strong,True,1.0,74.1,62.2,71.0043,57.2617,13.7426,7,10,3,query_preference_rubric_v5,d51_query_preference_rubric_v1,ranking_target_margin,,False
натяжные потолки цена Самара,https://potolkius.ru/,https://potolki-samara.info/,uncertain,False,0.0,74.1,72.7,71.0043,67.7851,3.2192,7,8,1,query_preference_rubric_v5,d51_query_preference_rubric_v1,ranking_target_margin,,False
натяжные потолки цена Самара,https://potolkius.ru/,https://potolkiorion-samara.ru/,strong,True,1.0,74.1,67.8,71.0043,61.6377,9.3666,7,9,2,query_preference_rubric_v5,d51_query_preference_rubric_v1,ranking_target_margin,,False
натяжные потолки цена Самара,https://smartpotolki.ru/,https://potolki-s.ru/ceny,uncertain,False,0.0,74.0,65.6,75.1586,72.3786,2.78,4,3,-1,query_preference_rubric_v5,d51_query_preference_rubric_v1,ranking_target_margin,,False
натяжные потолки цена Самара,https://smartpotolki.ru/,https://potolki-sam.ru/ceny.html,strong,True,1.0,74.0,62.2,75.1586,57.2617,17.8969,4,10,6,query_preference_rubric_v5,d51_query_preference_rubric_v1,ranking_target_margin,,False
натяжные потолки цена Самара,https://smartpotolki.ru/,https://potolki-samara.info/,weak,True,0.5,74.0,72.7,75.1586,67.7851,7.3735,4,8,4,query_preference_rubric_v5,d51_query_preference_rubric_v1,ranking_target_margin,,False
натяжные потолки цена Самара,https://smartpotolki.ru/,https://potolkiorion-samara.ru/,strong,True,1.0,74.0,67.8,75.1586,61.6377,13.5209,4,9,5,query_preference_rubric_v5,d51_query_preference_rubric_v1,ranking_target_margin,,False
натяжные потолки цена Самара,https://smartpotolki.ru/,https://potolkius.ru/,weak,True,0.5,74.0,74.1,75.1586,71.0043,4.1543,4,7,3,query_preference_rubric_v5,d51_query_preference_rubric_v1,ranking_target_margin,,False
натяжные потолки цена Самара,https://smartpotolki.ru/,https://www.potolkoffsam.ru/,weak,True,0.5,74.0,72.0,75.1586,69.5618,5.5968,4,6,2,query_preference_rubric_v5,d51_query_preference_rubric_v1,ranking_target_margin,,False
натяжные потолки цена Самара,https://www.potolkoffsam.ru/,https://potolki-sam.ru/ceny.html,strong,True,1.0,72.0,62.2,69.5618,57.2617,12.3001,6,10,4,query_preference_rubric_v5,d51_query_preference_rubric_v1,ranking_target_margin,,False
натяжные потолки цена Самара,https://www.potolkoffsam.ru/,https://potolkiorion-samara.ru/,weak,True,0.5,72.0,67.8,69.5618,61.6377,7.9241,6,9,3,query_preference_rubric_v5,d51_query_preference_rubric_v1,ranking_target_margin,,False
натяжные потолки цена Самара,https://самара.натяжные-потолки24.рф/,https://potolki-63.ru/,weak,True,0.5,78.6,77.8,84.0667,76.3459,7.7208,1,5,4,query_preference_rubric_v5,d51_query_preference_rubric_v1,ranking_target_margin,,False
натяжные потолки цена Самара,https://самара.натяжные-потолки24.рф/,https://potolki-s.ru/ceny,strong,True,1.0,78.6,65.6,84.0667,72.3786,11.6881,1,3,2,query_preference_rubric_v5,d51_query_preference_rubric_v1,ranking_target_margin,,False
натяжные потолки цена Самара,https://самара.натяжные-потолки24.рф/,https://potolki-sam.ru/ceny.html,strong,True,1.0,78.6,62.2,84.0667,57.2617,26.805,1,10,9,query_preference_rubric_v5,d51_query_preference_rubric_v1,ranking_target_margin,,False
натяжные потолки цена Самара,https://самара.натяжные-потолки24.рф/,https://potolki-samara.info/,strong,True,1.0,78.6,72.7,84.0667,67.7851,16.2816,1,8,7,query_preference_rubric_v5,d51_query_preference_rubric_v1,ranking_target_margin,,False
натяжные потолки цена Самара,https://самара.натяжные-потолки24.рф/,https://potolkikiger.ru/samara,weak,True,0.5,78.6,73.2,84.0667,79.0313,5.0354,1,2,1,query_preference_rubric_v5,d51_query_preference_rubric_v1,ranking_target_margin,,False
натяжные потолки цена Самара,https://самара.натяжные-потолки24.рф/,https://potolkiorion-samara.ru/,strong,True,1.0,78.6,67.8,84.0667,61.6377,22.429,1,9,8,query_preference_rubric_v5,d51_query_preference_rubric_v1,ranking_target_margin,,False
натяжные потолки цена Самара,https://самара.натяжные-потолки24.рф/,https://potolkius.ru/,strong,True,1.0,78.6,74.1,84.0667,71.0043,13.0624,1,7,6,query_preference_rubric_v5,d51_query_preference_rubric_v1,ranking_target_margin,,False
натяжные потолки цена Самара,https://самара.натяжные-потолки24.рф/,https://smartpotolki.ru/,strong,True,1.0,78.6,74.0,84.0667,75.1586,8.9081,1,4,3,query_preference_rubric_v5,d51_query_preference_rubric_v1,ranking_target_margin,,False
натяжные потолки цена Самара,https://самара.натяжные-потолки24.рф/,https://www.potolkoffsam.ru/,strong,True,1.0,78.6,72.0,84.0667,69.5618,14.5049,1,6,5,query_preference_rubric_v5,d51_query_preference_rubric_v1,ranking_target_margin,,False
натяжные потолки цена Санкт-Петербург,https://evita-potolki.ru/,https://master-plus.spb.ru/natyazhnye-potolki/,strong,True,1.0,78.7,66.1,83.2554,73.5561,9.6993,1,2,1,query_preference_rubric_v5,d51_query_preference_rubric_v1,ranking_target_margin,,False
натяжные потолки цена Санкт-Петербург,https://evita-potolki.ru/,https://okna-leningrad.ru/potolki/,strong,True,1.0,78.7,67.5,83.2554,71.1153,12.1401,1,4,3,query_preference_rubric_v5,d51_query_preference_rubric_v1,ranking_target_margin,,False
натяжные потолки цена Санкт-Петербург,https://evita-potolki.ru/,https://potolki-sankt-peterburg.ru/,strong,True,1.0,78.7,68.6,83.2554,63.2936,19.9618,1,8,7,query_preference_rubric_v5,d51_query_preference_rubric_v1,ranking_target_margin,,False
натяжные потолки цена Санкт-Петербург,https://evita-potolki.ru/,https://potolki-spb.ru/,strong,True,1.0,78.7,71.1,83.2554,62.1954,21.06,1,10,9,query_preference_rubric_v5,d51_query_preference_rubric_v1,ranking_target_margin,,False
натяжные потолки цена Санкт-Петербург,https://evita-potolki.ru/,https://potolok-peter.ru/,strong,True,1.0,78.7,73.2,83.2554,75.0516,8.2038,1,3,2,query_preference_rubric_v5,d51_query_preference_rubric_v1,ranking_target_margin,,False
натяжные потолки цена Санкт-Петербург,https://evita-potolki.ru/,https://spbpotolok.com/,strong,True,1.0,78.7,70.4,83.2554,64.6573,18.5981,1,9,8,query_preference_rubric_v5,d51_query_preference_rubric_v1,ranking_target_margin,,False
натяжные потолки цена Санкт-Петербург,https://evita-potolki.ru/,https://tuspb.ru/,strong,True,1.0,78.7,71.5,83.2554,69.3847,13.8707,1,7,6,query_preference_rubric_v5,d51_query_preference_rubric_v1,ranking_target_margin,,False
натяжные потолки цена Санкт-Петербург,https://evita-potolki.ru/,https://моипотолки.рф/spb,strong,True,1.0,78.7,66.8,83.2554,66.3094,16.946,1,6,5,query_preference_rubric_v5,d51_query_preference_rubric_v1,ranking_target_margin,,False
натяжные потолки цена Санкт-Петербург,https://master-plus.spb.ru/natyazhnye-potolki/,https://okna-leningrad.ru/potolki/,uncertain,False,0.0,66.1,67.5,73.5561,71.1153,2.4408,2,4,2,query_preference_rubric_v5,d51_query_preference_rubric_v1,ranking_target_margin,,False
натяжные потолки цена Санкт-Петербург,https://master-plus.spb.ru/natyazhnye-potolki/,https://potolki-sankt-peterburg.ru/,strong,True,1.0,66.1,68.6,73.5561,63.2936,10.2625,2,8,6,query_preference_rubric_v5,d51_query_preference_rubric_v1,ranking_target_margin,,False
натяжные потолки цена Санкт-Петербург,https://master-plus.spb.ru/natyazhnye-potolki/,https://potolki-spb.ru/,strong,True,1.0,66.1,71.1,73.5561,62.1954,11.3607,2,10,8,query_preference_rubric_v5,d51_query_preference_rubric_v1,ranking_target_margin,,False
натяжные потолки цена Санкт-Петербург,https://master-plus.spb.ru/natyazhnye-potolki/,https://spbpotolok.com/,strong,True,1.0,66.1,70.4,73.5561,64.6573,8.8988,2,9,7,query_preference_rubric_v5,d51_query_preference_rubric_v1,ranking_target_margin,,False
натяжные потолки цена Санкт-Петербург,https://master-plus.spb.ru/natyazhnye-potolki/,https://tuspb.ru/,weak,True,0.5,66.1,71.5,73.5561,69.3847,4.1714,2,7,5,query_preference_rubric_v5,d51_query_preference_rubric_v1,ranking_target_margin,,False
натяжные потолки цена Санкт-Петербург,https://master-plus.spb.ru/natyazhnye-potolki/,https://моипотолки.рф/spb,weak,True,0.5,66.1,66.8,73.5561,66.3094,7.2467,2,6,4,query_preference_rubric_v5,d51_query_preference_rubric_v1,ranking_target_margin,,False
натяжные потолки цена Санкт-Петербург,https://okna-leningrad.ru/potolki/,https://potolki-sankt-peterburg.ru/,weak,True,0.5,67.5,68.6,71.1153,63.2936,7.8217,4,8,4,query_preference_rubric_v5,d51_query_preference_rubric_v1,ranking_target_margin,,False
натяжные потолки цена Санкт-Петербург,https://okna-leningrad.ru/potolki/,https://potolki-spb.ru/,strong,True,1.0,67.5,71.1,71.1153,62.1954,8.9199,4,10,6,query_preference_rubric_v5,d51_query_preference_rubric_v1,ranking_target_margin,,False
натяжные потолки цена Санкт-Петербург,https://okna-leningrad.ru/potolki/,https://spbpotolok.com/,weak,True,0.5,67.5,70.4,71.1153,64.6573,6.458,4,9,5,query_preference_rubric_v5,d51_query_preference_rubric_v1,ranking_target_margin,,False
натяжные потолки цена Санкт-Петербург,https://okna-leningrad.ru/potolki/,https://моипотолки.рф/spb,weak,True,0.5,67.5,66.8,71.1153,66.3094,4.8059,4,6,2,query_preference_rubric_v5,d51_query_preference_rubric_v1,ranking_target_margin,,False
натяжные потолки цена Санкт-Петербург,https://potolok-peter.ru/,https://okna-leningrad.ru/potolki/,uncertain,False,0.0,73.2,67.5,75.0516,71.1153,3.9363,3,4,1,query_preference_rubric_v5,d51_query_preference_rubric_v1,ranking_target_margin,,False
натяжные потолки цена Санкт-Петербург,https://potolok-peter.ru/,https://potolki-sankt-peterburg.ru/,strong,True,1.0,73.2,68.6,75.0516,63.2936,11.758,3,8,5,query_preference_rubric_v5,d51_query_preference_rubric_v1,ranking_target_margin,,False
натяжные потолки цена Санкт-Петербург,https://potolok-peter.ru/,https://potolki-spb.ru/,strong,True,1.0,73.2,71.1,75.0516,62.1954,12.8562,3,10,7,query_preference_rubric_v5,d51_query_preference_rubric_v1,ranking_target_margin,,False
натяжные потолки цена Санкт-Петербург,https://potolok-peter.ru/,https://spbpotolok.com/,strong,True,1.0,73.2,70.4,75.0516,64.6573,10.3943,3,9,6,query_preference_rubric_v5,d51_query_preference_rubric_v1,ranking_target_margin,,False
натяжные потолки цена Санкт-Петербург,https://potolok-peter.ru/,https://tuspb.ru/,weak,True,0.5,73.2,71.5,75.0516,69.3847,5.6669,3,7,4,query_preference_rubric_v5,d51_query_preference_rubric_v1,ranking_target_margin,,False
натяжные потолки цена Санкт-Петербург,https://potolok-peter.ru/,https://моипотолки.рф/spb,strong,True,1.0,73.2,66.8,75.0516,66.3094,8.7422,3,6,3,query_preference_rubric_v5,d51_query_preference_rubric_v1,ranking_target_margin,,False
натяжные потолки цена Санкт-Петербург,https://spbpotolok.com/,https://potolki-spb.ru/,uncertain,False,0.0,70.4,71.1,64.6573,62.1954,2.4619,9,10,1,query_preference_rubric_v5,d51_query_preference_rubric_v1,ranking_target_margin,,False
натяжные потолки цена Санкт-Петербург,https://tuspb.ru/,https://potolki-sankt-peterburg.ru/,weak,True,0.5,71.5,68.6,69.3847,63.2936,6.0911,7,8,1,query_preference_rubric_v5,d51_query_preference_rubric_v1,ranking_target_margin,,False
натяжные потолки цена Санкт-Петербург,https://tuspb.ru/,https://potolki-spb.ru/,weak,True,0.5,71.5,71.1,69.3847,62.1954,7.1893,7,10,3,query_preference_rubric_v5,d51_query_preference_rubric_v1,ranking_target_margin,,False
натяжные потолки цена Санкт-Петербург,https://tuspb.ru/,https://spbpotolok.com/,weak,True,0.5,71.5,70.4,69.3847,64.6573,4.7274,7,9,2,query_preference_rubric_v5,d51_query_preference_rubric_v1,ranking_target_margin,,False
натяжные потолки цена Санкт-Петербург,https://tuspb.ru/,https://моипотолки.рф/spb,uncertain,False,0.0,71.5,66.8,69.3847,66.3094,3.0753,7,6,-1,query_preference_rubric_v5,d51_query_preference_rubric_v1,ranking_target_margin,,False
натяжные потолки цена Санкт-Петербург,https://моипотолки.рф/spb,https://potolki-sankt-peterburg.ru/,uncertain,False,0.0,66.8,68.6,66.3094,63.2936,3.0158,6,8,2,query_preference_rubric_v5,d51_query_preference_rubric_v1,ranking_target_margin,,False
натяжные потолки цена Санкт-Петербург,https://моипотолки.рф/spb,https://potolki-spb.ru/,weak,True,0.5,66.8,71.1,66.3094,62.1954,4.114,6,10,4,query_preference_rubric_v5,d51_query_preference_rubric_v1,ranking_target_margin,,False
пластиковые окна Екатеринбург,https://ekb.okna-olkon.ru/,https://plastikovye-okna-ekb.ru/,strong,True,1.0,76.4,78.3,83.1081,69.8388,13.2693,1,9,8,query_preference_rubric_v5,d51_query_preference_rubric_v1,ranking_target_margin,,False
пластиковые окна Казань,https://kazan-ihlas.ru/,https://kazan.zavodplast-eco.ru/,strong,True,1.0,84.1,76.8,83.477,72.1668,11.3102,4,7,3,query_preference_rubric_v5,d51_query_preference_rubric_v1,ranking_target_margin,,False
пластиковые окна Казань,https://kazan-ihlas.ru/,https://kazanskiye-okna.ru/,strong,True,1.0,84.1,59.6,83.477,54.1853,29.2917,4,10,6,query_preference_rubric_v5,d51_query_preference_rubric_v1,ranking_target_margin,,False
пластиковые окна Казань,https://kazan-ihlas.ru/,https://oknakazan.com/,strong,True,1.0,84.1,60.9,83.477,56.4406,27.0364,4,9,5,query_preference_rubric_v5,d51_query_preference_rubric_v1,ranking_target_margin,,False
пластиковые окна Казань,https://kazan-ihlas.ru/,https://oknamall.ru/,strong,True,1.0,84.1,60.7,83.477,57.6925,25.7845,4,8,4,query_preference_rubric_v5,d51_query_preference_rubric_v1,ranking_target_margin,,False
пластиковые окна Казань,https://kazan-ihlas.ru/,https://oknamoll.ru/,strong,True,1.0,84.1,71.6,83.477,70.9669,12.5101,4,5,1,query_preference_rubric_v5,d51_query_preference_rubric_v1,ranking_target_margin,,False
пластиковые окна Казань,https://kazan-ihlas.ru/,https://oknaxxi-kazan.ru/,strong,True,1.0,84.1,67.0,83.477,72.3184,11.1586,4,3,-1,query_preference_rubric_v5,d51_query_preference_rubric_v1,ranking_target_margin,,False
пластиковые окна Казань,https://kazan-ihlas.ru/,https://vottakieokna.ru/,weak,True,0.5,84.1,72.1,83.477,77.7203,5.7567,4,2,-2,query_preference_rubric_v5,d51_query_preference_rubric_v1,ranking_target_margin,,False
пластиковые окна Казань,https://kazan-ihlas.ru/,https://www.okna-rubin.ru/,strong,True,1.0,84.1,78.8,83.477,75.0725,8.4045,4,6,2,query_preference_rubric_v5,d51_query_preference_rubric_v1,ranking_target_margin,,False
пластиковые окна Казань,https://kazan.zavodplast-eco.ru/,https://kazanskiye-okna.ru/,strong,True,1.0,76.8,59.6,72.1668,54.1853,17.9815,7,10,3,query_preference_rubric_v5,d51_query_preference_rubric_v1,ranking_target_margin,,False
пластиковые окна Казань,https://kazan.zavodplast-eco.ru/,https://oknakazan.com/,strong,True,1.0,76.8,60.9,72.1668,56.4406,15.7262,7,9,2,query_preference_rubric_v5,d51_query_preference_rubric_v1,ranking_target_margin,,False
пластиковые окна Казань,https://kazan.zavodplast-eco.ru/,https://oknamall.ru/,strong,True,1.0,76.8,60.7,72.1668,57.6925,14.4743,7,8,1,query_preference_rubric_v5,d51_query_preference_rubric_v1,ranking_target_margin,,False
пластиковые окна Казань,https://oknakazan.com/,https://kazanskiye-okna.ru/,uncertain,False,0.0,60.9,59.6,56.4406,54.1853,2.2553,9,10,1,query_preference_rubric_v5,d51_query_preference_rubric_v1,ranking_target_margin,,False
пластиковые окна Казань,https://oknamall.ru/,https://kazanskiye-okna.ru/,uncertain,False,0.0,60.7,59.6,57.6925,54.1853,3.5072,8,10,2,query_preference_rubric_v5,d51_query_preference_rubric_v1,ranking_target_margin,,False
пластиковые окна Казань,https://oknamoll.ru/,https://kazanskiye-okna.ru/,strong,True,1.0,71.6,59.6,70.9669,54.1853,16.7816,5,10,5,query_preference_rubric_v5,d51_query_preference_rubric_v1,ranking_target_margin,,False
пластиковые окна Казань,https://oknamoll.ru/,https://oknakazan.com/,strong,True,1.0,71.6,60.9,70.9669,56.4406,14.5263,5,9,4,query_preference_rubric_v5,d51_query_preference_rubric_v1,ranking_target_margin,,False
пластиковые окна Казань,https://oknamoll.ru/,https://oknamall.ru/,strong,True,1.0,71.6,60.7,70.9669,57.6925,13.2744,5,8,3,query_preference_rubric_v5,d51_query_preference_rubric_v1,ranking_target_margin,,False
пластиковые окна Казань,https://oknaxxi-kazan.ru/,https://kazanskiye-okna.ru/,strong,True,1.0,67.0,59.6,72.3184,54.1853,18.1331,3,10,7,query_preference_rubric_v5,d51_query_preference_rubric_v1,ranking_target_margin,,False
пластиковые окна Казань,https://oknaxxi-kazan.ru/,https://oknakazan.com/,strong,True,1.0,67.0,60.9,72.3184,56.4406,15.8778,3,9,6,query_preference_rubric_v5,d51_query_preference_rubric_v1,ranking_target_margin,,False
пластиковые окна Казань,https://oknaxxi-kazan.ru/,https://oknamall.ru/,strong,True,1.0,67.0,60.7,72.3184,57.6925,14.6259,3,8,5,query_preference_rubric_v5,d51_query_preference_rubric_v1,ranking_target_margin,,False
пластиковые окна Казань,https://plastikovye-okna-kazan.ru/,https://kazan.zavodplast-eco.ru/,strong,True,1.0,80.8,76.8,85.2216,72.1668,13.0548,1,7,6,query_preference_rubric_v5,d51_query_preference_rubric_v1,ranking_target_margin,,False
пластиковые окна Казань,https://plastikovye-okna-kazan.ru/,https://kazanskiye-okna.ru/,strong,True,1.0,80.8,59.6,85.2216,54.1853,31.0363,1,10,9,query_preference_rubric_v5,d51_query_preference_rubric_v1,ranking_target_margin,,False
пластиковые окна Казань,https://plastikovye-okna-kazan.ru/,https://oknakazan.com/,strong,True,1.0,80.8,60.9,85.2216,56.4406,28.781,1,9,8,query_preference_rubric_v5,d51_query_preference_rubric_v1,ranking_target_margin,,False
пластиковые окна Казань,https://plastikovye-okna-kazan.ru/,https://oknamall.ru/,strong,True,1.0,80.8,60.7,85.2216,57.6925,27.5291,1,8,7,query_preference_rubric_v5,d51_query_preference_rubric_v1,ranking_target_margin,,False
пластиковые окна Казань,https://plastikovye-okna-kazan.ru/,https://oknamoll.ru/,strong,True,1.0,80.8,71.6,85.2216,70.9669,14.2547,1,5,4,query_preference_rubric_v5,d51_query_preference_rubric_v1,ranking_target_margin,,False
пластиковые окна Казань,https://plastikovye-okna-kazan.ru/,https://oknaxxi-kazan.ru/,strong,True,1.0,80.8,67.0,85.2216,72.3184,12.9032,1,3,2,query_preference_rubric_v5,d51_query_preference_rubric_v1,ranking_target_margin,,False
пластиковые окна Казань,https://plastikovye-okna-kazan.ru/,https://vottakieokna.ru/,weak,True,0.5,80.8,72.1,85.2216,77.7203,7.5013,1,2,1,query_preference_rubric_v5,d51_query_preference_rubric_v1,ranking_target_margin,,False
пластиковые окна Казань,https://plastikovye-okna-kazan.ru/,https://www.okna-rubin.ru/,strong,True,1.0,80.8,78.8,85.2216,75.0725,10.1491,1,6,5,query_preference_rubric_v5,d51_query_preference_rubric_v1,ranking_target_margin,,False
пластиковые окна Казань,https://vottakieokna.ru/,https://kazan.zavodplast-eco.ru/,weak,True,0.5,72.1,76.8,77.7203,72.1668,5.5535,2,7,5,query_preference_rubric_v5,d51_query_preference_rubric_v1,ranking_target_margin,,False
пластиковые окна Казань,https://vottakieokna.ru/,https://kazanskiye-okna.ru/,strong,True,1.0,72.1,59.6,77.7203,54.1853,23.535,2,10,8,query_preference_rubric_v5,d51_query_preference_rubric_v1,ranking_target_margin,,False
пластиковые окна Казань,https://vottakieokna.ru/,https://oknakazan.com/,strong,True,1.0,72.1,60.9,77.7203,56.4406,21.2797,2,9,7,query_preference_rubric_v5,d51_query_preference_rubric_v1,ranking_target_margin,,False
пластиковые окна Казань,https://vottakieokna.ru/,https://oknamall.ru/,strong,True,1.0,72.1,60.7,77.7203,57.6925,20.0278,2,8,6,query_preference_rubric_v5,d51_query_preference_rubric_v1,ranking_target_margin,,False
пластиковые окна Казань,https://vottakieokna.ru/,https://oknamoll.ru/,weak,True,0.5,72.1,71.6,77.7203,70.9669,6.7534,2,5,3,query_preference_rubric_v5,d51_query_preference_rubric_v1,ranking_target_margin,,False
пластиковые окна Казань,https://vottakieokna.ru/,https://oknaxxi-kazan.ru/,weak,True,0.5,72.1,67.0,77.7203,72.3184,5.4019,2,3,1,query_preference_rubric_v5,d51_query_preference_rubric_v1,ranking_target_margin,,False
пластиковые окна Казань,https://vottakieokna.ru/,https://www.okna-rubin.ru/,uncertain,False,0.0,72.1,78.8,77.7203,75.0725,2.6478,2,6,4,query_preference_rubric_v5,d51_query_preference_rubric_v1,ranking_target_margin,,False
пластиковые окна Казань,https://www.okna-rubin.ru/,https://kazan.zavodplast-eco.ru/,uncertain,False,0.0,78.8,76.8,75.0725,72.1668,2.9057,6,7,1,query_preference_rubric_v5,d51_query_preference_rubric_v1,ranking_target_margin,,False
пластиковые окна Казань,https://www.okna-rubin.ru/,https://kazanskiye-okna.ru/,strong,True,1.0,78.8,59.6,75.0725,54.1853,20.8872,6,10,4,query_preference_rubric_v5,d51_query_preference_rubric_v1,ranking_target_margin,,False
пластиковые окна Казань,https://www.okna-rubin.ru/,https://oknakazan.com/,strong,True,1.0,78.8,60.9,75.0725,56.4406,18.6319,6,9,3,query_preference_rubric_v5,d51_query_preference_rubric_v1,ranking_target_margin,,False
пластиковые окна Казань,https://www.okna-rubin.ru/,https://oknamall.ru/,strong,True,1.0,78.8,60.7,75.0725,57.6925,17.38,6,8,2,query_preference_rubric_v5,d51_query_preference_rubric_v1,ranking_target_margin,,False
пластиковые окна Казань,https://www.okna-rubin.ru/,https://oknamoll.ru/,weak,True,0.5,78.8,71.6,75.0725,70.9669,4.1056,6,5,-1,query_preference_rubric_v5,d51_query_preference_rubric_v1,ranking_target_margin,,False
пластиковые окна Казань,https://www.okna-rubin.ru/,https://oknaxxi-kazan.ru/,uncertain,False,0.0,78.8,67.0,75.0725,72.3184,2.7541,6,3,-3,query_preference_rubric_v5,d51_query_preference_rubric_v1,ranking_target_margin,,False
пластиковые окна Краснодар,https://krasnodar.delaem-okna.ru/,https://1oknozavod.ru/,strong,True,1.0,78.5,66.3,75.5161,61.364,14.1521,6,9,3,query_preference_rubric_v5,d51_query_preference_rubric_v1,ranking_target_margin,,False
пластиковые окна Краснодар,https://krasnodar.delaem-okna.ru/,https://gornica-okna.ru/,strong,True,1.0,78.5,70.6,75.5161,62.7148,12.8013,6,10,4,query_preference_rubric_v5,d51_query_preference_rubric_v1,ranking_target_margin,,False
пластиковые окна Краснодар,https://krasnodar.delaem-okna.ru/,https://krasnodar.oknatrade.ru/catalog/plastikovye-okna/,strong,True,1.0,78.5,69.3,75.5161,66.7151,8.801,6,7,1,query_preference_rubric_v5,d51_query_preference_rubric_v1,ranking_target_margin,,False
пластиковые окна Краснодар,https://krasnodar.delaem-okna.ru/,https://markakachestva.ru/amenities/6129-luchshie-firmy-plastikovyh-okon-krasnodara-rejting.html,uncertain,False,0.0,78.5,67.5,75.5161,73.3026,2.2135,6,2,-4,query_preference_rubric_v5,d51_query_preference_rubric_v1,ranking_target_margin,,False
пластиковые окна Краснодар,https://krasnodar.delaem-okna.ru/,https://okna-193.ru/,strong,True,1.0,78.5,67.4,75.5161,64.2023,11.3138,6,8,2,query_preference_rubric_v5,d51_query_preference_rubric_v1,ranking_target_margin,,False
пластиковые окна Краснодар,https://krasnodar.delaem-okna.ru/,https://vekazavod.ru/,weak,True,0.5,78.5,69.9,75.5161,70.6991,4.817,6,5,-1,query_preference_rubric_v5,d51_query_preference_rubric_v1,ranking_target_margin,,False
пластиковые окна Краснодар,https://krasnodar.oknatrade.ru/catalog/plastikovye-okna/,https://1oknozavod.ru/,weak,True,0.5,69.3,66.3,66.7151,61.364,5.3511,7,9,2,query_preference_rubric_v5,d51_query_preference_rubric_v1,ranking_target_margin,,False
пластиковые окна Краснодар,https://krasnodar.oknatrade.ru/catalog/plastikovye-okna/,https://gornica-okna.ru/,weak,True,0.5,69.3,70.6,66.7151,62.7148,4.0003,7,10,3,query_preference_rubric_v5,d51_query_preference_rubric_v1,ranking_target_margin,,False
пластиковые окна Краснодар,https://krasnodar.oknatrade.ru/catalog/plastikovye-okna/,https://okna-193.ru/,uncertain,False,0.0,69.3,67.4,66.7151,64.2023,2.5128,7,8,1,query_preference_rubric_v5,d51_query_preference_rubric_v1,ranking_target_margin,,False
пластиковые окна Краснодар,https://krasnodar.vekaregion.ru/,https://1oknozavod.ru/,strong,True,1.0,73.9,66.3,77.2355,61.364,15.8715,3,9,6,query_preference_rubric_v5,d51_query_preference_rubric_v1,ranking_target_margin,,False
пластиковые окна Краснодар,https://krasnodar.vekaregion.ru/,https://gornica-okna.ru/,strong,True,1.0,73.9,70.6,77.2355,62.7148,14.5207,3,10,7,query_preference_rubric_v5,d51_query_preference_rubric_v1,ranking_target_margin,,False
пластиковые окна Краснодар,https://krasnodar.vekaregion.ru/,https://krasnodar.oknatrade.ru/catalog/plastikovye-okna/,strong,True,1.0,73.9,69.3,77.2355,66.7151,10.5204,3,7,4,query_preference_rubric_v5,d51_query_preference_rubric_v1,ranking_target_margin,,False
пластиковые окна Краснодар,https://krasnodar.vekaregion.ru/,https://markakachestva.ru/amenities/6129-luchshie-firmy-plastikovyh-okon-krasnodara-rejting.html,uncertain,False,0.0,73.9,67.5,77.2355,73.3026,3.9329,3,2,-1,query_preference_rubric_v5,d51_query_preference_rubric_v1,ranking_target_margin,,False
пластиковые окна Краснодар,https://krasnodar.vekaregion.ru/,https://okna-193.ru/,strong,True,1.0,73.9,67.4,77.2355,64.2023,13.0332,3,8,5,query_preference_rubric_v5,d51_query_preference_rubric_v1,ranking_target_margin,,False
пластиковые окна Краснодар,https://krasnodar.vekaregion.ru/,https://vekazavod.ru/,weak,True,0.5,73.9,69.9,77.2355,70.6991,6.5364,3,5,2,query_preference_rubric_v5,d51_query_preference_rubric_v1,ranking_target_margin,,False
пластиковые окна Краснодар,https://markakachestva.ru/amenities/6129-luchshie-firmy-plastikovyh-okon-krasnodara-rejting.html,https://1oknozavod.ru/,strong,True,1.0,67.5,66.3,73.3026,61.364,11.9386,2,9,7,query_preference_rubric_v5,d51_query_preference_rubric_v1,ranking_target_margin,,False
пластиковые окна Краснодар,https://markakachestva.ru/amenities/6129-luchshie-firmy-plastikovyh-okon-krasnodara-rejting.html,https://gornica-okna.ru/,strong,True,1.0,67.5,70.6,73.3026,62.7148,10.5878,2,10,8,query_preference_rubric_v5,d51_query_preference_rubric_v1,ranking_target_margin,,False
пластиковые окна Краснодар,https://markakachestva.ru/amenities/6129-luchshie-firmy-plastikovyh-okon-krasnodara-rejting.html,https://krasnodar.oknatrade.ru/catalog/plastikovye-okna/,weak,True,0.5,67.5,69.3,73.3026,66.7151,6.5875,2,7,5,query_preference_rubric_v5,d51_query_preference_rubric_v1,ranking_target_margin,,False
пластиковые окна Краснодар,https://markakachestva.ru/amenities/6129-luchshie-firmy-plastikovyh-okon-krasnodara-rejting.html,https://okna-193.ru/,strong,True,1.0,67.5,67.4,73.3026,64.2023,9.1003,2,8,6,query_preference_rubric_v5,d51_query_preference_rubric_v1,ranking_target_margin,,False
пластиковые окна Краснодар,https://markakachestva.ru/amenities/6129-luchshie-firmy-plastikovyh-okon-krasnodara-rejting.html,https://vekazavod.ru/,uncertain,False,0.0,67.5,69.9,73.3026,70.6991,2.6035,2,5,3,query_preference_rubric_v5,d51_query_preference_rubric_v1,ranking_target_margin,,False
пластиковые окна Краснодар,https://okna-193.ru/,https://1oknozavod.ru/,uncertain,False,0.0,67.4,66.3,64.2023,61.364,2.8383,8,9,1,query_preference_rubric_v5,d51_query_preference_rubric_v1,ranking_target_margin,,False
пластиковые окна Краснодар,https://okna-pvh-krasnodar.ru/,https://1oknozavod.ru/,strong,True,1.0,75.5,66.3,75.9404,61.364,14.5764,4,9,5,query_preference_rubric_v5,d51_query_preference_rubric_v1,ranking_target_margin,,False
пластиковые окна Краснодар,https://okna-pvh-krasnodar.ru/,https://gornica-okna.ru/,strong,True,1.0,75.5,70.6,75.9404,62.7148,13.2256,4,10,6,query_preference_rubric_v5,d51_query_preference_rubric_v1,ranking_target_margin,,False
пластиковые окна Краснодар,https://okna-pvh-krasnodar.ru/,https://krasnodar.oknatrade.ru/catalog/plastikovye-okna/,strong,True,1.0,75.5,69.3,75.9404,66.7151,9.2253,4,7,3,query_preference_rubric_v5,d51_query_preference_rubric_v1,ranking_target_margin,,False
пластиковые окна Краснодар,https://okna-pvh-krasnodar.ru/,https://markakachestva.ru/amenities/6129-luchshie-firmy-plastikovyh-okon-krasnodara-rejting.html,uncertain,False,0.0,75.5,67.5,75.9404,73.3026,2.6378,4,2,-2,query_preference_rubric_v5,d51_query_preference_rubric_v1,ranking_target_margin,,False
пластиковые окна Краснодар,https://okna-pvh-krasnodar.ru/,https://okna-193.ru/,strong,True,1.0,75.5,67.4,75.9404,64.2023,11.7381,4,8,4,query_preference_rubric_v5,d51_query_preference_rubric_v1,ranking_target_margin,,False
пластиковые окна Краснодар,https://okna-pvh-krasnodar.ru/,https://vekazavod.ru/,weak,True,0.5,75.5,69.9,75.9404,70.6991,5.2413,4,5,1,query_preference_rubric_v5,d51_query_preference_rubric_v1,ranking_target_margin,,False
пластиковые окна Краснодар,https://okna-zavod-krasnodar.ru/,https://1oknozavod.ru/,strong,True,1.0,77.3,66.3,83.3324,61.364,21.9684,1,9,8,query_preference_rubric_v5,d51_query_preference_rubric_v1,ranking_target_margin,,False
пластиковые окна Краснодар,https://okna-zavod-krasnodar.ru/,https://gornica-okna.ru/,strong,True,1.0,77.3,70.6,83.3324,62.7148,20.6176,1,10,9,query_preference_rubric_v5,d51_query_preference_rubric_v1,ranking_target_margin,,False
пластиковые окна Краснодар,https://okna-zavod-krasnodar.ru/,https://krasnodar.delaem-okna.ru/,weak,True,0.5,77.3,78.5,83.3324,75.5161,7.8163,1,6,5,query_preference_rubric_v5,d51_query_preference_rubric_v1,ranking_target_margin,,False
пластиковые окна Краснодар,https://okna-zavod-krasnodar.ru/,https://krasnodar.oknatrade.ru/catalog/plastikovye-okna/,strong,True,1.0,77.3,69.3,83.3324,66.7151,16.6173,1,7,6,query_preference_rubric_v5,d51_query_preference_rubric_v1,ranking_target_margin,,False
пластиковые окна Краснодар,https://okna-zavod-krasnodar.ru/,https://krasnodar.vekaregion.ru/,weak,True,0.5,77.3,73.9,83.3324,77.2355,6.0969,1,3,2,query_preference_rubric_v5,d51_query_preference_rubric_v1,ranking_target_margin,,False
пластиковые окна Краснодар,https://okna-zavod-krasnodar.ru/,https://markakachestva.ru/amenities/6129-luchshie-firmy-plastikovyh-okon-krasnodara-rejting.html,strong,True,1.0,77.3,67.5,83.3324,73.3026,10.0298,1,2,1,query_preference_rubric_v5,d51_query_preference_rubric_v1,ranking_target_margin,,False
пластиковые окна Краснодар,https://okna-zavod-krasnodar.ru/,https://okna-193.ru/,strong,True,1.0,77.3,67.4,83.3324,64.2023,19.1301,1,8,7,query_preference_rubric_v5,d51_query_preference_rubric_v1,ranking_target_margin,,False
пластиковые окна Краснодар,https://okna-zavod-krasnodar.ru/,https://okna-pvh-krasnodar.ru/,weak,True,0.5,77.3,75.5,83.3324,75.9404,7.392,1,4,3,query_preference_rubric_v5,d51_query_preference_rubric_v1,ranking_target_margin,,False
пластиковые окна Краснодар,https://okna-zavod-krasnodar.ru/,https://vekazavod.ru/,strong,True,1.0,77.3,69.9,83.3324,70.6991,12.6333,1,5,4,query_preference_rubric_v5,d51_query_preference_rubric_v1,ranking_target_margin,,False
пластиковые окна Краснодар,https://vekazavod.ru/,https://1oknozavod.ru/,strong,True,1.0,69.9,66.3,70.6991,61.364,9.3351,5,9,4,query_preference_rubric_v5,d51_query_preference_rubric_v1,ranking_target_margin,,False
пластиковые окна Краснодар,https://vekazavod.ru/,https://gornica-okna.ru/,weak,True,0.5,69.9,70.6,70.6991,62.7148,7.9843,5,10,5,query_preference_rubric_v5,d51_query_preference_rubric_v1,ranking_target_margin,,False
пластиковые окна Краснодар,https://vekazavod.ru/,https://krasnodar.oknatrade.ru/catalog/plastikovye-okna/,uncertain,False,0.0,69.9,69.3,70.6991,66.7151,3.984,5,7,2,query_preference_rubric_v5,d51_query_preference_rubric_v1,ranking_target_margin,,False
пластиковые окна Краснодар,https://vekazavod.ru/,https://okna-193.ru/,weak,True,0.5,69.9,67.4,70.6991,64.2023,6.4968,5,8,3,query_preference_rubric_v5,d51_query_preference_rubric_v1,ranking_target_margin,,False
пластиковые окна Москва,https://fokus-komforta.ru/,https://lemanapro.ru/catalogue/plastikovye-okna/,strong,True,1.0,80.0,30.6,72.929,34.0906,38.8384,8,7,-1,query_preference_rubric_v5,d51_query_preference_rubric_v1,ranking_target_margin,,False
пластиковые окна Москва,https://fokus-komforta.ru/,https://okno.ru/,weak,True,0.5,80.0,74.3,72.929,67.3917,5.5373,8,9,1,query_preference_rubric_v5,d51_query_preference_rubric_v1,ranking_target_margin,,False
пластиковые окна Москва,https://fokus-komforta.ru/,https://oknober.ru/,strong,True,1.0,80.0,27.0,72.929,35.139,37.79,8,6,-2,query_preference_rubric_v5,d51_query_preference_rubric_v1,ranking_target_margin,,False
пластиковые окна Москва,https://fokus-komforta.ru/,https://www.melke.ru/,weak,True,0.5,80.0,73.8,72.929,65.1916,7.7374,8,10,2,query_preference_rubric_v5,d51_query_preference_rubric_v1,ranking_target_margin,,False
пластиковые окна Москва,https://mosplastokna.ru/,https://lemanapro.ru/catalogue/plastikovye-okna/,strong,True,1.0,72.8,30.6,73.7494,34.0906,39.6588,5,7,2,query_preference_rubric_v5,d51_query_preference_rubric_v1,ranking_target_margin,,False
пластиковые окна Москва,https://mosplastokna.ru/,https://okno.ru/,weak,True,0.5,72.8,74.3,73.7494,67.3917,6.3577,5,9,4,query_preference_rubric_v5,d51_query_preference_rubric_v1,ranking_target_margin,,False
пластиковые окна Москва,https://mosplastokna.ru/,https://oknober.ru/,strong,True,1.0,72.8,27.0,73.7494,35.139,38.6104,5,6,1,query_preference_rubric_v5,d51_query_preference_rubric_v1,ranking_target_margin,,False
пластиковые окна Москва,https://mosplastokna.ru/,https://www.melke.ru/,strong,True,1.0,72.8,73.8,73.7494,65.1916,8.5578,5,10,5,query_preference_rubric_v5,d51_query_preference_rubric_v1,ranking_target_margin,,False
пластиковые окна Москва,https://okno.ru/,https://lemanapro.ru/catalogue/plastikovye-okna/,strong,True,1.0,74.3,30.6,67.3917,34.0906,33.3011,9,7,-2,query_preference_rubric_v5,d51_query_preference_rubric_v1,ranking_target_margin,,False
пластиковые окна Москва,https://okno.ru/,https://oknober.ru/,strong,True,1.0,74.3,27.0,67.3917,35.139,32.2527,9,6,-3,query_preference_rubric_v5,d51_query_preference_rubric_v1,ranking_target_margin,,False
пластиковые окна Москва,https://okno.ru/,https://www.melke.ru/,uncertain,False,0.0,74.3,73.8,67.3917,65.1916,2.2001,9,10,1,query_preference_rubric_v5,d51_query_preference_rubric_v1,ranking_target_margin,,False
пластиковые окна Москва,https://rusokna.ru/,https://fokus-komforta.ru/,strong,True,1.0,82.8,80.0,82.2079,72.929,9.2789,4,8,4,query_preference_rubric_v5,d51_query_preference_rubric_v1,ranking_target_margin,,False
пластиковые окна Москва,https://rusokna.ru/,https://lemanapro.ru/catalogue/plastikovye-okna/,strong,True,1.0,82.8,30.6,82.2079,34.0906,48.1173,4,7,3,query_preference_rubric_v5,d51_query_preference_rubric_v1,ranking_target_margin,,False
пластиковые окна Москва,https://rusokna.ru/,https://mosplastokna.ru/,strong,True,1.0,82.8,72.8,82.2079,73.7494,8.4585,4,5,1,query_preference_rubric_v5,d51_query_preference_rubric_v1,ranking_target_margin,,False
пластиковые окна Москва,https://rusokna.ru/,https://okno.ru/,strong,True,1.0,82.8,74.3,82.2079,67.3917,14.8162,4,9,5,query_preference_rubric_v5,d51_query_preference_rubric_v1,ranking_target_margin,,False
пластиковые окна Москва,https://rusokna.ru/,https://oknober.ru/,strong,True,1.0,82.8,27.0,82.2079,35.139,47.0689,4,6,2,query_preference_rubric_v5,d51_query_preference_rubric_v1,ranking_target_margin,,False
пластиковые окна Москва,https://rusokna.ru/,https://www.melke.ru/,strong,True,1.0,82.8,73.8,82.2079,65.1916,17.0163,4,10,6,query_preference_rubric_v5,d51_query_preference_rubric_v1,ranking_target_margin,,False
пластиковые окна Москва,https://www.fabrikaokon.ru/,https://fokus-komforta.ru/,strong,True,1.0,84.0,80.0,87.8494,72.929,14.9204,1,8,7,query_preference_rubric_v5,d51_query_preference_rubric_v1,ranking_target_margin,,False
пластиковые окна Москва,https://www.fabrikaokon.ru/,https://lemanapro.ru/catalogue/plastikovye-okna/,strong,True,1.0,84.0,30.6,87.8494,34.0906,53.7588,1,7,6,query_preference_rubric_v5,d51_query_preference_rubric_v1,ranking_target_margin,,False
пластиковые окна Москва,https://www.fabrikaokon.ru/,https://mosplastokna.ru/,strong,True,1.0,84.0,72.8,87.8494,73.7494,14.1,1,5,4,query_preference_rubric_v5,d51_query_preference_rubric_v1,ranking_target_margin,,False
пластиковые окна Москва,https://www.fabrikaokon.ru/,https://okno.ru/,strong,True,1.0,84.0,74.3,87.8494,67.3917,20.4577,1,9,8,query_preference_rubric_v5,d51_query_preference_rubric_v1,ranking_target_margin,,False
пластиковые окна Москва,https://www.fabrikaokon.ru/,https://oknober.ru/,strong,True,1.0,84.0,27.0,87.8494,35.139,52.7104,1,6,5,query_preference_rubric_v5,d51_query_preference_rubric_v1,ranking_target_margin,,False
пластиковые окна Москва,https://www.fabrikaokon.ru/,https://rusokna.ru/,weak,True,0.5,84.0,82.8,87.8494,82.2079,5.6415,1,4,3,query_preference_rubric_v5,d51_query_preference_rubric_v1,ranking_target_margin,,False
пластиковые окна Москва,https://www.fabrikaokon.ru/,https://www.melke.ru/,strong,True,1.0,84.0,73.8,87.8494,65.1916,22.6578,1,10,9,query_preference_rubric_v5,d51_query_preference_rubric_v1,ranking_target_margin,,False
пластиковые окна Москва,https://www.fabrikaokon.ru/,https://www.mosokna.ru/,weak,True,0.5,84.0,78.8,87.8494,82.3388,5.5106,1,2,1,query_preference_rubric_v5,d51_query_preference_rubric_v1,ranking_target_margin,,False
пластиковые окна Москва,https://www.fabrikaokon.ru/,https://www.okno-moskva.ru/,uncertain,False,0.0,84.0,83.9,87.8494,84.5026,3.3468,1,3,2,query_preference_rubric_v5,d51_query_preference_rubric_v1,ranking_target_margin,,False
пластиковые окна Москва,https://www.melke.ru/,https://lemanapro.ru/catalogue/plastikovye-okna/,strong,True,1.0,73.8,30.6,65.1916,34.0906,31.101,10,7,-3,query_preference_rubric_v5,d51_query_preference_rubric_v1,ranking_target_margin,,False
пластиковые окна Москва,https://www.melke.ru/,https://oknober.ru/,strong,True,1.0,73.8,27.0,65.1916,35.139,30.0526,10,6,-4,query_preference_rubric_v5,d51_query_preference_rubric_v1,ranking_target_margin,,False
пластиковые окна Москва,https://www.mosokna.ru/,https://fokus-komforta.ru/,strong,True,1.0,78.8,80.0,82.3388,72.929,9.4098,2,8,6,query_preference_rubric_v5,d51_query_preference_rubric_v1,ranking_target_margin,,False
пластиковые окна Москва,https://www.mosokna.ru/,https://lemanapro.ru/catalogue/plastikovye-okna/,strong,True,1.0,78.8,30.6,82.3388,34.0906,48.2482,2,7,5,query_preference_rubric_v5,d51_query_preference_rubric_v1,ranking_target_margin,,False
пластиковые окна Москва,https://www.mosokna.ru/,https://mosplastokna.ru/,strong,True,1.0,78.8,72.8,82.3388,73.7494,8.5894,2,5,3,query_preference_rubric_v5,d51_query_preference_rubric_v1,ranking_target_margin,,False
пластиковые окна Москва,https://www.mosokna.ru/,https://okno.ru/,strong,True,1.0,78.8,74.3,82.3388,67.3917,14.9471,2,9,7,query_preference_rubric_v5,d51_query_preference_rubric_v1,ranking_target_margin,,False
пластиковые окна Москва,https://www.mosokna.ru/,https://oknober.ru/,strong,True,1.0,78.8,27.0,82.3388,35.139,47.1998,2,6,4,query_preference_rubric_v5,d51_query_preference_rubric_v1,ranking_target_margin,,False
пластиковые окна Москва,https://www.mosokna.ru/,https://www.melke.ru/,strong,True,1.0,78.8,73.8,82.3388,65.1916,17.1472,2,10,8,query_preference_rubric_v5,d51_query_preference_rubric_v1,ranking_target_margin,,False
пластиковые окна Москва,https://www.okno-moskva.ru/,https://fokus-komforta.ru/,strong,True,1.0,83.9,80.0,84.5026,72.929,11.5736,3,8,5,query_preference_rubric_v5,d51_query_preference_rubric_v1,ranking_target_margin,,False
пластиковые окна Москва,https://www.okno-moskva.ru/,https://lemanapro.ru/catalogue/plastikovye-okna/,strong,True,1.0,83.9,30.6,84.5026,34.0906,50.412,3,7,4,query_preference_rubric_v5,d51_query_preference_rubric_v1,ranking_target_margin,,False
пластиковые окна Москва,https://www.okno-moskva.ru/,https://mosplastokna.ru/,strong,True,1.0,83.9,72.8,84.5026,73.7494,10.7532,3,5,2,query_preference_rubric_v5,d51_query_preference_rubric_v1,ranking_target_margin,,False
пластиковые окна Москва,https://www.okno-moskva.ru/,https://okno.ru/,strong,True,1.0,83.9,74.3,84.5026,67.3917,17.1109,3,9,6,query_preference_rubric_v5,d51_query_preference_rubric_v1,ranking_target_margin,,False
пластиковые окна Москва,https://www.okno-moskva.ru/,https://oknober.ru/,strong,True,1.0,83.9,27.0,84.5026,35.139,49.3636,3,6,3,query_preference_rubric_v5,d51_query_preference_rubric_v1,ranking_target_margin,,False
пластиковые окна Москва,https://www.okno-moskva.ru/,https://rusokna.ru/,uncertain,False,0.0,83.9,82.8,84.5026,82.2079,2.2947,3,4,1,query_preference_rubric_v5,d51_query_preference_rubric_v1,ranking_target_margin,,False
пластиковые окна Москва,https://www.okno-moskva.ru/,https://www.melke.ru/,strong,True,1.0,83.9,73.8,84.5026,65.1916,19.311,3,10,7,query_preference_rubric_v5,d51_query_preference_rubric_v1,ranking_target_margin,,False
пластиковые окна Москва,https://www.okno-moskva.ru/,https://www.mosokna.ru/,uncertain,False,0.0,83.9,78.8,84.5026,82.3388,2.1638,3,2,-1,query_preference_rubric_v5,d51_query_preference_rubric_v1,ranking_target_margin,,False
пластиковые окна Нижний Новгород,https://akonta.ru/,https://nn.okna-plastikovyye.ru/,uncertain,False,0.0,79.5,73.7,77.8958,75.8904,2.0054,5,3,-2,query_preference_rubric_v5,d51_query_preference_rubric_v1,ranking_target_margin,,False
пластиковые окна Нижний Новгород,https://akonta.ru/,https://nn.zavod-okna-pvh.ru/,strong,True,1.0,79.5,75.3,77.8958,65.8778,12.018,5,10,5,query_preference_rubric_v5,d51_query_preference_rubric_v1,ranking_target_margin,,False
пластиковые окна Нижний Новгород,https://akonta.ru/,https://okna-navsegda.ru/,strong,True,1.0,79.5,73.9,77.8958,68.4111,9.4847,5,8,3,query_preference_rubric_v5,d51_query_preference_rubric_v1,ranking_target_margin,,False
пластиковые окна Нижний Новгород,https://akonta.ru/,https://oknazavr.ru/nizhniy-novgorod/plastikovye-okna/,uncertain,False,0.0,79.5,67.3,77.8958,74.6225,3.2733,5,2,-3,query_preference_rubric_v5,d51_query_preference_rubric_v1,ranking_target_margin,,False
пластиковые окна Нижний Новгород,https://akonta.ru/,https://prizma-okna.ru/,strong,True,1.0,79.5,68.4,77.8958,66.3691,11.5267,5,7,2,query_preference_rubric_v5,d51_query_preference_rubric_v1,ranking_target_margin,,False
пластиковые окна Нижний Новгород,https://akonta.ru/,https://profinn52.ru/,strong,True,1.0,79.5,62.5,77.8958,63.7637,14.1321,5,6,1,query_preference_rubric_v5,d51_query_preference_rubric_v1,ranking_target_margin,,False
пластиковые окна Нижний Новгород,https://akonta.ru/,https://schtandart-nn.ru/,strong,True,1.0,79.5,69.8,77.8958,64.0046,13.8912,5,9,4,query_preference_rubric_v5,d51_query_preference_rubric_v1,ranking_target_margin,,False
пластиковые окна Нижний Новгород,https://nn.okna-plastikovyye.ru/,https://nn.zavod-okna-pvh.ru/,strong,True,1.0,73.7,75.3,75.8904,65.8778,10.0126,3,10,7,query_preference_rubric_v5,d51_query_preference_rubric_v1,ranking_target_margin,,False
пластиковые окна Нижний Новгород,https://nn.okna-plastikovyye.ru/,https://okna-navsegda.ru/,weak,True,0.5,73.7,73.9,75.8904,68.4111,7.4793,3,8,5,query_preference_rubric_v5,d51_query_preference_rubric_v1,ranking_target_margin,,False
пластиковые окна Нижний Новгород,https://nn.okna-plastikovyye.ru/,https://prizma-okna.ru/,strong,True,1.0,73.7,68.4,75.8904,66.3691,9.5213,3,7,4,query_preference_rubric_v5,d51_query_preference_rubric_v1,ranking_target_margin,,False
пластиковые окна Нижний Новгород,https://nn.okna-plastikovyye.ru/,https://profinn52.ru/,strong,True,1.0,73.7,62.5,75.8904,63.7637,12.1267,3,6,3,query_preference_rubric_v5,d51_query_preference_rubric_v1,ranking_target_margin,,False
пластиковые окна Нижний Новгород,https://nn.okna-plastikovyye.ru/,https://schtandart-nn.ru/,strong,True,1.0,73.7,69.8,75.8904,64.0046,11.8858,3,9,6,query_preference_rubric_v5,d51_query_preference_rubric_v1,ranking_target_margin,,False
пластиковые окна Нижний Новгород,https://nn.zavod-okna-pvh.ru/,https://profinn52.ru/,uncertain,False,0.0,75.3,62.5,65.8778,63.7637,2.1141,10,6,-4,query_preference_rubric_v5,d51_query_preference_rubric_v1,ranking_target_margin,,False
пластиковые окна Нижний Новгород,https://okna-navsegda.ru/,https://nn.zavod-okna-pvh.ru/,uncertain,False,0.0,73.9,75.3,68.4111,65.8778,2.5333,8,10,2,query_preference_rubric_v5,d51_query_preference_rubric_v1,ranking_target_margin,,False
пластиковые окна Нижний Новгород,https://okna-navsegda.ru/,https://prizma-okna.ru/,uncertain,False,0.0,73.9,68.4,68.4111,66.3691,2.042,8,7,-1,query_preference_rubric_v5,d51_query_preference_rubric_v1,ranking_target_margin,,False
пластиковые окна Нижний Новгород,https://okna-navsegda.ru/,https://profinn52.ru/,weak,True,0.5,73.9,62.5,68.4111,63.7637,4.6474,8,6,-2,query_preference_rubric_v5,d51_query_preference_rubric_v1,ranking_target_margin,,False
пластиковые окна Нижний Новгород,https://okna-navsegda.ru/,https://schtandart-nn.ru/,weak,True,0.5,73.9,69.8,68.4111,64.0046,4.4065,8,9,1,query_preference_rubric_v5,d51_query_preference_rubric_v1,ranking_target_margin,,False
пластиковые окна Нижний Новгород,https://oknazavr.ru/nizhniy-novgorod/plastikovye-okna/,https://nn.zavod-okna-pvh.ru/,strong,True,1.0,67.3,75.3,74.6225,65.8778,8.7447,2,10,8,query_preference_rubric_v5,d51_query_preference_rubric_v1,ranking_target_margin,,False
пластиковые окна Нижний Новгород,https://oknazavr.ru/nizhniy-novgorod/plastikovye-okna/,https://okna-navsegda.ru/,weak,True,0.5,67.3,73.9,74.6225,68.4111,6.2114,2,8,6,query_preference_rubric_v5,d51_query_preference_rubric_v1,ranking_target_margin,,False
пластиковые окна Нижний Новгород,https://oknazavr.ru/nizhniy-novgorod/plastikovye-okna/,https://prizma-okna.ru/,strong,True,1.0,67.3,68.4,74.6225,66.3691,8.2534,2,7,5,query_preference_rubric_v5,d51_query_preference_rubric_v1,ranking_target_margin,,False
пластиковые окна Нижний Новгород,https://oknazavr.ru/nizhniy-novgorod/plastikovye-okna/,https://profinn52.ru/,strong,True,1.0,67.3,62.5,74.6225,63.7637,10.8588,2,6,4,query_preference_rubric_v5,d51_query_preference_rubric_v1,ranking_target_margin,,False
пластиковые окна Нижний Новгород,https://oknazavr.ru/nizhniy-novgorod/plastikovye-okna/,https://schtandart-nn.ru/,strong,True,1.0,67.3,69.8,74.6225,64.0046,10.6179,2,9,7,query_preference_rubric_v5,d51_query_preference_rubric_v1,ranking_target_margin,,False
пластиковые окна Нижний Новгород,https://prizma-okna.ru/,https://profinn52.ru/,uncertain,False,0.0,68.4,62.5,66.3691,63.7637,2.6054,7,6,-1,query_preference_rubric_v5,d51_query_preference_rubric_v1,ranking_target_margin,,False
пластиковые окна Нижний Новгород,https://prizma-okna.ru/,https://schtandart-nn.ru/,uncertain,False,0.0,68.4,69.8,66.3691,64.0046,2.3645,7,9,2,query_preference_rubric_v5,d51_query_preference_rubric_v1,ranking_target_margin,,False
пластиковые окна Нижний Новгород,https://www.oknakompas.ru/,https://nn.okna-plastikovyye.ru/,uncertain,False,0.0,73.1,73.7,79.5853,75.8904,3.6949,1,3,2,query_preference_rubric_v5,d51_query_preference_rubric_v1,ranking_target_margin,,False
пластиковые окна Нижний Новгород,https://www.oknakompas.ru/,https://nn.zavod-okna-pvh.ru/,strong,True,1.0,73.1,75.3,79.5853,65.8778,13.7075,1,10,9,query_preference_rubric_v5,d51_query_preference_rubric_v1,ranking_target_margin,,False
пластиковые окна Нижний Новгород,https://www.oknakompas.ru/,https://okna-navsegda.ru/,strong,True,1.0,73.1,73.9,79.5853,68.4111,11.1742,1,8,7,query_preference_rubric_v5,d51_query_preference_rubric_v1,ranking_target_margin,,False
пластиковые окна Нижний Новгород,https://www.oknakompas.ru/,https://oknazavr.ru/nizhniy-novgorod/plastikovye-okna/,weak,True,0.5,73.1,67.3,79.5853,74.6225,4.9628,1,2,1,query_preference_rubric_v5,d51_query_preference_rubric_v1,ranking_target_margin,,False
пластиковые окна Нижний Новгород,https://www.oknakompas.ru/,https://prizma-okna.ru/,strong,True,1.0,73.1,68.4,79.5853,66.3691,13.2162,1,7,6,query_preference_rubric_v5,d51_query_preference_rubric_v1,ranking_target_margin,,False
пластиковые окна Нижний Новгород,https://www.oknakompas.ru/,https://profinn52.ru/,strong,True,1.0,73.1,62.5,79.5853,63.7637,15.8216,1,6,5,query_preference_rubric_v5,d51_query_preference_rubric_v1,ranking_target_margin,,False
пластиковые окна Нижний Новгород,https://www.oknakompas.ru/,https://schtandart-nn.ru/,strong,True,1.0,73.1,69.8,79.5853,64.0046,15.5807,1,9,8,query_preference_rubric_v5,d51_query_preference_rubric_v1,ranking_target_margin,,False
пластиковые окна Нижний Новгород,https://www.oknakompas.ru/,https://окна-саксэс.рф/,uncertain,False,0.0,73.1,76.5,79.5853,76.758,2.8273,1,4,3,query_preference_rubric_v5,d51_query_preference_rubric_v1,ranking_target_margin,,False
пластиковые окна Нижний Новгород,https://окна-саксэс.рф/,https://nn.zavod-okna-pvh.ru/,strong,True,1.0,76.5,75.3,76.758,65.8778,10.8802,4,10,6,query_preference_rubric_v5,d51_query_preference_rubric_v1,ranking_target_margin,,False
пластиковые окна Нижний Новгород,https://окна-саксэс.рф/,https://okna-navsegda.ru/,strong,True,1.0,76.5,73.9,76.758,68.4111,8.3469,4,8,4,query_preference_rubric_v5,d51_query_preference_rubric_v1,ranking_target_margin,,False
пластиковые окна Нижний Новгород,https://окна-саксэс.рф/,https://oknazavr.ru/nizhniy-novgorod/plastikovye-okna/,uncertain,False,0.0,76.5,67.3,76.758,74.6225,2.1355,4,2,-2,query_preference_rubric_v5,d51_query_preference_rubric_v1,ranking_target_margin,,False
пластиковые окна Нижний Новгород,https://окна-саксэс.рф/,https://prizma-okna.ru/,strong,True,1.0,76.5,68.4,76.758,66.3691,10.3889,4,7,3,query_preference_rubric_v5,d51_query_preference_rubric_v1,ranking_target_margin,,False
пластиковые окна Нижний Новгород,https://окна-саксэс.рф/,https://profinn52.ru/,strong,True,1.0,76.5,62.5,76.758,63.7637,12.9943,4,6,2,query_preference_rubric_v5,d51_query_preference_rubric_v1,ranking_target_margin,,False
пластиковые окна Нижний Новгород,https://окна-саксэс.рф/,https://schtandart-nn.ru/,strong,True,1.0,76.5,69.8,76.758,64.0046,12.7534,4,9,5,query_preference_rubric_v5,d51_query_preference_rubric_v1,ranking_target_margin,,False
пластиковые окна Новосибирск,https://bfk.ru/,https://oknasiber.ru/,strong,True,1.0,66.6,63.5,69.8589,58.0451,11.8138,4,10,6,query_preference_rubric_v5,d51_query_preference_rubric_v1,ranking_target_margin,,False
пластиковые окна Новосибирск,https://bfk.ru/,https://orgzz.ru/novosibirsk/plastikovye_okna/district/centralnyy,uncertain,False,0.0,66.6,70.8,69.8589,66.0859,3.773,4,9,5,query_preference_rubric_v5,d51_query_preference_rubric_v1,ranking_target_margin,,False
пластиковые окна Новосибирск,https://mirokon-nsk.ru/,https://bfk.ru/,strong,True,1.0,76.0,66.6,79.3826,69.8589,9.5237,3,4,1,query_preference_rubric_v5,d51_query_preference_rubric_v1,ranking_target_margin,,False
пластиковые окна Новосибирск,https://mirokon-nsk.ru/,https://novosibirsk.fabrikauyuta.ru/,uncertain,False,0.0,76.0,78.2,79.3826,76.8691,2.5135,3,5,2,query_preference_rubric_v5,d51_query_preference_rubric_v1,ranking_target_margin,,False
пластиковые окна Новосибирск,https://mirokon-nsk.ru/,https://oknasiber.ru/,strong,True,1.0,76.0,63.5,79.3826,58.0451,21.3375,3,10,7,query_preference_rubric_v5,d51_query_preference_rubric_v1,ranking_target_margin,,False
пластиковые окна Новосибирск,https://mirokon-nsk.ru/,https://oknasibirinsk.ru/,weak,True,0.5,76.0,78.3,79.3826,73.7214,5.6612,3,7,4,query_preference_rubric_v5,d51_query_preference_rubric_v1,ranking_target_margin,,False
пластиковые окна Новосибирск,https://mirokon-nsk.ru/,https://oknaveka.com/,strong,True,1.0,76.0,75.2,79.3826,69.4158,9.9668,3,8,5,query_preference_rubric_v5,d51_query_preference_rubric_v1,ranking_target_margin,,False
пластиковые окна Новосибирск,https://mirokon-nsk.ru/,https://orgzz.ru/novosibirsk/plastikovye_okna/district/centralnyy,strong,True,1.0,76.0,70.8,79.3826,66.0859,13.2967,3,9,6,query_preference_rubric_v5,d51_query_preference_rubric_v1,ranking_target_margin,,False
пластиковые окна Новосибирск,https://mirokon-nsk.ru/,https://plastikovye-okna-nsk.ru/,weak,True,0.5,76.0,78.4,79.3826,74.9259,4.4567,3,6,3,query_preference_rubric_v5,d51_query_preference_rubric_v1,ranking_target_margin,,False
пластиковые окна Новосибирск,https://novosibirsk.fabrikauyuta.ru/,https://bfk.ru/,weak,True,0.5,78.2,66.6,76.8691,69.8589,7.0102,5,4,-1,query_preference_rubric_v5,d51_query_preference_rubric_v1,ranking_target_margin,,False
пластиковые окна Новосибирск,https://novosibirsk.fabrikauyuta.ru/,https://oknasiber.ru/,strong,True,1.0,78.2,63.5,76.8691,58.0451,18.824,5,10,5,query_preference_rubric_v5,d51_query_preference_rubric_v1,ranking_target_margin,,False
пластиковые окна Новосибирск,https://novosibirsk.fabrikauyuta.ru/,https://oknasibirinsk.ru/,uncertain,False,0.0,78.2,78.3,76.8691,73.7214,3.1477,5,7,2,query_preference_rubric_v5,d51_query_preference_rubric_v1,ranking_target_margin,,False
пластиковые окна Новосибирск,https://novosibirsk.fabrikauyuta.ru/,https://oknaveka.com/,weak,True,0.5,78.2,75.2,76.8691,69.4158,7.4533,5,8,3,query_preference_rubric_v5,d51_query_preference_rubric_v1,ranking_target_margin,,False
пластиковые окна Новосибирск,https://novosibirsk.fabrikauyuta.ru/,https://orgzz.ru/novosibirsk/plastikovye_okna/district/centralnyy,strong,True,1.0,78.2,70.8,76.8691,66.0859,10.7832,5,9,4,query_preference_rubric_v5,d51_query_preference_rubric_v1,ranking_target_margin,,False
пластиковые окна Новосибирск,https://novosibirsk.okna-plastikovyye.ru/,https://bfk.ru/,strong,True,1.0,75.8,66.6,79.1227,69.8589,9.2638,2,4,2,query_preference_rubric_v5,d51_query_preference_rubric_v1,ranking_target_margin,,False
пластиковые окна Новосибирск,https://novosibirsk.okna-plastikovyye.ru/,https://novosibirsk.fabrikauyuta.ru/,uncertain,False,0.0,75.8,78.2,79.1227,76.8691,2.2536,2,5,3,query_preference_rubric_v5,d51_query_preference_rubric_v1,ranking_target_margin,,False
пластиковые окна Новосибирск,https://novosibirsk.okna-plastikovyye.ru/,https://oknasiber.ru/,strong,True,1.0,75.8,63.5,79.1227,58.0451,21.0776,2,10,8,query_preference_rubric_v5,d51_query_preference_rubric_v1,ranking_target_margin,,False
пластиковые окна Новосибирск,https://novosibirsk.okna-plastikovyye.ru/,https://oknasibirinsk.ru/,weak,True,0.5,75.8,78.3,79.1227,73.7214,5.4013,2,7,5,query_preference_rubric_v5,d51_query_preference_rubric_v1,ranking_target_margin,,False
пластиковые окна Новосибирск,https://novosibirsk.okna-plastikovyye.ru/,https://oknaveka.com/,strong,True,1.0,75.8,75.2,79.1227,69.4158,9.7069,2,8,6,query_preference_rubric_v5,d51_query_preference_rubric_v1,ranking_target_margin,,False
пластиковые окна Новосибирск,https://novosibirsk.okna-plastikovyye.ru/,https://orgzz.ru/novosibirsk/plastikovye_okna/district/centralnyy,strong,True,1.0,75.8,70.8,79.1227,66.0859,13.0368,2,9,7,query_preference_rubric_v5,d51_query_preference_rubric_v1,ranking_target_margin,,False
пластиковые окна Новосибирск,https://novosibirsk.okna-plastikovyye.ru/,https://plastikovye-okna-nsk.ru/,weak,True,0.5,75.8,78.4,79.1227,74.9259,4.1968,2,6,4,query_preference_rubric_v5,d51_query_preference_rubric_v1,ranking_target_margin,,False
пластиковые окна Новосибирск,https://oknasibirinsk.ru/,https://bfk.ru/,uncertain,False,0.0,78.3,66.6,73.7214,69.8589,3.8625,7,4,-3,query_preference_rubric_v5,d51_query_preference_rubric_v1,ranking_target_margin,,False
пластиковые окна Новосибирск,https://oknasibirinsk.ru/,https://oknasiber.ru/,strong,True,1.0,78.3,63.5,73.7214,58.0451,15.6763,7,10,3,query_preference_rubric_v5,d51_query_preference_rubric_v1,ranking_target_margin,,False
пластиковые окна Новосибирск,https://oknasibirinsk.ru/,https://oknaveka.com/,weak,True,0.5,78.3,75.2,73.7214,69.4158,4.3056,7,8,1,query_preference_rubric_v5,d51_query_preference_rubric_v1,ranking_target_margin,,False
пластиковые окна Новосибирск,https://oknasibirinsk.ru/,https://orgzz.ru/novosibirsk/plastikovye_okna/district/centralnyy,weak,True,0.5,78.3,70.8,73.7214,66.0859,7.6355,7,9,2,query_preference_rubric_v5,d51_query_preference_rubric_v1,ranking_target_margin,,False
пластиковые окна Новосибирск,https://oknaveka.com/,https://oknasiber.ru/,strong,True,1.0,75.2,63.5,69.4158,58.0451,11.3707,8,10,2,query_preference_rubric_v5,d51_query_preference_rubric_v1,ranking_target_margin,,False
пластиковые окна Новосибирск,https://oknaveka.com/,https://orgzz.ru/novosibirsk/plastikovye_okna/district/centralnyy,uncertain,False,0.0,75.2,70.8,69.4158,66.0859,3.3299,8,9,1,query_preference_rubric_v5,d51_query_preference_rubric_v1,ranking_target_margin,,False
пластиковые окна Новосибирск,https://oknazavr.ru/novosibirsk/plastikovye-okna/,https://bfk.ru/,strong,True,1.0,69.8,66.6,78.3663,69.8589,8.5074,1,4,3,query_preference_rubric_v5,d51_query_preference_rubric_v1,ranking_target_margin,,False
пластиковые окна Новосибирск,https://oknazavr.ru/novosibirsk/plastikovye-okna/,https://oknasiber.ru/,strong,True,1.0,69.8,63.5,78.3663,58.0451,20.3212,1,10,9,query_preference_rubric_v5,d51_query_preference_rubric_v1,ranking_target_margin,,False
пластиковые окна Новосибирск,https://oknazavr.ru/novosibirsk/plastikovye-okna/,https://oknasibirinsk.ru/,weak,True,0.5,69.8,78.3,78.3663,73.7214,4.6449,1,7,6,query_preference_rubric_v5,d51_query_preference_rubric_v1,ranking_target_margin,,False
пластиковые окна Новосибирск,https://oknazavr.ru/novosibirsk/plastikovye-okna/,https://oknaveka.com/,strong,True,1.0,69.8,75.2,78.3663,69.4158,8.9505,1,8,7,query_preference_rubric_v5,d51_query_preference_rubric_v1,ranking_target_margin,,False
пластиковые окна Новосибирск,https://oknazavr.ru/novosibirsk/plastikovye-okna/,https://orgzz.ru/novosibirsk/plastikovye_okna/district/centralnyy,strong,True,1.0,69.8,70.8,78.3663,66.0859,12.2804,1,9,8,query_preference_rubric_v5,d51_query_preference_rubric_v1,ranking_target_margin,,False
пластиковые окна Новосибирск,https://oknazavr.ru/novosibirsk/plastikovye-okna/,https://plastikovye-okna-nsk.ru/,uncertain,False,0.0,69.8,78.4,78.3663,74.9259,3.4404,1,6,5,query_preference_rubric_v5,d51_query_preference_rubric_v1,ranking_target_margin,,False
пластиковые окна Новосибирск,https://orgzz.ru/novosibirsk/plastikovye_okna/district/centralnyy,https://oknasiber.ru/,strong,True,1.0,70.8,63.5,66.0859,58.0451,8.0408,9,10,1,query_preference_rubric_v5,d51_query_preference_rubric_v1,ranking_target_margin,,False
пластиковые окна Новосибирск,https://plastikovye-okna-nsk.ru/,https://bfk.ru/,weak,True,0.5,78.4,66.6,74.9259,69.8589,5.067,6,4,-2,query_preference_rubric_v5,d51_query_preference_rubric_v1,ranking_target_margin,,False
пластиковые окна Новосибирск,https://plastikovye-okna-nsk.ru/,https://oknasiber.ru/,strong,True,1.0,78.4,63.5,74.9259,58.0451,16.8808,6,10,4,query_preference_rubric_v5,d51_query_preference_rubric_v1,ranking_target_margin,,False
пластиковые окна Новосибирск,https://plastikovye-okna-nsk.ru/,https://oknaveka.com/,weak,True,0.5,78.4,75.2,74.9259,69.4158,5.5101,6,8,2,query_preference_rubric_v5,d51_query_preference_rubric_v1,ranking_target_margin,,False
пластиковые окна Новосибирск,https://plastikovye-okna-nsk.ru/,https://orgzz.ru/novosibirsk/plastikovye_okna/district/centralnyy,strong,True,1.0,78.4,70.8,74.9259,66.0859,8.84,6,9,3,query_preference_rubric_v5,d51_query_preference_rubric_v1,ranking_target_margin,,False
пластиковые окна Самара,https://azbukaokon63.ru/,https://mirokon-samara.ru/,strong,True,1.0,73.8,68.3,73.9498,65.4489,8.5009,5,8,3,query_preference_rubric_v5,d51_query_preference_rubric_v1,ranking_target_margin,,False
пластиковые окна Самара,https://azbukaokon63.ru/,https://smr.okna-olkon.ru/,weak,True,0.5,73.8,75.8,73.9498,67.5376,6.4122,5,10,5,query_preference_rubric_v5,d51_query_preference_rubric_v1,ranking_target_margin,,False
пластиковые окна Самара,https://azbukaokon63.ru/,https://www.avito.ru/samara/remont_i_stroitelstvo/plastikovye_okna_8099668986,strong,True,1.0,73.8,27.3,73.9498,28.7236,45.2262,5,9,4,query_preference_rubric_v5,d51_query_preference_rubric_v1,ranking_target_margin,,False
пластиковые окна Самара,https://mirokon-samara.ru/,https://www.avito.ru/samara/remont_i_stroitelstvo/plastikovye_okna_8099668986,strong,True,1.0,68.3,27.3,65.4489,28.7236,36.7253,8,9,1,query_preference_rubric_v5,d51_query_preference_rubric_v1,ranking_target_margin,,False
пластиковые окна Самара,https://npik.ru/,https://mirokon-samara.ru/,strong,True,1.0,79.1,68.3,74.2122,65.4489,8.7633,7,8,1,query_preference_rubric_v5,d51_query_preference_rubric_v1,ranking_target_margin,,False
пластиковые окна Самара,https://npik.ru/,https://smr.okna-olkon.ru/,weak,True,0.5,79.1,75.8,74.2122,67.5376,6.6746,7,10,3,query_preference_rubric_v5,d51_query_preference_rubric_v1,ranking_target_margin,,False
пластиковые окна Самара,https://npik.ru/,https://www.avito.ru/samara/remont_i_stroitelstvo/plastikovye_okna_8099668986,strong,True,1.0,79.1,27.3,74.2122,28.7236,45.4886,7,9,2,query_preference_rubric_v5,d51_query_preference_rubric_v1,ranking_target_margin,,False
пластиковые окна Самара,https://okna-sok.ru/,https://azbukaokon63.ru/,strong,True,1.0,83.1,73.8,87.9818,73.9498,14.032,1,5,4,query_preference_rubric_v5,d51_query_preference_rubric_v1,ranking_target_margin,,False
пластиковые окна Самара,https://okna-sok.ru/,https://mirokon-samara.ru/,strong,True,1.0,83.1,68.3,87.9818,65.4489,22.5329,1,8,7,query_preference_rubric_v5,d51_query_preference_rubric_v1,ranking_target_margin,,False
пластиковые окна Самара,https://okna-sok.ru/,https://npik.ru/,strong,True,1.0,83.1,79.1,87.9818,74.2122,13.7696,1,7,6,query_preference_rubric_v5,d51_query_preference_rubric_v1,ranking_target_margin,,False
пластиковые окна Самара,https://okna-sok.ru/,https://oknasravni.ru/samara,strong,True,1.0,83.1,73.1,87.9818,78.8933,9.0885,1,2,1,query_preference_rubric_v5,d51_query_preference_rubric_v1,ranking_target_margin,,False
пластиковые окна Самара,https://okna-sok.ru/,https://oknazavr.ru/samara/plastikovye-okna/,strong,True,1.0,83.1,72.0,87.9818,77.0538,10.928,1,3,2,query_preference_rubric_v5,d51_query_preference_rubric_v1,ranking_target_margin,,False
пластиковые окна Самара,https://okna-sok.ru/,https://samara.delaem-okna.ru/,strong,True,1.0,83.1,80.7,87.9818,77.3472,10.6346,1,6,5,query_preference_rubric_v5,d51_query_preference_rubric_v1,ranking_target_margin,,False
пластиковые окна Самара,https://okna-sok.ru/,https://samara.okna-plastikovyye.ru/,strong,True,1.0,83.1,74.5,87.9818,74.9514,13.0304,1,4,3,query_preference_rubric_v5,d51_query_preference_rubric_v1,ranking_target_margin,,False
пластиковые окна Самара,https://okna-sok.ru/,https://smr.okna-olkon.ru/,strong,True,1.0,83.1,75.8,87.9818,67.5376,20.4442,1,10,9,query_preference_rubric_v5,d51_query_preference_rubric_v1,ranking_target_margin,,False
пластиковые окна Самара,https://okna-sok.ru/,https://www.avito.ru/samara/remont_i_stroitelstvo/plastikovye_okna_8099668986,strong,True,1.0,83.1,27.3,87.9818,28.7236,59.2582,1,9,8,query_preference_rubric_v5,d51_query_preference_rubric_v1,ranking_target_margin,,False
пластиковые окна Самара,https://oknasravni.ru/samara,https://azbukaokon63.ru/,weak,True,0.5,73.1,73.8,78.8933,73.9498,4.9435,2,5,3,query_preference_rubric_v5,d51_query_preference_rubric_v1,ranking_target_margin,,False
пластиковые окна Самара,https://oknasravni.ru/samara,https://mirokon-samara.ru/,strong,True,1.0,73.1,68.3,78.8933,65.4489,13.4444,2,8,6,query_preference_rubric_v5,d51_query_preference_rubric_v1,ranking_target_margin,,False
пластиковые окна Самара,https://oknasravni.ru/samara,https://npik.ru/,weak,True,0.5,73.1,79.1,78.8933,74.2122,4.6811,2,7,5,query_preference_rubric_v5,d51_query_preference_rubric_v1,ranking_target_margin,,False
пластиковые окна Самара,https://oknasravni.ru/samara,https://samara.okna-plastikovyye.ru/,uncertain,False,0.0,73.1,74.5,78.8933,74.9514,3.9419,2,4,2,query_preference_rubric_v5,d51_query_preference_rubric_v1,ranking_target_margin,,False
пластиковые окна Самара,https://oknasravni.ru/samara,https://smr.okna-olkon.ru/,strong,True,1.0,73.1,75.8,78.8933,67.5376,11.3557,2,10,8,query_preference_rubric_v5,d51_query_preference_rubric_v1,ranking_target_margin,,False
пластиковые окна Самара,https://oknasravni.ru/samara,https://www.avito.ru/samara/remont_i_stroitelstvo/plastikovye_okna_8099668986,strong,True,1.0,73.1,27.3,78.8933,28.7236,50.1697,2,9,7,query_preference_rubric_v5,d51_query_preference_rubric_v1,ranking_target_margin,,False
пластиковые окна Самара,https://oknazavr.ru/samara/plastikovye-okna/,https://azbukaokon63.ru/,uncertain,False,0.0,72.0,73.8,77.0538,73.9498,3.104,3,5,2,query_preference_rubric_v5,d51_query_preference_rubric_v1,ranking_target_margin,,False
пластиковые окна Самара,https://oknazavr.ru/samara/plastikovye-okna/,https://mirokon-samara.ru/,strong,True,1.0,72.0,68.3,77.0538,65.4489,11.6049,3,8,5,query_preference_rubric_v5,d51_query_preference_rubric_v1,ranking_target_margin,,False
пластиковые окна Самара,https://oknazavr.ru/samara/plastikovye-okna/,https://npik.ru/,uncertain,False,0.0,72.0,79.1,77.0538,74.2122,2.8416,3,7,4,query_preference_rubric_v5,d51_query_preference_rubric_v1,ranking_target_margin,,False
пластиковые окна Самара,https://oknazavr.ru/samara/plastikovye-okna/,https://samara.okna-plastikovyye.ru/,uncertain,False,0.0,72.0,74.5,77.0538,74.9514,2.1024,3,4,1,query_preference_rubric_v5,d51_query_preference_rubric_v1,ranking_target_margin,,False
пластиковые окна Самара,https://oknazavr.ru/samara/plastikovye-okna/,https://smr.okna-olkon.ru/,strong,True,1.0,72.0,75.8,77.0538,67.5376,9.5162,3,10,7,query_preference_rubric_v5,d51_query_preference_rubric_v1,ranking_target_margin,,False
пластиковые окна Самара,https://oknazavr.ru/samara/plastikovye-okna/,https://www.avito.ru/samara/remont_i_stroitelstvo/plastikovye_okna_8099668986,strong,True,1.0,72.0,27.3,77.0538,28.7236,48.3302,3,9,6,query_preference_rubric_v5,d51_query_preference_rubric_v1,ranking_target_margin,,False
пластиковые окна Самара,https://samara.delaem-okna.ru/,https://azbukaokon63.ru/,uncertain,False,0.0,80.7,73.8,77.3472,73.9498,3.3974,6,5,-1,query_preference_rubric_v5,d51_query_preference_rubric_v1,ranking_target_margin,,False
пластиковые окна Самара,https://samara.delaem-okna.ru/,https://mirokon-samara.ru/,strong,True,1.0,80.7,68.3,77.3472,65.4489,11.8983,6,8,2,query_preference_rubric_v5,d51_query_preference_rubric_v1,ranking_target_margin,,False
пластиковые окна Самара,https://samara.delaem-okna.ru/,https://npik.ru/,uncertain,False,0.0,80.7,79.1,77.3472,74.2122,3.135,6,7,1,query_preference_rubric_v5,d51_query_preference_rubric_v1,ranking_target_margin,,False
пластиковые окна Самара,https://samara.delaem-okna.ru/,https://samara.okna-plastikovyye.ru/,uncertain,False,0.0,80.7,74.5,77.3472,74.9514,2.3958,6,4,-2,query_preference_rubric_v5,d51_query_preference_rubric_v1,ranking_target_margin,,False
пластиковые окна Самара,https://samara.delaem-okna.ru/,https://smr.okna-olkon.ru/,strong,True,1.0,80.7,75.8,77.3472,67.5376,9.8096,6,10,4,query_preference_rubric_v5,d51_query_preference_rubric_v1,ranking_target_margin,,False
пластиковые окна Самара,https://samara.delaem-okna.ru/,https://www.avito.ru/samara/remont_i_stroitelstvo/plastikovye_okna_8099668986,strong,True,1.0,80.7,27.3,77.3472,28.7236,48.6236,6,9,3,query_preference_rubric_v5,d51_query_preference_rubric_v1,ranking_target_margin,,False
пластиковые окна Самара,https://samara.okna-plastikovyye.ru/,https://mirokon-samara.ru/,strong,True,1.0,74.5,68.3,74.9514,65.4489,9.5025,4,8,4,query_preference_rubric_v5,d51_query_preference_rubric_v1,ranking_target_margin,,False
пластиковые окна Самара,https://samara.okna-plastikovyye.ru/,https://smr.okna-olkon.ru/,weak,True,0.5,74.5,75.8,74.9514,67.5376,7.4138,4,10,6,query_preference_rubric_v5,d51_query_preference_rubric_v1,ranking_target_margin,,False
пластиковые окна Самара,https://samara.okna-plastikovyye.ru/,https://www.avito.ru/samara/remont_i_stroitelstvo/plastikovye_okna_8099668986,strong,True,1.0,74.5,27.3,74.9514,28.7236,46.2278,4,9,5,query_preference_rubric_v5,d51_query_preference_rubric_v1,ranking_target_margin,,False
пластиковые окна Самара,https://smr.okna-olkon.ru/,https://mirokon-samara.ru/,uncertain,False,0.0,75.8,68.3,67.5376,65.4489,2.0887,10,8,-2,query_preference_rubric_v5,d51_query_preference_rubric_v1,ranking_target_margin,,False
пластиковые окна Самара,https://smr.okna-olkon.ru/,https://www.avito.ru/samara/remont_i_stroitelstvo/plastikovye_okna_8099668986,strong,True,1.0,75.8,27.3,67.5376,28.7236,38.814,10,9,-1,query_preference_rubric_v5,d51_query_preference_rubric_v1,ranking_target_margin,,False
пластиковые окна Санкт-Петербург,https://markakachestva.ru/amenities/2860-luchshie-firmy-plastikovyh-okon-spb.html,https://okna.spb.ru/,weak,True,0.5,69.4,76.3,73.4598,68.9797,4.4801,3,9,6,query_preference_rubric_v5,d51_query_preference_rubric_v1,ranking_target_margin,,False
пластиковые окна Санкт-Петербург,https://markakachestva.ru/amenities/2860-luchshie-firmy-plastikovyh-okon-spb.html,https://spb.oknafactoria.ru/,strong,True,1.0,69.4,26.6,73.4598,33.1117,40.3481,3,7,4,query_preference_rubric_v5,d51_query_preference_rubric_v1,ranking_target_margin,,False
пластиковые окна Санкт-Петербург,https://markakachestva.ru/amenities/2860-luchshie-firmy-plastikovyh-okon-spb.html,https://zavodokon-spb.ru/,strong,True,1.0,69.4,57.9,73.4598,51.9148,21.545,3,10,7,query_preference_rubric_v5,d51_query_preference_rubric_v1,ranking_target_margin,,False
пластиковые окна Санкт-Петербург,https://okna-centre.ru/,https://markakachestva.ru/amenities/2860-luchshie-firmy-plastikovyh-okon-spb.html,weak,True,0.5,79.5,69.4,78.2928,73.4598,4.833,5,3,-2,query_preference_rubric_v5,d51_query_preference_rubric_v1,ranking_target_margin,,False
пластиковые окна Санкт-Петербург,https://okna-centre.ru/,https://okna-spb.ru/,weak,True,0.5,79.5,71.6,78.2928,72.8083,5.4845,5,4,-1,query_preference_rubric_v5,d51_query_preference_rubric_v1,ranking_target_margin,,False
пластиковые окна Санкт-Петербург,https://okna-centre.ru/,https://okna.spb.ru/,strong,True,1.0,79.5,76.3,78.2928,68.9797,9.3131,5,9,4,query_preference_rubric_v5,d51_query_preference_rubric_v1,ranking_target_margin,,False
пластиковые окна Санкт-Петербург,https://okna-centre.ru/,https://spb.okna-plastikovyye.ru/,weak,True,0.5,79.5,75.2,78.2928,72.3345,5.9583,5,6,1,query_preference_rubric_v5,d51_query_preference_rubric_v1,ranking_target_margin,,False
пластиковые окна Санкт-Петербург,https://okna-centre.ru/,https://spb.oknafactoria.ru/,strong,True,1.0,79.5,26.6,78.2928,33.1117,45.1811,5,7,2,query_preference_rubric_v5,d51_query_preference_rubric_v1,ranking_target_margin,,False
пластиковые окна Санкт-Петербург,https://okna-centre.ru/,https://zavod-okna-pvh.ru/,weak,True,0.5,79.5,80.0,78.2928,73.4082,4.8846,5,8,3,query_preference_rubric_v5,d51_query_preference_rubric_v1,ranking_target_margin,,False
пластиковые окна Санкт-Петербург,https://okna-centre.ru/,https://zavodokon-spb.ru/,strong,True,1.0,79.5,57.9,78.2928,51.9148,26.378,5,10,5,query_preference_rubric_v5,d51_query_preference_rubric_v1,ranking_target_margin,,False
пластиковые окна Санкт-Петербург,https://okna-spb.ru/,https://okna.spb.ru/,uncertain,False,0.0,71.6,76.3,72.8083,68.9797,3.8286,4,9,5,query_preference_rubric_v5,d51_query_preference_rubric_v1,ranking_target_margin,,False
пластиковые окна Санкт-Петербург,https://okna-spb.ru/,https://spb.oknafactoria.ru/,strong,True,1.0,71.6,26.6,72.8083,33.1117,39.6966,4,7,3,query_preference_rubric_v5,d51_query_preference_rubric_v1,ranking_target_margin,,False
пластиковые окна Санкт-Петербург,https://okna-spb.ru/,https://zavodokon-spb.ru/,strong,True,1.0,71.6,57.9,72.8083,51.9148,20.8935,4,10,6,query_preference_rubric_v5,d51_query_preference_rubric_v1,ranking_target_margin,,False
пластиковые окна Санкт-Петербург,https://okna.spb.ru/,https://spb.oknafactoria.ru/,strong,True,1.0,76.3,26.6,68.9797,33.1117,35.868,9,7,-2,query_preference_rubric_v5,d51_query_preference_rubric_v1,ranking_target_margin,,False
пластиковые окна Санкт-Петербург,https://okna.spb.ru/,https://zavodokon-spb.ru/,strong,True,1.0,76.3,57.9,68.9797,51.9148,17.0649,9,10,1,query_preference_rubric_v5,d51_query_preference_rubric_v1,ranking_target_margin,,False
пластиковые окна Санкт-Петербург,https://spb.okna-plastikovyye.ru/,https://okna.spb.ru/,uncertain,False,0.0,75.2,76.3,72.3345,68.9797,3.3548,6,9,3,query_preference_rubric_v5,d51_query_preference_rubric_v1,ranking_target_margin,,False
пластиковые окна Санкт-Петербург,https://spb.okna-plastikovyye.ru/,https://spb.oknafactoria.ru/,strong,True,1.0,75.2,26.6,72.3345,33.1117,39.2228,6,7,1,query_preference_rubric_v5,d51_query_preference_rubric_v1,ranking_target_margin,,False
пластиковые окна Санкт-Петербург,https://spb.okna-plastikovyye.ru/,https://zavodokon-spb.ru/,strong,True,1.0,75.2,57.9,72.3345,51.9148,20.4197,6,10,4,query_preference_rubric_v5,d51_query_preference_rubric_v1,ranking_target_margin,,False
пластиковые окна Санкт-Петербург,https://zavod-okna-pvh.ru/,https://okna.spb.ru/,weak,True,0.5,80.0,76.3,73.4082,68.9797,4.4285,8,9,1,query_preference_rubric_v5,d51_query_preference_rubric_v1,ranking_target_margin,,False
пластиковые окна Санкт-Петербург,https://zavod-okna-pvh.ru/,https://spb.oknafactoria.ru/,strong,True,1.0,80.0,26.6,73.4082,33.1117,40.2965,8,7,-1,query_preference_rubric_v5,d51_query_preference_rubric_v1,ranking_target_margin,,False
пластиковые окна Санкт-Петербург,https://zavod-okna-pvh.ru/,https://zavodokon-spb.ru/,strong,True,1.0,80.0,57.9,73.4082,51.9148,21.4934,8,10,2,query_preference_rubric_v5,d51_query_preference_rubric_v1,ranking_target_margin,,False
пластиковые окна Санкт-Петербург,https://zavod-plastikovih-okon.ru/,https://markakachestva.ru/amenities/2860-luchshie-firmy-plastikovyh-okon-spb.html,weak,True,0.5,73.6,69.4,80.348,73.4598,6.8882,1,3,2,query_preference_rubric_v5,d51_query_preference_rubric_v1,ranking_target_margin,,False
пластиковые окна Санкт-Петербург,https://zavod-plastikovih-okon.ru/,https://okna-centre.ru/,uncertain,False,0.0,73.6,79.5,80.348,78.2928,2.0552,1,5,4,query_preference_rubric_v5,d51_query_preference_rubric_v1,ranking_target_margin,,False
пластиковые окна Санкт-Петербург,https://zavod-plastikovih-okon.ru/,https://okna-spb.ru/,weak,True,0.5,73.6,71.6,80.348,72.8083,7.5397,1,4,3,query_preference_rubric_v5,d51_query_preference_rubric_v1,ranking_target_margin,,False
пластиковые окна Санкт-Петербург,https://zavod-plastikovih-okon.ru/,https://okna.spb.ru/,strong,True,1.0,73.6,76.3,80.348,68.9797,11.3683,1,9,8,query_preference_rubric_v5,d51_query_preference_rubric_v1,ranking_target_margin,,False
пластиковые окна Санкт-Петербург,https://zavod-plastikovih-okon.ru/,https://spb.okna-plastikovyye.ru/,strong,True,1.0,73.6,75.2,80.348,72.3345,8.0135,1,6,5,query_preference_rubric_v5,d51_query_preference_rubric_v1,ranking_target_margin,,False
пластиковые окна Санкт-Петербург,https://zavod-plastikovih-okon.ru/,https://spb.oknafactoria.ru/,strong,True,1.0,73.6,26.6,80.348,33.1117,47.2363,1,7,6,query_preference_rubric_v5,d51_query_preference_rubric_v1,ranking_target_margin,,False
пластиковые окна Санкт-Петербург,https://zavod-plastikovih-okon.ru/,https://zavod-okna-pvh.ru/,weak,True,0.5,73.6,80.0,80.348,73.4082,6.9398,1,8,7,query_preference_rubric_v5,d51_query_preference_rubric_v1,ranking_target_margin,,False
пластиковые окна Санкт-Петербург,https://zavod-plastikovih-okon.ru/,https://zavodokon-spb.ru/,strong,True,1.0,73.6,57.9,80.348,51.9148,28.4332,1,10,9,query_preference_rubric_v5,d51_query_preference_rubric_v1,ranking_target_margin,,False
пластиковые окна Санкт-Петербург,https://zavodokon-spb.ru/,https://spb.oknafactoria.ru/,strong,True,1.0,57.9,26.6,51.9148,33.1117,18.8031,10,7,-3,query_preference_rubric_v5,d51_query_preference_rubric_v1,ranking_target_margin,,False
пластиковые окна отзывы,https://otzovikon.com/subject/188/plastikovye-okna,https://irecommend.ru/catalog/list/9986-9990,strong,True,1.25,76.9,72.5,83.7059,73.9842,9.7217,1,5,4,query_preference_rubric_v5,d51_query_preference_rubric_v1,d50_top3_recovery,aggregator_or_marketplace_distortion|rank_prior_disagreement|shortcut_text_volume,True
пластиковые окна отзывы,https://otzovikon.com/subject/188/plastikovye-okna,https://ratingplastic.ru/,strong,True,1.25,76.9,72.7,83.7059,71.3853,12.3206,1,6,5,query_preference_rubric_v5,d51_query_preference_rubric_v1,d50_top3_recovery,aggregator_or_marketplace_distortion|rank_prior_disagreement|shortcut_text_volume,True
пластиковые окна отзывы,https://otzovikon.com/subject/188/plastikovye-okna,https://www.fabrikaokon.ru/otzyvy.html,strong,True,1.25,76.9,73.4,83.7059,65.1522,18.5537,1,10,9,query_preference_rubric_v5,d51_query_preference_rubric_v1,d50_top3_recovery,aggregator_or_marketplace_distortion|rank_prior_disagreement|shortcut_text_volume,True
пластиковые окна отзывы,https://vyboroved.ru/reyting/luchshie-plastikovye-okna,https://irecommend.ru/catalog/list/9986-9990,weak,True,0.65,63.3,72.5,69.694,73.9842,-4.2902,2,5,3,query_preference_rubric_v5,d51_query_preference_rubric_v1,d50_top3_recovery,aggregator_or_marketplace_distortion|rank_prior_disagreement|shortcut_text_volume,True
пластиковые окна отзывы,https://vyboroved.ru/reyting/luchshie-plastikovye-okna,https://ratingplastic.ru/,weak,True,0.65,63.3,72.7,69.694,71.3853,-1.6913,2,6,4,query_preference_rubric_v5,d51_query_preference_rubric_v1,d50_top3_recovery,aggregator_or_marketplace_distortion|rank_prior_disagreement|shortcut_text_volume,True
пластиковые окна отзывы,https://vyboroved.ru/reyting/luchshie-plastikovye-okna,https://www.fabrikaokon.ru/otzyvy.html,weak,True,0.65,63.3,73.4,69.694,65.1522,4.5418,2,10,8,query_preference_rubric_v5,d51_query_preference_rubric_v1,d50_top3_recovery,aggregator_or_marketplace_distortion|rank_prior_disagreement|shortcut_text_volume,True
пластиковые окна отзывы,https://www.kp.ru/expert/stroitelstvo/luchshie-plastikovye-okna/,https://irecommend.ru/catalog/list/9986-9990,strong,True,1.25,72.5,72.5,75.8332,73.9842,1.849,3,5,2,query_preference_rubric_v5,d51_query_preference_rubric_v1,d50_top3_recovery,aggregator_or_marketplace_distortion|rank_prior_disagreement|shortcut_text_volume,True
пластиковые окна отзывы,https://www.kp.ru/expert/stroitelstvo/luchshie-plastikovye-okna/,https://ratingplastic.ru/,strong,True,1.25,72.5,72.7,75.8332,71.3853,4.4479,3,6,3,query_preference_rubric_v5,d51_query_preference_rubric_v1,d50_top3_recovery,aggregator_or_marketplace_distortion|rank_prior_disagreement|shortcut_text_volume,True
пластиковые окна отзывы,https://www.kp.ru/expert/stroitelstvo/luchshie-plastikovye-okna/,https://www.fabrikaokon.ru/otzyvy.html,strong,True,1.25,72.5,73.4,75.8332,65.1522,10.681,3,10,7,query_preference_rubric_v5,d51_query_preference_rubric_v1,d50_top3_recovery,aggregator_or_marketplace_distortion|rank_prior_disagreement|shortcut_text_volume,True
пластиковые окна отзывы,https://irecommend.ru/catalog/list/9986-9990,https://kupiokno.ru/otziv,strong,True,1.0,72.5,32.6,73.9842,43.9915,29.9927,5,4,-1,query_preference_rubric_v5,d51_query_preference_rubric_v1,ranking_target_margin,,True
пластиковые окна отзывы,https://irecommend.ru/catalog/list/9986-9990,https://oknarating.ru/plastika-okon/opinions,strong,True,1.0,72.5,62.1,73.9842,60.0157,13.9685,5,8,3,query_preference_rubric_v5,d51_query_preference_rubric_v1,ranking_target_margin,,True
пластиковые окна отзывы,https://irecommend.ru/catalog/list/9986-9990,https://ratingplastic.ru/,uncertain,False,0.0,72.5,72.7,73.9842,71.3853,2.5989,5,6,1,query_preference_rubric_v5,d51_query_preference_rubric_v1,ranking_target_margin,,True
пластиковые окна отзывы,https://irecommend.ru/catalog/list/9986-9990,https://vyboroved.ru/reyting/luchshie-plastikovye-okna,weak,True,0.5,72.5,63.3,73.9842,69.694,4.2902,5,2,-3,query_preference_rubric_v5,d51_query_preference_rubric_v1,ranking_target_margin,,True
пластиковые окна отзывы,https://irecommend.ru/catalog/list/9986-9990,https://www.fabrikaokon.ru/otzyvy.html,strong,True,1.0,72.5,73.4,73.9842,65.1522,8.832,5,10,5,query_preference_rubric_v5,d51_query_preference_rubric_v1,ranking_target_margin,,True
пластиковые окна отзывы,https://irecommend.ru/catalog/list/9986-9990,https://www.oknamedia.ru/otzyvy,strong,True,1.0,72.5,35.9,73.9842,37.5166,36.4676,5,9,4,query_preference_rubric_v5,d51_query_preference_rubric_v1,ranking_target_margin,,True
пластиковые окна отзывы,https://irecommend.ru/catalog/list/9986-9990,https://www.ozon.ru/category/plastikovye-okna-34491/review/,strong,True,1.0,72.5,25.7,73.9842,30.3137,43.6705,5,7,2,query_preference_rubric_v5,d51_query_preference_rubric_v1,ranking_target_margin,,True
пластиковые окна отзывы,https://kupiokno.ru/otziv,https://www.oknamedia.ru/otzyvy,weak,True,0.5,32.6,35.9,43.9915,37.5166,6.4749,4,9,5,query_preference_rubric_v5,d51_query_preference_rubric_v1,ranking_target_margin,,True
пластиковые окна отзывы,https://kupiokno.ru/otziv,https://www.ozon.ru/category/plastikovye-okna-34491/review/,strong,True,1.0,32.6,25.7,43.9915,30.3137,13.6778,4,7,3,query_preference_rubric_v5,d51_query_preference_rubric_v1,ranking_target_margin,,True
пластиковые окна отзывы,https://oknarating.ru/plastika-okon/opinions,https://kupiokno.ru/otziv,strong,True,1.0,62.1,32.6,60.0157,43.9915,16.0242,8,4,-4,query_preference_rubric_v5,d51_query_preference_rubric_v1,ranking_target_margin,,True
пластиковые окна отзывы,https://oknarating.ru/plastika-okon/opinions,https://www.oknamedia.ru/otzyvy,strong,True,1.0,62.1,35.9,60.0157,37.5166,22.4991,8,9,1,query_preference_rubric_v5,d51_query_preference_rubric_v1,ranking_target_margin,,True
пластиковые окна отзывы,https://oknarating.ru/plastika-okon/opinions,https://www.ozon.ru/category/plastikovye-okna-34491/review/,strong,True,1.0,62.1,25.7,60.0157,30.3137,29.702,8,7,-1,query_preference_rubric_v5,d51_query_preference_rubric_v1,ranking_target_margin,,True
пластиковые окна отзывы,https://otzovikon.com/subject/188/plastikovye-okna,https://kupiokno.ru/otziv,strong,True,1.0,76.9,32.6,83.7059,43.9915,39.7144,1,4,3,query_preference_rubric_v5,d51_query_preference_rubric_v1,ranking_target_margin,,True
пластиковые окна отзывы,https://otzovikon.com/subject/188/plastikovye-okna,https://oknarating.ru/plastika-okon/opinions,strong,True,1.0,76.9,62.1,83.7059,60.0157,23.6902,1,8,7,query_preference_rubric_v5,d51_query_preference_rubric_v1,ranking_target_margin,,True
пластиковые окна отзывы,https://otzovikon.com/subject/188/plastikovye-okna,https://vyboroved.ru/reyting/luchshie-plastikovye-okna,strong,True,1.0,76.9,63.3,83.7059,69.694,14.0119,1,2,1,query_preference_rubric_v5,d51_query_preference_rubric_v1,ranking_target_margin,,True
пластиковые окна отзывы,https://otzovikon.com/subject/188/plastikovye-okna,https://www.kp.ru/expert/stroitelstvo/luchshie-plastikovye-okna/,weak,True,0.5,76.9,72.5,83.7059,75.8332,7.8727,1,3,2,query_preference_rubric_v5,d51_query_preference_rubric_v1,ranking_target_margin,,True
пластиковые окна отзывы,https://otzovikon.com/subject/188/plastikovye-okna,https://www.oknamedia.ru/otzyvy,strong,True,1.0,76.9,35.9,83.7059,37.5166,46.1893,1,9,8,query_preference_rubric_v5,d51_query_preference_rubric_v1,ranking_target_margin,,True
пластиковые окна отзывы,https://otzovikon.com/subject/188/plastikovye-okna,https://www.ozon.ru/category/plastikovye-okna-34491/review/,strong,True,1.0,76.9,25.7,83.7059,30.3137,53.3922,1,7,6,query_preference_rubric_v5,d51_query_preference_rubric_v1,ranking_target_margin,,True
пластиковые окна отзывы,https://ratingplastic.ru/,https://kupiokno.ru/otziv,strong,True,1.0,72.7,32.6,71.3853,43.9915,27.3938,6,4,-2,query_preference_rubric_v5,d51_query_preference_rubric_v1,ranking_target_margin,,True
пластиковые окна отзывы,https://ratingplastic.ru/,https://oknarating.ru/plastika-okon/opinions,strong,True,1.0,72.7,62.1,71.3853,60.0157,11.3696,6,8,2,query_preference_rubric_v5,d51_query_preference_rubric_v1,ranking_target_margin,,True
пластиковые окна отзывы,https://ratingplastic.ru/,https://www.fabrikaokon.ru/otzyvy.html,weak,True,0.5,72.7,73.4,71.3853,65.1522,6.2331,6,10,4,query_preference_rubric_v5,d51_query_preference_rubric_v1,ranking_target_margin,,True
пластиковые окна отзывы,https://ratingplastic.ru/,https://www.oknamedia.ru/otzyvy,strong,True,1.0,72.7,35.9,71.3853,37.5166,33.8687,6,9,3,query_preference_rubric_v5,d51_query_preference_rubric_v1,ranking_target_margin,,True
пластиковые окна отзывы,https://ratingplastic.ru/,https://www.ozon.ru/category/plastikovye-okna-34491/review/,strong,True,1.0,72.7,25.7,71.3853,30.3137,41.0716,6,7,1,query_preference_rubric_v5,d51_query_preference_rubric_v1,ranking_target_margin,,True
пластиковые окна отзывы,https://vyboroved.ru/reyting/luchshie-plastikovye-okna,https://kupiokno.ru/otziv,strong,True,1.0,63.3,32.6,69.694,43.9915,25.7025,2,4,2,query_preference_rubric_v5,d51_query_preference_rubric_v1,ranking_target_margin,,True
пластиковые окна отзывы,https://vyboroved.ru/reyting/luchshie-plastikovye-okna,https://oknarating.ru/plastika-okon/opinions,strong,True,1.0,63.3,62.1,69.694,60.0157,9.6783,2,8,6,query_preference_rubric_v5,d51_query_preference_rubric_v1,ranking_target_margin,,True
пластиковые окна отзывы,https://vyboroved.ru/reyting/luchshie-plastikovye-okna,https://www.oknamedia.ru/otzyvy,strong,True,1.0,63.3,35.9,69.694,37.5166,32.1774,2,9,7,query_preference_rubric_v5,d51_query_preference_rubric_v1,ranking_target_margin,,True
пластиковые окна отзывы,https://vyboroved.ru/reyting/luchshie-plastikovye-okna,https://www.ozon.ru/category/plastikovye-okna-34491/review/,strong,True,1.0,63.3,25.7,69.694,30.3137,39.3803,2,7,5,query_preference_rubric_v5,d51_query_preference_rubric_v1,ranking_target_margin,,True
пластиковые окна отзывы,https://www.fabrikaokon.ru/otzyvy.html,https://kupiokno.ru/otziv,strong,True,1.0,73.4,32.6,65.1522,43.9915,21.1607,10,4,-6,query_preference_rubric_v5,d51_query_preference_rubric_v1,ranking_target_margin,,True
пластиковые окна отзывы,https://www.fabrikaokon.ru/otzyvy.html,https://oknarating.ru/plastika-okon/opinions,weak,True,0.5,73.4,62.1,65.1522,60.0157,5.1365,10,8,-2,query_preference_rubric_v5,d51_query_preference_rubric_v1,ranking_target_margin,,True
пластиковые окна отзывы,https://www.fabrikaokon.ru/otzyvy.html,https://www.oknamedia.ru/otzyvy,strong,True,1.0,73.4,35.9,65.1522,37.5166,27.6356,10,9,-1,query_preference_rubric_v5,d51_query_preference_rubric_v1,ranking_target_margin,,True
пластиковые окна отзывы,https://www.fabrikaokon.ru/otzyvy.html,https://www.ozon.ru/category/plastikovye-okna-34491/review/,strong,True,1.0,73.4,25.7,65.1522,30.3137,34.8385,10,7,-3,query_preference_rubric_v5,d51_query_preference_rubric_v1,ranking_target_margin,,True
пластиковые окна отзывы,https://www.kp.ru/expert/stroitelstvo/luchshie-plastikovye-okna/,https://kupiokno.ru/otziv,strong,True,1.0,72.5,32.6,75.8332,43.9915,31.8417,3,4,1,query_preference_rubric_v5,d51_query_preference_rubric_v1,ranking_target_margin,,True
пластиковые окна отзывы,https://www.kp.ru/expert/stroitelstvo/luchshie-plastikovye-okna/,https://oknarating.ru/plastika-okon/opinions,strong,True,1.0,72.5,62.1,75.8332,60.0157,15.8175,3,8,5,query_preference_rubric_v5,d51_query_preference_rubric_v1,ranking_target_margin,,True
пластиковые окна отзывы,https://www.kp.ru/expert/stroitelstvo/luchshie-plastikovye-okna/,https://vyboroved.ru/reyting/luchshie-plastikovye-okna,weak,True,0.5,72.5,63.3,75.8332,69.694,6.1392,3,2,-1,query_preference_rubric_v5,d51_query_preference_rubric_v1,ranking_target_margin,,True
пластиковые окна отзывы,https://www.kp.ru/expert/stroitelstvo/luchshie-plastikovye-okna/,https://www.oknamedia.ru/otzyvy,strong,True,1.0,72.5,35.9,75.8332,37.5166,38.3166,3,9,6,query_preference_rubric_v5,d51_query_preference_rubric_v1,ranking_target_margin,,True
пластиковые окна отзывы,https://www.kp.ru/expert/stroitelstvo/luchshie-plastikovye-okna/,https://www.ozon.ru/category/plastikovye-okna-34491/review/,strong,True,1.0,72.5,25.7,75.8332,30.3137,45.5195,3,7,4,query_preference_rubric_v5,d51_query_preference_rubric_v1,ranking_target_margin,,True
пластиковые окна отзывы,https://www.oknamedia.ru/otzyvy,https://www.ozon.ru/category/plastikovye-okna-34491/review/,weak,True,0.5,35.9,25.7,37.5166,30.3137,7.2029,9,7,-2,query_preference_rubric_v5,d51_query_preference_rubric_v1,ranking_target_margin,,True
пластиковые окна цена Екатеринбург,https://ekat.steklodom.com/windowsconstructor/,https://oknasravni.ru/ekaterinburg,uncertain,False,0.0,61.6,66.5,64.3312,61.8072,2.524,5,9,4,query_preference_rubric_v5,d51_query_preference_rubric_v1,ranking_target_margin,,False
пластиковые окна цена Екатеринбург,https://ekb.okna-olkon.ru/,https://ekat.steklodom.com/windowsconstructor/,strong,True,1.0,74.8,61.6,79.8973,64.3312,15.5661,2,5,3,query_preference_rubric_v5,d51_query_preference_rubric_v1,ranking_target_margin,,False
пластиковые окна цена Екатеринбург,https://ekb.okna-olkon.ru/,https://oknasravni.ru/ekaterinburg,strong,True,1.0,74.8,66.5,79.8973,61.8072,18.0901,2,9,7,query_preference_rubric_v5,d51_query_preference_rubric_v1,ranking_target_margin,,False
пластиковые окна цена Екатеринбург,https://ekb.okna-olkon.ru/,https://svoiokna96.ru/,strong,True,1.0,74.8,63.7,79.8973,64.0186,15.8787,2,6,4,query_preference_rubric_v5,d51_query_preference_rubric_v1,ranking_target_margin,,False
пластиковые окна цена Екатеринбург,https://oknazavr.ru/ekaterinburg/plastikovye-okna/,https://ekat.steklodom.com/windowsconstructor/,strong,True,1.0,70.0,61.6,78.5425,64.3312,14.2113,1,5,4,query_preference_rubric_v5,d51_query_preference_rubric_v1,ranking_target_margin,,False
пластиковые окна цена Екатеринбург,https://oknazavr.ru/ekaterinburg/plastikovye-okna/,https://oknasravni.ru/ekaterinburg,strong,True,1.0,70.0,66.5,78.5425,61.8072,16.7353,1,9,8,query_preference_rubric_v5,d51_query_preference_rubric_v1,ranking_target_margin,,False
пластиковые окна цена Екатеринбург,https://oknazavr.ru/ekaterinburg/plastikovye-okna/,https://svoiokna96.ru/,strong,True,1.0,70.0,63.7,78.5425,64.0186,14.5239,1,6,5,query_preference_rubric_v5,d51_query_preference_rubric_v1,ranking_target_margin,,False
пластиковые окна цена Екатеринбург,https://svoiokna96.ru/,https://oknasravni.ru/ekaterinburg,uncertain,False,0.0,63.7,66.5,64.0186,61.8072,2.2114,6,9,3,query_preference_rubric_v5,d51_query_preference_rubric_v1,ranking_target_margin,,False
пластиковые окна цена Казань,https://kazan-ihlas.ru/,https://kazan.essokna.ru/,uncertain,False,0.0,78.6,78.5,72.5837,70.1996,2.3841,8,9,1,query_preference_rubric_v5,d51_query_preference_rubric_v1,ranking_target_margin,,False
пластиковые окна цена Казань,https://kazan-ihlas.ru/,https://kazan.zavod-okna-pvh.ru/,strong,True,1.0,78.6,73.5,72.5837,64.2582,8.3255,8,10,2,query_preference_rubric_v5,d51_query_preference_rubric_v1,ranking_target_margin,,False
пластиковые окна цена Казань,https://kazan-ihlas.ru/,https://oknamall.ru/,strong,True,1.0,78.6,60.6,72.5837,59.2539,13.3298,8,7,-1,query_preference_rubric_v5,d51_query_preference_rubric_v1,ranking_target_margin,,False
пластиковые окна цена Казань,https://kazan-ihlas.ru/,https://oknazavr.ru/kazan/,strong,True,1.0,78.6,59.9,72.5837,62.9646,9.6191,8,5,-3,query_preference_rubric_v5,d51_query_preference_rubric_v1,ranking_target_margin,,False
пластиковые окна цена Казань,https://kazan.essokna.ru/,https://kazan.zavod-okna-pvh.ru/,weak,True,0.5,78.5,73.5,70.1996,64.2582,5.9414,9,10,1,query_preference_rubric_v5,d51_query_preference_rubric_v1,ranking_target_margin,,False
пластиковые окна цена Казань,https://kazan.essokna.ru/,https://oknamall.ru/,strong,True,1.0,78.5,60.6,70.1996,59.2539,10.9457,9,7,-2,query_preference_rubric_v5,d51_query_preference_rubric_v1,ranking_target_margin,,False
пластиковые окна цена Казань,https://kazan.essokna.ru/,https://oknazavr.ru/kazan/,weak,True,0.5,78.5,59.9,70.1996,62.9646,7.235,9,5,-4,query_preference_rubric_v5,d51_query_preference_rubric_v1,ranking_target_margin,,False
пластиковые окна цена Казань,https://kazan.okna-plastikovyye.ru/,https://kazan-ihlas.ru/,uncertain,False,0.0,73.5,78.6,75.0458,72.5837,2.4621,3,8,5,query_preference_rubric_v5,d51_query_preference_rubric_v1,ranking_target_margin,,False
пластиковые окна цена Казань,https://kazan.okna-plastikovyye.ru/,https://kazan.essokna.ru/,weak,True,0.5,73.5,78.5,75.0458,70.1996,4.8462,3,9,6,query_preference_rubric_v5,d51_query_preference_rubric_v1,ranking_target_margin,,False
пластиковые окна цена Казань,https://kazan.okna-plastikovyye.ru/,https://kazan.zavod-okna-pvh.ru/,strong,True,1.0,73.5,73.5,75.0458,64.2582,10.7876,3,10,7,query_preference_rubric_v5,d51_query_preference_rubric_v1,ranking_target_margin,,False
пластиковые окна цена Казань,https://kazan.okna-plastikovyye.ru/,https://oknamall.ru/,strong,True,1.0,73.5,60.6,75.0458,59.2539,15.7919,3,7,4,query_preference_rubric_v5,d51_query_preference_rubric_v1,ranking_target_margin,,False
пластиковые окна цена Казань,https://kazan.okna-plastikovyye.ru/,https://oknazavr.ru/kazan/,strong,True,1.0,73.5,59.9,75.0458,62.9646,12.0812,3,5,2,query_preference_rubric_v5,d51_query_preference_rubric_v1,ranking_target_margin,,False
пластиковые окна цена Казань,https://kazan.zavod-okna-pvh.ru/,https://oknamall.ru/,weak,True,0.5,73.5,60.6,64.2582,59.2539,5.0043,10,7,-3,query_preference_rubric_v5,d51_query_preference_rubric_v1,ranking_target_margin,,False
пластиковые окна цена Казань,https://oknazavr.ru/kazan/,https://oknamall.ru/,uncertain,False,0.0,59.9,60.6,62.9646,59.2539,3.7107,5,7,2,query_preference_rubric_v5,d51_query_preference_rubric_v1,ranking_target_margin,,False
пластиковые окна цена Казань,https://plastikovye-okna-kazan.ru/,https://kazan-ihlas.ru/,strong,True,1.0,81.9,78.6,85.9915,72.5837,13.4078,1,8,7,query_preference_rubric_v5,d51_query_preference_rubric_v1,ranking_target_margin,,False
пластиковые окна цена Казань,https://plastikovye-okna-kazan.ru/,https://kazan.essokna.ru/,strong,True,1.0,81.9,78.5,85.9915,70.1996,15.7919,1,9,8,query_preference_rubric_v5,d51_query_preference_rubric_v1,ranking_target_margin,,False
пластиковые окна цена Казань,https://plastikovye-okna-kazan.ru/,https://kazan.okna-plastikovyye.ru/,strong,True,1.0,81.9,73.5,85.9915,75.0458,10.9457,1,3,2,query_preference_rubric_v5,d51_query_preference_rubric_v1,ranking_target_margin,,False
пластиковые окна цена Казань,https://plastikovye-okna-kazan.ru/,https://kazan.zavod-okna-pvh.ru/,strong,True,1.0,81.9,73.5,85.9915,64.2582,21.7333,1,10,9,query_preference_rubric_v5,d51_query_preference_rubric_v1,ranking_target_margin,,False
пластиковые окна цена Казань,https://plastikovye-okna-kazan.ru/,https://oknamall.ru/,strong,True,1.0,81.9,60.6,85.9915,59.2539,26.7376,1,7,6,query_preference_rubric_v5,d51_query_preference_rubric_v1,ranking_target_margin,,False
пластиковые окна цена Казань,https://plastikovye-okna-kazan.ru/,https://oknazavr.ru/kazan/,strong,True,1.0,81.9,59.9,85.9915,62.9646,23.0269,1,5,4,query_preference_rubric_v5,d51_query_preference_rubric_v1,ranking_target_margin,,False
пластиковые окна цена Казань,https://plastikovye-okna-kazan.ru/,https://vottakieokna.ru/,strong,True,1.0,81.9,69.5,85.9915,75.0285,10.963,1,2,1,query_preference_rubric_v5,d51_query_preference_rubric_v1,ranking_target_margin,,False
пластиковые окна цена Казань,https://plastikovye-okna-kazan.ru/,https://www.okna-rubin.ru/,strong,True,1.0,81.9,76.1,85.9915,73.1959,12.7956,1,6,5,query_preference_rubric_v5,d51_query_preference_rubric_v1,ranking_target_margin,,False
пластиковые окна цена Казань,https://vottakieokna.ru/,https://kazan-ihlas.ru/,uncertain,False,0.0,69.5,78.6,75.0285,72.5837,2.4448,2,8,6,query_preference_rubric_v5,d51_query_preference_rubric_v1,ranking_target_margin,,False
пластиковые окна цена Казань,https://vottakieokna.ru/,https://kazan.essokna.ru/,weak,True,0.5,69.5,78.5,75.0285,70.1996,4.8289,2,9,7,query_preference_rubric_v5,d51_query_preference_rubric_v1,ranking_target_margin,,False
пластиковые окна цена Казань,https://vottakieokna.ru/,https://kazan.zavod-okna-pvh.ru/,strong,True,1.0,69.5,73.5,75.0285,64.2582,10.7703,2,10,8,query_preference_rubric_v5,d51_query_preference_rubric_v1,ranking_target_margin,,False
пластиковые окна цена Казань,https://vottakieokna.ru/,https://oknamall.ru/,strong,True,1.0,69.5,60.6,75.0285,59.2539,15.7746,2,7,5,query_preference_rubric_v5,d51_query_preference_rubric_v1,ranking_target_margin,,False
пластиковые окна цена Казань,https://vottakieokna.ru/,https://oknazavr.ru/kazan/,strong,True,1.0,69.5,59.9,75.0285,62.9646,12.0639,2,5,3,query_preference_rubric_v5,d51_query_preference_rubric_v1,ranking_target_margin,,False
пластиковые окна цена Казань,https://www.okna-rubin.ru/,https://kazan.essokna.ru/,uncertain,False,0.0,76.1,78.5,73.1959,70.1996,2.9963,6,9,3,query_preference_rubric_v5,d51_query_preference_rubric_v1,ranking_target_margin,,False
пластиковые окна цена Казань,https://www.okna-rubin.ru/,https://kazan.zavod-okna-pvh.ru/,strong,True,1.0,76.1,73.5,73.1959,64.2582,8.9377,6,10,4,query_preference_rubric_v5,d51_query_preference_rubric_v1,ranking_target_margin,,False
пластиковые окна цена Казань,https://www.okna-rubin.ru/,https://oknamall.ru/,strong,True,1.0,76.1,60.6,73.1959,59.2539,13.942,6,7,1,query_preference_rubric_v5,d51_query_preference_rubric_v1,ranking_target_margin,,False
пластиковые окна цена Казань,https://www.okna-rubin.ru/,https://oknazavr.ru/kazan/,strong,True,1.0,76.1,59.9,73.1959,62.9646,10.2313,6,5,-1,query_preference_rubric_v5,d51_query_preference_rubric_v1,ranking_target_margin,,False
пластиковые окна цена Краснодар,https://krasnodar.delaem-okna.ru/,https://glas-okna.ru/plastikovye-okna/,strong,True,1.0,80.4,67.6,81.9513,61.9359,20.0154,3,9,6,query_preference_rubric_v5,d51_query_preference_rubric_v1,ranking_target_margin,,False
пластиковые окна цена Краснодар,https://krasnodar.delaem-okna.ru/,https://krasnodar.okna-plastikovyye.ru/,strong,True,1.0,80.4,70.6,81.9513,61.1462,20.8051,3,10,7,query_preference_rubric_v5,d51_query_preference_rubric_v1,ranking_target_margin,,False
пластиковые окна цена Краснодар,https://krasnodar.delaem-okna.ru/,https://krasnodar.okna-tseny.ru/,weak,True,0.5,80.4,74.3,81.9513,75.9858,5.9655,3,4,1,query_preference_rubric_v5,d51_query_preference_rubric_v1,ranking_target_margin,,False
пластиковые окна цена Краснодар,https://krasnodar.delaem-okna.ru/,https://krasnodar.oknatrade.ru/catalog/plastikovye-okna/,strong,True,1.0,80.4,70.0,81.9513,70.4962,11.4551,3,5,2,query_preference_rubric_v5,d51_query_preference_rubric_v1,ranking_target_margin,,False
пластиковые окна цена Краснодар,https://krasnodar.delaem-okna.ru/,https://krasnodar.zavod-okna-pvh.ru/,strong,True,1.0,80.4,75.7,81.9513,72.8189,9.1324,3,6,3,query_preference_rubric_v5,d51_query_preference_rubric_v1,ranking_target_margin,,False
пластиковые окна цена Краснодар,https://krasnodar.delaem-okna.ru/,https://okna-193.ru/,strong,True,1.0,80.4,70.2,81.9513,66.4844,15.4669,3,8,5,query_preference_rubric_v5,d51_query_preference_rubric_v1,ranking_target_margin,,False
пластиковые окна цена Краснодар,https://krasnodar.delaem-okna.ru/,https://oknasravni.ru/krasnodar,strong,True,1.0,80.4,66.2,81.9513,65.0033,16.948,3,7,4,query_preference_rubric_v5,d51_query_preference_rubric_v1,ranking_target_margin,,False
пластиковые окна цена Краснодар,https://krasnodar.delaem-okna.ru/,https://oknazavr.ru/krasnodar/plastikovye-okna/,weak,True,0.5,80.4,68.8,81.9513,75.8931,6.0582,3,2,-1,query_preference_rubric_v5,d51_query_preference_rubric_v1,ranking_target_margin,,False
пластиковые окна цена Краснодар,https://krasnodar.okna-tseny.ru/,https://glas-okna.ru/plastikovye-okna/,strong,True,1.0,74.3,67.6,75.9858,61.9359,14.0499,4,9,5,query_preference_rubric_v5,d51_query_preference_rubric_v1,ranking_target_margin,,False
пластиковые окна цена Краснодар,https://krasnodar.okna-tseny.ru/,https://krasnodar.okna-plastikovyye.ru/,strong,True,1.0,74.3,70.6,75.9858,61.1462,14.8396,4,10,6,query_preference_rubric_v5,d51_query_preference_rubric_v1,ranking_target_margin,,False
пластиковые окна цена Краснодар,https://krasnodar.okna-tseny.ru/,https://krasnodar.oknatrade.ru/catalog/plastikovye-okna/,weak,True,0.5,74.3,70.0,75.9858,70.4962,5.4896,4,5,1,query_preference_rubric_v5,d51_query_preference_rubric_v1,ranking_target_margin,,False
пластиковые окна цена Краснодар,https://krasnodar.okna-tseny.ru/,https://krasnodar.zavod-okna-pvh.ru/,uncertain,False,0.0,74.3,75.7,75.9858,72.8189,3.1669,4,6,2,query_preference_rubric_v5,d51_query_preference_rubric_v1,ranking_target_margin,,False
пластиковые окна цена Краснодар,https://krasnodar.okna-tseny.ru/,https://okna-193.ru/,strong,True,1.0,74.3,70.2,75.9858,66.4844,9.5014,4,8,4,query_preference_rubric_v5,d51_query_preference_rubric_v1,ranking_target_margin,,False
пластиковые окна цена Краснодар,https://krasnodar.okna-tseny.ru/,https://oknasravni.ru/krasnodar,strong,True,1.0,74.3,66.2,75.9858,65.0033,10.9825,4,7,3,query_preference_rubric_v5,d51_query_preference_rubric_v1,ranking_target_margin,,False
пластиковые окна цена Краснодар,https://krasnodar.oknatrade.ru/catalog/plastikovye-okna/,https://glas-okna.ru/plastikovye-okna/,strong,True,1.0,70.0,67.6,70.4962,61.9359,8.5603,5,9,4,query_preference_rubric_v5,d51_query_preference_rubric_v1,ranking_target_margin,,False
пластиковые окна цена Краснодар,https://krasnodar.oknatrade.ru/catalog/plastikovye-okna/,https://krasnodar.okna-plastikovyye.ru/,strong,True,1.0,70.0,70.6,70.4962,61.1462,9.35,5,10,5,query_preference_rubric_v5,d51_query_preference_rubric_v1,ranking_target_margin,,False
пластиковые окна цена Краснодар,https://krasnodar.oknatrade.ru/catalog/plastikovye-okna/,https://okna-193.ru/,weak,True,0.5,70.0,70.2,70.4962,66.4844,4.0118,5,8,3,query_preference_rubric_v5,d51_query_preference_rubric_v1,ranking_target_margin,,False
пластиковые окна цена Краснодар,https://krasnodar.oknatrade.ru/catalog/plastikovye-okna/,https://oknasravni.ru/krasnodar,weak,True,0.5,70.0,66.2,70.4962,65.0033,5.4929,5,7,2,query_preference_rubric_v5,d51_query_preference_rubric_v1,ranking_target_margin,,False
пластиковые окна цена Краснодар,https://krasnodar.zavod-okna-pvh.ru/,https://glas-okna.ru/plastikovye-okna/,strong,True,1.0,75.7,67.6,72.8189,61.9359,10.883,6,9,3,query_preference_rubric_v5,d51_query_preference_rubric_v1,ranking_target_margin,,False
пластиковые окна цена Краснодар,https://krasnodar.zavod-okna-pvh.ru/,https://krasnodar.okna-plastikovyye.ru/,strong,True,1.0,75.7,70.6,72.8189,61.1462,11.6727,6,10,4,query_preference_rubric_v5,d51_query_preference_rubric_v1,ranking_target_margin,,False
пластиковые окна цена Краснодар,https://krasnodar.zavod-okna-pvh.ru/,https://krasnodar.oknatrade.ru/catalog/plastikovye-okna/,uncertain,False,0.0,75.7,70.0,72.8189,70.4962,2.3227,6,5,-1,query_preference_rubric_v5,d51_query_preference_rubric_v1,ranking_target_margin,,False
пластиковые окна цена Краснодар,https://krasnodar.zavod-okna-pvh.ru/,https://okna-193.ru/,weak,True,0.5,75.7,70.2,72.8189,66.4844,6.3345,6,8,2,query_preference_rubric_v5,d51_query_preference_rubric_v1,ranking_target_margin,,False
пластиковые окна цена Краснодар,https://krasnodar.zavod-okna-pvh.ru/,https://oknasravni.ru/krasnodar,weak,True,0.5,75.7,66.2,72.8189,65.0033,7.8156,6,7,1,query_preference_rubric_v5,d51_query_preference_rubric_v1,ranking_target_margin,,False
пластиковые окна цена Краснодар,https://okna-193.ru/,https://glas-okna.ru/plastikovye-okna/,weak,True,0.5,70.2,67.6,66.4844,61.9359,4.5485,8,9,1,query_preference_rubric_v5,d51_query_preference_rubric_v1,ranking_target_margin,,False
пластиковые окна цена Краснодар,https://okna-193.ru/,https://krasnodar.okna-plastikovyye.ru/,weak,True,0.5,70.2,70.6,66.4844,61.1462,5.3382,8,10,2,query_preference_rubric_v5,d51_query_preference_rubric_v1,ranking_target_margin,,False
пластиковые окна цена Краснодар,https://okna-zavod-krasnodar.ru/,https://glas-okna.ru/plastikovye-okna/,strong,True,1.0,77.0,67.6,82.9184,61.9359,20.9825,1,9,8,query_preference_rubric_v5,d51_query_preference_rubric_v1,ranking_target_margin,,False
пластиковые окна цена Краснодар,https://okna-zavod-krasnodar.ru/,https://krasnodar.okna-plastikovyye.ru/,strong,True,1.0,77.0,70.6,82.9184,61.1462,21.7722,1,10,9,query_preference_rubric_v5,d51_query_preference_rubric_v1,ranking_target_margin,,False
пластиковые окна цена Краснодар,https://okna-zavod-krasnodar.ru/,https://krasnodar.okna-tseny.ru/,weak,True,0.5,77.0,74.3,82.9184,75.9858,6.9326,1,4,3,query_preference_rubric_v5,d51_query_preference_rubric_v1,ranking_target_margin,,False
пластиковые окна цена Краснодар,https://okna-zavod-krasnodar.ru/,https://krasnodar.oknatrade.ru/catalog/plastikovye-okna/,strong,True,1.0,77.0,70.0,82.9184,70.4962,12.4222,1,5,4,query_preference_rubric_v5,d51_query_preference_rubric_v1,ranking_target_margin,,False
пластиковые окна цена Краснодар,https://okna-zavod-krasnodar.ru/,https://krasnodar.zavod-okna-pvh.ru/,strong,True,1.0,77.0,75.7,82.9184,72.8189,10.0995,1,6,5,query_preference_rubric_v5,d51_query_preference_rubric_v1,ranking_target_margin,,False
пластиковые окна цена Краснодар,https://okna-zavod-krasnodar.ru/,https://okna-193.ru/,strong,True,1.0,77.0,70.2,82.9184,66.4844,16.434,1,8,7,query_preference_rubric_v5,d51_query_preference_rubric_v1,ranking_target_margin,,False
пластиковые окна цена Краснодар,https://okna-zavod-krasnodar.ru/,https://oknasravni.ru/krasnodar,strong,True,1.0,77.0,66.2,82.9184,65.0033,17.9151,1,7,6,query_preference_rubric_v5,d51_query_preference_rubric_v1,ranking_target_margin,,False
пластиковые окна цена Краснодар,https://okna-zavod-krasnodar.ru/,https://oknazavr.ru/krasnodar/plastikovye-okna/,weak,True,0.5,77.0,68.8,82.9184,75.8931,7.0253,1,2,1,query_preference_rubric_v5,d51_query_preference_rubric_v1,ranking_target_margin,,False
пластиковые окна цена Краснодар,https://oknasravni.ru/krasnodar,https://glas-okna.ru/plastikovye-okna/,uncertain,False,0.0,66.2,67.6,65.0033,61.9359,3.0674,7,9,2,query_preference_rubric_v5,d51_query_preference_rubric_v1,ranking_target_margin,,False
пластиковые окна цена Краснодар,https://oknasravni.ru/krasnodar,https://krasnodar.okna-plastikovyye.ru/,uncertain,False,0.0,66.2,70.6,65.0033,61.1462,3.8571,7,10,3,query_preference_rubric_v5,d51_query_preference_rubric_v1,ranking_target_margin,,False
пластиковые окна цена Краснодар,https://oknazavr.ru/krasnodar/plastikovye-okna/,https://glas-okna.ru/plastikovye-okna/,strong,True,1.0,68.8,67.6,75.8931,61.9359,13.9572,2,9,7,query_preference_rubric_v5,d51_query_preference_rubric_v1,ranking_target_margin,,False
пластиковые окна цена Краснодар,https://oknazavr.ru/krasnodar/plastikovye-okna/,https://krasnodar.okna-plastikovyye.ru/,strong,True,1.0,68.8,70.6,75.8931,61.1462,14.7469,2,10,8,query_preference_rubric_v5,d51_query_preference_rubric_v1,ranking_target_margin,,False
пластиковые окна цена Краснодар,https://oknazavr.ru/krasnodar/plastikovye-okna/,https://krasnodar.oknatrade.ru/catalog/plastikovye-okna/,weak,True,0.5,68.8,70.0,75.8931,70.4962,5.3969,2,5,3,query_preference_rubric_v5,d51_query_preference_rubric_v1,ranking_target_margin,,False
пластиковые окна цена Краснодар,https://oknazavr.ru/krasnodar/plastikovye-okna/,https://krasnodar.zavod-okna-pvh.ru/,uncertain,False,0.0,68.8,75.7,75.8931,72.8189,3.0742,2,6,4,query_preference_rubric_v5,d51_query_preference_rubric_v1,ranking_target_margin,,False
пластиковые окна цена Краснодар,https://oknazavr.ru/krasnodar/plastikovye-okna/,https://okna-193.ru/,strong,True,1.0,68.8,70.2,75.8931,66.4844,9.4087,2,8,6,query_preference_rubric_v5,d51_query_preference_rubric_v1,ranking_target_margin,,False
пластиковые окна цена Краснодар,https://oknazavr.ru/krasnodar/plastikovye-okna/,https://oknasravni.ru/krasnodar,strong,True,1.0,68.8,66.2,75.8931,65.0033,10.8898,2,7,5,query_preference_rubric_v5,d51_query_preference_rubric_v1,ranking_target_margin,,False
пластиковые окна цена Москва,https://mosplastokna.ru/,https://lemanapro.ru/catalogue/plastikovye-okna/,strong,True,1.0,72.5,27.2,71.7067,40.559,31.1477,6,2,-4,query_preference_rubric_v5,d51_query_preference_rubric_v1,ranking_target_margin,,False
пластиковые окна цена Москва,https://mosplastokna.ru/,https://okno.ru/kalkulyator-okon/,strong,True,1.0,72.5,65.0,71.7067,58.4843,13.2224,6,10,4,query_preference_rubric_v5,d51_query_preference_rubric_v1,ranking_target_margin,,False
пластиковые окна цена Москва,https://mosplastokna.ru/,https://www.melke.ru/,weak,True,0.5,72.5,74.4,71.7067,67.1824,4.5243,6,9,3,query_preference_rubric_v5,d51_query_preference_rubric_v1,ranking_target_margin,,False
пластиковые окна цена Москва,https://mosplastokna.ru/,https://www.oknaprosvet.ru/,uncertain,False,0.0,72.5,74.7,71.7067,69.5151,2.1916,6,8,2,query_preference_rubric_v5,d51_query_preference_rubric_v1,ranking_target_margin,,False
пластиковые окна цена Москва,https://mosplastokna.ru/,https://www.veka.ru/calc,weak,True,0.5,72.5,60.2,71.7067,66.852,4.8547,6,3,-3,query_preference_rubric_v5,d51_query_preference_rubric_v1,ranking_target_margin,,False
пластиковые окна цена Москва,https://o-kno.ru/,https://lemanapro.ru/catalogue/plastikovye-okna/,strong,True,1.0,78.0,27.2,79.7711,40.559,39.2121,4,2,-2,query_preference_rubric_v5,d51_query_preference_rubric_v1,ranking_target_margin,,False
пластиковые окна цена Москва,https://o-kno.ru/,https://mosplastokna.ru/,strong,True,1.0,78.0,72.5,79.7711,71.7067,8.0644,4,6,2,query_preference_rubric_v5,d51_query_preference_rubric_v1,ranking_target_margin,,False
пластиковые окна цена Москва,https://o-kno.ru/,https://okno.ru/kalkulyator-okon/,strong,True,1.0,78.0,65.0,79.7711,58.4843,21.2868,4,10,6,query_preference_rubric_v5,d51_query_preference_rubric_v1,ranking_target_margin,,False
пластиковые окна цена Москва,https://o-kno.ru/,https://www.melke.ru/,strong,True,1.0,78.0,74.4,79.7711,67.1824,12.5887,4,9,5,query_preference_rubric_v5,d51_query_preference_rubric_v1,ranking_target_margin,,False
пластиковые окна цена Москва,https://o-kno.ru/,https://www.mosokna.ru/,weak,True,0.5,78.0,77.3,79.7711,72.6232,7.1479,4,7,3,query_preference_rubric_v5,d51_query_preference_rubric_v1,ranking_target_margin,,False
пластиковые окна цена Москва,https://o-kno.ru/,https://www.oknaprosvet.ru/,strong,True,1.0,78.0,74.7,79.7711,69.5151,10.256,4,8,4,query_preference_rubric_v5,d51_query_preference_rubric_v1,ranking_target_margin,,False
пластиковые окна цена Москва,https://o-kno.ru/,https://www.veka.ru/calc,strong,True,1.0,78.0,60.2,79.7711,66.852,12.9191,4,3,-1,query_preference_rubric_v5,d51_query_preference_rubric_v1,ranking_target_margin,,False
пластиковые окна цена Москва,https://oknafoster.ru/plastikovye-okna-ceny/,https://lemanapro.ru/catalogue/plastikovye-okna/,strong,True,1.0,82.1,27.2,87.353,40.559,46.794,1,2,1,query_preference_rubric_v5,d51_query_preference_rubric_v1,ranking_target_margin,,False
пластиковые окна цена Москва,https://oknafoster.ru/plastikovye-okna-ceny/,https://mosplastokna.ru/,strong,True,1.0,82.1,72.5,87.353,71.7067,15.6463,1,6,5,query_preference_rubric_v5,d51_query_preference_rubric_v1,ranking_target_margin,,False
пластиковые окна цена Москва,https://oknafoster.ru/plastikovye-okna-ceny/,https://o-kno.ru/,weak,True,0.5,82.1,78.0,87.353,79.7711,7.5819,1,4,3,query_preference_rubric_v5,d51_query_preference_rubric_v1,ranking_target_margin,,False
пластиковые окна цена Москва,https://oknafoster.ru/plastikovye-okna-ceny/,https://okno.ru/kalkulyator-okon/,strong,True,1.0,82.1,65.0,87.353,58.4843,28.8687,1,10,9,query_preference_rubric_v5,d51_query_preference_rubric_v1,ranking_target_margin,,False
пластиковые окна цена Москва,https://oknafoster.ru/plastikovye-okna-ceny/,https://www.fabrikaokon.ru/price-b.html,weak,True,0.5,82.1,80.9,87.353,79.3781,7.9749,1,5,4,query_preference_rubric_v5,d51_query_preference_rubric_v1,ranking_target_margin,,False
пластиковые окна цена Москва,https://oknafoster.ru/plastikovye-okna-ceny/,https://www.melke.ru/,strong,True,1.0,82.1,74.4,87.353,67.1824,20.1706,1,9,8,query_preference_rubric_v5,d51_query_preference_rubric_v1,ranking_target_margin,,False
пластиковые окна цена Москва,https://oknafoster.ru/plastikovye-okna-ceny/,https://www.mosokna.ru/,strong,True,1.0,82.1,77.3,87.353,72.6232,14.7298,1,7,6,query_preference_rubric_v5,d51_query_preference_rubric_v1,ranking_target_margin,,False
пластиковые окна цена Москва,https://oknafoster.ru/plastikovye-okna-ceny/,https://www.oknaprosvet.ru/,strong,True,1.0,82.1,74.7,87.353,69.5151,17.8379,1,8,7,query_preference_rubric_v5,d51_query_preference_rubric_v1,ranking_target_margin,,False
пластиковые окна цена Москва,https://oknafoster.ru/plastikovye-okna-ceny/,https://www.veka.ru/calc,strong,True,1.0,82.1,60.2,87.353,66.852,20.501,1,3,2,query_preference_rubric_v5,d51_query_preference_rubric_v1,ranking_target_margin,,False
пластиковые окна цена Москва,https://okno.ru/kalkulyator-okon/,https://lemanapro.ru/catalogue/plastikovye-okna/,strong,True,1.0,65.0,27.2,58.4843,40.559,17.9253,10,2,-8,query_preference_rubric_v5,d51_query_preference_rubric_v1,ranking_target_margin,,False
пластиковые окна цена Москва,https://www.fabrikaokon.ru/price-b.html,https://lemanapro.ru/catalogue/plastikovye-okna/,strong,True,1.0,80.9,27.2,79.3781,40.559,38.8191,5,2,-3,query_preference_rubric_v5,d51_query_preference_rubric_v1,ranking_target_margin,,False
пластиковые окна цена Москва,https://www.fabrikaokon.ru/price-b.html,https://mosplastokna.ru/,weak,True,0.5,80.9,72.5,79.3781,71.7067,7.6714,5,6,1,query_preference_rubric_v5,d51_query_preference_rubric_v1,ranking_target_margin,,False
пластиковые окна цена Москва,https://www.fabrikaokon.ru/price-b.html,https://okno.ru/kalkulyator-okon/,strong,True,1.0,80.9,65.0,79.3781,58.4843,20.8938,5,10,5,query_preference_rubric_v5,d51_query_preference_rubric_v1,ranking_target_margin,,False
пластиковые окна цена Москва,https://www.fabrikaokon.ru/price-b.html,https://www.melke.ru/,strong,True,1.0,80.9,74.4,79.3781,67.1824,12.1957,5,9,4,query_preference_rubric_v5,d51_query_preference_rubric_v1,ranking_target_margin,,False
пластиковые окна цена Москва,https://www.fabrikaokon.ru/price-b.html,https://www.mosokna.ru/,weak,True,0.5,80.9,77.3,79.3781,72.6232,6.7549,5,7,2,query_preference_rubric_v5,d51_query_preference_rubric_v1,ranking_target_margin,,False
пластиковые окна цена Москва,https://www.fabrikaokon.ru/price-b.html,https://www.oknaprosvet.ru/,strong,True,1.0,80.9,74.7,79.3781,69.5151,9.863,5,8,3,query_preference_rubric_v5,d51_query_preference_rubric_v1,ranking_target_margin,,False
пластиковые окна цена Москва,https://www.fabrikaokon.ru/price-b.html,https://www.veka.ru/calc,strong,True,1.0,80.9,60.2,79.3781,66.852,12.5261,5,3,-2,query_preference_rubric_v5,d51_query_preference_rubric_v1,ranking_target_margin,,False
пластиковые окна цена Москва,https://www.melke.ru/,https://lemanapro.ru/catalogue/plastikovye-okna/,strong,True,1.0,74.4,27.2,67.1824,40.559,26.6234,9,2,-7,query_preference_rubric_v5,d51_query_preference_rubric_v1,ranking_target_margin,,False
пластиковые окна цена Москва,https://www.melke.ru/,https://okno.ru/kalkulyator-okon/,strong,True,1.0,74.4,65.0,67.1824,58.4843,8.6981,9,10,1,query_preference_rubric_v5,d51_query_preference_rubric_v1,ranking_target_margin,,False
пластиковые окна цена Москва,https://www.mosokna.ru/,https://lemanapro.ru/catalogue/plastikovye-okna/,strong,True,1.0,77.3,27.2,72.6232,40.559,32.0642,7,2,-5,query_preference_rubric_v5,d51_query_preference_rubric_v1,ranking_target_margin,,False
пластиковые окна цена Москва,https://www.mosokna.ru/,https://okno.ru/kalkulyator-okon/,strong,True,1.0,77.3,65.0,72.6232,58.4843,14.1389,7,10,3,query_preference_rubric_v5,d51_query_preference_rubric_v1,ranking_target_margin,,False
пластиковые окна цена Москва,https://www.mosokna.ru/,https://www.melke.ru/,weak,True,0.5,77.3,74.4,72.6232,67.1824,5.4408,7,9,2,query_preference_rubric_v5,d51_query_preference_rubric_v1,ranking_target_margin,,False
пластиковые окна цена Москва,https://www.mosokna.ru/,https://www.oknaprosvet.ru/,uncertain,False,0.0,77.3,74.7,72.6232,69.5151,3.1081,7,8,1,query_preference_rubric_v5,d51_query_preference_rubric_v1,ranking_target_margin,,False
пластиковые окна цена Москва,https://www.mosokna.ru/,https://www.veka.ru/calc,weak,True,0.5,77.3,60.2,72.6232,66.852,5.7712,7,3,-4,query_preference_rubric_v5,d51_query_preference_rubric_v1,ranking_target_margin,,False
пластиковые окна цена Москва,https://www.oknaprosvet.ru/,https://lemanapro.ru/catalogue/plastikovye-okna/,strong,True,1.0,74.7,27.2,69.5151,40.559,28.9561,8,2,-6,query_preference_rubric_v5,d51_query_preference_rubric_v1,ranking_target_margin,,False
пластиковые окна цена Москва,https://www.oknaprosvet.ru/,https://okno.ru/kalkulyator-okon/,strong,True,1.0,74.7,65.0,69.5151,58.4843,11.0308,8,10,2,query_preference_rubric_v5,d51_query_preference_rubric_v1,ranking_target_margin,,False
пластиковые окна цена Москва,https://www.oknaprosvet.ru/,https://www.melke.ru/,uncertain,False,0.0,74.7,74.4,69.5151,67.1824,2.3327,8,9,1,query_preference_rubric_v5,d51_query_preference_rubric_v1,ranking_target_margin,,False
пластиковые окна цена Москва,https://www.oknaprosvet.ru/,https://www.veka.ru/calc,uncertain,False,0.0,74.7,60.2,69.5151,66.852,2.6631,8,3,-5,query_preference_rubric_v5,d51_query_preference_rubric_v1,ranking_target_margin,,False
пластиковые окна цена Москва,https://www.veka.ru/calc,https://lemanapro.ru/catalogue/plastikovye-okna/,strong,True,1.0,60.2,27.2,66.852,40.559,26.293,3,2,-1,query_preference_rubric_v5,d51_query_preference_rubric_v1,ranking_target_margin,,False
пластиковые окна цена Москва,https://www.veka.ru/calc,https://okno.ru/kalkulyator-okon/,strong,True,1.0,60.2,65.0,66.852,58.4843,8.3677,3,10,7,query_preference_rubric_v5,d51_query_preference_rubric_v1,ranking_target_margin,,False
пластиковые окна цена Нижний Новгород,https://akonta.ru/,https://domokna52.ru/ceny/ceny-na-plastikovye-okna/,strong,True,1.0,78.0,69.8,76.6414,67.3184,9.323,5,7,2,query_preference_rubric_v5,d51_query_preference_rubric_v1,ranking_target_margin,,False
пластиковые окна цена Нижний Новгород,https://akonta.ru/,https://nizhnijnovgorod.delaem-okna.ru/,weak,True,0.5,78.0,76.8,76.6414,68.857,7.7844,5,9,4,query_preference_rubric_v5,d51_query_preference_rubric_v1,ranking_target_margin,,False
пластиковые окна цена Нижний Новгород,https://akonta.ru/,https://nn.okna-plastikovyye.ru/,uncertain,False,0.0,78.0,72.2,76.6414,72.7771,3.8643,5,4,-1,query_preference_rubric_v5,d51_query_preference_rubric_v1,ranking_target_margin,,False
пластиковые окна цена Нижний Новгород,https://akonta.ru/,https://oknavnizhnemnovgorode.ru/,strong,True,1.0,78.0,69.0,76.6414,64.727,11.9144,5,8,3,query_preference_rubric_v5,d51_query_preference_rubric_v1,ranking_target_margin,,False
пластиковые окна цена Нижний Новгород,https://akonta.ru/,https://prizma-okna.ru/,strong,True,1.0,78.0,64.8,76.6414,58.0289,18.6125,5,10,5,query_preference_rubric_v5,d51_query_preference_rubric_v1,ranking_target_margin,,False
пластиковые окна цена Нижний Новгород,https://domokna52.ru/ceny/ceny-na-plastikovye-okna/,https://oknavnizhnemnovgorode.ru/,uncertain,False,0.0,69.8,69.0,67.3184,64.727,2.5914,7,8,1,query_preference_rubric_v5,d51_query_preference_rubric_v1,ranking_target_margin,,False
пластиковые окна цена Нижний Новгород,https://domokna52.ru/ceny/ceny-na-plastikovye-okna/,https://prizma-okna.ru/,strong,True,1.0,69.8,64.8,67.3184,58.0289,9.2895,7,10,3,query_preference_rubric_v5,d51_query_preference_rubric_v1,ranking_target_margin,,False
пластиковые окна цена Нижний Новгород,https://nizhnijnovgorod.delaem-okna.ru/,https://oknavnizhnemnovgorode.ru/,weak,True,0.5,76.8,69.0,68.857,64.727,4.13,9,8,-1,query_preference_rubric_v5,d51_query_preference_rubric_v1,ranking_target_margin,,False
пластиковые окна цена Нижний Новгород,https://nizhnijnovgorod.delaem-okna.ru/,https://prizma-okna.ru/,strong,True,1.0,76.8,64.8,68.857,58.0289,10.8281,9,10,1,query_preference_rubric_v5,d51_query_preference_rubric_v1,ranking_target_margin,,False
пластиковые окна цена Нижний Новгород,https://nizhniy.essokna.ru/,https://domokna52.ru/ceny/ceny-na-plastikovye-okna/,strong,True,1.0,80.1,69.8,76.6986,67.3184,9.3802,6,7,1,query_preference_rubric_v5,d51_query_preference_rubric_v1,ranking_target_margin,,False
пластиковые окна цена Нижний Новгород,https://nizhniy.essokna.ru/,https://nizhnijnovgorod.delaem-okna.ru/,weak,True,0.5,80.1,76.8,76.6986,68.857,7.8416,6,9,3,query_preference_rubric_v5,d51_query_preference_rubric_v1,ranking_target_margin,,False
пластиковые окна цена Нижний Новгород,https://nizhniy.essokna.ru/,https://nn.okna-plastikovyye.ru/,uncertain,False,0.0,80.1,72.2,76.6986,72.7771,3.9215,6,4,-2,query_preference_rubric_v5,d51_query_preference_rubric_v1,ranking_target_margin,,False
пластиковые окна цена Нижний Новгород,https://nizhniy.essokna.ru/,https://oknavnizhnemnovgorode.ru/,strong,True,1.0,80.1,69.0,76.6986,64.727,11.9716,6,8,2,query_preference_rubric_v5,d51_query_preference_rubric_v1,ranking_target_margin,,False
пластиковые окна цена Нижний Новгород,https://nizhniy.essokna.ru/,https://prizma-okna.ru/,strong,True,1.0,80.1,64.8,76.6986,58.0289,18.6697,6,10,4,query_preference_rubric_v5,d51_query_preference_rubric_v1,ranking_target_margin,,False
пластиковые окна цена Нижний Новгород,https://nn.okna-plastikovyye.ru/,https://domokna52.ru/ceny/ceny-na-plastikovye-okna/,weak,True,0.5,72.2,69.8,72.7771,67.3184,5.4587,4,7,3,query_preference_rubric_v5,d51_query_preference_rubric_v1,ranking_target_margin,,False
пластиковые окна цена Нижний Новгород,https://nn.okna-plastikovyye.ru/,https://nizhnijnovgorod.delaem-okna.ru/,uncertain,False,0.0,72.2,76.8,72.7771,68.857,3.9201,4,9,5,query_preference_rubric_v5,d51_query_preference_rubric_v1,ranking_target_margin,,False
пластиковые окна цена Нижний Новгород,https://nn.okna-plastikovyye.ru/,https://oknavnizhnemnovgorode.ru/,strong,True,1.0,72.2,69.0,72.7771,64.727,8.0501,4,8,4,query_preference_rubric_v5,d51_query_preference_rubric_v1,ranking_target_margin,,False
пластиковые окна цена Нижний Новгород,https://nn.okna-plastikovyye.ru/,https://prizma-okna.ru/,strong,True,1.0,72.2,64.8,72.7771,58.0289,14.7482,4,10,6,query_preference_rubric_v5,d51_query_preference_rubric_v1,ranking_target_margin,,False
пластиковые окна цена Нижний Новгород,https://oknavnizhnemnovgorode.ru/,https://prizma-okna.ru/,weak,True,0.5,69.0,64.8,64.727,58.0289,6.6981,8,10,2,query_preference_rubric_v5,d51_query_preference_rubric_v1,ranking_target_margin,,False
пластиковые окна цена Нижний Новгород,https://www.oknakompas.ru/,https://domokna52.ru/ceny/ceny-na-plastikovye-okna/,strong,True,1.0,72.7,69.8,77.4695,67.3184,10.1511,2,7,5,query_preference_rubric_v5,d51_query_preference_rubric_v1,ranking_target_margin,,False
пластиковые окна цена Нижний Новгород,https://www.oknakompas.ru/,https://nizhnijnovgorod.delaem-okna.ru/,strong,True,1.0,72.7,76.8,77.4695,68.857,8.6125,2,9,7,query_preference_rubric_v5,d51_query_preference_rubric_v1,ranking_target_margin,,False
пластиковые окна цена Нижний Новгород,https://www.oknakompas.ru/,https://nn.okna-plastikovyye.ru/,weak,True,0.5,72.7,72.2,77.4695,72.7771,4.6924,2,4,2,query_preference_rubric_v5,d51_query_preference_rubric_v1,ranking_target_margin,,False
пластиковые окна цена Нижний Новгород,https://www.oknakompas.ru/,https://oknavnizhnemnovgorode.ru/,strong,True,1.0,72.7,69.0,77.4695,64.727,12.7425,2,8,6,query_preference_rubric_v5,d51_query_preference_rubric_v1,ranking_target_margin,,False
пластиковые окна цена Нижний Новгород,https://www.oknakompas.ru/,https://prizma-okna.ru/,strong,True,1.0,72.7,64.8,77.4695,58.0289,19.4406,2,10,8,query_preference_rubric_v5,d51_query_preference_rubric_v1,ranking_target_margin,,False
пластиковые окна цена Нижний Новгород,https://окна-саксэс.рф/,https://akonta.ru/,uncertain,False,0.0,77.6,78.0,79.1388,76.6414,2.4974,3,5,2,query_preference_rubric_v5,d51_query_preference_rubric_v1,ranking_target_margin,,False
пластиковые окна цена Нижний Новгород,https://окна-саксэс.рф/,https://domokna52.ru/ceny/ceny-na-plastikovye-okna/,strong,True,1.0,77.6,69.8,79.1388,67.3184,11.8204,3,7,4,query_preference_rubric_v5,d51_query_preference_rubric_v1,ranking_target_margin,,False
пластиковые окна цена Нижний Новгород,https://окна-саксэс.рф/,https://nizhnijnovgorod.delaem-okna.ru/,strong,True,1.0,77.6,76.8,79.1388,68.857,10.2818,3,9,6,query_preference_rubric_v5,d51_query_preference_rubric_v1,ranking_target_margin,,False
пластиковые окна цена Нижний Новгород,https://окна-саксэс.рф/,https://nizhniy.essokna.ru/,uncertain,False,0.0,77.6,80.1,79.1388,76.6986,2.4402,3,6,3,query_preference_rubric_v5,d51_query_preference_rubric_v1,ranking_target_margin,,False
пластиковые окна цена Нижний Новгород,https://окна-саксэс.рф/,https://nn.okna-plastikovyye.ru/,weak,True,0.5,77.6,72.2,79.1388,72.7771,6.3617,3,4,1,query_preference_rubric_v5,d51_query_preference_rubric_v1,ranking_target_margin,,False
пластиковые окна цена Нижний Новгород,https://окна-саксэс.рф/,https://oknavnizhnemnovgorode.ru/,strong,True,1.0,77.6,69.0,79.1388,64.727,14.4118,3,8,5,query_preference_rubric_v5,d51_query_preference_rubric_v1,ranking_target_margin,,False
пластиковые окна цена Нижний Новгород,https://окна-саксэс.рф/,https://prizma-okna.ru/,strong,True,1.0,77.6,64.8,79.1388,58.0289,21.1099,3,10,7,query_preference_rubric_v5,d51_query_preference_rubric_v1,ranking_target_margin,,False
пластиковые окна цена Новосибирск,https://mirokon-nsk.ru/,https://novosibirsk.lemanapro.ru/catalogue/plastikovye-okna/,strong,True,1.0,68.7,25.1,68.892,25.4555,43.4365,6,10,4,query_preference_rubric_v5,d51_query_preference_rubric_v1,ranking_target_margin,,False
пластиковые окна цена Новосибирск,https://mirokon-nsk.ru/,https://sitc.ru/novosibirsk/okna/,uncertain,False,0.0,68.7,70.7,68.892,65.0849,3.8071,6,9,3,query_preference_rubric_v5,d51_query_preference_rubric_v1,ranking_target_margin,,False
пластиковые окна цена Новосибирск,https://novosibirsk.okna-plastikovyye.ru/,https://mirokon-nsk.ru/,strong,True,1.0,76.4,68.7,81.0689,68.892,12.1769,1,6,5,query_preference_rubric_v5,d51_query_preference_rubric_v1,ranking_target_margin,,False
пластиковые окна цена Новосибирск,https://novosibirsk.okna-plastikovyye.ru/,https://novosibirsk.lemanapro.ru/catalogue/plastikovye-okna/,strong,True,1.0,76.4,25.1,81.0689,25.4555,55.6134,1,10,9,query_preference_rubric_v5,d51_query_preference_rubric_v1,ranking_target_margin,,False
пластиковые окна цена Новосибирск,https://novosibirsk.okna-plastikovyye.ru/,https://oknasravni.ru/novosibirsk,strong,True,1.0,76.4,66.4,81.0689,68.5159,12.553,1,5,4,query_preference_rubric_v5,d51_query_preference_rubric_v1,ranking_target_margin,,False
пластиковые окна цена Новосибирск,https://novosibirsk.okna-plastikovyye.ru/,https://oknaveka.com/,strong,True,1.0,76.4,75.1,81.0689,70.6312,10.4377,1,7,6,query_preference_rubric_v5,d51_query_preference_rubric_v1,ranking_target_margin,,False
пластиковые окна цена Новосибирск,https://novosibirsk.okna-plastikovyye.ru/,https://oknazavr.ru/novosibirsk/plastikovye-okna/,weak,True,0.5,76.4,69.2,81.0689,76.2022,4.8667,1,2,1,query_preference_rubric_v5,d51_query_preference_rubric_v1,ranking_target_margin,,False
пластиковые окна цена Новосибирск,https://novosibirsk.okna-plastikovyye.ru/,https://plastikovye-okna-nsk.ru/,strong,True,1.0,76.4,77.8,81.0689,70.8636,10.2053,1,8,7,query_preference_rubric_v5,d51_query_preference_rubric_v1,ranking_target_margin,,False
пластиковые окна цена Новосибирск,https://novosibirsk.okna-plastikovyye.ru/,https://r-okna.com/,uncertain,False,0.0,76.4,78.0,81.0689,78.2236,2.8453,1,4,3,query_preference_rubric_v5,d51_query_preference_rubric_v1,ranking_target_margin,,False
пластиковые окна цена Новосибирск,https://novosibirsk.okna-plastikovyye.ru/,https://sitc.ru/novosibirsk/okna/,strong,True,1.0,76.4,70.7,81.0689,65.0849,15.984,1,9,8,query_preference_rubric_v5,d51_query_preference_rubric_v1,ranking_target_margin,,False
пластиковые окна цена Новосибирск,https://novosibirsk.zavod-okna-pvh.ru/,https://mirokon-nsk.ru/,strong,True,1.0,78.0,68.7,79.8358,68.892,10.9438,3,6,3,query_preference_rubric_v5,d51_query_preference_rubric_v1,ranking_target_margin,,False
пластиковые окна цена Новосибирск,https://novosibirsk.zavod-okna-pvh.ru/,https://novosibirsk.lemanapro.ru/catalogue/plastikovye-okna/,strong,True,1.0,78.0,25.1,79.8358,25.4555,54.3803,3,10,7,query_preference_rubric_v5,d51_query_preference_rubric_v1,ranking_target_margin,,False
пластиковые окна цена Новосибирск,https://novosibirsk.zavod-okna-pvh.ru/,https://oknasravni.ru/novosibirsk,strong,True,1.0,78.0,66.4,79.8358,68.5159,11.3199,3,5,2,query_preference_rubric_v5,d51_query_preference_rubric_v1,ranking_target_margin,,False
пластиковые окна цена Новосибирск,https://novosibirsk.zavod-okna-pvh.ru/,https://oknaveka.com/,strong,True,1.0,78.0,75.1,79.8358,70.6312,9.2046,3,7,4,query_preference_rubric_v5,d51_query_preference_rubric_v1,ranking_target_margin,,False
пластиковые окна цена Новосибирск,https://novosibirsk.zavod-okna-pvh.ru/,https://oknazavr.ru/novosibirsk/plastikovye-okna/,uncertain,False,0.0,78.0,69.2,79.8358,76.2022,3.6336,3,2,-1,query_preference_rubric_v5,d51_query_preference_rubric_v1,ranking_target_margin,,False
пластиковые окна цена Новосибирск,https://novosibirsk.zavod-okna-pvh.ru/,https://plastikovye-okna-nsk.ru/,strong,True,1.0,78.0,77.8,79.8358,70.8636,8.9722,3,8,5,query_preference_rubric_v5,d51_query_preference_rubric_v1,ranking_target_margin,,False
пластиковые окна цена Новосибирск,https://novosibirsk.zavod-okna-pvh.ru/,https://sitc.ru/novosibirsk/okna/,strong,True,1.0,78.0,70.7,79.8358,65.0849,14.7509,3,9,6,query_preference_rubric_v5,d51_query_preference_rubric_v1,ranking_target_margin,,False
пластиковые окна цена Новосибирск,https://oknasravni.ru/novosibirsk,https://novosibirsk.lemanapro.ru/catalogue/plastikovye-okna/,strong,True,1.0,66.4,25.1,68.5159,25.4555,43.0604,5,10,5,query_preference_rubric_v5,d51_query_preference_rubric_v1,ranking_target_margin,,False
пластиковые окна цена Новосибирск,https://oknasravni.ru/novosibirsk,https://sitc.ru/novosibirsk/okna/,uncertain,False,0.0,66.4,70.7,68.5159,65.0849,3.431,5,9,4,query_preference_rubric_v5,d51_query_preference_rubric_v1,ranking_target_margin,,False
пластиковые окна цена Новосибирск,https://oknaveka.com/,https://novosibirsk.lemanapro.ru/catalogue/plastikovye-okna/,strong,True,1.0,75.1,25.1,70.6312,25.4555,45.1757,7,10,3,query_preference_rubric_v5,d51_query_preference_rubric_v1,ranking_target_margin,,False
пластиковые окна цена Новосибирск,https://oknaveka.com/,https://oknasravni.ru/novosibirsk,uncertain,False,0.0,75.1,66.4,70.6312,68.5159,2.1153,7,5,-2,query_preference_rubric_v5,d51_query_preference_rubric_v1,ranking_target_margin,,False
пластиковые окна цена Новосибирск,https://oknaveka.com/,https://sitc.ru/novosibirsk/okna/,weak,True,0.5,75.1,70.7,70.6312,65.0849,5.5463,7,9,2,query_preference_rubric_v5,d51_query_preference_rubric_v1,ranking_target_margin,,False
пластиковые окна цена Новосибирск,https://oknazavr.ru/novosibirsk/plastikovye-okna/,https://mirokon-nsk.ru/,weak,True,0.5,69.2,68.7,76.2022,68.892,7.3102,2,6,4,query_preference_rubric_v5,d51_query_preference_rubric_v1,ranking_target_margin,,False
пластиковые окна цена Новосибирск,https://oknazavr.ru/novosibirsk/plastikovye-okna/,https://novosibirsk.lemanapro.ru/catalogue/plastikovye-okna/,strong,True,1.0,69.2,25.1,76.2022,25.4555,50.7467,2,10,8,query_preference_rubric_v5,d51_query_preference_rubric_v1,ranking_target_margin,,False
пластиковые окна цена Новосибирск,https://oknazavr.ru/novosibirsk/plastikovye-okna/,https://oknasravni.ru/novosibirsk,weak,True,0.5,69.2,66.4,76.2022,68.5159,7.6863,2,5,3,query_preference_rubric_v5,d51_query_preference_rubric_v1,ranking_target_margin,,False
пластиковые окна цена Новосибирск,https://oknazavr.ru/novosibirsk/plastikovye-okna/,https://oknaveka.com/,weak,True,0.5,69.2,75.1,76.2022,70.6312,5.571,2,7,5,query_preference_rubric_v5,d51_query_preference_rubric_v1,ranking_target_margin,,False
пластиковые окна цена Новосибирск,https://oknazavr.ru/novosibirsk/plastikovye-okna/,https://plastikovye-okna-nsk.ru/,weak,True,0.5,69.2,77.8,76.2022,70.8636,5.3386,2,8,6,query_preference_rubric_v5,d51_query_preference_rubric_v1,ranking_target_margin,,False
пластиковые окна цена Новосибирск,https://oknazavr.ru/novosibirsk/plastikovye-okna/,https://sitc.ru/novosibirsk/okna/,strong,True,1.0,69.2,70.7,76.2022,65.0849,11.1173,2,9,7,query_preference_rubric_v5,d51_query_preference_rubric_v1,ranking_target_margin,,False
пластиковые окна цена Новосибирск,https://plastikovye-okna-nsk.ru/,https://novosibirsk.lemanapro.ru/catalogue/plastikovye-okna/,strong,True,1.0,77.8,25.1,70.8636,25.4555,45.4081,8,10,2,query_preference_rubric_v5,d51_query_preference_rubric_v1,ranking_target_margin,,False
пластиковые окна цена Новосибирск,https://plastikovye-okna-nsk.ru/,https://oknasravni.ru/novosibirsk,uncertain,False,0.0,77.8,66.4,70.8636,68.5159,2.3477,8,5,-3,query_preference_rubric_v5,d51_query_preference_rubric_v1,ranking_target_margin,,False
пластиковые окна цена Новосибирск,https://plastikovye-okna-nsk.ru/,https://sitc.ru/novosibirsk/okna/,weak,True,0.5,77.8,70.7,70.8636,65.0849,5.7787,8,9,1,query_preference_rubric_v5,d51_query_preference_rubric_v1,ranking_target_margin,,False
пластиковые окна цена Новосибирск,https://r-okna.com/,https://mirokon-nsk.ru/,strong,True,1.0,78.0,68.7,78.2236,68.892,9.3316,4,6,2,query_preference_rubric_v5,d51_query_preference_rubric_v1,ranking_target_margin,,False
пластиковые окна цена Новосибирск,https://r-okna.com/,https://novosibirsk.lemanapro.ru/catalogue/plastikovye-okna/,strong,True,1.0,78.0,25.1,78.2236,25.4555,52.7681,4,10,6,query_preference_rubric_v5,d51_query_preference_rubric_v1,ranking_target_margin,,False
пластиковые окна цена Новосибирск,https://r-okna.com/,https://oknasravni.ru/novosibirsk,strong,True,1.0,78.0,66.4,78.2236,68.5159,9.7077,4,5,1,query_preference_rubric_v5,d51_query_preference_rubric_v1,ranking_target_margin,,False
пластиковые окна цена Новосибирск,https://r-okna.com/,https://oknaveka.com/,weak,True,0.5,78.0,75.1,78.2236,70.6312,7.5924,4,7,3,query_preference_rubric_v5,d51_query_preference_rubric_v1,ranking_target_margin,,False
пластиковые окна цена Новосибирск,https://r-okna.com/,https://oknazavr.ru/novosibirsk/plastikovye-okna/,uncertain,False,0.0,78.0,69.2,78.2236,76.2022,2.0214,4,2,-2,query_preference_rubric_v5,d51_query_preference_rubric_v1,ranking_target_margin,,False
пластиковые окна цена Новосибирск,https://r-okna.com/,https://plastikovye-okna-nsk.ru/,weak,True,0.5,78.0,77.8,78.2236,70.8636,7.36,4,8,4,query_preference_rubric_v5,d51_query_preference_rubric_v1,ranking_target_margin,,False
пластиковые окна цена Новосибирск,https://r-okna.com/,https://sitc.ru/novosibirsk/okna/,strong,True,1.0,78.0,70.7,78.2236,65.0849,13.1387,4,9,5,query_preference_rubric_v5,d51_query_preference_rubric_v1,ranking_target_margin,,False
пластиковые окна цена Новосибирск,https://sitc.ru/novosibirsk/okna/,https://novosibirsk.lemanapro.ru/catalogue/plastikovye-okna/,strong,True,1.0,70.7,25.1,65.0849,25.4555,39.6294,9,10,1,query_preference_rubric_v5,d51_query_preference_rubric_v1,ranking_target_margin,,False
пластиковые окна цена Самара,https://azbukaokon63.ru/,https://mirokon-samara.ru/,strong,True,1.0,74.8,65.9,77.9627,61.7667,16.196,3,9,6,query_preference_rubric_v5,d51_query_preference_rubric_v1,ranking_target_margin,,False
пластиковые окна цена Самара,https://azbukaokon63.ru/,https://npik.ru/,uncertain,False,0.0,74.8,80.3,77.9627,75.0854,2.8773,3,7,4,query_preference_rubric_v5,d51_query_preference_rubric_v1,ranking_target_margin,,False
пластиковые окна цена Самара,https://azbukaokon63.ru/,https://samara.delaem-okna.ru/,uncertain,False,0.0,74.8,80.9,77.9627,74.0722,3.8905,3,8,5,query_preference_rubric_v5,d51_query_preference_rubric_v1,ranking_target_margin,,False
пластиковые окна цена Самара,https://azbukaokon63.ru/,https://samara.okna-plastikovyye.ru/,weak,True,0.5,74.8,74.2,77.9627,72.865,5.0977,3,5,2,query_preference_rubric_v5,d51_query_preference_rubric_v1,ranking_target_margin,,False
пластиковые окна цена Самара,https://azbukaokon63.ru/,https://smr.okna-olkon.ru/,weak,True,0.5,74.8,74.1,77.9627,72.6095,5.3532,3,6,3,query_preference_rubric_v5,d51_query_preference_rubric_v1,ranking_target_margin,,False
пластиковые окна цена Самара,https://azbukaokon63.ru/,https://www.avito.ru/samara/remont_i_stroitelstvo/plastikovye_okna_8099668986,strong,True,1.0,74.8,24.3,77.9627,25.0317,52.931,3,10,7,query_preference_rubric_v5,d51_query_preference_rubric_v1,ranking_target_margin,,False
пластиковые окна цена Самара,https://mirokon-samara.ru/,https://www.avito.ru/samara/remont_i_stroitelstvo/plastikovye_okna_8099668986,strong,True,1.0,65.9,24.3,61.7667,25.0317,36.735,9,10,1,query_preference_rubric_v5,d51_query_preference_rubric_v1,ranking_target_margin,,False
пластиковые окна цена Самара,https://npik.ru/,https://mirokon-samara.ru/,strong,True,1.0,80.3,65.9,75.0854,61.7667,13.3187,7,9,2,query_preference_rubric_v5,d51_query_preference_rubric_v1,ranking_target_margin,,False
пластиковые окна цена Самара,https://npik.ru/,https://samara.okna-plastikovyye.ru/,uncertain,False,0.0,80.3,74.2,75.0854,72.865,2.2204,7,5,-2,query_preference_rubric_v5,d51_query_preference_rubric_v1,ranking_target_margin,,False
пластиковые окна цена Самара,https://npik.ru/,https://smr.okna-olkon.ru/,uncertain,False,0.0,80.3,74.1,75.0854,72.6095,2.4759,7,6,-1,query_preference_rubric_v5,d51_query_preference_rubric_v1,ranking_target_margin,,False
пластиковые окна цена Самара,https://npik.ru/,https://www.avito.ru/samara/remont_i_stroitelstvo/plastikovye_okna_8099668986,strong,True,1.0,80.3,24.3,75.0854,25.0317,50.0537,7,10,3,query_preference_rubric_v5,d51_query_preference_rubric_v1,ranking_target_margin,,False
пластиковые окна цена Самара,https://okna-sok.ru/,https://azbukaokon63.ru/,uncertain,False,0.0,80.7,74.8,80.6785,77.9627,2.7158,4,3,-1,query_preference_rubric_v5,d51_query_preference_rubric_v1,ranking_target_margin,,False
пластиковые окна цена Самара,https://okna-sok.ru/,https://mirokon-samara.ru/,strong,True,1.0,80.7,65.9,80.6785,61.7667,18.9118,4,9,5,query_preference_rubric_v5,d51_query_preference_rubric_v1,ranking_target_margin,,False
пластиковые окна цена Самара,https://okna-sok.ru/,https://npik.ru/,weak,True,0.5,80.7,80.3,80.6785,75.0854,5.5931,4,7,3,query_preference_rubric_v5,d51_query_preference_rubric_v1,ranking_target_margin,,False
пластиковые окна цена Самара,https://okna-sok.ru/,https://oknasravni.ru/samara,uncertain,False,0.0,80.7,70.1,80.6785,78.4283,2.2502,4,1,-3,query_preference_rubric_v5,d51_query_preference_rubric_v1,ranking_target_margin,,False
пластиковые окна цена Самара,https://okna-sok.ru/,https://oknazavr.ru/samara/plastikovye-okna/,uncertain,False,0.0,80.7,71.7,80.6785,78.4588,2.2197,4,2,-2,query_preference_rubric_v5,d51_query_preference_rubric_v1,ranking_target_margin,,False
пластиковые окна цена Самара,https://okna-sok.ru/,https://samara.delaem-okna.ru/,weak,True,0.5,80.7,80.9,80.6785,74.0722,6.6063,4,8,4,query_preference_rubric_v5,d51_query_preference_rubric_v1,ranking_target_margin,,False
пластиковые окна цена Самара,https://okna-sok.ru/,https://samara.okna-plastikovyye.ru/,weak,True,0.5,80.7,74.2,80.6785,72.865,7.8135,4,5,1,query_preference_rubric_v5,d51_query_preference_rubric_v1,ranking_target_margin,,False
пластиковые окна цена Самара,https://okna-sok.ru/,https://smr.okna-olkon.ru/,strong,True,1.0,80.7,74.1,80.6785,72.6095,8.069,4,6,2,query_preference_rubric_v5,d51_query_preference_rubric_v1,ranking_target_margin,,False
пластиковые окна цена Самара,https://okna-sok.ru/,https://www.avito.ru/samara/remont_i_stroitelstvo/plastikovye_okna_8099668986,strong,True,1.0,80.7,24.3,80.6785,25.0317,55.6468,4,10,6,query_preference_rubric_v5,d51_query_preference_rubric_v1,ranking_target_margin,,False
пластиковые окна цена Самара,https://oknasravni.ru/samara,https://mirokon-samara.ru/,strong,True,1.0,70.1,65.9,78.4283,61.7667,16.6616,1,9,8,query_preference_rubric_v5,d51_query_preference_rubric_v1,ranking_target_margin,,False
пластиковые окна цена Самара,https://oknasravni.ru/samara,https://npik.ru/,uncertain,False,0.0,70.1,80.3,78.4283,75.0854,3.3429,1,7,6,query_preference_rubric_v5,d51_query_preference_rubric_v1,ranking_target_margin,,False
пластиковые окна цена Самара,https://oknasravni.ru/samara,https://samara.delaem-okna.ru/,weak,True,0.5,70.1,80.9,78.4283,74.0722,4.3561,1,8,7,query_preference_rubric_v5,d51_query_preference_rubric_v1,ranking_target_margin,,False
пластиковые окна цена Самара,https://oknasravni.ru/samara,https://samara.okna-plastikovyye.ru/,weak,True,0.5,70.1,74.2,78.4283,72.865,5.5633,1,5,4,query_preference_rubric_v5,d51_query_preference_rubric_v1,ranking_target_margin,,False
пластиковые окна цена Самара,https://oknasravni.ru/samara,https://smr.okna-olkon.ru/,weak,True,0.5,70.1,74.1,78.4283,72.6095,5.8188,1,6,5,query_preference_rubric_v5,d51_query_preference_rubric_v1,ranking_target_margin,,False
пластиковые окна цена Самара,https://oknasravni.ru/samara,https://www.avito.ru/samara/remont_i_stroitelstvo/plastikovye_okna_8099668986,strong,True,1.0,70.1,24.3,78.4283,25.0317,53.3966,1,10,9,query_preference_rubric_v5,d51_query_preference_rubric_v1,ranking_target_margin,,False
пластиковые окна цена Самара,https://oknazavr.ru/samara/plastikovye-okna/,https://mirokon-samara.ru/,strong,True,1.0,71.7,65.9,78.4588,61.7667,16.6921,2,9,7,query_preference_rubric_v5,d51_query_preference_rubric_v1,ranking_target_margin,,False
пластиковые окна цена Самара,https://oknazavr.ru/samara/plastikovye-okna/,https://npik.ru/,uncertain,False,0.0,71.7,80.3,78.4588,75.0854,3.3734,2,7,5,query_preference_rubric_v5,d51_query_preference_rubric_v1,ranking_target_margin,,False
пластиковые окна цена Самара,https://oknazavr.ru/samara/plastikovye-okna/,https://samara.delaem-okna.ru/,weak,True,0.5,71.7,80.9,78.4588,74.0722,4.3866,2,8,6,query_preference_rubric_v5,d51_query_preference_rubric_v1,ranking_target_margin,,False
пластиковые окна цена Самара,https://oknazavr.ru/samara/plastikovye-okna/,https://samara.okna-plastikovyye.ru/,weak,True,0.5,71.7,74.2,78.4588,72.865,5.5938,2,5,3,query_preference_rubric_v5,d51_query_preference_rubric_v1,ranking_target_margin,,False
пластиковые окна цена Самара,https://oknazavr.ru/samara/plastikovye-okna/,https://smr.okna-olkon.ru/,weak,True,0.5,71.7,74.1,78.4588,72.6095,5.8493,2,6,4,query_preference_rubric_v5,d51_query_preference_rubric_v1,ranking_target_margin,,False
пластиковые окна цена Самара,https://oknazavr.ru/samara/plastikovye-okna/,https://www.avito.ru/samara/remont_i_stroitelstvo/plastikovye_okna_8099668986,strong,True,1.0,71.7,24.3,78.4588,25.0317,53.4271,2,10,8,query_preference_rubric_v5,d51_query_preference_rubric_v1,ranking_target_margin,,False
пластиковые окна цена Самара,https://samara.delaem-okna.ru/,https://mirokon-samara.ru/,strong,True,1.0,80.9,65.9,74.0722,61.7667,12.3055,8,9,1,query_preference_rubric_v5,d51_query_preference_rubric_v1,ranking_target_margin,,False
пластиковые окна цена Самара,https://samara.delaem-okna.ru/,https://www.avito.ru/samara/remont_i_stroitelstvo/plastikovye_okna_8099668986,strong,True,1.0,80.9,24.3,74.0722,25.0317,49.0405,8,10,2,query_preference_rubric_v5,d51_query_preference_rubric_v1,ranking_target_margin,,False
пластиковые окна цена Самара,https://samara.okna-plastikovyye.ru/,https://mirokon-samara.ru/,strong,True,1.0,74.2,65.9,72.865,61.7667,11.0983,5,9,4,query_preference_rubric_v5,d51_query_preference_rubric_v1,ranking_target_margin,,False
пластиковые окна цена Самара,https://samara.okna-plastikovyye.ru/,https://www.avito.ru/samara/remont_i_stroitelstvo/plastikovye_okna_8099668986,strong,True,1.0,74.2,24.3,72.865,25.0317,47.8333,5,10,5,query_preference_rubric_v5,d51_query_preference_rubric_v1,ranking_target_margin,,False
пластиковые окна цена Самара,https://smr.okna-olkon.ru/,https://mirokon-samara.ru/,strong,True,1.0,74.1,65.9,72.6095,61.7667,10.8428,6,9,3,query_preference_rubric_v5,d51_query_preference_rubric_v1,ranking_target_margin,,False
пластиковые окна цена Самара,https://smr.okna-olkon.ru/,https://www.avito.ru/samara/remont_i_stroitelstvo/plastikovye_okna_8099668986,strong,True,1.0,74.1,24.3,72.6095,25.0317,47.5778,6,10,4,query_preference_rubric_v5,d51_query_preference_rubric_v1,ranking_target_margin,,False
пластиковые окна цена Санкт-Петербург,https://okna-centre.ru/,https://spb.oknafactoria.ru/,strong,True,1.0,76.9,22.6,69.3499,38.965,30.3849,9,2,-7,query_preference_rubric_v5,d51_query_preference_rubric_v1,ranking_target_margin,,False
пластиковые окна цена Санкт-Петербург,https://okna-centre.ru/,https://zavod-okon-spb.ru/,uncertain,False,0.0,76.9,66.2,69.3499,65.8992,3.4507,9,6,-3,query_preference_rubric_v5,d51_query_preference_rubric_v1,ranking_target_margin,,False
пластиковые окна цена Санкт-Петербург,https://okna-spb.ru/,https://okna-centre.ru/,weak,True,0.5,71.3,76.9,74.1253,69.3499,4.7754,3,9,6,query_preference_rubric_v5,d51_query_preference_rubric_v1,ranking_target_margin,,False
пластиковые окна цена Санкт-Петербург,https://okna-spb.ru/,https://petrookna.ru/price,weak,True,0.5,71.3,65.4,74.1253,67.9057,6.2196,3,5,2,query_preference_rubric_v5,d51_query_preference_rubric_v1,ranking_target_margin,,False
пластиковые окна цена Санкт-Петербург,https://okna-spb.ru/,https://spb.okna-tseny.ru/,weak,True,0.5,71.3,74.7,74.1253,69.8187,4.3066,3,8,5,query_preference_rubric_v5,d51_query_preference_rubric_v1,ranking_target_margin,,False
пластиковые окна цена Санкт-Петербург,https://okna-spb.ru/,https://spb.oknafactoria.ru/,strong,True,1.0,71.3,22.6,74.1253,38.965,35.1603,3,2,-1,query_preference_rubric_v5,d51_query_preference_rubric_v1,ranking_target_margin,,False
пластиковые окна цена Санкт-Петербург,https://okna-spb.ru/,https://zavod-okon-spb.ru/,strong,True,1.0,71.3,66.2,74.1253,65.8992,8.2261,3,6,3,query_preference_rubric_v5,d51_query_preference_rubric_v1,ranking_target_margin,,False
пластиковые окна цена Санкт-Петербург,https://oknasravni.ru/sankt-peterburg,https://okna-centre.ru/,uncertain,False,0.0,69.2,76.9,72.5716,69.3499,3.2217,4,9,5,query_preference_rubric_v5,d51_query_preference_rubric_v1,ranking_target_margin,,False
пластиковые окна цена Санкт-Петербург,https://oknasravni.ru/sankt-peterburg,https://petrookna.ru/price,weak,True,0.5,69.2,65.4,72.5716,67.9057,4.6659,4,5,1,query_preference_rubric_v5,d51_query_preference_rubric_v1,ranking_target_margin,,False
пластиковые окна цена Санкт-Петербург,https://oknasravni.ru/sankt-peterburg,https://spb.okna-tseny.ru/,uncertain,False,0.0,69.2,74.7,72.5716,69.8187,2.7529,4,8,4,query_preference_rubric_v5,d51_query_preference_rubric_v1,ranking_target_margin,,False
пластиковые окна цена Санкт-Петербург,https://oknasravni.ru/sankt-peterburg,https://spb.oknafactoria.ru/,strong,True,1.0,69.2,22.6,72.5716,38.965,33.6066,4,2,-2,query_preference_rubric_v5,d51_query_preference_rubric_v1,ranking_target_margin,,False
пластиковые окна цена Санкт-Петербург,https://oknasravni.ru/sankt-peterburg,https://zavod-okon-spb.ru/,weak,True,0.5,69.2,66.2,72.5716,65.8992,6.6724,4,6,2,query_preference_rubric_v5,d51_query_preference_rubric_v1,ranking_target_margin,,False
пластиковые окна цена Санкт-Петербург,https://ostekleniespb.ru/,https://okna-centre.ru/,uncertain,False,0.0,83.2,76.9,72.1552,69.3499,2.8053,10,9,-1,query_preference_rubric_v5,d51_query_preference_rubric_v1,ranking_target_margin,,False
пластиковые окна цена Санкт-Петербург,https://ostekleniespb.ru/,https://petrookna.ru/price,weak,True,0.5,83.2,65.4,72.1552,67.9057,4.2495,10,5,-5,query_preference_rubric_v5,d51_query_preference_rubric_v1,ranking_target_margin,,False
пластиковые окна цена Санкт-Петербург,https://ostekleniespb.ru/,https://spb.okna-tseny.ru/,uncertain,False,0.0,83.2,74.7,72.1552,69.8187,2.3365,10,8,-2,query_preference_rubric_v5,d51_query_preference_rubric_v1,ranking_target_margin,,False
пластиковые окна цена Санкт-Петербург,https://ostekleniespb.ru/,https://spb.oknafactoria.ru/,strong,True,1.0,83.2,22.6,72.1552,38.965,33.1902,10,2,-8,query_preference_rubric_v5,d51_query_preference_rubric_v1,ranking_target_margin,,False
пластиковые окна цена Санкт-Петербург,https://ostekleniespb.ru/,https://zavod-okon-spb.ru/,weak,True,0.5,83.2,66.2,72.1552,65.8992,6.256,10,6,-4,query_preference_rubric_v5,d51_query_preference_rubric_v1,ranking_target_margin,,False
пластиковые окна цена Санкт-Петербург,https://petrookna.ru/price,https://spb.oknafactoria.ru/,strong,True,1.0,65.4,22.6,67.9057,38.965,28.9407,5,2,-3,query_preference_rubric_v5,d51_query_preference_rubric_v1,ranking_target_margin,,False
пластиковые окна цена Санкт-Петербург,https://petrookna.ru/price,https://zavod-okon-spb.ru/,uncertain,False,0.0,65.4,66.2,67.9057,65.8992,2.0065,5,6,1,query_preference_rubric_v5,d51_query_preference_rubric_v1,ranking_target_margin,,False
пластиковые окна цена Санкт-Петербург,https://spb.okna-tseny.ru/,https://spb.oknafactoria.ru/,strong,True,1.0,74.7,22.6,69.8187,38.965,30.8537,8,2,-6,query_preference_rubric_v5,d51_query_preference_rubric_v1,ranking_target_margin,,False
пластиковые окна цена Санкт-Петербург,https://spb.okna-tseny.ru/,https://zavod-okon-spb.ru/,uncertain,False,0.0,74.7,66.2,69.8187,65.8992,3.9195,8,6,-2,query_preference_rubric_v5,d51_query_preference_rubric_v1,ranking_target_margin,,False
пластиковые окна цена Санкт-Петербург,https://zavod-okna-pvh.ru/,https://okna-centre.ru/,weak,True,0.5,79.4,76.9,74.4351,69.3499,5.0852,7,9,2,query_preference_rubric_v5,d51_query_preference_rubric_v1,ranking_target_margin,,False
пластиковые окна цена Санкт-Петербург,https://zavod-okna-pvh.ru/,https://ostekleniespb.ru/,uncertain,False,0.0,79.4,83.2,74.4351,72.1552,2.2799,7,10,3,query_preference_rubric_v5,d51_query_preference_rubric_v1,ranking_target_margin,,False
пластиковые окна цена Санкт-Петербург,https://zavod-okna-pvh.ru/,https://petrookna.ru/price,weak,True,0.5,79.4,65.4,74.4351,67.9057,6.5294,7,5,-2,query_preference_rubric_v5,d51_query_preference_rubric_v1,ranking_target_margin,,False
пластиковые окна цена Санкт-Петербург,https://zavod-okna-pvh.ru/,https://spb.okna-tseny.ru/,weak,True,0.5,79.4,74.7,74.4351,69.8187,4.6164,7,8,1,query_preference_rubric_v5,d51_query_preference_rubric_v1,ranking_target_margin,,False
пластиковые окна цена Санкт-Петербург,https://zavod-okna-pvh.ru/,https://spb.oknafactoria.ru/,strong,True,1.0,79.4,22.6,74.4351,38.965,35.4701,7,2,-5,query_preference_rubric_v5,d51_query_preference_rubric_v1,ranking_target_margin,,False
пластиковые окна цена Санкт-Петербург,https://zavod-okna-pvh.ru/,https://zavod-okon-spb.ru/,strong,True,1.0,79.4,66.2,74.4351,65.8992,8.5359,7,6,-1,query_preference_rubric_v5,d51_query_preference_rubric_v1,ranking_target_margin,,False
пластиковые окна цена Санкт-Петербург,https://zavod-okon-spb.ru/,https://spb.oknafactoria.ru/,strong,True,1.0,66.2,22.6,65.8992,38.965,26.9342,6,2,-4,query_preference_rubric_v5,d51_query_preference_rubric_v1,ranking_target_margin,,False
пластиковые окна цена Санкт-Петербург,https://zavod-plastikovih-okon.ru/,https://okna-centre.ru/,strong,True,1.0,73.5,76.9,79.9267,69.3499,10.5768,1,9,8,query_preference_rubric_v5,d51_query_preference_rubric_v1,ranking_target_margin,,False
пластиковые окна цена Санкт-Петербург,https://zavod-plastikovih-okon.ru/,https://okna-spb.ru/,weak,True,0.5,73.5,71.3,79.9267,74.1253,5.8014,1,3,2,query_preference_rubric_v5,d51_query_preference_rubric_v1,ranking_target_margin,,False
пластиковые окна цена Санкт-Петербург,https://zavod-plastikovih-okon.ru/,https://oknasravni.ru/sankt-peterburg,weak,True,0.5,73.5,69.2,79.9267,72.5716,7.3551,1,4,3,query_preference_rubric_v5,d51_query_preference_rubric_v1,ranking_target_margin,,False
пластиковые окна цена Санкт-Петербург,https://zavod-plastikovih-okon.ru/,https://ostekleniespb.ru/,weak,True,0.5,73.5,83.2,79.9267,72.1552,7.7715,1,10,9,query_preference_rubric_v5,d51_query_preference_rubric_v1,ranking_target_margin,,False
пластиковые окна цена Санкт-Петербург,https://zavod-plastikovih-okon.ru/,https://petrookna.ru/price,strong,True,1.0,73.5,65.4,79.9267,67.9057,12.021,1,5,4,query_preference_rubric_v5,d51_query_preference_rubric_v1,ranking_target_margin,,False
пластиковые окна цена Санкт-Петербург,https://zavod-plastikovih-okon.ru/,https://spb.okna-tseny.ru/,strong,True,1.0,73.5,74.7,79.9267,69.8187,10.108,1,8,7,query_preference_rubric_v5,d51_query_preference_rubric_v1,ranking_target_margin,,False
пластиковые окна цена Санкт-Петербург,https://zavod-plastikovih-okon.ru/,https://spb.oknafactoria.ru/,strong,True,1.0,73.5,22.6,79.9267,38.965,40.9617,1,2,1,query_preference_rubric_v5,d51_query_preference_rubric_v1,ranking_target_margin,,False
пластиковые окна цена Санкт-Петербург,https://zavod-plastikovih-okon.ru/,https://zavod-okna-pvh.ru/,weak,True,0.5,73.5,79.4,79.9267,74.4351,5.4916,1,7,6,query_preference_rubric_v5,d51_query_preference_rubric_v1,ranking_target_margin,,False
пластиковые окна цена Санкт-Петербург,https://zavod-plastikovih-okon.ru/,https://zavod-okon-spb.ru/,strong,True,1.0,73.5,66.2,79.9267,65.8992,14.0275,1,6,5,query_preference_rubric_v5,d51_query_preference_rubric_v1,ranking_target_margin,,False
ремонт квартир Екатеринбург,https://arca-sk.ru/,https://remontproekb.ru/,weak,True,0.5,78.0,67.9,72.9966,68.2661,4.7305,7,5,-2,query_preference_rubric_v5,d51_query_preference_rubric_v1,ranking_target_margin,,False
ремонт квартир Екатеринбург,https://arca-sk.ru/,https://www.avito.ru/ekaterinburg/predlozheniya_uslug/remont_i_otdelka/remont_kvartir_i_domov_pod_klyuch-ASgBAgICAkSYC8CfAcQVwPUB,strong,True,1.0,78.0,27.1,72.9966,40.7273,32.2693,7,2,-5,query_preference_rubric_v5,d51_query_preference_rubric_v1,ranking_target_margin,,False
ремонт квартир Екатеринбург,https://arca-sk.ru/,https://www.kp.ru/russia/ekaterinburg/luchshie-kompanii-po-remontu-kvartir-v-ekaterinburge/,weak,True,0.5,78.0,72.7,72.9966,66.292,6.7046,7,9,2,query_preference_rubric_v5,d51_query_preference_rubric_v1,ranking_target_margin,,False
ремонт квартир Екатеринбург,https://arca-sk.ru/,https://www.remont-uralec.ru/,strong,True,1.0,78.0,24.8,72.9966,25.4007,47.5959,7,10,3,query_preference_rubric_v5,d51_query_preference_rubric_v1,ranking_target_margin,,False
ремонт квартир Екатеринбург,https://ekaterinburg.proff-remont.ru/,https://remontproekb.ru/,weak,True,0.5,81.3,67.9,74.1977,68.2661,5.9316,8,5,-3,query_preference_rubric_v5,d51_query_preference_rubric_v1,ranking_target_margin,,False
ремонт квартир Екатеринбург,https://ekaterinburg.proff-remont.ru/,https://www.avito.ru/ekaterinburg/predlozheniya_uslug/remont_i_otdelka/remont_kvartir_i_domov_pod_klyuch-ASgBAgICAkSYC8CfAcQVwPUB,strong,True,1.0,81.3,27.1,74.1977,40.7273,33.4704,8,2,-6,query_preference_rubric_v5,d51_query_preference_rubric_v1,ranking_target_margin,,False
ремонт квартир Екатеринбург,https://ekaterinburg.proff-remont.ru/,https://www.kp.ru/russia/ekaterinburg/luchshie-kompanii-po-remontu-kvartir-v-ekaterinburge/,weak,True,0.5,81.3,72.7,74.1977,66.292,7.9057,8,9,1,query_preference_rubric_v5,d51_query_preference_rubric_v1,ranking_target_margin,,False
ремонт квартир Екатеринбург,https://ekaterinburg.proff-remont.ru/,https://www.remont-uralec.ru/,strong,True,1.0,81.3,24.8,74.1977,25.4007,48.797,8,10,2,query_preference_rubric_v5,d51_query_preference_rubric_v1,ranking_target_margin,,False
ремонт квартир Екатеринбург,https://ekb.metrygroup.ru/,https://arca-sk.ru/,uncertain,False,0.0,79.0,78.0,75.8556,72.9966,2.859,6,7,1,query_preference_rubric_v5,d51_query_preference_rubric_v1,ranking_target_margin,,False
ремонт квартир Екатеринбург,https://ekb.metrygroup.ru/,https://remontproekb.ru/,weak,True,0.5,79.0,67.9,75.8556,68.2661,7.5895,6,5,-1,query_preference_rubric_v5,d51_query_preference_rubric_v1,ranking_target_margin,,False
ремонт квартир Екатеринбург,https://ekb.metrygroup.ru/,https://www.avito.ru/ekaterinburg/predlozheniya_uslug/remont_i_otdelka/remont_kvartir_i_domov_pod_klyuch-ASgBAgICAkSYC8CfAcQVwPUB,strong,True,1.0,79.0,27.1,75.8556,40.7273,35.1283,6,2,-4,query_preference_rubric_v5,d51_query_preference_rubric_v1,ranking_target_margin,,False
ремонт квартир Екатеринбург,https://ekb.metrygroup.ru/,https://www.kp.ru/russia/ekaterinburg/luchshie-kompanii-po-remontu-kvartir-v-ekaterinburge/,strong,True,1.0,79.0,72.7,75.8556,66.292,9.5636,6,9,3,query_preference_rubric_v5,d51_query_preference_rubric_v1,ranking_target_margin,,False
ремонт квартир Екатеринбург,https://ekb.metrygroup.ru/,https://www.remont-uralec.ru/,strong,True,1.0,79.0,24.8,75.8556,25.4007,50.4549,6,10,4,query_preference_rubric_v5,d51_query_preference_rubric_v1,ranking_target_margin,,False
ремонт квартир Екатеринбург,https://printsipremonta.ru/,https://arca-sk.ru/,weak,True,0.5,75.5,78.0,78.7007,72.9966,5.7041,3,7,4,query_preference_rubric_v5,d51_query_preference_rubric_v1,ranking_target_margin,,False
ремонт квартир Екатеринбург,https://printsipremonta.ru/,https://ekaterinburg.proff-remont.ru/,weak,True,0.5,75.5,81.3,78.7007,74.1977,4.503,3,8,5,query_preference_rubric_v5,d51_query_preference_rubric_v1,ranking_target_margin,,False
ремонт квартир Екатеринбург,https://printsipremonta.ru/,https://ekb.metrygroup.ru/,uncertain,False,0.0,75.5,79.0,78.7007,75.8556,2.8451,3,6,3,query_preference_rubric_v5,d51_query_preference_rubric_v1,ranking_target_margin,,False
ремонт квартир Екатеринбург,https://printsipremonta.ru/,https://remontproekb.ru/,strong,True,1.0,75.5,67.9,78.7007,68.2661,10.4346,3,5,2,query_preference_rubric_v5,d51_query_preference_rubric_v1,ranking_target_margin,,False
ремонт квартир Екатеринбург,https://printsipremonta.ru/,https://uslugi.yandex.ru/54-yekaterinburg/category/remont-i-stroitelstvo/remont-kvartir-i-domov--1816,uncertain,False,0.0,75.5,74.7,78.7007,75.5274,3.1733,3,4,1,query_preference_rubric_v5,d51_query_preference_rubric_v1,ranking_target_margin,,False
ремонт квартир Екатеринбург,https://printsipremonta.ru/,https://www.avito.ru/ekaterinburg/predlozheniya_uslug/remont_i_otdelka/remont_kvartir_i_domov_pod_klyuch-ASgBAgICAkSYC8CfAcQVwPUB,strong,True,1.0,75.5,27.1,78.7007,40.7273,37.9734,3,2,-1,query_preference_rubric_v5,d51_query_preference_rubric_v1,ranking_target_margin,,False
ремонт квартир Екатеринбург,https://printsipremonta.ru/,https://www.kp.ru/russia/ekaterinburg/luchshie-kompanii-po-remontu-kvartir-v-ekaterinburge/,strong,True,1.0,75.5,72.7,78.7007,66.292,12.4087,3,9,6,query_preference_rubric_v5,d51_query_preference_rubric_v1,ranking_target_margin,,False
ремонт квартир Екатеринбург,https://printsipremonta.ru/,https://www.remont-uralec.ru/,strong,True,1.0,75.5,24.8,78.7007,25.4007,53.3,3,10,7,query_preference_rubric_v5,d51_query_preference_rubric_v1,ranking_target_margin,,False
ремонт квартир Екатеринбург,https://remontproekb.ru/,https://www.avito.ru/ekaterinburg/predlozheniya_uslug/remont_i_otdelka/remont_kvartir_i_domov_pod_klyuch-ASgBAgICAkSYC8CfAcQVwPUB,strong,True,1.0,67.9,27.1,68.2661,40.7273,27.5388,5,2,-3,query_preference_rubric_v5,d51_query_preference_rubric_v1,ranking_target_margin,,False
ремонт квартир Екатеринбург,https://remontproekb.ru/,https://www.remont-uralec.ru/,strong,True,1.0,67.9,24.8,68.2661,25.4007,42.8654,5,10,5,query_preference_rubric_v5,d51_query_preference_rubric_v1,ranking_target_margin,,False
ремонт квартир Екатеринбург,https://remonty-ekb.ru/,https://arca-sk.ru/,strong,True,1.0,77.5,78.0,84.264,72.9966,11.2674,1,7,6,query_preference_rubric_v5,d51_query_preference_rubric_v1,ranking_target_margin,,False
ремонт квартир Екатеринбург,https://remonty-ekb.ru/,https://ekaterinburg.proff-remont.ru/,strong,True,1.0,77.5,81.3,84.264,74.1977,10.0663,1,8,7,query_preference_rubric_v5,d51_query_preference_rubric_v1,ranking_target_margin,,False
ремонт квартир Екатеринбург,https://remonty-ekb.ru/,https://ekb.metrygroup.ru/,strong,True,1.0,77.5,79.0,84.264,75.8556,8.4084,1,6,5,query_preference_rubric_v5,d51_query_preference_rubric_v1,ranking_target_margin,,False
ремонт квартир Екатеринбург,https://remonty-ekb.ru/,https://printsipremonta.ru/,weak,True,0.5,77.5,75.5,84.264,78.7007,5.5633,1,3,2,query_preference_rubric_v5,d51_query_preference_rubric_v1,ranking_target_margin,,False
ремонт квартир Екатеринбург,https://remonty-ekb.ru/,https://remontproekb.ru/,strong,True,1.0,77.5,67.9,84.264,68.2661,15.9979,1,5,4,query_preference_rubric_v5,d51_query_preference_rubric_v1,ranking_target_margin,,False
ремонт квартир Екатеринбург,https://remonty-ekb.ru/,https://uslugi.yandex.ru/54-yekaterinburg/category/remont-i-stroitelstvo/remont-kvartir-i-domov--1816,strong,True,1.0,77.5,74.7,84.264,75.5274,8.7366,1,4,3,query_preference_rubric_v5,d51_query_preference_rubric_v1,ranking_target_margin,,False
ремонт квартир Екатеринбург,https://remonty-ekb.ru/,https://www.avito.ru/ekaterinburg/predlozheniya_uslug/remont_i_otdelka/remont_kvartir_i_domov_pod_klyuch-ASgBAgICAkSYC8CfAcQVwPUB,strong,True,1.0,77.5,27.1,84.264,40.7273,43.5367,1,2,1,query_preference_rubric_v5,d51_query_preference_rubric_v1,ranking_target_margin,,False
ремонт квартир Екатеринбург,https://remonty-ekb.ru/,https://www.kp.ru/russia/ekaterinburg/luchshie-kompanii-po-remontu-kvartir-v-ekaterinburge/,strong,True,1.0,77.5,72.7,84.264,66.292,17.972,1,9,8,query_preference_rubric_v5,d51_query_preference_rubric_v1,ranking_target_margin,,False
ремонт квартир Екатеринбург,https://remonty-ekb.ru/,https://www.remont-uralec.ru/,strong,True,1.0,77.5,24.8,84.264,25.4007,58.8633,1,10,9,query_preference_rubric_v5,d51_query_preference_rubric_v1,ranking_target_margin,,False
ремонт квартир Екатеринбург,https://uslugi.yandex.ru/54-yekaterinburg/category/remont-i-stroitelstvo/remont-kvartir-i-domov--1816,https://arca-sk.ru/,uncertain,False,0.0,74.7,78.0,75.5274,72.9966,2.5308,4,7,3,query_preference_rubric_v5,d51_query_preference_rubric_v1,ranking_target_margin,,False
ремонт квартир Екатеринбург,https://uslugi.yandex.ru/54-yekaterinburg/category/remont-i-stroitelstvo/remont-kvartir-i-domov--1816,https://remontproekb.ru/,weak,True,0.5,74.7,67.9,75.5274,68.2661,7.2613,4,5,1,query_preference_rubric_v5,d51_query_preference_rubric_v1,ranking_target_margin,,False
ремонт квартир Екатеринбург,https://uslugi.yandex.ru/54-yekaterinburg/category/remont-i-stroitelstvo/remont-kvartir-i-domov--1816,https://www.avito.ru/ekaterinburg/predlozheniya_uslug/remont_i_otdelka/remont_kvartir_i_domov_pod_klyuch-ASgBAgICAkSYC8CfAcQVwPUB,strong,True,1.0,74.7,27.1,75.5274,40.7273,34.8001,4,2,-2,query_preference_rubric_v5,d51_query_preference_rubric_v1,ranking_target_margin,,False
ремонт квартир Екатеринбург,https://uslugi.yandex.ru/54-yekaterinburg/category/remont-i-stroitelstvo/remont-kvartir-i-domov--1816,https://www.kp.ru/russia/ekaterinburg/luchshie-kompanii-po-remontu-kvartir-v-ekaterinburge/,strong,True,1.0,74.7,72.7,75.5274,66.292,9.2354,4,9,5,query_preference_rubric_v5,d51_query_preference_rubric_v1,ranking_target_margin,,False
ремонт квартир Екатеринбург,https://uslugi.yandex.ru/54-yekaterinburg/category/remont-i-stroitelstvo/remont-kvartir-i-domov--1816,https://www.remont-uralec.ru/,strong,True,1.0,74.7,24.8,75.5274,25.4007,50.1267,4,10,6,query_preference_rubric_v5,d51_query_preference_rubric_v1,ranking_target_margin,,False
ремонт квартир Екатеринбург,https://www.avito.ru/ekaterinburg/predlozheniya_uslug/remont_i_otdelka/remont_kvartir_i_domov_pod_klyuch-ASgBAgICAkSYC8CfAcQVwPUB,https://www.remont-uralec.ru/,strong,True,1.0,27.1,24.8,40.7273,25.4007,15.3266,2,10,8,query_preference_rubric_v5,d51_query_preference_rubric_v1,ranking_target_margin,,False
ремонт квартир Екатеринбург,https://www.kp.ru/russia/ekaterinburg/luchshie-kompanii-po-remontu-kvartir-v-ekaterinburge/,https://www.avito.ru/ekaterinburg/predlozheniya_uslug/remont_i_otdelka/remont_kvartir_i_domov_pod_klyuch-ASgBAgICAkSYC8CfAcQVwPUB,strong,True,1.0,72.7,27.1,66.292,40.7273,25.5647,9,2,-7,query_preference_rubric_v5,d51_query_preference_rubric_v1,ranking_target_margin,,False
ремонт квартир Екатеринбург,https://www.kp.ru/russia/ekaterinburg/luchshie-kompanii-po-remontu-kvartir-v-ekaterinburge/,https://www.remont-uralec.ru/,strong,True,1.0,72.7,24.8,66.292,25.4007,40.8913,9,10,1,query_preference_rubric_v5,d51_query_preference_rubric_v1,ranking_target_margin,,False
ремонт квартир Казань,https://bikservis.com/remont-kvartir/,https://profi.ru/geo-kzn/remont/remont-kvartir/,strong,True,1.0,69.9,14.3,62.3407,23.7463,38.5944,10,7,-3,query_preference_rubric_v5,d51_query_preference_rubric_v1,ranking_target_margin,,False
ремонт квартир Казань,https://bikservis.com/remont-kvartir/,https://www.avito.ru/kazan/predlozheniya_uslug/remont_i_otdelka/remont_kvartir_i_domov_pod_klyuch-ASgBAgICAkSYC8CfAcQVwPUB,strong,True,1.0,69.9,26.7,62.3407,35.4172,26.9235,10,5,-5,query_preference_rubric_v5,d51_query_preference_rubric_v1,ranking_target_margin,,False
ремонт квартир Казань,https://kazan-remonts.ru/,https://profi.ru/geo-kzn/remont/remont-kvartir/,strong,True,1.0,66.0,14.3,61.7048,23.7463,37.9585,9,7,-2,query_preference_rubric_v5,d51_query_preference_rubric_v1,ranking_target_margin,,False
ремонт квартир Казань,https://kazan-remonts.ru/,https://www.avito.ru/kazan/predlozheniya_uslug/remont_i_otdelka/remont_kvartir_i_domov_pod_klyuch-ASgBAgICAkSYC8CfAcQVwPUB,strong,True,1.0,66.0,26.7,61.7048,35.4172,26.2876,9,5,-4,query_preference_rubric_v5,d51_query_preference_rubric_v1,ranking_target_margin,,False
ремонт квартир Казань,https://kazan.proff-remont.ru/,https://bikservis.com/remont-kvartir/,strong,True,1.0,80.5,69.9,81.7754,62.3407,19.4347,3,10,7,query_preference_rubric_v5,d51_query_preference_rubric_v1,ranking_target_margin,,False
ремонт квартир Казань,https://kazan.proff-remont.ru/,https://kazan-remonts.ru/,strong,True,1.0,80.5,66.0,81.7754,61.7048,20.0706,3,9,6,query_preference_rubric_v5,d51_query_preference_rubric_v1,ranking_target_margin,,False
ремонт квартир Казань,https://kazan.proff-remont.ru/,https://profi.ru/geo-kzn/remont/remont-kvartir/,strong,True,1.0,80.5,14.3,81.7754,23.7463,58.0291,3,7,4,query_preference_rubric_v5,d51_query_preference_rubric_v1,ranking_target_margin,,False
ремонт квартир Казань,https://kazan.proff-remont.ru/,https://remont-kvartir-kazan.ru/,strong,True,1.0,80.5,75.0,81.7754,72.9169,8.8585,3,6,3,query_preference_rubric_v5,d51_query_preference_rubric_v1,ranking_target_margin,,False
ремонт квартир Казань,https://kazan.proff-remont.ru/,https://remont116.ru/,weak,True,0.5,80.5,74.2,81.7754,75.7072,6.0682,3,4,1,query_preference_rubric_v5,d51_query_preference_rubric_v1,ranking_target_margin,,False
ремонт квартир Казань,https://kazan.proff-remont.ru/,https://uslugi.yandex.ru/43-kazan/category/remont-i-stroitelstvo/remont-kvartir-i-domov--1816,uncertain,False,0.0,80.5,74.5,81.7754,78.5921,3.1833,3,2,-1,query_preference_rubric_v5,d51_query_preference_rubric_v1,ranking_target_margin,,False
ремонт квартир Казань,https://kazan.proff-remont.ru/,https://www.avito.ru/kazan/predlozheniya_uslug/remont_i_otdelka/remont_kvartir_i_domov_pod_klyuch-ASgBAgICAkSYC8CfAcQVwPUB,strong,True,1.0,80.5,26.7,81.7754,35.4172,46.3582,3,5,2,query_preference_rubric_v5,d51_query_preference_rubric_v1,ranking_target_margin,,False
ремонт квартир Казань,https://rembrigada116.ru/,https://bikservis.com/remont-kvartir/,strong,True,1.0,79.0,69.9,83.5596,62.3407,21.2189,1,10,9,query_preference_rubric_v5,d51_query_preference_rubric_v1,ranking_target_margin,,False
ремонт квартир Казань,https://rembrigada116.ru/,https://kazan-remonts.ru/,strong,True,1.0,79.0,66.0,83.5596,61.7048,21.8548,1,9,8,query_preference_rubric_v5,d51_query_preference_rubric_v1,ranking_target_margin,,False
ремонт квартир Казань,https://rembrigada116.ru/,https://profi.ru/geo-kzn/remont/remont-kvartir/,strong,True,1.0,79.0,14.3,83.5596,23.7463,59.8133,1,7,6,query_preference_rubric_v5,d51_query_preference_rubric_v1,ranking_target_margin,,False
ремонт квартир Казань,https://rembrigada116.ru/,https://remont-kvartir-kazan.ru/,strong,True,1.0,79.0,75.0,83.5596,72.9169,10.6427,1,6,5,query_preference_rubric_v5,d51_query_preference_rubric_v1,ranking_target_margin,,False
ремонт квартир Казань,https://rembrigada116.ru/,https://remont116.ru/,weak,True,0.5,79.0,74.2,83.5596,75.7072,7.8524,1,4,3,query_preference_rubric_v5,d51_query_preference_rubric_v1,ranking_target_margin,,False
ремонт квартир Казань,https://rembrigada116.ru/,https://uslugi.yandex.ru/43-kazan/category/remont-i-stroitelstvo/remont-kvartir-i-domov--1816,weak,True,0.5,79.0,74.5,83.5596,78.5921,4.9675,1,2,1,query_preference_rubric_v5,d51_query_preference_rubric_v1,ranking_target_margin,,False
ремонт квартир Казань,https://rembrigada116.ru/,https://www.avito.ru/kazan/predlozheniya_uslug/remont_i_otdelka/remont_kvartir_i_domov_pod_klyuch-ASgBAgICAkSYC8CfAcQVwPUB,strong,True,1.0,79.0,26.7,83.5596,35.4172,48.1424,1,5,4,query_preference_rubric_v5,d51_query_preference_rubric_v1,ranking_target_margin,,False
ремонт квартир Казань,https://remont-kvartir-kazan.ru/,https://bikservis.com/remont-kvartir/,strong,True,1.0,75.0,69.9,72.9169,62.3407,10.5762,6,10,4,query_preference_rubric_v5,d51_query_preference_rubric_v1,ranking_target_margin,,False
ремонт квартир Казань,https://remont-kvartir-kazan.ru/,https://kazan-remonts.ru/,strong,True,1.0,75.0,66.0,72.9169,61.7048,11.2121,6,9,3,query_preference_rubric_v5,d51_query_preference_rubric_v1,ranking_target_margin,,False
ремонт квартир Казань,https://remont-kvartir-kazan.ru/,https://profi.ru/geo-kzn/remont/remont-kvartir/,strong,True,1.0,75.0,14.3,72.9169,23.7463,49.1706,6,7,1,query_preference_rubric_v5,d51_query_preference_rubric_v1,ranking_target_margin,,False
ремонт квартир Казань,https://remont-kvartir-kazan.ru/,https://www.avito.ru/kazan/predlozheniya_uslug/remont_i_otdelka/remont_kvartir_i_domov_pod_klyuch-ASgBAgICAkSYC8CfAcQVwPUB,strong,True,1.0,75.0,26.7,72.9169,35.4172,37.4997,6,5,-1,query_preference_rubric_v5,d51_query_preference_rubric_v1,ranking_target_margin,,False
ремонт квартир Казань,https://remont116.ru/,https://bikservis.com/remont-kvartir/,strong,True,1.0,74.2,69.9,75.7072,62.3407,13.3665,4,10,6,query_preference_rubric_v5,d51_query_preference_rubric_v1,ranking_target_margin,,False
ремонт квартир Казань,https://remont116.ru/,https://kazan-remonts.ru/,strong,True,1.0,74.2,66.0,75.7072,61.7048,14.0024,4,9,5,query_preference_rubric_v5,d51_query_preference_rubric_v1,ranking_target_margin,,False
ремонт квартир Казань,https://remont116.ru/,https://profi.ru/geo-kzn/remont/remont-kvartir/,strong,True,1.0,74.2,14.3,75.7072,23.7463,51.9609,4,7,3,query_preference_rubric_v5,d51_query_preference_rubric_v1,ranking_target_margin,,False
ремонт квартир Казань,https://remont116.ru/,https://remont-kvartir-kazan.ru/,uncertain,False,0.0,74.2,75.0,75.7072,72.9169,2.7903,4,6,2,query_preference_rubric_v5,d51_query_preference_rubric_v1,ranking_target_margin,,False
ремонт квартир Казань,https://remont116.ru/,https://www.avito.ru/kazan/predlozheniya_uslug/remont_i_otdelka/remont_kvartir_i_domov_pod_klyuch-ASgBAgICAkSYC8CfAcQVwPUB,strong,True,1.0,74.2,26.7,75.7072,35.4172,40.29,4,5,1,query_preference_rubric_v5,d51_query_preference_rubric_v1,ranking_target_margin,,False
ремонт квартир Казань,https://uslugi.yandex.ru/43-kazan/category/remont-i-stroitelstvo/remont-kvartir-i-domov--1816,https://bikservis.com/remont-kvartir/,strong,True,1.0,74.5,69.9,78.5921,62.3407,16.2514,2,10,8,query_preference_rubric_v5,d51_query_preference_rubric_v1,ranking_target_margin,,False
ремонт квартир Казань,https://uslugi.yandex.ru/43-kazan/category/remont-i-stroitelstvo/remont-kvartir-i-domov--1816,https://kazan-remonts.ru/,strong,True,1.0,74.5,66.0,78.5921,61.7048,16.8873,2,9,7,query_preference_rubric_v5,d51_query_preference_rubric_v1,ranking_target_margin,,False
ремонт квартир Казань,https://uslugi.yandex.ru/43-kazan/category/remont-i-stroitelstvo/remont-kvartir-i-domov--1816,https://profi.ru/geo-kzn/remont/remont-kvartir/,strong,True,1.0,74.5,14.3,78.5921,23.7463,54.8458,2,7,5,query_preference_rubric_v5,d51_query_preference_rubric_v1,ranking_target_margin,,False
ремонт квартир Казань,https://uslugi.yandex.ru/43-kazan/category/remont-i-stroitelstvo/remont-kvartir-i-domov--1816,https://remont-kvartir-kazan.ru/,weak,True,0.5,74.5,75.0,78.5921,72.9169,5.6752,2,6,4,query_preference_rubric_v5,d51_query_preference_rubric_v1,ranking_target_margin,,False
ремонт квартир Казань,https://uslugi.yandex.ru/43-kazan/category/remont-i-stroitelstvo/remont-kvartir-i-domov--1816,https://remont116.ru/,uncertain,False,0.0,74.5,74.2,78.5921,75.7072,2.8849,2,4,2,query_preference_rubric_v5,d51_query_preference_rubric_v1,ranking_target_margin,,False
ремонт квартир Казань,https://uslugi.yandex.ru/43-kazan/category/remont-i-stroitelstvo/remont-kvartir-i-domov--1816,https://www.avito.ru/kazan/predlozheniya_uslug/remont_i_otdelka/remont_kvartir_i_domov_pod_klyuch-ASgBAgICAkSYC8CfAcQVwPUB,strong,True,1.0,74.5,26.7,78.5921,35.4172,43.1749,2,5,3,query_preference_rubric_v5,d51_query_preference_rubric_v1,ranking_target_margin,,False
ремонт квартир Казань,https://www.avito.ru/kazan/predlozheniya_uslug/remont_i_otdelka/remont_kvartir_i_domov_pod_klyuch-ASgBAgICAkSYC8CfAcQVwPUB,https://profi.ru/geo-kzn/remont/remont-kvartir/,strong,True,1.0,26.7,14.3,35.4172,23.7463,11.6709,5,7,2,query_preference_rubric_v5,d51_query_preference_rubric_v1,ranking_target_margin,,False
ремонт квартир Краснодар,https://podklyuch23.ru/,https://timestroykrd.ru/,strong,True,1.0,78.0,73.7,83.4512,67.6045,15.8467,1,9,8,query_preference_rubric_v5,d51_query_preference_rubric_v1,ranking_target_margin,,False
ремонт квартир Краснодар,https://podklyuch23.ru/,https://vc.ru/life/2874800-kompanii-po-remontu-kvartir-v-krasnodare,strong,True,1.0,78.0,71.8,83.4512,72.7821,10.6691,1,4,3,query_preference_rubric_v5,d51_query_preference_rubric_v1,ranking_target_margin,,False
ремонт квартир Краснодар,https://podklyuch23.ru/,https://www.kp.ru/russia/krasnodar/luchshie-kompanii-po-remontu-kvartir-v-krasnodare/,strong,True,1.0,78.0,72.0,83.4512,75.4396,8.0116,1,3,2,query_preference_rubric_v5,d51_query_preference_rubric_v1,ranking_target_margin,,False
ремонт квартир Краснодар,https://uslugi.yandex.ru/35-krasnodar/category?text=ремонт+квартир,https://timestroykrd.ru/,strong,True,1.0,81.9,73.7,84.3763,67.6045,16.7718,2,9,7,query_preference_rubric_v5,d51_query_preference_rubric_v1,ranking_target_margin,,False
ремонт квартир Краснодар,https://uslugi.yandex.ru/35-krasnodar/category?text=ремонт+квартир,https://vc.ru/life/2874800-kompanii-po-remontu-kvartir-v-krasnodare,strong,True,1.0,81.9,71.8,84.3763,72.7821,11.5942,2,4,2,query_preference_rubric_v5,d51_query_preference_rubric_v1,ranking_target_margin,,False
ремонт квартир Краснодар,https://uslugi.yandex.ru/35-krasnodar/category?text=ремонт+квартир,https://www.kp.ru/russia/krasnodar/luchshie-kompanii-po-remontu-kvartir-v-krasnodare/,strong,True,1.0,81.9,72.0,84.3763,75.4396,8.9367,2,3,1,query_preference_rubric_v5,d51_query_preference_rubric_v1,ranking_target_margin,,False
ремонт квартир Краснодар,https://vc.ru/life/2874800-kompanii-po-remontu-kvartir-v-krasnodare,https://timestroykrd.ru/,weak,True,0.5,71.8,73.7,72.7821,67.6045,5.1776,4,9,5,query_preference_rubric_v5,d51_query_preference_rubric_v1,ranking_target_margin,,False
ремонт квартир Краснодар,https://www.kp.ru/russia/krasnodar/luchshie-kompanii-po-remontu-kvartir-v-krasnodare/,https://timestroykrd.ru/,weak,True,0.5,72.0,73.7,75.4396,67.6045,7.8351,3,9,6,query_preference_rubric_v5,d51_query_preference_rubric_v1,ranking_target_margin,,False
ремонт квартир Краснодар,https://www.kp.ru/russia/krasnodar/luchshie-kompanii-po-remontu-kvartir-v-krasnodare/,https://vc.ru/life/2874800-kompanii-po-remontu-kvartir-v-krasnodare,uncertain,False,0.0,72.0,71.8,75.4396,72.7821,2.6575,3,4,1,query_preference_rubric_v5,d51_query_preference_rubric_v1,ranking_target_margin,,False
ремонт квартир Нижний Новгород,https://comfort52.ru/,https://profi.ru/geo-nnov/remont/remont-kvartir/,weak,True,0.5,68.9,67.4,68.1276,61.7822,6.3454,6,9,3,query_preference_rubric_v5,d51_query_preference_rubric_v1,ranking_target_margin,,False
ремонт квартир Нижний Новгород,https://comfort52.ru/,https://tpk-nn.com/services/remont/remont-kvartir/,uncertain,False,0.0,68.9,71.5,68.1276,64.7661,3.3615,6,10,4,query_preference_rubric_v5,d51_query_preference_rubric_v1,ranking_target_margin,,False
ремонт квартир Нижний Новгород,https://comfort52.ru/,https://www.avito.ru/nizhniy_novgorod/predlozheniya_uslug?q=ремонт+квартир,strong,True,1.0,68.9,25.8,68.1276,34.0768,34.0508,6,5,-1,query_preference_rubric_v5,d51_query_preference_rubric_v1,ranking_target_margin,,False
ремонт квартир Нижний Новгород,https://max-dar.ru/,https://profi.ru/geo-nnov/remont/remont-kvartir/,weak,True,0.5,69.1,67.4,67.0731,61.7822,5.2909,7,9,2,query_preference_rubric_v5,d51_query_preference_rubric_v1,ranking_target_margin,,False
ремонт квартир Нижний Новгород,https://max-dar.ru/,https://tpk-nn.com/services/remont/remont-kvartir/,uncertain,False,0.0,69.1,71.5,67.0731,64.7661,2.307,7,10,3,query_preference_rubric_v5,d51_query_preference_rubric_v1,ranking_target_margin,,False
ремонт квартир Нижний Новгород,https://max-dar.ru/,https://www.avito.ru/nizhniy_novgorod/predlozheniya_uslug?q=ремонт+квартир,strong,True,1.0,69.1,25.8,67.0731,34.0768,32.9963,7,5,-2,query_preference_rubric_v5,d51_query_preference_rubric_v1,ranking_target_margin,,False
ремонт квартир Нижний Новгород,https://nizhniy-novgorod.proff-remont.ru/,https://comfort52.ru/,strong,True,1.0,78.2,68.9,83.028,68.1276,14.9004,1,6,5,query_preference_rubric_v5,d51_query_preference_rubric_v1,ranking_target_margin,,False
ремонт квартир Нижний Новгород,https://nizhniy-novgorod.proff-remont.ru/,https://max-dar.ru/,strong,True,1.0,78.2,69.1,83.028,67.0731,15.9549,1,7,6,query_preference_rubric_v5,d51_query_preference_rubric_v1,ranking_target_margin,,False
ремонт квартир Нижний Новгород,https://nizhniy-novgorod.proff-remont.ru/,https://nn.korona-remont.ru/,weak,True,0.5,78.2,72.7,83.028,77.7079,5.3201,1,2,1,query_preference_rubric_v5,d51_query_preference_rubric_v1,ranking_target_margin,,False
ремонт квартир Нижний Новгород,https://nizhniy-novgorod.proff-remont.ru/,https://profi.ru/geo-nnov/remont/remont-kvartir/,strong,True,1.0,78.2,67.4,83.028,61.7822,21.2458,1,9,8,query_preference_rubric_v5,d51_query_preference_rubric_v1,ranking_target_margin,,False
ремонт квартир Нижний Новгород,https://nizhniy-novgorod.proff-remont.ru/,https://remo152.ru/,weak,True,0.5,78.2,75.7,83.028,78.185,4.843,1,3,2,query_preference_rubric_v5,d51_query_preference_rubric_v1,ranking_target_margin,,False
ремонт квартир Нижний Новгород,https://nizhniy-novgorod.proff-remont.ru/,https://remontstroynn.ru/,strong,True,1.0,78.2,75.3,83.028,68.3533,14.6747,1,8,7,query_preference_rubric_v5,d51_query_preference_rubric_v1,ranking_target_margin,,False
ремонт квартир Нижний Новгород,https://nizhniy-novgorod.proff-remont.ru/,https://tpk-nn.com/services/remont/remont-kvartir/,strong,True,1.0,78.2,71.5,83.028,64.7661,18.2619,1,10,9,query_preference_rubric_v5,d51_query_preference_rubric_v1,ranking_target_margin,,False
ремонт квартир Нижний Новгород,https://nizhniy-novgorod.proff-remont.ru/,https://uslugi.yandex.ru/47-nizhny-novgorod/category/remont-i-stroitelstvo/remont-kvartir-i-domov--1816,strong,True,1.0,78.2,72.6,83.028,73.6708,9.3572,1,4,3,query_preference_rubric_v5,d51_query_preference_rubric_v1,ranking_target_margin,,False
ремонт квартир Нижний Новгород,https://nizhniy-novgorod.proff-remont.ru/,https://www.avito.ru/nizhniy_novgorod/predlozheniya_uslug?q=ремонт+квартир,strong,True,1.0,78.2,25.8,83.028,34.0768,48.9512,1,5,4,query_preference_rubric_v5,d51_query_preference_rubric_v1,ranking_target_margin,,False
ремонт квартир Нижний Новгород,https://nn.korona-remont.ru/,https://comfort52.ru/,strong,True,1.0,72.7,68.9,77.7079,68.1276,9.5803,2,6,4,query_preference_rubric_v5,d51_query_preference_rubric_v1,ranking_target_margin,,False
ремонт квартир Нижний Новгород,https://nn.korona-remont.ru/,https://max-dar.ru/,strong,True,1.0,72.7,69.1,77.7079,67.0731,10.6348,2,7,5,query_preference_rubric_v5,d51_query_preference_rubric_v1,ranking_target_margin,,False
ремонт квартир Нижний Новгород,https://nn.korona-remont.ru/,https://profi.ru/geo-nnov/remont/remont-kvartir/,strong,True,1.0,72.7,67.4,77.7079,61.7822,15.9257,2,9,7,query_preference_rubric_v5,d51_query_preference_rubric_v1,ranking_target_margin,,False
ремонт квартир Нижний Новгород,https://nn.korona-remont.ru/,https://remontstroynn.ru/,strong,True,1.0,72.7,75.3,77.7079,68.3533,9.3546,2,8,6,query_preference_rubric_v5,d51_query_preference_rubric_v1,ranking_target_margin,,False
ремонт квартир Нижний Новгород,https://nn.korona-remont.ru/,https://tpk-nn.com/services/remont/remont-kvartir/,strong,True,1.0,72.7,71.5,77.7079,64.7661,12.9418,2,10,8,query_preference_rubric_v5,d51_query_preference_rubric_v1,ranking_target_margin,,False
ремонт квартир Нижний Новгород,https://nn.korona-remont.ru/,https://uslugi.yandex.ru/47-nizhny-novgorod/category/remont-i-stroitelstvo/remont-kvartir-i-domov--1816,weak,True,0.5,72.7,72.6,77.7079,73.6708,4.0371,2,4,2,query_preference_rubric_v5,d51_query_preference_rubric_v1,ranking_target_margin,,False
ремонт квартир Нижний Новгород,https://nn.korona-remont.ru/,https://www.avito.ru/nizhniy_novgorod/predlozheniya_uslug?q=ремонт+квартир,strong,True,1.0,72.7,25.8,77.7079,34.0768,43.6311,2,5,3,query_preference_rubric_v5,d51_query_preference_rubric_v1,ranking_target_margin,,False
ремонт квартир Нижний Новгород,https://profi.ru/geo-nnov/remont/remont-kvartir/,https://www.avito.ru/nizhniy_novgorod/predlozheniya_uslug?q=ремонт+квартир,strong,True,1.0,67.4,25.8,61.7822,34.0768,27.7054,9,5,-4,query_preference_rubric_v5,d51_query_preference_rubric_v1,ranking_target_margin,,False
ремонт квартир Нижний Новгород,https://remo152.ru/,https://comfort52.ru/,strong,True,1.0,75.7,68.9,78.185,68.1276,10.0574,3,6,3,query_preference_rubric_v5,d51_query_preference_rubric_v1,ranking_target_margin,,False
ремонт квартир Нижний Новгород,https://remo152.ru/,https://max-dar.ru/,strong,True,1.0,75.7,69.1,78.185,67.0731,11.1119,3,7,4,query_preference_rubric_v5,d51_query_preference_rubric_v1,ranking_target_margin,,False
ремонт квартир Нижний Новгород,https://remo152.ru/,https://profi.ru/geo-nnov/remont/remont-kvartir/,strong,True,1.0,75.7,67.4,78.185,61.7822,16.4028,3,9,6,query_preference_rubric_v5,d51_query_preference_rubric_v1,ranking_target_margin,,False
ремонт квартир Нижний Новгород,https://remo152.ru/,https://remontstroynn.ru/,strong,True,1.0,75.7,75.3,78.185,68.3533,9.8317,3,8,5,query_preference_rubric_v5,d51_query_preference_rubric_v1,ranking_target_margin,,False
ремонт квартир Нижний Новгород,https://remo152.ru/,https://tpk-nn.com/services/remont/remont-kvartir/,strong,True,1.0,75.7,71.5,78.185,64.7661,13.4189,3,10,7,query_preference_rubric_v5,d51_query_preference_rubric_v1,ranking_target_margin,,False
ремонт квартир Нижний Новгород,https://remo152.ru/,https://uslugi.yandex.ru/47-nizhny-novgorod/category/remont-i-stroitelstvo/remont-kvartir-i-domov--1816,weak,True,0.5,75.7,72.6,78.185,73.6708,4.5142,3,4,1,query_preference_rubric_v5,d51_query_preference_rubric_v1,ranking_target_margin,,False
ремонт квартир Нижний Новгород,https://remo152.ru/,https://www.avito.ru/nizhniy_novgorod/predlozheniya_uslug?q=ремонт+квартир,strong,True,1.0,75.7,25.8,78.185,34.0768,44.1082,3,5,2,query_preference_rubric_v5,d51_query_preference_rubric_v1,ranking_target_margin,,False
ремонт квартир Нижний Новгород,https://remontstroynn.ru/,https://profi.ru/geo-nnov/remont/remont-kvartir/,weak,True,0.5,75.3,67.4,68.3533,61.7822,6.5711,8,9,1,query_preference_rubric_v5,d51_query_preference_rubric_v1,ranking_target_margin,,False
ремонт квартир Нижний Новгород,https://remontstroynn.ru/,https://tpk-nn.com/services/remont/remont-kvartir/,uncertain,False,0.0,75.3,71.5,68.3533,64.7661,3.5872,8,10,2,query_preference_rubric_v5,d51_query_preference_rubric_v1,ranking_target_margin,,False
ремонт квартир Нижний Новгород,https://remontstroynn.ru/,https://www.avito.ru/nizhniy_novgorod/predlozheniya_uslug?q=ремонт+квартир,strong,True,1.0,75.3,25.8,68.3533,34.0768,34.2765,8,5,-3,query_preference_rubric_v5,d51_query_preference_rubric_v1,ranking_target_margin,,False
ремонт квартир Нижний Новгород,https://tpk-nn.com/services/remont/remont-kvartir/,https://profi.ru/geo-nnov/remont/remont-kvartir/,uncertain,False,0.0,71.5,67.4,64.7661,61.7822,2.9839,10,9,-1,query_preference_rubric_v5,d51_query_preference_rubric_v1,ranking_target_margin,,False
ремонт квартир Нижний Новгород,https://tpk-nn.com/services/remont/remont-kvartir/,https://www.avito.ru/nizhniy_novgorod/predlozheniya_uslug?q=ремонт+квартир,strong,True,1.0,71.5,25.8,64.7661,34.0768,30.6893,10,5,-5,query_preference_rubric_v5,d51_query_preference_rubric_v1,ranking_target_margin,,False
ремонт квартир Нижний Новгород,https://uslugi.yandex.ru/47-nizhny-novgorod/category/remont-i-stroitelstvo/remont-kvartir-i-domov--1816,https://comfort52.ru/,weak,True,0.5,72.6,68.9,73.6708,68.1276,5.5432,4,6,2,query_preference_rubric_v5,d51_query_preference_rubric_v1,ranking_target_margin,,False
ремонт квартир Нижний Новгород,https://uslugi.yandex.ru/47-nizhny-novgorod/category/remont-i-stroitelstvo/remont-kvartir-i-domov--1816,https://max-dar.ru/,weak,True,0.5,72.6,69.1,73.6708,67.0731,6.5977,4,7,3,query_preference_rubric_v5,d51_query_preference_rubric_v1,ranking_target_margin,,False
ремонт квартир Нижний Новгород,https://uslugi.yandex.ru/47-nizhny-novgorod/category/remont-i-stroitelstvo/remont-kvartir-i-domov--1816,https://profi.ru/geo-nnov/remont/remont-kvartir/,strong,True,1.0,72.6,67.4,73.6708,61.7822,11.8886,4,9,5,query_preference_rubric_v5,d51_query_preference_rubric_v1,ranking_target_margin,,False
ремонт квартир Нижний Новгород,https://uslugi.yandex.ru/47-nizhny-novgorod/category/remont-i-stroitelstvo/remont-kvartir-i-domov--1816,https://remontstroynn.ru/,weak,True,0.5,72.6,75.3,73.6708,68.3533,5.3175,4,8,4,query_preference_rubric_v5,d51_query_preference_rubric_v1,ranking_target_margin,,False
ремонт квартир Нижний Новгород,https://uslugi.yandex.ru/47-nizhny-novgorod/category/remont-i-stroitelstvo/remont-kvartir-i-domov--1816,https://tpk-nn.com/services/remont/remont-kvartir/,strong,True,1.0,72.6,71.5,73.6708,64.7661,8.9047,4,10,6,query_preference_rubric_v5,d51_query_preference_rubric_v1,ranking_target_margin,,False
ремонт квартир Нижний Новгород,https://uslugi.yandex.ru/47-nizhny-novgorod/category/remont-i-stroitelstvo/remont-kvartir-i-domov--1816,https://www.avito.ru/nizhniy_novgorod/predlozheniya_uslug?q=ремонт+квартир,strong,True,1.0,72.6,25.8,73.6708,34.0768,39.594,4,5,1,query_preference_rubric_v5,d51_query_preference_rubric_v1,ranking_target_margin,,False
ремонт квартир Новосибирск,https://stroikaveka54.ru/,https://nsk.proff-remont.ru/,weak,True,0.5,82.7,81.7,86.772,79.5163,7.2557,1,5,4,query_preference_rubric_v5,d51_query_preference_rubric_v1,ranking_target_margin,,False
ремонт квартир Самара,https://masterrem63.ru/,https://remo63.ru/,uncertain,False,0.0,75.8,78.4,74.2919,70.5856,3.7063,6,9,3,query_preference_rubric_v5,d51_query_preference_rubric_v1,ranking_target_margin,,False
ремонт квартир Самара,https://masterrem63.ru/,https://remont063.ru/,strong,True,1.0,75.8,62.0,74.2919,64.2792,10.0127,6,5,-1,query_preference_rubric_v5,d51_query_preference_rubric_v1,ranking_target_margin,,False
ремонт квартир Самара,https://masterrem63.ru/,https://um-samara.ru/,weak,True,0.5,75.8,79.8,74.2919,70.1595,4.1324,6,10,4,query_preference_rubric_v5,d51_query_preference_rubric_v1,ranking_target_margin,,False
ремонт квартир Самара,https://masterrem63.ru/,https://www.avito.ru/samara/predlozheniya_uslug/remont_i_otdelka-ASgBAgICAUSYC8CfAQ,strong,True,1.0,75.8,27.2,74.2919,42.5147,31.7772,6,1,-5,query_preference_rubric_v5,d51_query_preference_rubric_v1,ranking_target_margin,,False
ремонт квартир Самара,https://proremont-safe.ru/,https://remo63.ru/,weak,True,0.5,80.6,78.4,75.7084,70.5856,5.1228,7,9,2,query_preference_rubric_v5,d51_query_preference_rubric_v1,ranking_target_margin,,False
ремонт квартир Самара,https://proremont-safe.ru/,https://remont063.ru/,strong,True,1.0,80.6,62.0,75.7084,64.2792,11.4292,7,5,-2,query_preference_rubric_v5,d51_query_preference_rubric_v1,ranking_target_margin,,False
ремонт квартир Самара,https://proremont-safe.ru/,https://remontoff-samara.ru/,uncertain,False,0.0,80.6,80.6,75.7084,73.5682,2.1402,7,8,1,query_preference_rubric_v5,d51_query_preference_rubric_v1,ranking_target_margin,,False
ремонт квартир Самара,https://proremont-safe.ru/,https://um-samara.ru/,weak,True,0.5,80.6,79.8,75.7084,70.1595,5.5489,7,10,3,query_preference_rubric_v5,d51_query_preference_rubric_v1,ranking_target_margin,,False
ремонт квартир Самара,https://proremont-safe.ru/,https://www.avito.ru/samara/predlozheniya_uslug/remont_i_otdelka-ASgBAgICAUSYC8CfAQ,strong,True,1.0,80.6,27.2,75.7084,42.5147,33.1937,7,1,-6,query_preference_rubric_v5,d51_query_preference_rubric_v1,ranking_target_margin,,False
ремонт квартир Самара,https://remo63.ru/,https://remont063.ru/,weak,True,0.5,78.4,62.0,70.5856,64.2792,6.3064,9,5,-4,query_preference_rubric_v5,d51_query_preference_rubric_v1,ranking_target_margin,,False
ремонт квартир Самара,https://remo63.ru/,https://www.avito.ru/samara/predlozheniya_uslug/remont_i_otdelka-ASgBAgICAUSYC8CfAQ,strong,True,1.0,78.4,27.2,70.5856,42.5147,28.0709,9,1,-8,query_preference_rubric_v5,d51_query_preference_rubric_v1,ranking_target_margin,,False
ремонт квартир Самара,https://remont063.ru/,https://www.avito.ru/samara/predlozheniya_uslug/remont_i_otdelka-ASgBAgICAUSYC8CfAQ,strong,True,1.0,62.0,27.2,64.2792,42.5147,21.7645,5,1,-4,query_preference_rubric_v5,d51_query_preference_rubric_v1,ranking_target_margin,,False
ремонт квартир Самара,https://remontkvsamara.ru/,https://masterrem63.ru/,strong,True,1.0,83.2,75.8,86.0383,74.2919,11.7464,2,6,4,query_preference_rubric_v5,d51_query_preference_rubric_v1,ranking_target_margin,,False
ремонт квартир Самара,https://remontkvsamara.ru/,https://proremont-safe.ru/,strong,True,1.0,83.2,80.6,86.0383,75.7084,10.3299,2,7,5,query_preference_rubric_v5,d51_query_preference_rubric_v1,ranking_target_margin,,False
ремонт квартир Самара,https://remontkvsamara.ru/,https://remo63.ru/,strong,True,1.0,83.2,78.4,86.0383,70.5856,15.4527,2,9,7,query_preference_rubric_v5,d51_query_preference_rubric_v1,ranking_target_margin,,False
ремонт квартир Самара,https://remontkvsamara.ru/,https://remont063.ru/,strong,True,1.0,83.2,62.0,86.0383,64.2792,21.7591,2,5,3,query_preference_rubric_v5,d51_query_preference_rubric_v1,ranking_target_margin,,False
ремонт квартир Самара,https://remontkvsamara.ru/,https://remontoff-samara.ru/,strong,True,1.0,83.2,80.6,86.0383,73.5682,12.4701,2,8,6,query_preference_rubric_v5,d51_query_preference_rubric_v1,ranking_target_margin,,False
ремонт квартир Самара,https://remontkvsamara.ru/,https://um-samara.ru/,strong,True,1.0,83.2,79.8,86.0383,70.1595,15.8788,2,10,8,query_preference_rubric_v5,d51_query_preference_rubric_v1,ranking_target_margin,,False
ремонт квартир Самара,https://remontkvsamara.ru/,https://uslugi.yandex.ru/51-samara/category?text=ремонт+квартир,weak,True,0.5,83.2,82.3,86.0383,81.7179,4.3204,2,4,2,query_preference_rubric_v5,d51_query_preference_rubric_v1,ranking_target_margin,,False
ремонт квартир Самара,https://remontkvsamara.ru/,https://www.avito.ru/samara/predlozheniya_uslug/remont_i_otdelka-ASgBAgICAUSYC8CfAQ,strong,True,1.0,83.2,27.2,86.0383,42.5147,43.5236,2,1,-1,query_preference_rubric_v5,d51_query_preference_rubric_v1,ranking_target_margin,,False
ремонт квартир Самара,https://remontoff-samara.ru/,https://remo63.ru/,uncertain,False,0.0,80.6,78.4,73.5682,70.5856,2.9826,8,9,1,query_preference_rubric_v5,d51_query_preference_rubric_v1,ranking_target_margin,,False
ремонт квартир Самара,https://remontoff-samara.ru/,https://remont063.ru/,strong,True,1.0,80.6,62.0,73.5682,64.2792,9.289,8,5,-3,query_preference_rubric_v5,d51_query_preference_rubric_v1,ranking_target_margin,,False
ремонт квартир Самара,https://remontoff-samara.ru/,https://um-samara.ru/,uncertain,False,0.0,80.6,79.8,73.5682,70.1595,3.4087,8,10,2,query_preference_rubric_v5,d51_query_preference_rubric_v1,ranking_target_margin,,False
ремонт квартир Самара,https://remontoff-samara.ru/,https://www.avito.ru/samara/predlozheniya_uslug/remont_i_otdelka-ASgBAgICAUSYC8CfAQ,strong,True,1.0,80.6,27.2,73.5682,42.5147,31.0535,8,1,-7,query_preference_rubric_v5,d51_query_preference_rubric_v1,ranking_target_margin,,False
ремонт квартир Самара,https://samara.proff-remont.ru/,https://masterrem63.ru/,strong,True,1.0,83.4,75.8,84.2632,74.2919,9.9713,3,6,3,query_preference_rubric_v5,d51_query_preference_rubric_v1,ranking_target_margin,,False
ремонт квартир Самара,https://samara.proff-remont.ru/,https://proremont-safe.ru/,strong,True,1.0,83.4,80.6,84.2632,75.7084,8.5548,3,7,4,query_preference_rubric_v5,d51_query_preference_rubric_v1,ranking_target_margin,,False
ремонт квартир Самара,https://samara.proff-remont.ru/,https://remo63.ru/,strong,True,1.0,83.4,78.4,84.2632,70.5856,13.6776,3,9,6,query_preference_rubric_v5,d51_query_preference_rubric_v1,ranking_target_margin,,False
ремонт квартир Самара,https://samara.proff-remont.ru/,https://remont063.ru/,strong,True,1.0,83.4,62.0,84.2632,64.2792,19.984,3,5,2,query_preference_rubric_v5,d51_query_preference_rubric_v1,ranking_target_margin,,False
ремонт квартир Самара,https://samara.proff-remont.ru/,https://remontoff-samara.ru/,strong,True,1.0,83.4,80.6,84.2632,73.5682,10.695,3,8,5,query_preference_rubric_v5,d51_query_preference_rubric_v1,ranking_target_margin,,False
ремонт квартир Самара,https://samara.proff-remont.ru/,https://um-samara.ru/,strong,True,1.0,83.4,79.8,84.2632,70.1595,14.1037,3,10,7,query_preference_rubric_v5,d51_query_preference_rubric_v1,ranking_target_margin,,False
ремонт квартир Самара,https://samara.proff-remont.ru/,https://uslugi.yandex.ru/51-samara/category?text=ремонт+квартир,uncertain,False,0.0,83.4,82.3,84.2632,81.7179,2.5453,3,4,1,query_preference_rubric_v5,d51_query_preference_rubric_v1,ranking_target_margin,,False
ремонт квартир Самара,https://samara.proff-remont.ru/,https://www.avito.ru/samara/predlozheniya_uslug/remont_i_otdelka-ASgBAgICAUSYC8CfAQ,strong,True,1.0,83.4,27.2,84.2632,42.5147,41.7485,3,1,-2,query_preference_rubric_v5,d51_query_preference_rubric_v1,ranking_target_margin,,False
ремонт квартир Самара,https://um-samara.ru/,https://remont063.ru/,weak,True,0.5,79.8,62.0,70.1595,64.2792,5.8803,10,5,-5,query_preference_rubric_v5,d51_query_preference_rubric_v1,ranking_target_margin,,False
ремонт квартир Самара,https://um-samara.ru/,https://www.avito.ru/samara/predlozheniya_uslug/remont_i_otdelka-ASgBAgICAUSYC8CfAQ,strong,True,1.0,79.8,27.2,70.1595,42.5147,27.6448,10,1,-9,query_preference_rubric_v5,d51_query_preference_rubric_v1,ranking_target_margin,,False
ремонт квартир Самара,https://uslugi.yandex.ru/51-samara/category?text=ремонт+квартир,https://masterrem63.ru/,weak,True,0.5,82.3,75.8,81.7179,74.2919,7.426,4,6,2,query_preference_rubric_v5,d51_query_preference_rubric_v1,ranking_target_margin,,False
ремонт квартир Самара,https://uslugi.yandex.ru/51-samara/category?text=ремонт+квартир,https://proremont-safe.ru/,weak,True,0.5,82.3,80.6,81.7179,75.7084,6.0095,4,7,3,query_preference_rubric_v5,d51_query_preference_rubric_v1,ranking_target_margin,,False
ремонт квартир Самара,https://uslugi.yandex.ru/51-samara/category?text=ремонт+квартир,https://remo63.ru/,strong,True,1.0,82.3,78.4,81.7179,70.5856,11.1323,4,9,5,query_preference_rubric_v5,d51_query_preference_rubric_v1,ranking_target_margin,,False
ремонт квартир Самара,https://uslugi.yandex.ru/51-samara/category?text=ремонт+квартир,https://remont063.ru/,strong,True,1.0,82.3,62.0,81.7179,64.2792,17.4387,4,5,1,query_preference_rubric_v5,d51_query_preference_rubric_v1,ranking_target_margin,,False
ремонт квартир Самара,https://uslugi.yandex.ru/51-samara/category?text=ремонт+квартир,https://remontoff-samara.ru/,strong,True,1.0,82.3,80.6,81.7179,73.5682,8.1497,4,8,4,query_preference_rubric_v5,d51_query_preference_rubric_v1,ranking_target_margin,,False
ремонт квартир Самара,https://uslugi.yandex.ru/51-samara/category?text=ремонт+квартир,https://um-samara.ru/,strong,True,1.0,82.3,79.8,81.7179,70.1595,11.5584,4,10,6,query_preference_rubric_v5,d51_query_preference_rubric_v1,ranking_target_margin,,False
ремонт квартир Самара,https://uslugi.yandex.ru/51-samara/category?text=ремонт+квартир,https://www.avito.ru/samara/predlozheniya_uslug/remont_i_otdelka-ASgBAgICAUSYC8CfAQ,strong,True,1.0,82.3,27.2,81.7179,42.5147,39.2032,4,1,-3,query_preference_rubric_v5,d51_query_preference_rubric_v1,ranking_target_margin,,False
ремонт квартир Санкт-Петербург,https://art-a.ru/,https://profi.ru/geo-spb/remont/remont-kvartir/,weak,True,0.5,81.8,71.1,74.6356,70.0717,4.5639,8,6,-2,query_preference_rubric_v5,d51_query_preference_rubric_v1,ranking_target_margin,,False
ремонт квартир Санкт-Петербург,https://art-a.ru/,https://remontsanktpeterburg.ru/,weak,True,0.5,81.8,77.5,74.6356,70.0575,4.5781,8,9,1,query_preference_rubric_v5,d51_query_preference_rubric_v1,ranking_target_margin,,False
ремонт квартир Санкт-Петербург,https://art-a.ru/,https://spb.remokey.ru/,strong,True,1.0,81.8,69.6,74.6356,62.6775,11.9581,8,10,2,query_preference_rubric_v5,d51_query_preference_rubric_v1,ranking_target_margin,,False
ремонт квартир Санкт-Петербург,https://profi.ru/geo-spb/remont/remont-kvartir/,https://spb.remokey.ru/,weak,True,0.5,71.1,69.6,70.0717,62.6775,7.3942,6,10,4,query_preference_rubric_v5,d51_query_preference_rubric_v1,ranking_target_margin,,False
ремонт квартир Санкт-Петербург,https://remont.spb.ru/,https://art-a.ru/,weak,True,0.5,73.4,81.8,79.8764,74.6356,5.2408,1,8,7,query_preference_rubric_v5,d51_query_preference_rubric_v1,ranking_target_margin,,False
ремонт квартир Санкт-Петербург,https://remont.spb.ru/,https://profi.ru/geo-spb/remont/remont-kvartir/,strong,True,1.0,73.4,71.1,79.8764,70.0717,9.8047,1,6,5,query_preference_rubric_v5,d51_query_preference_rubric_v1,ranking_target_margin,,False
ремонт квартир Санкт-Петербург,https://remont.spb.ru/,https://remontsanktpeterburg.ru/,strong,True,1.0,73.4,77.5,79.8764,70.0575,9.8189,1,9,8,query_preference_rubric_v5,d51_query_preference_rubric_v1,ranking_target_margin,,False
ремонт квартир Санкт-Петербург,https://remont.spb.ru/,https://restroymaster.ru/,weak,True,0.5,73.4,81.2,79.8764,75.5774,4.299,1,7,6,query_preference_rubric_v5,d51_query_preference_rubric_v1,ranking_target_margin,,False
ремонт квартир Санкт-Петербург,https://remont.spb.ru/,https://spb.remokey.ru/,strong,True,1.0,73.4,69.6,79.8764,62.6775,17.1989,1,10,9,query_preference_rubric_v5,d51_query_preference_rubric_v1,ranking_target_margin,,False
ремонт квартир Санкт-Петербург,https://remont.spb.ru/,https://uslugi.yandex.ru/2-saint-petersburg/category/remont-i-stroitelstvo/remont-kvartir-i-domov--1816,weak,True,0.5,73.4,75.8,79.8764,74.683,5.1934,1,5,4,query_preference_rubric_v5,d51_query_preference_rubric_v1,ranking_target_margin,,False
ремонт квартир Санкт-Петербург,https://remont.spb.ru/,https://www.kp.ru/russia/sankt-peterburg/luchshie-kompanii-po-remontu-kvartir-v-sankt-peterburge/,uncertain,False,0.0,73.4,76.3,79.8764,77.5316,2.3448,1,4,3,query_preference_rubric_v5,d51_query_preference_rubric_v1,ranking_target_margin,,False
ремонт квартир Санкт-Петербург,https://remontsanktpeterburg.ru/,https://spb.remokey.ru/,weak,True,0.5,77.5,69.6,70.0575,62.6775,7.38,9,10,1,query_preference_rubric_v5,d51_query_preference_rubric_v1,ranking_target_margin,,False
ремонт квартир Санкт-Петербург,https://remontvspb.ru/,https://art-a.ru/,weak,True,0.5,79.7,81.8,81.254,74.6356,6.6184,3,8,5,query_preference_rubric_v5,d51_query_preference_rubric_v1,ranking_target_margin,,False
ремонт квартир Санкт-Петербург,https://remontvspb.ru/,https://profi.ru/geo-spb/remont/remont-kvartir/,strong,True,1.0,79.7,71.1,81.254,70.0717,11.1823,3,6,3,query_preference_rubric_v5,d51_query_preference_rubric_v1,ranking_target_margin,,False
ремонт квартир Санкт-Петербург,https://remontvspb.ru/,https://remontsanktpeterburg.ru/,strong,True,1.0,79.7,77.5,81.254,70.0575,11.1965,3,9,6,query_preference_rubric_v5,d51_query_preference_rubric_v1,ranking_target_margin,,False
ремонт квартир Санкт-Петербург,https://remontvspb.ru/,https://restroymaster.ru/,weak,True,0.5,79.7,81.2,81.254,75.5774,5.6766,3,7,4,query_preference_rubric_v5,d51_query_preference_rubric_v1,ranking_target_margin,,False
ремонт квартир Санкт-Петербург,https://remontvspb.ru/,https://spb.remokey.ru/,strong,True,1.0,79.7,69.6,81.254,62.6775,18.5765,3,10,7,query_preference_rubric_v5,d51_query_preference_rubric_v1,ranking_target_margin,,False
ремонт квартир Санкт-Петербург,https://remontvspb.ru/,https://uslugi.yandex.ru/2-saint-petersburg/category/remont-i-stroitelstvo/remont-kvartir-i-domov--1816,weak,True,0.5,79.7,75.8,81.254,74.683,6.571,3,5,2,query_preference_rubric_v5,d51_query_preference_rubric_v1,ranking_target_margin,,False
ремонт квартир Санкт-Петербург,https://remontvspb.ru/,https://vc.ru/life/2792273-35-luchshih-kompaniy-po-remontu-kvartir-v-sankt-peterburge,uncertain,False,0.0,79.7,74.3,81.254,78.8259,2.4281,3,2,-1,query_preference_rubric_v5,d51_query_preference_rubric_v1,ranking_target_margin,,False
ремонт квартир Санкт-Петербург,https://remontvspb.ru/,https://www.kp.ru/russia/sankt-peterburg/luchshie-kompanii-po-remontu-kvartir-v-sankt-peterburge/,uncertain,False,0.0,79.7,76.3,81.254,77.5316,3.7224,3,4,1,query_preference_rubric_v5,d51_query_preference_rubric_v1,ranking_target_margin,,False
ремонт квартир Санкт-Петербург,https://restroymaster.ru/,https://profi.ru/geo-spb/remont/remont-kvartir/,weak,True,0.5,81.2,71.1,75.5774,70.0717,5.5057,7,6,-1,query_preference_rubric_v5,d51_query_preference_rubric_v1,ranking_target_margin,,False
ремонт квартир Санкт-Петербург,https://restroymaster.ru/,https://remontsanktpeterburg.ru/,weak,True,0.5,81.2,77.5,75.5774,70.0575,5.5199,7,9,2,query_preference_rubric_v5,d51_query_preference_rubric_v1,ranking_target_margin,,False
ремонт квартир Санкт-Петербург,https://restroymaster.ru/,https://spb.remokey.ru/,strong,True,1.0,81.2,69.6,75.5774,62.6775,12.8999,7,10,3,query_preference_rubric_v5,d51_query_preference_rubric_v1,ranking_target_margin,,False
ремонт квартир Санкт-Петербург,https://uslugi.yandex.ru/2-saint-petersburg/category/remont-i-stroitelstvo/remont-kvartir-i-domov--1816,https://profi.ru/geo-spb/remont/remont-kvartir/,weak,True,0.5,75.8,71.1,74.683,70.0717,4.6113,5,6,1,query_preference_rubric_v5,d51_query_preference_rubric_v1,ranking_target_margin,,False
ремонт квартир Санкт-Петербург,https://uslugi.yandex.ru/2-saint-petersburg/category/remont-i-stroitelstvo/remont-kvartir-i-domov--1816,https://remontsanktpeterburg.ru/,weak,True,0.5,75.8,77.5,74.683,70.0575,4.6255,5,9,4,query_preference_rubric_v5,d51_query_preference_rubric_v1,ranking_target_margin,,False
ремонт квартир Санкт-Петербург,https://uslugi.yandex.ru/2-saint-petersburg/category/remont-i-stroitelstvo/remont-kvartir-i-domov--1816,https://spb.remokey.ru/,strong,True,1.0,75.8,69.6,74.683,62.6775,12.0055,5,10,5,query_preference_rubric_v5,d51_query_preference_rubric_v1,ranking_target_margin,,False
ремонт квартир Санкт-Петербург,https://vc.ru/life/2792273-35-luchshih-kompaniy-po-remontu-kvartir-v-sankt-peterburge,https://art-a.ru/,weak,True,0.5,74.3,81.8,78.8259,74.6356,4.1903,2,8,6,query_preference_rubric_v5,d51_query_preference_rubric_v1,ranking_target_margin,,False
ремонт квартир Санкт-Петербург,https://vc.ru/life/2792273-35-luchshih-kompaniy-po-remontu-kvartir-v-sankt-peterburge,https://profi.ru/geo-spb/remont/remont-kvartir/,strong,True,1.0,74.3,71.1,78.8259,70.0717,8.7542,2,6,4,query_preference_rubric_v5,d51_query_preference_rubric_v1,ranking_target_margin,,False
ремонт квартир Санкт-Петербург,https://vc.ru/life/2792273-35-luchshih-kompaniy-po-remontu-kvartir-v-sankt-peterburge,https://remontsanktpeterburg.ru/,strong,True,1.0,74.3,77.5,78.8259,70.0575,8.7684,2,9,7,query_preference_rubric_v5,d51_query_preference_rubric_v1,ranking_target_margin,,False
ремонт квартир Санкт-Петербург,https://vc.ru/life/2792273-35-luchshih-kompaniy-po-remontu-kvartir-v-sankt-peterburge,https://restroymaster.ru/,uncertain,False,0.0,74.3,81.2,78.8259,75.5774,3.2485,2,7,5,query_preference_rubric_v5,d51_query_preference_rubric_v1,ranking_target_margin,,False
ремонт квартир Санкт-Петербург,https://vc.ru/life/2792273-35-luchshih-kompaniy-po-remontu-kvartir-v-sankt-peterburge,https://spb.remokey.ru/,strong,True,1.0,74.3,69.6,78.8259,62.6775,16.1484,2,10,8,query_preference_rubric_v5,d51_query_preference_rubric_v1,ranking_target_margin,,False
ремонт квартир Санкт-Петербург,https://vc.ru/life/2792273-35-luchshih-kompaniy-po-remontu-kvartir-v-sankt-peterburge,https://uslugi.yandex.ru/2-saint-petersburg/category/remont-i-stroitelstvo/remont-kvartir-i-domov--1816,weak,True,0.5,74.3,75.8,78.8259,74.683,4.1429,2,5,3,query_preference_rubric_v5,d51_query_preference_rubric_v1,ranking_target_margin,,False
ремонт квартир Санкт-Петербург,https://www.kp.ru/russia/sankt-peterburg/luchshie-kompanii-po-remontu-kvartir-v-sankt-peterburge/,https://art-a.ru/,uncertain,False,0.0,76.3,81.8,77.5316,74.6356,2.896,4,8,4,query_preference_rubric_v5,d51_query_preference_rubric_v1,ranking_target_margin,,False
ремонт квартир Санкт-Петербург,https://www.kp.ru/russia/sankt-peterburg/luchshie-kompanii-po-remontu-kvartir-v-sankt-peterburge/,https://profi.ru/geo-spb/remont/remont-kvartir/,weak,True,0.5,76.3,71.1,77.5316,70.0717,7.4599,4,6,2,query_preference_rubric_v5,d51_query_preference_rubric_v1,ranking_target_margin,,False
ремонт квартир Санкт-Петербург,https://www.kp.ru/russia/sankt-peterburg/luchshie-kompanii-po-remontu-kvartir-v-sankt-peterburge/,https://remontsanktpeterburg.ru/,weak,True,0.5,76.3,77.5,77.5316,70.0575,7.4741,4,9,5,query_preference_rubric_v5,d51_query_preference_rubric_v1,ranking_target_margin,,False
ремонт квартир Санкт-Петербург,https://www.kp.ru/russia/sankt-peterburg/luchshie-kompanii-po-remontu-kvartir-v-sankt-peterburge/,https://spb.remokey.ru/,strong,True,1.0,76.3,69.6,77.5316,62.6775,14.8541,4,10,6,query_preference_rubric_v5,d51_query_preference_rubric_v1,ranking_target_margin,,False
ремонт квартир Санкт-Петербург,https://www.kp.ru/russia/sankt-peterburg/luchshie-kompanii-po-remontu-kvartir-v-sankt-peterburge/,https://uslugi.yandex.ru/2-saint-petersburg/category/remont-i-stroitelstvo/remont-kvartir-i-domov--1816,uncertain,False,0.0,76.3,75.8,77.5316,74.683,2.8486,4,5,1,query_preference_rubric_v5,d51_query_preference_rubric_v1,ranking_target_margin,,False
ремонт квартир цена Москва,https://r-total.ru/prays-list/,https://studia-remontov.ru/,strong,True,1.0,77.2,18.7,79.2782,22.7712,56.507,4,10,6,query_preference_rubric_v5,d51_query_preference_rubric_v1,ranking_target_margin,,False
ремонт квартир цена Москва,https://r-total.ru/prays-list/,https://www.remontprofi.ru/remont-kvartir-pod-klyuch/,weak,True,0.5,77.2,69.0,79.2782,74.9919,4.2863,4,2,-2,query_preference_rubric_v5,d51_query_preference_rubric_v1,ranking_target_margin,,False
ремонт квартир цена Москва,https://remont-f.ru/remont-kvartir-pod-kluch/price.php,https://studia-remontov.ru/,strong,True,1.0,76.5,18.7,79.5121,22.7712,56.7409,3,10,7,query_preference_rubric_v5,d51_query_preference_rubric_v1,ranking_target_margin,,False
ремонт квартир цена Москва,https://remont-f.ru/remont-kvartir-pod-kluch/price.php,https://www.remontprofi.ru/remont-kvartir-pod-klyuch/,weak,True,0.5,76.5,69.0,79.5121,74.9919,4.5202,3,2,-1,query_preference_rubric_v5,d51_query_preference_rubric_v1,ranking_target_margin,,False
ремонт квартир цена Москва,https://titanremont.ru/price,https://r-total.ru/prays-list/,uncertain,False,0.0,76.7,77.2,83.1325,79.2782,3.8543,1,4,3,query_preference_rubric_v5,d51_query_preference_rubric_v1,ranking_target_margin,,False
ремонт квартир цена Москва,https://titanremont.ru/price,https://remont-f.ru/remont-kvartir-pod-kluch/price.php,uncertain,False,0.0,76.7,76.5,83.1325,79.5121,3.6204,1,3,2,query_preference_rubric_v5,d51_query_preference_rubric_v1,ranking_target_margin,,False
ремонт квартир цена Москва,https://titanremont.ru/price,https://studia-remontov.ru/,strong,True,1.0,76.7,18.7,83.1325,22.7712,60.3613,1,10,9,query_preference_rubric_v5,d51_query_preference_rubric_v1,ranking_target_margin,,False
ремонт квартир цена Москва,https://titanremont.ru/price,https://www.remontprofi.ru/remont-kvartir-pod-klyuch/,strong,True,1.0,76.7,69.0,83.1325,74.9919,8.1406,1,2,1,query_preference_rubric_v5,d51_query_preference_rubric_v1,ranking_target_margin,,False
ремонт квартир цена Москва,https://www.remontprofi.ru/remont-kvartir-pod-klyuch/,https://studia-remontov.ru/,strong,True,1.0,69.0,18.7,74.9919,22.7712,52.2207,2,10,8,query_preference_rubric_v5,d51_query_preference_rubric_v1,ranking_target_margin,,False
ремонт квартир цена Санкт-Петербург,https://remont.spb.ru/,https://spb.proff-remont.ru/ceny/,weak,True,0.5,72.0,78.4,78.5591,70.5906,7.9685,1,9,8,query_preference_rubric_v5,d51_query_preference_rubric_v1,ranking_target_margin,,False
ремонт квартир цена Санкт-Петербург,https://remont.spb.ru/,https://www.prorabneva.ru/price,weak,True,0.5,72.0,70.4,78.5591,71.6098,6.9493,1,5,4,query_preference_rubric_v5,d51_query_preference_rubric_v1,ranking_target_margin,,False
шкафы-купе Екатеринбург,http://ekb.kupicupe.ru/,https://ekat.steklodom.com/mebel-na-zakaz/shkafy/,uncertain,False,0.0,62.9,63.1,64.639,60.7439,3.8951,6,8,2,query_preference_rubric_v5,d51_query_preference_rubric_v1,ranking_target_margin,,False
шкафы-купе Екатеринбург,http://ekb.kupicupe.ru/,https://ekaterinburg.lemanapro.ru/catalogue/shkafy-kupe/,strong,True,1.0,62.9,32.2,64.639,45.4277,19.2113,6,1,-5,query_preference_rubric_v5,d51_query_preference_rubric_v1,ranking_target_margin,,False
шкафы-купе Екатеринбург,http://ekb.kupicupe.ru/,https://gipermarketdom.ru/catalog/shkafy_kupe_gotovye/,strong,True,1.0,62.9,36.9,64.639,36.1899,28.4491,6,10,4,query_preference_rubric_v5,d51_query_preference_rubric_v1,ranking_target_margin,,False
шкафы-купе Екатеринбург,http://ekb.kupicupe.ru/,https://www.yapokupayu.ru/blogs/post/gde-kupit-shkaf-v-ekaterinburge,weak,True,0.5,62.9,60.2,64.639,59.6383,5.0007,6,7,1,query_preference_rubric_v5,d51_query_preference_rubric_v1,ranking_target_margin,,False
шкафы-купе Екатеринбург,https://33komoda.ru/catalog/shkafy_kupe/,http://ekb.kupicupe.ru/,strong,True,1.0,73.1,62.9,76.0975,64.639,11.4585,3,6,3,query_preference_rubric_v5,d51_query_preference_rubric_v1,ranking_target_margin,,False
шкафы-купе Екатеринбург,https://33komoda.ru/catalog/shkafy_kupe/,https://ekat.steklodom.com/mebel-na-zakaz/shkafy/,strong,True,1.0,73.1,63.1,76.0975,60.7439,15.3536,3,8,5,query_preference_rubric_v5,d51_query_preference_rubric_v1,ranking_target_margin,,False
шкафы-купе Екатеринбург,https://33komoda.ru/catalog/shkafy_kupe/,https://ekaterinburg.lemanapro.ru/catalogue/shkafy-kupe/,strong,True,1.0,73.1,32.2,76.0975,45.4277,30.6698,3,1,-2,query_preference_rubric_v5,d51_query_preference_rubric_v1,ranking_target_margin,,False
шкафы-купе Екатеринбург,https://33komoda.ru/catalog/shkafy_kupe/,https://gipermarketdom.ru/catalog/shkafy_kupe_gotovye/,strong,True,1.0,73.1,36.9,76.0975,36.1899,39.9076,3,10,7,query_preference_rubric_v5,d51_query_preference_rubric_v1,ranking_target_margin,,False
шкафы-купе Екатеринбург,https://33komoda.ru/catalog/shkafy_kupe/,https://kupi-kupe.ru/,weak,True,0.5,73.1,67.9,76.0975,69.3492,6.7483,3,5,2,query_preference_rubric_v5,d51_query_preference_rubric_v1,ranking_target_margin,,False
шкафы-купе Екатеринбург,https://33komoda.ru/catalog/shkafy_kupe/,https://www.ekbkupe.ru/,strong,True,1.0,73.1,69.5,76.0975,64.1851,11.9124,3,9,6,query_preference_rubric_v5,d51_query_preference_rubric_v1,ranking_target_margin,,False
шкафы-купе Екатеринбург,https://33komoda.ru/catalog/shkafy_kupe/,https://www.yapokupayu.ru/blogs/post/gde-kupit-shkaf-v-ekaterinburge,strong,True,1.0,73.1,60.2,76.0975,59.6383,16.4592,3,7,4,query_preference_rubric_v5,d51_query_preference_rubric_v1,ranking_target_margin,,False
шкафы-купе Екатеринбург,https://ekat.steklodom.com/mebel-na-zakaz/shkafy/,https://ekaterinburg.lemanapro.ru/catalogue/shkafy-kupe/,strong,True,1.0,63.1,32.2,60.7439,45.4277,15.3162,8,1,-7,query_preference_rubric_v5,d51_query_preference_rubric_v1,ranking_target_margin,,False
шкафы-купе Екатеринбург,https://ekat.steklodom.com/mebel-na-zakaz/shkafy/,https://gipermarketdom.ru/catalog/shkafy_kupe_gotovye/,strong,True,1.0,63.1,36.9,60.7439,36.1899,24.554,8,10,2,query_preference_rubric_v5,d51_query_preference_rubric_v1,ranking_target_margin,,False
шкафы-купе Екатеринбург,https://ekaterinburg.lemanapro.ru/catalogue/shkafy-kupe/,https://gipermarketdom.ru/catalog/shkafy_kupe_gotovye/,strong,True,1.0,32.2,36.9,45.4277,36.1899,9.2378,1,10,9,query_preference_rubric_v5,d51_query_preference_rubric_v1,ranking_target_margin,,False
шкафы-купе Екатеринбург,https://kupeural.ru/,http://ekb.kupicupe.ru/,strong,True,1.0,69.6,62.9,75.2131,64.639,10.5741,2,6,4,query_preference_rubric_v5,d51_query_preference_rubric_v1,ranking_target_margin,,False
шкафы-купе Екатеринбург,https://kupeural.ru/,https://ekat.steklodom.com/mebel-na-zakaz/shkafy/,strong,True,1.0,69.6,63.1,75.2131,60.7439,14.4692,2,8,6,query_preference_rubric_v5,d51_query_preference_rubric_v1,ranking_target_margin,,False
шкафы-купе Екатеринбург,https://kupeural.ru/,https://ekaterinburg.lemanapro.ru/catalogue/shkafy-kupe/,strong,True,1.0,69.6,32.2,75.2131,45.4277,29.7854,2,1,-1,query_preference_rubric_v5,d51_query_preference_rubric_v1,ranking_target_margin,,False
шкафы-купе Екатеринбург,https://kupeural.ru/,https://gipermarketdom.ru/catalog/shkafy_kupe_gotovye/,strong,True,1.0,69.6,36.9,75.2131,36.1899,39.0232,2,10,8,query_preference_rubric_v5,d51_query_preference_rubric_v1,ranking_target_margin,,False
шкафы-купе Екатеринбург,https://kupeural.ru/,https://kupi-kupe.ru/,weak,True,0.5,69.6,67.9,75.2131,69.3492,5.8639,2,5,3,query_preference_rubric_v5,d51_query_preference_rubric_v1,ranking_target_margin,,False
шкафы-купе Екатеринбург,https://kupeural.ru/,https://www.ekbkupe.ru/,strong,True,1.0,69.6,69.5,75.2131,64.1851,11.028,2,9,7,query_preference_rubric_v5,d51_query_preference_rubric_v1,ranking_target_margin,,False
шкафы-купе Екатеринбург,https://kupeural.ru/,https://www.yapokupayu.ru/blogs/post/gde-kupit-shkaf-v-ekaterinburge,strong,True,1.0,69.6,60.2,75.2131,59.6383,15.5748,2,7,5,query_preference_rubric_v5,d51_query_preference_rubric_v1,ranking_target_margin,,False
шкафы-купе Екатеринбург,https://kupi-kupe.ru/,http://ekb.kupicupe.ru/,weak,True,0.5,67.9,62.9,69.3492,64.639,4.7102,5,6,1,query_preference_rubric_v5,d51_query_preference_rubric_v1,ranking_target_margin,,False
шкафы-купе Екатеринбург,https://kupi-kupe.ru/,https://ekat.steklodom.com/mebel-na-zakaz/shkafy/,strong,True,1.0,67.9,63.1,69.3492,60.7439,8.6053,5,8,3,query_preference_rubric_v5,d51_query_preference_rubric_v1,ranking_target_margin,,False
шкафы-купе Екатеринбург,https://kupi-kupe.ru/,https://ekaterinburg.lemanapro.ru/catalogue/shkafy-kupe/,strong,True,1.0,67.9,32.2,69.3492,45.4277,23.9215,5,1,-4,query_preference_rubric_v5,d51_query_preference_rubric_v1,ranking_target_margin,,False
шкафы-купе Екатеринбург,https://kupi-kupe.ru/,https://gipermarketdom.ru/catalog/shkafy_kupe_gotovye/,strong,True,1.0,67.9,36.9,69.3492,36.1899,33.1593,5,10,5,query_preference_rubric_v5,d51_query_preference_rubric_v1,ranking_target_margin,,False
шкафы-купе Екатеринбург,https://kupi-kupe.ru/,https://www.ekbkupe.ru/,weak,True,0.5,67.9,69.5,69.3492,64.1851,5.1641,5,9,4,query_preference_rubric_v5,d51_query_preference_rubric_v1,ranking_target_margin,,False
шкафы-купе Екатеринбург,https://kupi-kupe.ru/,https://www.yapokupayu.ru/blogs/post/gde-kupit-shkaf-v-ekaterinburge,strong,True,1.0,67.9,60.2,69.3492,59.6383,9.7109,5,7,2,query_preference_rubric_v5,d51_query_preference_rubric_v1,ranking_target_margin,,False
шкафы-купе Екатеринбург,https://www.e-1.ru/city/ekaterinburg/,http://ekb.kupicupe.ru/,strong,True,1.0,72.4,62.9,74.7093,64.639,10.0703,4,6,2,query_preference_rubric_v5,d51_query_preference_rubric_v1,ranking_target_margin,,False
шкафы-купе Екатеринбург,https://www.e-1.ru/city/ekaterinburg/,https://ekat.steklodom.com/mebel-na-zakaz/shkafy/,strong,True,1.0,72.4,63.1,74.7093,60.7439,13.9654,4,8,4,query_preference_rubric_v5,d51_query_preference_rubric_v1,ranking_target_margin,,False
шкафы-купе Екатеринбург,https://www.e-1.ru/city/ekaterinburg/,https://ekaterinburg.lemanapro.ru/catalogue/shkafy-kupe/,strong,True,1.0,72.4,32.2,74.7093,45.4277,29.2816,4,1,-3,query_preference_rubric_v5,d51_query_preference_rubric_v1,ranking_target_margin,,False
шкафы-купе Екатеринбург,https://www.e-1.ru/city/ekaterinburg/,https://gipermarketdom.ru/catalog/shkafy_kupe_gotovye/,strong,True,1.0,72.4,36.9,74.7093,36.1899,38.5194,4,10,6,query_preference_rubric_v5,d51_query_preference_rubric_v1,ranking_target_margin,,False
шкафы-купе Екатеринбург,https://www.e-1.ru/city/ekaterinburg/,https://kupi-kupe.ru/,weak,True,0.5,72.4,67.9,74.7093,69.3492,5.3601,4,5,1,query_preference_rubric_v5,d51_query_preference_rubric_v1,ranking_target_margin,,False
шкафы-купе Екатеринбург,https://www.e-1.ru/city/ekaterinburg/,https://www.ekbkupe.ru/,strong,True,1.0,72.4,69.5,74.7093,64.1851,10.5242,4,9,5,query_preference_rubric_v5,d51_query_preference_rubric_v1,ranking_target_margin,,False
шкафы-купе Екатеринбург,https://www.e-1.ru/city/ekaterinburg/,https://www.yapokupayu.ru/blogs/post/gde-kupit-shkaf-v-ekaterinburge,strong,True,1.0,72.4,60.2,74.7093,59.6383,15.071,4,7,3,query_preference_rubric_v5,d51_query_preference_rubric_v1,ranking_target_margin,,False
шкафы-купе Екатеринбург,https://www.ekbkupe.ru/,https://ekat.steklodom.com/mebel-na-zakaz/shkafy/,uncertain,False,0.0,69.5,63.1,64.1851,60.7439,3.4412,9,8,-1,query_preference_rubric_v5,d51_query_preference_rubric_v1,ranking_target_margin,,False
шкафы-купе Екатеринбург,https://www.ekbkupe.ru/,https://ekaterinburg.lemanapro.ru/catalogue/shkafy-kupe/,strong,True,1.0,69.5,32.2,64.1851,45.4277,18.7574,9,1,-8,query_preference_rubric_v5,d51_query_preference_rubric_v1,ranking_target_margin,,False
шкафы-купе Екатеринбург,https://www.ekbkupe.ru/,https://gipermarketdom.ru/catalog/shkafy_kupe_gotovye/,strong,True,1.0,69.5,36.9,64.1851,36.1899,27.9952,9,10,1,query_preference_rubric_v5,d51_query_preference_rubric_v1,ranking_target_margin,,False
шкафы-купе Екатеринбург,https://www.ekbkupe.ru/,https://www.yapokupayu.ru/blogs/post/gde-kupit-shkaf-v-ekaterinburge,weak,True,0.5,69.5,60.2,64.1851,59.6383,4.5468,9,7,-2,query_preference_rubric_v5,d51_query_preference_rubric_v1,ranking_target_margin,,False
шкафы-купе Екатеринбург,https://www.yapokupayu.ru/blogs/post/gde-kupit-shkaf-v-ekaterinburge,https://ekaterinburg.lemanapro.ru/catalogue/shkafy-kupe/,strong,True,1.0,60.2,32.2,59.6383,45.4277,14.2106,7,1,-6,query_preference_rubric_v5,d51_query_preference_rubric_v1,ranking_target_margin,,False
шкафы-купе Екатеринбург,https://www.yapokupayu.ru/blogs/post/gde-kupit-shkaf-v-ekaterinburge,https://gipermarketdom.ru/catalog/shkafy_kupe_gotovye/,strong,True,1.0,60.2,36.9,59.6383,36.1899,23.4484,7,10,3,query_preference_rubric_v5,d51_query_preference_rubric_v1,ranking_target_margin,,False
шкафы-купе Казань,https://kazan.inmyroom.ru/products/mebel/shkafy/shkafy-kupe,https://kazan.lemanapro.ru/catalogue/shkafy-kupe/,strong,True,1.0,72.7,32.2,68.6851,45.4215,23.2636,7,1,-6,query_preference_rubric_v5,d51_query_preference_rubric_v1,ranking_target_margin,,False
шкафы-купе Казань,https://kazan.inmyroom.ru/products/mebel/shkafy/shkafy-kupe,https://shkafkzn.ru/,weak,True,0.5,72.7,70.9,68.6851,64.2051,4.48,7,9,2,query_preference_rubric_v5,d51_query_preference_rubric_v1,ranking_target_margin,,False
шкафы-купе Казань,https://kazan.inmyroom.ru/products/mebel/shkafy/shkafy-kupe,https://sova-mk.ru/shkafy-kupe/,strong,True,1.0,72.7,57.0,68.6851,54.3217,14.3634,7,10,3,query_preference_rubric_v5,d51_query_preference_rubric_v1,ranking_target_margin,,False
шкафы-купе Казань,https://kazan.inmyroom.ru/products/mebel/shkafy/shkafy-kupe,https://www.kazan.bestmebelshop.ru/catalog/shkafy-kupe/,uncertain,False,0.0,72.7,65.6,68.6851,66.2306,2.4545,7,5,-2,query_preference_rubric_v5,d51_query_preference_rubric_v1,ranking_target_margin,,False
шкафы-купе Казань,https://kazan.nonton.ru/mebel/shkafy/,https://kazan.lemanapro.ru/catalogue/shkafy-kupe/,strong,True,1.0,63.8,32.2,70.5836,45.4215,25.1621,2,1,-1,query_preference_rubric_v5,d51_query_preference_rubric_v1,ranking_target_margin,,False
шкафы-купе Казань,https://kazan.nonton.ru/mebel/shkafy/,https://shkafkzn.ru/,weak,True,0.5,63.8,70.9,70.5836,64.2051,6.3785,2,9,7,query_preference_rubric_v5,d51_query_preference_rubric_v1,ranking_target_margin,,False
шкафы-купе Казань,https://kazan.nonton.ru/mebel/shkafy/,https://sova-mk.ru/shkafy-kupe/,strong,True,1.0,63.8,57.0,70.5836,54.3217,16.2619,2,10,8,query_preference_rubric_v5,d51_query_preference_rubric_v1,ranking_target_margin,,False
шкафы-купе Казань,https://kazan.nonton.ru/mebel/shkafy/,https://www.divan.ru/kazan/category/shkafy-kupe,uncertain,False,0.0,63.8,72.3,70.5836,67.0904,3.4932,2,8,6,query_preference_rubric_v5,d51_query_preference_rubric_v1,ranking_target_margin,,False
шкафы-купе Казань,https://kazan.nonton.ru/mebel/shkafy/,https://www.kazan.bestmebelshop.ru/catalog/shkafy-kupe/,weak,True,0.5,63.8,65.6,70.5836,66.2306,4.353,2,5,3,query_preference_rubric_v5,d51_query_preference_rubric_v1,ranking_target_margin,,False
шкафы-купе Казань,https://kazan.shkafy-moskva.ru/,https://kazan.inmyroom.ru/products/mebel/shkafy/shkafy-kupe,weak,True,0.5,75.6,72.7,75.9779,68.6851,7.2928,4,7,3,query_preference_rubric_v5,d51_query_preference_rubric_v1,ranking_target_margin,,False
шкафы-купе Казань,https://kazan.shkafy-moskva.ru/,https://kazan.lemanapro.ru/catalogue/shkafy-kupe/,strong,True,1.0,75.6,32.2,75.9779,45.4215,30.5564,4,1,-3,query_preference_rubric_v5,d51_query_preference_rubric_v1,ranking_target_margin,,False
шкафы-купе Казань,https://kazan.shkafy-moskva.ru/,https://kazan.nonton.ru/mebel/shkafy/,weak,True,0.5,75.6,63.8,75.9779,70.5836,5.3943,4,2,-2,query_preference_rubric_v5,d51_query_preference_rubric_v1,ranking_target_margin,,False
шкафы-купе Казань,https://kazan.shkafy-moskva.ru/,https://kazanshkafkupe.ru/,weak,True,0.5,75.6,65.3,75.9779,71.1119,4.866,4,3,-1,query_preference_rubric_v5,d51_query_preference_rubric_v1,ranking_target_margin,,False
шкафы-купе Казань,https://kazan.shkafy-moskva.ru/,https://kupeshki.ru/,uncertain,False,0.0,75.6,72.2,75.9779,72.0746,3.9033,4,6,2,query_preference_rubric_v5,d51_query_preference_rubric_v1,ranking_target_margin,,False
шкафы-купе Казань,https://kazan.shkafy-moskva.ru/,https://shkafkzn.ru/,strong,True,1.0,75.6,70.9,75.9779,64.2051,11.7728,4,9,5,query_preference_rubric_v5,d51_query_preference_rubric_v1,ranking_target_margin,,False
шкафы-купе Казань,https://kazan.shkafy-moskva.ru/,https://sova-mk.ru/shkafy-kupe/,strong,True,1.0,75.6,57.0,75.9779,54.3217,21.6562,4,10,6,query_preference_rubric_v5,d51_query_preference_rubric_v1,ranking_target_margin,,False
шкафы-купе Казань,https://kazan.shkafy-moskva.ru/,https://www.divan.ru/kazan/category/shkafy-kupe,strong,True,1.0,75.6,72.3,75.9779,67.0904,8.8875,4,8,4,query_preference_rubric_v5,d51_query_preference_rubric_v1,ranking_target_margin,,False
шкафы-купе Казань,https://kazan.shkafy-moskva.ru/,https://www.kazan.bestmebelshop.ru/catalog/shkafy-kupe/,strong,True,1.0,75.6,65.6,75.9779,66.2306,9.7473,4,5,1,query_preference_rubric_v5,d51_query_preference_rubric_v1,ranking_target_margin,,False
шкафы-купе Казань,https://kazanshkafkupe.ru/,https://kazan.inmyroom.ru/products/mebel/shkafy/shkafy-kupe,uncertain,False,0.0,65.3,72.7,71.1119,68.6851,2.4268,3,7,4,query_preference_rubric_v5,d51_query_preference_rubric_v1,ranking_target_margin,,False
шкафы-купе Казань,https://kazanshkafkupe.ru/,https://kazan.lemanapro.ru/catalogue/shkafy-kupe/,strong,True,1.0,65.3,32.2,71.1119,45.4215,25.6904,3,1,-2,query_preference_rubric_v5,d51_query_preference_rubric_v1,ranking_target_margin,,False
шкафы-купе Казань,https://kazanshkafkupe.ru/,https://shkafkzn.ru/,weak,True,0.5,65.3,70.9,71.1119,64.2051,6.9068,3,9,6,query_preference_rubric_v5,d51_query_preference_rubric_v1,ranking_target_margin,,False
шкафы-купе Казань,https://kazanshkafkupe.ru/,https://sova-mk.ru/shkafy-kupe/,strong,True,1.0,65.3,57.0,71.1119,54.3217,16.7902,3,10,7,query_preference_rubric_v5,d51_query_preference_rubric_v1,ranking_target_margin,,False
шкафы-купе Казань,https://kazanshkafkupe.ru/,https://www.divan.ru/kazan/category/shkafy-kupe,weak,True,0.5,65.3,72.3,71.1119,67.0904,4.0215,3,8,5,query_preference_rubric_v5,d51_query_preference_rubric_v1,ranking_target_margin,,False
шкафы-купе Казань,https://kazanshkafkupe.ru/,https://www.kazan.bestmebelshop.ru/catalog/shkafy-kupe/,weak,True,0.5,65.3,65.6,71.1119,66.2306,4.8813,3,5,2,query_preference_rubric_v5,d51_query_preference_rubric_v1,ranking_target_margin,,False
шкафы-купе Казань,https://kupeshki.ru/,https://kazan.inmyroom.ru/products/mebel/shkafy/shkafy-kupe,uncertain,False,0.0,72.2,72.7,72.0746,68.6851,3.3895,6,7,1,query_preference_rubric_v5,d51_query_preference_rubric_v1,ranking_target_margin,,False
шкафы-купе Казань,https://kupeshki.ru/,https://kazan.lemanapro.ru/catalogue/shkafy-kupe/,strong,True,1.0,72.2,32.2,72.0746,45.4215,26.6531,6,1,-5,query_preference_rubric_v5,d51_query_preference_rubric_v1,ranking_target_margin,,False
шкафы-купе Казань,https://kupeshki.ru/,https://shkafkzn.ru/,weak,True,0.5,72.2,70.9,72.0746,64.2051,7.8695,6,9,3,query_preference_rubric_v5,d51_query_preference_rubric_v1,ranking_target_margin,,False
шкафы-купе Казань,https://kupeshki.ru/,https://sova-mk.ru/shkafy-kupe/,strong,True,1.0,72.2,57.0,72.0746,54.3217,17.7529,6,10,4,query_preference_rubric_v5,d51_query_preference_rubric_v1,ranking_target_margin,,False
шкафы-купе Казань,https://kupeshki.ru/,https://www.divan.ru/kazan/category/shkafy-kupe,weak,True,0.5,72.2,72.3,72.0746,67.0904,4.9842,6,8,2,query_preference_rubric_v5,d51_query_preference_rubric_v1,ranking_target_margin,,False
шкафы-купе Казань,https://kupeshki.ru/,https://www.kazan.bestmebelshop.ru/catalog/shkafy-kupe/,weak,True,0.5,72.2,65.6,72.0746,66.2306,5.844,6,5,-1,query_preference_rubric_v5,d51_query_preference_rubric_v1,ranking_target_margin,,False
шкафы-купе Казань,https://shkafkzn.ru/,https://kazan.lemanapro.ru/catalogue/shkafy-kupe/,strong,True,1.0,70.9,32.2,64.2051,45.4215,18.7836,9,1,-8,query_preference_rubric_v5,d51_query_preference_rubric_v1,ranking_target_margin,,False
шкафы-купе Казань,https://shkafkzn.ru/,https://sova-mk.ru/shkafy-kupe/,strong,True,1.0,70.9,57.0,64.2051,54.3217,9.8834,9,10,1,query_preference_rubric_v5,d51_query_preference_rubric_v1,ranking_target_margin,,False
шкафы-купе Казань,https://sova-mk.ru/shkafy-kupe/,https://kazan.lemanapro.ru/catalogue/shkafy-kupe/,strong,True,1.0,57.0,32.2,54.3217,45.4215,8.9002,10,1,-9,query_preference_rubric_v5,d51_query_preference_rubric_v1,ranking_target_margin,,False
шкафы-купе Казань,https://www.divan.ru/kazan/category/shkafy-kupe,https://kazan.lemanapro.ru/catalogue/shkafy-kupe/,strong,True,1.0,72.3,32.2,67.0904,45.4215,21.6689,8,1,-7,query_preference_rubric_v5,d51_query_preference_rubric_v1,ranking_target_margin,,False
шкафы-купе Казань,https://www.divan.ru/kazan/category/shkafy-kupe,https://shkafkzn.ru/,uncertain,False,0.0,72.3,70.9,67.0904,64.2051,2.8853,8,9,1,query_preference_rubric_v5,d51_query_preference_rubric_v1,ranking_target_margin,,False
шкафы-купе Казань,https://www.divan.ru/kazan/category/shkafy-kupe,https://sova-mk.ru/shkafy-kupe/,strong,True,1.0,72.3,57.0,67.0904,54.3217,12.7687,8,10,2,query_preference_rubric_v5,d51_query_preference_rubric_v1,ranking_target_margin,,False
шкафы-купе Казань,https://www.kazan.bestmebelshop.ru/catalog/shkafy-kupe/,https://kazan.lemanapro.ru/catalogue/shkafy-kupe/,strong,True,1.0,65.6,32.2,66.2306,45.4215,20.8091,5,1,-4,query_preference_rubric_v5,d51_query_preference_rubric_v1,ranking_target_margin,,False
шкафы-купе Казань,https://www.kazan.bestmebelshop.ru/catalog/shkafy-kupe/,https://shkafkzn.ru/,uncertain,False,0.0,65.6,70.9,66.2306,64.2051,2.0255,5,9,4,query_preference_rubric_v5,d51_query_preference_rubric_v1,ranking_target_margin,,False
шкафы-купе Казань,https://www.kazan.bestmebelshop.ru/catalog/shkafy-kupe/,https://sova-mk.ru/shkafy-kupe/,strong,True,1.0,65.6,57.0,66.2306,54.3217,11.9089,5,10,5,query_preference_rubric_v5,d51_query_preference_rubric_v1,ranking_target_margin,,False
шкафы-купе Краснодар,http://tkmebeli.ru/shkafy-kupe,https://bigmebel-krasnodar.ru/shkafy-kupe/,weak,True,0.65,58.7,69.7,66.2469,68.609,-2.3621,3,6,3,query_preference_rubric_v5,d51_query_preference_rubric_v1,d50_top3_recovery,rank_prior_disagreement|shortcut_text_volume,True
шкафы-купе Краснодар,http://tkmebeli.ru/shkafy-kupe,https://mebelpik.ru/shop/shkafy-kupe/,weak,True,0.65,58.7,74.6,66.2469,69.6507,-3.4038,3,7,4,query_preference_rubric_v5,d51_query_preference_rubric_v1,d50_top3_recovery,rank_prior_disagreement|shortcut_text_volume,True
шкафы-купе Краснодар,http://tkmebeli.ru/shkafy-kupe,https://shkafkupe-krd.ru/,weak,True,0.65,58.7,70.2,66.2469,61.9737,4.2732,3,10,7,query_preference_rubric_v5,d51_query_preference_rubric_v1,d50_top3_recovery,rank_prior_disagreement|shortcut_text_volume,True
шкафы-купе Краснодар,http://tkmebeli.ru/shkafy-kupe,https://www.e-1.ru/city/krasnodar/,weak,True,0.65,58.7,70.5,66.2469,71.1673,-4.9204,3,5,2,query_preference_rubric_v5,d51_query_preference_rubric_v1,d50_top3_recovery,rank_prior_disagreement|shortcut_text_volume,True
шкафы-купе Краснодар,https://bigmebel-krasnodar.ru/shkafy-kupe/,https://krasnodar.lemanapro.ru/catalogue/shkafy-kupe/,uncertain,False,0.0,69.7,32.1,68.609,45.3475,23.2615,6,1,-5,query_preference_rubric_v5,d51_query_preference_rubric_v1,d50_top3_conflict_manual_review,rank_prior_disagreement|shortcut_text_volume,True
шкафы-купе Краснодар,https://mebelpik.ru/shop/shkafy-kupe/,https://krasnodar.lemanapro.ru/catalogue/shkafy-kupe/,uncertain,False,0.0,74.6,32.1,69.6507,45.3475,24.3032,7,1,-6,query_preference_rubric_v5,d51_query_preference_rubric_v1,d50_top3_conflict_manual_review,rank_prior_disagreement|shortcut_text_volume,True
шкафы-купе Краснодар,https://shkaf-krasnodar.ru/,https://bigmebel-krasnodar.ru/shkafy-kupe/,strong,True,1.25,67.3,69.7,73.1894,68.609,4.5804,2,6,4,query_preference_rubric_v5,d51_query_preference_rubric_v1,d50_top3_recovery,rank_prior_disagreement|shortcut_text_volume,True
шкафы-купе Краснодар,https://shkaf-krasnodar.ru/,https://mebelpik.ru/shop/shkafy-kupe/,weak,True,0.65,67.3,74.6,73.1894,69.6507,3.5387,2,7,5,query_preference_rubric_v5,d51_query_preference_rubric_v1,d50_top3_recovery,rank_prior_disagreement|shortcut_text_volume,True
шкафы-купе Краснодар,https://shkaf-krasnodar.ru/,https://shkafkupe-krd.ru/,strong,True,1.25,67.3,70.2,73.1894,61.9737,11.2157,2,10,8,query_preference_rubric_v5,d51_query_preference_rubric_v1,d50_top3_recovery,rank_prior_disagreement|shortcut_text_volume,True
шкафы-купе Краснодар,https://shkaf-krasnodar.ru/,https://www.e-1.ru/city/krasnodar/,weak,True,0.65,67.3,70.5,73.1894,71.1673,2.0221,2,5,3,query_preference_rubric_v5,d51_query_preference_rubric_v1,d50_top3_recovery,rank_prior_disagreement|shortcut_text_volume,True
шкафы-купе Краснодар,https://shkafkupe-krd.ru/,https://krasnodar.lemanapro.ru/catalogue/shkafy-kupe/,uncertain,False,0.0,70.2,32.1,61.9737,45.3475,16.6262,10,1,-9,query_preference_rubric_v5,d51_query_preference_rubric_v1,d50_top3_conflict_manual_review,rank_prior_disagreement|shortcut_text_volume,True
шкафы-купе Краснодар,https://www.e-1.ru/city/krasnodar/,https://krasnodar.lemanapro.ru/catalogue/shkafy-kupe/,uncertain,False,0.0,70.5,32.1,71.1673,45.3475,25.8198,5,1,-4,query_preference_rubric_v5,d51_query_preference_rubric_v1,d50_top3_conflict_manual_review,rank_prior_disagreement|shortcut_text_volume,True
шкафы-купе Краснодар,http://tkmebeli.ru/shkafy-kupe,https://4nozhki.ru/tovari/shkafi-kupe/krasnodar/,strong,True,1.0,58.7,24.0,66.2469,37.088,29.1589,3,4,1,query_preference_rubric_v5,d51_query_preference_rubric_v1,ranking_target_margin,,True
шкафы-купе Краснодар,http://tkmebeli.ru/shkafy-kupe,https://krasnodar.lemanapro.ru/catalogue/shkafy-kupe/,strong,True,1.0,58.7,32.1,66.2469,45.3475,20.8994,3,1,-2,query_preference_rubric_v5,d51_query_preference_rubric_v1,ranking_target_margin,,True
шкафы-купе Краснодар,http://tkmebeli.ru/shkafy-kupe,https://krasnodar.nonton.ru/mebel/shkafy/shkafy-kupe/,uncertain,False,0.0,58.7,65.4,66.2469,62.36,3.8869,3,8,5,query_preference_rubric_v5,d51_query_preference_rubric_v1,ranking_target_margin,,True
шкафы-купе Краснодар,https://bigmebel-krasnodar.ru/shkafy-kupe/,http://tkmebeli.ru/shkafy-kupe,uncertain,False,0.0,69.7,58.7,68.609,66.2469,2.3621,6,3,-3,query_preference_rubric_v5,d51_query_preference_rubric_v1,ranking_target_margin,,True
шкафы-купе Краснодар,https://bigmebel-krasnodar.ru/shkafy-kupe/,https://4nozhki.ru/tovari/shkafi-kupe/krasnodar/,strong,True,1.0,69.7,24.0,68.609,37.088,31.521,6,4,-2,query_preference_rubric_v5,d51_query_preference_rubric_v1,ranking_target_margin,,True
шкафы-купе Краснодар,https://bigmebel-krasnodar.ru/shkafy-kupe/,https://krasnodar.nonton.ru/mebel/shkafy/shkafy-kupe/,weak,True,0.5,69.7,65.4,68.609,62.36,6.249,6,8,2,query_preference_rubric_v5,d51_query_preference_rubric_v1,ranking_target_margin,,True
шкафы-купе Краснодар,https://bigmebel-krasnodar.ru/shkafy-kupe/,https://shkafkupe-krd.ru/,weak,True,0.5,69.7,70.2,68.609,61.9737,6.6353,6,10,4,query_preference_rubric_v5,d51_query_preference_rubric_v1,ranking_target_margin,,True
шкафы-купе Краснодар,https://krasnodar.lemanapro.ru/catalogue/shkafy-kupe/,https://4nozhki.ru/tovari/shkafi-kupe/krasnodar/,strong,True,1.0,32.1,24.0,45.3475,37.088,8.2595,1,4,3,query_preference_rubric_v5,d51_query_preference_rubric_v1,ranking_target_margin,,True
шкафы-купе Краснодар,https://krasnodar.nonton.ru/mebel/shkafy/shkafy-kupe/,https://4nozhki.ru/tovari/shkafi-kupe/krasnodar/,strong,True,1.0,65.4,24.0,62.36,37.088,25.272,8,4,-4,query_preference_rubric_v5,d51_query_preference_rubric_v1,ranking_target_margin,,True
шкафы-купе Краснодар,https://krasnodar.nonton.ru/mebel/shkafy/shkafy-kupe/,https://krasnodar.lemanapro.ru/catalogue/shkafy-kupe/,strong,True,1.0,65.4,32.1,62.36,45.3475,17.0125,8,1,-7,query_preference_rubric_v5,d51_query_preference_rubric_v1,ranking_target_margin,,True
шкафы-купе Краснодар,https://mebelpik.ru/shop/shkafy-kupe/,http://tkmebeli.ru/shkafy-kupe,uncertain,False,0.0,74.6,58.7,69.6507,66.2469,3.4038,7,3,-4,query_preference_rubric_v5,d51_query_preference_rubric_v1,ranking_target_margin,,True
шкафы-купе Краснодар,https://mebelpik.ru/shop/shkafy-kupe/,https://4nozhki.ru/tovari/shkafi-kupe/krasnodar/,strong,True,1.0,74.6,24.0,69.6507,37.088,32.5627,7,4,-3,query_preference_rubric_v5,d51_query_preference_rubric_v1,ranking_target_margin,,True
шкафы-купе Краснодар,https://mebelpik.ru/shop/shkafy-kupe/,https://krasnodar.nonton.ru/mebel/shkafy/shkafy-kupe/,weak,True,0.5,74.6,65.4,69.6507,62.36,7.2907,7,8,1,query_preference_rubric_v5,d51_query_preference_rubric_v1,ranking_target_margin,,True
шкафы-купе Краснодар,https://mebelpik.ru/shop/shkafy-kupe/,https://shkafkupe-krd.ru/,weak,True,0.5,74.6,70.2,69.6507,61.9737,7.677,7,10,3,query_preference_rubric_v5,d51_query_preference_rubric_v1,ranking_target_margin,,True
шкафы-купе Краснодар,https://shkaf-krasnodar.ru/,http://tkmebeli.ru/shkafy-kupe,weak,True,0.5,67.3,58.7,73.1894,66.2469,6.9425,2,3,1,query_preference_rubric_v5,d51_query_preference_rubric_v1,ranking_target_margin,,True
шкафы-купе Краснодар,https://shkaf-krasnodar.ru/,https://4nozhki.ru/tovari/shkafi-kupe/krasnodar/,strong,True,1.0,67.3,24.0,73.1894,37.088,36.1014,2,4,2,query_preference_rubric_v5,d51_query_preference_rubric_v1,ranking_target_margin,,True
шкафы-купе Краснодар,https://shkaf-krasnodar.ru/,https://krasnodar.lemanapro.ru/catalogue/shkafy-kupe/,strong,True,1.0,67.3,32.1,73.1894,45.3475,27.8419,2,1,-1,query_preference_rubric_v5,d51_query_preference_rubric_v1,ranking_target_margin,,True
шкафы-купе Краснодар,https://shkaf-krasnodar.ru/,https://krasnodar.nonton.ru/mebel/shkafy/shkafy-kupe/,strong,True,1.0,67.3,65.4,73.1894,62.36,10.8294,2,8,6,query_preference_rubric_v5,d51_query_preference_rubric_v1,ranking_target_margin,,True
шкафы-купе Краснодар,https://shkafkupe-krd.ru/,https://4nozhki.ru/tovari/shkafi-kupe/krasnodar/,strong,True,1.0,70.2,24.0,61.9737,37.088,24.8857,10,4,-6,query_preference_rubric_v5,d51_query_preference_rubric_v1,ranking_target_margin,,True
шкафы-купе Краснодар,https://www.e-1.ru/city/krasnodar/,http://tkmebeli.ru/shkafy-kupe,weak,True,0.5,70.5,58.7,71.1673,66.2469,4.9204,5,3,-2,query_preference_rubric_v5,d51_query_preference_rubric_v1,ranking_target_margin,,True
шкафы-купе Краснодар,https://www.e-1.ru/city/krasnodar/,https://4nozhki.ru/tovari/shkafi-kupe/krasnodar/,strong,True,1.0,70.5,24.0,71.1673,37.088,34.0793,5,4,-1,query_preference_rubric_v5,d51_query_preference_rubric_v1,ranking_target_margin,,True
шкафы-купе Краснодар,https://www.e-1.ru/city/krasnodar/,https://bigmebel-krasnodar.ru/shkafy-kupe/,uncertain,False,0.0,70.5,69.7,71.1673,68.609,2.5583,5,6,1,query_preference_rubric_v5,d51_query_preference_rubric_v1,ranking_target_margin,,True
шкафы-купе Краснодар,https://www.e-1.ru/city/krasnodar/,https://krasnodar.nonton.ru/mebel/shkafy/shkafy-kupe/,strong,True,1.0,70.5,65.4,71.1673,62.36,8.8073,5,8,3,query_preference_rubric_v5,d51_query_preference_rubric_v1,ranking_target_margin,,True
шкафы-купе Краснодар,https://www.e-1.ru/city/krasnodar/,https://shkafkupe-krd.ru/,strong,True,1.0,70.5,70.2,71.1673,61.9737,9.1936,5,10,5,query_preference_rubric_v5,d51_query_preference_rubric_v1,ranking_target_margin,,True
шкафы-купе Москва,http://www.kupesalon.ru/,https://lemanapro.ru/catalogue/shkafy-kupe/,strong,True,1.0,65.4,31.4,58.598,39.75,18.848,9,4,-5,query_preference_rubric_v5,d51_query_preference_rubric_v1,ranking_target_margin,,False
шкафы-купе Москва,https://good-mebel.com/category/shkafy-kupe/,http://www.kupesalon.ru/,strong,True,1.0,78.4,65.4,83.3897,58.598,24.7917,1,9,8,query_preference_rubric_v5,d51_query_preference_rubric_v1,ranking_target_margin,,False
шкафы-купе Москва,https://good-mebel.com/category/shkafy-kupe/,https://lemanapro.ru/catalogue/shkafy-kupe/,strong,True,1.0,78.4,31.4,83.3897,39.75,43.6397,1,4,3,query_preference_rubric_v5,d51_query_preference_rubric_v1,ranking_target_margin,,False
шкафы-купе Москва,https://good-mebel.com/category/shkafy-kupe/,https://mebel.ru/catalog/cabinets/shkafy-kupe/,strong,True,1.0,78.4,72.0,83.3897,69.0273,14.3624,1,7,6,query_preference_rubric_v5,d51_query_preference_rubric_v1,ranking_target_margin,,False
шкафы-купе Москва,https://good-mebel.com/category/shkafy-kupe/,https://mosmobel.ru/,weak,True,0.5,78.4,79.0,83.3897,76.1735,7.2162,1,6,5,query_preference_rubric_v5,d51_query_preference_rubric_v1,ranking_target_margin,,False
шкафы-купе Москва,https://good-mebel.com/category/shkafy-kupe/,https://mosshkafkupe.ru/,weak,True,0.5,78.4,77.7,83.3897,76.3778,7.0119,1,5,4,query_preference_rubric_v5,d51_query_preference_rubric_v1,ranking_target_margin,,False
шкафы-купе Москва,https://good-mebel.com/category/shkafy-kupe/,https://shkafy-moskva.ru/tcat/shkafy-kupe/,strong,True,1.0,78.4,76.4,83.3897,67.4672,15.9225,1,10,9,query_preference_rubric_v5,d51_query_preference_rubric_v1,ranking_target_margin,,False
шкафы-купе Москва,https://good-mebel.com/category/shkafy-kupe/,https://www.bestmebelshop.ru/catalog/shkafy-kupe/,weak,True,0.5,78.4,75.7,83.3897,77.9602,5.4295,1,3,2,query_preference_rubric_v5,d51_query_preference_rubric_v1,ranking_target_margin,,False
шкафы-купе Москва,https://mebel.ru/catalog/cabinets/shkafy-kupe/,http://www.kupesalon.ru/,strong,True,1.0,72.0,65.4,69.0273,58.598,10.4293,7,9,2,query_preference_rubric_v5,d51_query_preference_rubric_v1,ranking_target_margin,,False
шкафы-купе Москва,https://mebel.ru/catalog/cabinets/shkafy-kupe/,https://lemanapro.ru/catalogue/shkafy-kupe/,strong,True,1.0,72.0,31.4,69.0273,39.75,29.2773,7,4,-3,query_preference_rubric_v5,d51_query_preference_rubric_v1,ranking_target_margin,,False
шкафы-купе Москва,https://mosmobel.ru/,http://www.kupesalon.ru/,strong,True,1.0,79.0,65.4,76.1735,58.598,17.5755,6,9,3,query_preference_rubric_v5,d51_query_preference_rubric_v1,ranking_target_margin,,False
шкафы-купе Москва,https://mosmobel.ru/,https://lemanapro.ru/catalogue/shkafy-kupe/,strong,True,1.0,79.0,31.4,76.1735,39.75,36.4235,6,4,-2,query_preference_rubric_v5,d51_query_preference_rubric_v1,ranking_target_margin,,False
шкафы-купе Москва,https://mosmobel.ru/,https://mebel.ru/catalog/cabinets/shkafy-kupe/,weak,True,0.5,79.0,72.0,76.1735,69.0273,7.1462,6,7,1,query_preference_rubric_v5,d51_query_preference_rubric_v1,ranking_target_margin,,False
шкафы-купе Москва,https://mosmobel.ru/,https://shkafy-moskva.ru/tcat/shkafy-kupe/,strong,True,1.0,79.0,76.4,76.1735,67.4672,8.7063,6,10,4,query_preference_rubric_v5,d51_query_preference_rubric_v1,ranking_target_margin,,False
шкафы-купе Москва,https://mosshkafkupe.ru/,http://www.kupesalon.ru/,strong,True,1.0,77.7,65.4,76.3778,58.598,17.7798,5,9,4,query_preference_rubric_v5,d51_query_preference_rubric_v1,ranking_target_margin,,False
шкафы-купе Москва,https://mosshkafkupe.ru/,https://lemanapro.ru/catalogue/shkafy-kupe/,strong,True,1.0,77.7,31.4,76.3778,39.75,36.6278,5,4,-1,query_preference_rubric_v5,d51_query_preference_rubric_v1,ranking_target_margin,,False
шкафы-купе Москва,https://mosshkafkupe.ru/,https://mebel.ru/catalog/cabinets/shkafy-kupe/,weak,True,0.5,77.7,72.0,76.3778,69.0273,7.3505,5,7,2,query_preference_rubric_v5,d51_query_preference_rubric_v1,ranking_target_margin,,False
шкафы-купе Москва,https://mosshkafkupe.ru/,https://shkafy-moskva.ru/tcat/shkafy-kupe/,strong,True,1.0,77.7,76.4,76.3778,67.4672,8.9106,5,10,5,query_preference_rubric_v5,d51_query_preference_rubric_v1,ranking_target_margin,,False
шкафы-купе Москва,https://shkafy-moskva.ru/tcat/shkafy-kupe/,http://www.kupesalon.ru/,strong,True,1.0,76.4,65.4,67.4672,58.598,8.8692,10,9,-1,query_preference_rubric_v5,d51_query_preference_rubric_v1,ranking_target_margin,,False
шкафы-купе Москва,https://shkafy-moskva.ru/tcat/shkafy-kupe/,https://lemanapro.ru/catalogue/shkafy-kupe/,strong,True,1.0,76.4,31.4,67.4672,39.75,27.7172,10,4,-6,query_preference_rubric_v5,d51_query_preference_rubric_v1,ranking_target_margin,,False
шкафы-купе Москва,https://www.bestmebelshop.ru/catalog/shkafy-kupe/,http://www.kupesalon.ru/,strong,True,1.0,75.7,65.4,77.9602,58.598,19.3622,3,9,6,query_preference_rubric_v5,d51_query_preference_rubric_v1,ranking_target_margin,,False
шкафы-купе Москва,https://www.bestmebelshop.ru/catalog/shkafy-kupe/,https://lemanapro.ru/catalogue/shkafy-kupe/,strong,True,1.0,75.7,31.4,77.9602,39.75,38.2102,3,4,1,query_preference_rubric_v5,d51_query_preference_rubric_v1,ranking_target_margin,,False
шкафы-купе Москва,https://www.bestmebelshop.ru/catalog/shkafy-kupe/,https://mebel.ru/catalog/cabinets/shkafy-kupe/,strong,True,1.0,75.7,72.0,77.9602,69.0273,8.9329,3,7,4,query_preference_rubric_v5,d51_query_preference_rubric_v1,ranking_target_margin,,False
шкафы-купе Москва,https://www.bestmebelshop.ru/catalog/shkafy-kupe/,https://shkafy-moskva.ru/tcat/shkafy-kupe/,strong,True,1.0,75.7,76.4,77.9602,67.4672,10.493,3,10,7,query_preference_rubric_v5,d51_query_preference_rubric_v1,ranking_target_margin,,False
шкафы-купе Москва,https://www.shkaf-kupe.ru/category/shkafy-kupe/,http://www.kupesalon.ru/,strong,True,1.0,78.6,65.4,82.1704,58.598,23.5724,2,9,7,query_preference_rubric_v5,d51_query_preference_rubric_v1,ranking_target_margin,,False
шкафы-купе Москва,https://www.shkaf-kupe.ru/category/shkafy-kupe/,https://lemanapro.ru/catalogue/shkafy-kupe/,strong,True,1.0,78.6,31.4,82.1704,39.75,42.4204,2,4,2,query_preference_rubric_v5,d51_query_preference_rubric_v1,ranking_target_margin,,False
шкафы-купе Москва,https://www.shkaf-kupe.ru/category/shkafy-kupe/,https://mebel.ru/catalog/cabinets/shkafy-kupe/,strong,True,1.0,78.6,72.0,82.1704,69.0273,13.1431,2,7,5,query_preference_rubric_v5,d51_query_preference_rubric_v1,ranking_target_margin,,False
шкафы-купе Москва,https://www.shkaf-kupe.ru/category/shkafy-kupe/,https://mosmobel.ru/,weak,True,0.5,78.6,79.0,82.1704,76.1735,5.9969,2,6,4,query_preference_rubric_v5,d51_query_preference_rubric_v1,ranking_target_margin,,False
шкафы-купе Москва,https://www.shkaf-kupe.ru/category/shkafy-kupe/,https://mosshkafkupe.ru/,weak,True,0.5,78.6,77.7,82.1704,76.3778,5.7926,2,5,3,query_preference_rubric_v5,d51_query_preference_rubric_v1,ranking_target_margin,,False
шкафы-купе Москва,https://www.shkaf-kupe.ru/category/shkafy-kupe/,https://shkafy-moskva.ru/tcat/shkafy-kupe/,strong,True,1.0,78.6,76.4,82.1704,67.4672,14.7032,2,10,8,query_preference_rubric_v5,d51_query_preference_rubric_v1,ranking_target_margin,,False
шкафы-купе Москва,https://www.shkaf-kupe.ru/category/shkafy-kupe/,https://www.bestmebelshop.ru/catalog/shkafy-kupe/,weak,True,0.5,78.6,75.7,82.1704,77.9602,4.2102,2,3,1,query_preference_rubric_v5,d51_query_preference_rubric_v1,ranking_target_margin,,False
шкафы-купе Нижний Новгород,https://kupe52.ru/,https://exline-nn.ru/shkafy-kupe,uncertain,False,0.0,61.9,62.8,62.0516,58.1041,3.9475,7,10,3,query_preference_rubric_v5,d51_query_preference_rubric_v1,ranking_target_margin,,False
шкафы-купе Нижний Новгород,https://mastershkaf-nn.ru/,https://exline-nn.ru/shkafy-kupe,strong,True,1.0,70.1,62.8,74.7618,58.1041,16.6577,2,10,8,query_preference_rubric_v5,d51_query_preference_rubric_v1,ranking_target_margin,,False
шкафы-купе Нижний Новгород,https://mastershkaf-nn.ru/,https://kupe52.ru/,strong,True,1.0,70.1,61.9,74.7618,62.0516,12.7102,2,7,5,query_preference_rubric_v5,d51_query_preference_rubric_v1,ranking_target_margin,,False
шкафы-купе Нижний Новгород,https://mastershkaf-nn.ru/,https://nizhnij-novgorod.jsprav.ru/proizvodstvo-i-prodazha-shkafov-kupe/,strong,True,1.0,70.1,58.2,74.7618,60.5892,14.1726,2,6,4,query_preference_rubric_v5,d51_query_preference_rubric_v1,ranking_target_margin,,False
шкафы-купе Нижний Новгород,https://mastershkaf-nn.ru/,https://nizhniynovgorod.mebel-1000.ru/catalogue/korpusnaya-mebel/shkafy-kupe/,strong,True,1.0,70.1,67.8,74.7618,62.3448,12.417,2,8,6,query_preference_rubric_v5,d51_query_preference_rubric_v1,ranking_target_margin,,False
шкафы-купе Нижний Новгород,https://mastershkaf-nn.ru/,https://nizhnovgorod.aristo.ru/,strong,True,1.0,70.1,72.5,74.7618,66.3171,8.4447,2,9,7,query_preference_rubric_v5,d51_query_preference_rubric_v1,ranking_target_margin,,False
шкафы-купе Нижний Новгород,https://mastershkaf-nn.ru/,https://novgorod.spravker.ru/shkafyi-kupe/,weak,True,0.5,70.1,66.0,74.7618,67.886,6.8758,2,5,3,query_preference_rubric_v5,d51_query_preference_rubric_v1,ranking_target_margin,,False
шкафы-купе Нижний Новгород,https://mastershkaf-nn.ru/,https://sandi-nn.ru/,strong,True,1.0,70.1,59.6,74.7618,65.0942,9.6676,2,4,2,query_preference_rubric_v5,d51_query_preference_rubric_v1,ranking_target_margin,,False
шкафы-купе Нижний Новгород,https://mastershkaf-nn.ru/,https://www.nn.bestmebelshop.ru/catalog/shkafy-kupe/,uncertain,False,0.0,70.1,69.3,74.7618,72.6184,2.1434,2,3,1,query_preference_rubric_v5,d51_query_preference_rubric_v1,ranking_target_margin,,False
шкафы-купе Нижний Новгород,https://nizhnij-novgorod.jsprav.ru/proizvodstvo-i-prodazha-shkafov-kupe/,https://exline-nn.ru/shkafy-kupe,uncertain,False,0.0,58.2,62.8,60.5892,58.1041,2.4851,6,10,4,query_preference_rubric_v5,d51_query_preference_rubric_v1,ranking_target_margin,,False
шкафы-купе Нижний Новгород,https://nizhniynovgorod.mebel-1000.ru/catalogue/korpusnaya-mebel/shkafy-kupe/,https://exline-nn.ru/shkafy-kupe,weak,True,0.5,67.8,62.8,62.3448,58.1041,4.2407,8,10,2,query_preference_rubric_v5,d51_query_preference_rubric_v1,ranking_target_margin,,False
шкафы-купе Нижний Новгород,https://nizhnovgorod.aristo.ru/,https://exline-nn.ru/shkafy-kupe,strong,True,1.0,72.5,62.8,66.3171,58.1041,8.213,9,10,1,query_preference_rubric_v5,d51_query_preference_rubric_v1,ranking_target_margin,,False
шкафы-купе Нижний Новгород,https://nizhnovgorod.aristo.ru/,https://kupe52.ru/,weak,True,0.5,72.5,61.9,66.3171,62.0516,4.2655,9,7,-2,query_preference_rubric_v5,d51_query_preference_rubric_v1,ranking_target_margin,,False
шкафы-купе Нижний Новгород,https://nizhnovgorod.aristo.ru/,https://nizhnij-novgorod.jsprav.ru/proizvodstvo-i-prodazha-shkafov-kupe/,weak,True,0.5,72.5,58.2,66.3171,60.5892,5.7279,9,6,-3,query_preference_rubric_v5,d51_query_preference_rubric_v1,ranking_target_margin,,False
шкафы-купе Нижний Новгород,https://nizhnovgorod.aristo.ru/,https://nizhniynovgorod.mebel-1000.ru/catalogue/korpusnaya-mebel/shkafy-kupe/,uncertain,False,0.0,72.5,67.8,66.3171,62.3448,3.9723,9,8,-1,query_preference_rubric_v5,d51_query_preference_rubric_v1,ranking_target_margin,,False
шкафы-купе Нижний Новгород,https://novgorod.spravker.ru/shkafyi-kupe/,https://exline-nn.ru/shkafy-kupe,strong,True,1.0,66.0,62.8,67.886,58.1041,9.7819,5,10,5,query_preference_rubric_v5,d51_query_preference_rubric_v1,ranking_target_margin,,False
шкафы-купе Нижний Новгород,https://novgorod.spravker.ru/shkafyi-kupe/,https://kupe52.ru/,weak,True,0.5,66.0,61.9,67.886,62.0516,5.8344,5,7,2,query_preference_rubric_v5,d51_query_preference_rubric_v1,ranking_target_margin,,False
шкафы-купе Нижний Новгород,https://novgorod.spravker.ru/shkafyi-kupe/,https://nizhnij-novgorod.jsprav.ru/proizvodstvo-i-prodazha-shkafov-kupe/,weak,True,0.5,66.0,58.2,67.886,60.5892,7.2968,5,6,1,query_preference_rubric_v5,d51_query_preference_rubric_v1,ranking_target_margin,,False
шкафы-купе Нижний Новгород,https://novgorod.spravker.ru/shkafyi-kupe/,https://nizhniynovgorod.mebel-1000.ru/catalogue/korpusnaya-mebel/shkafy-kupe/,weak,True,0.5,66.0,67.8,67.886,62.3448,5.5412,5,8,3,query_preference_rubric_v5,d51_query_preference_rubric_v1,ranking_target_margin,,False
шкафы-купе Нижний Новгород,https://novgorod.spravker.ru/shkafyi-kupe/,https://sandi-nn.ru/,uncertain,False,0.0,66.0,59.6,67.886,65.0942,2.7918,5,4,-1,query_preference_rubric_v5,d51_query_preference_rubric_v1,ranking_target_margin,,False
шкафы-купе Нижний Новгород,https://sandi-nn.ru/,https://exline-nn.ru/shkafy-kupe,weak,True,0.5,59.6,62.8,65.0942,58.1041,6.9901,4,10,6,query_preference_rubric_v5,d51_query_preference_rubric_v1,ranking_target_margin,,False
шкафы-купе Нижний Новгород,https://sandi-nn.ru/,https://kupe52.ru/,uncertain,False,0.0,59.6,61.9,65.0942,62.0516,3.0426,4,7,3,query_preference_rubric_v5,d51_query_preference_rubric_v1,ranking_target_margin,,False
шкафы-купе Нижний Новгород,https://sandi-nn.ru/,https://nizhnij-novgorod.jsprav.ru/proizvodstvo-i-prodazha-shkafov-kupe/,weak,True,0.5,59.6,58.2,65.0942,60.5892,4.505,4,6,2,query_preference_rubric_v5,d51_query_preference_rubric_v1,ranking_target_margin,,False
шкафы-купе Нижний Новгород,https://sandi-nn.ru/,https://nizhniynovgorod.mebel-1000.ru/catalogue/korpusnaya-mebel/shkafy-kupe/,uncertain,False,0.0,59.6,67.8,65.0942,62.3448,2.7494,4,8,4,query_preference_rubric_v5,d51_query_preference_rubric_v1,ranking_target_margin,,False
шкафы-купе Нижний Новгород,https://shkaf-nnov.ru/,https://exline-nn.ru/shkafy-kupe,strong,True,1.0,65.3,62.8,74.185,58.1041,16.0809,1,10,9,query_preference_rubric_v5,d51_query_preference_rubric_v1,ranking_target_margin,,False
шкафы-купе Нижний Новгород,https://shkaf-nnov.ru/,https://kupe52.ru/,strong,True,1.0,65.3,61.9,74.185,62.0516,12.1334,1,7,6,query_preference_rubric_v5,d51_query_preference_rubric_v1,ranking_target_margin,,False
шкафы-купе Нижний Новгород,https://shkaf-nnov.ru/,https://nizhnij-novgorod.jsprav.ru/proizvodstvo-i-prodazha-shkafov-kupe/,strong,True,1.0,65.3,58.2,74.185,60.5892,13.5958,1,6,5,query_preference_rubric_v5,d51_query_preference_rubric_v1,ranking_target_margin,,False
шкафы-купе Нижний Новгород,https://shkaf-nnov.ru/,https://nizhniynovgorod.mebel-1000.ru/catalogue/korpusnaya-mebel/shkafy-kupe/,strong,True,1.0,65.3,67.8,74.185,62.3448,11.8402,1,8,7,query_preference_rubric_v5,d51_query_preference_rubric_v1,ranking_target_margin,,False
шкафы-купе Нижний Новгород,https://shkaf-nnov.ru/,https://nizhnovgorod.aristo.ru/,weak,True,0.5,65.3,72.5,74.185,66.3171,7.8679,1,9,8,query_preference_rubric_v5,d51_query_preference_rubric_v1,ranking_target_margin,,False
шкафы-купе Нижний Новгород,https://shkaf-nnov.ru/,https://novgorod.spravker.ru/shkafyi-kupe/,weak,True,0.5,65.3,66.0,74.185,67.886,6.299,1,5,4,query_preference_rubric_v5,d51_query_preference_rubric_v1,ranking_target_margin,,False
шкафы-купе Нижний Новгород,https://shkaf-nnov.ru/,https://sandi-nn.ru/,strong,True,1.0,65.3,59.6,74.185,65.0942,9.0908,1,4,3,query_preference_rubric_v5,d51_query_preference_rubric_v1,ranking_target_margin,,False
шкафы-купе Нижний Новгород,https://www.nn.bestmebelshop.ru/catalog/shkafy-kupe/,https://exline-nn.ru/shkafy-kupe,strong,True,1.0,69.3,62.8,72.6184,58.1041,14.5143,3,10,7,query_preference_rubric_v5,d51_query_preference_rubric_v1,ranking_target_margin,,False
шкафы-купе Нижний Новгород,https://www.nn.bestmebelshop.ru/catalog/shkafy-kupe/,https://kupe52.ru/,strong,True,1.0,69.3,61.9,72.6184,62.0516,10.5668,3,7,4,query_preference_rubric_v5,d51_query_preference_rubric_v1,ranking_target_margin,,False
шкафы-купе Нижний Новгород,https://www.nn.bestmebelshop.ru/catalog/shkafy-kupe/,https://nizhnij-novgorod.jsprav.ru/proizvodstvo-i-prodazha-shkafov-kupe/,strong,True,1.0,69.3,58.2,72.6184,60.5892,12.0292,3,6,3,query_preference_rubric_v5,d51_query_preference_rubric_v1,ranking_target_margin,,False
шкафы-купе Нижний Новгород,https://www.nn.bestmebelshop.ru/catalog/shkafy-kupe/,https://nizhniynovgorod.mebel-1000.ru/catalogue/korpusnaya-mebel/shkafy-kupe/,strong,True,1.0,69.3,67.8,72.6184,62.3448,10.2736,3,8,5,query_preference_rubric_v5,d51_query_preference_rubric_v1,ranking_target_margin,,False
шкафы-купе Нижний Новгород,https://www.nn.bestmebelshop.ru/catalog/shkafy-kupe/,https://nizhnovgorod.aristo.ru/,weak,True,0.5,69.3,72.5,72.6184,66.3171,6.3013,3,9,6,query_preference_rubric_v5,d51_query_preference_rubric_v1,ranking_target_margin,,False
шкафы-купе Нижний Новгород,https://www.nn.bestmebelshop.ru/catalog/shkafy-kupe/,https://novgorod.spravker.ru/shkafyi-kupe/,weak,True,0.5,69.3,66.0,72.6184,67.886,4.7324,3,5,2,query_preference_rubric_v5,d51_query_preference_rubric_v1,ranking_target_margin,,False
шкафы-купе Нижний Новгород,https://www.nn.bestmebelshop.ru/catalog/shkafy-kupe/,https://sandi-nn.ru/,weak,True,0.5,69.3,59.6,72.6184,65.0942,7.5242,3,4,1,query_preference_rubric_v5,d51_query_preference_rubric_v1,ranking_target_margin,,False
шкафы-купе Новосибирск,http://www.shkaf54.ru/,https://4nozhki.ru/tovari/shkafi-kupe/novosibirsk/,strong,True,1.0,64.8,23.4,61.5873,38.1851,23.4022,8,3,-5,query_preference_rubric_v5,d51_query_preference_rubric_v1,ranking_target_margin,,False
шкафы-купе Новосибирск,http://www.shkaf54.ru/,https://novosibirsk.lemanapro.ru/catalogue/shkafy-kupe/,strong,True,1.0,64.8,32.1,61.5873,45.3493,16.238,8,1,-7,query_preference_rubric_v5,d51_query_preference_rubric_v1,ranking_target_margin,,False
шкафы-купе Новосибирск,http://www.shkaf54.ru/,https://nsk.lazurit.com/catalog/668/shkafy-kupe/,strong,True,1.0,64.8,32.7,61.5873,41.39,20.1973,8,4,-4,query_preference_rubric_v5,d51_query_preference_rubric_v1,ranking_target_margin,,False
шкафы-купе Новосибирск,https://artic-mebel.ru/catalog/shkafy-kupe/,http://www.shkaf54.ru/,weak,True,0.5,71.9,64.8,68.251,61.5873,6.6637,7,8,1,query_preference_rubric_v5,d51_query_preference_rubric_v1,ranking_target_margin,,False
шкафы-купе Новосибирск,https://artic-mebel.ru/catalog/shkafy-kupe/,https://4nozhki.ru/tovari/shkafi-kupe/novosibirsk/,strong,True,1.0,71.9,23.4,68.251,38.1851,30.0659,7,3,-4,query_preference_rubric_v5,d51_query_preference_rubric_v1,ranking_target_margin,,False
шкафы-купе Новосибирск,https://artic-mebel.ru/catalog/shkafy-kupe/,https://mebel-nsk.ru/shkafy/shkafy-kype/,weak,True,0.5,71.9,62.3,68.251,63.5622,4.6888,7,6,-1,query_preference_rubric_v5,d51_query_preference_rubric_v1,ranking_target_margin,,False
шкафы-купе Новосибирск,https://artic-mebel.ru/catalog/shkafy-kupe/,https://novosibirsk.lemanapro.ru/catalogue/shkafy-kupe/,strong,True,1.0,71.9,32.1,68.251,45.3493,22.9017,7,1,-6,query_preference_rubric_v5,d51_query_preference_rubric_v1,ranking_target_margin,,False
шкафы-купе Новосибирск,https://artic-mebel.ru/catalog/shkafy-kupe/,https://novosibirsk.mebelgrad.com/catalog/shkafy-kupe-3/,uncertain,False,0.0,71.9,73.7,68.251,64.6593,3.5917,7,10,3,query_preference_rubric_v5,d51_query_preference_rubric_v1,ranking_target_margin,,False
шкафы-купе Новосибирск,https://artic-mebel.ru/catalog/shkafy-kupe/,https://nsk.lazurit.com/catalog/668/shkafy-kupe/,strong,True,1.0,71.9,32.7,68.251,41.39,26.861,7,4,-3,query_preference_rubric_v5,d51_query_preference_rubric_v1,ranking_target_margin,,False
шкафы-купе Новосибирск,https://mebel-nsk.ru/shkafy/shkafy-kype/,https://4nozhki.ru/tovari/shkafi-kupe/novosibirsk/,strong,True,1.0,62.3,23.4,63.5622,38.1851,25.3771,6,3,-3,query_preference_rubric_v5,d51_query_preference_rubric_v1,ranking_target_margin,,False
шкафы-купе Новосибирск,https://mebel-nsk.ru/shkafy/shkafy-kype/,https://novosibirsk.lemanapro.ru/catalogue/shkafy-kupe/,strong,True,1.0,62.3,32.1,63.5622,45.3493,18.2129,6,1,-5,query_preference_rubric_v5,d51_query_preference_rubric_v1,ranking_target_margin,,False
шкафы-купе Новосибирск,https://mebel-nsk.ru/shkafy/shkafy-kype/,https://nsk.lazurit.com/catalog/668/shkafy-kupe/,strong,True,1.0,62.3,32.7,63.5622,41.39,22.1722,6,4,-2,query_preference_rubric_v5,d51_query_preference_rubric_v1,ranking_target_margin,,False
шкафы-купе Новосибирск,https://mebelti.com/catalog/shkafy-kupe/,http://www.shkaf54.ru/,strong,True,1.0,77.9,64.8,76.5417,61.5873,14.9544,5,8,3,query_preference_rubric_v5,d51_query_preference_rubric_v1,ranking_target_margin,,False
шкафы-купе Новосибирск,https://mebelti.com/catalog/shkafy-kupe/,https://4nozhki.ru/tovari/shkafi-kupe/novosibirsk/,strong,True,1.0,77.9,23.4,76.5417,38.1851,38.3566,5,3,-2,query_preference_rubric_v5,d51_query_preference_rubric_v1,ranking_target_margin,,False
шкафы-купе Новосибирск,https://mebelti.com/catalog/shkafy-kupe/,https://artic-mebel.ru/catalog/shkafy-kupe/,strong,True,1.0,77.9,71.9,76.5417,68.251,8.2907,5,7,2,query_preference_rubric_v5,d51_query_preference_rubric_v1,ranking_target_margin,,False
шкафы-купе Новосибирск,https://mebelti.com/catalog/shkafy-kupe/,https://mebel-nsk.ru/shkafy/shkafy-kype/,strong,True,1.0,77.9,62.3,76.5417,63.5622,12.9795,5,6,1,query_preference_rubric_v5,d51_query_preference_rubric_v1,ranking_target_margin,,False
шкафы-купе Новосибирск,https://mebelti.com/catalog/shkafy-kupe/,https://novosibirsk.lemanapro.ru/catalogue/shkafy-kupe/,strong,True,1.0,77.9,32.1,76.5417,45.3493,31.1924,5,1,-4,query_preference_rubric_v5,d51_query_preference_rubric_v1,ranking_target_margin,,False
шкафы-купе Новосибирск,https://mebelti.com/catalog/shkafy-kupe/,https://novosibirsk.mebelgrad.com/catalog/shkafy-kupe-3/,strong,True,1.0,77.9,73.7,76.5417,64.6593,11.8824,5,10,5,query_preference_rubric_v5,d51_query_preference_rubric_v1,ranking_target_margin,,False
шкафы-купе Новосибирск,https://mebelti.com/catalog/shkafy-kupe/,https://nsk.lazurit.com/catalog/668/shkafy-kupe/,strong,True,1.0,77.9,32.7,76.5417,41.39,35.1517,5,4,-1,query_preference_rubric_v5,d51_query_preference_rubric_v1,ranking_target_margin,,False
шкафы-купе Новосибирск,https://mebelti.com/catalog/shkafy-kupe/,https://www.kuhni-nsk.ru/catalog/shkafy_kupe/,weak,True,0.5,77.9,76.8,76.5417,68.7646,7.7771,5,9,4,query_preference_rubric_v5,d51_query_preference_rubric_v1,ranking_target_margin,,False
шкафы-купе Новосибирск,https://novosibirsk.lemanapro.ru/catalogue/shkafy-kupe/,https://4nozhki.ru/tovari/shkafi-kupe/novosibirsk/,weak,True,0.5,32.1,23.4,45.3493,38.1851,7.1642,1,3,2,query_preference_rubric_v5,d51_query_preference_rubric_v1,ranking_target_margin,,False
шкафы-купе Новосибирск,https://novosibirsk.lemanapro.ru/catalogue/shkafy-kupe/,https://nsk.lazurit.com/catalog/668/shkafy-kupe/,uncertain,False,0.0,32.1,32.7,45.3493,41.39,3.9593,1,4,3,query_preference_rubric_v5,d51_query_preference_rubric_v1,ranking_target_margin,,False
шкафы-купе Новосибирск,https://novosibirsk.mebelgrad.com/catalog/shkafy-kupe-3/,http://www.shkaf54.ru/,uncertain,False,0.0,73.7,64.8,64.6593,61.5873,3.072,10,8,-2,query_preference_rubric_v5,d51_query_preference_rubric_v1,ranking_target_margin,,False
шкафы-купе Новосибирск,https://novosibirsk.mebelgrad.com/catalog/shkafy-kupe-3/,https://4nozhki.ru/tovari/shkafi-kupe/novosibirsk/,strong,True,1.0,73.7,23.4,64.6593,38.1851,26.4742,10,3,-7,query_preference_rubric_v5,d51_query_preference_rubric_v1,ranking_target_margin,,False
шкафы-купе Новосибирск,https://novosibirsk.mebelgrad.com/catalog/shkafy-kupe-3/,https://novosibirsk.lemanapro.ru/catalogue/shkafy-kupe/,strong,True,1.0,73.7,32.1,64.6593,45.3493,19.31,10,1,-9,query_preference_rubric_v5,d51_query_preference_rubric_v1,ranking_target_margin,,False
шкафы-купе Новосибирск,https://novosibirsk.mebelgrad.com/catalog/shkafy-kupe-3/,https://nsk.lazurit.com/catalog/668/shkafy-kupe/,strong,True,1.0,73.7,32.7,64.6593,41.39,23.2693,10,4,-6,query_preference_rubric_v5,d51_query_preference_rubric_v1,ranking_target_margin,,False
шкафы-купе Новосибирск,https://nsk.lazurit.com/catalog/668/shkafy-kupe/,https://4nozhki.ru/tovari/shkafi-kupe/novosibirsk/,uncertain,False,0.0,32.7,23.4,41.39,38.1851,3.2049,4,3,-1,query_preference_rubric_v5,d51_query_preference_rubric_v1,ranking_target_margin,,False
шкафы-купе Новосибирск,https://shkaf-kupe-novosibirsk.ru/,http://www.shkaf54.ru/,strong,True,1.0,77.7,64.8,80.8639,61.5873,19.2766,2,8,6,query_preference_rubric_v5,d51_query_preference_rubric_v1,ranking_target_margin,,False
шкафы-купе Новосибирск,https://shkaf-kupe-novosibirsk.ru/,https://4nozhki.ru/tovari/shkafi-kupe/novosibirsk/,strong,True,1.0,77.7,23.4,80.8639,38.1851,42.6788,2,3,1,query_preference_rubric_v5,d51_query_preference_rubric_v1,ranking_target_margin,,False
шкафы-купе Новосибирск,https://shkaf-kupe-novosibirsk.ru/,https://artic-mebel.ru/catalog/shkafy-kupe/,strong,True,1.0,77.7,71.9,80.8639,68.251,12.6129,2,7,5,query_preference_rubric_v5,d51_query_preference_rubric_v1,ranking_target_margin,,False
шкафы-купе Новосибирск,https://shkaf-kupe-novosibirsk.ru/,https://mebel-nsk.ru/shkafy/shkafy-kype/,strong,True,1.0,77.7,62.3,80.8639,63.5622,17.3017,2,6,4,query_preference_rubric_v5,d51_query_preference_rubric_v1,ranking_target_margin,,False
шкафы-купе Новосибирск,https://shkaf-kupe-novosibirsk.ru/,https://mebelti.com/catalog/shkafy-kupe/,weak,True,0.5,77.7,77.9,80.8639,76.5417,4.3222,2,5,3,query_preference_rubric_v5,d51_query_preference_rubric_v1,ranking_target_margin,,False
шкафы-купе Новосибирск,https://shkaf-kupe-novosibirsk.ru/,https://novosibirsk.lemanapro.ru/catalogue/shkafy-kupe/,strong,True,1.0,77.7,32.1,80.8639,45.3493,35.5146,2,1,-1,query_preference_rubric_v5,d51_query_preference_rubric_v1,ranking_target_margin,,False
шкафы-купе Новосибирск,https://shkaf-kupe-novosibirsk.ru/,https://novosibirsk.mebelgrad.com/catalog/shkafy-kupe-3/,strong,True,1.0,77.7,73.7,80.8639,64.6593,16.2046,2,10,8,query_preference_rubric_v5,d51_query_preference_rubric_v1,ranking_target_margin,,False
шкафы-купе Новосибирск,https://shkaf-kupe-novosibirsk.ru/,https://nsk.lazurit.com/catalog/668/shkafy-kupe/,strong,True,1.0,77.7,32.7,80.8639,41.39,39.4739,2,4,2,query_preference_rubric_v5,d51_query_preference_rubric_v1,ranking_target_margin,,False
шкафы-купе Новосибирск,https://shkaf-kupe-novosibirsk.ru/,https://www.kuhni-nsk.ru/catalog/shkafy_kupe/,strong,True,1.0,77.7,76.8,80.8639,68.7646,12.0993,2,9,7,query_preference_rubric_v5,d51_query_preference_rubric_v1,ranking_target_margin,,False
шкафы-купе Новосибирск,https://www.kuhni-nsk.ru/catalog/shkafy_kupe/,http://www.shkaf54.ru/,weak,True,0.5,76.8,64.8,68.7646,61.5873,7.1773,9,8,-1,query_preference_rubric_v5,d51_query_preference_rubric_v1,ranking_target_margin,,False
шкафы-купе Новосибирск,https://www.kuhni-nsk.ru/catalog/shkafy_kupe/,https://4nozhki.ru/tovari/shkafi-kupe/novosibirsk/,strong,True,1.0,76.8,23.4,68.7646,38.1851,30.5795,9,3,-6,query_preference_rubric_v5,d51_query_preference_rubric_v1,ranking_target_margin,,False
шкафы-купе Новосибирск,https://www.kuhni-nsk.ru/catalog/shkafy_kupe/,https://mebel-nsk.ru/shkafy/shkafy-kype/,weak,True,0.5,76.8,62.3,68.7646,63.5622,5.2024,9,6,-3,query_preference_rubric_v5,d51_query_preference_rubric_v1,ranking_target_margin,,False
шкафы-купе Новосибирск,https://www.kuhni-nsk.ru/catalog/shkafy_kupe/,https://novosibirsk.lemanapro.ru/catalogue/shkafy-kupe/,strong,True,1.0,76.8,32.1,68.7646,45.3493,23.4153,9,1,-8,query_preference_rubric_v5,d51_query_preference_rubric_v1,ranking_target_margin,,False
шкафы-купе Новосибирск,https://www.kuhni-nsk.ru/catalog/shkafy_kupe/,https://novosibirsk.mebelgrad.com/catalog/shkafy-kupe-3/,weak,True,0.5,76.8,73.7,68.7646,64.6593,4.1053,9,10,1,query_preference_rubric_v5,d51_query_preference_rubric_v1,ranking_target_margin,,False
шкафы-купе Новосибирск,https://www.kuhni-nsk.ru/catalog/shkafy_kupe/,https://nsk.lazurit.com/catalog/668/shkafy-kupe/,strong,True,1.0,76.8,32.7,68.7646,41.39,27.3746,9,4,-5,query_preference_rubric_v5,d51_query_preference_rubric_v1,ranking_target_margin,,False
шкафы-купе Самара,https://fabrikasamara.ru/shkafy-kupe,https://samara.lemanapro.ru/catalogue/shkafy-kupe/,weak,True,0.5,55.0,32.4,52.8391,45.5637,7.2754,10,1,-9,query_preference_rubric_v5,d51_query_preference_rubric_v1,ranking_target_margin,,False
шкафы-купе Самара,https://furnituremodern.ru/samara,https://fabrikasamara.ru/shkafy-kupe,strong,True,1.0,67.5,55.0,61.7103,52.8391,8.8712,9,10,1,query_preference_rubric_v5,d51_query_preference_rubric_v1,ranking_target_margin,,False
шкафы-купе Самара,https://furnituremodern.ru/samara,https://samara.lemanapro.ru/catalogue/shkafy-kupe/,strong,True,1.0,67.5,32.4,61.7103,45.5637,16.1466,9,1,-8,query_preference_rubric_v5,d51_query_preference_rubric_v1,ranking_target_margin,,False
шкафы-купе Самара,https://mebel-kega.ru/shkafy/shkafy-kupe,https://fabrikasamara.ru/shkafy-kupe,strong,True,1.0,67.2,55.0,66.4904,52.8391,13.6513,7,10,3,query_preference_rubric_v5,d51_query_preference_rubric_v1,ranking_target_margin,,False
шкафы-купе Самара,https://mebel-kega.ru/shkafy/shkafy-kupe,https://furnituremodern.ru/samara,weak,True,0.5,67.2,67.5,66.4904,61.7103,4.7801,7,9,2,query_preference_rubric_v5,d51_query_preference_rubric_v1,ranking_target_margin,,False
шкафы-купе Самара,https://mebel-kega.ru/shkafy/shkafy-kupe,https://samara.lemanapro.ru/catalogue/shkafy-kupe/,strong,True,1.0,67.2,32.4,66.4904,45.5637,20.9267,7,1,-6,query_preference_rubric_v5,d51_query_preference_rubric_v1,ranking_target_margin,,False
шкафы-купе Самара,https://mebel-kega.ru/shkafy/shkafy-kupe,https://shkafoff.su/,uncertain,False,0.0,67.2,65.2,66.4904,63.655,2.8354,7,6,-1,query_preference_rubric_v5,d51_query_preference_rubric_v1,ranking_target_margin,,False
шкафы-купе Самара,https://mebeldom63.ru/cat/shkafyi/shkafy-kupe/,https://fabrikasamara.ru/shkafy-kupe,strong,True,1.0,71.9,55.0,72.1059,52.8391,19.2668,5,10,5,query_preference_rubric_v5,d51_query_preference_rubric_v1,ranking_target_margin,,False
шкафы-купе Самара,https://mebeldom63.ru/cat/shkafyi/shkafy-kupe/,https://furnituremodern.ru/samara,strong,True,1.0,71.9,67.5,72.1059,61.7103,10.3956,5,9,4,query_preference_rubric_v5,d51_query_preference_rubric_v1,ranking_target_margin,,False
шкафы-купе Самара,https://mebeldom63.ru/cat/shkafyi/shkafy-kupe/,https://mebel-kega.ru/shkafy/shkafy-kupe,weak,True,0.5,71.9,67.2,72.1059,66.4904,5.6155,5,7,2,query_preference_rubric_v5,d51_query_preference_rubric_v1,ranking_target_margin,,False
шкафы-купе Самара,https://mebeldom63.ru/cat/shkafyi/shkafy-kupe/,https://samara.lemanapro.ru/catalogue/shkafy-kupe/,strong,True,1.0,71.9,32.4,72.1059,45.5637,26.5422,5,1,-4,query_preference_rubric_v5,d51_query_preference_rubric_v1,ranking_target_margin,,False
шкафы-купе Самара,https://mebeldom63.ru/cat/shkafyi/shkafy-kupe/,https://shkafoff-63.ru/shkaf-kupe.php,weak,True,0.5,71.9,70.9,72.1059,66.7482,5.3577,5,8,3,query_preference_rubric_v5,d51_query_preference_rubric_v1,ranking_target_margin,,False
шкафы-купе Самара,https://mebeldom63.ru/cat/shkafyi/shkafy-kupe/,https://shkafoff.su/,strong,True,1.0,71.9,65.2,72.1059,63.655,8.4509,5,6,1,query_preference_rubric_v5,d51_query_preference_rubric_v1,ranking_target_margin,,False
шкафы-купе Самара,https://sam-mebel.ru/,https://fabrikasamara.ru/shkafy-kupe,strong,True,1.0,66.0,55.0,73.5976,52.8391,20.7585,2,10,8,query_preference_rubric_v5,d51_query_preference_rubric_v1,ranking_target_margin,,False
шкафы-купе Самара,https://sam-mebel.ru/,https://furnituremodern.ru/samara,strong,True,1.0,66.0,67.5,73.5976,61.7103,11.8873,2,9,7,query_preference_rubric_v5,d51_query_preference_rubric_v1,ranking_target_margin,,False
шкафы-купе Самара,https://sam-mebel.ru/,https://mebel-kega.ru/shkafy/shkafy-kupe,weak,True,0.5,66.0,67.2,73.5976,66.4904,7.1072,2,7,5,query_preference_rubric_v5,d51_query_preference_rubric_v1,ranking_target_margin,,False
шкафы-купе Самара,https://sam-mebel.ru/,https://samara.lemanapro.ru/catalogue/shkafy-kupe/,strong,True,1.0,66.0,32.4,73.5976,45.5637,28.0339,2,1,-1,query_preference_rubric_v5,d51_query_preference_rubric_v1,ranking_target_margin,,False
шкафы-купе Самара,https://sam-mebel.ru/,https://shkafoff-63.ru/shkaf-kupe.php,weak,True,0.5,66.0,70.9,73.5976,66.7482,6.8494,2,8,6,query_preference_rubric_v5,d51_query_preference_rubric_v1,ranking_target_margin,,False
шкафы-купе Самара,https://sam-mebel.ru/,https://shkafoff.su/,strong,True,1.0,66.0,65.2,73.5976,63.655,9.9426,2,6,4,query_preference_rubric_v5,d51_query_preference_rubric_v1,ranking_target_margin,,False
шкафы-купе Самара,https://samara.nonton.ru/mebel/shkafy/shkafy-kupe/,https://fabrikasamara.ru/shkafy-kupe,strong,True,1.0,69.6,55.0,72.6317,52.8391,19.7926,4,10,6,query_preference_rubric_v5,d51_query_preference_rubric_v1,ranking_target_margin,,False
шкафы-купе Самара,https://samara.nonton.ru/mebel/shkafy/shkafy-kupe/,https://furnituremodern.ru/samara,strong,True,1.0,69.6,67.5,72.6317,61.7103,10.9214,4,9,5,query_preference_rubric_v5,d51_query_preference_rubric_v1,ranking_target_margin,,False
шкафы-купе Самара,https://samara.nonton.ru/mebel/shkafy/shkafy-kupe/,https://mebel-kega.ru/shkafy/shkafy-kupe,weak,True,0.5,69.6,67.2,72.6317,66.4904,6.1413,4,7,3,query_preference_rubric_v5,d51_query_preference_rubric_v1,ranking_target_margin,,False
шкафы-купе Самара,https://samara.nonton.ru/mebel/shkafy/shkafy-kupe/,https://samara.lemanapro.ru/catalogue/shkafy-kupe/,strong,True,1.0,69.6,32.4,72.6317,45.5637,27.068,4,1,-3,query_preference_rubric_v5,d51_query_preference_rubric_v1,ranking_target_margin,,False
шкафы-купе Самара,https://samara.nonton.ru/mebel/shkafy/shkafy-kupe/,https://shkafoff-63.ru/shkaf-kupe.php,weak,True,0.5,69.6,70.9,72.6317,66.7482,5.8835,4,8,4,query_preference_rubric_v5,d51_query_preference_rubric_v1,ranking_target_margin,,False
шкафы-купе Самара,https://samara.nonton.ru/mebel/shkafy/shkafy-kupe/,https://shkafoff.su/,strong,True,1.0,69.6,65.2,72.6317,63.655,8.9767,4,6,2,query_preference_rubric_v5,d51_query_preference_rubric_v1,ranking_target_margin,,False
шкафы-купе Самара,https://shkafoff-63.ru/shkaf-kupe.php,https://fabrikasamara.ru/shkafy-kupe,strong,True,1.0,70.9,55.0,66.7482,52.8391,13.9091,8,10,2,query_preference_rubric_v5,d51_query_preference_rubric_v1,ranking_target_margin,,False
шкафы-купе Самара,https://shkafoff-63.ru/shkaf-kupe.php,https://furnituremodern.ru/samara,weak,True,0.5,70.9,67.5,66.7482,61.7103,5.0379,8,9,1,query_preference_rubric_v5,d51_query_preference_rubric_v1,ranking_target_margin,,False
шкафы-купе Самара,https://shkafoff-63.ru/shkaf-kupe.php,https://samara.lemanapro.ru/catalogue/shkafy-kupe/,strong,True,1.0,70.9,32.4,66.7482,45.5637,21.1845,8,1,-7,query_preference_rubric_v5,d51_query_preference_rubric_v1,ranking_target_margin,,False
шкафы-купе Самара,https://shkafoff-63.ru/shkaf-kupe.php,https://shkafoff.su/,uncertain,False,0.0,70.9,65.2,66.7482,63.655,3.0932,8,6,-2,query_preference_rubric_v5,d51_query_preference_rubric_v1,ranking_target_margin,,False
шкафы-купе Самара,https://shkafoff.su/,https://fabrikasamara.ru/shkafy-kupe,strong,True,1.0,65.2,55.0,63.655,52.8391,10.8159,6,10,4,query_preference_rubric_v5,d51_query_preference_rubric_v1,ranking_target_margin,,False
шкафы-купе Самара,https://shkafoff.su/,https://samara.lemanapro.ru/catalogue/shkafy-kupe/,strong,True,1.0,65.2,32.4,63.655,45.5637,18.0913,6,1,-5,query_preference_rubric_v5,d51_query_preference_rubric_v1,ranking_target_margin,,False
шкафы-купе Самара,https://www.e-1.ru/city/samara/,https://fabrikasamara.ru/shkafy-kupe,strong,True,1.0,74.2,55.0,77.6805,52.8391,24.8414,3,10,7,query_preference_rubric_v5,d51_query_preference_rubric_v1,ranking_target_margin,,False
шкафы-купе Самара,https://www.e-1.ru/city/samara/,https://furnituremodern.ru/samara,strong,True,1.0,74.2,67.5,77.6805,61.7103,15.9702,3,9,6,query_preference_rubric_v5,d51_query_preference_rubric_v1,ranking_target_margin,,False
шкафы-купе Самара,https://www.e-1.ru/city/samara/,https://mebel-kega.ru/shkafy/shkafy-kupe,strong,True,1.0,74.2,67.2,77.6805,66.4904,11.1901,3,7,4,query_preference_rubric_v5,d51_query_preference_rubric_v1,ranking_target_margin,,False
шкафы-купе Самара,https://www.e-1.ru/city/samara/,https://mebeldom63.ru/cat/shkafyi/shkafy-kupe/,weak,True,0.5,74.2,71.9,77.6805,72.1059,5.5746,3,5,2,query_preference_rubric_v5,d51_query_preference_rubric_v1,ranking_target_margin,,False
шкафы-купе Самара,https://www.e-1.ru/city/samara/,https://sam-mebel.ru/,weak,True,0.5,74.2,66.0,77.6805,73.5976,4.0829,3,2,-1,query_preference_rubric_v5,d51_query_preference_rubric_v1,ranking_target_margin,,False
шкафы-купе Самара,https://www.e-1.ru/city/samara/,https://samara.lemanapro.ru/catalogue/shkafy-kupe/,strong,True,1.0,74.2,32.4,77.6805,45.5637,32.1168,3,1,-2,query_preference_rubric_v5,d51_query_preference_rubric_v1,ranking_target_margin,,False
шкафы-купе Самара,https://www.e-1.ru/city/samara/,https://samara.nonton.ru/mebel/shkafy/shkafy-kupe/,weak,True,0.5,74.2,69.6,77.6805,72.6317,5.0488,3,4,1,query_preference_rubric_v5,d51_query_preference_rubric_v1,ranking_target_margin,,False
шкафы-купе Самара,https://www.e-1.ru/city/samara/,https://shkafoff-63.ru/shkaf-kupe.php,strong,True,1.0,74.2,70.9,77.6805,66.7482,10.9323,3,8,5,query_preference_rubric_v5,d51_query_preference_rubric_v1,ranking_target_margin,,False
шкафы-купе Самара,https://www.e-1.ru/city/samara/,https://shkafoff.su/,strong,True,1.0,74.2,65.2,77.6805,63.655,14.0255,3,6,3,query_preference_rubric_v5,d51_query_preference_rubric_v1,ranking_target_margin,,False
шкафы-купе Санкт-Петербург,https://kbyro.ru/,https://spb.lazurit.com/catalog/668/shkafy-kupe/,strong,True,1.0,60.7,32.4,59.0613,37.7989,21.2624,8,6,-2,query_preference_rubric_v5,d51_query_preference_rubric_v1,ranking_target_margin,,False
шкафы-купе Санкт-Петербург,https://kupehouse.ru/,https://kbyro.ru/,strong,True,1.0,78.6,60.7,83.396,59.0613,24.3347,1,8,7,query_preference_rubric_v5,d51_query_preference_rubric_v1,ranking_target_margin,,False
шкафы-купе Санкт-Петербург,https://kupehouse.ru/,https://nonton.ru/mebel/shkafy/shkafy-kupe/,weak,True,0.5,78.6,71.5,83.396,77.6208,5.7752,1,2,1,query_preference_rubric_v5,d51_query_preference_rubric_v1,ranking_target_margin,,False
шкафы-купе Санкт-Петербург,https://kupehouse.ru/,https://spb.lazurit.com/catalog/668/shkafy-kupe/,strong,True,1.0,78.6,32.4,83.396,37.7989,45.5971,1,6,5,query_preference_rubric_v5,d51_query_preference_rubric_v1,ranking_target_margin,,False
шкафы-купе Санкт-Петербург,https://kupehouse.ru/,https://spb.shkaf-kupe.ru/category/shkafy-kupe/,weak,True,0.5,78.6,75.6,83.396,76.2358,7.1602,1,4,3,query_preference_rubric_v5,d51_query_preference_rubric_v1,ranking_target_margin,,False
шкафы-купе Санкт-Петербург,https://kupehouse.ru/,https://spb.shkafplus.ru/,strong,True,1.0,78.6,67.5,83.396,65.5347,17.8613,1,7,6,query_preference_rubric_v5,d51_query_preference_rubric_v1,ranking_target_margin,,False
шкафы-купе Санкт-Петербург,https://kupehouse.ru/,https://www.divan.ru/sankt-peterburg/category/shkafy-kupe,strong,True,1.0,78.6,74.8,83.396,67.4414,15.9546,1,9,8,query_preference_rubric_v5,d51_query_preference_rubric_v1,ranking_target_margin,,False
шкафы-купе Санкт-Петербург,https://kupehouse.ru/,https://www.kupenadom.ru/,weak,True,0.5,78.6,77.5,83.396,75.8309,7.5651,1,5,4,query_preference_rubric_v5,d51_query_preference_rubric_v1,ranking_target_margin,,False
шкафы-купе Санкт-Петербург,https://kupehouse.ru/,https://www.kupeteka.ru/shkafy-kupe,strong,True,1.0,78.6,67.2,83.396,61.0317,22.3643,1,10,9,query_preference_rubric_v5,d51_query_preference_rubric_v1,ranking_target_margin,,False
шкафы-купе Санкт-Петербург,https://kupehouse.ru/,https://www.spb.bestmebelshop.ru/catalog/shkafy-kupe/,weak,True,0.5,78.6,74.7,83.396,77.21,6.186,1,3,2,query_preference_rubric_v5,d51_query_preference_rubric_v1,ranking_target_margin,,False
шкафы-купе Санкт-Петербург,https://nonton.ru/mebel/shkafy/shkafy-kupe/,https://kbyro.ru/,strong,True,1.0,71.5,60.7,77.6208,59.0613,18.5595,2,8,6,query_preference_rubric_v5,d51_query_preference_rubric_v1,ranking_target_margin,,False
шкафы-купе Санкт-Петербург,https://nonton.ru/mebel/shkafy/shkafy-kupe/,https://spb.lazurit.com/catalog/668/shkafy-kupe/,strong,True,1.0,71.5,32.4,77.6208,37.7989,39.8219,2,6,4,query_preference_rubric_v5,d51_query_preference_rubric_v1,ranking_target_margin,,False
шкафы-купе Санкт-Петербург,https://nonton.ru/mebel/shkafy/shkafy-kupe/,https://spb.shkafplus.ru/,strong,True,1.0,71.5,67.5,77.6208,65.5347,12.0861,2,7,5,query_preference_rubric_v5,d51_query_preference_rubric_v1,ranking_target_margin,,False
шкафы-купе Санкт-Петербург,https://nonton.ru/mebel/shkafy/shkafy-kupe/,https://www.divan.ru/sankt-peterburg/category/shkafy-kupe,strong,True,1.0,71.5,74.8,77.6208,67.4414,10.1794,2,9,7,query_preference_rubric_v5,d51_query_preference_rubric_v1,ranking_target_margin,,False
шкафы-купе Санкт-Петербург,https://nonton.ru/mebel/shkafy/shkafy-kupe/,https://www.kupeteka.ru/shkafy-kupe,strong,True,1.0,71.5,67.2,77.6208,61.0317,16.5891,2,10,8,query_preference_rubric_v5,d51_query_preference_rubric_v1,ranking_target_margin,,False
шкафы-купе Санкт-Петербург,https://spb.shkaf-kupe.ru/category/shkafy-kupe/,https://kbyro.ru/,strong,True,1.0,75.6,60.7,76.2358,59.0613,17.1745,4,8,4,query_preference_rubric_v5,d51_query_preference_rubric_v1,ranking_target_margin,,False
шкафы-купе Санкт-Петербург,https://spb.shkaf-kupe.ru/category/shkafy-kupe/,https://spb.lazurit.com/catalog/668/shkafy-kupe/,strong,True,1.0,75.6,32.4,76.2358,37.7989,38.4369,4,6,2,query_preference_rubric_v5,d51_query_preference_rubric_v1,ranking_target_margin,,False
шкафы-купе Санкт-Петербург,https://spb.shkaf-kupe.ru/category/shkafy-kupe/,https://spb.shkafplus.ru/,strong,True,1.0,75.6,67.5,76.2358,65.5347,10.7011,4,7,3,query_preference_rubric_v5,d51_query_preference_rubric_v1,ranking_target_margin,,False
шкафы-купе Санкт-Петербург,https://spb.shkaf-kupe.ru/category/shkafy-kupe/,https://www.divan.ru/sankt-peterburg/category/shkafy-kupe,strong,True,1.0,75.6,74.8,76.2358,67.4414,8.7944,4,9,5,query_preference_rubric_v5,d51_query_preference_rubric_v1,ranking_target_margin,,False
шкафы-купе Санкт-Петербург,https://spb.shkaf-kupe.ru/category/shkafy-kupe/,https://www.kupeteka.ru/shkafy-kupe,strong,True,1.0,75.6,67.2,76.2358,61.0317,15.2041,4,10,6,query_preference_rubric_v5,d51_query_preference_rubric_v1,ranking_target_margin,,False
шкафы-купе Санкт-Петербург,https://spb.shkafplus.ru/,https://kbyro.ru/,weak,True,0.5,67.5,60.7,65.5347,59.0613,6.4734,7,8,1,query_preference_rubric_v5,d51_query_preference_rubric_v1,ranking_target_margin,,False
шкафы-купе Санкт-Петербург,https://spb.shkafplus.ru/,https://spb.lazurit.com/catalog/668/shkafy-kupe/,strong,True,1.0,67.5,32.4,65.5347,37.7989,27.7358,7,6,-1,query_preference_rubric_v5,d51_query_preference_rubric_v1,ranking_target_margin,,False
шкафы-купе Санкт-Петербург,https://spb.shkafplus.ru/,https://www.kupeteka.ru/shkafy-kupe,weak,True,0.5,67.5,67.2,65.5347,61.0317,4.503,7,10,3,query_preference_rubric_v5,d51_query_preference_rubric_v1,ranking_target_margin,,False
шкафы-купе Санкт-Петербург,https://www.divan.ru/sankt-peterburg/category/shkafy-kupe,https://kbyro.ru/,strong,True,1.0,74.8,60.7,67.4414,59.0613,8.3801,9,8,-1,query_preference_rubric_v5,d51_query_preference_rubric_v1,ranking_target_margin,,False
шкафы-купе Санкт-Петербург,https://www.divan.ru/sankt-peterburg/category/shkafy-kupe,https://spb.lazurit.com/catalog/668/shkafy-kupe/,strong,True,1.0,74.8,32.4,67.4414,37.7989,29.6425,9,6,-3,query_preference_rubric_v5,d51_query_preference_rubric_v1,ranking_target_margin,,False
шкафы-купе Санкт-Петербург,https://www.divan.ru/sankt-peterburg/category/shkafy-kupe,https://www.kupeteka.ru/shkafy-kupe,weak,True,0.5,74.8,67.2,67.4414,61.0317,6.4097,9,10,1,query_preference_rubric_v5,d51_query_preference_rubric_v1,ranking_target_margin,,False
шкафы-купе Санкт-Петербург,https://www.kupenadom.ru/,https://kbyro.ru/,strong,True,1.0,77.5,60.7,75.8309,59.0613,16.7696,5,8,3,query_preference_rubric_v5,d51_query_preference_rubric_v1,ranking_target_margin,,False
шкафы-купе Санкт-Петербург,https://www.kupenadom.ru/,https://spb.lazurit.com/catalog/668/shkafy-kupe/,strong,True,1.0,77.5,32.4,75.8309,37.7989,38.032,5,6,1,query_preference_rubric_v5,d51_query_preference_rubric_v1,ranking_target_margin,,False
шкафы-купе Санкт-Петербург,https://www.kupenadom.ru/,https://spb.shkafplus.ru/,strong,True,1.0,77.5,67.5,75.8309,65.5347,10.2962,5,7,2,query_preference_rubric_v5,d51_query_preference_rubric_v1,ranking_target_margin,,False
шкафы-купе Санкт-Петербург,https://www.kupenadom.ru/,https://www.divan.ru/sankt-peterburg/category/shkafy-kupe,strong,True,1.0,77.5,74.8,75.8309,67.4414,8.3895,5,9,4,query_preference_rubric_v5,d51_query_preference_rubric_v1,ranking_target_margin,,False
шкафы-купе Санкт-Петербург,https://www.kupenadom.ru/,https://www.kupeteka.ru/shkafy-kupe,strong,True,1.0,77.5,67.2,75.8309,61.0317,14.7992,5,10,5,query_preference_rubric_v5,d51_query_preference_rubric_v1,ranking_target_margin,,False
шкафы-купе Санкт-Петербург,https://www.kupeteka.ru/shkafy-kupe,https://spb.lazurit.com/catalog/668/shkafy-kupe/,strong,True,1.0,67.2,32.4,61.0317,37.7989,23.2328,10,6,-4,query_preference_rubric_v5,d51_query_preference_rubric_v1,ranking_target_margin,,False
шкафы-купе Санкт-Петербург,https://www.spb.bestmebelshop.ru/catalog/shkafy-kupe/,https://kbyro.ru/,strong,True,1.0,74.7,60.7,77.21,59.0613,18.1487,3,8,5,query_preference_rubric_v5,d51_query_preference_rubric_v1,ranking_target_margin,,False
шкафы-купе Санкт-Петербург,https://www.spb.bestmebelshop.ru/catalog/shkafy-kupe/,https://spb.lazurit.com/catalog/668/shkafy-kupe/,strong,True,1.0,74.7,32.4,77.21,37.7989,39.4111,3,6,3,query_preference_rubric_v5,d51_query_preference_rubric_v1,ranking_target_margin,,False
шкафы-купе Санкт-Петербург,https://www.spb.bestmebelshop.ru/catalog/shkafy-kupe/,https://spb.shkafplus.ru/,strong,True,1.0,74.7,67.5,77.21,65.5347,11.6753,3,7,4,query_preference_rubric_v5,d51_query_preference_rubric_v1,ranking_target_margin,,False
шкафы-купе Санкт-Петербург,https://www.spb.bestmebelshop.ru/catalog/shkafy-kupe/,https://www.divan.ru/sankt-peterburg/category/shkafy-kupe,strong,True,1.0,74.7,74.8,77.21,67.4414,9.7686,3,9,6,query_preference_rubric_v5,d51_query_preference_rubric_v1,ranking_target_margin,,False
шкафы-купе Санкт-Петербург,https://www.spb.bestmebelshop.ru/catalog/shkafy-kupe/,https://www.kupeteka.ru/shkafy-kupe,strong,True,1.0,74.7,67.2,77.21,61.0317,16.1783,3,10,7,query_preference_rubric_v5,d51_query_preference_rubric_v1,ranking_target_margin,,False
шкафы-купе отзывы,https://dtf.ru/luchshii-rating/3297100-top-10-shkafov-kupe-reiting-luchshih,https://2gis.ru/ekaterinburg/firm/70000001088861605/tab/reviews,strong,True,1.0,70.4,22.7,61.2632,30.4654,30.7978,10,6,-4,query_preference_rubric_v5,d51_query_preference_rubric_v1,ranking_target_margin,,False
шкафы-купе отзывы,https://dtf.ru/luchshii-rating/3297100-top-10-shkafov-kupe-reiting-luchshih,https://dzen.ru/a/aDXaTPAPd1NqNsY5,strong,True,1.0,70.4,45.0,61.2632,52.5376,8.7256,10,5,-5,query_preference_rubric_v5,d51_query_preference_rubric_v1,ranking_target_margin,,False
шкафы-купе отзывы,https://dtf.ru/luchshii-rating/3297100-top-10-shkafov-kupe-reiting-luchshih,https://vyboroved.ru/reyting/luchshie-shkafy-kupe,weak,True,0.5,70.4,60.6,61.2632,56.0851,5.1781,10,9,-1,query_preference_rubric_v5,d51_query_preference_rubric_v1,ranking_target_margin,,False
шкафы-купе отзывы,https://dzen.ru/a/aDXaTPAPd1NqNsY5,https://2gis.ru/ekaterinburg/firm/70000001088861605/tab/reviews,strong,True,1.0,45.0,22.7,52.5376,30.4654,22.0722,5,6,1,query_preference_rubric_v5,d51_query_preference_rubric_v1,ranking_target_margin,,False
шкафы-купе отзывы,https://irecommend.ru/catalog/list/9986-312289,https://2gis.ru/ekaterinburg/firm/70000001088861605/tab/reviews,strong,True,1.0,70.0,22.7,78.2315,30.4654,47.7661,1,6,5,query_preference_rubric_v5,d51_query_preference_rubric_v1,ranking_target_margin,,False
шкафы-купе отзывы,https://irecommend.ru/catalog/list/9986-312289,https://dtf.ru/luchshii-rating/3297100-top-10-shkafov-kupe-reiting-luchshih,strong,True,1.0,70.0,70.4,78.2315,61.2632,16.9683,1,10,9,query_preference_rubric_v5,d51_query_preference_rubric_v1,ranking_target_margin,,False
шкафы-купе отзывы,https://irecommend.ru/catalog/list/9986-312289,https://dzen.ru/a/aDXaTPAPd1NqNsY5,strong,True,1.0,70.0,45.0,78.2315,52.5376,25.6939,1,5,4,query_preference_rubric_v5,d51_query_preference_rubric_v1,ranking_target_margin,,False
шкафы-купе отзывы,https://irecommend.ru/catalog/list/9986-312289,https://mebel.ru/reviews/catalog/cabinets/shkafy-kupe/,strong,True,1.0,70.0,65.7,78.2315,65.6782,12.5533,1,7,6,query_preference_rubric_v5,d51_query_preference_rubric_v1,ranking_target_margin,,False
шкафы-купе отзывы,https://irecommend.ru/catalog/list/9986-312289,https://nedorogo-kuhni.ru/otzyvy/shkafy-kupe,strong,True,1.0,70.0,70.7,78.2315,66.2211,12.0104,1,8,7,query_preference_rubric_v5,d51_query_preference_rubric_v1,ranking_target_margin,,False
шкафы-купе отзывы,https://irecommend.ru/catalog/list/9986-312289,https://reviews.yandex.ru/shop/zakazkupe.ru,weak,True,0.5,70.0,63.7,78.2315,71.2424,6.9891,1,2,1,query_preference_rubric_v5,d51_query_preference_rubric_v1,ranking_target_margin,,False
шкафы-купе отзывы,https://irecommend.ru/catalog/list/9986-312289,https://vyboroved.ru/reyting/luchshie-shkafy-kupe,strong,True,1.0,70.0,60.6,78.2315,56.0851,22.1464,1,9,8,query_preference_rubric_v5,d51_query_preference_rubric_v1,ranking_target_margin,,False
шкафы-купе отзывы,https://mebel.ru/reviews/catalog/cabinets/shkafy-kupe/,https://2gis.ru/ekaterinburg/firm/70000001088861605/tab/reviews,strong,True,1.0,65.7,22.7,65.6782,30.4654,35.2128,7,6,-1,query_preference_rubric_v5,d51_query_preference_rubric_v1,ranking_target_margin,,False
шкафы-купе отзывы,https://mebel.ru/reviews/catalog/cabinets/shkafy-kupe/,https://dtf.ru/luchshii-rating/3297100-top-10-shkafov-kupe-reiting-luchshih,weak,True,0.5,65.7,70.4,65.6782,61.2632,4.415,7,10,3,query_preference_rubric_v5,d51_query_preference_rubric_v1,ranking_target_margin,,False
шкафы-купе отзывы,https://mebel.ru/reviews/catalog/cabinets/shkafy-kupe/,https://dzen.ru/a/aDXaTPAPd1NqNsY5,strong,True,1.0,65.7,45.0,65.6782,52.5376,13.1406,7,5,-2,query_preference_rubric_v5,d51_query_preference_rubric_v1,ranking_target_margin,,False
шкафы-купе отзывы,https://mebel.ru/reviews/catalog/cabinets/shkafy-kupe/,https://vyboroved.ru/reyting/luchshie-shkafy-kupe,strong,True,1.0,65.7,60.6,65.6782,56.0851,9.5931,7,9,2,query_preference_rubric_v5,d51_query_preference_rubric_v1,ranking_target_margin,,False
шкафы-купе отзывы,https://nedorogo-kuhni.ru/otzyvy/shkafy-kupe,https://2gis.ru/ekaterinburg/firm/70000001088861605/tab/reviews,strong,True,1.0,70.7,22.7,66.2211,30.4654,35.7557,8,6,-2,query_preference_rubric_v5,d51_query_preference_rubric_v1,ranking_target_margin,,False
шкафы-купе отзывы,https://nedorogo-kuhni.ru/otzyvy/shkafy-kupe,https://dtf.ru/luchshii-rating/3297100-top-10-shkafov-kupe-reiting-luchshih,weak,True,0.5,70.7,70.4,66.2211,61.2632,4.9579,8,10,2,query_preference_rubric_v5,d51_query_preference_rubric_v1,ranking_target_margin,,False
шкафы-купе отзывы,https://nedorogo-kuhni.ru/otzyvy/shkafy-kupe,https://dzen.ru/a/aDXaTPAPd1NqNsY5,strong,True,1.0,70.7,45.0,66.2211,52.5376,13.6835,8,5,-3,query_preference_rubric_v5,d51_query_preference_rubric_v1,ranking_target_margin,,False
шкафы-купе отзывы,https://nedorogo-kuhni.ru/otzyvy/shkafy-kupe,https://vyboroved.ru/reyting/luchshie-shkafy-kupe,strong,True,1.0,70.7,60.6,66.2211,56.0851,10.136,8,9,1,query_preference_rubric_v5,d51_query_preference_rubric_v1,ranking_target_margin,,False
шкафы-купе отзывы,https://otzovik.com/reviews/shkaf-kupe_centr_shkafov-kupe/,https://2gis.ru/ekaterinburg/firm/70000001088861605/tab/reviews,strong,True,1.0,80.6,22.7,82.734,30.4654,52.2686,3,6,3,query_preference_rubric_v5,d51_query_preference_rubric_v1,ranking_target_margin,,False
шкафы-купе отзывы,https://otzovik.com/reviews/shkaf-kupe_centr_shkafov-kupe/,https://dtf.ru/luchshii-rating/3297100-top-10-shkafov-kupe-reiting-luchshih,strong,True,1.0,80.6,70.4,82.734,61.2632,21.4708,3,10,7,query_preference_rubric_v5,d51_query_preference_rubric_v1,ranking_target_margin,,False
шкафы-купе отзывы,https://otzovik.com/reviews/shkaf-kupe_centr_shkafov-kupe/,https://dzen.ru/a/aDXaTPAPd1NqNsY5,strong,True,1.0,80.6,45.0,82.734,52.5376,30.1964,3,5,2,query_preference_rubric_v5,d51_query_preference_rubric_v1,ranking_target_margin,,False
шкафы-купе отзывы,https://otzovik.com/reviews/shkaf-kupe_centr_shkafov-kupe/,https://irecommend.ru/catalog/list/9986-312289,weak,True,0.5,80.6,70.0,82.734,78.2315,4.5025,3,1,-2,query_preference_rubric_v5,d51_query_preference_rubric_v1,ranking_target_margin,,False
шкафы-купе отзывы,https://otzovik.com/reviews/shkaf-kupe_centr_shkafov-kupe/,https://mebel.ru/reviews/catalog/cabinets/shkafy-kupe/,strong,True,1.0,80.6,65.7,82.734,65.6782,17.0558,3,7,4,query_preference_rubric_v5,d51_query_preference_rubric_v1,ranking_target_margin,,False
шкафы-купе отзывы,https://otzovik.com/reviews/shkaf-kupe_centr_shkafov-kupe/,https://nedorogo-kuhni.ru/otzyvy/shkafy-kupe,strong,True,1.0,80.6,70.7,82.734,66.2211,16.5129,3,8,5,query_preference_rubric_v5,d51_query_preference_rubric_v1,ranking_target_margin,,False
шкафы-купе отзывы,https://otzovik.com/reviews/shkaf-kupe_centr_shkafov-kupe/,https://reviews.yandex.ru/shop/zakazkupe.ru,strong,True,1.0,80.6,63.7,82.734,71.2424,11.4916,3,2,-1,query_preference_rubric_v5,d51_query_preference_rubric_v1,ranking_target_margin,,False
шкафы-купе отзывы,https://otzovik.com/reviews/shkaf-kupe_centr_shkafov-kupe/,https://vyboroved.ru/reyting/luchshie-shkafy-kupe,strong,True,1.0,80.6,60.6,82.734,56.0851,26.6489,3,9,6,query_preference_rubric_v5,d51_query_preference_rubric_v1,ranking_target_margin,,False
шкафы-купе отзывы,https://reviews.yandex.ru/shop/zakazkupe.ru,https://2gis.ru/ekaterinburg/firm/70000001088861605/tab/reviews,strong,True,1.0,63.7,22.7,71.2424,30.4654,40.777,2,6,4,query_preference_rubric_v5,d51_query_preference_rubric_v1,ranking_target_margin,,False
шкафы-купе отзывы,https://reviews.yandex.ru/shop/zakazkupe.ru,https://dtf.ru/luchshii-rating/3297100-top-10-shkafov-kupe-reiting-luchshih,strong,True,1.0,63.7,70.4,71.2424,61.2632,9.9792,2,10,8,query_preference_rubric_v5,d51_query_preference_rubric_v1,ranking_target_margin,,False
шкафы-купе отзывы,https://reviews.yandex.ru/shop/zakazkupe.ru,https://dzen.ru/a/aDXaTPAPd1NqNsY5,strong,True,1.0,63.7,45.0,71.2424,52.5376,18.7048,2,5,3,query_preference_rubric_v5,d51_query_preference_rubric_v1,ranking_target_margin,,False
шкафы-купе отзывы,https://reviews.yandex.ru/shop/zakazkupe.ru,https://mebel.ru/reviews/catalog/cabinets/shkafy-kupe/,weak,True,0.5,63.7,65.7,71.2424,65.6782,5.5642,2,7,5,query_preference_rubric_v5,d51_query_preference_rubric_v1,ranking_target_margin,,False
шкафы-купе отзывы,https://reviews.yandex.ru/shop/zakazkupe.ru,https://nedorogo-kuhni.ru/otzyvy/shkafy-kupe,weak,True,0.5,63.7,70.7,71.2424,66.2211,5.0213,2,8,6,query_preference_rubric_v5,d51_query_preference_rubric_v1,ranking_target_margin,,False
шкафы-купе отзывы,https://reviews.yandex.ru/shop/zakazkupe.ru,https://vyboroved.ru/reyting/luchshie-shkafy-kupe,strong,True,1.0,63.7,60.6,71.2424,56.0851,15.1573,2,9,7,query_preference_rubric_v5,d51_query_preference_rubric_v1,ranking_target_margin,,False
шкафы-купе отзывы,https://vyboroved.ru/reyting/luchshie-shkafy-kupe,https://2gis.ru/ekaterinburg/firm/70000001088861605/tab/reviews,strong,True,1.0,60.6,22.7,56.0851,30.4654,25.6197,9,6,-3,query_preference_rubric_v5,d51_query_preference_rubric_v1,ranking_target_margin,,False
шкафы-купе отзывы,https://vyboroved.ru/reyting/luchshie-shkafy-kupe,https://dzen.ru/a/aDXaTPAPd1NqNsY5,uncertain,False,0.0,60.6,45.0,56.0851,52.5376,3.5475,9,5,-4,query_preference_rubric_v5,d51_query_preference_rubric_v1,ranking_target_margin,,False
шкафы-купе цена Екатеринбург,http://ekb.kupicupe.ru/,https://ekaterinburg.lemanapro.ru/catalogue/shkafy-kupe/,strong,True,1.0,60.5,27.4,60.6841,42.4069,18.2772,7,1,-6,query_preference_rubric_v5,d51_query_preference_rubric_v1,ranking_target_margin,,False
шкафы-купе цена Екатеринбург,http://ekb.kupicupe.ru/,https://gipermarketdom.ru/catalog/shkafy_kupe_gotovye/,strong,True,1.0,60.5,35.6,60.6841,37.097,23.5871,7,9,2,query_preference_rubric_v5,d51_query_preference_rubric_v1,ranking_target_margin,,False
шкафы-купе цена Екатеринбург,https://33komoda.ru/catalog/shkafy_kupe/,http://ekb.kupicupe.ru/,strong,True,1.0,71.1,60.5,73.9424,60.6841,13.2583,3,7,4,query_preference_rubric_v5,d51_query_preference_rubric_v1,ranking_target_margin,,False
шкафы-купе цена Екатеринбург,https://33komoda.ru/catalog/shkafy_kupe/,https://ekat.steklodom.com/mebel-na-zakaz/shkafy/,strong,True,1.0,71.1,65.0,73.9424,62.2047,11.7377,3,8,5,query_preference_rubric_v5,d51_query_preference_rubric_v1,ranking_target_margin,,False
шкафы-купе цена Екатеринбург,https://33komoda.ru/catalog/shkafy_kupe/,https://ekaterinburg.lemanapro.ru/catalogue/shkafy-kupe/,strong,True,1.0,71.1,27.4,73.9424,42.4069,31.5355,3,1,-2,query_preference_rubric_v5,d51_query_preference_rubric_v1,ranking_target_margin,,False
шкафы-купе цена Екатеринбург,https://33komoda.ru/catalog/shkafy_kupe/,https://gipermarketdom.ru/catalog/shkafy_kupe_gotovye/,strong,True,1.0,71.1,35.6,73.9424,37.097,36.8454,3,9,6,query_preference_rubric_v5,d51_query_preference_rubric_v1,ranking_target_margin,,False
шкафы-купе цена Екатеринбург,https://33komoda.ru/catalog/shkafy_kupe/,https://kupeural.ru/,weak,True,0.5,71.1,68.0,73.9424,66.8433,7.0991,3,6,3,query_preference_rubric_v5,d51_query_preference_rubric_v1,ranking_target_margin,,False
шкафы-купе цена Екатеринбург,https://33komoda.ru/catalog/shkafy_kupe/,https://www.e-1.ru/city/ekaterinburg/,uncertain,False,0.0,71.1,69.8,73.9424,70.368,3.5744,3,5,2,query_preference_rubric_v5,d51_query_preference_rubric_v1,ranking_target_margin,,False
шкафы-купе цена Екатеринбург,https://ekat.steklodom.com/mebel-na-zakaz/shkafy/,https://ekaterinburg.lemanapro.ru/catalogue/shkafy-kupe/,strong,True,1.0,65.0,27.4,62.2047,42.4069,19.7978,8,1,-7,query_preference_rubric_v5,d51_query_preference_rubric_v1,ranking_target_margin,,False
шкафы-купе цена Екатеринбург,https://ekat.steklodom.com/mebel-na-zakaz/shkafy/,https://gipermarketdom.ru/catalog/shkafy_kupe_gotovye/,strong,True,1.0,65.0,35.6,62.2047,37.097,25.1077,8,9,1,query_preference_rubric_v5,d51_query_preference_rubric_v1,ranking_target_margin,,False
шкафы-купе цена Екатеринбург,https://ekaterinburg.lemanapro.ru/catalogue/shkafy-kupe/,https://gipermarketdom.ru/catalog/shkafy_kupe_gotovye/,weak,True,0.5,27.4,35.6,42.4069,37.097,5.3099,1,9,8,query_preference_rubric_v5,d51_query_preference_rubric_v1,ranking_target_margin,,False
шкафы-купе цена Екатеринбург,https://ekaterinburg.nonton.ru/mebel/shkafy/shkafy-kupe/,http://ekb.kupicupe.ru/,strong,True,1.0,70.5,60.5,73.1542,60.6841,12.4701,4,7,3,query_preference_rubric_v5,d51_query_preference_rubric_v1,ranking_target_margin,,False
шкафы-купе цена Екатеринбург,https://ekaterinburg.nonton.ru/mebel/shkafy/shkafy-kupe/,https://ekat.steklodom.com/mebel-na-zakaz/shkafy/,strong,True,1.0,70.5,65.0,73.1542,62.2047,10.9495,4,8,4,query_preference_rubric_v5,d51_query_preference_rubric_v1,ranking_target_margin,,False
шкафы-купе цена Екатеринбург,https://ekaterinburg.nonton.ru/mebel/shkafy/shkafy-kupe/,https://ekaterinburg.lemanapro.ru/catalogue/shkafy-kupe/,strong,True,1.0,70.5,27.4,73.1542,42.4069,30.7473,4,1,-3,query_preference_rubric_v5,d51_query_preference_rubric_v1,ranking_target_margin,,False
шкафы-купе цена Екатеринбург,https://ekaterinburg.nonton.ru/mebel/shkafy/shkafy-kupe/,https://gipermarketdom.ru/catalog/shkafy_kupe_gotovye/,strong,True,1.0,70.5,35.6,73.1542,37.097,36.0572,4,9,5,query_preference_rubric_v5,d51_query_preference_rubric_v1,ranking_target_margin,,False
шкафы-купе цена Екатеринбург,https://ekaterinburg.nonton.ru/mebel/shkafy/shkafy-kupe/,https://kupeural.ru/,weak,True,0.5,70.5,68.0,73.1542,66.8433,6.3109,4,6,2,query_preference_rubric_v5,d51_query_preference_rubric_v1,ranking_target_margin,,False
шкафы-купе цена Екатеринбург,https://ekaterinburg.nonton.ru/mebel/shkafy/shkafy-kupe/,https://www.e-1.ru/city/ekaterinburg/,uncertain,False,0.0,70.5,69.8,73.1542,70.368,2.7862,4,5,1,query_preference_rubric_v5,d51_query_preference_rubric_v1,ranking_target_margin,,False
шкафы-купе цена Екатеринбург,https://kupeural.ru/,http://ekb.kupicupe.ru/,weak,True,0.5,68.0,60.5,66.8433,60.6841,6.1592,6,7,1,query_preference_rubric_v5,d51_query_preference_rubric_v1,ranking_target_margin,,False
шкафы-купе цена Екатеринбург,https://kupeural.ru/,https://ekat.steklodom.com/mebel-na-zakaz/shkafy/,weak,True,0.5,68.0,65.0,66.8433,62.2047,4.6386,6,8,2,query_preference_rubric_v5,d51_query_preference_rubric_v1,ranking_target_margin,,False
шкафы-купе цена Екатеринбург,https://kupeural.ru/,https://ekaterinburg.lemanapro.ru/catalogue/shkafy-kupe/,strong,True,1.0,68.0,27.4,66.8433,42.4069,24.4364,6,1,-5,query_preference_rubric_v5,d51_query_preference_rubric_v1,ranking_target_margin,,False
шкафы-купе цена Екатеринбург,https://kupeural.ru/,https://gipermarketdom.ru/catalog/shkafy_kupe_gotovye/,strong,True,1.0,68.0,35.6,66.8433,37.097,29.7463,6,9,3,query_preference_rubric_v5,d51_query_preference_rubric_v1,ranking_target_margin,,False
шкафы-купе цена Екатеринбург,https://kupi-kupe.ru/,http://ekb.kupicupe.ru/,strong,True,1.0,69.2,60.5,75.1552,60.6841,14.4711,2,7,5,query_preference_rubric_v5,d51_query_preference_rubric_v1,ranking_target_margin,,False
шкафы-купе цена Екатеринбург,https://kupi-kupe.ru/,https://ekat.steklodom.com/mebel-na-zakaz/shkafy/,strong,True,1.0,69.2,65.0,75.1552,62.2047,12.9505,2,8,6,query_preference_rubric_v5,d51_query_preference_rubric_v1,ranking_target_margin,,False
шкафы-купе цена Екатеринбург,https://kupi-kupe.ru/,https://ekaterinburg.lemanapro.ru/catalogue/shkafy-kupe/,strong,True,1.0,69.2,27.4,75.1552,42.4069,32.7483,2,1,-1,query_preference_rubric_v5,d51_query_preference_rubric_v1,ranking_target_margin,,False
шкафы-купе цена Екатеринбург,https://kupi-kupe.ru/,https://ekaterinburg.nonton.ru/mebel/shkafy/shkafy-kupe/,uncertain,False,0.0,69.2,70.5,75.1552,73.1542,2.001,2,4,2,query_preference_rubric_v5,d51_query_preference_rubric_v1,ranking_target_margin,,False
шкафы-купе цена Екатеринбург,https://kupi-kupe.ru/,https://gipermarketdom.ru/catalog/shkafy_kupe_gotovye/,strong,True,1.0,69.2,35.6,75.1552,37.097,38.0582,2,9,7,query_preference_rubric_v5,d51_query_preference_rubric_v1,ranking_target_margin,,False
шкафы-купе цена Екатеринбург,https://kupi-kupe.ru/,https://kupeural.ru/,strong,True,1.0,69.2,68.0,75.1552,66.8433,8.3119,2,6,4,query_preference_rubric_v5,d51_query_preference_rubric_v1,ranking_target_margin,,False
шкафы-купе цена Екатеринбург,https://kupi-kupe.ru/,https://www.e-1.ru/city/ekaterinburg/,weak,True,0.5,69.2,69.8,75.1552,70.368,4.7872,2,5,3,query_preference_rubric_v5,d51_query_preference_rubric_v1,ranking_target_margin,,False
шкафы-купе цена Екатеринбург,https://www.e-1.ru/city/ekaterinburg/,http://ekb.kupicupe.ru/,strong,True,1.0,69.8,60.5,70.368,60.6841,9.6839,5,7,2,query_preference_rubric_v5,d51_query_preference_rubric_v1,ranking_target_margin,,False
шкафы-купе цена Екатеринбург,https://www.e-1.ru/city/ekaterinburg/,https://ekat.steklodom.com/mebel-na-zakaz/shkafy/,strong,True,1.0,69.8,65.0,70.368,62.2047,8.1633,5,8,3,query_preference_rubric_v5,d51_query_preference_rubric_v1,ranking_target_margin,,False
шкафы-купе цена Екатеринбург,https://www.e-1.ru/city/ekaterinburg/,https://ekaterinburg.lemanapro.ru/catalogue/shkafy-kupe/,strong,True,1.0,69.8,27.4,70.368,42.4069,27.9611,5,1,-4,query_preference_rubric_v5,d51_query_preference_rubric_v1,ranking_target_margin,,False
шкафы-купе цена Екатеринбург,https://www.e-1.ru/city/ekaterinburg/,https://gipermarketdom.ru/catalog/shkafy_kupe_gotovye/,strong,True,1.0,69.8,35.6,70.368,37.097,33.271,5,9,4,query_preference_rubric_v5,d51_query_preference_rubric_v1,ranking_target_margin,,False
шкафы-купе цена Екатеринбург,https://www.e-1.ru/city/ekaterinburg/,https://kupeural.ru/,uncertain,False,0.0,69.8,68.0,70.368,66.8433,3.5247,5,6,1,query_preference_rubric_v5,d51_query_preference_rubric_v1,ranking_target_margin,,False
шкафы-купе цена Казань,https://kazan.good-mebel.com/category/shkafy-kupe/,https://kazan.lemanapro.ru/catalogue/shkafy-kupe/,strong,True,1.0,75.6,27.4,69.1335,42.4057,26.7278,8,1,-7,query_preference_rubric_v5,d51_query_preference_rubric_v1,ranking_target_margin,,False
шкафы-купе цена Казань,https://kazan.good-mebel.com/category/shkafy-kupe/,https://kazan.nonton.ru/mebel/shkafy/,uncertain,False,0.0,75.6,65.6,69.1335,67.0036,2.1299,8,5,-3,query_preference_rubric_v5,d51_query_preference_rubric_v1,ranking_target_margin,,False
шкафы-купе цена Казань,https://kazan.good-mebel.com/category/shkafy-kupe/,https://mebeldan.ru/catalog/shkafy-kupe/,weak,True,0.5,75.6,67.1,69.1335,61.1735,7.96,8,9,1,query_preference_rubric_v5,d51_query_preference_rubric_v1,ranking_target_margin,,False
шкафы-купе цена Казань,https://kazan.good-mebel.com/category/shkafy-kupe/,https://meggamebel.ru/catalog/shkafy/shkafy-kupe/,strong,True,1.0,75.6,66.7,69.1335,59.344,9.7895,8,10,2,query_preference_rubric_v5,d51_query_preference_rubric_v1,ranking_target_margin,,False
шкафы-купе цена Казань,https://kazan.inmyroom.ru/products/mebel/shkafy/shkafy-kupe,https://kazan.good-mebel.com/category/shkafy-kupe/,weak,True,0.5,76.1,75.6,76.314,69.1335,7.1805,4,8,4,query_preference_rubric_v5,d51_query_preference_rubric_v1,ranking_target_margin,,False
шкафы-купе цена Казань,https://kazan.inmyroom.ru/products/mebel/shkafy/shkafy-kupe,https://kazan.lemanapro.ru/catalogue/shkafy-kupe/,strong,True,1.0,76.1,27.4,76.314,42.4057,33.9083,4,1,-3,query_preference_rubric_v5,d51_query_preference_rubric_v1,ranking_target_margin,,False
шкафы-купе цена Казань,https://kazan.inmyroom.ru/products/mebel/shkafy/shkafy-kupe,https://kazan.nonton.ru/mebel/shkafy/,strong,True,1.0,76.1,65.6,76.314,67.0036,9.3104,4,5,1,query_preference_rubric_v5,d51_query_preference_rubric_v1,ranking_target_margin,,False
шкафы-купе цена Казань,https://kazan.inmyroom.ru/products/mebel/shkafy/shkafy-kupe,https://kazanshkafkupe.ru/,uncertain,False,0.0,76.1,65.7,76.314,72.6881,3.6259,4,2,-2,query_preference_rubric_v5,d51_query_preference_rubric_v1,ranking_target_margin,,False
шкафы-купе цена Казань,https://kazan.inmyroom.ru/products/mebel/shkafy/shkafy-kupe,https://mebeldan.ru/catalog/shkafy-kupe/,strong,True,1.0,76.1,67.1,76.314,61.1735,15.1405,4,9,5,query_preference_rubric_v5,d51_query_preference_rubric_v1,ranking_target_margin,,False
шкафы-купе цена Казань,https://kazan.inmyroom.ru/products/mebel/shkafy/shkafy-kupe,https://meggamebel.ru/catalog/shkafy/shkafy-kupe/,strong,True,1.0,76.1,66.7,76.314,59.344,16.97,4,10,6,query_preference_rubric_v5,d51_query_preference_rubric_v1,ranking_target_margin,,False
шкафы-купе цена Казань,https://kazan.inmyroom.ru/products/mebel/shkafy/shkafy-kupe,https://www.divan.ru/kazan/category/shkafy-kupe,weak,True,0.5,76.1,73.0,76.314,69.0964,7.2176,4,7,3,query_preference_rubric_v5,d51_query_preference_rubric_v1,ranking_target_margin,,False
шкафы-купе цена Казань,https://kazan.inmyroom.ru/products/mebel/shkafy/shkafy-kupe,https://www.kazan.bestmebelshop.ru/catalog/shkafy-kupe/,weak,True,0.5,76.1,68.9,76.314,72.1919,4.1221,4,3,-1,query_preference_rubric_v5,d51_query_preference_rubric_v1,ranking_target_margin,,False
шкафы-купе цена Казань,https://kazan.inmyroom.ru/products/mebel/shkafy/shkafy-kupe,https://мафа-мебель.рф/catalog/shkafy-kupe-shkafy/,strong,True,1.0,76.1,67.4,76.314,67.6007,8.7133,4,6,2,query_preference_rubric_v5,d51_query_preference_rubric_v1,ranking_target_margin,,False
шкафы-купе цена Казань,https://kazan.nonton.ru/mebel/shkafy/,https://kazan.lemanapro.ru/catalogue/shkafy-kupe/,strong,True,1.0,65.6,27.4,67.0036,42.4057,24.5979,5,1,-4,query_preference_rubric_v5,d51_query_preference_rubric_v1,ranking_target_margin,,False
шкафы-купе цена Казань,https://kazan.nonton.ru/mebel/shkafy/,https://mebeldan.ru/catalog/shkafy-kupe/,weak,True,0.5,65.6,67.1,67.0036,61.1735,5.8301,5,9,4,query_preference_rubric_v5,d51_query_preference_rubric_v1,ranking_target_margin,,False
шкафы-купе цена Казань,https://kazan.nonton.ru/mebel/shkafy/,https://meggamebel.ru/catalog/shkafy/shkafy-kupe/,weak,True,0.5,65.6,66.7,67.0036,59.344,7.6596,5,10,5,query_preference_rubric_v5,d51_query_preference_rubric_v1,ranking_target_margin,,False
шкафы-купе цена Казань,https://kazanshkafkupe.ru/,https://kazan.good-mebel.com/category/shkafy-kupe/,uncertain,False,0.0,65.7,75.6,72.6881,69.1335,3.5546,2,8,6,query_preference_rubric_v5,d51_query_preference_rubric_v1,ranking_target_margin,,False
шкафы-купе цена Казань,https://kazanshkafkupe.ru/,https://kazan.lemanapro.ru/catalogue/shkafy-kupe/,strong,True,1.0,65.7,27.4,72.6881,42.4057,30.2824,2,1,-1,query_preference_rubric_v5,d51_query_preference_rubric_v1,ranking_target_margin,,False
шкафы-купе цена Казань,https://kazanshkafkupe.ru/,https://kazan.nonton.ru/mebel/shkafy/,weak,True,0.5,65.7,65.6,72.6881,67.0036,5.6845,2,5,3,query_preference_rubric_v5,d51_query_preference_rubric_v1,ranking_target_margin,,False
шкафы-купе цена Казань,https://kazanshkafkupe.ru/,https://mebeldan.ru/catalog/shkafy-kupe/,strong,True,1.0,65.7,67.1,72.6881,61.1735,11.5146,2,9,7,query_preference_rubric_v5,d51_query_preference_rubric_v1,ranking_target_margin,,False
шкафы-купе цена Казань,https://kazanshkafkupe.ru/,https://meggamebel.ru/catalog/shkafy/shkafy-kupe/,strong,True,1.0,65.7,66.7,72.6881,59.344,13.3441,2,10,8,query_preference_rubric_v5,d51_query_preference_rubric_v1,ranking_target_margin,,False
шкафы-купе цена Казань,https://kazanshkafkupe.ru/,https://www.divan.ru/kazan/category/shkafy-kupe,uncertain,False,0.0,65.7,73.0,72.6881,69.0964,3.5917,2,7,5,query_preference_rubric_v5,d51_query_preference_rubric_v1,ranking_target_margin,,False
шкафы-купе цена Казань,https://kazanshkafkupe.ru/,https://мафа-мебель.рф/catalog/shkafy-kupe-shkafy/,weak,True,0.5,65.7,67.4,72.6881,67.6007,5.0874,2,6,4,query_preference_rubric_v5,d51_query_preference_rubric_v1,ranking_target_margin,,False
шкафы-купе цена Казань,https://mebeldan.ru/catalog/shkafy-kupe/,https://kazan.lemanapro.ru/catalogue/shkafy-kupe/,strong,True,1.0,67.1,27.4,61.1735,42.4057,18.7678,9,1,-8,query_preference_rubric_v5,d51_query_preference_rubric_v1,ranking_target_margin,,False
шкафы-купе цена Казань,https://meggamebel.ru/catalog/shkafy/shkafy-kupe/,https://kazan.lemanapro.ru/catalogue/shkafy-kupe/,strong,True,1.0,66.7,27.4,59.344,42.4057,16.9383,10,1,-9,query_preference_rubric_v5,d51_query_preference_rubric_v1,ranking_target_margin,,False
шкафы-купе цена Казань,https://www.divan.ru/kazan/category/shkafy-kupe,https://kazan.lemanapro.ru/catalogue/shkafy-kupe/,strong,True,1.0,73.0,27.4,69.0964,42.4057,26.6907,7,1,-6,query_preference_rubric_v5,d51_query_preference_rubric_v1,ranking_target_margin,,False
шкафы-купе цена Казань,https://www.divan.ru/kazan/category/shkafy-kupe,https://kazan.nonton.ru/mebel/shkafy/,uncertain,False,0.0,73.0,65.6,69.0964,67.0036,2.0928,7,5,-2,query_preference_rubric_v5,d51_query_preference_rubric_v1,ranking_target_margin,,False
шкафы-купе цена Казань,https://www.divan.ru/kazan/category/shkafy-kupe,https://mebeldan.ru/catalog/shkafy-kupe/,weak,True,0.5,73.0,67.1,69.0964,61.1735,7.9229,7,9,2,query_preference_rubric_v5,d51_query_preference_rubric_v1,ranking_target_margin,,False
шкафы-купе цена Казань,https://www.divan.ru/kazan/category/shkafy-kupe,https://meggamebel.ru/catalog/shkafy/shkafy-kupe/,strong,True,1.0,73.0,66.7,69.0964,59.344,9.7524,7,10,3,query_preference_rubric_v5,d51_query_preference_rubric_v1,ranking_target_margin,,False
шкафы-купе цена Казань,https://www.kazan.bestmebelshop.ru/catalog/shkafy-kupe/,https://kazan.good-mebel.com/category/shkafy-kupe/,uncertain,False,0.0,68.9,75.6,72.1919,69.1335,3.0584,3,8,5,query_preference_rubric_v5,d51_query_preference_rubric_v1,ranking_target_margin,,False
шкафы-купе цена Казань,https://www.kazan.bestmebelshop.ru/catalog/shkafy-kupe/,https://kazan.lemanapro.ru/catalogue/shkafy-kupe/,strong,True,1.0,68.9,27.4,72.1919,42.4057,29.7862,3,1,-2,query_preference_rubric_v5,d51_query_preference_rubric_v1,ranking_target_margin,,False
шкафы-купе цена Казань,https://www.kazan.bestmebelshop.ru/catalog/shkafy-kupe/,https://kazan.nonton.ru/mebel/shkafy/,weak,True,0.5,68.9,65.6,72.1919,67.0036,5.1883,3,5,2,query_preference_rubric_v5,d51_query_preference_rubric_v1,ranking_target_margin,,False
шкафы-купе цена Казань,https://www.kazan.bestmebelshop.ru/catalog/shkafy-kupe/,https://mebeldan.ru/catalog/shkafy-kupe/,strong,True,1.0,68.9,67.1,72.1919,61.1735,11.0184,3,9,6,query_preference_rubric_v5,d51_query_preference_rubric_v1,ranking_target_margin,,False
шкафы-купе цена Казань,https://www.kazan.bestmebelshop.ru/catalog/shkafy-kupe/,https://meggamebel.ru/catalog/shkafy/shkafy-kupe/,strong,True,1.0,68.9,66.7,72.1919,59.344,12.8479,3,10,7,query_preference_rubric_v5,d51_query_preference_rubric_v1,ranking_target_margin,,False
шкафы-купе цена Казань,https://www.kazan.bestmebelshop.ru/catalog/shkafy-kupe/,https://www.divan.ru/kazan/category/shkafy-kupe,uncertain,False,0.0,68.9,73.0,72.1919,69.0964,3.0955,3,7,4,query_preference_rubric_v5,d51_query_preference_rubric_v1,ranking_target_margin,,False
шкафы-купе цена Казань,https://www.kazan.bestmebelshop.ru/catalog/shkafy-kupe/,https://мафа-мебель.рф/catalog/shkafy-kupe-shkafy/,weak,True,0.5,68.9,67.4,72.1919,67.6007,4.5912,3,6,3,query_preference_rubric_v5,d51_query_preference_rubric_v1,ranking_target_margin,,False
шкафы-купе цена Казань,https://мафа-мебель.рф/catalog/shkafy-kupe-shkafy/,https://kazan.lemanapro.ru/catalogue/shkafy-kupe/,strong,True,1.0,67.4,27.4,67.6007,42.4057,25.195,6,1,-5,query_preference_rubric_v5,d51_query_preference_rubric_v1,ranking_target_margin,,False
шкафы-купе цена Казань,https://мафа-мебель.рф/catalog/shkafy-kupe-shkafy/,https://mebeldan.ru/catalog/shkafy-kupe/,weak,True,0.5,67.4,67.1,67.6007,61.1735,6.4272,6,9,3,query_preference_rubric_v5,d51_query_preference_rubric_v1,ranking_target_margin,,False
шкафы-купе цена Казань,https://мафа-мебель.рф/catalog/shkafy-kupe-shkafy/,https://meggamebel.ru/catalog/shkafy/shkafy-kupe/,strong,True,1.0,67.4,66.7,67.6007,59.344,8.2567,6,10,4,query_preference_rubric_v5,d51_query_preference_rubric_v1,ranking_target_margin,,False
шкафы-купе цена Краснодар,http://tkmebeli.ru/shkafy-kupe,https://4nozhki.ru/tovari/shkafi-kupe/krasnodar/,strong,True,1.0,55.3,17.5,61.5705,36.0227,25.5478,4,2,-2,query_preference_rubric_v5,d51_query_preference_rubric_v1,ranking_target_margin,,False
шкафы-купе цена Краснодар,http://tkmebeli.ru/shkafy-kupe,https://kalenich-home.ru/shkafy_kupe/,weak,True,0.5,55.3,64.5,61.5705,57.4685,4.102,4,10,6,query_preference_rubric_v5,d51_query_preference_rubric_v1,ranking_target_margin,,False
шкафы-купе цена Краснодар,http://tkmebeli.ru/shkafy-kupe,https://krasnodar.arkomebel.ru/shkafy-2/shkafy-kupe/,uncertain,False,0.0,55.3,63.2,61.5705,58.2523,3.3182,4,9,5,query_preference_rubric_v5,d51_query_preference_rubric_v1,ranking_target_margin,,False
шкафы-купе цена Краснодар,http://tkmebeli.ru/shkafy-kupe,https://krasnodar.lemanapro.ru/catalogue/shkafy-kupe/,strong,True,1.0,55.3,27.4,61.5705,42.3995,19.171,4,1,-3,query_preference_rubric_v5,d51_query_preference_rubric_v1,ranking_target_margin,,False
шкафы-купе цена Краснодар,http://tkmebeli.ru/shkafy-kupe,https://www.avito.ru/krasnodar/mebel_i_interer/shkafy_komodyi_stellazhi-ASgBAgICAURaqAI?q=шкаф+купе,strong,True,1.0,55.3,25.3,61.5705,36.9609,24.6096,4,3,-1,query_preference_rubric_v5,d51_query_preference_rubric_v1,ranking_target_margin,,False
шкафы-купе цена Краснодар,https://kalenich-home.ru/shkafy_kupe/,https://4nozhki.ru/tovari/shkafi-kupe/krasnodar/,strong,True,1.0,64.5,17.5,57.4685,36.0227,21.4458,10,2,-8,query_preference_rubric_v5,d51_query_preference_rubric_v1,ranking_target_margin,,False
шкафы-купе цена Краснодар,https://kalenich-home.ru/shkafy_kupe/,https://krasnodar.lemanapro.ru/catalogue/shkafy-kupe/,strong,True,1.0,64.5,27.4,57.4685,42.3995,15.069,10,1,-9,query_preference_rubric_v5,d51_query_preference_rubric_v1,ranking_target_margin,,False
шкафы-купе цена Краснодар,https://kalenich-home.ru/shkafy_kupe/,https://www.avito.ru/krasnodar/mebel_i_interer/shkafy_komodyi_stellazhi-ASgBAgICAURaqAI?q=шкаф+купе,strong,True,1.0,64.5,25.3,57.4685,36.9609,20.5076,10,3,-7,query_preference_rubric_v5,d51_query_preference_rubric_v1,ranking_target_margin,,False
шкафы-купе цена Краснодар,https://krasnodar.arkomebel.ru/shkafy-2/shkafy-kupe/,https://4nozhki.ru/tovari/shkafi-kupe/krasnodar/,strong,True,1.0,63.2,17.5,58.2523,36.0227,22.2296,9,2,-7,query_preference_rubric_v5,d51_query_preference_rubric_v1,ranking_target_margin,,False
шкафы-купе цена Краснодар,https://krasnodar.arkomebel.ru/shkafy-2/shkafy-kupe/,https://krasnodar.lemanapro.ru/catalogue/shkafy-kupe/,strong,True,1.0,63.2,27.4,58.2523,42.3995,15.8528,9,1,-8,query_preference_rubric_v5,d51_query_preference_rubric_v1,ranking_target_margin,,False
шкафы-купе цена Краснодар,https://krasnodar.arkomebel.ru/shkafy-2/shkafy-kupe/,https://www.avito.ru/krasnodar/mebel_i_interer/shkafy_komodyi_stellazhi-ASgBAgICAURaqAI?q=шкаф+купе,strong,True,1.0,63.2,25.3,58.2523,36.9609,21.2914,9,3,-6,query_preference_rubric_v5,d51_query_preference_rubric_v1,ranking_target_margin,,False
шкафы-купе цена Краснодар,https://krasnodar.lemanapro.ru/catalogue/shkafy-kupe/,https://4nozhki.ru/tovari/shkafi-kupe/krasnodar/,weak,True,0.5,27.4,17.5,42.3995,36.0227,6.3768,1,2,1,query_preference_rubric_v5,d51_query_preference_rubric_v1,ranking_target_margin,,False
шкафы-купе цена Краснодар,https://krasnodar.lemanapro.ru/catalogue/shkafy-kupe/,https://www.avito.ru/krasnodar/mebel_i_interer/shkafy_komodyi_stellazhi-ASgBAgICAURaqAI?q=шкаф+купе,weak,True,0.5,27.4,25.3,42.3995,36.9609,5.4386,1,3,2,query_preference_rubric_v5,d51_query_preference_rubric_v1,ranking_target_margin,,False
шкафы-купе цена Краснодар,https://krasnodar.nonton.ru/mebel/shkafy/shkafy-kupe/,http://tkmebeli.ru/shkafy-kupe,weak,True,0.5,68.3,55.3,69.5552,61.5705,7.9847,5,4,-1,query_preference_rubric_v5,d51_query_preference_rubric_v1,ranking_target_margin,,False
шкафы-купе цена Краснодар,https://krasnodar.nonton.ru/mebel/shkafy/shkafy-kupe/,https://4nozhki.ru/tovari/shkafi-kupe/krasnodar/,strong,True,1.0,68.3,17.5,69.5552,36.0227,33.5325,5,2,-3,query_preference_rubric_v5,d51_query_preference_rubric_v1,ranking_target_margin,,False
шкафы-купе цена Краснодар,https://krasnodar.nonton.ru/mebel/shkafy/shkafy-kupe/,https://kalenich-home.ru/shkafy_kupe/,strong,True,1.0,68.3,64.5,69.5552,57.4685,12.0867,5,10,5,query_preference_rubric_v5,d51_query_preference_rubric_v1,ranking_target_margin,,False
шкафы-купе цена Краснодар,https://krasnodar.nonton.ru/mebel/shkafy/shkafy-kupe/,https://krasnodar.arkomebel.ru/shkafy-2/shkafy-kupe/,strong,True,1.0,68.3,63.2,69.5552,58.2523,11.3029,5,9,4,query_preference_rubric_v5,d51_query_preference_rubric_v1,ranking_target_margin,,False
шкафы-купе цена Краснодар,https://krasnodar.nonton.ru/mebel/shkafy/shkafy-kupe/,https://krasnodar.lemanapro.ru/catalogue/shkafy-kupe/,strong,True,1.0,68.3,27.4,69.5552,42.3995,27.1557,5,1,-4,query_preference_rubric_v5,d51_query_preference_rubric_v1,ranking_target_margin,,False
шкафы-купе цена Краснодар,https://krasnodar.nonton.ru/mebel/shkafy/shkafy-kupe/,https://shkaf-krasnodar.ru/,strong,True,1.0,68.3,64.8,69.5552,60.929,8.6262,5,8,3,query_preference_rubric_v5,d51_query_preference_rubric_v1,ranking_target_margin,,False
шкафы-купе цена Краснодар,https://krasnodar.nonton.ru/mebel/shkafy/shkafy-kupe/,https://www.avito.ru/krasnodar/mebel_i_interer/shkafy_komodyi_stellazhi-ASgBAgICAURaqAI?q=шкаф+купе,strong,True,1.0,68.3,25.3,69.5552,36.9609,32.5943,5,3,-2,query_preference_rubric_v5,d51_query_preference_rubric_v1,ranking_target_margin,,False
шкафы-купе цена Краснодар,https://mebelpik.ru/shop/shkafy-kupe/,http://tkmebeli.ru/shkafy-kupe,strong,True,1.0,75.8,55.3,70.6023,61.5705,9.0318,7,4,-3,query_preference_rubric_v5,d51_query_preference_rubric_v1,ranking_target_margin,,False
шкафы-купе цена Краснодар,https://mebelpik.ru/shop/shkafy-kupe/,https://4nozhki.ru/tovari/shkafi-kupe/krasnodar/,strong,True,1.0,75.8,17.5,70.6023,36.0227,34.5796,7,2,-5,query_preference_rubric_v5,d51_query_preference_rubric_v1,ranking_target_margin,,False
шкафы-купе цена Краснодар,https://mebelpik.ru/shop/shkafy-kupe/,https://kalenich-home.ru/shkafy_kupe/,strong,True,1.0,75.8,64.5,70.6023,57.4685,13.1338,7,10,3,query_preference_rubric_v5,d51_query_preference_rubric_v1,ranking_target_margin,,False
шкафы-купе цена Краснодар,https://mebelpik.ru/shop/shkafy-kupe/,https://krasnodar.arkomebel.ru/shkafy-2/shkafy-kupe/,strong,True,1.0,75.8,63.2,70.6023,58.2523,12.35,7,9,2,query_preference_rubric_v5,d51_query_preference_rubric_v1,ranking_target_margin,,False
шкафы-купе цена Краснодар,https://mebelpik.ru/shop/shkafy-kupe/,https://krasnodar.lemanapro.ru/catalogue/shkafy-kupe/,strong,True,1.0,75.8,27.4,70.6023,42.3995,28.2028,7,1,-6,query_preference_rubric_v5,d51_query_preference_rubric_v1,ranking_target_margin,,False
шкафы-купе цена Краснодар,https://mebelpik.ru/shop/shkafy-kupe/,https://shkaf-krasnodar.ru/,strong,True,1.0,75.8,64.8,70.6023,60.929,9.6733,7,8,1,query_preference_rubric_v5,d51_query_preference_rubric_v1,ranking_target_margin,,False
шкафы-купе цена Краснодар,https://mebelpik.ru/shop/shkafy-kupe/,https://www.avito.ru/krasnodar/mebel_i_interer/shkafy_komodyi_stellazhi-ASgBAgICAURaqAI?q=шкаф+купе,strong,True,1.0,75.8,25.3,70.6023,36.9609,33.6414,7,3,-4,query_preference_rubric_v5,d51_query_preference_rubric_v1,ranking_target_margin,,False
шкафы-купе цена Краснодар,https://shkaf-krasnodar.ru/,https://4nozhki.ru/tovari/shkafi-kupe/krasnodar/,strong,True,1.0,64.8,17.5,60.929,36.0227,24.9063,8,2,-6,query_preference_rubric_v5,d51_query_preference_rubric_v1,ranking_target_margin,,False
шкафы-купе цена Краснодар,https://shkaf-krasnodar.ru/,https://kalenich-home.ru/shkafy_kupe/,uncertain,False,0.0,64.8,64.5,60.929,57.4685,3.4605,8,10,2,query_preference_rubric_v5,d51_query_preference_rubric_v1,ranking_target_margin,,False
шкафы-купе цена Краснодар,https://shkaf-krasnodar.ru/,https://krasnodar.arkomebel.ru/shkafy-2/shkafy-kupe/,uncertain,False,0.0,64.8,63.2,60.929,58.2523,2.6767,8,9,1,query_preference_rubric_v5,d51_query_preference_rubric_v1,ranking_target_margin,,False
шкафы-купе цена Краснодар,https://shkaf-krasnodar.ru/,https://krasnodar.lemanapro.ru/catalogue/shkafy-kupe/,strong,True,1.0,64.8,27.4,60.929,42.3995,18.5295,8,1,-7,query_preference_rubric_v5,d51_query_preference_rubric_v1,ranking_target_margin,,False
шкафы-купе цена Краснодар,https://shkaf-krasnodar.ru/,https://www.avito.ru/krasnodar/mebel_i_interer/shkafy_komodyi_stellazhi-ASgBAgICAURaqAI?q=шкаф+купе,strong,True,1.0,64.8,25.3,60.929,36.9609,23.9681,8,3,-5,query_preference_rubric_v5,d51_query_preference_rubric_v1,ranking_target_margin,,False
шкафы-купе цена Москва,https://dobraya-mebel.ru/shop/shkafi/shkafy-kupe/,https://www.fabrika-monolit.ru/shkafy-kupe/,weak,True,0.5,77.6,72.8,71.2508,66.8791,4.3717,8,9,1,query_preference_rubric_v5,d51_query_preference_rubric_v1,ranking_target_margin,,False
шкафы-купе цена Москва,https://good-mebel.com/category/shkafy-kupe/,https://dobraya-mebel.ru/shop/shkafi/shkafy-kupe/,strong,True,1.0,80.7,77.6,85.2244,71.2508,13.9736,1,8,7,query_preference_rubric_v5,d51_query_preference_rubric_v1,ranking_target_margin,,False
шкафы-купе цена Москва,https://good-mebel.com/category/shkafy-kupe/,https://kupehouse.ru/moskva/,strong,True,1.0,80.7,72.4,85.2244,70.49,14.7344,1,6,5,query_preference_rubric_v5,d51_query_preference_rubric_v1,ranking_target_margin,,False
шкафы-купе цена Москва,https://good-mebel.com/category/shkafy-kupe/,https://shkafy-moskva.ru/tcat/shkafy-kupe/,weak,True,0.5,80.7,78.1,85.2244,78.6889,6.5355,1,4,3,query_preference_rubric_v5,d51_query_preference_rubric_v1,ranking_target_margin,,False
шкафы-купе цена Москва,https://good-mebel.com/category/shkafy-kupe/,https://www.divan.ru/category/shkafy-kupe,weak,True,0.5,80.7,78.0,85.2244,80.2911,4.9333,1,3,2,query_preference_rubric_v5,d51_query_preference_rubric_v1,ranking_target_margin,,False
шкафы-купе цена Москва,https://good-mebel.com/category/shkafy-kupe/,https://www.fabrika-monolit.ru/shkafy-kupe/,strong,True,1.0,80.7,72.8,85.2244,66.8791,18.3453,1,9,8,query_preference_rubric_v5,d51_query_preference_rubric_v1,ranking_target_margin,,False
шкафы-купе цена Москва,https://good-mebel.com/category/shkafy-kupe/,https://www.mebelmsk.ru/catalog/shkafy/kupe/,strong,True,1.0,80.7,74.7,85.2244,73.3511,11.8733,1,5,4,query_preference_rubric_v5,d51_query_preference_rubric_v1,ranking_target_margin,,False
шкафы-купе цена Москва,https://good-mebel.com/category/shkafy-kupe/,https://www.mosdommebel.ru/category/shkafy-kupe/,strong,True,1.0,80.7,76.7,85.2244,72.4951,12.7293,1,7,6,query_preference_rubric_v5,d51_query_preference_rubric_v1,ranking_target_margin,,False
шкафы-купе цена Москва,https://good-mebel.com/category/shkafy-kupe/,https://www.shkaf-kupe.ru/category/shkafy-kupe/,uncertain,False,0.0,80.7,78.2,85.2244,81.5676,3.6568,1,2,1,query_preference_rubric_v5,d51_query_preference_rubric_v1,ranking_target_margin,,False
шкафы-купе цена Москва,https://kupehouse.ru/moskva/,https://www.fabrika-monolit.ru/shkafy-kupe/,uncertain,False,0.0,72.4,72.8,70.49,66.8791,3.6109,6,9,3,query_preference_rubric_v5,d51_query_preference_rubric_v1,ranking_target_margin,,False
шкафы-купе цена Москва,https://shkafy-moskva.ru/tcat/shkafy-kupe/,https://dobraya-mebel.ru/shop/shkafi/shkafy-kupe/,weak,True,0.5,78.1,77.6,78.6889,71.2508,7.4381,4,8,4,query_preference_rubric_v5,d51_query_preference_rubric_v1,ranking_target_margin,,False
шкафы-купе цена Москва,https://shkafy-moskva.ru/tcat/shkafy-kupe/,https://kupehouse.ru/moskva/,strong,True,1.0,78.1,72.4,78.6889,70.49,8.1989,4,6,2,query_preference_rubric_v5,d51_query_preference_rubric_v1,ranking_target_margin,,False
шкафы-купе цена Москва,https://shkafy-moskva.ru/tcat/shkafy-kupe/,https://www.fabrika-monolit.ru/shkafy-kupe/,strong,True,1.0,78.1,72.8,78.6889,66.8791,11.8098,4,9,5,query_preference_rubric_v5,d51_query_preference_rubric_v1,ranking_target_margin,,False
шкафы-купе цена Москва,https://shkafy-moskva.ru/tcat/shkafy-kupe/,https://www.mebelmsk.ru/catalog/shkafy/kupe/,weak,True,0.5,78.1,74.7,78.6889,73.3511,5.3378,4,5,1,query_preference_rubric_v5,d51_query_preference_rubric_v1,ranking_target_margin,,False
шкафы-купе цена Москва,https://shkafy-moskva.ru/tcat/shkafy-kupe/,https://www.mosdommebel.ru/category/shkafy-kupe/,weak,True,0.5,78.1,76.7,78.6889,72.4951,6.1938,4,7,3,query_preference_rubric_v5,d51_query_preference_rubric_v1,ranking_target_margin,,False
шкафы-купе цена Москва,https://www.divan.ru/category/shkafy-kupe,https://dobraya-mebel.ru/shop/shkafi/shkafy-kupe/,strong,True,1.0,78.0,77.6,80.2911,71.2508,9.0403,3,8,5,query_preference_rubric_v5,d51_query_preference_rubric_v1,ranking_target_margin,,False
шкафы-купе цена Москва,https://www.divan.ru/category/shkafy-kupe,https://kupehouse.ru/moskva/,strong,True,1.0,78.0,72.4,80.2911,70.49,9.8011,3,6,3,query_preference_rubric_v5,d51_query_preference_rubric_v1,ranking_target_margin,,False
шкафы-купе цена Москва,https://www.divan.ru/category/shkafy-kupe,https://www.fabrika-monolit.ru/shkafy-kupe/,strong,True,1.0,78.0,72.8,80.2911,66.8791,13.412,3,9,6,query_preference_rubric_v5,d51_query_preference_rubric_v1,ranking_target_margin,,False
шкафы-купе цена Москва,https://www.divan.ru/category/shkafy-kupe,https://www.mebelmsk.ru/catalog/shkafy/kupe/,weak,True,0.5,78.0,74.7,80.2911,73.3511,6.94,3,5,2,query_preference_rubric_v5,d51_query_preference_rubric_v1,ranking_target_margin,,False
шкафы-купе цена Москва,https://www.divan.ru/category/shkafy-kupe,https://www.mosdommebel.ru/category/shkafy-kupe/,weak,True,0.5,78.0,76.7,80.2911,72.4951,7.796,3,7,4,query_preference_rubric_v5,d51_query_preference_rubric_v1,ranking_target_margin,,False
шкафы-купе цена Москва,https://www.mebelmsk.ru/catalog/shkafy/kupe/,https://dobraya-mebel.ru/shop/shkafi/shkafy-kupe/,uncertain,False,0.0,74.7,77.6,73.3511,71.2508,2.1003,5,8,3,query_preference_rubric_v5,d51_query_preference_rubric_v1,ranking_target_margin,,False
шкафы-купе цена Москва,https://www.mebelmsk.ru/catalog/shkafy/kupe/,https://kupehouse.ru/moskva/,uncertain,False,0.0,74.7,72.4,73.3511,70.49,2.8611,5,6,1,query_preference_rubric_v5,d51_query_preference_rubric_v1,ranking_target_margin,,False
шкафы-купе цена Москва,https://www.mebelmsk.ru/catalog/shkafy/kupe/,https://www.fabrika-monolit.ru/shkafy-kupe/,weak,True,0.5,74.7,72.8,73.3511,66.8791,6.472,5,9,4,query_preference_rubric_v5,d51_query_preference_rubric_v1,ranking_target_margin,,False
шкафы-купе цена Москва,https://www.mosdommebel.ru/category/shkafy-kupe/,https://kupehouse.ru/moskva/,uncertain,False,0.0,76.7,72.4,72.4951,70.49,2.0051,7,6,-1,query_preference_rubric_v5,d51_query_preference_rubric_v1,ranking_target_margin,,False
шкафы-купе цена Москва,https://www.mosdommebel.ru/category/shkafy-kupe/,https://www.fabrika-monolit.ru/shkafy-kupe/,weak,True,0.5,76.7,72.8,72.4951,66.8791,5.616,7,9,2,query_preference_rubric_v5,d51_query_preference_rubric_v1,ranking_target_margin,,False
шкафы-купе цена Москва,https://www.shkaf-kupe.ru/category/shkafy-kupe/,https://dobraya-mebel.ru/shop/shkafi/shkafy-kupe/,strong,True,1.0,78.2,77.6,81.5676,71.2508,10.3168,2,8,6,query_preference_rubric_v5,d51_query_preference_rubric_v1,ranking_target_margin,,False
шкафы-купе цена Москва,https://www.shkaf-kupe.ru/category/shkafy-kupe/,https://kupehouse.ru/moskva/,strong,True,1.0,78.2,72.4,81.5676,70.49,11.0776,2,6,4,query_preference_rubric_v5,d51_query_preference_rubric_v1,ranking_target_margin,,False
шкафы-купе цена Москва,https://www.shkaf-kupe.ru/category/shkafy-kupe/,https://shkafy-moskva.ru/tcat/shkafy-kupe/,uncertain,False,0.0,78.2,78.1,81.5676,78.6889,2.8787,2,4,2,query_preference_rubric_v5,d51_query_preference_rubric_v1,ranking_target_margin,,False
шкафы-купе цена Москва,https://www.shkaf-kupe.ru/category/shkafy-kupe/,https://www.fabrika-monolit.ru/shkafy-kupe/,strong,True,1.0,78.2,72.8,81.5676,66.8791,14.6885,2,9,7,query_preference_rubric_v5,d51_query_preference_rubric_v1,ranking_target_margin,,False
шкафы-купе цена Москва,https://www.shkaf-kupe.ru/category/shkafy-kupe/,https://www.mebelmsk.ru/catalog/shkafy/kupe/,strong,True,1.0,78.2,74.7,81.5676,73.3511,8.2165,2,5,3,query_preference_rubric_v5,d51_query_preference_rubric_v1,ranking_target_margin,,False
шкафы-купе цена Москва,https://www.shkaf-kupe.ru/category/shkafy-kupe/,https://www.mosdommebel.ru/category/shkafy-kupe/,strong,True,1.0,78.2,76.7,81.5676,72.4951,9.0725,2,7,5,query_preference_rubric_v5,d51_query_preference_rubric_v1,ranking_target_margin,,False
шкафы-купе цена Нижний Новгород,https://nizhnij-novgorod.good-mebel.com/category/shkafy-kupe/,https://4nozhki.ru/tovari/shkafi-kupe/nigniy-novgorod/,uncertain,False,0.0,73.2,16.7,70.4421,33.6517,36.7904,6,3,-3,query_preference_rubric_v5,d51_query_preference_rubric_v1,d50_top3_conflict_manual_review,aggregator_or_marketplace_distortion|rank_prior_disagreement|shortcut_text_volume,True
шкафы-купе цена Нижний Новгород,https://nizhnij-novgorod.good-mebel.com/category/shkafy-kupe/,https://www.avito.ru/nizhniy_novgorod?q=шкафы+купе,uncertain,False,0.0,73.2,26.1,70.4421,39.2763,31.1658,6,2,-4,query_preference_rubric_v5,d51_query_preference_rubric_v1,d50_top3_conflict_manual_review,aggregator_or_marketplace_distortion|rank_prior_disagreement|shortcut_text_volume,True
шкафы-купе цена Нижний Новгород,https://nn.kupit-shkaf.ru/,https://4nozhki.ru/tovari/shkafi-kupe/nigniy-novgorod/,uncertain,False,0.0,72.4,16.7,64.7043,33.6517,31.0526,9,3,-6,query_preference_rubric_v5,d51_query_preference_rubric_v1,d50_top3_conflict_manual_review,aggregator_or_marketplace_distortion|rank_prior_disagreement|shortcut_text_volume,True
шкафы-купе цена Нижний Новгород,https://nn.kupit-shkaf.ru/,https://www.avito.ru/nizhniy_novgorod?q=шкафы+купе,uncertain,False,0.0,72.4,26.1,64.7043,39.2763,25.428,9,2,-7,query_preference_rubric_v5,d51_query_preference_rubric_v1,d50_top3_conflict_manual_review,aggregator_or_marketplace_distortion|rank_prior_disagreement|shortcut_text_volume,True
шкафы-купе цена Нижний Новгород,https://nn.stolplit.ru/internet-magazin/katalog-mebeli/80-shkafy-kupe/,https://4nozhki.ru/tovari/shkafi-kupe/nigniy-novgorod/,uncertain,False,0.0,66.4,16.7,68.1838,33.6517,34.5321,5,3,-2,query_preference_rubric_v5,d51_query_preference_rubric_v1,d50_top3_conflict_manual_review,aggregator_or_marketplace_distortion|rank_prior_disagreement|shortcut_text_volume,True
шкафы-купе цена Нижний Новгород,https://nn.stolplit.ru/internet-magazin/katalog-mebeli/80-shkafy-kupe/,https://www.avito.ru/nizhniy_novgorod?q=шкафы+купе,uncertain,False,0.0,66.4,26.1,68.1838,39.2763,28.9075,5,2,-3,query_preference_rubric_v5,d51_query_preference_rubric_v1,d50_top3_conflict_manual_review,aggregator_or_marketplace_distortion|rank_prior_disagreement|shortcut_text_volume,True
шкафы-купе цена Нижний Новгород,https://shkaf-nnov.ru/,https://nizhnij-novgorod.good-mebel.com/category/shkafy-kupe/,strong,True,1.25,66.5,73.2,75.1805,70.4421,4.7384,1,6,5,query_preference_rubric_v5,d51_query_preference_rubric_v1,d50_top3_recovery,aggregator_or_marketplace_distortion|rank_prior_disagreement|shortcut_text_volume,True
шкафы-купе цена Нижний Новгород,https://shkaf-nnov.ru/,https://nn.kupit-shkaf.ru/,strong,True,1.25,66.5,72.4,75.1805,64.7043,10.4762,1,9,8,query_preference_rubric_v5,d51_query_preference_rubric_v1,d50_top3_recovery,aggregator_or_marketplace_distortion|rank_prior_disagreement|shortcut_text_volume,True
шкафы-купе цена Нижний Новгород,https://shkaf-nnov.ru/,https://nn.stolplit.ru/internet-magazin/katalog-mebeli/80-shkafy-kupe/,strong,True,1.25,66.5,66.4,75.1805,68.1838,6.9967,1,5,4,query_preference_rubric_v5,d51_query_preference_rubric_v1,d50_top3_recovery,aggregator_or_marketplace_distortion|rank_prior_disagreement|shortcut_text_volume,True
шкафы-купе цена Нижний Новгород,https://shkaf-nnov.ru/,https://www.nn.bestmebelshop.ru/catalog/shkafy-kupe/,strong,True,1.25,66.5,70.6,75.1805,71.8939,3.2866,1,4,3,query_preference_rubric_v5,d51_query_preference_rubric_v1,d50_top3_recovery,aggregator_or_marketplace_distortion|rank_prior_disagreement|shortcut_text_volume,True
шкафы-купе цена Нижний Новгород,https://www.nn.bestmebelshop.ru/catalog/shkafy-kupe/,https://4nozhki.ru/tovari/shkafi-kupe/nigniy-novgorod/,uncertain,False,0.0,70.6,16.7,71.8939,33.6517,38.2422,4,3,-1,query_preference_rubric_v5,d51_query_preference_rubric_v1,d50_top3_conflict_manual_review,aggregator_or_marketplace_distortion|rank_prior_disagreement|shortcut_text_volume,True
шкафы-купе цена Нижний Новгород,https://www.nn.bestmebelshop.ru/catalog/shkafy-kupe/,https://www.avito.ru/nizhniy_novgorod?q=шкафы+купе,uncertain,False,0.0,70.6,26.1,71.8939,39.2763,32.6176,4,2,-2,query_preference_rubric_v5,d51_query_preference_rubric_v1,d50_top3_conflict_manual_review,aggregator_or_marketplace_distortion|rank_prior_disagreement|shortcut_text_volume,True
шкафы-купе цена Нижний Новгород,https://nizhnij-novgorod.good-mebel.com/category/shkafy-kupe/,https://nizhnij-novgorod.jsprav.ru/proizvodstvo-i-prodazha-shkafov-kupe/,strong,True,1.0,73.2,57.0,70.4421,52.7541,17.688,6,10,4,query_preference_rubric_v5,d51_query_preference_rubric_v1,ranking_target_margin,,True
шкафы-купе цена Нижний Новгород,https://nizhnij-novgorod.good-mebel.com/category/shkafy-kupe/,https://nizhniynovgorod.mebel-1000.ru/catalogue/korpusnaya-mebel/shkafy-kupe/,strong,True,1.0,73.2,66.2,70.4421,62.245,8.1971,6,7,1,query_preference_rubric_v5,d51_query_preference_rubric_v1,ranking_target_margin,,True
шкафы-купе цена Нижний Новгород,https://nizhnij-novgorod.good-mebel.com/category/shkafy-kupe/,https://nizhny-novgorod.mebelion.ru/mebel/shkafy-kupe/,strong,True,1.0,73.2,60.9,70.4421,58.3184,12.1237,6,8,2,query_preference_rubric_v5,d51_query_preference_rubric_v1,ranking_target_margin,,True
шкафы-купе цена Нижний Новгород,https://nizhnij-novgorod.good-mebel.com/category/shkafy-kupe/,https://nn.kupit-shkaf.ru/,weak,True,0.5,73.2,72.4,70.4421,64.7043,5.7378,6,9,3,query_preference_rubric_v5,d51_query_preference_rubric_v1,ranking_target_margin,,True
шкафы-купе цена Нижний Новгород,https://nizhnij-novgorod.good-mebel.com/category/shkafy-kupe/,https://nn.stolplit.ru/internet-magazin/katalog-mebeli/80-shkafy-kupe/,uncertain,False,0.0,73.2,66.4,70.4421,68.1838,2.2583,6,5,-1,query_preference_rubric_v5,d51_query_preference_rubric_v1,ranking_target_margin,,True
шкафы-купе цена Нижний Новгород,https://nizhnij-novgorod.jsprav.ru/proizvodstvo-i-prodazha-shkafov-kupe/,https://4nozhki.ru/tovari/shkafi-kupe/nigniy-novgorod/,strong,True,1.0,57.0,16.7,52.7541,33.6517,19.1024,10,3,-7,query_preference_rubric_v5,d51_query_preference_rubric_v1,ranking_target_margin,,True
шкафы-купе цена Нижний Новгород,https://nizhnij-novgorod.jsprav.ru/proizvodstvo-i-prodazha-shkafov-kupe/,https://www.avito.ru/nizhniy_novgorod?q=шкафы+купе,strong,True,1.0,57.0,26.1,52.7541,39.2763,13.4778,10,2,-8,query_preference_rubric_v5,d51_query_preference_rubric_v1,ranking_target_margin,,True
шкафы-купе цена Нижний Новгород,https://nizhniynovgorod.mebel-1000.ru/catalogue/korpusnaya-mebel/shkafy-kupe/,https://4nozhki.ru/tovari/shkafi-kupe/nigniy-novgorod/,strong,True,1.0,66.2,16.7,62.245,33.6517,28.5933,7,3,-4,query_preference_rubric_v5,d51_query_preference_rubric_v1,ranking_target_margin,,True
шкафы-купе цена Нижний Новгород,https://nizhniynovgorod.mebel-1000.ru/catalogue/korpusnaya-mebel/shkafy-kupe/,https://nizhnij-novgorod.jsprav.ru/proizvodstvo-i-prodazha-shkafov-kupe/,strong,True,1.0,66.2,57.0,62.245,52.7541,9.4909,7,10,3,query_preference_rubric_v5,d51_query_preference_rubric_v1,ranking_target_margin,,True
шкафы-купе цена Нижний Новгород,https://nizhniynovgorod.mebel-1000.ru/catalogue/korpusnaya-mebel/shkafy-kupe/,https://nizhny-novgorod.mebelion.ru/mebel/shkafy-kupe/,uncertain,False,0.0,66.2,60.9,62.245,58.3184,3.9266,7,8,1,query_preference_rubric_v5,d51_query_preference_rubric_v1,ranking_target_margin,,True
шкафы-купе цена Нижний Новгород,https://nizhniynovgorod.mebel-1000.ru/catalogue/korpusnaya-mebel/shkafy-kupe/,https://www.avito.ru/nizhniy_novgorod?q=шкафы+купе,strong,True,1.0,66.2,26.1,62.245,39.2763,22.9687,7,2,-5,query_preference_rubric_v5,d51_query_preference_rubric_v1,ranking_target_margin,,True
шкафы-купе цена Нижний Новгород,https://nizhny-novgorod.mebelion.ru/mebel/shkafy-kupe/,https://4nozhki.ru/tovari/shkafi-kupe/nigniy-novgorod/,strong,True,1.0,60.9,16.7,58.3184,33.6517,24.6667,8,3,-5,query_preference_rubric_v5,d51_query_preference_rubric_v1,ranking_target_margin,,True
шкафы-купе цена Нижний Новгород,https://nizhny-novgorod.mebelion.ru/mebel/shkafy-kupe/,https://nizhnij-novgorod.jsprav.ru/proizvodstvo-i-prodazha-shkafov-kupe/,weak,True,0.5,60.9,57.0,58.3184,52.7541,5.5643,8,10,2,query_preference_rubric_v5,d51_query_preference_rubric_v1,ranking_target_margin,,True
шкафы-купе цена Нижний Новгород,https://nizhny-novgorod.mebelion.ru/mebel/shkafy-kupe/,https://www.avito.ru/nizhniy_novgorod?q=шкафы+купе,strong,True,1.0,60.9,26.1,58.3184,39.2763,19.0421,8,2,-6,query_preference_rubric_v5,d51_query_preference_rubric_v1,ranking_target_margin,,True
шкафы-купе цена Нижний Новгород,https://nn.kupit-shkaf.ru/,https://nizhnij-novgorod.jsprav.ru/proizvodstvo-i-prodazha-shkafov-kupe/,strong,True,1.0,72.4,57.0,64.7043,52.7541,11.9502,9,10,1,query_preference_rubric_v5,d51_query_preference_rubric_v1,ranking_target_margin,,True
шкафы-купе цена Нижний Новгород,https://nn.kupit-shkaf.ru/,https://nizhniynovgorod.mebel-1000.ru/catalogue/korpusnaya-mebel/shkafy-kupe/,uncertain,False,0.0,72.4,66.2,64.7043,62.245,2.4593,9,7,-2,query_preference_rubric_v5,d51_query_preference_rubric_v1,ranking_target_margin,,True
шкафы-купе цена Нижний Новгород,https://nn.kupit-shkaf.ru/,https://nizhny-novgorod.mebelion.ru/mebel/shkafy-kupe/,weak,True,0.5,72.4,60.9,64.7043,58.3184,6.3859,9,8,-1,query_preference_rubric_v5,d51_query_preference_rubric_v1,ranking_target_margin,,True
шкафы-купе цена Нижний Новгород,https://nn.stolplit.ru/internet-magazin/katalog-mebeli/80-shkafy-kupe/,https://nizhnij-novgorod.jsprav.ru/proizvodstvo-i-prodazha-shkafov-kupe/,strong,True,1.0,66.4,57.0,68.1838,52.7541,15.4297,5,10,5,query_preference_rubric_v5,d51_query_preference_rubric_v1,ranking_target_margin,,True
шкафы-купе цена Нижний Новгород,https://nn.stolplit.ru/internet-magazin/katalog-mebeli/80-shkafy-kupe/,https://nizhniynovgorod.mebel-1000.ru/catalogue/korpusnaya-mebel/shkafy-kupe/,weak,True,0.5,66.4,66.2,68.1838,62.245,5.9388,5,7,2,query_preference_rubric_v5,d51_query_preference_rubric_v1,ranking_target_margin,,True
шкафы-купе цена Нижний Новгород,https://nn.stolplit.ru/internet-magazin/katalog-mebeli/80-shkafy-kupe/,https://nizhny-novgorod.mebelion.ru/mebel/shkafy-kupe/,strong,True,1.0,66.4,60.9,68.1838,58.3184,9.8654,5,8,3,query_preference_rubric_v5,d51_query_preference_rubric_v1,ranking_target_margin,,True
шкафы-купе цена Нижний Новгород,https://nn.stolplit.ru/internet-magazin/katalog-mebeli/80-shkafy-kupe/,https://nn.kupit-shkaf.ru/,uncertain,False,0.0,66.4,72.4,68.1838,64.7043,3.4795,5,9,4,query_preference_rubric_v5,d51_query_preference_rubric_v1,ranking_target_margin,,True
шкафы-купе цена Нижний Новгород,https://shkaf-nnov.ru/,https://4nozhki.ru/tovari/shkafi-kupe/nigniy-novgorod/,strong,True,1.0,66.5,16.7,75.1805,33.6517,41.5288,1,3,2,query_preference_rubric_v5,d51_query_preference_rubric_v1,ranking_target_margin,,True
шкафы-купе цена Нижний Новгород,https://shkaf-nnov.ru/,https://nizhnij-novgorod.jsprav.ru/proizvodstvo-i-prodazha-shkafov-kupe/,strong,True,1.0,66.5,57.0,75.1805,52.7541,22.4264,1,10,9,query_preference_rubric_v5,d51_query_preference_rubric_v1,ranking_target_margin,,True
шкафы-купе цена Нижний Новгород,https://shkaf-nnov.ru/,https://nizhniynovgorod.mebel-1000.ru/catalogue/korpusnaya-mebel/shkafy-kupe/,strong,True,1.0,66.5,66.2,75.1805,62.245,12.9355,1,7,6,query_preference_rubric_v5,d51_query_preference_rubric_v1,ranking_target_margin,,True
шкафы-купе цена Нижний Новгород,https://shkaf-nnov.ru/,https://nizhny-novgorod.mebelion.ru/mebel/shkafy-kupe/,strong,True,1.0,66.5,60.9,75.1805,58.3184,16.8621,1,8,7,query_preference_rubric_v5,d51_query_preference_rubric_v1,ranking_target_margin,,True
шкафы-купе цена Нижний Новгород,https://shkaf-nnov.ru/,https://www.avito.ru/nizhniy_novgorod?q=шкафы+купе,strong,True,1.0,66.5,26.1,75.1805,39.2763,35.9042,1,2,1,query_preference_rubric_v5,d51_query_preference_rubric_v1,ranking_target_margin,,True
шкафы-купе цена Нижний Новгород,https://www.avito.ru/nizhniy_novgorod?q=шкафы+купе,https://4nozhki.ru/tovari/shkafi-kupe/nigniy-novgorod/,weak,True,0.5,26.1,16.7,39.2763,33.6517,5.6246,2,3,1,query_preference_rubric_v5,d51_query_preference_rubric_v1,ranking_target_margin,,True
шкафы-купе цена Нижний Новгород,https://www.nn.bestmebelshop.ru/catalog/shkafy-kupe/,https://nizhnij-novgorod.jsprav.ru/proizvodstvo-i-prodazha-shkafov-kupe/,strong,True,1.0,70.6,57.0,71.8939,52.7541,19.1398,4,10,6,query_preference_rubric_v5,d51_query_preference_rubric_v1,ranking_target_margin,,True
шкафы-купе цена Нижний Новгород,https://www.nn.bestmebelshop.ru/catalog/shkafy-kupe/,https://nizhniynovgorod.mebel-1000.ru/catalogue/korpusnaya-mebel/shkafy-kupe/,strong,True,1.0,70.6,66.2,71.8939,62.245,9.6489,4,7,3,query_preference_rubric_v5,d51_query_preference_rubric_v1,ranking_target_margin,,True
шкафы-купе цена Нижний Новгород,https://www.nn.bestmebelshop.ru/catalog/shkafy-kupe/,https://nizhny-novgorod.mebelion.ru/mebel/shkafy-kupe/,strong,True,1.0,70.6,60.9,71.8939,58.3184,13.5755,4,8,4,query_preference_rubric_v5,d51_query_preference_rubric_v1,ranking_target_margin,,True
шкафы-купе цена Нижний Новгород,https://www.nn.bestmebelshop.ru/catalog/shkafy-kupe/,https://nn.kupit-shkaf.ru/,weak,True,0.5,70.6,72.4,71.8939,64.7043,7.1896,4,9,5,query_preference_rubric_v5,d51_query_preference_rubric_v1,ranking_target_margin,,True
шкафы-купе цена Нижний Новгород,https://www.nn.bestmebelshop.ru/catalog/shkafy-kupe/,https://nn.stolplit.ru/internet-magazin/katalog-mebeli/80-shkafy-kupe/,uncertain,False,0.0,70.6,66.4,71.8939,68.1838,3.7101,4,5,1,query_preference_rubric_v5,d51_query_preference_rubric_v1,ranking_target_margin,,True
шкафы-купе цена Новосибирск,http://www.shkaf54.ru/,https://4nozhki.ru/tovari/shkafi-kupe/novosibirsk/,strong,True,1.0,64.2,16.9,57.8267,35.4583,22.3684,10,2,-8,query_preference_rubric_v5,d51_query_preference_rubric_v1,ranking_target_margin,,False
шкафы-купе цена Новосибирск,http://www.shkaf54.ru/,https://novosibirsk.lemanapro.ru/catalogue/shkafy-kupe/,strong,True,1.0,64.2,27.4,57.8267,42.3969,15.4298,10,1,-9,query_preference_rubric_v5,d51_query_preference_rubric_v1,ranking_target_margin,,False
шкафы-купе цена Новосибирск,http://www.shkaf54.ru/,https://nsk.lazurit.com/catalog/668/shkafy-kupe/,strong,True,1.0,64.2,30.1,57.8267,39.8351,17.9916,10,4,-6,query_preference_rubric_v5,d51_query_preference_rubric_v1,ranking_target_margin,,False
шкафы-купе цена Новосибирск,http://www.shkaf54.ru/,https://znatokmebeli.ru/catalog/shkafy-kupe,uncertain,False,0.0,64.2,56.8,57.8267,53.894,3.9327,10,9,-1,query_preference_rubric_v5,d51_query_preference_rubric_v1,ranking_target_margin,,False
шкафы-купе цена Новосибирск,https://mebel-nsk.ru/shkafy/shkafy-kype/,http://www.shkaf54.ru/,weak,True,0.5,61.8,64.2,62.7953,57.8267,4.9686,6,10,4,query_preference_rubric_v5,d51_query_preference_rubric_v1,ranking_target_margin,,False
шкафы-купе цена Новосибирск,https://mebel-nsk.ru/shkafy/shkafy-kype/,https://4nozhki.ru/tovari/shkafi-kupe/novosibirsk/,strong,True,1.0,61.8,16.9,62.7953,35.4583,27.337,6,2,-4,query_preference_rubric_v5,d51_query_preference_rubric_v1,ranking_target_margin,,False
шкафы-купе цена Новосибирск,https://mebel-nsk.ru/shkafy/shkafy-kype/,https://novosibirsk.lemanapro.ru/catalogue/shkafy-kupe/,strong,True,1.0,61.8,27.4,62.7953,42.3969,20.3984,6,1,-5,query_preference_rubric_v5,d51_query_preference_rubric_v1,ranking_target_margin,,False
шкафы-купе цена Новосибирск,https://mebel-nsk.ru/shkafy/shkafy-kype/,https://nsk.lazurit.com/catalog/668/shkafy-kupe/,strong,True,1.0,61.8,30.1,62.7953,39.8351,22.9602,6,4,-2,query_preference_rubric_v5,d51_query_preference_rubric_v1,ranking_target_margin,,False
шкафы-купе цена Новосибирск,https://mebel-nsk.ru/shkafy/shkafy-kype/,https://znatokmebeli.ru/catalog/shkafy-kupe,strong,True,1.0,61.8,56.8,62.7953,53.894,8.9013,6,9,3,query_preference_rubric_v5,d51_query_preference_rubric_v1,ranking_target_margin,,False
шкафы-купе цена Новосибирск,https://mebelny95.ru/novosibirsk/shkafy/shkafy-kupe,http://www.shkaf54.ru/,strong,True,1.0,65.6,64.2,71.2912,57.8267,13.4645,3,10,7,query_preference_rubric_v5,d51_query_preference_rubric_v1,ranking_target_margin,,False
шкафы-купе цена Новосибирск,https://mebelny95.ru/novosibirsk/shkafy/shkafy-kupe,https://4nozhki.ru/tovari/shkafi-kupe/novosibirsk/,strong,True,1.0,65.6,16.9,71.2912,35.4583,35.8329,3,2,-1,query_preference_rubric_v5,d51_query_preference_rubric_v1,ranking_target_margin,,False
шкафы-купе цена Новосибирск,https://mebelny95.ru/novosibirsk/shkafy/shkafy-kupe,https://mebel-nsk.ru/shkafy/shkafy-kype/,strong,True,1.0,65.6,61.8,71.2912,62.7953,8.4959,3,6,3,query_preference_rubric_v5,d51_query_preference_rubric_v1,ranking_target_margin,,False
шкафы-купе цена Новосибирск,https://mebelny95.ru/novosibirsk/shkafy/shkafy-kupe,https://novosibirsk.lemanapro.ru/catalogue/shkafy-kupe/,strong,True,1.0,65.6,27.4,71.2912,42.3969,28.8943,3,1,-2,query_preference_rubric_v5,d51_query_preference_rubric_v1,ranking_target_margin,,False
шкафы-купе цена Новосибирск,https://mebelny95.ru/novosibirsk/shkafy/shkafy-kupe,https://nsk.lazurit.com/catalog/668/shkafy-kupe/,strong,True,1.0,65.6,30.1,71.2912,39.8351,31.4561,3,4,1,query_preference_rubric_v5,d51_query_preference_rubric_v1,ranking_target_margin,,False
шкафы-купе цена Новосибирск,https://mebelny95.ru/novosibirsk/shkafy/shkafy-kupe,https://znatokmebeli.ru/catalog/shkafy-kupe,strong,True,1.0,65.6,56.8,71.2912,53.894,17.3972,3,9,6,query_preference_rubric_v5,d51_query_preference_rubric_v1,ranking_target_margin,,False
шкафы-купе цена Новосибирск,https://mebelti.com/catalog/shkafy-kupe/,http://www.shkaf54.ru/,strong,True,1.0,76.5,64.2,75.0723,57.8267,17.2456,5,10,5,query_preference_rubric_v5,d51_query_preference_rubric_v1,ranking_target_margin,,False
шкафы-купе цена Новосибирск,https://mebelti.com/catalog/shkafy-kupe/,https://4nozhki.ru/tovari/shkafi-kupe/novosibirsk/,strong,True,1.0,76.5,16.9,75.0723,35.4583,39.614,5,2,-3,query_preference_rubric_v5,d51_query_preference_rubric_v1,ranking_target_margin,,False
шкафы-купе цена Новосибирск,https://mebelti.com/catalog/shkafy-kupe/,https://mebel-nsk.ru/shkafy/shkafy-kype/,strong,True,1.0,76.5,61.8,75.0723,62.7953,12.277,5,6,1,query_preference_rubric_v5,d51_query_preference_rubric_v1,ranking_target_margin,,False
шкафы-купе цена Новосибирск,https://mebelti.com/catalog/shkafy-kupe/,https://mebelny95.ru/novosibirsk/shkafy/shkafy-kupe,uncertain,False,0.0,76.5,65.6,75.0723,71.2912,3.7811,5,3,-2,query_preference_rubric_v5,d51_query_preference_rubric_v1,ranking_target_margin,,False
шкафы-купе цена Новосибирск,https://mebelti.com/catalog/shkafy-kupe/,https://novosibirsk.lemanapro.ru/catalogue/shkafy-kupe/,strong,True,1.0,76.5,27.4,75.0723,42.3969,32.6754,5,1,-4,query_preference_rubric_v5,d51_query_preference_rubric_v1,ranking_target_margin,,False
шкафы-купе цена Новосибирск,https://mebelti.com/catalog/shkafy-kupe/,https://nsk.lazurit.com/catalog/668/shkafy-kupe/,strong,True,1.0,76.5,30.1,75.0723,39.8351,35.2372,5,4,-1,query_preference_rubric_v5,d51_query_preference_rubric_v1,ranking_target_margin,,False
шкафы-купе цена Новосибирск,https://mebelti.com/catalog/shkafy-kupe/,https://shkaf-kupe-novosibirsk.ru/,weak,True,0.5,76.5,76.7,75.0723,69.8332,5.2391,5,8,3,query_preference_rubric_v5,d51_query_preference_rubric_v1,ranking_target_margin,,False
шкафы-купе цена Новосибирск,https://mebelti.com/catalog/shkafy-kupe/,https://www.kuhni-nsk.ru/catalog/shkafy_kupe/,uncertain,False,0.0,76.5,77.3,75.0723,72.2592,2.8131,5,7,2,query_preference_rubric_v5,d51_query_preference_rubric_v1,ranking_target_margin,,False
шкафы-купе цена Новосибирск,https://mebelti.com/catalog/shkafy-kupe/,https://znatokmebeli.ru/catalog/shkafy-kupe,strong,True,1.0,76.5,56.8,75.0723,53.894,21.1783,5,9,4,query_preference_rubric_v5,d51_query_preference_rubric_v1,ranking_target_margin,,False
шкафы-купе цена Новосибирск,https://novosibirsk.lemanapro.ru/catalogue/shkafy-kupe/,https://4nozhki.ru/tovari/shkafi-kupe/novosibirsk/,weak,True,0.5,27.4,16.9,42.3969,35.4583,6.9386,1,2,1,query_preference_rubric_v5,d51_query_preference_rubric_v1,ranking_target_margin,,False
шкафы-купе цена Новосибирск,https://novosibirsk.lemanapro.ru/catalogue/shkafy-kupe/,https://nsk.lazurit.com/catalog/668/shkafy-kupe/,uncertain,False,0.0,27.4,30.1,42.3969,39.8351,2.5618,1,4,3,query_preference_rubric_v5,d51_query_preference_rubric_v1,ranking_target_margin,,False
шкафы-купе цена Новосибирск,https://nsk.lazurit.com/catalog/668/shkafy-kupe/,https://4nozhki.ru/tovari/shkafi-kupe/novosibirsk/,weak,True,0.5,30.1,16.9,39.8351,35.4583,4.3768,4,2,-2,query_preference_rubric_v5,d51_query_preference_rubric_v1,ranking_target_margin,,False
шкафы-купе цена Новосибирск,https://shkaf-kupe-novosibirsk.ru/,http://www.shkaf54.ru/,strong,True,1.0,76.7,64.2,69.8332,57.8267,12.0065,8,10,2,query_preference_rubric_v5,d51_query_preference_rubric_v1,ranking_target_margin,,False
шкафы-купе цена Новосибирск,https://shkaf-kupe-novosibirsk.ru/,https://4nozhki.ru/tovari/shkafi-kupe/novosibirsk/,strong,True,1.0,76.7,16.9,69.8332,35.4583,34.3749,8,2,-6,query_preference_rubric_v5,d51_query_preference_rubric_v1,ranking_target_margin,,False
шкафы-купе цена Новосибирск,https://shkaf-kupe-novosibirsk.ru/,https://mebel-nsk.ru/shkafy/shkafy-kype/,weak,True,0.5,76.7,61.8,69.8332,62.7953,7.0379,8,6,-2,query_preference_rubric_v5,d51_query_preference_rubric_v1,ranking_target_margin,,False
шкафы-купе цена Новосибирск,https://shkaf-kupe-novosibirsk.ru/,https://novosibirsk.lemanapro.ru/catalogue/shkafy-kupe/,strong,True,1.0,76.7,27.4,69.8332,42.3969,27.4363,8,1,-7,query_preference_rubric_v5,d51_query_preference_rubric_v1,ranking_target_margin,,False
шкафы-купе цена Новосибирск,https://shkaf-kupe-novosibirsk.ru/,https://nsk.lazurit.com/catalog/668/shkafy-kupe/,strong,True,1.0,76.7,30.1,69.8332,39.8351,29.9981,8,4,-4,query_preference_rubric_v5,d51_query_preference_rubric_v1,ranking_target_margin,,False
шкафы-купе цена Новосибирск,https://shkaf-kupe-novosibirsk.ru/,https://znatokmebeli.ru/catalog/shkafy-kupe,strong,True,1.0,76.7,56.8,69.8332,53.894,15.9392,8,9,1,query_preference_rubric_v5,d51_query_preference_rubric_v1,ranking_target_margin,,False
шкафы-купе цена Новосибирск,https://www.kuhni-nsk.ru/catalog/shkafy_kupe/,http://www.shkaf54.ru/,strong,True,1.0,77.3,64.2,72.2592,57.8267,14.4325,7,10,3,query_preference_rubric_v5,d51_query_preference_rubric_v1,ranking_target_margin,,False
шкафы-купе цена Новосибирск,https://www.kuhni-nsk.ru/catalog/shkafy_kupe/,https://4nozhki.ru/tovari/shkafi-kupe/novosibirsk/,strong,True,1.0,77.3,16.9,72.2592,35.4583,36.8009,7,2,-5,query_preference_rubric_v5,d51_query_preference_rubric_v1,ranking_target_margin,,False
шкафы-купе цена Новосибирск,https://www.kuhni-nsk.ru/catalog/shkafy_kupe/,https://mebel-nsk.ru/shkafy/shkafy-kype/,strong,True,1.0,77.3,61.8,72.2592,62.7953,9.4639,7,6,-1,query_preference_rubric_v5,d51_query_preference_rubric_v1,ranking_target_margin,,False
шкафы-купе цена Новосибирск,https://www.kuhni-nsk.ru/catalog/shkafy_kupe/,https://novosibirsk.lemanapro.ru/catalogue/shkafy-kupe/,strong,True,1.0,77.3,27.4,72.2592,42.3969,29.8623,7,1,-6,query_preference_rubric_v5,d51_query_preference_rubric_v1,ranking_target_margin,,False
шкафы-купе цена Новосибирск,https://www.kuhni-nsk.ru/catalog/shkafy_kupe/,https://nsk.lazurit.com/catalog/668/shkafy-kupe/,strong,True,1.0,77.3,30.1,72.2592,39.8351,32.4241,7,4,-3,query_preference_rubric_v5,d51_query_preference_rubric_v1,ranking_target_margin,,False
шкафы-купе цена Новосибирск,https://www.kuhni-nsk.ru/catalog/shkafy_kupe/,https://shkaf-kupe-novosibirsk.ru/,uncertain,False,0.0,77.3,76.7,72.2592,69.8332,2.426,7,8,1,query_preference_rubric_v5,d51_query_preference_rubric_v1,ranking_target_margin,,False
шкафы-купе цена Новосибирск,https://www.kuhni-nsk.ru/catalog/shkafy_kupe/,https://znatokmebeli.ru/catalog/shkafy-kupe,strong,True,1.0,77.3,56.8,72.2592,53.894,18.3652,7,9,2,query_preference_rubric_v5,d51_query_preference_rubric_v1,ranking_target_margin,,False
шкафы-купе цена Новосибирск,https://znatokmebeli.ru/catalog/shkafy-kupe,https://4nozhki.ru/tovari/shkafi-kupe/novosibirsk/,strong,True,1.0,56.8,16.9,53.894,35.4583,18.4357,9,2,-7,query_preference_rubric_v5,d51_query_preference_rubric_v1,ranking_target_margin,,False
шкафы-купе цена Новосибирск,https://znatokmebeli.ru/catalog/shkafy-kupe,https://novosibirsk.lemanapro.ru/catalogue/shkafy-kupe/,strong,True,1.0,56.8,27.4,53.894,42.3969,11.4971,9,1,-8,query_preference_rubric_v5,d51_query_preference_rubric_v1,ranking_target_margin,,False
шкафы-купе цена Новосибирск,https://znatokmebeli.ru/catalog/shkafy-kupe,https://nsk.lazurit.com/catalog/668/shkafy-kupe/,strong,True,1.0,56.8,30.1,53.894,39.8351,14.0589,9,4,-5,query_preference_rubric_v5,d51_query_preference_rubric_v1,ranking_target_margin,,False
шкафы-купе цена Самара,https://bigmebel-samara.ru/shkafy-kupe/,https://felicitamebel.ru/shkafy-kupe-v-samare-na-zakaz/,weak,True,0.5,73.5,64.8,65.1297,59.9528,5.1769,10,9,-1,query_preference_rubric_v5,d51_query_preference_rubric_v1,ranking_target_margin,,False
шкафы-купе цена Самара,https://bigmebel-samara.ru/shkafy-kupe/,https://samara.lemanapro.ru/catalogue/shkafy-kupe/,strong,True,1.0,73.5,27.1,65.1297,42.1345,22.9952,10,1,-9,query_preference_rubric_v5,d51_query_preference_rubric_v1,ranking_target_margin,,False
шкафы-купе цена Самара,https://bigmebel-samara.ru/shkafy-kupe/,https://www.avito.ru/samara?q=шкаф+купе,strong,True,1.0,73.5,24.6,65.1297,31.3579,33.7718,10,6,-4,query_preference_rubric_v5,d51_query_preference_rubric_v1,ranking_target_margin,,False
шкафы-купе цена Самара,https://felicitamebel.ru/shkafy-kupe-v-samare-na-zakaz/,https://samara.lemanapro.ru/catalogue/shkafy-kupe/,strong,True,1.0,64.8,27.1,59.9528,42.1345,17.8183,9,1,-8,query_preference_rubric_v5,d51_query_preference_rubric_v1,ranking_target_margin,,False
шкафы-купе цена Самара,https://felicitamebel.ru/shkafy-kupe-v-samare-na-zakaz/,https://www.avito.ru/samara?q=шкаф+купе,strong,True,1.0,64.8,24.6,59.9528,31.3579,28.5949,9,6,-3,query_preference_rubric_v5,d51_query_preference_rubric_v1,ranking_target_margin,,False
шкафы-купе цена Самара,https://mariya-mebell.ru/product-category/shkafy-kupe/,https://felicitamebel.ru/shkafy-kupe-v-samare-na-zakaz/,weak,True,0.5,68.3,64.8,64.354,59.9528,4.4012,8,9,1,query_preference_rubric_v5,d51_query_preference_rubric_v1,ranking_target_margin,,False
шкафы-купе цена Самара,https://mariya-mebell.ru/product-category/shkafy-kupe/,https://samara.lemanapro.ru/catalogue/shkafy-kupe/,strong,True,1.0,68.3,27.1,64.354,42.1345,22.2195,8,1,-7,query_preference_rubric_v5,d51_query_preference_rubric_v1,ranking_target_margin,,False
шкафы-купе цена Самара,https://mariya-mebell.ru/product-category/shkafy-kupe/,https://www.avito.ru/samara?q=шкаф+купе,strong,True,1.0,68.3,24.6,64.354,31.3579,32.9961,8,6,-2,query_preference_rubric_v5,d51_query_preference_rubric_v1,ranking_target_margin,,False
шкафы-купе цена Самара,https://mebel-kega.ru/shkafy/shkafy-kupe,https://bigmebel-samara.ru/shkafy-kupe/,uncertain,False,0.0,65.2,73.5,68.2077,65.1297,3.078,5,10,5,query_preference_rubric_v5,d51_query_preference_rubric_v1,ranking_target_margin,,False
шкафы-купе цена Самара,https://mebel-kega.ru/shkafy/shkafy-kupe,https://felicitamebel.ru/shkafy-kupe-v-samare-na-zakaz/,strong,True,1.0,65.2,64.8,68.2077,59.9528,8.2549,5,9,4,query_preference_rubric_v5,d51_query_preference_rubric_v1,ranking_target_margin,,False
шкафы-купе цена Самара,https://mebel-kega.ru/shkafy/shkafy-kupe,https://mariya-mebell.ru/product-category/shkafy-kupe/,uncertain,False,0.0,65.2,68.3,68.2077,64.354,3.8537,5,8,3,query_preference_rubric_v5,d51_query_preference_rubric_v1,ranking_target_margin,,False
шкафы-купе цена Самара,https://mebel-kega.ru/shkafy/shkafy-kupe,https://samara.lemanapro.ru/catalogue/shkafy-kupe/,strong,True,1.0,65.2,27.1,68.2077,42.1345,26.0732,5,1,-4,query_preference_rubric_v5,d51_query_preference_rubric_v1,ranking_target_margin,,False
шкафы-купе цена Самара,https://mebel-kega.ru/shkafy/shkafy-kupe,https://www.avito.ru/samara?q=шкаф+купе,strong,True,1.0,65.2,24.6,68.2077,31.3579,36.8498,5,6,1,query_preference_rubric_v5,d51_query_preference_rubric_v1,ranking_target_margin,,False
шкафы-купе цена Самара,https://mebeldom63.ru/cat/shkafyi/shkafy-kupe/,https://bigmebel-samara.ru/shkafy-kupe/,strong,True,1.0,72.2,73.5,75.5052,65.1297,10.3755,3,10,7,query_preference_rubric_v5,d51_query_preference_rubric_v1,ranking_target_margin,,False
шкафы-купе цена Самара,https://mebeldom63.ru/cat/shkafyi/shkafy-kupe/,https://felicitamebel.ru/shkafy-kupe-v-samare-na-zakaz/,strong,True,1.0,72.2,64.8,75.5052,59.9528,15.5524,3,9,6,query_preference_rubric_v5,d51_query_preference_rubric_v1,ranking_target_margin,,False
шкафы-купе цена Самара,https://mebeldom63.ru/cat/shkafyi/shkafy-kupe/,https://mariya-mebell.ru/product-category/shkafy-kupe/,strong,True,1.0,72.2,68.3,75.5052,64.354,11.1512,3,8,5,query_preference_rubric_v5,d51_query_preference_rubric_v1,ranking_target_margin,,False
шкафы-купе цена Самара,https://mebeldom63.ru/cat/shkafyi/shkafy-kupe/,https://mebel-kega.ru/shkafy/shkafy-kupe,weak,True,0.5,72.2,65.2,75.5052,68.2077,7.2975,3,5,2,query_preference_rubric_v5,d51_query_preference_rubric_v1,ranking_target_margin,,False
шкафы-купе цена Самара,https://mebeldom63.ru/cat/shkafyi/shkafy-kupe/,https://sam-mebel.ru/,weak,True,0.5,72.2,63.4,75.5052,70.9782,4.527,3,2,-1,query_preference_rubric_v5,d51_query_preference_rubric_v1,ranking_target_margin,,False
шкафы-купе цена Самара,https://mebeldom63.ru/cat/shkafyi/shkafy-kupe/,https://samara.bestmebelshop.ru/catalog/shkafy-kupe/,weak,True,0.5,72.2,72.0,75.5052,68.109,7.3962,3,7,4,query_preference_rubric_v5,d51_query_preference_rubric_v1,ranking_target_margin,,False
шкафы-купе цена Самара,https://mebeldom63.ru/cat/shkafyi/shkafy-kupe/,https://samara.lemanapro.ru/catalogue/shkafy-kupe/,strong,True,1.0,72.2,27.1,75.5052,42.1345,33.3707,3,1,-2,query_preference_rubric_v5,d51_query_preference_rubric_v1,ranking_target_margin,,False
шкафы-купе цена Самара,https://mebeldom63.ru/cat/shkafyi/shkafy-kupe/,https://www.avito.ru/samara?q=шкаф+купе,strong,True,1.0,72.2,24.6,75.5052,31.3579,44.1473,3,6,3,query_preference_rubric_v5,d51_query_preference_rubric_v1,ranking_target_margin,,False
шкафы-купе цена Самара,https://mebeldom63.ru/cat/shkafyi/shkafy-kupe/,https://www.e-1.ru/city/samara/,uncertain,False,0.0,72.2,71.1,75.5052,72.9745,2.5307,3,4,1,query_preference_rubric_v5,d51_query_preference_rubric_v1,ranking_target_margin,,False
шкафы-купе цена Самара,https://sam-mebel.ru/,https://bigmebel-samara.ru/shkafy-kupe/,weak,True,0.5,63.4,73.5,70.9782,65.1297,5.8485,2,10,8,query_preference_rubric_v5,d51_query_preference_rubric_v1,ranking_target_margin,,False
шкафы-купе цена Самара,https://sam-mebel.ru/,https://felicitamebel.ru/shkafy-kupe-v-samare-na-zakaz/,strong,True,1.0,63.4,64.8,70.9782,59.9528,11.0254,2,9,7,query_preference_rubric_v5,d51_query_preference_rubric_v1,ranking_target_margin,,False
шкафы-купе цена Самара,https://sam-mebel.ru/,https://mariya-mebell.ru/product-category/shkafy-kupe/,weak,True,0.5,63.4,68.3,70.9782,64.354,6.6242,2,8,6,query_preference_rubric_v5,d51_query_preference_rubric_v1,ranking_target_margin,,False
шкафы-купе цена Самара,https://sam-mebel.ru/,https://mebel-kega.ru/shkafy/shkafy-kupe,uncertain,False,0.0,63.4,65.2,70.9782,68.2077,2.7705,2,5,3,query_preference_rubric_v5,d51_query_preference_rubric_v1,ranking_target_margin,,False
шкафы-купе цена Самара,https://sam-mebel.ru/,https://samara.bestmebelshop.ru/catalog/shkafy-kupe/,uncertain,False,0.0,63.4,72.0,70.9782,68.109,2.8692,2,7,5,query_preference_rubric_v5,d51_query_preference_rubric_v1,ranking_target_margin,,False
шкафы-купе цена Самара,https://sam-mebel.ru/,https://samara.lemanapro.ru/catalogue/shkafy-kupe/,strong,True,1.0,63.4,27.1,70.9782,42.1345,28.8437,2,1,-1,query_preference_rubric_v5,d51_query_preference_rubric_v1,ranking_target_margin,,False
шкафы-купе цена Самара,https://sam-mebel.ru/,https://www.avito.ru/samara?q=шкаф+купе,strong,True,1.0,63.4,24.6,70.9782,31.3579,39.6203,2,6,4,query_preference_rubric_v5,d51_query_preference_rubric_v1,ranking_target_margin,,False
шкафы-купе цена Самара,https://samara.bestmebelshop.ru/catalog/shkafy-kupe/,https://bigmebel-samara.ru/shkafy-kupe/,uncertain,False,0.0,72.0,73.5,68.109,65.1297,2.9793,7,10,3,query_preference_rubric_v5,d51_query_preference_rubric_v1,ranking_target_margin,,False
шкафы-купе цена Самара,https://samara.bestmebelshop.ru/catalog/shkafy-kupe/,https://felicitamebel.ru/shkafy-kupe-v-samare-na-zakaz/,strong,True,1.0,72.0,64.8,68.109,59.9528,8.1562,7,9,2,query_preference_rubric_v5,d51_query_preference_rubric_v1,ranking_target_margin,,False
шкафы-купе цена Самара,https://samara.bestmebelshop.ru/catalog/shkafy-kupe/,https://mariya-mebell.ru/product-category/shkafy-kupe/,uncertain,False,0.0,72.0,68.3,68.109,64.354,3.755,7,8,1,query_preference_rubric_v5,d51_query_preference_rubric_v1,ranking_target_margin,,False
шкафы-купе цена Самара,https://samara.bestmebelshop.ru/catalog/shkafy-kupe/,https://samara.lemanapro.ru/catalogue/shkafy-kupe/,strong,True,1.0,72.0,27.1,68.109,42.1345,25.9745,7,1,-6,query_preference_rubric_v5,d51_query_preference_rubric_v1,ranking_target_margin,,False
шкафы-купе цена Самара,https://samara.bestmebelshop.ru/catalog/shkafy-kupe/,https://www.avito.ru/samara?q=шкаф+купе,strong,True,1.0,72.0,24.6,68.109,31.3579,36.7511,7,6,-1,query_preference_rubric_v5,d51_query_preference_rubric_v1,ranking_target_margin,,False
шкафы-купе цена Самара,https://samara.lemanapro.ru/catalogue/shkafy-kupe/,https://www.avito.ru/samara?q=шкаф+купе,strong,True,1.0,27.1,24.6,42.1345,31.3579,10.7766,1,6,5,query_preference_rubric_v5,d51_query_preference_rubric_v1,ranking_target_margin,,False
шкафы-купе цена Самара,https://www.e-1.ru/city/samara/,https://bigmebel-samara.ru/shkafy-kupe/,weak,True,0.5,71.1,73.5,72.9745,65.1297,7.8448,4,10,6,query_preference_rubric_v5,d51_query_preference_rubric_v1,ranking_target_margin,,False
шкафы-купе цена Самара,https://www.e-1.ru/city/samara/,https://felicitamebel.ru/shkafy-kupe-v-samare-na-zakaz/,strong,True,1.0,71.1,64.8,72.9745,59.9528,13.0217,4,9,5,query_preference_rubric_v5,d51_query_preference_rubric_v1,ranking_target_margin,,False
шкафы-купе цена Самара,https://www.e-1.ru/city/samara/,https://mariya-mebell.ru/product-category/shkafy-kupe/,strong,True,1.0,71.1,68.3,72.9745,64.354,8.6205,4,8,4,query_preference_rubric_v5,d51_query_preference_rubric_v1,ranking_target_margin,,False
шкафы-купе цена Самара,https://www.e-1.ru/city/samara/,https://mebel-kega.ru/shkafy/shkafy-kupe,weak,True,0.5,71.1,65.2,72.9745,68.2077,4.7668,4,5,1,query_preference_rubric_v5,d51_query_preference_rubric_v1,ranking_target_margin,,False
шкафы-купе цена Самара,https://www.e-1.ru/city/samara/,https://samara.bestmebelshop.ru/catalog/shkafy-kupe/,weak,True,0.5,71.1,72.0,72.9745,68.109,4.8655,4,7,3,query_preference_rubric_v5,d51_query_preference_rubric_v1,ranking_target_margin,,False
шкафы-купе цена Самара,https://www.e-1.ru/city/samara/,https://samara.lemanapro.ru/catalogue/shkafy-kupe/,strong,True,1.0,71.1,27.1,72.9745,42.1345,30.84,4,1,-3,query_preference_rubric_v5,d51_query_preference_rubric_v1,ranking_target_margin,,False
шкафы-купе цена Самара,https://www.e-1.ru/city/samara/,https://www.avito.ru/samara?q=шкаф+купе,strong,True,1.0,71.1,24.6,72.9745,31.3579,41.6166,4,6,2,query_preference_rubric_v5,d51_query_preference_rubric_v1,ranking_target_margin,,False
шкафы-купе цена Санкт-Петербург,https://kupehouse.ru/,https://nonton.ru/mebel/shkafy/shkafy-kupe/,weak,True,0.5,80.0,72.4,84.4989,76.5075,7.9914,1,3,2,query_preference_rubric_v5,d51_query_preference_rubric_v1,ranking_target_margin,,False
шкафы-купе цена Санкт-Петербург,https://kupehouse.ru/,https://sankt-peterburg.good-mebel.com/category/shkafy-kupe/,strong,True,1.0,80.0,76.0,84.4989,66.2554,18.2435,1,10,9,query_preference_rubric_v5,d51_query_preference_rubric_v1,ranking_target_margin,,False
шкафы-купе цена Санкт-Петербург,https://kupehouse.ru/,https://shkaf-v-spb.ru/shkaf-kupe-na-zakaz,strong,True,1.0,80.0,63.9,84.4989,61.4933,23.0056,1,8,7,query_preference_rubric_v5,d51_query_preference_rubric_v1,ranking_target_margin,,False
шкафы-купе цена Санкт-Петербург,https://kupehouse.ru/,https://spb.lemanapro.ru/catalogue/shkafy-kupe/,strong,True,1.0,80.0,26.1,84.4989,31.2576,53.2413,1,7,6,query_preference_rubric_v5,d51_query_preference_rubric_v1,ranking_target_margin,,False
шкафы-купе цена Санкт-Петербург,https://kupehouse.ru/,https://spb.shkaf-kupe.ru/category/shkafy-kupe/,strong,True,1.0,80.0,75.3,84.4989,74.0911,10.4078,1,5,4,query_preference_rubric_v5,d51_query_preference_rubric_v1,ranking_target_margin,,False
шкафы-купе цена Санкт-Петербург,https://kupehouse.ru/,https://spb.shkafplus.ru/,strong,True,1.0,80.0,66.8,84.4989,61.4595,23.0394,1,9,8,query_preference_rubric_v5,d51_query_preference_rubric_v1,ranking_target_margin,,False
шкафы-купе цена Санкт-Петербург,https://kupehouse.ru/,https://spb.stolplit.ru/internet-magazin/katalog-mebeli/80-shkafy-kupe/,strong,True,1.0,80.0,70.1,84.4989,76.314,8.1849,1,2,1,query_preference_rubric_v5,d51_query_preference_rubric_v1,ranking_target_margin,,False
шкафы-купе цена Санкт-Петербург,https://kupehouse.ru/,https://www.kupenadom.ru/,strong,True,1.0,80.0,77.2,84.4989,73.7485,10.7504,1,6,5,query_preference_rubric_v5,d51_query_preference_rubric_v1,ranking_target_margin,,False
шкафы-купе цена Санкт-Петербург,https://kupehouse.ru/,https://www.spb.bestmebelshop.ru/catalog/shkafy-kupe/,strong,True,1.0,80.0,73.5,84.4989,74.4612,10.0377,1,4,3,query_preference_rubric_v5,d51_query_preference_rubric_v1,ranking_target_margin,,False
шкафы-купе цена Санкт-Петербург,https://nonton.ru/mebel/shkafy/shkafy-kupe/,https://sankt-peterburg.good-mebel.com/category/shkafy-kupe/,strong,True,1.0,72.4,76.0,76.5075,66.2554,10.2521,3,10,7,query_preference_rubric_v5,d51_query_preference_rubric_v1,ranking_target_margin,,False
шкафы-купе цена Санкт-Петербург,https://nonton.ru/mebel/shkafy/shkafy-kupe/,https://shkaf-v-spb.ru/shkaf-kupe-na-zakaz,strong,True,1.0,72.4,63.9,76.5075,61.4933,15.0142,3,8,5,query_preference_rubric_v5,d51_query_preference_rubric_v1,ranking_target_margin,,False
шкафы-купе цена Санкт-Петербург,https://nonton.ru/mebel/shkafy/shkafy-kupe/,https://spb.lemanapro.ru/catalogue/shkafy-kupe/,strong,True,1.0,72.4,26.1,76.5075,31.2576,45.2499,3,7,4,query_preference_rubric_v5,d51_query_preference_rubric_v1,ranking_target_margin,,False
шкафы-купе цена Санкт-Петербург,https://nonton.ru/mebel/shkafy/shkafy-kupe/,https://spb.shkaf-kupe.ru/category/shkafy-kupe/,uncertain,False,0.0,72.4,75.3,76.5075,74.0911,2.4164,3,5,2,query_preference_rubric_v5,d51_query_preference_rubric_v1,ranking_target_margin,,False
шкафы-купе цена Санкт-Петербург,https://nonton.ru/mebel/shkafy/shkafy-kupe/,https://spb.shkafplus.ru/,strong,True,1.0,72.4,66.8,76.5075,61.4595,15.048,3,9,6,query_preference_rubric_v5,d51_query_preference_rubric_v1,ranking_target_margin,,False
шкафы-купе цена Санкт-Петербург,https://nonton.ru/mebel/shkafy/shkafy-kupe/,https://www.kupenadom.ru/,uncertain,False,0.0,72.4,77.2,76.5075,73.7485,2.759,3,6,3,query_preference_rubric_v5,d51_query_preference_rubric_v1,ranking_target_margin,,False
шкафы-купе цена Санкт-Петербург,https://nonton.ru/mebel/shkafy/shkafy-kupe/,https://www.spb.bestmebelshop.ru/catalog/shkafy-kupe/,uncertain,False,0.0,72.4,73.5,76.5075,74.4612,2.0463,3,4,1,query_preference_rubric_v5,d51_query_preference_rubric_v1,ranking_target_margin,,False
шкафы-купе цена Санкт-Петербург,https://sankt-peterburg.good-mebel.com/category/shkafy-kupe/,https://shkaf-v-spb.ru/shkaf-kupe-na-zakaz,weak,True,0.5,76.0,63.9,66.2554,61.4933,4.7621,10,8,-2,query_preference_rubric_v5,d51_query_preference_rubric_v1,ranking_target_margin,,False
шкафы-купе цена Санкт-Петербург,https://sankt-peterburg.good-mebel.com/category/shkafy-kupe/,https://spb.lemanapro.ru/catalogue/shkafy-kupe/,strong,True,1.0,76.0,26.1,66.2554,31.2576,34.9978,10,7,-3,query_preference_rubric_v5,d51_query_preference_rubric_v1,ranking_target_margin,,False
шкафы-купе цена Санкт-Петербург,https://sankt-peterburg.good-mebel.com/category/shkafy-kupe/,https://spb.shkafplus.ru/,weak,True,0.5,76.0,66.8,66.2554,61.4595,4.7959,10,9,-1,query_preference_rubric_v5,d51_query_preference_rubric_v1,ranking_target_margin,,False
шкафы-купе цена Санкт-Петербург,https://shkaf-v-spb.ru/shkaf-kupe-na-zakaz,https://spb.lemanapro.ru/catalogue/shkafy-kupe/,strong,True,1.0,63.9,26.1,61.4933,31.2576,30.2357,8,7,-1,query_preference_rubric_v5,d51_query_preference_rubric_v1,ranking_target_margin,,False
шкафы-купе цена Санкт-Петербург,https://spb.shkaf-kupe.ru/category/shkafy-kupe/,https://sankt-peterburg.good-mebel.com/category/shkafy-kupe/,weak,True,0.5,75.3,76.0,74.0911,66.2554,7.8357,5,10,5,query_preference_rubric_v5,d51_query_preference_rubric_v1,ranking_target_margin,,False
шкафы-купе цена Санкт-Петербург,https://spb.shkaf-kupe.ru/category/shkafy-kupe/,https://shkaf-v-spb.ru/shkaf-kupe-na-zakaz,strong,True,1.0,75.3,63.9,74.0911,61.4933,12.5978,5,8,3,query_preference_rubric_v5,d51_query_preference_rubric_v1,ranking_target_margin,,False
шкафы-купе цена Санкт-Петербург,https://spb.shkaf-kupe.ru/category/shkafy-kupe/,https://spb.lemanapro.ru/catalogue/shkafy-kupe/,strong,True,1.0,75.3,26.1,74.0911,31.2576,42.8335,5,7,2,query_preference_rubric_v5,d51_query_preference_rubric_v1,ranking_target_margin,,False
шкафы-купе цена Санкт-Петербург,https://spb.shkaf-kupe.ru/category/shkafy-kupe/,https://spb.shkafplus.ru/,strong,True,1.0,75.3,66.8,74.0911,61.4595,12.6316,5,9,4,query_preference_rubric_v5,d51_query_preference_rubric_v1,ranking_target_margin,,False
шкафы-купе цена Санкт-Петербург,https://spb.shkafplus.ru/,https://spb.lemanapro.ru/catalogue/shkafy-kupe/,strong,True,1.0,66.8,26.1,61.4595,31.2576,30.2019,9,7,-2,query_preference_rubric_v5,d51_query_preference_rubric_v1,ranking_target_margin,,False
шкафы-купе цена Санкт-Петербург,https://spb.stolplit.ru/internet-magazin/katalog-mebeli/80-shkafy-kupe/,https://sankt-peterburg.good-mebel.com/category/shkafy-kupe/,strong,True,1.0,70.1,76.0,76.314,66.2554,10.0586,2,10,8,query_preference_rubric_v5,d51_query_preference_rubric_v1,ranking_target_margin,,False
шкафы-купе цена Санкт-Петербург,https://spb.stolplit.ru/internet-magazin/katalog-mebeli/80-shkafy-kupe/,https://shkaf-v-spb.ru/shkaf-kupe-na-zakaz,strong,True,1.0,70.1,63.9,76.314,61.4933,14.8207,2,8,6,query_preference_rubric_v5,d51_query_preference_rubric_v1,ranking_target_margin,,False
шкафы-купе цена Санкт-Петербург,https://spb.stolplit.ru/internet-magazin/katalog-mebeli/80-shkafy-kupe/,https://spb.lemanapro.ru/catalogue/shkafy-kupe/,strong,True,1.0,70.1,26.1,76.314,31.2576,45.0564,2,7,5,query_preference_rubric_v5,d51_query_preference_rubric_v1,ranking_target_margin,,False
шкафы-купе цена Санкт-Петербург,https://spb.stolplit.ru/internet-magazin/katalog-mebeli/80-shkafy-kupe/,https://spb.shkaf-kupe.ru/category/shkafy-kupe/,uncertain,False,0.0,70.1,75.3,76.314,74.0911,2.2229,2,5,3,query_preference_rubric_v5,d51_query_preference_rubric_v1,ranking_target_margin,,False
шкафы-купе цена Санкт-Петербург,https://spb.stolplit.ru/internet-magazin/katalog-mebeli/80-shkafy-kupe/,https://spb.shkafplus.ru/,strong,True,1.0,70.1,66.8,76.314,61.4595,14.8545,2,9,7,query_preference_rubric_v5,d51_query_preference_rubric_v1,ranking_target_margin,,False
шкафы-купе цена Санкт-Петербург,https://spb.stolplit.ru/internet-magazin/katalog-mebeli/80-shkafy-kupe/,https://www.kupenadom.ru/,uncertain,False,0.0,70.1,77.2,76.314,73.7485,2.5655,2,6,4,query_preference_rubric_v5,d51_query_preference_rubric_v1,ranking_target_margin,,False
шкафы-купе цена Санкт-Петербург,https://www.kupenadom.ru/,https://sankt-peterburg.good-mebel.com/category/shkafy-kupe/,weak,True,0.5,77.2,76.0,73.7485,66.2554,7.4931,6,10,4,query_preference_rubric_v5,d51_query_preference_rubric_v1,ranking_target_margin,,False
шкафы-купе цена Санкт-Петербург,https://www.kupenadom.ru/,https://shkaf-v-spb.ru/shkaf-kupe-na-zakaz,strong,True,1.0,77.2,63.9,73.7485,61.4933,12.2552,6,8,2,query_preference_rubric_v5,d51_query_preference_rubric_v1,ranking_target_margin,,False
шкафы-купе цена Санкт-Петербург,https://www.kupenadom.ru/,https://spb.lemanapro.ru/catalogue/shkafy-kupe/,strong,True,1.0,77.2,26.1,73.7485,31.2576,42.4909,6,7,1,query_preference_rubric_v5,d51_query_preference_rubric_v1,ranking_target_margin,,False
шкафы-купе цена Санкт-Петербург,https://www.kupenadom.ru/,https://spb.shkafplus.ru/,strong,True,1.0,77.2,66.8,73.7485,61.4595,12.289,6,9,3,query_preference_rubric_v5,d51_query_preference_rubric_v1,ranking_target_margin,,False
шкафы-купе цена Санкт-Петербург,https://www.spb.bestmebelshop.ru/catalog/shkafy-kupe/,https://sankt-peterburg.good-mebel.com/category/shkafy-kupe/,strong,True,1.0,73.5,76.0,74.4612,66.2554,8.2058,4,10,6,query_preference_rubric_v5,d51_query_preference_rubric_v1,ranking_target_margin,,False
шкафы-купе цена Санкт-Петербург,https://www.spb.bestmebelshop.ru/catalog/shkafy-kupe/,https://shkaf-v-spb.ru/shkaf-kupe-na-zakaz,strong,True,1.0,73.5,63.9,74.4612,61.4933,12.9679,4,8,4,query_preference_rubric_v5,d51_query_preference_rubric_v1,ranking_target_margin,,False
шкафы-купе цена Санкт-Петербург,https://www.spb.bestmebelshop.ru/catalog/shkafy-kupe/,https://spb.lemanapro.ru/catalogue/shkafy-kupe/,strong,True,1.0,73.5,26.1,74.4612,31.2576,43.2036,4,7,3,query_preference_rubric_v5,d51_query_preference_rubric_v1,ranking_target_margin,,False
шкафы-купе цена Санкт-Петербург,https://www.spb.bestmebelshop.ru/catalog/shkafy-kupe/,https://spb.shkafplus.ru/,strong,True,1.0,73.5,66.8,74.4612,61.4595,13.0017,4,9,5,query_preference_rubric_v5,d51_query_preference_rubric_v1,ranking_target_margin,,False
