query,category,intent,city,region_code,top_n,pages_to_scan,target_topic,query_focus,positive_page_pattern,negative_page_traps
козловой кран купить,industrial_cranes,commercial,,,10,2,козловые краны и промышленное грузоподъемное оборудование,покупка козлового крана,страница должна явно отвечать на потребность: покупка козлового крана; нужна коммерческая посадочная внутри темы: козловые краны и промышленное грузоподъемное оборудование; нужна возможность покупки заказа заявки консультации или подбора конкретного предложения,"мусор: страница не раскрывает покупка козлового крана, даже если у нее хороший title текст или коммерческие блоки; hard-negative из другой тематики: винный магазин; ремонт квартир; общая главная без козловых кранов; статьи про птиц или строительные краны другого типа; слабая релевантность: информационная статья без товара услуги цены заявки или контакта исполнителя; hard-negative: обзор или блог без возможности купить заказать или отправить заявку"
козловой кран цена,industrial_cranes,commercial,,,10,2,козловые краны и промышленное грузоподъемное оборудование,цена козлового крана,страница должна явно отвечать на потребность: цена козлового крана; нужна коммерческая посадочная внутри темы: козловые краны и промышленное грузоподъемное оборудование; обязательны цена диапазон тариф калькулятор или понятная логика расчета,"мусор: страница не раскрывает цена козлового крана, даже если у нее хороший title текст или коммерческие блоки; hard-negative из другой тематики: винный магазин; ремонт квартир; общая главная без козловых кранов; статьи про птиц или строительные краны другого типа; слабая релевантность: информационная статья без товара услуги цены заявки или контакта исполнителя; hard-negative: страница обещает услугу но не дает цены диапазона тарифа или способа расчета"
козловые краны производитель,industrial_cranes,commercial,,,10,2,козловые краны и промышленное грузоподъемное оборудование,производитель козловых кранов,страница должна явно отвечать на потребность: производитель козловых кранов; нужна коммерческая посадочная внутри темы: козловые краны и промышленное грузоподъемное оборудование; важны признаки реального исполнителя: реквизиты команда лицензии кейсы адрес или портфолио,"мусор: страница не раскрывает производитель козловых кранов, даже если у нее хороший title текст или коммерческие блоки; hard-negative из другой тематики: винный магазин; ремонт квартир; общая главная без козловых кранов; статьи про птиц или строительные краны другого типа; слабая релевантность: информационная статья без товара услуги цены заявки или контакта исполнителя; hard-negative: агрегатор или статья без признаков производителя застройщика или прямого продавца"
козловой кран 5 тонн купить,industrial_cranes,commercial,,,10,2,козловые краны и промышленное грузоподъемное оборудование,козловой кран грузоподъемностью 5 тонн,страница должна явно отвечать на потребность: козловой кран грузоподъемностью 5 тонн; нужна коммерческая посадочная внутри темы: козловые краны и промышленное грузоподъемное оборудование; нужна возможность покупки заказа заявки консультации или подбора конкретного предложения; должны совпадать важные уточнения из запроса: формат размер мощность тип объекта или комплектация,"мусор: страница не раскрывает козловой кран грузоподъемностью 5 тонн, даже если у нее хороший title текст или коммерческие блоки; hard-negative из другой тематики: винный магазин; ремонт квартир; общая главная без козловых кранов; статьи про птиц или строительные краны другого типа; слабая релевантность: информационная статья без товара услуги цены заявки или контакта исполнителя; hard-negative: обзор или блог без возможности купить заказать или отправить заявку; hard-negative: страница совпадает по теме но игнорирует ключевой технический уточнитель запроса"
козловой кран 10 тонн цена,industrial_cranes,commercial,,,10,2,козловые краны и промышленное грузоподъемное оборудование,козловой кран грузоподъемностью 10 тонн,страница должна явно отвечать на потребность: козловой кран грузоподъемностью 10 тонн; нужна коммерческая посадочная внутри темы: козловые краны и промышленное грузоподъемное оборудование; обязательны цена диапазон тариф калькулятор или понятная логика расчета; должны совпадать важные уточнения из запроса: формат размер мощность тип объекта или комплектация,"мусор: страница не раскрывает козловой кран грузоподъемностью 10 тонн, даже если у нее хороший title текст или коммерческие блоки; hard-negative из другой тематики: винный магазин; ремонт квартир; общая главная без козловых кранов; статьи про птиц или строительные краны другого типа; слабая релевантность: информационная статья без товара услуги цены заявки или контакта исполнителя; hard-negative: страница обещает услугу но не дает цены диапазона тарифа или способа расчета; hard-negative: страница совпадает по теме но игнорирует ключевой технический уточнитель запроса"
козловые краны для склада,industrial_cranes,commercial,,,10,2,козловые краны и промышленное грузоподъемное оборудование,складские козловые краны,страница должна явно отвечать на потребность: складские козловые краны; нужна коммерческая посадочная внутри темы: козловые краны и промышленное грузоподъемное оборудование,"мусор: страница не раскрывает складские козловые краны, даже если у нее хороший title текст или коммерческие блоки; hard-negative из другой тематики: винный магазин; ремонт квартир; общая главная без козловых кранов; статьи про птиц или строительные краны другого типа; слабая релевантность: информационная статья без товара услуги цены заявки или контакта исполнителя"
заказать козловой кран с доставкой,industrial_cranes,commercial,,,10,2,козловые краны и промышленное грузоподъемное оборудование,заказ и доставка козлового крана,страница должна явно отвечать на потребность: заказ и доставка козлового крана; нужна коммерческая посадочная внутри темы: козловые краны и промышленное грузоподъемное оборудование; нужна возможность покупки заказа заявки консультации или подбора конкретного предложения; важна логистика: зона обслуживания выезд доставка карта или способы получения услуги,"мусор: страница не раскрывает заказ и доставка козлового крана, даже если у нее хороший title текст или коммерческие блоки; hard-negative из другой тематики: винный магазин; ремонт квартир; общая главная без козловых кранов; статьи про птиц или строительные краны другого типа; слабая релевантность: информационная статья без товара услуги цены заявки или контакта исполнителя; hard-negative: обзор или блог без возможности купить заказать или отправить заявку; hard-negative: нет зоны обслуживания доставки выезда адреса или локального подтверждения"
козловой кран бу купить,industrial_cranes,commercial,,,10,2,козловые краны и промышленное грузоподъемное оборудование,покупка б/у козлового крана,страница должна явно отвечать на потребность: покупка б/у козлового крана; нужна коммерческая посадочная внутри темы: козловые краны и промышленное грузоподъемное оборудование; нужна возможность покупки заказа заявки консультации или подбора конкретного предложения,"мусор: страница не раскрывает покупка б/у козлового крана, даже если у нее хороший title текст или коммерческие блоки; hard-negative из другой тематики: винный магазин; ремонт квартир; общая главная без козловых кранов; статьи про птиц или строительные краны другого типа; слабая релевантность: информационная статья без товара услуги цены заявки или контакта исполнителя; hard-negative: обзор или блог без возможности купить заказать или отправить заявку"
козловой кран монтаж,industrial_cranes,commercial,,,10,2,козловые краны и промышленное грузоподъемное оборудование,монтаж козлового крана,страница должна явно отвечать на потребность: монтаж козлового крана; нужна коммерческая посадочная внутри темы: козловые краны и промышленное грузоподъемное оборудование; должна быть описана конкретная услуга процесс сроки гарантия и условия выезда,"мусор: страница не раскрывает монтаж козлового крана, даже если у нее хороший title текст или коммерческие блоки; hard-negative из другой тематики: винный магазин; ремонт квартир; общая главная без козловых кранов; статьи про птиц или строительные краны другого типа; слабая релевантность: информационная статья без товара услуги цены заявки или контакта исполнителя; hard-negative: каталог товаров без подтверждения выполнения нужной услуги"
как выбрать козловой кран,industrial_cranes,informational,,,10,2,козловые краны и промышленное грузоподъемное оборудование,выбор козлового крана,страница должна явно отвечать на потребность: выбор козлового крана; нужен полезный разбор темы с конкретными критериями примерами и ответом на вопрос; страница должна помогать принять решение а не просто продавать услугу,"мусор: страница не раскрывает выбор козлового крана, даже если у нее хороший title текст или коммерческие блоки; hard-negative из другой тематики: винный магазин; ремонт квартир; общая главная без козловых кранов; статьи про птиц или строительные краны другого типа; слабая релевантность: каталог или рекламная страница без ответа на вопрос пользователя; hard-negative: страница не объясняет критерии выбора причины отличия подготовку или этапы"
ремонт квартир москва,apartment_renovation,commercial,Москва,213,10,2,ремонт квартир под ключ,ремонт квартир в Москве,страница должна явно отвечать на потребность: ремонт квартир в Москве; нужна коммерческая посадочная внутри темы: ремонт квартир под ключ; должна быть привязка к городу Москва: адрес зона работы доставка или филиал; должна быть описана конкретная услуга процесс сроки гарантия и условия выезда,"мусор: страница не раскрывает ремонт квартир в Москве, даже если у нее хороший title текст или коммерческие блоки; hard-negative из другой тематики: продажа квартир; мебельный магазин; блог без услуги; ремонт техники; строительные материалы без услуги ремонта; слабая релевантность: страница про другой город или без подтверждения работы в Москва; слабая релевантность: информационная статья без товара услуги цены заявки или контакта исполнителя; hard-negative: каталог товаров без подтверждения выполнения нужной услуги"
ремонт квартир под ключ цена,apartment_renovation,commercial,,,10,2,ремонт квартир под ключ,стоимость ремонта квартиры под ключ,страница должна явно отвечать на потребность: стоимость ремонта квартиры под ключ; нужна коммерческая посадочная внутри темы: ремонт квартир под ключ; обязательны цена диапазон тариф калькулятор или понятная логика расчета; нужна возможность покупки заказа заявки консультации или подбора конкретного предложения; должна быть описана конкретная услуга процесс сроки гарантия и условия выезда,"мусор: страница не раскрывает стоимость ремонта квартиры под ключ, даже если у нее хороший title текст или коммерческие блоки; hard-negative из другой тематики: продажа квартир; мебельный магазин; блог без услуги; ремонт техники; строительные материалы без услуги ремонта; слабая релевантность: информационная статья без товара услуги цены заявки или контакта исполнителя; hard-negative: страница обещает услугу но не дает цены диапазона тарифа или способа расчета; hard-negative: каталог товаров без подтверждения выполнения нужной услуги"
капитальный ремонт квартиры москва,apartment_renovation,commercial,Москва,213,10,2,ремонт квартир под ключ,капитальный ремонт квартиры,страница должна явно отвечать на потребность: капитальный ремонт квартиры; нужна коммерческая посадочная внутри темы: ремонт квартир под ключ; должна быть привязка к городу Москва: адрес зона работы доставка или филиал; должна быть описана конкретная услуга процесс сроки гарантия и условия выезда,"мусор: страница не раскрывает капитальный ремонт квартиры, даже если у нее хороший title текст или коммерческие блоки; hard-negative из другой тематики: продажа квартир; мебельный магазин; блог без услуги; ремонт техники; строительные материалы без услуги ремонта; слабая релевантность: страница про другой город или без подтверждения работы в Москва; слабая релевантность: информационная статья без товара услуги цены заявки или контакта исполнителя; hard-negative: каталог товаров без подтверждения выполнения нужной услуги"
дизайнерский ремонт квартиры,apartment_renovation,commercial,,,10,2,ремонт квартир под ключ,дизайнерский ремонт квартиры,страница должна явно отвечать на потребность: дизайнерский ремонт квартиры; нужна коммерческая посадочная внутри темы: ремонт квартир под ключ; должна быть описана конкретная услуга процесс сроки гарантия и условия выезда,"мусор: страница не раскрывает дизайнерский ремонт квартиры, даже если у нее хороший title текст или коммерческие блоки; hard-negative из другой тематики: продажа квартир; мебельный магазин; блог без услуги; ремонт техники; строительные материалы без услуги ремонта; слабая релевантность: информационная статья без товара услуги цены заявки или контакта исполнителя; hard-negative: каталог товаров без подтверждения выполнения нужной услуги"
ремонт однокомнатной квартиры цена,apartment_renovation,commercial,,,10,2,ремонт квартир под ключ,ремонт однокомнатной квартиры,страница должна явно отвечать на потребность: ремонт однокомнатной квартиры; нужна коммерческая посадочная внутри темы: ремонт квартир под ключ; обязательны цена диапазон тариф калькулятор или понятная логика расчета; должна быть описана конкретная услуга процесс сроки гарантия и условия выезда; должны совпадать важные уточнения из запроса: формат размер мощность тип объекта или комплектация,"мусор: страница не раскрывает ремонт однокомнатной квартиры, даже если у нее хороший title текст или коммерческие блоки; hard-negative из другой тематики: продажа квартир; мебельный магазин; блог без услуги; ремонт техники; строительные материалы без услуги ремонта; слабая релевантность: информационная статья без товара услуги цены заявки или контакта исполнителя; hard-negative: страница обещает услугу но не дает цены диапазона тарифа или способа расчета; hard-negative: каталог товаров без подтверждения выполнения нужной услуги"
ремонт квартиры в новостройке,apartment_renovation,commercial,,,10,2,ремонт квартир под ключ,ремонт квартиры в новостройке,страница должна явно отвечать на потребность: ремонт квартиры в новостройке; нужна коммерческая посадочная внутри темы: ремонт квартир под ключ; должна быть описана конкретная услуга процесс сроки гарантия и условия выезда,"мусор: страница не раскрывает ремонт квартиры в новостройке, даже если у нее хороший title текст или коммерческие блоки; hard-negative из другой тематики: продажа квартир; мебельный магазин; блог без услуги; ремонт техники; строительные материалы без услуги ремонта; слабая релевантность: информационная статья без товара услуги цены заявки или контакта исполнителя; hard-negative: каталог товаров без подтверждения выполнения нужной услуги"
ремонт ванной комнаты под ключ,apartment_renovation,commercial,,,10,2,ремонт квартир под ключ,ремонт ванной комнаты,страница должна явно отвечать на потребность: ремонт ванной комнаты; нужна коммерческая посадочная внутри темы: ремонт квартир под ключ; нужна возможность покупки заказа заявки консультации или подбора конкретного предложения; должна быть описана конкретная услуга процесс сроки гарантия и условия выезда,"мусор: страница не раскрывает ремонт ванной комнаты, даже если у нее хороший title текст или коммерческие блоки; hard-negative из другой тематики: продажа квартир; мебельный магазин; блог без услуги; ремонт техники; строительные материалы без услуги ремонта; слабая релевантность: информационная статья без товара услуги цены заявки или контакта исполнителя; hard-negative: каталог товаров без подтверждения выполнения нужной услуги"
бригада для ремонта квартиры,apartment_renovation,commercial,,,10,2,ремонт квартир под ключ,бригада ремонта квартиры,страница должна явно отвечать на потребность: бригада ремонта квартиры; нужна коммерческая посадочная внутри темы: ремонт квартир под ключ; должна быть описана конкретная услуга процесс сроки гарантия и условия выезда,"мусор: страница не раскрывает бригада ремонта квартиры, даже если у нее хороший title текст или коммерческие блоки; hard-negative из другой тематики: продажа квартир; мебельный магазин; блог без услуги; ремонт техники; строительные материалы без услуги ремонта; слабая релевантность: информационная статья без товара услуги цены заявки или контакта исполнителя; hard-negative: каталог товаров без подтверждения выполнения нужной услуги"
ремонт квартир отзывы,apartment_renovation,comparison,,,10,2,ремонт квартир под ключ,отзывы о ремонте квартир,страница должна явно отвечать на потребность: отзывы о ремонте квартир; нужны реальные отзывы рейтинг сравнение кейсы или понятные критерии выбора; должна быть описана конкретная услуга процесс сроки гарантия и условия выезда; нужны отзывы рейтинги сравнение вариантов или доказательства опыта,"мусор: страница не раскрывает отзывы о ремонте квартир, даже если у нее хороший title текст или коммерческие блоки; hard-negative из другой тематики: продажа квартир; мебельный магазин; блог без услуги; ремонт техники; строительные материалы без услуги ремонта; слабая релевантность: продающая страница без отзывов рейтинга сравнения или социального доказательства; hard-negative: каталог товаров без подтверждения выполнения нужной услуги; hard-negative: нет отзывов рейтинга сравнения или кейсов, только обычное описание услуги"
как выбрать компанию по ремонту квартир,apartment_renovation,informational,,,10,2,ремонт квартир под ключ,выбор ремонтной компании,страница должна явно отвечать на потребность: выбор ремонтной компании; нужен полезный разбор темы с конкретными критериями примерами и ответом на вопрос; должна быть описана конкретная услуга процесс сроки гарантия и условия выезда; страница должна помогать принять решение а не просто продавать услугу,"мусор: страница не раскрывает выбор ремонтной компании, даже если у нее хороший title текст или коммерческие блоки; hard-negative из другой тематики: продажа квартир; мебельный магазин; блог без услуги; ремонт техники; строительные материалы без услуги ремонта; слабая релевантность: каталог или рекламная страница без ответа на вопрос пользователя; hard-negative: каталог товаров без подтверждения выполнения нужной услуги; hard-negative: страница не объясняет критерии выбора причины отличия подготовку или этапы"
натяжные потолки москва,stretch_ceilings,commercial,Москва,213,10,2,натяжные потолки,натяжные потолки в Москве,страница должна явно отвечать на потребность: натяжные потолки в Москве; нужна коммерческая посадочная внутри темы: натяжные потолки; должна быть привязка к городу Москва: адрес зона работы доставка или филиал,"мусор: страница не раскрывает натяжные потолки в Москве, даже если у нее хороший title текст или коммерческие блоки; hard-negative из другой тематики: ремонт крыши; светильники без потолков; потолочная плитка; общая отделка без натяжных потолков; слабая релевантность: страница про другой город или без подтверждения работы в Москва; слабая релевантность: информационная статья без товара услуги цены заявки или контакта исполнителя"
натяжной потолок цена за м2,stretch_ceilings,commercial,,,10,2,натяжные потолки,цена натяжного потолка за квадратный метр,страница должна явно отвечать на потребность: цена натяжного потолка за квадратный метр; нужна коммерческая посадочная внутри темы: натяжные потолки; обязательны цена диапазон тариф калькулятор или понятная логика расчета; должны совпадать важные уточнения из запроса: формат размер мощность тип объекта или комплектация,"мусор: страница не раскрывает цена натяжного потолка за квадратный метр, даже если у нее хороший title текст или коммерческие блоки; hard-negative из другой тематики: ремонт крыши; светильники без потолков; потолочная плитка; общая отделка без натяжных потолков; слабая релевантность: информационная статья без товара услуги цены заявки или контакта исполнителя; hard-negative: страница обещает услугу но не дает цены диапазона тарифа или способа расчета; hard-negative: страница совпадает по теме но игнорирует ключевой технический уточнитель запроса"
матовые натяжные потолки купить,stretch_ceilings,commercial,,,10,2,натяжные потолки,матовые натяжные потолки,страница должна явно отвечать на потребность: матовые натяжные потолки; нужна коммерческая посадочная внутри темы: натяжные потолки; нужна возможность покупки заказа заявки консультации или подбора конкретного предложения,"мусор: страница не раскрывает матовые натяжные потолки, даже если у нее хороший title текст или коммерческие блоки; hard-negative из другой тематики: ремонт крыши; светильники без потолков; потолочная плитка; общая отделка без натяжных потолков; слабая релевантность: информационная статья без товара услуги цены заявки или контакта исполнителя; hard-negative: обзор или блог без возможности купить заказать или отправить заявку"
натяжной потолок с подсветкой,stretch_ceilings,commercial,,,10,2,натяжные потолки,натяжной потолок с подсветкой,страница должна явно отвечать на потребность: натяжной потолок с подсветкой; нужна коммерческая посадочная внутри темы: натяжные потолки,"мусор: страница не раскрывает натяжной потолок с подсветкой, даже если у нее хороший title текст или коммерческие блоки; hard-negative из другой тематики: ремонт крыши; светильники без потолков; потолочная плитка; общая отделка без натяжных потолков; слабая релевантность: информационная статья без товара услуги цены заявки или контакта исполнителя"
установка натяжных потолков,stretch_ceilings,commercial,,,10,2,натяжные потолки,установка натяжных потолков,страница должна явно отвечать на потребность: установка натяжных потолков; нужна коммерческая посадочная внутри темы: натяжные потолки; должна быть описана конкретная услуга процесс сроки гарантия и условия выезда,"мусор: страница не раскрывает установка натяжных потолков, даже если у нее хороший title текст или коммерческие блоки; hard-negative из другой тематики: ремонт крыши; светильники без потолков; потолочная плитка; общая отделка без натяжных потолков; слабая релевантность: информационная статья без товара услуги цены заявки или контакта исполнителя; hard-negative: каталог товаров без подтверждения выполнения нужной услуги"
двухуровневые натяжные потолки,stretch_ceilings,commercial,,,10,2,натяжные потолки,двухуровневые натяжные потолки,страница должна явно отвечать на потребность: двухуровневые натяжные потолки; нужна коммерческая посадочная внутри темы: натяжные потолки,"мусор: страница не раскрывает двухуровневые натяжные потолки, даже если у нее хороший title текст или коммерческие блоки; hard-negative из другой тематики: ремонт крыши; светильники без потолков; потолочная плитка; общая отделка без натяжных потолков; слабая релевантность: информационная статья без товара услуги цены заявки или контакта исполнителя"
натяжной потолок в ванную,stretch_ceilings,commercial,,,10,2,натяжные потолки,натяжной потолок для ванной,страница должна явно отвечать на потребность: натяжной потолок для ванной; нужна коммерческая посадочная внутри темы: натяжные потолки,"мусор: страница не раскрывает натяжной потолок для ванной, даже если у нее хороший title текст или коммерческие блоки; hard-negative из другой тематики: ремонт крыши; светильники без потолков; потолочная плитка; общая отделка без натяжных потолков; слабая релевантность: информационная статья без товара услуги цены заявки или контакта исполнителя"
замер натяжного потолка бесплатно,stretch_ceilings,commercial,,,10,2,натяжные потолки,замер для натяжного потолка,страница должна явно отвечать на потребность: замер для натяжного потолка; нужна коммерческая посадочная внутри темы: натяжные потолки,"мусор: страница не раскрывает замер для натяжного потолка, даже если у нее хороший title текст или коммерческие блоки; hard-negative из другой тематики: ремонт крыши; светильники без потолков; потолочная плитка; общая отделка без натяжных потолков; слабая релевантность: информационная статья без товара услуги цены заявки или контакта исполнителя"
натяжные потолки отзывы,stretch_ceilings,comparison,,,10,2,натяжные потолки,отзывы о натяжных потолках,страница должна явно отвечать на потребность: отзывы о натяжных потолках; нужны реальные отзывы рейтинг сравнение кейсы или понятные критерии выбора; нужны отзывы рейтинги сравнение вариантов или доказательства опыта,"мусор: страница не раскрывает отзывы о натяжных потолках, даже если у нее хороший title текст или коммерческие блоки; hard-negative из другой тематики: ремонт крыши; светильники без потолков; потолочная плитка; общая отделка без натяжных потолков; слабая релевантность: продающая страница без отзывов рейтинга сравнения или социального доказательства; hard-negative: нет отзывов рейтинга сравнения или кейсов, только обычное описание услуги"
какой натяжной потолок выбрать,stretch_ceilings,informational,,,10,2,натяжные потолки,выбор натяжного потолка,страница должна явно отвечать на потребность: выбор натяжного потолка; нужен полезный разбор темы с конкретными критериями примерами и ответом на вопрос; страница должна помогать принять решение а не просто продавать услугу,"мусор: страница не раскрывает выбор натяжного потолка, даже если у нее хороший title текст или коммерческие блоки; hard-negative из другой тематики: ремонт крыши; светильники без потолков; потолочная плитка; общая отделка без натяжных потолков; слабая релевантность: каталог или рекламная страница без ответа на вопрос пользователя; hard-negative: страница не объясняет критерии выбора причины отличия подготовку или этапы"
пластиковые окна москва,plastic_windows,commercial,Москва,213,10,2,пластиковые окна и остекление,пластиковые окна в Москве,страница должна явно отвечать на потребность: пластиковые окна в Москве; нужна коммерческая посадочная внутри темы: пластиковые окна и остекление; должна быть привязка к городу Москва: адрес зона работы доставка или филиал,"мусор: страница не раскрывает пластиковые окна в Москве, даже если у нее хороший title текст или коммерческие блоки; hard-negative из другой тематики: операционная система Windows; шторы; стеклорезка без окон; ремонт квартир без окон; слабая релевантность: страница про другой город или без подтверждения работы в Москва; слабая релевантность: информационная статья без товара услуги цены заявки или контакта исполнителя"
купить пластиковые окна,plastic_windows,commercial,,,10,2,пластиковые окна и остекление,покупка пластиковых окон,страница должна явно отвечать на потребность: покупка пластиковых окон; нужна коммерческая посадочная внутри темы: пластиковые окна и остекление; нужна возможность покупки заказа заявки консультации или подбора конкретного предложения,"мусор: страница не раскрывает покупка пластиковых окон, даже если у нее хороший title текст или коммерческие блоки; hard-negative из другой тематики: операционная система Windows; шторы; стеклорезка без окон; ремонт квартир без окон; слабая релевантность: информационная статья без товара услуги цены заявки или контакта исполнителя; hard-negative: обзор или блог без возможности купить заказать или отправить заявку"
пластиковые окна цена с установкой,plastic_windows,commercial,,,10,2,пластиковые окна и остекление,цена окон с установкой,страница должна явно отвечать на потребность: цена окон с установкой; нужна коммерческая посадочная внутри темы: пластиковые окна и остекление; обязательны цена диапазон тариф калькулятор или понятная логика расчета; нужна возможность покупки заказа заявки консультации или подбора конкретного предложения,"мусор: страница не раскрывает цена окон с установкой, даже если у нее хороший title текст или коммерческие блоки; hard-negative из другой тематики: операционная система Windows; шторы; стеклорезка без окон; ремонт квартир без окон; слабая релевантность: информационная статья без товара услуги цены заявки или контакта исполнителя; hard-negative: страница обещает услугу но не дает цены диапазона тарифа или способа расчета"
окна пвх на балкон,plastic_windows,commercial,,,10,2,пластиковые окна и остекление,окна ПВХ для балкона,страница должна явно отвечать на потребность: окна ПВХ для балкона; нужна коммерческая посадочная внутри темы: пластиковые окна и остекление; должны совпадать важные уточнения из запроса: формат размер мощность тип объекта или комплектация,"мусор: страница не раскрывает окна ПВХ для балкона, даже если у нее хороший title текст или коммерческие блоки; hard-negative из другой тематики: операционная система Windows; шторы; стеклорезка без окон; ремонт квартир без окон; слабая релевантность: информационная статья без товара услуги цены заявки или контакта исполнителя"
остекление лоджии цена,plastic_windows,commercial,,,10,2,пластиковые окна и остекление,остекление лоджии,страница должна явно отвечать на потребность: остекление лоджии; нужна коммерческая посадочная внутри темы: пластиковые окна и остекление; обязательны цена диапазон тариф калькулятор или понятная логика расчета; должны совпадать важные уточнения из запроса: формат размер мощность тип объекта или комплектация,"мусор: страница не раскрывает остекление лоджии, даже если у нее хороший title текст или коммерческие блоки; hard-negative из другой тематики: операционная система Windows; шторы; стеклорезка без окон; ремонт квартир без окон; слабая релевантность: информационная статья без товара услуги цены заявки или контакта исполнителя; hard-negative: страница обещает услугу но не дает цены диапазона тарифа или способа расчета"
замена пластиковых окон,plastic_windows,commercial,,,10,2,пластиковые окна и остекление,замена пластиковых окон,страница должна явно отвечать на потребность: замена пластиковых окон; нужна коммерческая посадочная внутри темы: пластиковые окна и остекление; должна быть описана конкретная услуга процесс сроки гарантия и условия выезда,"мусор: страница не раскрывает замена пластиковых окон, даже если у нее хороший title текст или коммерческие блоки; hard-negative из другой тематики: операционная система Windows; шторы; стеклорезка без окон; ремонт квартир без окон; слабая релевантность: информационная статья без товара услуги цены заявки или контакта исполнителя; hard-negative: каталог товаров без подтверждения выполнения нужной услуги"
энергосберегающие окна пвх,plastic_windows,commercial,,,10,2,пластиковые окна и остекление,энергосберегающие окна,страница должна явно отвечать на потребность: энергосберегающие окна; нужна коммерческая посадочная внутри темы: пластиковые окна и остекление,"мусор: страница не раскрывает энергосберегающие окна, даже если у нее хороший title текст или коммерческие блоки; hard-negative из другой тематики: операционная система Windows; шторы; стеклорезка без окон; ремонт квартир без окон; слабая релевантность: информационная статья без товара услуги цены заявки или контакта исполнителя"
ремонт пластиковых окон,plastic_windows,commercial,,,10,2,пластиковые окна и остекление,ремонт пластиковых окон,страница должна явно отвечать на потребность: ремонт пластиковых окон; нужна коммерческая посадочная внутри темы: пластиковые окна и остекление; должна быть описана конкретная услуга процесс сроки гарантия и условия выезда,"мусор: страница не раскрывает ремонт пластиковых окон, даже если у нее хороший title текст или коммерческие блоки; hard-negative из другой тематики: операционная система Windows; шторы; стеклорезка без окон; ремонт квартир без окон; слабая релевантность: информационная статья без товара услуги цены заявки или контакта исполнителя; hard-negative: каталог товаров без подтверждения выполнения нужной услуги"
пластиковые окна отзывы,plastic_windows,comparison,,,10,2,пластиковые окна и остекление,отзывы о пластиковых окнах,страница должна явно отвечать на потребность: отзывы о пластиковых окнах; нужны реальные отзывы рейтинг сравнение кейсы или понятные критерии выбора; нужны отзывы рейтинги сравнение вариантов или доказательства опыта,"мусор: страница не раскрывает отзывы о пластиковых окнах, даже если у нее хороший title текст или коммерческие блоки; hard-negative из другой тематики: операционная система Windows; шторы; стеклорезка без окон; ремонт квартир без окон; слабая релевантность: продающая страница без отзывов рейтинга сравнения или социального доказательства; hard-negative: нет отзывов рейтинга сравнения или кейсов, только обычное описание услуги"
как выбрать пластиковые окна,plastic_windows,informational,,,10,2,пластиковые окна и остекление,выбор пластиковых окон,страница должна явно отвечать на потребность: выбор пластиковых окон; нужен полезный разбор темы с конкретными критериями примерами и ответом на вопрос; страница должна помогать принять решение а не просто продавать услугу,"мусор: страница не раскрывает выбор пластиковых окон, даже если у нее хороший title текст или коммерческие блоки; hard-negative из другой тематики: операционная система Windows; шторы; стеклорезка без окон; ремонт квартир без окон; слабая релевантность: каталог или рекламная страница без ответа на вопрос пользователя; hard-negative: страница не объясняет критерии выбора причины отличия подготовку или этапы"
входные двери купить,entrance_doors,commercial,,,10,2,входные металлические двери,покупка входной двери,страница должна явно отвечать на потребность: покупка входной двери; нужна коммерческая посадочная внутри темы: входные металлические двери; нужна возможность покупки заказа заявки консультации или подбора конкретного предложения,"мусор: страница не раскрывает покупка входной двери, даже если у нее хороший title текст или коммерческие блоки; hard-negative из другой тематики: межкомнатные двери; мебель; аварийное вскрытие замков без продажи дверей; строительный блог; слабая релевантность: информационная статья без товара услуги цены заявки или контакта исполнителя; hard-negative: обзор или блог без возможности купить заказать или отправить заявку"
металлические входные двери цена,entrance_doors,commercial,,,10,2,входные металлические двери,цена металлических входных дверей,страница должна явно отвечать на потребность: цена металлических входных дверей; нужна коммерческая посадочная внутри темы: входные металлические двери; обязательны цена диапазон тариф калькулятор или понятная логика расчета,"мусор: страница не раскрывает цена металлических входных дверей, даже если у нее хороший title текст или коммерческие блоки; hard-negative из другой тематики: межкомнатные двери; мебель; аварийное вскрытие замков без продажи дверей; строительный блог; слабая релевантность: информационная статья без товара услуги цены заявки или контакта исполнителя; hard-negative: страница обещает услугу но не дает цены диапазона тарифа или способа расчета"
входные двери с установкой,entrance_doors,commercial,,,10,2,входные металлические двери,установка входных дверей,страница должна явно отвечать на потребность: установка входных дверей; нужна коммерческая посадочная внутри темы: входные металлические двери; нужна возможность покупки заказа заявки консультации или подбора конкретного предложения,"мусор: страница не раскрывает установка входных дверей, даже если у нее хороший title текст или коммерческие блоки; hard-negative из другой тематики: межкомнатные двери; мебель; аварийное вскрытие замков без продажи дверей; строительный блог; слабая релевантность: информационная статья без товара услуги цены заявки или контакта исполнителя"
дверь входная в квартиру,entrance_doors,commercial,,,10,2,входные металлические двери,входная дверь для квартиры,страница должна явно отвечать на потребность: входная дверь для квартиры; нужна коммерческая посадочная внутри темы: входные металлические двери,"мусор: страница не раскрывает входная дверь для квартиры, даже если у нее хороший title текст или коммерческие блоки; hard-negative из другой тематики: межкомнатные двери; мебель; аварийное вскрытие замков без продажи дверей; строительный блог; слабая релевантность: информационная статья без товара услуги цены заявки или контакта исполнителя"
теплые входные двери для дома,entrance_doors,commercial,,,10,2,входные металлические двери,утепленные входные двери,страница должна явно отвечать на потребность: утепленные входные двери; нужна коммерческая посадочная внутри темы: входные металлические двери,"мусор: страница не раскрывает утепленные входные двери, даже если у нее хороший title текст или коммерческие блоки; hard-negative из другой тематики: межкомнатные двери; мебель; аварийное вскрытие замков без продажи дверей; строительный блог; слабая релевантность: информационная статья без товара услуги цены заявки или контакта исполнителя"
противовзломные входные двери,entrance_doors,commercial,,,10,2,входные металлические двери,противовзломные двери,страница должна явно отвечать на потребность: противовзломные двери; нужна коммерческая посадочная внутри темы: входные металлические двери,"мусор: страница не раскрывает противовзломные двери, даже если у нее хороший title текст или коммерческие блоки; hard-negative из другой тематики: межкомнатные двери; мебель; аварийное вскрытие замков без продажи дверей; строительный блог; слабая релевантность: информационная статья без товара услуги цены заявки или контакта исполнителя"
входные двери москва,entrance_doors,commercial,Москва,213,10,2,входные металлические двери,входные двери в Москве,страница должна явно отвечать на потребность: входные двери в Москве; нужна коммерческая посадочная внутри темы: входные металлические двери; должна быть привязка к городу Москва: адрес зона работы доставка или филиал,"мусор: страница не раскрывает входные двери в Москве, даже если у нее хороший title текст или коммерческие блоки; hard-negative из другой тематики: межкомнатные двери; мебель; аварийное вскрытие замков без продажи дверей; строительный блог; слабая релевантность: страница про другой город или без подтверждения работы в Москва; слабая релевантность: информационная статья без товара услуги цены заявки или контакта исполнителя"
двери металлические на заказ,entrance_doors,commercial,,,10,2,входные металлические двери,металлические двери на заказ,страница должна явно отвечать на потребность: металлические двери на заказ; нужна коммерческая посадочная внутри темы: входные металлические двери,"мусор: страница не раскрывает металлические двери на заказ, даже если у нее хороший title текст или коммерческие блоки; hard-negative из другой тематики: межкомнатные двери; мебель; аварийное вскрытие замков без продажи дверей; строительный блог; слабая релевантность: информационная статья без товара услуги цены заявки или контакта исполнителя"
лучшие входные двери рейтинг,entrance_doors,comparison,,,10,2,входные металлические двери,сравнение входных дверей,страница должна явно отвечать на потребность: сравнение входных дверей; нужны реальные отзывы рейтинг сравнение кейсы или понятные критерии выбора; нужны отзывы рейтинги сравнение вариантов или доказательства опыта,"мусор: страница не раскрывает сравнение входных дверей, даже если у нее хороший title текст или коммерческие блоки; hard-negative из другой тематики: межкомнатные двери; мебель; аварийное вскрытие замков без продажи дверей; строительный блог; слабая релевантность: продающая страница без отзывов рейтинга сравнения или социального доказательства; hard-negative: нет отзывов рейтинга сравнения или кейсов, только обычное описание услуги"
как выбрать входную дверь,entrance_doors,informational,,,10,2,входные металлические двери,выбор входной двери,страница должна явно отвечать на потребность: выбор входной двери; нужен полезный разбор темы с конкретными критериями примерами и ответом на вопрос; страница должна помогать принять решение а не просто продавать услугу,"мусор: страница не раскрывает выбор входной двери, даже если у нее хороший title текст или коммерческие блоки; hard-negative из другой тематики: межкомнатные двери; мебель; аварийное вскрытие замков без продажи дверей; строительный блог; слабая релевантность: каталог или рекламная страница без ответа на вопрос пользователя; hard-negative: страница не объясняет критерии выбора причины отличия подготовку или этапы"
стоматология москва,dentistry,commercial,Москва,213,10,2,стоматологические услуги,стоматология в Москве,страница должна явно отвечать на потребность: стоматология в Москве; нужна коммерческая посадочная внутри темы: стоматологические услуги; должна быть привязка к городу Москва: адрес зона работы доставка или филиал,"мусор: страница не раскрывает стоматология в Москве, даже если у нее хороший title текст или коммерческие блоки; hard-negative из другой тематики: ветеринария; салон красоты; аптека; статья без записи; медцентр без стоматологии; слабая релевантность: страница про другой город или без подтверждения работы в Москва; слабая релевантность: информационная статья без товара услуги цены заявки или контакта исполнителя"
имплантация зубов цена,dentistry,commercial,,,10,2,стоматологические услуги,стоимость имплантации зубов,страница должна явно отвечать на потребность: стоимость имплантации зубов; нужна коммерческая посадочная внутри темы: стоматологические услуги; обязательны цена диапазон тариф калькулятор или понятная логика расчета,"мусор: страница не раскрывает стоимость имплантации зубов, даже если у нее хороший title текст или коммерческие блоки; hard-negative из другой тематики: ветеринария; салон красоты; аптека; статья без записи; медцентр без стоматологии; слабая релевантность: информационная статья без товара услуги цены заявки или контакта исполнителя; hard-negative: страница обещает услугу но не дает цены диапазона тарифа или способа расчета"
лечение кариеса цена,dentistry,commercial,,,10,2,стоматологические услуги,лечение кариеса,страница должна явно отвечать на потребность: лечение кариеса; нужна коммерческая посадочная внутри темы: стоматологические услуги; обязательны цена диапазон тариф калькулятор или понятная логика расчета,"мусор: страница не раскрывает лечение кариеса, даже если у нее хороший title текст или коммерческие блоки; hard-negative из другой тематики: ветеринария; салон красоты; аптека; статья без записи; медцентр без стоматологии; слабая релевантность: информационная статья без товара услуги цены заявки или контакта исполнителя; hard-negative: страница обещает услугу но не дает цены диапазона тарифа или способа расчета"
удаление зуба мудрости,dentistry,commercial,,,10,2,стоматологические услуги,удаление зуба мудрости,страница должна явно отвечать на потребность: удаление зуба мудрости; нужна коммерческая посадочная внутри темы: стоматологические услуги,"мусор: страница не раскрывает удаление зуба мудрости, даже если у нее хороший title текст или коммерческие блоки; hard-negative из другой тематики: ветеринария; салон красоты; аптека; статья без записи; медцентр без стоматологии; слабая релевантность: информационная статья без товара услуги цены заявки или контакта исполнителя"
установка брекетов цена,dentistry,commercial,,,10,2,стоматологические услуги,установка брекетов,страница должна явно отвечать на потребность: установка брекетов; нужна коммерческая посадочная внутри темы: стоматологические услуги; обязательны цена диапазон тариф калькулятор или понятная логика расчета; должна быть описана конкретная услуга процесс сроки гарантия и условия выезда,"мусор: страница не раскрывает установка брекетов, даже если у нее хороший title текст или коммерческие блоки; hard-negative из другой тематики: ветеринария; салон красоты; аптека; статья без записи; медцентр без стоматологии; слабая релевантность: информационная статья без товара услуги цены заявки или контакта исполнителя; hard-negative: страница обещает услугу но не дает цены диапазона тарифа или способа расчета; hard-negative: каталог товаров без подтверждения выполнения нужной услуги"
отбеливание зубов клиника,dentistry,commercial,,,10,2,стоматологические услуги,отбеливание зубов,страница должна явно отвечать на потребность: отбеливание зубов; нужна коммерческая посадочная внутри темы: стоматологические услуги; важны признаки реального исполнителя: реквизиты команда лицензии кейсы адрес или портфолио,"мусор: страница не раскрывает отбеливание зубов, даже если у нее хороший title текст или коммерческие блоки; hard-negative из другой тематики: ветеринария; салон красоты; аптека; статья без записи; медцентр без стоматологии; слабая релевантность: информационная статья без товара услуги цены заявки или контакта исполнителя"
детская стоматология рядом,dentistry,commercial,,,10,2,стоматологические услуги,детская стоматология,страница должна явно отвечать на потребность: детская стоматология; нужна коммерческая посадочная внутри темы: стоматологические услуги; важна логистика: зона обслуживания выезд доставка карта или способы получения услуги,"мусор: страница не раскрывает детская стоматология, даже если у нее хороший title текст или коммерческие блоки; hard-negative из другой тематики: ветеринария; салон красоты; аптека; статья без записи; медцентр без стоматологии; слабая релевантность: информационная статья без товара услуги цены заявки или контакта исполнителя; hard-negative: нет зоны обслуживания доставки выезда адреса или локального подтверждения"
протезирование зубов москва,dentistry,commercial,Москва,213,10,2,стоматологические услуги,протезирование зубов,страница должна явно отвечать на потребность: протезирование зубов; нужна коммерческая посадочная внутри темы: стоматологические услуги; должна быть привязка к городу Москва: адрес зона работы доставка или филиал,"мусор: страница не раскрывает протезирование зубов, даже если у нее хороший title текст или коммерческие блоки; hard-negative из другой тематики: ветеринария; салон красоты; аптека; статья без записи; медцентр без стоматологии; слабая релевантность: страница про другой город или без подтверждения работы в Москва; слабая релевантность: информационная статья без товара услуги цены заявки или контакта исполнителя"
стоматология отзывы,dentistry,comparison,,,10,2,стоматологические услуги,отзывы о стоматологии,страница должна явно отвечать на потребность: отзывы о стоматологии; нужны реальные отзывы рейтинг сравнение кейсы или понятные критерии выбора; нужны отзывы рейтинги сравнение вариантов или доказательства опыта,"мусор: страница не раскрывает отзывы о стоматологии, даже если у нее хороший title текст или коммерческие блоки; hard-negative из другой тематики: ветеринария; салон красоты; аптека; статья без записи; медцентр без стоматологии; слабая релевантность: продающая страница без отзывов рейтинга сравнения или социального доказательства; hard-negative: нет отзывов рейтинга сравнения или кейсов, только обычное описание услуги"
как выбрать стоматологию,dentistry,informational,,,10,2,стоматологические услуги,выбор стоматологической клиники,страница должна явно отвечать на потребность: выбор стоматологической клиники; нужен полезный разбор темы с конкретными критериями примерами и ответом на вопрос; страница должна помогать принять решение а не просто продавать услугу,"мусор: страница не раскрывает выбор стоматологической клиники, даже если у нее хороший title текст или коммерческие блоки; hard-negative из другой тематики: ветеринария; салон красоты; аптека; статья без записи; медцентр без стоматологии; слабая релевантность: каталог или рекламная страница без ответа на вопрос пользователя; hard-negative: страница не объясняет критерии выбора причины отличия подготовку или этапы"
банкротство физических лиц цена,bankruptcy_law,commercial,,,10,2,банкротство физических лиц и юридическая помощь,цена банкротства физического лица,страница должна явно отвечать на потребность: цена банкротства физического лица; нужна коммерческая посадочная внутри темы: банкротство физических лиц и юридическая помощь; обязательны цена диапазон тариф калькулятор или понятная логика расчета,"мусор: страница не раскрывает цена банкротства физического лица, даже если у нее хороший title текст или коммерческие блоки; hard-negative из другой тематики: банковский кредит; новости о банкротстве; вакансии юриста; общая юридическая статья без услуги; слабая релевантность: информационная статья без товара услуги цены заявки или контакта исполнителя; hard-negative: страница обещает услугу но не дает цены диапазона тарифа или способа расчета"
банкротство физ лиц москва,bankruptcy_law,commercial,Москва,213,10,2,банкротство физических лиц и юридическая помощь,банкротство физических лиц в Москве,страница должна явно отвечать на потребность: банкротство физических лиц в Москве; нужна коммерческая посадочная внутри темы: банкротство физических лиц и юридическая помощь; должна быть привязка к городу Москва: адрес зона работы доставка или филиал,"мусор: страница не раскрывает банкротство физических лиц в Москве, даже если у нее хороший title текст или коммерческие блоки; hard-negative из другой тематики: банковский кредит; новости о банкротстве; вакансии юриста; общая юридическая статья без услуги; слабая релевантность: страница про другой город или без подтверждения работы в Москва; слабая релевантность: информационная статья без товара услуги цены заявки или контакта исполнителя"
списание долгов через банкротство,bankruptcy_law,commercial,,,10,2,банкротство физических лиц и юридическая помощь,списание долгов,страница должна явно отвечать на потребность: списание долгов; нужна коммерческая посадочная внутри темы: банкротство физических лиц и юридическая помощь,"мусор: страница не раскрывает списание долгов, даже если у нее хороший title текст или коммерческие блоки; hard-negative из другой тематики: банковский кредит; новости о банкротстве; вакансии юриста; общая юридическая статья без услуги; слабая релевантность: информационная статья без товара услуги цены заявки или контакта исполнителя"
юрист по банкротству,bankruptcy_law,commercial,,,10,2,банкротство физических лиц и юридическая помощь,юрист по банкротству,страница должна явно отвечать на потребность: юрист по банкротству; нужна коммерческая посадочная внутри темы: банкротство физических лиц и юридическая помощь,"мусор: страница не раскрывает юрист по банкротству, даже если у нее хороший title текст или коммерческие блоки; hard-negative из другой тематики: банковский кредит; новости о банкротстве; вакансии юриста; общая юридическая статья без услуги; слабая релевантность: информационная статья без товара услуги цены заявки или контакта исполнителя"
банкротство под ключ,bankruptcy_law,commercial,,,10,2,банкротство физических лиц и юридическая помощь,услуга банкротства под ключ,страница должна явно отвечать на потребность: услуга банкротства под ключ; нужна коммерческая посадочная внутри темы: банкротство физических лиц и юридическая помощь; нужна возможность покупки заказа заявки консультации или подбора конкретного предложения,"мусор: страница не раскрывает услуга банкротства под ключ, даже если у нее хороший title текст или коммерческие блоки; hard-negative из другой тематики: банковский кредит; новости о банкротстве; вакансии юриста; общая юридическая статья без услуги; слабая релевантность: информационная статья без товара услуги цены заявки или контакта исполнителя"
банкротство через мфц,bankruptcy_law,commercial,,,10,2,банкротство физических лиц и юридическая помощь,банкротство через МФЦ,страница должна явно отвечать на потребность: банкротство через МФЦ; нужна коммерческая посадочная внутри темы: банкротство физических лиц и юридическая помощь,"мусор: страница не раскрывает банкротство через МФЦ, даже если у нее хороший title текст или коммерческие блоки; hard-negative из другой тематики: банковский кредит; новости о банкротстве; вакансии юриста; общая юридическая статья без услуги; слабая релевантность: информационная статья без товара услуги цены заявки или контакта исполнителя"
арбитражный управляющий банкротство,bankruptcy_law,commercial,,,10,2,банкротство физических лиц и юридическая помощь,арбитражный управляющий,страница должна явно отвечать на потребность: арбитражный управляющий; нужна коммерческая посадочная внутри темы: банкротство физических лиц и юридическая помощь,"мусор: страница не раскрывает арбитражный управляющий, даже если у нее хороший title текст или коммерческие блоки; hard-negative из другой тематики: банковский кредит; новости о банкротстве; вакансии юриста; общая юридическая статья без услуги; слабая релевантность: информационная статья без товара услуги цены заявки или контакта исполнителя"
консультация по банкротству бесплатно,bankruptcy_law,commercial,,,10,2,банкротство физических лиц и юридическая помощь,консультация по банкротству,страница должна явно отвечать на потребность: консультация по банкротству; нужна коммерческая посадочная внутри темы: банкротство физических лиц и юридическая помощь,"мусор: страница не раскрывает консультация по банкротству, даже если у нее хороший title текст или коммерческие блоки; hard-negative из другой тематики: банковский кредит; новости о банкротстве; вакансии юриста; общая юридическая статья без услуги; слабая релевантность: информационная статья без товара услуги цены заявки или контакта исполнителя"
банкротство физических лиц отзывы,bankruptcy_law,comparison,,,10,2,банкротство физических лиц и юридическая помощь,отзывы о банкротстве,страница должна явно отвечать на потребность: отзывы о банкротстве; нужны реальные отзывы рейтинг сравнение кейсы или понятные критерии выбора; нужны отзывы рейтинги сравнение вариантов или доказательства опыта,"мусор: страница не раскрывает отзывы о банкротстве, даже если у нее хороший title текст или коммерческие блоки; hard-negative из другой тематики: банковский кредит; новости о банкротстве; вакансии юриста; общая юридическая статья без услуги; слабая релевантность: продающая страница без отзывов рейтинга сравнения или социального доказательства; hard-negative: нет отзывов рейтинга сравнения или кейсов, только обычное описание услуги"
как проходит банкротство физического лица,bankruptcy_law,informational,,,10,2,банкротство физических лиц и юридическая помощь,этапы банкротства,страница должна явно отвечать на потребность: этапы банкротства; нужен полезный разбор темы с конкретными критериями примерами и ответом на вопрос; страница должна помогать принять решение а не просто продавать услугу,"мусор: страница не раскрывает этапы банкротства, даже если у нее хороший title текст или коммерческие блоки; hard-negative из другой тематики: банковский кредит; новости о банкротстве; вакансии юриста; общая юридическая статья без услуги; слабая релевантность: каталог или рекламная страница без ответа на вопрос пользователя; hard-negative: страница не объясняет критерии выбора причины отличия подготовку или этапы"
бухгалтерские услуги для ип,accounting_services,commercial,,,10,2,бухгалтерские услуги и аутсорсинг бухгалтерии,бухгалтерия для ИП,страница должна явно отвечать на потребность: бухгалтерия для ИП; нужна коммерческая посадочная внутри темы: бухгалтерские услуги и аутсорсинг бухгалтерии,"мусор: страница не раскрывает бухгалтерия для ИП, даже если у нее хороший title текст или коммерческие блоки; hard-negative из другой тематики: курсы бухгалтерии; вакансии бухгалтера; бухгалтерское ПО; новости налогов без услуги; слабая релевантность: информационная статья без товара услуги цены заявки или контакта исполнителя"
бухгалтерское сопровождение ооо,accounting_services,commercial,,,10,2,бухгалтерские услуги и аутсорсинг бухгалтерии,бухгалтерское сопровождение ООО,страница должна явно отвечать на потребность: бухгалтерское сопровождение ООО; нужна коммерческая посадочная внутри темы: бухгалтерские услуги и аутсорсинг бухгалтерии,"мусор: страница не раскрывает бухгалтерское сопровождение ООО, даже если у нее хороший title текст или коммерческие блоки; hard-negative из другой тематики: курсы бухгалтерии; вакансии бухгалтера; бухгалтерское ПО; новости налогов без услуги; слабая релевантность: информационная статья без товара услуги цены заявки или контакта исполнителя"
ведение бухгалтерии цена,accounting_services,commercial,,,10,2,бухгалтерские услуги и аутсорсинг бухгалтерии,стоимость ведения бухгалтерии,страница должна явно отвечать на потребность: стоимость ведения бухгалтерии; нужна коммерческая посадочная внутри темы: бухгалтерские услуги и аутсорсинг бухгалтерии; обязательны цена диапазон тариф калькулятор или понятная логика расчета,"мусор: страница не раскрывает стоимость ведения бухгалтерии, даже если у нее хороший title текст или коммерческие блоки; hard-negative из другой тематики: курсы бухгалтерии; вакансии бухгалтера; бухгалтерское ПО; новости налогов без услуги; слабая релевантность: информационная статья без товара услуги цены заявки или контакта исполнителя; hard-negative: страница обещает услугу но не дает цены диапазона тарифа или способа расчета"
аутсорсинг бухгалтерии москва,accounting_services,commercial,Москва,213,10,2,бухгалтерские услуги и аутсорсинг бухгалтерии,аутсорсинг бухгалтерии в Москве,страница должна явно отвечать на потребность: аутсорсинг бухгалтерии в Москве; нужна коммерческая посадочная внутри темы: бухгалтерские услуги и аутсорсинг бухгалтерии; должна быть привязка к городу Москва: адрес зона работы доставка или филиал,"мусор: страница не раскрывает аутсорсинг бухгалтерии в Москве, даже если у нее хороший title текст или коммерческие блоки; hard-negative из другой тематики: курсы бухгалтерии; вакансии бухгалтера; бухгалтерское ПО; новости налогов без услуги; слабая релевантность: страница про другой город или без подтверждения работы в Москва; слабая релевантность: информационная статья без товара услуги цены заявки или контакта исполнителя"
сдача налоговой отчетности,accounting_services,commercial,,,10,2,бухгалтерские услуги и аутсорсинг бухгалтерии,сдача налоговой отчетности,страница должна явно отвечать на потребность: сдача налоговой отчетности; нужна коммерческая посадочная внутри темы: бухгалтерские услуги и аутсорсинг бухгалтерии,"мусор: страница не раскрывает сдача налоговой отчетности, даже если у нее хороший title текст или коммерческие блоки; hard-negative из другой тематики: курсы бухгалтерии; вакансии бухгалтера; бухгалтерское ПО; новости налогов без услуги; слабая релевантность: информационная статья без товара услуги цены заявки или контакта исполнителя"
бухгалтер для маркетплейсов,accounting_services,commercial,,,10,2,бухгалтерские услуги и аутсорсинг бухгалтерии,бухгалтерия для маркетплейсов,страница должна явно отвечать на потребность: бухгалтерия для маркетплейсов; нужна коммерческая посадочная внутри темы: бухгалтерские услуги и аутсорсинг бухгалтерии,"мусор: страница не раскрывает бухгалтерия для маркетплейсов, даже если у нее хороший title текст или коммерческие блоки; hard-negative из другой тематики: курсы бухгалтерии; вакансии бухгалтера; бухгалтерское ПО; новости налогов без услуги; слабая релевантность: информационная статья без товара услуги цены заявки или контакта исполнителя"
восстановление бухгалтерского учета,accounting_services,commercial,,,10,2,бухгалтерские услуги и аутсорсинг бухгалтерии,восстановление учета,страница должна явно отвечать на потребность: восстановление учета; нужна коммерческая посадочная внутри темы: бухгалтерские услуги и аутсорсинг бухгалтерии,"мусор: страница не раскрывает восстановление учета, даже если у нее хороший title текст или коммерческие блоки; hard-negative из другой тематики: курсы бухгалтерии; вакансии бухгалтера; бухгалтерское ПО; новости налогов без услуги; слабая релевантность: информационная статья без товара услуги цены заявки или контакта исполнителя"
расчет зарплаты аутсорсинг,accounting_services,commercial,,,10,2,бухгалтерские услуги и аутсорсинг бухгалтерии,аутсорсинг расчета зарплаты,страница должна явно отвечать на потребность: аутсорсинг расчета зарплаты; нужна коммерческая посадочная внутри темы: бухгалтерские услуги и аутсорсинг бухгалтерии,"мусор: страница не раскрывает аутсорсинг расчета зарплаты, даже если у нее хороший title текст или коммерческие блоки; hard-negative из другой тематики: курсы бухгалтерии; вакансии бухгалтера; бухгалтерское ПО; новости налогов без услуги; слабая релевантность: информационная статья без товара услуги цены заявки или контакта исполнителя"
бухгалтерские услуги отзывы,accounting_services,comparison,,,10,2,бухгалтерские услуги и аутсорсинг бухгалтерии,отзывы о бухгалтерских услугах,страница должна явно отвечать на потребность: отзывы о бухгалтерских услугах; нужны реальные отзывы рейтинг сравнение кейсы или понятные критерии выбора; нужны отзывы рейтинги сравнение вариантов или доказательства опыта,"мусор: страница не раскрывает отзывы о бухгалтерских услугах, даже если у нее хороший title текст или коммерческие блоки; hard-negative из другой тематики: курсы бухгалтерии; вакансии бухгалтера; бухгалтерское ПО; новости налогов без услуги; слабая релевантность: продающая страница без отзывов рейтинга сравнения или социального доказательства; hard-negative: нет отзывов рейтинга сравнения или кейсов, только обычное описание услуги"
как выбрать бухгалтера на аутсорсинг,accounting_services,informational,,,10,2,бухгалтерские услуги и аутсорсинг бухгалтерии,выбор бухгалтера,страница должна явно отвечать на потребность: выбор бухгалтера; нужен полезный разбор темы с конкретными критериями примерами и ответом на вопрос; страница должна помогать принять решение а не просто продавать услугу,"мусор: страница не раскрывает выбор бухгалтера, даже если у нее хороший title текст или коммерческие блоки; hard-negative из другой тематики: курсы бухгалтерии; вакансии бухгалтера; бухгалтерское ПО; новости налогов без услуги; слабая релевантность: каталог или рекламная страница без ответа на вопрос пользователя; hard-negative: страница не объясняет критерии выбора причины отличия подготовку или этапы"
автосервис москва,car_service,commercial,Москва,213,10,2,автосервис и ремонт автомобилей,автосервис в Москве,страница должна явно отвечать на потребность: автосервис в Москве; нужна коммерческая посадочная внутри темы: автосервис и ремонт автомобилей; должна быть привязка к городу Москва: адрес зона работы доставка или филиал,"мусор: страница не раскрывает автосервис в Москве, даже если у нее хороший title текст или коммерческие блоки; hard-negative из другой тематики: продажа автомобилей; магазин запчастей без ремонта; автошкола; мойка без сервиса; слабая релевантность: страница про другой город или без подтверждения работы в Москва; слабая релевантность: информационная статья без товара услуги цены заявки или контакта исполнителя"
ремонт двигателя цена,car_service,commercial,,,10,2,автосервис и ремонт автомобилей,ремонт двигателя,страница должна явно отвечать на потребность: ремонт двигателя; нужна коммерческая посадочная внутри темы: автосервис и ремонт автомобилей; обязательны цена диапазон тариф калькулятор или понятная логика расчета; должна быть описана конкретная услуга процесс сроки гарантия и условия выезда,"мусор: страница не раскрывает ремонт двигателя, даже если у нее хороший title текст или коммерческие блоки; hard-negative из другой тематики: продажа автомобилей; магазин запчастей без ремонта; автошкола; мойка без сервиса; слабая релевантность: информационная статья без товара услуги цены заявки или контакта исполнителя; hard-negative: страница обещает услугу но не дает цены диапазона тарифа или способа расчета; hard-negative: каталог товаров без подтверждения выполнения нужной услуги"
замена масла рядом,car_service,commercial,,,10,2,автосервис и ремонт автомобилей,замена масла,страница должна явно отвечать на потребность: замена масла; нужна коммерческая посадочная внутри темы: автосервис и ремонт автомобилей; должна быть описана конкретная услуга процесс сроки гарантия и условия выезда; важна логистика: зона обслуживания выезд доставка карта или способы получения услуги,"мусор: страница не раскрывает замена масла, даже если у нее хороший title текст или коммерческие блоки; hard-negative из другой тематики: продажа автомобилей; магазин запчастей без ремонта; автошкола; мойка без сервиса; слабая релевантность: информационная статья без товара услуги цены заявки или контакта исполнителя; hard-negative: каталог товаров без подтверждения выполнения нужной услуги; hard-negative: нет зоны обслуживания доставки выезда адреса или локального подтверждения"
диагностика автомобиля цена,car_service,commercial,,,10,2,автосервис и ремонт автомобилей,диагностика автомобиля,страница должна явно отвечать на потребность: диагностика автомобиля; нужна коммерческая посадочная внутри темы: автосервис и ремонт автомобилей; обязательны цена диапазон тариф калькулятор или понятная логика расчета,"мусор: страница не раскрывает диагностика автомобиля, даже если у нее хороший title текст или коммерческие блоки; hard-negative из другой тематики: продажа автомобилей; магазин запчастей без ремонта; автошкола; мойка без сервиса; слабая релевантность: информационная статья без товара услуги цены заявки или контакта исполнителя; hard-negative: страница обещает услугу но не дает цены диапазона тарифа или способа расчета"
ремонт подвески автомобиля,car_service,commercial,,,10,2,автосервис и ремонт автомобилей,ремонт подвески,страница должна явно отвечать на потребность: ремонт подвески; нужна коммерческая посадочная внутри темы: автосервис и ремонт автомобилей; должна быть описана конкретная услуга процесс сроки гарантия и условия выезда,"мусор: страница не раскрывает ремонт подвески, даже если у нее хороший title текст или коммерческие блоки; hard-negative из другой тематики: продажа автомобилей; магазин запчастей без ремонта; автошкола; мойка без сервиса; слабая релевантность: информационная статья без товара услуги цены заявки или контакта исполнителя; hard-negative: каталог товаров без подтверждения выполнения нужной услуги"
ремонт акпп москва,car_service,commercial,Москва,213,10,2,автосервис и ремонт автомобилей,ремонт АКПП,страница должна явно отвечать на потребность: ремонт АКПП; нужна коммерческая посадочная внутри темы: автосервис и ремонт автомобилей; должна быть привязка к городу Москва: адрес зона работы доставка или филиал; должна быть описана конкретная услуга процесс сроки гарантия и условия выезда; должны совпадать важные уточнения из запроса: формат размер мощность тип объекта или комплектация,"мусор: страница не раскрывает ремонт АКПП, даже если у нее хороший title текст или коммерческие блоки; hard-negative из другой тематики: продажа автомобилей; магазин запчастей без ремонта; автошкола; мойка без сервиса; слабая релевантность: страница про другой город или без подтверждения работы в Москва; слабая релевантность: информационная статья без товара услуги цены заявки или контакта исполнителя; hard-negative: каталог товаров без подтверждения выполнения нужной услуги; hard-negative: страница совпадает по теме но игнорирует ключевой технический уточнитель запроса"
шиномонтаж круглосуточно,car_service,commercial,,,10,2,автосервис и ремонт автомобилей,круглосуточный шиномонтаж,страница должна явно отвечать на потребность: круглосуточный шиномонтаж; нужна коммерческая посадочная внутри темы: автосервис и ремонт автомобилей; должна быть описана конкретная услуга процесс сроки гарантия и условия выезда,"мусор: страница не раскрывает круглосуточный шиномонтаж, даже если у нее хороший title текст или коммерческие блоки; hard-negative из другой тематики: продажа автомобилей; магазин запчастей без ремонта; автошкола; мойка без сервиса; слабая релевантность: информационная статья без товара услуги цены заявки или контакта исполнителя; hard-negative: каталог товаров без подтверждения выполнения нужной услуги"
кузовной ремонт цена,car_service,commercial,,,10,2,автосервис и ремонт автомобилей,кузовной ремонт,страница должна явно отвечать на потребность: кузовной ремонт; нужна коммерческая посадочная внутри темы: автосервис и ремонт автомобилей; обязательны цена диапазон тариф калькулятор или понятная логика расчета; должна быть описана конкретная услуга процесс сроки гарантия и условия выезда,"мусор: страница не раскрывает кузовной ремонт, даже если у нее хороший title текст или коммерческие блоки; hard-negative из другой тематики: продажа автомобилей; магазин запчастей без ремонта; автошкола; мойка без сервиса; слабая релевантность: информационная статья без товара услуги цены заявки или контакта исполнителя; hard-negative: страница обещает услугу но не дает цены диапазона тарифа или способа расчета; hard-negative: каталог товаров без подтверждения выполнения нужной услуги"
автосервис отзывы,car_service,comparison,,,10,2,автосервис и ремонт автомобилей,отзывы об автосервисе,страница должна явно отвечать на потребность: отзывы об автосервисе; нужны реальные отзывы рейтинг сравнение кейсы или понятные критерии выбора; нужны отзывы рейтинги сравнение вариантов или доказательства опыта,"мусор: страница не раскрывает отзывы об автосервисе, даже если у нее хороший title текст или коммерческие блоки; hard-negative из другой тематики: продажа автомобилей; магазин запчастей без ремонта; автошкола; мойка без сервиса; слабая релевантность: продающая страница без отзывов рейтинга сравнения или социального доказательства; hard-negative: нет отзывов рейтинга сравнения или кейсов, только обычное описание услуги"
как выбрать автосервис,car_service,informational,,,10,2,автосервис и ремонт автомобилей,выбор автосервиса,страница должна явно отвечать на потребность: выбор автосервиса; нужен полезный разбор темы с конкретными критериями примерами и ответом на вопрос; страница должна помогать принять решение а не просто продавать услугу,"мусор: страница не раскрывает выбор автосервиса, даже если у нее хороший title текст или коммерческие блоки; hard-negative из другой тематики: продажа автомобилей; магазин запчастей без ремонта; автошкола; мойка без сервиса; слабая релевантность: каталог или рекламная страница без ответа на вопрос пользователя; hard-negative: страница не объясняет критерии выбора причины отличия подготовку или этапы"
грузоперевозки москва,cargo_transport,commercial,Москва,213,10,2,грузоперевозки и перевозка вещей,грузоперевозки в Москве,страница должна явно отвечать на потребность: грузоперевозки в Москве; нужна коммерческая посадочная внутри темы: грузоперевозки и перевозка вещей; должна быть привязка к городу Москва: адрес зона работы доставка или филиал,"мусор: страница не раскрывает грузоперевозки в Москве, даже если у нее хороший title текст или коммерческие блоки; hard-negative из другой тематики: пассажирское такси; доставка еды; вакансии водителя; продажа грузовиков без перевозки; слабая релевантность: страница про другой город или без подтверждения работы в Москва; слабая релевантность: информационная статья без товара услуги цены заявки или контакта исполнителя"
заказать газель для перевозки,cargo_transport,commercial,,,10,2,грузоперевозки и перевозка вещей,заказ Газели,страница должна явно отвечать на потребность: заказ Газели; нужна коммерческая посадочная внутри темы: грузоперевозки и перевозка вещей; нужна возможность покупки заказа заявки консультации или подбора конкретного предложения,"мусор: страница не раскрывает заказ Газели, даже если у нее хороший title текст или коммерческие блоки; hard-negative из другой тематики: пассажирское такси; доставка еды; вакансии водителя; продажа грузовиков без перевозки; слабая релевантность: информационная статья без товара услуги цены заявки или контакта исполнителя; hard-negative: обзор или блог без возможности купить заказать или отправить заявку"
квартирный переезд цена,cargo_transport,commercial,,,10,2,грузоперевозки и перевозка вещей,квартирный переезд,страница должна явно отвечать на потребность: квартирный переезд; нужна коммерческая посадочная внутри темы: грузоперевозки и перевозка вещей; обязательны цена диапазон тариф калькулятор или понятная логика расчета,"мусор: страница не раскрывает квартирный переезд, даже если у нее хороший title текст или коммерческие блоки; hard-negative из другой тематики: пассажирское такси; доставка еды; вакансии водителя; продажа грузовиков без перевозки; слабая релевантность: информационная статья без товара услуги цены заявки или контакта исполнителя; hard-negative: страница обещает услугу но не дает цены диапазона тарифа или способа расчета"
перевозка мебели с грузчиками,cargo_transport,commercial,,,10,2,грузоперевозки и перевозка вещей,перевозка мебели,страница должна явно отвечать на потребность: перевозка мебели; нужна коммерческая посадочная внутри темы: грузоперевозки и перевозка вещей,"мусор: страница не раскрывает перевозка мебели, даже если у нее хороший title текст или коммерческие блоки; hard-negative из другой тематики: пассажирское такси; доставка еды; вакансии водителя; продажа грузовиков без перевозки; слабая релевантность: информационная статья без товара услуги цены заявки или контакта исполнителя"
междугородние грузоперевозки,cargo_transport,commercial,,,10,2,грузоперевозки и перевозка вещей,междугородние грузоперевозки,страница должна явно отвечать на потребность: междугородние грузоперевозки; нужна коммерческая посадочная внутри темы: грузоперевозки и перевозка вещей,"мусор: страница не раскрывает междугородние грузоперевозки, даже если у нее хороший title текст или коммерческие блоки; hard-negative из другой тематики: пассажирское такси; доставка еды; вакансии водителя; продажа грузовиков без перевозки; слабая релевантность: информационная статья без товара услуги цены заявки или контакта исполнителя"
доставка груза по россии,cargo_transport,commercial,,,10,2,грузоперевозки и перевозка вещей,доставка груза по России,страница должна явно отвечать на потребность: доставка груза по России; нужна коммерческая посадочная внутри темы: грузоперевозки и перевозка вещей,"мусор: страница не раскрывает доставка груза по России, даже если у нее хороший title текст или коммерческие блоки; hard-negative из другой тематики: пассажирское такси; доставка еды; вакансии водителя; продажа грузовиков без перевозки; слабая релевантность: информационная статья без товара услуги цены заявки или контакта исполнителя"
грузчики и машина недорого,cargo_transport,commercial,,,10,2,грузоперевозки и перевозка вещей,машина с грузчиками,страница должна явно отвечать на потребность: машина с грузчиками; нужна коммерческая посадочная внутри темы: грузоперевозки и перевозка вещей,"мусор: страница не раскрывает машина с грузчиками, даже если у нее хороший title текст или коммерческие блоки; hard-negative из другой тематики: пассажирское такси; доставка еды; вакансии водителя; продажа грузовиков без перевозки; слабая релевантность: информационная статья без товара услуги цены заявки или контакта исполнителя"
перевозка пианино цена,cargo_transport,commercial,,,10,2,грузоперевозки и перевозка вещей,перевозка пианино,страница должна явно отвечать на потребность: перевозка пианино; нужна коммерческая посадочная внутри темы: грузоперевозки и перевозка вещей; обязательны цена диапазон тариф калькулятор или понятная логика расчета,"мусор: страница не раскрывает перевозка пианино, даже если у нее хороший title текст или коммерческие блоки; hard-negative из другой тематики: пассажирское такси; доставка еды; вакансии водителя; продажа грузовиков без перевозки; слабая релевантность: информационная статья без товара услуги цены заявки или контакта исполнителя; hard-negative: страница обещает услугу но не дает цены диапазона тарифа или способа расчета"
грузоперевозки отзывы,cargo_transport,comparison,,,10,2,грузоперевозки и перевозка вещей,отзывы о грузоперевозках,страница должна явно отвечать на потребность: отзывы о грузоперевозках; нужны реальные отзывы рейтинг сравнение кейсы или понятные критерии выбора; нужны отзывы рейтинги сравнение вариантов или доказательства опыта,"мусор: страница не раскрывает отзывы о грузоперевозках, даже если у нее хороший title текст или коммерческие блоки; hard-negative из другой тематики: пассажирское такси; доставка еды; вакансии водителя; продажа грузовиков без перевозки; слабая релевантность: продающая страница без отзывов рейтинга сравнения или социального доказательства; hard-negative: нет отзывов рейтинга сравнения или кейсов, только обычное описание услуги"
как выбрать транспортную компанию,cargo_transport,informational,,,10,2,грузоперевозки и перевозка вещей,выбор транспортной компании,страница должна явно отвечать на потребность: выбор транспортной компании; нужен полезный разбор темы с конкретными критериями примерами и ответом на вопрос; страница должна помогать принять решение а не просто продавать услугу,"мусор: страница не раскрывает выбор транспортной компании, даже если у нее хороший title текст или коммерческие блоки; hard-negative из другой тематики: пассажирское такси; доставка еды; вакансии водителя; продажа грузовиков без перевозки; слабая релевантность: каталог или рекламная страница без ответа на вопрос пользователя; hard-negative: страница не объясняет критерии выбора причины отличия подготовку или этапы"
пилатес москва,pilates_fitness,commercial,Москва,213,10,2,пилатес и фитнес-студии,пилатес в Москве,страница должна явно отвечать на потребность: пилатес в Москве; нужна коммерческая посадочная внутри темы: пилатес и фитнес-студии; должна быть привязка к городу Москва: адрес зона работы доставка или филиал,"мусор: страница не раскрывает пилатес в Москве, даже если у нее хороший title текст или коммерческие блоки; hard-negative из другой тематики: медицинская клиника без пилатеса; винный магазин; промышленное оборудование; спортивный магазин без занятий; слабая релевантность: страница про другой город или без подтверждения работы в Москва; слабая релевантность: информационная статья без товара услуги цены заявки или контакта исполнителя"
студия пилатеса рядом,pilates_fitness,commercial,,,10,2,пилатес и фитнес-студии,студия пилатеса,страница должна явно отвечать на потребность: студия пилатеса; нужна коммерческая посадочная внутри темы: пилатес и фитнес-студии; важны признаки реального исполнителя: реквизиты команда лицензии кейсы адрес или портфолио; важна логистика: зона обслуживания выезд доставка карта или способы получения услуги,"мусор: страница не раскрывает студия пилатеса, даже если у нее хороший title текст или коммерческие блоки; hard-negative из другой тематики: медицинская клиника без пилатеса; винный магазин; промышленное оборудование; спортивный магазин без занятий; слабая релевантность: информационная статья без товара услуги цены заявки или контакта исполнителя; hard-negative: нет зоны обслуживания доставки выезда адреса или локального подтверждения"
пилатес реформер цена,pilates_fitness,commercial,,,10,2,пилатес и фитнес-студии,занятия на реформере,страница должна явно отвечать на потребность: занятия на реформере; нужна коммерческая посадочная внутри темы: пилатес и фитнес-студии; обязательны цена диапазон тариф калькулятор или понятная логика расчета; должны совпадать важные уточнения из запроса: формат размер мощность тип объекта или комплектация,"мусор: страница не раскрывает занятия на реформере, даже если у нее хороший title текст или коммерческие блоки; hard-negative из другой тематики: медицинская клиника без пилатеса; винный магазин; промышленное оборудование; спортивный магазин без занятий; слабая релевантность: информационная статья без товара услуги цены заявки или контакта исполнителя; hard-negative: страница обещает услугу но не дает цены диапазона тарифа или способа расчета; hard-negative: страница совпадает по теме но игнорирует ключевой технический уточнитель запроса"
индивидуальные занятия пилатес,pilates_fitness,commercial,,,10,2,пилатес и фитнес-студии,индивидуальный пилатес,страница должна явно отвечать на потребность: индивидуальный пилатес; нужна коммерческая посадочная внутри темы: пилатес и фитнес-студии,"мусор: страница не раскрывает индивидуальный пилатес, даже если у нее хороший title текст или коммерческие блоки; hard-negative из другой тематики: медицинская клиника без пилатеса; винный магазин; промышленное оборудование; спортивный магазин без занятий; слабая релевантность: информационная статья без товара услуги цены заявки или контакта исполнителя"
пилатес для начинающих,pilates_fitness,commercial,,,10,2,пилатес и фитнес-студии,пилатес для начинающих,страница должна явно отвечать на потребность: пилатес для начинающих; нужна коммерческая посадочная внутри темы: пилатес и фитнес-студии,"мусор: страница не раскрывает пилатес для начинающих, даже если у нее хороший title текст или коммерческие блоки; hard-negative из другой тематики: медицинская клиника без пилатеса; винный магазин; промышленное оборудование; спортивный магазин без занятий; слабая релевантность: информационная статья без товара услуги цены заявки или контакта исполнителя"
пилатес для спины,pilates_fitness,commercial,,,10,2,пилатес и фитнес-студии,пилатес для спины,страница должна явно отвечать на потребность: пилатес для спины; нужна коммерческая посадочная внутри темы: пилатес и фитнес-студии,"мусор: страница не раскрывает пилатес для спины, даже если у нее хороший title текст или коммерческие блоки; hard-negative из другой тематики: медицинская клиника без пилатеса; винный магазин; промышленное оборудование; спортивный магазин без занятий; слабая релевантность: информационная статья без товара услуги цены заявки или контакта исполнителя"
групповые занятия пилатес,pilates_fitness,commercial,,,10,2,пилатес и фитнес-студии,групповой пилатес,страница должна явно отвечать на потребность: групповой пилатес; нужна коммерческая посадочная внутри темы: пилатес и фитнес-студии,"мусор: страница не раскрывает групповой пилатес, даже если у нее хороший title текст или коммерческие блоки; hard-negative из другой тематики: медицинская клиника без пилатеса; винный магазин; промышленное оборудование; спортивный магазин без занятий; слабая релевантность: информационная статья без товара услуги цены заявки или контакта исполнителя"
абонемент на пилатес,pilates_fitness,commercial,,,10,2,пилатес и фитнес-студии,абонемент на пилатес,страница должна явно отвечать на потребность: абонемент на пилатес; нужна коммерческая посадочная внутри темы: пилатес и фитнес-студии,"мусор: страница не раскрывает абонемент на пилатес, даже если у нее хороший title текст или коммерческие блоки; hard-negative из другой тематики: медицинская клиника без пилатеса; винный магазин; промышленное оборудование; спортивный магазин без занятий; слабая релевантность: информационная статья без товара услуги цены заявки или контакта исполнителя"
студия пилатеса отзывы,pilates_fitness,comparison,,,10,2,пилатес и фитнес-студии,отзывы о студии пилатеса,страница должна явно отвечать на потребность: отзывы о студии пилатеса; нужны реальные отзывы рейтинг сравнение кейсы или понятные критерии выбора; важны признаки реального исполнителя: реквизиты команда лицензии кейсы адрес или портфолио; нужны отзывы рейтинги сравнение вариантов или доказательства опыта,"мусор: страница не раскрывает отзывы о студии пилатеса, даже если у нее хороший title текст или коммерческие блоки; hard-negative из другой тематики: медицинская клиника без пилатеса; винный магазин; промышленное оборудование; спортивный магазин без занятий; слабая релевантность: продающая страница без отзывов рейтинга сравнения или социального доказательства; hard-negative: нет отзывов рейтинга сравнения или кейсов, только обычное описание услуги"
чем отличается пилатес от йоги,pilates_fitness,informational,,,10,2,пилатес и фитнес-студии,сравнение пилатеса и йоги,страница должна явно отвечать на потребность: сравнение пилатеса и йоги; нужен полезный разбор темы с конкретными критериями примерами и ответом на вопрос; страница должна помогать принять решение а не просто продавать услугу,"мусор: страница не раскрывает сравнение пилатеса и йоги, даже если у нее хороший title текст или коммерческие блоки; hard-negative из другой тематики: медицинская клиника без пилатеса; винный магазин; промышленное оборудование; спортивный магазин без занятий; слабая релевантность: каталог или рекламная страница без ответа на вопрос пользователя; hard-negative: страница не объясняет критерии выбора причины отличия подготовку или этапы"
сдать анализы москва,medical_tests,commercial,Москва,213,10,2,медицинские анализы и лабораторная диагностика,сдача анализов в Москве,страница должна явно отвечать на потребность: сдача анализов в Москве; нужна коммерческая посадочная внутри темы: медицинские анализы и лабораторная диагностика; должна быть привязка к городу Москва: адрес зона работы доставка или филиал,"мусор: страница не раскрывает сдача анализов в Москве, даже если у нее хороший title текст или коммерческие блоки; hard-negative из другой тематики: ветеринарная лаборатория; статья без сдачи анализа; аптека; клиника без лабораторных услуг; слабая релевантность: страница про другой город или без подтверждения работы в Москва; слабая релевантность: информационная статья без товара услуги цены заявки или контакта исполнителя"
общий анализ крови цена,medical_tests,commercial,,,10,2,медицинские анализы и лабораторная диагностика,общий анализ крови,страница должна явно отвечать на потребность: общий анализ крови; нужна коммерческая посадочная внутри темы: медицинские анализы и лабораторная диагностика; обязательны цена диапазон тариф калькулятор или понятная логика расчета,"мусор: страница не раскрывает общий анализ крови, даже если у нее хороший title текст или коммерческие блоки; hard-negative из другой тематики: ветеринарная лаборатория; статья без сдачи анализа; аптека; клиника без лабораторных услуг; слабая релевантность: информационная статья без товара услуги цены заявки или контакта исполнителя; hard-negative: страница обещает услугу но не дает цены диапазона тарифа или способа расчета"
анализ крови на гормоны,medical_tests,commercial,,,10,2,медицинские анализы и лабораторная диагностика,анализы на гормоны,страница должна явно отвечать на потребность: анализы на гормоны; нужна коммерческая посадочная внутри темы: медицинские анализы и лабораторная диагностика,"мусор: страница не раскрывает анализы на гормоны, даже если у нее хороший title текст или коммерческие блоки; hard-negative из другой тематики: ветеринарная лаборатория; статья без сдачи анализа; аптека; клиника без лабораторных услуг; слабая релевантность: информационная статья без товара услуги цены заявки или контакта исполнителя"
пцр тест цена,medical_tests,commercial,,,10,2,медицинские анализы и лабораторная диагностика,ПЦР тест,страница должна явно отвечать на потребность: ПЦР тест; нужна коммерческая посадочная внутри темы: медицинские анализы и лабораторная диагностика; обязательны цена диапазон тариф калькулятор или понятная логика расчета,"мусор: страница не раскрывает ПЦР тест, даже если у нее хороший title текст или коммерческие блоки; hard-negative из другой тематики: ветеринарная лаборатория; статья без сдачи анализа; аптека; клиника без лабораторных услуг; слабая релевантность: информационная статья без товара услуги цены заявки или контакта исполнителя; hard-negative: страница обещает услугу но не дает цены диапазона тарифа или способа расчета"
биохимический анализ крови,medical_tests,commercial,,,10,2,медицинские анализы и лабораторная диагностика,биохимия крови,страница должна явно отвечать на потребность: биохимия крови; нужна коммерческая посадочная внутри темы: медицинские анализы и лабораторная диагностика,"мусор: страница не раскрывает биохимия крови, даже если у нее хороший title текст или коммерческие блоки; hard-negative из другой тематики: ветеринарная лаборатория; статья без сдачи анализа; аптека; клиника без лабораторных услуг; слабая релевантность: информационная статья без товара услуги цены заявки или контакта исполнителя"
анализ на витамин д,medical_tests,commercial,,,10,2,медицинские анализы и лабораторная диагностика,анализ витамина D,страница должна явно отвечать на потребность: анализ витамина D; нужна коммерческая посадочная внутри темы: медицинские анализы и лабораторная диагностика,"мусор: страница не раскрывает анализ витамина D, даже если у нее хороший title текст или коммерческие блоки; hard-negative из другой тематики: ветеринарная лаборатория; статья без сдачи анализа; аптека; клиника без лабораторных услуг; слабая релевантность: информационная статья без товара услуги цены заявки или контакта исполнителя"
сдать анализы на дому,medical_tests,commercial,,,10,2,медицинские анализы и лабораторная диагностика,выезд для сдачи анализов,страница должна явно отвечать на потребность: выезд для сдачи анализов; нужна коммерческая посадочная внутри темы: медицинские анализы и лабораторная диагностика; важна логистика: зона обслуживания выезд доставка карта или способы получения услуги,"мусор: страница не раскрывает выезд для сдачи анализов, даже если у нее хороший title текст или коммерческие блоки; hard-negative из другой тематики: ветеринарная лаборатория; статья без сдачи анализа; аптека; клиника без лабораторных услуг; слабая релевантность: информационная статья без товара услуги цены заявки или контакта исполнителя; hard-negative: нет зоны обслуживания доставки выезда адреса или локального подтверждения"
анализы перед операцией,medical_tests,commercial,,,10,2,медицинские анализы и лабораторная диагностика,предоперационные анализы,страница должна явно отвечать на потребность: предоперационные анализы; нужна коммерческая посадочная внутри темы: медицинские анализы и лабораторная диагностика,"мусор: страница не раскрывает предоперационные анализы, даже если у нее хороший title текст или коммерческие блоки; hard-negative из другой тематики: ветеринарная лаборатория; статья без сдачи анализа; аптека; клиника без лабораторных услуг; слабая релевантность: информационная статья без товара услуги цены заявки или контакта исполнителя"
лаборатория анализов отзывы,medical_tests,comparison,,,10,2,медицинские анализы и лабораторная диагностика,отзывы о лаборатории,страница должна явно отвечать на потребность: отзывы о лаборатории; нужны реальные отзывы рейтинг сравнение кейсы или понятные критерии выбора; важны признаки реального исполнителя: реквизиты команда лицензии кейсы адрес или портфолио; нужны отзывы рейтинги сравнение вариантов или доказательства опыта,"мусор: страница не раскрывает отзывы о лаборатории, даже если у нее хороший title текст или коммерческие блоки; hard-negative из другой тематики: ветеринарная лаборатория; статья без сдачи анализа; аптека; клиника без лабораторных услуг; слабая релевантность: продающая страница без отзывов рейтинга сравнения или социального доказательства; hard-negative: нет отзывов рейтинга сравнения или кейсов, только обычное описание услуги"
как подготовиться к анализу крови,medical_tests,informational,,,10,2,медицинские анализы и лабораторная диагностика,подготовка к анализам,страница должна явно отвечать на потребность: подготовка к анализам; нужен полезный разбор темы с конкретными критериями примерами и ответом на вопрос; страница должна помогать принять решение а не просто продавать услугу,"мусор: страница не раскрывает подготовка к анализам, даже если у нее хороший title текст или коммерческие блоки; hard-negative из другой тематики: ветеринарная лаборатория; статья без сдачи анализа; аптека; клиника без лабораторных услуг; слабая релевантность: каталог или рекламная страница без ответа на вопрос пользователя; hard-negative: страница не объясняет критерии выбора причины отличия подготовку или этапы"
мебель на заказ москва,custom_furniture,commercial,Москва,213,10,2,мебель на заказ,мебель на заказ в Москве,страница должна явно отвечать на потребность: мебель на заказ в Москве; нужна коммерческая посадочная внутри темы: мебель на заказ; должна быть привязка к городу Москва: адрес зона работы доставка или филиал,"мусор: страница не раскрывает мебель на заказ в Москве, даже если у нее хороший title текст или коммерческие блоки; hard-negative из другой тематики: готовая мебель маркетплейса; ремонт мебели; пиломатериалы; дизайн интерьера без изготовления; слабая релевантность: страница про другой город или без подтверждения работы в Москва; слабая релевантность: информационная статья без товара услуги цены заявки или контакта исполнителя"
шкаф купе на заказ цена,custom_furniture,commercial,,,10,2,мебель на заказ,шкаф-купе на заказ,страница должна явно отвечать на потребность: шкаф-купе на заказ; нужна коммерческая посадочная внутри темы: мебель на заказ; обязательны цена диапазон тариф калькулятор или понятная логика расчета,"мусор: страница не раскрывает шкаф-купе на заказ, даже если у нее хороший title текст или коммерческие блоки; hard-negative из другой тематики: готовая мебель маркетплейса; ремонт мебели; пиломатериалы; дизайн интерьера без изготовления; слабая релевантность: информационная статья без товара услуги цены заявки или контакта исполнителя; hard-negative: страница обещает услугу но не дает цены диапазона тарифа или способа расчета"
кухня на заказ цена,custom_furniture,commercial,,,10,2,мебель на заказ,кухня на заказ,страница должна явно отвечать на потребность: кухня на заказ; нужна коммерческая посадочная внутри темы: мебель на заказ; обязательны цена диапазон тариф калькулятор или понятная логика расчета,"мусор: страница не раскрывает кухня на заказ, даже если у нее хороший title текст или коммерческие блоки; hard-negative из другой тематики: готовая мебель маркетплейса; ремонт мебели; пиломатериалы; дизайн интерьера без изготовления; слабая релевантность: информационная статья без товара услуги цены заявки или контакта исполнителя; hard-negative: страница обещает услугу но не дает цены диапазона тарифа или способа расчета"
гардеробная на заказ,custom_furniture,commercial,,,10,2,мебель на заказ,гардеробная на заказ,страница должна явно отвечать на потребность: гардеробная на заказ; нужна коммерческая посадочная внутри темы: мебель на заказ,"мусор: страница не раскрывает гардеробная на заказ, даже если у нее хороший title текст или коммерческие блоки; hard-negative из другой тематики: готовая мебель маркетплейса; ремонт мебели; пиломатериалы; дизайн интерьера без изготовления; слабая релевантность: информационная статья без товара услуги цены заявки или контакта исполнителя"
детская мебель на заказ,custom_furniture,commercial,,,10,2,мебель на заказ,детская мебель на заказ,страница должна явно отвечать на потребность: детская мебель на заказ; нужна коммерческая посадочная внутри темы: мебель на заказ,"мусор: страница не раскрывает детская мебель на заказ, даже если у нее хороший title текст или коммерческие блоки; hard-negative из другой тематики: готовая мебель маркетплейса; ремонт мебели; пиломатериалы; дизайн интерьера без изготовления; слабая релевантность: информационная статья без товара услуги цены заявки или контакта исполнителя"
мебель для ванной на заказ,custom_furniture,commercial,,,10,2,мебель на заказ,мебель для ванной,страница должна явно отвечать на потребность: мебель для ванной; нужна коммерческая посадочная внутри темы: мебель на заказ,"мусор: страница не раскрывает мебель для ванной, даже если у нее хороший title текст или коммерческие блоки; hard-negative из другой тематики: готовая мебель маркетплейса; ремонт мебели; пиломатериалы; дизайн интерьера без изготовления; слабая релевантность: информационная статья без товара услуги цены заявки или контакта исполнителя"
встроенный шкаф на заказ,custom_furniture,commercial,,,10,2,мебель на заказ,встроенный шкаф,страница должна явно отвечать на потребность: встроенный шкаф; нужна коммерческая посадочная внутри темы: мебель на заказ,"мусор: страница не раскрывает встроенный шкаф, даже если у нее хороший title текст или коммерческие блоки; hard-negative из другой тематики: готовая мебель маркетплейса; ремонт мебели; пиломатериалы; дизайн интерьера без изготовления; слабая релевантность: информационная статья без товара услуги цены заявки или контакта исполнителя"
корпусная мебель на заказ,custom_furniture,commercial,,,10,2,мебель на заказ,корпусная мебель,страница должна явно отвечать на потребность: корпусная мебель; нужна коммерческая посадочная внутри темы: мебель на заказ,"мусор: страница не раскрывает корпусная мебель, даже если у нее хороший title текст или коммерческие блоки; hard-negative из другой тематики: готовая мебель маркетплейса; ремонт мебели; пиломатериалы; дизайн интерьера без изготовления; слабая релевантность: информационная статья без товара услуги цены заявки или контакта исполнителя"
мебель на заказ отзывы,custom_furniture,comparison,,,10,2,мебель на заказ,отзывы о мебели на заказ,страница должна явно отвечать на потребность: отзывы о мебели на заказ; нужны реальные отзывы рейтинг сравнение кейсы или понятные критерии выбора; нужны отзывы рейтинги сравнение вариантов или доказательства опыта,"мусор: страница не раскрывает отзывы о мебели на заказ, даже если у нее хороший title текст или коммерческие блоки; hard-negative из другой тематики: готовая мебель маркетплейса; ремонт мебели; пиломатериалы; дизайн интерьера без изготовления; слабая релевантность: продающая страница без отзывов рейтинга сравнения или социального доказательства; hard-negative: нет отзывов рейтинга сравнения или кейсов, только обычное описание услуги"
как выбрать мебель на заказ,custom_furniture,informational,,,10,2,мебель на заказ,выбор мебели на заказ,страница должна явно отвечать на потребность: выбор мебели на заказ; нужен полезный разбор темы с конкретными критериями примерами и ответом на вопрос; страница должна помогать принять решение а не просто продавать услугу,"мусор: страница не раскрывает выбор мебели на заказ, даже если у нее хороший title текст или коммерческие блоки; hard-negative из другой тематики: готовая мебель маркетплейса; ремонт мебели; пиломатериалы; дизайн интерьера без изготовления; слабая релевантность: каталог или рекламная страница без ответа на вопрос пользователя; hard-negative: страница не объясняет критерии выбора причины отличия подготовку или этапы"
купить кондиционер с установкой,air_conditioners,commercial,,,10,2,кондиционеры и климатическая техника,покупка кондиционера с установкой,страница должна явно отвечать на потребность: покупка кондиционера с установкой; нужна коммерческая посадочная внутри темы: кондиционеры и климатическая техника; нужна возможность покупки заказа заявки консультации или подбора конкретного предложения,"мусор: страница не раскрывает покупка кондиционера с установкой, даже если у нее хороший title текст или коммерческие блоки; hard-negative из другой тематики: кондиционер для волос; прогноз погоды; автомобильный кондиционер; вентиляция без кондиционеров; слабая релевантность: информационная статья без товара услуги цены заявки или контакта исполнителя; hard-negative: обзор или блог без возможности купить заказать или отправить заявку"
установка кондиционера цена,air_conditioners,commercial,,,10,2,кондиционеры и климатическая техника,цена установки кондиционера,страница должна явно отвечать на потребность: цена установки кондиционера; нужна коммерческая посадочная внутри темы: кондиционеры и климатическая техника; обязательны цена диапазон тариф калькулятор или понятная логика расчета; должна быть описана конкретная услуга процесс сроки гарантия и условия выезда,"мусор: страница не раскрывает цена установки кондиционера, даже если у нее хороший title текст или коммерческие блоки; hard-negative из другой тематики: кондиционер для волос; прогноз погоды; автомобильный кондиционер; вентиляция без кондиционеров; слабая релевантность: информационная статья без товара услуги цены заявки или контакта исполнителя; hard-negative: страница обещает услугу но не дает цены диапазона тарифа или способа расчета; hard-negative: каталог товаров без подтверждения выполнения нужной услуги"
сплит система в квартиру,air_conditioners,commercial,,,10,2,кондиционеры и климатическая техника,сплит-система для квартиры,страница должна явно отвечать на потребность: сплит-система для квартиры; нужна коммерческая посадочная внутри темы: кондиционеры и климатическая техника,"мусор: страница не раскрывает сплит-система для квартиры, даже если у нее хороший title текст или коммерческие блоки; hard-negative из другой тематики: кондиционер для волос; прогноз погоды; автомобильный кондиционер; вентиляция без кондиционеров; слабая релевантность: информационная статья без товара услуги цены заявки или контакта исполнителя"
кондиционеры москва,air_conditioners,commercial,Москва,213,10,2,кондиционеры и климатическая техника,кондиционеры в Москве,страница должна явно отвечать на потребность: кондиционеры в Москве; нужна коммерческая посадочная внутри темы: кондиционеры и климатическая техника; должна быть привязка к городу Москва: адрес зона работы доставка или филиал,"мусор: страница не раскрывает кондиционеры в Москве, даже если у нее хороший title текст или коммерческие блоки; hard-negative из другой тематики: кондиционер для волос; прогноз погоды; автомобильный кондиционер; вентиляция без кондиционеров; слабая релевантность: страница про другой город или без подтверждения работы в Москва; слабая релевантность: информационная статья без товара услуги цены заявки или контакта исполнителя"
обслуживание кондиционеров,air_conditioners,commercial,,,10,2,кондиционеры и климатическая техника,сервис кондиционеров,страница должна явно отвечать на потребность: сервис кондиционеров; нужна коммерческая посадочная внутри темы: кондиционеры и климатическая техника; должна быть описана конкретная услуга процесс сроки гарантия и условия выезда,"мусор: страница не раскрывает сервис кондиционеров, даже если у нее хороший title текст или коммерческие блоки; hard-negative из другой тематики: кондиционер для волос; прогноз погоды; автомобильный кондиционер; вентиляция без кондиционеров; слабая релевантность: информационная статья без товара услуги цены заявки или контакта исполнителя; hard-negative: каталог товаров без подтверждения выполнения нужной услуги"
заправка кондиционера фреоном,air_conditioners,commercial,,,10,2,кондиционеры и климатическая техника,заправка кондиционера,страница должна явно отвечать на потребность: заправка кондиционера; нужна коммерческая посадочная внутри темы: кондиционеры и климатическая техника; должна быть описана конкретная услуга процесс сроки гарантия и условия выезда,"мусор: страница не раскрывает заправка кондиционера, даже если у нее хороший title текст или коммерческие блоки; hard-negative из другой тематики: кондиционер для волос; прогноз погоды; автомобильный кондиционер; вентиляция без кондиционеров; слабая релевантность: информационная статья без товара услуги цены заявки или контакта исполнителя"
демонтаж кондиционера,air_conditioners,commercial,,,10,2,кондиционеры и климатическая техника,демонтаж кондиционера,страница должна явно отвечать на потребность: демонтаж кондиционера; нужна коммерческая посадочная внутри темы: кондиционеры и климатическая техника; должна быть описана конкретная услуга процесс сроки гарантия и условия выезда,"мусор: страница не раскрывает демонтаж кондиционера, даже если у нее хороший title текст или коммерческие блоки; hard-negative из другой тематики: кондиционер для волос; прогноз погоды; автомобильный кондиционер; вентиляция без кондиционеров; слабая релевантность: информационная статья без товара услуги цены заявки или контакта исполнителя; hard-negative: каталог товаров без подтверждения выполнения нужной услуги"
кондиционер для офиса,air_conditioners,commercial,,,10,2,кондиционеры и климатическая техника,кондиционер для офиса,страница должна явно отвечать на потребность: кондиционер для офиса; нужна коммерческая посадочная внутри темы: кондиционеры и климатическая техника,"мусор: страница не раскрывает кондиционер для офиса, даже если у нее хороший title текст или коммерческие блоки; hard-negative из другой тематики: кондиционер для волос; прогноз погоды; автомобильный кондиционер; вентиляция без кондиционеров; слабая релевантность: информационная статья без товара услуги цены заявки или контакта исполнителя"
кондиционеры отзывы,air_conditioners,comparison,,,10,2,кондиционеры и климатическая техника,отзывы о кондиционерах,страница должна явно отвечать на потребность: отзывы о кондиционерах; нужны реальные отзывы рейтинг сравнение кейсы или понятные критерии выбора; нужны отзывы рейтинги сравнение вариантов или доказательства опыта,"мусор: страница не раскрывает отзывы о кондиционерах, даже если у нее хороший title текст или коммерческие блоки; hard-negative из другой тематики: кондиционер для волос; прогноз погоды; автомобильный кондиционер; вентиляция без кондиционеров; слабая релевантность: продающая страница без отзывов рейтинга сравнения или социального доказательства; hard-negative: нет отзывов рейтинга сравнения или кейсов, только обычное описание услуги"
как выбрать кондиционер,air_conditioners,informational,,,10,2,кондиционеры и климатическая техника,выбор кондиционера,страница должна явно отвечать на потребность: выбор кондиционера; нужен полезный разбор темы с конкретными критериями примерами и ответом на вопрос; страница должна помогать принять решение а не просто продавать услугу,"мусор: страница не раскрывает выбор кондиционера, даже если у нее хороший title текст или коммерческие блоки; hard-negative из другой тематики: кондиционер для волос; прогноз погоды; автомобильный кондиционер; вентиляция без кондиционеров; слабая релевантность: каталог или рекламная страница без ответа на вопрос пользователя; hard-negative: страница не объясняет критерии выбора причины отличия подготовку или этапы"
уборка квартир москва,cleaning,commercial,Москва,213,10,2,клининг и уборка помещений,уборка квартир в Москве,страница должна явно отвечать на потребность: уборка квартир в Москве; нужна коммерческая посадочная внутри темы: клининг и уборка помещений; должна быть привязка к городу Москва: адрес зона работы доставка или филиал,"мусор: страница не раскрывает уборка квартир в Москве, даже если у нее хороший title текст или коммерческие блоки; hard-negative из другой тематики: магазин бытовой химии; вакансии уборщицы; робот-пылесос; химчистка одежды без уборки помещений; слабая релевантность: страница про другой город или без подтверждения работы в Москва; слабая релевантность: информационная статья без товара услуги цены заявки или контакта исполнителя"
генеральная уборка квартиры цена,cleaning,commercial,,,10,2,клининг и уборка помещений,генеральная уборка квартиры,страница должна явно отвечать на потребность: генеральная уборка квартиры; нужна коммерческая посадочная внутри темы: клининг и уборка помещений; обязательны цена диапазон тариф калькулятор или понятная логика расчета,"мусор: страница не раскрывает генеральная уборка квартиры, даже если у нее хороший title текст или коммерческие блоки; hard-negative из другой тематики: магазин бытовой химии; вакансии уборщицы; робот-пылесос; химчистка одежды без уборки помещений; слабая релевантность: информационная статья без товара услуги цены заявки или контакта исполнителя; hard-negative: страница обещает услугу но не дает цены диапазона тарифа или способа расчета"
клининг после ремонта,cleaning,commercial,,,10,2,клининг и уборка помещений,уборка после ремонта,страница должна явно отвечать на потребность: уборка после ремонта; нужна коммерческая посадочная внутри темы: клининг и уборка помещений; должна быть описана конкретная услуга процесс сроки гарантия и условия выезда,"мусор: страница не раскрывает уборка после ремонта, даже если у нее хороший title текст или коммерческие блоки; hard-negative из другой тематики: магазин бытовой химии; вакансии уборщицы; робот-пылесос; химчистка одежды без уборки помещений; слабая релевантность: информационная статья без товара услуги цены заявки или контакта исполнителя; hard-negative: каталог товаров без подтверждения выполнения нужной услуги"
уборка офиса цена,cleaning,commercial,,,10,2,клининг и уборка помещений,уборка офиса,страница должна явно отвечать на потребность: уборка офиса; нужна коммерческая посадочная внутри темы: клининг и уборка помещений; обязательны цена диапазон тариф калькулятор или понятная логика расчета,"мусор: страница не раскрывает уборка офиса, даже если у нее хороший title текст или коммерческие блоки; hard-negative из другой тематики: магазин бытовой химии; вакансии уборщицы; робот-пылесос; химчистка одежды без уборки помещений; слабая релевантность: информационная статья без товара услуги цены заявки или контакта исполнителя; hard-negative: страница обещает услугу но не дает цены диапазона тарифа или способа расчета"
мойка окон клининг,cleaning,commercial,,,10,2,клининг и уборка помещений,мойка окон,страница должна явно отвечать на потребность: мойка окон; нужна коммерческая посадочная внутри темы: клининг и уборка помещений,"мусор: страница не раскрывает мойка окон, даже если у нее хороший title текст или коммерческие блоки; hard-negative из другой тематики: магазин бытовой химии; вакансии уборщицы; робот-пылесос; химчистка одежды без уборки помещений; слабая релевантность: информационная статья без товара услуги цены заявки или контакта исполнителя"
уборка коттеджа,cleaning,commercial,,,10,2,клининг и уборка помещений,уборка коттеджа,страница должна явно отвечать на потребность: уборка коттеджа; нужна коммерческая посадочная внутри темы: клининг и уборка помещений,"мусор: страница не раскрывает уборка коттеджа, даже если у нее хороший title текст или коммерческие блоки; hard-negative из другой тематики: магазин бытовой химии; вакансии уборщицы; робот-пылесос; химчистка одежды без уборки помещений; слабая релевантность: информационная статья без товара услуги цены заявки или контакта исполнителя"
еженедельная уборка квартиры,cleaning,commercial,,,10,2,клининг и уборка помещений,регулярная уборка,страница должна явно отвечать на потребность: регулярная уборка; нужна коммерческая посадочная внутри темы: клининг и уборка помещений,"мусор: страница не раскрывает регулярная уборка, даже если у нее хороший title текст или коммерческие блоки; hard-negative из другой тематики: магазин бытовой химии; вакансии уборщицы; робот-пылесос; химчистка одежды без уборки помещений; слабая релевантность: информационная статья без товара услуги цены заявки или контакта исполнителя"
клининг с выездом,cleaning,commercial,,,10,2,клининг и уборка помещений,выездная клининговая услуга,страница должна явно отвечать на потребность: выездная клининговая услуга; нужна коммерческая посадочная внутри темы: клининг и уборка помещений; важна логистика: зона обслуживания выезд доставка карта или способы получения услуги,"мусор: страница не раскрывает выездная клининговая услуга, даже если у нее хороший title текст или коммерческие блоки; hard-negative из другой тематики: магазин бытовой химии; вакансии уборщицы; робот-пылесос; химчистка одежды без уборки помещений; слабая релевантность: информационная статья без товара услуги цены заявки или контакта исполнителя; hard-negative: нет зоны обслуживания доставки выезда адреса или локального подтверждения"
клининговая компания отзывы,cleaning,comparison,,,10,2,клининг и уборка помещений,отзывы о клининге,страница должна явно отвечать на потребность: отзывы о клининге; нужны реальные отзывы рейтинг сравнение кейсы или понятные критерии выбора; важны признаки реального исполнителя: реквизиты команда лицензии кейсы адрес или портфолио; нужны отзывы рейтинги сравнение вариантов или доказательства опыта,"мусор: страница не раскрывает отзывы о клининге, даже если у нее хороший title текст или коммерческие блоки; hard-negative из другой тематики: магазин бытовой химии; вакансии уборщицы; робот-пылесос; химчистка одежды без уборки помещений; слабая релевантность: продающая страница без отзывов рейтинга сравнения или социального доказательства; hard-negative: нет отзывов рейтинга сравнения или кейсов, только обычное описание услуги"
как выбрать клининговую компанию,cleaning,informational,,,10,2,клининг и уборка помещений,выбор клининга,страница должна явно отвечать на потребность: выбор клининга; нужен полезный разбор темы с конкретными критериями примерами и ответом на вопрос; страница должна помогать принять решение а не просто продавать услугу,"мусор: страница не раскрывает выбор клининга, даже если у нее хороший title текст или коммерческие блоки; hard-negative из другой тематики: магазин бытовой химии; вакансии уборщицы; робот-пылесос; химчистка одежды без уборки помещений; слабая релевантность: каталог или рекламная страница без ответа на вопрос пользователя; hard-negative: страница не объясняет критерии выбора причины отличия подготовку или этапы"
seo продвижение сайта,seo_webdev,commercial,,,10,2,SEO-продвижение и разработка сайтов,SEO-продвижение сайта,страница должна явно отвечать на потребность: SEO-продвижение сайта; нужна коммерческая посадочная внутри темы: SEO-продвижение и разработка сайтов,"мусор: страница не раскрывает SEO-продвижение сайта, даже если у нее хороший title текст или коммерческие блоки; hard-negative из другой тематики: хостинг; бесплатные шаблоны; новости SEO без услуги; курсы программирования вместо разработки сайта; слабая релевантность: информационная статья без товара услуги цены заявки или контакта исполнителя"
продвижение сайта москва,seo_webdev,commercial,Москва,213,10,2,SEO-продвижение и разработка сайтов,продвижение сайта в Москве,страница должна явно отвечать на потребность: продвижение сайта в Москве; нужна коммерческая посадочная внутри темы: SEO-продвижение и разработка сайтов; должна быть привязка к городу Москва: адрес зона работы доставка или филиал,"мусор: страница не раскрывает продвижение сайта в Москве, даже если у нее хороший title текст или коммерческие блоки; hard-negative из другой тематики: хостинг; бесплатные шаблоны; новости SEO без услуги; курсы программирования вместо разработки сайта; слабая релевантность: страница про другой город или без подтверждения работы в Москва; слабая релевантность: информационная статья без товара услуги цены заявки или контакта исполнителя"
создание сайта под ключ,seo_webdev,commercial,,,10,2,SEO-продвижение и разработка сайтов,создание сайта под ключ,страница должна явно отвечать на потребность: создание сайта под ключ; нужна коммерческая посадочная внутри темы: SEO-продвижение и разработка сайтов; нужна возможность покупки заказа заявки консультации или подбора конкретного предложения,"мусор: страница не раскрывает создание сайта под ключ, даже если у нее хороший title текст или коммерческие блоки; hard-negative из другой тематики: хостинг; бесплатные шаблоны; новости SEO без услуги; курсы программирования вместо разработки сайта; слабая релевантность: информационная статья без товара услуги цены заявки или контакта исполнителя"
разработка интернет магазина,seo_webdev,commercial,,,10,2,SEO-продвижение и разработка сайтов,разработка интернет-магазина,страница должна явно отвечать на потребность: разработка интернет-магазина; нужна коммерческая посадочная внутри темы: SEO-продвижение и разработка сайтов,"мусор: страница не раскрывает разработка интернет-магазина, даже если у нее хороший title текст или коммерческие блоки; hard-negative из другой тематики: хостинг; бесплатные шаблоны; новости SEO без услуги; курсы программирования вместо разработки сайта; слабая релевантность: информационная статья без товара услуги цены заявки или контакта исполнителя"
аудит сайта seo,seo_webdev,commercial,,,10,2,SEO-продвижение и разработка сайтов,SEO-аудит сайта,страница должна явно отвечать на потребность: SEO-аудит сайта; нужна коммерческая посадочная внутри темы: SEO-продвижение и разработка сайтов,"мусор: страница не раскрывает SEO-аудит сайта, даже если у нее хороший title текст или коммерческие блоки; hard-negative из другой тематики: хостинг; бесплатные шаблоны; новости SEO без услуги; курсы программирования вместо разработки сайта; слабая релевантность: информационная статья без товара услуги цены заявки или контакта исполнителя"
контекстная реклама настройка,seo_webdev,commercial,,,10,2,SEO-продвижение и разработка сайтов,настройка контекстной рекламы,страница должна явно отвечать на потребность: настройка контекстной рекламы; нужна коммерческая посадочная внутри темы: SEO-продвижение и разработка сайтов,"мусор: страница не раскрывает настройка контекстной рекламы, даже если у нее хороший title текст или коммерческие блоки; hard-negative из другой тематики: хостинг; бесплатные шаблоны; новости SEO без услуги; курсы программирования вместо разработки сайта; слабая релевантность: информационная статья без товара услуги цены заявки или контакта исполнителя"
seo продвижение цена,seo_webdev,commercial,,,10,2,SEO-продвижение и разработка сайтов,стоимость SEO-продвижения,страница должна явно отвечать на потребность: стоимость SEO-продвижения; нужна коммерческая посадочная внутри темы: SEO-продвижение и разработка сайтов; обязательны цена диапазон тариф калькулятор или понятная логика расчета,"мусор: страница не раскрывает стоимость SEO-продвижения, даже если у нее хороший title текст или коммерческие блоки; hard-negative из другой тематики: хостинг; бесплатные шаблоны; новости SEO без услуги; курсы программирования вместо разработки сайта; слабая релевантность: информационная статья без товара услуги цены заявки или контакта исполнителя; hard-negative: страница обещает услугу но не дает цены диапазона тарифа или способа расчета"
разработка лендинга цена,seo_webdev,commercial,,,10,2,SEO-продвижение и разработка сайтов,разработка лендинга,страница должна явно отвечать на потребность: разработка лендинга; нужна коммерческая посадочная внутри темы: SEO-продвижение и разработка сайтов; обязательны цена диапазон тариф калькулятор или понятная логика расчета,"мусор: страница не раскрывает разработка лендинга, даже если у нее хороший title текст или коммерческие блоки; hard-negative из другой тематики: хостинг; бесплатные шаблоны; новости SEO без услуги; курсы программирования вместо разработки сайта; слабая релевантность: информационная статья без товара услуги цены заявки или контакта исполнителя; hard-negative: страница обещает услугу но не дает цены диапазона тарифа или способа расчета"
seo агентство отзывы,seo_webdev,comparison,,,10,2,SEO-продвижение и разработка сайтов,отзывы о SEO-агентстве,страница должна явно отвечать на потребность: отзывы о SEO-агентстве; нужны реальные отзывы рейтинг сравнение кейсы или понятные критерии выбора; важны признаки реального исполнителя: реквизиты команда лицензии кейсы адрес или портфолио; нужны отзывы рейтинги сравнение вариантов или доказательства опыта,"мусор: страница не раскрывает отзывы о SEO-агентстве, даже если у нее хороший title текст или коммерческие блоки; hard-negative из другой тематики: хостинг; бесплатные шаблоны; новости SEO без услуги; курсы программирования вместо разработки сайта; слабая релевантность: продающая страница без отзывов рейтинга сравнения или социального доказательства; hard-negative: нет отзывов рейтинга сравнения или кейсов, только обычное описание услуги"
как выбрать seo подрядчика,seo_webdev,informational,,,10,2,SEO-продвижение и разработка сайтов,выбор SEO-подрядчика,страница должна явно отвечать на потребность: выбор SEO-подрядчика; нужен полезный разбор темы с конкретными критериями примерами и ответом на вопрос; страница должна помогать принять решение а не просто продавать услугу,"мусор: страница не раскрывает выбор SEO-подрядчика, даже если у нее хороший title текст или коммерческие блоки; hard-negative из другой тематики: хостинг; бесплатные шаблоны; новости SEO без услуги; курсы программирования вместо разработки сайта; слабая релевантность: каталог или рекламная страница без ответа на вопрос пользователя; hard-negative: страница не объясняет критерии выбора причины отличия подготовку или этапы"
новостройки москва купить,new_buildings,commercial,Москва,213,10,2,новостройки и покупка квартир,покупка квартиры в новостройке,страница должна явно отвечать на потребность: покупка квартиры в новостройке; нужна коммерческая посадочная внутри темы: новостройки и покупка квартир; должна быть привязка к городу Москва: адрес зона работы доставка или филиал; нужна возможность покупки заказа заявки консультации или подбора конкретного предложения,"мусор: страница не раскрывает покупка квартиры в новостройке, даже если у нее хороший title текст или коммерческие блоки; hard-negative из другой тематики: ремонт квартир; дизайн интерьера; аренда жилья; новости недвижимости без объектов; слабая релевантность: страница про другой город или без подтверждения работы в Москва; слабая релевантность: информационная статья без товара услуги цены заявки или контакта исполнителя; hard-negative: обзор или блог без возможности купить заказать или отправить заявку"
квартира в новостройке цена,new_buildings,commercial,,,10,2,новостройки и покупка квартир,цена квартиры в новостройке,страница должна явно отвечать на потребность: цена квартиры в новостройке; нужна коммерческая посадочная внутри темы: новостройки и покупка квартир; обязательны цена диапазон тариф калькулятор или понятная логика расчета,"мусор: страница не раскрывает цена квартиры в новостройке, даже если у нее хороший title текст или коммерческие блоки; hard-negative из другой тематики: ремонт квартир; дизайн интерьера; аренда жилья; новости недвижимости без объектов; слабая релевантность: информационная статья без товара услуги цены заявки или контакта исполнителя; hard-negative: страница обещает услугу но не дает цены диапазона тарифа или способа расчета"
жк бизнес класса москва,new_buildings,commercial,Москва,213,10,2,новостройки и покупка квартир,ЖК бизнес-класса,страница должна явно отвечать на потребность: ЖК бизнес-класса; нужна коммерческая посадочная внутри темы: новостройки и покупка квартир; должна быть привязка к городу Москва: адрес зона работы доставка или филиал,"мусор: страница не раскрывает ЖК бизнес-класса, даже если у нее хороший title текст или коммерческие блоки; hard-negative из другой тематики: ремонт квартир; дизайн интерьера; аренда жилья; новости недвижимости без объектов; слабая релевантность: страница про другой город или без подтверждения работы в Москва; слабая релевантность: информационная статья без товара услуги цены заявки или контакта исполнителя"
новостройки рядом с метро,new_buildings,commercial,,,10,2,новостройки и покупка квартир,новостройки у метро,страница должна явно отвечать на потребность: новостройки у метро; нужна коммерческая посадочная внутри темы: новостройки и покупка квартир; важна логистика: зона обслуживания выезд доставка карта или способы получения услуги,"мусор: страница не раскрывает новостройки у метро, даже если у нее хороший title текст или коммерческие блоки; hard-negative из другой тематики: ремонт квартир; дизайн интерьера; аренда жилья; новости недвижимости без объектов; слабая релевантность: информационная статья без товара услуги цены заявки или контакта исполнителя; hard-negative: нет зоны обслуживания доставки выезда адреса или локального подтверждения"
купить студию в новостройке,new_buildings,commercial,,,10,2,новостройки и покупка квартир,покупка студии,страница должна явно отвечать на потребность: покупка студии; нужна коммерческая посадочная внутри темы: новостройки и покупка квартир; нужна возможность покупки заказа заявки консультации или подбора конкретного предложения,"мусор: страница не раскрывает покупка студии, даже если у нее хороший title текст или коммерческие блоки; hard-negative из другой тематики: ремонт квартир; дизайн интерьера; аренда жилья; новости недвижимости без объектов; слабая релевантность: информационная статья без товара услуги цены заявки или контакта исполнителя; hard-negative: обзор или блог без возможности купить заказать или отправить заявку"
семейная ипотека на новостройку,new_buildings,commercial,,,10,2,новостройки и покупка квартир,семейная ипотека для покупки квартиры в новостройке,страница должна явно отвечать на потребность: семейная ипотека для покупки квартиры в новостройке; нужна коммерческая посадочная внутри темы: новостройки и покупка квартир,"мусор: страница не раскрывает семейная ипотека для покупки квартиры в новостройке, даже если у нее хороший title текст или коммерческие блоки; hard-negative из другой тематики: ремонт квартир; дизайн интерьера; аренда жилья; новости недвижимости без объектов; слабая релевантность: информационная статья без товара услуги цены заявки или контакта исполнителя"
новостройки от застройщика,new_buildings,commercial,,,10,2,новостройки и покупка квартир,новостройки от застройщика,страница должна явно отвечать на потребность: новостройки от застройщика; нужна коммерческая посадочная внутри темы: новостройки и покупка квартир; важны признаки реального исполнителя: реквизиты команда лицензии кейсы адрес или портфолио,"мусор: страница не раскрывает новостройки от застройщика, даже если у нее хороший title текст или коммерческие блоки; hard-negative из другой тематики: ремонт квартир; дизайн интерьера; аренда жилья; новости недвижимости без объектов; слабая релевантность: информационная статья без товара услуги цены заявки или контакта исполнителя; hard-negative: агрегатор или статья без признаков производителя застройщика или прямого продавца"
квартира с отделкой в новостройке,new_buildings,commercial,,,10,2,новостройки и покупка квартир,новостройка с отделкой,страница должна явно отвечать на потребность: новостройка с отделкой; нужна коммерческая посадочная внутри темы: новостройки и покупка квартир,"мусор: страница не раскрывает новостройка с отделкой, даже если у нее хороший title текст или коммерческие блоки; hard-negative из другой тематики: ремонт квартир; дизайн интерьера; аренда жилья; новости недвижимости без объектов; слабая релевантность: информационная статья без товара услуги цены заявки или контакта исполнителя"
новостройки отзывы,new_buildings,comparison,,,10,2,новостройки и покупка квартир,отзывы о новостройках,страница должна явно отвечать на потребность: отзывы о новостройках; нужны реальные отзывы рейтинг сравнение кейсы или понятные критерии выбора; нужны отзывы рейтинги сравнение вариантов или доказательства опыта,"мусор: страница не раскрывает отзывы о новостройках, даже если у нее хороший title текст или коммерческие блоки; hard-negative из другой тематики: ремонт квартир; дизайн интерьера; аренда жилья; новости недвижимости без объектов; слабая релевантность: продающая страница без отзывов рейтинга сравнения или социального доказательства; hard-negative: нет отзывов рейтинга сравнения или кейсов, только обычное описание услуги"
как выбрать квартиру в новостройке,new_buildings,informational,,,10,2,новостройки и покупка квартир,выбор квартиры в новостройке,страница должна явно отвечать на потребность: выбор квартиры в новостройке; нужен полезный разбор темы с конкретными критериями примерами и ответом на вопрос; страница должна помогать принять решение а не просто продавать услугу,"мусор: страница не раскрывает выбор квартиры в новостройке, даже если у нее хороший title текст или коммерческие блоки; hard-negative из другой тематики: ремонт квартир; дизайн интерьера; аренда жилья; новости недвижимости без объектов; слабая релевантность: каталог или рекламная страница без ответа на вопрос пользователя; hard-negative: страница не объясняет критерии выбора причины отличия подготовку или этапы"
аренда спецтехники москва,special_equipment_rental,commercial,Москва,213,10,2,аренда спецтехники,аренда спецтехники в Москве,страница должна явно отвечать на потребность: аренда спецтехники в Москве; нужна коммерческая посадочная внутри темы: аренда спецтехники; должна быть привязка к городу Москва: адрес зона работы доставка или филиал,"мусор: страница не раскрывает аренда спецтехники в Москве, даже если у нее хороший title текст или коммерческие блоки; hard-negative из другой тематики: продажа спецтехники без аренды; грузоперевозки; такси; ремонт техники; слабая релевантность: страница про другой город или без подтверждения работы в Москва; слабая релевантность: информационная статья без товара услуги цены заявки или контакта исполнителя"
аренда автокрана цена,special_equipment_rental,commercial,,,10,2,аренда спецтехники,аренда автокрана,страница должна явно отвечать на потребность: аренда автокрана; нужна коммерческая посадочная внутри темы: аренда спецтехники; обязательны цена диапазон тариф калькулятор или понятная логика расчета,"мусор: страница не раскрывает аренда автокрана, даже если у нее хороший title текст или коммерческие блоки; hard-negative из другой тематики: продажа спецтехники без аренды; грузоперевозки; такси; ремонт техники; слабая релевантность: информационная статья без товара услуги цены заявки или контакта исполнителя; hard-negative: страница обещает услугу но не дает цены диапазона тарифа или способа расчета"
аренда экскаватора погрузчика,special_equipment_rental,commercial,,,10,2,аренда спецтехники,аренда экскаватора-погрузчика,страница должна явно отвечать на потребность: аренда экскаватора-погрузчика; нужна коммерческая посадочная внутри темы: аренда спецтехники,"мусор: страница не раскрывает аренда экскаватора-погрузчика, даже если у нее хороший title текст или коммерческие блоки; hard-negative из другой тематики: продажа спецтехники без аренды; грузоперевозки; такси; ремонт техники; слабая релевантность: информационная статья без товара услуги цены заявки или контакта исполнителя"
аренда манипулятора,special_equipment_rental,commercial,,,10,2,аренда спецтехники,аренда манипулятора,страница должна явно отвечать на потребность: аренда манипулятора; нужна коммерческая посадочная внутри темы: аренда спецтехники,"мусор: страница не раскрывает аренда манипулятора, даже если у нее хороший title текст или коммерческие блоки; hard-negative из другой тематики: продажа спецтехники без аренды; грузоперевозки; такси; ремонт техники; слабая релевантность: информационная статья без товара услуги цены заявки или контакта исполнителя"
аренда автовышки цена,special_equipment_rental,commercial,,,10,2,аренда спецтехники,аренда автовышки,страница должна явно отвечать на потребность: аренда автовышки; нужна коммерческая посадочная внутри темы: аренда спецтехники; обязательны цена диапазон тариф калькулятор или понятная логика расчета,"мусор: страница не раскрывает аренда автовышки, даже если у нее хороший title текст или коммерческие блоки; hard-negative из другой тематики: продажа спецтехники без аренды; грузоперевозки; такси; ремонт техники; слабая релевантность: информационная статья без товара услуги цены заявки или контакта исполнителя; hard-negative: страница обещает услугу но не дает цены диапазона тарифа или способа расчета"
аренда бульдозера,special_equipment_rental,commercial,,,10,2,аренда спецтехники,аренда бульдозера,страница должна явно отвечать на потребность: аренда бульдозера; нужна коммерческая посадочная внутри темы: аренда спецтехники,"мусор: страница не раскрывает аренда бульдозера, даже если у нее хороший title текст или коммерческие блоки; hard-negative из другой тематики: продажа спецтехники без аренды; грузоперевозки; такси; ремонт техники; слабая релевантность: информационная статья без товара услуги цены заявки или контакта исполнителя"
аренда мини экскаватора,special_equipment_rental,commercial,,,10,2,аренда спецтехники,аренда мини-экскаватора,страница должна явно отвечать на потребность: аренда мини-экскаватора; нужна коммерческая посадочная внутри темы: аренда спецтехники,"мусор: страница не раскрывает аренда мини-экскаватора, даже если у нее хороший title текст или коммерческие блоки; hard-negative из другой тематики: продажа спецтехники без аренды; грузоперевозки; такси; ремонт техники; слабая релевантность: информационная статья без товара услуги цены заявки или контакта исполнителя"
спецтехника с оператором,special_equipment_rental,commercial,,,10,2,аренда спецтехники,спецтехника с оператором,страница должна явно отвечать на потребность: спецтехника с оператором; нужна коммерческая посадочная внутри темы: аренда спецтехники,"мусор: страница не раскрывает спецтехника с оператором, даже если у нее хороший title текст или коммерческие блоки; hard-negative из другой тематики: продажа спецтехники без аренды; грузоперевозки; такси; ремонт техники; слабая релевантность: информационная статья без товара услуги цены заявки или контакта исполнителя"
аренда спецтехники отзывы,special_equipment_rental,comparison,,,10,2,аренда спецтехники,отзывы об аренде спецтехники,страница должна явно отвечать на потребность: отзывы об аренде спецтехники; нужны реальные отзывы рейтинг сравнение кейсы или понятные критерии выбора; нужны отзывы рейтинги сравнение вариантов или доказательства опыта,"мусор: страница не раскрывает отзывы об аренде спецтехники, даже если у нее хороший title текст или коммерческие блоки; hard-negative из другой тематики: продажа спецтехники без аренды; грузоперевозки; такси; ремонт техники; слабая релевантность: продающая страница без отзывов рейтинга сравнения или социального доказательства; hard-negative: нет отзывов рейтинга сравнения или кейсов, только обычное описание услуги"
как выбрать спецтехнику в аренду,special_equipment_rental,informational,,,10,2,аренда спецтехники,выбор спецтехники,страница должна явно отвечать на потребность: выбор спецтехники; нужен полезный разбор темы с конкретными критериями примерами и ответом на вопрос; страница должна помогать принять решение а не просто продавать услугу,"мусор: страница не раскрывает выбор спецтехники, даже если у нее хороший title текст или коммерческие блоки; hard-negative из другой тематики: продажа спецтехники без аренды; грузоперевозки; такси; ремонт техники; слабая релевантность: каталог или рекламная страница без ответа на вопрос пользователя; hard-negative: страница не объясняет критерии выбора причины отличия подготовку или этапы"
онлайн курсы программирования,online_courses,commercial,,,10,2,онлайн-курсы и обучение профессиям,онлайн-курс программирования,страница должна явно отвечать на потребность: онлайн-курс программирования; нужна коммерческая посадочная внутри темы: онлайн-курсы и обучение профессиям,"мусор: страница не раскрывает онлайн-курс программирования, даже если у нее хороший title текст или коммерческие блоки; hard-negative из другой тематики: бесплатная статья; вуз без онлайн-курса; книжный магазин; вакансии без обучения; слабая релевантность: информационная статья без товара услуги цены заявки или контакта исполнителя"
курсы python с нуля,online_courses,commercial,,,10,2,онлайн-курсы и обучение профессиям,курс Python для начинающих,страница должна явно отвечать на потребность: курс Python для начинающих; нужна коммерческая посадочная внутри темы: онлайн-курсы и обучение профессиям,"мусор: страница не раскрывает курс Python для начинающих, даже если у нее хороший title текст или коммерческие блоки; hard-negative из другой тематики: бесплатная статья; вуз без онлайн-курса; книжный магазин; вакансии без обучения; слабая релевантность: информационная статья без товара услуги цены заявки или контакта исполнителя"
курсы дизайна интерфейсов,online_courses,commercial,,,10,2,онлайн-курсы и обучение профессиям,курс дизайна интерфейсов,страница должна явно отвечать на потребность: курс дизайна интерфейсов; нужна коммерческая посадочная внутри темы: онлайн-курсы и обучение профессиям,"мусор: страница не раскрывает курс дизайна интерфейсов, даже если у нее хороший title текст или коммерческие блоки; hard-negative из другой тематики: бесплатная статья; вуз без онлайн-курса; книжный магазин; вакансии без обучения; слабая релевантность: информационная статья без товара услуги цены заявки или контакта исполнителя"
курсы интернет маркетинга,online_courses,commercial,,,10,2,онлайн-курсы и обучение профессиям,курс интернет-маркетинга,страница должна явно отвечать на потребность: курс интернет-маркетинга; нужна коммерческая посадочная внутри темы: онлайн-курсы и обучение профессиям,"мусор: страница не раскрывает курс интернет-маркетинга, даже если у нее хороший title текст или коммерческие блоки; hard-negative из другой тематики: бесплатная статья; вуз без онлайн-курса; книжный магазин; вакансии без обучения; слабая релевантность: информационная статья без товара услуги цены заявки или контакта исполнителя"
обучение аналитик данных,online_courses,commercial,,,10,2,онлайн-курсы и обучение профессиям,курс аналитика данных,страница должна явно отвечать на потребность: курс аналитика данных; нужна коммерческая посадочная внутри темы: онлайн-курсы и обучение профессиям,"мусор: страница не раскрывает курс аналитика данных, даже если у нее хороший title текст или коммерческие блоки; hard-negative из другой тематики: бесплатная статья; вуз без онлайн-курса; книжный магазин; вакансии без обучения; слабая релевантность: информационная статья без товара услуги цены заявки или контакта исполнителя"
курсы английского онлайн,online_courses,commercial,,,10,2,онлайн-курсы и обучение профессиям,онлайн-курс английского,страница должна явно отвечать на потребность: онлайн-курс английского; нужна коммерческая посадочная внутри темы: онлайн-курсы и обучение профессиям,"мусор: страница не раскрывает онлайн-курс английского, даже если у нее хороший title текст или коммерческие блоки; hard-negative из другой тематики: бесплатная статья; вуз без онлайн-курса; книжный магазин; вакансии без обучения; слабая релевантность: информационная статья без товара услуги цены заявки или контакта исполнителя"
курсы smm специалист,online_courses,commercial,,,10,2,онлайн-курсы и обучение профессиям,курс SMM-специалиста,страница должна явно отвечать на потребность: курс SMM-специалиста; нужна коммерческая посадочная внутри темы: онлайн-курсы и обучение профессиям,"мусор: страница не раскрывает курс SMM-специалиста, даже если у нее хороший title текст или коммерческие блоки; hard-negative из другой тематики: бесплатная статья; вуз без онлайн-курса; книжный магазин; вакансии без обучения; слабая релевантность: информационная статья без товара услуги цены заявки или контакта исполнителя"
профессия frontend разработчик,online_courses,commercial,,,10,2,онлайн-курсы и обучение профессиям,курс frontend-разработчика,страница должна явно отвечать на потребность: курс frontend-разработчика; нужна коммерческая посадочная внутри темы: онлайн-курсы и обучение профессиям,"мусор: страница не раскрывает курс frontend-разработчика, даже если у нее хороший title текст или коммерческие блоки; hard-negative из другой тематики: бесплатная статья; вуз без онлайн-курса; книжный магазин; вакансии без обучения; слабая релевантность: информационная статья без товара услуги цены заявки или контакта исполнителя"
онлайн школа отзывы,online_courses,comparison,,,10,2,онлайн-курсы и обучение профессиям,отзывы об онлайн-школе,страница должна явно отвечать на потребность: отзывы об онлайн-школе; нужны реальные отзывы рейтинг сравнение кейсы или понятные критерии выбора; нужны отзывы рейтинги сравнение вариантов или доказательства опыта,"мусор: страница не раскрывает отзывы об онлайн-школе, даже если у нее хороший title текст или коммерческие блоки; hard-negative из другой тематики: бесплатная статья; вуз без онлайн-курса; книжный магазин; вакансии без обучения; слабая релевантность: продающая страница без отзывов рейтинга сравнения или социального доказательства; hard-negative: нет отзывов рейтинга сравнения или кейсов, только обычное описание услуги"
как выбрать онлайн курс,online_courses,informational,,,10,2,онлайн-курсы и обучение профессиям,выбор онлайн-курса,страница должна явно отвечать на потребность: выбор онлайн-курса; нужен полезный разбор темы с конкретными критериями примерами и ответом на вопрос; страница должна помогать принять решение а не просто продавать услугу,"мусор: страница не раскрывает выбор онлайн-курса, даже если у нее хороший title текст или коммерческие блоки; hard-negative из другой тематики: бесплатная статья; вуз без онлайн-курса; книжный магазин; вакансии без обучения; слабая релевантность: каталог или рекламная страница без ответа на вопрос пользователя; hard-negative: страница не объясняет критерии выбора причины отличия подготовку или этапы"
купить вино онлайн,wine_store,commercial,,,10,2,винный магазин и покупка вина,покупка вина онлайн,страница должна явно отвечать на потребность: покупка вина онлайн; нужна коммерческая посадочная внутри темы: винный магазин и покупка вина; нужна возможность покупки заказа заявки консультации или подбора конкретного предложения,"мусор: страница не раскрывает покупка вина онлайн, даже если у нее хороший title текст или коммерческие блоки; hard-negative из другой тематики: козловые краны; ресторан без продажи вина; экскурсия на винодельню; статья о вине без покупки; слабая релевантность: информационная статья без товара услуги цены заявки или контакта исполнителя; hard-negative: обзор или блог без возможности купить заказать или отправить заявку"
винный магазин москва,wine_store,commercial,Москва,213,10,2,винный магазин и покупка вина,винный магазин в Москве,страница должна явно отвечать на потребность: винный магазин в Москве; нужна коммерческая посадочная внутри темы: винный магазин и покупка вина; должна быть привязка к городу Москва: адрес зона работы доставка или филиал,"мусор: страница не раскрывает винный магазин в Москве, даже если у нее хороший title текст или коммерческие блоки; hard-negative из другой тематики: козловые краны; ресторан без продажи вина; экскурсия на винодельню; статья о вине без покупки; слабая релевантность: страница про другой город или без подтверждения работы в Москва; слабая релевантность: информационная статья без товара услуги цены заявки или контакта исполнителя"
красное сухое вино купить,wine_store,commercial,,,10,2,винный магазин и покупка вина,красное сухое вино,страница должна явно отвечать на потребность: красное сухое вино; нужна коммерческая посадочная внутри темы: винный магазин и покупка вина; нужна возможность покупки заказа заявки консультации или подбора конкретного предложения,"мусор: страница не раскрывает красное сухое вино, даже если у нее хороший title текст или коммерческие блоки; hard-negative из другой тематики: козловые краны; ресторан без продажи вина; экскурсия на винодельню; статья о вине без покупки; слабая релевантность: информационная статья без товара услуги цены заявки или контакта исполнителя; hard-negative: обзор или блог без возможности купить заказать или отправить заявку"
белое вино цена,wine_store,commercial,,,10,2,винный магазин и покупка вина,цена белого вина,страница должна явно отвечать на потребность: цена белого вина; нужна коммерческая посадочная внутри темы: винный магазин и покупка вина; обязательны цена диапазон тариф калькулятор или понятная логика расчета,"мусор: страница не раскрывает цена белого вина, даже если у нее хороший title текст или коммерческие блоки; hard-negative из другой тематики: козловые краны; ресторан без продажи вина; экскурсия на винодельню; статья о вине без покупки; слабая релевантность: информационная статья без товара услуги цены заявки или контакта исполнителя; hard-negative: страница обещает услугу но не дает цены диапазона тарифа или способа расчета"
игристое вино купить,wine_store,commercial,,,10,2,винный магазин и покупка вина,игристое вино,страница должна явно отвечать на потребность: игристое вино; нужна коммерческая посадочная внутри темы: винный магазин и покупка вина; нужна возможность покупки заказа заявки консультации или подбора конкретного предложения,"мусор: страница не раскрывает игристое вино, даже если у нее хороший title текст или коммерческие блоки; hard-negative из другой тематики: козловые краны; ресторан без продажи вина; экскурсия на винодельню; статья о вине без покупки; слабая релевантность: информационная статья без товара услуги цены заявки или контакта исполнителя; hard-negative: обзор или блог без возможности купить заказать или отправить заявку"
вино с доставкой,wine_store,commercial,,,10,2,винный магазин и покупка вина,доставка вина,страница должна явно отвечать на потребность: доставка вина; нужна коммерческая посадочная внутри темы: винный магазин и покупка вина; важна логистика: зона обслуживания выезд доставка карта или способы получения услуги,"мусор: страница не раскрывает доставка вина, даже если у нее хороший title текст или коммерческие блоки; hard-negative из другой тематики: козловые краны; ресторан без продажи вина; экскурсия на винодельню; статья о вине без покупки; слабая релевантность: информационная статья без товара услуги цены заявки или контакта исполнителя; hard-negative: нет зоны обслуживания доставки выезда адреса или локального подтверждения"
французское вино купить,wine_store,commercial,,,10,2,винный магазин и покупка вина,французское вино,страница должна явно отвечать на потребность: французское вино; нужна коммерческая посадочная внутри темы: винный магазин и покупка вина; нужна возможность покупки заказа заявки консультации или подбора конкретного предложения,"мусор: страница не раскрывает французское вино, даже если у нее хороший title текст или коммерческие блоки; hard-negative из другой тематики: козловые краны; ресторан без продажи вина; экскурсия на винодельню; статья о вине без покупки; слабая релевантность: информационная статья без товара услуги цены заявки или контакта исполнителя; hard-negative: обзор или блог без возможности купить заказать или отправить заявку"
вино к мясу выбрать,wine_store,informational,,,10,2,винный магазин и покупка вина,выбор вина к мясу,страница должна явно отвечать на потребность: выбор вина к мясу; нужен полезный разбор темы с конкретными критериями примерами и ответом на вопрос; страница должна помогать принять решение а не просто продавать услугу,"мусор: страница не раскрывает выбор вина к мясу, даже если у нее хороший title текст или коммерческие блоки; hard-negative из другой тематики: козловые краны; ресторан без продажи вина; экскурсия на винодельню; статья о вине без покупки; слабая релевантность: каталог или рекламная страница без ответа на вопрос пользователя; hard-negative: страница не объясняет критерии выбора причины отличия подготовку или этапы"
винный магазин отзывы,wine_store,comparison,,,10,2,винный магазин и покупка вина,отзывы о винном магазине,страница должна явно отвечать на потребность: отзывы о винном магазине; нужны реальные отзывы рейтинг сравнение кейсы или понятные критерии выбора; нужны отзывы рейтинги сравнение вариантов или доказательства опыта,"мусор: страница не раскрывает отзывы о винном магазине, даже если у нее хороший title текст или коммерческие блоки; hard-negative из другой тематики: козловые краны; ресторан без продажи вина; экскурсия на винодельню; статья о вине без покупки; слабая релевантность: продающая страница без отзывов рейтинга сравнения или социального доказательства; hard-negative: нет отзывов рейтинга сравнения или кейсов, только обычное описание услуги"
как выбрать хорошее вино,wine_store,informational,,,10,2,винный магазин и покупка вина,выбор вина,страница должна явно отвечать на потребность: выбор вина; нужен полезный разбор темы с конкретными критериями примерами и ответом на вопрос; страница должна помогать принять решение а не просто продавать услугу,"мусор: страница не раскрывает выбор вина, даже если у нее хороший title текст или коммерческие блоки; hard-negative из другой тематики: козловые краны; ресторан без продажи вина; экскурсия на винодельню; статья о вине без покупки; слабая релевантность: каталог или рекламная страница без ответа на вопрос пользователя; hard-negative: страница не объясняет критерии выбора причины отличия подготовку или этапы"
