query,url,expert_target_score,label_source,labeler,notes,critical_score,important_score,supporting_score,rank_prior_score,cap_applied,cap_reasons,quality_band,top_positive_factors,top_negative_factors
натяжные потолки Москва,https://www.potolkoff.ru/,72.0,seo_weighted_rubric_v4,d45_seo_weighted_rubric_v1,deterministic_expert_rubric=true; human_label=false; rank=1; page_type=homepage; raw_score=72.0; cap=100.0,0.61457,0.725989,0.9874,1.0,100.0,,medium,crawl_indexability:1.000|canonical_consistency:1.000|commercial_trust:1.000|text_sufficiency:1.000,page_structure:0.175|title_query_fit:0.352
натяжные потолки Москва,https://rumexpert.ru/,81.9,seo_weighted_rubric_v4,d45_seo_weighted_rubric_v1,deterministic_expert_rubric=true; human_label=false; rank=2; page_type=homepage; raw_score=81.9; cap=100.0,0.832145,0.765598,0.695,0.947368,100.0,,medium,crawl_indexability:1.000|canonical_consistency:1.000|text_sufficiency:1.000|media_and_internal_navigation:1.000,structured_support:0.000|page_structure:0.435
натяжные потолки Москва,https://100potolkov.ru/,69.0,seo_weighted_rubric_v4,d45_seo_weighted_rubric_v1,deterministic_expert_rubric=true; human_label=false; rank=3; page_type=homepage; raw_score=69.0; cap=100.0,0.608576,0.743656,0.723,0.894737,100.0,,medium,crawl_indexability:1.000|canonical_consistency:1.000|text_sufficiency:1.000|media_and_internal_navigation:1.000,structured_support:0.000|page_structure:0.249|title_query_fit:0.352
натяжные потолки Москва,https://potolki-nova.ru/,64.4,seo_weighted_rubric_v4,d45_seo_weighted_rubric_v1,deterministic_expert_rubric=true; human_label=false; rank=4; page_type=homepage; raw_score=64.4; cap=100.0,0.514554,0.701705,0.93165,0.842105,100.0,,low,text_sufficiency:1.000|media_and_internal_navigation:1.000|secondary_commercial_details:1.000|commercial_trust:0.968,canonical_consistency:0.150|page_structure:0.230|title_query_fit:0.376|intent_alignment:0.422
натяжные потолки Москва,https://masterpotolkov.com/,70.5,seo_weighted_rubric_v4,d45_seo_weighted_rubric_v1,deterministic_expert_rubric=true; human_label=false; rank=5; page_type=homepage; raw_score=70.5; cap=100.0,0.621324,0.762501,0.8,0.789474,100.0,,medium,crawl_indexability:1.000|text_sufficiency:1.000|media_and_internal_navigation:1.000|secondary_commercial_details:1.000,structured_support:0.000|canonical_consistency:0.150|title_query_fit:0.430
натяжные потолки Москва,https://7nebo-nf.ru/,80.0,seo_weighted_rubric_v4,d45_seo_weighted_rubric_v1,deterministic_expert_rubric=true; human_label=false; rank=6; page_type=homepage; raw_score=80.0; cap=100.0,0.743761,0.829882,0.9052,0.736842,100.0,,medium,crawl_indexability:1.000|canonical_consistency:1.000|text_sufficiency:1.000|media_and_internal_navigation:1.000,title_query_fit:0.382
натяжные потолки Москва,https://potolok24moscow.ru/,65.9,seo_weighted_rubric_v4,d45_seo_weighted_rubric_v1,deterministic_expert_rubric=true; human_label=false; rank=7; page_type=homepage; raw_score=65.9; cap=82.0,0.613572,0.69557,0.6397,0.684211,82.0,important_canonical_points_elsewhere,medium,text_sufficiency:1.000|media_and_internal_navigation:0.933|crawl_indexability:0.930|offer_and_conversion:0.860,structured_support:0.000|canonical_consistency:0.250
натяжные потолки Москва,https://remexp.ru/,76.2,seo_weighted_rubric_v4,d45_seo_weighted_rubric_v1,deterministic_expert_rubric=true; human_label=false; rank=8; page_type=homepage; raw_score=76.2; cap=100.0,0.704332,0.795444,0.8956,0.631579,100.0,,medium,crawl_indexability:1.000|canonical_consistency:1.000|text_sufficiency:1.000|media_and_internal_navigation:1.000,title_query_fit:0.451|page_structure:0.488|mobile_render_performance:0.565
натяжные потолки Москва,https://master-bobr.ru/,71.7,seo_weighted_rubric_v4,d45_seo_weighted_rubric_v1,deterministic_expert_rubric=true; human_label=false; rank=9; page_type=homepage; raw_score=71.7; cap=100.0,0.66573,0.781264,0.7205,0.578947,100.0,,medium,crawl_indexability:1.000|media_and_internal_navigation:1.000|technical_metadata:0.946|secondary_commercial_details:0.880,structured_support:0.000|canonical_consistency:0.150|title_query_fit:0.407
натяжные потолки Москва,https://star-potolok.ru/,76.5,seo_weighted_rubric_v4,d45_seo_weighted_rubric_v1,deterministic_expert_rubric=true; human_label=false; rank=10; page_type=homepage; raw_score=76.5; cap=100.0,0.723818,0.809739,0.831283,0.526316,100.0,,medium,crawl_indexability:1.000|canonical_consistency:1.000|text_sufficiency:1.000|media_and_internal_navigation:1.000,structured_support:0.366|title_query_fit:0.429
натяжные потолки Санкт-Петербург,https://potolok-peter.ru/,73.9,seo_weighted_rubric_v4,d45_seo_weighted_rubric_v1,deterministic_expert_rubric=true; human_label=false; rank=1; page_type=homepage; raw_score=73.9; cap=100.0,0.65225,0.779047,0.82,1.0,100.0,,medium,crawl_indexability:1.000|canonical_consistency:1.000|offer_and_conversion:1.000|text_sufficiency:1.000,page_structure:0.395|title_query_fit:0.398
натяжные потолки Санкт-Петербург,https://evita-potolki.ru/,78.7,seo_weighted_rubric_v4,d45_seo_weighted_rubric_v1,deterministic_expert_rubric=true; human_label=false; rank=2; page_type=homepage; raw_score=78.7; cap=100.0,0.723881,0.801734,0.8568,0.947368,100.0,,medium,crawl_indexability:1.000|canonical_consistency:1.000|text_sufficiency:1.000|media_and_internal_navigation:1.000,title_query_fit:0.389
натяжные потолки Санкт-Петербург,https://spbpotolok.com/,69.6,seo_weighted_rubric_v4,d45_seo_weighted_rubric_v1,deterministic_expert_rubric=true; human_label=false; rank=3; page_type=homepage; raw_score=69.6; cap=100.0,0.618256,0.746344,0.723,0.894737,100.0,,medium,crawl_indexability:1.000|text_sufficiency:1.000|media_and_internal_navigation:1.000|technical_metadata:0.949,structured_support:0.000|canonical_consistency:0.150|page_structure:0.345
натяжные потолки Санкт-Петербург,https://potolki-sankt-peterburg.ru/,71.1,seo_weighted_rubric_v4,d45_seo_weighted_rubric_v1,deterministic_expert_rubric=true; human_label=false; rank=4; page_type=homepage; raw_score=71.1; cap=100.0,0.625014,0.733717,0.9034,0.842105,100.0,,medium,crawl_indexability:1.000|canonical_consistency:1.000|text_sufficiency:1.000|media_and_internal_navigation:1.000,title_query_fit:0.354|page_structure:0.380|semantic_query_fit:0.424
натяжные потолки Санкт-Петербург,https://potolkilider.ru/,76.5,seo_weighted_rubric_v4,d45_seo_weighted_rubric_v1,deterministic_expert_rubric=true; human_label=false; rank=5; page_type=homepage; raw_score=76.5; cap=78.0,0.71813,0.785142,0.8,0.789474,78.0,critical_query_title_fit_weak,medium,crawl_indexability:1.000|canonical_consistency:1.000|commercial_trust:1.000|text_sufficiency:1.000,structured_support:0.000|title_query_fit:0.304|page_structure:0.429
натяжные потолки Санкт-Петербург,https://master-plus.spb.ru/natyazhnye-potolki/,62.1,seo_weighted_rubric_v4,d45_seo_weighted_rubric_v1,deterministic_expert_rubric=true; human_label=false; rank=6; page_type=content; raw_score=62.1; cap=100.0,0.564161,0.744614,0.7021,0.736842,100.0,,low,crawl_indexability:1.000|text_sufficiency:1.000|technical_metadata:0.915|media_and_internal_navigation:0.895,structured_support:0.000|canonical_consistency:0.150|page_structure:0.318|title_query_fit:0.360
натяжные потолки Санкт-Петербург,https://potolki-spb.ru/,75.8,seo_weighted_rubric_v4,d45_seo_weighted_rubric_v1,deterministic_expert_rubric=true; human_label=false; rank=7; page_type=homepage; raw_score=75.8; cap=100.0,0.734417,0.74285,0.8177,0.684211,100.0,,medium,crawl_indexability:1.000|canonical_consistency:1.000|text_sufficiency:1.000|technical_metadata:0.971,title_query_fit:0.390|page_structure:0.425
натяжные потолки Санкт-Петербург,https://tuspb.ru/,69.6,seo_weighted_rubric_v4,d45_seo_weighted_rubric_v1,deterministic_expert_rubric=true; human_label=false; rank=8; page_type=homepage; raw_score=69.6; cap=100.0,0.636026,0.731414,0.8,0.631579,100.0,,medium,crawl_indexability:1.000|text_sufficiency:1.000|media_and_internal_navigation:1.000|secondary_commercial_details:1.000,structured_support:0.000|canonical_consistency:0.150|page_structure:0.435
натяжные потолки Санкт-Петербург,https://markakachestva.ru/amenities/3782-luchshie-firmy-natjazhnyh-potolkov-v-sankt-peterburge.html,67.2,seo_weighted_rubric_v4,d45_seo_weighted_rubric_v1,deterministic_expert_rubric=true; human_label=false; rank=9; page_type=content; raw_score=67.2; cap=78.0,0.674167,0.721389,0.757367,0.578947,78.0,critical_query_title_fit_weak,medium,crawl_indexability:1.000|canonical_consistency:1.000|text_sufficiency:1.000|media_and_internal_navigation:1.000,title_query_fit:0.287|structured_support:0.312|page_structure:0.359
натяжные потолки Санкт-Петербург,https://metrpotolok.ru/,70.0,seo_weighted_rubric_v4,d45_seo_weighted_rubric_v1,deterministic_expert_rubric=true; human_label=false; rank=10; page_type=homepage; raw_score=70.0; cap=100.0,0.673662,0.728357,0.695,0.526316,100.0,,medium,canonical_consistency:1.000|text_sufficiency:1.000|media_and_internal_navigation:1.000|crawl_indexability:0.930,structured_support:0.000|mobile_render_performance:0.442
натяжные потолки Екатеринбург,https://ekat.steklodom.com/ceiling/,66.1,seo_weighted_rubric_v4,d45_seo_weighted_rubric_v1,deterministic_expert_rubric=true; human_label=false; rank=1; page_type=content; raw_score=66.1; cap=100.0,0.583018,0.775596,0.774483,1.0,100.0,,medium,crawl_indexability:1.000|offer_and_conversion:1.000|text_sufficiency:1.000|media_and_internal_navigation:1.000,canonical_consistency:0.150|structured_support:0.187|title_query_fit:0.399
натяжные потолки Екатеринбург,https://markakachestva.ru/amenities/9043-luchshie-firmy-natjazhnyh-potolkov-v-ekaterinburge-rejting.html,62.2,seo_weighted_rubric_v4,d45_seo_weighted_rubric_v1,deterministic_expert_rubric=true; human_label=false; rank=2; page_type=content; raw_score=62.2; cap=78.0,0.561058,0.713395,0.715367,0.947368,78.0,critical_query_title_fit_weak,low,crawl_indexability:1.000|canonical_consistency:1.000|text_sufficiency:1.000|media_and_internal_navigation:1.000,heading_query_fit:0.200|title_query_fit:0.207|structured_support:0.312|page_structure:0.373
натяжные потолки Екатеринбург,https://luxpotolok.pro/,80.6,seo_weighted_rubric_v4,d45_seo_weighted_rubric_v1,deterministic_expert_rubric=true; human_label=false; rank=3; page_type=homepage; raw_score=80.6; cap=100.0,0.745371,0.807396,0.9412,0.894737,100.0,,medium,crawl_indexability:1.000|canonical_consistency:1.000|text_sufficiency:1.000|media_and_internal_navigation:1.000,title_query_fit:0.447
натяжные потолки Екатеринбург,https://natyazhniepotolkiekb.ru/,78.9,seo_weighted_rubric_v4,d45_seo_weighted_rubric_v1,deterministic_expert_rubric=true; human_label=false; rank=4; page_type=homepage; raw_score=78.9; cap=100.0,0.79757,0.703036,0.822767,0.842105,100.0,,medium,canonical_consistency:1.000|text_sufficiency:1.000|media_and_internal_navigation:1.000|crawl_indexability:0.930,page_structure:0.498|mobile_render_performance:0.504|structured_support:0.534
натяжные потолки Екатеринбург,https://ekapotolok.ru/,68.1,seo_weighted_rubric_v4,d45_seo_weighted_rubric_v1,deterministic_expert_rubric=true; human_label=false; rank=5; page_type=homepage; raw_score=68.1; cap=100.0,0.661608,0.680284,0.59,0.789474,100.0,,medium,canonical_consistency:1.000|text_sufficiency:1.000|media_and_internal_navigation:1.000|crawl_indexability:0.930,structured_support:0.000|secondary_commercial_details:0.400|page_structure:0.427|title_query_fit:0.440
натяжные потолки Екатеринбург,https://vipceiling.ru/ekb/,68.1,seo_weighted_rubric_v4,d45_seo_weighted_rubric_v1,deterministic_expert_rubric=true; human_label=false; rank=6; page_type=content; raw_score=68.1; cap=100.0,0.667234,0.739526,0.7563,0.736842,100.0,,medium,crawl_indexability:1.000|canonical_consistency:1.000|media_and_internal_navigation:1.000|technical_metadata:0.962,heading_query_fit:0.200|page_structure:0.429|title_query_fit:0.445
натяжные потолки Екатеринбург,https://potolokmt.ru/,71.4,seo_weighted_rubric_v4,d45_seo_weighted_rubric_v1,deterministic_expert_rubric=true; human_label=false; rank=7; page_type=homepage; raw_score=71.4; cap=100.0,0.701384,0.69857,0.695,0.684211,100.0,,medium,canonical_consistency:1.000|text_sufficiency:1.000|media_and_internal_navigation:1.000|crawl_indexability:0.930,structured_support:0.000|page_structure:0.360|title_query_fit:0.437
натяжные потолки Екатеринбург,https://tehnos24.ru/,65.5,seo_weighted_rubric_v4,d45_seo_weighted_rubric_v1,deterministic_expert_rubric=true; human_label=false; rank=9; page_type=homepage; raw_score=65.5; cap=100.0,0.555445,0.77526,0.7268,0.578947,100.0,,medium,crawl_indexability:1.000|text_sufficiency:1.000|technical_metadata:0.974|commercial_trust:0.936,structured_support:0.000|canonical_consistency:0.150|heading_query_fit:0.200|page_structure:0.425
натяжные потолки Екатеринбург,https://potolok-eka.ru/,72.9,seo_weighted_rubric_v4,d45_seo_weighted_rubric_v1,deterministic_expert_rubric=true; human_label=false; rank=10; page_type=homepage; raw_score=72.9; cap=100.0,0.771707,0.677029,0.598,0.526316,100.0,,medium,canonical_consistency:1.000|crawl_indexability:0.930|offer_and_conversion:0.860|text_sufficiency:0.850,structured_support:0.000
натяжные потолки Новосибирск,https://sibirpotolki.ru/,77.2,seo_weighted_rubric_v4,d45_seo_weighted_rubric_v1,deterministic_expert_rubric=true; human_label=false; rank=1; page_type=homepage; raw_score=77.2; cap=100.0,0.782882,0.69133,0.6855,1.0,100.0,,medium,canonical_consistency:1.000|media_and_internal_navigation:1.000|crawl_indexability:0.930|offer_and_conversion:0.860,structured_support:0.000|page_structure:0.366
натяжные потолки Новосибирск,https://vipceiling.ru/nsk/,68.2,seo_weighted_rubric_v4,d45_seo_weighted_rubric_v1,deterministic_expert_rubric=true; human_label=false; rank=2; page_type=content; raw_score=68.2; cap=100.0,0.651248,0.735369,0.7563,0.947368,100.0,,medium,crawl_indexability:1.000|canonical_consistency:1.000|media_and_internal_navigation:1.000|technical_metadata:0.961,heading_query_fit:0.195|page_structure:0.404|title_query_fit:0.433
натяжные потолки Новосибирск,https://новосибирск.натяжные-потолки24.рф/,74.3,seo_weighted_rubric_v4,d45_seo_weighted_rubric_v1,deterministic_expert_rubric=true; human_label=false; rank=3; page_type=homepage; raw_score=74.3; cap=100.0,0.710895,0.732697,0.723,0.894737,100.0,,medium,crawl_indexability:1.000|canonical_consistency:1.000|text_sufficiency:1.000|media_and_internal_navigation:1.000,structured_support:0.000|page_structure:0.375|title_query_fit:0.446
натяжные потолки Новосибирск,https://mirpotolkov-54.ru/,82.0,seo_weighted_rubric_v4,d45_seo_weighted_rubric_v1,deterministic_expert_rubric=true; human_label=false; rank=4; page_type=homepage; raw_score=82.0; cap=100.0,0.8145,0.795511,0.758,0.842105,100.0,,medium,crawl_indexability:1.000|canonical_consistency:1.000|text_sufficiency:1.000|media_and_internal_navigation:1.000,structured_support:0.000
натяжные потолки Новосибирск,https://alansa.ru/,83.9,seo_weighted_rubric_v4,d45_seo_weighted_rubric_v1,deterministic_expert_rubric=true; human_label=false; rank=5; page_type=homepage; raw_score=83.9; cap=100.0,0.827609,0.784367,0.9432,0.789474,100.0,,medium,crawl_indexability:1.000|canonical_consistency:1.000|commercial_trust:1.000|text_sufficiency:1.000,page_structure:0.409
натяжные потолки Новосибирск,https://averno.ru/,74.0,seo_weighted_rubric_v4,d45_seo_weighted_rubric_v1,deterministic_expert_rubric=true; human_label=false; rank=6; page_type=homepage; raw_score=74.0; cap=100.0,0.690764,0.761753,0.8004,0.736842,100.0,,medium,crawl_indexability:1.000|canonical_consistency:1.000|text_sufficiency:1.000|media_and_internal_navigation:1.000,page_structure:0.372
натяжные потолки Новосибирск,https://nskpotolki.ru/,77.6,seo_weighted_rubric_v4,d45_seo_weighted_rubric_v1,deterministic_expert_rubric=true; human_label=false; rank=7; page_type=homepage; raw_score=77.6; cap=100.0,0.70451,0.814947,0.9454,0.684211,100.0,,medium,crawl_indexability:1.000|canonical_consistency:1.000|text_sufficiency:1.000|media_and_internal_navigation:1.000,title_query_fit:0.432
натяжные потолки Новосибирск,https://www.avanta-nsk.ru/,67.9,seo_weighted_rubric_v4,d45_seo_weighted_rubric_v1,deterministic_expert_rubric=true; human_label=false; rank=8; page_type=homepage; raw_score=67.9; cap=100.0,0.654706,0.702034,0.62165,0.631579,100.0,,medium,crawl_indexability:1.000|technical_metadata:0.992|media_and_internal_navigation:0.891|offer_and_conversion:0.860,structured_support:0.000|canonical_consistency:0.150|page_structure:0.323
натяжные потолки Новосибирск,https://milana-novosib.ru/,75.0,seo_weighted_rubric_v4,d45_seo_weighted_rubric_v1,deterministic_expert_rubric=true; human_label=false; rank=9; page_type=homepage; raw_score=75.0; cap=100.0,0.726585,0.77815,0.732483,0.578947,100.0,,medium,crawl_indexability:1.000|canonical_consistency:1.000|text_sufficiency:1.000|media_and_internal_navigation:1.000,structured_support:0.187|page_structure:0.408|title_query_fit:0.438
натяжные потолки Новосибирск,https://potolok-v-novosibirske.ru/,59.4,seo_weighted_rubric_v4,d45_seo_weighted_rubric_v1,deterministic_expert_rubric=true; human_label=false; rank=10; page_type=homepage; raw_score=59.4; cap=100.0,0.599934,0.587643,0.46205,0.526316,100.0,,low,canonical_consistency:1.000|crawl_indexability:0.930|offer_and_conversion:0.860,heading_query_fit:0.000|structured_support:0.000|page_structure:0.195
натяжные потолки Казань,https://kazan-potolki.ru/,76.7,seo_weighted_rubric_v4,d45_seo_weighted_rubric_v1,deterministic_expert_rubric=true; human_label=false; rank=1; page_type=homepage; raw_score=76.7; cap=100.0,0.666303,0.801764,0.9454,1.0,100.0,,medium,crawl_indexability:1.000|canonical_consistency:1.000|text_sufficiency:1.000|media_and_internal_navigation:1.000,title_query_fit:0.419
натяжные потолки Казань,https://www.potolki-servis.ru/,67.2,seo_weighted_rubric_v4,d45_seo_weighted_rubric_v1,deterministic_expert_rubric=true; human_label=false; rank=2; page_type=homepage; raw_score=67.2; cap=100.0,0.578079,0.718844,0.758,0.947368,100.0,,medium,text_sufficiency:1.000|media_and_internal_navigation:1.000|crawl_indexability:0.930|commercial_trust:0.904,structured_support:0.000|canonical_consistency:0.150|page_structure:0.380|title_query_fit:0.433
натяжные потолки Казань,https://kazan.natpotolok.ru/,79.7,seo_weighted_rubric_v4,d45_seo_weighted_rubric_v1,deterministic_expert_rubric=true; human_label=false; rank=3; page_type=homepage; raw_score=79.7; cap=100.0,0.759742,0.807959,0.7731,0.894737,100.0,,medium,crawl_indexability:1.000|canonical_consistency:1.000|offer_and_conversion:1.000|media_and_internal_navigation:1.000,page_structure:0.464|semantic_query_fit:0.522|structured_support:0.578
натяжные потолки Казань,https://potolki-real.ru/,74.3,seo_weighted_rubric_v4,d45_seo_weighted_rubric_v1,deterministic_expert_rubric=true; human_label=false; rank=4; page_type=homepage; raw_score=74.3; cap=100.0,0.690617,0.768884,0.758,0.842105,100.0,,medium,crawl_indexability:1.000|canonical_consistency:1.000|text_sufficiency:1.000|media_and_internal_navigation:1.000,structured_support:0.000|page_structure:0.339|title_query_fit:0.431
натяжные потолки Казань,https://kazanpotolok.ru/,70.8,seo_weighted_rubric_v4,d45_seo_weighted_rubric_v1,deterministic_expert_rubric=true; human_label=false; rank=5; page_type=homepage; raw_score=70.8; cap=100.0,0.662229,0.76038,0.6155,0.789474,100.0,,medium,crawl_indexability:1.000|canonical_consistency:1.000|media_and_internal_navigation:1.000|technical_metadata:0.975,structured_support:0.000|title_query_fit:0.398
натяжные потолки Казань,https://kazan.potolki-natyazhniye.ru/,71.3,seo_weighted_rubric_v4,d45_seo_weighted_rubric_v1,deterministic_expert_rubric=true; human_label=false; rank=6; page_type=homepage; raw_score=71.3; cap=100.0,0.657857,0.731057,0.799367,0.736842,100.0,,medium,crawl_indexability:1.000|canonical_consistency:1.000|text_sufficiency:1.000|media_and_internal_navigation:1.000,page_structure:0.266|structured_support:0.312|title_query_fit:0.397
натяжные потолки Казань,https://kazan.otproffi-potolki.ru/,70.2,seo_weighted_rubric_v4,d45_seo_weighted_rubric_v1,deterministic_expert_rubric=true; human_label=false; rank=7; page_type=homepage; raw_score=70.2; cap=100.0,0.650459,0.743841,0.717833,0.684211,100.0,,medium,crawl_indexability:1.000|canonical_consistency:1.000|technical_metadata:0.978|secondary_commercial_details:0.880,structured_support:0.124|page_structure:0.392|title_query_fit:0.418
натяжные потолки Казань,https://rtpotolki.ru/,69.2,seo_weighted_rubric_v4,d45_seo_weighted_rubric_v1,deterministic_expert_rubric=true; human_label=false; rank=8; page_type=homepage; raw_score=69.2; cap=100.0,0.684885,0.720478,0.528,0.631579,100.0,,medium,canonical_consistency:1.000|crawl_indexability:0.930|commercial_trust:0.873|text_sufficiency:0.850,structured_support:0.000|title_query_fit:0.413
натяжные потолки Казань,https://kazan.potolok-montaz.ru/,75.8,seo_weighted_rubric_v4,d45_seo_weighted_rubric_v1,deterministic_expert_rubric=true; human_label=false; rank=9; page_type=homepage; raw_score=75.8; cap=100.0,0.717465,0.767955,0.8886,0.578947,100.0,,medium,crawl_indexability:1.000|canonical_consistency:1.000|text_sufficiency:1.000|media_and_internal_navigation:1.000,title_query_fit:0.438
натяжные потолки Казань,https://woodceilings.ru/,60.9,seo_weighted_rubric_v4,d45_seo_weighted_rubric_v1,deterministic_expert_rubric=true; human_label=false; rank=10; page_type=homepage; raw_score=60.9; cap=100.0,0.485505,0.77277,0.6917,0.526316,100.0,,low,crawl_indexability:1.000|technical_metadata:0.965|commercial_trust:0.936|secondary_commercial_details:0.880,heading_query_fit:0.000|structured_support:0.000|canonical_consistency:0.150|title_query_fit:0.396
натяжные потолки Краснодар,https://potolki-93.ru/ceny,60.1,seo_weighted_rubric_v4,d45_seo_weighted_rubric_v1,deterministic_expert_rubric=true; human_label=false; rank=1; page_type=content; raw_score=60.1; cap=100.0,0.553712,0.670824,0.653,1.0,100.0,,low,text_sufficiency:1.000|media_and_internal_navigation:1.000|crawl_indexability:0.930|offer_and_conversion:0.860,structured_support:0.000|canonical_consistency:0.150|page_structure:0.338|title_query_fit:0.374
натяжные потолки Краснодар,https://potolkito.ru/,75.4,seo_weighted_rubric_v4,d45_seo_weighted_rubric_v1,deterministic_expert_rubric=true; human_label=false; rank=2; page_type=homepage; raw_score=75.4; cap=100.0,0.694388,0.779024,0.758,0.947368,100.0,,medium,crawl_indexability:1.000|canonical_consistency:1.000|text_sufficiency:1.000|media_and_internal_navigation:1.000,structured_support:0.000|page_structure:0.328|title_query_fit:0.433
натяжные потолки Краснодар,https://o-potolki.ru/krasnodar,69.1,seo_weighted_rubric_v4,d45_seo_weighted_rubric_v1,deterministic_expert_rubric=true; human_label=false; rank=3; page_type=content; raw_score=69.1; cap=100.0,0.728142,0.680979,0.618,0.894737,100.0,,medium,crawl_indexability:1.000|canonical_consistency:1.000|text_sufficiency:1.000|media_and_internal_navigation:1.000,structured_support:0.000|page_structure:0.382
натяжные потолки Краснодар,https://ka-potolki.ru/,65.3,seo_weighted_rubric_v4,d45_seo_weighted_rubric_v1,deterministic_expert_rubric=true; human_label=false; rank=4; page_type=homepage; raw_score=65.3; cap=100.0,0.57048,0.699502,0.723,0.842105,100.0,,medium,text_sufficiency:1.000|media_and_internal_navigation:1.000|crawl_indexability:0.930|offer_and_conversion:0.860,structured_support:0.000|canonical_consistency:0.150|page_structure:0.338|title_query_fit:0.420
натяжные потолки Краснодар,https://potolki-ts.ru/krasnodar,67.7,seo_weighted_rubric_v4,d45_seo_weighted_rubric_v1,deterministic_expert_rubric=true; human_label=false; rank=5; page_type=content; raw_score=67.7; cap=100.0,0.671925,0.72781,0.695,0.789474,100.0,,medium,crawl_indexability:1.000|canonical_consistency:1.000|text_sufficiency:1.000|media_and_internal_navigation:1.000,structured_support:0.000|page_structure:0.318|title_query_fit:0.397
натяжные потолки Краснодар,http://potolki-kuban.ru/,62.7,seo_weighted_rubric_v4,d45_seo_weighted_rubric_v1,deterministic_expert_rubric=true; human_label=false; rank=6; page_type=homepage; raw_score=62.7; cap=100.0,0.551072,0.70091,0.6206,0.736842,100.0,,low,crawl_indexability:1.000|media_and_internal_navigation:0.990|offer_and_conversion:0.860|text_sufficiency:0.850,structured_support:0.000|canonical_consistency:0.150|title_query_fit:0.382|page_structure:0.421
натяжные потолки Краснодар,https://potolki193.ru/,63.8,seo_weighted_rubric_v4,d45_seo_weighted_rubric_v1,deterministic_expert_rubric=true; human_label=false; rank=7; page_type=homepage; raw_score=63.8; cap=82.0,0.55363,0.778764,0.5101,0.684211,82.0,important_canonical_points_elsewhere,low,crawl_indexability:1.000|technical_metadata:0.992|offer_and_conversion:0.860,media_and_internal_navigation:0.145|canonical_consistency:0.250|title_query_fit:0.402|page_structure:0.423
натяжные потолки Краснодар,https://nova-yug.ru/,69.1,seo_weighted_rubric_v4,d45_seo_weighted_rubric_v1,deterministic_expert_rubric=true; human_label=false; rank=8; page_type=homepage; raw_score=69.1; cap=100.0,0.690346,0.652773,0.6901,0.631579,100.0,,medium,crawl_indexability:1.000|canonical_consistency:1.000|media_and_internal_navigation:1.000|text_sufficiency:0.850,heading_query_fit:0.200|page_structure:0.411|secondary_commercial_details:0.420
натяжные потолки Краснодар,https://www.potolkimk.ru/,66.1,seo_weighted_rubric_v4,d45_seo_weighted_rubric_v1,deterministic_expert_rubric=true; human_label=false; rank=9; page_type=homepage; raw_score=66.1; cap=100.0,0.578127,0.754473,0.7275,0.578947,100.0,,medium,crawl_indexability:1.000|media_and_internal_navigation:1.000|commercial_trust:0.903|technical_metadata:0.902,structured_support:0.000|canonical_consistency:0.150|page_structure:0.347|title_query_fit:0.407
натяжные потолки Краснодар,https://moi-potolki23.ru/,57.4,seo_weighted_rubric_v4,d45_seo_weighted_rubric_v1,deterministic_expert_rubric=true; human_label=false; rank=10; page_type=homepage; raw_score=57.4; cap=100.0,0.55359,0.618361,0.42995,0.526316,100.0,,low,crawl_indexability:0.920|text_sufficiency:0.850|technical_metadata:0.814|heading_query_fit:0.783,structured_support:0.000|canonical_consistency:0.150|page_structure:0.319|mobile_render_performance:0.375
натяжные потолки Самара,https://самара.натяжные-потолки24.рф/,77.7,seo_weighted_rubric_v4,d45_seo_weighted_rubric_v1,deterministic_expert_rubric=true; human_label=false; rank=1; page_type=homepage; raw_score=77.7; cap=100.0,0.754969,0.746969,0.723,1.0,100.0,,medium,crawl_indexability:1.000|canonical_consistency:1.000|text_sufficiency:1.000|media_and_internal_navigation:1.000,structured_support:0.000
натяжные потолки Самара,https://potolkikiger.ru/samara,72.2,seo_weighted_rubric_v4,d45_seo_weighted_rubric_v1,deterministic_expert_rubric=true; human_label=false; rank=2; page_type=content; raw_score=72.2; cap=100.0,0.737586,0.739024,0.677383,0.947368,100.0,,medium,crawl_indexability:1.000|canonical_consistency:1.000|text_sufficiency:1.000|technical_metadata:0.973,structured_support:0.187|title_query_fit:0.409|page_structure:0.431
натяжные потолки Самара,https://potolki-sam.ru/,68.2,seo_weighted_rubric_v4,d45_seo_weighted_rubric_v1,deterministic_expert_rubric=true; human_label=false; rank=3; page_type=homepage; raw_score=68.2; cap=100.0,0.622855,0.679113,0.758,0.894737,100.0,,medium,text_sufficiency:1.000|media_and_internal_navigation:1.000|crawl_indexability:0.930|secondary_commercial_details:0.880,structured_support:0.000|canonical_consistency:0.150
натяжные потолки Самара,https://potolkius.ru/,74.3,seo_weighted_rubric_v4,d45_seo_weighted_rubric_v1,deterministic_expert_rubric=true; human_label=false; rank=4; page_type=homepage; raw_score=74.3; cap=100.0,0.73781,0.750161,0.5517,0.842105,100.0,,medium,crawl_indexability:1.000|canonical_consistency:1.000|technical_metadata:0.987|media_and_internal_navigation:0.933,structured_support:0.000|page_structure:0.342
натяжные потолки Самара,https://www.potolkoffsam.ru/,73.6,seo_weighted_rubric_v4,d45_seo_weighted_rubric_v1,deterministic_expert_rubric=true; human_label=false; rank=5; page_type=homepage; raw_score=73.6; cap=100.0,0.671928,0.764239,0.8268,0.789474,100.0,,medium,crawl_indexability:1.000|canonical_consistency:1.000|text_sufficiency:1.000|technical_metadata:0.951,heading_query_fit:0.335
натяжные потолки Самара,https://potolki-63.ru/,79.2,seo_weighted_rubric_v4,d45_seo_weighted_rubric_v1,deterministic_expert_rubric=true; human_label=false; rank=6; page_type=homepage; raw_score=79.2; cap=100.0,0.770914,0.793475,0.777,0.736842,100.0,,medium,crawl_indexability:1.000|canonical_consistency:1.000|text_sufficiency:1.000|media_and_internal_navigation:1.000,structured_support:0.410|title_query_fit:0.424
натяжные потолки Самара,https://studiostyle63.ru/,68.2,seo_weighted_rubric_v4,d45_seo_weighted_rubric_v1,deterministic_expert_rubric=true; human_label=false; rank=7; page_type=homepage; raw_score=68.2; cap=100.0,0.641918,0.701912,0.695,0.684211,100.0,,medium,crawl_indexability:1.000|text_sufficiency:1.000|media_and_internal_navigation:1.000|technical_metadata:0.940,structured_support:0.000|canonical_consistency:0.150
натяжные потолки Самара,https://smartpotolki.ru/,74.5,seo_weighted_rubric_v4,d45_seo_weighted_rubric_v1,deterministic_expert_rubric=true; human_label=false; rank=8; page_type=homepage; raw_score=74.5; cap=100.0,0.743869,0.742742,0.661383,0.631579,100.0,,medium,crawl_indexability:1.000|canonical_consistency:1.000|text_sufficiency:1.000|technical_metadata:0.890,structured_support:0.187|page_structure:0.413|title_query_fit:0.449
натяжные потолки Самара,https://potolki-samara.info/,72.2,seo_weighted_rubric_v4,d45_seo_weighted_rubric_v1,deterministic_expert_rubric=true; human_label=false; rank=9; page_type=homepage; raw_score=72.2; cap=100.0,0.722439,0.68438,0.7523,0.578947,100.0,,medium,canonical_consistency:1.000|text_sufficiency:1.000|media_and_internal_navigation:0.972|crawl_indexability:0.930,structured_support:0.000|page_structure:0.434|title_query_fit:0.443|mobile_render_performance:0.447
натяжные потолки Самара,https://потолкисамара.рф/,68.6,seo_weighted_rubric_v4,d45_seo_weighted_rubric_v1,deterministic_expert_rubric=true; human_label=false; rank=10; page_type=homepage; raw_score=68.6; cap=82.0,0.625643,0.758466,0.731183,0.526316,82.0,important_canonical_points_elsewhere,medium,crawl_indexability:1.000|text_sufficiency:1.000|technical_metadata:0.961|commercial_trust:0.936,structured_support:0.103|canonical_consistency:0.250|page_structure:0.389|title_query_fit:0.427
натяжные потолки Нижний Новгород,https://nn-decor.ru/,74.5,seo_weighted_rubric_v4,d45_seo_weighted_rubric_v1,deterministic_expert_rubric=true; human_label=false; rank=1; page_type=homepage; raw_score=74.5; cap=100.0,0.668271,0.764462,0.827283,1.0,100.0,,medium,crawl_indexability:1.000|canonical_consistency:1.000|text_sufficiency:1.000|media_and_internal_navigation:1.000,structured_support:0.346|title_query_fit:0.374
натяжные потолки Нижний Новгород,https://нижний.натяжные-потолки24.рф/,72.8,seo_weighted_rubric_v4,d45_seo_weighted_rubric_v1,deterministic_expert_rubric=true; human_label=false; rank=2; page_type=homepage; raw_score=72.8; cap=100.0,0.679791,0.73072,0.723,0.947368,100.0,,medium,crawl_indexability:1.000|canonical_consistency:1.000|text_sufficiency:1.000|media_and_internal_navigation:1.000,structured_support:0.000|page_structure:0.368|title_query_fit:0.379
натяжные потолки Нижний Новгород,https://nnpotolok.ru/,76.5,seo_weighted_rubric_v4,d45_seo_weighted_rubric_v1,deterministic_expert_rubric=true; human_label=false; rank=3; page_type=homepage; raw_score=76.5; cap=100.0,0.667068,0.811554,0.9454,0.894737,100.0,,medium,crawl_indexability:1.000|canonical_consistency:1.000|text_sufficiency:1.000|media_and_internal_navigation:1.000,title_query_fit:0.362
натяжные потолки Нижний Новгород,https://potolki-d.ru/,64.5,seo_weighted_rubric_v4,d45_seo_weighted_rubric_v1,deterministic_expert_rubric=true; human_label=false; rank=4; page_type=homepage; raw_score=64.5; cap=100.0,0.568149,0.664618,0.765,0.842105,100.0,,low,text_sufficiency:1.000|media_and_internal_navigation:1.000|crawl_indexability:0.920|secondary_commercial_details:0.900,structured_support:0.000|canonical_consistency:0.150|page_structure:0.318|title_query_fit:0.369
натяжные потолки Нижний Новгород,https://potolki-nng.ru/,61.3,seo_weighted_rubric_v4,d45_seo_weighted_rubric_v1,deterministic_expert_rubric=true; human_label=false; rank=5; page_type=homepage; raw_score=61.3; cap=100.0,0.52992,0.682885,0.618,0.789474,100.0,,low,text_sufficiency:1.000|media_and_internal_navigation:1.000|crawl_indexability:0.930|offer_and_conversion:0.860,structured_support:0.000|canonical_consistency:0.150|page_structure:0.319|title_query_fit:0.362
натяжные потолки Нижний Новгород,https://tandempotolki.ru/,75.4,seo_weighted_rubric_v4,d45_seo_weighted_rubric_v1,deterministic_expert_rubric=true; human_label=false; rank=6; page_type=homepage; raw_score=75.4; cap=78.0,0.680413,0.792777,0.903,0.736842,78.0,critical_query_title_fit_weak,medium,crawl_indexability:1.000|canonical_consistency:1.000|text_sufficiency:1.000|media_and_internal_navigation:1.000,title_query_fit:0.342
натяжные потолки Нижний Новгород,https://nebosvod-nn.ru/,69.9,seo_weighted_rubric_v4,d45_seo_weighted_rubric_v1,deterministic_expert_rubric=true; human_label=false; rank=7; page_type=homepage; raw_score=69.9; cap=100.0,0.642267,0.727487,0.785367,0.684211,100.0,,medium,crawl_indexability:1.000|canonical_consistency:1.000|text_sufficiency:1.000|media_and_internal_navigation:1.000,structured_support:0.312|page_structure:0.362|title_query_fit:0.389
натяжные потолки Нижний Новгород,https://uslugi.yandex.ru/47-nizhny-novgorod/category?text=натяжные+потолки,71.2,seo_weighted_rubric_v4,d45_seo_weighted_rubric_v1,deterministic_expert_rubric=true; human_label=false; rank=8; page_type=category; raw_score=71.2; cap=78.0,0.612298,0.792616,0.759983,0.631579,78.0,critical_query_title_fit_weak,medium,crawl_indexability:1.000|canonical_consistency:1.000|commercial_trust:1.000|secondary_commercial_details:1.000,heading_query_fit:0.000|title_query_fit:0.295|structured_support:0.346
натяжные потолки Нижний Новгород,https://2gis.ru/n_novgorod/search/Продажа / монтаж потолков/rubricId/584,17.6,seo_weighted_rubric_v4,d45_seo_weighted_rubric_v1,deterministic_expert_rubric=true; human_label=false; rank=9; page_type=content; raw_score=17.6; cap=35.0,0.082894,0.394038,0.03095,0.578947,35.0,critical_http_status_not_ok|critical_intent_alignment_weak|critical_page_not_indexable|critical_query_title_fit_weak|critical_semantic_query_fit_weak|critical_title_missing|important_extremely_thin_content,blocked,commercial_trust:0.720|mobile_render_performance:0.517|technical_metadata:0.240,title_query_fit:0.000|secondary_commercial_details:0.000|structured_support:0.000|semantic_query_fit:0.001
натяжные потолки Нижний Новгород,https://atlantispotolki.ru/,71.0,seo_weighted_rubric_v4,d45_seo_weighted_rubric_v1,deterministic_expert_rubric=true; human_label=false; rank=10; page_type=homepage; raw_score=71.0; cap=100.0,0.660127,0.742781,0.8301,0.526316,100.0,,medium,crawl_indexability:1.000|canonical_consistency:1.000|media_and_internal_navigation:1.000|commercial_trust:0.936,page_structure:0.312|title_query_fit:0.365
натяжные потолки цена Москва,https://www.potolkoff.ru/price/,78.4,seo_weighted_rubric_v4,d45_seo_weighted_rubric_v1,deterministic_expert_rubric=true; human_label=false; rank=1; page_type=content; raw_score=78.4; cap=100.0,0.789109,0.786402,0.8424,1.0,100.0,,medium,crawl_indexability:1.000|canonical_consistency:1.000|text_sufficiency:1.000|media_and_internal_navigation:1.000,title_query_fit:0.433
натяжные потолки цена Москва,https://100potolkov.ru/tseny/,75.4,seo_weighted_rubric_v4,d45_seo_weighted_rubric_v1,deterministic_expert_rubric=true; human_label=false; rank=2; page_type=content; raw_score=75.4; cap=100.0,0.76072,0.78662,0.723,0.947368,100.0,,medium,crawl_indexability:1.000|canonical_consistency:1.000|text_sufficiency:1.000|media_and_internal_navigation:1.000,structured_support:0.000|title_query_fit:0.412
натяжные потолки цена Москва,https://potolki-nova.ru/,74.9,seo_weighted_rubric_v4,d45_seo_weighted_rubric_v1,deterministic_expert_rubric=true; human_label=false; rank=3; page_type=homepage; raw_score=74.9; cap=100.0,0.675147,0.748457,0.93165,0.894737,100.0,,medium,text_sufficiency:1.000|media_and_internal_navigation:1.000|secondary_commercial_details:1.000|commercial_trust:0.968,canonical_consistency:0.150|title_query_fit:0.411
натяжные потолки цена Москва,https://моипотолки.рф/msk,69.6,seo_weighted_rubric_v4,d45_seo_weighted_rubric_v1,deterministic_expert_rubric=true; human_label=false; rank=4; page_type=content; raw_score=69.6; cap=82.0,0.69012,0.753263,0.679283,0.842105,82.0,important_canonical_points_elsewhere,medium,crawl_indexability:1.000|text_sufficiency:1.000|technical_metadata:0.973|offer_and_conversion:0.860,structured_support:0.187|canonical_consistency:0.250|title_query_fit:0.369
натяжные потолки цена Москва,https://potolok.net/ceny,80.7,seo_weighted_rubric_v4,d45_seo_weighted_rubric_v1,deterministic_expert_rubric=true; human_label=false; rank=5; page_type=content; raw_score=80.7; cap=100.0,0.829699,0.808494,0.8868,0.789474,100.0,,medium,crawl_indexability:1.000|canonical_consistency:1.000|text_sufficiency:1.000|commercial_trust:0.968,title_query_fit:0.500|page_structure:0.525|mobile_render_performance:0.634
натяжные потолки цена Москва,https://vipceiling.ru/moscow/price/,72.4,seo_weighted_rubric_v4,d45_seo_weighted_rubric_v1,deterministic_expert_rubric=true; human_label=false; rank=6; page_type=content; raw_score=72.4; cap=100.0,0.746457,0.726106,0.7854,0.736842,100.0,,medium,crawl_indexability:1.000|canonical_consistency:1.000|text_sufficiency:1.000|media_and_internal_navigation:1.000,title_query_fit:0.377
натяжные потолки цена Москва,https://www.potolkini.ru/ceny-na-natyazhnye-potolki/,74.6,seo_weighted_rubric_v4,d45_seo_weighted_rubric_v1,deterministic_expert_rubric=true; human_label=false; rank=7; page_type=content; raw_score=74.6; cap=100.0,0.761698,0.801835,0.723,0.684211,100.0,,medium,crawl_indexability:1.000|canonical_consistency:1.000|text_sufficiency:1.000|media_and_internal_navigation:1.000,structured_support:0.000|title_query_fit:0.374
натяжные потолки цена Москва,https://masterpotolkov.com/,70.8,seo_weighted_rubric_v4,d45_seo_weighted_rubric_v1,deterministic_expert_rubric=true; human_label=false; rank=8; page_type=homepage; raw_score=70.8; cap=100.0,0.637899,0.767128,0.8,0.631579,100.0,,medium,crawl_indexability:1.000|text_sufficiency:1.000|media_and_internal_navigation:1.000|secondary_commercial_details:1.000,structured_support:0.000|canonical_consistency:0.150|title_query_fit:0.375
натяжные потолки цена Москва,https://natpotolok.ru/,83.7,seo_weighted_rubric_v4,d45_seo_weighted_rubric_v1,deterministic_expert_rubric=true; human_label=false; rank=9; page_type=homepage; raw_score=83.7; cap=100.0,0.839961,0.84463,0.7731,0.578947,100.0,,medium,crawl_indexability:1.000|canonical_consistency:1.000|offer_and_conversion:1.000|media_and_internal_navigation:1.000,structured_support:0.578|title_query_fit:0.626|secondary_commercial_details:0.700
натяжные потолки цена Москва,https://uslugi.yandex.ru/213-moscow/category?text=натяжные+потолки,78.0,seo_weighted_rubric_v4,d45_seo_weighted_rubric_v1,deterministic_expert_rubric=true; human_label=false; rank=10; page_type=category; raw_score=78.3; cap=78.0,0.693954,0.846151,0.90895,0.526316,78.0,critical_query_title_fit_weak,medium,crawl_indexability:1.000|canonical_consistency:1.000|commercial_trust:1.000|offer_and_conversion:1.000,heading_query_fit:0.000|title_query_fit:0.326
натяжные потолки цена Санкт-Петербург,https://evita-potolki.ru/,78.7,seo_weighted_rubric_v4,d45_seo_weighted_rubric_v1,deterministic_expert_rubric=true; human_label=false; rank=1; page_type=homepage; raw_score=78.7; cap=100.0,0.721062,0.799396,0.8568,1.0,100.0,,medium,crawl_indexability:1.000|canonical_consistency:1.000|text_sufficiency:1.000|media_and_internal_navigation:1.000,title_query_fit:0.350
натяжные потолки цена Санкт-Петербург,https://master-plus.spb.ru/natyazhnye-potolki/,66.1,seo_weighted_rubric_v4,d45_seo_weighted_rubric_v1,deterministic_expert_rubric=true; human_label=false; rank=2; page_type=content; raw_score=66.1; cap=100.0,0.614954,0.749734,0.7021,0.947368,100.0,,medium,crawl_indexability:1.000|text_sufficiency:1.000|technical_metadata:0.915|media_and_internal_navigation:0.895,structured_support:0.000|canonical_consistency:0.150|page_structure:0.350|title_query_fit:0.404
натяжные потолки цена Санкт-Петербург,https://potolok-peter.ru/,73.2,seo_weighted_rubric_v4,d45_seo_weighted_rubric_v1,deterministic_expert_rubric=true; human_label=false; rank=3; page_type=homepage; raw_score=73.2; cap=100.0,0.63548,0.782667,0.883,0.894737,100.0,,medium,crawl_indexability:1.000|canonical_consistency:1.000|offer_and_conversion:1.000|text_sufficiency:1.000,title_query_fit:0.356|page_structure:0.370|semantic_query_fit:0.418
натяжные потолки цена Санкт-Петербург,https://okna-leningrad.ru/potolki/,67.5,seo_weighted_rubric_v4,d45_seo_weighted_rubric_v1,deterministic_expert_rubric=true; human_label=false; rank=4; page_type=content; raw_score=67.5; cap=78.0,0.674316,0.699152,0.719883,0.842105,78.0,critical_query_title_fit_weak,medium,canonical_consistency:1.000|text_sufficiency:1.000|media_and_internal_navigation:1.000|crawl_indexability:0.930,structured_support:0.124|title_query_fit:0.326|page_structure:0.439
натяжные потолки цена Санкт-Петербург,https://моипотолки.рф/spb,66.8,seo_weighted_rubric_v4,d45_seo_weighted_rubric_v1,deterministic_expert_rubric=true; human_label=false; rank=6; page_type=content; raw_score=66.8; cap=82.0,0.657341,0.738964,0.679283,0.736842,82.0,important_canonical_points_elsewhere,medium,crawl_indexability:1.000|text_sufficiency:1.000|technical_metadata:0.976|offer_and_conversion:0.860,structured_support:0.187|canonical_consistency:0.250|title_query_fit:0.364|page_structure:0.427
натяжные потолки цена Санкт-Петербург,https://tuspb.ru/,71.5,seo_weighted_rubric_v4,d45_seo_weighted_rubric_v1,deterministic_expert_rubric=true; human_label=false; rank=7; page_type=homepage; raw_score=71.5; cap=100.0,0.664434,0.735878,0.8,0.684211,100.0,,medium,crawl_indexability:1.000|text_sufficiency:1.000|media_and_internal_navigation:1.000|secondary_commercial_details:1.000,structured_support:0.000|canonical_consistency:0.150
натяжные потолки цена Санкт-Петербург,https://potolki-sankt-peterburg.ru/,68.6,seo_weighted_rubric_v4,d45_seo_weighted_rubric_v1,deterministic_expert_rubric=true; human_label=false; rank=8; page_type=homepage; raw_score=68.6; cap=78.0,0.602724,0.726922,0.9034,0.631579,78.0,critical_query_title_fit_weak,medium,crawl_indexability:1.000|canonical_consistency:1.000|text_sufficiency:1.000|media_and_internal_navigation:1.000,title_query_fit:0.314|semantic_query_fit:0.319|page_structure:0.337
натяжные потолки цена Санкт-Петербург,https://spbpotolok.com/,70.4,seo_weighted_rubric_v4,d45_seo_weighted_rubric_v1,deterministic_expert_rubric=true; human_label=false; rank=9; page_type=homepage; raw_score=70.4; cap=100.0,0.658341,0.752255,0.723,0.578947,100.0,,medium,crawl_indexability:1.000|text_sufficiency:1.000|media_and_internal_navigation:1.000|technical_metadata:0.949,structured_support:0.000|canonical_consistency:0.150|page_structure:0.382
натяжные потолки цена Санкт-Петербург,https://potolki-spb.ru/,71.1,seo_weighted_rubric_v4,d45_seo_weighted_rubric_v1,deterministic_expert_rubric=true; human_label=false; rank=10; page_type=homepage; raw_score=71.1; cap=78.0,0.669601,0.730575,0.8177,0.526316,78.0,critical_query_title_fit_weak,medium,crawl_indexability:1.000|canonical_consistency:1.000|text_sufficiency:1.000|technical_metadata:0.971,title_query_fit:0.335|page_structure:0.344
натяжные потолки цена Екатеринбург,https://ekat.steklodom.com/ceiling/,69.4,seo_weighted_rubric_v4,d45_seo_weighted_rubric_v1,deterministic_expert_rubric=true; human_label=false; rank=1; page_type=content; raw_score=69.4; cap=100.0,0.63624,0.787871,0.774483,1.0,100.0,,medium,crawl_indexability:1.000|offer_and_conversion:1.000|text_sufficiency:1.000|media_and_internal_navigation:1.000,canonical_consistency:0.150|structured_support:0.187
натяжные потолки цена Екатеринбург,https://markakachestva.ru/amenities/9043-luchshie-firmy-natjazhnyh-potolkov-v-ekaterinburge-rejting.html,64.0,seo_weighted_rubric_v4,d45_seo_weighted_rubric_v1,deterministic_expert_rubric=true; human_label=false; rank=2; page_type=content; raw_score=64.0; cap=78.0,0.593836,0.715222,0.715367,0.947368,78.0,critical_query_title_fit_weak,low,crawl_indexability:1.000|canonical_consistency:1.000|text_sufficiency:1.000|media_and_internal_navigation:1.000,heading_query_fit:0.200|title_query_fit:0.207|structured_support:0.312|page_structure:0.382
натяжные потолки цена Екатеринбург,https://natyazhniepotolkiekb.ru/,75.7,seo_weighted_rubric_v4,d45_seo_weighted_rubric_v1,deterministic_expert_rubric=true; human_label=false; rank=3; page_type=homepage; raw_score=75.7; cap=100.0,0.735088,0.700795,0.822767,0.894737,100.0,,medium,canonical_consistency:1.000|text_sufficiency:1.000|media_and_internal_navigation:1.000|crawl_indexability:0.930,title_query_fit:0.480|page_structure:0.484|mobile_render_performance:0.504
натяжные потолки цена Екатеринбург,https://luxpotolok.pro/,78.2,seo_weighted_rubric_v4,d45_seo_weighted_rubric_v1,deterministic_expert_rubric=true; human_label=false; rank=4; page_type=homepage; raw_score=78.2; cap=100.0,0.713406,0.795672,0.9412,0.842105,100.0,,medium,crawl_indexability:1.000|canonical_consistency:1.000|text_sufficiency:1.000|media_and_internal_navigation:1.000,title_query_fit:0.364
натяжные потолки цена Екатеринбург,https://potolki-ekburg.ru/ceny,61.9,seo_weighted_rubric_v4,d45_seo_weighted_rubric_v1,deterministic_expert_rubric=true; human_label=false; rank=5; page_type=content; raw_score=61.9; cap=100.0,0.605823,0.682978,0.6155,0.789474,100.0,,low,media_and_internal_navigation:1.000|crawl_indexability:0.930|offer_and_conversion:0.860|text_sufficiency:0.850,structured_support:0.000|canonical_consistency:0.150|title_query_fit:0.378|page_structure:0.435
натяжные потолки цена Екатеринбург,https://моипотолки.рф/ekaterinburg,66.8,seo_weighted_rubric_v4,d45_seo_weighted_rubric_v1,deterministic_expert_rubric=true; human_label=false; rank=6; page_type=content; raw_score=66.8; cap=78.0,0.654662,0.743618,0.679283,0.736842,78.0,critical_query_title_fit_weak|important_canonical_points_elsewhere,medium,crawl_indexability:1.000|text_sufficiency:1.000|technical_metadata:0.979|offer_and_conversion:0.860,structured_support:0.187|canonical_consistency:0.250|title_query_fit:0.338
натяжные потолки цена Екатеринбург,https://ekapotolok.ru/,66.5,seo_weighted_rubric_v4,d45_seo_weighted_rubric_v1,deterministic_expert_rubric=true; human_label=false; rank=7; page_type=homepage; raw_score=66.5; cap=100.0,0.645656,0.670999,0.59,0.684211,100.0,,medium,canonical_consistency:1.000|text_sufficiency:1.000|media_and_internal_navigation:1.000|crawl_indexability:0.930,structured_support:0.000|title_query_fit:0.361|page_structure:0.368|secondary_commercial_details:0.400
натяжные потолки цена Екатеринбург,https://vipceiling.ru/ekb/price/,71.6,seo_weighted_rubric_v4,d45_seo_weighted_rubric_v1,deterministic_expert_rubric=true; human_label=false; rank=8; page_type=content; raw_score=71.6; cap=100.0,0.739859,0.72884,0.7854,0.631579,100.0,,medium,crawl_indexability:1.000|canonical_consistency:1.000|text_sufficiency:1.000|media_and_internal_navigation:1.000,title_query_fit:0.392
натяжные потолки цена Екатеринбург,https://ekb.potolochnik24.ru/,77.4,seo_weighted_rubric_v4,d45_seo_weighted_rubric_v1,deterministic_expert_rubric=true; human_label=false; rank=9; page_type=homepage; raw_score=77.4; cap=100.0,0.734353,0.791538,0.8886,0.578947,100.0,,medium,crawl_indexability:1.000|canonical_consistency:1.000|text_sufficiency:1.000|media_and_internal_navigation:1.000,title_query_fit:0.393
натяжные потолки цена Екатеринбург,https://potolokmt.ru/,69.4,seo_weighted_rubric_v4,d45_seo_weighted_rubric_v1,deterministic_expert_rubric=true; human_label=false; rank=10; page_type=homepage; raw_score=69.4; cap=100.0,0.68433,0.690543,0.695,0.526316,100.0,,medium,canonical_consistency:1.000|text_sufficiency:1.000|media_and_internal_navigation:1.000|crawl_indexability:0.930,structured_support:0.000|page_structure:0.310|title_query_fit:0.363
натяжные потолки цена Новосибирск,https://sibirpotolki.ru/,75.6,seo_weighted_rubric_v4,d45_seo_weighted_rubric_v1,deterministic_expert_rubric=true; human_label=false; rank=1; page_type=homepage; raw_score=75.6; cap=100.0,0.749117,0.701309,0.6855,1.0,100.0,,medium,canonical_consistency:1.000|media_and_internal_navigation:1.000|crawl_indexability:0.930|offer_and_conversion:0.860,structured_support:0.000|page_structure:0.428
натяжные потолки цена Новосибирск,https://новосибирск.натяжные-потолки24.рф/,76.7,seo_weighted_rubric_v4,d45_seo_weighted_rubric_v1,deterministic_expert_rubric=true; human_label=false; rank=2; page_type=homepage; raw_score=76.7; cap=100.0,0.743784,0.744333,0.723,0.947368,100.0,,medium,crawl_indexability:1.000|canonical_consistency:1.000|text_sufficiency:1.000|media_and_internal_navigation:1.000,structured_support:0.000|title_query_fit:0.406|page_structure:0.447
натяжные потолки цена Новосибирск,https://mirpotolkov-54.ru/,76.9,seo_weighted_rubric_v4,d45_seo_weighted_rubric_v1,deterministic_expert_rubric=true; human_label=false; rank=3; page_type=homepage; raw_score=76.9; cap=100.0,0.722705,0.787058,0.758,0.894737,100.0,,medium,crawl_indexability:1.000|canonical_consistency:1.000|text_sufficiency:1.000|media_and_internal_navigation:1.000,structured_support:0.000|title_query_fit:0.437
натяжные потолки цена Новосибирск,https://alansa.ru/,82.9,seo_weighted_rubric_v4,d45_seo_weighted_rubric_v1,deterministic_expert_rubric=true; human_label=false; rank=4; page_type=homepage; raw_score=82.9; cap=100.0,0.800513,0.790071,0.9432,0.842105,100.0,,medium,crawl_indexability:1.000|canonical_consistency:1.000|commercial_trust:1.000|text_sufficiency:1.000,page_structure:0.444
натяжные потолки цена Новосибирск,https://potolki-novosib.ru/ceny,61.7,seo_weighted_rubric_v4,d45_seo_weighted_rubric_v1,deterministic_expert_rubric=true; human_label=false; rank=5; page_type=content; raw_score=61.7; cap=100.0,0.590191,0.692503,0.653,0.789474,100.0,,low,text_sufficiency:1.000|media_and_internal_navigation:1.000|crawl_indexability:0.930|offer_and_conversion:0.860,structured_support:0.000|canonical_consistency:0.150|title_query_fit:0.357
натяжные потолки цена Новосибирск,https://averno.ru/,70.3,seo_weighted_rubric_v4,d45_seo_weighted_rubric_v1,deterministic_expert_rubric=true; human_label=false; rank=7; page_type=homepage; raw_score=70.3; cap=100.0,0.633247,0.750508,0.8004,0.684211,100.0,,medium,crawl_indexability:1.000|canonical_consistency:1.000|text_sufficiency:1.000|media_and_internal_navigation:1.000,page_structure:0.302|title_query_fit:0.379|semantic_query_fit:0.397
натяжные потолки цена Новосибирск,https://potolkisib.ru/,65.5,seo_weighted_rubric_v4,d45_seo_weighted_rubric_v1,deterministic_expert_rubric=true; human_label=false; rank=8; page_type=homepage; raw_score=65.5; cap=100.0,0.628483,0.684759,0.5755,0.631579,100.0,,medium,crawl_indexability:1.000|technical_metadata:0.947|media_and_internal_navigation:0.905|text_sufficiency:0.850,structured_support:0.000|canonical_consistency:0.150|page_structure:0.384|title_query_fit:0.402
натяжные потолки цена Новосибирск,https://novosibirsk-potolki.ru/,74.7,seo_weighted_rubric_v4,d45_seo_weighted_rubric_v1,deterministic_expert_rubric=true; human_label=false; rank=9; page_type=homepage; raw_score=74.7; cap=100.0,0.709028,0.774168,0.8049,0.578947,100.0,,medium,crawl_indexability:1.000|canonical_consistency:1.000|media_and_internal_navigation:1.000|technical_metadata:0.970,title_query_fit:0.387
натяжные потолки цена Новосибирск,https://nsk-dekor.ru/,65.2,seo_weighted_rubric_v4,d45_seo_weighted_rubric_v1,deterministic_expert_rubric=true; human_label=false; rank=10; page_type=homepage; raw_score=65.2; cap=78.0,0.595989,0.728227,0.6411,0.526316,78.0,critical_query_title_fit_weak,medium,crawl_indexability:1.000|technical_metadata:0.996|media_and_internal_navigation:0.988|offer_and_conversion:0.860,structured_support:0.000|canonical_consistency:0.150|title_query_fit:0.305
натяжные потолки цена Казань,https://kazan-potolki.ru/,78.2,seo_weighted_rubric_v4,d45_seo_weighted_rubric_v1,deterministic_expert_rubric=true; human_label=false; rank=1; page_type=homepage; raw_score=78.2; cap=100.0,0.690568,0.807279,0.9454,1.0,100.0,,medium,crawl_indexability:1.000|canonical_consistency:1.000|text_sufficiency:1.000|media_and_internal_navigation:1.000,title_query_fit:0.375
натяжные потолки цена Казань,https://моипотолки.рф/kazan,66.4,seo_weighted_rubric_v4,d45_seo_weighted_rubric_v1,deterministic_expert_rubric=true; human_label=false; rank=2; page_type=content; raw_score=66.4; cap=78.0,0.634031,0.734739,0.679283,0.947368,78.0,critical_query_title_fit_weak|important_canonical_points_elsewhere,medium,crawl_indexability:1.000|text_sufficiency:1.000|technical_metadata:0.973|offer_and_conversion:0.860,structured_support:0.187|canonical_consistency:0.250|title_query_fit:0.339|page_structure:0.403
натяжные потолки цена Казань,https://kazanpotolok.ru/,72.8,seo_weighted_rubric_v4,d45_seo_weighted_rubric_v1,deterministic_expert_rubric=true; human_label=false; rank=3; page_type=homepage; raw_score=72.8; cap=100.0,0.684451,0.767986,0.6155,0.894737,100.0,,medium,crawl_indexability:1.000|canonical_consistency:1.000|media_and_internal_navigation:1.000|technical_metadata:0.975,structured_support:0.000|title_query_fit:0.356
натяжные потолки цена Казань,https://potolki-real.ru/,75.0,seo_weighted_rubric_v4,d45_seo_weighted_rubric_v1,deterministic_expert_rubric=true; human_label=false; rank=4; page_type=homepage; raw_score=75.0; cap=100.0,0.696447,0.780131,0.758,0.842105,100.0,,medium,crawl_indexability:1.000|canonical_consistency:1.000|text_sufficiency:1.000|media_and_internal_navigation:1.000,structured_support:0.000|title_query_fit:0.395|page_structure:0.410
натяжные потолки цена Казань,https://potolok-montazh.com/ru/kazan/prices,69.5,seo_weighted_rubric_v4,d45_seo_weighted_rubric_v1,deterministic_expert_rubric=true; human_label=false; rank=5; page_type=content; raw_score=69.5; cap=100.0,0.689919,0.745886,0.719867,0.789474,100.0,,medium,crawl_indexability:1.000|canonical_consistency:1.000|media_and_internal_navigation:1.000|technical_metadata:0.926,structured_support:0.312|page_structure:0.425
натяжные потолки цена Казань,https://profi.ru/geo-kzn/remont/potolki/montazh-natyazhnyh-potolkov/price/,67.0,seo_weighted_rubric_v4,d45_seo_weighted_rubric_v1,deterministic_expert_rubric=true; human_label=false; rank=6; page_type=content; raw_score=67.0; cap=78.0,0.628452,0.742795,0.84975,0.736842,78.0,critical_query_title_fit_weak,medium,crawl_indexability:1.000|canonical_consistency:1.000|offer_and_conversion:1.000|text_sufficiency:1.000,heading_query_fit:0.200|title_query_fit:0.275|page_structure:0.387
натяжные потолки цена Казань,https://www.potolki-servis.ru/,68.7,seo_weighted_rubric_v4,d45_seo_weighted_rubric_v1,deterministic_expert_rubric=true; human_label=false; rank=7; page_type=homepage; raw_score=68.7; cap=100.0,0.627136,0.724768,0.758,0.684211,100.0,,medium,text_sufficiency:1.000|media_and_internal_navigation:1.000|crawl_indexability:0.930|commercial_trust:0.904,structured_support:0.000|canonical_consistency:0.150|page_structure:0.417
натяжные потолки цена Казань,https://potolki-ts.ru/kazan,64.6,seo_weighted_rubric_v4,d45_seo_weighted_rubric_v1,deterministic_expert_rubric=true; human_label=false; rank=8; page_type=content; raw_score=64.6; cap=78.0,0.639764,0.710544,0.695,0.631579,78.0,critical_query_title_fit_weak,low,crawl_indexability:1.000|canonical_consistency:1.000|text_sufficiency:1.000|media_and_internal_navigation:1.000,structured_support:0.000|page_structure:0.285|title_query_fit:0.344|semantic_query_fit:0.422
натяжные потолки цена Казань,https://kazan.natpotolok.ru/,77.8,seo_weighted_rubric_v4,d45_seo_weighted_rubric_v1,deterministic_expert_rubric=true; human_label=false; rank=9; page_type=homepage; raw_score=77.8; cap=100.0,0.747313,0.818499,0.7731,0.578947,100.0,,medium,crawl_indexability:1.000|canonical_consistency:1.000|offer_and_conversion:1.000|media_and_internal_navigation:1.000,page_structure:0.527|title_query_fit:0.536|semantic_query_fit:0.576
натяжные потолки цена Казань,https://kazan.potolki-natyazhniye.ru/,71.1,seo_weighted_rubric_v4,d45_seo_weighted_rubric_v1,deterministic_expert_rubric=true; human_label=false; rank=10; page_type=homepage; raw_score=71.1; cap=78.0,0.674437,0.729334,0.799367,0.526316,78.0,critical_query_title_fit_weak,medium,crawl_indexability:1.000|canonical_consistency:1.000|text_sufficiency:1.000|media_and_internal_navigation:1.000,page_structure:0.255|structured_support:0.312|title_query_fit:0.346
натяжные потолки цена Краснодар,https://potolki-93.ru/ceny,61.6,seo_weighted_rubric_v4,d45_seo_weighted_rubric_v1,deterministic_expert_rubric=true; human_label=false; rank=1; page_type=content; raw_score=61.6; cap=78.0,0.574441,0.681142,0.653,1.0,78.0,critical_query_title_fit_weak,low,text_sufficiency:1.000|media_and_internal_navigation:1.000|crawl_indexability:0.930|offer_and_conversion:0.860,structured_support:0.000|canonical_consistency:0.150|title_query_fit:0.338|page_structure:0.402
натяжные потолки цена Краснодар,https://o-potolki.ru/krasnodar,70.5,seo_weighted_rubric_v4,d45_seo_weighted_rubric_v1,deterministic_expert_rubric=true; human_label=false; rank=2; page_type=content; raw_score=70.5; cap=100.0,0.751285,0.674578,0.618,0.947368,100.0,,medium,crawl_indexability:1.000|canonical_consistency:1.000|text_sufficiency:1.000|media_and_internal_navigation:1.000,structured_support:0.000|page_structure:0.405
натяжные потолки цена Краснодар,https://vipceiling.ru/krasnodar/price/,70.4,seo_weighted_rubric_v4,d45_seo_weighted_rubric_v1,deterministic_expert_rubric=true; human_label=false; rank=3; page_type=content; raw_score=70.4; cap=100.0,0.702366,0.716334,0.7854,0.894737,100.0,,medium,crawl_indexability:1.000|canonical_consistency:1.000|text_sufficiency:1.000|media_and_internal_navigation:1.000,title_query_fit:0.367|page_structure:0.396
натяжные потолки цена Краснодар,https://potolki-ts.ru/krasnodar,67.3,seo_weighted_rubric_v4,d45_seo_weighted_rubric_v1,deterministic_expert_rubric=true; human_label=false; rank=4; page_type=content; raw_score=67.3; cap=78.0,0.65897,0.731043,0.695,0.842105,78.0,critical_query_title_fit_weak,medium,crawl_indexability:1.000|canonical_consistency:1.000|text_sufficiency:1.000|media_and_internal_navigation:1.000,structured_support:0.000|page_structure:0.339|title_query_fit:0.350
натяжные потолки цена Краснодар,https://potolkito.ru/,75.7,seo_weighted_rubric_v4,d45_seo_weighted_rubric_v1,deterministic_expert_rubric=true; human_label=false; rank=5; page_type=homepage; raw_score=75.7; cap=100.0,0.714831,0.777715,0.758,0.789474,100.0,,medium,crawl_indexability:1.000|canonical_consistency:1.000|text_sufficiency:1.000|media_and_internal_navigation:1.000,structured_support:0.000|page_structure:0.320|title_query_fit:0.375
натяжные потолки цена Краснодар,http://potolki-kuban.ru/,62.9,seo_weighted_rubric_v4,d45_seo_weighted_rubric_v1,deterministic_expert_rubric=true; human_label=false; rank=6; page_type=homepage; raw_score=62.9; cap=78.0,0.553615,0.700676,0.6206,0.736842,78.0,critical_query_title_fit_weak,low,crawl_indexability:1.000|media_and_internal_navigation:0.990|offer_and_conversion:0.860|text_sufficiency:0.850,structured_support:0.000|canonical_consistency:0.150|title_query_fit:0.329|page_structure:0.419
натяжные потолки цена Краснодар,https://potolok2000001.ru/,70.2,seo_weighted_rubric_v4,d45_seo_weighted_rubric_v1,deterministic_expert_rubric=true; human_label=false; rank=7; page_type=homepage; raw_score=70.2; cap=78.0,0.626554,0.723445,0.9079,0.684211,78.0,critical_query_title_fit_weak,medium,crawl_indexability:1.000|canonical_consistency:1.000|media_and_internal_navigation:1.000|technical_metadata:0.960,title_query_fit:0.336|semantic_query_fit:0.437
натяжные потолки цена Краснодар,https://msdcorp.ru/,69.4,seo_weighted_rubric_v4,d45_seo_weighted_rubric_v1,deterministic_expert_rubric=true; human_label=false; rank=8; page_type=homepage; raw_score=69.4; cap=78.0,0.645898,0.720314,0.758,0.631579,78.0,critical_query_title_fit_weak,medium,canonical_consistency:1.000|text_sufficiency:1.000|media_and_internal_navigation:1.000|commercial_trust:0.936,structured_support:0.000|title_query_fit:0.235|mobile_render_performance:0.442
натяжные потолки цена Краснодар,https://potolok-kras.ru/,73.2,seo_weighted_rubric_v4,d45_seo_weighted_rubric_v1,deterministic_expert_rubric=true; human_label=false; rank=9; page_type=homepage; raw_score=73.2; cap=100.0,0.720144,0.757027,0.648,0.578947,100.0,,medium,canonical_consistency:1.000|media_and_internal_navigation:0.953|crawl_indexability:0.930|commercial_trust:0.904,structured_support:0.000
натяжные потолки цена Краснодар,https://potolok-ns.ru/,63.9,seo_weighted_rubric_v4,d45_seo_weighted_rubric_v1,deterministic_expert_rubric=true; human_label=false; rank=10; page_type=homepage; raw_score=63.9; cap=100.0,0.618672,0.677583,0.54345,0.526316,100.0,,low,canonical_consistency:1.000|text_sufficiency:1.000|crawl_indexability:0.930|offer_and_conversion:0.860,structured_support:0.000|page_structure:0.289|title_query_fit:0.355|secondary_commercial_details:0.400
натяжные потолки цена Самара,https://самара.натяжные-потолки24.рф/,78.6,seo_weighted_rubric_v4,d45_seo_weighted_rubric_v1,deterministic_expert_rubric=true; human_label=false; rank=1; page_type=homepage; raw_score=78.6; cap=100.0,0.767811,0.756059,0.723,1.0,100.0,,medium,crawl_indexability:1.000|canonical_consistency:1.000|text_sufficiency:1.000|media_and_internal_navigation:1.000,structured_support:0.000|title_query_fit:0.423
натяжные потолки цена Самара,https://potolkikiger.ru/samara,73.2,seo_weighted_rubric_v4,d45_seo_weighted_rubric_v1,deterministic_expert_rubric=true; human_label=false; rank=2; page_type=content; raw_score=73.2; cap=100.0,0.751479,0.745868,0.677383,0.947368,100.0,,medium,crawl_indexability:1.000|canonical_consistency:1.000|text_sufficiency:1.000|technical_metadata:0.973,structured_support:0.187|title_query_fit:0.357
натяжные потолки цена Самара,https://potolki-s.ru/ceny,65.6,seo_weighted_rubric_v4,d45_seo_weighted_rubric_v1,deterministic_expert_rubric=true; human_label=false; rank=3; page_type=content; raw_score=65.6; cap=100.0,0.655542,0.696642,0.6155,0.894737,100.0,,medium,media_and_internal_navigation:1.000|crawl_indexability:0.930|offer_and_conversion:0.860|text_sufficiency:0.850,structured_support:0.000|canonical_consistency:0.150
натяжные потолки цена Самара,https://smartpotolki.ru/,74.0,seo_weighted_rubric_v4,d45_seo_weighted_rubric_v1,deterministic_expert_rubric=true; human_label=false; rank=4; page_type=homepage; raw_score=74.0; cap=100.0,0.717342,0.740347,0.661383,0.842105,100.0,,medium,crawl_indexability:1.000|canonical_consistency:1.000|text_sufficiency:1.000|technical_metadata:0.890,structured_support:0.187|title_query_fit:0.384|page_structure:0.398
натяжные потолки цена Самара,https://potolki-63.ru/,77.8,seo_weighted_rubric_v4,d45_seo_weighted_rubric_v1,deterministic_expert_rubric=true; human_label=false; rank=5; page_type=homepage; raw_score=77.8; cap=100.0,0.74307,0.791756,0.777,0.789474,100.0,,medium,crawl_indexability:1.000|canonical_consistency:1.000|text_sufficiency:1.000|media_and_internal_navigation:1.000,title_query_fit:0.355|structured_support:0.410
натяжные потолки цена Самара,https://www.potolkoffsam.ru/,72.0,seo_weighted_rubric_v4,d45_seo_weighted_rubric_v1,deterministic_expert_rubric=true; human_label=false; rank=6; page_type=homepage; raw_score=72.0; cap=100.0,0.648724,0.760619,0.8268,0.736842,100.0,,medium,crawl_indexability:1.000|canonical_consistency:1.000|text_sufficiency:1.000|technical_metadata:0.951,heading_query_fit:0.285|title_query_fit:0.396
натяжные потолки цена Самара,https://potolkius.ru/,74.1,seo_weighted_rubric_v4,d45_seo_weighted_rubric_v1,deterministic_expert_rubric=true; human_label=false; rank=7; page_type=homepage; raw_score=74.1; cap=100.0,0.74737,0.750578,0.5517,0.684211,100.0,,medium,crawl_indexability:1.000|canonical_consistency:1.000|technical_metadata:0.987|media_and_internal_navigation:0.933,structured_support:0.000|page_structure:0.349
натяжные потолки цена Самара,https://potolki-samara.info/,72.7,seo_weighted_rubric_v4,d45_seo_weighted_rubric_v1,deterministic_expert_rubric=true; human_label=false; rank=8; page_type=homepage; raw_score=72.7; cap=100.0,0.723213,0.690013,0.7523,0.631579,100.0,,medium,canonical_consistency:1.000|text_sufficiency:1.000|media_and_internal_navigation:0.972|crawl_indexability:0.930,structured_support:0.000|title_query_fit:0.389|mobile_render_performance:0.447
натяжные потолки цена Самара,https://potolkiorion-samara.ru/,67.8,seo_weighted_rubric_v4,d45_seo_weighted_rubric_v1,deterministic_expert_rubric=true; human_label=false; rank=9; page_type=homepage; raw_score=67.8; cap=100.0,0.632763,0.709962,0.7257,0.578947,100.0,,medium,canonical_consistency:1.000|text_sufficiency:1.000|crawl_indexability:0.930|secondary_commercial_details:0.880,structured_support:0.000|title_query_fit:0.371|mobile_render_performance:0.447
натяжные потолки цена Самара,https://potolki-sam.ru/ceny.html,62.2,seo_weighted_rubric_v4,d45_seo_weighted_rubric_v1,deterministic_expert_rubric=true; human_label=false; rank=10; page_type=content; raw_score=62.2; cap=78.0,0.669992,0.629509,0.5805,0.526316,78.0,critical_query_title_fit_weak,low,canonical_consistency:1.000|media_and_internal_navigation:1.000|crawl_indexability:0.930|offer_and_conversion:0.860,structured_support:0.000|title_query_fit:0.264|page_structure:0.351
натяжные потолки цена Нижний Новгород,https://nn-decor.ru/,75.0,seo_weighted_rubric_v4,d45_seo_weighted_rubric_v1,deterministic_expert_rubric=true; human_label=false; rank=1; page_type=homepage; raw_score=75.0; cap=78.0,0.676446,0.766439,0.827283,1.0,78.0,critical_query_title_fit_weak,medium,crawl_indexability:1.000|canonical_consistency:1.000|text_sufficiency:1.000|media_and_internal_navigation:1.000,title_query_fit:0.344|structured_support:0.346
натяжные потолки цена Нижний Новгород,https://нижний.натяжные-потолки24.рф/,74.2,seo_weighted_rubric_v4,d45_seo_weighted_rubric_v1,deterministic_expert_rubric=true; human_label=false; rank=2; page_type=homepage; raw_score=74.2; cap=100.0,0.701209,0.737317,0.723,0.947368,100.0,,medium,crawl_indexability:1.000|canonical_consistency:1.000|text_sufficiency:1.000|media_and_internal_navigation:1.000,structured_support:0.000|title_query_fit:0.353|page_structure:0.410
натяжные потолки цена Нижний Новгород,https://nnpotolok.ru/,77.4,seo_weighted_rubric_v4,d45_seo_weighted_rubric_v1,deterministic_expert_rubric=true; human_label=false; rank=3; page_type=homepage; raw_score=77.4; cap=78.0,0.681015,0.815595,0.9454,0.894737,78.0,critical_query_title_fit_weak,medium,crawl_indexability:1.000|canonical_consistency:1.000|text_sufficiency:1.000|media_and_internal_navigation:1.000,title_query_fit:0.333
натяжные потолки цена Нижний Новгород,https://potolki-d.ru/,66.9,seo_weighted_rubric_v4,d45_seo_weighted_rubric_v1,deterministic_expert_rubric=true; human_label=false; rank=4; page_type=homepage; raw_score=66.9; cap=100.0,0.606965,0.672711,0.765,0.842105,100.0,,medium,text_sufficiency:1.000|media_and_internal_navigation:1.000|crawl_indexability:0.920|secondary_commercial_details:0.900,structured_support:0.000|canonical_consistency:0.150|page_structure:0.369|title_query_fit:0.416
натяжные потолки цена Нижний Новгород,https://potolki-nng.ru/,58.6,seo_weighted_rubric_v4,d45_seo_weighted_rubric_v1,deterministic_expert_rubric=true; human_label=false; rank=5; page_type=homepage; raw_score=58.6; cap=78.0,0.489903,0.668085,0.618,0.789474,78.0,critical_query_title_fit_weak,low,text_sufficiency:1.000|media_and_internal_navigation:1.000|crawl_indexability:0.930|offer_and_conversion:0.860,structured_support:0.000|canonical_consistency:0.150|page_structure:0.290|title_query_fit:0.324
натяжные потолки цена Нижний Новгород,https://bh-nn.ru/,71.6,seo_weighted_rubric_v4,d45_seo_weighted_rubric_v1,deterministic_expert_rubric=true; human_label=false; rank=6; page_type=homepage; raw_score=71.6; cap=78.0,0.684213,0.735807,0.6709,0.736842,78.0,critical_query_title_fit_weak,medium,crawl_indexability:1.000|canonical_consistency:1.000|media_and_internal_navigation:0.962|technical_metadata:0.921,structured_support:0.000|title_query_fit:0.342|page_structure:0.387
натяжные потолки цена Нижний Новгород,https://atlantispotolki.ru/,69.3,seo_weighted_rubric_v4,d45_seo_weighted_rubric_v1,deterministic_expert_rubric=true; human_label=false; rank=7; page_type=homepage; raw_score=69.3; cap=78.0,0.617382,0.737425,0.8301,0.684211,78.0,critical_query_title_fit_weak,medium,crawl_indexability:1.000|canonical_consistency:1.000|media_and_internal_navigation:1.000|commercial_trust:0.936,page_structure:0.279|title_query_fit:0.320|semantic_query_fit:0.431
натяжные потолки цена Нижний Новгород,https://www.avito.ru/nizhniy_novgorod/predlozheniya_uslug/remont_i_otdelka/potolki-ASgBAgICAkSYC8CfAcQVzvr9Ag?q=натяжные+потолки,24.2,seo_weighted_rubric_v4,d45_seo_weighted_rubric_v1,deterministic_expert_rubric=true; human_label=false; rank=8; page_type=content; raw_score=24.2; cap=35.0,0.134738,0.464067,0.16785,0.631579,35.0,critical_http_status_not_ok|critical_intent_alignment_weak|critical_page_not_indexable|critical_query_title_fit_weak|critical_semantic_query_fit_weak|supporting_text_insufficient,blocked,mobile_render_performance:0.631|technical_metadata:0.580|offer_and_conversion:0.500,heading_query_fit:0.000|structured_support:0.000|media_and_internal_navigation:0.017|semantic_query_fit:0.037
натяжные потолки цена Нижний Новгород,https://vipceiling.ru/nn/price/,67.6,seo_weighted_rubric_v4,d45_seo_weighted_rubric_v1,deterministic_expert_rubric=true; human_label=false; rank=9; page_type=content; raw_score=67.6; cap=78.0,0.678046,0.719393,0.7854,0.578947,78.0,critical_query_title_fit_weak,medium,crawl_indexability:1.000|canonical_consistency:1.000|text_sufficiency:1.000|media_and_internal_navigation:1.000,title_query_fit:0.345|page_structure:0.405
натяжные потолки цена Нижний Новгород,https://novpotoloknn.ru/,65.1,seo_weighted_rubric_v4,d45_seo_weighted_rubric_v1,deterministic_expert_rubric=true; human_label=false; rank=10; page_type=homepage; raw_score=65.1; cap=78.0,0.589613,0.731438,0.656767,0.526316,78.0,critical_query_title_fit_weak,medium,crawl_indexability:1.000|canonical_consistency:1.000|media_and_internal_navigation:1.000|commercial_trust:0.936,heading_query_fit:0.200|page_structure:0.231|structured_support:0.284|title_query_fit:0.331
как выбрать натяжные потолки,https://markakachestva.ru/article/1180-kakoy-natyazhnoy-potolok-vybrat.html,73.3,seo_weighted_rubric_v4,d45_seo_weighted_rubric_v1,deterministic_expert_rubric=true; human_label=false; rank=1; page_type=article; raw_score=73.3; cap=78.0,0.682698,0.707662,0.652367,1.0,78.0,critical_query_title_fit_weak,medium,crawl_indexability:1.000|canonical_consistency:1.000|text_sufficiency:1.000|media_and_internal_navigation:1.000,title_query_fit:0.306|structured_support:0.312|secondary_commercial_details:0.400
как выбрать натяжные потолки,https://geometrium-school.ru/blog/kakie-byvayut-natyazhnye-potolki-tipy-materialy-rekomendaczii-po-vyboru/,77.3,seo_weighted_rubric_v4,d45_seo_weighted_rubric_v1,deterministic_expert_rubric=true; human_label=false; rank=5; page_type=article; raw_score=77.3; cap=100.0,0.705363,0.760645,0.87705,0.789474,100.0,,medium,crawl_indexability:1.000|canonical_consistency:1.000|text_sufficiency:1.000|media_and_internal_navigation:1.000,page_structure:0.338
как выбрать натяжные потолки,https://pikabu.ru/story/kakie_natyazhnyie_potolki_vyibrat_v_kvartiru_v_2026_godu_matovyie_glyantsevyie_ili_satinovyie_13921758,67.9,seo_weighted_rubric_v4,d45_seo_weighted_rubric_v1,deterministic_expert_rubric=true; human_label=false; rank=9; page_type=content; raw_score=67.9; cap=100.0,0.633974,0.69162,0.74145,0.578947,100.0,,medium,crawl_indexability:1.000|canonical_consistency:1.000|text_sufficiency:1.000|media_and_internal_navigation:0.952,page_structure:0.367|intent_alignment:0.403|title_query_fit:0.429
натяжные потолки отзывы,https://irecommend.ru/content/natyazhnoi-potolok,69.6,seo_weighted_rubric_v4,d45_seo_weighted_rubric_v1,deterministic_expert_rubric=true; human_label=false; rank=1; page_type=content; raw_score=69.6; cap=78.0,0.59993,0.730418,0.765,1.0,78.0,critical_query_title_fit_weak,medium,crawl_indexability:1.000|canonical_consistency:1.000|text_sufficiency:1.000|media_and_internal_navigation:1.000,structured_support:0.000|title_query_fit:0.274|heading_query_fit:0.375|page_structure:0.409
натяжные потолки отзывы,https://vipceiling.ru/moscow/reviews/,60.8,seo_weighted_rubric_v4,d45_seo_weighted_rubric_v1,deterministic_expert_rubric=true; human_label=false; rank=2; page_type=content; raw_score=60.8; cap=78.0,0.52458,0.621203,0.652983,0.947368,78.0,critical_query_title_fit_weak,low,crawl_indexability:1.000|canonical_consistency:1.000|media_and_internal_navigation:1.000|technical_metadata:0.914,structured_support:0.187|heading_query_fit:0.200|title_query_fit:0.209|page_structure:0.250
натяжные потолки отзывы,https://vyboroved.ru/reyting/2047-luchshie-natyazhnye-potolki.html,60.8,seo_weighted_rubric_v4,d45_seo_weighted_rubric_v1,deterministic_expert_rubric=true; human_label=false; rank=3; page_type=content; raw_score=60.8; cap=70.0,0.496399,0.679275,0.661083,0.894737,70.0,critical_intent_alignment_weak|critical_query_title_fit_weak,low,canonical_consistency:1.000|text_sufficiency:1.000|crawl_indexability:0.930|media_and_internal_navigation:0.916,structured_support:0.124|title_query_fit:0.195|semantic_query_fit:0.277|intent_alignment:0.285
натяжные потолки отзывы,https://mixline-shop.ru/blog/natyazhnye-potolki-plyusy-i-minusy,71.2,seo_weighted_rubric_v4,d45_seo_weighted_rubric_v1,deterministic_expert_rubric=true; human_label=false; rank=4; page_type=article; raw_score=71.2; cap=100.0,0.686535,0.664602,0.632,0.842105,100.0,,medium,crawl_indexability:1.000|canonical_consistency:1.000|text_sufficiency:1.000|media_and_internal_navigation:1.000,structured_support:0.000|page_structure:0.356|title_query_fit:0.435
натяжные потолки отзывы,https://tehnos24.ru/otzyvy/,61.4,seo_weighted_rubric_v4,d45_seo_weighted_rubric_v1,deterministic_expert_rubric=true; human_label=false; rank=5; page_type=content; raw_score=61.4; cap=78.0,0.498604,0.705207,0.6912,0.789474,78.0,critical_query_title_fit_weak,low,crawl_indexability:1.000|text_sufficiency:1.000|media_and_internal_navigation:0.981|technical_metadata:0.941,structured_support:0.000|canonical_consistency:0.150|page_structure:0.295|title_query_fit:0.297
натяжные потолки отзывы,https://dzen.ru/a/ZCMvlrAxjCnYTjHZ,45.0,seo_weighted_rubric_v4,d45_seo_weighted_rubric_v1,deterministic_expert_rubric=true; human_label=false; rank=6; page_type=content; raw_score=56.8; cap=45.0,0.520843,0.59853,0.451,0.736842,45.0,critical_page_not_indexable,low,canonical_consistency:1.000,structured_support:0.000|media_and_internal_navigation:0.255|mobile_render_performance:0.309|intent_alignment:0.377
натяжные потолки отзывы,https://psmith.ru/about/potolki-reviews,69.6,seo_weighted_rubric_v4,d45_seo_weighted_rubric_v1,deterministic_expert_rubric=true; human_label=false; rank=7; page_type=content; raw_score=69.6; cap=78.0,0.619967,0.770085,0.695,0.684211,78.0,critical_query_title_fit_weak,medium,crawl_indexability:1.000|canonical_consistency:1.000|text_sufficiency:1.000|media_and_internal_navigation:1.000,structured_support:0.000|title_query_fit:0.261|page_structure:0.311|intent_alignment:0.423
натяжные потолки отзывы,https://kaskadagenstvo.ru/natyazhnye-potolki-otzyvy-nedostatki-problemy/,72.9,seo_weighted_rubric_v4,d45_seo_weighted_rubric_v1,deterministic_expert_rubric=true; human_label=false; rank=8; page_type=content; raw_score=72.9; cap=100.0,0.734248,0.672023,0.7182,0.631579,100.0,,medium,crawl_indexability:1.000|canonical_consistency:1.000|text_sufficiency:1.000|media_and_internal_navigation:1.000,page_structure:0.286|intent_alignment:0.407|structured_support:0.431
натяжные потолки отзывы,https://onello.ru/natyazhnye-potolki-dostoinstva-i-nedostatki-otzyvy/,69.7,seo_weighted_rubric_v4,d45_seo_weighted_rubric_v1,deterministic_expert_rubric=true; human_label=false; rank=9; page_type=content; raw_score=69.7; cap=100.0,0.680518,0.65378,0.7812,0.578947,100.0,,medium,crawl_indexability:1.000|canonical_consistency:1.000|text_sufficiency:1.000|media_and_internal_navigation:1.000,page_structure:0.290|intent_alignment:0.412|structured_support:0.431
натяжные потолки отзывы,https://nwlife.ru/o-kompanii/article/plyusyi-i-minusyi-natyazhnyix-potolkov/,68.1,seo_weighted_rubric_v4,d45_seo_weighted_rubric_v1,deterministic_expert_rubric=true; human_label=false; rank=10; page_type=article; raw_score=68.1; cap=78.0,0.608001,0.726979,0.7256,0.526316,78.0,critical_query_title_fit_weak,medium,crawl_indexability:1.000|canonical_consistency:1.000|text_sufficiency:1.000|commercial_trust:0.968,structured_support:0.000|title_query_fit:0.180|page_structure:0.416
пластиковые окна Москва,https://www.fabrikaokon.ru/,84.0,seo_weighted_rubric_v4,d45_seo_weighted_rubric_v1,deterministic_expert_rubric=true; human_label=false; rank=1; page_type=homepage; raw_score=84.0; cap=100.0,0.788139,0.846757,0.87795,1.0,100.0,,medium,crawl_indexability:1.000|canonical_consistency:1.000|commercial_trust:1.000|offer_and_conversion:1.000,title_query_fit:0.462|page_structure:0.536|mobile_render_performance:0.588
пластиковые окна Москва,https://www.mosokna.ru/,78.8,seo_weighted_rubric_v4,d45_seo_weighted_rubric_v1,deterministic_expert_rubric=true; human_label=false; rank=2; page_type=homepage; raw_score=78.8; cap=100.0,0.766462,0.745654,0.8,0.947368,100.0,,medium,crawl_indexability:1.000|canonical_consistency:1.000|text_sufficiency:1.000|media_and_internal_navigation:1.000,structured_support:0.000
пластиковые окна Москва,https://www.okno-moskva.ru/,83.9,seo_weighted_rubric_v4,d45_seo_weighted_rubric_v1,deterministic_expert_rubric=true; human_label=false; rank=3; page_type=homepage; raw_score=83.9; cap=100.0,0.805418,0.823295,0.8946,0.894737,100.0,,medium,crawl_indexability:1.000|canonical_consistency:1.000|commercial_trust:1.000|offer_and_conversion:1.000,title_query_fit:0.469|structured_support:0.473|mobile_render_performance:0.532
пластиковые окна Москва,https://rusokna.ru/,82.8,seo_weighted_rubric_v4,d45_seo_weighted_rubric_v1,deterministic_expert_rubric=true; human_label=false; rank=4; page_type=homepage; raw_score=82.8; cap=100.0,0.803181,0.810438,0.856767,0.842105,100.0,,medium,crawl_indexability:1.000|canonical_consistency:1.000|text_sufficiency:1.000|media_and_internal_navigation:1.000,structured_support:0.284
пластиковые окна Москва,https://mosplastokna.ru/,72.8,seo_weighted_rubric_v4,d45_seo_weighted_rubric_v1,deterministic_expert_rubric=true; human_label=false; rank=5; page_type=homepage; raw_score=72.8; cap=100.0,0.701647,0.787157,0.51905,0.789474,100.0,,medium,crawl_indexability:1.000|technical_metadata:0.990|semantic_query_fit:0.874|offer_and_conversion:0.860,structured_support:0.000|canonical_consistency:0.150
пластиковые окна Москва,https://oknober.ru/,27.0,seo_weighted_rubric_v4,d45_seo_weighted_rubric_v1,deterministic_expert_rubric=true; human_label=false; rank=6; page_type=homepage; raw_score=27.0; cap=45.0,0.137407,0.452017,0.07295,0.736842,45.0,critical_intent_alignment_weak|critical_page_not_indexable|critical_query_title_fit_weak|critical_semantic_query_fit_weak|critical_title_missing|important_extremely_thin_content,blocked,commercial_trust:0.720|mobile_render_performance:0.577|technical_metadata:0.520,title_query_fit:0.000|heading_query_fit:0.000|offer_and_conversion:0.000|structured_support:0.000
пластиковые окна Москва,https://lemanapro.ru/catalogue/plastikovye-okna/,30.6,seo_weighted_rubric_v4,d45_seo_weighted_rubric_v1,deterministic_expert_rubric=true; human_label=false; rank=7; page_type=product; raw_score=30.6; cap=35.0,0.148665,0.524401,0.03095,0.684211,35.0,critical_http_status_not_ok|critical_intent_alignment_weak|critical_page_not_indexable|critical_query_title_fit_weak|critical_semantic_query_fit_weak|important_extremely_thin_content,blocked,commercial_trust:0.720|technical_metadata:0.640|mobile_render_performance:0.589,semantic_query_fit:0.000|secondary_commercial_details:0.000|structured_support:0.000|media_and_internal_navigation:0.005
пластиковые окна Москва,https://fokus-komforta.ru/,80.0,seo_weighted_rubric_v4,d45_seo_weighted_rubric_v1,deterministic_expert_rubric=true; human_label=false; rank=8; page_type=homepage; raw_score=80.0; cap=100.0,0.765861,0.807769,0.903,0.631579,100.0,,medium,crawl_indexability:1.000|canonical_consistency:1.000|commercial_trust:1.000|text_sufficiency:1.000,title_query_fit:0.447
пластиковые окна Москва,https://okno.ru/,74.3,seo_weighted_rubric_v4,d45_seo_weighted_rubric_v1,deterministic_expert_rubric=true; human_label=false; rank=9; page_type=homepage; raw_score=74.3; cap=100.0,0.670909,0.821888,0.837483,0.578947,100.0,,medium,crawl_indexability:1.000|commercial_trust:1.000|offer_and_conversion:1.000|text_sufficiency:1.000,canonical_consistency:0.150|structured_support:0.187
пластиковые окна Москва,https://www.melke.ru/,73.8,seo_weighted_rubric_v4,d45_seo_weighted_rubric_v1,deterministic_expert_rubric=true; human_label=false; rank=10; page_type=homepage; raw_score=73.8; cap=100.0,0.647177,0.830591,0.9156,0.526316,100.0,,medium,crawl_indexability:1.000|commercial_trust:1.000|offer_and_conversion:1.000|text_sufficiency:1.000,canonical_consistency:0.150|title_query_fit:0.437
пластиковые окна Санкт-Петербург,https://zavod-plastikovih-okon.ru/,73.6,seo_weighted_rubric_v4,d45_seo_weighted_rubric_v1,deterministic_expert_rubric=true; human_label=false; rank=1; page_type=homepage; raw_score=73.6; cap=100.0,0.694679,0.727739,0.705,1.0,100.0,,medium,crawl_indexability:1.000|canonical_consistency:1.000|media_and_internal_navigation:1.000|secondary_commercial_details:1.000,structured_support:0.000|page_structure:0.278|title_query_fit:0.429|mobile_render_performance:0.439
пластиковые окна Санкт-Петербург,https://markakachestva.ru/amenities/2860-luchshie-firmy-plastikovyh-okon-spb.html,69.4,seo_weighted_rubric_v4,d45_seo_weighted_rubric_v1,deterministic_expert_rubric=true; human_label=false; rank=3; page_type=content; raw_score=69.4; cap=78.0,0.681511,0.729678,0.757367,0.894737,78.0,critical_query_title_fit_weak,medium,crawl_indexability:1.000|canonical_consistency:1.000|text_sufficiency:1.000|media_and_internal_navigation:1.000,title_query_fit:0.215|structured_support:0.312
пластиковые окна Санкт-Петербург,https://okna-spb.ru/,71.6,seo_weighted_rubric_v4,d45_seo_weighted_rubric_v1,deterministic_expert_rubric=true; human_label=false; rank=4; page_type=homepage; raw_score=71.6; cap=78.0,0.638965,0.738741,0.856767,0.842105,78.0,critical_query_title_fit_weak,medium,crawl_indexability:1.000|canonical_consistency:1.000|text_sufficiency:1.000|media_and_internal_navigation:1.000,structured_support:0.284|page_structure:0.287|title_query_fit:0.348
пластиковые окна Санкт-Петербург,https://okna-centre.ru/,79.5,seo_weighted_rubric_v4,d45_seo_weighted_rubric_v1,deterministic_expert_rubric=true; human_label=false; rank=5; page_type=homepage; raw_score=79.5; cap=100.0,0.802276,0.769272,0.681683,0.789474,100.0,,medium,crawl_indexability:1.000|canonical_consistency:1.000|text_sufficiency:1.000|technical_metadata:0.978,structured_support:0.103
пластиковые окна Санкт-Петербург,https://spb.okna-plastikovyye.ru/,75.2,seo_weighted_rubric_v4,d45_seo_weighted_rubric_v1,deterministic_expert_rubric=true; human_label=false; rank=6; page_type=homepage; raw_score=75.2; cap=100.0,0.691523,0.783356,0.8484,0.736842,100.0,,medium,crawl_indexability:1.000|canonical_consistency:1.000|offer_and_conversion:1.000|text_sufficiency:1.000,page_structure:0.316|title_query_fit:0.448
пластиковые окна Санкт-Петербург,https://spb.oknafactoria.ru/,26.6,seo_weighted_rubric_v4,d45_seo_weighted_rubric_v1,deterministic_expert_rubric=true; human_label=false; rank=7; page_type=homepage; raw_score=26.6; cap=45.0,0.134111,0.451731,0.07295,0.684211,45.0,critical_intent_alignment_weak|critical_page_not_indexable|critical_query_title_fit_weak|critical_semantic_query_fit_weak|critical_title_missing|important_extremely_thin_content,blocked,commercial_trust:0.720|mobile_render_performance:0.576|technical_metadata:0.520,title_query_fit:0.000|heading_query_fit:0.000|offer_and_conversion:0.000|structured_support:0.000
пластиковые окна Санкт-Петербург,https://zavod-okna-pvh.ru/,80.0,seo_weighted_rubric_v4,d45_seo_weighted_rubric_v1,deterministic_expert_rubric=true; human_label=false; rank=8; page_type=homepage; raw_score=80.0; cap=100.0,0.789746,0.796333,0.799367,0.631579,100.0,,medium,crawl_indexability:1.000|canonical_consistency:1.000|text_sufficiency:1.000|media_and_internal_navigation:1.000,structured_support:0.312
пластиковые окна Санкт-Петербург,https://okna.spb.ru/,76.3,seo_weighted_rubric_v4,d45_seo_weighted_rubric_v1,deterministic_expert_rubric=true; human_label=false; rank=9; page_type=homepage; raw_score=76.3; cap=100.0,0.755499,0.755188,0.774483,0.578947,100.0,,medium,crawl_indexability:1.000|canonical_consistency:1.000|text_sufficiency:1.000|media_and_internal_navigation:1.000,structured_support:0.187
пластиковые окна Санкт-Петербург,https://zavodokon-spb.ru/,57.9,seo_weighted_rubric_v4,d45_seo_weighted_rubric_v1,deterministic_expert_rubric=true; human_label=false; rank=10; page_type=homepage; raw_score=57.9; cap=78.0,0.527859,0.641405,0.5528,0.526316,78.0,critical_query_title_fit_weak,low,canonical_consistency:1.000|crawl_indexability:0.930|offer_and_conversion:0.860|text_sufficiency:0.850,structured_support:0.000|page_structure:0.239|title_query_fit:0.297|semantic_query_fit:0.321
пластиковые окна Екатеринбург,https://ekb.okna-olkon.ru/,76.4,seo_weighted_rubric_v4,d45_seo_weighted_rubric_v1,deterministic_expert_rubric=true; human_label=false; rank=1; page_type=homepage; raw_score=76.4; cap=100.0,0.778734,0.7247,0.52825,1.0,100.0,,medium,canonical_consistency:1.000|crawl_indexability:0.930|heading_query_fit:0.869|offer_and_conversion:0.860,structured_support:0.000
пластиковые окна Екатеринбург,https://plastikovye-okna-ekb.ru/,78.3,seo_weighted_rubric_v4,d45_seo_weighted_rubric_v1,deterministic_expert_rubric=true; human_label=false; rank=9; page_type=homepage; raw_score=78.3; cap=100.0,0.742056,0.796919,0.9169,0.578947,100.0,,medium,crawl_indexability:1.000|canonical_consistency:1.000|commercial_trust:1.000|text_sufficiency:1.000,page_structure:0.396|title_query_fit:0.434
пластиковые окна Новосибирск,https://oknazavr.ru/novosibirsk/plastikovye-okna/,69.8,seo_weighted_rubric_v4,d45_seo_weighted_rubric_v1,deterministic_expert_rubric=true; human_label=false; rank=1; page_type=content; raw_score=69.8; cap=100.0,0.660319,0.763555,0.755967,1.0,100.0,,medium,crawl_indexability:1.000|offer_and_conversion:1.000|text_sufficiency:1.000|media_and_internal_navigation:1.000,canonical_consistency:0.150|structured_support:0.375|title_query_fit:0.429
пластиковые окна Новосибирск,https://novosibirsk.okna-plastikovyye.ru/,75.8,seo_weighted_rubric_v4,d45_seo_weighted_rubric_v1,deterministic_expert_rubric=true; human_label=false; rank=2; page_type=homepage; raw_score=75.8; cap=78.0,0.662214,0.801183,0.9114,0.947368,78.0,critical_query_title_fit_weak,medium,crawl_indexability:1.000|canonical_consistency:1.000|commercial_trust:1.000|offer_and_conversion:1.000,title_query_fit:0.209|page_structure:0.373
пластиковые окна Новосибирск,https://mirokon-nsk.ru/,76.0,seo_weighted_rubric_v4,d45_seo_weighted_rubric_v1,deterministic_expert_rubric=true; human_label=false; rank=3; page_type=homepage; raw_score=76.0; cap=100.0,0.751615,0.739198,0.64765,0.894737,100.0,,medium,crawl_indexability:1.000|text_sufficiency:1.000|technical_metadata:0.997|media_and_internal_navigation:0.938,structured_support:0.000|canonical_consistency:0.150
пластиковые окна Новосибирск,https://bfk.ru/,66.6,seo_weighted_rubric_v4,d45_seo_weighted_rubric_v1,deterministic_expert_rubric=true; human_label=false; rank=4; page_type=homepage; raw_score=66.6; cap=78.0,0.580344,0.753885,0.6365,0.842105,78.0,critical_query_title_fit_weak,medium,crawl_indexability:1.000|media_and_internal_navigation:1.000|technical_metadata:0.974|commercial_trust:0.904,structured_support:0.000|canonical_consistency:0.150|title_query_fit:0.308|page_structure:0.361
пластиковые окна Новосибирск,https://novosibirsk.fabrikauyuta.ru/,78.2,seo_weighted_rubric_v4,d45_seo_weighted_rubric_v1,deterministic_expert_rubric=true; human_label=false; rank=5; page_type=homepage; raw_score=78.2; cap=100.0,0.744828,0.781781,0.837483,0.789474,100.0,,medium,canonical_consistency:1.000|commercial_trust:1.000|text_sufficiency:1.000|media_and_internal_navigation:1.000,structured_support:0.187|title_query_fit:0.437
пластиковые окна Новосибирск,https://plastikovye-okna-nsk.ru/,78.4,seo_weighted_rubric_v4,d45_seo_weighted_rubric_v1,deterministic_expert_rubric=true; human_label=false; rank=6; page_type=homepage; raw_score=78.4; cap=100.0,0.732169,0.796028,0.9093,0.736842,100.0,,medium,crawl_indexability:1.000|canonical_consistency:1.000|commercial_trust:1.000|text_sufficiency:1.000,page_structure:0.378|title_query_fit:0.429
пластиковые окна Новосибирск,https://oknasibirinsk.ru/,78.3,seo_weighted_rubric_v4,d45_seo_weighted_rubric_v1,deterministic_expert_rubric=true; human_label=false; rank=7; page_type=homepage; raw_score=78.3; cap=100.0,0.759934,0.768487,0.8494,0.684211,100.0,,medium,crawl_indexability:1.000|canonical_consistency:1.000|text_sufficiency:1.000|media_and_internal_navigation:1.000,title_query_fit:0.421
пластиковые окна Новосибирск,https://oknaveka.com/,75.2,seo_weighted_rubric_v4,d45_seo_weighted_rubric_v1,deterministic_expert_rubric=true; human_label=false; rank=8; page_type=homepage; raw_score=75.2; cap=100.0,0.720929,0.768768,0.78575,0.631579,100.0,,medium,canonical_consistency:1.000|text_sufficiency:1.000|secondary_commercial_details:1.000|commercial_trust:0.968,structured_support:0.000|title_query_fit:0.445
пластиковые окна Новосибирск,https://orgzz.ru/novosibirsk/plastikovye_okna/district/centralnyy,70.8,seo_weighted_rubric_v4,d45_seo_weighted_rubric_v1,deterministic_expert_rubric=true; human_label=false; rank=9; page_type=content; raw_score=70.8; cap=100.0,0.805088,0.708735,0.438733,0.578947,100.0,,medium,crawl_indexability:1.000|canonical_consistency:1.000|technical_metadata:0.889|text_sufficiency:0.850,secondary_commercial_details:0.120|structured_support:0.346
пластиковые окна Новосибирск,https://oknasiber.ru/,63.5,seo_weighted_rubric_v4,d45_seo_weighted_rubric_v1,deterministic_expert_rubric=true; human_label=false; rank=10; page_type=homepage; raw_score=63.5; cap=100.0,0.587159,0.691479,0.6311,0.526316,100.0,,low,crawl_indexability:0.930|offer_and_conversion:0.860|text_sufficiency:0.850|secondary_commercial_details:0.820,structured_support:0.000|canonical_consistency:0.150|page_structure:0.396|title_query_fit:0.413
пластиковые окна Казань,https://plastikovye-okna-kazan.ru/,80.8,seo_weighted_rubric_v4,d45_seo_weighted_rubric_v1,deterministic_expert_rubric=true; human_label=false; rank=1; page_type=homepage; raw_score=80.8; cap=100.0,0.747669,0.798091,0.9223,1.0,100.0,,medium,crawl_indexability:1.000|canonical_consistency:1.000|commercial_trust:1.000|text_sufficiency:1.000,page_structure:0.397|title_query_fit:0.448
пластиковые окна Казань,https://vottakieokna.ru/,72.1,seo_weighted_rubric_v4,d45_seo_weighted_rubric_v1,deterministic_expert_rubric=true; human_label=false; rank=2; page_type=homepage; raw_score=72.1; cap=100.0,0.704849,0.7107,0.579,0.947368,100.0,,medium,canonical_consistency:1.000|media_and_internal_navigation:1.000|crawl_indexability:0.930|commercial_trust:0.904,structured_support:0.000|heading_query_fit:0.411
пластиковые окна Казань,https://oknaxxi-kazan.ru/,67.0,seo_weighted_rubric_v4,d45_seo_weighted_rubric_v1,deterministic_expert_rubric=true; human_label=false; rank=3; page_type=homepage; raw_score=67.0; cap=100.0,0.630665,0.688661,0.565,0.894737,100.0,,medium,crawl_indexability:1.000|media_and_internal_navigation:1.000|technical_metadata:0.982|title_query_fit:0.837,structured_support:0.000|canonical_consistency:0.150|heading_query_fit:0.294|page_structure:0.430
пластиковые окна Казань,https://kazan-ihlas.ru/,84.1,seo_weighted_rubric_v4,d45_seo_weighted_rubric_v1,deterministic_expert_rubric=true; human_label=false; rank=4; page_type=homepage; raw_score=84.1; cap=100.0,0.861818,0.788472,0.737,0.842105,100.0,,medium,crawl_indexability:1.000|canonical_consistency:1.000|text_sufficiency:1.000|media_and_internal_navigation:1.000,structured_support:0.000
пластиковые окна Казань,https://oknamoll.ru/,71.6,seo_weighted_rubric_v4,d45_seo_weighted_rubric_v1,deterministic_expert_rubric=true; human_label=false; rank=5; page_type=homepage; raw_score=71.6; cap=82.0,0.660589,0.753328,0.71835,0.789474,82.0,important_canonical_points_elsewhere,medium,text_sufficiency:1.000|commercial_trust:0.936|crawl_indexability:0.930|secondary_commercial_details:0.880,structured_support:0.000|canonical_consistency:0.250
пластиковые окна Казань,https://www.okna-rubin.ru/,78.8,seo_weighted_rubric_v4,d45_seo_weighted_rubric_v1,deterministic_expert_rubric=true; human_label=false; rank=6; page_type=homepage; raw_score=78.8; cap=100.0,0.78176,0.744699,0.8316,0.736842,100.0,,medium,crawl_indexability:1.000|canonical_consistency:1.000|text_sufficiency:1.000|media_and_internal_navigation:1.000,page_structure:0.390
пластиковые окна Казань,https://kazan.zavodplast-eco.ru/,76.8,seo_weighted_rubric_v4,d45_seo_weighted_rubric_v1,deterministic_expert_rubric=true; human_label=false; rank=7; page_type=homepage; raw_score=76.8; cap=100.0,0.725969,0.768251,0.8946,0.684211,100.0,,medium,crawl_indexability:1.000|canonical_consistency:1.000|text_sufficiency:1.000|media_and_internal_navigation:1.000,page_structure:0.399|title_query_fit:0.447
пластиковые окна Казань,https://oknamall.ru/,60.7,seo_weighted_rubric_v4,d45_seo_weighted_rubric_v1,deterministic_expert_rubric=true; human_label=false; rank=8; page_type=homepage; raw_score=60.7; cap=82.0,0.555527,0.639314,0.6325,0.631579,82.0,important_canonical_points_elsewhere,low,text_sufficiency:1.000|crawl_indexability:0.930|media_and_internal_navigation:0.792,heading_query_fit:0.000|structured_support:0.000|canonical_consistency:0.250|page_structure:0.430
пластиковые окна Казань,https://oknakazan.com/,60.9,seo_weighted_rubric_v4,d45_seo_weighted_rubric_v1,deterministic_expert_rubric=true; human_label=false; rank=9; page_type=homepage; raw_score=60.9; cap=100.0,0.559449,0.646305,0.6378,0.578947,100.0,,low,canonical_consistency:1.000|text_sufficiency:1.000|crawl_indexability:0.930|media_and_internal_navigation:0.924,structured_support:0.000|heading_query_fit:0.200|page_structure:0.242|title_query_fit:0.395
пластиковые окна Казань,https://kazanskiye-okna.ru/,59.6,seo_weighted_rubric_v4,d45_seo_weighted_rubric_v1,deterministic_expert_rubric=true; human_label=false; rank=10; page_type=homepage; raw_score=59.6; cap=100.0,0.570749,0.634906,0.5057,0.526316,100.0,,low,canonical_consistency:1.000|crawl_indexability:0.930|text_sufficiency:0.850|technical_metadata:0.799,heading_query_fit:0.000|structured_support:0.000|page_structure:0.295|title_query_fit:0.383
пластиковые окна Краснодар,https://okna-zavod-krasnodar.ru/,77.3,seo_weighted_rubric_v4,d45_seo_weighted_rubric_v1,deterministic_expert_rubric=true; human_label=false; rank=1; page_type=homepage; raw_score=77.3; cap=100.0,0.761741,0.737516,0.67575,1.0,100.0,,medium,canonical_consistency:1.000|crawl_indexability:0.930|commercial_trust:0.904|media_and_internal_navigation:0.881,structured_support:0.000|page_structure:0.377
пластиковые окна Краснодар,https://markakachestva.ru/amenities/6129-luchshie-firmy-plastikovyh-okon-krasnodara-rejting.html,67.5,seo_weighted_rubric_v4,d45_seo_weighted_rubric_v1,deterministic_expert_rubric=true; human_label=false; rank=2; page_type=content; raw_score=67.5; cap=78.0,0.64006,0.733586,0.757367,0.947368,78.0,critical_query_title_fit_weak,medium,crawl_indexability:1.000|canonical_consistency:1.000|text_sufficiency:1.000|media_and_internal_navigation:1.000,title_query_fit:0.216|structured_support:0.312|page_structure:0.415
пластиковые окна Краснодар,https://krasnodar.vekaregion.ru/,73.9,seo_weighted_rubric_v4,d45_seo_weighted_rubric_v1,deterministic_expert_rubric=true; human_label=false; rank=3; page_type=homepage; raw_score=73.9; cap=100.0,0.705747,0.738828,0.695,0.894737,100.0,,medium,canonical_consistency:1.000|text_sufficiency:1.000|media_and_internal_navigation:1.000|commercial_trust:0.936,structured_support:0.000
пластиковые окна Краснодар,https://okna-pvh-krasnodar.ru/,75.5,seo_weighted_rubric_v4,d45_seo_weighted_rubric_v1,deterministic_expert_rubric=true; human_label=false; rank=4; page_type=homepage; raw_score=75.5; cap=100.0,0.691924,0.778043,0.8386,0.842105,100.0,,medium,crawl_indexability:1.000|canonical_consistency:1.000|text_sufficiency:1.000|technical_metadata:0.991,title_query_fit:0.399|page_structure:0.449
пластиковые окна Краснодар,https://vekazavod.ru/,69.9,seo_weighted_rubric_v4,d45_seo_weighted_rubric_v1,deterministic_expert_rubric=true; human_label=false; rank=5; page_type=homepage; raw_score=69.9; cap=100.0,0.608636,0.765212,0.8,0.789474,100.0,,medium,crawl_indexability:1.000|text_sufficiency:1.000|media_and_internal_navigation:1.000|secondary_commercial_details:1.000,structured_support:0.000|canonical_consistency:0.150|heading_query_fit:0.406|title_query_fit:0.438
пластиковые окна Краснодар,https://krasnodar.delaem-okna.ru/,78.5,seo_weighted_rubric_v4,d45_seo_weighted_rubric_v1,deterministic_expert_rubric=true; human_label=false; rank=6; page_type=homepage; raw_score=78.5; cap=100.0,0.740169,0.79651,0.87045,0.736842,100.0,,medium,crawl_indexability:1.000|canonical_consistency:1.000|offer_and_conversion:1.000|text_sufficiency:1.000,structured_support:0.352|title_query_fit:0.429
пластиковые окна Краснодар,https://krasnodar.oknatrade.ru/catalog/plastikovye-okna/,69.3,seo_weighted_rubric_v4,d45_seo_weighted_rubric_v1,deterministic_expert_rubric=true; human_label=false; rank=7; page_type=product; raw_score=69.3; cap=100.0,0.602683,0.745846,0.737,0.684211,100.0,,medium,crawl_indexability:1.000|text_sufficiency:1.000|media_and_internal_navigation:1.000|commercial_trust:0.968,structured_support:0.000|canonical_consistency:0.150|page_structure:0.325|title_query_fit:0.435
пластиковые окна Краснодар,https://okna-193.ru/,67.4,seo_weighted_rubric_v4,d45_seo_weighted_rubric_v1,deterministic_expert_rubric=true; human_label=false; rank=8; page_type=homepage; raw_score=67.4; cap=100.0,0.617724,0.718736,0.723,0.631579,100.0,,medium,text_sufficiency:1.000|media_and_internal_navigation:1.000|crawl_indexability:0.930|offer_and_conversion:0.860,structured_support:0.000|canonical_consistency:0.150|title_query_fit:0.440
пластиковые окна Краснодар,https://1oknozavod.ru/,66.3,seo_weighted_rubric_v4,d45_seo_weighted_rubric_v1,deterministic_expert_rubric=true; human_label=false; rank=9; page_type=homepage; raw_score=66.3; cap=100.0,0.587044,0.753354,0.702,0.578947,100.0,,medium,crawl_indexability:1.000|text_sufficiency:1.000|media_and_internal_navigation:1.000|technical_metadata:0.997,structured_support:0.000|canonical_consistency:0.150|heading_query_fit:0.200|title_query_fit:0.432
пластиковые окна Краснодар,https://gornica-okna.ru/,70.6,seo_weighted_rubric_v4,d45_seo_weighted_rubric_v1,deterministic_expert_rubric=true; human_label=false; rank=10; page_type=homepage; raw_score=70.6; cap=100.0,0.686844,0.740326,0.653,0.526316,100.0,,medium,crawl_indexability:1.000|canonical_consistency:1.000|text_sufficiency:1.000|media_and_internal_navigation:1.000,structured_support:0.000|page_structure:0.329|title_query_fit:0.373
пластиковые окна Самара,https://okna-sok.ru/,83.1,seo_weighted_rubric_v4,d45_seo_weighted_rubric_v1,deterministic_expert_rubric=true; human_label=false; rank=1; page_type=homepage; raw_score=83.1; cap=100.0,0.823173,0.789424,0.765,1.0,100.0,,medium,crawl_indexability:1.000|canonical_consistency:1.000|text_sufficiency:1.000|media_and_internal_navigation:1.000,structured_support:0.000
пластиковые окна Самара,https://oknasravni.ru/samara,73.1,seo_weighted_rubric_v4,d45_seo_weighted_rubric_v1,deterministic_expert_rubric=true; human_label=false; rank=2; page_type=content; raw_score=73.1; cap=78.0,0.738913,0.789617,0.599,0.947368,78.0,critical_query_title_fit_weak,medium,crawl_indexability:1.000|canonical_consistency:1.000|text_sufficiency:1.000|technical_metadata:0.973,structured_support:0.000|title_query_fit:0.342
пластиковые окна Самара,https://oknazavr.ru/samara/plastikovye-okna/,72.0,seo_weighted_rubric_v4,d45_seo_weighted_rubric_v1,deterministic_expert_rubric=true; human_label=false; rank=3; page_type=content; raw_score=72.0; cap=100.0,0.694351,0.777338,0.797967,0.894737,100.0,,medium,crawl_indexability:1.000|offer_and_conversion:1.000|text_sufficiency:1.000|media_and_internal_navigation:1.000,canonical_consistency:0.150|structured_support:0.375|title_query_fit:0.449
пластиковые окна Самара,https://samara.okna-plastikovyye.ru/,74.5,seo_weighted_rubric_v4,d45_seo_weighted_rubric_v1,deterministic_expert_rubric=true; human_label=false; rank=4; page_type=homepage; raw_score=74.5; cap=78.0,0.663785,0.793829,0.8484,0.842105,78.0,critical_query_title_fit_weak,medium,crawl_indexability:1.000|canonical_consistency:1.000|offer_and_conversion:1.000|text_sufficiency:1.000,title_query_fit:0.198|page_structure:0.384
пластиковые окна Самара,https://azbukaokon63.ru/,73.8,seo_weighted_rubric_v4,d45_seo_weighted_rubric_v1,deterministic_expert_rubric=true; human_label=false; rank=5; page_type=homepage; raw_score=73.8; cap=100.0,0.671776,0.779503,0.8,0.789474,100.0,,medium,crawl_indexability:1.000|text_sufficiency:1.000|media_and_internal_navigation:1.000|secondary_commercial_details:1.000,structured_support:0.000|canonical_consistency:0.150
пластиковые окна Самара,https://samara.delaem-okna.ru/,80.7,seo_weighted_rubric_v4,d45_seo_weighted_rubric_v1,deterministic_expert_rubric=true; human_label=false; rank=6; page_type=homepage; raw_score=80.7; cap=100.0,0.773295,0.810525,0.87045,0.736842,100.0,,medium,crawl_indexability:1.000|canonical_consistency:1.000|offer_and_conversion:1.000|text_sufficiency:1.000,structured_support:0.352
пластиковые окна Самара,https://npik.ru/,79.1,seo_weighted_rubric_v4,d45_seo_weighted_rubric_v1,deterministic_expert_rubric=true; human_label=false; rank=7; page_type=homepage; raw_score=79.1; cap=100.0,0.774911,0.806553,0.737,0.684211,100.0,,medium,crawl_indexability:1.000|canonical_consistency:1.000|text_sufficiency:1.000|media_and_internal_navigation:1.000,structured_support:0.000
пластиковые окна Самара,https://mirokon-samara.ru/,68.3,seo_weighted_rubric_v4,d45_seo_weighted_rubric_v1,deterministic_expert_rubric=true; human_label=false; rank=8; page_type=homepage; raw_score=68.3; cap=100.0,0.643515,0.743226,0.5959,0.631579,100.0,,medium,crawl_indexability:1.000|technical_metadata:0.993|media_and_internal_navigation:0.867|offer_and_conversion:0.860,structured_support:0.000|canonical_consistency:0.150
пластиковые окна Самара,https://www.avito.ru/samara/remont_i_stroitelstvo/plastikovye_okna_8099668986,27.3,seo_weighted_rubric_v4,d45_seo_weighted_rubric_v1,deterministic_expert_rubric=true; human_label=false; rank=9; page_type=content; raw_score=27.3; cap=35.0,0.1491,0.55223,0.16785,0.578947,35.0,critical_http_status_not_ok|critical_intent_alignment_weak|critical_page_not_indexable|critical_query_title_fit_weak|critical_semantic_query_fit_weak|supporting_text_insufficient,blocked,commercial_trust:0.720|mobile_render_performance:0.631|technical_metadata:0.620,heading_query_fit:0.000|structured_support:0.000|media_and_internal_navigation:0.017|semantic_query_fit:0.043
пластиковые окна Самара,https://smr.okna-olkon.ru/,75.8,seo_weighted_rubric_v4,d45_seo_weighted_rubric_v1,deterministic_expert_rubric=true; human_label=false; rank=10; page_type=homepage; raw_score=75.8; cap=100.0,0.799706,0.731068,0.5729,0.526316,100.0,,medium,canonical_consistency:1.000|media_and_internal_navigation:0.962|crawl_indexability:0.930|heading_query_fit:0.888,structured_support:0.000
пластиковые окна Нижний Новгород,https://www.oknakompas.ru/,73.1,seo_weighted_rubric_v4,d45_seo_weighted_rubric_v1,deterministic_expert_rubric=true; human_label=false; rank=1; page_type=homepage; raw_score=73.1; cap=100.0,0.691674,0.716626,0.702,1.0,100.0,,medium,crawl_indexability:1.000|canonical_consistency:1.000|text_sufficiency:1.000|media_and_internal_navigation:1.000,structured_support:0.000|heading_query_fit:0.359|title_query_fit:0.365|page_structure:0.377
пластиковые окна Нижний Новгород,https://oknazavr.ru/nizhniy-novgorod/plastikovye-okna/,67.3,seo_weighted_rubric_v4,d45_seo_weighted_rubric_v1,deterministic_expert_rubric=true; human_label=false; rank=2; page_type=content; raw_score=67.3; cap=100.0,0.619087,0.764534,0.755967,0.947368,100.0,,medium,crawl_indexability:1.000|offer_and_conversion:1.000|text_sufficiency:1.000|media_and_internal_navigation:1.000,canonical_consistency:0.150|title_query_fit:0.359|structured_support:0.375
пластиковые окна Нижний Новгород,https://nn.okna-plastikovyye.ru/,73.7,seo_weighted_rubric_v4,d45_seo_weighted_rubric_v1,deterministic_expert_rubric=true; human_label=false; rank=3; page_type=homepage; raw_score=73.7; cap=100.0,0.653193,0.777978,0.8484,0.894737,100.0,,medium,crawl_indexability:1.000|canonical_consistency:1.000|offer_and_conversion:1.000|text_sufficiency:1.000,page_structure:0.282|title_query_fit:0.356
пластиковые окна Нижний Новгород,https://окна-саксэс.рф/,76.5,seo_weighted_rubric_v4,d45_seo_weighted_rubric_v1,deterministic_expert_rubric=true; human_label=false; rank=4; page_type=homepage; raw_score=76.5; cap=100.0,0.708737,0.759083,0.90065,0.842105,100.0,,medium,crawl_indexability:1.000|canonical_consistency:1.000|text_sufficiency:1.000|media_and_internal_navigation:1.000,page_structure:0.378|title_query_fit:0.383
пластиковые окна Нижний Новгород,https://akonta.ru/,79.5,seo_weighted_rubric_v4,d45_seo_weighted_rubric_v1,deterministic_expert_rubric=true; human_label=false; rank=5; page_type=homepage; raw_score=79.5; cap=100.0,0.731922,0.799327,0.9778,0.789474,100.0,,medium,canonical_consistency:1.000|commercial_trust:1.000|text_sufficiency:1.000|secondary_commercial_details:1.000,title_query_fit:0.368
пластиковые окна Нижний Новгород,https://profinn52.ru/,62.5,seo_weighted_rubric_v4,d45_seo_weighted_rubric_v1,deterministic_expert_rubric=true; human_label=false; rank=6; page_type=homepage; raw_score=62.5; cap=78.0,0.638788,0.633223,0.31745,0.736842,78.0,critical_query_title_fit_weak,low,canonical_consistency:1.000|crawl_indexability:0.850|text_sufficiency:0.850,structured_support:0.000|secondary_commercial_details:0.120|title_query_fit:0.195|media_and_internal_navigation:0.315
пластиковые окна Нижний Новгород,https://prizma-okna.ru/,68.4,seo_weighted_rubric_v4,d45_seo_weighted_rubric_v1,deterministic_expert_rubric=true; human_label=false; rank=7; page_type=homepage; raw_score=68.4; cap=100.0,0.623433,0.752747,0.6645,0.684211,100.0,,medium,crawl_indexability:1.000|media_and_internal_navigation:1.000|technical_metadata:0.964|commercial_trust:0.871,structured_support:0.000|canonical_consistency:0.150|heading_query_fit:0.200|page_structure:0.393
пластиковые окна Нижний Новгород,https://okna-navsegda.ru/,73.9,seo_weighted_rubric_v4,d45_seo_weighted_rubric_v1,deterministic_expert_rubric=true; human_label=false; rank=8; page_type=homepage; raw_score=73.9; cap=100.0,0.723063,0.751832,0.696383,0.631579,100.0,,medium,crawl_indexability:1.000|canonical_consistency:1.000|media_and_internal_navigation:1.000|technical_metadata:0.991,structured_support:0.159|title_query_fit:0.401
пластиковые окна Нижний Новгород,https://schtandart-nn.ru/,69.8,seo_weighted_rubric_v4,d45_seo_weighted_rubric_v1,deterministic_expert_rubric=true; human_label=false; rank=9; page_type=homepage; raw_score=69.8; cap=78.0,0.688198,0.707301,0.632,0.578947,78.0,critical_query_title_fit_weak,medium,canonical_consistency:1.000|text_sufficiency:1.000|media_and_internal_navigation:1.000|crawl_indexability:0.930,structured_support:0.000|title_query_fit:0.334
пластиковые окна Нижний Новгород,https://nn.zavod-okna-pvh.ru/,75.3,seo_weighted_rubric_v4,d45_seo_weighted_rubric_v1,deterministic_expert_rubric=true; human_label=false; rank=10; page_type=homepage; raw_score=75.3; cap=78.0,0.719965,0.786989,0.799367,0.526316,78.0,critical_query_title_fit_weak,medium,crawl_indexability:1.000|canonical_consistency:1.000|text_sufficiency:1.000|media_and_internal_navigation:1.000,structured_support:0.312|title_query_fit:0.343|page_structure:0.427
пластиковые окна цена Москва,https://oknafoster.ru/plastikovye-okna-ceny/,82.1,seo_weighted_rubric_v4,d45_seo_weighted_rubric_v1,deterministic_expert_rubric=true; human_label=false; rank=1; page_type=content; raw_score=82.1; cap=100.0,0.830964,0.827702,0.8596,1.0,100.0,,medium,crawl_indexability:1.000|canonical_consistency:1.000|text_sufficiency:1.000|media_and_internal_navigation:1.000,title_query_fit:0.437
пластиковые окна цена Москва,https://lemanapro.ru/catalogue/plastikovye-okna/,27.2,seo_weighted_rubric_v4,d45_seo_weighted_rubric_v1,deterministic_expert_rubric=true; human_label=false; rank=2; page_type=product; raw_score=27.2; cap=35.0,0.143476,0.374925,0.03095,0.947368,35.0,critical_http_status_not_ok|critical_intent_alignment_weak|critical_page_not_indexable|critical_query_title_fit_weak|critical_semantic_query_fit_weak|important_commercial_trust_weak|important_extremely_thin_content,blocked,technical_metadata:0.640|mobile_render_performance:0.589|page_structure:0.380,semantic_query_fit:0.000|secondary_commercial_details:0.000|structured_support:0.000|media_and_internal_navigation:0.005
пластиковые окна цена Москва,https://www.veka.ru/calc,60.2,seo_weighted_rubric_v4,d45_seo_weighted_rubric_v1,deterministic_expert_rubric=true; human_label=false; rank=3; page_type=content; raw_score=60.2; cap=78.0,0.604881,0.642562,0.5228,0.894737,78.0,critical_query_title_fit_weak,low,crawl_indexability:1.000|canonical_consistency:1.000|technical_metadata:0.961|text_sufficiency:0.850,structured_support:0.000|title_query_fit:0.176|heading_query_fit:0.200|page_structure:0.329
пластиковые окна цена Москва,https://o-kno.ru/,78.0,seo_weighted_rubric_v4,d45_seo_weighted_rubric_v1,deterministic_expert_rubric=true; human_label=false; rank=4; page_type=homepage; raw_score=81.5; cap=78.0,0.811901,0.773782,0.7896,0.842105,78.0,critical_query_title_fit_weak,medium,crawl_indexability:1.000|canonical_consistency:1.000|text_sufficiency:1.000|media_and_internal_navigation:1.000,title_query_fit:0.342
пластиковые окна цена Москва,https://www.fabrikaokon.ru/price-b.html,80.9,seo_weighted_rubric_v4,d45_seo_weighted_rubric_v1,deterministic_expert_rubric=true; human_label=false; rank=5; page_type=content; raw_score=80.9; cap=100.0,0.822306,0.828222,0.88745,0.789474,100.0,,medium,crawl_indexability:1.000|canonical_consistency:1.000|commercial_trust:1.000|offer_and_conversion:1.000,title_query_fit:0.412
пластиковые окна цена Москва,https://mosplastokna.ru/,72.5,seo_weighted_rubric_v4,d45_seo_weighted_rubric_v1,deterministic_expert_rubric=true; human_label=false; rank=6; page_type=homepage; raw_score=72.5; cap=100.0,0.697213,0.792481,0.51905,0.736842,100.0,,medium,crawl_indexability:1.000|technical_metadata:0.990|semantic_query_fit:0.900|offer_and_conversion:0.860,structured_support:0.000|canonical_consistency:0.150|title_query_fit:0.398
пластиковые окна цена Москва,https://www.mosokna.ru/,77.3,seo_weighted_rubric_v4,d45_seo_weighted_rubric_v1,deterministic_expert_rubric=true; human_label=false; rank=7; page_type=homepage; raw_score=77.3; cap=100.0,0.763802,0.74709,0.8,0.684211,100.0,,medium,crawl_indexability:1.000|canonical_consistency:1.000|text_sufficiency:1.000|media_and_internal_navigation:1.000,structured_support:0.000|title_query_fit:0.419
пластиковые окна цена Москва,https://www.oknaprosvet.ru/,74.7,seo_weighted_rubric_v4,d45_seo_weighted_rubric_v1,deterministic_expert_rubric=true; human_label=false; rank=8; page_type=homepage; raw_score=74.7; cap=100.0,0.702635,0.790891,0.765,0.631579,100.0,,medium,crawl_indexability:1.000|text_sufficiency:1.000|media_and_internal_navigation:1.000|technical_metadata:0.983,structured_support:0.000|canonical_consistency:0.150|title_query_fit:0.431
пластиковые окна цена Москва,https://www.melke.ru/,74.4,seo_weighted_rubric_v4,d45_seo_weighted_rubric_v1,deterministic_expert_rubric=true; human_label=false; rank=9; page_type=homepage; raw_score=74.4; cap=100.0,0.651317,0.834752,0.9156,0.578947,100.0,,medium,crawl_indexability:1.000|commercial_trust:1.000|offer_and_conversion:1.000|text_sufficiency:1.000,canonical_consistency:0.150|title_query_fit:0.379
пластиковые окна цена Москва,https://okno.ru/kalkulyator-okon/,65.0,seo_weighted_rubric_v4,d45_seo_weighted_rubric_v1,deterministic_expert_rubric=true; human_label=false; rank=10; page_type=content; raw_score=65.0; cap=78.0,0.58637,0.811212,0.774483,0.526316,78.0,critical_query_title_fit_weak,medium,crawl_indexability:1.000|offer_and_conversion:1.000|text_sufficiency:1.000|media_and_internal_navigation:1.000,canonical_consistency:0.150|title_query_fit:0.176|structured_support:0.187|heading_query_fit:0.351
пластиковые окна цена Санкт-Петербург,https://zavod-plastikovih-okon.ru/,73.5,seo_weighted_rubric_v4,d45_seo_weighted_rubric_v1,deterministic_expert_rubric=true; human_label=false; rank=1; page_type=homepage; raw_score=73.5; cap=100.0,0.691766,0.729159,0.705,1.0,100.0,,medium,crawl_indexability:1.000|canonical_consistency:1.000|media_and_internal_navigation:1.000|secondary_commercial_details:1.000,structured_support:0.000|page_structure:0.290|title_query_fit:0.382|mobile_render_performance:0.436
пластиковые окна цена Санкт-Петербург,https://spb.oknafactoria.ru/,22.6,seo_weighted_rubric_v4,d45_seo_weighted_rubric_v1,deterministic_expert_rubric=true; human_label=false; rank=2; page_type=homepage; raw_score=22.6; cap=45.0,0.106475,0.326574,0.07295,0.947368,45.0,critical_intent_alignment_weak|critical_page_not_indexable|critical_query_title_fit_weak|critical_semantic_query_fit_weak|critical_title_missing|important_commercial_trust_weak|important_extremely_thin_content,blocked,mobile_render_performance:0.580|technical_metadata:0.520|crawl_indexability:0.430,title_query_fit:0.000|heading_query_fit:0.000|offer_and_conversion:0.000|structured_support:0.000
пластиковые окна цена Санкт-Петербург,https://okna-spb.ru/,71.3,seo_weighted_rubric_v4,d45_seo_weighted_rubric_v1,deterministic_expert_rubric=true; human_label=false; rank=3; page_type=homepage; raw_score=71.3; cap=78.0,0.630733,0.734192,0.856767,0.894737,78.0,critical_query_title_fit_weak,medium,crawl_indexability:1.000|canonical_consistency:1.000|text_sufficiency:1.000|media_and_internal_navigation:1.000,page_structure:0.259|structured_support:0.284|title_query_fit:0.310|semantic_query_fit:0.395
пластиковые окна цена Санкт-Петербург,https://oknasravni.ru/sankt-peterburg,69.2,seo_weighted_rubric_v4,d45_seo_weighted_rubric_v1,deterministic_expert_rubric=true; human_label=false; rank=4; page_type=content; raw_score=69.2; cap=78.0,0.702586,0.730428,0.641,0.842105,78.0,critical_query_title_fit_weak,medium,crawl_indexability:1.000|canonical_consistency:1.000|text_sufficiency:1.000|technical_metadata:0.962,structured_support:0.000|title_query_fit:0.342
пластиковые окна цена Санкт-Петербург,https://petrookna.ru/price,65.4,seo_weighted_rubric_v4,d45_seo_weighted_rubric_v1,deterministic_expert_rubric=true; human_label=false; rank=5; page_type=content; raw_score=65.4; cap=100.0,0.62728,0.745226,0.65975,0.789474,100.0,,medium,crawl_indexability:1.000|media_and_internal_navigation:0.976|technical_metadata:0.892|offer_and_conversion:0.860,structured_support:0.000|canonical_consistency:0.150|page_structure:0.402|title_query_fit:0.404
пластиковые окна цена Санкт-Петербург,https://zavod-okon-spb.ru/,66.2,seo_weighted_rubric_v4,d45_seo_weighted_rubric_v1,deterministic_expert_rubric=true; human_label=false; rank=6; page_type=homepage; raw_score=66.2; cap=78.0,0.62481,0.690488,0.5922,0.736842,78.0,critical_query_title_fit_weak,medium,canonical_consistency:1.000|text_sufficiency:1.000|crawl_indexability:0.930|offer_and_conversion:0.860,structured_support:0.000|heading_query_fit:0.200|title_query_fit:0.279|mobile_render_performance:0.439
пластиковые окна цена Санкт-Петербург,https://zavod-okna-pvh.ru/,79.4,seo_weighted_rubric_v4,d45_seo_weighted_rubric_v1,deterministic_expert_rubric=true; human_label=false; rank=7; page_type=homepage; raw_score=79.4; cap=100.0,0.774661,0.79613,0.799367,0.684211,100.0,,medium,crawl_indexability:1.000|canonical_consistency:1.000|text_sufficiency:1.000|media_and_internal_navigation:1.000,structured_support:0.312|title_query_fit:0.393
пластиковые окна цена Санкт-Петербург,https://spb.okna-tseny.ru/,74.7,seo_weighted_rubric_v4,d45_seo_weighted_rubric_v1,deterministic_expert_rubric=true; human_label=false; rank=8; page_type=homepage; raw_score=74.7; cap=100.0,0.687662,0.828537,0.737,0.631579,100.0,,medium,crawl_indexability:1.000|text_sufficiency:1.000|media_and_internal_navigation:1.000|technical_metadata:0.993,structured_support:0.000|canonical_consistency:0.150|title_query_fit:0.449
пластиковые окна цена Санкт-Петербург,https://okna-centre.ru/,76.9,seo_weighted_rubric_v4,d45_seo_weighted_rubric_v1,deterministic_expert_rubric=true; human_label=false; rank=9; page_type=homepage; raw_score=76.9; cap=100.0,0.778408,0.761514,0.681683,0.578947,100.0,,medium,crawl_indexability:1.000|canonical_consistency:1.000|text_sufficiency:1.000|technical_metadata:0.978,structured_support:0.103|page_structure:0.427|title_query_fit:0.441
пластиковые окна цена Санкт-Петербург,https://ostekleniespb.ru/,83.2,seo_weighted_rubric_v4,d45_seo_weighted_rubric_v1,deterministic_expert_rubric=true; human_label=false; rank=10; page_type=homepage; raw_score=83.2; cap=100.0,0.823278,0.846775,0.837483,0.526316,100.0,,medium,crawl_indexability:1.000|canonical_consistency:1.000|commercial_trust:1.000|text_sufficiency:1.000,structured_support:0.187|title_query_fit:0.445
пластиковые окна цена Екатеринбург,https://oknazavr.ru/ekaterinburg/plastikovye-okna/,70.0,seo_weighted_rubric_v4,d45_seo_weighted_rubric_v1,deterministic_expert_rubric=true; human_label=false; rank=1; page_type=content; raw_score=70.0; cap=100.0,0.663081,0.764905,0.755967,1.0,100.0,,medium,crawl_indexability:1.000|offer_and_conversion:1.000|text_sufficiency:1.000|media_and_internal_navigation:1.000,canonical_consistency:0.150|title_query_fit:0.363|structured_support:0.375
пластиковые окна цена Екатеринбург,https://ekb.okna-olkon.ru/,74.8,seo_weighted_rubric_v4,d45_seo_weighted_rubric_v1,deterministic_expert_rubric=true; human_label=false; rank=2; page_type=homepage; raw_score=74.8; cap=100.0,0.75572,0.725509,0.52825,0.947368,100.0,,medium,canonical_consistency:1.000|crawl_indexability:0.930|offer_and_conversion:0.860|text_sufficiency:0.850,structured_support:0.000|title_query_fit:0.407
пластиковые окна цена Екатеринбург,https://ekat.steklodom.com/windowsconstructor/,61.6,seo_weighted_rubric_v4,d45_seo_weighted_rubric_v1,deterministic_expert_rubric=true; human_label=false; rank=5; page_type=content; raw_score=61.6; cap=78.0,0.545701,0.732618,0.761883,0.789474,78.0,critical_query_title_fit_weak,low,crawl_indexability:1.000|text_sufficiency:1.000|media_and_internal_navigation:1.000|technical_metadata:0.945,structured_support:0.124|canonical_consistency:0.150|heading_query_fit:0.200|title_query_fit:0.328
пластиковые окна цена Екатеринбург,https://svoiokna96.ru/,63.7,seo_weighted_rubric_v4,d45_seo_weighted_rubric_v1,deterministic_expert_rubric=true; human_label=false; rank=6; page_type=homepage; raw_score=63.7; cap=78.0,0.56705,0.729188,0.543,0.736842,78.0,critical_query_title_fit_weak,low,crawl_indexability:1.000|media_and_internal_navigation:0.953|technical_metadata:0.937|text_sufficiency:0.850,structured_support:0.000|canonical_consistency:0.150|title_query_fit:0.297|secondary_commercial_details:0.400
пластиковые окна цена Екатеринбург,https://oknasravni.ru/ekaterinburg,66.5,seo_weighted_rubric_v4,d45_seo_weighted_rubric_v1,deterministic_expert_rubric=true; human_label=false; rank=9; page_type=content; raw_score=66.5; cap=78.0,0.678034,0.72876,0.641,0.578947,78.0,critical_query_title_fit_weak,medium,crawl_indexability:1.000|canonical_consistency:1.000|text_sufficiency:1.000|technical_metadata:0.966,structured_support:0.000|title_query_fit:0.286
пластиковые окна цена Новосибирск,https://novosibirsk.okna-plastikovyye.ru/,76.4,seo_weighted_rubric_v4,d45_seo_weighted_rubric_v1,deterministic_expert_rubric=true; human_label=false; rank=1; page_type=homepage; raw_score=76.4; cap=78.0,0.671077,0.79738,0.9114,1.0,78.0,critical_query_title_fit_weak,medium,crawl_indexability:1.000|canonical_consistency:1.000|commercial_trust:1.000|offer_and_conversion:1.000,title_query_fit:0.209|page_structure:0.349
пластиковые окна цена Новосибирск,https://oknazavr.ru/novosibirsk/plastikovye-okna/,69.2,seo_weighted_rubric_v4,d45_seo_weighted_rubric_v1,deterministic_expert_rubric=true; human_label=false; rank=2; page_type=content; raw_score=69.2; cap=100.0,0.655633,0.763025,0.755967,0.947368,100.0,,medium,crawl_indexability:1.000|offer_and_conversion:1.000|text_sufficiency:1.000|media_and_internal_navigation:1.000,canonical_consistency:0.150|title_query_fit:0.361|structured_support:0.375
пластиковые окна цена Новосибирск,https://novosibirsk.zavod-okna-pvh.ru/,78.0,seo_weighted_rubric_v4,d45_seo_weighted_rubric_v1,deterministic_expert_rubric=true; human_label=false; rank=3; page_type=homepage; raw_score=78.1; cap=78.0,0.738766,0.784326,0.799367,0.894737,78.0,critical_query_title_fit_weak,medium,crawl_indexability:1.000|canonical_consistency:1.000|text_sufficiency:1.000|media_and_internal_navigation:1.000,structured_support:0.312|title_query_fit:0.350|page_structure:0.425
пластиковые окна цена Новосибирск,https://r-okna.com/,78.0,seo_weighted_rubric_v4,d45_seo_weighted_rubric_v1,deterministic_expert_rubric=true; human_label=false; rank=4; page_type=homepage; raw_score=78.7; cap=78.0,0.744684,0.789071,0.831883,0.842105,78.0,critical_query_title_fit_weak,medium,crawl_indexability:1.000|canonical_consistency:1.000|commercial_trust:1.000|text_sufficiency:1.000,structured_support:0.159|title_query_fit:0.318
пластиковые окна цена Новосибирск,https://oknasravni.ru/novosibirsk,66.4,seo_weighted_rubric_v4,d45_seo_weighted_rubric_v1,deterministic_expert_rubric=true; human_label=false; rank=5; page_type=content; raw_score=66.4; cap=78.0,0.670005,0.719925,0.599,0.789474,78.0,critical_query_title_fit_weak,medium,crawl_indexability:1.000|canonical_consistency:1.000|text_sufficiency:1.000|technical_metadata:0.967,structured_support:0.000|title_query_fit:0.286
пластиковые окна цена Новосибирск,https://mirokon-nsk.ru/,68.7,seo_weighted_rubric_v4,d45_seo_weighted_rubric_v1,deterministic_expert_rubric=true; human_label=false; rank=6; page_type=homepage; raw_score=68.7; cap=100.0,0.646456,0.714909,0.64765,0.736842,100.0,,medium,crawl_indexability:1.000|text_sufficiency:1.000|technical_metadata:0.997|media_and_internal_navigation:0.938,structured_support:0.000|canonical_consistency:0.150
пластиковые окна цена Новосибирск,https://oknaveka.com/,75.1,seo_weighted_rubric_v4,d45_seo_weighted_rubric_v1,deterministic_expert_rubric=true; human_label=false; rank=7; page_type=homepage; raw_score=75.1; cap=100.0,0.713472,0.769431,0.78195,0.684211,100.0,,medium,canonical_consistency:1.000|text_sufficiency:1.000|secondary_commercial_details:1.000|commercial_trust:0.968,structured_support:0.000|title_query_fit:0.377
пластиковые окна цена Новосибирск,https://plastikovye-okna-nsk.ru/,77.8,seo_weighted_rubric_v4,d45_seo_weighted_rubric_v1,deterministic_expert_rubric=true; human_label=false; rank=8; page_type=homepage; raw_score=77.8; cap=100.0,0.728639,0.795284,0.9169,0.631579,100.0,,medium,crawl_indexability:1.000|canonical_consistency:1.000|commercial_trust:1.000|text_sufficiency:1.000,title_query_fit:0.371|page_structure:0.383
пластиковые окна цена Новосибирск,https://sitc.ru/novosibirsk/okna/,70.7,seo_weighted_rubric_v4,d45_seo_weighted_rubric_v1,deterministic_expert_rubric=true; human_label=false; rank=9; page_type=content; raw_score=70.7; cap=100.0,0.718558,0.754387,0.7685,0.578947,100.0,,medium,canonical_consistency:1.000|text_sufficiency:1.000|media_and_internal_navigation:0.953|crawl_indexability:0.930,title_query_fit:0.362
пластиковые окна цена Новосибирск,https://novosibirsk.lemanapro.ru/catalogue/plastikovye-okna/,25.1,seo_weighted_rubric_v4,d45_seo_weighted_rubric_v1,deterministic_expert_rubric=true; human_label=false; rank=10; page_type=product; raw_score=25.1; cap=35.0,0.143319,0.374925,0.03095,0.526316,35.0,critical_http_status_not_ok|critical_intent_alignment_weak|critical_page_not_indexable|critical_query_title_fit_weak|critical_semantic_query_fit_weak|important_commercial_trust_weak|important_extremely_thin_content,blocked,technical_metadata:0.640|mobile_render_performance:0.589|page_structure:0.380,semantic_query_fit:0.000|secondary_commercial_details:0.000|structured_support:0.000|media_and_internal_navigation:0.005
пластиковые окна цена Казань,https://plastikovye-okna-kazan.ru/,81.9,seo_weighted_rubric_v4,d45_seo_weighted_rubric_v1,deterministic_expert_rubric=true; human_label=false; rank=1; page_type=homepage; raw_score=81.9; cap=100.0,0.764294,0.805707,0.9223,1.0,100.0,,medium,crawl_indexability:1.000|canonical_consistency:1.000|commercial_trust:1.000|text_sufficiency:1.000,title_query_fit:0.399|page_structure:0.444
пластиковые окна цена Казань,https://vottakieokna.ru/,69.5,seo_weighted_rubric_v4,d45_seo_weighted_rubric_v1,deterministic_expert_rubric=true; human_label=false; rank=2; page_type=homepage; raw_score=69.5; cap=100.0,0.658888,0.708328,0.579,0.947368,100.0,,medium,canonical_consistency:1.000|media_and_internal_navigation:1.000|crawl_indexability:0.930|commercial_trust:0.904,structured_support:0.000|heading_query_fit:0.358|title_query_fit:0.380
пластиковые окна цена Казань,https://kazan.okna-plastikovyye.ru/,73.5,seo_weighted_rubric_v4,d45_seo_weighted_rubric_v1,deterministic_expert_rubric=true; human_label=false; rank=3; page_type=homepage; raw_score=73.5; cap=78.0,0.63188,0.78761,0.9114,0.894737,78.0,critical_query_title_fit_weak,medium,crawl_indexability:1.000|canonical_consistency:1.000|commercial_trust:1.000|offer_and_conversion:1.000,title_query_fit:0.198|page_structure:0.298|heading_query_fit:0.414
пластиковые окна цена Казань,https://oknazavr.ru/kazan/,59.9,seo_weighted_rubric_v4,d45_seo_weighted_rubric_v1,deterministic_expert_rubric=true; human_label=false; rank=5; page_type=content; raw_score=59.9; cap=78.0,0.530373,0.731941,0.680983,0.789474,78.0,critical_query_title_fit_weak,low,crawl_indexability:1.000|media_and_internal_navigation:1.000|technical_metadata:0.973|offer_and_conversion:0.860,canonical_consistency:0.150|structured_support:0.187|title_query_fit:0.276|heading_query_fit:0.348
пластиковые окна цена Казань,https://www.okna-rubin.ru/,76.1,seo_weighted_rubric_v4,d45_seo_weighted_rubric_v1,deterministic_expert_rubric=true; human_label=false; rank=6; page_type=homepage; raw_score=76.1; cap=100.0,0.728556,0.749596,0.8316,0.736842,100.0,,medium,crawl_indexability:1.000|canonical_consistency:1.000|text_sufficiency:1.000|media_and_internal_navigation:1.000,page_structure:0.421
пластиковые окна цена Казань,https://oknamall.ru/,60.6,seo_weighted_rubric_v4,d45_seo_weighted_rubric_v1,deterministic_expert_rubric=true; human_label=false; rank=7; page_type=homepage; raw_score=60.6; cap=82.0,0.553741,0.630318,0.6325,0.684211,82.0,important_canonical_points_elsewhere,low,text_sufficiency:1.000|crawl_indexability:0.930|media_and_internal_navigation:0.792,heading_query_fit:0.000|structured_support:0.000|canonical_consistency:0.250|title_query_fit:0.394
пластиковые окна цена Казань,https://kazan-ihlas.ru/,78.6,seo_weighted_rubric_v4,d45_seo_weighted_rubric_v1,deterministic_expert_rubric=true; human_label=false; rank=8; page_type=homepage; raw_score=78.6; cap=100.0,0.779898,0.79002,0.737,0.631579,100.0,,medium,crawl_indexability:1.000|canonical_consistency:1.000|text_sufficiency:1.000|media_and_internal_navigation:1.000,structured_support:0.000
пластиковые окна цена Казань,https://kazan.essokna.ru/,78.5,seo_weighted_rubric_v4,d45_seo_weighted_rubric_v1,deterministic_expert_rubric=true; human_label=false; rank=9; page_type=homepage; raw_score=78.5; cap=100.0,0.744036,0.834551,0.8151,0.578947,100.0,,medium,crawl_indexability:1.000|canonical_consistency:1.000|offer_and_conversion:1.000|media_and_internal_navigation:1.000,title_query_fit:0.403
пластиковые окна цена Казань,https://kazan.zavod-okna-pvh.ru/,73.5,seo_weighted_rubric_v4,d45_seo_weighted_rubric_v1,deterministic_expert_rubric=true; human_label=false; rank=10; page_type=homepage; raw_score=73.5; cap=78.0,0.697087,0.767832,0.799367,0.526316,78.0,critical_query_title_fit_weak,medium,crawl_indexability:1.000|canonical_consistency:1.000|text_sufficiency:1.000|media_and_internal_navigation:1.000,structured_support:0.312|page_structure:0.331|title_query_fit:0.336
пластиковые окна цена Краснодар,https://okna-zavod-krasnodar.ru/,77.0,seo_weighted_rubric_v4,d45_seo_weighted_rubric_v1,deterministic_expert_rubric=true; human_label=false; rank=1; page_type=homepage; raw_score=77.0; cap=100.0,0.755361,0.738862,0.67575,1.0,100.0,,medium,canonical_consistency:1.000|crawl_indexability:0.930|commercial_trust:0.904|media_and_internal_navigation:0.881,structured_support:0.000|page_structure:0.385|title_query_fit:0.391
пластиковые окна цена Краснодар,https://oknazavr.ru/krasnodar/plastikovye-okna/,68.8,seo_weighted_rubric_v4,d45_seo_weighted_rubric_v1,deterministic_expert_rubric=true; human_label=false; rank=2; page_type=content; raw_score=68.8; cap=100.0,0.647987,0.763021,0.755967,0.947368,100.0,,medium,crawl_indexability:1.000|offer_and_conversion:1.000|text_sufficiency:1.000|media_and_internal_navigation:1.000,canonical_consistency:0.150|title_query_fit:0.364|structured_support:0.375
пластиковые окна цена Краснодар,https://krasnodar.delaem-okna.ru/,80.4,seo_weighted_rubric_v4,d45_seo_weighted_rubric_v1,deterministic_expert_rubric=true; human_label=false; rank=3; page_type=homepage; raw_score=80.4; cap=100.0,0.759654,0.796786,0.87045,0.894737,100.0,,medium,crawl_indexability:1.000|canonical_consistency:1.000|offer_and_conversion:1.000|text_sufficiency:1.000,structured_support:0.352
пластиковые окна цена Краснодар,https://krasnodar.okna-tseny.ru/,74.3,seo_weighted_rubric_v4,d45_seo_weighted_rubric_v1,deterministic_expert_rubric=true; human_label=false; rank=4; page_type=homepage; raw_score=74.3; cap=100.0,0.664337,0.821742,0.737,0.842105,100.0,,medium,crawl_indexability:1.000|text_sufficiency:1.000|media_and_internal_navigation:1.000|technical_metadata:0.987,structured_support:0.000|canonical_consistency:0.150|title_query_fit:0.410
пластиковые окна цена Краснодар,https://krasnodar.oknatrade.ru/catalog/plastikovye-okna/,70.0,seo_weighted_rubric_v4,d45_seo_weighted_rubric_v1,deterministic_expert_rubric=true; human_label=false; rank=5; page_type=product; raw_score=70.0; cap=100.0,0.604714,0.748751,0.737,0.789474,100.0,,medium,crawl_indexability:1.000|text_sufficiency:1.000|media_and_internal_navigation:1.000|commercial_trust:0.968,structured_support:0.000|canonical_consistency:0.150|page_structure:0.342|title_query_fit:0.383
пластиковые окна цена Краснодар,https://krasnodar.zavod-okna-pvh.ru/,75.7,seo_weighted_rubric_v4,d45_seo_weighted_rubric_v1,deterministic_expert_rubric=true; human_label=false; rank=6; page_type=homepage; raw_score=75.7; cap=78.0,0.713954,0.775073,0.799367,0.736842,78.0,critical_query_title_fit_weak,medium,crawl_indexability:1.000|canonical_consistency:1.000|text_sufficiency:1.000|media_and_internal_navigation:1.000,structured_support:0.312|title_query_fit:0.339|page_structure:0.370
пластиковые окна цена Краснодар,https://oknasravni.ru/krasnodar,66.2,seo_weighted_rubric_v4,d45_seo_weighted_rubric_v1,deterministic_expert_rubric=true; human_label=false; rank=7; page_type=content; raw_score=66.2; cap=78.0,0.674237,0.721969,0.599,0.684211,78.0,critical_query_title_fit_weak,medium,crawl_indexability:1.000|canonical_consistency:1.000|text_sufficiency:1.000|technical_metadata:0.969,structured_support:0.000|title_query_fit:0.291
пластиковые окна цена Краснодар,https://okna-193.ru/,70.2,seo_weighted_rubric_v4,d45_seo_weighted_rubric_v1,deterministic_expert_rubric=true; human_label=false; rank=8; page_type=homepage; raw_score=70.2; cap=100.0,0.662731,0.729234,0.723,0.631579,100.0,,medium,text_sufficiency:1.000|media_and_internal_navigation:1.000|crawl_indexability:0.930|offer_and_conversion:0.860,structured_support:0.000|canonical_consistency:0.150
пластиковые окна цена Краснодар,https://glas-okna.ru/plastikovye-okna/,67.6,seo_weighted_rubric_v4,d45_seo_weighted_rubric_v1,deterministic_expert_rubric=true; human_label=false; rank=9; page_type=content; raw_score=67.6; cap=78.0,0.670762,0.740672,0.7626,0.578947,78.0,critical_query_title_fit_weak,medium,crawl_indexability:1.000|canonical_consistency:1.000|text_sufficiency:1.000|media_and_internal_navigation:1.000,title_query_fit:0.331|page_structure:0.403
пластиковые окна цена Краснодар,https://krasnodar.okna-plastikovyye.ru/,70.6,seo_weighted_rubric_v4,d45_seo_weighted_rubric_v1,deterministic_expert_rubric=true; human_label=false; rank=10; page_type=homepage; raw_score=70.6; cap=78.0,0.630214,0.78026,0.8428,0.526316,78.0,critical_query_title_fit_weak,medium,crawl_indexability:1.000|canonical_consistency:1.000|offer_and_conversion:1.000|text_sufficiency:1.000,title_query_fit:0.205|page_structure:0.297|heading_query_fit:0.414
пластиковые окна цена Самара,https://oknasravni.ru/samara,70.1,seo_weighted_rubric_v4,d45_seo_weighted_rubric_v1,deterministic_expert_rubric=true; human_label=false; rank=1; page_type=content; raw_score=70.1; cap=78.0,0.713987,0.727843,0.599,1.0,78.0,critical_query_title_fit_weak,medium,crawl_indexability:1.000|canonical_consistency:1.000|text_sufficiency:1.000|technical_metadata:0.973,structured_support:0.000|title_query_fit:0.309|commercial_trust:0.449
пластиковые окна цена Самара,https://oknazavr.ru/samara/plastikovye-okna/,71.7,seo_weighted_rubric_v4,d45_seo_weighted_rubric_v1,deterministic_expert_rubric=true; human_label=false; rank=2; page_type=content; raw_score=71.7; cap=100.0,0.683921,0.779522,0.797967,0.947368,100.0,,medium,crawl_indexability:1.000|offer_and_conversion:1.000|text_sufficiency:1.000|media_and_internal_navigation:1.000,canonical_consistency:0.150|structured_support:0.375|title_query_fit:0.383
пластиковые окна цена Самара,https://azbukaokon63.ru/,74.8,seo_weighted_rubric_v4,d45_seo_weighted_rubric_v1,deterministic_expert_rubric=true; human_label=false; rank=3; page_type=homepage; raw_score=74.8; cap=100.0,0.677435,0.785713,0.8,0.894737,100.0,,medium,crawl_indexability:1.000|text_sufficiency:1.000|media_and_internal_navigation:1.000|secondary_commercial_details:1.000,structured_support:0.000|canonical_consistency:0.150|title_query_fit:0.405
пластиковые окна цена Самара,https://okna-sok.ru/,80.7,seo_weighted_rubric_v4,d45_seo_weighted_rubric_v1,deterministic_expert_rubric=true; human_label=false; rank=4; page_type=homepage; raw_score=80.7; cap=100.0,0.793475,0.788649,0.765,0.842105,100.0,,medium,crawl_indexability:1.000|canonical_consistency:1.000|text_sufficiency:1.000|media_and_internal_navigation:1.000,structured_support:0.000|title_query_fit:0.396
пластиковые окна цена Самара,https://samara.okna-plastikovyye.ru/,74.2,seo_weighted_rubric_v4,d45_seo_weighted_rubric_v1,deterministic_expert_rubric=true; human_label=false; rank=5; page_type=homepage; raw_score=74.2; cap=78.0,0.663796,0.792437,0.8484,0.789474,78.0,critical_query_title_fit_weak,medium,crawl_indexability:1.000|canonical_consistency:1.000|offer_and_conversion:1.000|text_sufficiency:1.000,title_query_fit:0.198|page_structure:0.375
пластиковые окна цена Самара,https://smr.okna-olkon.ru/,74.1,seo_weighted_rubric_v4,d45_seo_weighted_rubric_v1,deterministic_expert_rubric=true; human_label=false; rank=6; page_type=homepage; raw_score=74.1; cap=100.0,0.752092,0.728992,0.5729,0.736842,100.0,,medium,canonical_consistency:1.000|media_and_internal_navigation:0.962|crawl_indexability:0.930|offer_and_conversion:0.860,structured_support:0.000|title_query_fit:0.398
пластиковые окна цена Самара,https://npik.ru/,80.3,seo_weighted_rubric_v4,d45_seo_weighted_rubric_v1,deterministic_expert_rubric=true; human_label=false; rank=7; page_type=homepage; raw_score=80.3; cap=100.0,0.795207,0.809919,0.737,0.684211,100.0,,medium,crawl_indexability:1.000|canonical_consistency:1.000|text_sufficiency:1.000|media_and_internal_navigation:1.000,structured_support:0.000
пластиковые окна цена Самара,https://samara.delaem-okna.ru/,80.9,seo_weighted_rubric_v4,d45_seo_weighted_rubric_v1,deterministic_expert_rubric=true; human_label=false; rank=8; page_type=homepage; raw_score=80.9; cap=100.0,0.787204,0.806794,0.87045,0.631579,100.0,,medium,crawl_indexability:1.000|canonical_consistency:1.000|offer_and_conversion:1.000|text_sufficiency:1.000,structured_support:0.352
пластиковые окна цена Самара,https://mirokon-samara.ru/,65.9,seo_weighted_rubric_v4,d45_seo_weighted_rubric_v1,deterministic_expert_rubric=true; human_label=false; rank=9; page_type=homepage; raw_score=65.9; cap=100.0,0.620824,0.71404,0.5959,0.578947,100.0,,medium,crawl_indexability:1.000|technical_metadata:0.993|media_and_internal_navigation:0.867|offer_and_conversion:0.860,structured_support:0.000|canonical_consistency:0.150|title_query_fit:0.407
пластиковые окна цена Самара,https://www.avito.ru/samara/remont_i_stroitelstvo/plastikovye_okna_8099668986,24.3,seo_weighted_rubric_v4,d45_seo_weighted_rubric_v1,deterministic_expert_rubric=true; human_label=false; rank=10; page_type=content; raw_score=24.3; cap=35.0,0.14213,0.472625,0.16785,0.526316,35.0,critical_http_status_not_ok|critical_intent_alignment_weak|critical_page_not_indexable|critical_query_title_fit_weak|critical_semantic_query_fit_weak|supporting_text_insufficient,blocked,mobile_render_performance:0.631|technical_metadata:0.620|offer_and_conversion:0.500,heading_query_fit:0.000|structured_support:0.000|media_and_internal_navigation:0.017|semantic_query_fit:0.026
пластиковые окна цена Нижний Новгород,https://www.oknakompas.ru/,72.7,seo_weighted_rubric_v4,d45_seo_weighted_rubric_v1,deterministic_expert_rubric=true; human_label=false; rank=2; page_type=homepage; raw_score=72.7; cap=78.0,0.689937,0.716839,0.702,0.947368,78.0,critical_query_title_fit_weak,medium,crawl_indexability:1.000|canonical_consistency:1.000|text_sufficiency:1.000|media_and_internal_navigation:1.000,structured_support:0.000|title_query_fit:0.328|heading_query_fit:0.333|page_structure:0.378
пластиковые окна цена Нижний Новгород,https://окна-саксэс.рф/,77.6,seo_weighted_rubric_v4,d45_seo_weighted_rubric_v1,deterministic_expert_rubric=true; human_label=false; rank=3; page_type=homepage; raw_score=77.6; cap=100.0,0.722142,0.762237,0.90065,0.894737,100.0,,medium,crawl_indexability:1.000|canonical_consistency:1.000|text_sufficiency:1.000|media_and_internal_navigation:1.000,title_query_fit:0.351|page_structure:0.397
пластиковые окна цена Нижний Новгород,https://nn.okna-plastikovyye.ru/,72.2,seo_weighted_rubric_v4,d45_seo_weighted_rubric_v1,deterministic_expert_rubric=true; human_label=false; rank=4; page_type=homepage; raw_score=72.2; cap=78.0,0.63348,0.772258,0.8484,0.842105,78.0,critical_query_title_fit_weak,medium,crawl_indexability:1.000|canonical_consistency:1.000|offer_and_conversion:1.000|text_sufficiency:1.000,page_structure:0.247|title_query_fit:0.317
пластиковые окна цена Нижний Новгород,https://akonta.ru/,78.0,seo_weighted_rubric_v4,d45_seo_weighted_rubric_v1,deterministic_expert_rubric=true; human_label=false; rank=5; page_type=homepage; raw_score=78.9; cap=78.0,0.722402,0.799329,0.9778,0.789474,78.0,critical_query_title_fit_weak,medium,canonical_consistency:1.000|commercial_trust:1.000|text_sufficiency:1.000|secondary_commercial_details:1.000,title_query_fit:0.329
пластиковые окна цена Нижний Новгород,https://nizhniy.essokna.ru/,80.1,seo_weighted_rubric_v4,d45_seo_weighted_rubric_v1,deterministic_expert_rubric=true; human_label=false; rank=6; page_type=homepage; raw_score=80.1; cap=100.0,0.75976,0.833179,0.8151,0.736842,100.0,,medium,crawl_indexability:1.000|canonical_consistency:1.000|offer_and_conversion:1.000|media_and_internal_navigation:1.000,title_query_fit:0.447
пластиковые окна цена Нижний Новгород,https://domokna52.ru/ceny/ceny-na-plastikovye-okna/,69.8,seo_weighted_rubric_v4,d45_seo_weighted_rubric_v1,deterministic_expert_rubric=true; human_label=false; rank=7; page_type=content; raw_score=69.8; cap=100.0,0.619566,0.82187,0.9598,0.684211,100.0,,medium,crawl_indexability:1.000|offer_and_conversion:1.000|text_sufficiency:1.000|media_and_internal_navigation:1.000,canonical_consistency:0.150|title_query_fit:0.350
пластиковые окна цена Нижний Новгород,https://oknavnizhnemnovgorode.ru/,69.0,seo_weighted_rubric_v4,d45_seo_weighted_rubric_v1,deterministic_expert_rubric=true; human_label=false; rank=8; page_type=homepage; raw_score=69.0; cap=78.0,0.608523,0.776373,0.760483,0.631579,78.0,critical_query_title_fit_weak,medium,crawl_indexability:1.000|text_sufficiency:1.000|media_and_internal_navigation:1.000|technical_metadata:0.980,canonical_consistency:0.150|structured_support:0.187|title_query_fit:0.343
пластиковые окна цена Нижний Новгород,https://nizhnijnovgorod.delaem-okna.ru/,76.8,seo_weighted_rubric_v4,d45_seo_weighted_rubric_v1,deterministic_expert_rubric=true; human_label=false; rank=9; page_type=homepage; raw_score=76.8; cap=100.0,0.725024,0.795772,0.87045,0.578947,100.0,,medium,crawl_indexability:1.000|canonical_consistency:1.000|offer_and_conversion:1.000|text_sufficiency:1.000,structured_support:0.352|title_query_fit:0.391
пластиковые окна цена Нижний Новгород,https://prizma-okna.ru/,64.8,seo_weighted_rubric_v4,d45_seo_weighted_rubric_v1,deterministic_expert_rubric=true; human_label=false; rank=10; page_type=homepage; raw_score=64.8; cap=100.0,0.574059,0.748929,0.6645,0.526316,100.0,,low,crawl_indexability:1.000|media_and_internal_navigation:1.000|technical_metadata:0.964|commercial_trust:0.871,structured_support:0.000|canonical_consistency:0.150|heading_query_fit:0.200|page_structure:0.369
как выбрать пластиковые окна,https://dom.mail.ru/articles/77101-kak-pravilno-vybrat-plastikovye-okna/,82.3,seo_weighted_rubric_v4,d45_seo_weighted_rubric_v1,deterministic_expert_rubric=true; human_label=false; rank=1; page_type=article; raw_score=82.3; cap=100.0,0.835557,0.714108,0.692067,1.0,100.0,,medium,crawl_indexability:1.000|canonical_consistency:1.000|text_sufficiency:1.000|heading_query_fit:0.944,structured_support:0.471|mobile_render_performance:0.515|title_query_fit:0.542
как выбрать пластиковые окна,https://news.ru/society/kak-vybrat-plastikovye-okna-polnyj-gajd-po-materialam-vidam-i-furniture,72.7,seo_weighted_rubric_v4,d45_seo_weighted_rubric_v1,deterministic_expert_rubric=true; human_label=false; rank=2; page_type=content; raw_score=72.7; cap=100.0,0.691882,0.718052,0.639767,0.947368,100.0,,medium,crawl_indexability:1.000|canonical_consistency:1.000|text_sufficiency:1.000|media_and_internal_navigation:1.000,structured_support:0.249|page_structure:0.354|secondary_commercial_details:0.400|title_query_fit:0.406
как выбрать пластиковые окна,https://okonti.ru/articles/kak-vybrat-plastikovye-okna-v-kvartiru/,87.2,seo_weighted_rubric_v4,d45_seo_weighted_rubric_v1,deterministic_expert_rubric=true; human_label=false; rank=3; page_type=article; raw_score=87.2; cap=100.0,0.861532,0.791075,0.861,0.894737,100.0,,high,crawl_indexability:1.000|canonical_consistency:1.000|text_sufficiency:1.000|media_and_internal_navigation:1.000,page_structure:0.501|structured_support:0.515|mobile_render_performance:0.589
как выбрать пластиковые окна,https://www.metronews.ru/partners/novosti-partnerov-255/reviews/kak-vybrat-plastikovye-okna-polnoe-rukovodstvo-dlya-pokupatelya-2187979/,81.1,seo_weighted_rubric_v4,d45_seo_weighted_rubric_v1,deterministic_expert_rubric=true; human_label=false; rank=4; page_type=content; raw_score=81.1; cap=100.0,0.848781,0.73567,0.614883,0.842105,100.0,,medium,crawl_indexability:1.000|canonical_consistency:1.000|text_sufficiency:1.000|media_and_internal_navigation:1.000,structured_support:0.124|secondary_commercial_details:0.400
как выбрать пластиковые окна,https://mossetka.ru/Articles/Post/kak-vybrat-plastikovye-okna-pravilno,81.8,seo_weighted_rubric_v4,d45_seo_weighted_rubric_v1,deterministic_expert_rubric=true; human_label=false; rank=5; page_type=article; raw_score=81.8; cap=100.0,0.788288,0.784229,0.79845,0.789474,100.0,,medium,crawl_indexability:1.000|canonical_consistency:1.000|text_sufficiency:1.000|media_and_internal_navigation:0.964,title_query_fit:0.507|page_structure:0.516|mobile_render_performance:0.635
как выбрать пластиковые окна,https://www.kp.ru/expert/stroitelstvo/luchshie-plastikovye-okna/,72.4,seo_weighted_rubric_v4,d45_seo_weighted_rubric_v1,deterministic_expert_rubric=true; human_label=false; rank=6; page_type=content; raw_score=72.4; cap=78.0,0.68378,0.712233,0.77705,0.736842,78.0,critical_query_title_fit_weak,medium,crawl_indexability:1.000|canonical_consistency:1.000|text_sufficiency:1.000|media_and_internal_navigation:1.000,title_query_fit:0.120
как выбрать пластиковые окна,https://geometrium-school.ru/blog/kak-vybrat-plastikovye-okna/,86.0,seo_weighted_rubric_v4,d45_seo_weighted_rubric_v1,deterministic_expert_rubric=true; human_label=false; rank=7; page_type=article; raw_score=86.0; cap=100.0,0.854281,0.792456,0.87705,0.684211,100.0,,high,crawl_indexability:1.000|canonical_consistency:1.000|text_sufficiency:1.000|media_and_internal_navigation:1.000,page_structure:0.481|structured_support:0.595|mobile_render_performance:0.618
как выбрать пластиковые окна,https://okna-kpi.ru/vse-ob-oknakh/kak-vybrat-standartnye-razmery-i-vidy-plastikovyh-okon/,70.1,seo_weighted_rubric_v4,d45_seo_weighted_rubric_v1,deterministic_expert_rubric=true; human_label=false; rank=8; page_type=content; raw_score=70.1; cap=100.0,0.68228,0.687997,0.674,0.631579,100.0,,medium,crawl_indexability:1.000|canonical_consistency:1.000|text_sufficiency:1.000|media_and_internal_navigation:1.000,structured_support:0.000|title_query_fit:0.357|page_structure:0.381
как выбрать пластиковые окна,https://www.ivd.ru/stroitelstvo-i-remont/okna/kak-vybrat-plastikovye-okna-4-vazhnyh-momenta-kotorye-nuzhno-uchest-44801,74.4,seo_weighted_rubric_v4,d45_seo_weighted_rubric_v1,deterministic_expert_rubric=true; human_label=false; rank=9; page_type=content; raw_score=74.4; cap=100.0,0.787407,0.690813,0.551883,0.578947,100.0,,medium,crawl_indexability:1.000|canonical_consistency:1.000|text_sufficiency:1.000|media_and_internal_navigation:1.000,structured_support:0.124|secondary_commercial_details:0.220
как выбрать пластиковые окна,https://www.veka.ru/spravochnik/articles/windows/kakie-plastikovye-okna-luchshe,74.4,seo_weighted_rubric_v4,d45_seo_weighted_rubric_v1,deterministic_expert_rubric=true; human_label=false; rank=10; page_type=article; raw_score=74.4; cap=100.0,0.764742,0.700591,0.5723,0.526316,100.0,,medium,crawl_indexability:1.000|canonical_consistency:1.000|text_sufficiency:1.000|technical_metadata:0.903,structured_support:0.000|secondary_commercial_details:0.420
пластиковые окна отзывы,https://otzovikon.com/subject/188/plastikovye-okna,76.9,seo_weighted_rubric_v4,d45_seo_weighted_rubric_v1,deterministic_expert_rubric=true; human_label=false; rank=1; page_type=content; raw_score=76.9; cap=100.0,0.725937,0.74486,0.764283,1.0,100.0,,medium,crawl_indexability:1.000|text_sufficiency:1.000|media_and_internal_navigation:1.000|heading_query_fit:0.923,canonical_consistency:0.150|structured_support:0.346
пластиковые окна отзывы,https://vyboroved.ru/reyting/luchshie-plastikovye-okna,63.3,seo_weighted_rubric_v4,d45_seo_weighted_rubric_v1,deterministic_expert_rubric=true; human_label=false; rank=2; page_type=content; raw_score=63.3; cap=78.0,0.546191,0.657762,0.677883,0.947368,78.0,critical_query_title_fit_weak,low,canonical_consistency:1.000|text_sufficiency:1.000|media_and_internal_navigation:1.000|crawl_indexability:0.930,structured_support:0.124|title_query_fit:0.195|page_structure:0.331|semantic_query_fit:0.373
пластиковые окна отзывы,https://www.kp.ru/expert/stroitelstvo/luchshie-plastikovye-okna/,72.5,seo_weighted_rubric_v4,d45_seo_weighted_rubric_v1,deterministic_expert_rubric=true; human_label=false; rank=3; page_type=content; raw_score=72.5; cap=78.0,0.668649,0.714551,0.77705,0.894737,78.0,critical_query_title_fit_weak,medium,crawl_indexability:1.000|canonical_consistency:1.000|text_sufficiency:1.000|media_and_internal_navigation:1.000,title_query_fit:0.120
пластиковые окна отзывы,https://kupiokno.ru/otziv,32.6,seo_weighted_rubric_v4,d45_seo_weighted_rubric_v1,deterministic_expert_rubric=true; human_label=false; rank=4; page_type=content; raw_score=32.6; cap=55.0,0.233392,0.442156,0.0324,0.842105,55.0,critical_intent_alignment_weak|critical_query_title_fit_weak|critical_semantic_query_fit_weak|critical_title_missing|important_extremely_thin_content,blocked,crawl_indexability:1.000,title_query_fit:0.000|heading_query_fit:0.000|offer_and_conversion:0.000|secondary_commercial_details:0.000
пластиковые окна отзывы,https://irecommend.ru/catalog/list/9986-9990,72.5,seo_weighted_rubric_v4,d45_seo_weighted_rubric_v1,deterministic_expert_rubric=true; human_label=false; rank=5; page_type=product; raw_score=72.5; cap=100.0,0.771916,0.734429,0.702,0.789474,100.0,,medium,crawl_indexability:1.000|canonical_consistency:1.000|text_sufficiency:1.000|media_and_internal_navigation:1.000,structured_support:0.000
пластиковые окна отзывы,https://ratingplastic.ru/,72.7,seo_weighted_rubric_v4,d45_seo_weighted_rubric_v1,deterministic_expert_rubric=true; human_label=false; rank=6; page_type=homepage; raw_score=72.7; cap=78.0,0.726198,0.717534,0.702,0.736842,78.0,critical_query_title_fit_weak,medium,crawl_indexability:1.000|canonical_consistency:1.000|text_sufficiency:1.000|media_and_internal_navigation:1.000,structured_support:0.000|title_query_fit:0.295
пластиковые окна отзывы,https://www.ozon.ru/category/plastikovye-okna-34491/review/,25.7,seo_weighted_rubric_v4,d45_seo_weighted_rubric_v1,deterministic_expert_rubric=true; human_label=false; rank=7; page_type=category; raw_score=25.7; cap=35.0,0.11127,0.509352,0.08485,0.684211,35.0,critical_http_status_not_ok|critical_intent_alignment_weak|critical_page_not_indexable|critical_query_title_fit_weak|critical_semantic_query_fit_weak|important_extremely_thin_content,blocked,commercial_trust:0.720|mobile_render_performance:0.682|technical_metadata:0.600,structured_support:0.000|semantic_query_fit:0.057|media_and_internal_navigation:0.064|canonical_consistency:0.070
пластиковые окна отзывы,https://oknarating.ru/plastika-okon/opinions,62.1,seo_weighted_rubric_v4,d45_seo_weighted_rubric_v1,deterministic_expert_rubric=true; human_label=false; rank=8; page_type=content; raw_score=62.1; cap=78.0,0.635747,0.606164,0.38075,0.631579,78.0,critical_query_title_fit_weak,low,crawl_indexability:1.000|canonical_consistency:1.000|technical_metadata:0.940|text_sufficiency:0.850,structured_support:0.000|offer_and_conversion:0.220|secondary_commercial_details:0.300|media_and_internal_navigation:0.316
пластиковые окна отзывы,https://www.oknamedia.ru/otzyvy,35.9,seo_weighted_rubric_v4,d45_seo_weighted_rubric_v1,deterministic_expert_rubric=true; human_label=false; rank=9; page_type=content; raw_score=35.9; cap=55.0,0.27044,0.468439,0.2052,0.578947,55.0,critical_intent_alignment_weak|critical_query_title_fit_weak|critical_semantic_query_fit_weak|important_extremely_thin_content,blocked,crawl_indexability:1.000,heading_query_fit:0.000|structured_support:0.000|media_and_internal_navigation:0.036|semantic_query_fit:0.076
пластиковые окна отзывы,https://www.fabrikaokon.ru/otzyvy.html,73.4,seo_weighted_rubric_v4,d45_seo_weighted_rubric_v1,deterministic_expert_rubric=true; human_label=false; rank=10; page_type=content; raw_score=73.4; cap=100.0,0.66045,0.813975,0.8005,0.526316,100.0,,medium,crawl_indexability:1.000|offer_and_conversion:1.000|text_sufficiency:1.000|commercial_trust:0.968,canonical_consistency:0.150|page_structure:0.438
входные двери Москва,https://lemanapro.ru/catalogue/vhodnye-dveri/,32.3,seo_weighted_rubric_v4,d45_seo_weighted_rubric_v1,deterministic_expert_rubric=true; human_label=false; rank=1; page_type=product; raw_score=32.3; cap=35.0,0.150476,0.524732,0.03095,1.0,35.0,critical_http_status_not_ok|critical_intent_alignment_weak|critical_page_not_indexable|critical_query_title_fit_weak|critical_semantic_query_fit_weak|important_extremely_thin_content,blocked,commercial_trust:0.720|technical_metadata:0.640|mobile_render_performance:0.591,secondary_commercial_details:0.000|structured_support:0.000|media_and_internal_navigation:0.005|semantic_query_fit:0.005
входные двери Москва,https://100-dverei.ru/,81.1,seo_weighted_rubric_v4,d45_seo_weighted_rubric_v1,deterministic_expert_rubric=true; human_label=false; rank=2; page_type=homepage; raw_score=81.1; cap=100.0,0.809025,0.766281,0.737,0.947368,100.0,,medium,crawl_indexability:1.000|canonical_consistency:1.000|text_sufficiency:1.000|media_and_internal_navigation:1.000,structured_support:0.000
входные двери Москва,https://169.ru/vhodnye-dveri/,78.9,seo_weighted_rubric_v4,d45_seo_weighted_rubric_v1,deterministic_expert_rubric=true; human_label=false; rank=3; page_type=content; raw_score=78.9; cap=100.0,0.790213,0.80195,0.8872,0.894737,100.0,,medium,crawl_indexability:1.000|canonical_consistency:1.000|offer_and_conversion:1.000|text_sufficiency:1.000,title_query_fit:0.492|mobile_render_performance:0.581|page_structure:0.594
входные двери Москва,https://dveri-komandor.ru/,76.2,seo_weighted_rubric_v4,d45_seo_weighted_rubric_v1,deterministic_expert_rubric=true; human_label=false; rank=4; page_type=homepage; raw_score=76.2; cap=100.0,0.748572,0.731279,0.737,0.842105,100.0,,medium,canonical_consistency:1.000|text_sufficiency:1.000|media_and_internal_navigation:1.000|commercial_trust:0.968,structured_support:0.000|title_query_fit:0.387
входные двери Москва,https://www.moscow-steel.ru/,80.7,seo_weighted_rubric_v4,d45_seo_weighted_rubric_v1,deterministic_expert_rubric=true; human_label=false; rank=6; page_type=homepage; raw_score=80.7; cap=100.0,0.780107,0.84656,0.724267,0.736842,100.0,,medium,crawl_indexability:1.000|canonical_consistency:1.000|commercial_trust:1.000|secondary_commercial_details:1.000,structured_support:0.249
входные двери Москва,https://mosdvery.ru/categories/vkhodnye-dveri,73.0,seo_weighted_rubric_v4,d45_seo_weighted_rubric_v1,deterministic_expert_rubric=true; human_label=false; rank=7; page_type=content; raw_score=73.0; cap=100.0,0.773787,0.700805,0.8,0.684211,100.0,,medium,canonical_consistency:1.000|commercial_trust:1.000|text_sufficiency:1.000|media_and_internal_navigation:1.000,structured_support:0.000|mobile_render_performance:0.336
входные двери Москва,https://dverin.pro/,79.3,seo_weighted_rubric_v4,d45_seo_weighted_rubric_v1,deterministic_expert_rubric=true; human_label=false; rank=8; page_type=homepage; raw_score=79.3; cap=100.0,0.807298,0.778741,0.686633,0.631579,100.0,,medium,crawl_indexability:1.000|canonical_consistency:1.000|technical_metadata:0.989|commercial_trust:0.904,structured_support:0.187
входные двери Москва,https://dverid.ru/,77.1,seo_weighted_rubric_v4,d45_seo_weighted_rubric_v1,deterministic_expert_rubric=true; human_label=false; rank=9; page_type=homepage; raw_score=77.1; cap=100.0,0.774319,0.758213,0.737,0.578947,100.0,,medium,canonical_consistency:1.000|text_sufficiency:1.000|media_and_internal_navigation:1.000|commercial_trust:0.968,structured_support:0.000|title_query_fit:0.442
входные двери Москва,https://doorstreet.ru/,74.3,seo_weighted_rubric_v4,d45_seo_weighted_rubric_v1,deterministic_expert_rubric=true; human_label=false; rank=10; page_type=homepage; raw_score=74.3; cap=100.0,0.742586,0.728404,0.7447,0.526316,100.0,,medium,crawl_indexability:1.000|canonical_consistency:1.000|media_and_internal_navigation:1.000|technical_metadata:0.865,heading_query_fit:0.223|page_structure:0.431|title_query_fit:0.448
входные двери Санкт-Петербург,https://spb.dveri-tmk.ru/catalog/vhodnye-dveri/,71.6,seo_weighted_rubric_v4,d45_seo_weighted_rubric_v1,deterministic_expert_rubric=true; human_label=false; rank=1; page_type=product; raw_score=71.6; cap=100.0,0.631656,0.728886,0.695,1.0,100.0,,medium,crawl_indexability:1.000|text_sufficiency:1.000|media_and_internal_navigation:1.000|offer_and_conversion:0.860,structured_support:0.000|canonical_consistency:0.150
входные двери Санкт-Петербург,https://spb.dverimagnat.ru/,79.5,seo_weighted_rubric_v4,d45_seo_weighted_rubric_v1,deterministic_expert_rubric=true; human_label=false; rank=2; page_type=homepage; raw_score=79.5; cap=100.0,0.765169,0.784204,0.761183,0.947368,100.0,,medium,crawl_indexability:1.000|canonical_consistency:1.000|text_sufficiency:1.000|commercial_trust:0.968,structured_support:0.187
входные двери Санкт-Петербург,https://spb.lemanapro.ru/catalogue/vhodnye-dveri/,32.4,seo_weighted_rubric_v4,d45_seo_weighted_rubric_v1,deterministic_expert_rubric=true; human_label=false; rank=3; page_type=product; raw_score=32.4; cap=35.0,0.160938,0.524452,0.03095,0.894737,35.0,critical_http_status_not_ok|critical_intent_alignment_weak|critical_page_not_indexable|critical_query_title_fit_weak|critical_semantic_query_fit_weak|important_extremely_thin_content,blocked,commercial_trust:0.720|technical_metadata:0.640|mobile_render_performance:0.589,secondary_commercial_details:0.000|structured_support:0.000|media_and_internal_navigation:0.005|semantic_query_fit:0.036
входные двери Санкт-Петербург,https://slavnie.ru/catalog/vkhodnye_dveri/,74.2,seo_weighted_rubric_v4,d45_seo_weighted_rubric_v1,deterministic_expert_rubric=true; human_label=false; rank=4; page_type=product; raw_score=74.2; cap=100.0,0.675722,0.758702,0.702,0.842105,100.0,,medium,crawl_indexability:1.000|text_sufficiency:1.000|media_and_internal_navigation:1.000|technical_metadata:0.939,structured_support:0.000|canonical_consistency:0.150
входные двери Санкт-Петербург,https://guardian-spb.ru/,74.2,seo_weighted_rubric_v4,d45_seo_weighted_rubric_v1,deterministic_expert_rubric=true; human_label=false; rank=5; page_type=homepage; raw_score=74.2; cap=100.0,0.727225,0.712077,0.737,0.789474,100.0,,medium,canonical_consistency:1.000|text_sufficiency:1.000|media_and_internal_navigation:1.000|crawl_indexability:0.930,structured_support:0.000|title_query_fit:0.407|page_structure:0.408
входные двери Санкт-Петербург,https://www.mk-doors.ru/dveri/vhodnye-dveri/,75.9,seo_weighted_rubric_v4,d45_seo_weighted_rubric_v1,deterministic_expert_rubric=true; human_label=false; rank=7; page_type=content; raw_score=75.9; cap=100.0,0.770207,0.754548,0.9432,0.684211,100.0,,medium,crawl_indexability:1.000|canonical_consistency:1.000|text_sufficiency:1.000|media_and_internal_navigation:1.000,page_structure:0.412
входные двери Санкт-Петербург,https://doorsmetallic.ru/,75.0,seo_weighted_rubric_v4,d45_seo_weighted_rubric_v1,deterministic_expert_rubric=true; human_label=false; rank=8; page_type=homepage; raw_score=75.0; cap=100.0,0.720639,0.775348,0.74795,0.631579,100.0,,medium,crawl_indexability:1.000|canonical_consistency:1.000|technical_metadata:0.951|secondary_commercial_details:0.880,title_query_fit:0.366|heading_query_fit:0.408
входные двери Санкт-Петербург,https://spb.mall-of-doors.ru/catalog/dveri-v-dom/,79.1,seo_weighted_rubric_v4,d45_seo_weighted_rubric_v1,deterministic_expert_rubric=true; human_label=false; rank=9; page_type=product; raw_score=79.1; cap=100.0,0.789855,0.746731,0.737,0.578947,100.0,,medium,crawl_indexability:1.000|canonical_consistency:1.000|text_sufficiency:1.000|media_and_internal_navigation:1.000,structured_support:0.000
входные двери Санкт-Петербург,https://vhodniedveri-spb.ru/,73.6,seo_weighted_rubric_v4,d45_seo_weighted_rubric_v1,deterministic_expert_rubric=true; human_label=false; rank=10; page_type=homepage; raw_score=73.6; cap=100.0,0.753506,0.699806,0.6995,0.526316,100.0,,medium,crawl_indexability:1.000|canonical_consistency:1.000|media_and_internal_navigation:1.000|technical_metadata:0.906,structured_support:0.000|page_structure:0.386|title_query_fit:0.436
входные двери Екатеринбург,https://ekb.dvernayamarka.ru/,73.9,seo_weighted_rubric_v4,d45_seo_weighted_rubric_v1,deterministic_expert_rubric=true; human_label=false; rank=1; page_type=homepage; raw_score=73.9; cap=100.0,0.688183,0.741484,0.7316,1.0,100.0,,medium,crawl_indexability:1.000|canonical_consistency:1.000|text_sufficiency:1.000|secondary_commercial_details:1.000,structured_support:0.000|heading_query_fit:0.405|title_query_fit:0.414|page_structure:0.441
входные двери Екатеринбург,https://ekat.steklodom.com/catalog/vhodnye-dveri/,63.0,seo_weighted_rubric_v4,d45_seo_weighted_rubric_v1,deterministic_expert_rubric=true; human_label=false; rank=2; page_type=product; raw_score=63.0; cap=100.0,0.514016,0.668627,0.695,0.947368,100.0,,low,text_sufficiency:1.000|media_and_internal_navigation:1.000|crawl_indexability:0.930|offer_and_conversion:0.860,heading_query_fit:0.000|structured_support:0.000|canonical_consistency:0.150|page_structure:0.381
входные двери Екатеринбург,https://dveron.ru/vhodnye-dveri,73.4,seo_weighted_rubric_v4,d45_seo_weighted_rubric_v1,deterministic_expert_rubric=true; human_label=false; rank=3; page_type=content; raw_score=73.4; cap=100.0,0.759923,0.745128,0.674,0.894737,100.0,,medium,crawl_indexability:1.000|canonical_consistency:1.000|text_sufficiency:1.000|media_and_internal_navigation:1.000,structured_support:0.000|title_query_fit:0.411
входные двери Екатеринбург,https://sidoorov.ru/,71.4,seo_weighted_rubric_v4,d45_seo_weighted_rubric_v1,deterministic_expert_rubric=true; human_label=false; rank=4; page_type=homepage; raw_score=71.4; cap=78.0,0.638858,0.773534,0.737,0.842105,78.0,critical_query_title_fit_weak,medium,crawl_indexability:1.000|text_sufficiency:1.000|media_and_internal_navigation:1.000|commercial_trust:0.968,structured_support:0.000|canonical_consistency:0.150|title_query_fit:0.340
входные двери Екатеринбург,https://ekb.rusdver.net/,75.8,seo_weighted_rubric_v4,d45_seo_weighted_rubric_v1,deterministic_expert_rubric=true; human_label=false; rank=5; page_type=homepage; raw_score=75.8; cap=78.0,0.700929,0.767155,0.8802,0.789474,78.0,critical_query_title_fit_weak,medium,crawl_indexability:1.000|canonical_consistency:1.000|text_sufficiency:1.000|media_and_internal_navigation:1.000,title_query_fit:0.305|page_structure:0.447
входные двери Екатеринбург,https://ekaterinburg.mall-of-doors.ru/,79.0,seo_weighted_rubric_v4,d45_seo_weighted_rubric_v1,deterministic_expert_rubric=true; human_label=false; rank=6; page_type=homepage; raw_score=79.0; cap=100.0,0.759095,0.800996,0.8,0.736842,100.0,,medium,crawl_indexability:1.000|canonical_consistency:1.000|text_sufficiency:1.000|media_and_internal_navigation:1.000,structured_support:0.000|title_query_fit:0.384
входные двери Екатеринбург,https://door4u.ru/,66.6,seo_weighted_rubric_v4,d45_seo_weighted_rubric_v1,deterministic_expert_rubric=true; human_label=false; rank=7; page_type=homepage; raw_score=66.6; cap=78.0,0.592601,0.73522,0.701333,0.684211,78.0,critical_query_title_fit_weak,medium,crawl_indexability:1.000|technical_metadata:1.000|secondary_commercial_details:0.900|text_sufficiency:0.850,canonical_consistency:0.150|structured_support:0.187|title_query_fit:0.310
входные двери Екатеринбург,https://ekaterinburg.lemanapro.ru/catalogue/vhodnye-dveri/,30.8,seo_weighted_rubric_v4,d45_seo_weighted_rubric_v1,deterministic_expert_rubric=true; human_label=false; rank=8; page_type=product; raw_score=30.8; cap=35.0,0.156377,0.524418,0.03095,0.631579,35.0,critical_http_status_not_ok|critical_intent_alignment_weak|critical_page_not_indexable|critical_query_title_fit_weak|critical_semantic_query_fit_weak|important_extremely_thin_content,blocked,commercial_trust:0.720|technical_metadata:0.640|mobile_render_performance:0.589,secondary_commercial_details:0.000|structured_support:0.000|media_and_internal_navigation:0.005|semantic_query_fit:0.022
входные двери Екатеринбург,https://dverhome.ru/,75.0,seo_weighted_rubric_v4,d45_seo_weighted_rubric_v1,deterministic_expert_rubric=true; human_label=false; rank=9; page_type=homepage; raw_score=75.0; cap=78.0,0.665143,0.810183,0.973,0.578947,78.0,critical_query_title_fit_weak,medium,crawl_indexability:1.000|canonical_consistency:1.000|text_sufficiency:1.000|secondary_commercial_details:1.000,title_query_fit:0.296|heading_query_fit:0.390
входные двери Екатеринбург,https://ekaterinburg.dverimagnat.ru/,77.5,seo_weighted_rubric_v4,d45_seo_weighted_rubric_v1,deterministic_expert_rubric=true; human_label=false; rank=10; page_type=homepage; raw_score=77.5; cap=100.0,0.761245,0.790392,0.774483,0.526316,100.0,,medium,crawl_indexability:1.000|canonical_consistency:1.000|text_sufficiency:1.000|media_and_internal_navigation:1.000,structured_support:0.187|title_query_fit:0.441
входные двери Новосибирск,https://novosibirsk.dverimagnat.ru/,79.5,seo_weighted_rubric_v4,d45_seo_weighted_rubric_v1,deterministic_expert_rubric=true; human_label=false; rank=1; page_type=homepage; raw_score=79.5; cap=100.0,0.763582,0.790669,0.732683,1.0,100.0,,medium,crawl_indexability:1.000|canonical_consistency:1.000|text_sufficiency:1.000|commercial_trust:0.968,structured_support:0.187|title_query_fit:0.444
входные двери Новосибирск,https://фабрикадверей.рф/,65.6,seo_weighted_rubric_v4,d45_seo_weighted_rubric_v1,deterministic_expert_rubric=true; human_label=false; rank=2; page_type=homepage; raw_score=65.6; cap=78.0,0.529435,0.763462,0.737,0.947368,78.0,critical_query_title_fit_weak,medium,crawl_indexability:1.000|text_sufficiency:1.000|media_and_internal_navigation:1.000|technical_metadata:0.962,structured_support:0.000|title_query_fit:0.145|canonical_consistency:0.150|heading_query_fit:0.380
входные двери Новосибирск,https://almaz-nsk.com/,74.0,seo_weighted_rubric_v4,d45_seo_weighted_rubric_v1,deterministic_expert_rubric=true; human_label=false; rank=3; page_type=homepage; raw_score=74.0; cap=100.0,0.633387,0.827005,0.83685,0.894737,100.0,,medium,crawl_indexability:1.000|offer_and_conversion:1.000|text_sufficiency:1.000|media_and_internal_navigation:1.000,canonical_consistency:0.150|title_query_fit:0.381
входные двери Новосибирск,https://novosibirsk.estetdveri.ru/catalog/vkhodnye-dveri/,77.5,seo_weighted_rubric_v4,d45_seo_weighted_rubric_v1,deterministic_expert_rubric=true; human_label=false; rank=4; page_type=product; raw_score=77.5; cap=100.0,0.758524,0.728697,0.674,0.842105,100.0,,medium,crawl_indexability:1.000|canonical_consistency:1.000|text_sufficiency:1.000|media_and_internal_navigation:1.000,structured_support:0.000|title_query_fit:0.382
входные двери Новосибирск,https://novosibirsk.mosdveri.ru/,76.4,seo_weighted_rubric_v4,d45_seo_weighted_rubric_v1,deterministic_expert_rubric=true; human_label=false; rank=5; page_type=homepage; raw_score=76.4; cap=100.0,0.728103,0.774252,0.764367,0.789474,100.0,,medium,crawl_indexability:1.000|canonical_consistency:1.000|text_sufficiency:1.000|media_and_internal_navigation:1.000,structured_support:0.312|title_query_fit:0.387
входные двери Новосибирск,https://nsk-dveri.ru/,75.7,seo_weighted_rubric_v4,d45_seo_weighted_rubric_v1,deterministic_expert_rubric=true; human_label=false; rank=6; page_type=homepage; raw_score=75.7; cap=78.0,0.71834,0.788176,0.732483,0.736842,78.0,critical_query_title_fit_weak,medium,crawl_indexability:1.000|canonical_consistency:1.000|text_sufficiency:1.000|media_and_internal_navigation:1.000,structured_support:0.187|title_query_fit:0.309
входные двери Новосибирск,https://centurion-door.ru/,69.4,seo_weighted_rubric_v4,d45_seo_weighted_rubric_v1,deterministic_expert_rubric=true; human_label=false; rank=7; page_type=homepage; raw_score=69.4; cap=100.0,0.672941,0.727103,0.561583,0.684211,100.0,,medium,crawl_indexability:1.000|canonical_consistency:1.000|technical_metadata:0.910|commercial_trust:0.873,structured_support:0.187|heading_query_fit:0.200|title_query_fit:0.370
входные двери Новосибирск,https://novosibirsk.metaldveri.ru/,75.0,seo_weighted_rubric_v4,d45_seo_weighted_rubric_v1,deterministic_expert_rubric=true; human_label=false; rank=8; page_type=homepage; raw_score=75.0; cap=100.0,0.73463,0.730327,0.8,0.631579,100.0,,medium,canonical_consistency:1.000|text_sufficiency:1.000|media_and_internal_navigation:1.000|secondary_commercial_details:1.000,structured_support:0.000|page_structure:0.423|title_query_fit:0.432
входные двери Новосибирск,https://shop-nsk.ru/,68.3,seo_weighted_rubric_v4,d45_seo_weighted_rubric_v1,deterministic_expert_rubric=true; human_label=false; rank=9; page_type=homepage; raw_score=68.3; cap=100.0,0.624282,0.739561,0.737,0.578947,100.0,,medium,crawl_indexability:1.000|text_sufficiency:1.000|media_and_internal_navigation:1.000|commercial_trust:0.936,structured_support:0.000|canonical_consistency:0.150|title_query_fit:0.439
входные двери Новосибирск,https://dveri-nso.ru/cat/vhodnye-dveri/,73.8,seo_weighted_rubric_v4,d45_seo_weighted_rubric_v1,deterministic_expert_rubric=true; human_label=false; rank=10; page_type=content; raw_score=73.8; cap=100.0,0.756714,0.789969,0.7864,0.526316,100.0,,medium,crawl_indexability:1.000|canonical_consistency:1.000|text_sufficiency:1.000|media_and_internal_navigation:1.000,title_query_fit:0.399
входные двери Казань,https://mirdverey-kazan.ru/,30.2,seo_weighted_rubric_v4,d45_seo_weighted_rubric_v1,deterministic_expert_rubric=true; human_label=false; rank=1; page_type=homepage; raw_score=30.2; cap=45.0,0.144113,0.47503,0.1542,1.0,45.0,critical_intent_alignment_weak|critical_page_not_indexable|critical_query_title_fit_weak|critical_semantic_query_fit_weak|critical_title_missing|important_extremely_thin_content,blocked,commercial_trust:0.720|mobile_render_performance:0.559|technical_metadata:0.520,title_query_fit:0.000|heading_query_fit:0.000|structured_support:0.000|semantic_query_fit:0.064
входные двери Казань,https://kazan.dverimagnat.ru/,77.7,seo_weighted_rubric_v4,d45_seo_weighted_rubric_v1,deterministic_expert_rubric=true; human_label=false; rank=5; page_type=homepage; raw_score=77.7; cap=100.0,0.746243,0.789611,0.747883,0.789474,100.0,,medium,crawl_indexability:1.000|canonical_consistency:1.000|text_sufficiency:1.000|commercial_trust:0.968,structured_support:0.187|title_query_fit:0.443
входные двери Казань,https://kzn.doorsstore.ru/,63.5,seo_weighted_rubric_v4,d45_seo_weighted_rubric_v1,deterministic_expert_rubric=true; human_label=false; rank=9; page_type=homepage; raw_score=63.5; cap=78.0,0.524304,0.784436,0.674,0.578947,78.0,critical_query_title_fit_weak|important_canonical_points_elsewhere,low,crawl_indexability:1.000|text_sufficiency:1.000|media_and_internal_navigation:1.000|technical_metadata:0.981,structured_support:0.000|title_query_fit:0.156|canonical_consistency:0.250
входные двери Краснодар,https://dveri-estetika.ru/,74.9,seo_weighted_rubric_v4,d45_seo_weighted_rubric_v1,deterministic_expert_rubric=true; human_label=false; rank=1; page_type=homepage; raw_score=74.9; cap=78.0,0.678531,0.752313,0.8469,1.0,78.0,critical_query_title_fit_weak,medium,crawl_indexability:1.000|canonical_consistency:1.000|media_and_internal_navigation:1.000|technical_metadata:0.997,title_query_fit:0.327|page_structure:0.420
входные двери Краснодар,https://prodverikrd.ru/,67.1,seo_weighted_rubric_v4,d45_seo_weighted_rubric_v1,deterministic_expert_rubric=true; human_label=false; rank=2; page_type=homepage; raw_score=67.1; cap=78.0,0.574683,0.75083,0.673983,0.947368,78.0,critical_query_title_fit_weak,medium,crawl_indexability:1.000|canonical_consistency:1.000|media_and_internal_navigation:1.000|technical_metadata:0.969,structured_support:0.187|heading_query_fit:0.200|title_query_fit:0.304|page_structure:0.419
входные двери Краснодар,https://krasnodar.lemanapro.ru/catalogue/vhodnye-dveri/,31.7,seo_weighted_rubric_v4,d45_seo_weighted_rubric_v1,deterministic_expert_rubric=true; human_label=false; rank=3; page_type=product; raw_score=31.7; cap=35.0,0.149479,0.524401,0.03095,0.894737,35.0,critical_http_status_not_ok|critical_intent_alignment_weak|critical_page_not_indexable|critical_query_title_fit_weak|critical_semantic_query_fit_weak|important_extremely_thin_content,blocked,commercial_trust:0.720|technical_metadata:0.640|mobile_render_performance:0.589,secondary_commercial_details:0.000|structured_support:0.000|semantic_query_fit:0.002|media_and_internal_navigation:0.005
входные двери Краснодар,https://dverka123.ru/,81.1,seo_weighted_rubric_v4,d45_seo_weighted_rubric_v1,deterministic_expert_rubric=true; human_label=false; rank=4; page_type=homepage; raw_score=81.1; cap=100.0,0.763903,0.816745,0.8844,0.842105,100.0,,medium,crawl_indexability:1.000|canonical_consistency:1.000|text_sufficiency:1.000|media_and_internal_navigation:1.000,title_query_fit:0.474|mobile_render_performance:0.544|page_structure:0.639
входные двери Краснодар,https://dveri-ntd.ru/,70.6,seo_weighted_rubric_v4,d45_seo_weighted_rubric_v1,deterministic_expert_rubric=true; human_label=false; rank=5; page_type=homepage; raw_score=70.6; cap=78.0,0.615422,0.765506,0.837483,0.789474,78.0,critical_query_title_fit_weak,medium,crawl_indexability:1.000|canonical_consistency:1.000|text_sufficiency:1.000|media_and_internal_navigation:1.000,structured_support:0.187|title_query_fit:0.220|page_structure:0.361
входные двери Краснодар,https://modern-dveri.ru/catalog/vkhodnye-dveri/,78.2,seo_weighted_rubric_v4,d45_seo_weighted_rubric_v1,deterministic_expert_rubric=true; human_label=false; rank=6; page_type=product; raw_score=78.2; cap=100.0,0.767883,0.74485,0.695,0.736842,100.0,,medium,crawl_indexability:1.000|canonical_consistency:1.000|text_sufficiency:1.000|media_and_internal_navigation:1.000,structured_support:0.000
входные двери Краснодар,https://krasnodar.mall-of-doors.ru/catalog/,74.4,seo_weighted_rubric_v4,d45_seo_weighted_rubric_v1,deterministic_expert_rubric=true; human_label=false; rank=7; page_type=product; raw_score=74.4; cap=78.0,0.662549,0.785045,0.8,0.684211,78.0,critical_query_title_fit_weak,medium,crawl_indexability:1.000|canonical_consistency:1.000|text_sufficiency:1.000|media_and_internal_navigation:1.000,structured_support:0.000|title_query_fit:0.158|mobile_render_performance:0.449
входные двери Краснодар,https://krd.doorsstore.ru/,63.8,seo_weighted_rubric_v4,d45_seo_weighted_rubric_v1,deterministic_expert_rubric=true; human_label=false; rank=8; page_type=homepage; raw_score=63.8; cap=78.0,0.524519,0.78501,0.674,0.631579,78.0,critical_query_title_fit_weak|important_canonical_points_elsewhere,low,crawl_indexability:1.000|text_sufficiency:1.000|media_and_internal_navigation:1.000|technical_metadata:0.981,structured_support:0.000|title_query_fit:0.149|canonical_consistency:0.250
входные двери Краснодар,https://dveriarkada.ru/,70.8,seo_weighted_rubric_v4,d45_seo_weighted_rubric_v1,deterministic_expert_rubric=true; human_label=false; rank=9; page_type=homepage; raw_score=70.8; cap=78.0,0.643883,0.786972,0.737,0.578947,78.0,critical_query_title_fit_weak,medium,crawl_indexability:1.000|canonical_consistency:1.000|text_sufficiency:1.000|media_and_internal_navigation:1.000,structured_support:0.000|title_query_fit:0.313|heading_query_fit:0.380
входные двери Краснодар,https://goroddverei23.ru/catalog/vkhodnye-dveri/,75.2,seo_weighted_rubric_v4,d45_seo_weighted_rubric_v1,deterministic_expert_rubric=true; human_label=false; rank=10; page_type=product; raw_score=75.2; cap=100.0,0.701528,0.754709,0.837483,0.526316,100.0,,medium,crawl_indexability:1.000|canonical_consistency:1.000|commercial_trust:1.000|text_sufficiency:1.000,structured_support:0.187|page_structure:0.385|title_query_fit:0.405
входные двери Самара,https://samara.dverimagnat.ru/,80.7,seo_weighted_rubric_v4,d45_seo_weighted_rubric_v1,deterministic_expert_rubric=true; human_label=false; rank=1; page_type=homepage; raw_score=80.7; cap=100.0,0.781268,0.797385,0.728883,1.0,100.0,,medium,crawl_indexability:1.000|canonical_consistency:1.000|text_sufficiency:1.000|commercial_trust:0.968,structured_support:0.187
входные двери Самара,https://samara.lemanapro.ru/catalogue/vhodnye-dveri/,32.4,seo_weighted_rubric_v4,d45_seo_weighted_rubric_v1,deterministic_expert_rubric=true; human_label=false; rank=2; page_type=product; raw_score=32.4; cap=35.0,0.157377,0.524425,0.03095,0.947368,35.0,critical_http_status_not_ok|critical_intent_alignment_weak|critical_page_not_indexable|critical_query_title_fit_weak|critical_semantic_query_fit_weak|important_extremely_thin_content,blocked,commercial_trust:0.720|technical_metadata:0.640|mobile_render_performance:0.589,secondary_commercial_details:0.000|structured_support:0.000|media_and_internal_navigation:0.005|semantic_query_fit:0.025
входные двери Самара,https://guardian-smr.ru/,77.8,seo_weighted_rubric_v4,d45_seo_weighted_rubric_v1,deterministic_expert_rubric=true; human_label=false; rank=3; page_type=homepage; raw_score=77.8; cap=100.0,0.746178,0.787881,0.711483,0.894737,100.0,,medium,crawl_indexability:1.000|canonical_consistency:1.000|text_sufficiency:1.000|media_and_internal_navigation:1.000,structured_support:0.187
входные двери Самара,https://sfdoors.ru/,71.7,seo_weighted_rubric_v4,d45_seo_weighted_rubric_v1,deterministic_expert_rubric=true; human_label=false; rank=4; page_type=homepage; raw_score=71.7; cap=78.0,0.619763,0.795514,0.8,0.842105,78.0,critical_query_title_fit_weak,medium,crawl_indexability:1.000|text_sufficiency:1.000|media_and_internal_navigation:1.000|secondary_commercial_details:1.000,structured_support:0.000|canonical_consistency:0.150|title_query_fit:0.273
входные двери Самара,https://samara.metaldveri.ru/,77.6,seo_weighted_rubric_v4,d45_seo_weighted_rubric_v1,deterministic_expert_rubric=true; human_label=false; rank=5; page_type=homepage; raw_score=77.6; cap=100.0,0.762647,0.738705,0.8,0.789474,100.0,,medium,canonical_consistency:1.000|text_sufficiency:1.000|media_and_internal_navigation:1.000|secondary_commercial_details:1.000,structured_support:0.000
входные двери Самара,https://enter63.ru/,69.0,seo_weighted_rubric_v4,d45_seo_weighted_rubric_v1,deterministic_expert_rubric=true; human_label=false; rank=6; page_type=homepage; raw_score=69.0; cap=100.0,0.669293,0.700776,0.6015,0.736842,100.0,,medium,crawl_indexability:1.000|media_and_internal_navigation:1.000|technical_metadata:0.937|text_sufficiency:0.850,structured_support:0.000|canonical_consistency:0.150
входные двери Самара,https://yadoma-sam.ru/,75.3,seo_weighted_rubric_v4,d45_seo_weighted_rubric_v1,deterministic_expert_rubric=true; human_label=false; rank=7; page_type=homepage; raw_score=75.3; cap=78.0,0.7227,0.773874,0.737,0.684211,78.0,critical_query_title_fit_weak,medium,crawl_indexability:1.000|canonical_consistency:1.000|text_sufficiency:1.000|media_and_internal_navigation:1.000,structured_support:0.000|title_query_fit:0.272|page_structure:0.445
входные двери Самара,https://ds-doors.ru/catalog/vhodnye-dveri/,75.4,seo_weighted_rubric_v4,d45_seo_weighted_rubric_v1,deterministic_expert_rubric=true; human_label=false; rank=8; page_type=product; raw_score=75.4; cap=100.0,0.751492,0.729004,0.6015,0.631579,100.0,,medium,crawl_indexability:1.000|canonical_consistency:1.000|media_and_internal_navigation:1.000|technical_metadata:0.890,structured_support:0.000|title_query_fit:0.445
входные двери Самара,https://dveri-shops.ru/samara,74.5,seo_weighted_rubric_v4,d45_seo_weighted_rubric_v1,deterministic_expert_rubric=true; human_label=false; rank=9; page_type=content; raw_score=74.5; cap=100.0,0.759261,0.763838,0.8914,0.578947,100.0,,medium,crawl_indexability:1.000|canonical_consistency:1.000|text_sufficiency:1.000|media_and_internal_navigation:1.000,title_query_fit:0.468|mobile_render_performance:0.496|page_structure:0.599
входные двери Самара,https://ferroni-doors163.ru/,61.7,seo_weighted_rubric_v4,d45_seo_weighted_rubric_v1,deterministic_expert_rubric=true; human_label=false; rank=10; page_type=homepage; raw_score=61.7; cap=100.0,0.598056,0.67883,0.4325,0.526316,100.0,,low,crawl_indexability:1.000|commercial_trust:0.873|technical_metadata:0.840,structured_support:0.000|canonical_consistency:0.150|page_structure:0.265|title_query_fit:0.416
входные двери Нижний Новгород,https://dveridaromnn.ru/,73.1,seo_weighted_rubric_v4,d45_seo_weighted_rubric_v1,deterministic_expert_rubric=true; human_label=false; rank=1; page_type=homepage; raw_score=73.1; cap=100.0,0.689635,0.725495,0.695,1.0,100.0,,medium,canonical_consistency:1.000|text_sufficiency:1.000|media_and_internal_navigation:1.000|crawl_indexability:0.930,structured_support:0.000|title_query_fit:0.364|mobile_render_performance:0.439
входные двери Нижний Новгород,https://n-gr.ru/,64.1,seo_weighted_rubric_v4,d45_seo_weighted_rubric_v1,deterministic_expert_rubric=true; human_label=false; rank=2; page_type=homepage; raw_score=64.1; cap=78.0,0.49424,0.777398,0.737,0.947368,78.0,critical_query_title_fit_weak,low,crawl_indexability:1.000|text_sufficiency:1.000|media_and_internal_navigation:1.000|commercial_trust:0.968,heading_query_fit:0.000|structured_support:0.000|canonical_consistency:0.150|title_query_fit:0.302
входные двери Нижний Новгород,https://nizhny-novgorod.doorsstore.ru/,65.5,seo_weighted_rubric_v4,d45_seo_weighted_rubric_v1,deterministic_expert_rubric=true; human_label=false; rank=3; page_type=homepage; raw_score=65.5; cap=78.0,0.529145,0.789955,0.674,0.894737,78.0,critical_query_title_fit_weak|important_canonical_points_elsewhere,medium,crawl_indexability:1.000|text_sufficiency:1.000|media_and_internal_navigation:1.000|technical_metadata:0.981,structured_support:0.000|title_query_fit:0.138|canonical_consistency:0.250
входные двери Нижний Новгород,https://nn.fabrichnie-dveri.ru/,74.0,seo_weighted_rubric_v4,d45_seo_weighted_rubric_v1,deterministic_expert_rubric=true; human_label=false; rank=4; page_type=homepage; raw_score=74.0; cap=78.0,0.658682,0.7826,0.862367,0.842105,78.0,critical_query_title_fit_weak,medium,crawl_indexability:1.000|canonical_consistency:1.000|text_sufficiency:1.000|media_and_internal_navigation:1.000,title_query_fit:0.307|structured_support:0.312|page_structure:0.388
входные двери Нижний Новгород,https://sevendoors.ru/,73.8,seo_weighted_rubric_v4,d45_seo_weighted_rubric_v1,deterministic_expert_rubric=true; human_label=false; rank=5; page_type=homepage; raw_score=73.8; cap=100.0,0.667994,0.795246,0.774483,0.789474,100.0,,medium,crawl_indexability:1.000|canonical_consistency:1.000|offer_and_conversion:1.000|text_sufficiency:1.000,structured_support:0.187|heading_query_fit:0.359|title_query_fit:0.381|page_structure:0.396
входные двери Нижний Новгород,https://nigny-novgorod.dverimagnat.ru/,75.2,seo_weighted_rubric_v4,d45_seo_weighted_rubric_v1,deterministic_expert_rubric=true; human_label=false; rank=6; page_type=homepage; raw_score=75.2; cap=100.0,0.70859,0.782576,0.751683,0.736842,100.0,,medium,crawl_indexability:1.000|canonical_consistency:1.000|text_sufficiency:1.000|commercial_trust:0.968,structured_support:0.187|title_query_fit:0.359
входные двери Нижний Новгород,https://tsdveri.ru/catalog/vhodnye-dveri/,64.0,seo_weighted_rubric_v4,d45_seo_weighted_rubric_v1,deterministic_expert_rubric=true; human_label=false; rank=7; page_type=product; raw_score=64.0; cap=100.0,0.552736,0.674509,0.6923,0.684211,100.0,,low,canonical_consistency:1.000|media_and_internal_navigation:0.964|crawl_indexability:0.930|commercial_trust:0.904,heading_query_fit:0.000|structured_support:0.000|page_structure:0.303|title_query_fit:0.379
входные двери Нижний Новгород,https://nn-dveri.ru/,60.7,seo_weighted_rubric_v4,d45_seo_weighted_rubric_v1,deterministic_expert_rubric=true; human_label=false; rank=8; page_type=homepage; raw_score=60.7; cap=70.0,0.600708,0.660102,0.3169,0.631579,70.0,critical_query_title_fit_weak|supporting_text_insufficient,low,crawl_indexability:1.000|canonical_consistency:1.000|offer_and_conversion:0.860,secondary_commercial_details:0.180|heading_query_fit:0.200|title_query_fit:0.207|page_structure:0.278
входные двери Нижний Новгород,https://nizhniy-novgorod.straj-dveri.ru/,72.4,seo_weighted_rubric_v4,d45_seo_weighted_rubric_v1,deterministic_expert_rubric=true; human_label=false; rank=9; page_type=homepage; raw_score=72.4; cap=100.0,0.720463,0.752188,0.5805,0.578947,100.0,,medium,crawl_indexability:1.000|canonical_consistency:1.000|media_and_internal_navigation:1.000|technical_metadata:0.966,structured_support:0.000|title_query_fit:0.367|page_structure:0.429
входные двери Нижний Новгород,https://nizhniy-novgorod.mosdveri.ru/,72.9,seo_weighted_rubric_v4,d45_seo_weighted_rubric_v1,deterministic_expert_rubric=true; human_label=false; rank=10; page_type=homepage; raw_score=72.9; cap=78.0,0.6922,0.767989,0.764367,0.526316,78.0,critical_query_title_fit_weak,medium,crawl_indexability:1.000|canonical_consistency:1.000|text_sufficiency:1.000|media_and_internal_navigation:1.000,structured_support:0.312|title_query_fit:0.313
входные двери цена Москва,https://lemanapro.ru/catalogue/vhodnye-dveri/,27.6,seo_weighted_rubric_v4,d45_seo_weighted_rubric_v1,deterministic_expert_rubric=true; human_label=false; rank=1; page_type=product; raw_score=27.6; cap=35.0,0.146309,0.375054,0.03095,1.0,35.0,critical_http_status_not_ok|critical_intent_alignment_weak|critical_page_not_indexable|critical_query_title_fit_weak|critical_semantic_query_fit_weak|important_commercial_trust_weak|important_extremely_thin_content,blocked,technical_metadata:0.640|mobile_render_performance:0.590|page_structure:0.380,secondary_commercial_details:0.000|structured_support:0.000|media_and_internal_navigation:0.005|semantic_query_fit:0.009
входные двери цена Москва,https://mosdvery.ru/categories/vkhodnye-dveri,74.0,seo_weighted_rubric_v4,d45_seo_weighted_rubric_v1,deterministic_expert_rubric=true; human_label=false; rank=3; page_type=content; raw_score=74.0; cap=100.0,0.772336,0.702439,0.8,0.894737,100.0,,medium,canonical_consistency:1.000|commercial_trust:1.000|text_sufficiency:1.000|media_and_internal_navigation:1.000,structured_support:0.000|mobile_render_performance:0.336|title_query_fit:0.432
входные двери цена Москва,https://onixdoor.ru/,80.2,seo_weighted_rubric_v4,d45_seo_weighted_rubric_v1,deterministic_expert_rubric=true; human_label=false; rank=5; page_type=homepage; raw_score=80.2; cap=100.0,0.778207,0.773131,0.873283,0.789474,100.0,,medium,crawl_indexability:1.000|canonical_consistency:1.000|text_sufficiency:1.000|media_and_internal_navigation:1.000,structured_support:0.366|title_query_fit:0.386
входные двери цена Москва,https://tskdoors.ru/,68.3,seo_weighted_rubric_v4,d45_seo_weighted_rubric_v1,deterministic_expert_rubric=true; human_label=false; rank=6; page_type=homepage; raw_score=68.3; cap=78.0,0.635919,0.718154,0.6645,0.736842,78.0,critical_query_title_fit_weak,medium,media_and_internal_navigation:1.000|crawl_indexability:0.930|offer_and_conversion:0.860|text_sufficiency:0.850,structured_support:0.000|canonical_consistency:0.150|title_query_fit:0.350
входные двери цена Москва,https://www.dverimagnat.ru/,82.2,seo_weighted_rubric_v4,d45_seo_weighted_rubric_v1,deterministic_expert_rubric=true; human_label=false; rank=7; page_type=homepage; raw_score=82.2; cap=100.0,0.824426,0.80725,0.774483,0.684211,100.0,,medium,crawl_indexability:1.000|canonical_consistency:1.000|text_sufficiency:1.000|media_and_internal_navigation:1.000,structured_support:0.187|title_query_fit:0.412
входные двери цена Москва,https://dozor-dveri.ru/catalog/vhodnie-dveri-ekonom/,78.6,seo_weighted_rubric_v4,d45_seo_weighted_rubric_v1,deterministic_expert_rubric=true; human_label=false; rank=8; page_type=product; raw_score=78.6; cap=100.0,0.723256,0.823438,0.8,0.631579,100.0,,medium,crawl_indexability:1.000|canonical_consistency:1.000|text_sufficiency:1.000|media_and_internal_navigation:1.000,structured_support:0.000|title_query_fit:0.382
входные двери цена Москва,https://www.dveri-tut.com/vhodnye-dveri/,75.1,seo_weighted_rubric_v4,d45_seo_weighted_rubric_v1,deterministic_expert_rubric=true; human_label=false; rank=9; page_type=content; raw_score=75.1; cap=100.0,0.779771,0.743129,0.906767,0.578947,100.0,,medium,canonical_consistency:1.000|text_sufficiency:1.000|media_and_internal_navigation:1.000|secondary_commercial_details:1.000,title_query_fit:0.449
входные двери цена Москва,https://msc.rusdver.net/,77.4,seo_weighted_rubric_v4,d45_seo_weighted_rubric_v1,deterministic_expert_rubric=true; human_label=false; rank=10; page_type=homepage; raw_score=77.4; cap=78.0,0.742122,0.790722,0.876,0.526316,78.0,critical_query_title_fit_weak,medium,crawl_indexability:1.000|canonical_consistency:1.000|text_sufficiency:1.000|media_and_internal_navigation:1.000,title_query_fit:0.297
входные двери цена Санкт-Петербург,https://spb.dveri-tmk.ru/catalog/vhodnye-dveri/,70.2,seo_weighted_rubric_v4,d45_seo_weighted_rubric_v1,deterministic_expert_rubric=true; human_label=false; rank=1; page_type=product; raw_score=70.2; cap=100.0,0.615084,0.714211,0.695,1.0,100.0,,medium,crawl_indexability:1.000|text_sufficiency:1.000|media_and_internal_navigation:1.000|offer_and_conversion:0.860,structured_support:0.000|canonical_consistency:0.150
входные двери цена Санкт-Петербург,https://spb.lemanapro.ru/catalogue/vhodnye-dveri/,27.8,seo_weighted_rubric_v4,d45_seo_weighted_rubric_v1,deterministic_expert_rubric=true; human_label=false; rank=2; page_type=product; raw_score=27.8; cap=35.0,0.154318,0.374976,0.03095,0.947368,35.0,critical_http_status_not_ok|critical_intent_alignment_weak|critical_page_not_indexable|critical_query_title_fit_weak|critical_semantic_query_fit_weak|important_commercial_trust_weak|important_extremely_thin_content,blocked,technical_metadata:0.640|mobile_render_performance:0.589|page_structure:0.380,secondary_commercial_details:0.000|structured_support:0.000|media_and_internal_navigation:0.005|semantic_query_fit:0.036
входные двери цена Санкт-Петербург,https://spb.dverimagnat.ru/,82.3,seo_weighted_rubric_v4,d45_seo_weighted_rubric_v1,deterministic_expert_rubric=true; human_label=false; rank=3; page_type=homepage; raw_score=82.3; cap=100.0,0.813912,0.796746,0.761183,0.894737,100.0,,medium,crawl_indexability:1.000|canonical_consistency:1.000|text_sufficiency:1.000|commercial_trust:0.968,structured_support:0.187|title_query_fit:0.424
входные двери цена Санкт-Петербург,https://spb.mall-of-doors.ru/,79.0,seo_weighted_rubric_v4,d45_seo_weighted_rubric_v1,deterministic_expert_rubric=true; human_label=false; rank=5; page_type=homepage; raw_score=79.0; cap=100.0,0.75683,0.798765,0.8,0.789474,100.0,,medium,crawl_indexability:1.000|canonical_consistency:1.000|text_sufficiency:1.000|media_and_internal_navigation:1.000,structured_support:0.000|title_query_fit:0.355
входные двери цена Санкт-Петербург,https://dverineva.ru/,70.2,seo_weighted_rubric_v4,d45_seo_weighted_rubric_v1,deterministic_expert_rubric=true; human_label=false; rank=6; page_type=homepage; raw_score=70.2; cap=78.0,0.605122,0.777202,0.837483,0.736842,78.0,critical_query_title_fit_weak,medium,crawl_indexability:1.000|text_sufficiency:1.000|media_and_internal_navigation:1.000|secondary_commercial_details:1.000,canonical_consistency:0.150|structured_support:0.187|title_query_fit:0.325
входные двери цена Санкт-Петербург,https://doors-lux.ru/,77.5,seo_weighted_rubric_v4,d45_seo_weighted_rubric_v1,deterministic_expert_rubric=true; human_label=false; rank=7; page_type=homepage; raw_score=77.5; cap=78.0,0.718674,0.821683,0.837483,0.684211,78.0,critical_query_title_fit_weak,medium,crawl_indexability:1.000|canonical_consistency:1.000|text_sufficiency:1.000|media_and_internal_navigation:1.000,structured_support:0.187|title_query_fit:0.285
входные двери цена Санкт-Петербург,https://dveri-reg.ru/,74.8,seo_weighted_rubric_v4,d45_seo_weighted_rubric_v1,deterministic_expert_rubric=true; human_label=false; rank=8; page_type=homepage; raw_score=74.8; cap=78.0,0.728375,0.75557,0.737,0.631579,78.0,critical_query_title_fit_weak,medium,crawl_indexability:1.000|canonical_consistency:1.000|text_sufficiency:1.000|media_and_internal_navigation:1.000,structured_support:0.000|title_query_fit:0.335|heading_query_fit:0.339
входные двери цена Санкт-Петербург,https://www.mk-doors.ru/dveri/vhodnye-dveri/,73.3,seo_weighted_rubric_v4,d45_seo_weighted_rubric_v1,deterministic_expert_rubric=true; human_label=false; rank=9; page_type=content; raw_score=73.3; cap=100.0,0.734134,0.752515,0.9432,0.578947,100.0,,medium,crawl_indexability:1.000|canonical_consistency:1.000|text_sufficiency:1.000|media_and_internal_navigation:1.000,page_structure:0.399|title_query_fit:0.400
входные двери цена Санкт-Петербург,https://steelline-spb.ru/catalog/vhodnye-dveri/,75.3,seo_weighted_rubric_v4,d45_seo_weighted_rubric_v1,deterministic_expert_rubric=true; human_label=false; rank=10; page_type=product; raw_score=75.3; cap=78.0,0.714247,0.747678,0.8,0.526316,78.0,critical_query_title_fit_weak,medium,crawl_indexability:1.000|canonical_consistency:1.000|text_sufficiency:1.000|media_and_internal_navigation:1.000,structured_support:0.000|title_query_fit:0.339
входные двери цена Екатеринбург,https://ekb.rusdver.net/,78.0,seo_weighted_rubric_v4,d45_seo_weighted_rubric_v1,deterministic_expert_rubric=true; human_label=false; rank=1; page_type=homepage; raw_score=78.1; cap=78.0,0.721228,0.771131,0.8802,1.0,78.0,critical_query_title_fit_weak,medium,crawl_indexability:1.000|canonical_consistency:1.000|text_sufficiency:1.000|media_and_internal_navigation:1.000,title_query_fit:0.278
входные двери цена Екатеринбург,https://dveron.ru/vhodnye-dveri,73.6,seo_weighted_rubric_v4,d45_seo_weighted_rubric_v1,deterministic_expert_rubric=true; human_label=false; rank=2; page_type=content; raw_score=73.6; cap=78.0,0.758276,0.747305,0.674,0.947368,78.0,critical_query_title_fit_weak,medium,crawl_indexability:1.000|canonical_consistency:1.000|text_sufficiency:1.000|media_and_internal_navigation:1.000,structured_support:0.000|title_query_fit:0.348
входные двери цена Екатеринбург,https://ekaterinburg.gigant-dveri.ru/,69.7,seo_weighted_rubric_v4,d45_seo_weighted_rubric_v1,deterministic_expert_rubric=true; human_label=false; rank=3; page_type=homepage; raw_score=69.7; cap=78.0,0.602753,0.77408,0.737,0.894737,78.0,critical_query_title_fit_weak,medium,crawl_indexability:1.000|text_sufficiency:1.000|media_and_internal_navigation:1.000|commercial_trust:0.968,structured_support:0.000|canonical_consistency:0.150|title_query_fit:0.309|page_structure:0.397
входные двери цена Екатеринбург,https://ekat.steklodom.com/catalog/vhodnye-dveri/,66.8,seo_weighted_rubric_v4,d45_seo_weighted_rubric_v1,deterministic_expert_rubric=true; human_label=false; rank=4; page_type=product; raw_score=66.8; cap=100.0,0.587853,0.677347,0.695,0.842105,100.0,,medium,text_sufficiency:1.000|media_and_internal_navigation:1.000|crawl_indexability:0.930|offer_and_conversion:0.860,heading_query_fit:0.000|structured_support:0.000|canonical_consistency:0.150
входные двери цена Екатеринбург,https://ekaterinburg.lemanapro.ru/catalogue/vhodnye-dveri/,26.8,seo_weighted_rubric_v4,d45_seo_weighted_rubric_v1,deterministic_expert_rubric=true; human_label=false; rank=5; page_type=product; raw_score=26.8; cap=35.0,0.150767,0.375129,0.03095,0.789474,35.0,critical_http_status_not_ok|critical_intent_alignment_weak|critical_page_not_indexable|critical_query_title_fit_weak|critical_semantic_query_fit_weak|important_commercial_trust_weak|important_extremely_thin_content,blocked,technical_metadata:0.640|mobile_render_performance:0.590|page_structure:0.380,secondary_commercial_details:0.000|structured_support:0.000|media_and_internal_navigation:0.005|semantic_query_fit:0.024
входные двери цена Екатеринбург,https://dverhome.ru/,76.7,seo_weighted_rubric_v4,d45_seo_weighted_rubric_v1,deterministic_expert_rubric=true; human_label=false; rank=6; page_type=homepage; raw_score=76.7; cap=78.0,0.681231,0.810197,0.973,0.736842,78.0,critical_query_title_fit_weak,medium,crawl_indexability:1.000|canonical_consistency:1.000|text_sufficiency:1.000|secondary_commercial_details:1.000,title_query_fit:0.265|heading_query_fit:0.351
входные двери цена Екатеринбург,https://dvernoyekb.ru/catalog/vhodnye-dveri,76.9,seo_weighted_rubric_v4,d45_seo_weighted_rubric_v1,deterministic_expert_rubric=true; human_label=false; rank=7; page_type=product; raw_score=76.9; cap=78.0,0.742986,0.731355,0.764367,0.684211,78.0,critical_query_title_fit_weak,medium,crawl_indexability:1.000|canonical_consistency:1.000|text_sufficiency:1.000|media_and_internal_navigation:1.000,structured_support:0.312|title_query_fit:0.332
входные двери цена Екатеринбург,https://ekaterinburg.mall-of-doors.ru/,78.0,seo_weighted_rubric_v4,d45_seo_weighted_rubric_v1,deterministic_expert_rubric=true; human_label=false; rank=8; page_type=homepage; raw_score=78.1; cap=78.0,0.751912,0.801878,0.8,0.631579,78.0,critical_query_title_fit_weak,medium,crawl_indexability:1.000|canonical_consistency:1.000|text_sufficiency:1.000|media_and_internal_navigation:1.000,structured_support:0.000|title_query_fit:0.320
входные двери цена Екатеринбург,https://ekaterenburg.estetdveri.ru/catalog/vkhodnye-dveri/,76.5,seo_weighted_rubric_v4,d45_seo_weighted_rubric_v1,deterministic_expert_rubric=true; human_label=false; rank=9; page_type=product; raw_score=76.5; cap=78.0,0.760408,0.733819,0.674,0.578947,78.0,critical_query_title_fit_weak,medium,crawl_indexability:1.000|canonical_consistency:1.000|text_sufficiency:1.000|media_and_internal_navigation:1.000,structured_support:0.000|title_query_fit:0.325
входные двери цена Екатеринбург,https://ekaterinburg.dverimagnat.ru/kvartirnye-dveri/,75.2,seo_weighted_rubric_v4,d45_seo_weighted_rubric_v1,deterministic_expert_rubric=true; human_label=false; rank=10; page_type=content; raw_score=75.2; cap=100.0,0.782171,0.792713,0.774483,0.526316,100.0,,medium,crawl_indexability:1.000|canonical_consistency:1.000|text_sufficiency:1.000|media_and_internal_navigation:1.000,structured_support:0.187|title_query_fit:0.355
входные двери цена Новосибирск,https://novosibirsk.dverimagnat.ru/,82.1,seo_weighted_rubric_v4,d45_seo_weighted_rubric_v1,deterministic_expert_rubric=true; human_label=false; rank=1; page_type=homepage; raw_score=82.1; cap=100.0,0.806185,0.799044,0.732683,1.0,100.0,,medium,crawl_indexability:1.000|canonical_consistency:1.000|text_sufficiency:1.000|commercial_trust:0.968,structured_support:0.187|title_query_fit:0.392
входные двери цена Новосибирск,https://novosibirsk.estetdveri.ru/catalog/vkhodnye-dveri/,77.4,seo_weighted_rubric_v4,d45_seo_weighted_rubric_v1,deterministic_expert_rubric=true; human_label=false; rank=2; page_type=product; raw_score=77.4; cap=78.0,0.746098,0.72906,0.674,0.947368,78.0,critical_query_title_fit_weak,medium,crawl_indexability:1.000|canonical_consistency:1.000|text_sufficiency:1.000|media_and_internal_navigation:1.000,structured_support:0.000|title_query_fit:0.317
входные двери цена Новосибирск,https://novosibirsk.lemanapro.ru/catalogue/vhodnye-dveri/,27.0,seo_weighted_rubric_v4,d45_seo_weighted_rubric_v1,deterministic_expert_rubric=true; human_label=false; rank=3; page_type=product; raw_score=27.0; cap=35.0,0.144646,0.375223,0.03095,0.894737,35.0,critical_http_status_not_ok|critical_intent_alignment_weak|critical_page_not_indexable|critical_query_title_fit_weak|critical_semantic_query_fit_weak|important_commercial_trust_weak|important_extremely_thin_content,blocked,technical_metadata:0.640|mobile_render_performance:0.591|page_structure:0.380,secondary_commercial_details:0.000|structured_support:0.000|semantic_query_fit:0.004|media_and_internal_navigation:0.005
входные двери цена Новосибирск,https://novosibirsk.mosdveri.ru/,77.3,seo_weighted_rubric_v4,d45_seo_weighted_rubric_v1,deterministic_expert_rubric=true; human_label=false; rank=4; page_type=homepage; raw_score=77.3; cap=78.0,0.739253,0.776438,0.764367,0.842105,78.0,critical_query_title_fit_weak,medium,crawl_indexability:1.000|canonical_consistency:1.000|text_sufficiency:1.000|media_and_internal_navigation:1.000,structured_support:0.312|title_query_fit:0.332
входные двери цена Новосибирск,https://nsk-dveri.ru/,73.6,seo_weighted_rubric_v4,d45_seo_weighted_rubric_v1,deterministic_expert_rubric=true; human_label=false; rank=5; page_type=homepage; raw_score=73.6; cap=78.0,0.67788,0.784629,0.732483,0.789474,78.0,critical_query_title_fit_weak,medium,crawl_indexability:1.000|canonical_consistency:1.000|text_sufficiency:1.000|media_and_internal_navigation:1.000,structured_support:0.187|title_query_fit:0.273
входные двери цена Новосибирск,https://shop-nsk.ru/,65.3,seo_weighted_rubric_v4,d45_seo_weighted_rubric_v1,deterministic_expert_rubric=true; human_label=false; rank=6; page_type=homepage; raw_score=65.3; cap=100.0,0.560383,0.729327,0.737,0.736842,100.0,,medium,crawl_indexability:1.000|text_sufficiency:1.000|media_and_internal_navigation:1.000|commercial_trust:0.936,structured_support:0.000|canonical_consistency:0.150|title_query_fit:0.360|heading_query_fit:0.386
входные двери цена Новосибирск,https://novosibirsk.metaldveri.ru/,75.3,seo_weighted_rubric_v4,d45_seo_weighted_rubric_v1,deterministic_expert_rubric=true; human_label=false; rank=7; page_type=homepage; raw_score=75.3; cap=100.0,0.735461,0.729869,0.8,0.684211,100.0,,medium,canonical_consistency:1.000|text_sufficiency:1.000|media_and_internal_navigation:1.000|secondary_commercial_details:1.000,structured_support:0.000|title_query_fit:0.367|page_structure:0.420
входные двери цена Новосибирск,https://www.avito.ru/novosibirsk/remont_i_stroitelstvo/dveri/vxodnye-ASgBAgICAkRYnEvYpBSA9Y4D,25.1,seo_weighted_rubric_v4,d45_seo_weighted_rubric_v1,deterministic_expert_rubric=true; human_label=false; rank=8; page_type=content; raw_score=25.1; cap=35.0,0.150128,0.468346,0.16785,0.631579,35.0,critical_http_status_not_ok|critical_intent_alignment_weak|critical_page_not_indexable|critical_query_title_fit_weak|critical_semantic_query_fit_weak|supporting_text_insufficient,blocked,mobile_render_performance:0.631|technical_metadata:0.600|offer_and_conversion:0.500,heading_query_fit:0.000|structured_support:0.000|media_and_internal_navigation:0.017|semantic_query_fit:0.031
входные двери цена Новосибирск,https://nsk.d-arsenal.ru/,65.2,seo_weighted_rubric_v4,d45_seo_weighted_rubric_v1,deterministic_expert_rubric=true; human_label=false; rank=9; page_type=homepage; raw_score=65.2; cap=78.0,0.553772,0.782471,0.6923,0.578947,78.0,critical_query_title_fit_weak,medium,crawl_indexability:1.000|technical_metadata:0.987|media_and_internal_navigation:0.964|commercial_trust:0.936,heading_query_fit:0.000|structured_support:0.000|canonical_consistency:0.150|title_query_fit:0.318
входные двери цена Новосибирск,https://www.novodoor-nsk.ru/,56.8,seo_weighted_rubric_v4,d45_seo_weighted_rubric_v1,deterministic_expert_rubric=true; human_label=false; rank=10; page_type=homepage; raw_score=56.8; cap=78.0,0.512501,0.668733,0.44105,0.526316,78.0,critical_query_title_fit_weak,low,crawl_indexability:1.000|offer_and_conversion:0.860|technical_metadata:0.840,structured_support:0.000|canonical_consistency:0.150|title_query_fit:0.169|heading_query_fit:0.200
входные двери цена Казань,https://kazan.dverimagnat.ru/,81.0,seo_weighted_rubric_v4,d45_seo_weighted_rubric_v1,deterministic_expert_rubric=true; human_label=false; rank=1; page_type=homepage; raw_score=81.0; cap=100.0,0.784254,0.795656,0.747883,1.0,100.0,,medium,crawl_indexability:1.000|canonical_consistency:1.000|text_sufficiency:1.000|commercial_trust:0.968,structured_support:0.187|title_query_fit:0.390
входные двери цена Казань,https://kazan.lemanapro.ru/catalogue/vhodnye-dveri/,27.6,seo_weighted_rubric_v4,d45_seo_weighted_rubric_v1,deterministic_expert_rubric=true; human_label=false; rank=2; page_type=product; raw_score=27.6; cap=35.0,0.150405,0.374943,0.03095,0.947368,35.0,critical_http_status_not_ok|critical_intent_alignment_weak|critical_page_not_indexable|critical_query_title_fit_weak|critical_semantic_query_fit_weak|important_commercial_trust_weak|important_extremely_thin_content,blocked,technical_metadata:0.640|mobile_render_performance:0.589|page_structure:0.380,secondary_commercial_details:0.000|structured_support:0.000|media_and_internal_navigation:0.005|semantic_query_fit:0.023
входные двери цена Казань,https://kazan.mosdveri.ru/,77.1,seo_weighted_rubric_v4,d45_seo_weighted_rubric_v1,deterministic_expert_rubric=true; human_label=false; rank=3; page_type=homepage; raw_score=77.1; cap=78.0,0.732617,0.774435,0.764367,0.894737,78.0,critical_query_title_fit_weak,medium,crawl_indexability:1.000|canonical_consistency:1.000|text_sufficiency:1.000|media_and_internal_navigation:1.000,structured_support:0.312|title_query_fit:0.338
входные двери цена Казань,https://mirdverey-kazan.ru/,25.3,seo_weighted_rubric_v4,d45_seo_weighted_rubric_v1,deterministic_expert_rubric=true; human_label=false; rank=4; page_type=homepage; raw_score=25.3; cap=45.0,0.132556,0.380313,0.0912,0.842105,45.0,critical_intent_alignment_weak|critical_page_not_indexable|critical_query_title_fit_weak|critical_semantic_query_fit_weak|critical_title_missing|important_extremely_thin_content,blocked,mobile_render_performance:0.560|technical_metadata:0.520|crawl_indexability:0.430,title_query_fit:0.000|heading_query_fit:0.000|structured_support:0.000|semantic_query_fit:0.016
входные двери цена Казань,https://vhodnye-dveri-kazan.ru/,66.1,seo_weighted_rubric_v4,d45_seo_weighted_rubric_v1,deterministic_expert_rubric=true; human_label=false; rank=5; page_type=homepage; raw_score=66.1; cap=100.0,0.614831,0.694329,0.6,0.789474,100.0,,medium,crawl_indexability:1.000|canonical_consistency:1.000|media_and_internal_navigation:1.000|commercial_trust:0.873,structured_support:0.000|heading_query_fit:0.200|page_structure:0.215|title_query_fit:0.375
входные двери цена Казань,https://kazan.megastroy.com/catalog/dveri-vhodnye,27.5,seo_weighted_rubric_v4,d45_seo_weighted_rubric_v1,deterministic_expert_rubric=true; human_label=false; rank=6; page_type=product; raw_score=27.5; cap=35.0,0.162802,0.38426,0.0324,0.736842,35.0,critical_http_status_not_ok|critical_page_not_indexable|critical_query_title_fit_weak|critical_semantic_query_fit_weak|important_commercial_trust_weak|important_extremely_thin_content,blocked,mobile_render_performance:0.664|technical_metadata:0.480|page_structure:0.381,secondary_commercial_details:0.000|structured_support:0.000|media_and_internal_navigation:0.012|semantic_query_fit:0.030
входные двери цена Казань,https://kzn.rusdver.net/doors/,74.1,seo_weighted_rubric_v4,d45_seo_weighted_rubric_v1,deterministic_expert_rubric=true; human_label=false; rank=7; page_type=content; raw_score=74.1; cap=100.0,0.714467,0.795103,0.9558,0.684211,100.0,,medium,crawl_indexability:1.000|canonical_consistency:1.000|offer_and_conversion:1.000|text_sufficiency:1.000,title_query_fit:0.357|page_structure:0.379
входные двери цена Казань,https://kazan.dveri-ideal.ru/vxodnyie-dveri/,69.0,seo_weighted_rubric_v4,d45_seo_weighted_rubric_v1,deterministic_expert_rubric=true; human_label=false; rank=8; page_type=content; raw_score=69.0; cap=78.0,0.69858,0.729092,0.758,0.631579,78.0,critical_query_title_fit_weak,medium,crawl_indexability:1.000|canonical_consistency:1.000|text_sufficiency:1.000|media_and_internal_navigation:1.000,structured_support:0.000|title_query_fit:0.325|page_structure:0.366
входные двери цена Казань,https://kazan.ds-doors.ru/catalog/vhodnye-dveri/,69.9,seo_weighted_rubric_v4,d45_seo_weighted_rubric_v1,deterministic_expert_rubric=true; human_label=false; rank=9; page_type=product; raw_score=69.9; cap=100.0,0.678205,0.690398,0.6015,0.578947,100.0,,medium,crawl_indexability:1.000|canonical_consistency:1.000|media_and_internal_navigation:1.000|technical_metadata:0.890,structured_support:0.000|title_query_fit:0.357
входные двери цена Казань,https://sk-doors.ru/,71.1,seo_weighted_rubric_v4,d45_seo_weighted_rubric_v1,deterministic_expert_rubric=true; human_label=false; rank=10; page_type=homepage; raw_score=71.1; cap=78.0,0.686051,0.750782,0.674,0.526316,78.0,critical_query_title_fit_weak,medium,crawl_indexability:1.000|canonical_consistency:1.000|text_sufficiency:1.000|media_and_internal_navigation:1.000,structured_support:0.000|title_query_fit:0.339|page_structure:0.426|heading_query_fit:0.441
входные двери цена Краснодар,https://krasnodar.lemanapro.ru/catalogue/vhodnye-dveri/,27.6,seo_weighted_rubric_v4,d45_seo_weighted_rubric_v1,deterministic_expert_rubric=true; human_label=false; rank=1; page_type=product; raw_score=27.6; cap=35.0,0.145517,0.375329,0.03095,1.0,35.0,critical_http_status_not_ok|critical_intent_alignment_weak|critical_page_not_indexable|critical_query_title_fit_weak|critical_semantic_query_fit_weak|important_commercial_trust_weak|important_extremely_thin_content,blocked,technical_metadata:0.640|mobile_render_performance:0.591|page_structure:0.380,secondary_commercial_details:0.000|structured_support:0.000|media_and_internal_navigation:0.005|semantic_query_fit:0.007
входные двери цена Краснодар,https://dveri-ntd.ru/,72.6,seo_weighted_rubric_v4,d45_seo_weighted_rubric_v1,deterministic_expert_rubric=true; human_label=false; rank=2; page_type=homepage; raw_score=72.6; cap=78.0,0.637923,0.762097,0.837483,0.947368,78.0,critical_query_title_fit_weak,medium,crawl_indexability:1.000|canonical_consistency:1.000|text_sufficiency:1.000|media_and_internal_navigation:1.000,structured_support:0.187|title_query_fit:0.220|page_structure:0.339
входные двери цена Краснодар,https://dveri-estetika.ru/,72.6,seo_weighted_rubric_v4,d45_seo_weighted_rubric_v1,deterministic_expert_rubric=true; human_label=false; rank=3; page_type=homepage; raw_score=72.6; cap=78.0,0.648689,0.749308,0.8469,0.894737,78.0,critical_query_title_fit_weak,medium,crawl_indexability:1.000|canonical_consistency:1.000|media_and_internal_navigation:1.000|technical_metadata:0.997,title_query_fit:0.293|page_structure:0.401
входные двери цена Краснодар,https://tandoor.ru/,64.7,seo_weighted_rubric_v4,d45_seo_weighted_rubric_v1,deterministic_expert_rubric=true; human_label=false; rank=4; page_type=homepage; raw_score=64.7; cap=78.0,0.544923,0.713228,0.758,0.842105,78.0,critical_query_title_fit_weak,low,crawl_indexability:1.000|canonical_consistency:1.000|text_sufficiency:1.000|media_and_internal_navigation:1.000,heading_query_fit:0.000|structured_support:0.000|title_query_fit:0.133|page_structure:0.255
входные двери цена Краснодар,https://krasnodar.mosdveri.ru/,76.4,seo_weighted_rubric_v4,d45_seo_weighted_rubric_v1,deterministic_expert_rubric=true; human_label=false; rank=5; page_type=homepage; raw_score=76.4; cap=78.0,0.728695,0.77281,0.764367,0.789474,78.0,critical_query_title_fit_weak,medium,crawl_indexability:1.000|canonical_consistency:1.000|text_sufficiency:1.000|media_and_internal_navigation:1.000,structured_support:0.312|title_query_fit:0.329
входные двери цена Краснодар,https://krd.rusdver.net/doors/,74.6,seo_weighted_rubric_v4,d45_seo_weighted_rubric_v1,deterministic_expert_rubric=true; human_label=false; rank=6; page_type=content; raw_score=74.6; cap=100.0,0.716407,0.797241,0.9558,0.736842,100.0,,medium,crawl_indexability:1.000|canonical_consistency:1.000|offer_and_conversion:1.000|text_sufficiency:1.000,title_query_fit:0.354|page_structure:0.399
входные двери цена Краснодар,https://prodverikrd.ru/,65.7,seo_weighted_rubric_v4,d45_seo_weighted_rubric_v1,deterministic_expert_rubric=true; human_label=false; rank=7; page_type=homepage; raw_score=65.7; cap=78.0,0.572946,0.749366,0.673983,0.684211,78.0,critical_query_title_fit_weak,medium,crawl_indexability:1.000|canonical_consistency:1.000|media_and_internal_navigation:1.000|technical_metadata:0.969,structured_support:0.187|heading_query_fit:0.200|title_query_fit:0.277|semantic_query_fit:0.365
входные двери цена Краснодар,https://modern-dveri.ru/catalog/vkhodnye-dveri/,75.8,seo_weighted_rubric_v4,d45_seo_weighted_rubric_v1,deterministic_expert_rubric=true; human_label=false; rank=8; page_type=product; raw_score=75.8; cap=100.0,0.736638,0.738034,0.695,0.631579,100.0,,medium,crawl_indexability:1.000|canonical_consistency:1.000|text_sufficiency:1.000|media_and_internal_navigation:1.000,structured_support:0.000|title_query_fit:0.390
входные двери цена Краснодар,https://linedoor-yug.ru/,69.4,seo_weighted_rubric_v4,d45_seo_weighted_rubric_v1,deterministic_expert_rubric=true; human_label=false; rank=9; page_type=homepage; raw_score=69.4; cap=100.0,0.652977,0.744384,0.674,0.578947,100.0,,medium,crawl_indexability:1.000|canonical_consistency:1.000|text_sufficiency:1.000|media_and_internal_navigation:1.000,structured_support:0.000|title_query_fit:0.380|heading_query_fit:0.402
входные двери цена Краснодар,https://krasnodar.metaldveri.ru/,74.0,seo_weighted_rubric_v4,d45_seo_weighted_rubric_v1,deterministic_expert_rubric=true; human_label=false; rank=10; page_type=homepage; raw_score=74.0; cap=100.0,0.728411,0.727894,0.8,0.526316,100.0,,medium,canonical_consistency:1.000|text_sufficiency:1.000|media_and_internal_navigation:1.000|secondary_commercial_details:1.000,structured_support:0.000|title_query_fit:0.366|page_structure:0.405
входные двери цена Самара,https://samara.dverimagnat.ru/,82.9,seo_weighted_rubric_v4,d45_seo_weighted_rubric_v1,deterministic_expert_rubric=true; human_label=false; rank=1; page_type=homepage; raw_score=82.9; cap=100.0,0.817694,0.806266,0.728883,1.0,100.0,,medium,crawl_indexability:1.000|canonical_consistency:1.000|text_sufficiency:1.000|commercial_trust:0.968,structured_support:0.187|title_query_fit:0.411
входные двери цена Самара,https://samara.lemanapro.ru/catalogue/vhodnye-dveri/,27.1,seo_weighted_rubric_v4,d45_seo_weighted_rubric_v1,deterministic_expert_rubric=true; human_label=false; rank=2; page_type=product; raw_score=27.1; cap=35.0,0.141935,0.375105,0.03095,0.947368,35.0,critical_http_status_not_ok|critical_intent_alignment_weak|critical_page_not_indexable|critical_query_title_fit_weak|critical_semantic_query_fit_weak|important_commercial_trust_weak|important_extremely_thin_content,blocked,technical_metadata:0.640|mobile_render_performance:0.590|page_structure:0.380,secondary_commercial_details:0.000|structured_support:0.000|media_and_internal_navigation:0.005|semantic_query_fit:0.026
входные двери цена Самара,https://samara.metaldveri.ru/,77.7,seo_weighted_rubric_v4,d45_seo_weighted_rubric_v1,deterministic_expert_rubric=true; human_label=false; rank=3; page_type=homepage; raw_score=77.7; cap=100.0,0.755616,0.739388,0.8,0.894737,100.0,,medium,canonical_consistency:1.000|text_sufficiency:1.000|media_and_internal_navigation:1.000|secondary_commercial_details:1.000,structured_support:0.000|title_query_fit:0.392
входные двери цена Самара,https://guardian-smr.ru/,76.5,seo_weighted_rubric_v4,d45_seo_weighted_rubric_v1,deterministic_expert_rubric=true; human_label=false; rank=4; page_type=homepage; raw_score=76.5; cap=100.0,0.729759,0.785856,0.711483,0.842105,100.0,,medium,crawl_indexability:1.000|canonical_consistency:1.000|text_sufficiency:1.000|media_and_internal_navigation:1.000,structured_support:0.187|title_query_fit:0.426
входные двери цена Самара,https://samara.dverizaslon.ru/,75.7,seo_weighted_rubric_v4,d45_seo_weighted_rubric_v1,deterministic_expert_rubric=true; human_label=false; rank=5; page_type=homepage; raw_score=75.7; cap=78.0,0.741409,0.735326,0.739483,0.789474,78.0,critical_query_title_fit_weak,medium,canonical_consistency:1.000|text_sufficiency:1.000|media_and_internal_navigation:1.000|crawl_indexability:0.930,structured_support:0.187|title_query_fit:0.350
входные двери цена Самара,https://sfdoors.ru/,71.9,seo_weighted_rubric_v4,d45_seo_weighted_rubric_v1,deterministic_expert_rubric=true; human_label=false; rank=6; page_type=homepage; raw_score=71.9; cap=78.0,0.632037,0.799487,0.8,0.736842,78.0,critical_query_title_fit_weak,medium,crawl_indexability:1.000|text_sufficiency:1.000|media_and_internal_navigation:1.000|secondary_commercial_details:1.000,structured_support:0.000|canonical_consistency:0.150|title_query_fit:0.243
входные двери цена Самара,https://ds-doors.ru/catalog/vhodnye-dveri/,74.1,seo_weighted_rubric_v4,d45_seo_weighted_rubric_v1,deterministic_expert_rubric=true; human_label=false; rank=7; page_type=product; raw_score=74.1; cap=100.0,0.735745,0.706958,0.6015,0.684211,100.0,,medium,crawl_indexability:1.000|canonical_consistency:1.000|media_and_internal_navigation:1.000|technical_metadata:0.890,structured_support:0.000|title_query_fit:0.387
входные двери цена Самара,https://samara.mall-of-doors.ru/,78.0,seo_weighted_rubric_v4,d45_seo_weighted_rubric_v1,deterministic_expert_rubric=true; human_label=false; rank=8; page_type=homepage; raw_score=78.4; cap=78.0,0.754923,0.807006,0.8,0.631579,78.0,critical_query_title_fit_weak,medium,crawl_indexability:1.000|canonical_consistency:1.000|text_sufficiency:1.000|media_and_internal_navigation:1.000,structured_support:0.000|title_query_fit:0.326
входные двери цена Самара,https://samara.estetdveri.ru/catalog/vkhodnye-dveri/,76.3,seo_weighted_rubric_v4,d45_seo_weighted_rubric_v1,deterministic_expert_rubric=true; human_label=false; rank=9; page_type=product; raw_score=76.3; cap=78.0,0.754632,0.73843,0.674,0.578947,78.0,critical_query_title_fit_weak,medium,crawl_indexability:1.000|canonical_consistency:1.000|text_sufficiency:1.000|media_and_internal_navigation:1.000,structured_support:0.000|title_query_fit:0.327
входные двери цена Самара,https://vimdveri.ru/catalog/vhodnye-dveri/,68.9,seo_weighted_rubric_v4,d45_seo_weighted_rubric_v1,deterministic_expert_rubric=true; human_label=false; rank=10; page_type=product; raw_score=68.9; cap=100.0,0.622045,0.749868,0.653,0.526316,100.0,,medium,crawl_indexability:1.000|text_sufficiency:1.000|media_and_internal_navigation:1.000|technical_metadata:0.893,structured_support:0.000|canonical_consistency:0.150|title_query_fit:0.412
входные двери цена Нижний Новгород,https://dveridaromnn.ru/,72.5,seo_weighted_rubric_v4,d45_seo_weighted_rubric_v1,deterministic_expert_rubric=true; human_label=false; rank=1; page_type=homepage; raw_score=72.5; cap=78.0,0.67904,0.722734,0.695,1.0,78.0,critical_query_title_fit_weak,medium,canonical_consistency:1.000|text_sufficiency:1.000|media_and_internal_navigation:1.000|crawl_indexability:0.930,structured_support:0.000|title_query_fit:0.323|mobile_render_performance:0.439
входные двери цена Нижний Новгород,https://nigny-novgorod.dverimagnat.ru/,78.0,seo_weighted_rubric_v4,d45_seo_weighted_rubric_v1,deterministic_expert_rubric=true; human_label=false; rank=2; page_type=homepage; raw_score=79.0; cap=78.0,0.754881,0.790843,0.751683,0.947368,78.0,critical_query_title_fit_weak,medium,crawl_indexability:1.000|canonical_consistency:1.000|text_sufficiency:1.000|commercial_trust:0.968,structured_support:0.187|title_query_fit:0.333
входные двери цена Нижний Новгород,https://tsdveri.ru/catalog/vhodnye-dveri/,64.6,seo_weighted_rubric_v4,d45_seo_weighted_rubric_v1,deterministic_expert_rubric=true; human_label=false; rank=3; page_type=product; raw_score=64.6; cap=78.0,0.545309,0.67252,0.6923,0.894737,78.0,critical_query_title_fit_weak,low,canonical_consistency:1.000|media_and_internal_navigation:0.964|crawl_indexability:0.930|commercial_trust:0.904,heading_query_fit:0.000|structured_support:0.000|page_structure:0.291|title_query_fit:0.337
входные двери цена Нижний Новгород,https://sevendoors.ru/,73.0,seo_weighted_rubric_v4,d45_seo_weighted_rubric_v1,deterministic_expert_rubric=true; human_label=false; rank=4; page_type=homepage; raw_score=73.0; cap=78.0,0.648771,0.795864,0.774483,0.842105,78.0,critical_query_title_fit_weak,medium,crawl_indexability:1.000|canonical_consistency:1.000|offer_and_conversion:1.000|text_sufficiency:1.000,structured_support:0.187|heading_query_fit:0.333|title_query_fit:0.344|page_structure:0.400
входные двери цена Нижний Новгород,https://n-gr.ru/,62.0,seo_weighted_rubric_v4,d45_seo_weighted_rubric_v1,deterministic_expert_rubric=true; human_label=false; rank=5; page_type=homepage; raw_score=62.0; cap=78.0,0.472419,0.773259,0.737,0.789474,78.0,critical_query_title_fit_weak,low,crawl_indexability:1.000|text_sufficiency:1.000|media_and_internal_navigation:1.000|commercial_trust:0.968,heading_query_fit:0.000|structured_support:0.000|canonical_consistency:0.150|title_query_fit:0.282
входные двери цена Нижний Новгород,https://nn.fabrichnie-dveri.ru/,73.2,seo_weighted_rubric_v4,d45_seo_weighted_rubric_v1,deterministic_expert_rubric=true; human_label=false; rank=6; page_type=homepage; raw_score=73.2; cap=78.0,0.654929,0.779887,0.862367,0.736842,78.0,critical_query_title_fit_weak,medium,crawl_indexability:1.000|canonical_consistency:1.000|text_sufficiency:1.000|media_and_internal_navigation:1.000,title_query_fit:0.287|structured_support:0.312|page_structure:0.371
входные двери цена Нижний Новгород,https://nizhniy-novgorod.mosdveri.ru/,74.9,seo_weighted_rubric_v4,d45_seo_weighted_rubric_v1,deterministic_expert_rubric=true; human_label=false; rank=8; page_type=homepage; raw_score=74.9; cap=78.0,0.70314,0.777808,0.827367,0.631579,78.0,critical_query_title_fit_weak,medium,crawl_indexability:1.000|canonical_consistency:1.000|text_sufficiency:1.000|media_and_internal_navigation:1.000,title_query_fit:0.279|structured_support:0.312
входные двери цена Нижний Новгород,https://nizhniy-novgorod.straj-dveri.ru/,71.7,seo_weighted_rubric_v4,d45_seo_weighted_rubric_v1,deterministic_expert_rubric=true; human_label=false; rank=9; page_type=homepage; raw_score=71.7; cap=78.0,0.697992,0.756037,0.6225,0.578947,78.0,critical_query_title_fit_weak,medium,crawl_indexability:1.000|canonical_consistency:1.000|media_and_internal_navigation:1.000|technical_metadata:0.966,structured_support:0.000|title_query_fit:0.323|page_structure:0.406
входные двери цена Нижний Новгород,https://2gis.ru/n_novgorod/search/Входные двери/rubricId/9972,13.7,seo_weighted_rubric_v4,d45_seo_weighted_rubric_v1,deterministic_expert_rubric=true; human_label=false; rank=10; page_type=content; raw_score=13.7; cap=35.0,0.08413,0.27185,0.03095,0.526316,35.0,critical_http_status_not_ok|critical_intent_alignment_weak|critical_page_not_indexable|critical_query_title_fit_weak|critical_semantic_query_fit_weak|critical_title_missing|important_commercial_trust_weak|important_extremely_thin_content,blocked,mobile_render_performance:0.514|technical_metadata:0.260|offer_and_conversion:0.220,title_query_fit:0.000|secondary_commercial_details:0.000|structured_support:0.000|media_and_internal_navigation:0.005
как выбрать входные двери,https://www.cian.ru/stati-kak-vybrat-vhodnuju-dver-v-kvartiru-i-dom-340912/,77.5,seo_weighted_rubric_v4,d45_seo_weighted_rubric_v1,deterministic_expert_rubric=true; human_label=false; rank=1; page_type=content; raw_score=77.5; cap=100.0,0.750208,0.734919,0.722283,1.0,100.0,,medium,crawl_indexability:1.000|canonical_consistency:1.000|text_sufficiency:1.000|media_and_internal_navigation:1.000,structured_support:0.346|title_query_fit:0.404
входные двери отзывы,https://irecommend.ru/catalog/list/9986-149512,73.0,seo_weighted_rubric_v4,d45_seo_weighted_rubric_v1,deterministic_expert_rubric=true; human_label=false; rank=1; page_type=product; raw_score=73.0; cap=100.0,0.768539,0.722573,0.702,1.0,100.0,,medium,crawl_indexability:1.000|canonical_consistency:1.000|text_sufficiency:1.000|media_and_internal_navigation:1.000,structured_support:0.000
входные двери отзывы,https://gdematerial.ru/dlya-doma/top-10-luchshih-vhodnyh-dverej-rejting-2025-goda/,78.6,seo_weighted_rubric_v4,d45_seo_weighted_rubric_v1,deterministic_expert_rubric=true; human_label=false; rank=2; page_type=content; raw_score=78.6; cap=100.0,0.721957,0.767818,0.9138,0.947368,100.0,,medium,crawl_indexability:1.000|canonical_consistency:1.000|text_sufficiency:1.000|secondary_commercial_details:1.000,page_structure:0.471|heading_query_fit:0.535|title_query_fit:0.555
входные двери отзывы,https://markakachestva.ru/best-brands/1217-luchshie-proizvoditeli-vhodnyh-dverey.html,70.1,seo_weighted_rubric_v4,d45_seo_weighted_rubric_v1,deterministic_expert_rubric=true; human_label=false; rank=3; page_type=content; raw_score=70.1; cap=78.0,0.621578,0.744131,0.715367,0.894737,78.0,critical_query_title_fit_weak,medium,crawl_indexability:1.000|canonical_consistency:1.000|text_sufficiency:1.000|media_and_internal_navigation:1.000,heading_query_fit:0.200|title_query_fit:0.218|structured_support:0.312
входные двери отзывы,https://www.kp.ru/expert/dom/luchshie-vhodnye-dveri-v-kvartiru/,74.6,seo_weighted_rubric_v4,d45_seo_weighted_rubric_v1,deterministic_expert_rubric=true; human_label=false; rank=4; page_type=content; raw_score=74.6; cap=100.0,0.668895,0.745134,0.9231,0.842105,100.0,,medium,crawl_indexability:1.000|canonical_consistency:1.000|text_sufficiency:1.000|media_and_internal_navigation:0.995,title_query_fit:0.368
входные двери отзывы,https://otzovik.com/home/doors_and_windows/house_front_doors/,73.3,seo_weighted_rubric_v4,d45_seo_weighted_rubric_v1,deterministic_expert_rubric=true; human_label=false; rank=5; page_type=content; raw_score=73.3; cap=100.0,0.812653,0.590803,0.489,0.789474,100.0,,medium,crawl_indexability:1.000|canonical_consistency:1.000|heading_query_fit:0.940|semantic_query_fit:0.788,structured_support:0.000
входные двери отзывы,https://www.vseinstrumenti.ru/category/vhodnye-metallicheskie-dveri-176310/otzyvy/,23.1,seo_weighted_rubric_v4,d45_seo_weighted_rubric_v1,deterministic_expert_rubric=true; human_label=false; rank=6; page_type=category; raw_score=23.1; cap=35.0,0.066235,0.481977,0.1319,0.736842,35.0,critical_http_status_not_ok|critical_intent_alignment_weak|critical_page_not_indexable|critical_query_title_fit_weak|critical_semantic_query_fit_weak|critical_title_missing|supporting_text_insufficient,blocked,commercial_trust:0.720|mobile_render_performance:0.617|technical_metadata:0.580,title_query_fit:0.000|heading_query_fit:0.000|structured_support:0.000|media_and_internal_navigation:0.012
входные двери отзывы,https://www.ozon.ru/category/vhodnye-dveri-9747/review/,25.6,seo_weighted_rubric_v4,d45_seo_weighted_rubric_v1,deterministic_expert_rubric=true; human_label=false; rank=7; page_type=category; raw_score=25.6; cap=35.0,0.109603,0.509345,0.08485,0.684211,35.0,critical_http_status_not_ok|critical_intent_alignment_weak|critical_page_not_indexable|critical_query_title_fit_weak|critical_semantic_query_fit_weak|important_extremely_thin_content,blocked,commercial_trust:0.720|mobile_render_performance:0.682|technical_metadata:0.600,structured_support:0.000|semantic_query_fit:0.052|media_and_internal_navigation:0.064|canonical_consistency:0.070
входные двери отзывы,https://top-expert.pro/top-10-luchshih-proizvoditelej-vhodnyh-dverej-rejting-nadezhnosti-plyusy-i-minusy/,66.2,seo_weighted_rubric_v4,d45_seo_weighted_rubric_v1,deterministic_expert_rubric=true; human_label=false; rank=8; page_type=content; raw_score=66.2; cap=78.0,0.606102,0.691173,0.69915,0.631579,78.0,critical_query_title_fit_weak,medium,crawl_indexability:1.000|canonical_consistency:1.000|text_sufficiency:1.000|media_and_internal_navigation:0.872,title_query_fit:0.153|heading_query_fit:0.200|secondary_commercial_details:0.400
входные двери отзывы,https://homius.ru/reyting-vhodnyih-dverey-v-kvartiru-i-otzyivyi.html,74.6,seo_weighted_rubric_v4,d45_seo_weighted_rubric_v1,deterministic_expert_rubric=true; human_label=false; rank=9; page_type=content; raw_score=74.6; cap=78.0,0.704724,0.753635,0.8368,0.578947,78.0,critical_query_title_fit_weak,medium,crawl_indexability:1.000|canonical_consistency:1.000|text_sufficiency:1.000|media_and_internal_navigation:1.000,title_query_fit:0.328
входные двери отзывы,https://arghome.ru/blog/vhodnye-dveri-kakie-luchshe-vybrat-otzyvy-professionalov/,26.4,seo_weighted_rubric_v4,d45_seo_weighted_rubric_v1,deterministic_expert_rubric=true; human_label=false; rank=10; page_type=article; raw_score=26.4; cap=45.0,0.121576,0.443947,0.07295,0.526316,45.0,critical_intent_alignment_weak|critical_page_not_indexable|critical_query_title_fit_weak|critical_semantic_query_fit_weak|critical_title_missing|important_extremely_thin_content,blocked,commercial_trust:0.720|mobile_render_performance:0.581|technical_metadata:0.480,title_query_fit:0.000|heading_query_fit:0.000|offer_and_conversion:0.000|structured_support:0.000
кухни на заказ Москва,https://vitakuhni.ru/,82.2,seo_weighted_rubric_v4,d45_seo_weighted_rubric_v1,deterministic_expert_rubric=true; human_label=false; rank=1; page_type=homepage; raw_score=82.2; cap=100.0,0.785169,0.849,0.708483,1.0,100.0,,medium,crawl_indexability:1.000|canonical_consistency:1.000|offer_and_conversion:1.000|technical_metadata:0.993,structured_support:0.187
кухни на заказ Москва,https://www.mebelmsk.ru/mebel-na-zakaz/kukhni/,73.9,seo_weighted_rubric_v4,d45_seo_weighted_rubric_v1,deterministic_expert_rubric=true; human_label=false; rank=2; page_type=content; raw_score=73.9; cap=100.0,0.737334,0.753639,0.8,0.947368,100.0,,medium,crawl_indexability:1.000|canonical_consistency:1.000|text_sufficiency:1.000|media_and_internal_navigation:1.000,structured_support:0.000|title_query_fit:0.445
кухни на заказ Москва,https://www.kuxni.net/,72.8,seo_weighted_rubric_v4,d45_seo_weighted_rubric_v1,deterministic_expert_rubric=true; human_label=false; rank=3; page_type=homepage; raw_score=72.8; cap=100.0,0.675297,0.743167,0.737,0.894737,100.0,,medium,crawl_indexability:1.000|text_sufficiency:1.000|media_and_internal_navigation:1.000|technical_metadata:0.983,structured_support:0.000|canonical_consistency:0.150|heading_query_fit:0.440
кухни на заказ Москва,https://mebel-renessans.ru/kuhni,77.4,seo_weighted_rubric_v4,d45_seo_weighted_rubric_v1,deterministic_expert_rubric=true; human_label=false; rank=5; page_type=content; raw_score=77.4; cap=100.0,0.804925,0.759217,0.837483,0.789474,100.0,,medium,crawl_indexability:1.000|canonical_consistency:1.000|text_sufficiency:1.000|media_and_internal_navigation:1.000,structured_support:0.187|title_query_fit:0.438
кухни на заказ Москва,https://lorena-kuhni.ru/,70.2,seo_weighted_rubric_v4,d45_seo_weighted_rubric_v1,deterministic_expert_rubric=true; human_label=false; rank=6; page_type=homepage; raw_score=70.2; cap=100.0,0.628097,0.74928,0.8,0.736842,100.0,,medium,crawl_indexability:1.000|text_sufficiency:1.000|media_and_internal_navigation:1.000|secondary_commercial_details:1.000,heading_query_fit:0.000|structured_support:0.000|canonical_consistency:0.150
кухни на заказ Москва,https://www.bestmebelshop.ru/catalog/mebel-dlya-kukhni/category-kukhni-po-individualnym-razmeram/,72.1,seo_weighted_rubric_v4,d45_seo_weighted_rubric_v1,deterministic_expert_rubric=true; human_label=false; rank=7; page_type=product; raw_score=72.1; cap=100.0,0.57212,0.825431,0.94425,0.684211,100.0,,medium,crawl_indexability:1.000|commercial_trust:1.000|offer_and_conversion:1.000|text_sufficiency:1.000,canonical_consistency:0.150|heading_query_fit:0.359
кухни на заказ Москва,https://www.100-kuhon.ru/,81.1,seo_weighted_rubric_v4,d45_seo_weighted_rubric_v1,deterministic_expert_rubric=true; human_label=false; rank=8; page_type=homepage; raw_score=81.1; cap=100.0,0.824852,0.804746,0.695,0.631579,100.0,,medium,crawl_indexability:1.000|canonical_consistency:1.000|text_sufficiency:1.000|media_and_internal_navigation:1.000,structured_support:0.000
кухни на заказ Москва,https://zavodkuhnirf.ru/,70.6,seo_weighted_rubric_v4,d45_seo_weighted_rubric_v1,deterministic_expert_rubric=true; human_label=false; rank=9; page_type=homepage; raw_score=70.6; cap=100.0,0.639914,0.800617,0.695,0.578947,100.0,,medium,crawl_indexability:1.000|text_sufficiency:1.000|media_and_internal_navigation:1.000|technical_metadata:0.956,structured_support:0.000|canonical_consistency:0.150|title_query_fit:0.364
кухни на заказ Санкт-Петербург,https://masterskayakuhon.ru/,73.6,seo_weighted_rubric_v4,d45_seo_weighted_rubric_v1,deterministic_expert_rubric=true; human_label=false; rank=1; page_type=homepage; raw_score=73.6; cap=100.0,0.659668,0.761192,0.8,1.0,100.0,,medium,crawl_indexability:1.000|text_sufficiency:1.000|media_and_internal_navigation:1.000|secondary_commercial_details:1.000,structured_support:0.000|canonical_consistency:0.150|title_query_fit:0.405
кухни на заказ Санкт-Петербург,https://lenkuhni.ru/,79.5,seo_weighted_rubric_v4,d45_seo_weighted_rubric_v1,deterministic_expert_rubric=true; human_label=false; rank=2; page_type=homepage; raw_score=79.5; cap=100.0,0.771749,0.762211,0.8,0.947368,100.0,,medium,crawl_indexability:1.000|canonical_consistency:1.000|text_sufficiency:1.000|media_and_internal_navigation:1.000,structured_support:0.000|title_query_fit:0.442
кухни на заказ Санкт-Петербург,https://lavellakitchen.ru/,72.3,seo_weighted_rubric_v4,d45_seo_weighted_rubric_v1,deterministic_expert_rubric=true; human_label=false; rank=4; page_type=homepage; raw_score=72.3; cap=100.0,0.645581,0.783011,0.761883,0.842105,100.0,,medium,crawl_indexability:1.000|text_sufficiency:1.000|media_and_internal_navigation:1.000|commercial_trust:0.968,structured_support:0.124|canonical_consistency:0.150|title_query_fit:0.441
кухни на заказ Санкт-Петербург,https://neva-kuhni.ru/,73.6,seo_weighted_rubric_v4,d45_seo_weighted_rubric_v1,deterministic_expert_rubric=true; human_label=false; rank=5; page_type=homepage; raw_score=73.6; cap=100.0,0.754285,0.688558,0.6023,0.789474,100.0,,medium,canonical_consistency:1.000|crawl_indexability:0.930|text_sufficiency:0.850|media_and_internal_navigation:0.829,structured_support:0.000|mobile_render_performance:0.441
кухни на заказ Санкт-Петербург,https://kuhnihome.spb.ru/,79.7,seo_weighted_rubric_v4,d45_seo_weighted_rubric_v1,deterministic_expert_rubric=true; human_label=false; rank=6; page_type=homepage; raw_score=79.7; cap=100.0,0.783692,0.790708,0.77245,0.736842,100.0,,medium,crawl_indexability:1.000|canonical_consistency:1.000|text_sufficiency:1.000|media_and_internal_navigation:1.000,structured_support:0.352
кухни на заказ Санкт-Петербург,https://novakuhni.ru/,72.5,seo_weighted_rubric_v4,d45_seo_weighted_rubric_v1,deterministic_expert_rubric=true; human_label=false; rank=8; page_type=homepage; raw_score=72.5; cap=100.0,0.690195,0.716305,0.837483,0.631579,100.0,,medium,crawl_indexability:1.000|canonical_consistency:1.000|text_sufficiency:1.000|media_and_internal_navigation:1.000,structured_support:0.187|page_structure:0.341|title_query_fit:0.397
кухни на заказ Санкт-Петербург,https://lubimaya-kuhnya.ru/,73.3,seo_weighted_rubric_v4,d45_seo_weighted_rubric_v1,deterministic_expert_rubric=true; human_label=false; rank=9; page_type=homepage; raw_score=73.3; cap=100.0,0.713867,0.742151,0.737,0.578947,100.0,,medium,canonical_consistency:1.000|text_sufficiency:1.000|media_and_internal_navigation:1.000|commercial_trust:0.936,structured_support:0.000|title_query_fit:0.432
кухни на заказ Санкт-Петербург,https://structurakitchen.ru/,71.9,seo_weighted_rubric_v4,d45_seo_weighted_rubric_v1,deterministic_expert_rubric=true; human_label=false; rank=10; page_type=homepage; raw_score=71.9; cap=100.0,0.733926,0.719246,0.585,0.526316,100.0,,medium,canonical_consistency:1.000|media_and_internal_navigation:0.953|crawl_indexability:0.930|commercial_trust:0.873,structured_support:0.000
кухни на заказ Екатеринбург,https://kitchenrm.ru/,70.5,seo_weighted_rubric_v4,d45_seo_weighted_rubric_v1,deterministic_expert_rubric=true; human_label=false; rank=1; page_type=homepage; raw_score=70.5; cap=100.0,0.626858,0.740707,0.7294,1.0,100.0,,medium,crawl_indexability:1.000|text_sufficiency:1.000|media_and_internal_navigation:0.962|technical_metadata:0.935,structured_support:0.000|canonical_consistency:0.150|heading_query_fit:0.412
кухни на заказ Екатеринбург,https://www.lovekuhnya.ru/,79.8,seo_weighted_rubric_v4,d45_seo_weighted_rubric_v1,deterministic_expert_rubric=true; human_label=false; rank=2; page_type=homepage; raw_score=79.8; cap=100.0,0.750908,0.773231,0.9054,0.947368,100.0,,medium,crawl_indexability:1.000|canonical_consistency:1.000|text_sufficiency:1.000|media_and_internal_navigation:1.000,title_query_fit:0.407|page_structure:0.415
кухни на заказ Екатеринбург,https://ekaterinburg.vernokuhni.ru/,74.8,seo_weighted_rubric_v4,d45_seo_weighted_rubric_v1,deterministic_expert_rubric=true; human_label=false; rank=3; page_type=homepage; raw_score=74.8; cap=78.0,0.734653,0.737719,0.6282,0.894737,78.0,critical_query_title_fit_weak,medium,crawl_indexability:1.000|canonical_consistency:1.000|text_sufficiency:1.000|media_and_internal_navigation:0.981,structured_support:0.000|title_query_fit:0.331
кухни на заказ Екатеринбург,https://na-zakaz-mebel.com/,81.0,seo_weighted_rubric_v4,d45_seo_weighted_rubric_v1,deterministic_expert_rubric=true; human_label=false; rank=4; page_type=homepage; raw_score=81.0; cap=100.0,0.790061,0.808542,0.758,0.842105,100.0,,medium,crawl_indexability:1.000|canonical_consistency:1.000|text_sufficiency:1.000|media_and_internal_navigation:1.000,structured_support:0.000
кухни на заказ Екатеринбург,https://ekaterinburg.lemanapro.ru/proekt-kuhni/na-zakaz/,27.0,seo_weighted_rubric_v4,d45_seo_weighted_rubric_v1,deterministic_expert_rubric=true; human_label=false; rank=5; page_type=content; raw_score=27.0; cap=35.0,0.163189,0.524696,0.03095,0.789474,35.0,critical_http_status_not_ok|critical_intent_alignment_weak|critical_page_not_indexable|critical_query_title_fit_weak|critical_semantic_query_fit_weak|important_extremely_thin_content,blocked,commercial_trust:0.720|technical_metadata:0.640|mobile_render_performance:0.590,secondary_commercial_details:0.000|structured_support:0.000|media_and_internal_navigation:0.005|semantic_query_fit:0.043
кухни на заказ Екатеринбург,https://е-кухни.рф/,76.4,seo_weighted_rubric_v4,d45_seo_weighted_rubric_v1,deterministic_expert_rubric=true; human_label=false; rank=6; page_type=homepage; raw_score=76.4; cap=100.0,0.744953,0.763081,0.7354,0.736842,100.0,,medium,crawl_indexability:1.000|canonical_consistency:1.000|text_sufficiency:1.000|secondary_commercial_details:1.000,structured_support:0.000
кухни на заказ Екатеринбург,https://www.vkuskuhni.ru/,81.8,seo_weighted_rubric_v4,d45_seo_weighted_rubric_v1,deterministic_expert_rubric=true; human_label=false; rank=7; page_type=homepage; raw_score=81.8; cap=100.0,0.788245,0.824652,0.8802,0.684211,100.0,,medium,crawl_indexability:1.000|canonical_consistency:1.000|text_sufficiency:1.000|media_and_internal_navigation:1.000,title_query_fit:0.475|mobile_render_performance:0.654|page_structure:0.661
кухни на заказ Екатеринбург,https://kuhnya-ekb.ru/,27.3,seo_weighted_rubric_v4,d45_seo_weighted_rubric_v1,deterministic_expert_rubric=true; human_label=false; rank=8; page_type=homepage; raw_score=27.3; cap=35.0,0.127673,0.510442,0.0343,0.631579,35.0,critical_http_status_not_ok|critical_intent_alignment_weak|critical_page_not_indexable|critical_query_title_fit_weak|critical_semantic_query_fit_weak|important_extremely_thin_content,blocked,commercial_trust:0.720|mobile_render_performance:0.586|technical_metadata:0.520,heading_query_fit:0.000|secondary_commercial_details:0.000|structured_support:0.000|media_and_internal_navigation:0.022
кухни на заказ Екатеринбург,https://yutnaya-kuhnya.com/,68.8,seo_weighted_rubric_v4,d45_seo_weighted_rubric_v1,deterministic_expert_rubric=true; human_label=false; rank=9; page_type=homepage; raw_score=68.8; cap=100.0,0.676406,0.708209,0.5945,0.578947,100.0,,medium,crawl_indexability:1.000|media_and_internal_navigation:1.000|technical_metadata:0.927|offer_and_conversion:0.860,structured_support:0.000|canonical_consistency:0.150|page_structure:0.396
кухни на заказ Екатеринбург,https://dom-mania.ru/,75.1,seo_weighted_rubric_v4,d45_seo_weighted_rubric_v1,deterministic_expert_rubric=true; human_label=false; rank=10; page_type=homepage; raw_score=75.1; cap=100.0,0.763144,0.758898,0.6273,0.526316,100.0,,medium,crawl_indexability:1.000|canonical_consistency:1.000|technical_metadata:0.959|offer_and_conversion:0.860,structured_support:0.000
кухни на заказ Новосибирск,https://www.kuhni-nsk.ru/catalog/kuhni/na-zakaz/,79.0,seo_weighted_rubric_v4,d45_seo_weighted_rubric_v1,deterministic_expert_rubric=true; human_label=false; rank=1; page_type=product; raw_score=79.0; cap=100.0,0.717075,0.783898,0.803567,1.0,100.0,,medium,crawl_indexability:1.000|canonical_consistency:1.000|text_sufficiency:1.000|media_and_internal_navigation:1.000,structured_support:0.333
кухни на заказ Новосибирск,https://promebelnsk.ru/kuhni,71.1,seo_weighted_rubric_v4,d45_seo_weighted_rubric_v1,deterministic_expert_rubric=true; human_label=false; rank=2; page_type=content; raw_score=71.1; cap=100.0,0.724972,0.703717,0.737,0.947368,100.0,,medium,canonical_consistency:1.000|text_sufficiency:1.000|media_and_internal_navigation:1.000|commercial_trust:0.936,structured_support:0.000|page_structure:0.343|mobile_render_performance:0.435
кухни на заказ Новосибирск,https://alexandr-kuhni.ru/nsk,69.3,seo_weighted_rubric_v4,d45_seo_weighted_rubric_v1,deterministic_expert_rubric=true; human_label=false; rank=3; page_type=content; raw_score=69.3; cap=100.0,0.716409,0.685002,0.6874,0.894737,100.0,,medium,canonical_consistency:1.000|text_sufficiency:1.000|media_and_internal_navigation:0.962|crawl_indexability:0.930,structured_support:0.000|heading_query_fit:0.412|page_structure:0.429
кухни на заказ Новосибирск,https://kuxni-nsk.ru/,76.3,seo_weighted_rubric_v4,d45_seo_weighted_rubric_v1,deterministic_expert_rubric=true; human_label=false; rank=4; page_type=homepage; raw_score=76.3; cap=100.0,0.728099,0.75223,0.8,0.842105,100.0,,medium,crawl_indexability:1.000|canonical_consistency:1.000|text_sufficiency:1.000|media_and_internal_navigation:1.000,structured_support:0.000|page_structure:0.432
кухни на заказ Новосибирск,https://novosibirsk.vernokuhni.ru/,76.3,seo_weighted_rubric_v4,d45_seo_weighted_rubric_v1,deterministic_expert_rubric=true; human_label=false; rank=5; page_type=homepage; raw_score=76.3; cap=100.0,0.768546,0.742077,0.6282,0.789474,100.0,,medium,crawl_indexability:1.000|canonical_consistency:1.000|text_sufficiency:1.000|media_and_internal_navigation:0.981,structured_support:0.000|title_query_fit:0.418
кухни на заказ Новосибирск,https://feniks-kuhni-nsk.ru/,73.1,seo_weighted_rubric_v4,d45_seo_weighted_rubric_v1,deterministic_expert_rubric=true; human_label=false; rank=6; page_type=homepage; raw_score=73.1; cap=100.0,0.704914,0.74475,0.681683,0.736842,100.0,,medium,crawl_indexability:1.000|canonical_consistency:1.000|text_sufficiency:1.000|technical_metadata:0.976,structured_support:0.103|page_structure:0.307|title_query_fit:0.445
кухни на заказ Новосибирск,https://monolit-kuhni-mebel.ru/,72.3,seo_weighted_rubric_v4,d45_seo_weighted_rubric_v1,deterministic_expert_rubric=true; human_label=false; rank=7; page_type=homepage; raw_score=72.3; cap=100.0,0.759009,0.709101,0.433533,0.684211,100.0,,medium,crawl_indexability:1.000|canonical_consistency:1.000|technical_metadata:0.943|offer_and_conversion:0.860,structured_support:0.103|media_and_internal_navigation:0.302|page_structure:0.369|secondary_commercial_details:0.400
кухни на заказ Новосибирск,https://artinhomeshop.ru/,60.0,seo_weighted_rubric_v4,d45_seo_weighted_rubric_v1,deterministic_expert_rubric=true; human_label=false; rank=8; page_type=homepage; raw_score=60.0; cap=82.0,0.563772,0.628941,0.54965,0.631579,82.0,important_canonical_points_elsewhere,low,crawl_indexability:0.930|commercial_trust:0.904|offer_and_conversion:0.860,heading_query_fit:0.000|structured_support:0.000|page_structure:0.245|canonical_consistency:0.250
кухни на заказ Новосибирск,http://mebelin-nsk.ru/kukhni,20.0,seo_weighted_rubric_v4,d45_seo_weighted_rubric_v1,deterministic_expert_rubric=true; human_label=false; rank=9; page_type=content; raw_score=20.0; cap=35.0,0.123497,0.401551,0.03,0.578947,35.0,critical_http_status_not_ok|critical_intent_alignment_weak|critical_page_not_indexable|critical_query_title_fit_weak|critical_semantic_query_fit_weak|important_extremely_thin_content,blocked,commercial_trust:0.720|mobile_render_performance:0.517|page_structure:0.380,offer_and_conversion:0.000|media_and_internal_navigation:0.000|secondary_commercial_details:0.000|structured_support:0.000
кухни на заказ Новосибирск,https://kuhni-mebel-nsk.ru/,67.7,seo_weighted_rubric_v4,d45_seo_weighted_rubric_v1,deterministic_expert_rubric=true; human_label=false; rank=10; page_type=homepage; raw_score=67.7; cap=100.0,0.670936,0.711601,0.5339,0.526316,100.0,,medium,crawl_indexability:1.000|canonical_consistency:1.000|technical_metadata:0.908|offer_and_conversion:0.860,structured_support:0.000|heading_query_fit:0.200|page_structure:0.327
кухни на заказ Казань,https://kuhni-sova.ru/,64.1,seo_weighted_rubric_v4,d45_seo_weighted_rubric_v1,deterministic_expert_rubric=true; human_label=false; rank=1; page_type=homepage; raw_score=64.1; cap=78.0,0.550033,0.663227,0.746,1.0,78.0,critical_query_title_fit_weak,low,canonical_consistency:1.000|text_sufficiency:1.000|crawl_indexability:0.930|media_and_internal_navigation:0.905,heading_query_fit:0.000|structured_support:0.000|page_structure:0.237|title_query_fit:0.308
кухни на заказ Казань,https://кухни116.рф/,76.2,seo_weighted_rubric_v4,d45_seo_weighted_rubric_v1,deterministic_expert_rubric=true; human_label=false; rank=5; page_type=homepage; raw_score=76.2; cap=100.0,0.759539,0.686341,0.8424,0.789474,100.0,,medium,crawl_indexability:1.000|canonical_consistency:1.000|text_sufficiency:1.000|media_and_internal_navigation:1.000,page_structure:0.299
кухни на заказ Казань,https://vekexpress.ru/,62.4,seo_weighted_rubric_v4,d45_seo_weighted_rubric_v1,deterministic_expert_rubric=true; human_label=false; rank=9; page_type=homepage; raw_score=62.4; cap=78.0,0.630409,0.649731,0.38125,0.578947,78.0,critical_query_title_fit_weak,low,crawl_indexability:1.000|canonical_consistency:1.000|technical_metadata:0.999,structured_support:0.000|title_query_fit:0.255|page_structure:0.281|heading_query_fit:0.355
кухни на заказ Краснодар,https://kuxni-krd.ru/,77.0,seo_weighted_rubric_v4,d45_seo_weighted_rubric_v1,deterministic_expert_rubric=true; human_label=false; rank=1; page_type=homepage; raw_score=77.0; cap=100.0,0.713762,0.785282,0.765,1.0,100.0,,medium,crawl_indexability:1.000|canonical_consistency:1.000|text_sufficiency:1.000|media_and_internal_navigation:1.000,structured_support:0.000|page_structure:0.437
кухни на заказ Краснодар,https://kuhnidar.ru/,77.1,seo_weighted_rubric_v4,d45_seo_weighted_rubric_v1,deterministic_expert_rubric=true; human_label=false; rank=2; page_type=homepage; raw_score=77.1; cap=100.0,0.770828,0.704622,0.732483,0.947368,100.0,,medium,crawl_indexability:1.000|canonical_consistency:1.000|text_sufficiency:1.000|media_and_internal_navigation:1.000,structured_support:0.187
кухни на заказ Краснодар,https://kukhni-vkrasnodare.ru/,64.0,seo_weighted_rubric_v4,d45_seo_weighted_rubric_v1,deterministic_expert_rubric=true; human_label=false; rank=3; page_type=homepage; raw_score=64.0; cap=100.0,0.614272,0.682205,0.375083,0.894737,100.0,,low,crawl_indexability:1.000|technical_metadata:0.930|offer_and_conversion:0.860,structured_support:0.103|canonical_consistency:0.150|media_and_internal_navigation:0.297|page_structure:0.300
кухни на заказ Краснодар,https://kitchen-sam.ru/,64.7,seo_weighted_rubric_v4,d45_seo_weighted_rubric_v1,deterministic_expert_rubric=true; human_label=false; rank=4; page_type=homepage; raw_score=64.7; cap=100.0,0.602772,0.679619,0.5414,0.842105,100.0,,low,crawl_indexability:1.000|canonical_consistency:1.000|technical_metadata:0.896|commercial_trust:0.873,structured_support:0.000|heading_query_fit:0.200|page_structure:0.244|title_query_fit:0.426
кухни на заказ Краснодар,https://krasnodar-kuhni-na-zakaz.ru/,23.6,seo_weighted_rubric_v4,d45_seo_weighted_rubric_v1,deterministic_expert_rubric=true; human_label=false; rank=5; page_type=homepage; raw_score=23.6; cap=35.0,0.090564,0.427514,0.0319,0.789474,35.0,critical_http_status_not_ok|critical_intent_alignment_weak|critical_page_not_indexable|critical_query_title_fit_weak|critical_semantic_query_fit_weak|important_extremely_thin_content,blocked,commercial_trust:0.720|mobile_render_performance:0.637|technical_metadata:0.520,heading_query_fit:0.000|offer_and_conversion:0.000|secondary_commercial_details:0.000|structured_support:0.000
кухни на заказ Краснодар,https://www.kukhni-krasnodar.ru/,60.4,seo_weighted_rubric_v4,d45_seo_weighted_rubric_v1,deterministic_expert_rubric=true; human_label=false; rank=6; page_type=homepage; raw_score=60.4; cap=100.0,0.553957,0.670372,0.464183,0.736842,100.0,,low,crawl_indexability:1.000|technical_metadata:0.950|text_sufficiency:0.850,structured_support:0.103|canonical_consistency:0.150|heading_query_fit:0.249|page_structure:0.346
кухни на заказ Краснодар,https://www.giuseppe23.ru/,74.0,seo_weighted_rubric_v4,d45_seo_weighted_rubric_v1,deterministic_expert_rubric=true; human_label=false; rank=7; page_type=homepage; raw_score=74.0; cap=100.0,0.75887,0.686184,0.674,0.684211,100.0,,medium,canonical_consistency:1.000|text_sufficiency:1.000|media_and_internal_navigation:1.000|crawl_indexability:0.930,structured_support:0.000|page_structure:0.438|mobile_render_performance:0.439
кухни на заказ Краснодар,https://krasnodar.marya.ru/,70.8,seo_weighted_rubric_v4,d45_seo_weighted_rubric_v1,deterministic_expert_rubric=true; human_label=false; rank=8; page_type=homepage; raw_score=70.8; cap=100.0,0.636387,0.769803,0.80625,0.631579,100.0,,medium,crawl_indexability:1.000|text_sufficiency:1.000|technical_metadata:0.979|media_and_internal_navigation:0.952,canonical_consistency:0.150|page_structure:0.375|structured_support:0.394
кухни на заказ Краснодар,https://kuhni-kook.ru/,56.6,seo_weighted_rubric_v4,d45_seo_weighted_rubric_v1,deterministic_expert_rubric=true; human_label=false; rank=9; page_type=homepage; raw_score=56.6; cap=82.0,0.535463,0.599128,0.4818,0.578947,82.0,important_canonical_points_elsewhere,low,crawl_indexability:0.930|text_sufficiency:0.850|technical_metadata:0.818,heading_query_fit:0.000|structured_support:0.000|canonical_consistency:0.250|page_structure:0.258
кухни на заказ Краснодар,http://kuhnya-krasnodar.ru/,72.7,seo_weighted_rubric_v4,d45_seo_weighted_rubric_v1,deterministic_expert_rubric=true; human_label=false; rank=10; page_type=homepage; raw_score=72.7; cap=100.0,0.769376,0.697362,0.53275,0.526316,100.0,,medium,canonical_consistency:1.000|text_sufficiency:1.000|crawl_indexability:0.930|technical_metadata:0.812,structured_support:0.000|secondary_commercial_details:0.420
кухни на заказ Самара,https://samara.lemanapro.ru/proekt-kuhni/na-zakaz/,27.8,seo_weighted_rubric_v4,d45_seo_weighted_rubric_v1,deterministic_expert_rubric=true; human_label=false; rank=1; page_type=content; raw_score=27.8; cap=35.0,0.160057,0.524445,0.03095,1.0,35.0,critical_http_status_not_ok|critical_intent_alignment_weak|critical_page_not_indexable|critical_query_title_fit_weak|critical_semantic_query_fit_weak|important_extremely_thin_content,blocked,commercial_trust:0.720|technical_metadata:0.640|mobile_render_performance:0.589,secondary_commercial_details:0.000|structured_support:0.000|media_and_internal_navigation:0.005|semantic_query_fit:0.033
кухни на заказ Самара,https://samara.fakturamebel.ru/,63.8,seo_weighted_rubric_v4,d45_seo_weighted_rubric_v1,deterministic_expert_rubric=true; human_label=false; rank=2; page_type=homepage; raw_score=63.8; cap=100.0,0.600975,0.639865,0.53145,0.947368,100.0,,low,canonical_consistency:1.000|text_sufficiency:1.000|crawl_indexability:0.930,heading_query_fit:0.000|structured_support:0.000|page_structure:0.375|secondary_commercial_details:0.420
кухни на заказ Самара,https://samara.marya.ru/,72.0,seo_weighted_rubric_v4,d45_seo_weighted_rubric_v1,deterministic_expert_rubric=true; human_label=false; rank=3; page_type=homepage; raw_score=72.0; cap=100.0,0.632401,0.770321,0.8136,0.894737,100.0,,medium,crawl_indexability:1.000|text_sufficiency:1.000|technical_metadata:0.983|media_and_internal_navigation:0.952,canonical_consistency:0.150|page_structure:0.367|structured_support:0.431
кухни на заказ Самара,https://kmsmebel.ru/,77.0,seo_weighted_rubric_v4,d45_seo_weighted_rubric_v1,deterministic_expert_rubric=true; human_label=false; rank=4; page_type=homepage; raw_score=77.0; cap=100.0,0.755904,0.758366,0.701,0.842105,100.0,,medium,canonical_consistency:1.000|text_sufficiency:1.000|crawl_indexability:0.930|secondary_commercial_details:0.880,structured_support:0.000
кухни на заказ Самара,https://mebelhall-kitchen.ru/,71.7,seo_weighted_rubric_v4,d45_seo_weighted_rubric_v1,deterministic_expert_rubric=true; human_label=false; rank=5; page_type=homepage; raw_score=71.7; cap=78.0,0.703832,0.703007,0.6417,0.789474,78.0,critical_query_title_fit_weak,medium,canonical_consistency:1.000|text_sufficiency:1.000|crawl_indexability:0.930|commercial_trust:0.904,structured_support:0.000|title_query_fit:0.262
кухни на заказ Самара,https://kukhni-vsamare.ru/,64.4,seo_weighted_rubric_v4,d45_seo_weighted_rubric_v1,deterministic_expert_rubric=true; human_label=false; rank=6; page_type=homepage; raw_score=64.4; cap=100.0,0.635188,0.683751,0.375083,0.736842,100.0,,low,crawl_indexability:1.000|technical_metadata:0.926|offer_and_conversion:0.860,structured_support:0.103|canonical_consistency:0.150|media_and_internal_navigation:0.297|page_structure:0.316
кухни на заказ Самара,https://kuhnari-samara.ru/,62.5,seo_weighted_rubric_v4,d45_seo_weighted_rubric_v1,deterministic_expert_rubric=true; human_label=false; rank=7; page_type=homepage; raw_score=62.5; cap=100.0,0.593045,0.659624,0.514,0.684211,100.0,,low,crawl_indexability:1.000|text_sufficiency:1.000|commercial_trust:0.809,heading_query_fit:0.000|structured_support:0.000|canonical_consistency:0.150|secondary_commercial_details:0.400
кухни на заказ Самара,https://samara-kuhni-na-zakaz.ru/,76.9,seo_weighted_rubric_v4,d45_seo_weighted_rubric_v1,deterministic_expert_rubric=true; human_label=false; rank=8; page_type=homepage; raw_score=76.9; cap=100.0,0.787187,0.748543,0.6514,0.631579,100.0,,medium,crawl_indexability:1.000|canonical_consistency:1.000|technical_metadata:0.975|commercial_trust:0.904,page_structure:0.421|media_and_internal_navigation:0.421
кухни на заказ Самара,https://mebel-kega.ru/kuhni,62.1,seo_weighted_rubric_v4,d45_seo_weighted_rubric_v1,deterministic_expert_rubric=true; human_label=false; rank=9; page_type=content; raw_score=62.1; cap=78.0,0.615593,0.718695,0.5786,0.578947,78.0,critical_query_title_fit_weak,low,crawl_indexability:1.000|canonical_consistency:1.000|media_and_internal_navigation:0.990|technical_metadata:0.894,structured_support:0.000|title_query_fit:0.230|heading_query_fit:0.352|page_structure:0.424
кухни на заказ Самара,https://ka2design.ru/,77.0,seo_weighted_rubric_v4,d45_seo_weighted_rubric_v1,deterministic_expert_rubric=true; human_label=false; rank=10; page_type=homepage; raw_score=77.0; cap=100.0,0.77089,0.784858,0.695,0.526316,100.0,,medium,crawl_indexability:1.000|canonical_consistency:1.000|text_sufficiency:1.000|media_and_internal_navigation:1.000,structured_support:0.000
кухни на заказ Нижний Новгород,https://kuhni-52.ru/,71.0,seo_weighted_rubric_v4,d45_seo_weighted_rubric_v1,deterministic_expert_rubric=true; human_label=false; rank=1; page_type=homepage; raw_score=71.0; cap=100.0,0.637651,0.751283,0.6843,1.0,100.0,,medium,crawl_indexability:1.000|technical_metadata:0.992|media_and_internal_navigation:0.924|offer_and_conversion:0.860,structured_support:0.000|canonical_consistency:0.150|title_query_fit:0.449
кухни на заказ Нижний Новгород,https://kuhni-slavichi.ru/,74.2,seo_weighted_rubric_v4,d45_seo_weighted_rubric_v1,deterministic_expert_rubric=true; human_label=false; rank=2; page_type=homepage; raw_score=74.2; cap=100.0,0.70601,0.763602,0.618,0.947368,100.0,,medium,crawl_indexability:1.000|canonical_consistency:1.000|text_sufficiency:1.000|media_and_internal_navigation:1.000,structured_support:0.000|title_query_fit:0.435
кухни на заказ Нижний Новгород,https://kuhni-nn.ru/,62.1,seo_weighted_rubric_v4,d45_seo_weighted_rubric_v1,deterministic_expert_rubric=true; human_label=false; rank=3; page_type=homepage; raw_score=62.1; cap=100.0,0.610701,0.559484,0.5761,0.894737,100.0,,low,text_sufficiency:1.000|media_and_internal_navigation:0.895|crawl_indexability:0.850,structured_support:0.000|canonical_consistency:0.150|title_query_fit:0.413|secondary_commercial_details:0.420
кухни на заказ Нижний Новгород,https://julison.ru/,73.6,seo_weighted_rubric_v4,d45_seo_weighted_rubric_v1,deterministic_expert_rubric=true; human_label=false; rank=4; page_type=homepage; raw_score=73.6; cap=100.0,0.684182,0.73616,0.8172,0.842105,100.0,,medium,crawl_indexability:1.000|canonical_consistency:1.000|text_sufficiency:1.000|media_and_internal_navigation:1.000,page_structure:0.311|title_query_fit:0.404
кухни на заказ Нижний Новгород,https://kuhni-pod-zakaz-nn.ru/,77.5,seo_weighted_rubric_v4,d45_seo_weighted_rubric_v1,deterministic_expert_rubric=true; human_label=false; rank=5; page_type=homepage; raw_score=77.5; cap=100.0,0.752044,0.756265,0.8,0.789474,100.0,,medium,crawl_indexability:1.000|canonical_consistency:1.000|text_sufficiency:1.000|media_and_internal_navigation:1.000,structured_support:0.000|title_query_fit:0.439
кухни на заказ Нижний Новгород,https://kuxni-nn.ru/,71.9,seo_weighted_rubric_v4,d45_seo_weighted_rubric_v1,deterministic_expert_rubric=true; human_label=false; rank=6; page_type=homepage; raw_score=71.9; cap=100.0,0.676974,0.736226,0.737,0.736842,100.0,,medium,crawl_indexability:1.000|canonical_consistency:1.000|text_sufficiency:1.000|media_and_internal_navigation:1.000,structured_support:0.000|title_query_fit:0.379|page_structure:0.422
кухни на заказ Нижний Новгород,https://love-kuhnya-na-zakaz-nn.ru/,75.8,seo_weighted_rubric_v4,d45_seo_weighted_rubric_v1,deterministic_expert_rubric=true; human_label=false; rank=7; page_type=homepage; raw_score=75.8; cap=78.0,0.706184,0.767673,0.9054,0.684211,78.0,critical_query_title_fit_weak,medium,crawl_indexability:1.000|canonical_consistency:1.000|text_sufficiency:1.000|media_and_internal_navigation:1.000,title_query_fit:0.334|page_structure:0.383
кухни на заказ Нижний Новгород,https://www.kukhni-nizhniy-novgorod.ru/,66.1,seo_weighted_rubric_v4,d45_seo_weighted_rubric_v1,deterministic_expert_rubric=true; human_label=false; rank=8; page_type=homepage; raw_score=66.1; cap=100.0,0.608546,0.68553,0.737,0.631579,100.0,,medium,text_sufficiency:1.000|media_and_internal_navigation:1.000|commercial_trust:0.936|crawl_indexability:0.920,heading_query_fit:0.000|structured_support:0.000|canonical_consistency:0.150|page_structure:0.343
кухни на заказ Нижний Новгород,https://kuhnyabar.ru/,22.0,seo_weighted_rubric_v4,d45_seo_weighted_rubric_v1,deterministic_expert_rubric=true; human_label=false; rank=9; page_type=homepage; raw_score=22.0; cap=35.0,0.113293,0.369478,0.03335,0.578947,35.0,critical_http_status_not_ok|critical_intent_alignment_weak|critical_page_not_indexable|critical_query_title_fit_weak|critical_semantic_query_fit_weak|important_extremely_thin_content,blocked,commercial_trust:0.720|mobile_render_performance:0.510|technical_metadata:0.360,heading_query_fit:0.000|offer_and_conversion:0.000|secondary_commercial_details:0.000|structured_support:0.000
кухни на заказ Нижний Новгород,https://borgostudio.ru/,71.0,seo_weighted_rubric_v4,d45_seo_weighted_rubric_v1,deterministic_expert_rubric=true; human_label=false; rank=10; page_type=homepage; raw_score=71.0; cap=100.0,0.679743,0.722739,0.7839,0.526316,100.0,,medium,crawl_indexability:1.000|canonical_consistency:1.000|media_and_internal_navigation:1.000|technical_metadata:0.996,page_structure:0.387|title_query_fit:0.429
кухни на заказ цена Москва,https://www.mebelmsk.ru/mebel-na-zakaz/kukhni/,75.3,seo_weighted_rubric_v4,d45_seo_weighted_rubric_v1,deterministic_expert_rubric=true; human_label=false; rank=1; page_type=content; raw_score=75.3; cap=100.0,0.755543,0.759334,0.8,1.0,100.0,,medium,crawl_indexability:1.000|canonical_consistency:1.000|text_sufficiency:1.000|media_and_internal_navigation:1.000,structured_support:0.000|title_query_fit:0.398
кухни на заказ цена Москва,https://mebel-renessans.ru/kuhni,79.9,seo_weighted_rubric_v4,d45_seo_weighted_rubric_v1,deterministic_expert_rubric=true; human_label=false; rank=2; page_type=content; raw_score=79.9; cap=100.0,0.835491,0.76239,0.837483,0.947368,100.0,,medium,crawl_indexability:1.000|canonical_consistency:1.000|text_sufficiency:1.000|media_and_internal_navigation:1.000,structured_support:0.187
кухни на заказ цена Москва,https://www.bestmebelshop.ru/catalog/mebel-dlya-kukhni/category-kukhni-po-individualnym-razmeram/,73.6,seo_weighted_rubric_v4,d45_seo_weighted_rubric_v1,deterministic_expert_rubric=true; human_label=false; rank=3; page_type=product; raw_score=73.6; cap=100.0,0.583005,0.821649,0.94425,0.894737,100.0,,medium,crawl_indexability:1.000|commercial_trust:1.000|offer_and_conversion:1.000|text_sufficiency:1.000,canonical_consistency:0.150|heading_query_fit:0.330|title_query_fit:0.406
кухни на заказ цена Москва,https://vitakuhni.ru/,79.8,seo_weighted_rubric_v4,d45_seo_weighted_rubric_v1,deterministic_expert_rubric=true; human_label=false; rank=4; page_type=homepage; raw_score=79.8; cap=100.0,0.752268,0.848953,0.719883,0.842105,100.0,,medium,crawl_indexability:1.000|canonical_consistency:1.000|offer_and_conversion:1.000|technical_metadata:0.993,structured_support:0.187|title_query_fit:0.447
кухни на заказ цена Москва,https://nedorogo-kuhni.ru/kuhni,78.5,seo_weighted_rubric_v4,d45_seo_weighted_rubric_v1,deterministic_expert_rubric=true; human_label=false; rank=5; page_type=content; raw_score=78.5; cap=100.0,0.827815,0.757827,0.827367,0.789474,100.0,,medium,canonical_consistency:1.000|text_sufficiency:1.000|media_and_internal_navigation:1.000|commercial_trust:0.935,structured_support:0.312
кухни на заказ цена Москва,https://zavodkuhnirf.ru/,72.2,seo_weighted_rubric_v4,d45_seo_weighted_rubric_v1,deterministic_expert_rubric=true; human_label=false; rank=6; page_type=homepage; raw_score=72.2; cap=78.0,0.648851,0.811514,0.695,0.736842,78.0,critical_query_title_fit_weak,medium,crawl_indexability:1.000|text_sufficiency:1.000|media_and_internal_navigation:1.000|technical_metadata:0.956,structured_support:0.000|canonical_consistency:0.150|title_query_fit:0.328
кухни на заказ цена Москва,https://500kuhon.ru/,71.8,seo_weighted_rubric_v4,d45_seo_weighted_rubric_v1,deterministic_expert_rubric=true; human_label=false; rank=8; page_type=homepage; raw_score=71.8; cap=82.0,0.673954,0.778702,0.674,0.631579,82.0,important_canonical_points_elsewhere,medium,crawl_indexability:1.000|text_sufficiency:1.000|media_and_internal_navigation:1.000|technical_metadata:0.951,structured_support:0.000|canonical_consistency:0.250|title_query_fit:0.427
кухни на заказ цена Москва,https://master-kuhni.com/,80.7,seo_weighted_rubric_v4,d45_seo_weighted_rubric_v1,deterministic_expert_rubric=true; human_label=false; rank=9; page_type=homepage; raw_score=80.7; cap=100.0,0.770966,0.799436,0.9874,0.578947,100.0,,medium,crawl_indexability:1.000|canonical_consistency:1.000|text_sufficiency:1.000|media_and_internal_navigation:1.000,title_query_fit:0.410
кухни на заказ цена Москва,https://julis.ru/kitchens/,73.8,seo_weighted_rubric_v4,d45_seo_weighted_rubric_v1,deterministic_expert_rubric=true; human_label=false; rank=10; page_type=content; raw_score=73.8; cap=100.0,0.774583,0.756909,0.7822,0.526316,100.0,,medium,crawl_indexability:1.000|canonical_consistency:1.000|text_sufficiency:1.000|media_and_internal_navigation:1.000,title_query_fit:0.394
кухни на заказ цена Санкт-Петербург,https://masterskayakuhon.ru/,70.8,seo_weighted_rubric_v4,d45_seo_weighted_rubric_v1,deterministic_expert_rubric=true; human_label=false; rank=2; page_type=homepage; raw_score=70.8; cap=100.0,0.618066,0.752287,0.8,0.947368,100.0,,medium,crawl_indexability:1.000|text_sufficiency:1.000|media_and_internal_navigation:1.000|secondary_commercial_details:1.000,structured_support:0.000|canonical_consistency:0.150|title_query_fit:0.351
кухни на заказ цена Санкт-Петербург,https://lenkuhni.ru/,80.1,seo_weighted_rubric_v4,d45_seo_weighted_rubric_v1,deterministic_expert_rubric=true; human_label=false; rank=3; page_type=homepage; raw_score=80.1; cap=100.0,0.784318,0.766907,0.8,0.894737,100.0,,medium,crawl_indexability:1.000|canonical_consistency:1.000|text_sufficiency:1.000|media_and_internal_navigation:1.000,structured_support:0.000|title_query_fit:0.408
кухни на заказ цена Санкт-Петербург,https://kuhnihome.spb.ru/,78.2,seo_weighted_rubric_v4,d45_seo_weighted_rubric_v1,deterministic_expert_rubric=true; human_label=false; rank=5; page_type=homepage; raw_score=78.2; cap=100.0,0.754366,0.785038,0.77245,0.789474,100.0,,medium,crawl_indexability:1.000|canonical_consistency:1.000|text_sufficiency:1.000|media_and_internal_navigation:1.000,structured_support:0.352
кухни на заказ цена Санкт-Петербург,https://neva-kuhni.ru/,74.1,seo_weighted_rubric_v4,d45_seo_weighted_rubric_v1,deterministic_expert_rubric=true; human_label=false; rank=6; page_type=homepage; raw_score=74.1; cap=100.0,0.765091,0.693033,0.6023,0.736842,100.0,,medium,canonical_consistency:1.000|crawl_indexability:0.930|text_sufficiency:0.850|media_and_internal_navigation:0.829,structured_support:0.000|mobile_render_performance:0.441
кухни на заказ цена Санкт-Петербург,https://petro-mebel.com/kuhni-na-zakaz/,67.2,seo_weighted_rubric_v4,d45_seo_weighted_rubric_v1,deterministic_expert_rubric=true; human_label=false; rank=7; page_type=content; raw_score=67.2; cap=100.0,0.69621,0.649377,0.8,0.684211,100.0,,medium,canonical_consistency:1.000|text_sufficiency:1.000|media_and_internal_navigation:1.000|secondary_commercial_details:1.000,structured_support:0.000|title_query_fit:0.393|page_structure:0.431
кухни на заказ цена Санкт-Петербург,https://lubimaya-kuhnya.ru/,74.8,seo_weighted_rubric_v4,d45_seo_weighted_rubric_v1,deterministic_expert_rubric=true; human_label=false; rank=8; page_type=homepage; raw_score=74.8; cap=100.0,0.734537,0.744571,0.737,0.631579,100.0,,medium,canonical_consistency:1.000|text_sufficiency:1.000|media_and_internal_navigation:1.000|commercial_trust:0.936,structured_support:0.000|title_query_fit:0.385
кухни на заказ цена Санкт-Петербург,https://spb.vitakuhni.ru/,77.2,seo_weighted_rubric_v4,d45_seo_weighted_rubric_v1,deterministic_expert_rubric=true; human_label=false; rank=9; page_type=homepage; raw_score=77.2; cap=100.0,0.735316,0.838506,0.717983,0.578947,100.0,,medium,crawl_indexability:1.000|canonical_consistency:1.000|offer_and_conversion:1.000|technical_metadata:0.966,structured_support:0.187|title_query_fit:0.445
кухни на заказ цена Санкт-Петербург,https://lavellakitchen.ru/,69.7,seo_weighted_rubric_v4,d45_seo_weighted_rubric_v1,deterministic_expert_rubric=true; human_label=false; rank=10; page_type=homepage; raw_score=69.7; cap=100.0,0.629228,0.777414,0.761883,0.526316,100.0,,medium,crawl_indexability:1.000|text_sufficiency:1.000|media_and_internal_navigation:1.000|commercial_trust:0.968,structured_support:0.124|canonical_consistency:0.150|title_query_fit:0.378
кухни на заказ цена Екатеринбург,https://www.lovekuhnya.ru/,80.4,seo_weighted_rubric_v4,d45_seo_weighted_rubric_v1,deterministic_expert_rubric=true; human_label=false; rank=1; page_type=homepage; raw_score=80.4; cap=100.0,0.754333,0.77762,0.9054,1.0,100.0,,medium,crawl_indexability:1.000|canonical_consistency:1.000|text_sufficiency:1.000|media_and_internal_navigation:1.000,title_query_fit:0.359|page_structure:0.442
кухни на заказ цена Екатеринбург,https://na-zakaz-mebel.com/,80.4,seo_weighted_rubric_v4,d45_seo_weighted_rubric_v1,deterministic_expert_rubric=true; human_label=false; rank=2; page_type=homepage; raw_score=80.4; cap=100.0,0.768607,0.810173,0.758,0.947368,100.0,,medium,crawl_indexability:1.000|canonical_consistency:1.000|text_sufficiency:1.000|media_and_internal_navigation:1.000,structured_support:0.000
кухни на заказ цена Екатеринбург,https://kitchenrm.ru/,68.2,seo_weighted_rubric_v4,d45_seo_weighted_rubric_v1,deterministic_expert_rubric=true; human_label=false; rank=3; page_type=homepage; raw_score=68.2; cap=100.0,0.596657,0.736258,0.7294,0.894737,100.0,,medium,crawl_indexability:1.000|text_sufficiency:1.000|media_and_internal_navigation:0.962|technical_metadata:0.935,structured_support:0.000|canonical_consistency:0.150|heading_query_fit:0.380|title_query_fit:0.419
кухни на заказ цена Екатеринбург,https://е-кухни.рф/,76.4,seo_weighted_rubric_v4,d45_seo_weighted_rubric_v1,deterministic_expert_rubric=true; human_label=false; rank=4; page_type=homepage; raw_score=76.4; cap=100.0,0.732548,0.768873,0.7354,0.842105,100.0,,medium,crawl_indexability:1.000|canonical_consistency:1.000|text_sufficiency:1.000|secondary_commercial_details:1.000,structured_support:0.000|title_query_fit:0.427
кухни на заказ цена Екатеринбург,https://ekaterinburg.vernokuhni.ru/,72.6,seo_weighted_rubric_v4,d45_seo_weighted_rubric_v1,deterministic_expert_rubric=true; human_label=false; rank=5; page_type=homepage; raw_score=72.6; cap=78.0,0.703596,0.738634,0.6282,0.789474,78.0,critical_query_title_fit_weak,medium,crawl_indexability:1.000|canonical_consistency:1.000|text_sufficiency:1.000|media_and_internal_navigation:0.981,structured_support:0.000|title_query_fit:0.294
кухни на заказ цена Екатеринбург,https://kuhnya-ekb.ru/,25.8,seo_weighted_rubric_v4,d45_seo_weighted_rubric_v1,deterministic_expert_rubric=true; human_label=false; rank=6; page_type=homepage; raw_score=25.8; cap=35.0,0.134123,0.431273,0.0343,0.736842,35.0,critical_http_status_not_ok|critical_intent_alignment_weak|critical_page_not_indexable|critical_query_title_fit_weak|critical_semantic_query_fit_weak|important_extremely_thin_content,blocked,mobile_render_performance:0.586|technical_metadata:0.520|offer_and_conversion:0.460,heading_query_fit:0.000|secondary_commercial_details:0.000|structured_support:0.000|media_and_internal_navigation:0.022
кухни на заказ цена Екатеринбург,https://ekat.steklodom.com/mebel-na-zakaz/kuhni/,69.1,seo_weighted_rubric_v4,d45_seo_weighted_rubric_v1,deterministic_expert_rubric=true; human_label=false; rank=7; page_type=content; raw_score=69.1; cap=100.0,0.645732,0.778647,0.88305,0.684211,100.0,,medium,crawl_indexability:1.000|commercial_trust:1.000|offer_and_conversion:1.000|text_sufficiency:1.000,canonical_consistency:0.150|page_structure:0.415|structured_support:0.415|title_query_fit:0.434
кухни на заказ цена Екатеринбург,https://yutnaya-kuhnya.com/,65.5,seo_weighted_rubric_v4,d45_seo_weighted_rubric_v1,deterministic_expert_rubric=true; human_label=false; rank=8; page_type=homepage; raw_score=65.5; cap=100.0,0.614113,0.70251,0.5945,0.631579,100.0,,medium,crawl_indexability:1.000|media_and_internal_navigation:1.000|technical_metadata:0.927|offer_and_conversion:0.860,structured_support:0.000|canonical_consistency:0.150|page_structure:0.361|title_query_fit:0.435
кухни на заказ цена Екатеринбург,https://www.vkuskuhni.ru/,78.7,seo_weighted_rubric_v4,d45_seo_weighted_rubric_v1,deterministic_expert_rubric=true; human_label=false; rank=9; page_type=homepage; raw_score=78.7; cap=100.0,0.743006,0.821729,0.8802,0.578947,100.0,,medium,crawl_indexability:1.000|canonical_consistency:1.000|text_sufficiency:1.000|media_and_internal_navigation:1.000,title_query_fit:0.409
кухни на заказ цена Екатеринбург,https://vk.com/kuhni_shkafy_zakaz,22.0,seo_weighted_rubric_v4,d45_seo_weighted_rubric_v1,deterministic_expert_rubric=true; human_label=false; rank=10; page_type=content; raw_score=22.0; cap=45.0,0.16244,0.376647,0.1089,0.526316,45.0,critical_intent_alignment_weak|critical_page_not_indexable|critical_query_title_fit_weak|critical_semantic_query_fit_weak|important_commercial_trust_weak|important_extremely_thin_content,blocked,mobile_render_performance:0.582|technical_metadata:0.580|crawl_indexability:0.500,heading_query_fit:0.000|structured_support:0.000|media_and_internal_navigation:0.010|semantic_query_fit:0.010
кухни на заказ цена Новосибирск,https://www.kuhni-nsk.ru/,76.7,seo_weighted_rubric_v4,d45_seo_weighted_rubric_v1,deterministic_expert_rubric=true; human_label=false; rank=1; page_type=homepage; raw_score=76.7; cap=100.0,0.68918,0.786067,0.866567,1.0,100.0,,medium,crawl_indexability:1.000|canonical_consistency:1.000|text_sufficiency:1.000|media_and_internal_navigation:1.000,structured_support:0.333|page_structure:0.418|title_query_fit:0.426
кухни на заказ цена Новосибирск,https://nsk.nedorogo-kuhni.ru/kuhni,75.4,seo_weighted_rubric_v4,d45_seo_weighted_rubric_v1,deterministic_expert_rubric=true; human_label=false; rank=2; page_type=content; raw_score=75.4; cap=100.0,0.770708,0.732888,0.827367,0.947368,100.0,,medium,canonical_consistency:1.000|text_sufficiency:1.000|media_and_internal_navigation:1.000|crawl_indexability:0.930,structured_support:0.312|page_structure:0.404
кухни на заказ цена Новосибирск,https://novosibirsk.vernokuhni.ru/,73.9,seo_weighted_rubric_v4,d45_seo_weighted_rubric_v1,deterministic_expert_rubric=true; human_label=false; rank=3; page_type=homepage; raw_score=73.9; cap=100.0,0.716924,0.739442,0.6282,0.894737,100.0,,medium,crawl_indexability:1.000|canonical_consistency:1.000|text_sufficiency:1.000|media_and_internal_navigation:0.981,structured_support:0.000|title_query_fit:0.354
кухни на заказ цена Новосибирск,https://lovekuhnya-novosib.ru/,79.1,seo_weighted_rubric_v4,d45_seo_weighted_rubric_v1,deterministic_expert_rubric=true; human_label=false; rank=4; page_type=homepage; raw_score=79.1; cap=100.0,0.747063,0.776467,0.9054,0.842105,100.0,,medium,crawl_indexability:1.000|canonical_consistency:1.000|text_sufficiency:1.000|media_and_internal_navigation:1.000,title_query_fit:0.356|page_structure:0.438
кухни на заказ цена Новосибирск,https://alexandr-kuhni.ru/nsk,67.5,seo_weighted_rubric_v4,d45_seo_weighted_rubric_v1,deterministic_expert_rubric=true; human_label=false; rank=5; page_type=content; raw_score=67.5; cap=100.0,0.69245,0.685744,0.6874,0.789474,100.0,,medium,canonical_consistency:1.000|text_sufficiency:1.000|media_and_internal_navigation:0.962|crawl_indexability:0.930,structured_support:0.000|heading_query_fit:0.383|title_query_fit:0.407|page_structure:0.433
кухни на заказ цена Новосибирск,https://feniks-kuhni-nsk.ru/,72.8,seo_weighted_rubric_v4,d45_seo_weighted_rubric_v1,deterministic_expert_rubric=true; human_label=false; rank=6; page_type=homepage; raw_score=72.8; cap=100.0,0.701192,0.740201,0.681683,0.736842,100.0,,medium,crawl_indexability:1.000|canonical_consistency:1.000|text_sufficiency:1.000|technical_metadata:0.976,structured_support:0.103|page_structure:0.279|title_query_fit:0.386
кухни на заказ цена Новосибирск,https://promebelnsk.ru/kuhni,67.9,seo_weighted_rubric_v4,d45_seo_weighted_rubric_v1,deterministic_expert_rubric=true; human_label=false; rank=7; page_type=content; raw_score=67.9; cap=100.0,0.694941,0.695232,0.737,0.684211,100.0,,medium,canonical_consistency:1.000|text_sufficiency:1.000|media_and_internal_navigation:1.000|commercial_trust:0.936,structured_support:0.000|page_structure:0.290|title_query_fit:0.386|mobile_render_performance:0.435
кухни на заказ цена Новосибирск,https://kuxni-nsk.ru/,72.6,seo_weighted_rubric_v4,d45_seo_weighted_rubric_v1,deterministic_expert_rubric=true; human_label=false; rank=8; page_type=homepage; raw_score=72.6; cap=100.0,0.68349,0.745948,0.8,0.631579,100.0,,medium,crawl_indexability:1.000|canonical_consistency:1.000|text_sufficiency:1.000|media_and_internal_navigation:1.000,structured_support:0.000|title_query_fit:0.391|page_structure:0.392
кухни на заказ цена Новосибирск,http://mebelin-nsk.ru/kukhni,13.9,seo_weighted_rubric_v4,d45_seo_weighted_rubric_v1,deterministic_expert_rubric=true; human_label=false; rank=9; page_type=content; raw_score=13.9; cap=35.0,0.106286,0.229167,0.03,0.578947,35.0,critical_http_status_not_ok|critical_intent_alignment_weak|critical_page_not_indexable|critical_query_title_fit_weak|critical_semantic_query_fit_weak|important_commercial_trust_weak|important_extremely_thin_content,blocked,mobile_render_performance:0.520|page_structure:0.380|technical_metadata:0.340,commercial_trust:0.000|offer_and_conversion:0.000|media_and_internal_navigation:0.000|secondary_commercial_details:0.000
кухни на заказ цена Новосибирск,https://www.kuhni-nsk.ru/catalog/kuhni/na-zakaz/,76.3,seo_weighted_rubric_v4,d45_seo_weighted_rubric_v1,deterministic_expert_rubric=true; human_label=false; rank=10; page_type=product; raw_score=76.3; cap=100.0,0.712423,0.781833,0.803567,0.526316,100.0,,medium,crawl_indexability:1.000|canonical_consistency:1.000|text_sufficiency:1.000|media_and_internal_navigation:1.000,structured_support:0.333|title_query_fit:0.413
кухни на заказ цена Казань,https://kuhni-sova.ru/,65.0,seo_weighted_rubric_v4,d45_seo_weighted_rubric_v1,deterministic_expert_rubric=true; human_label=false; rank=1; page_type=homepage; raw_score=65.0; cap=78.0,0.56387,0.667756,0.746,1.0,78.0,critical_query_title_fit_weak,medium,canonical_consistency:1.000|text_sufficiency:1.000|crawl_indexability:0.930|media_and_internal_navigation:0.905,heading_query_fit:0.000|structured_support:0.000|page_structure:0.265|title_query_fit:0.285
кухни на заказ цена Казань,https://kuhni-na-zakaz.net/,78.1,seo_weighted_rubric_v4,d45_seo_weighted_rubric_v1,deterministic_expert_rubric=true; human_label=false; rank=2; page_type=homepage; raw_score=78.1; cap=100.0,0.695348,0.791261,0.9874,0.947368,100.0,,medium,crawl_indexability:1.000|canonical_consistency:1.000|text_sufficiency:1.000|media_and_internal_navigation:1.000,page_structure:0.440
кухни на заказ цена Казань,https://kuhni-express.ru/kazan/catalog,67.9,seo_weighted_rubric_v4,d45_seo_weighted_rubric_v1,deterministic_expert_rubric=true; human_label=false; rank=3; page_type=product; raw_score=67.9; cap=82.0,0.597757,0.712081,0.6155,0.894737,82.0,important_canonical_points_elsewhere,medium,crawl_indexability:1.000|media_and_internal_navigation:1.000|technical_metadata:0.947|text_sufficiency:0.850,structured_support:0.000|canonical_consistency:0.250|title_query_fit:0.411
кухни на заказ цена Казань,https://bigmebel-kzn.ru/kuhni/,75.1,seo_weighted_rubric_v4,d45_seo_weighted_rubric_v1,deterministic_expert_rubric=true; human_label=false; rank=4; page_type=content; raw_score=75.1; cap=100.0,0.751113,0.742361,0.9306,0.842105,100.0,,medium,crawl_indexability:1.000|canonical_consistency:1.000|text_sufficiency:1.000|media_and_internal_navigation:1.000,page_structure:0.395|title_query_fit:0.401
кухни на заказ цена Казань,https://www.kukhni-kazan.ru/,62.8,seo_weighted_rubric_v4,d45_seo_weighted_rubric_v1,deterministic_expert_rubric=true; human_label=false; rank=5; page_type=homepage; raw_score=62.8; cap=100.0,0.584085,0.640408,0.598,0.789474,100.0,,low,text_sufficiency:1.000|crawl_indexability:0.920|commercial_trust:0.904|technical_metadata:0.806,structured_support:0.000|canonical_consistency:0.150|page_structure:0.280|mobile_render_performance:0.296
кухни на заказ цена Казань,https://kuhni-kazanzakazz.ru/,66.2,seo_weighted_rubric_v4,d45_seo_weighted_rubric_v1,deterministic_expert_rubric=true; human_label=false; rank=6; page_type=homepage; raw_score=66.2; cap=100.0,0.686982,0.629008,0.435083,0.736842,100.0,,medium,crawl_indexability:1.000|canonical_consistency:1.000|text_sufficiency:1.000|technical_metadata:0.840,structured_support:0.103|media_and_internal_navigation:0.297|secondary_commercial_details:0.300|title_query_fit:0.447
кухни на заказ цена Казань,https://kuhdela.ru/,71.3,seo_weighted_rubric_v4,d45_seo_weighted_rubric_v1,deterministic_expert_rubric=true; human_label=false; rank=7; page_type=homepage; raw_score=71.3; cap=100.0,0.676153,0.735938,0.716,0.684211,100.0,,medium,canonical_consistency:1.000|text_sufficiency:1.000|media_and_internal_navigation:1.000|crawl_indexability:0.930,structured_support:0.000|title_query_fit:0.380
кухни на заказ цена Казань,https://olan.biz/,71.4,seo_weighted_rubric_v4,d45_seo_weighted_rubric_v1,deterministic_expert_rubric=true; human_label=false; rank=8; page_type=homepage; raw_score=71.4; cap=78.0,0.660968,0.744175,0.8032,0.631579,78.0,critical_query_title_fit_weak,medium,crawl_indexability:1.000|canonical_consistency:1.000|text_sufficiency:1.000|media_and_internal_navigation:1.000,title_query_fit:0.349|page_structure:0.367
кухни на заказ цена Казань,https://kuhni-mebelyer.ru/,78.6,seo_weighted_rubric_v4,d45_seo_weighted_rubric_v1,deterministic_expert_rubric=true; human_label=false; rank=9; page_type=homepage; raw_score=78.6; cap=100.0,0.766866,0.812995,0.761883,0.578947,100.0,,medium,crawl_indexability:1.000|canonical_consistency:1.000|text_sufficiency:1.000|media_and_internal_navigation:1.000,structured_support:0.124
кухни на заказ цена Казань,https://kuhni.shell-wood.ru/,73.4,seo_weighted_rubric_v4,d45_seo_weighted_rubric_v1,deterministic_expert_rubric=true; human_label=false; rank=10; page_type=homepage; raw_score=73.4; cap=100.0,0.742585,0.769968,0.53595,0.526316,100.0,,medium,crawl_indexability:1.000|canonical_consistency:1.000|technical_metadata:0.942|offer_and_conversion:0.860,structured_support:0.000|title_query_fit:0.417
кухни на заказ цена Краснодар,https://kuxni-krd.ru/,76.0,seo_weighted_rubric_v4,d45_seo_weighted_rubric_v1,deterministic_expert_rubric=true; human_label=false; rank=1; page_type=homepage; raw_score=76.0; cap=100.0,0.699376,0.779883,0.765,1.0,100.0,,medium,crawl_indexability:1.000|canonical_consistency:1.000|text_sufficiency:1.000|media_and_internal_navigation:1.000,structured_support:0.000|title_query_fit:0.390|page_structure:0.404
кухни на заказ цена Краснодар,https://kuhni-kook.ru/,58.1,seo_weighted_rubric_v4,d45_seo_weighted_rubric_v1,deterministic_expert_rubric=true; human_label=false; rank=2; page_type=homepage; raw_score=58.1; cap=82.0,0.52712,0.600177,0.4818,0.947368,82.0,important_canonical_points_elsewhere,low,crawl_indexability:0.930|text_sufficiency:0.850|technical_metadata:0.818,heading_query_fit:0.000|structured_support:0.000|canonical_consistency:0.250|page_structure:0.278
кухни на заказ цена Краснодар,https://kuhnidar.ru/,76.4,seo_weighted_rubric_v4,d45_seo_weighted_rubric_v1,deterministic_expert_rubric=true; human_label=false; rank=3; page_type=homepage; raw_score=76.4; cap=100.0,0.765652,0.701177,0.732483,0.894737,100.0,,medium,crawl_indexability:1.000|canonical_consistency:1.000|text_sufficiency:1.000|media_and_internal_navigation:1.000,structured_support:0.187|title_query_fit:0.391
кухни на заказ цена Краснодар,https://www.giuseppe23.ru/,74.1,seo_weighted_rubric_v4,d45_seo_weighted_rubric_v1,deterministic_expert_rubric=true; human_label=false; rank=4; page_type=homepage; raw_score=74.1; cap=100.0,0.744241,0.692061,0.674,0.842105,100.0,,medium,canonical_consistency:1.000|text_sufficiency:1.000|media_and_internal_navigation:1.000|crawl_indexability:0.930,structured_support:0.000|mobile_render_performance:0.439
кухни на заказ цена Краснодар,https://kukhni-vkrasnodare.ru/,60.4,seo_weighted_rubric_v4,d45_seo_weighted_rubric_v1,deterministic_expert_rubric=true; human_label=false; rank=5; page_type=homepage; raw_score=60.4; cap=100.0,0.598371,0.61069,0.375083,0.789474,100.0,,low,crawl_indexability:1.000|technical_metadata:0.930|offer_and_conversion:0.860,structured_support:0.103|canonical_consistency:0.150|media_and_internal_navigation:0.297|page_structure:0.304
кухни на заказ цена Краснодар,https://кухни-розмарин.рф/,72.0,seo_weighted_rubric_v4,d45_seo_weighted_rubric_v1,deterministic_expert_rubric=true; human_label=false; rank=6; page_type=homepage; raw_score=72.0; cap=100.0,0.682365,0.764613,0.6387,0.736842,100.0,,medium,crawl_indexability:1.000|canonical_consistency:1.000|technical_metadata:0.967|offer_and_conversion:0.860,structured_support:0.000|heading_query_fit:0.379|title_query_fit:0.422
кухни на заказ цена Краснодар,https://novaya-mebel.pro/katalog-mebeli/kuhni/,68.3,seo_weighted_rubric_v4,d45_seo_weighted_rubric_v1,deterministic_expert_rubric=true; human_label=false; rank=7; page_type=content; raw_score=68.3; cap=78.0,0.680281,0.736837,0.737,0.684211,78.0,critical_query_title_fit_weak,medium,crawl_indexability:1.000|canonical_consistency:1.000|text_sufficiency:1.000|media_and_internal_navigation:1.000,structured_support:0.000|page_structure:0.329|title_query_fit:0.339
кухни на заказ цена Краснодар,http://kuhnya-krasnodar.ru/,72.0,seo_weighted_rubric_v4,d45_seo_weighted_rubric_v1,deterministic_expert_rubric=true; human_label=false; rank=8; page_type=homepage; raw_score=72.0; cap=100.0,0.74762,0.695641,0.53275,0.631579,100.0,,medium,canonical_consistency:1.000|text_sufficiency:1.000|crawl_indexability:0.930|technical_metadata:0.812,structured_support:0.000|title_query_fit:0.405|secondary_commercial_details:0.420
кухни на заказ цена Краснодар,https://www.kukhni-krasnodar.ru/,55.9,seo_weighted_rubric_v4,d45_seo_weighted_rubric_v1,deterministic_expert_rubric=true; human_label=false; rank=9; page_type=homepage; raw_score=55.9; cap=100.0,0.518766,0.610794,0.464183,0.578947,100.0,,low,crawl_indexability:1.000|technical_metadata:0.950|text_sufficiency:0.850,structured_support:0.103|canonical_consistency:0.150|heading_query_fit:0.227|secondary_commercial_details:0.360
кухни на заказ цена Краснодар,https://krasnodarkuhni.ru/,70.5,seo_weighted_rubric_v4,d45_seo_weighted_rubric_v1,deterministic_expert_rubric=true; human_label=false; rank=10; page_type=homepage; raw_score=70.5; cap=100.0,0.704972,0.693971,0.6762,0.526316,100.0,,medium,crawl_indexability:1.000|canonical_consistency:1.000|technical_metadata:0.956|text_sufficiency:0.850,page_structure:0.384|title_query_fit:0.412
кухни на заказ цена Самара,https://samara.fakturamebel.ru/,61.6,seo_weighted_rubric_v4,d45_seo_weighted_rubric_v1,deterministic_expert_rubric=true; human_label=false; rank=1; page_type=homepage; raw_score=61.6; cap=100.0,0.577539,0.600532,0.53145,1.0,100.0,,low,canonical_consistency:1.000|text_sufficiency:1.000|crawl_indexability:0.930,heading_query_fit:0.000|structured_support:0.000|page_structure:0.338|title_query_fit:0.366
кухни на заказ цена Самара,https://samara-kuhni-na-zakaz.ru/,76.6,seo_weighted_rubric_v4,d45_seo_weighted_rubric_v1,deterministic_expert_rubric=true; human_label=false; rank=2; page_type=homepage; raw_score=76.6; cap=100.0,0.750754,0.752007,0.6514,0.947368,100.0,,medium,crawl_indexability:1.000|canonical_consistency:1.000|technical_metadata:0.975|commercial_trust:0.904,media_and_internal_navigation:0.421|page_structure:0.443
кухни на заказ цена Самара,https://enli.ru/samara/,56.7,seo_weighted_rubric_v4,d45_seo_weighted_rubric_v1,deterministic_expert_rubric=true; human_label=false; rank=3; page_type=content; raw_score=56.7; cap=78.0,0.518431,0.647542,0.6309,0.894737,78.0,critical_query_title_fit_weak,low,crawl_indexability:1.000|technical_metadata:0.903|offer_and_conversion:0.860|text_sufficiency:0.850,structured_support:0.000|canonical_consistency:0.150|title_query_fit:0.281|page_structure:0.324
кухни на заказ цена Самара,https://samara.kupit-kuhny.ru/,76.0,seo_weighted_rubric_v4,d45_seo_weighted_rubric_v1,deterministic_expert_rubric=true; human_label=false; rank=4; page_type=homepage; raw_score=76.0; cap=100.0,0.709813,0.774383,0.799367,0.842105,100.0,,medium,crawl_indexability:1.000|canonical_consistency:1.000|text_sufficiency:1.000|media_and_internal_navigation:1.000,structured_support:0.312|page_structure:0.384|title_query_fit:0.412
кухни на заказ цена Самара,https://samara.vernokuhni.ru/,70.6,seo_weighted_rubric_v4,d45_seo_weighted_rubric_v1,deterministic_expert_rubric=true; human_label=false; rank=5; page_type=homepage; raw_score=70.6; cap=100.0,0.673183,0.727921,0.6282,0.789474,100.0,,medium,crawl_indexability:1.000|canonical_consistency:1.000|text_sufficiency:1.000|media_and_internal_navigation:0.981,structured_support:0.000|heading_query_fit:0.337|title_query_fit:0.406
кухни на заказ цена Самара,https://dominantm.ru/,49.6,seo_weighted_rubric_v4,d45_seo_weighted_rubric_v1,deterministic_expert_rubric=true; human_label=false; rank=7; page_type=homepage; raw_score=49.6; cap=78.0,0.446272,0.553828,0.348,0.684211,78.0,critical_query_title_fit_weak,low,crawl_indexability:0.930|text_sufficiency:0.850,heading_query_fit:0.000|structured_support:0.000|secondary_commercial_details:0.120|canonical_consistency:0.150
кухни на заказ цена Самара,https://www.avito.ru/samara/mebel_i_interer/kuhnya_na_zakaz_v_samare_s_proektom_pod_pomeschenie_i_ustanovkoy_8029860475,26.0,seo_weighted_rubric_v4,d45_seo_weighted_rubric_v1,deterministic_expert_rubric=true; human_label=false; rank=9; page_type=content; raw_score=26.0; cap=35.0,0.16872,0.472399,0.16785,0.578947,35.0,critical_http_status_not_ok|critical_intent_alignment_weak|critical_page_not_indexable|critical_query_title_fit_weak|critical_semantic_query_fit_weak|supporting_text_insufficient,blocked,mobile_render_performance:0.631|technical_metadata:0.620|offer_and_conversion:0.500,heading_query_fit:0.000|structured_support:0.000|media_and_internal_navigation:0.017|semantic_query_fit:0.113
кухни на заказ цена Самара,https://mebelhall-kitchen.ru/,70.4,seo_weighted_rubric_v4,d45_seo_weighted_rubric_v1,deterministic_expert_rubric=true; human_label=false; rank=10; page_type=homepage; raw_score=70.4; cap=78.0,0.700011,0.71196,0.6417,0.526316,78.0,critical_query_title_fit_weak,medium,canonical_consistency:1.000|text_sufficiency:1.000|crawl_indexability:0.930|commercial_trust:0.904,structured_support:0.000|title_query_fit:0.248
кухни на заказ цена Нижний Новгород,https://kuhni-nn.ru/,57.0,seo_weighted_rubric_v4,d45_seo_weighted_rubric_v1,deterministic_expert_rubric=true; human_label=false; rank=1; page_type=homepage; raw_score=57.0; cap=100.0,0.546556,0.489638,0.5761,1.0,100.0,,low,text_sufficiency:1.000|media_and_internal_navigation:0.895|crawl_indexability:0.850,structured_support:0.000|canonical_consistency:0.150|title_query_fit:0.365|page_structure:0.393
кухни на заказ цена Нижний Новгород,https://nn.kupit-kuhny.ru/,73.9,seo_weighted_rubric_v4,d45_seo_weighted_rubric_v1,deterministic_expert_rubric=true; human_label=false; rank=2; page_type=homepage; raw_score=73.9; cap=100.0,0.666349,0.765875,0.799367,0.947368,100.0,,medium,crawl_indexability:1.000|canonical_consistency:1.000|text_sufficiency:1.000|media_and_internal_navigation:1.000,structured_support:0.312|page_structure:0.323|title_query_fit:0.378
кухни на заказ цена Нижний Новгород,https://первыйкухонный.рф/,69.7,seo_weighted_rubric_v4,d45_seo_weighted_rubric_v1,deterministic_expert_rubric=true; human_label=false; rank=3; page_type=homepage; raw_score=69.7; cap=78.0,0.651994,0.682925,0.737,0.894737,78.0,critical_query_title_fit_weak,medium,crawl_indexability:1.000|canonical_consistency:1.000|text_sufficiency:1.000|media_and_internal_navigation:1.000,structured_support:0.000|title_query_fit:0.304|page_structure:0.377|mobile_render_performance:0.441
кухни на заказ цена Нижний Новгород,https://love-kuhnya-na-zakaz-nn.ru/,77.0,seo_weighted_rubric_v4,d45_seo_weighted_rubric_v1,deterministic_expert_rubric=true; human_label=false; rank=4; page_type=homepage; raw_score=77.0; cap=78.0,0.710197,0.774076,0.9054,0.842105,78.0,critical_query_title_fit_weak,medium,crawl_indexability:1.000|canonical_consistency:1.000|text_sufficiency:1.000|media_and_internal_navigation:1.000,title_query_fit:0.305|page_structure:0.408
кухни на заказ цена Нижний Новгород,https://kntmebel.ru/,77.0,seo_weighted_rubric_v4,d45_seo_weighted_rubric_v1,deterministic_expert_rubric=true; human_label=false; rank=5; page_type=homepage; raw_score=77.0; cap=78.0,0.738018,0.774791,0.774483,0.789474,78.0,critical_query_title_fit_weak,medium,crawl_indexability:1.000|canonical_consistency:1.000|text_sufficiency:1.000|media_and_internal_navigation:1.000,structured_support:0.187|title_query_fit:0.308
кухни на заказ цена Нижний Новгород,https://stebelkuhny.ru/,63.7,seo_weighted_rubric_v4,d45_seo_weighted_rubric_v1,deterministic_expert_rubric=true; human_label=false; rank=6; page_type=homepage; raw_score=63.7; cap=78.0,0.541727,0.734496,0.6667,0.736842,78.0,critical_query_title_fit_weak,low,crawl_indexability:1.000|text_sufficiency:1.000|commercial_trust:0.936|technical_metadata:0.912,structured_support:0.000|canonical_consistency:0.150|title_query_fit:0.218|page_structure:0.346
кухни на заказ цена Нижний Новгород,https://www.kukhni-nizhniy-novgorod.ru/,64.0,seo_weighted_rubric_v4,d45_seo_weighted_rubric_v1,deterministic_expert_rubric=true; human_label=false; rank=7; page_type=homepage; raw_score=64.0; cap=100.0,0.564915,0.68935,0.737,0.684211,100.0,,low,text_sufficiency:1.000|media_and_internal_navigation:1.000|commercial_trust:0.936|crawl_indexability:0.920,heading_query_fit:0.000|structured_support:0.000|canonical_consistency:0.150|mobile_render_performance:0.346
кухни на заказ цена Нижний Новгород,https://kuhni-slavichi.ru/,70.5,seo_weighted_rubric_v4,d45_seo_weighted_rubric_v1,deterministic_expert_rubric=true; human_label=false; rank=8; page_type=homepage; raw_score=70.5; cap=100.0,0.684551,0.734824,0.618,0.631579,100.0,,medium,crawl_indexability:1.000|canonical_consistency:1.000|text_sufficiency:1.000|media_and_internal_navigation:1.000,structured_support:0.000|title_query_fit:0.394
кухни на заказ цена Нижний Новгород,https://kuhni-pod-zakaz-nn.ru/,76.0,seo_weighted_rubric_v4,d45_seo_weighted_rubric_v1,deterministic_expert_rubric=true; human_label=false; rank=9; page_type=homepage; raw_score=76.0; cap=100.0,0.743819,0.755591,0.8,0.578947,100.0,,medium,crawl_indexability:1.000|canonical_consistency:1.000|text_sufficiency:1.000|media_and_internal_navigation:1.000,structured_support:0.000|title_query_fit:0.399
кухни на заказ цена Нижний Новгород,https://кухни-на-заказ-нижний-новгород.рф/,16.6,seo_weighted_rubric_v4,d45_seo_weighted_rubric_v1,deterministic_expert_rubric=true; human_label=false; rank=10; page_type=homepage; raw_score=16.6; cap=35.0,0.081695,0.254776,0.0319,0.526316,35.0,critical_http_status_not_ok|critical_intent_alignment_weak|critical_page_not_indexable|critical_query_title_fit_weak|critical_semantic_query_fit_weak|important_commercial_trust_weak|important_extremely_thin_content,blocked,mobile_render_performance:0.637|technical_metadata:0.520|page_structure:0.160,heading_query_fit:0.000|commercial_trust:0.000|offer_and_conversion:0.000|secondary_commercial_details:0.000
как выбрать кухни на заказ,https://vkkuhni.ru/kak-vyibrat-kuhnyu/kak-vyibrat-kuhnyu-na-zakaz-polnyij-gajd-ot-proizvoditelya-s-15-letnim-opyitom.html,79.3,seo_weighted_rubric_v4,d45_seo_weighted_rubric_v1,deterministic_expert_rubric=true; human_label=false; rank=1; page_type=content; raw_score=79.3; cap=100.0,0.723779,0.817991,0.8,1.0,100.0,,medium,crawl_indexability:1.000|text_sufficiency:1.000|media_and_internal_navigation:1.000|secondary_commercial_details:1.000,structured_support:0.000|canonical_consistency:0.150
как выбрать кухни на заказ,https://zov-mebel.ru/articles/кухня-на-заказ/,77.1,seo_weighted_rubric_v4,d45_seo_weighted_rubric_v1,deterministic_expert_rubric=true; human_label=false; rank=5; page_type=article; raw_score=77.1; cap=82.0,0.690008,0.795914,0.8302,0.789474,82.0,important_canonical_points_elsewhere,medium,crawl_indexability:1.000|text_sufficiency:1.000|technical_metadata:0.946|media_and_internal_navigation:0.904,canonical_consistency:0.250
как выбрать кухни на заказ,https://russia-zov.ru/articles/как-выбрать-кухню/,72.8,seo_weighted_rubric_v4,d45_seo_weighted_rubric_v1,deterministic_expert_rubric=true; human_label=false; rank=9; page_type=article; raw_score=72.8; cap=82.0,0.657105,0.743028,0.8446,0.578947,82.0,important_canonical_points_elsewhere,medium,crawl_indexability:1.000|text_sufficiency:1.000|media_and_internal_navigation:0.976|technical_metadata:0.932,canonical_consistency:0.250|title_query_fit:0.372
кухни на заказ отзывы,https://dom.mail.ru/compilations/83549-luchshie-proizvoditeli-kukhon/,73.9,seo_weighted_rubric_v4,d45_seo_weighted_rubric_v1,deterministic_expert_rubric=true; human_label=false; rank=1; page_type=content; raw_score=73.9; cap=78.0,0.654766,0.744679,0.852167,1.0,78.0,critical_query_title_fit_weak,medium,crawl_indexability:1.000|canonical_consistency:1.000|text_sufficiency:1.000|media_and_internal_navigation:1.000,title_query_fit:0.213
кухни на заказ отзывы,https://otzovik.com/reviews/kuhnya_kuhni_na_zakaz/,73.9,seo_weighted_rubric_v4,d45_seo_weighted_rubric_v1,deterministic_expert_rubric=true; human_label=false; rank=2; page_type=content; raw_score=73.9; cap=100.0,0.766857,0.702086,0.39255,0.947368,100.0,,medium,crawl_indexability:1.000|canonical_consistency:1.000|technical_metadata:0.918|heading_query_fit:0.910,structured_support:0.000|media_and_internal_navigation:0.348|page_structure:0.442
кухни на заказ отзывы,https://reitingkuhni.ru/,69.9,seo_weighted_rubric_v4,d45_seo_weighted_rubric_v1,deterministic_expert_rubric=true; human_label=false; rank=3; page_type=homepage; raw_score=69.9; cap=100.0,0.670516,0.748754,0.55715,0.894737,100.0,,medium,crawl_indexability:0.930|commercial_trust:0.903|heading_query_fit:0.876|text_sufficiency:0.850,structured_support:0.000|canonical_consistency:0.150
кухни на заказ отзывы,https://irecommend.ru/content/izgotovlenie-kukhni-na-zakaz-0,77.8,seo_weighted_rubric_v4,d45_seo_weighted_rubric_v1,deterministic_expert_rubric=true; human_label=false; rank=4; page_type=content; raw_score=77.8; cap=100.0,0.750725,0.764272,0.7365,0.842105,100.0,,medium,crawl_indexability:1.000|canonical_consistency:1.000|text_sufficiency:1.000|technical_metadata:0.945,structured_support:0.000
кухни на заказ отзывы,https://otzyv-remstroy.ru/rating/kuhni-na-zakaz,72.3,seo_weighted_rubric_v4,d45_seo_weighted_rubric_v1,deterministic_expert_rubric=true; human_label=false; rank=5; page_type=content; raw_score=72.3; cap=100.0,0.738115,0.637204,0.66,0.789474,100.0,,medium,crawl_indexability:1.000|canonical_consistency:1.000|text_sufficiency:1.000|media_and_internal_navigation:1.000,structured_support:0.000|heading_query_fit:0.382
кухни на заказ отзывы,https://nedorogo-kuhni.ru/otzyvy/kuhni,68.5,seo_weighted_rubric_v4,d45_seo_weighted_rubric_v1,deterministic_expert_rubric=true; human_label=false; rank=6; page_type=content; raw_score=68.5; cap=78.0,0.629952,0.706423,0.701367,0.736842,78.0,critical_query_title_fit_weak,medium,canonical_consistency:1.000|text_sufficiency:1.000|media_and_internal_navigation:1.000|crawl_indexability:0.930,title_query_fit:0.284|structured_support:0.312|heading_query_fit:0.350|page_structure:0.429
кухни на заказ отзывы,https://kuhnimoskvy.ru/reviews.php,65.3,seo_weighted_rubric_v4,d45_seo_weighted_rubric_v1,deterministic_expert_rubric=true; human_label=false; rank=7; page_type=content; raw_score=65.3; cap=100.0,0.626399,0.709039,0.4149,0.684211,100.0,,medium,crawl_indexability:1.000|technical_metadata:0.958|text_sufficiency:0.850,structured_support:0.000|canonical_consistency:0.150|secondary_commercial_details:0.300|page_structure:0.420
кухни на заказ отзывы,https://www.prostof.ru/otzyvy/,66.7,seo_weighted_rubric_v4,d45_seo_weighted_rubric_v1,deterministic_expert_rubric=true; human_label=false; rank=8; page_type=content; raw_score=66.7; cap=100.0,0.609169,0.725917,0.6289,0.631579,100.0,,medium,crawl_indexability:1.000|technical_metadata:0.967|media_and_internal_navigation:0.962|text_sufficiency:0.850,structured_support:0.000|canonical_consistency:0.150|heading_query_fit:0.374|page_structure:0.397
кухни на заказ отзывы,https://pravda-klientov.ru/company/kuhni-na-zakaz,70.9,seo_weighted_rubric_v4,d45_seo_weighted_rubric_v1,deterministic_expert_rubric=true; human_label=false; rank=9; page_type=content; raw_score=70.9; cap=100.0,0.650807,0.752067,0.760567,0.578947,100.0,,medium,crawl_indexability:1.000|text_sufficiency:1.000|media_and_internal_navigation:0.981|technical_metadata:0.906,canonical_consistency:0.150|structured_support:0.312
кухни на заказ отзывы,https://vkkuhni.ru/otzyivyi,77.0,seo_weighted_rubric_v4,d45_seo_weighted_rubric_v1,deterministic_expert_rubric=true; human_label=false; rank=10; page_type=content; raw_score=77.0; cap=100.0,0.754191,0.802109,0.6838,0.526316,100.0,,medium,crawl_indexability:1.000|text_sufficiency:1.000|commercial_trust:0.968|title_query_fit:0.887,structured_support:0.000|canonical_consistency:0.150
шкафы-купе Москва,https://good-mebel.com/category/shkafy-kupe/,78.4,seo_weighted_rubric_v4,d45_seo_weighted_rubric_v1,deterministic_expert_rubric=true; human_label=false; rank=1; page_type=category; raw_score=78.4; cap=100.0,0.722224,0.756438,0.8,1.0,100.0,,medium,crawl_indexability:1.000|canonical_consistency:1.000|commercial_trust:1.000|text_sufficiency:1.000,structured_support:0.000|title_query_fit:0.408|heading_query_fit:0.409|page_structure:0.424
шкафы-купе Москва,https://www.shkaf-kupe.ru/category/shkafy-kupe/,78.6,seo_weighted_rubric_v4,d45_seo_weighted_rubric_v1,deterministic_expert_rubric=true; human_label=false; rank=2; page_type=category; raw_score=78.6; cap=100.0,0.736328,0.745588,0.8,0.947368,100.0,,medium,crawl_indexability:1.000|canonical_consistency:1.000|commercial_trust:1.000|text_sufficiency:1.000,structured_support:0.000|page_structure:0.432|title_query_fit:0.442
шкафы-купе Москва,https://www.bestmebelshop.ru/catalog/shkafy-kupe/,75.7,seo_weighted_rubric_v4,d45_seo_weighted_rubric_v1,deterministic_expert_rubric=true; human_label=false; rank=3; page_type=product; raw_score=75.7; cap=100.0,0.628953,0.805149,0.94425,0.894737,100.0,,medium,crawl_indexability:1.000|commercial_trust:1.000|offer_and_conversion:1.000|text_sufficiency:1.000,canonical_consistency:0.150|page_structure:0.424|title_query_fit:0.434
шкафы-купе Москва,https://lemanapro.ru/catalogue/shkafy-kupe/,31.4,seo_weighted_rubric_v4,d45_seo_weighted_rubric_v1,deterministic_expert_rubric=true; human_label=false; rank=4; page_type=product; raw_score=31.4; cap=35.0,0.14743,0.524401,0.03095,0.842105,35.0,critical_http_status_not_ok|critical_intent_alignment_weak|critical_page_not_indexable|critical_query_title_fit_weak|critical_semantic_query_fit_weak|important_extremely_thin_content,blocked,commercial_trust:0.720|technical_metadata:0.640|mobile_render_performance:0.589,semantic_query_fit:0.000|secondary_commercial_details:0.000|structured_support:0.000|media_and_internal_navigation:0.005
шкафы-купе Москва,https://mosshkafkupe.ru/,77.7,seo_weighted_rubric_v4,d45_seo_weighted_rubric_v1,deterministic_expert_rubric=true; human_label=false; rank=5; page_type=homepage; raw_score=77.7; cap=100.0,0.7341,0.747505,0.9432,0.789474,100.0,,medium,crawl_indexability:1.000|canonical_consistency:1.000|text_sufficiency:1.000|media_and_internal_navigation:1.000,title_query_fit:0.390
шкафы-купе Москва,https://mosmobel.ru/,79.0,seo_weighted_rubric_v4,d45_seo_weighted_rubric_v1,deterministic_expert_rubric=true; human_label=false; rank=6; page_type=homepage; raw_score=79.0; cap=100.0,0.772232,0.790916,0.7625,0.736842,100.0,,medium,crawl_indexability:1.000|canonical_consistency:1.000|media_and_internal_navigation:1.000|secondary_commercial_details:1.000,structured_support:0.000|title_query_fit:0.438
шкафы-купе Москва,https://mebel.ru/catalog/cabinets/shkafy-kupe/,72.0,seo_weighted_rubric_v4,d45_seo_weighted_rubric_v1,deterministic_expert_rubric=true; human_label=false; rank=7; page_type=product; raw_score=72.0; cap=100.0,0.660379,0.740493,0.702,0.684211,100.0,,medium,crawl_indexability:1.000|text_sufficiency:1.000|media_and_internal_navigation:1.000|technical_metadata:0.874,structured_support:0.000|canonical_consistency:0.150
шкафы-купе Москва,http://www.kupesalon.ru/,65.4,seo_weighted_rubric_v4,d45_seo_weighted_rubric_v1,deterministic_expert_rubric=true; human_label=false; rank=9; page_type=homepage; raw_score=65.4; cap=82.0,0.55464,0.782544,0.702,0.578947,82.0,important_canonical_points_elsewhere,medium,crawl_indexability:1.000|technical_metadata:1.000|text_sufficiency:1.000|media_and_internal_navigation:1.000,structured_support:0.000|heading_query_fit:0.200|canonical_consistency:0.250
шкафы-купе Москва,https://shkafy-moskva.ru/tcat/shkafy-kupe/,76.4,seo_weighted_rubric_v4,d45_seo_weighted_rubric_v1,deterministic_expert_rubric=true; human_label=false; rank=10; page_type=content; raw_score=76.4; cap=100.0,0.784214,0.771119,0.9474,0.526316,100.0,,medium,crawl_indexability:1.000|canonical_consistency:1.000|commercial_trust:1.000|text_sufficiency:1.000,page_structure:0.481|title_query_fit:0.486|mobile_render_performance:0.590
шкафы-купе Санкт-Петербург,https://kupehouse.ru/,78.6,seo_weighted_rubric_v4,d45_seo_weighted_rubric_v1,deterministic_expert_rubric=true; human_label=false; rank=1; page_type=homepage; raw_score=78.6; cap=100.0,0.700462,0.789034,0.9874,1.0,100.0,,medium,crawl_indexability:1.000|canonical_consistency:1.000|commercial_trust:1.000|text_sufficiency:1.000,heading_query_fit:0.410|title_query_fit:0.415
шкафы-купе Санкт-Петербург,https://nonton.ru/mebel/shkafy/shkafy-kupe/,71.5,seo_weighted_rubric_v4,d45_seo_weighted_rubric_v1,deterministic_expert_rubric=true; human_label=false; rank=2; page_type=content; raw_score=71.5; cap=100.0,0.714302,0.736506,0.737,0.947368,100.0,,medium,crawl_indexability:1.000|canonical_consistency:1.000|text_sufficiency:1.000|media_and_internal_navigation:1.000,structured_support:0.000|mobile_render_performance:0.441
шкафы-купе Санкт-Петербург,https://www.spb.bestmebelshop.ru/catalog/shkafy-kupe/,74.7,seo_weighted_rubric_v4,d45_seo_weighted_rubric_v1,deterministic_expert_rubric=true; human_label=false; rank=3; page_type=product; raw_score=74.7; cap=100.0,0.615003,0.799415,0.94425,0.894737,100.0,,medium,crawl_indexability:1.000|commercial_trust:1.000|offer_and_conversion:1.000|text_sufficiency:1.000,canonical_consistency:0.150|page_structure:0.395|title_query_fit:0.441
шкафы-купе Санкт-Петербург,https://spb.shkaf-kupe.ru/category/shkafy-kupe/,75.6,seo_weighted_rubric_v4,d45_seo_weighted_rubric_v1,deterministic_expert_rubric=true; human_label=false; rank=4; page_type=category; raw_score=75.6; cap=100.0,0.696491,0.734479,0.8,0.842105,100.0,,medium,crawl_indexability:1.000|canonical_consistency:1.000|commercial_trust:1.000|text_sufficiency:1.000,structured_support:0.000|page_structure:0.377|title_query_fit:0.432
шкафы-купе Санкт-Петербург,https://www.kupenadom.ru/,77.5,seo_weighted_rubric_v4,d45_seo_weighted_rubric_v1,deterministic_expert_rubric=true; human_label=false; rank=5; page_type=homepage; raw_score=77.5; cap=100.0,0.709146,0.810678,0.873283,0.789474,100.0,,medium,crawl_indexability:1.000|canonical_consistency:1.000|commercial_trust:1.000|text_sufficiency:1.000,structured_support:0.366|title_query_fit:0.446
шкафы-купе Санкт-Петербург,https://spb.lazurit.com/catalog/668/shkafy-kupe/,32.4,seo_weighted_rubric_v4,d45_seo_weighted_rubric_v1,deterministic_expert_rubric=true; human_label=false; rank=6; page_type=product; raw_score=32.4; cap=45.0,0.166042,0.540777,0.0324,0.736842,45.0,critical_intent_alignment_weak|critical_page_not_indexable|critical_query_title_fit_weak|critical_semantic_query_fit_weak|important_extremely_thin_content,blocked,commercial_trust:0.720|mobile_render_performance:0.635|technical_metadata:0.580,heading_query_fit:0.000|secondary_commercial_details:0.000|structured_support:0.000|media_and_internal_navigation:0.012
шкафы-купе Санкт-Петербург,https://spb.shkafplus.ru/,67.5,seo_weighted_rubric_v4,d45_seo_weighted_rubric_v1,deterministic_expert_rubric=true; human_label=false; rank=7; page_type=homepage; raw_score=67.5; cap=100.0,0.591356,0.759661,0.7256,0.684211,100.0,,medium,crawl_indexability:1.000|text_sufficiency:1.000|media_and_internal_navigation:0.943|technical_metadata:0.906,structured_support:0.000|canonical_consistency:0.150|title_query_fit:0.376
шкафы-купе Санкт-Петербург,https://kbyro.ru/,60.7,seo_weighted_rubric_v4,d45_seo_weighted_rubric_v1,deterministic_expert_rubric=true; human_label=false; rank=8; page_type=homepage; raw_score=60.7; cap=100.0,0.533723,0.719174,0.5159,0.631579,100.0,,low,crawl_indexability:1.000|technical_metadata:0.969|offer_and_conversion:0.860|text_sufficiency:0.850,heading_query_fit:0.000|structured_support:0.000|canonical_consistency:0.150|page_structure:0.289
шкафы-купе Санкт-Петербург,https://www.divan.ru/sankt-peterburg/category/shkafy-kupe,74.8,seo_weighted_rubric_v4,d45_seo_weighted_rubric_v1,deterministic_expert_rubric=true; human_label=false; rank=9; page_type=category; raw_score=74.8; cap=100.0,0.716883,0.714179,0.806283,0.578947,100.0,,medium,crawl_indexability:1.000|canonical_consistency:1.000|text_sufficiency:1.000|media_and_internal_navigation:1.000,structured_support:0.346|title_query_fit:0.412|page_structure:0.440|mobile_render_performance:0.450
шкафы-купе Санкт-Петербург,https://www.kupeteka.ru/shkafy-kupe,67.2,seo_weighted_rubric_v4,d45_seo_weighted_rubric_v1,deterministic_expert_rubric=true; human_label=false; rank=10; page_type=content; raw_score=67.2; cap=100.0,0.708997,0.707093,0.6365,0.526316,100.0,,medium,crawl_indexability:1.000|canonical_consistency:1.000|media_and_internal_navigation:1.000|technical_metadata:0.946,structured_support:0.000|page_structure:0.329
шкафы-купе Екатеринбург,https://ekaterinburg.lemanapro.ru/catalogue/shkafy-kupe/,32.2,seo_weighted_rubric_v4,d45_seo_weighted_rubric_v1,deterministic_expert_rubric=true; human_label=false; rank=1; page_type=product; raw_score=32.2; cap=35.0,0.148139,0.524401,0.03095,1.0,35.0,critical_http_status_not_ok|critical_intent_alignment_weak|critical_page_not_indexable|critical_query_title_fit_weak|critical_semantic_query_fit_weak|important_extremely_thin_content,blocked,commercial_trust:0.720|technical_metadata:0.640|mobile_render_performance:0.589,semantic_query_fit:0.000|secondary_commercial_details:0.000|structured_support:0.000|media_and_internal_navigation:0.005
шкафы-купе Екатеринбург,https://kupeural.ru/,69.6,seo_weighted_rubric_v4,d45_seo_weighted_rubric_v1,deterministic_expert_rubric=true; human_label=false; rank=2; page_type=homepage; raw_score=69.6; cap=100.0,0.590609,0.782525,0.737,0.947368,100.0,,medium,crawl_indexability:1.000|text_sufficiency:1.000|media_and_internal_navigation:1.000|technical_metadata:0.983,structured_support:0.000|canonical_consistency:0.150|heading_query_fit:0.200|title_query_fit:0.449
шкафы-купе Екатеринбург,https://33komoda.ru/catalog/shkafy_kupe/,73.1,seo_weighted_rubric_v4,d45_seo_weighted_rubric_v1,deterministic_expert_rubric=true; human_label=false; rank=3; page_type=product; raw_score=73.1; cap=100.0,0.620006,0.783296,0.8,0.894737,100.0,,medium,crawl_indexability:1.000|text_sufficiency:1.000|media_and_internal_navigation:1.000|secondary_commercial_details:1.000,structured_support:0.000|canonical_consistency:0.150|title_query_fit:0.428|mobile_render_performance:0.444
шкафы-купе Екатеринбург,https://www.e-1.ru/city/ekaterinburg/,72.4,seo_weighted_rubric_v4,d45_seo_weighted_rubric_v1,deterministic_expert_rubric=true; human_label=false; rank=4; page_type=content; raw_score=72.4; cap=100.0,0.726882,0.756309,0.7546,0.842105,100.0,,medium,crawl_indexability:1.000|canonical_consistency:1.000|technical_metadata:0.942|secondary_commercial_details:0.880,title_query_fit:0.429
шкафы-купе Екатеринбург,https://kupi-kupe.ru/,67.9,seo_weighted_rubric_v4,d45_seo_weighted_rubric_v1,deterministic_expert_rubric=true; human_label=false; rank=5; page_type=homepage; raw_score=67.9; cap=100.0,0.570794,0.767762,0.8,0.789474,100.0,,medium,crawl_indexability:1.000|commercial_trust:1.000|text_sufficiency:1.000|media_and_internal_navigation:1.000,structured_support:0.000|canonical_consistency:0.150|title_query_fit:0.399|mobile_render_performance:0.431
шкафы-купе Екатеринбург,http://ekb.kupicupe.ru/,62.9,seo_weighted_rubric_v4,d45_seo_weighted_rubric_v1,deterministic_expert_rubric=true; human_label=false; rank=6; page_type=homepage; raw_score=62.9; cap=100.0,0.600323,0.628981,0.58135,0.736842,100.0,,low,text_sufficiency:1.000|offer_and_conversion:0.860|crawl_indexability:0.850,structured_support:0.000|canonical_consistency:0.150|media_and_internal_navigation:0.397|title_query_fit:0.417
шкафы-купе Екатеринбург,https://www.yapokupayu.ru/blogs/post/gde-kupit-shkaf-v-ekaterinburge,60.2,seo_weighted_rubric_v4,d45_seo_weighted_rubric_v1,deterministic_expert_rubric=true; human_label=false; rank=7; page_type=article; raw_score=60.2; cap=78.0,0.602832,0.807075,0.737,0.684211,78.0,critical_query_title_fit_weak,low,crawl_indexability:1.000|canonical_consistency:1.000|text_sufficiency:1.000|media_and_internal_navigation:1.000,structured_support:0.000|title_query_fit:0.189
шкафы-купе Екатеринбург,https://ekat.steklodom.com/mebel-na-zakaz/shkafy/,63.1,seo_weighted_rubric_v4,d45_seo_weighted_rubric_v1,deterministic_expert_rubric=true; human_label=false; rank=8; page_type=content; raw_score=63.1; cap=78.0,0.554326,0.790519,0.774483,0.631579,78.0,critical_query_title_fit_weak,low,crawl_indexability:1.000|offer_and_conversion:1.000|text_sufficiency:1.000|media_and_internal_navigation:1.000,canonical_consistency:0.150|structured_support:0.187|title_query_fit:0.273
шкафы-купе Екатеринбург,https://www.ekbkupe.ru/,69.5,seo_weighted_rubric_v4,d45_seo_weighted_rubric_v1,deterministic_expert_rubric=true; human_label=false; rank=9; page_type=homepage; raw_score=69.5; cap=100.0,0.643276,0.745185,0.737,0.578947,100.0,,medium,crawl_indexability:1.000|text_sufficiency:1.000|media_and_internal_navigation:1.000|technical_metadata:0.884,structured_support:0.000|canonical_consistency:0.150|title_query_fit:0.378
шкафы-купе Екатеринбург,https://gipermarketdom.ru/catalog/shkafy_kupe_gotovye/,36.9,seo_weighted_rubric_v4,d45_seo_weighted_rubric_v1,deterministic_expert_rubric=true; human_label=false; rank=10; page_type=product; raw_score=36.9; cap=55.0,0.258355,0.544483,0.0744,0.526316,55.0,critical_intent_alignment_weak|critical_query_title_fit_weak|critical_semantic_query_fit_weak|important_extremely_thin_content,blocked,crawl_indexability:0.930,heading_query_fit:0.000|structured_support:0.000|media_and_internal_navigation:0.012|semantic_query_fit:0.045
шкафы-купе Новосибирск,https://novosibirsk.lemanapro.ru/catalogue/shkafy-kupe/,32.1,seo_weighted_rubric_v4,d45_seo_weighted_rubric_v1,deterministic_expert_rubric=true; human_label=false; rank=1; page_type=product; raw_score=32.1; cap=35.0,0.146395,0.524401,0.03095,1.0,35.0,critical_http_status_not_ok|critical_intent_alignment_weak|critical_page_not_indexable|critical_query_title_fit_weak|critical_semantic_query_fit_weak|important_extremely_thin_content,blocked,commercial_trust:0.720|technical_metadata:0.640|mobile_render_performance:0.589,semantic_query_fit:0.000|secondary_commercial_details:0.000|structured_support:0.000|media_and_internal_navigation:0.005
шкафы-купе Новосибирск,https://shkaf-kupe-novosibirsk.ru/,77.7,seo_weighted_rubric_v4,d45_seo_weighted_rubric_v1,deterministic_expert_rubric=true; human_label=false; rank=2; page_type=homepage; raw_score=77.7; cap=100.0,0.701743,0.820269,0.827367,0.947368,100.0,,medium,crawl_indexability:1.000|canonical_consistency:1.000|offer_and_conversion:1.000|text_sufficiency:1.000,structured_support:0.312|title_query_fit:0.404
шкафы-купе Новосибирск,https://4nozhki.ru/tovari/shkafi-kupe/novosibirsk/,23.4,seo_weighted_rubric_v4,d45_seo_weighted_rubric_v1,deterministic_expert_rubric=true; human_label=false; rank=3; page_type=content; raw_score=23.4; cap=45.0,0.147983,0.401182,0.07295,0.894737,45.0,critical_intent_alignment_weak|critical_page_not_indexable|critical_query_title_fit_weak|critical_semantic_query_fit_weak|critical_title_missing|important_extremely_thin_content,blocked,commercial_trust:0.720|mobile_render_performance:0.564|technical_metadata:0.460,title_query_fit:0.000|heading_query_fit:0.000|offer_and_conversion:0.000|structured_support:0.000
шкафы-купе Новосибирск,https://nsk.lazurit.com/catalog/668/shkafy-kupe/,32.7,seo_weighted_rubric_v4,d45_seo_weighted_rubric_v1,deterministic_expert_rubric=true; human_label=false; rank=4; page_type=product; raw_score=32.7; cap=45.0,0.163319,0.540684,0.0324,0.842105,45.0,critical_intent_alignment_weak|critical_page_not_indexable|critical_query_title_fit_weak|critical_semantic_query_fit_weak|important_extremely_thin_content,blocked,commercial_trust:0.720|mobile_render_performance:0.635|technical_metadata:0.580,heading_query_fit:0.000|secondary_commercial_details:0.000|structured_support:0.000|media_and_internal_navigation:0.012
шкафы-купе Новосибирск,https://mebelti.com/catalog/shkafy-kupe/,77.9,seo_weighted_rubric_v4,d45_seo_weighted_rubric_v1,deterministic_expert_rubric=true; human_label=false; rank=5; page_type=product; raw_score=77.9; cap=100.0,0.717001,0.783902,0.8,0.789474,100.0,,medium,crawl_indexability:1.000|canonical_consistency:1.000|commercial_trust:1.000|text_sufficiency:1.000,structured_support:0.000|title_query_fit:0.441
шкафы-купе Новосибирск,https://mebel-nsk.ru/shkafy/shkafy-kype/,62.3,seo_weighted_rubric_v4,d45_seo_weighted_rubric_v1,deterministic_expert_rubric=true; human_label=false; rank=6; page_type=content; raw_score=62.3; cap=100.0,0.568307,0.742777,0.711483,0.736842,100.0,,low,crawl_indexability:1.000|text_sufficiency:1.000|media_and_internal_navigation:1.000|technical_metadata:0.913,canonical_consistency:0.150|structured_support:0.187|page_structure:0.274|title_query_fit:0.403
шкафы-купе Новосибирск,https://artic-mebel.ru/catalog/shkafy-kupe/,71.9,seo_weighted_rubric_v4,d45_seo_weighted_rubric_v1,deterministic_expert_rubric=true; human_label=false; rank=7; page_type=product; raw_score=71.9; cap=100.0,0.65922,0.743648,0.69575,0.684211,100.0,,medium,crawl_indexability:1.000|canonical_consistency:1.000|technical_metadata:0.948|offer_and_conversion:0.860,page_structure:0.441
шкафы-купе Новосибирск,http://www.shkaf54.ru/,64.8,seo_weighted_rubric_v4,d45_seo_weighted_rubric_v1,deterministic_expert_rubric=true; human_label=false; rank=8; page_type=homepage; raw_score=64.8; cap=100.0,0.566409,0.730923,0.702,0.631579,100.0,,low,crawl_indexability:1.000|text_sufficiency:1.000|media_and_internal_navigation:1.000|technical_metadata:0.954,structured_support:0.000|canonical_consistency:0.150|page_structure:0.375|title_query_fit:0.430
шкафы-купе Новосибирск,https://www.kuhni-nsk.ru/catalog/shkafy_kupe/,76.8,seo_weighted_rubric_v4,d45_seo_weighted_rubric_v1,deterministic_expert_rubric=true; human_label=false; rank=9; page_type=product; raw_score=76.8; cap=100.0,0.72793,0.775131,0.766067,0.578947,100.0,,medium,crawl_indexability:1.000|canonical_consistency:1.000|media_and_internal_navigation:1.000|technical_metadata:0.939,structured_support:0.333|title_query_fit:0.409|page_structure:0.450
шкафы-купе Новосибирск,https://novosibirsk.mebelgrad.com/catalog/shkafy-kupe-3/,73.7,seo_weighted_rubric_v4,d45_seo_weighted_rubric_v1,deterministic_expert_rubric=true; human_label=false; rank=10; page_type=product; raw_score=73.7; cap=100.0,0.697978,0.737021,0.758,0.526316,100.0,,medium,crawl_indexability:1.000|canonical_consistency:1.000|text_sufficiency:1.000|media_and_internal_navigation:1.000,structured_support:0.000|page_structure:0.351|title_query_fit:0.421|mobile_render_performance:0.443
шкафы-купе Казань,https://kazan.lemanapro.ru/catalogue/shkafy-kupe/,32.2,seo_weighted_rubric_v4,d45_seo_weighted_rubric_v1,deterministic_expert_rubric=true; human_label=false; rank=1; page_type=product; raw_score=32.2; cap=35.0,0.147479,0.524401,0.03095,1.0,35.0,critical_http_status_not_ok|critical_intent_alignment_weak|critical_page_not_indexable|critical_query_title_fit_weak|critical_semantic_query_fit_weak|important_extremely_thin_content,blocked,commercial_trust:0.720|technical_metadata:0.640|mobile_render_performance:0.589,semantic_query_fit:0.000|secondary_commercial_details:0.000|structured_support:0.000|media_and_internal_navigation:0.005
шкафы-купе Казань,https://kazan.nonton.ru/mebel/shkafy/,63.8,seo_weighted_rubric_v4,d45_seo_weighted_rubric_v1,deterministic_expert_rubric=true; human_label=false; rank=2; page_type=content; raw_score=63.8; cap=78.0,0.575327,0.735426,0.737,0.947368,78.0,critical_query_title_fit_weak,low,crawl_indexability:1.000|canonical_consistency:1.000|text_sufficiency:1.000|media_and_internal_navigation:1.000,structured_support:0.000|title_query_fit:0.176|heading_query_fit:0.361|mobile_render_performance:0.448
шкафы-купе Казань,https://kazanshkafkupe.ru/,65.3,seo_weighted_rubric_v4,d45_seo_weighted_rubric_v1,deterministic_expert_rubric=true; human_label=false; rank=3; page_type=homepage; raw_score=65.3; cap=100.0,0.578317,0.72293,0.58235,0.894737,100.0,,medium,crawl_indexability:1.000|technical_metadata:1.000|offer_and_conversion:0.860|text_sufficiency:0.850,structured_support:0.000|canonical_consistency:0.150|page_structure:0.334|title_query_fit:0.418
шкафы-купе Казань,https://kazan.shkafy-moskva.ru/,75.6,seo_weighted_rubric_v4,d45_seo_weighted_rubric_v1,deterministic_expert_rubric=true; human_label=false; rank=4; page_type=homepage; raw_score=75.6; cap=78.0,0.683662,0.763052,0.9432,0.842105,78.0,critical_query_title_fit_weak,medium,crawl_indexability:1.000|canonical_consistency:1.000|commercial_trust:1.000|text_sufficiency:1.000,title_query_fit:0.316|page_structure:0.397
шкафы-купе Казань,https://www.kazan.bestmebelshop.ru/catalog/shkafy-kupe/,65.6,seo_weighted_rubric_v4,d45_seo_weighted_rubric_v1,deterministic_expert_rubric=true; human_label=false; rank=5; page_type=product; raw_score=65.6; cap=100.0,0.469581,0.779433,0.94425,0.789474,100.0,,medium,crawl_indexability:1.000|commercial_trust:1.000|offer_and_conversion:1.000|text_sufficiency:1.000,heading_query_fit:0.000|canonical_consistency:0.150|page_structure:0.255|title_query_fit:0.410
шкафы-купе Казань,https://kupeshki.ru/,72.2,seo_weighted_rubric_v4,d45_seo_weighted_rubric_v1,deterministic_expert_rubric=true; human_label=false; rank=6; page_type=homepage; raw_score=72.2; cap=100.0,0.765948,0.671317,0.4776,0.736842,100.0,,medium,crawl_indexability:1.000|canonical_consistency:1.000|technical_metadata:0.896|heading_query_fit:0.880,structured_support:0.000|page_structure:0.356
шкафы-купе Казань,https://kazan.inmyroom.ru/products/mebel/shkafy/shkafy-kupe,72.7,seo_weighted_rubric_v4,d45_seo_weighted_rubric_v1,deterministic_expert_rubric=true; human_label=false; rank=7; page_type=product; raw_score=72.7; cap=78.0,0.652952,0.764791,0.744083,0.684211,78.0,critical_query_title_fit_weak,medium,crawl_indexability:1.000|canonical_consistency:1.000|offer_and_conversion:1.000|text_sufficiency:1.000,structured_support:0.187|title_query_fit:0.307|page_structure:0.447
шкафы-купе Казань,https://www.divan.ru/kazan/category/shkafy-kupe,72.3,seo_weighted_rubric_v4,d45_seo_weighted_rubric_v1,deterministic_expert_rubric=true; human_label=false; rank=8; page_type=category; raw_score=72.3; cap=100.0,0.679759,0.712667,0.735983,0.631579,100.0,,medium,crawl_indexability:1.000|canonical_consistency:1.000|text_sufficiency:1.000|commercial_trust:0.871,structured_support:0.346|title_query_fit:0.391|page_structure:0.416|mobile_render_performance:0.449
шкафы-купе Казань,https://shkafkzn.ru/,70.9,seo_weighted_rubric_v4,d45_seo_weighted_rubric_v1,deterministic_expert_rubric=true; human_label=false; rank=9; page_type=homepage; raw_score=70.9; cap=78.0,0.660281,0.773709,0.702,0.578947,78.0,critical_query_title_fit_weak,medium,crawl_indexability:1.000|canonical_consistency:1.000|text_sufficiency:1.000|media_and_internal_navigation:1.000,structured_support:0.000|title_query_fit:0.324
шкафы-купе Казань,https://sova-mk.ru/shkafy-kupe/,57.0,seo_weighted_rubric_v4,d45_seo_weighted_rubric_v1,deterministic_expert_rubric=true; human_label=false; rank=10; page_type=content; raw_score=57.0; cap=100.0,0.593407,0.627135,0.4871,0.526316,100.0,,low,crawl_indexability:0.920|offer_and_conversion:0.860|heading_query_fit:0.826|technical_metadata:0.811,structured_support:0.000|canonical_consistency:0.150|page_structure:0.273|mobile_render_performance:0.334
шкафы-купе Краснодар,https://krasnodar.lemanapro.ru/catalogue/shkafy-kupe/,32.1,seo_weighted_rubric_v4,d45_seo_weighted_rubric_v1,deterministic_expert_rubric=true; human_label=false; rank=1; page_type=product; raw_score=32.1; cap=35.0,0.1462,0.524401,0.03095,1.0,35.0,critical_http_status_not_ok|critical_intent_alignment_weak|critical_page_not_indexable|critical_query_title_fit_weak|critical_semantic_query_fit_weak|important_extremely_thin_content,blocked,commercial_trust:0.720|technical_metadata:0.640|mobile_render_performance:0.589,semantic_query_fit:0.000|secondary_commercial_details:0.000|structured_support:0.000|media_and_internal_navigation:0.005
шкафы-купе Краснодар,https://shkaf-krasnodar.ru/,67.3,seo_weighted_rubric_v4,d45_seo_weighted_rubric_v1,deterministic_expert_rubric=true; human_label=false; rank=2; page_type=homepage; raw_score=67.3; cap=78.0,0.618631,0.702053,0.5945,0.947368,78.0,critical_query_title_fit_weak,medium,crawl_indexability:1.000|canonical_consistency:1.000|media_and_internal_navigation:1.000|technical_metadata:0.970,structured_support:0.000|heading_query_fit:0.200|title_query_fit:0.297|page_structure:0.313
шкафы-купе Краснодар,http://tkmebeli.ru/shkafy-kupe,58.7,seo_weighted_rubric_v4,d45_seo_weighted_rubric_v1,deterministic_expert_rubric=true; human_label=false; rank=3; page_type=content; raw_score=58.7; cap=78.0,0.529089,0.670001,0.6995,0.894737,78.0,critical_query_title_fit_weak,low,media_and_internal_navigation:1.000|crawl_indexability:0.930|offer_and_conversion:0.860|text_sufficiency:0.850,structured_support:0.000|canonical_consistency:0.150|page_structure:0.297|title_query_fit:0.314
шкафы-купе Краснодар,https://4nozhki.ru/tovari/shkafi-kupe/krasnodar/,24.0,seo_weighted_rubric_v4,d45_seo_weighted_rubric_v1,deterministic_expert_rubric=true; human_label=false; rank=4; page_type=content; raw_score=24.0; cap=45.0,0.163511,0.40172,0.07295,0.842105,45.0,critical_intent_alignment_weak|critical_page_not_indexable|critical_query_title_fit_weak|critical_semantic_query_fit_weak|critical_title_missing|important_extremely_thin_content,blocked,commercial_trust:0.720|mobile_render_performance:0.567|technical_metadata:0.460,title_query_fit:0.000|heading_query_fit:0.000|offer_and_conversion:0.000|structured_support:0.000
шкафы-купе Краснодар,https://www.e-1.ru/city/krasnodar/,70.5,seo_weighted_rubric_v4,d45_seo_weighted_rubric_v1,deterministic_expert_rubric=true; human_label=false; rank=5; page_type=content; raw_score=70.5; cap=100.0,0.68885,0.752233,0.8121,0.789474,100.0,,medium,crawl_indexability:1.000|canonical_consistency:1.000|technical_metadata:0.939|secondary_commercial_details:0.880,title_query_fit:0.408|page_structure:0.431
шкафы-купе Краснодар,https://bigmebel-krasnodar.ru/shkafy-kupe/,69.7,seo_weighted_rubric_v4,d45_seo_weighted_rubric_v1,deterministic_expert_rubric=true; human_label=false; rank=6; page_type=content; raw_score=69.7; cap=100.0,0.663139,0.73975,0.9306,0.736842,100.0,,medium,crawl_indexability:1.000|canonical_consistency:1.000|text_sufficiency:1.000|media_and_internal_navigation:1.000,page_structure:0.264|title_query_fit:0.390
шкафы-купе Краснодар,https://mebelpik.ru/shop/shkafy-kupe/,74.6,seo_weighted_rubric_v4,d45_seo_weighted_rubric_v1,deterministic_expert_rubric=true; human_label=false; rank=7; page_type=product; raw_score=74.6; cap=78.0,0.648831,0.781776,0.9054,0.684211,78.0,critical_query_title_fit_weak,medium,crawl_indexability:1.000|canonical_consistency:1.000|text_sufficiency:1.000|media_and_internal_navigation:1.000,title_query_fit:0.290
шкафы-купе Краснодар,https://krasnodar.nonton.ru/mebel/shkafy/shkafy-kupe/,65.4,seo_weighted_rubric_v4,d45_seo_weighted_rubric_v1,deterministic_expert_rubric=true; human_label=false; rank=8; page_type=content; raw_score=65.4; cap=100.0,0.638847,0.723524,0.737,0.631579,100.0,,medium,crawl_indexability:1.000|canonical_consistency:1.000|text_sufficiency:1.000|media_and_internal_navigation:1.000,structured_support:0.000|title_query_fit:0.419|mobile_render_performance:0.441
шкафы-купе Краснодар,https://shkafkupe-krd.ru/,70.2,seo_weighted_rubric_v4,d45_seo_weighted_rubric_v1,deterministic_expert_rubric=true; human_label=false; rank=10; page_type=homepage; raw_score=70.2; cap=100.0,0.657456,0.740699,0.765,0.526316,100.0,,medium,crawl_indexability:1.000|canonical_consistency:1.000|text_sufficiency:1.000|media_and_internal_navigation:1.000,structured_support:0.000|page_structure:0.326|title_query_fit:0.394
шкафы-купе Самара,https://samara.lemanapro.ru/catalogue/shkafy-kupe/,32.4,seo_weighted_rubric_v4,d45_seo_weighted_rubric_v1,deterministic_expert_rubric=true; human_label=false; rank=1; page_type=product; raw_score=32.4; cap=35.0,0.151191,0.524401,0.03095,1.0,35.0,critical_http_status_not_ok|critical_intent_alignment_weak|critical_page_not_indexable|critical_query_title_fit_weak|critical_semantic_query_fit_weak|important_extremely_thin_content,blocked,commercial_trust:0.720|technical_metadata:0.640|mobile_render_performance:0.589,secondary_commercial_details:0.000|structured_support:0.000|media_and_internal_navigation:0.005|semantic_query_fit:0.007
шкафы-купе Самара,https://sam-mebel.ru/,66.0,seo_weighted_rubric_v4,d45_seo_weighted_rubric_v1,deterministic_expert_rubric=true; human_label=false; rank=2; page_type=homepage; raw_score=66.0; cap=100.0,0.620837,0.669311,0.556,0.947368,100.0,,medium,text_sufficiency:1.000|crawl_indexability:0.930|offer_and_conversion:0.860,structured_support:0.000|canonical_consistency:0.150|page_structure:0.373
шкафы-купе Самара,https://www.e-1.ru/city/samara/,74.2,seo_weighted_rubric_v4,d45_seo_weighted_rubric_v1,deterministic_expert_rubric=true; human_label=false; rank=3; page_type=content; raw_score=74.2; cap=100.0,0.743391,0.757225,0.8121,0.894737,100.0,,medium,crawl_indexability:1.000|canonical_consistency:1.000|technical_metadata:0.935|secondary_commercial_details:0.880,title_query_fit:0.447
шкафы-купе Самара,https://samara.nonton.ru/mebel/shkafy/shkafy-kupe/,69.6,seo_weighted_rubric_v4,d45_seo_weighted_rubric_v1,deterministic_expert_rubric=true; human_label=false; rank=4; page_type=content; raw_score=69.6; cap=100.0,0.689638,0.737432,0.737,0.842105,100.0,,medium,crawl_indexability:1.000|canonical_consistency:1.000|text_sufficiency:1.000|media_and_internal_navigation:1.000,structured_support:0.000|mobile_render_performance:0.441|title_query_fit:0.444
шкафы-купе Самара,https://mebeldom63.ru/cat/shkafyi/shkafy-kupe/,71.9,seo_weighted_rubric_v4,d45_seo_weighted_rubric_v1,deterministic_expert_rubric=true; human_label=false; rank=5; page_type=content; raw_score=71.9; cap=78.0,0.702214,0.760939,0.8494,0.789474,78.0,critical_query_title_fit_weak,medium,crawl_indexability:1.000|canonical_consistency:1.000|text_sufficiency:1.000|media_and_internal_navigation:1.000,title_query_fit:0.332
шкафы-купе Самара,https://shkafoff.su/,65.2,seo_weighted_rubric_v4,d45_seo_weighted_rubric_v1,deterministic_expert_rubric=true; human_label=false; rank=6; page_type=homepage; raw_score=65.2; cap=82.0,0.558067,0.74521,0.699,0.736842,82.0,important_canonical_points_elsewhere,medium,crawl_indexability:1.000|text_sufficiency:1.000|technical_metadata:0.976|offer_and_conversion:0.860,structured_support:0.000|canonical_consistency:0.250|page_structure:0.444|heading_query_fit:0.446
шкафы-купе Самара,https://mebel-kega.ru/shkafy/shkafy-kupe,67.2,seo_weighted_rubric_v4,d45_seo_weighted_rubric_v1,deterministic_expert_rubric=true; human_label=false; rank=7; page_type=content; raw_score=67.2; cap=100.0,0.706099,0.711045,0.5613,0.684211,100.0,,medium,crawl_indexability:1.000|canonical_consistency:1.000|technical_metadata:0.877|media_and_internal_navigation:0.877,structured_support:0.000|title_query_fit:0.373|page_structure:0.404
шкафы-купе Самара,https://shkafoff-63.ru/shkaf-kupe.php,70.9,seo_weighted_rubric_v4,d45_seo_weighted_rubric_v1,deterministic_expert_rubric=true; human_label=false; rank=8; page_type=content; raw_score=70.9; cap=100.0,0.72126,0.735604,0.8,0.631579,100.0,,medium,crawl_indexability:1.000|canonical_consistency:1.000|text_sufficiency:1.000|media_and_internal_navigation:1.000,structured_support:0.000|page_structure:0.375
шкафы-купе Самара,https://furnituremodern.ru/samara,67.5,seo_weighted_rubric_v4,d45_seo_weighted_rubric_v1,deterministic_expert_rubric=true; human_label=false; rank=9; page_type=content; raw_score=67.5; cap=78.0,0.657933,0.759094,0.765,0.578947,78.0,critical_query_title_fit_weak,medium,crawl_indexability:1.000|canonical_consistency:1.000|text_sufficiency:1.000|media_and_internal_navigation:1.000,structured_support:0.000|heading_query_fit:0.200|title_query_fit:0.290
шкафы-купе Самара,https://fabrikasamara.ru/shkafy-kupe,55.0,seo_weighted_rubric_v4,d45_seo_weighted_rubric_v1,deterministic_expert_rubric=true; human_label=false; rank=10; page_type=content; raw_score=55.0; cap=100.0,0.58761,0.584079,0.44835,0.526316,100.0,,low,crawl_indexability:0.920|media_and_internal_navigation:0.872,structured_support:0.000|canonical_consistency:0.150|page_structure:0.265|secondary_commercial_details:0.340
шкафы-купе Нижний Новгород,https://shkaf-nnov.ru/,65.3,seo_weighted_rubric_v4,d45_seo_weighted_rubric_v1,deterministic_expert_rubric=true; human_label=false; rank=1; page_type=homepage; raw_score=65.3; cap=100.0,0.569904,0.683615,0.6995,1.0,100.0,,medium,crawl_indexability:1.000|media_and_internal_navigation:1.000|commercial_trust:0.904|offer_and_conversion:0.860,structured_support:0.000|canonical_consistency:0.150|page_structure:0.247
шкафы-купе Нижний Новгород,https://mastershkaf-nn.ru/,70.1,seo_weighted_rubric_v4,d45_seo_weighted_rubric_v1,deterministic_expert_rubric=true; human_label=false; rank=2; page_type=homepage; raw_score=70.1; cap=78.0,0.61205,0.740506,0.8,0.947368,78.0,critical_query_title_fit_weak,medium,crawl_indexability:1.000|canonical_consistency:1.000|text_sufficiency:1.000|media_and_internal_navigation:1.000,structured_support:0.000|title_query_fit:0.274|heading_query_fit:0.338|page_structure:0.409
шкафы-купе Нижний Новгород,https://www.nn.bestmebelshop.ru/catalog/shkafy-kupe/,69.3,seo_weighted_rubric_v4,d45_seo_weighted_rubric_v1,deterministic_expert_rubric=true; human_label=false; rank=3; page_type=product; raw_score=69.3; cap=78.0,0.517288,0.797019,0.94425,0.894737,78.0,critical_query_title_fit_weak,medium,crawl_indexability:1.000|commercial_trust:1.000|offer_and_conversion:1.000|text_sufficiency:1.000,canonical_consistency:0.150|page_structure:0.344|title_query_fit:0.345
шкафы-купе Нижний Новгород,https://sandi-nn.ru/,59.6,seo_weighted_rubric_v4,d45_seo_weighted_rubric_v1,deterministic_expert_rubric=true; human_label=false; rank=4; page_type=homepage; raw_score=59.6; cap=100.0,0.51392,0.682344,0.5197,0.842105,100.0,,low,crawl_indexability:1.000|technical_metadata:0.915|media_and_internal_navigation:0.879,heading_query_fit:0.000|structured_support:0.000|canonical_consistency:0.150|page_structure:0.298
шкафы-купе Нижний Новгород,https://novgorod.spravker.ru/shkafyi-kupe/,66.0,seo_weighted_rubric_v4,d45_seo_weighted_rubric_v1,deterministic_expert_rubric=true; human_label=false; rank=5; page_type=content; raw_score=66.0; cap=100.0,0.643941,0.736661,0.649967,0.789474,100.0,,medium,crawl_indexability:1.000|canonical_consistency:1.000|text_sufficiency:1.000|technical_metadata:0.919,title_query_fit:0.381
шкафы-купе Нижний Новгород,https://nizhnij-novgorod.jsprav.ru/proizvodstvo-i-prodazha-shkafov-kupe/,58.2,seo_weighted_rubric_v4,d45_seo_weighted_rubric_v1,deterministic_expert_rubric=true; human_label=false; rank=6; page_type=content; raw_score=58.2; cap=78.0,0.50886,0.722342,0.6853,0.736842,78.0,critical_query_title_fit_weak,low,crawl_indexability:1.000|technical_metadata:0.947|text_sufficiency:0.850|media_and_internal_navigation:0.808,canonical_consistency:0.150|title_query_fit:0.300
шкафы-купе Нижний Новгород,https://kupe52.ru/,61.9,seo_weighted_rubric_v4,d45_seo_weighted_rubric_v1,deterministic_expert_rubric=true; human_label=false; rank=7; page_type=homepage; raw_score=61.9; cap=78.0,0.564065,0.706309,0.47555,0.684211,78.0,critical_query_title_fit_weak,low,crawl_indexability:1.000|technical_metadata:0.968|offer_and_conversion:0.860|text_sufficiency:0.850,structured_support:0.000|canonical_consistency:0.150|page_structure:0.305|title_query_fit:0.323
шкафы-купе Нижний Новгород,https://nizhniynovgorod.mebel-1000.ru/catalogue/korpusnaya-mebel/shkafy-kupe/,67.8,seo_weighted_rubric_v4,d45_seo_weighted_rubric_v1,deterministic_expert_rubric=true; human_label=false; rank=8; page_type=product; raw_score=67.8; cap=78.0,0.580143,0.765354,0.674,0.631579,78.0,critical_query_title_fit_weak|important_canonical_points_elsewhere,medium,crawl_indexability:1.000|text_sufficiency:1.000|media_and_internal_navigation:1.000|commercial_trust:0.904,structured_support:0.000|canonical_consistency:0.250|title_query_fit:0.267
шкафы-купе Нижний Новгород,https://nizhnovgorod.aristo.ru/,72.5,seo_weighted_rubric_v4,d45_seo_weighted_rubric_v1,deterministic_expert_rubric=true; human_label=false; rank=9; page_type=homepage; raw_score=72.5; cap=100.0,0.734389,0.728911,0.579983,0.578947,100.0,,medium,crawl_indexability:1.000|canonical_consistency:1.000|text_sufficiency:1.000|technical_metadata:0.921,structured_support:0.187|secondary_commercial_details:0.400
шкафы-купе Нижний Новгород,https://exline-nn.ru/shkafy-kupe,62.8,seo_weighted_rubric_v4,d45_seo_weighted_rubric_v1,deterministic_expert_rubric=true; human_label=false; rank=10; page_type=content; raw_score=62.8; cap=100.0,0.615992,0.71826,0.674,0.526316,100.0,,low,crawl_indexability:1.000|text_sufficiency:1.000|media_and_internal_navigation:1.000|commercial_trust:0.904,structured_support:0.000|canonical_consistency:0.150|title_query_fit:0.398|page_structure:0.406
шкафы-купе цена Москва,https://good-mebel.com/category/shkafy-kupe/,80.7,seo_weighted_rubric_v4,d45_seo_weighted_rubric_v1,deterministic_expert_rubric=true; human_label=false; rank=1; page_type=category; raw_score=80.7; cap=100.0,0.757634,0.767265,0.8,1.0,100.0,,medium,crawl_indexability:1.000|canonical_consistency:1.000|commercial_trust:1.000|text_sufficiency:1.000,structured_support:0.000|title_query_fit:0.363|heading_query_fit:0.371|mobile_render_performance:0.436
шкафы-купе цена Москва,https://www.shkaf-kupe.ru/category/shkafy-kupe/,78.2,seo_weighted_rubric_v4,d45_seo_weighted_rubric_v1,deterministic_expert_rubric=true; human_label=false; rank=2; page_type=category; raw_score=78.2; cap=100.0,0.729586,0.744384,0.8,0.947368,100.0,,medium,crawl_indexability:1.000|canonical_consistency:1.000|commercial_trust:1.000|text_sufficiency:1.000,structured_support:0.000|title_query_fit:0.376|page_structure:0.424
шкафы-купе цена Москва,https://www.divan.ru/category/shkafy-kupe,78.0,seo_weighted_rubric_v4,d45_seo_weighted_rubric_v1,deterministic_expert_rubric=true; human_label=false; rank=3; page_type=category; raw_score=78.3; cap=78.0,0.749404,0.742709,0.735983,0.894737,78.0,critical_query_title_fit_weak,medium,crawl_indexability:1.000|canonical_consistency:1.000|text_sufficiency:1.000|commercial_trust:0.871,title_query_fit:0.331|structured_support:0.346|mobile_render_performance:0.449
шкафы-купе цена Москва,https://shkafy-moskva.ru/tcat/shkafy-kupe/,78.1,seo_weighted_rubric_v4,d45_seo_weighted_rubric_v1,deterministic_expert_rubric=true; human_label=false; rank=4; page_type=content; raw_score=78.1; cap=100.0,0.785949,0.774002,0.9474,0.842105,100.0,,medium,crawl_indexability:1.000|canonical_consistency:1.000|commercial_trust:1.000|text_sufficiency:1.000,title_query_fit:0.423
шкафы-купе цена Москва,https://www.mebelmsk.ru/catalog/shkafy/kupe/,74.7,seo_weighted_rubric_v4,d45_seo_weighted_rubric_v1,deterministic_expert_rubric=true; human_label=false; rank=5; page_type=product; raw_score=74.7; cap=78.0,0.665513,0.758669,0.837483,0.789474,78.0,critical_query_title_fit_weak,medium,crawl_indexability:1.000|canonical_consistency:1.000|offer_and_conversion:1.000|text_sufficiency:1.000,structured_support:0.187|title_query_fit:0.269|page_structure:0.432
шкафы-купе цена Москва,https://kupehouse.ru/moskva/,72.4,seo_weighted_rubric_v4,d45_seo_weighted_rubric_v1,deterministic_expert_rubric=true; human_label=false; rank=6; page_type=content; raw_score=72.4; cap=100.0,0.697303,0.763732,0.9474,0.736842,100.0,,medium,crawl_indexability:1.000|canonical_consistency:1.000|text_sufficiency:1.000|media_and_internal_navigation:1.000,heading_query_fit:0.410
шкафы-купе цена Москва,https://www.mosdommebel.ru/category/shkafy-kupe/,76.7,seo_weighted_rubric_v4,d45_seo_weighted_rubric_v1,deterministic_expert_rubric=true; human_label=false; rank=7; page_type=category; raw_score=76.7; cap=100.0,0.698859,0.793855,0.8,0.684211,100.0,,medium,crawl_indexability:1.000|commercial_trust:1.000|text_sufficiency:1.000|media_and_internal_navigation:1.000,structured_support:0.000|canonical_consistency:0.150
шкафы-купе цена Москва,https://dobraya-mebel.ru/shop/shkafi/shkafy-kupe/,77.6,seo_weighted_rubric_v4,d45_seo_weighted_rubric_v1,deterministic_expert_rubric=true; human_label=false; rank=8; page_type=product; raw_score=77.6; cap=100.0,0.750281,0.747781,0.774483,0.631579,100.0,,medium,crawl_indexability:1.000|canonical_consistency:1.000|text_sufficiency:1.000|media_and_internal_navigation:1.000,structured_support:0.187|title_query_fit:0.414
шкафы-купе цена Москва,https://www.fabrika-monolit.ru/shkafy-kupe/,72.8,seo_weighted_rubric_v4,d45_seo_weighted_rubric_v1,deterministic_expert_rubric=true; human_label=false; rank=9; page_type=content; raw_score=72.8; cap=78.0,0.742091,0.765604,0.812283,0.578947,78.0,critical_query_title_fit_weak,medium,crawl_indexability:1.000|canonical_consistency:1.000|text_sufficiency:1.000|secondary_commercial_details:1.000,title_query_fit:0.331|structured_support:0.346
шкафы-купе цена Санкт-Петербург,https://kupehouse.ru/,80.0,seo_weighted_rubric_v4,d45_seo_weighted_rubric_v1,deterministic_expert_rubric=true; human_label=false; rank=1; page_type=homepage; raw_score=80.0; cap=100.0,0.726841,0.789364,0.9874,1.0,100.0,,medium,crawl_indexability:1.000|canonical_consistency:1.000|commercial_trust:1.000|text_sufficiency:1.000,heading_query_fit:0.386|title_query_fit:0.435
шкафы-купе цена Санкт-Петербург,https://spb.stolplit.ru/internet-magazin/katalog-mebeli/80-shkafy-kupe/,70.1,seo_weighted_rubric_v4,d45_seo_weighted_rubric_v1,deterministic_expert_rubric=true; human_label=false; rank=2; page_type=content; raw_score=70.1; cap=100.0,0.725786,0.689293,0.674,0.947368,100.0,,medium,crawl_indexability:1.000|canonical_consistency:1.000|text_sufficiency:1.000|media_and_internal_navigation:1.000,structured_support:0.000|page_structure:0.373|title_query_fit:0.411|mobile_render_performance:0.435
шкафы-купе цена Санкт-Петербург,https://nonton.ru/mebel/shkafy/shkafy-kupe/,72.4,seo_weighted_rubric_v4,d45_seo_weighted_rubric_v1,deterministic_expert_rubric=true; human_label=false; rank=3; page_type=content; raw_score=72.4; cap=100.0,0.732146,0.742528,0.737,0.894737,100.0,,medium,crawl_indexability:1.000|canonical_consistency:1.000|text_sufficiency:1.000|media_and_internal_navigation:1.000,structured_support:0.000|title_query_fit:0.437|mobile_render_performance:0.441
шкафы-купе цена Санкт-Петербург,https://www.spb.bestmebelshop.ru/catalog/shkafy-kupe/,73.5,seo_weighted_rubric_v4,d45_seo_weighted_rubric_v1,deterministic_expert_rubric=true; human_label=false; rank=4; page_type=product; raw_score=73.5; cap=100.0,0.599235,0.797614,0.94425,0.842105,100.0,,medium,crawl_indexability:1.000|commercial_trust:1.000|offer_and_conversion:1.000|text_sufficiency:1.000,canonical_consistency:0.150|page_structure:0.384|title_query_fit:0.386
шкафы-купе цена Санкт-Петербург,https://spb.shkaf-kupe.ru/category/shkafy-kupe/,75.3,seo_weighted_rubric_v4,d45_seo_weighted_rubric_v1,deterministic_expert_rubric=true; human_label=false; rank=5; page_type=category; raw_score=75.3; cap=100.0,0.698211,0.732288,0.8,0.789474,100.0,,medium,crawl_indexability:1.000|canonical_consistency:1.000|commercial_trust:1.000|text_sufficiency:1.000,structured_support:0.000|page_structure:0.363|title_query_fit:0.375
шкафы-купе цена Санкт-Петербург,https://www.kupenadom.ru/,77.2,seo_weighted_rubric_v4,d45_seo_weighted_rubric_v1,deterministic_expert_rubric=true; human_label=false; rank=6; page_type=homepage; raw_score=77.2; cap=100.0,0.708897,0.809175,0.873283,0.736842,100.0,,medium,crawl_indexability:1.000|canonical_consistency:1.000|commercial_trust:1.000|text_sufficiency:1.000,structured_support:0.366|title_query_fit:0.388
шкафы-купе цена Санкт-Петербург,https://spb.lemanapro.ru/catalogue/shkafy-kupe/,26.1,seo_weighted_rubric_v4,d45_seo_weighted_rubric_v1,deterministic_expert_rubric=true; human_label=false; rank=7; page_type=product; raw_score=26.1; cap=35.0,0.14691,0.37529,0.03095,0.684211,35.0,critical_http_status_not_ok|critical_intent_alignment_weak|critical_page_not_indexable|critical_query_title_fit_weak|critical_semantic_query_fit_weak|important_commercial_trust_weak|important_extremely_thin_content,blocked,technical_metadata:0.640|mobile_render_performance:0.591|page_structure:0.380,secondary_commercial_details:0.000|structured_support:0.000|media_and_internal_navigation:0.005|semantic_query_fit:0.011
шкафы-купе цена Санкт-Петербург,https://shkaf-v-spb.ru/shkaf-kupe-na-zakaz,63.9,seo_weighted_rubric_v4,d45_seo_weighted_rubric_v1,deterministic_expert_rubric=true; human_label=false; rank=8; page_type=content; raw_score=63.9; cap=78.0,0.606806,0.738453,0.71895,0.631579,78.0,critical_query_title_fit_weak,low,text_sufficiency:1.000|commercial_trust:0.968|crawl_indexability:0.930|media_and_internal_navigation:0.910,structured_support:0.000|canonical_consistency:0.150|title_query_fit:0.326
шкафы-купе цена Санкт-Петербург,https://spb.shkafplus.ru/,66.8,seo_weighted_rubric_v4,d45_seo_weighted_rubric_v1,deterministic_expert_rubric=true; human_label=false; rank=9; page_type=homepage; raw_score=66.8; cap=78.0,0.587404,0.761574,0.7256,0.578947,78.0,critical_query_title_fit_weak,medium,crawl_indexability:1.000|text_sufficiency:1.000|media_and_internal_navigation:0.943|technical_metadata:0.906,structured_support:0.000|canonical_consistency:0.150|title_query_fit:0.328
шкафы-купе цена Санкт-Петербург,https://sankt-peterburg.good-mebel.com/category/shkafy-kupe/,76.0,seo_weighted_rubric_v4,d45_seo_weighted_rubric_v1,deterministic_expert_rubric=true; human_label=false; rank=10; page_type=category; raw_score=76.0; cap=100.0,0.722073,0.754918,0.8,0.526316,100.0,,medium,crawl_indexability:1.000|canonical_consistency:1.000|commercial_trust:1.000|text_sufficiency:1.000,structured_support:0.000|heading_query_fit:0.340|title_query_fit:0.362|page_structure:0.431
шкафы-купе цена Екатеринбург,https://ekaterinburg.lemanapro.ru/catalogue/shkafy-kupe/,27.4,seo_weighted_rubric_v4,d45_seo_weighted_rubric_v1,deterministic_expert_rubric=true; human_label=false; rank=1; page_type=product; raw_score=27.4; cap=35.0,0.143367,0.374925,0.03095,1.0,35.0,critical_http_status_not_ok|critical_intent_alignment_weak|critical_page_not_indexable|critical_query_title_fit_weak|critical_semantic_query_fit_weak|important_commercial_trust_weak|important_extremely_thin_content,blocked,technical_metadata:0.640|mobile_render_performance:0.589|page_structure:0.380,semantic_query_fit:0.000|secondary_commercial_details:0.000|structured_support:0.000|media_and_internal_navigation:0.005
шкафы-купе цена Екатеринбург,https://kupi-kupe.ru/,69.2,seo_weighted_rubric_v4,d45_seo_weighted_rubric_v1,deterministic_expert_rubric=true; human_label=false; rank=2; page_type=homepage; raw_score=69.2; cap=78.0,0.579638,0.769033,0.8,0.947368,78.0,critical_query_title_fit_weak,medium,crawl_indexability:1.000|commercial_trust:1.000|text_sufficiency:1.000|media_and_internal_navigation:1.000,structured_support:0.000|canonical_consistency:0.150|title_query_fit:0.345|mobile_render_performance:0.431
шкафы-купе цена Екатеринбург,https://33komoda.ru/catalog/shkafy_kupe/,71.1,seo_weighted_rubric_v4,d45_seo_weighted_rubric_v1,deterministic_expert_rubric=true; human_label=false; rank=3; page_type=product; raw_score=71.1; cap=100.0,0.585905,0.781068,0.8,0.894737,100.0,,medium,crawl_indexability:1.000|text_sufficiency:1.000|media_and_internal_navigation:1.000|secondary_commercial_details:1.000,structured_support:0.000|canonical_consistency:0.150|title_query_fit:0.365|mobile_render_performance:0.444
шкафы-купе цена Екатеринбург,https://ekaterinburg.nonton.ru/mebel/shkafy/shkafy-kupe/,70.5,seo_weighted_rubric_v4,d45_seo_weighted_rubric_v1,deterministic_expert_rubric=true; human_label=false; rank=4; page_type=content; raw_score=70.5; cap=100.0,0.704498,0.740706,0.737,0.842105,100.0,,medium,crawl_indexability:1.000|canonical_consistency:1.000|text_sufficiency:1.000|media_and_internal_navigation:1.000,structured_support:0.000|title_query_fit:0.400|mobile_render_performance:0.441
шкафы-купе цена Екатеринбург,https://www.e-1.ru/city/ekaterinburg/,69.8,seo_weighted_rubric_v4,d45_seo_weighted_rubric_v1,deterministic_expert_rubric=true; human_label=false; rank=5; page_type=content; raw_score=69.8; cap=100.0,0.684659,0.755971,0.7546,0.789474,100.0,,medium,crawl_indexability:1.000|canonical_consistency:1.000|technical_metadata:0.942|secondary_commercial_details:0.880,title_query_fit:0.366|page_structure:0.449
шкафы-купе цена Екатеринбург,https://kupeural.ru/,68.0,seo_weighted_rubric_v4,d45_seo_weighted_rubric_v1,deterministic_expert_rubric=true; human_label=false; rank=6; page_type=homepage; raw_score=68.0; cap=100.0,0.578753,0.786725,0.737,0.736842,100.0,,medium,crawl_indexability:1.000|text_sufficiency:1.000|media_and_internal_navigation:1.000|technical_metadata:0.983,structured_support:0.000|canonical_consistency:0.150|heading_query_fit:0.200|title_query_fit:0.392
шкафы-купе цена Екатеринбург,http://ekb.kupicupe.ru/,60.5,seo_weighted_rubric_v4,d45_seo_weighted_rubric_v1,deterministic_expert_rubric=true; human_label=false; rank=7; page_type=homepage; raw_score=60.5; cap=78.0,0.565717,0.621945,0.58135,0.684211,78.0,critical_query_title_fit_weak,low,text_sufficiency:1.000|offer_and_conversion:0.860|crawl_indexability:0.850,structured_support:0.000|canonical_consistency:0.150|title_query_fit:0.344|page_structure:0.393
шкафы-купе цена Екатеринбург,https://ekat.steklodom.com/mebel-na-zakaz/shkafy/,65.0,seo_weighted_rubric_v4,d45_seo_weighted_rubric_v1,deterministic_expert_rubric=true; human_label=false; rank=8; page_type=content; raw_score=65.0; cap=78.0,0.585705,0.796928,0.774483,0.631579,78.0,critical_query_title_fit_weak,medium,crawl_indexability:1.000|offer_and_conversion:1.000|text_sufficiency:1.000|media_and_internal_navigation:1.000,canonical_consistency:0.150|structured_support:0.187|title_query_fit:0.251
шкафы-купе цена Екатеринбург,https://gipermarketdom.ru/catalog/shkafy_kupe_gotovye/,35.6,seo_weighted_rubric_v4,d45_seo_weighted_rubric_v1,deterministic_expert_rubric=true; human_label=false; rank=9; page_type=product; raw_score=35.6; cap=55.0,0.263434,0.48097,0.0744,0.578947,55.0,critical_query_title_fit_weak|critical_semantic_query_fit_weak|important_extremely_thin_content,blocked,crawl_indexability:0.930,heading_query_fit:0.000|structured_support:0.000|media_and_internal_navigation:0.012|semantic_query_fit:0.020
шкафы-купе цена Новосибирск,https://novosibirsk.lemanapro.ru/catalogue/shkafy-kupe/,27.4,seo_weighted_rubric_v4,d45_seo_weighted_rubric_v1,deterministic_expert_rubric=true; human_label=false; rank=1; page_type=product; raw_score=27.4; cap=35.0,0.14229,0.374925,0.03095,1.0,35.0,critical_http_status_not_ok|critical_intent_alignment_weak|critical_page_not_indexable|critical_query_title_fit_weak|critical_semantic_query_fit_weak|important_commercial_trust_weak|important_extremely_thin_content,blocked,technical_metadata:0.640|mobile_render_performance:0.589|page_structure:0.380,semantic_query_fit:0.000|secondary_commercial_details:0.000|structured_support:0.000|media_and_internal_navigation:0.005
шкафы-купе цена Новосибирск,https://4nozhki.ru/tovari/shkafi-kupe/novosibirsk/,16.9,seo_weighted_rubric_v4,d45_seo_weighted_rubric_v1,deterministic_expert_rubric=true; human_label=false; rank=2; page_type=content; raw_score=16.9; cap=45.0,0.114199,0.236875,0.07295,0.947368,45.0,critical_intent_alignment_weak|critical_page_not_indexable|critical_query_title_fit_weak|critical_semantic_query_fit_weak|critical_title_missing|important_commercial_trust_weak|important_extremely_thin_content,blocked,mobile_render_performance:0.569|technical_metadata:0.460|crawl_indexability:0.430,title_query_fit:0.000|heading_query_fit:0.000|offer_and_conversion:0.000|structured_support:0.000
шкафы-купе цена Новосибирск,https://mebelny95.ru/novosibirsk/shkafy/shkafy-kupe,65.6,seo_weighted_rubric_v4,d45_seo_weighted_rubric_v1,deterministic_expert_rubric=true; human_label=false; rank=3; page_type=content; raw_score=65.6; cap=100.0,0.655223,0.663244,0.723,0.894737,100.0,,medium,canonical_consistency:1.000|text_sufficiency:1.000|media_and_internal_navigation:1.000|crawl_indexability:0.930,structured_support:0.000|title_query_fit:0.364
шкафы-купе цена Новосибирск,https://nsk.lazurit.com/catalog/668/shkafy-kupe/,30.1,seo_weighted_rubric_v4,d45_seo_weighted_rubric_v1,deterministic_expert_rubric=true; human_label=false; rank=4; page_type=product; raw_score=30.1; cap=45.0,0.17575,0.429481,0.0324,0.842105,45.0,critical_intent_alignment_weak|critical_page_not_indexable|critical_query_title_fit_weak|critical_semantic_query_fit_weak|important_commercial_trust_weak|important_extremely_thin_content,blocked,mobile_render_performance:0.635|technical_metadata:0.580|crawl_indexability:0.500,heading_query_fit:0.000|secondary_commercial_details:0.000|structured_support:0.000|media_and_internal_navigation:0.012
шкафы-купе цена Новосибирск,https://mebelti.com/catalog/shkafy-kupe/,76.5,seo_weighted_rubric_v4,d45_seo_weighted_rubric_v1,deterministic_expert_rubric=true; human_label=false; rank=5; page_type=product; raw_score=76.5; cap=100.0,0.6956,0.778071,0.8,0.789474,100.0,,medium,crawl_indexability:1.000|canonical_consistency:1.000|commercial_trust:1.000|text_sufficiency:1.000,structured_support:0.000|title_query_fit:0.367
шкафы-купе цена Новосибирск,https://mebel-nsk.ru/shkafy/shkafy-kype/,61.8,seo_weighted_rubric_v4,d45_seo_weighted_rubric_v1,deterministic_expert_rubric=true; human_label=false; rank=6; page_type=content; raw_score=61.8; cap=78.0,0.562174,0.737574,0.711483,0.736842,78.0,critical_query_title_fit_weak,low,crawl_indexability:1.000|text_sufficiency:1.000|media_and_internal_navigation:1.000|technical_metadata:0.913,canonical_consistency:0.150|structured_support:0.187|page_structure:0.242|title_query_fit:0.344
шкафы-купе цена Новосибирск,https://www.kuhni-nsk.ru/catalog/shkafy_kupe/,77.3,seo_weighted_rubric_v4,d45_seo_weighted_rubric_v1,deterministic_expert_rubric=true; human_label=false; rank=7; page_type=product; raw_score=77.3; cap=78.0,0.726493,0.77405,0.766067,0.684211,78.0,critical_query_title_fit_weak,medium,crawl_indexability:1.000|canonical_consistency:1.000|media_and_internal_navigation:1.000|technical_metadata:0.939,structured_support:0.333|title_query_fit:0.349
шкафы-купе цена Новосибирск,https://shkaf-kupe-novosibirsk.ru/,76.7,seo_weighted_rubric_v4,d45_seo_weighted_rubric_v1,deterministic_expert_rubric=true; human_label=false; rank=8; page_type=homepage; raw_score=76.7; cap=78.0,0.711851,0.821282,0.827367,0.631579,78.0,critical_query_title_fit_weak,medium,crawl_indexability:1.000|canonical_consistency:1.000|offer_and_conversion:1.000|text_sufficiency:1.000,structured_support:0.312|title_query_fit:0.342
шкафы-купе цена Новосибирск,https://znatokmebeli.ru/catalog/shkafy-kupe,56.8,seo_weighted_rubric_v4,d45_seo_weighted_rubric_v1,deterministic_expert_rubric=true; human_label=false; rank=9; page_type=product; raw_score=56.8; cap=100.0,0.500608,0.626039,0.46,0.578947,100.0,,low,crawl_indexability:1.000|media_and_internal_navigation:1.000|technical_metadata:0.952|offer_and_conversion:0.860,structured_support:0.000|canonical_consistency:0.150|page_structure:0.290|secondary_commercial_details:0.300
шкафы-купе цена Новосибирск,http://www.shkaf54.ru/,64.2,seo_weighted_rubric_v4,d45_seo_weighted_rubric_v1,deterministic_expert_rubric=true; human_label=false; rank=10; page_type=homepage; raw_score=64.2; cap=100.0,0.575724,0.712833,0.702,0.526316,100.0,,low,crawl_indexability:1.000|text_sufficiency:1.000|media_and_internal_navigation:1.000|technical_metadata:0.954,structured_support:0.000|canonical_consistency:0.150|title_query_fit:0.385|page_structure:0.423
шкафы-купе цена Казань,https://kazan.lemanapro.ru/catalogue/shkafy-kupe/,27.4,seo_weighted_rubric_v4,d45_seo_weighted_rubric_v1,deterministic_expert_rubric=true; human_label=false; rank=1; page_type=product; raw_score=27.4; cap=35.0,0.14323,0.374925,0.03095,1.0,35.0,critical_http_status_not_ok|critical_intent_alignment_weak|critical_page_not_indexable|critical_query_title_fit_weak|critical_semantic_query_fit_weak|important_commercial_trust_weak|important_extremely_thin_content,blocked,technical_metadata:0.640|mobile_render_performance:0.589|page_structure:0.380,semantic_query_fit:0.000|secondary_commercial_details:0.000|structured_support:0.000|media_and_internal_navigation:0.005
шкафы-купе цена Казань,https://kazanshkafkupe.ru/,65.7,seo_weighted_rubric_v4,d45_seo_weighted_rubric_v1,deterministic_expert_rubric=true; human_label=false; rank=2; page_type=homepage; raw_score=65.7; cap=100.0,0.57761,0.730169,0.58235,0.947368,100.0,,medium,crawl_indexability:1.000|technical_metadata:1.000|offer_and_conversion:0.860|text_sufficiency:0.850,structured_support:0.000|canonical_consistency:0.150|page_structure:0.380|title_query_fit:0.384
шкафы-купе цена Казань,https://www.kazan.bestmebelshop.ru/catalog/shkafy-kupe/,68.9,seo_weighted_rubric_v4,d45_seo_weighted_rubric_v1,deterministic_expert_rubric=true; human_label=false; rank=3; page_type=product; raw_score=68.9; cap=100.0,0.516333,0.786421,0.94425,0.894737,100.0,,medium,crawl_indexability:1.000|commercial_trust:1.000|offer_and_conversion:1.000|text_sufficiency:1.000,heading_query_fit:0.000|canonical_consistency:0.150|page_structure:0.299|title_query_fit:0.372
шкафы-купе цена Казань,https://kazan.inmyroom.ru/products/mebel/shkafy/shkafy-kupe,76.1,seo_weighted_rubric_v4,d45_seo_weighted_rubric_v1,deterministic_expert_rubric=true; human_label=false; rank=4; page_type=product; raw_score=76.1; cap=78.0,0.690857,0.774658,0.764983,0.842105,78.0,critical_query_title_fit_weak,medium,crawl_indexability:1.000|canonical_consistency:1.000|offer_and_conversion:1.000|text_sufficiency:1.000,structured_support:0.187|title_query_fit:0.287
шкафы-купе цена Казань,https://kazan.nonton.ru/mebel/shkafy/,65.6,seo_weighted_rubric_v4,d45_seo_weighted_rubric_v1,deterministic_expert_rubric=true; human_label=false; rank=5; page_type=content; raw_score=65.6; cap=78.0,0.618819,0.740082,0.737,0.789474,78.0,critical_query_title_fit_weak,medium,crawl_indexability:1.000|canonical_consistency:1.000|text_sufficiency:1.000|media_and_internal_navigation:1.000,structured_support:0.000|title_query_fit:0.176|heading_query_fit:0.337|mobile_render_performance:0.441
шкафы-купе цена Казань,https://мафа-мебель.рф/catalog/shkafy-kupe-shkafy/,67.4,seo_weighted_rubric_v4,d45_seo_weighted_rubric_v1,deterministic_expert_rubric=true; human_label=false; rank=6; page_type=product; raw_score=67.4; cap=100.0,0.61712,0.698218,0.5814,0.736842,100.0,,medium,crawl_indexability:1.000|technical_metadata:0.939|offer_and_conversion:0.860|text_sufficiency:0.850,structured_support:0.000|canonical_consistency:0.150|page_structure:0.285|title_query_fit:0.389
шкафы-купе цена Казань,https://www.divan.ru/kazan/category/shkafy-kupe,73.0,seo_weighted_rubric_v4,d45_seo_weighted_rubric_v1,deterministic_expert_rubric=true; human_label=false; rank=7; page_type=category; raw_score=73.0; cap=78.0,0.687365,0.715261,0.735983,0.684211,78.0,critical_query_title_fit_weak,medium,crawl_indexability:1.000|canonical_consistency:1.000|text_sufficiency:1.000|commercial_trust:0.871,title_query_fit:0.340|structured_support:0.346|page_structure:0.432|mobile_render_performance:0.449
шкафы-купе цена Казань,https://kazan.good-mebel.com/category/shkafy-kupe/,75.6,seo_weighted_rubric_v4,d45_seo_weighted_rubric_v1,deterministic_expert_rubric=true; human_label=false; rank=8; page_type=category; raw_score=75.6; cap=78.0,0.706569,0.75254,0.8,0.631579,78.0,critical_query_title_fit_weak,medium,crawl_indexability:1.000|canonical_consistency:1.000|commercial_trust:1.000|text_sufficiency:1.000,structured_support:0.000|title_query_fit:0.333|heading_query_fit:0.357|page_structure:0.401
шкафы-купе цена Казань,https://mebeldan.ru/catalog/shkafy-kupe/,67.1,seo_weighted_rubric_v4,d45_seo_weighted_rubric_v1,deterministic_expert_rubric=true; human_label=false; rank=9; page_type=product; raw_score=67.1; cap=78.0,0.579024,0.760821,0.653,0.578947,78.0,critical_query_title_fit_weak,medium,text_sufficiency:1.000|media_and_internal_navigation:1.000|crawl_indexability:0.930|commercial_trust:0.873,structured_support:0.000|canonical_consistency:0.150|title_query_fit:0.345
шкафы-купе цена Казань,https://meggamebel.ru/catalog/shkafy/shkafy-kupe/,66.7,seo_weighted_rubric_v4,d45_seo_weighted_rubric_v1,deterministic_expert_rubric=true; human_label=false; rank=10; page_type=product; raw_score=66.7; cap=100.0,0.634769,0.674062,0.5945,0.526316,100.0,,medium,crawl_indexability:1.000|canonical_consistency:1.000|media_and_internal_navigation:1.000|technical_metadata:0.926,structured_support:0.000|page_structure:0.224|semantic_query_fit:0.393|title_query_fit:0.409
шкафы-купе цена Краснодар,https://krasnodar.lemanapro.ru/catalogue/shkafy-kupe/,27.4,seo_weighted_rubric_v4,d45_seo_weighted_rubric_v1,deterministic_expert_rubric=true; human_label=false; rank=1; page_type=product; raw_score=27.4; cap=35.0,0.142573,0.374925,0.03095,1.0,35.0,critical_http_status_not_ok|critical_intent_alignment_weak|critical_page_not_indexable|critical_query_title_fit_weak|critical_semantic_query_fit_weak|important_commercial_trust_weak|important_extremely_thin_content,blocked,technical_metadata:0.640|mobile_render_performance:0.589|page_structure:0.380,semantic_query_fit:0.000|secondary_commercial_details:0.000|structured_support:0.000|media_and_internal_navigation:0.005
шкафы-купе цена Краснодар,https://4nozhki.ru/tovari/shkafi-kupe/krasnodar/,17.5,seo_weighted_rubric_v4,d45_seo_weighted_rubric_v1,deterministic_expert_rubric=true; human_label=false; rank=2; page_type=content; raw_score=17.5; cap=45.0,0.125315,0.236598,0.07295,0.947368,45.0,critical_intent_alignment_weak|critical_page_not_indexable|critical_query_title_fit_weak|critical_semantic_query_fit_weak|critical_title_missing|important_commercial_trust_weak|important_extremely_thin_content,blocked,mobile_render_performance:0.567|technical_metadata:0.460|crawl_indexability:0.430,title_query_fit:0.000|heading_query_fit:0.000|offer_and_conversion:0.000|structured_support:0.000
шкафы-купе цена Краснодар,https://www.avito.ru/krasnodar/mebel_i_interer/shkafy_komodyi_stellazhi-ASgBAgICAURaqAI?q=шкаф+купе,25.3,seo_weighted_rubric_v4,d45_seo_weighted_rubric_v1,deterministic_expert_rubric=true; human_label=false; rank=3; page_type=content; raw_score=25.3; cap=35.0,0.129503,0.467999,0.16785,0.894737,35.0,critical_http_status_not_ok|critical_intent_alignment_weak|critical_page_not_indexable|critical_query_title_fit_weak|critical_semantic_query_fit_weak|supporting_text_insufficient,blocked,mobile_render_performance:0.631|technical_metadata:0.600|offer_and_conversion:0.500,heading_query_fit:0.000|semantic_query_fit:0.000|structured_support:0.000|media_and_internal_navigation:0.017
шкафы-купе цена Краснодар,http://tkmebeli.ru/shkafy-kupe,55.3,seo_weighted_rubric_v4,d45_seo_weighted_rubric_v1,deterministic_expert_rubric=true; human_label=false; rank=4; page_type=content; raw_score=55.3; cap=78.0,0.500458,0.619882,0.6995,0.842105,78.0,critical_query_title_fit_weak,low,media_and_internal_navigation:1.000|crawl_indexability:0.930|offer_and_conversion:0.860|text_sufficiency:0.850,structured_support:0.000|canonical_consistency:0.150|title_query_fit:0.285|page_structure:0.294
шкафы-купе цена Краснодар,https://krasnodar.nonton.ru/mebel/shkafy/shkafy-kupe/,68.3,seo_weighted_rubric_v4,d45_seo_weighted_rubric_v1,deterministic_expert_rubric=true; human_label=false; rank=5; page_type=content; raw_score=68.3; cap=100.0,0.673584,0.732127,0.737,0.789474,100.0,,medium,crawl_indexability:1.000|canonical_consistency:1.000|text_sufficiency:1.000|media_and_internal_navigation:1.000,structured_support:0.000|title_query_fit:0.385|mobile_render_performance:0.441
шкафы-купе цена Краснодар,https://mebelpik.ru/shop/shkafy-kupe/,75.8,seo_weighted_rubric_v4,d45_seo_weighted_rubric_v1,deterministic_expert_rubric=true; human_label=false; rank=7; page_type=product; raw_score=75.8; cap=78.0,0.671684,0.780117,0.9054,0.684211,78.0,critical_query_title_fit_weak,medium,crawl_indexability:1.000|canonical_consistency:1.000|text_sufficiency:1.000|media_and_internal_navigation:1.000,title_query_fit:0.261
шкафы-купе цена Краснодар,https://shkaf-krasnodar.ru/,64.8,seo_weighted_rubric_v4,d45_seo_weighted_rubric_v1,deterministic_expert_rubric=true; human_label=false; rank=8; page_type=homepage; raw_score=64.8; cap=78.0,0.605809,0.69726,0.5945,0.631579,78.0,critical_query_title_fit_weak,low,crawl_indexability:1.000|canonical_consistency:1.000|media_and_internal_navigation:1.000|technical_metadata:0.970,structured_support:0.000|heading_query_fit:0.200|title_query_fit:0.273|page_structure:0.345
шкафы-купе цена Краснодар,https://krasnodar.arkomebel.ru/shkafy-2/shkafy-kupe/,63.2,seo_weighted_rubric_v4,d45_seo_weighted_rubric_v1,deterministic_expert_rubric=true; human_label=false; rank=9; page_type=content; raw_score=63.2; cap=78.0,0.614938,0.703745,0.737,0.578947,78.0,critical_query_title_fit_weak,low,crawl_indexability:1.000|canonical_consistency:1.000|text_sufficiency:1.000|media_and_internal_navigation:1.000,structured_support:0.000|page_structure:0.218|title_query_fit:0.342|semantic_query_fit:0.387
шкафы-купе цена Краснодар,https://kalenich-home.ru/shkafy_kupe/,64.5,seo_weighted_rubric_v4,d45_seo_weighted_rubric_v1,deterministic_expert_rubric=true; human_label=false; rank=10; page_type=content; raw_score=64.5; cap=78.0,0.612618,0.736942,0.806283,0.526316,78.0,critical_query_title_fit_weak,low,crawl_indexability:1.000|canonical_consistency:1.000|text_sufficiency:1.000|media_and_internal_navigation:1.000,page_structure:0.306|title_query_fit:0.330|semantic_query_fit:0.332|structured_support:0.346
шкафы-купе цена Самара,https://samara.lemanapro.ru/catalogue/shkafy-kupe/,27.1,seo_weighted_rubric_v4,d45_seo_weighted_rubric_v1,deterministic_expert_rubric=true; human_label=false; rank=1; page_type=product; raw_score=27.1; cap=35.0,0.136284,0.374925,0.03095,1.0,35.0,critical_http_status_not_ok|critical_intent_alignment_weak|critical_page_not_indexable|critical_query_title_fit_weak|critical_semantic_query_fit_weak|important_commercial_trust_weak|important_extremely_thin_content,blocked,technical_metadata:0.640|mobile_render_performance:0.589|page_structure:0.380,secondary_commercial_details:0.000|structured_support:0.000|media_and_internal_navigation:0.005|semantic_query_fit:0.009
шкафы-купе цена Самара,https://sam-mebel.ru/,63.4,seo_weighted_rubric_v4,d45_seo_weighted_rubric_v1,deterministic_expert_rubric=true; human_label=false; rank=2; page_type=homepage; raw_score=63.4; cap=100.0,0.570832,0.673726,0.556,0.947368,100.0,,low,text_sufficiency:1.000|crawl_indexability:0.930|offer_and_conversion:0.860,structured_support:0.000|canonical_consistency:0.150|page_structure:0.388|title_query_fit:0.401
шкафы-купе цена Самара,https://mebeldom63.ru/cat/shkafyi/shkafy-kupe/,72.2,seo_weighted_rubric_v4,d45_seo_weighted_rubric_v1,deterministic_expert_rubric=true; human_label=false; rank=3; page_type=content; raw_score=72.2; cap=78.0,0.697744,0.761622,0.8494,0.894737,78.0,critical_query_title_fit_weak,medium,crawl_indexability:1.000|canonical_consistency:1.000|text_sufficiency:1.000|media_and_internal_navigation:1.000,title_query_fit:0.302
шкафы-купе цена Самара,https://www.e-1.ru/city/samara/,71.1,seo_weighted_rubric_v4,d45_seo_weighted_rubric_v1,deterministic_expert_rubric=true; human_label=false; rank=4; page_type=content; raw_score=71.1; cap=100.0,0.690654,0.757777,0.8121,0.842105,100.0,,medium,crawl_indexability:1.000|canonical_consistency:1.000|technical_metadata:0.935|secondary_commercial_details:0.880,title_query_fit:0.387
шкафы-купе цена Самара,https://mebel-kega.ru/shkafy/shkafy-kupe,65.2,seo_weighted_rubric_v4,d45_seo_weighted_rubric_v1,deterministic_expert_rubric=true; human_label=false; rank=5; page_type=content; raw_score=65.2; cap=78.0,0.677871,0.678312,0.5613,0.789474,78.0,critical_query_title_fit_weak,medium,crawl_indexability:1.000|canonical_consistency:1.000|technical_metadata:0.877|media_and_internal_navigation:0.877,structured_support:0.000|title_query_fit:0.313|page_structure:0.408
шкафы-купе цена Самара,https://www.avito.ru/samara?q=шкаф+купе,24.6,seo_weighted_rubric_v4,d45_seo_weighted_rubric_v1,deterministic_expert_rubric=true; human_label=false; rank=6; page_type=content; raw_score=24.6; cap=35.0,0.126502,0.476799,0.16785,0.736842,35.0,critical_http_status_not_ok|critical_intent_alignment_weak|critical_page_not_indexable|critical_query_title_fit_weak|critical_semantic_query_fit_weak|supporting_text_insufficient,blocked,technical_metadata:0.640|mobile_render_performance:0.631|offer_and_conversion:0.500,heading_query_fit:0.000|structured_support:0.000|semantic_query_fit:0.011|media_and_internal_navigation:0.017
шкафы-купе цена Самара,https://samara.bestmebelshop.ru/catalog/shkafy-kupe/,72.0,seo_weighted_rubric_v4,d45_seo_weighted_rubric_v1,deterministic_expert_rubric=true; human_label=false; rank=7; page_type=product; raw_score=72.0; cap=100.0,0.571835,0.824024,0.94425,0.684211,100.0,,medium,crawl_indexability:1.000|commercial_trust:1.000|offer_and_conversion:1.000|text_sufficiency:1.000,canonical_consistency:0.150|title_query_fit:0.364
шкафы-купе цена Самара,https://mariya-mebell.ru/product-category/shkafy-kupe/,68.3,seo_weighted_rubric_v4,d45_seo_weighted_rubric_v1,deterministic_expert_rubric=true; human_label=false; rank=8; page_type=product; raw_score=68.3; cap=100.0,0.663021,0.648467,0.6215,0.631579,100.0,,medium,crawl_indexability:1.000|canonical_consistency:1.000|media_and_internal_navigation:0.867|technical_metadata:0.863,page_structure:0.294|secondary_commercial_details:0.300|title_query_fit:0.363
шкафы-купе цена Самара,https://felicitamebel.ru/shkafy-kupe-v-samare-na-zakaz/,64.8,seo_weighted_rubric_v4,d45_seo_weighted_rubric_v1,deterministic_expert_rubric=true; human_label=false; rank=9; page_type=content; raw_score=64.8; cap=78.0,0.633032,0.721871,0.74,0.578947,78.0,critical_query_title_fit_weak,low,crawl_indexability:1.000|canonical_consistency:1.000|media_and_internal_navigation:0.990|technical_metadata:0.960,title_query_fit:0.308|page_structure:0.383|heading_query_fit:0.386
шкафы-купе цена Самара,https://bigmebel-samara.ru/shkafy-kupe/,73.5,seo_weighted_rubric_v4,d45_seo_weighted_rubric_v1,deterministic_expert_rubric=true; human_label=false; rank=10; page_type=content; raw_score=73.5; cap=100.0,0.748879,0.744468,0.9306,0.526316,100.0,,medium,crawl_indexability:1.000|canonical_consistency:1.000|text_sufficiency:1.000|media_and_internal_navigation:1.000,title_query_fit:0.394|page_structure:0.433
шкафы-купе цена Нижний Новгород,https://shkaf-nnov.ru/,66.5,seo_weighted_rubric_v4,d45_seo_weighted_rubric_v1,deterministic_expert_rubric=true; human_label=false; rank=1; page_type=homepage; raw_score=66.5; cap=100.0,0.60024,0.680076,0.6588,1.0,100.0,,medium,crawl_indexability:1.000|media_and_internal_navigation:0.972|offer_and_conversion:0.860|text_sufficiency:0.850,structured_support:0.000|canonical_consistency:0.150|page_structure:0.315
шкафы-купе цена Нижний Новгород,https://www.avito.ru/nizhniy_novgorod?q=шкафы+купе,26.1,seo_weighted_rubric_v4,d45_seo_weighted_rubric_v1,deterministic_expert_rubric=true; human_label=false; rank=2; page_type=content; raw_score=26.1; cap=35.0,0.133346,0.477127,0.16785,0.947368,35.0,critical_http_status_not_ok|critical_intent_alignment_weak|critical_page_not_indexable|critical_query_title_fit_weak|critical_semantic_query_fit_weak|supporting_text_insufficient,blocked,technical_metadata:0.640|mobile_render_performance:0.631|offer_and_conversion:0.500,heading_query_fit:0.000|structured_support:0.000|media_and_internal_navigation:0.017|semantic_query_fit:0.030
шкафы-купе цена Нижний Новгород,https://4nozhki.ru/tovari/shkafi-kupe/nigniy-novgorod/,16.7,seo_weighted_rubric_v4,d45_seo_weighted_rubric_v1,deterministic_expert_rubric=true; human_label=false; rank=3; page_type=content; raw_score=16.7; cap=45.0,0.117015,0.236781,0.07295,0.894737,45.0,critical_intent_alignment_weak|critical_page_not_indexable|critical_query_title_fit_weak|critical_semantic_query_fit_weak|critical_title_missing|important_commercial_trust_weak|important_extremely_thin_content,blocked,mobile_render_performance:0.568|technical_metadata:0.460|crawl_indexability:0.430,title_query_fit:0.000|heading_query_fit:0.000|offer_and_conversion:0.000|structured_support:0.000
шкафы-купе цена Нижний Новгород,https://www.nn.bestmebelshop.ru/catalog/shkafy-kupe/,70.6,seo_weighted_rubric_v4,d45_seo_weighted_rubric_v1,deterministic_expert_rubric=true; human_label=false; rank=4; page_type=product; raw_score=70.6; cap=78.0,0.54372,0.802629,0.94425,0.842105,78.0,critical_query_title_fit_weak,medium,crawl_indexability:1.000|commercial_trust:1.000|offer_and_conversion:1.000|text_sufficiency:1.000,canonical_consistency:0.150|title_query_fit:0.322|page_structure:0.379|heading_query_fit:0.449
шкафы-купе цена Нижний Новгород,https://nn.stolplit.ru/internet-magazin/katalog-mebeli/80-shkafy-kupe/,66.4,seo_weighted_rubric_v4,d45_seo_weighted_rubric_v1,deterministic_expert_rubric=true; human_label=false; rank=5; page_type=content; raw_score=66.4; cap=78.0,0.678483,0.679579,0.674,0.789474,78.0,critical_query_title_fit_weak,medium,crawl_indexability:1.000|canonical_consistency:1.000|text_sufficiency:1.000|media_and_internal_navigation:1.000,structured_support:0.000|title_query_fit:0.313|page_structure:0.381|mobile_render_performance:0.435
шкафы-купе цена Нижний Новгород,https://nizhnij-novgorod.good-mebel.com/category/shkafy-kupe/,73.2,seo_weighted_rubric_v4,d45_seo_weighted_rubric_v1,deterministic_expert_rubric=true; human_label=false; rank=6; page_type=category; raw_score=73.2; cap=78.0,0.658639,0.744208,0.8,0.736842,78.0,critical_query_title_fit_weak,medium,crawl_indexability:1.000|canonical_consistency:1.000|commercial_trust:1.000|text_sufficiency:1.000,structured_support:0.000|title_query_fit:0.270|heading_query_fit:0.328|page_structure:0.365
шкафы-купе цена Нижний Новгород,https://nizhniynovgorod.mebel-1000.ru/catalogue/korpusnaya-mebel/shkafy-kupe/,66.2,seo_weighted_rubric_v4,d45_seo_weighted_rubric_v1,deterministic_expert_rubric=true; human_label=false; rank=7; page_type=product; raw_score=66.2; cap=78.0,0.548805,0.760843,0.674,0.684211,78.0,critical_query_title_fit_weak|important_canonical_points_elsewhere,medium,crawl_indexability:1.000|text_sufficiency:1.000|media_and_internal_navigation:1.000|commercial_trust:0.904,structured_support:0.000|title_query_fit:0.248|canonical_consistency:0.250
шкафы-купе цена Нижний Новгород,https://nizhny-novgorod.mebelion.ru/mebel/shkafy-kupe/,60.9,seo_weighted_rubric_v4,d45_seo_weighted_rubric_v1,deterministic_expert_rubric=true; human_label=false; rank=8; page_type=content; raw_score=60.9; cap=78.0,0.591255,0.659536,0.739483,0.631579,78.0,critical_query_title_fit_weak,low,canonical_consistency:1.000|offer_and_conversion:1.000|text_sufficiency:1.000|media_and_internal_navigation:1.000,structured_support:0.187|title_query_fit:0.329|mobile_render_performance:0.337|semantic_query_fit:0.429
шкафы-купе цена Нижний Новгород,https://nn.kupit-shkaf.ru/,72.4,seo_weighted_rubric_v4,d45_seo_weighted_rubric_v1,deterministic_expert_rubric=true; human_label=false; rank=9; page_type=homepage; raw_score=72.4; cap=78.0,0.651603,0.78371,0.862367,0.578947,78.0,critical_query_title_fit_weak,medium,crawl_indexability:1.000|canonical_consistency:1.000|text_sufficiency:1.000|media_and_internal_navigation:1.000,title_query_fit:0.292|structured_support:0.312|heading_query_fit:0.367|page_structure:0.371
шкафы-купе цена Нижний Новгород,https://nizhnij-novgorod.jsprav.ru/proizvodstvo-i-prodazha-shkafov-kupe/,57.0,seo_weighted_rubric_v4,d45_seo_weighted_rubric_v1,deterministic_expert_rubric=true; human_label=false; rank=10; page_type=content; raw_score=57.0; cap=78.0,0.50593,0.721473,0.6853,0.526316,78.0,critical_query_title_fit_weak,low,crawl_indexability:1.000|technical_metadata:0.947|text_sufficiency:0.850|media_and_internal_navigation:0.808,canonical_consistency:0.150|title_query_fit:0.269|heading_query_fit:0.443
как выбрать шкафы-купе,http://www.realto.ru/journal/articles/kak-vybrat-shkaf-kupe-v-kvartiru-obzor-mehanizmov-i-sistem-hraneniya/,72.5,seo_weighted_rubric_v4,d45_seo_weighted_rubric_v1,deterministic_expert_rubric=true; human_label=false; rank=1; page_type=article; raw_score=72.5; cap=100.0,0.699033,0.67883,0.569,1.0,100.0,,medium,canonical_consistency:1.000|text_sufficiency:1.000|media_and_internal_navigation:1.000|crawl_indexability:0.920,structured_support:0.000|secondary_commercial_details:0.340|mobile_render_performance:0.378|title_query_fit:0.448
как выбрать шкафы-купе,https://www.artis21.ru/blog/kak-vybrat-shkaf-kupe-vidy-razmery-materialy-i-napolnenie/,77.4,seo_weighted_rubric_v4,d45_seo_weighted_rubric_v1,deterministic_expert_rubric=true; human_label=false; rank=2; page_type=article; raw_score=77.4; cap=100.0,0.755628,0.717335,0.6572,0.947368,100.0,,medium,crawl_indexability:1.000|canonical_consistency:1.000|text_sufficiency:1.000|technical_metadata:0.943,structured_support:0.000
как выбрать шкафы-купе,https://www.mebelmsk.ru/stati/sovety-eksperta/kak_vybrat_shkaf_kupe/,81.3,seo_weighted_rubric_v4,d45_seo_weighted_rubric_v1,deterministic_expert_rubric=true; human_label=false; rank=3; page_type=content; raw_score=81.3; cap=100.0,0.812156,0.760671,0.737,0.894737,100.0,,medium,crawl_indexability:1.000|canonical_consistency:1.000|text_sufficiency:1.000|media_and_internal_navigation:1.000,structured_support:0.000
как выбрать шкафы-купе,https://nadivan.ru/blog/kak-vybrat-shkaf-kupe/,69.8,seo_weighted_rubric_v4,d45_seo_weighted_rubric_v1,deterministic_expert_rubric=true; human_label=false; rank=4; page_type=article; raw_score=69.8; cap=100.0,0.603716,0.753696,0.674,0.842105,100.0,,medium,crawl_indexability:1.000|text_sufficiency:1.000|media_and_internal_navigation:1.000|technical_metadata:0.935,structured_support:0.000|canonical_consistency:0.150|page_structure:0.382
как выбрать шкафы-купе,https://mebelino-mebel.ru/articles/vybiraem-shkaf-kupe-material-konfiguratsiya-furnitura/,73.6,seo_weighted_rubric_v4,d45_seo_weighted_rubric_v1,deterministic_expert_rubric=true; human_label=false; rank=5; page_type=article; raw_score=73.6; cap=78.0,0.646083,0.779018,0.774483,0.789474,78.0,critical_query_title_fit_weak,medium,crawl_indexability:1.000|canonical_consistency:1.000|text_sufficiency:1.000|media_and_internal_navigation:1.000,structured_support:0.187|title_query_fit:0.296|heading_query_fit:0.392|page_structure:0.414
как выбрать шкафы-купе,https://mebelmrya.ru/blog/kak-pravilno-vybrat-shkaf-kupe-prakticheskoe-rukovodstvo,70.5,seo_weighted_rubric_v4,d45_seo_weighted_rubric_v1,deterministic_expert_rubric=true; human_label=false; rank=7; page_type=article; raw_score=70.5; cap=100.0,0.678846,0.709005,0.546383,0.684211,100.0,,medium,crawl_indexability:1.000|technical_metadata:0.949|text_sufficiency:0.850|semantic_query_fit:0.799,canonical_consistency:0.150|structured_support:0.346|page_structure:0.396|secondary_commercial_details:0.400
как выбрать шкафы-купе,https://rewood-mebel.ru/buyers/blog/kak_vybrat_shkaf_kupe_vidy_razmery_i_sovety_po_vyboru/,78.3,seo_weighted_rubric_v4,d45_seo_weighted_rubric_v1,deterministic_expert_rubric=true; human_label=false; rank=8; page_type=article; raw_score=78.3; cap=100.0,0.775471,0.737537,0.737,0.631579,100.0,,medium,crawl_indexability:1.000|canonical_consistency:1.000|text_sufficiency:1.000|media_and_internal_navigation:1.000,structured_support:0.000
как выбрать шкафы-купе,http://shkafy-spb.ru/about/articles/kak-vybrat-shkaf-kupe/,77.4,seo_weighted_rubric_v4,d45_seo_weighted_rubric_v1,deterministic_expert_rubric=true; human_label=false; rank=9; page_type=article; raw_score=77.4; cap=100.0,0.775825,0.716116,0.737,0.578947,100.0,,medium,crawl_indexability:1.000|canonical_consistency:1.000|text_sufficiency:1.000|media_and_internal_navigation:1.000,structured_support:0.000
шкафы-купе отзывы,https://irecommend.ru/catalog/list/9986-312289,70.0,seo_weighted_rubric_v4,d45_seo_weighted_rubric_v1,deterministic_expert_rubric=true; human_label=false; rank=1; page_type=product; raw_score=70.0; cap=100.0,0.703437,0.742219,0.702,1.0,100.0,,medium,crawl_indexability:1.000|canonical_consistency:1.000|text_sufficiency:1.000|media_and_internal_navigation:1.000,structured_support:0.000|heading_query_fit:0.412|title_query_fit:0.418
шкафы-купе отзывы,https://reviews.yandex.ru/shop/zakazkupe.ru,63.7,seo_weighted_rubric_v4,d45_seo_weighted_rubric_v1,deterministic_expert_rubric=true; human_label=false; rank=2; page_type=product; raw_score=63.7; cap=78.0,0.598046,0.738478,0.691383,0.947368,78.0,critical_query_title_fit_weak,low,crawl_indexability:1.000|canonical_consistency:1.000|text_sufficiency:1.000|technical_metadata:0.875,structured_support:0.124|heading_query_fit:0.180|title_query_fit:0.267
шкафы-купе отзывы,https://otzovik.com/reviews/shkaf-kupe_centr_shkafov-kupe/,80.6,seo_weighted_rubric_v4,d45_seo_weighted_rubric_v1,deterministic_expert_rubric=true; human_label=false; rank=3; page_type=content; raw_score=80.6; cap=100.0,0.805945,0.763684,0.689,0.894737,100.0,,medium,crawl_indexability:1.000|canonical_consistency:1.000|text_sufficiency:1.000|technical_metadata:0.915,structured_support:0.000
шкафы-купе отзывы,https://dzen.ru/a/aDXaTPAPd1NqNsY5,45.0,seo_weighted_rubric_v4,d45_seo_weighted_rubric_v1,deterministic_expert_rubric=true; human_label=false; rank=5; page_type=content; raw_score=62.9; cap=45.0,0.528161,0.676389,0.75785,0.789474,45.0,critical_page_not_indexable|critical_query_title_fit_weak,low,canonical_consistency:1.000|text_sufficiency:1.000|secondary_commercial_details:1.000|commercial_trust:0.903,structured_support:0.000|title_query_fit:0.273|mobile_render_performance:0.314|page_structure:0.364
шкафы-купе отзывы,https://2gis.ru/ekaterinburg/firm/70000001088861605/tab/reviews,22.7,seo_weighted_rubric_v4,d45_seo_weighted_rubric_v1,deterministic_expert_rubric=true; human_label=false; rank=6; page_type=content; raw_score=22.7; cap=35.0,0.085493,0.399121,0.03095,0.736842,35.0,critical_http_status_not_ok|critical_intent_alignment_weak|critical_page_not_indexable|critical_query_title_fit_weak|critical_semantic_query_fit_weak|critical_title_missing|important_extremely_thin_content,blocked,commercial_trust:0.720|mobile_render_performance:0.519|technical_metadata:0.260,title_query_fit:0.000|secondary_commercial_details:0.000|structured_support:0.000|media_and_internal_navigation:0.005
шкафы-купе отзывы,https://mebel.ru/reviews/catalog/cabinets/shkafy-kupe/,65.7,seo_weighted_rubric_v4,d45_seo_weighted_rubric_v1,deterministic_expert_rubric=true; human_label=false; rank=7; page_type=product; raw_score=65.7; cap=100.0,0.674254,0.704625,0.702,0.684211,100.0,,medium,crawl_indexability:1.000|text_sufficiency:1.000|media_and_internal_navigation:1.000|heading_query_fit:0.893,structured_support:0.000|canonical_consistency:0.150|page_structure:0.396
шкафы-купе отзывы,https://nedorogo-kuhni.ru/otzyvy/shkafy-kupe,70.7,seo_weighted_rubric_v4,d45_seo_weighted_rubric_v1,deterministic_expert_rubric=true; human_label=false; rank=8; page_type=content; raw_score=70.7; cap=100.0,0.68288,0.699303,0.701367,0.631579,100.0,,medium,canonical_consistency:1.000|text_sufficiency:1.000|media_and_internal_navigation:1.000|crawl_indexability:0.930,structured_support:0.312|page_structure:0.393|title_query_fit:0.440
шкафы-купе отзывы,https://vyboroved.ru/reyting/luchshie-shkafy-kupe,60.6,seo_weighted_rubric_v4,d45_seo_weighted_rubric_v1,deterministic_expert_rubric=true; human_label=false; rank=9; page_type=content; raw_score=60.6; cap=78.0,0.552581,0.637318,0.614883,0.578947,78.0,critical_query_title_fit_weak,low,canonical_consistency:1.000|text_sufficiency:1.000|media_and_internal_navigation:1.000|crawl_indexability:0.930,structured_support:0.124|title_query_fit:0.284|page_structure:0.302|intent_alignment:0.352
шкафы-купе отзывы,https://dtf.ru/luchshii-rating/3297100-top-10-shkafov-kupe-reiting-luchshih,70.4,seo_weighted_rubric_v4,d45_seo_weighted_rubric_v1,deterministic_expert_rubric=true; human_label=false; rank=10; page_type=content; raw_score=70.4; cap=78.0,0.634462,0.75188,0.83085,0.526316,78.0,critical_query_title_fit_weak,medium,crawl_indexability:1.000|canonical_consistency:1.000|text_sufficiency:1.000|media_and_internal_navigation:1.000,title_query_fit:0.332
ремонт квартир Санкт-Петербург,https://remont.spb.ru/,73.4,seo_weighted_rubric_v4,d45_seo_weighted_rubric_v1,deterministic_expert_rubric=true; human_label=false; rank=1; page_type=homepage; raw_score=73.4; cap=100.0,0.631733,0.788526,0.8484,1.0,100.0,,medium,crawl_indexability:1.000|offer_and_conversion:1.000|text_sufficiency:1.000|media_and_internal_navigation:1.000,canonical_consistency:0.150|page_structure:0.380
ремонт квартир Санкт-Петербург,https://vc.ru/life/2792273-35-luchshih-kompaniy-po-remontu-kvartir-v-sankt-peterburge,74.3,seo_weighted_rubric_v4,d45_seo_weighted_rubric_v1,deterministic_expert_rubric=true; human_label=false; rank=2; page_type=content; raw_score=74.3; cap=78.0,0.712635,0.775138,0.91485,0.947368,78.0,critical_query_title_fit_weak,medium,crawl_indexability:1.000|canonical_consistency:1.000|text_sufficiency:1.000|media_and_internal_navigation:1.000,title_query_fit:0.342|page_structure:0.444
ремонт квартир Санкт-Петербург,https://remontvspb.ru/,79.7,seo_weighted_rubric_v4,d45_seo_weighted_rubric_v1,deterministic_expert_rubric=true; human_label=false; rank=3; page_type=homepage; raw_score=79.7; cap=100.0,0.747698,0.806328,0.837483,0.894737,100.0,,medium,crawl_indexability:1.000|canonical_consistency:1.000|commercial_trust:1.000|text_sufficiency:1.000,structured_support:0.187
ремонт квартир Санкт-Петербург,https://www.kp.ru/russia/sankt-peterburg/luchshie-kompanii-po-remontu-kvartir-v-sankt-peterburge/,76.3,seo_weighted_rubric_v4,d45_seo_weighted_rubric_v1,deterministic_expert_rubric=true; human_label=false; rank=4; page_type=content; raw_score=76.3; cap=78.0,0.75982,0.779784,0.892167,0.842105,78.0,critical_query_title_fit_weak,medium,crawl_indexability:1.000|canonical_consistency:1.000|text_sufficiency:1.000|media_and_internal_navigation:1.000,title_query_fit:0.316
ремонт квартир Санкт-Петербург,https://uslugi.yandex.ru/2-saint-petersburg/category/remont-i-stroitelstvo/remont-kvartir-i-domov--1816,75.8,seo_weighted_rubric_v4,d45_seo_weighted_rubric_v1,deterministic_expert_rubric=true; human_label=false; rank=5; page_type=category; raw_score=75.8; cap=100.0,0.674145,0.761928,0.89215,0.789474,100.0,,medium,crawl_indexability:1.000|canonical_consistency:1.000|text_sufficiency:1.000|secondary_commercial_details:1.000,heading_query_fit:0.000|title_query_fit:0.415
ремонт квартир Санкт-Петербург,https://profi.ru/geo-spb/remont/remont-kvartir/,71.1,seo_weighted_rubric_v4,d45_seo_weighted_rubric_v1,deterministic_expert_rubric=true; human_label=false; rank=6; page_type=content; raw_score=71.1; cap=100.0,0.714656,0.728913,0.82295,0.736842,100.0,,medium,crawl_indexability:1.000|canonical_consistency:1.000|offer_and_conversion:1.000|text_sufficiency:1.000,page_structure:0.372|title_query_fit:0.410
ремонт квартир Санкт-Петербург,https://restroymaster.ru/,81.2,seo_weighted_rubric_v4,d45_seo_weighted_rubric_v1,deterministic_expert_rubric=true; human_label=false; rank=7; page_type=homepage; raw_score=81.2; cap=100.0,0.79196,0.800793,0.868767,0.684211,100.0,,medium,crawl_indexability:1.000|canonical_consistency:1.000|text_sufficiency:1.000|media_and_internal_navigation:1.000,title_query_fit:0.494|structured_support:0.554|page_structure:0.567
ремонт квартир Санкт-Петербург,https://art-a.ru/,81.8,seo_weighted_rubric_v4,d45_seo_weighted_rubric_v1,deterministic_expert_rubric=true; human_label=false; rank=8; page_type=homepage; raw_score=81.8; cap=100.0,0.809491,0.809364,0.831283,0.631579,100.0,,medium,crawl_indexability:1.000|canonical_consistency:1.000|text_sufficiency:1.000|media_and_internal_navigation:1.000,structured_support:0.366
ремонт квартир Санкт-Петербург,https://remontsanktpeterburg.ru/,77.5,seo_weighted_rubric_v4,d45_seo_weighted_rubric_v1,deterministic_expert_rubric=true; human_label=false; rank=9; page_type=homepage; raw_score=77.5; cap=100.0,0.794027,0.766663,0.6439,0.578947,100.0,,medium,crawl_indexability:1.000|canonical_consistency:1.000|technical_metadata:0.976|offer_and_conversion:0.860,page_structure:0.441
ремонт квартир Санкт-Петербург,https://spb.remokey.ru/,69.6,seo_weighted_rubric_v4,d45_seo_weighted_rubric_v1,deterministic_expert_rubric=true; human_label=false; rank=10; page_type=homepage; raw_score=69.6; cap=100.0,0.708234,0.669489,0.6397,0.526316,100.0,,medium,crawl_indexability:1.000|canonical_consistency:1.000|media_and_internal_navigation:1.000|technical_metadata:0.878,secondary_commercial_details:0.240|heading_query_fit:0.380
ремонт квартир Екатеринбург,https://remonty-ekb.ru/,77.5,seo_weighted_rubric_v4,d45_seo_weighted_rubric_v1,deterministic_expert_rubric=true; human_label=false; rank=1; page_type=homepage; raw_score=77.5; cap=100.0,0.799085,0.704365,0.5945,1.0,100.0,,medium,crawl_indexability:1.000|canonical_consistency:1.000|media_and_internal_navigation:1.000|technical_metadata:0.969,structured_support:0.000|page_structure:0.322
ремонт квартир Екатеринбург,https://www.avito.ru/ekaterinburg/predlozheniya_uslug/remont_i_otdelka/remont_kvartir_i_domov_pod_klyuch-ASgBAgICAkSYC8CfAcQVwPUB,27.1,seo_weighted_rubric_v4,d45_seo_weighted_rubric_v1,deterministic_expert_rubric=true; human_label=false; rank=2; page_type=content; raw_score=27.1; cap=35.0,0.156126,0.46877,0.16785,0.947368,35.0,critical_http_status_not_ok|critical_intent_alignment_weak|critical_page_not_indexable|critical_query_title_fit_weak|critical_semantic_query_fit_weak|supporting_text_insufficient,blocked,mobile_render_performance:0.631|technical_metadata:0.600|offer_and_conversion:0.500,heading_query_fit:0.000|structured_support:0.000|media_and_internal_navigation:0.017|semantic_query_fit:0.050
ремонт квартир Екатеринбург,https://printsipremonta.ru/,75.5,seo_weighted_rubric_v4,d45_seo_weighted_rubric_v1,deterministic_expert_rubric=true; human_label=false; rank=3; page_type=homepage; raw_score=75.5; cap=100.0,0.701831,0.779369,0.758,0.894737,100.0,,medium,crawl_indexability:1.000|text_sufficiency:1.000|media_and_internal_navigation:1.000|commercial_trust:0.936,structured_support:0.000|canonical_consistency:0.150
ремонт квартир Екатеринбург,https://uslugi.yandex.ru/54-yekaterinburg/category/remont-i-stroitelstvo/remont-kvartir-i-domov--1816,74.7,seo_weighted_rubric_v4,d45_seo_weighted_rubric_v1,deterministic_expert_rubric=true; human_label=false; rank=4; page_type=category; raw_score=74.7; cap=100.0,0.662241,0.748613,0.85705,0.842105,100.0,,medium,crawl_indexability:1.000|canonical_consistency:1.000|secondary_commercial_details:1.000|commercial_trust:0.968,heading_query_fit:0.000|title_query_fit:0.379
ремонт квартир Екатеринбург,https://remontproekb.ru/,67.9,seo_weighted_rubric_v4,d45_seo_weighted_rubric_v1,deterministic_expert_rubric=true; human_label=false; rank=5; page_type=homepage; raw_score=67.9; cap=82.0,0.636098,0.725253,0.56955,0.789474,82.0,important_canonical_points_elsewhere,medium,crawl_indexability:0.930|media_and_internal_navigation:0.875|commercial_trust:0.873|offer_and_conversion:0.860,structured_support:0.000|canonical_consistency:0.250|heading_query_fit:0.409
ремонт квартир Екатеринбург,https://ekb.metrygroup.ru/,79.0,seo_weighted_rubric_v4,d45_seo_weighted_rubric_v1,deterministic_expert_rubric=true; human_label=false; rank=6; page_type=homepage; raw_score=79.0; cap=100.0,0.774738,0.77704,0.78575,0.736842,100.0,,medium,crawl_indexability:1.000|canonical_consistency:1.000|text_sufficiency:1.000|secondary_commercial_details:1.000,structured_support:0.000
ремонт квартир Екатеринбург,https://arca-sk.ru/,78.0,seo_weighted_rubric_v4,d45_seo_weighted_rubric_v1,deterministic_expert_rubric=true; human_label=false; rank=7; page_type=homepage; raw_score=78.0; cap=100.0,0.747507,0.798129,0.8,0.684211,100.0,,medium,crawl_indexability:1.000|canonical_consistency:1.000|text_sufficiency:1.000|media_and_internal_navigation:1.000,structured_support:0.000|mobile_render_performance:0.439
ремонт квартир Екатеринбург,https://ekaterinburg.proff-remont.ru/,81.3,seo_weighted_rubric_v4,d45_seo_weighted_rubric_v1,deterministic_expert_rubric=true; human_label=false; rank=8; page_type=homepage; raw_score=81.3; cap=100.0,0.79391,0.809221,0.873283,0.631579,100.0,,medium,crawl_indexability:1.000|canonical_consistency:1.000|text_sufficiency:1.000|media_and_internal_navigation:1.000,structured_support:0.366|title_query_fit:0.447
ремонт квартир Екатеринбург,https://www.kp.ru/russia/ekaterinburg/luchshie-kompanii-po-remontu-kvartir-v-ekaterinburge/,72.7,seo_weighted_rubric_v4,d45_seo_weighted_rubric_v1,deterministic_expert_rubric=true; human_label=false; rank=9; page_type=content; raw_score=72.7; cap=78.0,0.72932,0.758812,0.889767,0.578947,78.0,critical_query_title_fit_weak,medium,crawl_indexability:1.000|canonical_consistency:1.000|text_sufficiency:1.000|media_and_internal_navigation:0.988,title_query_fit:0.252
ремонт квартир Екатеринбург,https://www.remont-uralec.ru/,24.8,seo_weighted_rubric_v4,d45_seo_weighted_rubric_v1,deterministic_expert_rubric=true; human_label=false; rank=10; page_type=homepage; raw_score=24.8; cap=35.0,0.134674,0.431282,0.0343,0.526316,35.0,critical_http_status_not_ok|critical_intent_alignment_weak|critical_page_not_indexable|critical_query_title_fit_weak|critical_semantic_query_fit_weak|important_extremely_thin_content,blocked,mobile_render_performance:0.586|technical_metadata:0.520|offer_and_conversion:0.460,heading_query_fit:0.000|secondary_commercial_details:0.000|structured_support:0.000|media_and_internal_navigation:0.022
ремонт квартир Новосибирск,https://stroikaveka54.ru/,82.7,seo_weighted_rubric_v4,d45_seo_weighted_rubric_v1,deterministic_expert_rubric=true; human_label=false; rank=1; page_type=homepage; raw_score=82.7; cap=100.0,0.786747,0.783736,0.9454,1.0,100.0,,medium,crawl_indexability:1.000|canonical_consistency:1.000|text_sufficiency:1.000|media_and_internal_navigation:1.000,page_structure:0.454|title_query_fit:0.472|mobile_render_performance:0.553
ремонт квартир Новосибирск,https://nsk.proff-remont.ru/,81.7,seo_weighted_rubric_v4,d45_seo_weighted_rubric_v1,deterministic_expert_rubric=true; human_label=false; rank=5; page_type=homepage; raw_score=81.7; cap=100.0,0.787953,0.807069,0.873283,0.789474,100.0,,medium,crawl_indexability:1.000|canonical_consistency:1.000|text_sufficiency:1.000|media_and_internal_navigation:1.000,structured_support:0.366|title_query_fit:0.445
ремонт квартир Казань,https://rembrigada116.ru/,79.0,seo_weighted_rubric_v4,d45_seo_weighted_rubric_v1,deterministic_expert_rubric=true; human_label=false; rank=1; page_type=homepage; raw_score=79.0; cap=100.0,0.715775,0.794615,0.9306,1.0,100.0,,medium,crawl_indexability:1.000|canonical_consistency:1.000|text_sufficiency:1.000|media_and_internal_navigation:1.000,page_structure:0.342|title_query_fit:0.384
ремонт квартир Казань,https://uslugi.yandex.ru/43-kazan/category/remont-i-stroitelstvo/remont-kvartir-i-domov--1816,74.5,seo_weighted_rubric_v4,d45_seo_weighted_rubric_v1,deterministic_expert_rubric=true; human_label=false; rank=2; page_type=category; raw_score=74.5; cap=100.0,0.646607,0.751109,0.87145,0.947368,100.0,,medium,crawl_indexability:1.000|canonical_consistency:1.000|secondary_commercial_details:1.000|commercial_trust:0.968,heading_query_fit:0.000|title_query_fit:0.367
ремонт квартир Казань,https://kazan.proff-remont.ru/,80.5,seo_weighted_rubric_v4,d45_seo_weighted_rubric_v1,deterministic_expert_rubric=true; human_label=false; rank=3; page_type=homepage; raw_score=80.5; cap=100.0,0.760897,0.799678,0.873283,0.894737,100.0,,medium,crawl_indexability:1.000|canonical_consistency:1.000|text_sufficiency:1.000|media_and_internal_navigation:1.000,structured_support:0.366|title_query_fit:0.435
ремонт квартир Казань,https://remont116.ru/,74.2,seo_weighted_rubric_v4,d45_seo_weighted_rubric_v1,deterministic_expert_rubric=true; human_label=false; rank=4; page_type=homepage; raw_score=74.2; cap=100.0,0.722479,0.707912,0.7508,0.842105,100.0,,medium,canonical_consistency:1.000|text_sufficiency:1.000|media_and_internal_navigation:0.962|crawl_indexability:0.930,page_structure:0.360
ремонт квартир Казань,https://www.avito.ru/kazan/predlozheniya_uslug/remont_i_otdelka/remont_kvartir_i_domov_pod_klyuch-ASgBAgICAkSYC8CfAcQVwPUB,26.7,seo_weighted_rubric_v4,d45_seo_weighted_rubric_v1,deterministic_expert_rubric=true; human_label=false; rank=5; page_type=content; raw_score=26.7; cap=35.0,0.162781,0.469223,0.16785,0.789474,35.0,critical_http_status_not_ok|critical_intent_alignment_weak|critical_page_not_indexable|critical_query_title_fit_weak|critical_semantic_query_fit_weak|supporting_text_insufficient,blocked,mobile_render_performance:0.631|technical_metadata:0.600|offer_and_conversion:0.500,heading_query_fit:0.000|structured_support:0.000|media_and_internal_navigation:0.017|semantic_query_fit:0.071
ремонт квартир Казань,https://remont-kvartir-kazan.ru/,75.0,seo_weighted_rubric_v4,d45_seo_weighted_rubric_v1,deterministic_expert_rubric=true; human_label=false; rank=6; page_type=homepage; raw_score=75.0; cap=100.0,0.7344,0.71513,0.7931,0.736842,100.0,,medium,canonical_consistency:1.000|media_and_internal_navigation:0.962|crawl_indexability:0.930|offer_and_conversion:0.860,page_structure:0.412
ремонт квартир Казань,https://profi.ru/geo-kzn/remont/remont-kvartir/,14.3,seo_weighted_rubric_v4,d45_seo_weighted_rubric_v1,deterministic_expert_rubric=true; human_label=false; rank=7; page_type=content; raw_score=14.3; cap=35.0,0.080388,0.270869,0.03335,0.684211,35.0,critical_http_status_not_ok|critical_intent_alignment_weak|critical_page_not_indexable|critical_query_title_fit_weak|critical_semantic_query_fit_weak|critical_title_missing|important_commercial_trust_weak|important_extremely_thin_content,blocked,technical_metadata:0.629|mobile_render_performance:0.594|crawl_indexability:0.230,title_query_fit:0.000|heading_query_fit:0.000|commercial_trust:0.000|offer_and_conversion:0.000
ремонт квартир Казань,https://kazan-remonts.ru/,66.0,seo_weighted_rubric_v4,d45_seo_weighted_rubric_v1,deterministic_expert_rubric=true; human_label=false; rank=9; page_type=homepage; raw_score=66.0; cap=100.0,0.611636,0.733205,0.5937,0.578947,100.0,,medium,crawl_indexability:1.000|technical_metadata:0.965|offer_and_conversion:0.860|media_and_internal_navigation:0.856,structured_support:0.000|canonical_consistency:0.150|page_structure:0.317|title_query_fit:0.434
ремонт квартир Казань,https://bikservis.com/remont-kvartir/,69.9,seo_weighted_rubric_v4,d45_seo_weighted_rubric_v1,deterministic_expert_rubric=true; human_label=false; rank=10; page_type=content; raw_score=69.9; cap=100.0,0.706037,0.746357,0.806267,0.526316,100.0,,medium,crawl_indexability:1.000|canonical_consistency:1.000|media_and_internal_navigation:1.000|technical_metadata:0.961,page_structure:0.309|title_query_fit:0.400
ремонт квартир Краснодар,https://podklyuch23.ru/,78.0,seo_weighted_rubric_v4,d45_seo_weighted_rubric_v1,deterministic_expert_rubric=true; human_label=false; rank=1; page_type=homepage; raw_score=78.0; cap=100.0,0.727422,0.74916,0.9054,1.0,100.0,,medium,crawl_indexability:1.000|canonical_consistency:1.000|text_sufficiency:1.000|media_and_internal_navigation:1.000,page_structure:0.430|title_query_fit:0.450
ремонт квартир Краснодар,https://uslugi.yandex.ru/35-krasnodar/category?text=ремонт+квартир,81.9,seo_weighted_rubric_v4,d45_seo_weighted_rubric_v1,deterministic_expert_rubric=true; human_label=false; rank=2; page_type=category; raw_score=81.9; cap=100.0,0.741713,0.812807,0.90135,0.947368,100.0,,medium,crawl_indexability:1.000|canonical_consistency:1.000|offer_and_conversion:1.000|text_sufficiency:1.000,title_query_fit:0.421
ремонт квартир Краснодар,https://www.kp.ru/russia/krasnodar/luchshie-kompanii-po-remontu-kvartir-v-krasnodare/,72.0,seo_weighted_rubric_v4,d45_seo_weighted_rubric_v1,deterministic_expert_rubric=true; human_label=false; rank=3; page_type=content; raw_score=72.0; cap=78.0,0.692619,0.749169,0.892167,0.894737,78.0,critical_query_title_fit_weak,medium,crawl_indexability:1.000|canonical_consistency:1.000|text_sufficiency:1.000|media_and_internal_navigation:1.000,title_query_fit:0.246
ремонт квартир Краснодар,https://vc.ru/life/2874800-kompanii-po-remontu-kvartir-v-krasnodare,71.8,seo_weighted_rubric_v4,d45_seo_weighted_rubric_v1,deterministic_expert_rubric=true; human_label=false; rank=4; page_type=content; raw_score=71.8; cap=78.0,0.653945,0.815493,0.91485,0.842105,78.0,critical_query_title_fit_weak,medium,crawl_indexability:1.000|canonical_consistency:1.000|text_sufficiency:1.000|media_and_internal_navigation:1.000,title_query_fit:0.245
ремонт квартир Краснодар,https://timestroykrd.ru/,73.7,seo_weighted_rubric_v4,d45_seo_weighted_rubric_v1,deterministic_expert_rubric=true; human_label=false; rank=9; page_type=homepage; raw_score=73.7; cap=100.0,0.769651,0.73769,0.488133,0.578947,100.0,,medium,crawl_indexability:1.000|canonical_consistency:1.000|text_sufficiency:1.000|technical_metadata:0.940,structured_support:0.103|media_and_internal_navigation:0.387|secondary_commercial_details:0.400
ремонт квартир Самара,https://www.avito.ru/samara/predlozheniya_uslug/remont_i_otdelka-ASgBAgICAUSYC8CfAQ,27.2,seo_weighted_rubric_v4,d45_seo_weighted_rubric_v1,deterministic_expert_rubric=true; human_label=false; rank=1; page_type=content; raw_score=27.2; cap=35.0,0.152013,0.473252,0.16785,1.0,35.0,critical_http_status_not_ok|critical_intent_alignment_weak|critical_page_not_indexable|critical_query_title_fit_weak|critical_semantic_query_fit_weak|supporting_text_insufficient,blocked,mobile_render_performance:0.631|technical_metadata:0.620|offer_and_conversion:0.500,heading_query_fit:0.000|structured_support:0.000|media_and_internal_navigation:0.017|semantic_query_fit:0.054
ремонт квартир Самара,https://remontkvsamara.ru/,83.2,seo_weighted_rubric_v4,d45_seo_weighted_rubric_v1,deterministic_expert_rubric=true; human_label=false; rank=2; page_type=homepage; raw_score=83.2; cap=100.0,0.820791,0.788645,0.81985,0.947368,100.0,,medium,crawl_indexability:1.000|canonical_consistency:1.000|technical_metadata:0.949|secondary_commercial_details:0.880,page_structure:0.492|title_query_fit:0.494|media_and_internal_navigation:0.644
ремонт квартир Самара,https://samara.proff-remont.ru/,83.4,seo_weighted_rubric_v4,d45_seo_weighted_rubric_v1,deterministic_expert_rubric=true; human_label=false; rank=3; page_type=homepage; raw_score=83.4; cap=100.0,0.803472,0.815469,0.873283,0.894737,100.0,,medium,crawl_indexability:1.000|canonical_consistency:1.000|text_sufficiency:1.000|media_and_internal_navigation:1.000,structured_support:0.366
ремонт квартир Самара,https://uslugi.yandex.ru/51-samara/category?text=ремонт+квартир,82.3,seo_weighted_rubric_v4,d45_seo_weighted_rubric_v1,deterministic_expert_rubric=true; human_label=false; rank=4; page_type=category; raw_score=82.3; cap=100.0,0.790927,0.768652,0.84795,0.842105,100.0,,medium,crawl_indexability:1.000|canonical_consistency:1.000|secondary_commercial_details:1.000|commercial_trust:0.968,title_query_fit:0.457|mobile_render_performance:0.502|media_and_internal_navigation:0.569
ремонт квартир Самара,https://remont063.ru/,62.0,seo_weighted_rubric_v4,d45_seo_weighted_rubric_v1,deterministic_expert_rubric=true; human_label=false; rank=5; page_type=homepage; raw_score=62.0; cap=100.0,0.529058,0.684073,0.695,0.789474,100.0,,low,text_sufficiency:1.000|media_and_internal_navigation:1.000|crawl_indexability:0.930|commercial_trust:0.873,structured_support:0.000|canonical_consistency:0.150|heading_query_fit:0.200|page_structure:0.384
ремонт квартир Самара,https://masterrem63.ru/,75.8,seo_weighted_rubric_v4,d45_seo_weighted_rubric_v1,deterministic_expert_rubric=true; human_label=false; rank=6; page_type=homepage; raw_score=75.8; cap=100.0,0.782334,0.750561,0.5078,0.736842,100.0,,medium,crawl_indexability:1.000|canonical_consistency:1.000|text_sufficiency:1.000|technical_metadata:0.942,structured_support:0.000|secondary_commercial_details:0.220|title_query_fit:0.436
ремонт квартир Самара,https://proremont-safe.ru/,80.6,seo_weighted_rubric_v4,d45_seo_weighted_rubric_v1,deterministic_expert_rubric=true; human_label=false; rank=7; page_type=homepage; raw_score=80.6; cap=100.0,0.796215,0.784142,0.832683,0.684211,100.0,,medium,canonical_consistency:1.000|text_sufficiency:1.000|secondary_commercial_details:1.000|media_and_internal_navigation:0.976,structured_support:0.187
ремонт квартир Самара,https://remontoff-samara.ru/,80.6,seo_weighted_rubric_v4,d45_seo_weighted_rubric_v1,deterministic_expert_rubric=true; human_label=false; rank=8; page_type=homepage; raw_score=80.6; cap=100.0,0.825334,0.744291,0.820367,0.631579,100.0,,medium,crawl_indexability:1.000|canonical_consistency:1.000|text_sufficiency:1.000|media_and_internal_navigation:1.000,structured_support:0.312|page_structure:0.373
ремонт квартир Самара,https://remo63.ru/,78.4,seo_weighted_rubric_v4,d45_seo_weighted_rubric_v1,deterministic_expert_rubric=true; human_label=false; rank=9; page_type=homepage; raw_score=78.4; cap=100.0,0.79269,0.784507,0.69,0.578947,100.0,,medium,crawl_indexability:1.000|canonical_consistency:1.000|text_sufficiency:1.000|media_and_internal_navigation:0.940,structured_support:0.000
ремонт квартир Самара,https://um-samara.ru/,79.8,seo_weighted_rubric_v4,d45_seo_weighted_rubric_v1,deterministic_expert_rubric=true; human_label=false; rank=10; page_type=homepage; raw_score=79.8; cap=100.0,0.808329,0.775376,0.799367,0.526316,100.0,,medium,crawl_indexability:1.000|canonical_consistency:1.000|text_sufficiency:1.000|media_and_internal_navigation:1.000,structured_support:0.312|page_structure:0.442
ремонт квартир Нижний Новгород,https://nizhniy-novgorod.proff-remont.ru/,78.2,seo_weighted_rubric_v4,d45_seo_weighted_rubric_v1,deterministic_expert_rubric=true; human_label=false; rank=1; page_type=homepage; raw_score=78.2; cap=100.0,0.712111,0.793178,0.873283,1.0,100.0,,medium,crawl_indexability:1.000|canonical_consistency:1.000|text_sufficiency:1.000|media_and_internal_navigation:1.000,title_query_fit:0.352|structured_support:0.366
ремонт квартир Нижний Новгород,https://nn.korona-remont.ru/,72.7,seo_weighted_rubric_v4,d45_seo_weighted_rubric_v1,deterministic_expert_rubric=true; human_label=false; rank=2; page_type=homepage; raw_score=72.7; cap=78.0,0.676072,0.708732,0.8,0.947368,78.0,critical_query_title_fit_weak,medium,crawl_indexability:1.000|canonical_consistency:1.000|text_sufficiency:1.000|media_and_internal_navigation:1.000,structured_support:0.000|title_query_fit:0.319|page_structure:0.362
ремонт квартир Нижний Новгород,https://remo152.ru/,75.7,seo_weighted_rubric_v4,d45_seo_weighted_rubric_v1,deterministic_expert_rubric=true; human_label=false; rank=3; page_type=homepage; raw_score=75.7; cap=100.0,0.723299,0.768041,0.69,0.894737,100.0,,medium,crawl_indexability:1.000|canonical_consistency:1.000|text_sufficiency:1.000|media_and_internal_navigation:0.940,structured_support:0.000|title_query_fit:0.359
ремонт квартир Нижний Новгород,https://uslugi.yandex.ru/47-nizhny-novgorod/category/remont-i-stroitelstvo/remont-kvartir-i-domov--1816,72.6,seo_weighted_rubric_v4,d45_seo_weighted_rubric_v1,deterministic_expert_rubric=true; human_label=false; rank=4; page_type=category; raw_score=72.6; cap=78.0,0.623974,0.745172,0.87145,0.842105,78.0,critical_query_title_fit_weak,medium,crawl_indexability:1.000|canonical_consistency:1.000|secondary_commercial_details:1.000|commercial_trust:0.968,heading_query_fit:0.000|title_query_fit:0.308
ремонт квартир Нижний Новгород,https://www.avito.ru/nizhniy_novgorod/predlozheniya_uslug?q=ремонт+квартир,25.8,seo_weighted_rubric_v4,d45_seo_weighted_rubric_v1,deterministic_expert_rubric=true; human_label=false; rank=5; page_type=content; raw_score=25.8; cap=35.0,0.145056,0.473487,0.16785,0.789474,35.0,critical_http_status_not_ok|critical_intent_alignment_weak|critical_page_not_indexable|critical_query_title_fit_weak|critical_semantic_query_fit_weak|supporting_text_insufficient,blocked,mobile_render_performance:0.631|technical_metadata:0.620|offer_and_conversion:0.500,heading_query_fit:0.000|structured_support:0.000|media_and_internal_navigation:0.017|semantic_query_fit:0.064
ремонт квартир Нижний Новгород,https://comfort52.ru/,68.9,seo_weighted_rubric_v4,d45_seo_weighted_rubric_v1,deterministic_expert_rubric=true; human_label=false; rank=6; page_type=homepage; raw_score=68.9; cap=100.0,0.6723,0.67127,0.66365,0.736842,100.0,,medium,canonical_consistency:1.000|text_sufficiency:1.000|crawl_indexability:0.930|offer_and_conversion:0.860,structured_support:0.000|title_query_fit:0.381|page_structure:0.389|heading_query_fit:0.442
ремонт квартир Нижний Новгород,https://max-dar.ru/,69.1,seo_weighted_rubric_v4,d45_seo_weighted_rubric_v1,deterministic_expert_rubric=true; human_label=false; rank=7; page_type=homepage; raw_score=69.1; cap=78.0,0.689828,0.699055,0.527,0.684211,78.0,critical_query_title_fit_weak,medium,canonical_consistency:1.000|text_sufficiency:1.000|media_and_internal_navigation:1.000|crawl_indexability:0.930,structured_support:0.000|secondary_commercial_details:0.220|title_query_fit:0.312
ремонт квартир Нижний Новгород,https://remontstroynn.ru/,75.3,seo_weighted_rubric_v4,d45_seo_weighted_rubric_v1,deterministic_expert_rubric=true; human_label=false; rank=8; page_type=homepage; raw_score=75.3; cap=100.0,0.672035,0.821575,0.903,0.631579,100.0,,medium,crawl_indexability:1.000|canonical_consistency:1.000|commercial_trust:1.000|text_sufficiency:1.000,title_query_fit:0.368
ремонт квартир Нижний Новгород,https://profi.ru/geo-nnov/remont/remont-kvartir/,67.4,seo_weighted_rubric_v4,d45_seo_weighted_rubric_v1,deterministic_expert_rubric=true; human_label=false; rank=9; page_type=content; raw_score=67.4; cap=78.0,0.65543,0.72529,0.86495,0.578947,78.0,critical_query_title_fit_weak,medium,crawl_indexability:1.000|canonical_consistency:1.000|offer_and_conversion:1.000|text_sufficiency:1.000,title_query_fit:0.305|page_structure:0.309
ремонт квартир Нижний Новгород,https://tpk-nn.com/services/remont/remont-kvartir/,71.5,seo_weighted_rubric_v4,d45_seo_weighted_rubric_v1,deterministic_expert_rubric=true; human_label=false; rank=10; page_type=category; raw_score=71.5; cap=100.0,0.711717,0.711608,0.539683,0.526316,100.0,,medium,crawl_indexability:1.000|heading_query_fit:0.916|technical_metadata:0.886|text_sufficiency:0.850,canonical_consistency:0.150|structured_support:0.187|page_structure:0.355|secondary_commercial_details:0.420
ремонт квартир цена Москва,https://titanremont.ru/price,76.7,seo_weighted_rubric_v4,d45_seo_weighted_rubric_v1,deterministic_expert_rubric=true; human_label=false; rank=1; page_type=content; raw_score=76.7; cap=100.0,0.769735,0.793119,0.758,1.0,100.0,,medium,crawl_indexability:1.000|canonical_consistency:1.000|text_sufficiency:1.000|media_and_internal_navigation:1.000,structured_support:0.000|title_query_fit:0.357
ремонт квартир цена Москва,https://www.remontprofi.ru/remont-kvartir-pod-klyuch/,69.0,seo_weighted_rubric_v4,d45_seo_weighted_rubric_v1,deterministic_expert_rubric=true; human_label=false; rank=2; page_type=content; raw_score=69.0; cap=100.0,0.616115,0.815639,0.795483,0.947368,100.0,,medium,crawl_indexability:1.000|offer_and_conversion:1.000|text_sufficiency:1.000|media_and_internal_navigation:1.000,canonical_consistency:0.150|structured_support:0.187|title_query_fit:0.373
ремонт квартир цена Москва,https://remont-f.ru/remont-kvartir-pod-kluch/price.php,76.5,seo_weighted_rubric_v4,d45_seo_weighted_rubric_v1,deterministic_expert_rubric=true; human_label=false; rank=3; page_type=content; raw_score=76.5; cap=100.0,0.768797,0.805056,0.7556,0.894737,100.0,,medium,crawl_indexability:1.000|canonical_consistency:1.000|text_sufficiency:1.000|media_and_internal_navigation:0.988,structured_support:0.000|title_query_fit:0.360
ремонт квартир цена Москва,https://r-total.ru/prays-list/,77.2,seo_weighted_rubric_v4,d45_seo_weighted_rubric_v1,deterministic_expert_rubric=true; human_label=false; rank=4; page_type=content; raw_score=77.2; cap=100.0,0.837604,0.748993,0.6495,0.842105,100.0,,medium,crawl_indexability:1.000|canonical_consistency:1.000|text_sufficiency:1.000|semantic_query_fit:0.914,structured_support:0.000
ремонт квартир цена Москва,https://studia-remontov.ru/,18.7,seo_weighted_rubric_v4,d45_seo_weighted_rubric_v1,deterministic_expert_rubric=true; human_label=false; rank=10; page_type=homepage; raw_score=18.7; cap=45.0,0.109183,0.262433,0.07295,0.526316,45.0,critical_intent_alignment_weak|critical_page_not_indexable|critical_query_title_fit_weak|critical_semantic_query_fit_weak|critical_title_missing|important_commercial_trust_weak|important_extremely_thin_content,blocked,mobile_render_performance:0.572|technical_metadata:0.520|crawl_indexability:0.430,title_query_fit:0.000|heading_query_fit:0.000|offer_and_conversion:0.000|structured_support:0.000
ремонт квартир цена Санкт-Петербург,https://remont.spb.ru/,72.0,seo_weighted_rubric_v4,d45_seo_weighted_rubric_v1,deterministic_expert_rubric=true; human_label=false; rank=1; page_type=homepage; raw_score=72.0; cap=100.0,0.608419,0.786251,0.8484,1.0,100.0,,medium,crawl_indexability:1.000|offer_and_conversion:1.000|text_sufficiency:1.000|media_and_internal_navigation:1.000,canonical_consistency:0.150|page_structure:0.366|title_query_fit:0.410
ремонт квартир цена Санкт-Петербург,https://www.prorabneva.ru/price,70.4,seo_weighted_rubric_v4,d45_seo_weighted_rubric_v1,deterministic_expert_rubric=true; human_label=false; rank=5; page_type=content; raw_score=70.4; cap=100.0,0.66079,0.791944,0.837483,0.789474,100.0,,medium,crawl_indexability:1.000|text_sufficiency:1.000|media_and_internal_navigation:1.000|secondary_commercial_details:1.000,canonical_consistency:0.150|structured_support:0.187|title_query_fit:0.377
ремонт квартир цена Санкт-Петербург,https://spb.proff-remont.ru/ceny/,78.4,seo_weighted_rubric_v4,d45_seo_weighted_rubric_v1,deterministic_expert_rubric=true; human_label=false; rank=9; page_type=content; raw_score=78.4; cap=100.0,0.802009,0.802544,0.934167,0.578947,100.0,,medium,crawl_indexability:1.000|canonical_consistency:1.000|text_sufficiency:1.000|media_and_internal_navigation:1.000,title_query_fit:0.454|mobile_render_performance:0.583|page_structure:0.611
